raw_tile	pick	lat	lon	z	x	y	px	py	rgba	raw_class	share	homogeneous	pure	footprint
00N_060W	2:uniform	-6.284074198612741	-50.331974029541016	12	1475	2119	85	164	36,110,36,255	2	1.0	1	1	2:4
00N_060W	2:uniform	-0.8440284624806045	-53.25193405151367	12	1442	2057	28	154	36,110,36,255	2	1.0	1	1	2:4
00N_060W	2:uniform	-8.500046736740433	-54.03608322143555	12	1433	2145	48	17	36,110,36,255	2	1.0	1	1	2:6
00N_060W	2:uniform	-4.076090037672326	-57.212162017822266	12	1397	2094	13	106	36,110,36,255	2	1.0	1	1	2:9
00N_060W	2:uniform	-4.107937657972298	-56.58010482788086	12	1404	2094	62	199	36,110,36,255	2	1.0	1	1	2:6
00N_060W	3:uniform	-9.29205522117265	-54.819889068603516	12	1424	2154	69	48	185,185,30,255	3	1.0	1	1	3:6
00N_060W	3:uniform	-8.907967145442258	-54.75603103637695	12	1424	2149	255	195	185,185,30,255	3	1.0	1	1	3:4
00N_060W	3:uniform	-9.32390263624484	-54.72410202026367	12	1425	2154	92	142	185,185,30,255	3	1.0	1	1	3:9
00N_060W	3:uniform	-8.947988393321895	-54.83602523803711	12	1424	2150	22	57	185,185,30,255	3	1.0	1	1	3:4
00N_060W	3:uniform	-9.299847941825382	-54.787960052490234	12	1424	2154	162	71	185,185,30,255	3	1.0	1	1	3:6
00N_060W	4:uniform	-2.339952137686668	-52.076053619384766	12	1455	2074	125	161	185,185,30,255	4	1.0	1	1	4:4
00N_060W	4:uniform	-2.211993798524625	-55.284061431884766	12	1418	2073	253	44	185,185,30,255	4	1.0	1	1	4:4
00N_060W	4:uniform	-2.524150310499036	-55.068111419677734	12	1421	2076	114	186	185,185,30,255	4	1.0	1	1	4:9
00N_060W	4:uniform	-2.228117856385151	-52.1879768371582	12	1454	2073	55	91	185,185,30,255	4	1.0	1	1	4:6
00N_060W	4:uniform	-3.171882485074696	-58.40383529663086	12	1383	2084	126	27	185,185,30,255	4	1.0	1	1	4:9
00N_060W	6:uniform	-8.99614371942854	-51.89992904663086	12	1457	2150	126	199	185,185,30,255	6	1.0	1	1	6:6
00N_060W	6:uniform	-7.651959682266	-51.69187545776367	12	1459	2135	220	82	185,185,30,255	6	1.0	1	1	6:6
00N_060W	6:uniform	-7.731914560073176	-51.611881256103516	12	1460	2136	197	61	185,185,30,255	6	1.0	1	1	6:9
00N_060W	6:uniform	-7.644133503261268	-51.69187545776367	12	1459	2135	220	59	185,185,30,255	6	1.0	1	1	6:9
00N_060W	6:uniform	-8.780073378283356	-51.95589065551758	12	1456	2148	219	74	185,185,30,255	3	1.0	0	1	3:6
00N_060W	8:uniform	-0.8121027812920564	-51.73994064331055	12	1459	2057	80	61	36,110,36,255	8	1.0	1	1	8:6
00N_060W	8:uniform	-0.5800338849821696	-51.84396743774414	12	1458	2054	33	153	36,110,36,255	8	1.0	1	1	8:4
00N_060W	8:uniform	-1.4999774042745144	-52.37199783325195	12	1452	2065	31	17	36,110,36,255	8	1.0	1	1	8:4
00N_060W	8:uniform	-3.2599774737611478	-59.74794387817383	12	1368	2085	51	28	36,110,36,255	8	1.0	1	1	8:4
00N_060W	8:uniform	-4.003828946142323	-59.01185989379883	12	1376	2093	147	151	36,110,36,255	8	0.778	0	0	8:7 15:2
00N_060W	9:uniform	-1.1560609243378908	-50.80404281616211	12	1469	2061	246	39	36,110,36,255	9	1.0	1	1	9:4
00N_060W	9:uniform	-1.1001101640598585	-51.81203842163086	12	1458	2060	126	132	36,110,36,255	9	1.0	1	1	9:6
00N_060W	9:uniform	-0.7321158494342248	-50.76387405395508	12	1470	2056	107	84	36,110,36,255	9	1.0	1	1	9:9
00N_060W	9:uniform	-0.2998910562421774	-50.603885650634766	12	1472	2051	61	105	36,110,36,255	9	1.0	1	1	9:9
00N_060W	9:uniform	-0.5638985196135007	-50.2760124206543	12	1475	2054	248	106	36,110,36,255	9	1.0	1	1	9:6
00N_060W	10:uniform	-1.7480998533246517	-52.771968841552734	12	1447	2067	146	228	185,185,30,255	10	1.0	1	1	10:6
00N_060W	10:uniform	-3.4200368045653295	-58.01210403442383	12	1387	2086	243	239	185,185,30,255	10	1.0	1	1	10:6
00N_060W	10:uniform	-1.659904932637858	-52.37199783325195	12	1452	2066	31	227	185,185,30,255	10	1.0	1	1	10:6
00N_060W	10:uniform	-2.028098841757073	-53.80399703979492	12	1435	2071	212	20	185,185,30,255	10	0.833	0	0	4:1 10:5
00N_060W	10:uniform	-1.659904932637858	-53.0280876159668	12	1444	2066	168	227	185,185,30,255	10	1.0	1	1	10:9
00N_060W	11:uniform	-1.7319711245454341	-52.42006301879883	12	1451	2067	147	181	185,185,30,255	11	1.0	1	1	11:4
00N_060W	11:uniform	-1.8520752975250343	-52.51585006713867	12	1450	2069	124	19	185,185,30,255	11	1.0	1	1	11:6
00N_060W	11:uniform	-1.8119270679723611	-52.85196304321289	12	1446	2068	169	158	185,185,30,255	11	1.0	1	1	11:4
00N_060W	11:uniform	-1.700056428065153	-52.412166595458984	12	1451	2067	170	88	185,185,30,255	11	1.0	1	1	11:6
00N_060W	11:uniform	-1.4838467048913215	-52.6439094543457	12	1449	2064	7	226	185,185,30,255	11	1.0	0	1	11:9
00N_060W	12:uniform	-9.88413574596744	-55.29195785522461	12	1418	2161	230	5	211,211,211,255	12	1.0	1	1	12:6
00N_060W	12:uniform	-2.659966985607515	-54.90812301635742	12	1423	2078	68	70	211,211,211,255	12	1.0	0	1	12:6
00N_060W	12:uniform	-9.579930674210589	-50.52389144897461	12	1473	2157	38	130	211,211,211,255	12	1.0	1	1	12:6
00N_060W	12:uniform	-2.611952659126716	-54.66814041137695	12	1425	2077	255	186	211,211,211,255	12	1.0	1	1	12:6
00N_060W	12:uniform	-2.8760078371527613	-54.603939056396484	12	1426	2080	186	188	211,211,211,255	12	1.0	1	1	12:4
00N_060W	13:uniform	-3.0518967323503055	-59.9879264831543	12	1365	2082	120	189	211,211,211,255	13	1.0	1	1	13:6
00N_060W	13:uniform	-2.4438882819184613	-54.70796585083008	12	1425	2075	139	208	211,211,211,255	13	1.0	1	1	13:6
00N_060W	13:uniform	-3.0680098951773274	-59.93196487426758	12	1366	2082	27	236	211,211,211,255	13	1.0	1	1	13:4
00N_060W	13:uniform	-3.18799380876571	-52.219905853271484	12	1453	2084	218	74	211,211,211,255	13	1.0	1	1	13:6
00N_060W	13:uniform	-3.036126168818515	-59.93986129760742	12	1366	2082	4	143	211,211,211,255	13	1.0	1	1	13:9
00N_060W	14:uniform	-0.7238767684539053	-52.619876861572266	12	1449	2056	77	60	211,211,211,255	14	1.0	1	1	14:9
00N_060W	14:uniform	-0.8199984037188329	-52.684078216552734	12	1448	2057	146	84	211,211,211,255	14	1.0	0	1	14:4
00N_060W	14:uniform	-0.7400116211693836	-52.859859466552734	12	1446	2056	146	107	211,211,211,255	14	1.0	1	1	14:6
00N_060W	14:uniform	-0.7159809684655211	-52.619876861572266	12	1449	2056	77	37	211,211,211,255	14	1.0	1	1	14:6
00N_060W	14:uniform	-8.540111729600762	-50.65195083618164	12	1471	2145	177	135	211,211,211,255	14	1.0	0	1	14:6
00N_060W	15:uniform	-8.860139400944869	-50.93210220336914	12	1468	2149	129	54	36,110,36,255	2	1.0	0	1	2:9
00N_060W	15:uniform	-1.2758535616794229	-53.7480354309082	12	1436	2062	119	132	185,185,30,255	3	1.0	0	1	3:6
00N_060W	15:uniform	-9.636122808990333	-50.668087005615234	12	1471	2158	130	40	211,211,211,255	15	1.0	1	1	15:9
00N_060W	15:uniform	-9.932160435436709	-56.020145416259766	12	1410	2161	157	147	211,211,211,255	15	1.0	1	1	15:9
00N_060W	15:uniform	-6.7561582168445105	-55.12407302856445	12	1420	2125	207	12	211,211,211,255	15	1.0	1	1	15:6
00N_060W	18:any	-0.8121027812920564	-51.93185806274414	12	1457	2057	33	61	185,185,30,255	10	0.667	0	0	10:6 14:3
00N_060W	18:any	-0.7479073788503526	-52.51585006713867	12	1450	2056	124	130	211,211,211,255	14	0.667	0	0	9:3 14:6
00N_060W	18:any	-1.9158988075430485	-53.052120208740234	12	1444	2069	98	205	185,185,30,255	11	1.0	1	1	11:9
00N_060W	18:any	-1.9800630572327846	-53.171939849853516	12	1443	2070	5	136	36,110,36,255	9	1.0	0	1	9:4
00N_060W	20:any	-6.708083482487426	-50.212154388427734	12	1476	2124	178	127	36,110,36,255	9	0.556	0	0	2:1 9:5 15:2 20:1
00N_060W	20:any	-8.708134921186923	-51.87589645385742	12	1457	2147	196	118	36,110,36,255	9	1.0	1	1	9:9
00N_060W	20:any	-2.3159393791364047	-50.38003921508789	12	1474	2074	201	91	36,110,36,255	2	1.0	1	1	2:4
00N_060W	20:any	-1.2521700563210032	-53.06001663208008	12	1444	2062	75	63	211,211,211,255	15	1.0	0	1	15:6
00N_060W	20:any	-6.9238707117011105	-59.32394027709961	12	1373	2126	6	248	211,211,211,255	15	1.0	1	1	15:6
00N_060W	20:any	-3.2520937976798074	-51.676082611083984	12	1460	2085	10	5	211,211,211,255	20	0.556	0	0	11:4 20:5
00N_060W	20:any	-6.0519663644622606	-58.10789108276367	12	1386	2116	220	252	36,110,36,255	2	1.0	1	1	2:6
00N_060W	20:any	-1.700056428065153	-52.2041130065918	12	1454	2067	8	88	185,185,30,255	11	1.0	1	1	11:6
00N_060W	20:any	-3.8120153265448815	-58.28401565551758	12	1384	2091	219	103	36,110,36,255	2	1.0	0	1	2:4
00N_060W	20:any	-9.89191486980719	-55.35615921020508	12	1418	2161	43	28	211,211,211,255	15	0.889	0	0	8:1 15:8
00N_060W	20:any	-1.9001147168950383	-54.884090423583984	12	1423	2069	138	159	211,211,211,255	15	0.667	0	0	8:3 15:6
00N_060W	20:any	-3.707869874365339	-52.48392105102539	12	1450	2090	217	55	185,185,30,255	4	1.0	1	1	4:9
00N_060W	20:any	-2.0678988414985318	-56.467838287353516	12	1405	2071	133	136	36,110,36,255	8	1.0	1	1	8:9
00N_060W	20:any	-9.02801766664444	-59.01185989379883	12	1376	2151	147	37	36,110,36,255	2	0.667	0	0	2:4 8:2
00N_060W	20:any	-9.779945452852411	-53.779964447021484	12	1436	2159	26	209	36,110,36,255	2	1.0	0	1	2:4
00N_060W	21:any	-9.139893198410874	-54.89988327026367	12	1423	2152	92	111	211,211,211,255	12	1.0	0	1	12:9
00N_060W	21:any	-1.972171330001021	-54.07590866088867	12	1432	2070	188	113	211,211,211,255	13	1.0	1	1	13:9
00N_060W	21:any	-9.803966254630907	-50.203914642333984	12	1476	2160	202	24	36,110,36,255	2	1.0	0	1	2:6
00N_060W	21:any	-9.123961546558915	-54.7639274597168	12	1424	2152	232	64	185,185,30,255	3	1.0	1	1	3:4
00N_060W	21:any	-9.99606968241044	-50.01199722290039	12	1478	2162	249	80	211,211,211,255	15	1.0	1	1	15:4
00N_060W	21:any	-1.9639364442900569	-54.06801223754883	12	1432	2070	211	89	211,211,211,255	15	1.0	0	1	15:4
00N_060W	21:any	-9.939938419973961	-50.2760124206543	12	1475	2161	248	170	185,185,30,255	4	1.0	1	1	4:4
00N_060W	21:any	-9.700089208626052	-50.01199722290039	12	1478	2158	249	229	36,110,36,255	2	0.667	0	0	2:4 3:2
00N_060W	21:any	-1.228143093115263	-52.93985366821289	12	1445	2061	169	249	36,110,36,255	2	1.0	1	1	2:9
00N_060W	21:any	-2.1879789197375965	-51.93185806274414	12	1457	2072	33	230	36,110,36,255	2	1.0	1	1	2:6
00N_060W	21:any	-1.9958463988088573	-54.09994125366211	12	1432	2070	118	182	185,185,30,255	3	1.0	0	1	3:6
00N_060W	21:any	-2.1560728437653673	-51.91606521606445	12	1457	2072	79	137	211,211,211,255	15	1.0	0	1	15:4
00N_060W	21:any	-1.956044640730813	-54.06801223754883	12	1432	2070	211	66	211,211,211,255	21	1.0	1	1	21:4
00N_060W	21:any	-1.7319711245454341	-54.004154205322266	12	1433	2067	141	181	211,211,211,255	13	1.0	0	1	13:6
00N_060W	21:any	-2.139948012662819	-51.93185806274414	12	1457	2072	33	90	36,110,36,255	2	1.0	1	1	2:6
20S_050W	0:uniform	-22.747847172099284	-41.075992584228516	12	1580	2313	165	230	0,0,0,0	0	1.0	1	1	0:6
20S_050W	0:uniform	-25.66798671732348	-40.64409255981445	12	1585	2350	143	85	0,0,0,0	0	1.0	1	1	0:6
20S_050W	0:uniform	-25.547862296236268	-42.62815475463867	12	1562	2348	252	209	0,0,0,0	0	1.0	1	1	0:9
20S_050W	0:uniform	-27.036039903059418	-44.979915618896484	12	1536	2367	58	180	0,0,0,0	0	1.0	1	1	0:6
20S_050W	0:uniform	-24.628137070206726	-45.46812057495117	12	1530	2337	172	67	0,0,0,0	0	1.0	1	1	0:9
20S_050W	2:uniform	-25.083888720784596	-48.34001541137695	12	1497	2342	255	250	36,110,36,255	2	1.0	1	1	2:6
20S_050W	2:uniform	-24.723912315308848	-48.47597122192383	12	1496	2338	115	118	36,110,36,255	2	1.0	1	1	2:4
20S_050W	2:uniform	-23.29985153467377	-44.81203079223633	12	1538	2320	35	185	36,110,36,255	2	1.0	1	1	2:6
20S_050W	2:uniform	-25.02790613487122	-48.23598861694336	12	1499	2342	46	70	36,110,36,255	2	1.0	1	1	2:4
20S_050W	2:uniform	-22.435941598242113	-42.4760627746582	12	1564	2310	183	14	36,110,36,255	2	1.0	1	1	2:4
20S_050W	3:uniform	-21.47591370098513	-44.611873626708984	12	1540	2298	106	71	185,185,30,255	3	1.0	0	1	3:6
20S_050W	3:uniform	-20.428138878355092	-43.80403518676758	12	1549	2285	155	131	211,211,211,255	12	0.5	0	0	2:3 12:3
20S_050W	3:uniform	-28.179921685700577	-49.747982025146484	12	1481	2382	250	100	185,185,30,255	3	1.0	0	1	3:4
20S_050W	3:uniform	-20.131862343523668	-46.820125579833984	12	1515	2281	74	235	185,185,30,255	3	0.778	0	0	3:7 10:2
20S_050W	3:uniform	-28.28397513292428	-49.9079704284668	12	1480	2383	40	188	36,110,36,255	2	1.0	0	1	2:4
20S_050W	4:uniform	-20.739900474821642	-45.74003219604492	12	1527	2289	148	77	185,185,30,255	4	1.0	1	1	4:6
20S_050W	4:uniform	-22.6040273178867	-48.2438850402832	12	1499	2312	23	32	211,211,211,255	12	1.0	0	1	12:6
20S_050W	4:uniform	-23.244027505791742	-49.052066802978516	12	1489	2320	229	8	185,185,30,255	4	1.0	1	1	4:4
20S_050W	4:uniform	-21.380036282236098	-49.604129791259766	12	1483	2297	157	27	185,185,30,255	4	1.0	1	1	4:6
20S_050W	4:uniform	-22.564085851267972	-48.403873443603516	12	1497	2311	69	162	185,185,30,255	4	1.0	1	1	4:6
20S_050W	5:uniform	-22.73201537697897	-43.01198959350586	12	1558	2313	158	180	36,110,36,255	5	1.0	1	1	5:4
20S_050W	5:uniform	-22.724098791975123	-43.01198959350586	12	1558	2313	158	155	36,110,36,255	5	1.0	1	1	5:6
20S_050W	5:uniform	-20.252051363125677	-40.307979583740234	12	1589	2283	98	96	36,110,36,255	5	1.0	1	1	5:4
20S_050W	5:uniform	-22.73201537697897	-43.004093170166016	12	1558	2313	181	180	36,110,36,255	5	1.0	1	1	5:6
20S_050W	5:uniform	-22.739931503728553	-43.004093170166016	12	1558	2313	181	205	36,110,36,255	5	1.0	1	1	5:6
20S_050W	6:uniform	-22.380079307498725	-44.6839714050293	12	1539	2309	152	94	185,185,30,255	6	1.0	1	1	6:4
20S_050W	6:uniform	-20.53202297801126	-46.43594741821289	12	1519	2286	169	198	185,185,30,255	6	1.0	1	1	6:4
20S_050W	6:uniform	-20.612058901412254	-46.36384963989258	12	1520	2287	123	191	185,185,30,255	6	1.0	1	1	6:6
20S_050W	6:uniform	-22.38801566009795	-44.6678352355957	12	1539	2309	199	119	185,185,30,255	6	1.0	1	1	6:6
20S_050W	6:uniform	-20.108006863471473	-43.44388961791992	12	1553	2281	180	161	185,185,30,255	6	1.0	1	1	6:6
20S_050W	9:uniform	-25.620013349127298	-48.4361457824707	12	1496	2349	231	186	36,110,36,255	2	1.0	1	1	2:6
20S_050W	9:uniform	-25.379857975562498	-48.27615737915039	12	1498	2346	185	179	36,110,36,255	9	1.0	1	1	9:9
20S_050W	9:uniform	-25.379857975562498	-48.26791763305664	12	1498	2346	209	179	36,110,36,255	9	1.0	1	1	9:9
20S_050W	9:uniform	-25.387922576352775	-48.26791763305664	12	1498	2346	209	205	36,110,36,255	9	1.0	1	1	9:6
20S_050W	9:uniform	-25.347904457934845	-48.70805740356445	12	1493	2346	207	76	36,110,36,255	9	1.0	1	1	9:6
20S_050W	10:any	-23.64405244581812	-48.09213638305664	12	1500	2324	209	254	185,185,30,255	10	0.833	0	0	2:1 10:5
20S_050W	10:any	-25.467919017210352	-49.747982025146484	12	1481	2347	250	207	211,211,211,255	12	0.5	0	0	12:2 14:2
20S_050W	10:any	-20.29198639820476	-48.14809799194336	12	1500	2283	46	220	185,185,30,255	10	0.667	0	0	4:2 10:4
20S_050W	10:any	-22.724098791975123	-43.188114166259766	12	1556	2313	157	155	0,0,0,0	0	1.0	1	1	0:9
20S_050W	10:any	-21.22010102564253	-41.23598098754883	12	1578	2295	211	39	211,211,211,255	15	0.667	0	0	10:2 15:4
20S_050W	11:any	-20.195996174288677	-47.860050201416016	12	1503	2282	117	178	211,211,211,255	12	0.75	0	0	10:1 12:3
20S_050W	11:any	-23.052092636296763	-43.56405258178711	12	1552	2317	86	168	185,185,30,255	4	0.833	0	0	4:5 11:1
20S_050W	11:any	-20.099946757610084	-47.85215377807617	12	1503	2281	140	136	36,110,36,255	2	0.5	0	0	2:3 12:3
20S_050W	11:any	-24.76413466979443	-47.588138580322266	12	1506	2338	141	247	211,211,211,255	3	0.667	0	0	3:6 12:3
20S_050W	11:any	-20.956149585336252	-48.05196762084961	12	1501	2291	70	239	211,211,211,255	12	1.0	1	1	12:6
20S_050W	12:uniform	-21.524148150643413	-49.93989944458008	12	1479	2298	203	222	211,211,211,255	12	1.0	1	1	12:9
20S_050W	12:uniform	-20.612058901412254	-48.07600021362305	12	1501	2287	0	191	211,211,211,255	12	1.0	1	1	12:4
20S_050W	12:uniform	-22.00401581584168	-47.69216537475586	12	1505	2304	94	191	185,185,30,255	12	0.667	0	0	4:2 12:4
20S_050W	12:uniform	-23.052092636296763	-49.55606460571289	12	1484	2317	41	168	211,211,211,255	12	1.0	1	1	12:6
20S_050W	12:uniform	-20.364101013490366	-48.500003814697266	12	1496	2284	45	188	211,211,211,255	12	1.0	1	1	12:6
20S_050W	13:uniform	-23.604104548000265	-46.755924224853516	12	1516	2324	5	127	211,211,211,255	13	1.0	1	1	13:6
20S_050W	13:uniform	-22.87601703324382	-43.43599319458008	12	1553	2315	203	123	211,211,211,255	13	1.0	1	1	13:4
20S_050W	13:uniform	-23.523857454197817	-46.820125579833984	12	1515	2323	74	128	211,211,211,255	13	1.0	1	1	13:9
20S_050W	13:uniform	-23.660091085331064	-46.66013717651367	12	1517	2325	28	49	211,211,211,255	13	1.0	1	1	13:6
20S_050W	13:uniform	-23.196069572579137	-46.88398361206055	12	1514	2319	144	112	211,211,211,255	13	1.0	1	1	13:4
20S_050W	14:uniform	-24.212056239634155	-49.29994583129883	12	1487	2332	19	16	211,211,211,255	14	1.0	1	1	14:4
20S_050W	14:uniform	-21.524148150643413	-47.55586624145508	12	1506	2298	235	222	211,211,211,255	12	0.667	0	0	12:6 14:3
20S_050W	14:uniform	-23.260114794215383	-48.587894439697266	12	1495	2320	45	59	211,211,211,255	14	1.0	1	1	14:9
20S_050W	14:uniform	-23.980135803027263	-48.25212478637695	12	1498	2329	255	44	211,211,211,255	14	1.0	1	1	14:9
20S_050W	14:uniform	-24.28405392466123	-49.476070404052734	12	1485	2332	18	246	211,211,211,255	14	1.0	0	1	14:4
20S_050W	15:uniform	-21.5560826846315	-41.596126556396484	12	1574	2299	186	66	211,211,211,255	15	1.0	0	1	15:6
20S_050W	15:uniform	-21.627909670491604	-43.363895416259766	12	1554	2300	157	35	211,211,211,255	15	1.0	1	1	15:6
20S_050W	15:uniform	-21.47591370098513	-41.73208236694336	12	1573	2298	46	71	211,211,211,255	15	1.0	1	1	15:6
20S_050W	15:uniform	-21.84413216522172	-42.39606857299805	12	1565	2302	160	201	211,211,211,255	15	1.0	1	1	15:6
20S_050W	15:uniform	-21.907852346246962	-49.6281623840332	12	1483	2303	87	145	211,211,211,255	15	1.0	1	1	15:9
20S_050W	16:any	-22.883924798042226	-42.06785202026367	12	1569	2315	92	148	185,185,30,255	4	0.667	0	0	4:4 12:2
20S_050W	16:any	-22.820016893453108	-43.6680793762207	12	1551	2314	39	202	211,211,211,255	16	1.0	0	1	16:6
20S_050W	16:any	-23.1079967635414	-45.7880973815918	12	1527	2318	8	89	211,211,211,255	12	1.0	0	1	12:6
20S_050W	16:any	-22.87601703324382	-42.09188461303711	12	1569	2315	22	123	211,211,211,255	16	1.0	0	1	16:6
20S_050W	16:any	-23.03598035605016	-45.64390182495117	12	1528	2317	172	117	211,211,211,255	15	1.0	0	1	15:6
20S_050W	16:any	-23.03598035605016	-45.65214157104492	12	1528	2317	148	117	211,211,211,255	12	1.0	0	1	12:6
20S_050W	16:any	-22.851974600843818	-42.07609176635742	12	1569	2315	68	47	185,185,30,255	4	1.0	1	1	4:6
20S_050W	16:any	-22.91586747688041	-42.33186721801758	12	1566	2315	91	249	185,185,30,255	4	0.556	0	0	4:5 11:3 12:1
20S_050W	16:any	-22.980046324190315	-45.61197280883789	12	1529	2316	9	196	211,211,211,255	12	0.75	0	0	12:3 15:1
20S_050W	16:any	-22.939898589901862	-45.54811477661133	12	1529	2316	195	69	211,211,211,255	12	0.778	0	0	2:2 12:7
20S_050W	16:any	-22.87601703324382	-45.4039192199707	12	1531	2315	103	123	211,211,211,255	12	1.0	0	1	12:6
20S_050W	16:any	-22.619873895225176	-42.00399398803711	12	1570	2312	22	82	211,211,211,255	13	1.0	1	1	13:6
20S_050W	16:any	-22.97214416914685	-45.5958366394043	12	1529	2316	56	171	211,211,211,255	12	1.0	0	1	12:9
20S_050W	16:any	-22.900055209749365	-42.052059173583984	12	1569	2315	138	199	211,211,211,255	16	1.0	1	1	16:4
20S_050W	16:any	-22.87601703324382	-45.34006118774414	12	1532	2315	33	123	211,211,211,255	12	0.75	0	0	12:3 15:1
20S_050W	18:any	-27.555916609001766	-48.4361457824707	12	1496	2374	231	92	211,211,211,255	14	1.0	0	1	14:6
20S_050W	18:any	-24.35601081343507	-46.995906829833984	12	1513	2333	74	220	0,0,0,0	0	1.0	1	1	0:6
20S_050W	18:any	-26.187945057286807	-49.476070404052734	12	1485	2356	18	233	211,211,211,255	12	1.0	0	1	12:4
20S_050W	18:any	-27.5878714518067	-48.4361457824707	12	1496	2374	231	197	211,211,211,255	13	1.0	0	1	13:9
20S_050W	18:any	-24.411983756372635	-47.94004440307617	12	1502	2334	140	143	185,185,30,255	4	0.5	0	0	4:2 12:2
20S_050W	18:any	-27.715901588056184	-49.86814498901367	12	1480	2376	156	106	36,110,36,255	2	0.556	0	0	2:5 14:4
20S_050W	18:any	-27.923895597121074	-48.62016677856445	12	1494	2379	207	23	185,185,30,255	4	0.667	0	0	4:6 18:3
20S_050W	18:any	-23.884111136277188	-49.57185745239258	12	1483	2327	251	250	36,110,36,255	2	1.0	0	1	2:9
20S_050W	18:any	-26.308034661828035	-48.596134185791016	12	1495	2358	21	111	36,110,36,255	9	1.0	0	1	9:6
20S_050W	18:any	-29.52402735856434	-49.98006820678711	12	1479	2399	86	218	185,185,30,255	4	1.0	1	1	4:4
20S_050W	18:any	-28.419938166850184	-48.76401901245117	12	1493	2385	44	126	36,110,36,255	2	0.5	0	0	2:2 14:2
20S_050W	18:any	-27.91600821402656	-48.62016677856445	12	1494	2378	207	253	36,110,36,255	9	0.667	0	0	9:4 12:2
20S_050W	18:any	-24.531976044947914	-47.7000617980957	12	1505	2336	71	15	185,185,30,255	4	1.0	1	1	4:4
20S_050W	18:any	-23.69184807574142	-47.88408279418945	12	1503	2325	47	150	36,110,36,255	9	0.667	0	0	2:3 9:6
20S_050W	18:any	-22.30799652538019	-47.092037200927734	12	1512	2308	50	123	211,211,211,255	14	1.0	1	1	14:4
20S_050W	19:any	-29.619878059297115	-49.98796463012695	12	1479	2401	63	27	185,185,30,255	3	0.833	0	0	3:5 12:1
20S_050W	20:any	-29.244019192950706	-49.747982025146484	12	1481	2396	250	50	211,211,211,255	20	0.5	0	0	15:2 20:2
20S_050W	20:any	-26.827900465271412	-48.73208999633789	12	1493	2365	137	12	211,211,211,255	12	1.0	1	1	12:9
20S_050W	20:any	-24.396038683335266	-48.003902435302734	12	1501	2334	210	92	211,211,211,255	15	1.0	1	1	15:6
20S_050W	20:any	-27.923895597121074	-48.6119270324707	12	1494	2379	231	23	211,211,211,255	12	0.5	0	0	4:1 12:3 20:2
20S_050W	20:any	-29.308106065580418	-49.74008560180664	12	1482	2397	17	8	211,211,211,255	20	0.778	0	0	12:2 20:7
20S_050W	20:any	-20.412051466343325	-46.89188003540039	12	1514	2285	121	81	185,185,30,255	4	1.0	1	1	4:6
20S_050W	20:any	-25.611964315477152	-49.6281623840332	12	1483	2349	87	160	211,211,211,255	14	1.0	0	1	14:6
20S_050W	20:any	-29.667918424844487	-49.97182846069336	12	1479	2401	110	188	36,110,36,255	2	0.5	0	0	2:3 14:3
20S_050W	20:any	-20.308086324952185	-46.89188003540039	12	1514	2284	121	14	185,185,30,255	4	1.0	1	1	4:6
20S_050W	20:any	-24.62002243504418	-47.763919830322266	12	1504	2337	141	41	36,110,36,255	2	1.0	1	1	2:6
20S_050W	20:any	-20.747927127672174	-45.8598518371582	12	1526	2289	55	102	211,211,211,255	15	1.0	1	1	15:6
20S_050W	20:any	-26.556132560728347	-48.90787124633789	12	1491	2361	137	150	211,211,211,255	12	0.778	0	0	2:2 12:7
20S_050W	20:any	-29.052118090539988	-49.55606460571289	12	1484	2393	41	178	185,185,30,255	4	0.667	0	0	4:4 12:2
20S_050W	20:any	-22.859883765223522	-45.28409957885742	12	1532	2315	196	72	211,211,211,255	12	0.778	0	0	9:2 12:7
20S_050W	20:any	-20.47606938606183	-46.811885833740234	12	1515	2286	98	24	185,185,30,255	4	1.0	1	1	4:6
20S_050W	21:any	-22.100114107554024	-43.06795120239258	12	1557	2305	251	237	211,211,211,255	15	0.833	0	0	2:1 15:5
20S_050W	21:any	-23.43600161422387	-47.17203140258789	12	1511	2322	73	105	36,110,36,255	12	0.5	0	0	2:2 12:2
20S_050W	21:any	-23.03598035605016	-48.63595962524414	12	1494	2317	161	117	36,110,36,255	2	1.0	0	1	2:4
20S_050W	21:any	-20.963844110774385	-47.33991622924805	12	1509	2292	96	7	211,211,211,255	14	1.0	1	1	14:9
20S_050W	21:any	-23.172084151344766	-47.01993942260742	12	1513	2319	4	36	211,211,211,255	13	1.0	0	1	13:4
20S_050W	21:any	-22.452124767747808	-47.460079193115234	12	1508	2310	2	65	211,211,211,255	13	0.889	0	0	12:1 13:8
20S_050W	21:any	-20.364101013490366	-46.36384963989258	12	1520	2284	123	188	185,185,30,255	3	0.444	0	0	2:3 3:4 15:2
20S_050W	21:any	-20.33191114401791	-49.604129791259766	12	1483	2284	157	88	36,110,36,255	2	1.0	0	1	2:6
20S_050W	21:any	-23.34808733814587	-46.764163970947266	12	1515	2321	237	82	211,211,211,255	12	0.5	0	0	2:1 12:3 13:2
20S_050W	21:any	-21.70799455208482	-49.507999420166016	12	1484	2301	181	30	211,211,211,255	12	1.0	0	1	12:4
20S_050W	21:any	-25.083888720784596	-47.89987564086914	12	1503	2342	1	250	0,0,0,0	0	1.0	1	1	0:9
20S_050W	21:any	-22.851974600843818	-43.787899017333984	12	1549	2315	202	47	211,211,211,255	13	1.0	0	1	13:6
20S_050W	21:any	-24.747922573195982	-47.8758430480957	12	1503	2338	71	195	211,211,211,255	2	0.5	0	0	2:3 12:3
20S_050W	21:any	-22.91586747688041	-48.468074798583984	12	1496	2315	138	249	211,211,211,255	12	0.833	0	0	2:1 12:5
20S_050W	21:any	-21.15607827466864	-47.395877838134766	12	1508	2294	189	95	185,185,30,255	3	1.0	0	1	3:6
50N_100W	2:uniform	47.82802341559098	-91.5959358215332	12	1005	1426	215	191	36,110,36,255	2	1.0	1	1	2:4
50N_100W	2:uniform	46.403894539413415	-91.35595321655273	12	1008	1450	146	143	36,110,36,255	2	1.0	1	1	2:4
50N_100W	2:uniform	48.60397112114062	-95.16408920288086	12	965	1413	62	127	36,110,36,255	2	1.0	1	1	2:6
50N_100W	2:uniform	46.36410685034974	-90.98001480102539	12	1012	1451	217	55	36,110,36,255	2	1.0	1	1	2:4
50N_100W	2:uniform	49.01997176582396	-99.89988327026367	12	911	1406	92	79	36,110,36,255	2	1.0	0	1	2:6
50N_100W	3:uniform	42.124073689160134	-99.84392166137695	12	911	1518	255	154	185,185,30,255	3	1.0	1	1	3:4
50N_100W	3:uniform	43.02811781598032	-99.50815200805664	12	915	1504	209	162	185,185,30,255	3	1.0	1	1	3:6
50N_100W	3:uniform	41.980038506314344	-98.92416000366211	12	922	1520	118	207	185,185,30,255	3	0.667	0	0	3:4 10:2
50N_100W	3:uniform	42.15589575027584	-99.25992965698242	12	918	1518	164	29	185,185,30,255	3	1.0	1	1	3:4
50N_100W	3:uniform	42.17192800773015	-99.73989486694336	12	913	1517	46	222	185,185,30,255	3	1.0	1	1	3:6
50N_100W	4:uniform	47.42797113008243	-90.36409378051758	12	1019	1433	219	128	185,185,30,255	4	1.0	1	1	4:6
50N_100W	4:uniform	46.88401361972211	-91.53997421264648	12	1006	1442	122	154	185,185,30,255	4	1.0	1	1	4:4
50N_100W	4:uniform	47.0119813823672	-91.48401260375977	12	1007	1440	29	120	185,185,30,255	4	1.0	1	1	4:4
50N_100W	4:uniform	49.01997176582396	-95.15584945678711	12	965	1406	86	79	185,185,30,255	4	1.0	1	1	4:6
50N_100W	4:uniform	46.91591698599113	-91.3319206237793	12	1008	1442	216	18	185,185,30,255	4	1.0	1	1	4:6
50N_100W	6:any	42.747894593125274	-96.95589065551758	12	944	1508	219	252	185,185,30,255	4	1.0	0	1	4:6
50N_100W	6:any	49.18002023051038	-91.62786483764648	12	1005	1403	122	135	185,185,30,255	11	1.0	0	1	11:6
50N_100W	6:any	47.467905295451736	-98.10808181762695	12	931	1432	191	212	211,211,211,255	12	1.0	0	1	12:6
50N_100W	6:any	49.90801313758685	-98.90012741088867	12	922	1390	188	195	36,110,36,255	2	1.0	0	1	2:6
50N_100W	6:any	46.36410685034974	-93.74788284301758	12	981	1451	91	55	36,110,36,255	9	1.0	0	1	9:6
50N_100W	8:uniform	49.22802383151842	-94.97182846069336	12	967	1402	110	177	36,110,36,255	8	1.0	1	1	8:6
50N_100W	8:uniform	48.14810677231166	-93.94804000854492	12	979	1421	20	78	36,110,36,255	8	1.0	1	1	8:4
50N_100W	8:uniform	48.1719242607059	-95.11602401733398	12	965	1420	202	230	36,110,36,255	8	1.0	1	1	8:4
50N_100W	8:uniform	49.24393996545112	-94.95603561401367	12	967	1402	156	106	36,110,36,255	8	1.0	1	1	8:4
50N_100W	8:uniform	48.21998356143103	-94.94813919067383	12	967	1420	179	20	36,110,36,255	8	1.0	1	1	8:6
50N_100W	9:uniform	49.219951719554125	-91.91591262817383	12	1002	1402	51	213	36,110,36,255	9	1.0	1	1	9:6
50N_100W	9:uniform	48.24399630789351	-91.43594741821289	12	1007	1419	169	171	185,185,30,255	4	0.75	0	0	4:3 9:1
50N_100W	9:uniform	48.124049051210775	-90.12411117553711	12	1022	1421	150	183	36,110,36,255	9	1.0	1	1	9:6
50N_100W	9:uniform	48.49988636735502	-91.29999160766602	12	1009	1415	53	73	36,110,36,255	9	1.0	1	1	9:4
50N_100W	9:uniform	48.35590682296265	-91.80398941040039	12	1003	1417	121	193	36,110,36,255	9	1.0	1	1	9:4
50N_100W	10:uniform	48.29998223211584	-94.72394943237305	12	970	1418	64	182	185,185,30,255	10	1.0	0	1	10:4
50N_100W	10:uniform	48.34792135027632	-94.47607040405273	12	973	1417	18	228	185,185,30,255	10	1.0	1	1	10:4
50N_100W	10:uniform	48.26799778651363	-94.78815078735352	12	969	1419	133	66	185,185,30,255	10	1.0	1	1	10:6
50N_100W	10:uniform	48.259998545556385	-94.66009140014648	12	970	1419	250	101	185,185,30,255	10	1.0	0	1	10:6
50N_100W	10:uniform	48.19595954605606	-94.25188064575195	12	975	1420	159	125	185,185,30,255	10	1.0	1	1	10:6
50N_100W	11:uniform	48.27599577560807	-95.13216018676758	12	965	1419	155	31	185,185,30,255	11	1.0	1	1	11:6
50N_100W	11:uniform	49.45997967475132	-95.68387985229492	12	959	1398	84	164	185,185,30,255	11	1.0	1	1	11:6
50N_100W	11:uniform	48.29198799836894	-94.91586685180664	12	968	1418	17	217	185,185,30,255	11	1.0	1	1	11:6
50N_100W	11:uniform	49.44391005440051	-95.89982986450195	12	956	1398	223	236	185,185,30,255	11	1.0	1	1	11:6
50N_100W	11:uniform	48.61191639073741	-94.48396682739258	12	972	1413	251	92	185,185,30,255	11	1.0	1	1	11:4
50N_100W	12:uniform	41.443884491012604	-91.16403579711914	12	1010	1528	193	251	211,211,211,255	12	0.75	0	0	12:3 13:1
50N_100W	12:uniform	42.395952928979995	-95.29214859008789	12	963	1514	201	108	211,211,211,255	12	1.0	1	1	12:6
50N_100W	12:uniform	42.09987822771653	-94.8200798034668	12	969	1518	40	249	211,211,211,255	12	1.0	1	1	12:6
50N_100W	12:uniform	48.84404511326393	-98.4840202331543	12	927	1409	120	91	211,211,211,255	12	1.0	1	1	12:4
50N_100W	12:uniform	41.356066682409086	-92.86794662475586	12	991	1530	94	80	211,211,211,255	12	1.0	1	1	12:4
50N_100W	13:uniform	44.996004009683084	-92.99600601196289	12	989	1473	233	127	211,211,211,255	13	1.0	1	1	13:4
50N_100W	13:uniform	41.58810068130451	-93.68402481079102	12	982	1526	21	202	211,211,211,255	13	1.0	1	1	13:4
50N_100W	13:uniform	42.516018108736105	-96.37189865112305	12	951	1512	128	146	211,211,211,255	13	1.0	1	1	13:6
50N_100W	13:uniform	49.85204098687631	-97.08395004272461	12	943	1391	102	192	211,211,211,255	13	1.0	1	1	13:4
50N_100W	13:uniform	44.85988436757117	-91.47611618041992	12	1007	1475	52	175	211,211,211,255	13	1.0	1	1	13:6
50N_100W	14:any	42.348014653250175	-96.80414199829102	12	946	1515	149	41	211,211,211,255	12	1.0	0	1	12:6
50N_100W	14:any	46.06001026436314	-93.9961051940918	12	978	1456	136	55	211,211,211,255	12	1.0	0	1	12:6
50N_100W	14:any	43.41988668557758	-99.2918586730957	12	918	1498	71	132	211,211,211,255	12	0.667	0	0	3:2 12:4
50N_100W	14:any	40.45987873062575	-99.5881462097168	12	914	1543	232	206	211,211,211,255	12	1.0	1	1	12:9
50N_100W	14:any	40.61199775731968	-96.66784286499023	12	948	1541	34	135	211,211,211,255	12	0.667	0	0	12:4 13:2
50N_100W	15:uniform	40.27598964655471	-93.28405380249023	12	986	1546	162	141	211,211,211,255	15	1.0	1	1	15:4
50N_100W	15:uniform	49.651959808642886	-99.36395645141602	12	917	1395	117	70	211,211,211,255	15	1.0	1	1	15:4
50N_100W	15:uniform	40.48390674003766	-93.21195602416992	12	987	1543	116	114	211,211,211,255	15	1.0	1	1	15:4
50N_100W	15:uniform	43.61209248095278	-99.49201583862305	12	916	1495	0	128	211,211,211,255	15	1.0	0	1	15:4
50N_100W	15:uniform	46.62810314805958	-94.49186325073242	12	972	1446	228	218	211,211,211,255	15	1.0	1	1	15:6
50N_100W	17:any	46.61206838686752	-94.8039436340332	12	969	1447	87	30	211,211,211,255	15	1.0	0	1	15:4
50N_100W	17:any	41.31611027340459	-92.11606979370117	12	999	1530	236	235	211,211,211,255	15	1.0	1	1	15:4
50N_100W	17:any	48.116027305759694	-95.16408920288086	12	965	1421	62	218	185,185,30,255	10	0.667	0	0	8:2 10:4
50N_100W	17:any	45.203933020430775	-96.35610580444336	12	951	1470	174	37	185,185,30,255	3	0.5	0	0	3:3 10:1 15:2
50N_100W	17:any	45.79589555896487	-94.61992263793945	12	971	1460	111	137	211,211,211,255	13	0.5	0	0	12:2 13:2
50N_100W	17:any	48.04400475710846	-98.6601448059082	12	925	1423	119	20	211,211,211,255	12	0.667	0	0	12:4 13:2
50N_100W	17:any	45.71588853398951	-95.2598762512207	12	964	1461	39	215	211,211,211,255	12	1.0	1	1	12:6
50N_100W	17:any	40.083981910551344	-98.81189346313477	12	923	1549	189	105	211,211,211,255	12	1.0	1	1	12:6
50N_100W	17:any	45.66792522548748	-91.17982864379883	12	1010	1462	147	159	185,185,30,255	4	0.667	0	0	2:2 4:4
50N_100W	17:any	46.723976647327405	-94.13995742797852	12	976	1445	229	67	185,185,30,255	4	1.0	1	1	4:4
50N_100W	17:any	45.148026622926004	-90.43584823608398	12	1019	1471	10	12	211,211,211,255	12	1.0	0	1	12:6
50N_100W	17:any	40.323906654525544	-90.0520133972168	12	1023	1545	104	214	211,211,211,255	13	1.0	0	1	13:4
50N_100W	17:any	48.588076831619176	-94.37994003295898	12	974	1413	42	197	36,110,36,255	8	0.75	0	0	2:1 8:3
50N_100W	17:any	48.84404511326393	-96.54012680053711	12	949	1409	150	91	185,185,30,255	3	1.0	1	1	3:6
50N_100W	17:any	46.035943465438876	-91.62786483764648	12	1005	1456	122	156	185,185,30,255	3	0.667	0	0	3:4 10:1 19:1
50N_100W	18:any	49.04405694929989	-96.3801383972168	12	951	1405	104	228	36,110,36,255	9	0.5	0	0	9:3 20:3
50N_100W	18:any	48.47599396896987	-92.49990463256836	12	995	1415	142	178	36,110,36,255	9	1.0	0	1	9:6
50N_100W	18:any	48.948097196059145	-92.72409439086914	12	993	1407	1	142	185,185,30,255	11	0.667	0	0	9:1 11:4 18:1
50N_100W	18:any	49.6759598172244	-91.20386123657227	12	1010	1394	77	218	185,185,30,255	11	1.0	0	1	11:6
50N_100W	18:any	49.46801250945529	-91.28385543823242	12	1009	1398	100	128	36,110,36,255	9	1.0	0	1	9:6
50N_100W	18:any	48.56399881618964	-93.31598281860352	12	986	1414	69	47	36,110,36,255	9	1.0	1	1	9:4
50N_100W	18:any	47.46001373682545	-93.13196182250977	12	988	1432	93	246	36,110,36,255	9	1.0	0	1	9:4
50N_100W	18:any	49.14005649716544	-93.69192123413086	12	981	1404	254	57	185,185,30,255	4	1.0	1	1	4:6
50N_100W	18:any	49.92393011143718	-92.30798721313477	12	997	1390	189	123	185,185,30,255	13	0.5	0	0	6:2 13:2
50N_100W	18:any	48.96410332613352	-91.90011978149414	12	1002	1407	97	71	185,185,30,255	4	1.0	0	1	4:6
50N_100W	18:any	49.34000018646152	-90.6840705871582	12	1016	1400	55	189	36,110,36,255	9	1.0	1	1	9:4
50N_100W	18:any	49.18809886298907	-91.00404739379883	12	1012	1403	147	99	36,110,36,255	9	1.0	1	1	9:4
50N_100W	18:any	49.01997176582396	-91.74013137817383	12	1004	1406	51	79	36,110,36,255	9	1.0	1	1	9:6
50N_100W	18:any	48.14008878444827	-90.10007858276367	12	1022	1421	220	113	36,110,36,255	9	1.0	1	1	9:6
50N_100W	18:any	49.86000936335176	-91.98801040649414	12	1001	1391	97	156	36,110,36,255	9	1.0	1	1	9:4
50N_100W	19:uniform	48.124049051210775	-95.44389724731445	12	962	1421	15	183	211,211,211,255	19	1.0	1	1	19:6
50N_100W	19:uniform	48.124049051210775	-95.43600082397461	12	962	1421	38	183	211,211,211,255	19	1.0	0	1	19:4
50N_100W	19:uniform	48.13206954409415	-95.44389724731445	12	962	1421	15	148	211,211,211,255	19	1.0	1	1	19:6
50N_100W	19:uniform	48.124049051210775	-95.4521369934082	12	961	1421	247	183	211,211,211,255	19	1.0	1	1	19:6
50N_100W	19:uniform	48.124049051210775	-95.42810440063477	12	962	1421	61	183	211,211,211,255	19	1.0	1	1	19:6
50N_100W	20:uniform	49.23609462489063	-95.9080696105957	12	956	1402	199	141	211,211,211,255	20	1.0	1	1	20:4
50N_100W	20:uniform	49.61193348260216	-96.40417098999023	12	951	1395	34	250	211,211,211,255	20	0.833	0	0	11:1 20:5
50N_100W	20:uniform	49.21210256871029	-95.89982986450195	12	956	1402	223	248	185,185,30,255	11	1.0	0	1	11:6
50N_100W	20:uniform	49.14005649716544	-96.37189865112305	12	951	1404	128	57	211,211,211,255	20	1.0	1	1	20:6
50N_100W	20:uniform	49.1560009535273	-96.37189865112305	12	951	1403	128	242	211,211,211,255	20	1.0	1	1	20:6
50N_100W	20:uniform	49.14791708168838	-96.37189865112305	12	951	1404	128	22	185,185,30,255	20	0.5	0	0	11:3 20:3
50N_100W	20:uniform	49.22802383151842	-95.9080696105957	12	956	1402	199	177	211,211,211,255	20	1.0	1	1	20:4
50N_100W	20:uniform	49.23609462489063	-95.91596603393555	12	956	1402	176	141	211,211,211,255	20	1.0	1	1	20:4
50N_100W	20:uniform	49.16408350628546	-96.65205001831055	12	948	1403	80	206	211,211,211,255	12	0.75	0	0	12:3 20:1
50N_100W	20:uniform	49.1560009535273	-96.65994644165039	12	948	1403	57	242	211,211,211,255	20	1.0	0	1	20:4
50N_100W	20:uniform	49.91597228126445	-96.58784866333008	12	949	1390	11	159	211,211,211,255	20	0.667	0	0	11:1 18:1 20:4
50N_100W	20:uniform	49.23609462489063	-95.92386245727539	12	956	1402	153	141	211,211,211,255	20	1.0	1	1	20:6
50N_100W	21:any	49.972091137835754	-96.41996383666992	12	950	1389	244	161	211,211,211,255	20	1.0	0	1	20:4
50N_100W	21:any	45.98801695335835	-92.77215957641602	12	992	1457	117	101	36,110,36,255	2	0.833	0	0	2:5 8:1
50N_100W	21:any	49.68395718927256	-97.13201522827148	12	942	1394	218	182	211,211,211,255	12	1.0	1	1	12:4
50N_100W	21:any	49.21210256871029	-98.2038688659668	12	930	1402	168	248	36,110,36,255	2	0.833	0	0	2:5 3:1
50N_100W	21:any	46.283969946114716	-94.78815078735352	12	969	1452	133	137	185,185,30,255	10	0.5	0	0	3:2 10:3 17:1
50N_100W	21:any	46.98809855417971	-98.90012741088867	12	922	1440	188	222	211,211,211,255	12	1.0	1	1	12:6
50N_100W	21:any	49.380025920244194	-92.09203720092773	12	1000	1400	50	10	36,110,36,255	9	1.0	1	1	9:4
50N_100W	21:any	49.067905541079305	-95.65984725952148	12	959	1405	154	122	211,211,211,255	9	0.5	0	0	9:3 13:3
50N_100W	21:any	48.363891044232176	-93.67612838745117	12	982	1417	44	158	36,110,36,255	2	1.0	0	1	2:6
50N_100W	21:any	48.02793502927868	-93.00390243530273	12	989	1423	210	90	36,110,36,255	9	1.0	1	1	9:6
50N_100W	21:any	49.82790650108609	-96.96413040161133	12	944	1392	195	45	211,211,211,255	15	1.0	0	1	15:6
50N_100W	21:any	47.77198350508361	-91.73189163208008	12	1004	1427	75	178	36,110,36,255	2	1.0	0	1	2:6
50N_100W	21:any	41.1239784320906	-99.35606002807617	12	917	1533	140	211	185,185,30,255	3	1.0	0	1	3:4
50N_100W	21:any	49.972091137835754	-92.38798141479492	12	996	1389	212	161	185,185,30,255	11	1.0	0	1	11:4
50N_100W	21:any	49.987986953782574	-92.77215957641602	12	992	1389	117	89	211,211,211,255	20	0.667	0	0	11:2 20:4
60N_090W	0:uniform	59.00406406968076	-89.37189102172852	12	1031	1211	37	206	0,0,0,0	0	1.0	1	1	0:6
60N_090W	0:uniform	56.523991750784724	-87.92409896850586	12	1047	1264	158	187	0,0,0,0	0	1.0	1	1	0:6
60N_090W	0:uniform	59.027924256567815	-88.09198379516602	12	1045	1211	181	71	0,0,0,0	0	1.0	1	1	0:4
60N_090W	0:uniform	58.42805534274577	-80.2360725402832	12	1135	1224	23	109	0,0,0,0	0	1.0	1	1	0:4
60N_090W	0:uniform	55.907943255835924	-81.0600471496582	12	1125	1277	183	86	0,0,0,0	0	1.0	1	1	0:4
60N_090W	2:uniform	51.5880563432515	-88.91595840454102	12	1036	1360	85	140	36,110,36,255	2	1.0	1	1	2:4
60N_090W	2:uniform	50.82795122882058	-88.65194320678711	12	1039	1374	86	90	36,110,36,255	2	1.0	1	1	2:4
60N_090W	2:uniform	51.507994564127216	-88.78000259399414	12	1037	1362	225	3	36,110,36,255	2	1.0	1	1	2:4
60N_090W	2:uniform	51.51590025818424	-88.87613296508789	12	1036	1361	201	222	185,185,30,255	4	1.0	0	1	4:6
60N_090W	2:uniform	50.819926711030895	-88.6680793762207	12	1039	1374	39	127	36,110,36,255	2	1.0	1	1	2:6
60N_090W	3:uniform	59.82799517186214	-80.02012252807617	12	1137	1193	140	97	185,185,30,255	3	0.667	0	0	3:4 6:2
60N_090W	3:uniform	59.79605753190772	-80.05205154418945	12	1137	1194	47	26	185,185,30,255	3	1.0	1	1	3:4
60N_090W	3:uniform	59.82799517186214	-80.02801895141602	12	1137	1193	117	97	185,185,30,255	3	1.0	1	1	3:4
60N_090W	3:uniform	59.81194385916397	-80.05205154418945	12	1137	1193	47	190	185,185,30,255	3	1.0	0	1	3:4
60N_090W	3:uniform	59.81194385916397	-80.07608413696289	12	1136	1193	233	190	185,185,30,255	3	1.0	0	1	3:6
60N_090W	4:uniform	53.7240370763778	-89.84395980834961	12	1025	1320	198	121	185,185,30,255	4	1.0	1	1	4:4
60N_090W	4:uniform	55.331976200900534	-86.58788681030273	12	1062	1288	210	241	185,185,30,255	4	1.0	1	1	4:6
60N_090W	4:uniform	50.40403186034833	-80.21203994750977	12	1135	1381	93	244	185,185,30,255	4	1.0	1	1	4:4
60N_090W	4:uniform	53.74008171870345	-89.70010757446289	12	1027	1320	105	42	185,185,30,255	4	1.0	1	1	4:6
60N_090W	4:uniform	50.14005560756856	-88.5798454284668	12	1040	1386	40	167	185,185,30,255	4	1.0	1	1	4:6
60N_090W	6:any	55.07591044412698	-82.38801956176758	12	1110	1294	155	12	185,185,30,255	10	1.0	0	1	10:4
60N_090W	6:any	51.91600288576496	-81.34809494018555	12	1122	1354	112	133	185,185,30,255	11	1.0	1	1	11:6
60N_090W	6:any	56.508081110433594	-88.14794540405273	12	1045	1265	18	15	185,185,30,255	11	0.75	0	0	6:1 11:3
60N_090W	6:any	53.36397247155794	-84.02807235717773	12	1091	1327	242	94	185,185,30,255	4	1.0	0	1	4:4
60N_090W	6:any	52.99608678056929	-88.52388381958008	12	1040	1334	203	90	36,110,36,255	9	1.0	1	1	9:6
60N_090W	8:any	53.540001357402986	-88.56405258178711	12	1040	1324	86	1	185,185,30,255	4	1.0	1	1	4:4
60N_090W	8:any	51.87596108426093	-89.65204238891602	12	1027	1355	245	66	36,110,36,255	2	1.0	1	1	2:4
60N_090W	8:any	50.57200853206373	-87.98006057739258	12	1046	1378	251	243	185,185,30,255	3	1.0	0	1	3:4
60N_090W	8:any	51.627927850388346	-85.86004257202148	12	1071	1359	26	209	185,185,30,255	4	1.0	1	1	4:4
60N_090W	8:any	51.1400479017928	-84.59592819213867	12	1085	1368	124	182	36,110,36,255	8	1.0	0	1	8:4
60N_090W	9:uniform	53.97194052636606	-89.39592361450195	12	1030	1315	223	177	36,110,36,255	9	1.0	1	1	9:4
60N_090W	9:uniform	52.396029721770375	-88.50809097290039	12	1040	1345	249	158	36,110,36,255	9	1.0	1	1	9:6
60N_090W	9:uniform	51.163951909295754	-81.08407974243164	12	1125	1368	113	71	36,110,36,255	9	1.0	1	1	9:6
60N_090W	9:uniform	50.027924074438985	-83.80388259887695	12	1094	1388	127	164	36,110,36,255	9	1.0	1	1	9:6
60N_090W	9:uniform	51.01191865525667	-80.68410873413086	12	1129	1371	254	8	36,110,36,255	9	1.0	1	1	9:6
60N_090W	10:uniform	52.21191943640314	-86.30807876586914	12	1066	1349	1	11	185,185,30,255	10	1.0	1	1	10:6
60N_090W	10:uniform	52.26805232260162	-81.56404495239258	12	1119	1348	251	0	185,185,30,255	10	1.0	1	1	10:4
60N_090W	10:uniform	52.26006770558063	-81.58807754516602	12	1119	1348	181	38	185,185,30,255	10	1.0	1	1	10:4
60N_090W	10:uniform	52.25208165068235	-81.59597396850586	12	1119	1348	158	76	185,185,30,255	10	1.0	1	1	10:4
60N_090W	10:uniform	52.26805232260162	-81.55614852905273	12	1120	1348	18	0	185,185,30,255	10	1.0	0	1	10:6
60N_090W	11:uniform	53.82791388057607	-82.81991958618164	12	1105	1318	177	121	185,185,30,255	11	0.833	0	0	11:5 18:1
60N_090W	11:uniform	53.14007761278835	-82.80412673950195	12	1105	1331	223	160	185,185,30,255	11	1.0	1	1	11:6
60N_090W	11:uniform	55.235973212516924	-86.52402877807617	12	1063	1290	140	220	185,185,30,255	11	1.0	1	1	11:4
60N_090W	11:uniform	55.02792372073523	-84.94783401489258	12	1081	1295	123	0	185,185,30,255	11	1.0	1	1	11:6
60N_090W	11:uniform	53.52408453561772	-83.77195358276367	12	1094	1324	220	79	185,185,30,255	11	1.0	1	1	11:4
60N_090W	12:any	52.81199683019163	-87.52412796020508	12	1052	1337	43	211	185,185,30,255	11	1.0	0	1	11:6
60N_090W	12:any	51.92404931018707	-82.62800216674805	12	1107	1354	224	95	185,185,30,255	4	1.0	0	1	4:4
60N_090W	12:any	50.06804838594812	-82.7079963684082	12	1106	1387	247	238	36,110,36,255	9	0.5	0	0	9:2 11:2
60N_090W	12:any	51.060062647530515	-80.96391677856445	12	1126	1370	207	41	185,185,30,255	4	1.0	1	1	4:6
60N_090W	12:any	51.00392579999546	-81.0600471496582	12	1125	1371	183	45	185,185,30,255	4	1.0	1	1	4:4
60N_090W	13:any	53.71591087145096	-89.58784103393555	12	1028	1320	176	161	36,110,36,255	9	1.0	1	1	9:6
60N_090W	13:any	52.12389835204472	-88.20390701293945	12	1044	1350	111	173	36,110,36,255	9	1.0	1	1	9:6
60N_090W	13:any	50.29997666869238	-88.33196640014648	12	1042	1383	250	207	36,110,36,255	9	1.0	1	1	9:4
60N_090W	13:any	52.9239107517564	-82.4278450012207	12	1110	1335	39	183	211,211,211,255	13	1.0	1	1	13:6
60N_090W	13:any	50.01998342342458	-86.77190780639648	12	1060	1388	186	200	36,110,36,255	9	1.0	1	1	9:6
60N_090W	14:any	51.75604653513802	-88.35599899291992	12	1042	1357	180	119	185,185,30,255	11	1.0	1	1	11:4
60N_090W	14:any	51.8280335564116	-88.22793960571289	12	1044	1356	41	36	185,185,30,255	3	1.0	0	1	3:4
60N_090W	14:any	50.33198422408342	-86.86803817749023	12	1059	1383	162	61	185,185,30,255	4	1.0	0	1	4:4
60N_090W	14:any	54.70806116403425	-86.44403457641602	12	1064	1301	117	83	185,185,30,255	4	0.5	0	0	4:2 14:2
60N_090W	14:any	50.14005560756856	-87.64394760131836	12	1050	1386	206	167	36,110,36,255	8	0.75	0	0	2:1 8:3
60N_090W	17:any	50.524013763892604	-87.7558708190918	12	1049	1379	136	207	185,185,30,255	10	1.0	1	1	10:6
60N_090W	17:any	53.02789692622599	-88.16408157348633	12	1044	1333	227	192	185,185,30,255	4	0.833	0	0	4:5 10:1
60N_090W	17:any	51.85200370057271	-89.80413436889648	12	1026	1355	58	179	36,110,36,255	2	1.0	0	1	2:6
60N_090W	17:any	50.1479763941488	-81.56404495239258	12	1119	1386	251	131	36,110,36,255	2	1.0	0	1	2:4
60N_090W	17:any	51.795982732606724	-88.28390121459961	12	1043	1356	134	187	36,110,36,255	2	0.667	0	0	2:4 3:2
60N_090W	17:any	53.09206542817015	-85.08413314819336	12	1079	1332	238	137	185,185,30,255	3	0.5	0	0	3:3 4:3
60N_090W	17:any	52.09205843938023	-82.31592178344727	12	1111	1351	109	68	185,185,30,255	4	1.0	1	1	4:4
60N_090W	17:any	50.58007558066723	-88.00409317016602	12	1046	1378	181	206	185,185,30,255	3	1.0	1	1	3:6
60N_090W	17:any	53.28399790785685	-88.10811996459961	12	1045	1328	134	228	185,185,30,255	10	1.0	1	1	10:6
60N_090W	17:any	50.30809021108293	-80.15607833862305	12	1136	1383	0	170	185,185,30,255	11	1.0	1	1	11:4
60N_090W	18:any	52.852028849247006	-81.41984939575195	12	1121	1337	159	18	0,0,0,0	0	1.0	0	1	0:6
60N_090W	18:any	50.29208108269716	-80.09187698364258	12	1136	1383	187	243	36,110,36,255	9	1.0	1	1	9:6
60N_090W	18:any	53.852020311656986	-85.22008895874023	12	1078	1318	98	2	185,185,30,255	11	1.0	1	1	11:6
60N_090W	18:any	53.995963988315395	-83.45987319946289	12	1098	1315	105	58	185,185,30,255	9	0.5	0	0	9:3 11:3
60N_090W	18:any	52.00401155157179	-87.93989181518555	12	1047	1352	112	229	185,185,30,255	11	1.0	0	1	11:6
60N_090W	18:any	55.85999590892716	-89.3159294128418	12	1031	1278	200	79	185,185,30,255	11	1.0	0	1	11:4
60N_090W	18:any	52.09205843938023	-83.14813613891602	12	1101	1351	245	68	36,110,36,255	9	1.0	1	1	9:6
60N_090W	18:any	55.25202244972397	-88.38003158569336	12	1042	1290	110	138	185,185,30,255	11	1.0	1	1	11:4
60N_090W	18:any	54.70806116403425	-87.5639533996582	12	1051	1301	183	83	185,185,30,255	11	1.0	1	1	11:4
60N_090W	18:any	54.3880548380067	-86.48386001586914	12	1064	1307	1	154	185,185,30,255	11	1.0	0	1	11:6
60N_090W	18:any	50.9559397409943	-86.98785781860352	12	1058	1372	69	11	185,185,30,255	11	1.0	0	1	11:6
60N_090W	18:any	53.96406427611234	-84.15613174438477	12	1090	1315	125	216	185,185,30,255	11	1.0	1	1	11:6
60N_090W	18:any	56.65990618229713	-89.1240119934082	12	1033	1261	247	236	185,185,30,255	11	1.0	1	1	11:4
60N_090W	18:any	50.80409050927927	-83.09183120727539	12	1102	1374	153	200	185,185,30,255	11	1.0	1	1	11:6
60N_090W	18:any	53.20407902693866	-83.85984420776367	12	1093	1330	220	105	185,185,30,255	11	1.0	0	1	11:6
60N_090W	19:any	59.356033593368366	-80.28413772583008	12	1134	1203	139	253	0,0,0,0	0	1.0	1	1	0:6
50N_010E	0:uniform	42.916080721780304	14.372005462646484	12	2211	1506	133	96	0,0,0,0	0	1.0	1	1	0:4
50N_010E	0:uniform	41.427926443414066	18.331890106201172	12	2256	1529	147	57	0,0,0,0	0	1.0	1	1	0:6
50N_010E	0:uniform	43.34802618855869	15.523853302001953	12	2224	1499	160	164	0,0,0,0	0	1.0	1	1	0:6
50N_010E	0:uniform	40.9079341943205	17.875957489013672	12	2251	1537	99	21	0,0,0,0	0	1.0	1	1	0:4
50N_010E	0:uniform	42.50007334359523	14.628124237060547	12	2214	1512	111	209	0,0,0,0	0	1.0	1	1	0:6
50N_010E	2:uniform	40.10788129690319	15.876102447509766	12	2228	1549	162	14	36,110,36,255	2	1.0	1	1	2:6
50N_010E	2:uniform	40.76403129827642	14.948101043701172	12	2218	1539	19	63	36,110,36,255	2	1.0	1	1	2:6
50N_010E	2:uniform	45.372046455443474	15.212116241455078	12	2221	1467	20	109	36,110,36,255	2	1.0	1	1	2:6
50N_010E	2:uniform	45.012025432715575	15.307903289794922	12	2222	1473	43	61	36,110,36,255	2	1.0	0	1	2:6
50N_010E	2:uniform	45.827961944485175	15.539989471435547	12	2224	1460	207	3	36,110,36,255	2	1.0	1	1	2:4
50N_010E	3:uniform	43.724095177574206	17.37985610961914	12	2245	1493	190	189	185,185,30,255	3	1.0	1	1	3:6
50N_010E	3:uniform	47.252086969114885	11.76412582397461	12	2181	1436	217	116	36,110,36,255	2	0.833	0	0	2:5 3:1
50N_010E	3:uniform	41.66791093176006	13.95589828491211	12	2206	1525	201	147	185,185,30,255	3	1.0	1	1	3:6
50N_010E	3:uniform	43.244077324537045	18.75589370727539	12	2261	1501	102	68	185,185,30,255	3	1.0	0	1	3:6
50N_010E	3:uniform	47.26793122029493	11.995868682861328	12	2184	1436	124	48	185,185,30,255	3	1.0	1	1	3:6
50N_010E	4:uniform	46.779961455545894	17.61983871459961	12	2248	1444	121	85	185,185,30,255	4	1.0	1	1	4:6
50N_010E	4:uniform	41.8599728257089	15.763835906982422	12	2227	1522	91	165	185,185,30,255	4	1.0	1	1	4:6
50N_010E	4:uniform	42.08408252482699	19.428119659423828	12	2269	1519	12	55	185,185,30,255	4	1.0	1	1	4:6
50N_010E	4:uniform	48.00405075002091	11.11593246459961	12	2174	1423	121	194	185,185,30,255	4	1.0	1	1	4:4
50N_010E	4:uniform	46.74797725771495	17.44405746459961	12	2246	1444	121	221	185,185,30,255	4	1.0	1	1	4:4
50N_010E	6:uniform	46.723976647327405	10.75613021850586	12	2170	1445	97	67	185,185,30,255	6	0.833	0	0	3:1 6:5
50N_010E	6:uniform	46.49189266382709	10.044078826904297	12	2162	1449	71	27	185,185,30,255	6	1.0	1	1	6:6
50N_010E	6:uniform	46.71597407004027	10.75613021850586	12	2170	1445	97	101	185,185,30,255	6	1.0	1	1	6:6
50N_010E	6:uniform	46.66793367976842	10.29195785522461	12	2165	1446	25	49	185,185,30,255	6	1.0	0	1	6:4
50N_010E	6:uniform	46.707970305807514	10.732097625732422	12	2170	1445	27	135	185,185,30,255	6	0.833	0	0	3:1 6:5
50N_010E	7:uniform	47.10810696698738	12.692127227783203	12	2192	1438	104	221	185,185,30,255	7	1.0	1	1	7:6
50N_010E	7:uniform	47.099927840513374	12.372150421142578	12	2188	1439	196	0	185,185,30,255	7	1.0	0	1	7:6
50N_010E	7:uniform	47.099927840513374	12.380046844482422	12	2188	1439	219	0	185,185,30,255	7	1.0	1	1	7:4
50N_010E	7:uniform	47.116051200834086	12.683887481689453	12	2192	1438	80	187	185,185,30,255	7	1.0	1	1	7:6
50N_010E	7:uniform	47.08403337366337	12.668094635009766	12	2192	1439	34	68	185,185,30,255	7	1.0	1	1	7:6
50N_010E	8:uniform	44.71587968321867	19.908084869384766	12	2274	1477	130	254	36,110,36,255	8	1.0	0	1	8:6
50N_010E	8:uniform	45.07606631843739	18.868160247802734	12	2262	1472	173	53	36,110,36,255	8	0.5	0	0	8:3 17:3
50N_010E	8:uniform	44.93211656495211	19.140071868896484	12	2265	1474	197	134	36,110,36,255	8	1.0	1	1	8:4
50N_010E	8:uniform	44.97997810600696	19.259891510009766	12	2267	1473	34	193	211,211,211,255	2	0.667	0	0	2:4 13:2
50N_010E	8:uniform	44.94791285672948	19.116039276123047	12	2265	1474	127	69	36,110,36,255	2	0.75	0	0	2:3 8:1
50N_010E	9:any	48.62803009772816	11.180133819580078	12	2175	1413	52	21	211,211,211,255	12	0.833	0	0	12:5 13:1
50N_010E	9:any	46.596028876891666	17.156009674072266	12	2243	1447	50	98	36,110,36,255	9	1.0	0	1	9:4
50N_010E	9:any	48.25199805269631	11.508007049560547	12	2178	1419	239	136	211,211,211,255	12	0.75	0	0	12:3 13:1
50N_010E	9:any	46.60404922548691	17.19583511352539	12	2243	1447	166	64	211,211,211,255	12	1.0	0	1	12:6
50N_010E	9:any	47.659953547606165	17.035846710205078	12	2241	1429	212	151	211,211,211,255	12	1.0	0	1	12:6
50N_010E	10:any	40.48390674003766	19.452152252197266	12	2269	1543	82	114	211,211,211,255	13	1.0	0	1	13:6
50N_010E	10:any	45.892039329886096	18.403987884521484	12	2257	1458	101	247	211,211,211,255	12	1.0	0	1	12:4
50N_010E	10:any	43.05195585112235	17.524051666259766	12	2247	1504	98	67	211,211,211,255	10	0.5	0	0	10:2 12:2
50N_010E	10:any	45.52402902951766	16.451854705810547	12	2235	1464	47	246	211,211,211,255	13	0.5	0	0	12:3 13:3
50N_010E	10:any	47.07608436135065	13.58785629272461	12	2202	1439	153	102	36,110,36,255	2	1.0	1	1	2:6
50N_010E	11:uniform	42.2919134426476	19.36391830444336	12	2268	1516	81	6	185,185,30,255	11	1.0	1	1	11:6
50N_010E	11:uniform	47.66804624809707	16.724109649658203	12	2238	1429	72	116	185,185,30,255	11	1.0	1	1	11:6
50N_010E	12:uniform	47.68399675442248	18.803958892822266	12	2261	1429	242	47	211,211,211,255	12	1.0	1	1	12:4
50N_010E	12:uniform	49.94006279064467	17.851924896240234	12	2251	1390	29	50	211,211,211,255	12	1.0	1	1	12:4
50N_010E	12:uniform	45.44411460273042	18.39609146118164	12	2257	1466	78	66	211,211,211,255	12	1.0	1	1	12:6
50N_010E	12:uniform	49.78004476956839	17.691936492919922	12	2249	1393	75	5	211,211,211,255	12	1.0	0	1	12:4
50N_010E	12:uniform	47.94797112370882	18.76413345336914	12	2261	1424	126	182	211,211,211,255	12	1.0	1	1	12:6
50N_010E	13:uniform	40.747907209689	14.492168426513672	12	2212	1539	227	125	211,211,211,255	13	1.0	1	1	13:6
50N_010E	13:uniform	47.276084501295394	11.42801284790039	12	2178	1436	6	13	211,211,211,255	13	1.0	0	1	13:4
50N_010E	13:uniform	41.81188330764011	12.484073638916016	12	2190	1523	10	97	211,211,211,255	13	1.0	1	1	13:4
50N_010E	13:uniform	44.11606057030801	12.33987808227539	12	2188	1487	102	140	211,211,211,255	13	1.0	1	1	13:6
50N_010E	13:uniform	40.89210459571837	14.403934478759766	12	2211	1537	226	82	211,211,211,255	13	1.0	1	1	13:4
50N_010E	14:uniform	49.54804568562364	11.084003448486328	12	2174	1397	28	25	211,211,211,255	14	1.0	0	1	14:4
50N_010E	14:uniform	48.884021310985744	14.980030059814453	12	2218	1408	112	170	211,211,211,255	14	1.0	0	1	14:4
50N_010E	14:uniform	43.40392504771451	18.876056671142578	12	2262	1498	196	196	36,110,36,255	2	1.0	0	1	2:4
50N_010E	14:uniform	49.39589302643629	18.219966888427734	12	2255	1399	77	195	36,110,36,255	2	0.75	0	0	2:3 13:1
50N_010E	14:uniform	44.3080038449637	17.468090057373047	12	2246	1484	191	128	211,211,211,255	14	1.0	1	1	14:6
50N_010E	15:uniform	44.419927056445154	15.908031463623047	12	2228	1482	255	184	211,211,211,255	15	1.0	1	1	15:4
50N_010E	15:uniform	43.77989420818519	17.139873504638672	12	2243	1492	3	220	211,211,211,255	15	1.0	0	1	15:6
50N_010E	15:uniform	43.60388895634157	17.17214584350586	12	2243	1495	97	161	185,185,30,255	3	0.833	0	0	3:5 15:1
50N_010E	15:uniform	43.771961519432956	17.29196548461914	12	2244	1492	190	252	211,211,211,255	15	1.0	1	1	15:4
50N_010E	15:uniform	44.419927056445154	15.91592788696289	12	2229	1482	22	184	211,211,211,255	13	0.75	0	0	13:3 15:1
50N_010E	17:any	45.187965364694556	18.547840118408203	12	2259	1470	8	103	211,211,211,255	12	1.0	1	1	12:6
50N_010E	17:any	45.228117900936944	18.772029876708984	12	2261	1469	149	193	211,211,211,255	17	1.0	0	1	17:4
50N_010E	17:any	44.748074325876786	19.331989288330078	12	2267	1477	244	122	211,211,211,255	4	0.75	0	0	4:3 12:1
50N_010E	17:any	46.779961455545894	19.659862518310547	12	2271	1444	175	85	211,211,211,255	14	1.0	0	1	14:6
50N_010E	17:any	44.93211656495211	19.30795669555664	12	2267	1474	174	134	211,211,211,255	17	1.0	0	1	17:4
50N_010E	17:any	45.187965364694556	18.619937896728516	12	2259	1470	218	103	211,211,211,255	12	1.0	1	1	12:4
50N_010E	17:any	45.084066388439275	17.907886505126953	12	2251	1472	192	20	36,110,36,255	2	0.5	0	0	2:3 3:1 8:2
50N_010E	17:any	47.07608436135065	19.852123260498047	12	2273	1439	223	102	211,211,211,255	12	1.0	1	1	12:6
50N_010E	17:any	45.86789943388497	18.963947296142578	12	2263	1459	196	92	211,211,211,255	17	1.0	0	1	17:4
50N_010E	17:any	46.300101596249796	19.716167449951172	12	2272	1452	83	69	211,211,211,255	12	1.0	1	1	12:6
50N_010E	17:any	46.99606068309415	19.356021881103516	12	2268	1440	58	188	211,211,211,255	12	0.75	0	0	12:3 13:1
50N_010E	17:any	45.931930804355076	17.66000747680664	12	2248	1458	238	80	211,211,211,255	12	1.0	1	1	12:4
50N_010E	17:any	45.57211553700611	15.82803726196289	12	2228	1464	22	46	36,110,36,255	8	0.5	0	0	8:2 12:2
50N_010E	17:any	44.97196347392783	19.019908905029297	12	2264	1473	103	226	36,110,36,255	8	1.0	0	1	8:6
50N_010E	17:any	44.34803604078736	12.276020050048828	12	2187	1483	172	221	211,211,211,255	17	1.0	1	1	17:4
50N_010E	18:any	47.65209086576228	10.652103424072266	12	2169	1429	50	185	211,211,211,255	12	1.0	1	1	12:6
50N_010E	18:any	47.819955549743824	10.948047637939453	12	2172	1426	144	226	211,211,211,255	12	0.5	0	0	12:2 13:2
50N_010E	18:any	47.7879022176506	12.06796646118164	12	2185	1427	78	109	36,110,36,255	9	1.0	0	1	9:4
50N_010E	18:any	49.70794141382736	12.428112030029297	12	2189	1394	103	74	211,211,211,255	12	1.0	0	1	12:6
50N_010E	18:any	49.04405694929989	15.195980072021484	12	2220	1405	229	228	211,211,211,255	18	1.0	0	1	18:4
50N_010E	18:any	48.06809995185228	13.124027252197266	12	2197	1422	82	171	211,211,211,255	13	1.0	0	1	13:4
50N_010E	18:any	48.372102080592946	17.092151641845703	12	2242	1417	120	122	211,211,211,255	18	1.0	1	1	18:6
50N_010E	18:any	47.83609002752025	12.828083038330078	12	2193	1426	244	156	211,211,211,255	13	0.667	0	0	13:4 18:2
50N_010E	18:any	47.843924964165865	12.71615982055664	12	2192	1426	174	122	211,211,211,255	13	0.5	0	0	12:3 13:3
50N_010E	18:any	47.66804624809707	10.524044036865234	12	2167	1429	189	116	211,211,211,255	18	1.0	0	1	18:4
50N_010E	18:any	47.619934057434314	10.684032440185547	12	2169	1430	143	68	211,211,211,255	18	1.0	0	1	18:4
50N_010E	18:any	49.69994798751338	16.019954681396484	12	2230	1394	69	110	211,211,211,255	12	1.0	0	1	12:4
50N_010E	18:any	48.66795175665274	14.059925079345703	12	2207	1412	248	101	211,211,211,255	18	1.0	1	1	18:4
50N_010E	18:any	49.012090903865975	13.611888885498047	12	2202	1406	223	114	211,211,211,255	18	0.833	0	0	13:1 18:5
50N_010E	18:any	48.02793502927868	12.995967864990234	12	2195	1423	221	90	211,211,211,255	15	1.0	0	1	15:4
50N_010E	19:any	44.68391122081756	15.763835906982422	12	2227	1478	91	129	211,211,211,255	19	0.5	0	0	12:3 19:3
50N_010E	19:any	45.291916564378596	19.76388931274414	12	2272	1468	222	185	211,211,211,255	12	1.0	0	1	12:6
50N_010E	19:any	45.132043285208916	17.868061065673828	12	2251	1471	76	78	185,185,30,255	10	0.5	0	0	10:2 12:2
50N_010E	19:any	43.05998341977743	17.524051666259766	12	2247	1504	98	35	185,185,30,255	10	0.5	0	0	10:2 15:1 19:1
50N_010E	19:any	43.035897561232055	17.035846710205078	12	2241	1504	212	131	211,211,211,255	15	0.833	0	0	15:5 17:1
50N_010E	19:any	44.091900385915345	16.884098052978516	12	2240	1487	26	238	211,211,211,255	15	1.0	1	1	15:6
50N_010E	19:any	48.660015307899634	16.940059661865234	12	2240	1412	189	136	36,110,36,255	8	1.0	0	1	8:4
50N_010E	19:any	47.74798087303007	17.771930694580078	12	2250	1428	52	26	211,211,211,255	17	1.0	0	1	17:4
50N_010E	19:any	41.93995658807597	19.40408706665039	12	2268	1521	198	108	211,211,211,255	12	1.0	1	1	12:6
50N_010E	19:any	46.324053071669965	19.043941497802734	12	2264	1451	173	224	211,211,211,255	12	1.0	0	1	12:4
50N_010E	19:any	41.02795991502366	19.46004867553711	12	2269	1535	105	70	211,211,211,255	12	1.0	0	1	12:4
50N_010E	19:any	44.6121009475517	15.69997787475586	12	2226	1479	161	167	185,185,30,255	10	1.0	0	1	10:4
50N_010E	19:any	45.66792522548748	18.93991470336914	12	2263	1462	126	159	211,211,211,255	12	1.0	1	1	12:6
50N_010E	19:any	45.74009437410819	18.876056671142578	12	2262	1461	196	114	211,211,211,255	12	1.0	1	1	12:4
50N_010E	19:any	40.796007833832284	19.419879913330078	12	2268	1538	244	196	211,211,211,255	12	1.0	1	1	12:6
50N_010E	20:any	47.66804624809707	10.580005645751953	12	2168	1429	96	116	211,211,211,255	13	0.5	0	0	12:2 13:2
50N_010E	20:any	47.15598804462551	18.251895904541016	12	2255	1438	170	16	211,211,211,255	20	0.667	0	0	12:2 20:4
50N_010E	20:any	47.68399675442248	17.02005386352539	12	2241	1429	166	47	36,110,36,255	9	1.0	0	1	9:4
50N_010E	20:any	47.83609002752025	11.459941864013672	12	2178	1426	99	156	211,211,211,255	12	0.5	0	0	11:2 12:2
50N_010E	20:any	48.60397112114062	16.996021270751953	12	2241	1413	96	127	211,211,211,255	13	1.0	0	1	13:4
50N_010E	20:any	48.43592050919779	17.115840911865234	12	2242	1416	189	98	211,211,211,255	14	1.0	1	1	14:6
50N_010E	20:any	47.843924964165865	11.268024444580078	12	2176	1426	52	122	211,211,211,255	18	1.0	0	1	18:4
50N_010E	20:any	44.0600826413684	16.676044464111328	12	2237	1488	188	111	36,110,36,255	9	1.0	0	1	9:4
50N_010E	20:any	47.819955549743824	11.459941864013672	12	2178	1426	99	226	211,211,211,255	13	1.0	0	1	13:4
50N_010E	20:any	47.64399569183654	10.531940460205078	12	2167	1429	212	220	36,110,36,255	9	1.0	0	1	9:4
50N_010E	20:any	43.995901865538194	16.73990249633789	12	2238	1489	118	115	185,185,30,255	15	0.5	0	0	3:3 15:3
50N_010E	20:any	44.06797701078369	16.683940887451172	12	2237	1488	211	79	211,211,211,255	20	0.75	0	0	15:1 20:3
50N_010E	20:any	42.252028350134815	19.30795669555664	12	2267	1516	174	163	211,211,211,255	20	1.0	0	1	20:4
50N_010E	20:any	42.2919134426476	19.292163848876953	12	2267	1516	128	6	211,211,211,255	18	0.667	0	0	9:2 18:4
50N_010E	20:any	47.8040466556671	17.275829315185547	12	2244	1427	143	39	211,211,211,255	12	1.0	0	1	12:6
50N_010E	21:any	43.97193969988081	16.107845306396484	12	2231	1489	69	212	185,185,30,255	3	1.0	0	1	3:6
50N_010E	21:any	43.172008643096525	18.788166046142578	12	2261	1502	196	100	36,110,36,255	2	0.5	0	0	2:3 3:1 12:2
50N_010E	21:any	43.18002047924537	17.56387710571289	12	2247	1502	214	68	211,211,211,255	3	0.667	0	0	3:4 15:2
50N_010E	21:any	43.587975901414886	17.156009674072266	12	2243	1495	50	225	211,211,211,255	15	1.0	0	1	15:4
50N_010E	21:any	43.31606084885407	17.059879302978516	12	2242	1500	26	36	36,110,36,255	2	1.0	0	1	2:6
50N_010E	21:any	43.18803126421803	17.708072662353516	12	2249	1502	122	36	211,211,211,255	15	0.75	0	0	3:1 15:3
50N_010E	21:any	44.28392225704308	15.995922088623047	12	2229	1484	255	226	36,110,36,255	2	1.0	0	1	2:4
50N_010E	21:any	43.276080516013785	17.131977081298828	12	2242	1500	236	196	211,211,211,255	15	1.0	1	1	15:4
50N_010E	21:any	45.17199322841113	14.628124237060547	12	2214	1470	111	169	185,185,30,255	6	1.0	0	1	6:6
50N_010E	21:any	41.604019291149854	15.716114044189453	12	2226	1526	208	140	211,211,211,255	12	1.0	1	1	12:6
50N_010E	21:any	43.88391319597796	16.603946685791016	12	2236	1491	234	56	211,211,211,255	3	0.5	0	0	3:2 15:2
50N_010E	21:any	44.771964817038544	14.78811264038086	12	2216	1477	65	24	185,185,30,255	6	1.0	0	1	6:6
50N_010E	21:any	44.15597718187861	16.324138641357422	12	2233	1486	187	234	36,110,36,255	2	1.0	0	1	2:6
50N_010E	21:any	43.300071870041926	17.092151641845703	12	2242	1500	120	100	36,110,36,255	2	1.0	0	1	2:6
50N_010E	21:any	43.868074391983235	16.61184310913086	12	2237	1491	1	120	185,185,30,255	3	0.667	0	0	3:4 15:2
30N_000E	3:any	25.315942496229297	3.7880516052246094	12	2091	1750	25	26	185,185,30,255	6	1.0	1	1	6:4
30N_000E	3:any	20.036096072967265	1.2519264221191406	12	2062	1815	62	61	185,185,30,255	6	1.0	1	1	6:6
30N_000E	3:any	20.131862343523668	0.4440879821777344	12	2053	1814	13	20	185,185,30,255	6	1.0	1	1	6:9
30N_000E	3:any	20.66796268092927	1.4761161804199219	12	2064	1807	203	146	185,185,30,255	6	1.0	1	1	6:6
30N_000E	3:any	28.700074120873687	0.3400611877441406	12	2051	1706	222	224	211,211,211,255	13	1.0	0	1	13:4
30N_000E	4:any	25.86802816793863	8.595943450927734	12	2145	1743	205	35	185,185,30,255	6	1.0	1	1	6:4
30N_000E	4:any	26.092092470087977	7.459888458251953	12	2132	1740	224	77	185,185,30,255	6	1.0	1	1	6:6
30N_000E	4:any	25.684076687236203	4.643955230712891	12	2100	1745	214	118	185,185,30,255	6	1.0	1	1	6:4
30N_000E	4:any	26.131860810948407	7.236042022705078	12	2130	1739	84	204	185,185,30,255	6	1.0	1	1	6:6
30N_000E	4:any	26.07605799618792	8.17983627319336	12	2141	1740	17	129	185,185,30,255	6	1.0	1	1	6:6
30N_000E	6:uniform	23.948135518040356	3.6040306091308594	12	2089	1767	1	57	185,185,30,255	6	1.0	1	1	6:6
30N_000E	6:uniform	29.539859445020486	2.1318626403808594	12	2072	1695	65	240	185,185,30,255	6	1.0	1	1	6:9
30N_000E	6:uniform	25.58007243281061	2.203960418701172	12	2073	1746	19	198	185,185,30,255	6	1.0	1	1	6:4
30N_000E	6:uniform	25.59586462203134	3.444042205810547	12	2087	1746	47	147	185,185,30,255	6	1.0	1	1	6:6
30N_000E	6:uniform	28.94011064547048	8.443851470947266	12	2144	1703	18	194	185,185,30,255	6	1.0	1	1	6:9
30N_000E	10:any	29.25989491895993	0.19586563110351562	12	2050	1699	58	152	185,185,30,255	6	1.0	1	1	6:9
30N_000E	10:any	28.020014689016772	9.572010040283203	12	2156	1715	232	171	185,185,30,255	6	1.0	1	1	6:4
30N_000E	10:any	27.26790529462989	2.484111785888672	12	2076	1725	67	84	185,185,30,255	3	0.667	0	0	3:4 6:2
30N_000E	12:any	28.72386179412866	0.23603439331054688	12	2050	1706	175	145	185,185,30,255	6	1.0	1	1	6:6
30N_000E	12:any	27.09993488644764	1.9001197814941406	12	2069	1727	158	122	211,211,211,255	12	1.0	1	1	12:6
30N_000E	12:any	29.57987668124161	1.8678474426269531	12	2069	1695	64	106	211,211,211,255	12	0.778	0	0	6:2 12:7
30N_000E	12:any	28.747945062913406	0.2919960021972656	12	2051	1706	82	65	185,185,30,255	6	1.0	1	1	6:4
30N_000E	12:any	27.09993488644764	0.044116973876953125	12	2048	1727	128	122	185,185,30,255	6	1.0	1	1	6:6
30N_000E	13:any	27.32404250983001	6.036128997802734	12	2116	1724	173	156	185,185,30,255	6	1.0	1	1	6:6
30N_000E	13:any	23.635875127879306	1.0521125793457031	12	2059	1771	248	27	185,185,30,255	6	1.0	1	1	6:9
30N_000E	13:any	21.532132442730603	2.5798988342285156	12	2077	1797	90	8	185,185,30,255	6	1.0	0	1	6:9
30N_000E	13:any	28.42809040923139	7.939853668212891	12	2138	1710	86	102	185,185,30,255	6	1.0	1	1	6:6
30N_000E	13:any	28.90014300445241	4.483966827392578	12	2099	1704	4	71	185,185,30,255	6	1.0	1	1	6:6
30N_000E	15:any	26.93201820025945	1.5001487731933594	12	2065	1729	17	159	185,185,30,255	6	1.0	1	1	6:6
30N_000E	15:any	29.396085061557887	0.21989822387695312	12	2050	1697	128	209	185,185,30,255	6	1.0	1	1	6:6
30N_000E	15:any	27.212045039724067	2.4600791931152344	12	2075	1726	253	11	185,185,30,255	6	0.833	0	0	6:5 15:1
30N_000E	15:any	29.267981605615923	0.22813796997070312	12	2050	1699	152	125	185,185,30,255	6	1.0	1	1	6:6
30N_000E	15:any	27.179981421615544	2.436046600341797	12	2075	1726	183	116	185,185,30,255	6	1.0	1	1	6:4
30N_000E	19:any	27.172040435129702	2.436046600341797	12	2075	1726	183	142	185,185,30,255	6	1.0	1	1	6:4
30N_000E	21:any	28.747945062913406	0.059909820556640625	12	2048	1706	174	65	185,185,30,255	6	1.0	1	1	6:6
30N_000E	21:any	21.907852346246962	4.348011016845703	12	2097	1792	120	110	185,185,30,255	6	1.0	1	1	6:6
30N_000E	21:any	29.187985166347985	0.19586563110351562	12	2050	1700	58	136	185,185,30,255	6	1.0	1	1	6:6
30N_000E	21:any	29.684026207438922	0.6919670104980469	12	2055	1694	223	13	185,185,30,255	6	1.0	1	1	6:4
30N_000E	21:any	25.964063907520455	3.172130584716797	12	2084	1741	23	236	185,185,30,255	6	1.0	1	1	6:6
30N_000E	21:any	21.940020216744685	5.659847259521484	12	2112	1792	101	9	185,185,30,255	6	1.0	1	1	6:6
30N_000E	21:any	28.66814798723585	0.3558540344238281	12	2052	1707	12	74	185,185,30,255	6	1.0	1	1	6:9
30N_000E	21:any	26.676146138379124	0.18796920776367188	12	2050	1732	35	226	185,185,30,255	6	1.0	1	1	6:6
30N_000E	21:any	21.092027826441456	1.1959648132324219	12	2061	1802	155	104	211,211,211,255	13	1.0	0	1	13:4
30N_000E	21:any	26.71602042224715	0.3160285949707031	12	2051	1732	152	96	185,185,30,255	6	1.0	1	1	6:4
30N_000E	21:any	25.86802816793863	0.3160285949707031	12	2051	1743	152	35	185,185,30,255	6	1.0	1	1	6:4
30N_000E	21:any	25.84392977320962	3.1961631774902344	12	2084	1743	93	113	185,185,30,255	6	1.0	1	1	6:6
30N_000E	21:any	28.763897171217383	0.059909820556640625	12	2048	1706	174	12	185,185,30,255	6	1.0	1	1	6:9
30N_000E	21:any	28.675979826521836	0.3479576110839844	12	2051	1707	245	48	185,185,30,255	6	1.0	1	1	6:4
30N_000E	21:any	27.28407816346519	2.787952423095703	12	2079	1725	184	31	185,185,30,255	6	1.0	1	1	6:4
10N_030E	2:uniform	5.603856235783071	38.28409194946289	12	2483	1984	150	35	36,110,36,255	2	1.0	1	1	2:9
10N_030E	2:uniform	5.31609035589043	30.235919952392578	12	2392	1987	4	109	36,110,36,255	2	1.0	0	1	2:9
10N_030E	2:uniform	7.788044049809997	36.3398551940918	12	2461	1959	119	29	36,110,36,255	2	1.0	1	1	2:6
10N_030E	2:uniform	4.22812520557748	32.524166107177734	12	2418	1999	13	217	36,110,36,255	2	0.667	0	0	2:6 13:3
10N_030E	2:uniform	0.9240131362694571	35.548152923583984	12	2452	2037	117	124	36,110,36,255	2	1.0	1	1	2:6
10N_030E	3:uniform	0.4760115222918296	38.29988479614258	12	2483	2042	196	149	185,185,30,255	3	1.0	1	1	3:6
10N_030E	3:uniform	1.6760342649363211	35.74796676635742	12	2454	2028	187	237	185,185,30,255	3	1.0	1	1	3:4
10N_030E	3:uniform	0.6521274906422327	39.28384780883789	12	2494	2040	246	148	185,185,30,255	3	1.0	1	1	3:9
10N_030E	3:uniform	4.636141249612709	36.57194137573242	12	2464	1995	27	49	185,185,30,255	3	1.0	1	1	3:6
10N_030E	3:uniform	4.819878135807577	36.41195297241211	12	2462	1993	73	24	185,185,30,255	3	1.0	1	1	3:6
10N_030E	4:uniform	2.7721073936104332	36.56404495239258	12	2464	2016	4	114	185,185,30,255	4	1.0	1	1	4:6
10N_030E	4:uniform	1.6279890587756913	30.707988739013672	12	2397	2029	99	121	185,185,30,255	4	1.0	1	1	4:4
10N_030E	4:uniform	3.0920077721719514	36.35599136352539	12	2461	2012	166	205	185,185,30,255	4	1.0	1	1	4:4
10N_030E	4:uniform	4.05999452326264	36.179866790771484	12	2459	2001	165	196	185,185,30,255	4	1.0	1	1	4:6
10N_030E	4:uniform	1.6279890587756913	30.812015533447266	12	2398	2029	146	121	185,185,30,255	4	1.0	1	1	4:4
10N_030E	6:uniform	2.8118855575254	36.32406234741211	12	2461	2015	73	254	185,185,30,255	6	1.0	0	1	6:6
10N_030E	6:uniform	2.211993798524625	36.491947174072266	12	2463	2022	50	211	185,185,30,255	6	1.0	0	1	6:4
10N_030E	6:uniform	2.9480125130190302	36.20389938354492	12	2459	2014	235	113	185,185,30,255	6	1.0	1	1	6:6
10N_030E	6:uniform	2.5879448054311602	36.188106536865234	12	2459	2018	189	139	185,185,30,255	6	0.667	0	0	3:2 6:4
10N_030E	6:uniform	2.2041032381740635	36.49984359741211	12	2463	2022	73	234	185,185,30,255	6	1.0	1	1	6:9
10N_030E	8:uniform	9.043953584456913	31.74001693725586	12	2409	1944	33	171	36,110,36,255	8	1.0	1	1	8:4
10N_030E	8:uniform	9.052090802384715	30.03610610961914	12	2389	1944	190	147	36,110,36,255	8	1.0	0	1	8:9
10N_030E	8:uniform	8.97986657785504	31.195850372314453	12	2402	1945	240	104	185,185,30,255	8	0.667	0	0	8:6 10:3
10N_030E	8:uniform	7.844166019970171	31.340045928955078	12	2404	1958	148	120	36,110,36,255	8	1.0	0	1	8:6
10N_030E	8:uniform	8.860139400944869	31.180057525634766	12	2402	1946	194	201	36,110,36,255	8	1.0	1	1	8:6
10N_030E	9:any	7.8040310761879805	35.53201675415039	12	2452	1958	70	238	36,110,36,255	2	1.0	1	1	2:4
10N_030E	9:any	6.356075030205164	39.3720817565918	12	2495	1975	247	136	36,110,36,255	2	1.0	1	1	2:6
10N_030E	9:any	3.6599040060273493	30.436077117919922	12	2394	2006	75	84	36,110,36,255	2	0.833	0	0	2:5 3:1
10N_030E	9:any	7.13206469744436	30.787982940673828	12	2398	1966	76	164	36,110,36,255	8	0.5	0	0	8:2 10:2
10N_030E	9:any	9.059888796803508	33.03606033325195	12	2423	1944	224	124	185,185,30,255	10	1.0	1	1	10:6
10N_030E	10:uniform	7.628140430596959	32.93203353881836	12	2422	1960	177	243	185,185,30,255	10	1.0	1	1	10:6
10N_030E	10:uniform	9.627999222198033	32.459964752197266	12	2417	1937	82	239	185,185,30,255	10	1.0	1	1	10:4
10N_030E	10:uniform	7.844166019970171	30.235919952392578	12	2392	1958	4	120	185,185,30,255	10	1.0	1	1	10:9
10N_030E	10:uniform	7.299982163071492	31.13199234008789	12	2402	1964	54	183	185,185,30,255	10	1.0	1	1	10:4
10N_030E	10:uniform	9.652030933186897	31.444072723388672	12	2405	1937	195	168	185,185,30,255	10	1.0	1	1	10:4
10N_030E	11:uniform	7.98800762752671	30.03610610961914	12	2389	1956	190	209	185,185,30,255	11	1.0	1	1	11:6
10N_030E	11:uniform	8.956127770158794	30.347843170166016	12	2393	1945	74	174	185,185,30,255	11	1.0	0	1	11:9
10N_030E	11:uniform	9.451940463367572	30.347843170166016	12	2393	1939	74	247	185,185,30,255	11	1.0	1	1	11:6
10N_030E	11:uniform	4.923871160302112	34.572086334228516	12	2441	1991	90	232	185,185,30,255	11	1.0	0	1	11:9
10N_030E	11:uniform	9.491900220697941	30.300121307373047	12	2392	1939	191	129	185,185,30,255	11	1.0	1	1	11:9
10N_030E	12:uniform	6.291923116423256	39.67592239379883	12	2499	1976	108	68	211,211,211,255	12	1.0	1	1	12:4
10N_030E	12:uniform	9.932160435436709	38.25216293334961	12	2483	1934	57	108	211,211,211,255	12	1.0	1	1	12:9
10N_030E	12:uniform	2.2521320829840668	33.3079719543457	12	2426	2022	248	94	211,211,211,255	12	1.0	0	1	12:6
10N_030E	12:uniform	8.764125957531883	39.26015853881836	12	2494	1947	177	228	211,211,211,255	12	1.0	1	1	12:9
10N_030E	12:uniform	9.932160435436709	39.90800857543945	12	2502	1934	16	108	211,211,211,255	12	1.0	1	1	12:6
10N_030E	13:uniform	8.547920518589569	39.27595138549805	12	2494	1950	223	97	211,211,211,255	13	1.0	1	1	13:4
10N_030E	13:uniform	0.40391587431192144	32.5718879699707	12	2418	2043	152	103	211,211,211,255	13	1.0	1	1	13:9
10N_030E	13:uniform	0.45197971773909706	34.116153717041016	12	2436	2042	42	219	211,211,211,255	13	1.0	0	1	13:6
10N_030E	13:uniform	8.524154142233078	37.97990798950195	12	2480	1950	32	167	211,211,211,255	13	0.667	0	0	3:3 13:6
10N_030E	13:uniform	7.212114261679329	38.604068756103516	12	2487	1965	58	185	211,211,211,255	13	1.0	1	1	13:6
10N_030E	14:uniform	0.6119611732728878	31.492137908935547	12	2406	2041	79	9	36,110,36,255	2	0.833	0	0	2:5 14:1
10N_030E	15:uniform	3.532096780480479	33.7800407409668	12	2432	2007	87	201	211,211,211,255	15	0.833	0	0	12:1 15:5
10N_030E	15:uniform	3.5560834113443125	33.8679313659668	12	2433	2007	87	131	211,211,211,255	15	1.0	1	1	15:6
10N_030E	15:uniform	3.315846964185058	33.804073333740234	12	2432	2010	157	64	211,211,211,255	15	1.0	0	1	15:6
10N_030E	15:uniform	0.18007248797710612	30.908145904541016	12	2399	2045	170	243	211,211,211,255	15	1.0	1	1	15:6
10N_030E	15:uniform	3.331955987951546	33.88406753540039	12	2433	2010	134	17	211,211,211,255	15	1.0	1	1	15:4
10N_030E	17:any	8.851997887471185	31.379871368408203	12	2405	1946	8	225	185,185,30,255	10	1.0	1	1	10:6
10N_030E	17:any	9.003942923753387	32.46786117553711	12	2417	1945	105	33	185,185,30,255	10	0.833	0	0	3:1 10:5
10N_030E	17:any	7.940066009643214	31.31601333618164	12	2404	1957	78	94	185,185,30,255	10	0.75	0	0	8:1 10:3
10N_030E	17:any	8.860139400944869	31.13199234008789	12	2402	1946	54	201	185,185,30,255	8	0.833	0	0	8:5 10:1
10N_030E	17:any	9.019879904990905	32.331905364990234	12	2415	1944	221	242	36,110,36,255	10	0.556	0	0	8:4 10:5
10N_030E	17:any	7.915923074669948	31.291980743408203	12	2404	1957	8	165	185,185,30,255	10	1.0	0	1	10:4
10N_030E	17:any	0.027980803331156417	34.1319465637207	12	2436	2047	88	174	211,211,211,255	13	0.75	0	0	10:1 13:3
10N_030E	17:any	6.980102481764316	30.73202133178711	12	2397	1968	169	98	185,185,30,255	10	1.0	1	1	10:6
10N_030E	17:any	9.372007047014188	32.93203353881836	12	2422	1940	177	227	185,185,30,255	10	1.0	0	1	10:4
10N_030E	17:any	1.0359199659372773	33.45216751098633	12	2428	2036	156	54	185,185,30,255	10	1.0	0	1	10:9
10N_030E	17:any	9.267998338026265	33.73197555541992	12	2431	1942	203	22	36,110,36,255	3	0.75	0	0	2:1 3:3
10N_030E	17:any	9.7958467414671	32.90800094604492	12	2422	1935	107	255	36,110,36,255	8	1.0	0	1	8:6
10N_030E	17:any	8.435866124506367	33.988094329833984	12	2434	1951	181	171	185,185,30,255	3	0.667	0	0	3:6 10:3
10N_030E	17:any	8.196028991791552	34.91609573364258	12	2445	1954	68	109	185,185,30,255	2	0.5	0	0	2:3 3:3
10N_030E	17:any	7.844166019970171	31.13199234008789	12	2402	1958	54	120	36,110,36,255	8	0.833	0	0	8:5 10:1
10N_030E	18:any	2.0761332002070887	32.34804153442383	12	2416	2024	12	95	185,185,30,255	3	1.0	0	1	3:6
10N_030E	18:any	7.467836610809104	30.748157501220703	12	2397	1962	216	202	185,185,30,255	4	1.0	0	1	4:9
10N_030E	18:any	0.1399038831916255	32.85993576049805	12	2421	2046	223	104	185,185,30,255	4	1.0	0	1	4:6
10N_030E	18:any	8.220155202131988	34.45192337036133	12	2439	1954	252	38	185,185,30,255	3	1.0	0	1	3:6
10N_030E	18:any	0.8038638544925887	32.19594955444336	12	2414	2038	81	218	185,185,30,255	10	0.667	0	0	10:4 11:2
10N_030E	18:any	0.09183879734369074	32.44382858276367	12	2417	2046	35	244	185,185,30,255	4	1.0	1	1	4:9
10N_030E	18:any	0.5800338849821696	33.07588577270508	12	2424	2041	84	102	185,185,30,255	4	1.0	0	1	4:6
10N_030E	18:any	7.180096125393328	35.571842193603516	12	2452	1966	186	23	36,110,36,255	2	1.0	1	1	2:9
10N_030E	18:any	0.15603999875932845	32.68415451049805	12	2419	2046	223	57	185,185,30,255	4	1.0	1	1	4:6
10N_030E	18:any	0.05990980963978864	32.44382858276367	12	2417	2047	35	81	185,185,30,255	11	0.889	0	0	9:1 11:8
10N_030E	18:any	7.524000755763599	30.540103912353516	12	2395	1962	122	37	185,185,30,255	10	1.0	0	1	10:6
10N_030E	18:any	0.18007248797710612	32.5718879699707	12	2418	2045	152	243	185,185,30,255	11	0.5	0	0	9:3 11:3
10N_030E	18:any	9.539981207719373	37.20399856567383	12	2471	1938	76	243	185,185,30,255	4	1.0	1	1	4:4
10N_030E	19:any	0.20410494551376845	30.82815170288086	12	2398	2045	193	173	211,211,211,255	15	1.0	1	1	15:9
10N_030E	19:any	1.1241382295756035	30.27608871459961	12	2392	2035	121	53	185,185,30,255	10	0.778	0	0	10:7 19:2
10N_030E	19:any	0.011844634925399418	30.131893157958984	12	2390	2047	213	221	185,185,30,255	4	1.0	1	1	4:9
10N_030E	19:any	0.12411107847814731	31.507930755615234	12	2406	2046	125	150	36,110,36,255	2	0.333	0	0	2:2 3:2 8:1 15:1
10N_030E	19:any	2.852005262638452	33.17991256713867	12	2425	2015	131	137	211,211,211,255	20	1.0	0	1	20:6
10N_030E	19:any	0.07604596766313797	31.74001693725586	12	2409	2047	33	34	185,185,30,255	10	0.75	0	0	3:1 10:3
10N_030E	19:any	1.9001147168950383	34.29983139038086	12	2438	2026	65	96	185,185,30,255	10	1.0	0	1	10:9
10N_030E	19:any	0.4760115222918296	33.89986038208008	12	2433	2042	180	149	211,211,211,255	12	1.0	1	1	12:6
10N_030E	19:any	0.2360337256933543	31.163921356201172	12	2402	2045	147	80	211,211,211,255	15	1.0	0	1	15:6
10N_030E	19:any	0.9401471705305039	31.987895965576172	12	2411	2037	243	77	185,185,30,255	3	0.556	0	0	3:5 15:2 19:2
10N_030E	19:any	0.21200131678747858	31.31601333618164	12	2404	2045	78	150	211,211,211,255	15	1.0	0	1	15:4
10N_030E	19:any	0.1639363913085182	32.515926361083984	12	2417	2046	245	34	211,211,211,255	13	1.0	0	1	13:4
10N_030E	19:any	1.3239063765702286	31.77194595336914	12	2409	2032	126	239	185,185,30,255	10	1.0	1	1	10:6
10N_030E	19:any	8.468127558491917	30.099964141845703	12	2390	1951	120	76	185,185,30,255	10	1.0	0	1	10:6
10N_030E	19:any	0.15603999875932845	31.667919158935547	12	2408	2046	79	57	211,211,211,255	19	1.0	0	1	19:6
10N_030E	20:any	0.035877225438650004	31.82790756225586	12	2410	2047	33	151	185,185,30,255	20	0.556	0	0	11:4 20:5
10N_030E	20:any	8.212000027404997	30.259952545166016	12	2392	1954	74	62	211,211,211,255	19	0.5	0	0	10:2 19:2
10N_030E	20:any	8.444016636259228	33.17201614379883	12	2425	1951	108	147	185,185,30,255	10	1.0	0	1	10:4
10N_030E	20:any	9.299847941825382	37.27609634399414	12	2472	1941	30	184	211,211,211,255	12	1.0	0	1	12:9
10N_030E	20:any	3.204104880122389	31.46810531616211	12	2406	2011	9	134	211,211,211,255	20	1.0	1	1	20:9
10N_030E	20:any	9.276130426820659	37.30012893676758	12	2472	1941	100	254	185,185,30,255	10	0.444	0	0	3:2 10:4 11:3
10N_030E	20:any	0.8680583727684408	32.17191696166992	12	2414	2038	11	31	185,185,30,255	10	1.0	0	1	10:6
10N_030E	20:any	3.2438672873598255	31.435832977294922	12	2405	2011	171	18	211,211,211,255	15	0.889	0	0	14:1 15:8
10N_030E	20:any	9.2839235016926	37.30012893676758	12	2472	1941	100	231	211,211,211,255	20	0.667	0	0	11:2 20:4
10N_030E	20:any	0.10007853187435825	32.34804153442383	12	2416	2046	12	220	185,185,30,255	10	0.833	0	0	3:1 10:5
10N_030E	20:any	3.2119889290853365	31.46810531616211	12	2406	2011	9	111	211,211,211,255	15	1.0	0	1	15:6
10N_030E	20:any	3.18799380876571	31.476001739501953	12	2406	2011	32	181	185,185,30,255	3	0.5	0	0	3:2 11:2
10N_030E	20:any	3.2198729171676264	31.379871368408203	12	2405	2011	8	88	36,110,36,255	2	0.556	0	0	2:5 3:2 15:2
10N_030E	20:any	9.900032020059601	39.40401077270508	12	2496	1934	84	203	211,211,211,255	15	1.0	0	1	15:4
10N_030E	20:any	0.8920881303564909	32.06789016723633	12	2412	2037	220	217	185,185,30,255	10	1.0	1	1	10:9
10N_030E	21:any	9.812085568968483	37.47591018676758	12	2474	1935	100	207	211,211,211,255	12	1.0	0	1	12:9
10N_030E	21:any	7.692109121605427	38.73212814331055	12	2488	1960	175	55	185,185,30,255	3	0.889	0	0	3:8 4:1
10N_030E	21:any	0.7719378576775371	31.77194595336914	12	2409	2039	126	55	211,211,211,255	15	1.0	0	1	15:4
10N_030E	21:any	8.524154142233078	36.68386459350586	12	2465	1950	97	167	211,211,211,255	12	0.889	0	0	12:8 15:1
10N_030E	21:any	7.6839434411247165	38.68406295776367	12	2488	1960	35	79	211,211,211,255	21	0.5	0	0	12:2 21:2
10N_030E	21:any	7.715924791299403	38.572139739990234	12	2486	1959	221	241	185,185,30,255	6	0.667	0	0	3:2 6:4
10N_030E	21:any	7.603979549102932	38.5319709777832	12	2486	1961	104	58	211,211,211,255	12	1.0	1	1	12:4
10N_030E	21:any	8.93984883442138	36.915950775146484	12	2468	1945	5	222	185,185,30,255	2	0.5	0	0	2:3 3:1 12:2
10N_030E	21:any	0.6119611732728878	32.5001335144043	12	2417	2041	199	9	36,110,36,255	2	0.5	0	0	2:3 3:2 13:1
10N_030E	21:any	1.6200958073519105	35.03591537475586	12	2446	2029	161	144	185,185,30,255	3	0.889	0	0	3:8 15:1
10N_030E	21:any	7.587984977643595	38.572139739990234	12	2486	1961	221	105	185,185,30,255	4	1.0	0	1	4:6
10N_030E	21:any	7.6839434411247165	38.5319709777832	12	2486	1960	104	79	211,211,211,255	12	1.0	1	1	12:4
10N_030E	21:any	3.9640997443020187	31.507930755615234	12	2406	2002	125	220	36,110,36,255	2	1.0	1	1	2:6
10N_030E	21:any	7.644133503261268	38.17216873168945	12	2482	1960	80	196	211,211,211,255	12	1.0	0	1	12:9
10N_030E	21:any	5.019981839468759	37.87588119506836	12	2478	1990	241	207	185,185,30,255	3	1.0	0	1	3:6
00N_010E	0:uniform	-5.939972580256041	10.652103424072266	12	2169	2115	50	180	0,0,0,0	0	1.0	1	1	0:6
00N_010E	0:uniform	-6.563830944025203	11.803951263427734	12	2182	2122	77	216	0,0,0,0	0	1.0	1	1	0:6
00N_010E	0:uniform	-6.484013651540306	10.180034637451172	12	2163	2121	211	238	0,0,0,0	0	1.0	1	1	0:4
00N_010E	0:uniform	-9.2839235016926	12.315845489501953	12	2188	2154	32	24	0,0,0,0	0	1.0	1	1	0:6
00N_010E	0:uniform	-6.652160803546154	12.547931671142578	12	2190	2123	196	219	0,0,0,0	0	1.0	1	1	0:6
00N_010E	2:uniform	-1.596072679620319	12.692127227783203	12	2192	2066	104	41	36,110,36,255	2	1.0	1	1	2:6
00N_010E	2:uniform	-7.715924791299403	16.084156036376953	12	2231	2136	0	14	36,110,36,255	2	1.0	1	1	2:6
00N_010E	2:uniform	-7.451837016127653	18.66800308227539	12	2260	2133	102	6	36,110,36,255	2	1.0	1	1	2:6
00N_010E	2:uniform	-4.107937657972298	17.492122650146484	12	2247	2094	5	199	36,110,36,255	2	1.0	0	1	2:6
00N_010E	2:uniform	-4.587889487656889	12.692127227783203	12	2192	2100	104	65	36,110,36,255	2	1.0	1	1	2:9
00N_010E	3:uniform	-6.147893819914012	12.971935272216797	12	2195	2118	151	21	185,185,30,255	3	1.0	1	1	3:6
00N_010E	3:uniform	-6.55598621899326	14.660053253173828	12	2214	2122	204	193	185,185,30,255	3	1.0	1	1	3:4
00N_010E	3:uniform	-1.0678436010220054	14.13991928100586	12	2208	2060	225	38	185,185,30,255	3	1.0	1	1	3:9
00N_010E	3:uniform	-3.4440262950999325	15.283870697021484	12	2221	2087	229	53	185,185,30,255	3	1.0	1	1	3:6
00N_010E	3:uniform	-2.6438480970498044	15.339832305908203	12	2222	2078	136	23	185,185,30,255	3	1.0	1	1	3:9
00N_010E	4:uniform	-2.0119727000072483	18.29996109008789	12	2256	2070	54	229	185,185,30,255	4	1.0	1	1	4:4
00N_010E	4:uniform	-2.243898678242862	18.403987884521484	12	2257	2073	101	137	185,185,30,255	4	1.0	1	1	4:6
00N_010E	4:uniform	-0.8999835880904504	18.11594009399414	12	2254	2058	30	61	185,185,30,255	4	1.0	1	1	4:4
00N_010E	4:uniform	-1.6358822792941488	18.307857513427734	12	2256	2066	77	157	185,185,30,255	4	1.0	1	1	4:9
00N_010E	4:uniform	-1.6520118071000673	18.420124053955078	12	2257	2066	148	204	185,185,30,255	4	1.0	1	1	4:6
00N_010E	5:uniform	-5.96387561923187	12.71615982055664	12	2192	2115	174	250	36,110,36,255	5	1.0	1	1	5:9
00N_010E	5:uniform	-5.948168024999652	12.595996856689453	12	2191	2115	80	204	36,110,36,255	5	1.0	1	1	5:6
00N_010E	5:uniform	-5.939972580256041	12.612133026123047	12	2191	2115	127	180	36,110,36,255	5	1.0	1	1	5:6
00N_010E	5:uniform	-5.988119066043644	12.571964263916016	12	2191	2116	10	65	36,110,36,255	5	1.0	1	1	5:6
00N_010E	5:uniform	-6.019872938405313	12.516002655029297	12	2190	2116	103	158	36,110,36,255	5	1.0	1	1	5:6
00N_010E	6:any	-7.667951862169336	13.187885284423828	12	2198	2135	12	129	185,185,30,255	3	1.0	0	1	3:6
00N_010E	6:any	-8.619889631678447	14.195880889892578	12	2209	2146	132	114	185,185,30,255	3	0.778	0	0	3:7 14:2
00N_010E	6:any	-9.836104041552103	13.300151824951172	12	2199	2160	83	119	185,185,30,255	3	1.0	1	1	3:9
00N_010E	6:any	-3.988074492294615	13.13192367553711	12	2197	2093	105	105	211,211,211,255	15	1.0	0	1	15:4
00N_010E	6:any	-9.07616232683214	13.012104034423828	12	2196	2151	12	179	0,0,0,0	0	1.0	1	1	0:9
00N_010E	8:uniform	-2.868121332470566	10.427913665771484	12	2166	2080	165	165	36,110,36,255	8	1.0	1	1	8:9
00N_010E	8:uniform	-0.8759538815975213	16.771831512451172	12	2238	2057	211	247	36,110,36,255	8	1.0	0	1	8:6
00N_010E	8:uniform	-2.8358889669728633	10.427913665771484	12	2166	2080	165	71	36,110,36,255	8	1.0	1	1	8:9
00N_010E	8:uniform	-2.755989997172149	10.23599624633789	12	2164	2079	118	94	36,110,36,255	8	1.0	1	1	8:4
00N_010E	8:uniform	-4.3640413410771455	11.803951263427734	12	2182	2097	77	179	36,110,36,255	8	1.0	0	1	8:4
00N_010E	9:uniform	-0.24393007976231956	16.28396987915039	12	2233	2050	70	198	36,110,36,255	9	1.0	0	1	9:4
00N_010E	9:uniform	-0.6040651945470968	17.516155242919922	12	2247	2054	75	223	36,110,36,255	9	1.0	0	1	9:6
00N_010E	9:uniform	-0.1639363913085182	16.244144439697266	12	2232	2049	210	221	36,110,36,255	9	1.0	1	1	9:6
00N_010E	9:uniform	-1.0280248233985627	17.57211685180664	12	2247	2059	238	178	36,110,36,255	9	1.0	1	1	9:6
00N_010E	9:uniform	-0.027980803331156417	16.235904693603516	12	2232	2048	186	81	36,110,36,255	9	1.0	1	1	9:6
00N_010E	10:uniform	-9.89191486980719	18.619937896728516	12	2259	2161	218	28	185,185,30,255	10	1.0	1	1	10:6
00N_010E	10:uniform	-9.900032020059601	18.595905303955078	12	2259	2161	148	52	185,185,30,255	10	1.0	1	1	10:6
00N_010E	10:uniform	-0.6679192894221846	16.61184310913086	12	2237	2055	1	153	185,185,30,255	10	0.778	0	0	8:2 10:7
00N_010E	10:uniform	-1.228143093115263	16.763935089111328	12	2238	2061	188	249	185,185,30,255	10	1.0	1	1	10:6
00N_010E	10:uniform	-1.8918794818234288	16.33993148803711	12	2233	2069	233	135	185,185,30,255	10	1.0	0	1	10:6
00N_010E	11:uniform	-9.299847941825382	19.923877716064453	12	2274	2154	176	71	185,185,30,255	3	0.778	0	0	3:7 11:2
00N_010E	11:uniform	-0.020084380692196566	16.508159637451172	12	2235	2048	211	58	185,185,30,255	11	1.0	0	1	11:9
00N_010E	11:uniform	-3.39604671374965	17.451953887939453	12	2246	2086	144	169	185,185,30,255	11	0.75	0	0	3:1 11:3
00N_010E	11:uniform	-3.39604671374965	17.459850311279297	12	2246	2086	167	169	185,185,30,255	11	1.0	1	1	11:6
00N_010E	11:uniform	-1.0280248233985627	17.35616683959961	12	2245	2059	121	178	185,185,30,255	11	1.0	1	1	11:6
00N_010E	12:uniform	-9.84388429939446	16.267833709716797	12	2233	2160	23	142	211,211,211,255	12	1.0	0	1	12:9
00N_010E	12:uniform	-5.180020733113019	13.62802505493164	12	2203	2107	14	4	211,211,211,255	12	1.0	1	1	12:4
00N_010E	12:uniform	-5.748028068580381	19.475841522216797	12	2269	2113	151	130	211,211,211,255	12	0.833	0	0	3:1 12:5
00N_010E	12:uniform	-3.0121270438146115	16.771831512451172	12	2238	2082	211	73	211,211,211,255	12	1.0	1	1	12:9
00N_010E	12:uniform	-5.635973454708838	13.516101837158203	12	2201	2112	200	58	211,211,211,255	12	1.0	1	1	12:6
00N_010E	13:uniform	-4.419838618411795	15.396137237548828	12	2223	2098	44	86	211,211,211,255	13	1.0	1	1	13:9
00N_010E	13:uniform	-8.907967145442258	13.44400405883789	12	2200	2149	246	195	211,211,211,255	13	1.0	1	1	13:4
00N_010E	13:uniform	-8.811966161957894	13.300151824951172	12	2199	2148	83	168	211,211,211,255	13	1.0	1	1	13:6
00N_010E	13:uniform	-5.820100351029987	13.060169219970703	12	2196	2114	152	85	211,211,211,255	13	1.0	1	1	13:9
00N_010E	13:uniform	-8.93204825311394	13.339977264404297	12	2199	2150	199	10	211,211,211,255	13	1.0	0	1	13:4
00N_010E	14:uniform	-5.01211565749103	12.796154022216797	12	2193	2105	151	25	211,211,211,255	14	1.0	1	1	14:9
00N_010E	14:uniform	-5.01211565749103	12.80405044555664	12	2193	2105	174	25	211,211,211,255	14	1.0	0	1	14:6
00N_010E	14:uniform	-5.01211565749103	12.787914276123047	12	2193	2105	127	25	211,211,211,255	14	1.0	0	1	14:9
00N_010E	15:uniform	-4.212032785385847	13.788013458251953	12	2204	2095	224	247	211,211,211,255	15	1.0	1	1	15:4
00N_010E	15:uniform	-4.219907841191067	13.795909881591797	12	2204	2096	247	14	211,211,211,255	15	1.0	1	1	15:9
00N_010E	15:uniform	-4.107937657972298	18.043842315673828	12	2253	2094	76	199	211,211,211,255	15	0.833	0	0	13:1 15:5
00N_010E	15:uniform	-4.22812520557748	13.795909881591797	12	2204	2096	247	38	211,211,211,255	15	1.0	1	1	15:9
00N_010E	15:uniform	-0.10007853187435825	11.660099029541016	12	2180	2049	170	35	36,110,36,255	2	0.444	0	0	2:4 3:3 15:2
00N_010E	17:any	-3.924026115518368	17.16390609741211	12	2243	2092	73	174	185,185,30,255	4	0.667	0	0	3:2 4:4
00N_010E	17:any	-1.340038185854999	16.867961883544922	12	2239	2063	235	63	36,110,36,255	9	0.75	0	0	8:1 9:3
00N_010E	17:any	-5.731972806140313	19.251995086669922	12	2267	2113	11	83	185,185,30,255	3	1.0	0	1	3:4
00N_010E	17:any	-2.595833150577972	18.35592269897461	12	2256	2077	217	139	36,110,36,255	8	0.5	0	0	2:3 8:3
00N_010E	17:any	-9.51594155964782	14.003963470458984	12	2207	2156	85	197	185,185,30,255	10	1.0	0	1	10:4
00N_010E	17:any	-0.6679192894221846	16.508159637451172	12	2235	2055	211	153	185,185,30,255	10	0.889	0	0	10:8 11:1
00N_010E	17:any	-0.291994738242938	17.75613784790039	12	2250	2051	6	82	185,185,30,255	3	0.667	0	0	3:4 4:1 10:1
00N_010E	17:any	-1.1001101640598585	17.131977081298828	12	2242	2060	236	132	36,110,36,255	8	0.667	0	0	2:2 8:4
00N_010E	17:any	-8.132138449126964	17.57211685180664	12	2247	2140	238	214	36,110,36,255	3	0.556	0	0	2:4 3:5
00N_010E	17:any	-6.539955310230609	16.756038665771484	12	2238	2122	165	146	36,110,36,255	3	0.5	0	0	2:2 3:2
00N_010E	17:any	-3.595831309422261	12.324085235595703	12	2188	2088	56	240	185,185,30,255	3	1.0	1	1	3:9
00N_010E	17:any	-7.844166019970171	18.987979888916016	12	2264	2137	10	135	185,185,30,255	3	1.0	0	1	3:6
00N_010E	17:any	-0.05990980963978864	18.20383071899414	12	2255	2048	30	174	36,110,36,255	2	0.889	0	0	2:8 8:1
00N_010E	17:any	-4.076090037672326	19.77212905883789	12	2272	2094	246	106	185,185,30,255	4	1.0	0	1	4:9
00N_010E	17:any	-1.1320331224374982	10.02004623413086	12	2162	2060	1	225	36,110,36,255	8	1.0	0	1	8:4
00N_010E	18:any	-3.8918288148278464	19.300060272216797	12	2267	2092	151	80	36,110,36,255	9	1.0	1	1	9:6
00N_010E	18:any	-2.7158670225743093	18.147869110107422	12	2254	2078	123	233	185,185,30,255	10	1.0	0	1	10:9
00N_010E	18:any	-2.387976416900608	17.836132049560547	12	2250	2075	239	45	36,110,36,255	2	1.0	0	1	2:6
00N_010E	18:any	-3.123889825340485	18.660106658935547	12	2260	2083	79	143	185,185,30,255	3	1.0	0	1	3:9
00N_010E	18:any	-0.5398670418643442	16.55588150024414	12	2236	2054	94	36	185,185,30,255	11	1.0	0	1	11:9
00N_010E	18:any	-0.5560024733750807	16.62008285522461	12	2237	2054	25	83	185,185,30,255	4	0.5	0	0	4:3 6:1 13:2
00N_010E	18:any	-0.044116969517614894	16.635875701904297	12	2237	2048	71	128	185,185,30,255	11	1.0	0	1	11:9
00N_010E	18:any	-1.7158422584785058	16.244144439697266	12	2232	2067	210	134	36,110,36,255	11	0.556	0	0	9:4 11:5
00N_010E	18:any	-0.764042143692667	18.132076263427734	12	2254	2056	77	177	211,211,211,255	15	1.0	0	1	15:4
00N_010E	18:any	-0.6040651945470968	16.460094451904297	12	2235	2054	71	223	185,185,30,255	11	0.833	0	0	11:5 18:1
00N_010E	18:any	-1.1560609243378908	16.220111846923828	12	2232	2061	140	39	185,185,30,255	10	1.0	0	1	10:6
00N_010E	18:any	-0.4921471157607156	19.067974090576172	12	2264	2053	243	153	211,211,211,255	12	1.0	1	1	12:6
00N_010E	18:any	-2.924011466544227	16.73990249633789	12	2238	2081	118	72	36,110,36,255	2	1.0	1	1	2:6
00N_010E	18:any	-2.755989997172149	18.53994369506836	12	2258	2079	241	94	36,110,36,255	8	0.5	0	0	2:1 8:2 9:1
00N_010E	18:any	-1.1399279938031937	15.947856903076172	12	2229	2060	115	248	36,110,36,255	8	0.667	0	0	4:1 8:4 10:1
00N_010E	19:any	-3.3000804315020136	17.643871307373047	12	2248	2085	191	145	185,185,30,255	11	1.0	0	1	11:9
00N_010E	19:any	-8.116164219486983	19.39584732055664	12	2268	2140	174	167	185,185,30,255	11	0.667	0	0	10:3 11:6
00N_010E	19:any	-9.123961546558915	13.380146026611328	12	2200	2152	60	64	211,211,211,255	19	1.0	0	1	19:6
00N_010E	19:any	-3.1958779816742005	17.20407485961914	12	2243	2084	190	97	185,185,30,255	10	0.667	0	0	4:2 10:4
00N_010E	19:any	-3.084122815129866	16.443958282470703	12	2235	2083	24	27	185,185,30,255	4	1.0	1	1	4:6
00N_010E	19:any	-9.219879630689348	13.49996566772461	12	2201	2153	153	91	185,185,30,255	10	1.0	0	1	10:6
00N_010E	19:any	-9.548106902831153	14.020099639892578	12	2207	2157	132	36	211,211,211,255	20	0.778	0	0	11:2 20:7
00N_010E	19:any	-3.48412166338658	17.26003646850586	12	2244	2087	97	170	185,185,30,255	10	0.667	0	0	10:4 19:2
00N_010E	19:any	-2.940126511797196	17.29196548461914	12	2244	2081	190	119	211,211,211,255	12	1.0	1	1	12:6
00N_010E	19:any	-3.3720560268437976	17.395992279052734	12	2245	2086	237	99	211,211,211,255	13	0.5	0	0	12:2 13:2
00N_010E	19:any	-2.731984959967971	17.667903900146484	12	2249	2079	5	24	185,185,30,255	10	1.0	1	1	10:6
00N_010E	19:any	-3.683887263369089	18.844127655029297	12	2262	2089	103	241	185,185,30,255	4	0.889	0	0	3:1 4:8
00N_010E	19:any	-9.219879630689348	13.53189468383789	12	2201	2153	246	91	211,211,211,255	19	0.889	0	0	10:1 19:8
00N_010E	19:any	-3.403929238117648	18.236103057861328	12	2255	2086	124	192	211,211,211,255	12	1.0	0	1	12:6
00N_010E	19:any	-9.683844926940102	16.324138641357422	12	2233	2158	187	181	211,211,211,255	12	1.0	1	1	12:9
00N_010E	20:any	-3.0278979572396727	16.971988677978516	12	2241	2082	26	119	185,185,30,255	11	0.5	0	0	4:3 11:3
00N_010E	20:any	-3.060124760656383	16.843929290771484	12	2239	2082	165	213	185,185,30,255	4	0.5	0	0	3:2 4:3 19:1
00N_010E	20:any	-3.0278979572396727	16.97988510131836	12	2241	2082	49	119	185,185,30,255	10	0.778	0	0	10:7 19:2
00N_010E	20:any	-3.4200368045653295	17.412128448486328	12	2246	2086	28	239	211,211,211,255	12	1.0	0	1	12:6
00N_010E	20:any	-3.8760722397575624	19.27602767944336	12	2267	2092	81	34	185,185,30,255	11	1.0	1	1	11:4
00N_010E	20:any	-3.3638305120071967	17.38809585571289	12	2245	2086	214	75	211,211,211,255	12	0.556	0	0	12:5 13:3 15:1
00N_010E	20:any	-9.603965801170176	14.308147430419922	12	2210	2157	203	201	185,185,30,255	4	1.0	0	1	4:6
00N_010E	20:any	-3.8041363375894943	19.164104461669922	12	2266	2091	11	80	185,185,30,255	4	1.0	0	1	4:9
00N_010E	20:any	-5.572078950890076	16.579914093017578	12	2236	2111	164	127	36,110,36,255	2	1.0	0	1	2:6
00N_010E	20:any	-9.564019160799889	14.027996063232422	12	2207	2157	155	83	185,185,30,255	10	1.0	0	1	10:4
00N_010E	20:any	-3.6921099458773248	18.876056671142578	12	2262	2090	196	9	185,185,30,255	4	1.0	0	1	4:6
00N_010E	20:any	-3.1478864315647486	17.115840911865234	12	2242	2083	189	213	185,185,30,255	10	1.0	0	1	10:9
00N_010E	20:any	-3.331955987951546	17.71596908569336	12	2249	2085	145	238	185,185,30,255	11	0.75	0	0	11:3 20:1
00N_010E	20:any	-4.22812520557748	13.843975067138672	12	2205	2096	131	38	185,185,30,255	3	1.0	0	1	3:6
00N_010E	20:any	-4.05999452326264	19.603900909423828	12	2271	2094	12	59	211,211,211,255	19	0.5	0	0	8:1 10:2 19:3
00N_010E	21:any	-1.0118912107096882	10.276165008544922	12	2164	2059	235	131	36,110,36,255	2	1.0	0	1	2:9
00N_010E	21:any	-4.131908147021409	13.020000457763672	12	2196	2095	35	13	211,211,211,255	15	1.0	0	1	15:6
00N_010E	21:any	-0.44408353582386234	10.29195785522461	12	2165	2053	25	13	36,110,36,255	2	0.5	0	0	2:3 8:3
00N_010E	21:any	-4.252092020105703	13.436107635498047	12	2200	2096	223	108	211,211,211,255	15	0.778	0	0	3:2 15:7
00N_010E	21:any	-4.148002211999452	19.852123260498047	12	2273	2095	223	60	185,185,30,255	3	0.667	0	0	3:4 15:2
00N_010E	21:any	-6.7401338346558	13.371906280517578	12	2200	2124	36	221	185,185,30,255	3	1.0	0	1	3:9
00N_010E	21:any	-0.1399038831916255	11.52414321899414	12	2179	2049	30	151	36,110,36,255	2	1.0	0	1	2:9
00N_010E	21:any	-0.11587135046063049	11.444149017333984	12	2178	2049	53	81	185,185,30,255	4	1.0	1	1	4:9
00N_010E	21:any	-1.5559191130706274	10.492115020751953	12	2167	2065	96	180	211,211,211,255	15	0.889	0	0	3:1 15:8
00N_010E	21:any	-4.052117877899035	12.884044647216797	12	2194	2094	151	36	211,211,211,255	15	0.667	0	0	15:4 21:2
00N_010E	21:any	-4.2599666681122486	11.643962860107422	12	2180	2096	123	131	211,211,211,255	15	1.0	0	1	15:4
00N_010E	21:any	-3.8041363375894943	12.755985260009766	12	2193	2091	34	80	211,211,211,255	15	0.5	0	0	3:2 15:3 19:1
00N_010E	21:any	-1.1080051214229831	10.035839080810547	12	2162	2060	47	155	36,110,36,255	8	0.5	0	0	3:2 8:3 10:1
00N_010E	21:any	-0.05990980963978864	11.180133819580078	12	2175	2048	52	174	185,185,30,255	4	1.0	0	1	4:9
00N_010E	21:any	-4.731950549728304	13.284015655517578	12	2199	2101	36	230	185,185,30,255	3	1.0	1	1	3:4
10N_100E	0:uniform	7.892118796148359	104.1639518737793	12	3233	1957	39	235	0,0,0,0	0	1.0	1	1	0:6
10N_100E	0:uniform	2.284036085333613	101.6758918762207	12	3204	2022	216	1	0,0,0,0	0	1.0	1	1	0:6
10N_100E	0:uniform	3.532096780480479	107.71596908569336	12	3273	2007	145	201	0,0,0,0	0	1.0	1	1	0:6
10N_100E	0:uniform	3.788035571072681	106.29186630249023	12	3257	2004	93	222	0,0,0,0	0	1.0	1	1	0:6
10N_100E	0:uniform	2.5001408143604484	107.20407485961914	12	3267	2019	190	139	0,0,0,0	0	1.0	1	1	0:6
10N_100E	2:uniform	4.100061482729777	108.18803787231445	12	3278	2001	240	79	36,110,36,255	2	1.0	1	1	2:4
10N_100E	2:uniform	1.700056428065153	109.6519660949707	12	3295	2028	152	167	36,110,36,255	2	1.0	1	1	2:4
10N_100E	2:uniform	5.396077104367174	101.73185348510742	12	3205	1986	123	131	36,110,36,255	2	1.0	1	1	2:6
10N_100E	2:uniform	5.492115617232416	101.52414321899414	12	3203	1985	30	106	36,110,36,255	2	1.0	1	1	2:9
10N_100E	2:uniform	5.8361531122275565	101.28416061401367	12	3200	1981	99	123	36,110,36,255	2	1.0	1	1	2:9
10N_100E	3:uniform	0.5961692043485641	109.4758415222168	12	3293	2041	151	55	185,185,30,255	3	1.0	1	1	3:9
10N_100E	3:uniform	0.7321158494342248	109.49987411499023	12	3293	2039	221	171	185,185,30,255	3	0.889	0	0	3:8 12:1
10N_100E	3:uniform	0.6119611732728878	100.1319694519043	12	3187	2041	71	9	185,185,30,255	3	1.0	0	1	3:4
10N_100E	3:uniform	0.45197971773909706	109.57197189331055	12	3294	2042	175	219	185,185,30,255	3	1.0	0	1	3:4
10N_100E	3:uniform	0.5721378607892206	109.54793930053711	12	3294	2041	105	125	185,185,30,255	3	1.0	0	1	3:6
10N_100E	4:uniform	7.596152492785773	100.22809982299805	12	3188	1961	95	81	185,185,30,255	4	1.0	1	1	4:9
10N_100E	4:uniform	7.476006390807905	100.38808822631836	12	3190	1962	49	178	185,185,30,255	4	1.0	1	1	4:6
10N_100E	4:uniform	7.708099790426462	100.23599624633789	12	3188	1960	118	8	185,185,30,255	4	1.0	1	1	4:6
10N_100E	4:uniform	7.5559940514627675	100.37984848022461	12	3190	1961	25	199	185,185,30,255	4	1.0	1	1	4:6
10N_100E	4:uniform	0.6521274906422327	102.22005844116211	12	3211	2040	9	148	185,185,30,255	4	1.0	1	1	4:6
10N_100E	5:uniform	2.924011466544227	101.25188827514648	12	3200	2014	5	183	36,110,36,255	5	1.0	1	1	5:6
10N_100E	5:uniform	2.988127389843493	101.3078498840332	12	3200	2013	168	252	36,110,36,255	5	1.0	1	1	5:9
10N_100E	5:uniform	0.020084380692196566	103.57206344604492	12	3226	2047	107	197	36,110,36,255	5	1.0	1	1	5:6
10N_100E	5:uniform	4.892059215150511	100.5000114440918	12	3191	1992	119	69	211,211,211,255	12	1.0	0	1	12:4
10N_100E	5:uniform	8.435866124506367	100.20406723022461	12	3188	1951	25	171	36,110,36,255	5	1.0	0	1	5:6
10N_100E	6:any	7.035986758711544	100.44404983520508	12	3190	1967	212	190	211,211,211,255	13	1.0	0	1	13:4
10N_100E	6:any	7.763892278881523	100.14810562133789	12	3187	1959	118	100	211,211,211,255	18	0.444	0	0	11:2 12:3 18:4
10N_100E	6:any	9.748140594659496	106.0920524597168	12	3255	1936	23	140	211,211,211,255	18	0.667	0	0	11:2 18:4
10N_100E	6:any	3.2839708897282045	103.03613662719727	12	3220	2010	82	157	185,185,30,255	3	0.5	0	0	3:3 6:2 13:1
10N_100E	6:any	9.57214428202714	106.22800827026367	12	3256	1938	163	148	185,185,30,255	4	0.833	0	0	4:5 11:1
10N_100E	8:any	6.131850211564584	102.01200485229492	12	3208	1978	171	25	211,211,211,255	12	0.833	0	0	3:1 12:5
10N_100E	8:any	9.332033425816208	104.95599746704102	12	3242	1941	42	89	185,185,30,255	6	0.5	0	0	6:2 8:2
10N_100E	8:any	2.5800564111958515	103.34787368774414	12	3223	2018	222	162	36,110,36,255	9	1.0	0	1	9:6
10N_100E	8:any	6.100102927064961	101.98007583618164	12	3208	1978	78	118	36,110,36,255	8	1.0	0	1	8:6
10N_100E	8:any	6.1400427528051535	101.97183609008789	12	3208	1978	54	1	36,110,36,255	8	0.5	0	0	2:3 8:3
10N_100E	9:uniform	3.060124760656383	103.28401565551758	12	3223	2013	36	42	36,110,36,255	9	1.0	1	1	9:6
10N_100E	9:uniform	1.291985679869013	101.74009323120117	12	3205	2033	147	76	36,110,36,255	9	1.0	1	1	9:6
10N_100E	9:uniform	0.7080851548792371	102.63616561889648	12	3215	2039	197	241	36,110,36,255	9	1.0	0	1	9:9
10N_100E	9:uniform	0.4681153669697472	102.48407363891602	12	3214	2042	10	172	36,110,36,255	9	1.0	1	1	9:6
10N_100E	9:uniform	0.7238767684539053	102.34811782836914	12	3212	2039	126	195	36,110,36,255	9	1.0	0	1	9:9
10N_100E	10:any	0.38812340492148467	101.46783828735352	12	3202	2043	122	149	211,211,211,255	14	1.0	1	1	14:9
10N_100E	10:any	9.51594155964782	105.64401626586914	12	3249	1939	254	58	211,211,211,255	12	1.0	1	1	12:4
10N_100E	10:any	7.867973055990586	100.10004043579102	12	3186	1958	234	50	211,211,211,255	12	1.0	1	1	12:4
10N_100E	10:any	7.9720277119986	100.1158332824707	12	3187	1957	24	0	185,185,30,255	11	0.5	0	0	6:2 11:3 12:1
10N_100E	10:any	8.099849457057667	100.05987167358398	12	3186	1955	117	136	185,185,30,255	10	0.556	0	0	6:2 10:5 12:2
10N_100E	11:uniform	1.3321439094005199	102.47583389282227	12	3213	2032	242	215	185,185,30,255	11	1.0	1	1	11:9
10N_100E	11:uniform	1.291985679869013	102.48407363891602	12	3214	2033	10	76	185,185,30,255	18	0.75	0	0	11:1 18:3
10N_100E	11:uniform	1.5240016293331282	102.16409683227539	12	3210	2030	102	168	185,185,30,255	11	1.0	1	1	11:6
10N_100E	11:uniform	1.4999774042745144	102.35601425170898	12	3212	2030	149	238	185,185,30,255	18	0.5	0	0	11:2 18:2
10N_100E	11:uniform	1.1159000577459466	102.4119758605957	12	3213	2035	56	77	185,185,30,255	11	1.0	1	1	11:6
10N_100E	12:uniform	5.628115150029907	102.01990127563477	12	3208	1983	194	220	211,211,211,255	12	1.0	1	1	12:9
10N_100E	12:uniform	3.036126168818515	102.57196426391602	12	3215	2013	10	112	211,211,211,255	12	1.0	1	1	12:6
10N_100E	12:uniform	3.020012529155052	102.46004104614258	12	3213	2013	196	159	211,211,211,255	12	1.0	1	1	12:4
10N_100E	12:uniform	9.531855318932749	105.31614303588867	12	3246	1939	67	11	211,211,211,255	12	1.0	1	1	12:9
10N_100E	12:uniform	3.2918543150624413	102.30005264282227	12	3211	2010	242	134	211,211,211,255	12	1.0	0	1	12:6
10N_100E	13:uniform	3.003898650402548	101.53993606567383	12	3203	2013	76	206	211,211,211,255	13	1.0	1	1	13:6
10N_100E	13:uniform	3.036126168818515	101.55607223510742	12	3203	2013	123	112	211,211,211,255	13	1.0	1	1	13:6
10N_100E	13:uniform	3.18799380876571	101.62817001342773	12	3204	2011	77	181	211,211,211,255	13	1.0	1	1	13:6
10N_100E	13:uniform	3.828115644541859	103.34787368774414	12	3223	2004	222	105	211,211,211,255	13	1.0	1	1	13:9
10N_100E	13:uniform	3.060124760656383	101.61203384399414	12	3204	2013	30	42	211,211,211,255	13	1.0	1	1	13:6
10N_100E	14:uniform	0.9480425219090085	100.27616500854492	12	3188	2037	235	54	211,211,211,255	14	1.0	1	1	14:6
10N_100E	14:uniform	0.5398670418643442	101.7799186706543	12	3206	2041	7	219	211,211,211,255	14	1.0	1	1	14:9
10N_100E	14:uniform	1.6760342649363211	100.31599044799805	12	3189	2028	95	237	211,211,211,255	14	1.0	1	1	14:4
10N_100E	14:uniform	0.8601628474540151	101.22785568237305	12	3199	2038	191	54	211,211,211,255	14	1.0	1	1	14:9
10N_100E	14:uniform	0.5079393609431888	101.8681526184082	12	3207	2042	8	56	211,211,211,255	14	1.0	1	1	14:6
10N_100E	15:any	3.6599040060273493	101.85201644897461	12	3206	2006	217	84	211,211,211,255	13	0.833	0	0	13:5 15:1
10N_100E	15:any	3.6921099458773248	101.82008743286133	12	3206	2005	124	246	211,211,211,255	14	1.0	1	1	14:9
10N_100E	15:any	2.363964485011542	102.16409683227539	12	3210	2021	102	24	211,211,211,255	13	0.667	0	0	12:2 13:4
10N_100E	15:any	2.611952659126716	102.25198745727539	12	3211	2018	102	69	211,211,211,255	14	1.0	0	1	14:4
10N_100E	15:any	2.6520790451096765	102.93210983276367	12	3219	2017	35	208	211,211,211,255	15	0.889	0	0	14:1 15:8
10N_100E	16:any	0.9559378552837153	108.98008346557617	12	3287	2037	243	31	211,211,211,255	12	1.0	0	1	12:6
10N_100E	16:any	1.7559925850769313	109.31585311889648	12	3291	2028	197	4	211,211,211,255	12	0.667	0	0	2:1 12:4 16:1
10N_100E	16:any	1.1159000577459466	108.9320182800293	12	3287	2035	103	77	0,0,0,0	0	1.0	0	1	0:6
10N_100E	16:any	1.475952915435683	109.06007766723633	12	3288	2031	220	52	211,211,211,255	12	1.0	0	1	12:4
10N_100E	16:any	1.4601652526087598	109.05183792114258	12	3288	2031	196	98	211,211,211,255	16	0.556	0	0	12:4 16:5
10N_100E	16:any	0.8440284624806045	103.41207504272461	12	3224	2038	153	101	0,0,0,0	12	0.75	0	0	0:1 12:3
10N_100E	16:any	0.6840543357589067	108.90798568725586	12	3287	2040	33	55	211,211,211,255	16	1.0	1	1	16:4
10N_100E	16:any	0.4279478336699321	103.56416702270508	12	3226	2043	84	33	211,211,211,255	16	0.667	0	0	5:2 16:4
10N_100E	16:any	1.1399279938031937	108.94815444946289	12	3287	2035	150	7	211,211,211,255	16	1.0	0	1	16:6
10N_100E	16:any	1.4038779084498614	102.3240852355957	12	3212	2032	56	6	36,110,36,255	9	0.889	0	0	9:8 12:1
10N_100E	16:any	1.3959838420465762	109.05183792114258	12	3288	2032	196	29	211,211,211,255	16	0.5	0	0	12:3 16:3
10N_100E	16:any	1.9481528000473916	101.3239860534668	12	3200	2025	215	212	211,211,211,255	12	0.5	0	0	12:3 16:3
10N_100E	16:any	1.4838467048913215	109.05183792114258	12	3288	2031	196	29	211,211,211,255	16	1.0	0	1	16:9
10N_100E	16:any	1.8040345756724496	109.3879508972168	12	3292	2027	151	120	36,110,36,255	5	1.0	1	1	5:4
10N_100E	16:any	1.1320331224374982	108.94815444946289	12	3287	2035	150	30	211,211,211,255	16	1.0	1	1	16:6
10N_100E	17:any	1.4838467048913215	109.90808486938477	12	3298	2031	130	29	211,211,211,255	19	0.667	0	0	13:3 19:6
10N_100E	17:any	1.5480255863906716	109.98807907104492	12	3299	2030	107	98	211,211,211,255	13	0.5	0	0	13:3 14:3
10N_100E	17:any	9.731898645458152	106.05188369750977	12	3254	1936	162	188	211,211,211,255	12	1.0	1	1	12:9
10N_100E	17:any	9.731898645458152	106.09994888305664	12	3255	1936	46	188	211,211,211,255	12	1.0	0	1	12:6
10N_100E	17:any	9.779945452852411	105.94785690307617	12	3253	1936	115	46	211,211,211,255	12	1.0	1	1	12:6
10N_100E	17:any	9.715994305010058	105.66804885864258	12	3250	1936	68	235	211,211,211,255	17	0.75	0	0	6:1 17:3
10N_100E	17:any	9.57214428202714	105.74804306030273	12	3251	1938	45	148	211,211,211,255	18	0.667	0	0	11:1 18:4 20:1
10N_100E	17:any	2.108040933461341	102.80405044555664	12	3217	2024	174	2	211,211,211,255	12	0.75	0	0	12:3 13:1
10N_100E	17:any	9.972062915795034	106.43606185913086	12	3259	1933	1	246	211,211,211,255	12	1.0	0	1	12:4
10N_100E	17:any	4.3640413410771455	100.5879020690918	12	3192	1998	119	76	211,211,211,255	13	1.0	1	1	13:6
10N_100E	17:any	1.7398639239463878	102.98807144165039	12	3219	2028	198	51	0,0,0,0	0	0.833	0	0	0:5 4:1
10N_100E	17:any	6.467980443946924	101.74798965454102	12	3205	1974	170	64	211,211,211,255	18	1.0	1	1	18:4
10N_100E	17:any	6.867973098394453	101.34801864624023	12	3201	1969	29	171	211,211,211,255	13	1.0	0	1	13:4
10N_100E	17:any	5.052129595530297	100.70806503295898	12	3193	1990	213	113	36,110,36,255	2	1.0	0	1	2:6
10N_100E	17:any	9.772163693896857	106.01205825805664	12	3254	1936	46	69	185,185,30,255	10	0.5	0	0	10:3 13:2 17:1
10N_100E	18:uniform	1.0839769255185179	100.9559440612793	12	3196	2035	167	170	211,211,211,255	18	1.0	1	1	18:4
10N_100E	18:uniform	0.5319709639530011	102.06796646118164	12	3209	2041	78	242	211,211,211,255	18	1.0	1	1	18:4
10N_100E	18:uniform	1.1399279938031937	100.8680534362793	12	3195	2035	167	7	211,211,211,255	18	1.0	1	1	18:4
10N_100E	18:uniform	1.052053456746856	100.93191146850586	12	3196	2036	97	7	211,211,211,255	18	1.0	1	1	18:6
10N_100E	18:uniform	2.42810970693094	100.14810562133789	12	3187	2020	118	93	211,211,211,255	18	1.0	1	1	18:9
10N_100E	18:uniform	0.6359923407289249	102.78791427612305	12	3217	2040	127	195	211,211,211,255	18	1.0	1	1	18:6
10N_100E	18:uniform	0.30813068634010093	102.66809463500977	12	3216	2044	34	126	211,211,211,255	18	1.0	1	1	18:9
10N_100E	18:uniform	0.836132887915742	101.62817001342773	12	3204	2038	77	124	211,211,211,255	18	1.0	1	1	18:9
10N_100E	18:uniform	1.0441583545670938	100.90787887573242	12	3196	2036	27	30	211,211,211,255	18	1.0	1	1	18:9
10N_100E	18:uniform	0.020084380692196566	102.72405624389648	12	3216	2047	197	197	211,211,211,255	18	1.0	1	1	18:6
10N_100E	18:uniform	2.180088232563218	100.26792526245117	12	3188	2023	211	48	211,211,211,255	18	1.0	1	1	18:6
10N_100E	18:uniform	0.5158354691384892	102.2358512878418	12	3211	2042	55	33	211,211,211,255	18	1.0	1	1	18:9
10N_100E	18:uniform	0.1399038831916255	102.81194686889648	12	3217	2046	197	104	211,211,211,255	18	1.0	1	1	18:6
10N_100E	18:uniform	0.987862277490513	101.37205123901367	12	3201	2036	99	194	211,211,211,255	18	1.0	1	1	18:6
10N_100E	18:uniform	0.7400116211693836	102.12392807006836	12	3209	2039	241	148	211,211,211,255	18	1.0	1	1	18:4
10N_100E	19:any	2.907896189775604	101.85201644897461	12	3206	2014	217	230	211,211,211,255	13	0.667	0	0	12:2 13:4
10N_100E	19:any	9.340164025782205	104.91582870483398	12	3241	1941	181	65	185,185,30,255	6	1.0	1	1	6:9
10N_100E	19:any	2.06000754097067	102.72405624389648	12	3216	2024	197	142	211,211,211,255	12	1.0	1	1	12:4
10N_100E	19:any	4.700129632622942	101.58010482788086	12	3203	1994	193	118	211,211,211,255	13	0.667	0	0	2:3 13:6
10N_100E	19:any	9.524067827254248	105.6361198425293	12	3249	1939	231	34	211,211,211,255	19	0.833	0	0	10:1 19:5
10N_100E	19:any	2.300159344497461	103.89204025268555	12	3230	2021	15	210	185,185,30,255	6	0.833	0	0	6:5 19:1
10N_100E	19:any	2.3238293306191125	103.8841438293457	12	3229	2021	248	141	211,211,211,255	19	0.667	0	0	6:2 19:6 21:1
10N_100E	19:any	5.443927391468949	102.74808883666992	12	3217	1985	11	247	211,211,211,255	14	1.0	0	1	14:6
10N_100E	19:any	4.812009590517145	103.24384689331055	12	3222	1993	175	47	211,211,211,255	12	1.0	0	1	12:6
10N_100E	19:any	1.564155805067553	103.96413803100586	12	3230	2030	225	51	211,211,211,255	12	1.0	1	1	12:9
10N_100E	19:any	2.300159344497461	103.8841438293457	12	3229	2021	248	210	211,211,211,255	15	1.0	1	1	15:9
10N_100E	19:any	5.588138654473698	101.89184188842773	12	3207	1984	77	81	211,211,211,255	14	0.889	0	0	12:1 14:8
10N_100E	19:any	5.092141063253177	102.35601425170898	12	3212	1989	149	252	211,211,211,255	12	1.0	1	1	12:6
10N_100E	19:any	2.96412721110444	101.35591506958008	12	3201	2014	52	66	211,211,211,255	13	1.0	0	1	13:9
10N_100E	19:any	3.523872649852187	102.59599685668945	12	3215	2007	80	225	211,211,211,255	12	1.0	1	1	12:6
10N_100E	20:any	2.7481026810023934	101.6920280456543	12	3205	2016	7	184	211,211,211,255	13	1.0	1	1	13:6
10N_100E	20:any	5.059995293419278	100.68403244018555	12	3193	1990	143	90	185,185,30,255	12	0.5	0	0	10:1 11:1 12:2
10N_100E	20:any	9.276130426820659	104.92406845092773	12	3241	1941	205	254	211,211,211,255	20	0.833	0	0	18:1 20:5
10N_100E	20:any	9.676060930030992	105.06002426147461	12	3243	1937	89	97	211,211,211,255	19	1.0	0	1	19:4
10N_100E	20:any	2.611952659126716	101.68413162231445	12	3204	2018	240	69	36,110,36,255	5	1.0	0	1	5:6
10N_100E	20:any	2.7398723824793922	101.70816421508789	12	3205	2016	54	208	211,211,211,255	13	0.556	0	0	13:5 15:4
10N_100E	20:any	3.099892670598517	102.62002944946289	12	3215	2012	150	182	36,110,36,255	2	0.833	0	0	2:5 8:1
10N_100E	20:any	1.7158422584785058	104.18008804321289	12	3233	2028	86	121	211,211,211,255	20	1.0	0	1	20:9
10N_100E	20:any	2.755989997172149	101.57186508178711	12	3203	2016	169	161	211,211,211,255	12	1.0	1	1	12:6
10N_100E	20:any	2.9480125130190302	101.51590347290039	12	3203	2014	6	113	211,211,211,255	12	1.0	1	1	12:6
10N_100E	20:any	5.643831653027498	102.73195266723633	12	3216	1983	220	174	211,211,211,255	12	1.0	1	1	12:6
10N_100E	20:any	2.979898816037909	101.52414321899414	12	3203	2014	30	20	211,211,211,255	13	1.0	0	1	13:9
10N_100E	20:any	2.755989997172149	103.38804244995117	12	3224	2016	83	161	211,211,211,255	12	1.0	1	1	12:4
10N_100E	20:any	9.20395156958693	104.95599746704102	12	3242	1942	42	211	211,211,211,255	20	1.0	1	1	20:4
10N_100E	20:any	9.55589384542803	106.41202926635742	12	3258	1938	187	196	211,211,211,255	12	1.0	1	1	12:6
10N_100E	21:any	2.844118592897056	101.6758918762207	12	3204	2015	216	160	211,211,211,255	13	1.0	0	1	13:9
10N_100E	21:any	4.283932491473703	102.40407943725586	12	3213	1999	33	54	211,211,211,255	15	0.667	0	0	15:4 21:2
10N_100E	21:any	5.212160450968165	102.18812942504883	12	3210	1988	172	157	211,211,211,255	12	1.0	1	1	12:9
10N_100E	21:any	6.996118782305927	100.43615341186523	12	3190	1968	189	51	211,211,211,255	13	1.0	1	1	13:9
10N_100E	21:any	2.2198843169023954	103.92396926879883	12	3230	2022	108	188	185,185,30,255	3	1.0	0	1	3:6
10N_100E	21:any	1.2600645820829803	103.6201286315918	12	3226	2033	247	169	185,185,30,255	4	1.0	1	1	4:6
10N_100E	21:any	5.163950260630853	102.20392227172852	12	3210	1989	218	42	211,211,211,255	15	0.75	0	0	15:3 21:1
10N_100E	21:any	4.164095949126851	102.30794906616211	12	3212	2000	9	148	36,110,36,255	2	1.0	1	1	2:6
10N_100E	21:any	4.140126433852071	102.30005264282227	12	3211	2000	242	218	211,211,211,255	21	0.667	0	0	15:2 21:4
10N_100E	21:any	1.3321439094005199	104.00396347045898	12	3231	2032	85	215	211,211,211,255	13	1.0	0	1	13:6
10N_100E	21:any	3.2280996222708227	101.45994186401367	12	3202	2011	99	64	185,185,30,255	6	1.0	0	1	6:6
10N_100E	21:any	3.2599774737611478	102.01990127563477	12	3208	2010	194	227	185,185,30,255	3	0.833	0	0	2:1 3:5
10N_100E	21:any	4.155877911634838	102.29215621948242	12	3211	2000	219	172	211,211,211,255	15	1.0	0	1	15:9
10N_100E	21:any	5.187884858050614	102.20392227172852	12	3210	1988	218	228	211,211,211,255	14	1.0	0	1	14:6
10N_100E	21:any	6.611919812678606	101.6920280456543	12	3205	1972	7	154	211,211,211,255	13	1.0	0	1	13:6
30N_080E	0:uniform	21.396020222897672	87.31607437133789	12	3041	1798	118	178	0,0,0,0	0	1.0	1	1	0:4
30N_080E	0:uniform	20.956149585336252	87.37993240356445	12	3042	1804	48	16	0,0,0,0	0	1.0	1	1	0:6
30N_080E	0:uniform	21.003913360821027	89.46802139282227	12	3065	1803	242	123	0,0,0,0	0	1.0	1	1	0:4
30N_080E	0:uniform	20.05996250189005	86.60402297973633	12	3033	1814	92	243	0,0,0,0	0	1.0	1	1	0:4
30N_080E	0:uniform	20.739900474821642	89.88412857055664	12	3070	1806	174	178	0,0,0,0	0	1.0	1	1	0:9
30N_080E	2:uniform	28.316017651785383	84.01983261108398	12	3003	1711	245	217	36,110,36,255	2	1.0	1	1	2:6
30N_080E	2:uniform	27.884149468636046	82.7079963684082	12	2989	1717	8	107	36,110,36,255	2	1.0	1	1	2:6
30N_080E	2:uniform	21.692044936679725	86.34790420532227	12	3030	1795	114	19	36,110,36,255	2	1.0	1	1	2:6
30N_080E	2:uniform	28.419938166850184	81.50808334350586	12	2975	1710	97	129	36,110,36,255	2	1.0	1	1	2:6
30N_080E	2:uniform	26.852101078217114	87.59588241577148	12	3044	1730	165	164	36,110,36,255	2	1.0	1	1	2:9
30N_080E	3:uniform	28.20412921388225	88.70790481567383	12	3057	1713	76	75	185,185,30,255	3	1.0	0	1	3:9
30N_080E	3:uniform	29.179892160654838	85.57199478149414	12	3021	1700	158	163	185,185,30,255	3	1.0	1	1	3:6
30N_080E	3:uniform	29.81190182354796	89.01208877563477	12	3060	1692	194	96	185,185,30,255	3	1.0	1	1	3:6
30N_080E	3:uniform	28.995979393093226	87.76411056518555	12	3046	1703	143	8	185,185,30,255	3	1.0	1	1	3:6
30N_080E	3:uniform	29.164004033797603	89.57204818725586	12	3067	1700	33	216	185,185,30,255	3	1.0	1	1	3:4
30N_080E	4:uniform	22.619873895225176	88.55615615844727	12	3055	1783	146	173	211,211,211,255	13	1.0	0	1	13:9
30N_080E	4:uniform	23.948135518040356	85.74811935424805	12	3023	1767	159	57	185,185,30,255	4	1.0	1	1	4:9
30N_080E	4:uniform	24.083925079382364	89.78010177612305	12	3069	1765	127	136	185,185,30,255	4	1.0	1	1	4:6
30N_080E	4:uniform	28.83610260906544	85.5479621887207	12	3021	1705	88	28	185,185,30,255	4	1.0	1	1	4:6
30N_080E	4:uniform	24.131871821915066	81.17986679077148	12	2971	1764	165	239	185,185,30,255	4	1.0	1	1	4:9
30N_080E	5:uniform	21.77209416212529	88.7721061706543	12	3058	1794	7	24	36,110,36,255	5	1.0	1	1	5:9
30N_080E	5:uniform	21.86006487743377	89.5960807800293	12	3067	1793	103	4	36,110,36,255	5	1.0	1	1	5:6
30N_080E	5:uniform	21.907852346246962	89.32416915893555	12	3064	1792	79	110	36,110,36,255	5	1.0	1	1	5:9
30N_080E	5:uniform	21.940020216744685	88.95612716674805	12	3060	1792	31	9	36,110,36,255	5	1.0	1	1	5:6
30N_080E	5:uniform	21.996057735055714	89.6678352355957	12	3068	1791	56	89	36,110,36,255	5	1.0	1	1	5:6
30N_080E	6:uniform	29.595998547949193	83.20409774780273	12	2994	1695	173	52	185,185,30,255	6	1.0	1	1	6:6
30N_080E	6:uniform	28.163881179864422	86.8278694152832	12	3035	1713	232	208	185,185,30,255	6	1.0	1	1	6:9
30N_080E	6:uniform	28.62807596320891	86.49999618530273	12	3032	1707	45	207	185,185,30,255	6	1.0	0	1	6:4
30N_080E	6:uniform	28.499923743195545	88.72404098510742	12	3057	1709	123	120	185,185,30,255	4	1.0	1	1	4:4
30N_080E	6:uniform	29.684026207438922	85.39587020874023	12	3019	1694	157	13	185,185,30,255	6	1.0	1	1	6:6
30N_080E	7:uniform	28.740118609388606	83.34794998168945	12	2996	1706	80	91	185,185,30,255	7	1.0	0	1	7:6
30N_080E	7:uniform	28.619939171836403	83.89211654663086	12	3002	1707	129	234	185,185,30,255	7	1.0	0	1	7:6
30N_080E	7:uniform	28.740118609388606	83.37198257446289	12	2996	1706	150	91	185,185,30,255	7	1.0	1	1	7:6
30N_080E	7:uniform	28.540044622226038	85.52392959594727	12	3021	1708	18	243	185,185,30,255	7	1.0	0	1	7:4
30N_080E	7:uniform	27.700096006384236	86.90786361694336	12	3036	1719	209	201	185,185,30,255	7	1.0	1	1	7:6
30N_080E	8:uniform	28.675979826521836	80.03591537475586	12	2958	1707	161	48	36,110,36,255	2	1.0	0	1	2:6
30N_080E	8:uniform	28.339892119838517	81.21213912963867	12	2972	1711	3	138	36,110,36,255	8	1.0	1	1	8:9
30N_080E	8:uniform	28.4359401233031	80.82006454467773	12	2967	1710	141	76	36,110,36,255	2	1.0	0	1	2:4
30N_080E	9:any	27.683984115304558	86.71594619750977	12	3034	1719	162	254	36,110,36,255	2	1.0	0	1	2:4
30N_080E	9:any	25.63610978967037	89.65993881225586	12	3068	1746	33	17	211,211,211,255	12	0.833	0	0	12:5 13:1
30N_080E	9:any	26.539855046986357	88.48405838012695	12	3054	1734	192	158	211,211,211,255	12	1.0	0	1	12:6
30N_080E	9:any	28.596127901648995	84.83591079711914	12	3013	1708	62	57	36,110,36,255	2	1.0	0	1	2:9
30N_080E	9:any	29.332053451155616	80.29203414916992	12	2961	1698	139	167	36,110,36,255	2	0.5	0	0	2:2 6:1 9:1
30N_080E	10:any	24.083925079382364	88.28390121459961	12	3052	1765	121	136	211,211,211,255	12	1.0	1	1	12:6
30N_080E	10:any	22.980046324190315	89.1401481628418	12	3062	1779	55	59	36,110,36,255	8	0.833	0	0	8:5 12:1
30N_080E	10:any	21.971862428006574	82.67606735229492	12	2988	1791	171	165	185,185,30,255	3	0.667	0	0	3:4 4:2
30N_080E	10:any	29.492056916784485	86.63595199584961	12	3033	1696	185	144	185,185,30,255	3	1.0	0	1	3:4
30N_080E	10:any	20.716139087266797	83.61196517944336	12	2999	1806	81	252	211,211,211,255	12	1.0	1	1	12:6
30N_080E	11:any	21.419992858038533	84.85994338989258	12	3013	1798	132	103	185,185,30,255	3	0.75	0	0	3:3 4:1
30N_080E	11:any	28.28397513292428	83.93983840942383	12	3003	1712	12	67	185,185,30,255	13	0.333	0	0	6:1 9:1 11:2 13:2
30N_080E	11:any	22.707947538132842	88.27600479125977	12	3052	1782	98	151	211,211,211,255	12	1.0	0	1	12:4
30N_080E	11:any	22.636035523017053	89.64414596557617	12	3067	1783	243	122	185,185,30,255	4	1.0	0	1	4:6
30N_080E	11:any	22.820016893453108	89.76396560668945	12	3069	1781	80	53	185,185,30,255	3	1.0	0	1	3:4
30N_080E	12:uniform	26.16391225374545	87.74797439575195	12	3046	1739	96	100	211,211,211,255	12	1.0	1	1	12:4
30N_080E	12:uniform	25.60391473973771	89.98815536499023	12	3071	1746	221	121	211,211,211,255	12	1.0	1	1	12:6
30N_080E	12:uniform	21.651844074077733	81.2358283996582	12	2972	1795	72	145	211,211,211,255	12	1.0	1	1	12:9
30N_080E	12:uniform	22.29211425432242	81.7078971862793	12	2977	1787	167	182	211,211,211,255	12	1.0	1	1	12:9
30N_080E	12:uniform	24.340058680236364	80.9721565246582	12	2969	1762	72	86	211,211,211,255	12	1.0	1	1	12:6
30N_080E	13:uniform	26.91610052552961	80.95602035522461	12	2969	1729	25	211	211,211,211,255	13	1.0	1	1	13:6
30N_080E	13:uniform	22.892148384785255	88.39616775512695	12	3053	1780	192	81	211,211,211,255	13	1.0	1	1	13:9
30N_080E	13:uniform	22.564085851267972	88.3879280090332	12	3053	1784	168	93	211,211,211,255	13	1.0	1	1	13:4
30N_080E	13:uniform	22.980046324190315	88.45212936401367	12	3054	1779	99	59	211,211,211,255	13	1.0	1	1	13:6
30N_080E	13:uniform	21.188093116561625	81.39616012573242	12	2974	1801	27	60	211,211,211,255	13	0.889	0	0	6:1 13:8
30N_080E	14:uniform	23.42812637193932	83.58793258666992	12	2999	1773	11	175	211,211,211,255	14	1.0	1	1	14:6
30N_080E	14:uniform	23.82790677042586	81.6200065612793	12	2976	1768	167	184	211,211,211,255	14	1.0	0	1	14:6
30N_080E	14:uniform	21.940020216744685	80.37992477416992	12	2962	1792	139	9	211,211,211,255	14	1.0	1	1	14:4
30N_080E	14:uniform	23.604104548000265	83.89211654663086	12	3002	1771	129	128	211,211,211,255	14	0.889	0	0	14:8 15:1
30N_080E	14:uniform	23.64405244581812	84.13209915161133	12	3005	1771	60	1	211,211,211,255	14	1.0	1	1	14:6
30N_080E	15:uniform	25.044081508244368	82.6201057434082	12	2988	1753	8	133	211,211,211,255	15	1.0	1	1	15:6
30N_080E	15:uniform	24.57194803242391	82.4278450012207	12	2985	1759	216	112	211,211,211,255	15	1.0	1	1	15:6
30N_080E	15:uniform	25.05185737072655	82.62800216674805	12	2988	1753	31	108	211,211,211,255	15	0.667	0	0	12:2 15:4
30N_080E	15:uniform	25.03599408817028	82.6201057434082	12	2988	1753	8	159	211,211,211,255	15	1.0	1	1	15:6
30N_080E	15:uniform	24.54790391032124	80.08398056030273	12	2959	1759	45	189	211,211,211,255	15	1.0	1	1	15:6
30N_080E	17:any	26.30003255134723	89.99605178833008	12	3071	1737	244	170	211,211,211,255	14	0.75	0	0	14:3 17:1
30N_080E	17:any	21.756151657941036	87.62815475463867	12	3045	1794	3	74	211,211,211,255	13	0.889	0	0	13:8 17:1
30N_080E	17:any	21.980140234049145	87.60412216186523	12	3044	1791	189	139	211,211,211,255	12	0.556	0	0	12:5 13:2 18:2
30N_080E	17:any	22.99584924773153	88.8599967956543	12	3059	1779	7	9	36,110,36,255	8	0.5	0	0	8:3 12:2 17:1
30N_080E	17:any	22.139870765399028	87.61991500854492	12	3044	1789	235	149	211,211,211,255	13	1.0	0	1	13:9
30N_080E	17:any	21.96390254406487	87.39606857299805	12	3042	1791	95	190	211,211,211,255	12	1.0	1	1	12:6
30N_080E	17:any	22.067982542813652	87.60412216186523	12	3044	1790	189	119	211,211,211,255	12	1.0	0	1	12:6
30N_080E	17:any	22.34007320282972	87.72394180297852	12	3046	1787	26	31	211,211,211,255	13	0.75	0	0	13:3 17:1
30N_080E	17:any	22.100114107554024	87.51588821411133	12	3043	1790	188	18	211,211,211,255	12	1.0	1	1	12:9
30N_080E	17:any	25.588123613250275	89.3159294128418	12	3064	1746	55	172	211,211,211,255	12	1.0	0	1	12:6
30N_080E	17:any	23.41205942330396	88.69211196899414	12	3057	1773	30	226	211,211,211,255	12	1.0	0	1	12:6
30N_080E	17:any	21.940020216744685	87.60412216186523	12	3044	1792	189	9	211,211,211,255	12	1.0	0	1	12:6
30N_080E	17:any	22.123969447878245	87.46816635131836	12	3043	1789	49	199	211,211,211,255	13	0.5	0	0	12:3 13:3
30N_080E	17:any	21.548099709855503	87.22784042358398	12	3040	1796	117	214	185,185,30,255	10	0.889	0	0	3:1 10:8
30N_080E	17:any	22.788051684049254	88.8438606262207	12	3058	1781	216	154	211,211,211,255	12	1.0	1	1	12:6
30N_080E	18:any	29.483988014059474	80.30817031860352	12	2961	1696	186	171	36,110,36,255	9	1.0	0	1	9:6
30N_080E	18:any	26.5158952596294	88.15584182739258	12	3051	1734	4	236	185,185,30,255	12	0.444	0	0	9:2 11:3 12:4
30N_080E	18:any	26.556132560728347	88.69211196899414	12	3057	1734	30	105	211,211,211,255	14	0.556	0	0	12:1 14:5 18:3
30N_080E	18:any	26.539855046986357	89.52398300170898	12	3066	1734	149	158	211,211,211,255	12	1.0	1	1	12:6
30N_080E	18:any	26.491930472251575	89.41205978393555	12	3065	1735	79	58	211,211,211,255	12	1.0	1	1	12:4
30N_080E	18:any	26.58008394353814	88.67597579956055	12	3056	1734	239	27	211,211,211,255	20	0.75	0	0	18:1 20:3
30N_080E	18:any	22.460057004225114	89.01208877563477	12	3060	1785	194	165	211,211,211,255	13	1.0	1	1	13:6
30N_080E	18:any	26.604030317907245	88.30793380737305	12	3052	1733	191	205	211,211,211,255	14	0.5	0	0	12:2 14:2
30N_080E	18:any	24.98808074851427	89.84395980834961	12	3070	1754	57	57	36,110,36,255	9	0.75	0	0	9:3 11:1
30N_080E	18:any	26.70007238328872	88.85210037231445	12	3058	1732	240	148	211,211,211,255	12	0.5	0	0	9:3 12:3
30N_080E	18:any	24.580065785328603	88.3000373840332	12	3052	1759	168	86	211,211,211,255	12	1.0	0	1	12:4
30N_080E	18:any	26.260013715434162	88.16408157348633	12	3051	1738	28	44	211,211,211,255	12	1.0	1	1	12:6
30N_080E	18:any	26.556132560728347	89.44398880004883	12	3065	1734	172	105	185,185,30,255	3	1.0	0	1	3:6
30N_080E	18:any	21.81194266971501	88.49985122680664	12	3054	1793	238	155	0,0,0,0	4	0.5	0	0	0:3 4:3
30N_080E	18:any	26.755880744481203	88.90016555786133	12	3059	1731	124	222	211,211,211,255	18	1.0	0	1	18:9
30N_080E	19:any	20.05996250189005	86.11616134643555	12	3027	1814	207	243	211,211,211,255	12	1.0	1	1	12:6
30N_080E	19:any	20.412051466343325	85.0920295715332	12	3016	1810	40	174	185,185,30,255	4	1.0	1	1	4:4
30N_080E	19:any	26.052002167592157	80.93988418579102	12	2968	1740	234	207	211,211,211,255	12	1.0	0	1	12:6
30N_080E	19:any	20.60402506192675	86.3719367980957	12	3030	1808	184	89	211,211,211,255	12	1.0	0	1	12:4
30N_080E	19:any	20.268155436756235	85.87583541870117	12	3025	1812	19	109	211,211,211,255	13	1.0	1	1	13:9
30N_080E	19:any	24.60410373637837	83.9879035949707	12	3003	1759	152	9	185,185,30,255	3	1.0	0	1	3:9
30N_080E	19:any	21.788034894743173	87.80393600463867	12	3047	1793	3	230	211,211,211,255	13	1.0	0	1	13:4
30N_080E	19:any	21.684069466530477	87.62815475463867	12	3045	1795	3	44	211,211,211,255	13	0.5	0	0	12:3 13:3
30N_080E	19:any	22.052073123077374	87.83586502075195	12	3047	1790	96	169	211,211,211,255	12	1.0	0	1	12:6
30N_080E	19:any	26.412011776872284	80.44412612915039	12	2963	1736	70	62	185,185,30,255	10	1.0	0	1	10:6
30N_080E	19:any	20.66796268092927	86.6520881652832	12	3033	1807	232	146	211,211,211,255	12	1.0	0	1	12:6
30N_080E	19:any	20.33995924010204	86.74787521362305	12	3034	1811	255	142	211,211,211,255	13	0.833	0	0	12:1 13:5
30N_080E	19:any	23.419935622371344	87.27590560913086	12	3041	1773	1	201	211,211,211,255	12	1.0	0	1	12:6
30N_080E	19:any	20.420095382556642	81.27599716186523	12	2972	1810	189	149	185,185,30,255	4	1.0	0	1	4:6
30N_080E	19:any	23.523857454197817	87.42799758911133	12	3042	1772	188	127	211,211,211,255	15	0.667	0	0	12:2 15:4
30N_080E	20:any	26.588066624976136	88.5798454284668	12	3055	1734	215	1	211,211,211,255	12	1.0	1	1	12:6
30N_080E	20:any	26.71602042224715	88.90016555786133	12	3059	1732	124	96	211,211,211,255	18	0.667	0	0	13:2 18:4
30N_080E	20:any	26.187945057286807	88.08408737182617	12	3050	1739	51	22	211,211,211,255	12	1.0	1	1	12:6
30N_080E	20:any	26.364033958335586	89.19610977172852	12	3062	1736	218	218	211,211,211,255	12	1.0	0	1	12:6
30N_080E	20:any	22.515887094605862	88.42809677124023	12	3054	1784	29	245	185,185,30,255	4	1.0	0	1	4:9
30N_080E	20:any	26.412011776872284	89.80413436889648	12	3069	1736	197	62	211,211,211,255	12	1.0	1	1	12:6
30N_080E	20:any	26.43599320821316	88.44388961791992	12	3054	1735	75	240	185,185,30,255	20	0.5	0	0	11:3 20:3
30N_080E	20:any	21.852098743423362	87.76411056518555	12	3046	1793	143	29	211,211,211,255	13	0.667	0	0	12:3 13:6
30N_080E	20:any	29.347915497743944	80.28413772583008	12	2961	1698	116	114	36,110,36,255	2	0.667	0	0	2:4 3:1 12:1
30N_080E	20:any	26.78009672943636	88.3879280090332	12	3053	1731	168	143	211,211,211,255	14	1.0	1	1	14:4
30N_080E	20:any	26.396021385593464	89.98815536499023	12	3071	1736	221	114	211,211,211,255	12	0.833	0	0	12:5 20:1
30N_080E	20:any	26.396021385593464	88.14004898071289	12	3050	1736	214	114	211,211,211,255	12	1.0	1	1	12:4
30N_080E	20:any	26.71602042224715	88.68387222290039	12	3057	1732	6	96	211,211,211,255	18	0.667	0	0	18:4 20:2
30N_080E	20:any	26.71602042224715	88.6680793762207	12	3056	1732	216	96	211,211,211,255	18	1.0	0	1	18:6
30N_080E	20:any	26.5158952596294	88.23583602905273	12	3051	1734	237	236	211,211,211,255	12	1.0	0	1	12:9
30N_080E	21:any	21.980140234049145	87.22784042358398	12	3040	1791	117	139	211,211,211,255	15	0.778	0	0	3:2 15:7
30N_080E	21:any	22.123969447878245	87.1080207824707	12	3039	1789	24	199	185,185,30,255	4	1.0	0	1	4:4
30N_080E	21:any	22.892148384785255	84.78784561157227	12	3012	1780	178	81	211,211,211,255	12	1.0	0	1	12:9
30N_080E	21:any	22.067982542813652	83.01183700561523	12	2992	1790	125	119	185,185,30,255	6	0.5	0	0	6:3 15:1 21:2
30N_080E	21:any	20.995900370754182	81.49194717407227	12	2975	1803	50	148	211,211,211,255	12	1.0	1	1	12:6
30N_080E	21:any	20.091886236795233	81.74016952514648	12	2978	1814	5	144	211,211,211,255	15	0.667	0	0	12:1 15:6 21:2
30N_080E	21:any	25.260066391500395	82.30802536010742	12	2984	1750	123	206	211,211,211,255	19	0.75	0	0	19:3 21:1
30N_080E	21:any	21.94798143830523	81.20389938354492	12	2971	1791	235	240	211,211,211,255	12	1.0	0	1	12:6
30N_080E	21:any	21.788034894743173	85.7398796081543	12	3023	1793	135	230	211,211,211,255	12	1.0	1	1	12:6
30N_080E	21:any	20.563849514280708	81.17986679077148	12	2971	1808	165	214	185,185,30,255	6	1.0	0	1	6:9
30N_080E	21:any	24.131871821915066	80.98005294799805	12	2969	1764	95	239	185,185,30,255	3	1.0	0	1	3:6
30N_080E	21:any	23.891958966908412	81.38792037963867	12	2974	1767	3	236	211,211,211,255	12	0.5	0	0	12:3 15:3
30N_080E	21:any	25.2681389748351	81.46001815795898	12	2974	1750	213	180	211,211,211,255	15	0.5	0	0	3:1 15:3 19:2
30N_080E	21:any	20.900031713954643	84.17192459106445	12	3005	1804	176	191	185,185,30,255	6	0.5	0	0	3:1 4:1 6:2
30N_080E	21:any	23.244027505791742	87.60412216186523	12	3044	1775	189	247	211,211,211,255	12	1.0	0	1	12:6
40N_080E	2:uniform	30.0199085571309	80.80392837524414	12	2967	1689	94	165	36,110,36,255	2	1.0	1	1	2:4
40N_080E	2:uniform	30.01188203515952	80.21203994750977	12	2960	1689	162	192	36,110,36,255	2	1.0	1	1	2:6
40N_080E	2:uniform	30.06805404247151	80.10801315307617	12	2959	1689	115	3	36,110,36,255	2	1.0	0	1	2:4
40N_080E	2:uniform	30.06805404247151	80.11590957641602	12	2959	1689	138	3	36,110,36,255	2	1.0	1	1	2:6
40N_080E	2:uniform	30.01188203515952	80.59587478637695	12	2965	1689	0	192	36,110,36,255	2	1.0	1	1	2:9
40N_080E	3:uniform	36.17986950381665	80.83585739135742	12	2967	1605	187	232	211,211,211,255	13	0.667	0	0	3:3 13:6
40N_080E	3:uniform	30.98011107055409	82.86798477172852	12	2990	1676	218	247	185,185,30,255	3	1.0	1	1	3:6
40N_080E	3:uniform	30.628015735518336	87.2999382019043	12	3041	1681	71	161	185,185,30,255	3	1.0	1	1	3:4
40N_080E	3:uniform	30.620038882307053	89.41205978393555	12	3065	1681	79	188	185,185,30,255	3	1.0	1	1	3:4
40N_080E	3:uniform	36.16407212502813	80.44412612915039	12	2963	1606	70	33	185,185,30,255	3	1.0	1	1	3:6
40N_080E	4:uniform	31.96395937367161	89.0361213684082	12	3061	1663	8	215	185,185,30,255	4	1.0	1	1	4:6
40N_080E	4:uniform	30.643967469460204	82.13190078735352	12	2982	1681	122	107	185,185,30,255	4	1.0	1	1	4:6
40N_080E	4:uniform	30.84402622468446	83.57213973999023	12	2998	1678	221	197	185,185,30,255	4	1.0	1	1	4:6
40N_080E	4:uniform	34.22812573617483	82.26785659790039	12	2984	1633	6	22	185,185,30,255	4	1.0	1	1	4:9
40N_080E	4:uniform	30.98011107055409	87.05205917358398	12	3038	1676	117	247	185,185,30,255	4	1.0	1	1	4:6
40N_080E	6:uniform	35.100108298924916	83.5481071472168	12	2998	1621	151	6	185,185,30,255	6	1.0	1	1	6:6
40N_080E	6:uniform	30.22006353147281	85.39587020874023	12	3019	1687	157	3	185,185,30,255	6	1.0	1	1	6:6
40N_080E	6:uniform	34.95588494999143	88.38003158569336	12	3053	1623	145	7	185,185,30,255	6	1.0	1	1	6:6
40N_080E	6:uniform	37.32389499321999	85.08413314819336	12	3016	1589	17	169	185,185,30,255	6	1.0	1	1	6:6
40N_080E	6:uniform	35.316105696343854	82.30012893676758	12	2984	1618	100	4	185,185,30,255	6	1.0	0	1	6:6
40N_080E	7:uniform	35.42808515915003	81.57983779907227	12	2976	1616	50	116	185,185,30,255	7	1.0	1	1	7:6
40N_080E	7:uniform	35.307981146332935	80.9721565246582	12	2969	1618	72	33	185,185,30,255	7	1.0	0	1	7:6
40N_080E	7:uniform	35.6839321018	82.39591598510742	12	2985	1612	123	224	185,185,30,255	7	1.0	1	1	7:6
40N_080E	7:uniform	35.724078255768475	80.31606674194336	12	2961	1612	209	80	185,185,30,255	7	0.75	0	0	4:1 7:3
40N_080E	7:uniform	35.580127679283365	81.92384719848633	12	2980	1614	28	84	185,185,30,255	7	1.0	1	1	7:9
40N_080E	8:any	30.123897231876377	80.8839225769043	12	2968	1688	71	71	185,185,30,255	10	0.667	0	0	6:2 10:4
40N_080E	8:any	30.115879139513854	80.85988998413086	12	2968	1688	1	98	36,110,36,255	2	0.556	0	0	2:5 3:4
40N_080E	9:any	30.00385486363506	80.3239631652832	12	2961	1689	232	219	36,110,36,255	2	1.0	0	1	2:6
40N_080E	9:any	30.076076014636108	80.27589797973633	12	2961	1688	92	232	185,185,30,255	3	1.0	0	1	3:6
40N_080E	9:any	30.027934429444244	80.07608413696289	12	2959	1689	22	138	211,211,211,255	15	0.667	0	0	13:2 15:4
40N_080E	10:uniform	37.64400496503163	86.81207656860352	12	3035	1585	186	18	185,185,30,255	10	1.0	1	1	10:4
40N_080E	10:uniform	30.0199085571309	83.13989639282227	12	2993	1689	242	165	185,185,30,255	3	1.0	0	1	3:6
40N_080E	10:uniform	37.6518881994921	86.81207656860352	12	3035	1584	186	245	185,185,30,255	10	1.0	0	1	10:4
40N_080E	10:uniform	37.660042389080985	86.80383682250977	12	3035	1584	162	215	185,185,30,255	10	1.0	0	1	10:6
40N_080E	10:uniform	37.660042389080985	86.79594039916992	12	3035	1584	139	215	185,185,30,255	10	1.0	0	1	10:4
40N_080E	11:any	31.187986783919836	88.15584182739258	12	3051	1674	4	52	185,185,30,255	3	0.5	0	0	3:3 13:3
40N_080E	11:any	31.483868658082173	89.74782943725586	12	3069	1670	33	67	185,185,30,255	4	0.778	0	0	3:2 4:7
40N_080E	11:any	31.23614186502309	88.10811996459961	12	3050	1673	121	144	185,185,30,255	3	1.0	0	1	3:9
40N_080E	11:any	31.6280983800466	87.86813735961914	12	3047	1668	190	86	185,185,30,255	3	1.0	1	1	3:6
40N_080E	11:any	31.796035540698963	88.17987442016602	12	3051	1666	74	23	185,185,30,255	3	1.0	0	1	3:6
40N_080E	12:uniform	38.37194349936753	85.5479621887207	12	3021	1574	88	143	211,211,211,255	12	1.0	1	1	12:4
40N_080E	12:uniform	37.044079674451396	81.04391098022461	12	2970	1593	25	168	211,211,211,255	12	1.0	1	1	12:6
40N_080E	12:uniform	37.02791014130503	81.01198196411133	12	2969	1593	188	227	211,211,211,255	12	1.0	0	1	12:4
40N_080E	12:uniform	37.01996114262008	80.03591537475586	12	2958	1594	161	0	211,211,211,255	12	1.0	1	1	12:6
40N_080E	12:uniform	37.01996114262008	80.7960319519043	12	2967	1594	71	0	211,211,211,255	12	1.0	0	1	12:4
40N_080E	13:uniform	31.28397900805578	84.02807235717773	12	3004	1672	13	237	211,211,211,255	13	1.0	1	1	13:4
40N_080E	13:uniform	31.3479196005929	83.97211074829102	12	3003	1672	106	19	211,211,211,255	13	1.0	1	1	13:6
40N_080E	13:uniform	31.33208515048922	84.03596878051758	12	3004	1672	36	73	211,211,211,255	13	1.0	1	1	13:4
40N_080E	13:uniform	31.276056739737815	84.0040397644043	12	3003	1673	199	8	211,211,211,255	13	1.0	0	1	13:4
40N_080E	13:uniform	31.315954730869848	84.01193618774414	12	3003	1672	222	128	211,211,211,255	13	1.0	1	1	13:4
40N_080E	14:any	30.0199085571309	81.73192977905273	12	2977	1689	237	165	36,110,36,255	2	1.0	0	1	2:4
40N_080E	14:any	30.06805404247151	80.22783279418945	12	2960	1689	208	3	211,211,211,255	13	0.667	0	0	3:2 13:4
40N_080E	14:any	30.123897231876377	80.7960319519043	12	2967	1688	71	71	185,185,30,255	3	1.0	1	1	3:6
40N_080E	14:any	30.115879139513854	80.0599479675293	12	2958	1688	231	98	36,110,36,255	3	0.333	0	0	2:2 3:2 13:1 15:1
40N_080E	14:any	30.06003142002044	80.50798416137695	12	2964	1689	0	30	211,211,211,255	15	0.5	0	0	2:1 3:1 15:2
40N_080E	15:any	30.188018525567912	80.83585739135742	12	2967	1687	187	111	185,185,30,255	3	1.0	0	1	3:6
40N_080E	15:any	30.212053258125653	80.27589797973633	12	2961	1687	92	30	36,110,36,255	2	1.0	1	1	2:6
40N_080E	15:any	30.035959651994673	80.53201675415039	12	2964	1689	70	111	185,185,30,255	3	1.0	0	1	3:4
40N_080E	15:any	30.08409733640972	80.55604934692383	12	2964	1688	140	205	36,110,36,255	13	0.5	0	0	2:2 13:2
40N_080E	15:any	30.155963090154934	80.87602615356445	12	2968	1687	48	219	185,185,30,255	3	1.0	1	1	3:4
30S_140E	0:uniform	-39.65209464761148	144.38798904418945	12	3690	2540	208	47	0,0,0,0	0	1.0	1	1	0:4
30S_140E	0:uniform	-38.659911775659275	141.49995803833008	12	3657	2525	244	160	0,0,0,0	0	1.0	1	1	0:4
30S_140E	0:uniform	-38.07606844619787	149.02009963989258	12	3743	2517	132	39	0,0,0,0	0	1.0	1	1	0:6
30S_140E	0:uniform	-38.92402711565757	141.61188125610352	12	3659	2529	58	123	0,0,0,0	0	1.0	1	1	0:6
30S_140E	0:uniform	-38.26797155559604	140.9238624572754	12	3651	2519	102	238	0,0,0,0	0	1.0	1	1	0:6
30S_140E	2:uniform	-33.86799249857242	148.3561134338379	12	3735	2457	246	247	36,110,36,255	2	1.0	1	1	2:6
30S_140E	2:uniform	-35.67612355781043	148.50786209106445	12	3737	2483	176	3	36,110,36,255	2	1.0	1	1	2:9
30S_140E	2:uniform	-37.18808291530118	146.53993606567383	12	3715	2504	76	101	36,110,36,255	2	1.0	1	1	2:4
30S_140E	2:uniform	-37.380115518448335	149.28411483764648	12	3746	2507	133	36	36,110,36,255	2	1.0	1	1	2:9
30S_140E	2:uniform	-37.45210354941579	142.26797103881836	12	3666	2508	177	44	36,110,36,255	2	1.0	1	1	2:4
30S_140E	3:uniform	-31.88411711241557	144.8521614074707	12	3696	2431	24	22	185,185,30,255	3	1.0	1	1	3:9
30S_140E	3:uniform	-31.51606905269108	140.12392044067383	12	3642	2426	76	42	185,185,30,255	3	1.0	1	1	3:6
30S_140E	3:uniform	-31.707869944765214	140.60388565063477	12	3647	2428	194	186	185,185,30,255	3	1.0	1	1	3:9
30S_140E	3:uniform	-30.324137691879947	141.8199348449707	12	3661	2410	152	91	185,185,30,255	3	1.0	0	1	3:6
30S_140E	3:uniform	-32.56403109915499	145.1481056213379	12	3699	2440	118	59	185,185,30,255	3	1.0	1	1	3:6
30S_140E	4:uniform	-35.45186077236123	143.65190505981445	12	3682	2479	112	224	185,185,30,255	4	1.0	1	1	4:9
30S_140E	4:uniform	-36.203975152039746	147.08410263061523	12	3721	2490	125	110	185,185,30,255	4	1.0	1	1	4:6
30S_140E	4:uniform	-37.90804378684711	147.7961540222168	12	3729	2514	151	186	185,185,30,255	4	1.0	1	1	4:6
30S_140E	4:uniform	-37.5000571194205	143.6440086364746	12	3682	2508	89	220	185,185,30,255	4	1.0	1	1	4:4
30S_140E	4:uniform	-37.54008566175449	149.7798728942871	12	3752	2509	41	111	185,185,30,255	4	1.0	1	1	4:6
30S_140E	5:any	-38.69207530676849	146.58010482788086	12	3715	2526	193	24	0,0,0,0	0	0.667	0	0	0:4 4:2
30S_140E	5:any	-38.31593569314636	145.38808822631836	12	3702	2520	49	160	185,185,30,255	11	1.0	0	1	11:6
30S_140E	5:any	-38.700113931183296	146.22785568237305	12	3711	2526	191	54	211,211,211,255	12	1.0	1	1	12:6
30S_140E	5:any	-38.700113931183296	146.62817001342773	12	3716	2526	77	54	0,0,0,0	0	1.0	1	1	0:6
30S_140E	5:any	-38.66795401334036	146.81184768676758	12	3718	2525	100	190	0,0,0,0	0	1.0	0	1	0:6
30S_140E	6:uniform	-30.092118007687866	140.13216018676758	12	3642	2407	100	77	185,185,30,255	6	1.0	0	1	6:9
30S_140E	6:uniform	-30.404119586445578	140.04392623901367	12	3641	2411	99	105	185,185,30,255	6	1.0	1	1	6:6
30S_140E	6:uniform	-30.107860396242447	142.1158790588379	12	3664	2407	246	130	185,185,30,255	6	1.0	1	1	6:9
30S_140E	6:uniform	-30.404119586445578	140.01989364624023	12	3641	2411	29	105	185,185,30,255	6	1.0	1	1	6:9
30S_140E	6:uniform	-30.452077307889876	140.01989364624023	12	3641	2412	29	11	185,185,30,255	6	1.0	1	1	6:6
30S_140E	8:uniform	-35.89197053955353	145.0279426574707	12	3698	2486	24	10	36,110,36,255	8	1.0	0	1	8:4
30S_140E	8:uniform	-35.900036012841625	145.0279426574707	12	3698	2486	24	39	36,110,36,255	8	1.0	1	1	8:4
30S_140E	8:uniform	-30.580144757866147	148.8680076599121	12	3741	2413	201	188	36,110,36,255	2	1.0	0	1	2:6
30S_140E	8:uniform	-35.83604588536705	145.0279426574707	12	3698	2485	24	65	36,110,36,255	8	1.0	0	1	8:4
30S_140E	8:uniform	-30.580144757866147	148.86011123657227	12	3741	2413	178	188	36,110,36,255	2	0.444	0	0	2:4 8:2 13:3
30S_140E	9:any	-38.00387312546094	140.97192764282227	12	3651	2516	242	28	36,110,36,255	2	1.0	1	1	2:6
30S_140E	9:any	-35.468080101162336	149.7239112854004	12	3751	2480	134	26	211,211,211,255	15	1.0	1	1	15:6
30S_140E	9:any	-37.308058318261914	149.95599746704102	12	3754	2506	42	28	36,110,36,255	2	1.0	1	1	2:4
30S_140E	9:any	-37.667923921096914	148.57995986938477	12	3738	2511	130	69	36,110,36,255	9	0.5	0	0	2:2 9:2
30S_140E	9:any	-36.915999514604266	147.35601425170898	12	3724	2500	149	132	36,110,36,255	9	1.0	1	1	9:4
30S_140E	10:uniform	-30.052008147387504	140.24408340454102	12	3643	2406	170	198	185,185,30,255	3	1.0	0	1	3:6
30S_140E	10:uniform	-31.643882805478487	143.42016220092773	12	3679	2427	205	223	185,185,30,255	10	0.889	0	0	3:1 10:8
30S_140E	10:uniform	-30.764111589862505	144.28396224975586	12	3689	2416	161	43	185,185,30,255	10	1.0	0	1	10:6
30S_140E	10:uniform	-31.043962855619196	140.4360008239746	12	3645	2419	217	225	185,185,30,255	10	1.0	0	1	10:4
30S_140E	10:uniform	-30.244090437549502	145.5721092224121	12	3704	2409	73	77	185,185,30,255	10	1.0	1	1	10:6
30S_140E	11:uniform	-38.09201211620877	147.49197006225586	12	3726	2517	33	98	185,185,30,255	11	1.0	1	1	11:4
30S_140E	11:uniform	-38.09201211620877	147.48407363891602	12	3726	2517	10	98	185,185,30,255	11	1.0	1	1	11:4
30S_140E	11:uniform	-34.555911365153804	144.2039680480957	12	3688	2467	184	110	185,185,30,255	11	1.0	0	1	11:4
30S_140E	11:uniform	-34.547993949909305	144.21186447143555	12	3688	2467	207	82	185,185,30,255	11	1.0	1	1	11:6
30S_140E	11:uniform	-38.09201211620877	147.47583389282227	12	3725	2517	242	98	185,185,30,255	11	1.0	0	1	11:6
30S_140E	12:uniform	-34.339892598758325	146.82008743286133	12	3718	2464	124	115	211,211,211,255	12	1.0	1	1	12:6
30S_140E	12:uniform	-34.87593264417706	145.02004623413086	12	3698	2471	1	220	211,211,211,255	12	1.0	1	1	12:4
30S_140E	12:uniform	-35.26005772740717	141.78800582885742	12	3661	2477	59	51	211,211,211,255	12	1.0	1	1	12:4
30S_140E	12:uniform	-34.24402044162329	141.86800003051758	12	3662	2463	36	33	211,211,211,255	12	1.0	1	1	12:4
30S_140E	12:uniform	-37.54797991274436	143.62787246704102	12	3682	2509	42	140	211,211,211,255	13	1.0	0	1	13:6
30S_140E	13:uniform	-37.876072897188166	144.99601364135742	12	3697	2514	187	68	211,211,211,255	13	1.0	1	1	13:4
30S_140E	13:uniform	-37.90804378684711	145.0279426574707	12	3698	2514	24	186	211,211,211,255	13	1.0	1	1	13:4
30S_140E	13:uniform	-38.123889024721976	145.8519172668457	12	3707	2517	120	216	211,211,211,255	13	1.0	0	1	13:6
30S_140E	13:uniform	-35.33207226093177	149.06816482543945	12	3744	2478	16	52	211,211,211,255	12	0.667	0	0	12:4 15:2
30S_140E	13:uniform	-37.876072897188166	145.17213821411133	12	3699	2514	188	68	211,211,211,255	13	1.0	1	1	13:6
30S_140E	14:uniform	-38.131991105585264	141.24383926391602	12	3655	2517	10	246	211,211,211,255	14	1.0	1	1	14:6
30S_140E	14:uniform	-35.21995964579464	148.52399826049805	12	3737	2476	223	164	211,211,211,255	13	1.0	0	1	13:4
30S_140E	14:uniform	-37.860082246412276	140.96403121948242	12	3651	2514	219	9	211,211,211,255	14	1.0	0	1	14:4
30S_140E	14:uniform	-35.26005772740717	148.46014022827148	12	3737	2477	37	51	36,110,36,255	2	1.0	0	1	2:6
30S_140E	14:uniform	-37.86794249146346	140.96403121948242	12	3651	2514	219	38	211,211,211,255	14	1.0	1	1	14:4
30S_140E	15:uniform	-34.036017411074354	142.07605361938477	12	3664	2460	130	69	211,211,211,255	15	1.0	1	1	15:4
30S_140E	15:uniform	-34.64408300196701	142.0839500427246	12	3664	2468	153	166	211,211,211,255	15	1.0	1	1	15:4
30S_140E	15:uniform	-30.340139302858447	147.89983749389648	12	3730	2410	197	145	211,211,211,255	15	1.0	0	1	15:9
30S_140E	15:uniform	-30.94802192066994	147.27602005004883	12	3723	2418	172	155	211,211,211,255	15	1.0	1	1	15:4
30S_140E	15:uniform	-30.500011440948555	147.64406204223633	12	3727	2412	220	173	211,211,211,255	15	1.0	1	1	15:4
30S_140E	17:uniform	-37.9640947660491	141.0838508605957	12	3653	2515	56	137	211,211,211,255	17	1.0	0	1	17:6
30S_140E	18:any	-37.94812323833631	141.2761116027832	12	3655	2515	104	78	211,211,211,255	15	0.778	0	0	14:2 15:7
30S_140E	18:any	-37.676076349407154	141.33207321166992	12	3656	2511	11	99	211,211,211,255	14	1.0	1	1	14:4
30S_140E	18:any	-34.14803895742784	141.44399642944336	12	3657	2461	81	207	185,185,30,255	11	0.75	0	0	6:1 11:3
30S_140E	18:any	-37.52402236402925	140.8359718322754	12	3650	2509	102	52	211,211,211,255	17	0.75	0	0	14:1 17:3
30S_140E	18:any	-34.08408541743824	141.22804641723633	12	3654	2460	220	238	185,185,30,255	11	1.0	1	1	11:4
30S_140E	18:any	-36.82811139050385	146.96393966674805	12	3720	2499	31	68	211,211,211,255	15	0.5	0	0	15:2 20:2
30S_140E	18:any	-38.18004495282673	141.2761116027832	12	3655	2518	104	168	211,211,211,255	12	0.833	0	0	12:5 17:1
30S_140E	18:any	-34.43593844423504	142.41216659545898	12	3668	2465	85	198	185,185,30,255	10	0.5	0	0	3:3 10:3
30S_140E	18:any	-37.611919727798565	140.88403701782227	12	3650	2510	242	119	211,211,211,255	14	1.0	0	1	14:4
30S_140E	18:any	-34.40393540678017	142.3641014099121	12	3667	2465	201	85	185,185,30,255	11	1.0	1	1	11:6
30S_140E	18:any	-36.37195390402786	147.05183029174805	12	3721	2492	31	205	211,211,211,255	12	0.667	0	0	3:2 12:4
30S_140E	18:any	-36.25188731849557	148.11613082885742	12	3733	2491	59	27	185,185,30,255	15	0.444	0	0	3:3 10:1 15:4 17:1
30S_140E	18:any	-37.876072897188166	140.44389724731445	12	3645	2514	240	68	211,211,211,255	20	1.0	0	1	20:6
30S_140E	18:any	-37.28402388881185	140.19601821899414	12	3643	2505	30	196	211,211,211,255	14	1.0	0	1	14:4
30S_140E	18:any	-34.75614033599574	143.21210861206055	12	3677	2470	111	51	211,211,211,255	12	1.0	1	1	12:9
30S_140E	19:any	-34.34811321925327	143.9560890197754	12	3685	2464	230	144	211,211,211,255	19	0.778	0	0	10:2 19:7
30S_140E	19:any	-37.28402388881185	140.51599502563477	12	3646	2505	194	196	211,211,211,255	12	1.0	0	1	12:4
30S_140E	19:any	-34.428009629612646	140.56406021118164	12	3647	2465	78	170	185,185,30,255	11	1.0	0	1	11:4
30S_140E	19:any	-34.45207692103493	140.5400276184082	12	3647	2465	8	255	185,185,30,255	10	1.0	0	1	10:4
30S_140E	19:any	-33.500035382430724	147.4119758605957	12	3725	2452	56	239	211,211,211,255	12	1.0	0	1	12:4
30S_140E	19:any	-30.628015735518336	147.64406204223633	12	3727	2414	220	94	211,211,211,255	15	1.0	1	1	15:4
30S_140E	19:any	-33.10807903830898	146.62817001342773	12	3716	2447	77	153	185,185,30,255	10	0.833	0	0	10:5 19:1
30S_140E	19:any	-34.003862060435345	141.9400978088379	12	3662	2459	246	212	211,211,211,255	19	1.0	1	1	19:9
30S_140E	19:any	-34.31607659890501	143.77206802368164	12	3683	2464	206	31	185,185,30,255	19	0.75	0	0	10:1 19:3
30S_140E	19:any	-38.00387312546094	140.56406021118164	12	3647	2516	78	28	211,211,211,255	13	0.667	0	0	3:2 13:4
30S_140E	19:any	-32.476025858978936	142.19587326049805	12	3665	2439	223	11	185,185,30,255	3	1.0	0	1	3:6
30S_140E	19:any	-35.26005772740717	144.1160774230957	12	3687	2477	184	51	211,211,211,255	19	1.0	0	1	19:4
30S_140E	19:any	-33.98792215186173	141.89992904663086	12	3662	2459	129	156	211,211,211,255	15	1.0	1	1	15:4
30S_140E	19:any	-37.308058318261914	140.40407180786133	12	3645	2506	124	28	211,211,211,255	19	1.0	1	1	19:4
30S_140E	19:any	-36.964020548443976	147.6759910583496	12	3728	2501	57	51	211,211,211,255	19	1.0	1	1	19:4
30S_140E	20:any	-38.5160716271523	146.98797225952148	12	3720	2523	101	136	211,211,211,255	20	1.0	0	1	20:4
30S_140E	20:any	-37.75592273798062	145.73209762573242	12	3706	2512	27	137	36,110,36,255	2	1.0	1	1	2:6
30S_140E	20:any	-32.284085073869896	142.34006881713867	12	3667	2436	131	117	185,185,30,255	10	1.0	0	1	10:4
30S_140E	20:any	-31.659956780869933	144.03608322143555	12	3686	2428	207	22	185,185,30,255	10	0.5	0	0	10:3 19:3
30S_140E	20:any	-36.46008764518123	146.12382888793945	12	3710	2494	144	12	211,211,211,255	20	1.0	0	1	20:6
30S_140E	20:any	-34.396003557221256	140.57195663452148	12	3647	2465	101	57	185,185,30,255	3	1.0	0	1	3:4
30S_140E	20:any	-32.340085740961975	142.3960304260254	12	3668	2437	38	54	211,211,211,255	20	1.0	1	1	20:4
30S_140E	20:any	-32.33196343892935	142.3960304260254	12	3668	2437	38	26	211,211,211,255	15	1.0	0	1	15:4
30S_140E	20:any	-37.73203216272783	143.01984786987305	12	3675	2512	63	49	211,211,211,255	15	1.0	0	1	15:6
30S_140E	20:any	-32.31600679518736	142.2758674621582	12	3666	2436	200	227	211,211,211,255	15	0.833	0	0	15:5 19:1
30S_140E	20:any	-36.62007440263773	146.68413162231445	12	3716	2496	240	80	211,211,211,255	12	1.0	1	1	12:6
30S_140E	20:any	-38.75609127334411	146.19592666625977	12	3711	2527	98	7	211,211,211,255	13	1.0	0	1	13:4
30S_140E	20:any	-38.18004495282673	143.68383407592773	12	3682	2518	205	168	185,185,30,255	4	0.667	0	0	4:4 11:2
30S_140E	20:any	-35.42808515915003	142.8361701965332	12	3673	2479	40	139	185,185,30,255	6	0.5	0	0	6:3 11:1 20:2
30S_140E	20:any	-37.09201989806847	144.01994705200195	12	3686	2503	160	6	211,211,211,255	15	1.0	0	1	15:4
30S_140E	21:any	-34.57202663233726	142.05202102661133	12	3664	2467	60	167	211,211,211,255	15	1.0	1	1	15:4
30S_140E	21:any	-33.5240805577932	141.86010360717773	12	3662	2453	13	67	185,185,30,255	6	1.0	1	1	6:6
30S_140E	21:any	-33.332105916410704	141.8360710144043	12	3661	2450	199	165	211,211,211,255	21	1.0	1	1	21:4
30S_140E	21:any	-34.26814059901041	140.81193923950195	12	3650	2463	32	118	185,185,30,255	3	0.5	0	0	3:3 6:1 15:2
30S_140E	21:any	-33.10002638855923	141.6599464416504	12	3659	2447	198	125	211,211,211,255	10	0.5	0	0	10:2 19:2
30S_140E	21:any	-31.33208515048922	149.58795547485352	12	3749	2423	250	182	211,211,211,255	12	1.0	0	1	12:4
30S_140E	21:any	-34.699989507845316	141.98816299438477	12	3663	2469	130	108	211,211,211,255	15	0.667	0	0	15:4 19:2
30S_140E	21:any	-32.08388356283814	140.75597763061523	12	3649	2433	125	196	185,185,30,255	3	1.0	1	1	3:6
30S_140E	21:any	-30.308133466508966	149.47603225708008	12	3748	2410	180	37	211,211,211,255	12	0.833	0	0	2:1 12:5
30S_140E	21:any	-34.65989876968165	142.1718406677246	12	3665	2468	153	222	211,211,211,255	12	1.0	1	1	12:6
30S_140E	21:any	-32.33196343892935	142.3798942565918	12	3667	2437	247	26	211,211,211,255	15	0.833	0	0	3:1 15:5
30S_140E	21:any	-37.78007695280164	141.43610000610352	12	3657	2512	58	226	211,211,211,255	15	1.0	1	1	15:6
30S_140E	21:any	-33.13194505666973	141.86800003051758	12	3662	2447	36	236	211,211,211,255	12	1.0	1	1	12:4
30S_140E	21:any	-35.28388285534078	146.21206283569336	12	3711	2477	145	136	185,185,30,255	6	1.0	0	1	6:6
30S_140E	21:any	-33.196034876462726	141.7320442199707	12	3660	2448	152	203	211,211,211,255	10	0.5	0	0	10:2 19:2
70N_060E	0:uniform	69.04395761224437	68.11609268188477	12	2823	947	2	200	0,0,0,0	0	1.0	1	1	0:6
70N_060E	0:uniform	68.84401007249517	67.11599349975586	12	2811	954	161	29	0,0,0,0	0	1.0	1	1	0:4
70N_060E	0:uniform	69.86002325584667	63.716068267822266	12	2772	921	242	83	0,0,0,0	0	1.0	1	1	0:4
70N_060E	0:uniform	68.92403379458524	67.67595291137695	12	2818	951	0	150	0,0,0,0	0	1.0	1	1	0:4
70N_060E	0:uniform	69.32395761131414	67.76384353637695	12	2819	938	0	209	0,0,0,0	0	1.0	1	1	0:6
70N_060E	2:uniform	61.93192423054867	67.46000289916992	12	2815	1144	139	43	36,110,36,255	2	1.0	1	1	2:4
70N_060E	2:uniform	62.1160076931937	62.86806106567383	12	2763	1139	76	180	36,110,36,255	2	1.0	1	1	2:4
70N_060E	2:uniform	65.09201926625202	61.62797927856445	12	2749	1063	48	118	36,110,36,255	2	1.0	1	1	2:4
70N_060E	2:uniform	61.62802062222647	68.14802169799805	12	2823	1151	95	123	36,110,36,255	2	1.0	1	1	2:4
70N_060E	2:uniform	63.388061681067306	68.45186233520508	12	2826	1108	212	22	36,110,36,255	2	1.0	1	1	2:6
70N_060E	3:uniform	68.26805208016634	64.70003128051758	12	2784	972	36	10	185,185,30,255	3	1.0	0	1	3:4
70N_060E	3:uniform	67.6359497742174	64.27602767944336	12	2779	991	81	51	185,185,30,255	3	1.0	1	1	3:4
70N_060E	3:uniform	68.12395356173349	64.58810806274414	12	2782	976	222	116	185,185,30,255	3	1.0	0	1	3:6
70N_060E	3:uniform	69.00401457822058	62.02005386352539	12	2753	949	166	13	185,185,30,255	3	1.0	0	1	3:4
70N_060E	3:uniform	61.356012521945914	69.21197891235352	12	2835	1157	122	247	185,185,30,255	3	1.0	1	1	3:4
70N_060E	4:uniform	60.748005054314675	67.73191452026367	12	2818	1172	163	66	185,185,30,255	4	1.0	1	1	4:6
70N_060E	4:uniform	66.76395541689874	67.46789932250977	12	2815	1016	162	206	185,185,30,255	4	1.0	1	1	4:6
70N_060E	4:uniform	60.420038851733	68.17205429077148	12	2823	1179	165	219	185,185,30,255	4	1.0	1	1	4:4
70N_060E	4:uniform	66.04402970280343	65.22016525268555	12	2790	1037	15	69	185,185,30,255	4	1.0	1	1	4:6
70N_060E	4:uniform	60.95602734618867	67.25194931030273	12	2813	1167	45	102	185,185,30,255	4	1.0	1	1	4:4
70N_060E	6:uniform	66.96400609571268	65.27612686157227	12	2790	1011	178	3	185,185,30,255	6	1.0	1	1	6:6
70N_060E	6:uniform	66.68404723597037	64.32409286499023	12	2779	1019	221	27	185,185,30,255	6	0.5	0	0	3:3 6:3
70N_060E	6:uniform	66.14794941620475	63.26803207397461	12	2767	1034	217	90	185,185,30,255	6	1.0	1	1	6:4
70N_060E	6:uniform	67.52399538247137	66.74005508422852	12	2807	994	90	138	185,185,30,255	6	1.0	1	1	6:4
70N_060E	6:uniform	67.49194847751961	66.7558479309082	12	2807	995	136	126	185,185,30,255	6	1.0	1	1	6:6
70N_060E	7:any	66.92393825944559	65.15596389770508	12	2789	1012	84	45	185,185,30,255	6	1.0	0	1	6:4
70N_060E	7:any	65.02005865217967	60.052127838134766	12	2731	1065	66	103	185,185,30,255	4	0.667	0	0	4:4 6:2
70N_060E	7:any	68.12395356173349	66.46814346313477	12	2804	976	66	116	185,185,30,255	6	1.0	1	1	6:6
70N_060E	7:any	68.08400725705955	66.50796890258789	12	2804	977	182	172	185,185,30,255	6	1.0	1	1	6:4
70N_060E	7:any	67.79594954593597	66.1241340637207	12	2800	986	88	102	185,185,30,255	3	1.0	0	1	3:6
70N_060E	8:uniform	63.523996486754804	67.17195510864258	12	2812	1104	68	160	185,185,30,255	10	1.0	0	1	10:4
70N_060E	8:uniform	64.81206865505851	63.491878509521484	12	2770	1070	101	252	36,110,36,255	8	1.0	1	1	8:6
70N_060E	8:uniform	60.88394154678034	62.3719596862793	12	2757	1169	167	22	185,185,30,255	10	1.0	0	1	10:4
70N_060E	8:uniform	61.491986048202484	61.5479850769043	12	2748	1154	71	187	36,110,36,255	8	1.0	1	1	8:4
70N_060E	8:uniform	64.82799040590305	61.98812484741211	12	2753	1070	73	143	185,185,30,255	10	1.0	0	1	10:6
70N_060E	9:uniform	65.5720224818079	66.00397109985352	12	2798	1050	250	96	36,110,36,255	9	1.0	1	1	9:4
70N_060E	9:uniform	61.38792421138406	63.75589370727539	12	2773	1157	102	53	36,110,36,255	9	1.0	1	1	9:6
70N_060E	9:uniform	65.90004126434171	63.46784591674805	12	2770	1041	31	75	36,110,36,255	9	1.0	1	1	9:6
70N_060E	9:uniform	65.7079676104123	66.00397109985352	12	2798	1046	250	160	185,185,30,255	11	1.0	0	1	11:4
70N_060E	9:uniform	65.72406381382994	63.348026275634766	12	2768	1046	194	46	36,110,36,255	9	1.0	1	1	9:4
70N_060E	10:uniform	66.88393933394399	68.66815567016602	12	2829	1013	74	86	185,185,30,255	10	1.0	0	1	10:6
70N_060E	10:uniform	67.10800003244114	63.316097259521484	12	2768	1006	101	208	185,185,30,255	10	0.5	0	0	3:1 4:2 10:3
70N_060E	10:uniform	69.47603816138484	60.692081451416016	12	2738	933	138	230	185,185,30,255	10	1.0	1	1	10:6
70N_060E	10:uniform	69.75597719982538	67.58806228637695	12	2817	924	0	193	185,185,30,255	10	1.0	1	1	10:4
70N_060E	10:uniform	69.51596334309286	69.68404769897461	12	2840	932	217	154	185,185,30,255	10	1.0	0	1	10:4
70N_060E	11:uniform	66.43603908043322	68.82814407348633	12	2831	1026	28	51	185,185,30,255	11	1.0	1	1	11:6
70N_060E	11:uniform	61.58001883426328	69.9799919128418	12	2844	1152	55	161	36,110,36,255	9	1.0	0	1	9:4
70N_060E	11:uniform	60.61199569939257	65.20402908325195	12	2789	1175	224	107	185,185,30,255	11	1.0	0	1	11:4
70N_060E	11:uniform	63.83605157460971	69.41213607788086	12	2837	1096	193	158	185,185,30,255	11	0.833	0	0	9:1 11:5
70N_060E	11:uniform	64.13195574127133	69.57212448120117	12	2839	1088	147	241	185,185,30,255	11	1.0	1	1	11:6
70N_060E	12:any	60.284004132905885	60.043888092041016	12	2731	1182	42	252	211,211,211,255	12	1.0	1	1	12:6
70N_060E	12:any	61.59602769623052	63.316097259521484	12	2768	1152	101	63	211,211,211,255	12	1.0	1	1	12:6
70N_060E	12:any	60.64399022835628	60.40403366088867	12	2735	1174	67	173	36,110,36,255	2	1.0	1	1	2:4
70N_060E	12:any	60.33196123563255	66.5800666809082	12	2805	1181	136	226	185,185,30,255	10	1.0	0	1	10:4
70N_060E	12:any	60.20391907948429	64.5640754699707	12	2782	1184	152	210	36,110,36,255	8	1.0	0	1	8:4
70N_060E	13:uniform	61.30791907661935	63.36416244506836	12	2768	1159	241	27	36,110,36,255	2	1.0	0	1	2:6
70N_060E	13:uniform	61.00399400187304	69.03585433959961	12	2833	1166	121	70	211,211,211,255	13	1.0	1	1	13:6
70N_060E	13:uniform	66.53206701531364	66.60409927368164	12	2805	1023	206	118	211,211,211,255	13	1.0	1	1	13:6
70N_060E	13:uniform	61.36407576460272	63.52415084838867	12	2770	1157	195	198	211,211,211,255	13	1.0	1	1	13:6
70N_060E	13:uniform	63.188056926718126	64.42811965942383	12	2781	1113	12	38	211,211,211,255	13	1.0	1	1	13:6
70N_060E	14:any	67.0519774311914	64.22006607055664	12	2778	1008	174	115	185,185,30,255	10	1.0	1	1	10:4
70N_060E	14:any	63.003964971933094	68.09995651245117	12	2822	1117	211	199	36,110,36,255	2	1.0	0	1	2:4
70N_060E	14:any	66.80401528284571	65.92397689819336	12	2798	1015	17	166	185,185,30,255	3	1.0	0	1	3:4
70N_060E	14:any	67.64404750158808	64.13183212280273	12	2777	990	173	245	185,185,30,255	3	0.5	0	0	3:3 10:3
70N_060E	14:any	65.08406537734804	69.45985794067383	12	2838	1063	76	173	185,185,30,255	3	1.0	0	1	3:6
70N_060E	15:any	60.85201826348024	61.04398727416992	12	2742	1169	139	213	36,110,36,255	2	1.0	0	1	2:4
70N_060E	15:any	61.33197502846529	62.51615524291992	12	2759	1158	75	137	36,110,36,255	2	1.0	0	1	2:6
70N_060E	15:any	61.34004446382632	62.2840690612793	12	2756	1158	167	88	36,110,36,255	2	1.0	1	1	2:4
70N_060E	15:any	61.39597923054051	62.764034271240234	12	2762	1157	29	4	36,110,36,255	2	1.0	1	1	2:4
70N_060E	15:any	60.5880632656575	61.36396408081055	12	2746	1175	47	249	211,211,211,255	15	1.0	0	1	15:4
70N_060E	17:any	64.41199233602806	67.60385513305664	12	2817	1081	46	154	185,185,30,255	3	0.5	0	0	3:3 4:2 6:1
70N_060E	17:any	66.90805426968541	60.963993072509766	12	2741	1012	162	163	36,110,36,255	8	1.0	0	1	8:4
70N_060E	17:any	61.3719724368268	69.61984634399414	12	2840	1157	30	150	185,185,30,255	11	1.0	1	1	11:6
70N_060E	17:any	60.05995734229827	69.5079231262207	12	2838	1188	216	28	185,185,30,255	8	0.5	0	0	8:2 10:2
70N_060E	17:any	66.11599801827296	69.02795791625977	12	2833	1035	98	64	185,185,30,255	10	1.0	1	1	10:4
70N_060E	17:any	66.33206164567581	68.38010787963867	12	2826	1029	3	39	185,185,30,255	10	1.0	0	1	10:6
70N_060E	17:any	64.58802646568972	68.85183334350586	12	2831	1076	97	243	185,185,30,255	8	0.667	0	0	8:4 10:2
70N_060E	17:any	64.37192749879334	64.54793930053711	12	2782	1082	105	168	185,185,30,255	10	1.0	1	1	10:4
70N_060E	17:any	65.73196705048754	67.01196670532227	12	2810	1045	114	246	36,110,36,255	8	0.5	0	0	2:1 3:1 8:2
70N_060E	17:any	64.85995154051153	68.13188552856445	12	2823	1069	48	180	36,110,36,255	8	1.0	0	1	8:6
70N_060E	17:any	60.23597659866237	69.1560173034668	12	2834	1184	215	22	185,185,30,255	10	0.5	0	0	10:2 11:2
70N_060E	17:any	66.5800106585362	69.00392532348633	12	2833	1022	28	23	185,185,30,255	10	1.0	1	1	10:4
70N_060E	17:any	67.45196057899695	63.8279914855957	12	2774	996	56	174	185,185,30,255	10	1.0	1	1	10:4
70N_060E	17:any	63.64404923578745	67.83594131469727	12	2819	1101	210	142	185,185,30,255	10	1.0	0	1	10:4
70N_060E	17:any	64.63601304105384	64.62003707885742	12	2783	1075	59	173	185,185,30,255	8	0.75	0	0	8:3 10:1
70N_060E	18:any	62.33996840838698	69.66791152954102	12	2840	1134	170	60	185,185,30,255	11	1.0	1	1	11:6
70N_060E	18:any	63.66004850051064	68.97199630737305	12	2832	1101	191	37	185,185,30,255	4	0.5	0	0	4:2 11:2
70N_060E	18:any	60.37204146393194	67.79611587524414	12	2819	1180	94	246	185,185,30,255	11	1.0	1	1	11:6
70N_060E	18:any	63.788021558467285	66.24395370483398	12	2801	1097	181	219	185,185,30,255	11	1.0	0	1	11:4
70N_060E	18:any	60.684022817971204	67.14792251586914	12	2811	1173	254	191	185,185,30,255	11	0.5	0	0	9:2 11:2
70N_060E	18:any	60.81202740440391	68.30801010131836	12	2825	1170	49	196	185,185,30,255	11	1.0	1	1	11:4
70N_060E	18:any	60.907988267956846	69.8759651184082	12	2843	1168	8	134	185,185,30,255	11	1.0	1	1	11:4
70N_060E	18:any	61.36407576460272	67.42807388305664	12	2815	1157	46	198	185,185,30,255	11	1.0	1	1	11:4
70N_060E	18:any	63.40405136978671	62.2679328918457	12	2756	1107	120	174	185,185,30,255	11	1.0	1	1	11:4
70N_060E	18:any	65.1239554772439	62.851924896240234	12	2763	1062	29	153	185,185,30,255	11	1.0	1	1	11:4
70N_060E	18:any	66.27604358495881	68.23591232299805	12	2824	1030	95	189	185,185,30,255	11	1.0	1	1	11:6
70N_060E	18:any	64.23601535035124	61.81989669799805	12	2751	1086	95	57	185,185,30,255	11	1.0	1	1	11:6
70N_060E	18:any	66.54805850978032	65.98783493041992	12	2798	1023	203	1	185,185,30,255	6	0.667	0	0	6:4 9:1 11:1
70N_060E	18:any	63.45994515746298	64.2839241027832	12	2779	1106	104	66	185,185,30,255	9	0.5	0	0	9:2 11:2
70N_060E	18:any	60.100028923877574	67.00407028198242	12	2810	1187	91	50	36,110,36,255	8	0.75	0	0	8:3 10:1
70N_060E	19:any	61.26008192269289	64.11603927612305	12	2777	1160	127	61	36,110,36,255	8	0.5	0	0	2:2 8:2
70N_060E	19:any	61.419967592373325	63.868160247802734	12	2774	1156	173	114	185,185,30,255	3	0.667	0	0	3:4 10:2
70N_060E	19:any	61.61202829121096	64.29216384887695	12	2779	1151	128	221	185,185,30,255	10	1.0	0	1	10:6
70N_060E	19:any	61.300006237035035	63.684139251708984	12	2772	1159	149	75	36,110,36,255	8	1.0	0	1	8:6
70N_060E	19:any	61.52392267125262	63.8279914855957	12	2774	1153	56	248	36,110,36,255	2	1.0	0	1	2:4
70N_060E	19:any	61.28400961260319	63.42802047729492	12	2769	1159	171	172	36,110,36,255	2	1.0	0	1	2:4
70N_060E	19:any	61.64400469229994	64.07587051391602	12	2777	1151	10	25	185,185,30,255	3	0.667	0	0	3:4 10:2
70N_060E	19:any	61.02795019488618	62.83613204956055	12	2762	1165	239	182	36,110,36,255	8	0.667	0	0	2:2 8:4
70N_060E	19:any	61.00399400187304	62.36406326293945	12	2757	1166	144	70	185,185,30,255	10	1.0	0	1	10:4
70N_060E	19:any	60.85201826348024	63.10014724731445	12	2765	1169	240	213	36,110,36,255	8	0.667	0	0	8:4 10:2
70N_060E	19:any	61.1080054281097	61.32413864135742	12	2745	1163	187	212	36,110,36,255	2	0.667	0	0	2:4 8:2
70N_060E	19:any	60.5880632656575	60.89189529418945	12	2740	1175	208	249	185,185,30,255	10	1.0	0	1	10:6
70N_060E	19:any	61.52392267125262	64.00411605834961	12	2776	1153	57	248	36,110,36,255	2	1.0	1	1	2:6
70N_060E	19:any	61.02795019488618	62.395992279052734	12	2757	1165	237	182	185,185,30,255	10	1.0	1	1	10:4
70N_060E	19:any	60.211936397954794	64.54004287719727	12	2782	1184	82	163	211,211,211,255	12	1.0	0	1	12:4
70N_060E	20:any	60.98801315892886	63.72396469116211	12	2773	1166	9	166	36,110,36,255	9	1.0	1	1	9:4
70N_060E	20:any	60.028070821491035	64.77212905883789	12	2784	1188	246	214	185,185,30,255	11	1.0	0	1	11:6
70N_060E	20:any	61.356012521945914	63.803958892822266	12	2773	1157	242	247	185,185,30,255	10	1.0	0	1	10:4
70N_060E	20:any	60.068009816466535	65.1078987121582	12	2788	1187	200	237	185,185,30,255	10	1.0	0	1	10:6
70N_060E	20:any	60.60407636508803	60.53998947143555	12	2736	1175	207	154	36,110,36,255	9	1.0	1	1	9:4
70N_060E	20:any	60.07606032554679	60.420169830322266	12	2735	1187	114	190	36,110,36,255	9	1.0	1	1	9:6
70N_060E	20:any	61.29192648724739	64.06007766723633	12	2776	1159	220	124	185,185,30,255	11	1.0	1	1	11:4
70N_060E	20:any	60.46796550735749	60.6199836730957	12	2737	1178	184	192	36,110,36,255	9	1.0	0	1	9:4
70N_060E	20:any	60.0119444130545	60.62788009643555	12	2737	1189	207	52	185,185,30,255	6	1.0	0	1	6:6
70N_060E	20:any	60.57996941626787	60.43596267700195	12	2735	1176	160	41	36,110,36,255	9	1.0	1	1	9:4
70N_060E	20:any	61.41191875815005	63.94815444946289	12	2775	1156	150	163	36,110,36,255	2	1.0	0	1	2:6
70N_060E	20:any	61.15607400093369	63.675899505615234	12	2772	1162	125	178	36,110,36,255	9	1.0	1	1	9:6
70N_060E	20:any	61.0680031062952	65.0361442565918	12	2787	1164	247	197	36,110,36,255	9	0.833	0	0	9:5 11:1
70N_060E	20:any	61.29192648724739	63.90798568725586	12	2775	1159	33	124	211,211,211,255	15	1.0	0	1	15:4
70N_060E	20:any	61.40403217355946	63.81185531616211	12	2774	1156	9	211	36,110,36,255	9	0.833	0	0	9:5 11:1
70N_060E	21:any	60.65206803491184	60.51595687866211	12	2736	1174	137	125	36,110,36,255	2	1.0	0	1	2:4
70N_060E	21:any	60.78807589932729	63.900089263916016	12	2775	1171	10	83	185,185,30,255	10	1.0	1	1	10:6
70N_060E	21:any	60.780032216681484	63.891849517822266	12	2774	1171	242	131	185,185,30,255	10	1.0	0	1	10:6
70N_060E	21:any	60.69192252982473	64.64406967163086	12	2783	1173	129	144	36,110,36,255	11	0.75	0	0	9:1 11:3
70N_060E	21:any	60.92400934564776	61.107845306396484	12	2743	1168	69	38	36,110,36,255	2	1.0	1	1	2:6
70N_060E	21:any	61.09207695272291	63.132076263427734	12	2766	1164	77	52	36,110,36,255	9	1.0	0	1	9:4
70N_060E	21:any	60.88394154678034	64.04394149780273	12	2776	1169	173	22	185,185,30,255	6	1.0	0	1	6:4
70N_060E	21:any	61.53194261623738	63.619937896728516	12	2771	1153	218	199	36,110,36,255	2	1.0	1	1	2:4
70N_060E	21:any	61.29192648724739	67.22002029418945	12	2812	1159	208	124	36,110,36,255	2	1.0	1	1	2:4
70N_060E	21:any	60.81202740440391	63.900089263916016	12	2775	1170	10	196	36,110,36,255	8	1.0	1	1	8:6
70N_060E	21:any	60.82006305498832	63.900089263916016	12	2775	1170	10	148	185,185,30,255	10	0.833	0	0	8:1 10:5
70N_060E	21:any	61.0680031062952	63.14786911010742	12	2766	1164	123	197	185,185,30,255	3	0.667	0	0	3:4 6:1 14:1
70N_060E	21:any	61.41191875815005	69.90789413452148	12	2843	1156	101	163	185,185,30,255	11	1.0	0	1	11:6
70N_060E	21:any	61.01198140871419	63.97184371948242	12	2775	1166	219	22	36,110,36,255	8	1.0	0	1	8:6
70N_060E	21:any	60.54808016732544	61.34817123413086	12	2746	1176	1	230	211,211,211,255	15	0.833	0	0	3:1 15:5
40N_110E	0:uniform	38.276057620113285	118.65182876586914	12	3397	1575	254	243	0,0,0,0	0	1.0	1	1	0:6
40N_110E	0:uniform	39.403968694111086	119.75595474243164	12	3410	1559	142	121	0,0,0,0	0	1.0	1	1	0:4
40N_110E	0:uniform	38.85187396956361	119.30002212524414	12	3405	1567	94	146	0,0,0,0	0	1.0	1	1	0:6
40N_110E	0:uniform	39.31610511230122	119.81191635131836	12	3411	1560	49	196	0,0,0,0	0	1.0	1	1	0:6
40N_110E	0:uniform	39.556074231067605	119.49983596801758	12	3407	1557	164	59	0,0,0,0	0	1.0	1	1	0:6
40N_110E	2:uniform	31.612018896998435	110.60400009155273	12	3306	1668	109	141	36,110,36,255	2	1.0	1	1	2:4
40N_110E	2:uniform	33.667925442597586	112.25194931030273	12	3325	1640	45	197	36,110,36,255	2	1.0	1	1	2:4
40N_110E	2:uniform	30.507998168268696	110.49997329711914	12	3305	1683	62	55	36,110,36,255	2	1.0	1	1	2:4
40N_110E	2:uniform	32.36386828886943	110.23595809936523	12	3302	1658	61	119	36,110,36,255	2	1.0	1	1	2:6
40N_110E	2:uniform	33.500035382430724	111.33184432983398	12	3314	1643	181	16	36,110,36,255	2	1.0	0	1	2:6
40N_110E	3:uniform	39.931985511223736	110.31595230102539	12	3303	1551	38	171	185,185,30,255	3	1.0	1	1	3:4
40N_110E	3:uniform	39.74006236568966	110.60400009155273	12	3306	1554	109	131	185,185,30,255	3	1.0	0	1	3:4
40N_110E	3:uniform	37.94812323833631	112.2279167175293	12	3324	1580	231	177	185,185,30,255	3	1.0	0	1	3:9
40N_110E	3:uniform	39.84399944454411	111.69198989868164	12	3318	1552	206	249	185,185,30,255	3	1.0	1	1	3:4
40N_110E	3:uniform	36.56411669735269	110.2119255065918	12	3301	1600	247	122	211,211,211,255	12	0.667	0	0	3:1 6:1 12:4
40N_110E	4:uniform	31.555865113348386	119.82015609741211	12	3411	1669	73	77	185,185,30,255	4	1.0	1	1	4:9
40N_110E	4:uniform	34.076123371753994	118.18010330200195	12	3392	1635	160	45	185,185,30,255	4	1.0	1	1	4:9
40N_110E	4:uniform	33.2758659606271	118.50008010864258	12	3396	1646	68	30	185,185,30,255	4	1.0	1	1	4:9
40N_110E	4:uniform	32.907982834363075	119.3800163269043	12	3406	1651	71	29	185,185,30,255	4	1.0	1	1	4:4
40N_110E	4:uniform	34.17190254501275	112.16405868530273	12	3324	1633	45	220	185,185,30,255	4	1.0	1	1	4:4
40N_110E	6:uniform	37.6921068455028	119.14003372192383	12	3403	1584	140	97	185,185,30,255	6	1.0	1	1	6:4
40N_110E	6:uniform	37.6921068455028	119.13213729858398	12	3403	1584	117	97	185,185,30,255	6	1.0	0	1	6:6
40N_110E	6:uniform	38.71592059022326	110.0200080871582	12	3299	1569	200	142	185,185,30,255	6	1.0	0	1	6:4
40N_110E	6:uniform	38.604127424882236	110.11613845825195	12	3300	1571	224	47	185,185,30,255	6	1.0	0	1	6:9
40N_110E	6:uniform	38.100117733621445	118.66006851196289	12	3398	1578	22	127	185,185,30,255	6	1.0	1	1	6:6
40N_110E	8:any	36.30004681763662	115.49188613891602	12	3362	1604	10	54	36,110,36,255	8	1.0	1	1	8:6
40N_110E	8:any	31.931914239785378	115.62784194946289	12	3363	1664	150	69	185,185,30,255	3	0.5	0	0	3:3 12:1 14:2
40N_110E	8:any	39.283958216650845	118.50797653198242	12	3396	1561	91	61	211,211,211,255	12	1.0	1	1	12:4
40N_110E	8:any	37.39593700120333	119.99593734741211	12	3413	1588	73	161	211,211,211,255	12	1.0	0	1	12:4
40N_110E	8:any	38.31593569314636	114.12408828735352	12	3346	1575	122	95	185,185,30,255	4	1.0	0	1	4:6
40N_110E	9:any	31.13187283620796	110.31595230102539	12	3303	1674	38	243	211,211,211,255	14	1.0	1	1	14:6
40N_110E	9:any	35.11611740195492	116.85213088989258	12	3377	1620	132	205	211,211,211,255	13	0.778	0	0	4:1 12:1 13:7
40N_110E	9:any	35.316105696343854	112.60385513305664	12	3329	1618	46	4	36,110,36,255	2	1.0	1	1	2:6
40N_110E	9:any	31.251992438428108	119.56403732299805	12	3408	1673	95	90	36,110,36,255	9	0.5	0	0	8:1 9:2 12:1
40N_110E	9:any	31.843878350754803	119.78788375854492	12	3410	1665	235	115	211,211,211,255	13	1.0	0	1	13:9
40N_110E	10:any	38.82004987450645	114.25214767456055	12	3347	1568	239	9	211,211,211,255	12	1.0	1	1	12:6
40N_110E	10:any	37.971943904880256	118.41184616088867	12	3395	1580	67	89	185,185,30,255	6	0.667	0	0	3:1 6:4 13:1
40N_110E	10:any	31.716047769011862	117.38805770874023	12	3383	1667	157	41	211,211,211,255	13	1.0	0	1	13:4
40N_110E	10:any	37.43602131944318	118.26799392700195	12	3393	1588	160	14	211,211,211,255	12	1.0	1	1	12:4
40N_110E	10:any	34.7880079934151	117.03615188598633	12	3379	1625	156	91	36,110,36,255	9	0.833	0	0	6:1 9:5
40N_110E	11:uniform	38.74002571125634	117.31595993041992	12	3382	1569	203	52	211,211,211,255	12	1.0	0	1	12:4
40N_110E	11:uniform	38.74805894419784	117.33999252319336	12	3383	1569	17	22	185,185,30,255	11	0.75	0	0	4:1 11:3
40N_110E	11:uniform	38.74805894419784	117.33209609985352	12	3382	1569	250	22	185,185,30,255	11	1.0	0	1	11:6
40N_110E	12:uniform	38.66795401334036	117.24386215209961	12	3381	1570	249	65	211,211,211,255	12	1.0	1	1	12:6
40N_110E	12:uniform	30.396124341100442	113.18784713745117	12	3335	1684	211	177	211,211,211,255	12	1.0	1	1	12:9
40N_110E	12:uniform	32.291921446570235	117.60400772094727	12	3386	1659	18	111	185,185,30,255	12	0.5	0	0	4:2 12:2
40N_110E	12:uniform	34.02805084885326	114.66791152954102	12	3352	1635	170	214	211,211,211,255	13	1.0	0	1	13:6
40N_110E	12:uniform	35.08409605149752	114.13198471069336	12	3346	1621	145	63	211,211,211,255	12	1.0	1	1	12:4
40N_110E	13:uniform	35.22809302707907	118.29202651977539	12	3393	1619	230	62	211,211,211,255	13	1.0	1	1	13:4
40N_110E	13:uniform	39.900123364494476	119.52386856079102	12	3407	1552	234	36	211,211,211,255	13	1.0	0	1	13:9
40N_110E	13:uniform	36.87591310126164	117.81206130981445	12	3388	1596	112	13	211,211,211,255	13	1.0	1	1	13:4
40N_110E	13:uniform	36.883877146652765	111.58796310424805	12	3317	1595	159	240	211,211,211,255	13	1.0	1	1	13:6
40N_110E	13:uniform	36.97197539644051	116.00412368774414	12	3367	1594	222	175	211,211,211,255	13	1.0	1	1	13:6
40N_110E	14:uniform	30.19603075506966	118.05204391479492	12	3391	1687	43	84	211,211,211,255	14	1.0	1	1	14:4
40N_110E	14:uniform	32.35603814045175	117.98784255981445	12	3390	1658	112	146	211,211,211,255	14	1.0	1	1	14:6
40N_110E	14:uniform	30.0199085571309	119.14793014526367	12	3403	1689	163	165	211,211,211,255	14	1.0	1	1	14:4
40N_110E	14:uniform	30.107860396242447	118.02801132202148	12	3390	1688	229	125	211,211,211,255	14	0.667	0	0	13:2 14:4
40N_110E	14:uniform	32.0600276725538	113.71587753295898	12	3341	1662	213	141	211,211,211,255	15	0.833	0	0	14:1 15:5
40N_110E	15:uniform	34.003862060435345	111.11589431762695	12	3312	1636	64	43	211,211,211,255	15	1.0	0	1	15:9
40N_110E	15:uniform	37.860082246412276	114.04409408569336	12	3345	1581	145	246	211,211,211,255	14	0.5	0	0	14:3 15:3
40N_110E	15:uniform	36.40401410795942	113.58816146850586	12	3340	1602	97	190	211,211,211,255	15	1.0	1	1	15:6
40N_110E	15:uniform	38.42790798939968	113.91603469848633	12	3344	1573	28	191	211,211,211,255	15	1.0	0	1	15:4
40N_110E	15:uniform	37.28402388881185	113.2280158996582	12	3336	1590	72	59	211,211,211,255	14	1.0	0	1	14:4
40N_110E	17:any	36.87591310126164	117.62014389038086	12	3386	1596	65	13	185,185,30,255	3	1.0	0	1	3:6
40N_110E	17:any	30.84402622468446	119.93207931518555	12	3412	1678	143	197	211,211,211,255	13	0.667	0	0	12:2 13:4
40N_110E	17:any	30.412114177168927	117.3640251159668	12	3383	1684	87	123	211,211,211,255	14	1.0	1	1	14:6
40N_110E	17:any	30.428101394342224	110.9480094909668	12	3310	1684	87	69	211,211,211,255	14	1.0	0	1	14:4
40N_110E	17:any	39.020117272503256	117.49208450317383	12	3384	1565	204	28	211,211,211,255	13	1.0	1	1	13:9
40N_110E	17:any	31.39599307001234	118.29202651977539	12	3393	1671	230	111	211,211,211,255	3	0.75	0	0	3:3 12:1
40N_110E	17:any	35.89197053955353	114.34003829956055	12	3348	1609	239	245	211,211,211,255	13	1.0	0	1	13:4
40N_110E	17:any	39.867982888059394	117.40385055541992	12	3383	1552	203	158	211,211,211,255	12	1.0	0	1	12:6
40N_110E	17:any	30.571868364360263	118.3641242980957	12	3394	1682	184	95	211,211,211,255	14	1.0	1	1	14:9
40N_110E	17:any	30.523969654976806	110.45190811157227	12	3304	1683	178	1	36,110,36,255	8	1.0	0	1	8:6
40N_110E	17:any	30.900015281971925	119.78788375854492	12	3410	1678	235	7	211,211,211,255	13	1.0	0	1	13:6
40N_110E	17:any	33.05198276371442	115.62784194946289	12	3363	1649	150	41	211,211,211,255	12	1.0	0	1	12:6
40N_110E	17:any	34.98795657012581	116.94791793823242	12	3378	1622	155	149	211,211,211,255	12	1.0	0	1	12:6
40N_110E	17:any	31.523971090602604	111.27588272094727	12	3314	1669	18	186	211,211,211,255	12	1.0	0	1	12:6
40N_110E	17:any	31.16390005002766	118.66796493530273	12	3398	1674	45	134	211,211,211,255	12	1.0	0	1	12:4
40N_110E	18:any	30.77207654465222	116.23586654663086	12	3370	1679	129	185	185,185,30,255	6	0.667	0	0	4:2 6:4
40N_110E	18:any	31.29190061082977	116.23586654663086	12	3370	1672	129	210	185,185,30,255	4	1.0	0	1	4:6
40N_110E	18:any	38.11605615846713	116.83599472045898	12	3377	1578	85	68	185,185,30,255	4	1.0	1	1	4:4
40N_110E	18:any	31.37987361096317	111.45990371704102	12	3316	1671	42	166	211,211,211,255	14	0.667	0	0	14:6 18:3
40N_110E	18:any	32.43604768399796	110.48383712768555	12	3305	1657	15	126	211,211,211,255	14	1.0	1	1	14:6
40N_110E	18:any	39.65209464761148	115.51591873168945	12	3362	1555	80	208	211,211,211,255	13	1.0	0	1	13:6
40N_110E	18:any	35.043911139202834	116.72407150268555	12	3376	1621	15	206	185,185,30,255	4	0.75	0	0	4:3 11:1
40N_110E	18:any	30.988058092444785	119.82805252075195	12	3411	1676	96	220	211,211,211,255	12	1.0	0	1	12:4
40N_110E	18:any	30.444085991804762	119.17985916137695	12	3404	1684	0	15	211,211,211,255	14	1.0	1	1	14:6
40N_110E	18:any	30.49202405778611	118.39605331420898	12	3395	1683	21	109	211,211,211,255	14	1.0	1	1	14:4
40N_110E	18:any	31.540065766803778	119.09196853637695	12	3403	1669	0	131	211,211,211,255	12	1.0	0	1	12:4
40N_110E	18:any	31.40390524636559	111.42797470092773	12	3315	1671	205	84	211,211,211,255	14	1.0	1	1	14:4
40N_110E	18:any	30.412114177168927	118.21203231811523	12	3392	1684	253	123	211,211,211,255	14	0.833	0	0	14:5 15:1
40N_110E	18:any	31.300114903221857	110.74785232543945	12	3308	1672	16	182	36,110,36,255	2	0.778	0	0	2:7 4:1 8:1
40N_110E	18:any	31.659956780869933	119.69999313354492	12	3409	1667	235	233	211,211,211,255	12	1.0	0	1	12:4
40N_110E	19:any	32.03587451973464	110.89204788208008	12	3309	1662	180	224	211,211,211,255	14	1.0	1	1	14:6
40N_110E	19:any	39.13205761945711	117.76399612426758	12	3387	1563	228	120	211,211,211,255	13	1.0	1	1	13:4
40N_110E	19:any	31.003950150308167	111.74795150756836	12	3319	1676	113	166	211,211,211,255	14	1.0	0	1	14:4
40N_110E	19:any	31.852044157517582	118.2758903503418	12	3393	1665	183	87	211,211,211,255	14	1.0	1	1	14:6
40N_110E	19:any	30.795967453033278	119.59596633911133	12	3408	1679	188	104	211,211,211,255	17	0.75	0	0	14:1 17:3
40N_110E	19:any	35.652135395443814	118.2758903503418	12	3393	1613	183	82	211,211,211,255	12	1.0	0	1	12:9
40N_110E	19:any	39.03611962194587	118.38815689086914	12	3394	1564	254	224	211,211,211,255	13	1.0	0	1	13:9
40N_110E	19:any	30.74788464308048	117.16386795043945	12	3381	1680	16	11	185,185,30,255	4	1.0	1	1	4:9
40N_110E	19:any	30.692102115680505	117.79592514038086	12	3388	1680	65	200	211,211,211,255	12	1.0	0	1	12:4
40N_110E	19:any	32.23589101622619	114.6998405456543	12	3353	1660	7	48	211,211,211,255	12	1.0	0	1	12:9
40N_110E	19:any	30.34813912769397	117.44401931762695	12	3384	1685	64	83	211,211,211,255	14	1.0	1	1	14:6
40N_110E	19:any	36.12387145867199	113.44396591186523	12	3338	1606	189	178	211,211,211,255	15	0.833	0	0	14:1 15:5
40N_110E	19:any	30.875855595632046	119.68385696411133	12	3409	1678	188	89	36,110,36,255	2	0.889	0	0	2:8 3:1
40N_110E	19:any	30.188018525567912	117.09211349487305	12	3380	1687	63	111	211,211,211,255	13	1.0	0	1	13:6
40N_110E	19:any	30.98011107055409	119.2921257019043	12	3405	1676	71	247	211,211,211,255	12	1.0	1	1	12:9
40N_110E	20:any	32.39605177394539	118.21203231811523	12	3392	1658	253	8	185,185,30,255	3	0.5	0	0	3:2 4:2
40N_110E	20:any	30.875855595632046	119.61210250854492	12	3408	1678	235	89	211,211,211,255	12	0.667	0	0	4:2 10:1 12:6
40N_110E	20:any	31.555865113348386	115.70783615112305	12	3364	1669	127	77	185,185,30,255	3	0.889	0	0	3:8 6:1
40N_110E	20:any	34.47613727879737	119.67596054077148	12	3409	1629	165	171	211,211,211,255	12	0.833	0	0	12:5 20:1
40N_110E	20:any	35.37211484912568	112.57192611694336	12	3328	1617	209	60	185,185,30,255	3	0.667	0	0	3:4 4:1 6:1
40N_110E	20:any	31.259916727441734	116.32410049438477	12	3371	1673	130	63	211,211,211,255	14	1.0	0	1	14:6
40N_110E	20:any	33.18799029635484	110.0361442565918	12	3299	1647	247	80	185,185,30,255	4	1.0	0	1	4:6
40N_110E	20:any	37.57192976384979	111.86811447143555	12	3320	1586	207	27	185,185,30,255	3	0.5	0	0	3:3 13:3
40N_110E	20:any	31.94007224330657	111.02010726928711	12	3311	1664	41	41	211,211,211,255	14	1.0	1	1	14:6
40N_110E	20:any	30.308133466508966	117.44401931762695	12	3384	1685	64	218	211,211,211,255	13	0.667	0	0	13:4 20:2
40N_110E	20:any	39.20392546777153	117.85188674926758	12	3388	1562	228	106	211,211,211,255	13	0.833	0	0	13:5 15:1
40N_110E	20:any	30.764111589862505	111.26008987426758	12	3313	1679	228	212	185,185,30,255	4	0.333	0	0	4:3 6:2 13:1 14:2 15:1
40N_110E	20:any	38.45210996256799	113.2280158996582	12	3336	1573	72	101	211,211,211,255	15	1.0	0	1	15:4
40N_110E	20:any	34.428009629612646	119.85208511352539	12	3411	1630	166	85	211,211,211,255	13	0.667	0	0	4:2 13:4
40N_110E	20:any	34.75614033599574	119.22002792358398	12	3404	1625	117	204	185,185,30,255	4	1.0	0	1	4:6
40N_110E	21:any	30.29212662756725	115.5241584777832	12	3362	1686	104	16	211,211,211,255	12	1.0	0	1	12:9
40N_110E	21:any	34.48406152511807	119.76385116577148	12	3410	1629	165	143	185,185,30,255	6	0.833	0	0	4:1 6:5
40N_110E	21:any	30.988058092444785	119.59596633911133	12	3408	1676	188	220	211,211,211,255	14	1.0	1	1	14:4
40N_110E	21:any	34.611877295266034	119.49193954467773	12	3407	1627	141	203	211,211,211,255	13	1.0	1	1	13:6
40N_110E	21:any	34.58813877652383	119.49983596801758	12	3407	1628	164	31	185,185,30,255	6	0.556	0	0	4:4 6:5
40N_110E	21:any	34.52395432490447	119.61999893188477	12	3409	1629	2	2	211,211,211,255	21	0.75	0	0	6:1 21:3
40N_110E	21:any	34.5318740268697	119.62789535522461	12	3409	1628	25	230	185,185,30,255	4	1.0	1	1	4:9
40N_110E	21:any	39.08410493021104	118.43587875366211	12	3395	1564	137	44	185,185,30,255	6	1.0	0	1	6:6
40N_110E	21:any	39.02811890008025	118.75585556030273	12	3399	1564	45	254	0,0,0,0	0	1.0	1	1	0:9
40N_110E	21:any	38.91601371873303	117.63593673706055	12	3386	1566	111	162	211,211,211,255	13	1.0	0	1	13:4
40N_110E	21:any	30.77207654465222	115.23611068725586	12	3359	1679	33	185	211,211,211,255	12	1.0	1	1	12:6
40N_110E	21:any	34.52395432490447	119.62789535522461	12	3409	1629	25	2	185,185,30,255	4	1.0	0	1	4:6
40N_110E	21:any	38.28387329329518	117.64383316040039	12	3386	1575	134	214	185,185,30,255	4	0.778	0	0	4:7 6:1 11:1
40N_110E	21:any	34.51603386982723	119.61999893188477	12	3409	1629	2	30	211,211,211,255	13	1.0	0	1	13:4
40N_110E	21:any	39.18796118156851	118.5560417175293	12	3396	1562	231	166	185,185,30,255	6	1.0	0	1	6:4
70N_050W	0:uniform	66.97206548603447	-45.628108978271484	12	1528	1010	218	199	0,0,0,0	0	1.0	1	1	0:6
70N_050W	0:uniform	61.723963873661056	-44.9641227722168	12	1536	1149	104	46	0,0,0,0	0	1.0	1	1	0:6
70N_050W	0:uniform	63.58805709094172	-44.63590621948242	12	1540	1102	36	253	0,0,0,0	0	1.0	1	1	0:6
70N_050W	0:uniform	60.8680674630977	-48.780155181884766	12	1492	1169	253	117	0,0,0,0	0	1.0	1	1	0:6
70N_050W	0:uniform	66.65195694066597	-40.6358528137207	12	1585	1020	167	7	0,0,0,0	0	1.0	1	1	0:6
70N_050W	3:uniform	60.98801315892886	-45.70810317993164	12	1527	1166	241	166	185,185,30,255	3	1.0	1	1	3:6
70N_050W	3:uniform	61.035931574917825	-45.715999603271484	12	1527	1165	218	134	185,185,30,255	3	1.0	0	1	3:4
70N_050W	3:uniform	61.300006237035035	-45.619869232177734	12	1528	1159	242	75	185,185,30,255	3	1.0	0	1	3:6
70N_050W	3:uniform	60.99600458539467	-47.38008499145508	12	1508	1166	235	118	185,185,30,255	3	1.0	1	1	3:6
70N_050W	3:uniform	60.99600458539467	-45.69196701049805	12	1528	1166	32	118	185,185,30,255	3	1.0	1	1	3:4
70N_050W	6:uniform	62.29195706682572	-49.108028411865234	12	1489	1135	66	105	185,185,30,255	6	1.0	1	1	6:4
70N_050W	6:uniform	63.23602387083181	-49.55606460571289	12	1484	1111	41	240	185,185,30,255	6	1.0	0	1	6:4
70N_050W	6:uniform	66.20397532633152	-49.7160530090332	12	1482	1032	87	198	185,185,30,255	6	1.0	1	1	6:4
70N_050W	6:uniform	61.60402902690524	-48.4361457824707	12	1496	1152	231	14	185,185,30,255	6	1.0	1	1	6:6
70N_050W	6:uniform	61.20406946295798	-44.89992141723633	12	1537	1161	35	144	185,185,30,255	6	1.0	1	1	6:6
