{"type":"FeatureCollection","generated_at":"2026-10-10T11:40:24Z","source":{"id":"gfw","name":"Global Forest Watch integrated deforestation alerts","dataset":"gadm__integrated_alerts__iso_daily_alerts","version":"v20261010","licence":"CC BY 4.0 (GFW integrated deforestation alerts; dataset metadata licence)","url":"https://www.globalforestwatch.org/map/?layers=integrated-alerts","shapes":"Natural Earth 110m admin-0 (public domain)","note":"Weekly sums of GLAD-L, GLAD-S2 and RADD alerts (medium + high confidence) per country; density = alert area per 10,000 km\u00b2 of the country. Alerts flag likely tree-cover disturbance, not confirmed deforestation."},"today":"2026-10-10","weeks":["2026-10-10","2026-10-03","2026-09-26","2026-09-19","2026-09-12","2026-09-05","2026-08-29","2026-08-22","2026-08-15","2026-08-08","2026-08-01","2026-07-25"],"counts":{"countries":114,"missing_shape":36,"alerts":3577423655},"features":[{"type":"Feature","geometry":{"type":"Polygon","coordinates":[[[66.52,37.36],[67.08,37.36],[67.83,37.14],[68.14,37.02],[68.86,37.34],[69.2,37.15],[69.52,37.61],[70.12,37.59],[70.27,37.74],[70.38,38.14],[70.81,38.49],[71.35,38.26],[71.24,37.95],[71.54,37.91],[71.45,37.07],[71.84,36.74],[72.19,36.95],[72.64,37.05],[73.26,37.5],[73.95,37.42],[74.98,37.42],[75.16,37.13],[74.58,37.02],[74.07,36.84],[72.92,36.72],[71.85,36.51],[71.26,36.07],[71.5,35.65],[71.61,35.15],[71.12,34.73],[71.16,34.35],[70.88,33.99],[69.93,34.02],[70.32,33.36],[69.69,33.11],[69.26,32.5],[69.32,31.9],[68.93,31.62],[68.56,31.71],[67.79,31.58],[67.68,31.3],[66.94,31.3],[66.38,30.74],[66.35,29.89],[65.05,29.47],[64.35,29.56],[64.15,29.34],[63.55,29.47],[62.55,29.32],[60.87,29.83],[61.78,30.74],[61.7,31.38],[60.94,31.55],[60.86,32.18],[60.54,32.98],[60.96,33.53],[60.53,33.68],[60.8,34.4],[61.21,35.65],[62.23,35.27],[62.98,35.4],[63.19,35.86],[63.98,36.01],[64.55,36.31],[64.75,37.11],[65.59,37.31],[65.75,37.66],[66.22,37.39],[66.52,37.36]]]},"properties":{"iso":"AFG","name":"Afghanistan","area_km2":652497,"n":31267,"ha":331.0,"ha_per_1e4km2":5.07,"weeks":[{"w":"2026-09-26","n":83,"ha":0.88},{"w":"2026-09-19","n":430,"ha":4.55},{"w":"2026-09-12","n":411,"ha":4.35},{"w":"2026-09-05","n":1960,"ha":20.74},{"w":"2026-08-29","n":3819,"ha":40.4},{"w":"2026-08-22","n":4550,"ha":48.14},{"w":"2026-08-15","n":2583,"ha":27.34},{"w":"2026-08-08","n":7837,"ha":82.98},{"w":"2026-08-01","n":9031,"ha":95.68},{"w":"2026-07-25","n":563,"ha":5.97}]}},{"type":"Feature","geometry":{"type":"MultiPolygon","coordinates":[[[[13.0,-4.78],[12.63,-4.99],[12.47,-5.25],[12.44,-5.68],[12.18,-5.79],[11.91,-5.04],[12.32,-4.61],[12.62,-4.44],[13.0,-4.78]]],[[[12.32,-6.1],[12.74,-5.97],[13.02,-5.98],[13.38,-5.86],[16.33,-5.88],[16.57,-6.62],[16.86,-7.22],[17.09,-7.55],[17.47,-8.07],[18.13,-7.99],[18.46,-7.85],[19.02,-7.99],[19.17,-7.74],[19.42,-7.16],[20.04,-7.12],[20.09,-6.94],[20.6,-6.94],[20.51,-7.3],[21.73,-7.29],[21.75,-7.92],[21.95,-8.31],[21.8,-8.91],[21.88,-9.52],[22.21,-9.89],[22.16,-11.08],[22.4,-10.99],[22.84,-11.02],[23.46,-10.87],[23.91,-10.93],[24.02,-11.24],[23.9,-11.72],[24.08,-12.19],[23.93,-12.57],[24.02,-12.91],[21.93,-12.9],[21.89,-16.08],[22.56,-16.9],[23.22,-17.52],[21.38,-17.93],[18.96,-17.79],[18.26,-17.31],[14.21,-17.35],[14.06,-17.42],[13.46,-16.97],[12.81,-16.94],[12.22,-17.11],[11.73,-17.3],[11.64,-16.67],[11.78,-15.79],[12.12,-14.88],[12.18,-14.45],[12.5,-13.55],[12.74,-13.14],[13.31,-12.48],[13.63,-12.04],[13.74,-11.3],[13.69,-10.73],[13.39,-10.37],[13.12,-9.77],[12.88,-9.17],[12.93,-8.96],[13.24,-8.56],[12.93,-7.6],[12.73,-6.93],[12.23,-6.29],[12.32,-6.1]]]]},"properties":{"iso":"AGO","name":"Angola","area_km2":1249853,"n":42287378,"ha":511660.2,"ha_per_1e4km2":4093.76,"weeks":[{"w":"2026-10-10","n":222300,"ha":2679.64},{"w":"2026-10-03","n":369863,"ha":4455.05},{"w":"2026-09-26","n":682170,"ha":8187.73},{"w":"2026-09-19","n":2529621,"ha":30590.21},{"w":"2026-09-12","n":4028380,"ha":48630.0},{"w":"2026-09-05","n":4197282,"ha":50836.8},{"w":"2026-08-29","n":5776561,"ha":69893.68},{"w":"2026-08-22","n":6628477,"ha":80315.36},{"w":"2026-08-15","n":5095576,"ha":61722.03},{"w":"2026-08-08","n":4037015,"ha":48856.16},{"w":"2026-08-01","n":4157105,"ha":50277.67},{"w":"2026-07-25","n":4563028,"ha":55215.87}]}},{"type":"Feature","geometry":{"type":"Polygon","coordinates":[[[51.58,24.25],[51.76,24.29],[51.79,24.02],[52.58,24.18],[53.4,24.15],[54.01,24.12],[54.69,24.8],[55.44,25.44],[56.07,26.06],[56.26,25.71],[56.4,24.92],[55.89,24.92],[55.8,24.27],[55.98,24.13],[55.53,23.93],[55.53,23.52],[55.23,23.11],[55.21,22.71],[55.01,22.5],[52.0,23.0],[51.62,24.01],[51.58,24.25]]]},"properties":{"iso":"ARE","name":"United Arab Emirates","area_km2":80217,"n":5364,"ha":60.1,"ha_per_1e4km2":7.49,"weeks":[{"w":"2026-10-03","n":9,"ha":0.1},{"w":"2026-09-26","n":338,"ha":3.8},{"w":"2026-09-19","n":433,"ha":4.86},{"w":"2026-09-12","n":508,"ha":5.7},{"w":"2026-09-05","n":435,"ha":4.87},{"w":"2026-08-29","n":729,"ha":8.16},{"w":"2026-08-22","n":921,"ha":10.34},{"w":"2026-08-15","n":516,"ha":5.78},{"w":"2026-08-08","n":709,"ha":7.94},{"w":"2026-08-01","n":405,"ha":4.53},{"w":"2026-07-25","n":361,"ha":4.04}]}},{"type":"Feature","geometry":{"type":"MultiPolygon","coordinates":[[[[-68.63,-52.64],[-68.25,-53.1],[-67.75,-53.85],[-66.45,-54.45],[-65.05,-54.7],[-65.5,-55.2],[-66.45,-55.25],[-66.96,-54.9],[-67.56,-54.87],[-68.63,-54.87],[-68.63,-52.64]]],[[[-57.63,-30.22],[-57.87,-31.02],[-58.14,-32.04],[-58.13,-33.04],[-58.35,-33.26],[-58.43,-33.91],[-58.5,-34.43],[-57.23,-35.29],[-57.36,-35.98],[-56.74,-36.41],[-56.79,-36.9],[-57.75,-38.18],[-59.23,-38.72],[-61.24,-38.93],[-62.34,-38.83],[-62.13,-39.42],[-62.33,-40.17],[-62.15,-40.68],[-62.75,-41.03],[-63.77,-41.17],[-64.73,-40.8],[-65.12,-41.06],[-64.98,-42.06],[-64.3,-42.36],[-63.76,-42.04],[-63.46,-42.56],[-64.38,-42.87],[-65.18,-43.5],[-65.33,-44.5],[-65.57,-45.04],[-66.51,-45.04],[-67.29,-45.55],[-67.58,-46.3],[-66.6,-47.03],[-65.64,-47.24],[-65.99,-48.13],[-67.17,-48.7],[-67.82,-49.87],[-68.73,-50.26],[-69.14,-50.73],[-68.82,-51.77],[-68.15,-52.35],[-68.57,-52.3],[-69.5,-52.14],[-71.91,-52.01],[-72.33,-51.43],[-72.31,-50.68],[-72.98,-50.74],[-73.33,-50.38],[-73.42,-49.32],[-72.65,-48.88],[-72.33,-48.24],[-72.45,-47.74],[-71.92,-46.88],[-71.55,-45.56],[-71.66,-44.97],[-71.22,-44.78],[-71.33,-44.41],[-71.79,-44.21],[-71.46,-43.79],[-71.92,-43.41],[-72.15,-42.25],[-71.75,-42.05],[-71.92,-40.83],[-71.68,-39.81],[-71.41,-38.92],[-70.81,-38.55],[-71.12,-37.58],[-71.12,-36.66],[-70.36,-36.01],[-70.39,-35.17],[-69.82,-34.19],[-69.81,-33.27],[-70.07,-33.09],[-70.54,-31.37],[-69.92,-30.34],[-70.01,-29.37],[-69.66,-28.46],[-69.0,-27.52],[-68.3,-26.9],[-68.59,-26.51],[-68.39,-26.19],[-68.42,-24.52],[-67.33,-24.03],[-66.99,-22.99],[-67.11,-22.74],[-66.27,-21.83],[-64.96,-22.08],[-64.38,-22.8],[-63.99,-21.99],[-62.85,-22.03],[-62.69,-22.25],[-60.85,-23.88],[-60.03,-24.03],[-58.81,-24.77],[-57.78,-25.16],[-57.63,-25.6],[-58.62,-27.12],[-57.61,-27.4],[-56.49,-27.55],[-55.7,-27.39],[-54.79,-26.62],[-54.63,-25.74],[-54.13,-25.55],[-53.63,-26.12],[-53.65,-26.92],[-54.49,-27.47],[-55.16,-27.88],[-56.29,-28.85],[-57.63,-30.22]]]]},"properties":{"iso":"ARG","name":"Argentina","area_km2":2784577,"n":58385538,"ha":607393.4,"ha_per_1e4km2":2181.28,"weeks":[{"w":"2026-10-10","n":82147,"ha":905.17},{"w":"2026-10-03","n":207596,"ha":2284.68},{"w":"2026-09-26","n":335806,"ha":3672.1},{"w":"2026-09-19","n":7087606,"ha":73639.5},{"w":"2026-09-12","n":5404610,"ha":56412.11},{"w":"2026-09-05","n":8693549,"ha":89296.24},{"w":"2026-08-29","n":6410168,"ha":67249.65},{"w":"2026-08-22","n":7697047,"ha":78767.92},{"w":"2026-08-15","n":3077221,"ha":31144.95},{"w":"2026-08-08","n":9896814,"ha":102659.76},{"w":"2026-08-01","n":8598389,"ha":91715.72},{"w":"2026-07-25","n":894585,"ha":9645.64}]}},{"type":"Feature","geometry":{"type":"MultiPolygon","coordinates":[[[[147.69,-40.81],[148.29,-40.88],[148.36,-42.06],[148.02,-42.41],[147.91,-43.21],[147.56,-42.94],[146.87,-43.63],[146.66,-43.58],[146.05,-43.55],[145.43,-42.69],[145.3,-42.03],[144.72,-41.16],[144.74,-40.7],[145.4,-40.79],[146.36,-41.14],[146.91,-41.0],[147.69,-40.81]]],[[[126.15,-32.22],[125.09,-32.73],[124.22,-32.96],[124.03,-33.48],[123.66,-33.89],[122.81,-33.91],[122.18,-34.0],[121.3,-33.82],[120.58,-33.93],[119.89,-33.98],[119.3,-34.51],[119.01,-34.46],[118.51,-34.75],[118.02,-35.06],[117.3,-35.03],[116.63,-35.03],[115.56,-34.39],[115.03,-34.2],[115.05,-33.62],[115.55,-33.49],[115.71,-33.26],[115.68,-32.9],[115.8,-32.21],[115.69,-31.61],[115.16,-30.6],[115.0,-30.03],[115.04,-29.46],[114.64,-28.81],[114.62,-28.52],[114.17,-28.12],[114.05,-27.33],[113.48,-26.54],[113.34,-26.12],[113.78,-26.55],[113.44,-25.62],[113.94,-25.91],[114.23,-26.3],[114.22,-25.79],[113.72,-25.0],[113.63,-24.68],[113.39,-24.38],[113.5,-23.81],[113.71,-23.56],[113.84,-23.06],[113.74,-22.48],[114.15,-21.76],[114.23,-22.52],[114.65,-21.83],[115.46,-21.5],[115.95,-21.07],[116.71,-20.7],[117.17,-20.62],[117.44,-20.75],[118.23,-20.37],[118.84,-20.26],[118.99,-20.04],[119.25,-19.95],[119.81,-19.98],[120.86,-19.68],[121.4,-19.24],[121.66,-18.71],[122.24,-18.2],[122.29,-17.8],[122.31,-17.25],[123.01,-16.41],[123.43,-17.27],[123.86,-17.07],[123.5,-16.6],[123.82,-16.11],[124.26,-16.33],[124.38,-15.57],[124.93,-15.08],[125.17,-14.68],[125.67,-14.51],[125.69,-14.23],[126.13,-14.35],[126.14,-14.1],[126.58,-13.95],[127.07,-13.82],[127.8,-14.28],[128.36,-14.87],[128.99,-14.88],[129.62,-14.97],[129.41,-14.42],[129.89,-13.62],[130.34,-13.36],[130.18,-13.11],[130.62,-12.54],[131.22,-12.18],[131.74,-12.3],[132.58,-12.11],[132.56,-11.6],[131.82,-11.27],[132.36,-11.13],[133.02,-11.38],[133.55,-11.79],[134.39,-12.04],[134.68,-11.94],[135.3,-12.25],[135.88,-11.96],[136.26,-12.05],[136.49,-11.86],[136.95,-12.35],[136.69,-12.89],[136.31,-13.29],[135.96,-13.32],[136.08,-13.72],[135.78,-14.22],[135.43,-14.72],[135.5,-15.0],[136.3,-15.55],[137.07,-15.87],[137.58,-16.22],[138.3,-16.81],[138.59,-16.81],[139.11,-17.06],[139.26,-17.37],[140.22,-17.71],[140.88,-17.37],[141.07,-16.83],[141.27,-16.39],[141.4,-15.84],[141.7,-15.04],[141.56,-14.56],[141.64,-14.27],[141.52,-13.7],[141.65,-12.94],[141.84,-12.74],[141.69,-12.41],[141.93,-11.88],[142.12,-11.33],[142.14,-11.04],[142.52,-10.67],[142.8,-11.16],[142.87,-11.78],[143.12,-11.91],[143.16,-12.33],[143.52,-12.83],[143.6,-13.4],[143.56,-13.76],[143.92,-14.55],[144.56,-14.17],[144.89,-14.59],[145.37,-14.98],[145.27,-15.43],[145.49,-16.29],[145.64,-16.78],[145.89,-16.91],[146.16,-17.76],[146.06,-18.28],[146.39,-18.96],[147.47,-19.48],[148.18,-19.96],[148.85,-20.39],[148.72,-20.63],[149.29,-21.26],[149.68,-22.34],[150.08,-22.12],[150.48,-22.56],[150.73,-22.4],[150.9,-23.46],[151.61,-24.08],[152.07,-24.46],[152.86,-25.27],[153.14,-26.07],[153.16,-26.64],[153.09,-27.26],[153.57,-28.11],[153.51,-29.0],[153.34,-29.46],[153.07,-30.35],[153.09,-30.92],[152.89,-31.64],[152.45,-32.55],[151.71,-33.04],[151.34,-33.82],[151.01,-34.31],[150.71,-35.17],[150.33,-35.67],[150.08,-36.42],[149.95,-37.11],[150.0,-37.43],[149.42,-37.77],[148.3,-37.81],[147.38,-38.22],[146.92,-38.61],[146.32,-39.04],[145.49,-38.59],[144.88,-38.42],[145.03,-37.9],[144.49,-38.09],[143.61,-38.81],[142.75,-38.54],[142.18,-38.38],[141.61,-38.31],[140.64,-38.02],[139.99,-37.4],[139.81,-36.64],[139.57,-36.14],[139.08,-35.73],[138.12,-35.61],[138.45,-35.13],[138.21,-34.38],[137.72,-35.08],[136.83,-35.26],[137.35,-34.71],[137.5,-34.13],[137.89,-33.64],[137.81,-32.9],[137.0,-33.75],[136.37,-34.09],[135.99,-34.89],[135.21,-34.48],[135.24,-33.95],[134.61,-33.22],[134.09,-32.85],[134.27,-32.62],[132.99,-32.01],[132.29,-31.98],[131.33,-31.5],[129.54,-31.59],[128.24,-31.95],[127.1,-32.28],[126.15,-32.22]]]]},"properties":{"iso":"AUS","name":"Australia","area_km2":7702080,"n":99572887,"ha":1133405.8,"ha_per_1e4km2":1471.56,"weeks":[{"w":"2026-10-03","n":15055,"ha":174.91},{"w":"2026-09-26","n":1506657,"ha":17553.21},{"w":"2026-09-19","n":4812553,"ha":54935.5},{"w":"2026-09-12","n":4101135,"ha":47083.07},{"w":"2026-09-05","n":5757815,"ha":64929.06},{"w":"2026-08-29","n":6390728,"ha":72227.16},{"w":"2026-08-22","n":8691103,"ha":97104.04},{"w":"2026-08-15","n":13687288,"ha":154483.72},{"w":"2026-08-08","n":12946543,"ha":147386.4},{"w":"2026-08-01","n":21483054,"ha":246316.13},{"w":"2026-07-25","n":20180956,"ha":231212.6}]}},{"type":"Feature","geometry":{"type":"Polygon","coordinates":[[[30.47,-2.41],[30.53,-2.81],[30.74,-3.03],[30.75,-3.36],[30.51,-3.57],[30.12,-4.09],[29.75,-4.45],[29.34,-4.5],[29.28,-3.29],[29.02,-2.84],[29.63,-2.92],[29.94,-2.35],[30.47,-2.41]]]},"properties":{"iso":"BDI","name":"Burundi","area_km2":26355,"n":1053151,"ha":12940.6,"ha_per_1e4km2":4910.11,"weeks":[{"w":"2026-10-10","n":658,"ha":8.09},{"w":"2026-10-03","n":2623,"ha":32.23},{"w":"2026-09-26","n":35040,"ha":430.43},{"w":"2026-09-19","n":111551,"ha":1370.51},{"w":"2026-09-12","n":119403,"ha":1467.09},{"w":"2026-09-05","n":210733,"ha":2589.26},{"w":"2026-08-29","n":136372,"ha":1675.79},{"w":"2026-08-22","n":73323,"ha":901.02},{"w":"2026-08-15","n":203886,"ha":2505.48},{"w":"2026-08-08","n":22900,"ha":281.39},{"w":"2026-08-01","n":49356,"ha":606.48},{"w":"2026-07-25","n":87306,"ha":1072.88}]}},{"type":"Feature","geometry":{"type":"Polygon","coordinates":[[[2.69,6.26],[1.87,6.14],[1.62,6.83],[1.66,9.13],[1.46,9.33],[1.43,9.83],[1.08,10.18],[0.77,10.47],[0.9,11.0],[1.24,11.11],[1.45,11.55],[1.94,11.64],[2.15,11.94],[2.49,12.23],[2.85,12.24],[3.61,11.66],[3.57,11.33],[3.8,10.73],[3.6,10.33],[3.71,10.06],[3.22,9.44],[2.91,9.14],[2.72,8.51],[2.75,7.87],[2.69,6.26]]]},"properties":{"iso":"BEN","name":"Benin","area_km2":117477,"n":870411,"ha":10512.0,"ha_per_1e4km2":894.81,"weeks":[{"w":"2026-10-03","n":44483,"ha":543.78},{"w":"2026-09-26","n":6,"ha":0.07},{"w":"2026-09-19","n":42418,"ha":511.49},{"w":"2026-09-12","n":172465,"ha":2081.84},{"w":"2026-09-05","n":99503,"ha":1201.19},{"w":"2026-08-29","n":259055,"ha":3126.65},{"w":"2026-08-22","n":47980,"ha":578.93},{"w":"2026-08-15","n":56762,"ha":684.14},{"w":"2026-08-08","n":45612,"ha":550.29},{"w":"2026-08-01","n":37669,"ha":455.0},{"w":"2026-07-25","n":64458,"ha":778.6}]}},{"type":"Feature","geometry":{"type":"Polygon","coordinates":[[[-5.4,10.37],[-5.47,10.95],[-5.2,11.38],[-5.22,11.71],[-4.43,12.54],[-4.28,13.23],[-4.01,13.47],[-3.52,13.34],[-3.1,13.54],[-2.97,13.8],[-2.19,14.25],[-2.0,14.56],[-1.07,14.97],[-0.52,15.12],[-0.27,14.92],[0.37,14.93],[0.3,14.44],[0.43,13.99],[0.99,13.34],[1.02,12.85],[2.18,12.63],[2.15,11.94],[1.94,11.64],[1.45,11.55],[1.24,11.11],[0.9,11.0],[0.02,11.02],[-0.44,11.1],[-0.76,10.94],[-1.2,11.01],[-2.94,10.96],[-2.96,10.4],[-2.83,9.64],[-3.51,9.9],[-3.98,9.86],[-4.33,9.61],[-4.78,9.82],[-4.95,10.15],[-5.4,10.37]]]},"properties":{"iso":"BFA","name":"Burkina Faso","area_km2":272637,"n":79388838,"ha":951446.7,"ha_per_1e4km2":34897.93,"weeks":[{"w":"2026-10-03","n":30342,"ha":363.32},{"w":"2026-09-26","n":220841,"ha":2638.8},{"w":"2026-09-19","n":1273581,"ha":15244.92},{"w":"2026-09-12","n":2795995,"ha":33476.96},{"w":"2026-09-05","n":10274252,"ha":123326.08},{"w":"2026-08-29","n":19960062,"ha":239227.48},{"w":"2026-08-22","n":10348471,"ha":123865.7},{"w":"2026-08-15","n":17795449,"ha":213109.69},{"w":"2026-08-08","n":6891804,"ha":82572.03},{"w":"2026-08-01","n":4935310,"ha":59216.25},{"w":"2026-07-25","n":4862731,"ha":58405.43}]}},{"type":"Feature","geometry":{"type":"Polygon","coordinates":[[[92.67,22.04],[92.65,21.32],[92.3,21.48],[92.37,20.67],[92.08,21.19],[92.03,21.7],[91.83,22.18],[91.42,22.77],[90.5,22.81],[90.59,22.39],[90.27,21.84],[89.85,22.04],[89.7,21.86],[89.42,21.97],[89.03,22.06],[88.88,22.88],[88.53,23.63],[88.7,24.23],[88.08,24.5],[88.31,24.87],[88.93,25.24],[88.21,25.77],[88.56,26.45],[89.36,26.01],[89.83,25.97],[89.92,25.27],[90.87,25.13],[91.8,25.15],[92.38,24.98],[91.92,24.13],[91.47,24.07],[91.16,23.5],[91.71,22.99],[91.87,23.62],[92.15,23.63],[92.67,22.04]]]},"properties":{"iso":"BGD","name":"Bangladesh","area_km2":134065,"n":383460,"ha":4312.4,"ha_per_1e4km2":321.66,"weeks":[{"w":"2026-10-03","n":1661,"ha":18.67},{"w":"2026-09-26","n":12257,"ha":137.75},{"w":"2026-09-19","n":149697,"ha":1681.16},{"w":"2026-09-12","n":52805,"ha":594.84},{"w":"2026-09-05","n":24203,"ha":272.43},{"w":"2026-08-29","n":84594,"ha":950.82},{"w":"2026-08-22","n":6138,"ha":69.38},{"w":"2026-08-15","n":29215,"ha":329.62},{"w":"2026-08-08","n":3632,"ha":40.53},{"w":"2026-08-01","n":17050,"ha":192.35},{"w":"2026-07-25","n":2208,"ha":24.82}]}},{"type":"Feature","geometry":{"type":"MultiPolygon","coordinates":[[[[-78.98,26.79],[-78.51,26.87],[-77.85,26.84],[-77.82,26.58],[-78.91,26.42],[-78.98,26.79]]],[[[-77.79,27.04],[-77,26.59],[-77.17,25.88],[-77.36,26.01],[-77.34,26.53],[-77.79,26.93],[-77.79,27.04]]],[[[-78.19,25.21],[-77.89,25.17],[-77.54,24.34],[-77.53,23.76],[-77.78,23.71],[-78.03,24.29],[-78.41,24.58],[-78.19,25.21]]]]},"properties":{"iso":"BHS","name":"The Bahamas","area_km2":15615,"n":245450,"ha":2746.1,"ha_per_1e4km2":1758.63,"weeks":[{"w":"2026-10-10","n":7533,"ha":83.76},{"w":"2026-10-03","n":98,"ha":1.11},{"w":"2026-09-26","n":1099,"ha":12.33},{"w":"2026-09-19","n":4255,"ha":47.28},{"w":"2026-09-12","n":31211,"ha":347.09},{"w":"2026-09-05","n":15024,"ha":169.54},{"w":"2026-08-29","n":45855,"ha":512.13},{"w":"2026-08-22","n":38157,"ha":428.21},{"w":"2026-08-15","n":45006,"ha":503.45},{"w":"2026-08-08","n":5921,"ha":66.66},{"w":"2026-08-01","n":27847,"ha":312.22},{"w":"2026-07-25","n":23444,"ha":262.34}]}},{"type":"Feature","geometry":{"type":"Polygon","coordinates":[[[-89.14,17.81],[-89.15,17.96],[-89.03,18.0],[-88.85,17.88],[-88.49,18.49],[-88.3,18.5],[-88.3,18.35],[-88.11,18.35],[-88.12,18.08],[-88.29,17.64],[-88.2,17.49],[-88.3,17.13],[-88.24,17.04],[-88.36,16.53],[-88.55,16.27],[-88.73,16.23],[-88.93,15.89],[-89.23,15.89],[-89.15,17.02],[-89.14,17.81]]]},"properties":{"iso":"BLZ","name":"Belize","area_km2":22116,"n":553715,"ha":6499.5,"ha_per_1e4km2":2938.82,"weeks":[{"w":"2026-10-10","n":4086,"ha":48.06},{"w":"2026-10-03","n":1317,"ha":15.49},{"w":"2026-09-26","n":10774,"ha":126.65},{"w":"2026-09-19","n":9907,"ha":116.25},{"w":"2026-09-12","n":56628,"ha":664.65},{"w":"2026-09-05","n":71157,"ha":835.18},{"w":"2026-08-29","n":58479,"ha":685.29},{"w":"2026-08-22","n":74703,"ha":876.95},{"w":"2026-08-15","n":13554,"ha":159.82},{"w":"2026-08-08","n":91720,"ha":1076.15},{"w":"2026-08-01","n":97561,"ha":1145.19},{"w":"2026-07-25","n":63829,"ha":749.86}]}},{"type":"Feature","geometry":{"type":"Polygon","coordinates":[[[-69.53,-10.95],[-68.79,-11.04],[-68.27,-11.01],[-68.05,-10.71],[-67.17,-10.31],[-66.65,-9.93],[-65.34,-9.76],[-65.44,-10.51],[-65.32,-10.9],[-65.4,-11.57],[-64.32,-12.46],[-63.2,-12.63],[-62.8,-13.0],[-62.13,-13.2],[-61.71,-13.49],[-61.08,-13.48],[-60.5,-13.78],[-60.46,-14.35],[-60.26,-14.65],[-60.25,-15.08],[-60.54,-15.09],[-60.16,-16.26],[-58.24,-16.3],[-58.39,-16.88],[-58.28,-17.27],[-57.73,-17.55],[-57.5,-18.17],[-57.68,-18.96],[-57.95,-19.4],[-57.85,-19.97],[-58.17,-20.18],[-58.18,-19.87],[-59.12,-19.36],[-60.04,-19.34],[-61.79,-19.63],[-62.27,-20.51],[-62.29,-21.05],[-62.69,-22.25],[-62.85,-22.03],[-63.99,-21.99],[-64.38,-22.8],[-64.96,-22.08],[-66.27,-21.83],[-67.11,-22.74],[-67.83,-22.87],[-68.22,-21.49],[-68.76,-20.37],[-68.44,-19.41],[-68.97,-18.98],[-69.1,-18.26],[-69.59,-17.58],[-68.96,-16.5],[-69.39,-15.66],[-69.16,-15.32],[-69.34,-14.95],[-68.95,-14.45],[-68.93,-13.6],[-68.88,-12.9],[-68.67,-12.56],[-69.53,-10.95]]]},"properties":{"iso":"BOL","name":"Bolivia","area_km2":1088819,"n":19851256,"ha":235490.4,"ha_per_1e4km2":2162.81,"weeks":[{"w":"2026-10-10","n":578310,"ha":6882.17},{"w":"2026-10-03","n":906862,"ha":10753.28},{"w":"2026-09-26","n":1319685,"ha":15631.85},{"w":"2026-09-19","n":1319642,"ha":15622.91},{"w":"2026-09-12","n":1449773,"ha":17174.64},{"w":"2026-09-05","n":1280971,"ha":15193.08},{"w":"2026-08-29","n":1661932,"ha":19688.27},{"w":"2026-08-22","n":1343736,"ha":15908.16},{"w":"2026-08-15","n":2195240,"ha":26040.76},{"w":"2026-08-08","n":1672407,"ha":19866.56},{"w":"2026-08-01","n":3668346,"ha":43601.12},{"w":"2026-07-25","n":2454352,"ha":29127.55}]}},{"type":"Feature","geometry":{"type":"Polygon","coordinates":[[[-53.37,-33.77],[-53.65,-33.2],[-53.21,-32.73],[-53.79,-32.05],[-54.57,-31.49],[-55.6,-30.85],[-55.97,-30.88],[-56.98,-30.11],[-57.63,-30.22],[-56.29,-28.85],[-55.16,-27.88],[-54.49,-27.47],[-53.65,-26.92],[-53.63,-26.12],[-54.13,-25.55],[-54.63,-25.74],[-54.43,-25.16],[-54.29,-24.57],[-54.29,-24.02],[-54.65,-23.84],[-55.03,-24.0],[-55.4,-23.96],[-55.52,-23.57],[-55.61,-22.66],[-55.8,-22.36],[-56.47,-22.09],[-56.88,-22.28],[-57.94,-22.09],[-57.87,-20.73],[-58.17,-20.18],[-57.85,-19.97],[-57.95,-19.4],[-57.68,-18.96],[-57.5,-18.17],[-57.73,-17.55],[-58.28,-17.27],[-58.39,-16.88],[-58.24,-16.3],[-60.16,-16.26],[-60.54,-15.09],[-60.25,-15.08],[-60.26,-14.65],[-60.46,-14.35],[-60.5,-13.78],[-61.08,-13.48],[-61.71,-13.49],[-62.13,-13.2],[-62.8,-13.0],[-63.2,-12.63],[-64.32,-12.46],[-65.4,-11.57],[-65.32,-10.9],[-65.44,-10.51],[-65.34,-9.76],[-66.65,-9.93],[-67.17,-10.31],[-68.05,-10.71],[-68.27,-11.01],[-68.79,-11.04],[-69.53,-10.95],[-70.09,-11.12],[-70.55,-11.01],[-70.48,-9.49],[-71.3,-10.08],[-72.18,-10.05],[-72.56,-9.52],[-73.23,-9.46],[-73.02,-9.03],[-73.57,-8.42],[-73.99,-7.52],[-73.72,-7.34],[-73.72,-6.92],[-73.12,-6.63],[-73.22,-6.09],[-72.96,-5.74],[-72.89,-5.27],[-71.75,-4.59],[-70.93,-4.4],[-70.79,-4.25],[-69.89,-4.3],[-69.44,-1.56],[-69.42,-1.12],[-69.58,-0.55],[-70.02,-0.19],[-70.02,0.54],[-69.45,0.71],[-69.25,0.6],[-69.22,0.99],[-69.8,1.09],[-69.82,1.71],[-67.87,1.69],[-67.54,2.04],[-67.26,1.72],[-67.07,1.13],[-66.88,1.25],[-66.33,0.72],[-65.55,0.79],[-65.35,1.1],[-64.61,1.33],[-64.2,1.49],[-64.08,1.92],[-63.37,2.2],[-63.42,2.41],[-64.27,2.5],[-64.41,3.13],[-64.37,3.8],[-64.82,4.06],[-64.63,4.15],[-63.89,4.02],[-63.09,3.77],[-62.8,4.01],[-62.09,4.16],[-60.97,4.54],[-60.6,4.92],[-60.73,5.2],[-60.21,5.24],[-59.98,5.01],[-60.11,4.57],[-59.77,4.42],[-59.54,3.96],[-59.82,3.61],[-59.97,2.76],[-59.72,2.25],[-59.65,1.79],[-59.03,1.32],[-58.54,1.27],[-58.43,1.46],[-58.11,1.51],[-57.66,1.68],[-57.34,1.95],[-56.78,1.86],[-56.54,1.9],[-56.0,1.82],[-55.91,2.02],[-56.07,2.22],[-55.97,2.51],[-55.57,2.42],[-55.1,2.52],[-54.52,2.31],[-54.09,2.11],[-53.78,2.38],[-53.55,2.33],[-53.42,2.05],[-52.94,2.12],[-52.56,2.5],[-52.25,3.24],[-51.66,4.16],[-51.32,4.2],[-51.07,3.65],[-50.51,1.9],[-49.97,1.74],[-49.95,1.05],[-50.7,0.22],[-50.39,-0.08],[-48.62,-0.24],[-48.58,-1.24],[-47.82,-0.58],[-46.57,-0.94],[-44.91,-1.55],[-44.42,-2.14],[-44.58,-2.69],[-43.42,-2.38],[-41.47,-2.91],[-39.98,-2.87],[-38.5,-3.7],[-37.22,-4.82],[-36.45,-5.11],[-35.6,-5.15],[-35.24,-5.46],[-34.9,-6.74],[-34.73,-7.34],[-35.13,-9.0],[-35.64,-9.65],[-37.05,-11.04],[-37.68,-12.17],[-38.42,-13.04],[-38.67,-13.06],[-38.95,-13.79],[-38.88,-15.67],[-39.16,-17.21],[-39.27,-17.87],[-39.58,-18.26],[-39.76,-19.6],[-40.77,-20.9],[-40.94,-21.94],[-41.75,-22.37],[-41.99,-22.97],[-43.07,-22.97],[-44.65,-23.35],[-45.35,-23.8],[-46.47,-24.09],[-47.65,-24.89],[-48.5,-25.88],[-48.64,-26.62],[-48.47,-27.18],[-48.66,-28.19],[-48.89,-28.67],[-49.59,-29.22],[-50.7,-30.98],[-51.58,-31.78],[-52.26,-32.25],[-52.71,-33.2],[-53.37,-33.77]]]},"properties":{"iso":"BRA","name":"Brazil","area_km2":8540552,"n":341280938,"ha":4024156.0,"ha_per_1e4km2":4711.82,"weeks":[{"w":"2026-10-10","n":9250709,"ha":112350.03},{"w":"2026-10-03","n":7447614,"ha":90290.87},{"w":"2026-09-26","n":12437562,"ha":150494.02},{"w":"2026-09-19","n":28514931,"ha":335814.41},{"w":"2026-09-12","n":25399341,"ha":299583.14},{"w":"2026-09-05","n":34338484,"ha":401547.62},{"w":"2026-08-29","n":37538219,"ha":439137.1},{"w":"2026-08-22","n":53997056,"ha":626236.83},{"w":"2026-08-15","n":31779811,"ha":376367.19},{"w":"2026-08-08","n":27743324,"ha":334375.48},{"w":"2026-08-01","n":48904302,"ha":572332.04},{"w":"2026-07-25","n":23929585,"ha":285627.29}]}},{"type":"Feature","geometry":{"type":"Polygon","coordinates":[[[115.45,5.45],[115.41,4.96],[115.35,4.32],[114.87,4.35],[114.66,4.01],[114.2,4.53],[114.6,4.9],[115.45,5.45]]]},"properties":{"iso":"BRN","name":"Brunei","area_km2":10746,"n":46798,"ha":574.2,"ha_per_1e4km2":534.34,"weeks":[{"w":"2026-10-03","n":1801,"ha":22.1},{"w":"2026-09-19","n":3530,"ha":43.32},{"w":"2026-09-12","n":245,"ha":3.0},{"w":"2026-09-05","n":5758,"ha":70.65},{"w":"2026-08-29","n":932,"ha":11.43},{"w":"2026-08-22","n":6956,"ha":85.35},{"w":"2026-08-15","n":10925,"ha":134.03},{"w":"2026-08-08","n":532,"ha":6.53},{"w":"2026-08-01","n":8551,"ha":104.92},{"w":"2026-07-25","n":7568,"ha":92.83}]}},{"type":"Feature","geometry":{"type":"Polygon","coordinates":[[[91.7,27.77],[92.1,27.45],[92.03,26.84],[91.22,26.81],[90.37,26.88],[89.74,26.72],[88.84,27.1],[88.81,27.3],[89.48,28.04],[90.02,28.3],[90.73,28.06],[91.26,28.04],[91.7,27.77]]]},"properties":{"iso":"BTN","name":"Bhutan","area_km2":39440,"n":62234,"ha":683.8,"ha_per_1e4km2":173.38,"weeks":[{"w":"2026-10-03","n":1114,"ha":12.22},{"w":"2026-09-26","n":9999,"ha":110.01},{"w":"2026-09-19","n":4930,"ha":54.28},{"w":"2026-09-12","n":3630,"ha":39.88},{"w":"2026-09-05","n":1440,"ha":15.82},{"w":"2026-08-29","n":934,"ha":10.26},{"w":"2026-08-22","n":2454,"ha":26.95},{"w":"2026-08-15","n":12488,"ha":136.98},{"w":"2026-08-08","n":16588,"ha":182.32},{"w":"2026-08-01","n":7057,"ha":77.51},{"w":"2026-07-25","n":1600,"ha":17.54}]}},{"type":"Feature","geometry":{"type":"Polygon","coordinates":[[[29.43,-22.09],[28.02,-22.83],[27.12,-23.57],[26.79,-24.24],[26.49,-24.62],[25.94,-24.7],[25.77,-25.17],[25.66,-25.49],[25.03,-25.72],[24.21,-25.67],[23.73,-25.39],[23.31,-25.27],[22.82,-25.5],[22.58,-25.98],[22.11,-26.28],[21.61,-26.73],[20.89,-26.83],[20.67,-26.48],[20.76,-25.87],[20.17,-24.92],[19.9,-24.77],[19.9,-21.85],[20.88,-21.81],[20.91,-18.25],[21.66,-18.22],[23.2,-17.87],[23.58,-18.28],[24.22,-17.89],[24.52,-17.89],[25.08,-17.66],[25.26,-17.74],[25.65,-18.54],[25.85,-18.71],[26.16,-19.29],[27.3,-20.39],[27.72,-20.5],[27.73,-20.85],[28.02,-21.49],[28.79,-21.64],[29.43,-22.09]]]},"properties":{"iso":"BWA","name":"Botswana","area_km2":593444,"n":34755,"ha":402.0,"ha_per_1e4km2":6.77,"weeks":[{"w":"2026-09-26","n":4,"ha":0.05},{"w":"2026-09-19","n":4065,"ha":47.34},{"w":"2026-09-12","n":2987,"ha":34.69},{"w":"2026-09-05","n":1412,"ha":16.34},{"w":"2026-08-29","n":2163,"ha":24.89},{"w":"2026-08-22","n":6722,"ha":77.37},{"w":"2026-08-15","n":758,"ha":8.78},{"w":"2026-08-08","n":5226,"ha":60.35},{"w":"2026-08-01","n":5626,"ha":65.03},{"w":"2026-07-25","n":5792,"ha":67.13}]}},{"type":"Feature","geometry":{"type":"Polygon","coordinates":[[[27.37,5.23],[27.04,5.13],[26.4,5.15],[25.65,5.26],[25.28,5.17],[25.13,4.93],[24.81,4.9],[24.41,5.11],[23.3,4.61],[22.84,4.71],[22.7,4.63],[22.41,4.03],[21.66,4.22],[20.93,4.32],[20.29,4.69],[19.47,5.03],[18.93,4.71],[18.54,4.2],[18.45,3.5],[17.81,3.56],[17.13,3.73],[16.54,3.2],[16.01,2.27],[15.91,2.56],[15.86,3.01],[15.41,3.34],[15.04,3.85],[14.95,4.21],[14.48,4.73],[14.56,5.03],[14.46,5.45],[14.54,6.23],[14.78,6.41],[15.28,7.42],[16.11,7.5],[16.29,7.75],[16.46,7.73],[16.71,7.51],[17.96,7.89],[18.39,8.28],[18.91,8.63],[18.81,8.98],[19.09,9.07],[20.06,9.01],[21.0,9.48],[21.72,10.57],[22.23,10.97],[22.86,11.14],[22.98,10.71],[23.55,10.09],[23.56,9.68],[23.39,9.27],[23.46,8.95],[23.81,8.67],[24.57,8.23],[25.11,7.83],[25.12,7.5],[25.8,6.98],[26.21,6.55],[26.47,5.95],[27.21,5.55],[27.37,5.23]]]},"properties":{"iso":"CAF","name":"Central African Republic","area_km2":624510,"n":3712012,"ha":45137.5,"ha_per_1e4km2":722.77,"weeks":[{"w":"2026-10-10","n":1430,"ha":17.55},{"w":"2026-10-03","n":18848,"ha":231.46},{"w":"2026-09-26","n":16994,"ha":208.12},{"w":"2026-09-19","n":35761,"ha":436.12},{"w":"2026-09-12","n":88459,"ha":1078.72},{"w":"2026-09-05","n":84590,"ha":1034.4},{"w":"2026-08-29","n":676265,"ha":8229.19},{"w":"2026-08-22","n":246038,"ha":3003.93},{"w":"2026-08-15","n":583029,"ha":7076.54},{"w":"2026-08-08","n":887275,"ha":10775.36},{"w":"2026-08-01","n":519461,"ha":6309.21},{"w":"2026-07-25","n":553862,"ha":6736.85}]}},{"type":"Feature","geometry":{"type":"MultiPolygon","coordinates":[[[[-68.63,-52.64],[-68.63,-54.87],[-67.56,-54.87],[-66.96,-54.9],[-67.29,-55.3],[-68.15,-55.61],[-68.64,-55.58],[-69.23,-55.5],[-69.96,-55.2],[-71.01,-55.05],[-72.26,-54.5],[-73.29,-53.96],[-74.66,-52.84],[-73.84,-53.05],[-72.43,-53.72],[-71.11,-54.07],[-70.59,-53.62],[-70.27,-52.93],[-69.35,-52.52],[-68.63,-52.64]]],[[[-69.59,-17.58],[-69.1,-18.26],[-68.97,-18.98],[-68.44,-19.41],[-68.76,-20.37],[-68.22,-21.49],[-67.83,-22.87],[-67.11,-22.74],[-66.99,-22.99],[-67.33,-24.03],[-68.42,-24.52],[-68.39,-26.19],[-68.59,-26.51],[-68.3,-26.9],[-69.0,-27.52],[-69.66,-28.46],[-70.01,-29.37],[-69.92,-30.34],[-70.54,-31.37],[-70.07,-33.09],[-69.81,-33.27],[-69.82,-34.19],[-70.39,-35.17],[-70.36,-36.01],[-71.12,-36.66],[-71.12,-37.58],[-70.81,-38.55],[-71.41,-38.92],[-71.68,-39.81],[-71.92,-40.83],[-71.75,-42.05],[-72.15,-42.25],[-71.92,-43.41],[-71.46,-43.79],[-71.79,-44.21],[-71.33,-44.41],[-71.22,-44.78],[-71.66,-44.97],[-71.55,-45.56],[-71.92,-46.88],[-72.45,-47.74],[-72.33,-48.24],[-72.65,-48.88],[-73.42,-49.32],[-73.33,-50.38],[-72.98,-50.74],[-72.31,-50.68],[-72.33,-51.43],[-71.91,-52.01],[-69.5,-52.14],[-68.57,-52.3],[-69.46,-52.29],[-69.94,-52.54],[-70.85,-52.9],[-71.01,-53.83],[-71.43,-53.86],[-72.56,-53.53],[-73.7,-52.84],[-73.7,-52.84],[-74.95,-52.26],[-75.26,-51.63],[-74.98,-51.04],[-75.48,-50.38],[-75.61,-48.67],[-75.18,-47.71],[-74.13,-46.94],[-75.64,-46.65],[-74.69,-45.76],[-74.35,-44.1],[-73.24,-44.45],[-72.72,-42.38],[-73.39,-42.12],[-73.7,-43.37],[-74.33,-43.22],[-74.02,-41.79],[-73.68,-39.94],[-73.22,-39.26],[-73.51,-38.28],[-73.59,-37.16],[-73.17,-37.12],[-72.55,-35.51],[-71.86,-33.91],[-71.44,-32.42],[-71.67,-30.92],[-71.37,-30.1],[-71.49,-28.86],[-70.91,-27.64],[-70.72,-25.71],[-70.4,-23.63],[-70.09,-21.39],[-70.16,-19.76],[-70.37,-18.35],[-69.86,-18.09],[-69.59,-17.58]]]]},"properties":{"iso":"CHL","name":"Chile","area_km2":814669,"n":68663,"ha":744.6,"ha_per_1e4km2":9.14,"weeks":[{"w":"2026-10-03","n":15,"ha":0.18},{"w":"2026-09-26","n":2551,"ha":27.56},{"w":"2026-09-19","n":5469,"ha":59.11},{"w":"2026-09-12","n":3579,"ha":38.73},{"w":"2026-09-05","n":7634,"ha":82.08},{"w":"2026-08-29","n":3843,"ha":41.86},{"w":"2026-08-22","n":11809,"ha":127.94},{"w":"2026-08-15","n":6192,"ha":66.95},{"w":"2026-08-08","n":24401,"ha":264.04},{"w":"2026-08-01","n":1594,"ha":17.79},{"w":"2026-07-25","n":1576,"ha":18.32}]}},{"type":"Feature","geometry":{"type":"MultiPolygon","coordinates":[[[[109.48,18.2],[108.66,18.51],[108.63,19.37],[109.12,19.82],[110.21,20.1],[110.79,20.08],[111.01,19.7],[110.57,19.26],[110.34,18.68],[109.48,18.2]]],[[[80.26,42.35],[80.18,42.92],[80.87,43.18],[79.97,44.92],[81.95,45.32],[82.46,45.54],[83.18,47.33],[85.16,47.0],[85.72,47.45],[85.77,48.46],[86.6,48.55],[87.36,49.21],[87.75,49.3],[88.01,48.6],[88.85,48.07],[90.28,47.69],[90.97,46.89],[90.59,45.72],[90.95,45.29],[92.13,45.12],[93.48,44.98],[94.69,44.35],[95.31,44.24],[95.76,43.32],[96.35,42.73],[97.45,42.75],[99.52,42.52],[100.85,42.66],[101.83,42.51],[103.31,41.91],[104.52,41.91],[104.96,41.6],[106.13,42.13],[107.74,42.48],[109.24,42.52],[110.41,42.87],[111.13,43.41],[111.83,43.74],[111.67,44.07],[111.35,44.46],[111.87,45.1],[112.44,45.01],[113.46,44.81],[114.46,45.34],[115.99,45.73],[116.72,46.39],[117.42,46.67],[118.87,46.81],[119.66,46.69],[119.77,47.05],[118.87,47.75],[118.06,48.07],[117.3,47.7],[116.31,47.85],[115.74,47.73],[115.49,48.14],[116.19,49.13],[116.68,49.89],[117.88,49.51],[119.29,50.14],[119.28,50.58],[120.18,51.64],[120.74,51.96],[120.73,52.52],[120.18,52.75],[121.0,53.25],[122.25,53.43],[123.57,53.46],[125.07,53.16],[125.95,52.79],[126.56,51.78],[126.94,51.35],[127.29,50.74],[127.66,49.76],[129.4,49.44],[130.58,48.73],[130.99,47.79],[132.51,47.79],[133.37,48.18],[135.03,48.48],[134.5,47.58],[134.11,47.21],[133.77,46.12],[133.1,45.14],[131.88,45.32],[131.03,44.97],[131.29,44.11],[131.14,42.93],[130.63,42.9],[130.64,42.4],[129.99,42.99],[129.6,42.42],[128.05,41.99],[128.21,41.47],[127.34,41.5],[126.87,41.82],[126.18,41.11],[125.08,40.57],[124.27,39.93],[122.87,39.64],[122.13,39.17],[121.05,38.9],[121.59,39.36],[121.38,39.75],[122.17,40.42],[121.64,40.95],[120.77,40.59],[119.64,39.9],[119.02,39.25],[118.04,39.2],[117.53,38.74],[118.06,38.06],[118.88,37.9],[118.91,37.45],[119.7,37.16],[120.82,37.87],[121.71,37.48],[122.36,37.45],[122.52,36.93],[121.1,36.65],[120.64,36.11],[119.66,35.61],[119.15,34.91],[120.23,34.36],[120.62,33.38],[121.23,32.46],[121.91,31.69],[121.89,30.95],[121.26,30.68],[121.5,30.14],[122.09,29.83],[121.94,29.02],[121.68,28.23],[121.13,28.14],[120.4,27.05],[119.59,25.74],[118.66,24.55],[117.28,23.62],[115.89,22.78],[114.76,22.67],[114.15,22.22],[113.81,22.55],[113.24,22.05],[111.84,21.55],[110.79,21.4],[110.44,20.34],[109.89,20.28],[109.63,21.01],[109.86,21.4],[108.52,21.72],[108.05,21.55],[107.04,21.81],[106.57,22.22],[106.73,22.79],[105.81,22.98],[105.33,23.35],[104.48,22.82],[103.5,22.7],[102.71,22.71],[102.17,22.46],[101.65,22.32],[101.8,21.17],[101.27,21.2],[101.18,21.44],[101.15,21.85],[100.42,21.56],[99.98,21.74],[99.24,22.12],[99.53,22.95],[98.9,23.14],[98.66,24.06],[97.6,23.9],[97.72,25.08],[98.67,25.92],[98.71,26.74],[98.68,27.51],[98.25,27.75],[97.91,28.34],[97.33,28.26],[96.25,28.41],[96.59,28.83],[96.12,29.45],[95.4,29.03],[94.57,29.28],[93.41,28.64],[92.5,27.9],[91.7,27.77],[91.26,28.04],[90.73,28.06],[90.02,28.3],[89.48,28.04],[88.81,27.3],[88.73,28.09],[88.12,27.88],[86.95,27.97],[85.82,28.2],[85.01,28.64],[84.23,28.84],[83.9,29.32],[83.34,29.46],[82.33,30.12],[81.53,30.42],[81.11,30.18],[79.72,30.88],[78.74,31.52],[78.46,32.62],[79.18,32.48],[79.21,32.99],[78.81,33.51],[78.91,34.32],[77.84,35.49],[76.19,35.9],[75.9,36.67],[75.16,37.13],[74.98,37.42],[74.83,37.99],[74.86,38.38],[74.26,38.61],[73.93,38.51],[73.68,39.43],[73.96,39.66],[73.82,39.89],[74.78,40.37],[75.47,40.56],[76.53,40.43],[76.9,41.07],[78.19,41.19],[78.54,41.58],[80.12,42.12],[80.26,42.35]]]]},"properties":{"iso":"CHN","name":"China","area_km2":9407764,"n":41674770,"ha":462124.7,"ha_per_1e4km2":491.22,"weeks":[{"w":"2026-10-03","n":91131,"ha":1041.69},{"w":"2026-09-26","n":1158978,"ha":13177.33},{"w":"2026-09-19","n":2550694,"ha":28465.86},{"w":"2026-09-12","n":4810955,"ha":53095.02},{"w":"2026-09-05","n":3462744,"ha":38982.56},{"w":"2026-08-29","n":3731468,"ha":40758.73},{"w":"2026-08-22","n":2600904,"ha":28368.33},{"w":"2026-08-15","n":5736562,"ha":64549.15},{"w":"2026-08-08","n":4491134,"ha":49735.57},{"w":"2026-08-01","n":3851838,"ha":42157.15},{"w":"2026-07-25","n":9188362,"ha":101793.34}]}},{"type":"Feature","geometry":{"type":"Polygon","coordinates":[[[-8.03,10.21],[-7.9,10.3],[-7.62,10.15],[-6.85,10.14],[-6.67,10.43],[-6.49,10.41],[-6.21,10.52],[-6.05,10.1],[-5.82,10.22],[-5.4,10.37],[-4.95,10.15],[-4.78,9.82],[-4.33,9.61],[-3.98,9.86],[-3.51,9.9],[-2.83,9.64],[-2.56,8.22],[-2.98,7.38],[-3.24,6.25],[-2.81,5.39],[-2.86,4.99],[-3.31,4.98],[-4.01,5.18],[-4.65,5.17],[-5.83,4.99],[-6.53,4.71],[-7.52,4.34],[-7.71,4.36],[-7.64,5.19],[-7.54,5.31],[-7.57,5.71],[-7.99,6.13],[-8.31,6.19],[-8.6,6.47],[-8.39,6.91],[-8.49,7.4],[-8.44,7.69],[-8.28,7.69],[-8.22,8.12],[-8.3,8.32],[-8.2,8.46],[-7.83,8.58],[-8.08,9.38],[-8.31,9.79],[-8.23,10.13],[-8.03,10.21]]]},"properties":{"iso":"CIV","name":"Ivory Coast","area_km2":331229,"n":345934,"ha":4213.3,"ha_per_1e4km2":127.2,"weeks":[{"w":"2026-10-10","n":2668,"ha":32.63},{"w":"2026-10-03","n":13091,"ha":160.48},{"w":"2026-09-26","n":4918,"ha":59.99},{"w":"2026-09-19","n":14348,"ha":175.38},{"w":"2026-09-12","n":14505,"ha":177.01},{"w":"2026-09-05","n":19351,"ha":236.8},{"w":"2026-08-29","n":74600,"ha":907.5},{"w":"2026-08-22","n":29476,"ha":357.98},{"w":"2026-08-15","n":16958,"ha":207.28},{"w":"2026-08-08","n":9278,"ha":113.56},{"w":"2026-08-01","n":111078,"ha":1350.8},{"w":"2026-07-25","n":35663,"ha":433.92}]}},{"type":"Feature","geometry":{"type":"Polygon","coordinates":[[[14.5,12.86],[14.89,12.22],[14.96,11.56],[14.92,10.89],[15.47,9.98],[14.91,9.99],[14.63,9.92],[14.17,10.02],[13.95,9.55],[14.54,8.97],[14.98,8.8],[15.12,8.38],[15.44,7.69],[15.28,7.42],[14.78,6.41],[14.54,6.23],[14.46,5.45],[14.56,5.03],[14.48,4.73],[14.95,4.21],[15.04,3.85],[15.41,3.34],[15.86,3.01],[15.91,2.56],[16.01,2.27],[15.94,1.73],[15.15,1.96],[14.34,2.23],[13.08,2.27],[12.95,2.32],[12.36,2.19],[11.75,2.33],[11.28,2.26],[9.65,2.28],[9.8,3.07],[9.4,3.73],[8.95,3.9],[8.74,4.35],[8.49,4.5],[8.5,4.77],[8.76,5.48],[9.23,6.44],[9.52,6.45],[10.12,7.04],[10.5,7.06],[11.06,6.64],[11.75,6.98],[11.84,7.4],[12.06,7.8],[12.22,8.31],[12.75,8.72],[12.96,9.42],[13.17,9.64],[13.31,10.16],[13.57,10.8],[14.42,11.57],[14.47,11.9],[14.58,12.09],[14.18,12.48],[14.21,12.8],[14.5,12.86]]]},"properties":{"iso":"CMR","name":"Cameroon","area_km2":462302,"n":9235143,"ha":111923.7,"ha_per_1e4km2":2421.01,"weeks":[{"w":"2026-10-10","n":7289,"ha":89.43},{"w":"2026-10-03","n":3829,"ha":47.01},{"w":"2026-09-26","n":21322,"ha":261.17},{"w":"2026-09-19","n":380174,"ha":4611.43},{"w":"2026-09-12","n":706984,"ha":8573.05},{"w":"2026-09-05","n":419324,"ha":5101.82},{"w":"2026-08-29","n":1077524,"ha":13081.7},{"w":"2026-08-22","n":481456,"ha":5849.39},{"w":"2026-08-15","n":528997,"ha":6445.68},{"w":"2026-08-08","n":1341232,"ha":16245.92},{"w":"2026-08-01","n":1910768,"ha":23086.31},{"w":"2026-07-25","n":2356244,"ha":28530.78}]}},{"type":"Feature","geometry":{"type":"Polygon","coordinates":[[[29.34,-4.5],[29.52,-5.42],[29.42,-5.94],[29.62,-6.52],[30.2,-7.08],[30.74,-8.34],[30.74,-8.34],[30.35,-8.24],[29.0,-8.41],[28.73,-8.53],[28.45,-9.16],[28.67,-9.61],[28.5,-10.79],[28.37,-11.79],[28.64,-11.97],[29.34,-12.36],[29.62,-12.18],[29.7,-13.26],[28.93,-13.25],[28.52,-12.7],[28.16,-12.27],[27.39,-12.13],[27.16,-11.61],[26.55,-11.92],[25.75,-11.78],[25.42,-11.33],[24.78,-11.24],[24.31,-11.26],[24.26,-10.95],[23.91,-10.93],[23.46,-10.87],[22.84,-11.02],[22.4,-10.99],[22.16,-11.08],[22.21,-9.89],[21.88,-9.52],[21.8,-8.91],[21.95,-8.31],[21.75,-7.92],[21.73,-7.29],[20.51,-7.3],[20.6,-6.94],[20.09,-6.94],[20.04,-7.12],[19.42,-7.16],[19.17,-7.74],[19.02,-7.99],[18.46,-7.85],[18.13,-7.99],[17.47,-8.07],[17.09,-7.55],[16.86,-7.22],[16.57,-6.62],[16.33,-5.88],[13.38,-5.86],[13.02,-5.98],[12.74,-5.97],[12.32,-6.1],[12.18,-5.79],[12.44,-5.68],[12.47,-5.25],[12.63,-4.99],[13.0,-4.78],[13.26,-4.88],[13.6,-4.5],[14.14,-4.51],[14.21,-4.79],[14.58,-4.97],[15.17,-4.34],[15.75,-3.86],[16.01,-3.54],[15.97,-2.71],[16.41,-1.74],[16.87,-1.23],[17.52,-0.74],[17.64,-0.42],[17.66,-0.06],[17.83,0.29],[17.77,0.86],[17.9,1.74],[18.09,2.37],[18.39,2.9],[18.45,3.5],[18.54,4.2],[18.93,4.71],[19.47,5.03],[20.29,4.69],[20.93,4.32],[21.66,4.22],[22.41,4.03],[22.7,4.63],[22.84,4.71],[23.3,4.61],[24.41,5.11],[24.81,4.9],[25.13,4.93],[25.28,5.17],[25.65,5.26],[26.4,5.15],[27.04,5.13],[27.37,5.23],[27.98,4.41],[28.43,4.29],[28.7,4.46],[29.16,4.39],[29.72,4.6],[29.95,4.17],[30.83,3.51],[30.83,3.51],[30.77,2.34],[31.17,2.2],[30.85,1.85],[30.47,1.58],[30.09,1.06],[29.88,0.6],[29.82,-0.21],[29.59,-0.59],[29.58,-1.34],[29.29,-1.62],[29.25,-2.22],[29.12,-2.29],[29.02,-2.84],[29.28,-3.29],[29.34,-4.5]]]},"properties":{"iso":"COD","name":"Democratic Republic of the Congo","area_km2":2333592,"n":97879662,"ha":1199362.1,"ha_per_1e4km2":5139.55,"weeks":[{"w":"2026-10-10","n":317246,"ha":3894.64},{"w":"2026-10-03","n":749886,"ha":9191.13},{"w":"2026-09-26","n":1489406,"ha":18270.86},{"w":"2026-09-19","n":6671865,"ha":81661.28},{"w":"2026-09-12","n":7750604,"ha":94925.96},{"w":"2026-09-05","n":16502766,"ha":202216.64},{"w":"2026-08-29","n":18628914,"ha":228380.71},{"w":"2026-08-22","n":11817536,"ha":144739.75},{"w":"2026-08-15","n":13165630,"ha":161427.38},{"w":"2026-08-08","n":6737112,"ha":82529.31},{"w":"2026-08-01","n":6528488,"ha":79919.8},{"w":"2026-07-25","n":7520209,"ha":92204.63}]}},{"type":"Feature","geometry":{"type":"Polygon","coordinates":[[[18.45,3.5],[18.39,2.9],[18.09,2.37],[17.9,1.74],[17.77,0.86],[17.83,0.29],[17.66,-0.06],[17.64,-0.42],[17.52,-0.74],[16.87,-1.23],[16.41,-1.74],[15.97,-2.71],[16.01,-3.54],[15.75,-3.86],[15.17,-4.34],[14.58,-4.97],[14.21,-4.79],[14.14,-4.51],[13.6,-4.5],[13.26,-4.88],[13.0,-4.78],[12.62,-4.44],[12.32,-4.61],[11.91,-5.04],[11.09,-3.98],[11.86,-3.43],[11.48,-2.77],[11.82,-2.51],[12.5,-2.39],[12.58,-1.95],[13.11,-2.43],[13.99,-2.47],[14.3,-2.0],[14.43,-1.33],[14.32,-0.55],[13.84,0.04],[14.28,1.2],[14.03,1.4],[13.28,1.31],[13.0,1.83],[13.08,2.27],[14.34,2.23],[15.15,1.96],[15.94,1.73],[16.01,2.27],[16.54,3.2],[17.13,3.73],[17.81,3.56],[18.45,3.5]]]},"properties":{"iso":"COG","name":"Republic of the Congo","area_km2":341186,"n":4340524,"ha":53370.6,"ha_per_1e4km2":1564.27,"weeks":[{"w":"2026-10-10","n":10786,"ha":132.59},{"w":"2026-10-03","n":13594,"ha":167.18},{"w":"2026-09-26","n":48181,"ha":592.06},{"w":"2026-09-19","n":84455,"ha":1038.31},{"w":"2026-09-12","n":235256,"ha":2892.03},{"w":"2026-09-05","n":342936,"ha":4217.26},{"w":"2026-08-29","n":366228,"ha":4502.55},{"w":"2026-08-22","n":479179,"ha":5891.09},{"w":"2026-08-15","n":377303,"ha":4638.96},{"w":"2026-08-08","n":662590,"ha":8147.78},{"w":"2026-08-01","n":345955,"ha":4253.43},{"w":"2026-07-25","n":1374061,"ha":16897.38}]}},{"type":"Feature","geometry":{"type":"Polygon","coordinates":[[[-66.88,1.25],[-67.07,1.13],[-67.26,1.72],[-67.54,2.04],[-67.87,1.69],[-69.82,1.71],[-69.8,1.09],[-69.22,0.99],[-69.25,0.6],[-69.45,0.71],[-70.02,0.54],[-70.02,-0.19],[-69.58,-0.55],[-69.42,-1.12],[-69.44,-1.56],[-69.89,-4.3],[-70.39,-3.77],[-70.69,-3.74],[-70.05,-2.73],[-70.81,-2.26],[-71.41,-2.34],[-71.77,-2.17],[-72.33,-2.43],[-73.07,-2.31],[-73.66,-1.26],[-74.12,-1.0],[-74.44,-0.53],[-75.11,-0.06],[-75.37,-0.15],[-75.8,0.08],[-76.29,0.42],[-76.58,0.26],[-77.42,0.4],[-77.67,0.83],[-77.86,0.81],[-78.86,1.38],[-78.99,1.69],[-78.62,1.77],[-78.66,2.27],[-78.43,2.63],[-77.93,2.7],[-77.51,3.33],[-77.13,3.85],[-77.5,4.09],[-77.31,4.67],[-77.53,5.58],[-77.32,5.85],[-77.48,6.69],[-77.88,7.22],[-77.75,7.71],[-77.43,7.64],[-77.24,7.94],[-77.47,8.52],[-77.35,8.67],[-76.84,8.64],[-76.09,9.34],[-75.67,9.44],[-75.66,9.77],[-75.48,10.62],[-74.91,11.08],[-74.28,11.1],[-74.2,11.31],[-73.41,11.23],[-72.63,11.73],[-72.24,11.96],[-71.75,12.44],[-71.4,12.38],[-71.14,12.11],[-71.33,11.78],[-71.97,11.61],[-72.23,11.11],[-72.61,10.82],[-72.91,10.45],[-73.03,9.74],[-73.3,9.15],[-72.79,9.09],[-72.66,8.63],[-72.44,8.41],[-72.36,8.0],[-72.48,7.63],[-72.44,7.42],[-72.2,7.34],[-71.96,6.99],[-70.67,7.09],[-70.09,6.96],[-69.39,6.1],[-68.99,6.21],[-68.27,6.15],[-67.7,6.27],[-67.34,6.1],[-67.52,5.56],[-67.74,5.22],[-67.82,4.5],[-67.62,3.84],[-67.34,3.54],[-67.3,3.32],[-67.81,2.82],[-67.45,2.6],[-67.18,2.25],[-66.88,1.25]]]},"properties":{"iso":"COL","name":"Colombia","area_km2":1156904,"n":66077218,"ha":805220.3,"ha_per_1e4km2":6960.13,"weeks":[{"w":"2026-10-10","n":988264,"ha":12135.26},{"w":"2026-10-03","n":316750,"ha":3893.25},{"w":"2026-09-26","n":673630,"ha":8252.39},{"w":"2026-09-19","n":981004,"ha":11990.76},{"w":"2026-09-12","n":2372201,"ha":28911.52},{"w":"2026-09-05","n":4727443,"ha":57570.37},{"w":"2026-08-29","n":9741086,"ha":118766.44},{"w":"2026-08-22","n":3890761,"ha":47348.95},{"w":"2026-08-15","n":13706729,"ha":167032.46},{"w":"2026-08-08","n":10260835,"ha":125031.76},{"w":"2026-08-01","n":13652972,"ha":166061.36},{"w":"2026-07-25","n":4765543,"ha":58225.78}]}},{"type":"Feature","geometry":{"type":"Polygon","coordinates":[[[-82.55,9.57],[-82.93,9.48],[-82.93,9.07],[-82.72,8.93],[-82.87,8.81],[-82.83,8.63],[-82.91,8.42],[-82.97,8.23],[-83.51,8.45],[-83.71,8.66],[-83.6,8.83],[-83.63,9.05],[-83.91,9.29],[-84.3,9.49],[-84.65,9.62],[-84.71,9.91],[-84.98,10.09],[-84.91,9.8],[-85.11,9.56],[-85.34,9.83],[-85.66,9.93],[-85.8,10.13],[-85.79,10.44],[-85.66,10.75],[-85.94,10.9],[-85.71,11.09],[-85.56,11.22],[-84.9,10.95],[-84.67,11.08],[-84.36,11.0],[-84.19,10.79],[-83.9,10.73],[-83.66,10.94],[-83.4,10.4],[-83.02,9.99],[-82.55,9.57]]]},"properties":{"iso":"CRI","name":"Costa Rica","area_km2":54049,"n":2087026,"ha":25282.1,"ha_per_1e4km2":4677.63,"weeks":[{"w":"2026-10-03","n":54,"ha":0.66},{"w":"2026-09-26","n":19942,"ha":241.75},{"w":"2026-09-19","n":22379,"ha":271.9},{"w":"2026-09-12","n":178193,"ha":2158.57},{"w":"2026-09-05","n":273327,"ha":3310.64},{"w":"2026-08-29","n":103396,"ha":1252.73},{"w":"2026-08-22","n":580538,"ha":7031.72},{"w":"2026-08-15","n":140053,"ha":1695.76},{"w":"2026-08-08","n":68559,"ha":831.33},{"w":"2026-08-01","n":454622,"ha":5506.93},{"w":"2026-07-25","n":245963,"ha":2980.07}]}},{"type":"Feature","geometry":{"type":"Polygon","coordinates":[[[-82.27,23.19],[-81.4,23.12],[-80.62,23.11],[-79.68,22.77],[-79.28,22.4],[-78.35,22.51],[-77.99,22.28],[-77.15,21.66],[-76.52,21.21],[-76.19,21.22],[-75.6,21.02],[-75.67,20.74],[-74.93,20.69],[-74.18,20.28],[-74.3,20.05],[-74.96,19.92],[-75.63,19.87],[-76.32,19.95],[-77.76,19.86],[-77.09,20.41],[-77.49,20.67],[-78.14,20.74],[-78.48,21.03],[-78.72,21.6],[-79.28,21.56],[-80.22,21.83],[-80.52,22.04],[-81.82,22.19],[-82.17,22.39],[-81.8,22.64],[-82.78,22.69],[-83.49,22.17],[-83.91,22.15],[-84.05,21.91],[-84.55,21.8],[-84.97,21.9],[-84.45,22.2],[-84.23,22.57],[-83.78,22.79],[-83.27,22.98],[-82.51,23.08],[-82.27,23.19]]]},"properties":{"iso":"CUB","name":"Cuba","area_km2":115176,"n":14249431,"ha":163139.8,"ha_per_1e4km2":14164.39,"weeks":[{"w":"2026-10-10","n":6255,"ha":72.24},{"w":"2026-10-03","n":1693,"ha":19.5},{"w":"2026-09-26","n":5135,"ha":59.18},{"w":"2026-09-19","n":32819,"ha":374.5},{"w":"2026-09-12","n":280140,"ha":3207.55},{"w":"2026-09-05","n":715352,"ha":8204.86},{"w":"2026-08-29","n":1170259,"ha":13413.07},{"w":"2026-08-22","n":3850889,"ha":44081.31},{"w":"2026-08-15","n":1598283,"ha":18269.49},{"w":"2026-08-08","n":1076417,"ha":12332.01},{"w":"2026-08-01","n":2942935,"ha":33692.7},{"w":"2026-07-25","n":2569254,"ha":29413.35}]}},{"type":"Feature","geometry":{"type":"Polygon","coordinates":[[[42.35,12.54],[42.78,12.46],[43.08,12.7],[43.32,12.39],[43.29,11.97],[42.72,11.74],[43.15,11.46],[42.78,10.93],[42.55,11.11],[42.31,11.03],[41.76,11.05],[41.74,11.36],[41.66,11.63],[42,12.1],[42.35,12.54]]]},"properties":{"iso":"DJI","name":"Djibouti","area_km2":21966,"n":5960,"ha":71.9,"ha_per_1e4km2":32.73,"weeks":[{"w":"2026-09-26","n":242,"ha":2.92},{"w":"2026-09-19","n":1241,"ha":14.94},{"w":"2026-09-12","n":979,"ha":11.8},{"w":"2026-09-05","n":371,"ha":4.47},{"w":"2026-08-29","n":1013,"ha":12.22},{"w":"2026-08-22","n":1148,"ha":13.85},{"w":"2026-08-08","n":399,"ha":4.82},{"w":"2026-08-01","n":567,"ha":6.84}]}},{"type":"Feature","geometry":{"type":"Polygon","coordinates":[[[-71.71,18.04],[-71.69,18.32],[-71.95,18.62],[-71.7,18.79],[-71.62,19.17],[-71.71,19.71],[-71.59,19.88],[-70.81,19.88],[-70.21,19.62],[-69.95,19.65],[-69.77,19.29],[-69.22,19.31],[-69.25,19.02],[-68.81,18.98],[-68.32,18.61],[-68.69,18.21],[-69.16,18.42],[-69.62,18.38],[-69.95,18.43],[-70.13,18.25],[-70.52,18.18],[-70.67,18.43],[-71.0,18.28],[-71.4,17.6],[-71.66,17.76],[-71.71,18.04]]]},"properties":{"iso":"DOM","name":"Dominican Republic","area_km2":48306,"n":7133699,"ha":83191.9,"ha_per_1e4km2":17221.86,"weeks":[{"w":"2026-10-03","n":3808,"ha":44.49},{"w":"2026-09-26","n":45868,"ha":534.67},{"w":"2026-09-19","n":253778,"ha":2957.56},{"w":"2026-09-12","n":307462,"ha":3584.54},{"w":"2026-09-05","n":643162,"ha":7498.94},{"w":"2026-08-29","n":172848,"ha":2013.54},{"w":"2026-08-22","n":1206320,"ha":14065.62},{"w":"2026-08-15","n":951566,"ha":11102.89},{"w":"2026-08-08","n":882746,"ha":10292.05},{"w":"2026-08-01","n":1614445,"ha":18827.13},{"w":"2026-07-25","n":1051696,"ha":12270.48}]}},{"type":"Feature","geometry":{"type":"Polygon","coordinates":[[[-8.68,27.4],[-8.67,27.59],[-8.67,27.66],[-8.67,28.84],[-7.06,29.58],[-6.06,29.73],[-5.24,30.0],[-4.86,30.5],[-3.69,30.9],[-3.65,31.64],[-3.07,31.72],[-2.62,32.09],[-1.31,32.26],[-1.12,32.65],[-1.39,32.86],[-1.73,33.92],[-1.79,34.53],[-2.17,35.17],[-1.21,35.71],[-0.13,35.89],[0.5,36.3],[1.47,36.61],[3.16,36.78],[4.82,36.87],[5.32,36.72],[6.26,37.11],[7.33,37.12],[7.74,36.89],[8.42,36.95],[8.22,36.43],[8.38,35.48],[8.14,34.66],[7.52,34.1],[7.61,33.34],[8.43,32.75],[8.44,32.51],[9.06,32.1],[9.48,30.31],[9.81,29.42],[9.86,28.96],[9.68,28.14],[9.76,27.69],[9.63,27.14],[9.72,26.51],[9.32,26.09],[9.91,25.37],[9.95,24.94],[10.3,24.38],[10.77,24.56],[11.56,24.1],[12.0,23.47],[8.57,21.57],[5.68,19.6],[4.27,19.16],[3.16,19.06],[3.15,19.69],[2.68,19.86],[2.06,20.14],[1.82,20.61],[-1.55,22.79],[-4.92,24.97],[-8.68,27.4]]]},"properties":{"iso":"DZA","name":"Algeria","area_km2":2321934,"n":21735,"ha":232.5,"ha_per_1e4km2":1.0,"weeks":[{"w":"2026-09-26","n":9649,"ha":103.42},{"w":"2026-09-19","n":12017,"ha":128.28},{"w":"2026-09-12","n":59,"ha":0.66},{"w":"2026-08-22","n":10,"ha":0.11}]}},{"type":"Feature","geometry":{"type":"Polygon","coordinates":[[[-75.37,-0.15],[-75.23,-0.91],[-75.54,-1.56],[-76.64,-2.61],[-77.84,-3.0],[-78.45,-3.87],[-78.64,-4.55],[-79.21,-4.96],[-79.62,-4.45],[-80.03,-4.35],[-80.44,-4.43],[-80.47,-4.06],[-80.18,-3.82],[-80.3,-3.4],[-79.77,-2.66],[-79.99,-2.22],[-80.37,-2.69],[-80.97,-2.25],[-80.76,-1.97],[-80.93,-1.06],[-80.58,-0.91],[-80.4,-0.28],[-80.02,0.36],[-80.09,0.77],[-79.54,0.98],[-78.86,1.38],[-77.86,0.81],[-77.67,0.83],[-77.42,0.4],[-76.58,0.26],[-76.29,0.42],[-75.8,0.08],[-75.37,-0.15]]]},"properties":{"iso":"ECU","name":"Ecuador","area_km2":251859,"n":4882318,"ha":60064.8,"ha_per_1e4km2":2384.86,"weeks":[{"w":"2026-10-10","n":251138,"ha":3089.97},{"w":"2026-10-03","n":511534,"ha":6294.81},{"w":"2026-09-26","n":214965,"ha":2644.46},{"w":"2026-09-19","n":120184,"ha":1478.08},{"w":"2026-09-12","n":211581,"ha":2602.47},{"w":"2026-09-05","n":205628,"ha":2529.81},{"w":"2026-08-29","n":259598,"ha":3192.98},{"w":"2026-08-22","n":294633,"ha":3622.29},{"w":"2026-08-15","n":780736,"ha":9605.43},{"w":"2026-08-08","n":391767,"ha":4818.96},{"w":"2026-08-01","n":1041280,"ha":12812.14},{"w":"2026-07-25","n":599274,"ha":7373.42}]}},{"type":"Feature","geometry":{"type":"Polygon","coordinates":[[[36.87,22],[32.9,22],[29.02,22],[25,22],[25,25.68],[25,29.24],[24.7,30.04],[24.96,30.66],[24.8,31.09],[25.16,31.57],[26.5,31.59],[27.46,31.32],[28.45,31.03],[28.91,30.87],[29.68,31.19],[30.1,31.47],[30.98,31.56],[31.69,31.43],[31.96,30.93],[32.19,31.26],[32.99,31.02],[33.77,30.97],[34.27,31.22],[34.27,31.22],[34.82,29.76],[34.92,29.5],[34.64,29.1],[34.43,28.34],[34.15,27.82],[33.92,27.65],[33.59,27.97],[33.14,28.42],[32.42,29.85],[32.32,29.76],[32.73,28.71],[33.35,27.7],[34.1,26.14],[34.47,25.6],[34.8,25.03],[35.69,23.93],[35.49,23.75],[35.53,23.1],[36.69,22.2],[36.87,22]]]},"properties":{"iso":"EGY","name":"Egypt","area_km2":999010,"n":1753609,"ha":19177.0,"ha_per_1e4km2":191.96,"weeks":[{"w":"2026-10-03","n":21,"ha":0.23},{"w":"2026-09-26","n":11417,"ha":127.38},{"w":"2026-09-19","n":66815,"ha":737.95},{"w":"2026-09-12","n":142942,"ha":1581.17},{"w":"2026-09-05","n":234633,"ha":2601.76},{"w":"2026-08-29","n":112773,"ha":1233.77},{"w":"2026-08-22","n":154352,"ha":1687.06},{"w":"2026-08-15","n":162094,"ha":1765.17},{"w":"2026-08-08","n":291005,"ha":3168.57},{"w":"2026-08-01","n":275552,"ha":2997.37},{"w":"2026-07-25","n":302005,"ha":3276.61}]}},{"type":"Feature","geometry":{"type":"Polygon","coordinates":[[[36.43,14.42],[36.32,14.82],[36.75,16.29],[36.85,16.96],[37.17,17.26],[37.9,17.43],[38.41,18.0],[38.99,16.84],[39.27,15.92],[39.81,15.44],[41.18,14.49],[41.73,13.92],[42.28,13.34],[42.59,13.0],[43.08,12.7],[42.78,12.46],[42.35,12.54],[42.01,12.87],[41.6,13.45],[41.16,13.77],[40.9,14.12],[40.03,14.52],[39.34,14.53],[39.1,14.74],[38.51,14.51],[37.91,14.96],[37.59,14.21],[36.43,14.42]]]},"properties":{"iso":"ERI","name":"Eritrea","area_km2":119690,"n":25158218,"ha":299206.1,"ha_per_1e4km2":24998.42,"weeks":[{"w":"2026-10-03","n":1883,"ha":22.44},{"w":"2026-09-26","n":388566,"ha":4627.93},{"w":"2026-09-19","n":2008540,"ha":23912.71},{"w":"2026-09-12","n":1827404,"ha":21699.04},{"w":"2026-09-05","n":1398918,"ha":16630.08},{"w":"2026-08-29","n":6327429,"ha":75252.42},{"w":"2026-08-22","n":4835705,"ha":57562.53},{"w":"2026-08-15","n":2695522,"ha":32050.95},{"w":"2026-08-08","n":1262389,"ha":15005.91},{"w":"2026-08-01","n":1660979,"ha":19743.39},{"w":"2026-07-25","n":2750883,"ha":32698.74}]}},{"type":"Feature","geometry":{"type":"Polygon","coordinates":[[[-8.67,27.66],[-8.67,27.59],[-8.68,27.4],[-8.69,25.88],[-11.97,25.93],[-11.94,23.37],[-12.87,23.28],[-13.12,22.77],[-12.93,21.33],[-16.85,21.33],[-17.06,21.0],[-17.02,21.42],[-17.0,21.42],[-14.75,21.5],[-14.63,21.86],[-14.22,22.31],[-13.89,23.69],[-12.5,24.77],[-12.03,26.03],[-11.72,26.1],[-11.39,26.88],[-10.55,26.99],[-10.19,26.86],[-9.74,26.86],[-9.41,27.09],[-8.79,27.12],[-8.82,27.66],[-8.67,27.66]]]},"properties":{"iso":"ESH","name":"Western Sahara","area_km2":96882,"n":48,"ha":0.5,"ha_per_1e4km2":0.05,"weeks":[{"w":"2026-09-12","n":10,"ha":0.11},{"w":"2026-08-29","n":14,"ha":0.16},{"w":"2026-08-01","n":15,"ha":0.17},{"w":"2026-07-25","n":9,"ha":0.1}]}},{"type":"Feature","geometry":{"type":"Polygon","coordinates":[[[-7.45,37.1],[-7.54,37.43],[-7.17,37.8],[-7.03,38.08],[-7.37,38.37],[-7.1,39.03],[-7.5,39.63],[-7.07,39.71],[-7.03,40.18],[-6.86,40.33],[-6.85,41.11],[-6.39,41.38],[-6.67,41.88],[-7.25,41.92],[-7.42,41.79],[-8.01,41.79],[-8.26,42.28],[-8.67,42.13],[-9.03,41.88],[-8.98,42.59],[-9.39,43.03],[-7.98,43.75],[-6.75,43.57],[-5.41,43.57],[-4.35,43.4],[-3.52,43.46],[-1.9,43.42],[-1.5,43.03],[0.34,42.58],[0.7,42.8],[1.83,42.34],[2.99,42.47],[3.04,41.89],[2.09,41.23],[0.81,41.01],[0.72,40.68],[0.11,40.12],[-0.28,39.31],[0.11,38.74],[-0.47,38.29],[-0.68,37.64],[-1.44,37.44],[-2.15,36.67],[-3.42,36.66],[-4.37,36.68],[-5.0,36.32],[-5.38,35.95],[-5.87,36.03],[-6.24,36.37],[-6.52,36.94],[-7.45,37.1]]]},"properties":{"iso":"ESP","name":"Spain","area_km2":501662,"n":7707,"ha":83.7,"ha_per_1e4km2":1.67,"weeks":[{"w":"2026-10-10","n":9,"ha":0.1},{"w":"2026-10-03","n":52,"ha":0.57},{"w":"2026-09-26","n":138,"ha":1.49},{"w":"2026-09-19","n":21,"ha":0.23},{"w":"2026-09-12","n":740,"ha":8.04},{"w":"2026-09-05","n":1338,"ha":14.52},{"w":"2026-08-29","n":309,"ha":3.35},{"w":"2026-08-22","n":486,"ha":5.28},{"w":"2026-08-15","n":297,"ha":3.23},{"w":"2026-08-08","n":2284,"ha":24.83},{"w":"2026-08-01","n":1766,"ha":19.19},{"w":"2026-07-25","n":267,"ha":2.9}]}},{"type":"Feature","geometry":{"type":"Polygon","coordinates":[[[47.79,8.0],[44.96,5.0],[43.66,4.96],[42.77,4.25],[42.13,4.23],[41.86,3.92],[41.17,3.92],[40.77,4.26],[39.85,3.84],[39.56,3.42],[38.89,3.5],[38.67,3.62],[38.44,3.59],[38.12,3.6],[36.86,4.45],[36.16,4.45],[35.82,4.78],[35.82,5.34],[35.3,5.51],[34.71,6.59],[34.25,6.83],[34.08,7.23],[33.57,7.71],[32.95,7.78],[33.29,8.35],[33.83,8.38],[33.97,8.68],[33.96,9.58],[34.26,10.63],[34.73,10.91],[34.83,11.32],[35.26,12.08],[35.86,12.58],[36.27,13.56],[36.43,14.42],[37.59,14.21],[37.91,14.96],[38.51,14.51],[39.1,14.74],[39.34,14.53],[40.03,14.52],[40.9,14.12],[41.16,13.77],[41.6,13.45],[42.01,12.87],[42.35,12.54],[42,12.1],[41.66,11.63],[41.74,11.36],[41.76,11.05],[42.31,11.03],[42.55,11.11],[42.78,10.93],[42.56,10.57],[42.93,10.02],[43.3,9.54],[43.68,9.18],[46.95,8.0],[47.79,8.0]]]},"properties":{"iso":"ETH","name":"Ethiopia","area_km2":1137154,"n":124435535,"ha":1514322.9,"ha_per_1e4km2":13316.78,"weeks":[{"w":"2026-10-10","n":22,"ha":0.27},{"w":"2026-10-03","n":29549,"ha":359.06},{"w":"2026-09-26","n":1455544,"ha":17604.53},{"w":"2026-09-19","n":4436109,"ha":53872.11},{"w":"2026-09-12","n":9619877,"ha":117117.06},{"w":"2026-09-05","n":12883676,"ha":156628.48},{"w":"2026-08-29","n":29183053,"ha":356168.69},{"w":"2026-08-22","n":14135673,"ha":171618.28},{"w":"2026-08-15","n":10664871,"ha":129628.11},{"w":"2026-08-08","n":12791878,"ha":155903.17},{"w":"2026-08-01","n":12195711,"ha":148468.81},{"w":"2026-07-25","n":17039572,"ha":206954.31}]}},{"type":"Feature","geometry":{"type":"MultiPolygon","coordinates":[[[[180,-16.07],[180,-16.56],[179.36,-16.8],[178.73,-17.01],[178.6,-16.64],[179.1,-16.43],[179.41,-16.38],[180,-16.07]]],[[[178.13,-17.5],[178.37,-17.34],[178.72,-17.63],[178.55,-18.15],[177.93,-18.29],[177.38,-18.16],[177.29,-17.72],[177.67,-17.38],[178.13,-17.5]]],[[[-179.79,-16.02],[-179.92,-16.5],[-180,-16.56],[-180,-16.07],[-179.79,-16.02]]]]},"properties":{"iso":"FJI","name":"Fiji","area_km2":19351,"n":659042,"ha":7745.9,"ha_per_1e4km2":4002.84,"weeks":[{"w":"2026-09-26","n":6105,"ha":71.74},{"w":"2026-09-19","n":14836,"ha":174.38},{"w":"2026-09-12","n":137936,"ha":1619.62},{"w":"2026-09-05","n":56195,"ha":660.54},{"w":"2026-08-29","n":74878,"ha":881.02},{"w":"2026-08-22","n":98,"ha":1.16},{"w":"2026-08-15","n":193971,"ha":2279.33},{"w":"2026-08-08","n":15161,"ha":178.16},{"w":"2026-08-01","n":146284,"ha":1719.94},{"w":"2026-07-25","n":13578,"ha":160.01}]}},{"type":"Feature","geometry":{"type":"Polygon","coordinates":[[[11.28,2.26],[11.75,2.33],[12.36,2.19],[12.95,2.32],[13.08,2.27],[13.0,1.83],[13.28,1.31],[14.03,1.4],[14.28,1.2],[13.84,0.04],[14.32,-0.55],[14.43,-1.33],[14.3,-2.0],[13.99,-2.47],[13.11,-2.43],[12.58,-1.95],[12.5,-2.39],[11.82,-2.51],[11.48,-2.77],[11.86,-3.43],[11.09,-3.98],[10.07,-2.97],[9.41,-2.14],[8.8,-1.11],[8.83,-0.78],[9.05,-0.46],[9.29,0.27],[9.49,1.01],[9.83,1.07],[11.29,1.06],[11.28,2.26]]]},"properties":{"iso":"GAB","name":"Gabon","area_km2":270673,"n":2742945,"ha":33749.7,"ha_per_1e4km2":1246.88,"weeks":[{"w":"2026-10-03","n":22730,"ha":279.71},{"w":"2026-09-26","n":91731,"ha":1128.69},{"w":"2026-09-19","n":217338,"ha":2674.39},{"w":"2026-09-12","n":140438,"ha":1727.83},{"w":"2026-09-05","n":231804,"ha":2852.09},{"w":"2026-08-29","n":191964,"ha":2362.25},{"w":"2026-08-22","n":435509,"ha":5358.65},{"w":"2026-08-15","n":370243,"ha":4555.32},{"w":"2026-08-08","n":414105,"ha":5094.85},{"w":"2026-08-01","n":305633,"ha":3760.31},{"w":"2026-07-25","n":321450,"ha":3955.58}]}},{"type":"Feature","geometry":{"type":"Polygon","coordinates":[[[0.02,11.02],[-0.05,10.71],[0.37,10.19],[0.37,9.47],[0.46,8.68],[0.71,8.31],[0.49,7.41],[0.57,6.91],[0.84,6.28],[1.06,5.93],[-0.51,5.34],[-1.06,5.0],[-1.96,4.71],[-2.86,4.99],[-2.81,5.39],[-3.24,6.25],[-2.98,7.38],[-2.56,8.22],[-2.83,9.64],[-2.96,10.4],[-2.94,10.96],[-1.2,11.01],[-0.76,10.94],[-0.44,11.1],[0.02,11.02]]]},"properties":{"iso":"GHA","name":"Ghana","area_km2":244497,"n":744815,"ha":9055.3,"ha_per_1e4km2":370.36,"weeks":[{"w":"2026-10-10","n":184,"ha":2.25},{"w":"2026-10-03","n":17936,"ha":219.56},{"w":"2026-09-26","n":1660,"ha":20.3},{"w":"2026-09-19","n":17451,"ha":213.42},{"w":"2026-09-12","n":61902,"ha":754.03},{"w":"2026-09-05","n":124219,"ha":1503.17},{"w":"2026-08-29","n":117617,"ha":1427.17},{"w":"2026-08-22","n":14521,"ha":176.88},{"w":"2026-08-15","n":149227,"ha":1813.39},{"w":"2026-08-08","n":19725,"ha":240.08},{"w":"2026-08-01","n":92950,"ha":1133.55},{"w":"2026-07-25","n":127423,"ha":1551.46}]}},{"type":"Feature","geometry":{"type":"Polygon","coordinates":[[[-13.7,12.59],[-13.22,12.58],[-12.5,12.33],[-12.28,12.35],[-12.2,12.47],[-11.66,12.39],[-11.51,12.44],[-11.46,12.08],[-11.3,12.08],[-11.04,12.21],[-10.87,12.18],[-10.59,11.92],[-10.17,11.84],[-9.89,12.06],[-9.57,12.19],[-9.33,12.33],[-9.13,12.31],[-8.91,12.09],[-8.79,11.81],[-8.38,11.39],[-8.58,11.14],[-8.62,10.81],[-8.41,10.91],[-8.28,10.79],[-8.34,10.49],[-8.03,10.21],[-8.23,10.13],[-8.31,9.79],[-8.08,9.38],[-7.83,8.58],[-8.2,8.46],[-8.3,8.32],[-8.22,8.12],[-8.28,7.69],[-8.44,7.69],[-8.72,7.71],[-8.93,7.31],[-9.21,7.31],[-9.4,7.53],[-9.34,7.93],[-9.76,8.54],[-10.02,8.43],[-10.23,8.41],[-10.51,8.35],[-10.49,8.72],[-10.65,8.98],[-10.62,9.27],[-10.84,9.69],[-11.12,10.05],[-11.92,10.05],[-12.15,9.86],[-12.43,9.84],[-12.6,9.62],[-12.71,9.34],[-13.25,8.9],[-13.69,9.49],[-14.07,9.89],[-14.33,10.02],[-14.58,10.21],[-14.69,10.66],[-14.84,10.88],[-15.13,11.04],[-14.69,11.53],[-14.38,11.51],[-14.12,11.68],[-13.9,11.68],[-13.74,11.81],[-13.83,12.14],[-13.72,12.25],[-13.7,12.59]]]},"properties":{"iso":"GIN","name":"Guinea","area_km2":240534,"n":788146,"ha":9520.2,"ha_per_1e4km2":395.79,"weeks":[{"w":"2026-10-03","n":1034,"ha":12.53},{"w":"2026-09-26","n":474,"ha":5.77},{"w":"2026-09-19","n":13033,"ha":157.54},{"w":"2026-09-12","n":51666,"ha":623.48},{"w":"2026-09-05","n":102662,"ha":1239.94},{"w":"2026-08-29","n":103537,"ha":1249.62},{"w":"2026-08-22","n":153073,"ha":1848.12},{"w":"2026-08-15","n":25815,"ha":311.39},{"w":"2026-08-08","n":20059,"ha":242.36},{"w":"2026-08-01","n":129537,"ha":1565.27},{"w":"2026-07-25","n":187256,"ha":2264.22}]}},{"type":"Feature","geometry":{"type":"Polygon","coordinates":[[[-16.71,13.59],[-15.62,13.62],[-15.4,13.86],[-15.08,13.88],[-14.69,13.63],[-14.38,13.63],[-14.05,13.79],[-13.84,13.51],[-14.28,13.28],[-14.71,13.3],[-15.14,13.51],[-15.51,13.28],[-15.69,13.27],[-15.93,13.13],[-16.84,13.15],[-16.71,13.59]]]},"properties":{"iso":"GMB","name":"Gambia","area_km2":14082,"n":227853,"ha":2729.7,"ha_per_1e4km2":1938.43,"weeks":[{"w":"2026-10-03","n":34,"ha":0.41},{"w":"2026-09-26","n":1139,"ha":13.64},{"w":"2026-09-19","n":476,"ha":5.7},{"w":"2026-09-12","n":1193,"ha":14.29},{"w":"2026-09-05","n":18887,"ha":226.21},{"w":"2026-08-29","n":13391,"ha":160.46},{"w":"2026-08-22","n":115974,"ha":1389.21},{"w":"2026-08-15","n":4723,"ha":56.62},{"w":"2026-08-08","n":22104,"ha":264.84},{"w":"2026-08-01","n":38706,"ha":463.79},{"w":"2026-07-25","n":11226,"ha":134.56}]}},{"type":"Feature","geometry":{"type":"Polygon","coordinates":[[[-16.68,12.38],[-16.15,12.55],[-15.82,12.52],[-15.55,12.63],[-13.7,12.59],[-13.72,12.25],[-13.83,12.14],[-13.74,11.81],[-13.9,11.68],[-14.12,11.68],[-14.38,11.51],[-14.69,11.53],[-15.13,11.04],[-15.66,11.46],[-16.09,11.52],[-16.31,11.81],[-16.31,11.96],[-16.61,12.17],[-16.68,12.38]]]},"properties":{"iso":"GNB","name":"Guinea-Bissau","area_km2":36313,"n":40055,"ha":482.5,"ha_per_1e4km2":132.87,"weeks":[{"w":"2026-10-10","n":192,"ha":2.32},{"w":"2026-10-03","n":6,"ha":0.07},{"w":"2026-09-26","n":48,"ha":0.58},{"w":"2026-09-19","n":75,"ha":0.9},{"w":"2026-09-12","n":549,"ha":6.62},{"w":"2026-09-05","n":6379,"ha":76.84},{"w":"2026-08-29","n":6209,"ha":74.86},{"w":"2026-08-22","n":10803,"ha":130.14},{"w":"2026-08-15","n":2559,"ha":30.81},{"w":"2026-08-08","n":5574,"ha":67.14},{"w":"2026-08-01","n":6064,"ha":73.02},{"w":"2026-07-25","n":1597,"ha":19.22}]}},{"type":"Feature","geometry":{"type":"Polygon","coordinates":[[[9.65,2.28],[11.28,2.26],[11.29,1.06],[9.83,1.07],[9.49,1.01],[9.31,1.16],[9.65,2.28]]]},"properties":{"iso":"GNQ","name":"Equatorial Guinea","area_km2":27239,"n":201079,"ha":2474.0,"ha_per_1e4km2":908.26,"weeks":[{"w":"2026-10-10","n":57,"ha":0.7},{"w":"2026-10-03","n":6254,"ha":76.95},{"w":"2026-09-26","n":2884,"ha":35.48},{"w":"2026-09-19","n":4613,"ha":56.76},{"w":"2026-09-12","n":9558,"ha":117.6},{"w":"2026-09-05","n":13166,"ha":161.99},{"w":"2026-08-29","n":7264,"ha":89.38},{"w":"2026-08-22","n":20523,"ha":252.51},{"w":"2026-08-15","n":20792,"ha":255.82},{"w":"2026-08-08","n":37946,"ha":466.87},{"w":"2026-08-01","n":50490,"ha":621.21},{"w":"2026-07-25","n":27532,"ha":338.76}]}},{"type":"Feature","geometry":{"type":"Polygon","coordinates":[[[-92.23,14.54],[-92.2,14.83],[-92.09,15.06],[-92.23,15.25],[-91.75,16.07],[-90.46,16.07],[-90.44,16.41],[-90.6,16.47],[-90.71,16.69],[-91.08,16.92],[-91.45,17.25],[-91.0,17.25],[-91.0,17.82],[-90.07,17.82],[-89.14,17.81],[-89.15,17.02],[-89.23,15.89],[-88.93,15.89],[-88.6,15.71],[-88.52,15.86],[-88.23,15.73],[-88.68,15.35],[-89.15,15.07],[-89.23,14.87],[-89.15,14.68],[-89.35,14.42],[-89.59,14.36],[-89.53,14.24],[-89.72,14.13],[-90.06,13.88],[-90.1,13.74],[-90.61,13.91],[-91.23,13.93],[-91.69,14.13],[-92.23,14.54]]]},"properties":{"iso":"GTM","name":"Guatemala","area_km2":109829,"n":10598729,"ha":126046.2,"ha_per_1e4km2":11476.59,"weeks":[{"w":"2026-10-10","n":12369,"ha":146.7},{"w":"2026-10-03","n":10772,"ha":127.32},{"w":"2026-09-26","n":16157,"ha":191.67},{"w":"2026-09-19","n":109170,"ha":1296.05},{"w":"2026-09-12","n":922657,"ha":10970.02},{"w":"2026-09-05","n":567131,"ha":6739.39},{"w":"2026-08-29","n":1374275,"ha":16338.9},{"w":"2026-08-22","n":1474433,"ha":17552.36},{"w":"2026-08-15","n":1711256,"ha":20361.78},{"w":"2026-08-08","n":710487,"ha":8437.97},{"w":"2026-08-01","n":2142722,"ha":25491.14},{"w":"2026-07-25","n":1547300,"ha":18392.95}]}},{"type":"Feature","geometry":{"type":"Polygon","coordinates":[[[-56.54,1.9],[-56.78,1.86],[-57.34,1.95],[-57.66,1.68],[-58.11,1.51],[-58.43,1.46],[-58.54,1.27],[-59.03,1.32],[-59.65,1.79],[-59.72,2.25],[-59.97,2.76],[-59.82,3.61],[-59.54,3.96],[-59.77,4.42],[-60.11,4.57],[-59.98,5.01],[-60.21,5.24],[-60.73,5.2],[-61.41,5.96],[-61.14,6.23],[-61.16,6.7],[-60.54,6.86],[-60.3,7.04],[-60.64,7.42],[-60.55,7.78],[-59.76,8.37],[-59.1,8.0],[-58.48,7.35],[-58.45,6.83],[-58.08,6.81],[-57.54,6.32],[-57.15,5.97],[-57.31,5.07],[-57.91,4.81],[-57.86,4.58],[-58.04,4.06],[-57.6,3.33],[-57.28,3.33],[-57.15,2.77],[-56.54,1.9]]]},"properties":{"iso":"GUY","name":"Guyana","area_km2":210715,"n":5718074,"ha":70092.6,"ha_per_1e4km2":3326.42,"weeks":[{"w":"2026-10-10","n":97991,"ha":1200.98},{"w":"2026-10-03","n":148541,"ha":1818.62},{"w":"2026-09-26","n":225354,"ha":2762.64},{"w":"2026-09-19","n":566114,"ha":6947.94},{"w":"2026-09-12","n":405215,"ha":4972.4},{"w":"2026-09-05","n":351800,"ha":4312.74},{"w":"2026-08-29","n":553452,"ha":6791.32},{"w":"2026-08-22","n":760943,"ha":9327.71},{"w":"2026-08-15","n":884227,"ha":10837.7},{"w":"2026-08-08","n":494675,"ha":6057.68},{"w":"2026-08-01","n":734608,"ha":8993.42},{"w":"2026-07-25","n":495154,"ha":6069.48}]}},{"type":"Feature","geometry":{"type":"Polygon","coordinates":[[[-83.15,15.0],[-83.49,15.02],[-83.63,14.88],[-83.98,14.75],[-84.23,14.75],[-84.45,14.62],[-84.65,14.67],[-84.82,14.82],[-84.92,14.79],[-85.05,14.55],[-85.15,14.56],[-85.17,14.35],[-85.51,14.08],[-85.7,13.96],[-85.8,13.84],[-86.1,14.04],[-86.31,13.77],[-86.52,13.78],[-86.76,13.75],[-86.73,13.26],[-86.88,13.25],[-87.01,13.03],[-87.32,12.98],[-87.49,13.3],[-87.79,13.38],[-87.72,13.79],[-87.86,13.89],[-88.07,13.96],[-88.5,13.85],[-88.54,13.98],[-88.84,14.14],[-89.06,14.34],[-89.35,14.42],[-89.15,14.68],[-89.23,14.87],[-89.15,15.07],[-88.68,15.35],[-88.23,15.73],[-88.12,15.69],[-87.9,15.86],[-87.62,15.88],[-87.52,15.8],[-87.37,15.85],[-86.9,15.76],[-86.44,15.78],[-86.12,15.89],[-86.0,16.01],[-85.68,15.95],[-85.44,15.89],[-85.18,15.91],[-84.98,16.0],[-84.53,15.86],[-84.37,15.84],[-84.06,15.65],[-83.77,15.42],[-83.41,15.27],[-83.15,15.0]]]},"properties":{"iso":"HND","name":"Honduras","area_km2":114198,"n":17359342,"ha":207584.5,"ha_per_1e4km2":18177.6,"weeks":[{"w":"2026-10-10","n":4005,"ha":47.61},{"w":"2026-10-03","n":14854,"ha":176.29},{"w":"2026-09-26","n":17342,"ha":205.99},{"w":"2026-09-19","n":47853,"ha":569.52},{"w":"2026-09-12","n":335118,"ha":4000.09},{"w":"2026-09-05","n":237557,"ha":2826.16},{"w":"2026-08-29","n":1950137,"ha":23315.67},{"w":"2026-08-22","n":2701334,"ha":32292.75},{"w":"2026-08-15","n":4599852,"ha":55043.98},{"w":"2026-08-08","n":1466068,"ha":17521.25},{"w":"2026-08-01","n":3563154,"ha":42630.46},{"w":"2026-07-25","n":2422068,"ha":28954.7}]}},{"type":"Feature","geometry":{"type":"Polygon","coordinates":[[[-71.71,19.71],[-71.62,19.17],[-71.7,18.79],[-71.95,18.62],[-71.69,18.32],[-71.71,18.04],[-72.37,18.21],[-72.84,18.15],[-73.45,18.22],[-73.92,18.03],[-74.46,18.34],[-74.37,18.66],[-73.45,18.53],[-72.69,18.45],[-72.33,18.67],[-72.79,19.1],[-72.78,19.48],[-73.42,19.64],[-73.19,19.92],[-72.58,19.87],[-71.71,19.71]]]},"properties":{"iso":"HTI","name":"Haiti","area_km2":28625,"n":3277179,"ha":38263.2,"ha_per_1e4km2":13367.06,"weeks":[{"w":"2026-10-10","n":366,"ha":4.28},{"w":"2026-10-03","n":282,"ha":3.29},{"w":"2026-09-26","n":4866,"ha":56.65},{"w":"2026-09-19","n":76574,"ha":893.92},{"w":"2026-09-12","n":165628,"ha":1934.92},{"w":"2026-09-05","n":132389,"ha":1546.41},{"w":"2026-08-29","n":201466,"ha":2353.61},{"w":"2026-08-22","n":449525,"ha":5249.1},{"w":"2026-08-15","n":614463,"ha":7172.22},{"w":"2026-08-08","n":472412,"ha":5514.18},{"w":"2026-08-01","n":686187,"ha":8016.77},{"w":"2026-07-25","n":473021,"ha":5517.81}]}},{"type":"Feature","geometry":{"type":"MultiPolygon","coordinates":[[[[141.0,-2.6],[141.02,-5.86],[141.03,-9.12],[140.14,-8.3],[139.13,-8.1],[138.88,-8.38],[137.61,-8.41],[138.04,-7.6],[138.67,-7.32],[138.41,-6.23],[137.93,-5.39],[135.99,-4.55],[135.16,-4.46],[133.66,-3.54],[133.37,-4.02],[132.98,-4.11],[132.76,-3.75],[132.75,-3.31],[131.99,-2.82],[133.07,-2.46],[133.78,-2.48],[133.7,-2.21],[132.23,-2.21],[131.84,-1.62],[130.94,-1.43],[130.52,-0.94],[131.87,-0.7],[132.38,-0.37],[133.99,-0.78],[134.14,-1.15],[134.42,-2.77],[135.46,-3.37],[136.29,-2.31],[137.44,-1.7],[138.33,-1.7],[139.18,-2.05],[139.93,-2.41],[141.0,-2.6]]],[[[124.97,-8.89],[125.07,-9.09],[125.09,-9.39],[124.44,-10.14],[123.58,-10.36],[123.46,-10.24],[123.55,-9.9],[123.98,-9.29],[124.97,-8.89]]],[[[134.21,-6.9],[134.11,-6.14],[134.29,-5.78],[134.5,-5.45],[134.73,-5.74],[134.72,-6.21],[134.21,-6.9]]],[[[117.88,4.14],[117.31,3.23],[118.05,2.29],[117.88,1.83],[119.0,0.9],[117.81,0.78],[117.48,0.1],[117.52,-0.8],[116.56,-1.49],[116.53,-2.48],[116.15,-4.01],[116.0,-3.66],[114.86,-4.11],[114.47,-3.5],[113.76,-3.44],[113.26,-3.12],[112.07,-3.48],[111.7,-2.99],[111.05,-3.05],[110.22,-2.93],[110.07,-1.59],[109.57,-1.31],[109.09,-0.46],[108.95,0.42],[109.07,1.34],[109.66,2.01],[109.83,1.34],[110.51,0.77],[111.16,0.98],[111.8,0.9],[112.38,1.41],[112.86,1.5],[113.81,1.22],[114.62,1.43],[115.13,2.82],[115.52,3.17],[115.87,4.31],[117.02,4.31],[117.88,4.14]]],[[[129.37,-2.8],[130.47,-3.09],[130.83,-3.86],[129.99,-3.45],[129.16,-3.36],[128.59,-3.43],[127.9,-3.39],[128.14,-2.84],[129.37,-2.8]]],[[[126.87,-3.79],[126.18,-3.61],[125.99,-3.18],[127.0,-3.13],[127.25,-3.46],[126.87,-3.79]]],[[[127.93,2.17],[128.0,1.63],[128.59,1.54],[128.69,1.13],[128.64,0.26],[128.12,0.36],[127.97,-0.25],[128.38,-0.78],[128.1,-0.9],[127.7,-0.27],[127.4,1.01],[127.6,1.81],[127.93,2.17]]],[[[122.93,0.88],[124.08,0.92],[125.07,1.64],[125.24,1.42],[124.44,0.43],[123.69,0.24],[122.72,0.43],[121.06,0.38],[120.18,0.24],[120.04,-0.52],[120.94,-1.41],[121.48,-0.96],[123.34,-0.62],[123.26,-1.08],[122.82,-0.93],[122.39,-1.52],[121.51,-1.9],[122.45,-3.19],[122.27,-3.53],[123.17,-4.68],[123.16,-5.34],[122.63,-5.63],[122.24,-5.28],[122.72,-4.46],[121.74,-4.85],[121.49,-4.57],[121.62,-4.19],[120.9,-3.6],[120.97,-2.63],[120.31,-2.93],[120.39,-4.1],[120.43,-5.53],[119.8,-5.67],[119.37,-5.38],[119.65,-4.46],[119.5,-3.49],[119.08,-3.49],[118.77,-2.8],[119.18,-2.15],[119.32,-1.35],[119.83,0.15],[120.04,0.57],[120.89,1.31],[121.67,1.01],[122.93,0.88]]],[[[120.3,-10.26],[118.97,-9.56],[119.9,-9.36],[120.43,-9.67],[120.78,-9.97],[120.72,-10.24],[120.3,-10.26]]],[[[121.34,-8.54],[122.01,-8.46],[122.9,-8.09],[122.76,-8.65],[121.25,-8.93],[119.92,-8.81],[119.92,-8.44],[120.72,-8.24],[121.34,-8.54]]],[[[118.26,-8.36],[118.88,-8.28],[119.13,-8.71],[117.97,-8.91],[117.28,-9.04],[116.74,-9.03],[117.08,-8.46],[117.63,-8.45],[117.9,-8.1],[118.26,-8.36]]],[[[108.49,-6.42],[108.62,-6.78],[110.54,-6.88],[110.76,-6.47],[112.61,-6.95],[112.98,-7.59],[114.48,-7.78],[115.71,-8.37],[114.56,-8.75],[113.46,-8.35],[112.56,-8.38],[111.52,-8.3],[110.59,-8.12],[109.43,-7.74],[108.69,-7.64],[108.28,-7.77],[106.45,-7.35],[106.28,-6.92],[105.37,-6.85],[106.05,-5.9],[107.27,-5.95],[108.07,-6.35],[108.49,-6.42]]],[[[104.37,-1.08],[104.54,-1.78],[104.89,-2.34],[105.62,-2.43],[106.11,-3.06],[105.86,-4.31],[105.82,-5.85],[104.71,-5.87],[103.87,-5.04],[102.58,-4.22],[102.16,-3.61],[101.4,-2.8],[100.9,-2.05],[100.14,-0.65],[99.26,0.18],[98.97,1.04],[98.6,1.82],[97.7,2.45],[97.18,3.31],[96.42,3.87],[95.38,4.97],[95.29,5.48],[95.94,5.44],[97.48,5.25],[98.37,4.27],[99.14,3.59],[99.69,3.17],[100.64,2.1],[101.66,2.08],[102.5,1.4],[103.08,0.56],[103.84,0.1],[103.44,-0.71],[104.01,-1.06],[104.37,-1.08]]]]},"properties":{"iso":"IDN","name":"Indonesia","area_km2":1827223,"n":189896609,"ha":2331860.2,"ha_per_1e4km2":12761.77,"weeks":[{"w":"2026-10-03","n":585803,"ha":7204.54},{"w":"2026-09-26","n":2994749,"ha":36755.1},{"w":"2026-09-19","n":9320963,"ha":114423.41},{"w":"2026-09-12","n":17978847,"ha":220715.7},{"w":"2026-09-05","n":23203312,"ha":285030.54},{"w":"2026-08-29","n":26212165,"ha":321924.41},{"w":"2026-08-22","n":28877625,"ha":354544.66},{"w":"2026-08-15","n":21684242,"ha":266310.26},{"w":"2026-08-08","n":26452128,"ha":324897.81},{"w":"2026-08-01","n":16739399,"ha":205492.27},{"w":"2026-07-25","n":15847376,"ha":194561.52}]}},{"type":"Feature","geometry":{"type":"Polygon","coordinates":[[[97.33,28.26],[97.4,27.88],[97.05,27.7],[97.13,27.08],[96.42,27.26],[95.12,26.57],[95.16,26.0],[94.6,25.16],[94.55,24.68],[94.11,23.85],[93.33,24.08],[93.29,23.04],[93.06,22.7],[93.17,22.28],[92.67,22.04],[92.15,23.63],[91.87,23.62],[91.71,22.99],[91.16,23.5],[91.47,24.07],[91.92,24.13],[92.38,24.98],[91.8,25.15],[90.87,25.13],[89.92,25.27],[89.83,25.97],[89.36,26.01],[88.56,26.45],[88.21,25.77],[88.93,25.24],[88.31,24.87],[88.08,24.5],[88.7,24.23],[88.53,23.63],[88.88,22.88],[89.03,22.06],[88.89,21.69],[88.21,21.7],[86.98,21.5],[87.03,20.74],[86.5,20.15],[85.06,19.48],[83.94,18.3],[83.19,17.67],[82.19,17.02],[82.19,16.56],[81.69,16.31],[80.79,15.95],[80.32,15.9],[80.03,15.14],[80.23,13.84],[80.29,13.01],[79.86,12.06],[79.86,10.36],[79.34,10.31],[78.89,9.55],[79.19,9.22],[78.28,8.93],[77.94,8.25],[77.54,7.97],[76.59,8.9],[76.13,10.3],[75.75,11.31],[75.4,11.78],[74.86,12.74],[74.62,13.99],[74.44,14.62],[73.53,15.99],[73.12,17.93],[72.82,19.21],[72.82,20.42],[72.63,21.36],[71.18,20.76],[70.47,20.88],[69.16,22.09],[69.64,22.45],[69.35,22.84],[68.18,23.69],[68.84,24.36],[71.04,24.36],[70.84,25.22],[70.28,25.72],[70.17,26.49],[69.51,26.94],[70.62,27.99],[71.78,27.91],[72.82,28.96],[73.45,29.98],[74.42,30.98],[74.41,31.69],[75.26,32.27],[74.45,32.76],[74.1,33.44],[73.75,34.32],[74.24,34.75],[75.76,34.5],[76.87,34.65],[77.84,35.49],[78.91,34.32],[78.81,33.51],[79.21,32.99],[79.18,32.48],[78.46,32.62],[78.74,31.52],[79.72,30.88],[81.11,30.18],[80.48,29.73],[80.09,28.79],[81.06,28.42],[82.0,27.93],[83.3,27.36],[84.68,27.23],[85.25,26.73],[86.02,26.63],[87.23,26.4],[88.06,26.41],[88.17,26.81],[88.04,27.45],[88.12,27.88],[88.73,28.09],[88.81,27.3],[88.84,27.1],[89.74,26.72],[90.37,26.88],[91.22,26.81],[92.03,26.84],[92.1,27.45],[91.7,27.77],[92.5,27.9],[93.41,28.64],[94.57,29.28],[95.4,29.03],[96.12,29.45],[96.59,28.83],[96.25,28.41],[97.33,28.26]]]},"properties":{"iso":"IND","name":"India","area_km2":3150309,"n":166592982,"ha":1916233.2,"ha_per_1e4km2":6082.68,"weeks":[{"w":"2026-10-03","n":56539,"ha":643.37},{"w":"2026-09-26","n":6937155,"ha":77910.01},{"w":"2026-09-19","n":14644470,"ha":168656.12},{"w":"2026-09-12","n":29971345,"ha":345388.67},{"w":"2026-09-05","n":30143343,"ha":353238.81},{"w":"2026-08-29","n":27691771,"ha":309034.2},{"w":"2026-08-22","n":26083887,"ha":300788.9},{"w":"2026-08-15","n":14127104,"ha":163299.67},{"w":"2026-08-08","n":4439208,"ha":50810.66},{"w":"2026-08-01","n":7331690,"ha":85270.67},{"w":"2026-07-25","n":5166470,"ha":61192.1}]}},{"type":"Feature","geometry":{"type":"Polygon","coordinates":[[[48.57,29.93],[48.01,30.45],[48.0,30.99],[47.69,30.98],[47.85,31.71],[47.33,32.47],[46.11,33.02],[45.42,33.97],[45.65,34.75],[46.15,35.09],[46.08,35.68],[45.42,35.98],[44.77,37.17],[44.77,37.17],[44.23,37.97],[44.42,38.28],[44.11,39.43],[44.79,39.71],[44.95,39.34],[45.46,38.87],[46.14,38.74],[46.51,38.77],[47.69,39.51],[48.06,39.58],[48.36,39.29],[48.01,38.79],[48.63,38.27],[48.88,38.32],[49.2,37.58],[50.15,37.37],[50.84,36.87],[52.26,36.7],[53.83,36.97],[53.92,37.2],[54.8,37.39],[55.51,37.96],[56.18,37.94],[56.62,38.12],[57.33,38.03],[58.44,37.52],[59.23,37.41],[60.38,36.53],[61.12,36.49],[61.21,35.65],[60.8,34.4],[60.53,33.68],[60.96,33.53],[60.54,32.98],[60.86,32.18],[60.94,31.55],[61.7,31.38],[61.78,30.74],[60.87,29.83],[61.37,29.3],[61.77,28.7],[62.73,28.26],[62.76,27.38],[63.23,27.22],[63.32,26.76],[61.87,26.24],[61.5,25.08],[59.62,25.38],[58.53,25.61],[57.4,25.74],[56.97,26.97],[56.49,27.14],[55.72,26.96],[54.72,26.48],[53.49,26.81],[52.48,27.58],[51.52,27.87],[50.85,28.81],[50.12,30.15],[49.58,29.99],[48.94,30.32],[48.57,29.93]]]},"properties":{"iso":"IRN","name":"Iran","area_km2":1618717,"n":541328,"ha":5814.3,"ha_per_1e4km2":35.92,"weeks":[{"w":"2026-10-03","n":463,"ha":4.97},{"w":"2026-09-26","n":13893,"ha":149.69},{"w":"2026-09-19","n":37263,"ha":403.33},{"w":"2026-09-12","n":52338,"ha":564.62},{"w":"2026-09-05","n":65425,"ha":704.19},{"w":"2026-08-29","n":100281,"ha":1075.91},{"w":"2026-08-22","n":97178,"ha":1041.58},{"w":"2026-08-15","n":66879,"ha":716.65},{"w":"2026-08-08","n":45795,"ha":490.55},{"w":"2026-08-01","n":40520,"ha":434.53},{"w":"2026-07-25","n":21293,"ha":228.25}]}},{"type":"Feature","geometry":{"type":"Polygon","coordinates":[[[39.2,32.16],[38.79,33.38],[41.01,34.42],[41.38,35.63],[41.29,36.36],[41.84,36.61],[42.35,37.23],[42.78,37.39],[43.94,37.26],[44.29,37.0],[44.77,37.17],[45.42,35.98],[46.08,35.68],[46.15,35.09],[45.65,34.75],[45.42,33.97],[46.11,33.02],[47.33,32.47],[47.85,31.71],[47.69,30.98],[48.0,30.99],[48.01,30.45],[48.57,29.93],[47.97,29.98],[47.3,30.06],[46.57,29.1],[44.71,29.18],[41.89,31.19],[40.4,31.89],[39.2,32.16]]]},"properties":{"iso":"IRQ","name":"Iraq","area_km2":437515,"n":3616,"ha":38.2,"ha_per_1e4km2":0.87,"weeks":[{"w":"2026-09-26","n":316,"ha":3.34},{"w":"2026-09-19","n":1415,"ha":14.95},{"w":"2026-09-12","n":702,"ha":7.42},{"w":"2026-09-05","n":633,"ha":6.68},{"w":"2026-08-29","n":196,"ha":2.06},{"w":"2026-08-22","n":70,"ha":0.74},{"w":"2026-08-15","n":134,"ha":1.41},{"w":"2026-08-08","n":9,"ha":0.09},{"w":"2026-08-01","n":70,"ha":0.74},{"w":"2026-07-25","n":71,"ha":0.74}]}},{"type":"Feature","geometry":{"type":"Polygon","coordinates":[[[35.72,32.71],[35.55,32.39],[35.18,32.53],[34.97,31.87],[35.23,31.75],[34.97,31.62],[34.93,31.35],[35.4,31.49],[35.42,31.1],[34.92,29.5],[34.82,29.76],[34.27,31.22],[34.27,31.22],[34.27,31.22],[34.56,31.55],[34.49,31.61],[34.75,32.07],[34.96,32.83],[35.1,33.08],[35.13,33.09],[35.46,33.09],[35.55,33.26],[35.82,33.28],[35.84,32.87],[35.7,32.72],[35.72,32.71]]]},"properties":{"iso":"ISR","name":"Israel","area_km2":23076,"n":9457,"ha":99.5,"ha_per_1e4km2":43.12,"weeks":[{"w":"2026-09-19","n":370,"ha":3.89},{"w":"2026-09-12","n":218,"ha":2.3},{"w":"2026-09-05","n":1361,"ha":14.36},{"w":"2026-08-29","n":1102,"ha":11.61},{"w":"2026-08-22","n":879,"ha":9.26},{"w":"2026-08-15","n":474,"ha":4.99},{"w":"2026-08-08","n":1143,"ha":12.02},{"w":"2026-08-01","n":1911,"ha":20.08},{"w":"2026-07-25","n":1999,"ha":21.03}]}},{"type":"Feature","geometry":{"type":"Polygon","coordinates":[[[-77.57,18.49],[-76.9,18.4],[-76.37,18.16],[-76.2,17.89],[-76.9,17.87],[-77.21,17.7],[-77.77,17.86],[-78.34,18.23],[-78.22,18.45],[-77.8,18.52],[-77.57,18.49]]]},"properties":{"iso":"JAM","name":"Jamaica","area_km2":12502,"n":919265,"ha":10765.0,"ha_per_1e4km2":8610.62,"weeks":[{"w":"2026-10-10","n":9521,"ha":111.4},{"w":"2026-10-03","n":1546,"ha":18.1},{"w":"2026-09-26","n":11281,"ha":132.03},{"w":"2026-09-19","n":8386,"ha":98.21},{"w":"2026-09-12","n":27686,"ha":324.03},{"w":"2026-09-05","n":74803,"ha":875.85},{"w":"2026-08-29","n":149150,"ha":1746.4},{"w":"2026-08-22","n":224448,"ha":2628.77},{"w":"2026-08-15","n":68613,"ha":803.45},{"w":"2026-08-08","n":110461,"ha":1293.73},{"w":"2026-08-01","n":86008,"ha":1007.36},{"w":"2026-07-25","n":147362,"ha":1725.72}]}},{"type":"Feature","geometry":{"type":"Polygon","coordinates":[[[35.55,32.39],[35.72,32.71],[36.83,32.31],[38.79,33.38],[39.2,32.16],[39.0,32.01],[37.0,31.51],[38.0,30.51],[37.67,30.34],[37.5,30.0],[36.74,29.87],[36.5,29.51],[36.07,29.2],[34.96,29.36],[34.92,29.5],[35.42,31.1],[35.4,31.49],[35.55,31.78],[35.55,32.39]]]},"properties":{"iso":"JOR","name":"Jordan","area_km2":89151,"n":1523,"ha":16.4,"ha_per_1e4km2":1.84,"weeks":[{"w":"2026-09-26","n":61,"ha":0.66},{"w":"2026-09-19","n":507,"ha":5.46},{"w":"2026-09-12","n":488,"ha":5.25},{"w":"2026-09-05","n":186,"ha":2.0},{"w":"2026-08-29","n":58,"ha":0.62},{"w":"2026-08-22","n":6,"ha":0.06},{"w":"2026-08-15","n":9,"ha":0.1},{"w":"2026-08-08","n":114,"ha":1.22},{"w":"2026-08-01","n":25,"ha":0.27},{"w":"2026-07-25","n":69,"ha":0.74}]}},{"type":"Feature","geometry":{"type":"MultiPolygon","coordinates":[[[[141.88,39.18],[140.96,38.17],[140.98,37.14],[140.6,36.34],[140.77,35.84],[140.25,35.14],[138.98,34.67],[137.22,34.61],[135.79,33.46],[135.12,33.85],[135.08,34.6],[133.34,34.38],[132.16,33.9],[130.99,33.89],[132.0,33.15],[131.33,31.45],[130.69,31.03],[130.2,31.42],[130.45,32.32],[129.81,32.61],[129.41,33.3],[130.35,33.6],[130.88,34.23],[131.88,34.75],[132.62,35.43],[134.61,35.73],[135.68,35.53],[136.72,37.3],[137.39,36.83],[138.86,37.83],[139.43,38.22],[140.05,39.44],[139.88,40.56],[140.31,41.2],[141.37,41.38],[141.91,39.99],[141.88,39.18]]],[[[144.61,43.96],[145.32,44.38],[145.54,43.26],[144.06,42.99],[143.18,42.0],[141.61,42.68],[141.07,41.58],[139.96,41.57],[139.82,42.56],[140.31,43.33],[141.38,43.39],[141.67,44.77],[141.97,45.55],[143.14,44.51],[143.91,44.17],[144.61,43.96]]],[[[132.37,33.46],[132.92,34.06],[133.49,33.94],[133.9,34.36],[134.64,34.15],[134.77,33.81],[134.2,33.2],[133.79,33.52],[133.28,33.29],[133.01,32.7],[132.36,32.99],[132.37,33.46]]]]},"properties":{"iso":"JPN","name":"Japan","area_km2":404362,"n":199031,"ha":2196.2,"ha_per_1e4km2":54.31,"weeks":[{"w":"2026-09-26","n":2285,"ha":25.53},{"w":"2026-09-19","n":9323,"ha":103.82},{"w":"2026-09-12","n":12351,"ha":137.21},{"w":"2026-09-05","n":13159,"ha":145.17},{"w":"2026-08-29","n":5607,"ha":61.65},{"w":"2026-08-22","n":20480,"ha":224.51},{"w":"2026-08-15","n":23173,"ha":252.77},{"w":"2026-08-08","n":14213,"ha":158.31},{"w":"2026-08-01","n":37701,"ha":415.87},{"w":"2026-07-25","n":60739,"ha":671.39}]}},{"type":"Feature","geometry":{"type":"Polygon","coordinates":[[[39.2,-4.68],[37.77,-3.68],[37.7,-3.1],[34.07,-1.06],[33.9,-0.95],[33.89,0.11],[34.18,0.52],[34.67,1.18],[35.04,1.91],[34.6,3.05],[34.48,3.56],[34.01,4.25],[34.62,4.85],[35.3,5.51],[35.82,5.34],[35.82,4.78],[36.16,4.45],[36.86,4.45],[38.12,3.6],[38.44,3.59],[38.67,3.62],[38.89,3.5],[39.56,3.42],[39.85,3.84],[40.77,4.26],[41.17,3.92],[41.86,3.92],[40.98,2.78],[40.99,-0.86],[41.59,-1.68],[40.88,-2.08],[40.64,-2.5],[40.26,-2.57],[40.12,-3.28],[39.8,-3.68],[39.6,-4.35],[39.2,-4.68]]]},"properties":{"iso":"KEN","name":"Kenya","area_km2":593399,"n":48555347,"ha":597205.0,"ha_per_1e4km2":10064.14,"weeks":[{"w":"2026-10-10","n":414,"ha":5.09},{"w":"2026-10-03","n":22140,"ha":272.46},{"w":"2026-09-26","n":2658039,"ha":32700.36},{"w":"2026-09-19","n":4175619,"ha":51343.16},{"w":"2026-09-12","n":4678481,"ha":57565.89},{"w":"2026-09-05","n":4571604,"ha":56250.5},{"w":"2026-08-29","n":7327283,"ha":90131.14},{"w":"2026-08-22","n":4141024,"ha":50929.54},{"w":"2026-08-15","n":5692022,"ha":70020.45},{"w":"2026-08-08","n":6802051,"ha":83630.27},{"w":"2026-08-01","n":3770294,"ha":46333.13},{"w":"2026-07-25","n":4716376,"ha":58023.04}]}},{"type":"Feature","geometry":{"type":"Polygon","coordinates":[[[102.58,12.19],[102.35,13.39],[102.99,14.23],[104.28,14.42],[105.22,14.27],[106.04,13.88],[106.5,14.57],[107.38,14.2],[107.61,13.54],[107.49,12.34],[105.81,11.57],[106.25,10.96],[105.2,10.89],[104.33,10.49],[103.5,10.63],[103.09,11.15],[102.58,12.19]]]},"properties":{"iso":"KHM","name":"Cambodia","area_km2":182952,"n":4655961,"ha":56094.9,"ha_per_1e4km2":3066.1,"weeks":[{"w":"2026-10-03","n":1503,"ha":18.02},{"w":"2026-09-26","n":6260,"ha":75.24},{"w":"2026-09-19","n":14241,"ha":171.02},{"w":"2026-09-12","n":33354,"ha":399.94},{"w":"2026-09-05","n":371708,"ha":4485.33},{"w":"2026-08-29","n":584180,"ha":7023.27},{"w":"2026-08-22","n":767183,"ha":9240.29},{"w":"2026-08-15","n":487756,"ha":5876.26},{"w":"2026-08-08","n":256137,"ha":3087.69},{"w":"2026-08-01","n":229972,"ha":2772.15},{"w":"2026-07-25","n":1903667,"ha":22945.73}]}},{"type":"Feature","geometry":{"type":"Polygon","coordinates":[[[47.97,29.98],[48.18,29.53],[48.09,29.31],[48.42,28.55],[47.71,28.53],[47.46,29.0],[46.57,29.1],[47.3,30.06],[47.97,29.98]]]},"properties":{"iso":"KWT","name":"Kuwait","area_km2":16653,"n":1389,"ha":15.0,"ha_per_1e4km2":9.01,"weeks":[{"w":"2026-09-26","n":6,"ha":0.06},{"w":"2026-09-19","n":83,"ha":0.89},{"w":"2026-09-12","n":49,"ha":0.53},{"w":"2026-09-05","n":35,"ha":0.38},{"w":"2026-08-29","n":172,"ha":1.85},{"w":"2026-08-22","n":221,"ha":2.38},{"w":"2026-08-15","n":40,"ha":0.43},{"w":"2026-08-08","n":320,"ha":3.47},{"w":"2026-08-01","n":231,"ha":2.5},{"w":"2026-07-25","n":232,"ha":2.5}]}},{"type":"Feature","geometry":{"type":"Polygon","coordinates":[[[107.38,14.2],[106.5,14.57],[106.04,13.88],[105.22,14.27],[105.54,14.72],[105.59,15.57],[104.78,16.44],[104.72,17.43],[103.96,18.24],[103.2,18.31],[103.0,17.96],[102.41,17.93],[102.11,18.11],[101.06,17.51],[101.04,18.41],[101.28,19.46],[100.61,19.51],[100.55,20.11],[100.12,20.42],[100.33,20.79],[101.18,21.44],[101.27,21.2],[101.8,21.17],[101.65,22.32],[102.17,22.46],[102.75,21.68],[103.2,20.77],[104.44,20.76],[104.82,19.89],[104.18,19.62],[103.9,19.27],[105.09,18.67],[105.93,17.49],[106.56,16.6],[107.31,15.91],[107.56,15.2],[107.38,14.2]]]},"properties":{"iso":"LAO","name":"Laos","area_km2":229753,"n":1106029,"ha":12849.9,"ha_per_1e4km2":559.29,"weeks":[{"w":"2026-10-03","n":2547,"ha":29.75},{"w":"2026-09-26","n":122523,"ha":1416.48},{"w":"2026-09-19","n":41906,"ha":484.8},{"w":"2026-09-12","n":367980,"ha":4280.91},{"w":"2026-09-05","n":309302,"ha":3589.74},{"w":"2026-08-29","n":19161,"ha":222.78},{"w":"2026-08-22","n":34571,"ha":400.86},{"w":"2026-08-15","n":136645,"ha":1593.06},{"w":"2026-08-08","n":8882,"ha":103.45},{"w":"2026-08-01","n":27366,"ha":318.87},{"w":"2026-07-25","n":35146,"ha":409.16}]}},{"type":"Feature","geometry":{"type":"Polygon","coordinates":[[[-8.44,7.69],[-8.49,7.4],[-8.39,6.91],[-8.6,6.47],[-8.31,6.19],[-7.99,6.13],[-7.57,5.71],[-7.54,5.31],[-7.64,5.19],[-7.71,4.36],[-7.97,4.36],[-9.0,4.83],[-9.91,5.59],[-10.77,6.14],[-11.44,6.79],[-11.2,7.11],[-11.15,7.4],[-10.7,7.94],[-10.23,8.41],[-10.02,8.43],[-9.76,8.54],[-9.34,7.93],[-9.4,7.53],[-9.21,7.31],[-8.93,7.31],[-8.72,7.71],[-8.44,7.69]]]},"properties":{"iso":"LBR","name":"Liberia","area_km2":98637,"n":454724,"ha":5567.3,"ha_per_1e4km2":564.42,"weeks":[{"w":"2026-10-10","n":32021,"ha":392.05},{"w":"2026-10-03","n":11473,"ha":140.41},{"w":"2026-09-26","n":16322,"ha":199.73},{"w":"2026-09-19","n":9578,"ha":117.34},{"w":"2026-09-12","n":28567,"ha":349.6},{"w":"2026-09-05","n":15661,"ha":191.83},{"w":"2026-08-29","n":57867,"ha":708.62},{"w":"2026-08-22","n":40681,"ha":497.98},{"w":"2026-08-15","n":17561,"ha":215.09},{"w":"2026-08-08","n":82412,"ha":1009.0},{"w":"2026-08-01","n":24891,"ha":304.83},{"w":"2026-07-25","n":117690,"ha":1440.81}]}},{"type":"Feature","geometry":{"type":"Polygon","coordinates":[[[25,22],[25,20.0],[23.85,20],[23.84,19.58],[19.85,21.5],[15.86,23.41],[14.85,22.86],[14.14,22.49],[13.58,23.04],[12.0,23.47],[11.56,24.1],[10.77,24.56],[10.3,24.38],[9.95,24.94],[9.91,25.37],[9.32,26.09],[9.72,26.51],[9.63,27.14],[9.76,27.69],[9.68,28.14],[9.86,28.96],[9.81,29.42],[9.48,30.31],[9.97,30.54],[10.06,30.96],[9.95,31.38],[10.64,31.76],[10.94,32.08],[11.43,32.37],[11.49,33.14],[12.66,32.79],[13.08,32.88],[13.92,32.71],[15.25,32.27],[15.71,31.38],[16.61,31.18],[18.02,30.76],[19.09,30.27],[19.57,30.53],[20.05,30.99],[19.82,31.75],[20.13,32.24],[20.85,32.71],[21.54,32.84],[22.9,32.64],[23.24,32.19],[23.61,32.19],[23.93,32.02],[24.92,31.9],[25.16,31.57],[24.8,31.09],[24.96,30.66],[24.7,30.04],[25,29.24],[25,25.68],[25,22]]]},"properties":{"iso":"LBY","name":"Libya","area_km2":1637754,"n":46640,"ha":512.9,"ha_per_1e4km2":3.13,"weeks":[{"w":"2026-09-26","n":1080,"ha":11.89},{"w":"2026-09-19","n":3803,"ha":41.85},{"w":"2026-09-12","n":3017,"ha":33.13},{"w":"2026-09-05","n":3960,"ha":43.66},{"w":"2026-08-29","n":4913,"ha":54.1},{"w":"2026-08-22","n":3899,"ha":42.89},{"w":"2026-08-15","n":2614,"ha":28.7},{"w":"2026-08-08","n":7022,"ha":77.14},{"w":"2026-08-01","n":8040,"ha":88.51},{"w":"2026-07-25","n":8292,"ha":91.07}]}},{"type":"Feature","geometry":{"type":"Polygon","coordinates":[[[81.79,7.52],[81.64,6.48],[81.22,6.2],[80.35,5.97],[79.87,6.76],[79.7,8.2],[80.15,9.82],[80.84,9.27],[81.3,8.56],[81.79,7.52]]]},"properties":{"iso":"LKA","name":"Sri Lanka","area_km2":65636,"n":4484569,"ha":54680.0,"ha_per_1e4km2":8330.79,"weeks":[{"w":"2026-10-03","n":27,"ha":0.33},{"w":"2026-09-26","n":7854,"ha":95.73},{"w":"2026-09-19","n":68067,"ha":830.41},{"w":"2026-09-12","n":371662,"ha":4529.91},{"w":"2026-09-05","n":787817,"ha":9605.76},{"w":"2026-08-29","n":531676,"ha":6477.18},{"w":"2026-08-22","n":1037914,"ha":12652.3},{"w":"2026-08-15","n":697802,"ha":8513.81},{"w":"2026-08-08","n":96097,"ha":1171.4},{"w":"2026-08-01","n":233776,"ha":2849.77},{"w":"2026-07-25","n":651877,"ha":7953.44}]}},{"type":"Feature","geometry":{"type":"Polygon","coordinates":[[[28.98,-28.96],[29.33,-29.26],[29.02,-29.74],[28.85,-30.07],[28.29,-30.23],[28.11,-30.55],[27.75,-30.65],[27.0,-29.88],[27.53,-29.24],[28.07,-28.85],[28.54,-28.65],[28.98,-28.96]]]},"properties":{"iso":"LSO","name":"Lesotho","area_km2":27533,"n":12395,"ha":133.2,"ha_per_1e4km2":48.38,"weeks":[{"w":"2026-09-26","n":23,"ha":0.25},{"w":"2026-09-19","n":9,"ha":0.1},{"w":"2026-09-12","n":817,"ha":8.78},{"w":"2026-09-05","n":164,"ha":1.76},{"w":"2026-08-29","n":4536,"ha":48.61},{"w":"2026-08-22","n":980,"ha":10.53},{"w":"2026-08-15","n":659,"ha":7.08},{"w":"2026-08-08","n":974,"ha":10.49},{"w":"2026-08-01","n":148,"ha":1.6},{"w":"2026-07-25","n":4085,"ha":43.95}]}},{"type":"Feature","geometry":{"type":"Polygon","coordinates":[[[-2.17,35.17],[-1.79,34.53],[-1.73,33.92],[-1.39,32.86],[-1.12,32.65],[-1.31,32.26],[-2.62,32.09],[-3.07,31.72],[-3.65,31.64],[-3.69,30.9],[-4.86,30.5],[-5.24,30.0],[-6.06,29.73],[-7.06,29.58],[-8.67,28.84],[-8.67,27.66],[-8.82,27.66],[-8.79,27.12],[-9.41,27.09],[-9.74,26.86],[-10.19,26.86],[-10.55,26.99],[-11.39,26.88],[-11.72,26.1],[-12.03,26.03],[-12.5,24.77],[-13.89,23.69],[-14.22,22.31],[-14.63,21.86],[-14.75,21.5],[-17.0,21.42],[-17.02,21.42],[-16.97,21.89],[-16.59,22.16],[-16.26,22.68],[-16.33,23.02],[-15.98,23.72],[-15.43,24.36],[-15.09,24.52],[-14.82,25.1],[-14.8,25.64],[-14.44,26.25],[-13.77,26.62],[-13.14,27.64],[-13.12,27.65],[-12.62,28.04],[-11.69,28.15],[-10.9,28.83],[-10.4,29.1],[-9.56,29.93],[-9.81,31.18],[-9.43,32.04],[-9.3,32.56],[-8.66,33.24],[-7.65,33.7],[-6.91,34.11],[-6.24,35.15],[-5.93,35.76],[-5.19,35.76],[-4.59,35.33],[-3.64,35.4],[-2.6,35.18],[-2.17,35.17]]]},"properties":{"iso":"MAR","name":"Morocco","area_km2":592487,"n":40721,"ha":433.2,"ha_per_1e4km2":7.31,"weeks":[{"w":"2026-10-03","n":21,"ha":0.22},{"w":"2026-09-26","n":1223,"ha":13.03},{"w":"2026-09-19","n":5509,"ha":58.61},{"w":"2026-09-12","n":8148,"ha":86.89},{"w":"2026-09-05","n":513,"ha":5.45},{"w":"2026-08-29","n":3235,"ha":34.42},{"w":"2026-08-22","n":7771,"ha":82.62},{"w":"2026-08-15","n":2250,"ha":23.9},{"w":"2026-08-08","n":5867,"ha":62.38},{"w":"2026-08-01","n":4793,"ha":50.87},{"w":"2026-07-25","n":1391,"ha":14.78}]}},{"type":"Feature","geometry":{"type":"Polygon","coordinates":[[[49.54,-12.47],[49.81,-12.9],[50.06,-13.56],[50.22,-14.76],[50.48,-15.23],[50.38,-15.71],[50.2,-16.0],[49.86,-15.41],[49.67,-15.71],[49.86,-16.45],[49.77,-16.88],[49.5,-17.11],[49.44,-17.95],[49.04,-19.12],[48.55,-20.5],[47.93,-22.39],[47.55,-23.78],[47.1,-24.94],[46.28,-25.18],[45.41,-25.6],[44.83,-25.35],[44.04,-24.99],[43.76,-24.46],[43.7,-23.57],[43.35,-22.78],[43.25,-22.06],[43.43,-21.34],[43.89,-21.16],[43.9,-20.83],[44.37,-20.07],[44.46,-19.44],[44.23,-18.96],[44.04,-18.33],[43.96,-17.41],[44.31,-16.85],[44.45,-16.22],[44.94,-16.18],[45.5,-15.97],[45.87,-15.79],[46.31,-15.78],[46.88,-15.21],[47.71,-14.59],[48.01,-14.09],[47.87,-13.66],[48.29,-13.78],[48.85,-13.09],[48.86,-12.49],[49.19,-12.04],[49.54,-12.47]]]},"properties":{"iso":"MDG","name":"Madagascar","area_km2":591045,"n":24455299,"ha":285072.6,"ha_per_1e4km2":4823.2,"weeks":[{"w":"2026-10-10","n":11652,"ha":138.39},{"w":"2026-10-03","n":27853,"ha":329.44},{"w":"2026-09-26","n":600018,"ha":7066.73},{"w":"2026-09-19","n":2629196,"ha":30843.4},{"w":"2026-09-12","n":1784340,"ha":20908.69},{"w":"2026-09-05","n":2497139,"ha":29103.78},{"w":"2026-08-29","n":2365828,"ha":27575.26},{"w":"2026-08-22","n":2058930,"ha":23971.0},{"w":"2026-08-15","n":2994105,"ha":34792.37},{"w":"2026-08-08","n":2701829,"ha":31441.66},{"w":"2026-08-01","n":3052782,"ha":35421.79},{"w":"2026-07-25","n":3731627,"ha":43480.07}]}},{"type":"Feature","geometry":{"type":"Polygon","coordinates":[[[-117.13,32.54],[-115.99,32.61],[-114.72,32.72],[-114.81,32.53],[-113.3,32.04],[-111.02,31.33],[-109.03,31.34],[-108.24,31.34],[-108.24,31.75],[-106.51,31.75],[-106.14,31.4],[-105.63,31.08],[-105.04,30.64],[-104.71,30.12],[-104.46,29.57],[-103.94,29.27],[-103.11,28.97],[-102.48,29.76],[-101.66,29.78],[-100.96,29.38],[-100.46,28.7],[-100.11,28.11],[-99.52,27.54],[-99.3,26.84],[-99.02,26.37],[-98.24,26.06],[-97.53,25.84],[-97.14,25.87],[-97.53,24.99],[-97.7,24.27],[-97.78,22.93],[-97.87,22.44],[-97.7,21.9],[-97.39,21.41],[-97.19,20.64],[-96.53,19.89],[-96.29,19.32],[-95.9,18.83],[-94.84,18.56],[-94.43,18.14],[-93.55,18.42],[-92.79,18.52],[-92.04,18.7],[-91.41,18.88],[-90.77,19.28],[-90.53,19.87],[-90.45,20.71],[-90.28,21.0],[-89.6,21.26],[-88.54,21.49],[-87.66,21.46],[-87.05,21.54],[-86.81,21.33],[-86.85,20.85],[-87.38,20.26],[-87.62,19.65],[-87.44,19.47],[-87.59,19.04],[-87.84,18.26],[-88.09,18.52],[-88.3,18.5],[-88.49,18.49],[-88.85,17.88],[-89.03,18.0],[-89.15,17.96],[-89.14,17.81],[-90.07,17.82],[-91.0,17.82],[-91.0,17.25],[-91.45,17.25],[-91.08,16.92],[-90.71,16.69],[-90.6,16.47],[-90.44,16.41],[-90.46,16.07],[-91.75,16.07],[-92.23,15.25],[-92.09,15.06],[-92.2,14.83],[-92.23,14.54],[-93.36,15.62],[-93.88,15.94],[-94.69,16.2],[-95.25,16.13],[-96.05,15.75],[-96.56,15.65],[-97.26,15.92],[-98.01,16.11],[-98.95,16.57],[-99.7,16.71],[-100.83,17.17],[-101.67,17.65],[-101.92,17.92],[-102.48,17.98],[-103.5,18.29],[-103.92,18.75],[-104.99,19.32],[-105.49,19.95],[-105.73,20.43],[-105.4,20.53],[-105.5,20.82],[-105.27,21.08],[-105.27,21.42],[-105.6,21.87],[-105.69,22.27],[-106.03,22.77],[-106.91,23.77],[-107.92,24.55],[-108.4,25.17],[-109.26,25.58],[-109.44,25.82],[-109.29,26.44],[-109.8,26.68],[-110.39,27.16],[-110.64,27.86],[-111.18,27.94],[-111.76,28.47],[-112.23,28.95],[-112.27,29.27],[-112.81,30.02],[-113.16,30.79],[-113.15,31.17],[-113.87,31.57],[-114.21,31.52],[-114.78,31.8],[-114.94,31.39],[-114.77,30.91],[-114.67,30.16],[-114.33,29.75],[-113.59,29.06],[-113.42,28.83],[-113.27,28.75],[-113.14,28.41],[-112.96,28.43],[-112.76,27.78],[-112.46,27.53],[-112.24,27.17],[-111.62,26.66],[-111.28,25.73],[-110.99,25.29],[-110.71,24.83],[-110.66,24.3],[-110.17,24.27],[-109.77,23.81],[-109.41,23.36],[-109.43,23.19],[-109.85,22.82],[-110.03,22.82],[-110.3,23.43],[-110.95,24.0],[-111.67,24.48],[-112.18,24.74],[-112.15,25.47],[-112.3,26.01],[-112.78,26.32],[-113.46,26.77],[-113.6,26.64],[-113.85,26.9],[-114.47,27.14],[-115.06,27.72],[-114.98,27.8],[-114.57,27.74],[-114.2,28.12],[-114.16,28.57],[-114.93,29.28],[-115.52,29.56],[-115.89,30.18],[-116.26,30.84],[-116.72,31.64],[-117.13,32.54]]]},"properties":{"iso":"MEX","name":"Mexico","area_km2":1973788,"n":104218455,"ha":1208141.4,"ha_per_1e4km2":6120.93,"weeks":[{"w":"2026-10-10","n":18585,"ha":207.26},{"w":"2026-10-03","n":61895,"ha":711.97},{"w":"2026-09-26","n":559551,"ha":6369.41},{"w":"2026-09-19","n":2244259,"ha":25907.86},{"w":"2026-09-12","n":5336048,"ha":61569.15},{"w":"2026-09-05","n":9656773,"ha":111882.15},{"w":"2026-08-29","n":13983393,"ha":161910.73},{"w":"2026-08-22","n":12976380,"ha":150001.39},{"w":"2026-08-15","n":19799556,"ha":230574.22},{"w":"2026-08-08","n":12217287,"ha":141822.12},{"w":"2026-08-01","n":12396982,"ha":143207.59},{"w":"2026-07-25","n":14967746,"ha":173977.56}]}},{"type":"Feature","geometry":{"type":"Polygon","coordinates":[[[-11.51,12.44],[-11.47,12.75],[-11.55,13.14],[-11.93,13.42],[-12.12,13.99],[-12.17,14.62],[-11.83,14.8],[-11.67,15.39],[-11.35,15.41],[-10.65,15.13],[-10.09,15.33],[-9.7,15.26],[-9.55,15.49],[-5.54,15.5],[-5.32,16.2],[-5.49,16.33],[-5.97,20.64],[-6.45,24.96],[-4.92,24.97],[-1.55,22.79],[1.82,20.61],[2.06,20.14],[2.68,19.86],[3.15,19.69],[3.16,19.06],[4.27,19.16],[4.27,16.85],[3.72,16.18],[3.64,15.57],[2.75,15.41],[1.39,15.32],[1.02,14.97],[0.37,14.93],[-0.27,14.92],[-0.52,15.12],[-1.07,14.97],[-2.0,14.56],[-2.19,14.25],[-2.97,13.8],[-3.1,13.54],[-3.52,13.34],[-4.01,13.47],[-4.28,13.23],[-4.43,12.54],[-5.22,11.71],[-5.2,11.38],[-5.47,10.95],[-5.4,10.37],[-5.82,10.22],[-6.05,10.1],[-6.21,10.52],[-6.49,10.41],[-6.67,10.43],[-6.85,10.14],[-7.62,10.15],[-7.9,10.3],[-8.03,10.21],[-8.34,10.49],[-8.28,10.79],[-8.41,10.91],[-8.62,10.81],[-8.58,11.14],[-8.38,11.39],[-8.79,11.81],[-8.91,12.09],[-9.13,12.31],[-9.33,12.33],[-9.57,12.19],[-9.89,12.06],[-10.17,11.84],[-10.59,11.92],[-10.87,12.18],[-11.04,12.21],[-11.3,12.08],[-11.46,12.08],[-11.51,12.44]]]},"properties":{"iso":"MLI","name":"Mali","area_km2":1238542,"n":246304577,"ha":2938925.2,"ha_per_1e4km2":23728.91,"weeks":[{"w":"2026-10-03","n":78482,"ha":936.85},{"w":"2026-09-26","n":734585,"ha":8742.94},{"w":"2026-09-19","n":7960468,"ha":94941.14},{"w":"2026-09-12","n":17196801,"ha":205159.67},{"w":"2026-09-05","n":41758381,"ha":498142.72},{"w":"2026-08-29","n":76156427,"ha":908091.18},{"w":"2026-08-22","n":33943980,"ha":405049.16},{"w":"2026-08-15","n":35810951,"ha":427394.62},{"w":"2026-08-08","n":12048176,"ha":143699.88},{"w":"2026-08-01","n":13826394,"ha":165431.23},{"w":"2026-07-25","n":6789932,"ha":81335.84}]}},{"type":"Feature","geometry":{"type":"Polygon","coordinates":[[[100.12,20.42],[99.54,20.19],[98.96,19.75],[98.25,19.71],[97.8,18.63],[97.38,18.45],[97.86,17.57],[98.49,16.84],[98.9,16.18],[98.54,15.31],[98.19,15.12],[98.43,14.62],[99.1,13.83],[99.21,13.27],[99.2,12.8],[99.59,11.89],[99.04,10.96],[98.55,9.93],[98.46,10.68],[98.76,11.44],[98.43,12.03],[98.51,13.12],[98.1,13.64],[97.78,14.84],[97.6,16.1],[97.16,16.93],[96.51,16.43],[95.37,15.71],[94.81,15.8],[94.19,16.04],[94.53,17.28],[94.32,18.21],[93.54,19.37],[93.66,19.73],[93.08,19.86],[92.37,20.67],[92.3,21.48],[92.65,21.32],[92.67,22.04],[93.17,22.28],[93.06,22.7],[93.29,23.04],[93.33,24.08],[94.11,23.85],[94.55,24.68],[94.6,25.16],[95.16,26.0],[95.12,26.57],[96.42,27.26],[97.13,27.08],[97.05,27.7],[97.4,27.88],[97.33,28.26],[97.91,28.34],[98.25,27.75],[98.68,27.51],[98.71,26.74],[98.67,25.92],[97.72,25.08],[97.6,23.9],[98.66,24.06],[98.9,23.14],[99.53,22.95],[99.24,22.12],[99.98,21.74],[100.42,21.56],[101.15,21.85],[101.18,21.44],[100.33,20.79],[100.12,20.42]]]},"properties":{"iso":"MMR","name":"Myanmar","area_km2":681457,"n":4804966,"ha":54595.0,"ha_per_1e4km2":801.15,"weeks":[{"w":"2026-10-03","n":7281,"ha":83.32},{"w":"2026-09-26","n":626149,"ha":7088.89},{"w":"2026-09-19","n":1597078,"ha":18185.01},{"w":"2026-09-12","n":1518797,"ha":17268.59},{"w":"2026-09-05","n":237284,"ha":2705.29},{"w":"2026-08-29","n":272967,"ha":3110.47},{"w":"2026-08-22","n":153592,"ha":1731.89},{"w":"2026-08-15","n":103186,"ha":1162.94},{"w":"2026-08-08","n":68516,"ha":775.7},{"w":"2026-08-01","n":32597,"ha":370.34},{"w":"2026-07-25","n":187519,"ha":2112.58}]}},{"type":"Feature","geometry":{"type":"Polygon","coordinates":[[[34.56,-11.52],[35.31,-11.44],[36.51,-11.72],[36.78,-11.59],[37.47,-11.57],[37.83,-11.27],[38.43,-11.29],[39.52,-10.9],[40.32,-10.32],[40.32,-10.32],[40.32,-10.32],[40.48,-10.77],[40.44,-11.76],[40.56,-12.64],[40.6,-14.2],[40.78,-14.69],[40.48,-15.41],[40.09,-16.1],[39.45,-16.72],[38.54,-17.1],[37.41,-17.59],[36.28,-18.66],[35.9,-18.84],[35.2,-19.55],[34.79,-19.78],[34.7,-20.5],[35.18,-21.25],[35.37,-21.84],[35.39,-22.14],[35.56,-22.09],[35.53,-23.07],[35.37,-23.54],[35.61,-23.71],[35.46,-24.12],[35.04,-24.48],[34.22,-24.82],[33.01,-25.36],[32.57,-25.73],[32.66,-26.15],[32.92,-26.22],[32.83,-26.74],[32.07,-26.73],[31.99,-26.29],[31.84,-25.84],[31.75,-25.48],[31.93,-24.37],[31.67,-23.66],[31.19,-22.25],[32.24,-21.12],[32.51,-20.4],[32.66,-20.3],[32.77,-19.72],[32.61,-19.42],[32.65,-18.67],[32.85,-17.98],[32.85,-16.71],[32.33,-16.39],[31.85,-16.32],[31.64,-16.07],[31.17,-15.86],[30.34,-15.88],[30.27,-15.51],[30.18,-14.8],[33.21,-13.97],[33.79,-14.45],[34.06,-14.36],[34.46,-14.61],[34.52,-15.01],[34.31,-15.48],[34.38,-16.18],[35.03,-16.8],[35.34,-16.11],[35.77,-15.9],[35.69,-14.61],[35.27,-13.89],[34.91,-13.57],[34.56,-13.58],[34.28,-12.28],[34.56,-11.52]]]},"properties":{"iso":"MOZ","name":"Mozambique","area_km2":813739,"n":28498790,"ha":336320.6,"ha_per_1e4km2":4133.03,"weeks":[{"w":"2026-10-10","n":1810,"ha":20.92},{"w":"2026-10-03","n":8330,"ha":97.26},{"w":"2026-09-26","n":454300,"ha":5366.92},{"w":"2026-09-19","n":5286542,"ha":62399.89},{"w":"2026-09-12","n":1901444,"ha":22457.97},{"w":"2026-09-05","n":2859233,"ha":33727.09},{"w":"2026-08-29","n":1160526,"ha":13732.61},{"w":"2026-08-22","n":3113458,"ha":36696.35},{"w":"2026-08-15","n":1739374,"ha":20592.12},{"w":"2026-08-08","n":4398536,"ha":51897.46},{"w":"2026-08-01","n":3188329,"ha":37635.74},{"w":"2026-07-25","n":4386908,"ha":51696.31}]}},{"type":"Feature","geometry":{"type":"Polygon","coordinates":[[[-17.06,21.0],[-16.85,21.33],[-12.93,21.33],[-13.12,22.77],[-12.87,23.28],[-11.94,23.37],[-11.97,25.93],[-8.69,25.88],[-8.68,27.4],[-4.92,24.97],[-6.45,24.96],[-5.97,20.64],[-5.49,16.33],[-5.32,16.2],[-5.54,15.5],[-9.55,15.49],[-9.7,15.26],[-10.09,15.33],[-10.65,15.13],[-11.35,15.41],[-11.67,15.39],[-11.83,14.8],[-12.17,14.62],[-12.83,15.3],[-13.44,16.04],[-14.1,16.3],[-14.58,16.6],[-15.14,16.59],[-15.62,16.37],[-16.12,16.46],[-16.46,16.14],[-16.55,16.67],[-16.27,17.17],[-16.15,18.11],[-16.26,19.1],[-16.38,19.59],[-16.28,20.09],[-16.54,20.57],[-17.06,21.0]]]},"properties":{"iso":"MRT","name":"Mauritania","area_km2":1055694,"n":38643913,"ha":457554.1,"ha_per_1e4km2":4334.15,"weeks":[{"w":"2026-10-03","n":9919,"ha":117.01},{"w":"2026-09-26","n":182366,"ha":2156.2},{"w":"2026-09-19","n":1947151,"ha":23030.75},{"w":"2026-09-12","n":3392757,"ha":40175.94},{"w":"2026-09-05","n":18281747,"ha":216397.48},{"w":"2026-08-29","n":7700315,"ha":91222.26},{"w":"2026-08-22","n":5285605,"ha":62593.24},{"w":"2026-08-15","n":1400846,"ha":16609.01},{"w":"2026-08-08","n":394024,"ha":4669.52},{"w":"2026-08-01","n":34035,"ha":403.79},{"w":"2026-07-25","n":15148,"ha":178.92}]}},{"type":"Feature","geometry":{"type":"Polygon","coordinates":[[[32.76,-9.23],[33.74,-9.42],[33.94,-9.69],[34.28,-10.16],[34.56,-11.52],[34.28,-12.28],[34.56,-13.58],[34.91,-13.57],[35.27,-13.89],[35.69,-14.61],[35.77,-15.9],[35.34,-16.11],[35.03,-16.8],[34.38,-16.18],[34.31,-15.48],[34.52,-15.01],[34.46,-14.61],[34.06,-14.36],[33.79,-14.45],[33.21,-13.97],[32.69,-13.71],[32.99,-12.78],[33.31,-12.44],[33.11,-11.61],[33.32,-10.8],[33.49,-10.53],[33.23,-9.68],[32.76,-9.23]]]},"properties":{"iso":"MWI","name":"Malawi","area_km2":111625,"n":1864433,"ha":22298.4,"ha_per_1e4km2":1997.62,"weeks":[{"w":"2026-10-03","n":720,"ha":8.71},{"w":"2026-09-26","n":31972,"ha":382.64},{"w":"2026-09-19","n":160076,"ha":1916.99},{"w":"2026-09-12","n":122369,"ha":1468.53},{"w":"2026-09-05","n":159038,"ha":1898.93},{"w":"2026-08-29","n":87651,"ha":1047.95},{"w":"2026-08-22","n":172656,"ha":2057.35},{"w":"2026-08-15","n":159534,"ha":1913.12},{"w":"2026-08-08","n":217181,"ha":2597.02},{"w":"2026-08-01","n":291559,"ha":3480.73},{"w":"2026-07-25","n":461677,"ha":5526.47}]}},{"type":"Feature","geometry":{"type":"MultiPolygon","coordinates":[[[[100.09,6.46],[100.26,6.64],[101.08,6.2],[101.15,5.69],[101.81,5.81],[102.14,6.22],[102.37,6.13],[102.96,5.52],[103.38,4.86],[103.44,4.18],[103.33,3.73],[103.43,3.38],[103.5,2.79],[103.85,2.52],[104.25,1.63],[104.23,1.29],[103.52,1.23],[102.57,1.97],[101.39,2.76],[101.27,3.27],[100.7,3.94],[100.56,4.77],[100.2,5.31],[100.31,6.04],[100.09,6.46]]],[[[117.88,4.14],[117.02,4.31],[115.87,4.31],[115.52,3.17],[115.13,2.82],[114.62,1.43],[113.81,1.22],[112.86,1.5],[112.38,1.41],[111.8,0.9],[111.16,0.98],[110.51,0.77],[109.83,1.34],[109.66,2.01],[110.4,1.66],[111.17,1.85],[111.37,2.7],[111.8,2.89],[113.0,3.1],[113.71,3.89],[114.2,4.53],[114.66,4.01],[114.87,4.35],[115.35,4.32],[115.41,4.96],[115.45,5.45],[116.22,6.14],[116.73,6.92],[117.13,6.93],[117.64,6.42],[117.69,5.99],[118.35,5.71],[119.18,5.41],[119.11,5.02],[118.44,4.97],[118.62,4.48],[117.88,4.14]]]]},"properties":{"iso":"MYS","name":"Malaysia","area_km2":339717,"n":7102706,"ha":87218.5,"ha_per_1e4km2":2567.39,"weeks":[{"w":"2026-10-03","n":19526,"ha":240.01},{"w":"2026-09-26","n":38370,"ha":471.19},{"w":"2026-09-19","n":164289,"ha":2016.99},{"w":"2026-09-12","n":210424,"ha":2584.03},{"w":"2026-09-05","n":476960,"ha":5857.55},{"w":"2026-08-29","n":733275,"ha":8998.94},{"w":"2026-08-22","n":1021484,"ha":12540.29},{"w":"2026-08-15","n":1023945,"ha":12576.04},{"w":"2026-08-08","n":1322203,"ha":16238.29},{"w":"2026-08-01","n":873278,"ha":10726.49},{"w":"2026-07-25","n":1218952,"ha":14968.69}]}},{"type":"Feature","geometry":{"type":"Polygon","coordinates":[[[19.9,-24.77],[19.89,-28.46],[19.0,-28.97],[18.46,-29.05],[17.84,-28.86],[17.39,-28.78],[17.22,-28.36],[16.82,-28.08],[16.34,-28.58],[15.6,-27.82],[15.21,-27.09],[14.99,-26.12],[14.74,-25.39],[14.41,-23.85],[14.39,-22.66],[14.26,-22.11],[13.87,-21.7],[13.35,-20.87],[12.83,-19.67],[12.61,-19.05],[11.79,-18.07],[11.73,-17.3],[12.22,-17.11],[12.81,-16.94],[13.46,-16.97],[14.06,-17.42],[14.21,-17.35],[18.26,-17.31],[18.96,-17.79],[21.38,-17.93],[23.22,-17.52],[24.03,-17.3],[24.68,-17.35],[25.08,-17.58],[25.08,-17.66],[24.52,-17.89],[24.22,-17.89],[23.58,-18.28],[23.2,-17.87],[21.66,-18.22],[20.91,-18.25],[20.88,-21.81],[19.9,-21.85],[19.9,-24.77]]]},"properties":{"iso":"NAM","name":"Namibia","area_km2":827305,"n":52260,"ha":598.3,"ha_per_1e4km2":7.23,"weeks":[{"w":"2026-10-10","n":9,"ha":0.11},{"w":"2026-09-26","n":141,"ha":1.65},{"w":"2026-09-19","n":3614,"ha":41.91},{"w":"2026-09-12","n":7222,"ha":81.01},{"w":"2026-09-05","n":2207,"ha":25.22},{"w":"2026-08-29","n":4873,"ha":55.83},{"w":"2026-08-22","n":6240,"ha":71.48},{"w":"2026-08-15","n":3905,"ha":44.66},{"w":"2026-08-08","n":12324,"ha":141.2},{"w":"2026-08-01","n":5280,"ha":60.59},{"w":"2026-07-25","n":6445,"ha":74.67}]}},{"type":"Feature","geometry":{"type":"Polygon","coordinates":[[[165.78,-21.08],[166.6,-21.7],[167.12,-22.16],[166.74,-22.4],[166.19,-22.13],[165.47,-21.68],[164.83,-21.15],[164.17,-20.44],[164.03,-20.11],[164.46,-20.12],[165.02,-20.46],[165.46,-20.8],[165.78,-21.08]]]},"properties":{"iso":"NCL","name":"New Caledonia","area_km2":23278,"n":130741,"ha":1507.8,"ha_per_1e4km2":647.74,"weeks":[{"w":"2026-09-26","n":6136,"ha":70.82},{"w":"2026-09-19","n":5642,"ha":65.18},{"w":"2026-09-12","n":7112,"ha":82.07},{"w":"2026-09-05","n":14865,"ha":171.56},{"w":"2026-08-29","n":33495,"ha":387.6},{"w":"2026-08-22","n":14283,"ha":164.62},{"w":"2026-08-15","n":18437,"ha":212.12},{"w":"2026-08-08","n":7505,"ha":86.36},{"w":"2026-08-01","n":13584,"ha":156.35},{"w":"2026-07-25","n":9682,"ha":111.17}]}},{"type":"Feature","geometry":{"type":"Polygon","coordinates":[[[14.85,22.86],[15.1,21.31],[15.47,21.05],[15.49,20.73],[15.9,20.39],[15.69,19.96],[15.3,17.93],[15.25,16.63],[13.97,15.68],[13.54,14.37],[13.96,14.0],[13.95,13.35],[14.6,13.33],[14.5,12.86],[14.21,12.8],[14.18,12.48],[14.0,12.46],[13.32,13.56],[13.08,13.6],[12.3,13.04],[11.53,13.33],[10.99,13.39],[10.7,13.25],[10.11,13.28],[9.52,12.85],[9.01,12.83],[7.8,13.34],[7.33,13.1],[6.82,13.12],[6.45,13.49],[5.44,13.87],[4.37,13.75],[4.11,13.53],[3.97,12.96],[3.68,12.55],[3.61,11.66],[2.85,12.24],[2.49,12.23],[2.15,11.94],[2.18,12.63],[1.02,12.85],[0.99,13.34],[0.43,13.99],[0.3,14.44],[0.37,14.93],[1.02,14.97],[1.39,15.32],[2.75,15.41],[3.64,15.57],[3.72,16.18],[4.27,16.85],[4.27,19.16],[5.68,19.6],[8.57,21.57],[12.0,23.47],[13.58,23.04],[14.14,22.49],[14.85,22.86]]]},"properties":{"iso":"NER","name":"Niger","area_km2":1185335,"n":18684573,"ha":223102.2,"ha_per_1e4km2":1882.19,"weeks":[{"w":"2026-10-03","n":4,"ha":0.05},{"w":"2026-09-26","n":29816,"ha":355.67},{"w":"2026-09-19","n":509105,"ha":6051.32},{"w":"2026-09-12","n":1060126,"ha":12667.19},{"w":"2026-09-05","n":1789059,"ha":21367.37},{"w":"2026-08-29","n":4096605,"ha":48860.24},{"w":"2026-08-22","n":4732909,"ha":56436.67},{"w":"2026-08-15","n":2986309,"ha":35687.39},{"w":"2026-08-08","n":1926902,"ha":23061.4},{"w":"2026-08-01","n":806109,"ha":9652.69},{"w":"2026-07-25","n":747629,"ha":8962.24}]}},{"type":"Feature","geometry":{"type":"Polygon","coordinates":[[[2.69,6.26],[2.75,7.87],[2.72,8.51],[2.91,9.14],[3.22,9.44],[3.71,10.06],[3.6,10.33],[3.8,10.73],[3.57,11.33],[3.61,11.66],[3.68,12.55],[3.97,12.96],[4.11,13.53],[4.37,13.75],[5.44,13.87],[6.45,13.49],[6.82,13.12],[7.33,13.1],[7.8,13.34],[9.01,12.83],[9.52,12.85],[10.11,13.28],[10.7,13.25],[10.99,13.39],[11.53,13.33],[12.3,13.04],[13.08,13.6],[13.32,13.56],[14.0,12.46],[14.18,12.48],[14.58,12.09],[14.47,11.9],[14.42,11.57],[13.57,10.8],[13.31,10.16],[13.17,9.64],[12.96,9.42],[12.75,8.72],[12.22,8.31],[12.06,7.8],[11.84,7.4],[11.75,6.98],[11.06,6.64],[10.5,7.06],[10.12,7.04],[9.52,6.45],[9.23,6.44],[8.76,5.48],[8.5,4.77],[7.46,4.41],[7.08,4.46],[6.7,4.24],[5.9,4.26],[5.36,4.89],[5.03,5.61],[4.33,6.27],[3.57,6.26],[2.69,6.26]]]},"properties":{"iso":"NGA","name":"Nigeria","area_km2":908759,"n":62856567,"ha":756747.6,"ha_per_1e4km2":8327.26,"weeks":[{"w":"2026-10-10","n":3915,"ha":47.8},{"w":"2026-10-03","n":1323,"ha":16.16},{"w":"2026-09-26","n":76299,"ha":918.57},{"w":"2026-09-19","n":1794981,"ha":21610.61},{"w":"2026-09-12","n":3170077,"ha":38182.48},{"w":"2026-09-05","n":6259239,"ha":75395.0},{"w":"2026-08-29","n":13596234,"ha":163816.58},{"w":"2026-08-22","n":9661718,"ha":116235.49},{"w":"2026-08-15","n":7207055,"ha":86667.65},{"w":"2026-08-08","n":6769653,"ha":81407.41},{"w":"2026-08-01","n":7754635,"ha":93378.07},{"w":"2026-07-25","n":6561438,"ha":79071.77}]}},{"type":"Feature","geometry":{"type":"Polygon","coordinates":[[[-83.66,10.94],[-83.9,10.73],[-84.19,10.79],[-84.36,11.0],[-84.67,11.08],[-84.9,10.95],[-85.56,11.22],[-85.71,11.09],[-86.06,11.4],[-86.53,11.81],[-86.75,12.14],[-87.17,12.46],[-87.67,12.91],[-87.56,13.06],[-87.39,12.91],[-87.32,12.98],[-87.01,13.03],[-86.88,13.25],[-86.73,13.26],[-86.76,13.75],[-86.52,13.78],[-86.31,13.77],[-86.1,14.04],[-85.8,13.84],[-85.7,13.96],[-85.51,14.08],[-85.17,14.35],[-85.15,14.56],[-85.05,14.55],[-84.92,14.79],[-84.82,14.82],[-84.65,14.67],[-84.45,14.62],[-84.23,14.75],[-83.98,14.75],[-83.63,14.88],[-83.49,15.02],[-83.15,15.0],[-83.23,14.9],[-83.28,14.68],[-83.18,14.31],[-83.41,13.97],[-83.52,13.57],[-83.55,13.13],[-83.5,12.87],[-83.47,12.42],[-83.63,12.32],[-83.72,11.89],[-83.65,11.63],[-83.86,11.37],[-83.81,11.1],[-83.66,10.94]]]},"properties":{"iso":"NIC","name":"Nicaragua","area_km2":130040,"n":17730518,"ha":213023.5,"ha_per_1e4km2":16381.38,"weeks":[{"w":"2026-10-10","n":9,"ha":0.11},{"w":"2026-10-03","n":4050,"ha":48.68},{"w":"2026-09-26","n":20711,"ha":247.87},{"w":"2026-09-19","n":114689,"ha":1378.43},{"w":"2026-09-12","n":577049,"ha":6930.75},{"w":"2026-09-05","n":1186210,"ha":14255.05},{"w":"2026-08-29","n":2119498,"ha":25458.96},{"w":"2026-08-22","n":3357854,"ha":40350.95},{"w":"2026-08-15","n":2511990,"ha":30181.22},{"w":"2026-08-08","n":1947967,"ha":23399.12},{"w":"2026-08-01","n":2438589,"ha":29313.79},{"w":"2026-07-25","n":3451902,"ha":41458.61}]}},{"type":"Feature","geometry":{"type":"Polygon","coordinates":[[[88.12,27.88],[88.04,27.45],[88.17,26.81],[88.06,26.41],[87.23,26.4],[86.02,26.63],[85.25,26.73],[84.68,27.23],[83.3,27.36],[82.0,27.93],[81.06,28.42],[80.09,28.79],[80.48,29.73],[81.11,30.18],[81.53,30.42],[82.33,30.12],[83.34,29.46],[83.9,29.32],[84.23,28.84],[85.01,28.64],[85.82,28.2],[86.95,27.97],[88.12,27.88]]]},"properties":{"iso":"NPL","name":"Nepal","area_km2":150941,"n":281636,"ha":3079.1,"ha_per_1e4km2":203.99,"weeks":[{"w":"2026-10-03","n":269,"ha":2.95},{"w":"2026-09-26","n":8515,"ha":93.54},{"w":"2026-09-19","n":10289,"ha":111.79},{"w":"2026-09-12","n":30803,"ha":335.34},{"w":"2026-09-05","n":872,"ha":9.49},{"w":"2026-08-29","n":45148,"ha":493.39},{"w":"2026-08-22","n":7733,"ha":84.61},{"w":"2026-08-15","n":79372,"ha":871.87},{"w":"2026-08-08","n":21808,"ha":235.89},{"w":"2026-08-01","n":26944,"ha":294.95},{"w":"2026-07-25","n":49883,"ha":545.27}]}},{"type":"Feature","geometry":{"type":"MultiPolygon","coordinates":[[[[55.21,22.71],[55.23,23.11],[55.53,23.52],[55.53,23.93],[55.98,24.13],[55.8,24.27],[55.89,24.92],[56.4,24.92],[56.85,24.24],[57.4,23.88],[58.14,23.75],[58.73,23.57],[59.18,22.99],[59.45,22.66],[59.81,22.53],[59.81,22.31],[59.44,21.71],[59.28,21.43],[58.86,21.11],[58.49,20.43],[58.03,20.48],[57.83,20.24],[57.67,19.74],[57.79,19.07],[57.69,18.94],[57.23,18.95],[56.61,18.57],[56.51,18.09],[56.28,17.88],[55.66,17.88],[55.27,17.63],[55.27,17.23],[54.79,16.95],[54.24,17.04],[53.57,16.71],[53.11,16.65],[52.78,17.35],[52.0,19.0],[55.0,20.0],[55.67,22.0],[55.21,22.71]]],[[[56.26,25.71],[56.07,26.06],[56.36,26.4],[56.49,26.31],[56.39,25.9],[56.26,25.71]]]]},"properties":{"iso":"OMN","name":"Oman","area_km2":309966,"n":153862,"ha":1806.5,"ha_per_1e4km2":58.28,"weeks":[{"w":"2026-09-26","n":9221,"ha":108.67},{"w":"2026-09-19","n":88884,"ha":1046.58},{"w":"2026-09-12","n":952,"ha":10.84},{"w":"2026-09-05","n":14421,"ha":168.51},{"w":"2026-08-29","n":6676,"ha":77.88},{"w":"2026-08-22","n":7682,"ha":89.68},{"w":"2026-08-15","n":10561,"ha":123.79},{"w":"2026-08-08","n":1380,"ha":15.87},{"w":"2026-08-01","n":12725,"ha":149.31},{"w":"2026-07-25","n":1360,"ha":15.38}]}},{"type":"Feature","geometry":{"type":"Polygon","coordinates":[[[77.84,35.49],[76.87,34.65],[75.76,34.5],[74.24,34.75],[73.75,34.32],[74.1,33.44],[74.45,32.76],[75.26,32.27],[74.41,31.69],[74.42,30.98],[73.45,29.98],[72.82,28.96],[71.78,27.91],[70.62,27.99],[69.51,26.94],[70.17,26.49],[70.28,25.72],[70.84,25.22],[71.04,24.36],[68.84,24.36],[68.18,23.69],[67.44,23.94],[67.15,24.66],[66.37,25.43],[64.53,25.24],[62.91,25.22],[61.5,25.08],[61.87,26.24],[63.32,26.76],[63.23,27.22],[62.76,27.38],[62.73,28.26],[61.77,28.7],[61.37,29.3],[60.87,29.83],[62.55,29.32],[63.55,29.47],[64.15,29.34],[64.35,29.56],[65.05,29.47],[66.35,29.89],[66.38,30.74],[66.94,31.3],[67.68,31.3],[67.79,31.58],[68.56,31.71],[68.93,31.62],[69.32,31.9],[69.26,32.5],[69.69,33.11],[70.32,33.36],[69.93,34.02],[70.88,33.99],[71.16,34.35],[71.12,34.73],[71.61,35.15],[71.5,35.65],[71.26,36.07],[71.85,36.51],[72.92,36.72],[74.07,36.84],[74.58,37.02],[75.16,37.13],[75.9,36.67],[76.19,35.9],[77.84,35.49]]]},"properties":{"iso":"PAK","name":"Pakistan","area_km2":875273,"n":27299232,"ha":297322.7,"ha_per_1e4km2":3396.91,"weeks":[{"w":"2026-10-03","n":6050,"ha":66.22},{"w":"2026-09-26","n":207638,"ha":2266.12},{"w":"2026-09-19","n":749926,"ha":8198.42},{"w":"2026-09-12","n":6171332,"ha":68343.31},{"w":"2026-09-05","n":2619215,"ha":28588.12},{"w":"2026-08-29","n":3727103,"ha":40383.87},{"w":"2026-08-22","n":4527060,"ha":48692.38},{"w":"2026-08-15","n":2303609,"ha":24920.89},{"w":"2026-08-08","n":2733926,"ha":29584.98},{"w":"2026-08-01","n":2792001,"ha":30422.17},{"w":"2026-07-25","n":1461372,"ha":15856.23}]}},{"type":"Feature","geometry":{"type":"Polygon","coordinates":[[[-77.35,8.67],[-77.47,8.52],[-77.24,7.94],[-77.43,7.64],[-77.75,7.71],[-77.88,7.22],[-78.21,7.51],[-78.43,8.05],[-78.18,8.32],[-78.44,8.39],[-78.62,8.72],[-79.12,9.0],[-79.56,8.93],[-79.76,8.58],[-80.16,8.33],[-80.38,8.3],[-80.48,8.09],[-80.0,7.55],[-80.28,7.42],[-80.42,7.27],[-80.89,7.22],[-81.06,7.82],[-81.19,7.65],[-81.52,7.71],[-81.72,8.11],[-82.13,8.18],[-82.39,8.29],[-82.82,8.29],[-82.85,8.07],[-82.97,8.23],[-82.91,8.42],[-82.83,8.63],[-82.87,8.81],[-82.72,8.93],[-82.93,9.07],[-82.93,9.48],[-82.55,9.57],[-82.19,9.21],[-82.21,9.0],[-81.81,8.95],[-81.71,9.03],[-81.44,8.79],[-80.95,8.86],[-80.52,9.11],[-79.91,9.31],[-79.57,9.61],[-79.02,9.55],[-79.06,9.45],[-78.5,9.42],[-78.06,9.25],[-77.73,8.95],[-77.35,8.67]]]},"properties":{"iso":"PAN","name":"Panama","area_km2":75578,"n":759999,"ha":9259.5,"ha_per_1e4km2":1225.16,"weeks":[{"w":"2026-10-10","n":11092,"ha":135.04},{"w":"2026-10-03","n":13296,"ha":162.03},{"w":"2026-09-26","n":11603,"ha":141.45},{"w":"2026-09-19","n":24101,"ha":293.75},{"w":"2026-09-12","n":20832,"ha":253.85},{"w":"2026-09-05","n":63718,"ha":776.08},{"w":"2026-08-29","n":65960,"ha":803.78},{"w":"2026-08-22","n":23934,"ha":291.44},{"w":"2026-08-15","n":226870,"ha":2764.5},{"w":"2026-08-08","n":31601,"ha":384.87},{"w":"2026-08-01","n":93731,"ha":1141.48},{"w":"2026-07-25","n":173261,"ha":2111.27}]}},{"type":"Feature","geometry":{"type":"Polygon","coordinates":[[[-69.89,-4.3],[-70.79,-4.25],[-70.93,-4.4],[-71.75,-4.59],[-72.89,-5.27],[-72.96,-5.74],[-73.22,-6.09],[-73.12,-6.63],[-73.72,-6.92],[-73.72,-7.34],[-73.99,-7.52],[-73.57,-8.42],[-73.02,-9.03],[-73.23,-9.46],[-72.56,-9.52],[-72.18,-10.05],[-71.3,-10.08],[-70.48,-9.49],[-70.55,-11.01],[-70.09,-11.12],[-69.53,-10.95],[-68.67,-12.56],[-68.88,-12.9],[-68.93,-13.6],[-68.95,-14.45],[-69.34,-14.95],[-69.16,-15.32],[-69.39,-15.66],[-68.96,-16.5],[-69.59,-17.58],[-69.86,-18.09],[-70.37,-18.35],[-71.38,-17.77],[-71.46,-17.36],[-73.44,-16.36],[-75.24,-15.27],[-76.01,-14.65],[-76.42,-13.82],[-76.26,-13.54],[-77.11,-12.22],[-78.09,-10.38],[-79.04,-8.39],[-79.45,-7.93],[-79.76,-7.19],[-80.54,-6.54],[-81.25,-6.14],[-80.93,-5.69],[-81.41,-4.74],[-81.1,-4.04],[-80.3,-3.4],[-80.18,-3.82],[-80.47,-4.06],[-80.44,-4.43],[-80.03,-4.35],[-79.62,-4.45],[-79.21,-4.96],[-78.64,-4.55],[-78.45,-3.87],[-77.84,-3.0],[-76.64,-2.61],[-75.54,-1.56],[-75.23,-0.91],[-75.37,-0.15],[-75.11,-0.06],[-74.44,-0.53],[-74.12,-1.0],[-73.66,-1.26],[-73.07,-2.31],[-72.33,-2.43],[-71.77,-2.17],[-71.41,-2.34],[-70.81,-2.26],[-70.05,-2.73],[-70.69,-3.74],[-70.39,-3.77],[-69.89,-4.3]]]},"properties":{"iso":"PER","name":"Peru","area_km2":1314818,"n":22288024,"ha":270921.2,"ha_per_1e4km2":2060.52,"weeks":[{"w":"2026-10-10","n":991585,"ha":12074.08},{"w":"2026-10-03","n":470320,"ha":5707.31},{"w":"2026-09-26","n":1509175,"ha":18328.84},{"w":"2026-09-19","n":985688,"ha":11988.51},{"w":"2026-09-12","n":1825435,"ha":22159.43},{"w":"2026-09-05","n":2069285,"ha":25170.98},{"w":"2026-08-29","n":2838860,"ha":34484.4},{"w":"2026-08-22","n":1154179,"ha":14018.63},{"w":"2026-08-15","n":2194519,"ha":26707.82},{"w":"2026-08-08","n":3088830,"ha":37547.11},{"w":"2026-08-01","n":3328804,"ha":40454.87},{"w":"2026-07-25","n":1831344,"ha":22279.24}]}},{"type":"Feature","geometry":{"type":"MultiPolygon","coordinates":[[[[120.83,12.7],[120.32,13.47],[121.18,13.43],[121.53,13.07],[121.26,12.21],[120.83,12.7]]],[[[122.59,9.98],[122.84,10.26],[122.95,10.88],[123.5,10.94],[123.34,10.27],[124.08,11.23],[123.98,10.28],[123.62,9.95],[123.31,9.32],[123.0,9.02],[122.38,9.71],[122.59,9.98]]],[[[126.38,8.41],[126.48,7.75],[126.54,7.19],[126.2,6.27],[125.83,7.29],[125.36,6.79],[125.68,6.05],[125.4,5.58],[124.22,6.16],[123.94,6.89],[124.24,7.36],[123.61,7.83],[123.3,7.42],[122.83,7.46],[122.09,6.9],[121.92,7.19],[122.31,8.03],[122.94,8.32],[123.49,8.69],[123.84,8.24],[124.6,8.51],[124.76,8.96],[125.47,8.99],[125.41,9.76],[126.22,9.29],[126.31,8.78],[126.38,8.41]]],[[[118.5,9.32],[117.17,8.37],[117.66,9.07],[118.39,9.68],[118.99,10.38],[119.51,11.37],[119.69,10.55],[119.03,10.0],[118.5,9.32]]],[[[122.34,18.22],[122.17,17.81],[122.52,17.09],[122.25,16.26],[121.66,15.93],[121.51,15.12],[121.73,14.33],[122.26,14.22],[122.7,14.34],[123.95,13.78],[123.86,13.24],[124.18,13.0],[124.08,12.54],[123.3,13.03],[122.93,13.55],[122.67,13.19],[122.03,13.78],[121.13,13.64],[120.63,13.86],[120.68,14.27],[120.99,14.53],[120.69,14.76],[120.56,14.4],[120.07,14.97],[119.92,15.41],[119.88,16.36],[120.29,16.03],[120.39,17.6],[120.72,18.51],[121.32,18.5],[121.94,18.22],[122.25,18.48],[122.34,18.22]]],[[[122.04,11.42],[121.88,11.89],[122.48,11.58],[123.12,11.58],[123.1,11.17],[122.64,10.74],[122.0,10.44],[121.97,10.91],[122.04,11.42]]],[[[125.5,12.16],[125.78,11.05],[125.01,11.31],[125.03,10.98],[125.28,10.36],[124.8,10.13],[124.76,10.84],[124.46,10.89],[124.3,11.5],[124.89,11.42],[124.88,11.79],[124.27,12.56],[125.23,12.54],[125.5,12.16]]]]},"properties":{"iso":"PHL","name":"Philippines","area_km2":293396,"n":10394122,"ha":126046.7,"ha_per_1e4km2":4296.13,"weeks":[{"w":"2026-10-03","n":1907,"ha":23.02},{"w":"2026-09-26","n":153091,"ha":1834.58},{"w":"2026-09-19","n":810673,"ha":9666.91},{"w":"2026-09-12","n":694186,"ha":8387.97},{"w":"2026-09-05","n":1914428,"ha":23297.63},{"w":"2026-08-29","n":1015870,"ha":12326.82},{"w":"2026-08-22","n":959236,"ha":11664.08},{"w":"2026-08-15","n":1935893,"ha":23563.73},{"w":"2026-08-08","n":1379833,"ha":16769.24},{"w":"2026-08-01","n":828418,"ha":10053.04},{"w":"2026-07-25","n":700587,"ha":8459.69}]}},{"type":"Feature","geometry":{"type":"MultiPolygon","coordinates":[[[[141.0,-2.6],[142.74,-3.29],[144.58,-3.86],[145.27,-4.37],[145.83,-4.88],[145.98,-5.47],[147.65,-6.08],[147.89,-6.61],[146.97,-6.72],[147.19,-7.39],[148.08,-8.04],[148.73,-9.1],[149.31,-9.07],[149.27,-9.51],[150.04,-9.68],[149.74,-9.87],[150.8,-10.29],[150.69,-10.58],[150.03,-10.65],[149.78,-10.39],[148.92,-10.28],[147.91,-10.13],[147.14,-9.49],[146.57,-8.94],[146.05,-8.07],[144.74,-7.63],[143.9,-7.92],[143.29,-8.25],[143.41,-8.98],[142.63,-9.33],[142.07,-9.16],[141.03,-9.12],[141.02,-5.86],[141.0,-2.6]]],[[[152.64,-3.66],[153.02,-3.98],[153.14,-4.5],[152.83,-4.77],[152.64,-4.18],[152.41,-3.79],[151.95,-3.46],[151.38,-3.04],[150.66,-2.74],[150.94,-2.5],[151.48,-2.78],[151.82,-3.0],[152.24,-3.24],[152.64,-3.66]]],[[[151.3,-5.84],[150.75,-6.08],[150.24,-6.32],[149.71,-6.32],[148.89,-6.03],[148.32,-5.75],[148.4,-5.44],[149.3,-5.58],[149.85,-5.51],[150.0,-5.03],[150.14,-5.0],[150.24,-5.53],[150.81,-5.46],[151.09,-5.11],[151.65,-4.76],[151.54,-4.17],[152.14,-4.15],[152.34,-4.31],[152.32,-4.87],[151.98,-5.48],[151.46,-5.56],[151.3,-5.84]]],[[[154.76,-5.34],[155.06,-5.57],[155.55,-6.2],[156.02,-6.54],[155.88,-6.82],[155.6,-6.92],[155.17,-6.54],[154.73,-5.9],[154.51,-5.14],[154.65,-5.04],[154.76,-5.34]]]]},"properties":{"iso":"PNG","name":"Papua New Guinea","area_km2":466533,"n":43971053,"ha":537961.1,"ha_per_1e4km2":11531.04,"weeks":[{"w":"2026-10-03","n":127904,"ha":1567.52},{"w":"2026-09-26","n":900273,"ha":11022.61},{"w":"2026-09-19","n":2271242,"ha":27813.29},{"w":"2026-09-12","n":3506946,"ha":42884.84},{"w":"2026-09-05","n":3496101,"ha":42791.23},{"w":"2026-08-29","n":4291581,"ha":52544.03},{"w":"2026-08-22","n":6583220,"ha":80566.13},{"w":"2026-08-15","n":4912313,"ha":60084.65},{"w":"2026-08-08","n":4940609,"ha":60461.3},{"w":"2026-08-01","n":7011345,"ha":85784.87},{"w":"2026-07-25","n":5929519,"ha":72440.63}]}},{"type":"Feature","geometry":{"type":"Polygon","coordinates":[[[-66.28,18.51],[-65.77,18.43],[-65.59,18.23],[-65.85,17.98],[-66.6,17.98],[-67.18,17.95],[-67.24,18.37],[-67.1,18.52],[-66.28,18.51]]]},"properties":{"iso":"PRI","name":"Puerto Rico","area_km2":9254,"n":2049260,"ha":24006.7,"ha_per_1e4km2":25941.97,"weeks":[{"w":"2026-10-10","n":96,"ha":1.12},{"w":"2026-10-03","n":225,"ha":2.63},{"w":"2026-09-26","n":3230,"ha":37.81},{"w":"2026-09-19","n":4711,"ha":55.18},{"w":"2026-09-12","n":35787,"ha":419.24},{"w":"2026-09-05","n":85843,"ha":1005.81},{"w":"2026-08-29","n":196546,"ha":2302.61},{"w":"2026-08-22","n":259525,"ha":3040.48},{"w":"2026-08-15","n":526213,"ha":6164.85},{"w":"2026-08-08","n":141645,"ha":1659.03},{"w":"2026-08-01","n":206004,"ha":2413.61},{"w":"2026-07-25","n":589435,"ha":6904.36}]}},{"type":"Feature","geometry":{"type":"Polygon","coordinates":[[[-58.17,-20.18],[-57.87,-20.73],[-57.94,-22.09],[-56.88,-22.28],[-56.47,-22.09],[-55.8,-22.36],[-55.61,-22.66],[-55.52,-23.57],[-55.4,-23.96],[-55.03,-24.0],[-54.65,-23.84],[-54.29,-24.02],[-54.29,-24.57],[-54.43,-25.16],[-54.63,-25.74],[-54.79,-26.62],[-55.7,-27.39],[-56.49,-27.55],[-57.61,-27.4],[-58.62,-27.12],[-57.63,-25.6],[-57.78,-25.16],[-58.81,-24.77],[-60.03,-24.03],[-60.85,-23.88],[-62.69,-22.25],[-62.29,-21.05],[-62.27,-20.51],[-61.79,-19.63],[-60.04,-19.34],[-59.12,-19.36],[-58.18,-19.87],[-58.17,-20.18]]]},"properties":{"iso":"PRY","name":"Paraguay","area_km2":402206,"n":14670517,"ha":164098.3,"ha_per_1e4km2":4079.96,"weeks":[{"w":"2026-10-10","n":92794,"ha":1058.66},{"w":"2026-10-03","n":85217,"ha":970.19},{"w":"2026-09-26","n":126239,"ha":1418.54},{"w":"2026-09-19","n":981061,"ha":10890.02},{"w":"2026-09-12","n":614113,"ha":6806.21},{"w":"2026-09-05","n":485110,"ha":5417.56},{"w":"2026-08-29","n":1546980,"ha":17374.67},{"w":"2026-08-22","n":3183852,"ha":35542.83},{"w":"2026-08-15","n":943222,"ha":10566.64},{"w":"2026-08-08","n":1005810,"ha":11248.4},{"w":"2026-08-01","n":4979465,"ha":55726.08},{"w":"2026-07-25","n":626654,"ha":7078.48}]}},{"type":"Feature","geometry":{"type":"Polygon","coordinates":[[[50.81,24.75],[50.74,25.48],[51.01,26.01],[51.29,26.11],[51.59,25.8],[51.61,25.22],[51.39,24.63],[51.11,24.56],[50.81,24.75]]]},"properties":{"iso":"QAT","name":"Qatar","area_km2":11351,"n":9479,"ha":105.8,"ha_per_1e4km2":93.21,"weeks":[{"w":"2026-10-03","n":15,"ha":0.17},{"w":"2026-09-26","n":2119,"ha":23.66},{"w":"2026-09-19","n":631,"ha":7.04},{"w":"2026-09-12","n":344,"ha":3.83},{"w":"2026-09-05","n":1228,"ha":13.72},{"w":"2026-08-29","n":2567,"ha":28.67},{"w":"2026-08-22","n":2032,"ha":22.7},{"w":"2026-08-15","n":191,"ha":2.13},{"w":"2026-08-08","n":50,"ha":0.56},{"w":"2026-08-01","n":73,"ha":0.81},{"w":"2026-07-25","n":229,"ha":2.55}]}},{"type":"Feature","geometry":{"type":"Polygon","coordinates":[[[30.42,-1.13],[30.82,-1.7],[30.76,-2.29],[30.47,-2.41],[30.47,-2.41],[29.94,-2.35],[29.63,-2.92],[29.02,-2.84],[29.12,-2.29],[29.25,-2.22],[29.29,-1.62],[29.58,-1.34],[29.82,-1.44],[30.42,-1.13]]]},"properties":{"iso":"RWA","name":"Rwanda","area_km2":23470,"n":1343519,"ha":16529.0,"ha_per_1e4km2":7042.61,"weeks":[{"w":"2026-10-10","n":1331,"ha":16.37},{"w":"2026-10-03","n":1488,"ha":18.31},{"w":"2026-09-26","n":7266,"ha":89.41},{"w":"2026-09-19","n":5907,"ha":72.66},{"w":"2026-09-12","n":24176,"ha":297.42},{"w":"2026-09-05","n":195324,"ha":2403.06},{"w":"2026-08-29","n":361447,"ha":4446.91},{"w":"2026-08-22","n":83194,"ha":1023.51},{"w":"2026-08-15","n":404721,"ha":4979.14},{"w":"2026-08-08","n":24709,"ha":304.0},{"w":"2026-08-01","n":55235,"ha":679.54},{"w":"2026-07-25","n":178721,"ha":2198.65}]}},{"type":"Feature","geometry":{"type":"Polygon","coordinates":[[[34.96,29.36],[36.07,29.2],[36.5,29.51],[36.74,29.87],[37.5,30.0],[37.67,30.34],[38.0,30.51],[37.0,31.51],[39.0,32.01],[39.2,32.16],[40.4,31.89],[41.89,31.19],[44.71,29.18],[46.57,29.1],[47.46,29.0],[47.71,28.53],[48.42,28.55],[48.81,27.69],[49.3,27.46],[49.47,27.11],[50.15,26.69],[50.21,26.28],[50.11,25.94],[50.24,25.61],[50.53,25.33],[50.66,25.0],[50.81,24.75],[51.11,24.56],[51.39,24.63],[51.58,24.25],[51.62,24.01],[52.0,23.0],[55.01,22.5],[55.21,22.71],[55.67,22.0],[55.0,20.0],[52.0,19.0],[49.12,18.62],[48.18,18.17],[47.47,17.12],[47.0,16.95],[46.75,17.28],[46.37,17.23],[45.4,17.33],[45.22,17.43],[44.06,17.41],[43.79,17.32],[43.38,17.58],[43.12,17.09],[43.22,16.67],[42.78,16.35],[42.65,16.77],[42.35,17.08],[42.27,17.47],[41.75,17.83],[41.22,18.67],[40.94,19.49],[40.25,20.17],[39.8,20.34],[39.14,21.29],[39.02,21.99],[39.07,22.58],[38.49,23.69],[38.02,24.08],[37.48,24.29],[37.15,24.86],[37.21,25.08],[36.93,25.6],[36.64,25.83],[36.25,26.57],[35.64,27.38],[35.13,28.06],[34.63,28.06],[34.79,28.61],[34.83,28.96],[34.96,29.36]]]},"properties":{"iso":"SAU","name":"Saudi Arabia","area_km2":1924274,"n":1635986,"ha":18506.8,"ha_per_1e4km2":96.18,"weeks":[{"w":"2026-10-03","n":2294,"ha":24.53},{"w":"2026-09-26","n":36100,"ha":399.88},{"w":"2026-09-19","n":137668,"ha":1572.35},{"w":"2026-09-12","n":233790,"ha":2676.03},{"w":"2026-09-05","n":363718,"ha":4195.91},{"w":"2026-08-29","n":250410,"ha":2847.59},{"w":"2026-08-22","n":152020,"ha":1699.04},{"w":"2026-08-15","n":176666,"ha":1969.41},{"w":"2026-08-08","n":91025,"ha":1015.9},{"w":"2026-08-01","n":118853,"ha":1302.73},{"w":"2026-07-25","n":73442,"ha":803.43}]}},{"type":"Feature","geometry":{"type":"Polygon","coordinates":[[[24.57,8.23],[23.81,8.67],[23.46,8.95],[23.39,9.27],[23.56,9.68],[23.55,10.09],[22.98,10.71],[22.86,11.14],[22.88,11.38],[22.51,11.68],[22.5,12.26],[22.29,12.65],[21.94,12.59],[22.04,12.96],[22.3,13.37],[22.18,13.79],[22.51,14.09],[22.3,14.33],[22.57,14.94],[23.02,15.68],[23.89,15.61],[23.84,19.58],[23.85,20],[25,20.0],[25,22],[29.02,22],[32.9,22],[36.87,22],[37.19,21.02],[36.97,20.84],[37.11,19.81],[37.48,18.61],[37.86,18.37],[38.41,18.0],[37.9,17.43],[37.17,17.26],[36.85,16.96],[36.75,16.29],[36.32,14.82],[36.43,14.42],[36.27,13.56],[35.86,12.58],[35.26,12.08],[34.83,11.32],[34.73,10.91],[34.26,10.63],[33.96,9.58],[33.97,8.68],[33.96,9.46],[33.82,9.48],[33.84,9.98],[33.72,10.33],[33.21,10.72],[33.09,11.44],[33.21,12.18],[32.74,12.25],[32.67,12.02],[32.07,11.97],[32.31,11.68],[32.4,11.08],[31.85,10.53],[31.35,9.81],[30.84,9.71],[30.0,10.29],[29.62,10.08],[29.52,9.79],[29.0,9.6],[28.97,9.4],[27.97,9.4],[27.83,9.6],[27.11,9.64],[26.75,9.47],[26.48,9.55],[25.96,10.14],[25.79,10.41],[25.07,10.27],[24.79,9.81],[24.54,8.92],[24.19,8.73],[23.89,8.62],[24.57,8.23]]]},"properties":{"iso":"SDN","name":"Sudan","area_km2":1856202,"n":485970003,"ha":5845955.0,"ha_per_1e4km2":31494.17,"weeks":[{"w":"2026-10-03","n":58002,"ha":698.94},{"w":"2026-09-26","n":3021748,"ha":36270.71},{"w":"2026-09-19","n":20118545,"ha":241836.73},{"w":"2026-09-12","n":41411078,"ha":498992.28},{"w":"2026-09-05","n":45206426,"ha":543921.07},{"w":"2026-08-29","n":75332438,"ha":907104.41},{"w":"2026-08-22","n":58212530,"ha":700255.35},{"w":"2026-08-15","n":87614336,"ha":1052216.81},{"w":"2026-08-08","n":83479963,"ha":1003100.17},{"w":"2026-08-01","n":26858544,"ha":323154.83},{"w":"2026-07-25","n":44656393,"ha":538403.75}]}},{"type":"Feature","geometry":{"type":"Polygon","coordinates":[[[-16.71,13.59],[-17.13,14.37],[-17.63,14.73],[-17.19,14.92],[-16.7,15.62],[-16.46,16.14],[-16.12,16.46],[-15.62,16.37],[-15.14,16.59],[-14.58,16.6],[-14.1,16.3],[-13.44,16.04],[-12.83,15.3],[-12.17,14.62],[-12.12,13.99],[-11.93,13.42],[-11.55,13.14],[-11.47,12.75],[-11.51,12.44],[-11.66,12.39],[-12.2,12.47],[-12.28,12.35],[-12.5,12.33],[-13.22,12.58],[-13.7,12.59],[-15.55,12.63],[-15.82,12.52],[-16.15,12.55],[-16.68,12.38],[-16.84,13.15],[-15.93,13.13],[-15.69,13.27],[-15.51,13.28],[-15.14,13.51],[-14.71,13.3],[-14.28,13.28],[-13.84,13.51],[-14.05,13.79],[-14.38,13.63],[-14.69,13.63],[-15.08,13.88],[-15.4,13.86],[-15.62,13.62],[-16.71,13.59]]]},"properties":{"iso":"SEN","name":"Senegal","area_km2":195113,"n":31309696,"ha":372692.6,"ha_per_1e4km2":19101.37,"weeks":[{"w":"2026-10-03","n":4424,"ha":52.64},{"w":"2026-09-26","n":92346,"ha":1099.58},{"w":"2026-09-19","n":3231728,"ha":38462.99},{"w":"2026-09-12","n":4545524,"ha":54129.36},{"w":"2026-09-05","n":8664493,"ha":103126.57},{"w":"2026-08-29","n":5339163,"ha":63537.23},{"w":"2026-08-22","n":5050701,"ha":60127.52},{"w":"2026-08-15","n":1511720,"ha":17980.21},{"w":"2026-08-08","n":912386,"ha":10866.06},{"w":"2026-08-01","n":1788070,"ha":21294.24},{"w":"2026-07-25","n":169141,"ha":2016.2}]}},{"type":"Feature","geometry":{"type":"MultiPolygon","coordinates":[[[[162.12,-10.48],[162.4,-10.83],[161.7,-10.82],[161.32,-10.2],[161.92,-10.45],[162.12,-10.48]]],[[[161.68,-9.6],[161.53,-9.78],[160.79,-8.92],[160.58,-8.32],[160.92,-8.32],[161.28,-9.12],[161.68,-9.6]]],[[[160.85,-9.87],[160.46,-9.9],[159.85,-9.79],[159.64,-9.64],[159.7,-9.24],[160.36,-9.4],[160.69,-9.61],[160.85,-9.87]]],[[[159.64,-8.02],[159.88,-8.34],[159.92,-8.54],[159.13,-8.11],[158.59,-7.75],[158.21,-7.42],[158.36,-7.32],[158.82,-7.56],[159.64,-8.02]]],[[[157.14,-7.02],[157.54,-7.35],[157.34,-7.4],[156.9,-7.18],[156.49,-6.77],[156.54,-6.6],[157.14,-7.02]]]]},"properties":{"iso":"SLB","name":"Solomon Islands","area_km2":24827,"n":102663,"ha":1248.6,"ha_per_1e4km2":502.92,"weeks":[{"w":"2026-09-26","n":2263,"ha":27.51},{"w":"2026-09-19","n":11735,"ha":142.67},{"w":"2026-09-12","n":3965,"ha":48.32},{"w":"2026-09-05","n":2306,"ha":28.13},{"w":"2026-08-29","n":2695,"ha":32.78},{"w":"2026-08-22","n":4738,"ha":57.62},{"w":"2026-08-15","n":38017,"ha":462.23},{"w":"2026-08-08","n":12712,"ha":154.54},{"w":"2026-08-01","n":2691,"ha":32.74},{"w":"2026-07-25","n":21541,"ha":262.05}]}},{"type":"Feature","geometry":{"type":"Polygon","coordinates":[[[-13.25,8.9],[-12.71,9.34],[-12.6,9.62],[-12.43,9.84],[-12.15,9.86],[-11.92,10.05],[-11.12,10.05],[-10.84,9.69],[-10.62,9.27],[-10.65,8.98],[-10.49,8.72],[-10.51,8.35],[-10.23,8.41],[-10.7,7.94],[-11.15,7.4],[-11.2,7.11],[-11.44,6.79],[-11.71,6.86],[-12.43,7.26],[-12.95,7.8],[-13.12,8.16],[-13.25,8.9]]]},"properties":{"iso":"SLE","name":"Sierra Leone","area_km2":76301,"n":18785,"ha":228.8,"ha_per_1e4km2":29.99,"weeks":[{"w":"2026-10-03","n":2090,"ha":25.46},{"w":"2026-09-26","n":74,"ha":0.9},{"w":"2026-09-19","n":220,"ha":2.68},{"w":"2026-09-12","n":10393,"ha":126.54},{"w":"2026-09-05","n":440,"ha":5.36},{"w":"2026-08-29","n":520,"ha":6.33},{"w":"2026-08-22","n":680,"ha":8.29},{"w":"2026-08-15","n":2253,"ha":27.44},{"w":"2026-08-08","n":401,"ha":4.88},{"w":"2026-08-01","n":1596,"ha":19.45},{"w":"2026-07-25","n":118,"ha":1.44}]}},{"type":"Feature","geometry":{"type":"Polygon","coordinates":[[[-89.35,14.42],[-89.06,14.34],[-88.84,14.14],[-88.54,13.98],[-88.5,13.85],[-88.07,13.96],[-87.86,13.89],[-87.72,13.79],[-87.79,13.38],[-87.9,13.15],[-88.48,13.16],[-88.84,13.26],[-89.26,13.46],[-89.81,13.52],[-90.1,13.74],[-90.06,13.88],[-89.72,14.13],[-89.53,14.24],[-89.59,14.36],[-89.35,14.42]]]},"properties":{"iso":"SLV","name":"El Salvador","area_km2":20972,"n":8534285,"ha":102186.6,"ha_per_1e4km2":48725.25,"weeks":[{"w":"2026-10-10","n":104,"ha":1.25},{"w":"2026-10-03","n":559,"ha":6.69},{"w":"2026-09-26","n":1934,"ha":23.14},{"w":"2026-09-19","n":12540,"ha":150.08},{"w":"2026-09-12","n":146847,"ha":1758.26},{"w":"2026-09-05","n":127660,"ha":1528.14},{"w":"2026-08-29","n":591669,"ha":7084.71},{"w":"2026-08-22","n":1361388,"ha":16301.35},{"w":"2026-08-15","n":2503665,"ha":29981.34},{"w":"2026-08-08","n":1169021,"ha":13995.31},{"w":"2026-08-01","n":2101975,"ha":25164.86},{"w":"2026-07-25","n":516923,"ha":6191.46}]}},{"type":"Feature","geometry":{"type":"Polygon","coordinates":[[[41.59,-1.68],[40.99,-0.86],[40.98,2.78],[41.86,3.92],[42.13,4.23],[42.77,4.25],[43.66,4.96],[44.96,5.0],[47.79,8.0],[48.49,8.84],[48.94,9.45],[48.94,9.97],[48.94,10.98],[48.94,11.39],[48.95,11.41],[48.95,11.41],[49.27,11.43],[49.73,11.58],[50.26,11.68],[50.73,12.02],[51.11,12.02],[51.13,11.75],[51.04,11.17],[51.05,10.64],[50.83,10.28],[50.55,9.2],[50.07,8.08],[49.45,6.8],[48.59,5.34],[47.74,4.22],[46.56,2.86],[45.56,2.05],[44.07,1.05],[43.14,0.29],[42.04,-0.92],[41.81,-1.45],[41.59,-1.68]]]},"properties":{"iso":"SOM","name":"Somalia","area_km2":486271,"n":595470,"ha":7304.8,"ha_per_1e4km2":150.22,"weeks":[{"w":"2026-10-10","n":21,"ha":0.26},{"w":"2026-10-03","n":15,"ha":0.18},{"w":"2026-09-26","n":4132,"ha":50.13},{"w":"2026-09-19","n":6846,"ha":83.17},{"w":"2026-09-12","n":11321,"ha":137.62},{"w":"2026-09-05","n":20323,"ha":248.53},{"w":"2026-08-29","n":65710,"ha":799.99},{"w":"2026-08-22","n":40944,"ha":500.04},{"w":"2026-08-15","n":71974,"ha":885.1},{"w":"2026-08-08","n":147190,"ha":1809.57},{"w":"2026-08-01","n":148594,"ha":1826.62},{"w":"2026-07-25","n":78400,"ha":963.55}]}},{"type":"Feature","geometry":{"type":"Polygon","coordinates":[[[30.83,3.51],[29.95,4.17],[29.72,4.6],[29.16,4.39],[28.7,4.46],[28.43,4.29],[27.98,4.41],[27.37,5.23],[27.21,5.55],[26.47,5.95],[26.21,6.55],[25.8,6.98],[25.12,7.5],[25.11,7.83],[24.57,8.23],[23.89,8.62],[24.19,8.73],[24.54,8.92],[24.79,9.81],[25.07,10.27],[25.79,10.41],[25.96,10.14],[26.48,9.55],[26.75,9.47],[27.11,9.64],[27.83,9.6],[27.97,9.4],[28.97,9.4],[29.0,9.6],[29.52,9.79],[29.62,10.08],[30.0,10.29],[30.84,9.71],[31.35,9.81],[31.85,10.53],[32.4,11.08],[32.31,11.68],[32.07,11.97],[32.67,12.02],[32.74,12.25],[33.21,12.18],[33.09,11.44],[33.21,10.72],[33.72,10.33],[33.84,9.98],[33.82,9.48],[33.96,9.46],[33.97,8.68],[33.83,8.38],[33.29,8.35],[32.95,7.78],[33.57,7.71],[34.08,7.23],[34.25,6.83],[34.71,6.59],[35.3,5.51],[34.62,4.85],[34.01,4.25],[33.39,3.79],[32.69,3.79],[31.88,3.56],[31.25,3.78],[30.83,3.51]]]},"properties":{"iso":"SSD","name":"South Sudan","area_km2":627561,"n":347024588,"ha":4237804.7,"ha_per_1e4km2":67528.17,"weeks":[{"w":"2026-10-10","n":675,"ha":8.27},{"w":"2026-10-03","n":14349,"ha":176.05},{"w":"2026-09-26","n":12787824,"ha":156599.64},{"w":"2026-09-19","n":32232771,"ha":394793.48},{"w":"2026-09-12","n":51166012,"ha":626001.29},{"w":"2026-09-05","n":30555489,"ha":373829.48},{"w":"2026-08-29","n":102124376,"ha":1245178.69},{"w":"2026-08-22","n":10899233,"ha":133336.63},{"w":"2026-08-15","n":23622476,"ha":287774.81},{"w":"2026-08-08","n":24226978,"ha":294886.96},{"w":"2026-08-01","n":29132785,"ha":355864.87},{"w":"2026-07-25","n":30261620,"ha":369354.57}]}},{"type":"Feature","geometry":{"type":"Polygon","coordinates":[[[-54.52,2.31],[-55.1,2.52],[-55.57,2.42],[-55.97,2.51],[-56.07,2.22],[-55.91,2.02],[-56.0,1.82],[-56.54,1.9],[-57.15,2.77],[-57.28,3.33],[-57.6,3.33],[-58.04,4.06],[-57.86,4.58],[-57.91,4.81],[-57.31,5.07],[-57.15,5.97],[-55.95,5.77],[-55.84,5.95],[-55.03,6.03],[-53.96,5.76],[-54.48,4.9],[-54.4,4.21],[-54.01,3.62],[-54.18,3.19],[-54.27,2.73],[-54.52,2.31]]]},"properties":{"iso":"SUR","name":"Suriname","area_km2":144902,"n":3224730,"ha":39573.4,"ha_per_1e4km2":2731.05,"weeks":[{"w":"2026-10-10","n":118984,"ha":1459.55},{"w":"2026-10-03","n":157338,"ha":1930.18},{"w":"2026-09-26","n":260972,"ha":3202.12},{"w":"2026-09-19","n":177490,"ha":2178.85},{"w":"2026-09-12","n":391638,"ha":4808.13},{"w":"2026-09-05","n":428629,"ha":5260.95},{"w":"2026-08-29","n":190017,"ha":2331.55},{"w":"2026-08-22","n":290843,"ha":3568.91},{"w":"2026-08-15","n":337751,"ha":4143.95},{"w":"2026-08-08","n":264513,"ha":3245.92},{"w":"2026-08-01","n":234479,"ha":2878.11},{"w":"2026-07-25","n":372076,"ha":4565.2}]}},{"type":"Feature","geometry":{"type":"Polygon","coordinates":[[[32.07,-26.73],[31.87,-27.18],[31.28,-27.29],[30.69,-26.74],[30.68,-26.4],[30.95,-26.02],[31.04,-25.73],[31.33,-25.66],[31.84,-25.84],[31.99,-26.29],[32.07,-26.73]]]},"properties":{"iso":"SWZ","name":"eSwatini","area_km2":18147,"n":373565,"ha":4126.4,"ha_per_1e4km2":2273.87,"weeks":[{"w":"2026-10-03","n":6136,"ha":67.83},{"w":"2026-09-26","n":1829,"ha":20.19},{"w":"2026-09-19","n":15057,"ha":166.18},{"w":"2026-09-12","n":3044,"ha":33.53},{"w":"2026-09-05","n":53704,"ha":593.5},{"w":"2026-08-29","n":40917,"ha":452.05},{"w":"2026-08-22","n":69396,"ha":766.68},{"w":"2026-08-15","n":55241,"ha":610.11},{"w":"2026-08-08","n":48676,"ha":537.19},{"w":"2026-08-01","n":41100,"ha":454.16},{"w":"2026-07-25","n":38465,"ha":424.99}]}},{"type":"Feature","geometry":{"type":"Polygon","coordinates":[[[23.84,19.58],[23.89,15.61],[23.02,15.68],[22.57,14.94],[22.3,14.33],[22.51,14.09],[22.18,13.79],[22.3,13.37],[22.04,12.96],[21.94,12.59],[22.29,12.65],[22.5,12.26],[22.51,11.68],[22.88,11.38],[22.86,11.14],[22.23,10.97],[21.72,10.57],[21.0,9.48],[20.06,9.01],[19.09,9.07],[18.81,8.98],[18.91,8.63],[18.39,8.28],[17.96,7.89],[16.71,7.51],[16.46,7.73],[16.29,7.75],[16.11,7.5],[15.28,7.42],[15.44,7.69],[15.12,8.38],[14.98,8.8],[14.54,8.97],[13.95,9.55],[14.17,10.02],[14.63,9.92],[14.91,9.99],[15.47,9.98],[14.92,10.89],[14.96,11.56],[14.89,12.22],[14.5,12.86],[14.6,13.33],[13.95,13.35],[13.96,14.0],[13.54,14.37],[13.97,15.68],[15.25,16.63],[15.3,17.93],[15.69,19.96],[15.9,20.39],[15.49,20.73],[15.47,21.05],[15.1,21.31],[14.85,22.86],[15.86,23.41],[19.85,21.5],[23.84,19.58]]]},"properties":{"iso":"TCD","name":"Chad","area_km2":1274815,"n":199963703,"ha":2404453.3,"ha_per_1e4km2":18861.19,"weeks":[{"w":"2026-10-03","n":4,"ha":0.05},{"w":"2026-09-26","n":812180,"ha":9815.4},{"w":"2026-09-19","n":4036292,"ha":48544.66},{"w":"2026-09-12","n":13720837,"ha":164711.55},{"w":"2026-09-05","n":6958646,"ha":83402.12},{"w":"2026-08-29","n":37039030,"ha":445069.75},{"w":"2026-08-22","n":13440038,"ha":161704.1},{"w":"2026-08-15","n":14303046,"ha":171773.44},{"w":"2026-08-08","n":41445781,"ha":498417.3},{"w":"2026-08-01","n":30117101,"ha":362231.43},{"w":"2026-07-25","n":38090748,"ha":458783.53}]}},{"type":"Feature","geometry":{"type":"Polygon","coordinates":[[[0.9,11.0],[0.77,10.47],[1.08,10.18],[1.43,9.83],[1.46,9.33],[1.66,9.13],[1.62,6.83],[1.87,6.14],[1.06,5.93],[0.84,6.28],[0.57,6.91],[0.49,7.41],[0.71,8.31],[0.46,8.68],[0.37,9.47],[0.37,10.19],[-0.05,10.71],[0.02,11.02],[0.9,11.0]]]},"properties":{"iso":"TGO","name":"Togo","area_km2":61224,"n":75600,"ha":916.3,"ha_per_1e4km2":149.66,"weeks":[{"w":"2026-10-03","n":3057,"ha":37.36},{"w":"2026-09-26","n":6,"ha":0.07},{"w":"2026-09-19","n":9561,"ha":116.14},{"w":"2026-09-12","n":28947,"ha":350.48},{"w":"2026-09-05","n":10435,"ha":126.37},{"w":"2026-08-29","n":9274,"ha":112.22},{"w":"2026-08-22","n":2561,"ha":30.98},{"w":"2026-08-15","n":3905,"ha":47.24},{"w":"2026-08-08","n":2721,"ha":33.16},{"w":"2026-08-01","n":466,"ha":5.67},{"w":"2026-07-25","n":4667,"ha":56.61}]}},{"type":"Feature","geometry":{"type":"Polygon","coordinates":[[[105.22,14.27],[104.28,14.42],[102.99,14.23],[102.35,13.39],[102.58,12.19],[101.69,12.65],[100.83,12.63],[100.98,13.41],[100.1,13.41],[100.02,12.31],[99.48,10.85],[99.15,9.96],[99.22,9.24],[99.87,9.21],[100.28,8.3],[100.46,7.43],[101.02,6.86],[101.62,6.74],[102.14,6.22],[101.81,5.81],[101.15,5.69],[101.08,6.2],[100.26,6.64],[100.09,6.46],[99.69,6.85],[99.52,7.34],[98.99,7.91],[98.5,8.38],[98.34,7.79],[98.15,8.35],[98.26,8.97],[98.55,9.93],[99.04,10.96],[99.59,11.89],[99.2,12.8],[99.21,13.27],[99.1,13.83],[98.43,14.62],[98.19,15.12],[98.54,15.31],[98.9,16.18],[98.49,16.84],[97.86,17.57],[97.38,18.45],[97.8,18.63],[98.25,19.71],[98.96,19.75],[99.54,20.19],[100.12,20.42],[100.55,20.11],[100.61,19.51],[101.28,19.46],[101.04,18.41],[101.06,17.51],[102.11,18.11],[102.41,17.93],[103.0,17.96],[103.2,18.31],[103.96,18.24],[104.72,17.43],[104.78,16.44],[105.59,15.57],[105.54,14.72],[105.22,14.27]]]},"properties":{"iso":"THA","name":"Thailand","area_km2":511935,"n":3455329,"ha":41378.8,"ha_per_1e4km2":808.28,"weeks":[{"w":"2026-10-03","n":13463,"ha":160.91},{"w":"2026-09-26","n":158841,"ha":1877.86},{"w":"2026-09-19","n":118249,"ha":1381.91},{"w":"2026-09-12","n":504618,"ha":5981.41},{"w":"2026-09-05","n":192654,"ha":2286.36},{"w":"2026-08-29","n":238933,"ha":2881.83},{"w":"2026-08-22","n":92162,"ha":1114.94},{"w":"2026-08-15","n":182164,"ha":2187.15},{"w":"2026-08-08","n":262527,"ha":3172.27},{"w":"2026-08-01","n":217139,"ha":2629.21},{"w":"2026-07-25","n":1474579,"ha":17704.96}]}},{"type":"Feature","geometry":{"type":"Polygon","coordinates":[[[124.97,-8.89],[125.09,-8.66],[125.95,-8.43],[126.64,-8.4],[126.96,-8.27],[127.34,-8.4],[126.97,-8.67],[125.93,-9.11],[125.09,-9.39],[125.07,-9.09],[124.97,-8.89]]]},"properties":{"iso":"TLS","name":"East Timor","area_km2":14772,"n":406590,"ha":4946.9,"ha_per_1e4km2":3348.84,"weeks":[{"w":"2026-10-03","n":29,"ha":0.35},{"w":"2026-09-26","n":1094,"ha":13.3},{"w":"2026-09-19","n":46557,"ha":566.13},{"w":"2026-09-12","n":43760,"ha":532.41},{"w":"2026-09-05","n":37556,"ha":456.89},{"w":"2026-08-29","n":31204,"ha":379.62},{"w":"2026-08-22","n":75358,"ha":916.75},{"w":"2026-08-15","n":77557,"ha":944.1},{"w":"2026-08-08","n":63821,"ha":776.64},{"w":"2026-08-01","n":23915,"ha":290.96},{"w":"2026-07-25","n":5739,"ha":69.78}]}},{"type":"Feature","geometry":{"type":"Polygon","coordinates":[[[-61.68,10.76],[-61.1,10.89],[-60.9,10.86],[-60.94,10.11],[-61.77,10],[-61.95,10.09],[-61.66,10.37],[-61.68,10.76]]]},"properties":{"iso":"TTO","name":"Trinidad and Tobago","area_km2":7770,"n":103756,"ha":1256.4,"ha_per_1e4km2":1616.99,"weeks":[{"w":"2026-10-03","n":3622,"ha":43.75},{"w":"2026-09-26","n":1382,"ha":16.73},{"w":"2026-09-19","n":4369,"ha":52.9},{"w":"2026-09-12","n":4390,"ha":53.16},{"w":"2026-09-05","n":10424,"ha":126.26},{"w":"2026-08-29","n":2511,"ha":30.41},{"w":"2026-08-22","n":4981,"ha":60.32},{"w":"2026-08-15","n":7575,"ha":91.75},{"w":"2026-08-08","n":31853,"ha":385.74},{"w":"2026-08-01","n":23215,"ha":281.09},{"w":"2026-07-25","n":9434,"ha":114.25}]}},{"type":"Feature","geometry":{"type":"Polygon","coordinates":[[[121.78,24.39],[121.18,22.79],[120.75,21.97],[120.22,22.81],[120.11,23.56],[120.69,24.54],[121.5,25.3],[121.95,25.0],[121.78,24.39]]]},"properties":{"iso":"TWN","name":"Taiwan","area_km2":34449,"n":741178,"ha":8360.0,"ha_per_1e4km2":2426.78,"weeks":[{"w":"2026-10-03","n":84,"ha":0.94},{"w":"2026-09-26","n":3762,"ha":42.26},{"w":"2026-09-19","n":225891,"ha":2543.87},{"w":"2026-09-12","n":314080,"ha":3546.19},{"w":"2026-09-05","n":655,"ha":7.41},{"w":"2026-08-29","n":54022,"ha":608.95},{"w":"2026-08-22","n":55446,"ha":626.03},{"w":"2026-08-15","n":5071,"ha":57.23},{"w":"2026-08-08","n":49869,"ha":562.68},{"w":"2026-08-01","n":19774,"ha":223.22},{"w":"2026-07-25","n":12524,"ha":141.23}]}},{"type":"Feature","geometry":{"type":"Polygon","coordinates":[[[33.9,-0.95],[34.07,-1.06],[37.7,-3.1],[37.77,-3.68],[39.2,-4.68],[38.74,-5.91],[38.8,-6.48],[39.44,-6.84],[39.47,-7.1],[39.19,-7.7],[39.25,-8.01],[39.19,-8.49],[39.54,-9.11],[39.95,-10.1],[40.32,-10.32],[40.32,-10.32],[39.52,-10.9],[38.43,-11.29],[37.83,-11.27],[37.47,-11.57],[36.78,-11.59],[36.51,-11.72],[35.31,-11.44],[34.56,-11.52],[34.28,-10.16],[33.94,-9.69],[33.74,-9.42],[32.76,-9.23],[32.19,-8.93],[31.56,-8.76],[31.16,-8.59],[30.74,-8.34],[30.74,-8.34],[30.2,-7.08],[29.62,-6.52],[29.42,-5.94],[29.52,-5.42],[29.34,-4.5],[29.75,-4.45],[30.12,-4.09],[30.51,-3.57],[30.75,-3.36],[30.74,-3.03],[30.53,-2.81],[30.47,-2.41],[30.47,-2.41],[30.76,-2.29],[30.82,-1.7],[30.42,-1.13],[30.77,-1.01],[31.87,-1.03],[33.9,-0.95]]]},"properties":{"iso":"TZA","name":"United Republic of Tanzania","area_km2":936793,"n":28284247,"ha":346583.5,"ha_per_1e4km2":3699.68,"weeks":[{"w":"2026-10-10","n":5663,"ha":69.29},{"w":"2026-10-03","n":17599,"ha":214.95},{"w":"2026-09-26","n":1283951,"ha":15732.3},{"w":"2026-09-19","n":2509102,"ha":30764.05},{"w":"2026-09-12","n":3013665,"ha":36933.2},{"w":"2026-09-05","n":3391777,"ha":41582.12},{"w":"2026-08-29","n":3846609,"ha":47182.77},{"w":"2026-08-22","n":3549880,"ha":43535.31},{"w":"2026-08-15","n":2507086,"ha":30705.59},{"w":"2026-08-08","n":2410568,"ha":29519.89},{"w":"2026-08-01","n":3609278,"ha":44175.71},{"w":"2026-07-25","n":2139069,"ha":26168.32}]}},{"type":"Feature","geometry":{"type":"Polygon","coordinates":[[[33.9,-0.95],[31.87,-1.03],[30.77,-1.01],[30.42,-1.13],[29.82,-1.44],[29.58,-1.34],[29.59,-0.59],[29.82,-0.21],[29.88,0.6],[30.09,1.06],[30.47,1.58],[30.85,1.85],[31.17,2.2],[30.77,2.34],[30.83,3.51],[30.83,3.51],[31.25,3.78],[31.88,3.56],[32.69,3.79],[33.39,3.79],[34.01,4.25],[34.48,3.56],[34.6,3.05],[35.04,1.91],[34.67,1.18],[34.18,0.52],[33.89,0.11],[33.9,-0.95]]]},"properties":{"iso":"UGA","name":"Uganda","area_km2":246860,"n":148984326,"ha":1832104.3,"ha_per_1e4km2":74216.33,"weeks":[{"w":"2026-10-10","n":18080,"ha":222.51},{"w":"2026-10-03","n":97800,"ha":1203.17},{"w":"2026-09-26","n":10123193,"ha":124467.05},{"w":"2026-09-19","n":13421751,"ha":165017.38},{"w":"2026-09-12","n":14197245,"ha":174597.02},{"w":"2026-09-05","n":27286455,"ha":335517.86},{"w":"2026-08-29","n":38570299,"ha":474319.19},{"w":"2026-08-22","n":10753887,"ha":132289.76},{"w":"2026-08-15","n":8318644,"ha":102339.86},{"w":"2026-08-08","n":7644537,"ha":94019.93},{"w":"2026-08-01","n":6374155,"ha":78369.28},{"w":"2026-07-25","n":12178280,"ha":149741.31}]}},{"type":"Feature","geometry":{"type":"Polygon","coordinates":[[[-57.63,-30.22],[-56.98,-30.11],[-55.97,-30.88],[-55.6,-30.85],[-54.57,-31.49],[-53.79,-32.05],[-53.21,-32.73],[-53.65,-33.2],[-53.37,-33.77],[-53.81,-34.4],[-54.94,-34.95],[-55.67,-34.75],[-56.22,-34.86],[-57.14,-34.43],[-57.82,-34.46],[-58.43,-33.91],[-58.35,-33.26],[-58.13,-33.04],[-58.14,-32.04],[-57.87,-31.02],[-57.63,-30.22]]]},"properties":{"iso":"URY","name":"Uruguay","area_km2":176977,"n":25587322,"ha":264552.2,"ha_per_1e4km2":14948.39,"weeks":[{"w":"2026-10-03","n":9906,"ha":104.75},{"w":"2026-09-26","n":26042,"ha":272.4},{"w":"2026-09-19","n":3263380,"ha":33663.11},{"w":"2026-09-12","n":3804047,"ha":39335.57},{"w":"2026-09-05","n":6082466,"ha":62756.22},{"w":"2026-08-29","n":1681862,"ha":17507.65},{"w":"2026-08-22","n":5315038,"ha":55030.68},{"w":"2026-08-15","n":1711401,"ha":17656.02},{"w":"2026-08-08","n":1388193,"ha":14437.22},{"w":"2026-08-01","n":1925640,"ha":19886.64},{"w":"2026-07-25","n":379347,"ha":3901.89}]}},{"type":"Feature","geometry":{"type":"MultiPolygon","coordinates":[[[[-122.84,49],[-120,49],[-117.03,49],[-116.05,49],[-113,49],[-110.05,49],[-107.05,49],[-104.05,49.0],[-100.65,49],[-97.23,49.0],[-95.16,49],[-95.16,49.38],[-94.82,49.39],[-94.64,48.84],[-94.33,48.67],[-93.63,48.61],[-92.61,48.45],[-91.64,48.14],[-90.83,48.27],[-89.6,48.01],[-89.27,48.02],[-88.38,48.3],[-87.44,47.94],[-86.46,47.55],[-85.65,47.22],[-84.88,46.9],[-84.78,46.64],[-84.54,46.54],[-84.6,46.44],[-84.34,46.41],[-84.14,46.51],[-84.09,46.28],[-83.89,46.12],[-83.62,46.12],[-83.47,45.99],[-83.59,45.82],[-82.55,45.35],[-82.34,44.44],[-82.14,43.57],[-82.43,42.98],[-82.9,42.43],[-83.12,42.08],[-83.14,41.98],[-83.03,41.83],[-82.69,41.68],[-82.44,41.68],[-81.28,42.21],[-80.25,42.37],[-78.94,42.86],[-78.92,42.97],[-79.01,43.27],[-79.17,43.47],[-78.72,43.63],[-77.74,43.63],[-76.82,43.63],[-76.5,44.02],[-76.38,44.1],[-75.32,44.82],[-74.87,45.0],[-73.35,45.01],[-71.51,45.01],[-71.41,45.26],[-71.08,45.31],[-70.66,45.46],[-70.31,45.91],[-70.0,46.69],[-69.24,47.45],[-68.91,47.19],[-68.23,47.35],[-67.79,47.07],[-67.79,45.7],[-67.14,45.14],[-66.96,44.81],[-68.03,44.33],[-69.06,43.98],[-70.12,43.68],[-70.65,43.09],[-70.81,42.87],[-70.83,42.34],[-70.5,41.8],[-70.08,41.78],[-70.19,42.15],[-69.88,41.92],[-69.97,41.64],[-70.64,41.48],[-71.12,41.49],[-71.86,41.32],[-72.3,41.27],[-72.88,41.22],[-73.71,40.93],[-72.24,41.12],[-71.94,40.93],[-73.34,40.63],[-73.98,40.63],[-73.95,40.75],[-74.26,40.47],[-73.96,40.43],[-74.18,39.71],[-74.91,38.94],[-74.98,39.2],[-75.2,39.25],[-75.53,39.5],[-75.32,38.96],[-75.07,38.78],[-75.06,38.4],[-75.38,38.02],[-75.94,37.22],[-76.03,37.26],[-75.72,37.94],[-76.23,38.32],[-76.35,39.15],[-76.54,38.72],[-76.33,38.08],[-76.99,38.24],[-76.3,37.92],[-76.26,36.97],[-75.97,36.9],[-75.87,36.55],[-75.73,35.55],[-76.36,34.81],[-77.4,34.51],[-78.05,33.93],[-78.55,33.86],[-79.06,33.49],[-79.2,33.16],[-80.3,32.51],[-80.86,32.03],[-81.34,31.44],[-81.49,30.73],[-81.31,30.04],[-80.98,29.18],[-80.54,28.47],[-80.53,28.04],[-80.06,26.88],[-80.09,26.21],[-80.13,25.82],[-80.38,25.21],[-80.68,25.08],[-81.17,25.2],[-81.33,25.64],[-81.71,25.87],[-82.24,26.73],[-82.71,27.5],[-82.86,27.89],[-82.65,28.55],[-82.93,29.1],[-83.71,29.94],[-84.1,30.09],[-85.11,29.64],[-85.29,29.69],[-85.77,30.15],[-86.4,30.4],[-87.53,30.27],[-88.42,30.38],[-89.18,30.32],[-89.59,30.16],[-89.41,29.89],[-89.43,29.49],[-89.22,29.29],[-89.41,29.16],[-89.78,29.31],[-90.15,29.12],[-90.88,29.15],[-91.63,29.68],[-92.5,29.55],[-93.23,29.78],[-93.85,29.71],[-94.69,29.48],[-95.6,28.74],[-96.59,28.31],[-97.14,27.83],[-97.37,27.38],[-97.38,26.69],[-97.33,26.21],[-97.14,25.87],[-97.53,25.84],[-98.24,26.06],[-99.02,26.37],[-99.3,26.84],[-99.52,27.54],[-100.11,28.11],[-100.46,28.7],[-100.96,29.38],[-101.66,29.78],[-102.48,29.76],[-103.11,28.97],[-103.94,29.27],[-104.46,29.57],[-104.71,30.12],[-105.04,30.64],[-105.63,31.08],[-106.14,31.4],[-106.51,31.75],[-108.24,31.75],[-108.24,31.34],[-109.03,31.34],[-111.02,31.33],[-113.3,32.04],[-114.81,32.53],[-114.72,32.72],[-115.99,32.61],[-117.13,32.54],[-117.3,33.05],[-117.94,33.62],[-118.41,33.74],[-118.52,34.03],[-119.08,34.08],[-119.44,34.35],[-120.37,34.45],[-120.62,34.61],[-120.74,35.16],[-121.71,36.16],[-122.55,37.55],[-122.51,37.78],[-122.95,38.11],[-123.73,38.95],[-123.87,39.77],[-124.4,40.31],[-124.18,41.14],[-124.21,42.0],[-124.53,42.77],[-124.14,43.71],[-124.02,44.62],[-123.9,45.52],[-124.08,46.86],[-124.4,47.72],[-124.69,48.18],[-124.57,48.38],[-123.12,48.04],[-122.59,47.1],[-122.34,47.36],[-122.5,48.18],[-122.84,49]]],[[[-155.4,20.08],[-155.22,19.99],[-155.06,19.86],[-154.81,19.51],[-154.83,19.45],[-155.22,19.24],[-155.54,19.08],[-155.69,18.92],[-155.94,19.06],[-155.91,19.34],[-156.07,19.7],[-156.02,19.81],[-155.85,19.98],[-155.92,20.17],[-155.86,20.27],[-155.79,20.25],[-155.4,20.08]]],[[[-156.0,20.76],[-156.08,20.64],[-156.41,20.57],[-156.59,20.78],[-156.7,20.86],[-156.71,20.93],[-156.61,21.01],[-156.26,20.92],[-156.0,20.76]]],[[[-156.76,21.18],[-156.79,21.07],[-157.33,21.1],[-157.25,21.22],[-156.76,21.18]]],[[[-158.03,21.72],[-157.94,21.65],[-157.65,21.32],[-157.71,21.26],[-157.78,21.28],[-158.13,21.31],[-158.25,21.54],[-158.29,21.58],[-158.03,21.72]]],[[[-159.37,22.21],[-159.35,21.98],[-159.46,21.88],[-159.8,22.07],[-159.75,22.14],[-159.6,22.24],[-159.37,22.21]]],[[[-166.47,60.38],[-165.67,60.29],[-165.58,59.91],[-166.19,59.75],[-166.85,59.94],[-167.46,60.21],[-166.47,60.38]]],[[[-153.23,57.97],[-152.56,57.9],[-152.14,57.59],[-153.01,57.12],[-154.01,56.73],[-154.52,56.99],[-154.67,57.46],[-153.76,57.82],[-153.23,57.97]]],[[[-140.99,69.71],[-140.99,69.71],[-140.99,66.0],[-141.0,60.31],[-140.01,60.28],[-139.04,60],[-138.34,59.56],[-137.45,58.91],[-136.48,59.46],[-135.48,59.79],[-134.94,59.27],[-134.27,58.86],[-133.36,58.41],[-132.73,57.69],[-131.71,56.55],[-130.01,55.92],[-129.98,55.28],[-130.54,54.8],[-130.54,54.8],[-130.54,54.8],[-131.09,55.18],[-131.97,55.5],[-132.25,56.37],[-133.54,57.18],[-134.08,58.12],[-135.04,58.19],[-136.63,58.21],[-137.8,58.5],[-139.87,59.54],[-140.83,59.73],[-142.57,60.08],[-143.96,60.0],[-145.93,60.46],[-147.11,60.88],[-148.22,60.67],[-148.02,59.98],[-148.57,59.91],[-149.73,59.71],[-150.61,59.37],[-151.72,59.16],[-151.86,59.74],[-151.41,60.73],[-150.35,61.03],[-150.62,61.28],[-151.9,60.73],[-152.58,60.06],[-154.02,59.35],[-153.29,58.86],[-154.23,58.15],[-155.31,57.73],[-156.31,57.42],[-156.56,56.98],[-158.12,56.46],[-158.43,55.99],[-159.6,55.57],[-160.29,55.64],[-161.22,55.36],[-162.24,55.02],[-163.07,54.69],[-164.79,54.4],[-164.94,54.57],[-163.85,55.04],[-162.87,55.35],[-161.8,55.89],[-160.56,56.01],[-160.07,56.42],[-158.68,57.02],[-158.46,57.22],[-157.72,57.57],[-157.55,58.33],[-157.04,58.92],[-158.19,58.62],[-158.52,58.79],[-159.06,58.42],[-159.71,58.93],[-159.98,58.57],[-160.36,59.07],[-161.36,58.67],[-161.97,58.67],[-162.05,59.27],[-161.87,59.63],[-162.52,59.99],[-163.82,59.8],[-164.66,60.27],[-165.35,60.51],[-165.35,61.07],[-166.12,61.5],[-165.73,62.07],[-164.92,62.63],[-164.56,63.15],[-163.75,63.22],[-163.07,63.06],[-162.26,63.54],[-161.53,63.46],[-160.77,63.77],[-160.96,64.22],[-161.52,64.4],[-160.78,64.79],[-161.39,64.78],[-162.45,64.56],[-162.76,64.34],[-163.55,64.56],[-164.96,64.45],[-166.43,64.69],[-166.85,65.09],[-168.11,65.67],[-166.71,66.09],[-164.47,66.58],[-163.65,66.58],[-163.79,66.08],[-161.68,66.12],[-162.49,66.74],[-163.72,67.12],[-164.43,67.62],[-165.39,68.04],[-166.76,68.36],[-166.2,68.88],[-164.43,68.92],[-163.17,69.37],[-162.93,69.86],[-161.91,70.33],[-160.93,70.45],[-159.04,70.89],[-158.12,70.82],[-156.58,71.36],[-155.07,71.15],[-154.34,70.7],[-153.9,70.89],[-152.21,70.83],[-152.27,70.6],[-150.74,70.43],[-149.72,70.53],[-147.61,70.21],[-145.69,70.12],[-144.92,69.99],[-143.59,70.15],[-142.07,69.85],[-140.99,69.71],[-140.99,69.71]]],[[[-171.73,63.78],[-171.11,63.59],[-170.49,63.69],[-169.68,63.43],[-168.69,63.3],[-168.77,63.19],[-169.53,62.98],[-170.29,63.19],[-170.67,63.38],[-171.55,63.32],[-171.79,63.41],[-171.73,63.78]]]]},"properties":{"iso":"USA","name":"United States of America","area_km2":9493417,"n":14158378,"ha":154082.9,"ha_per_1e4km2":162.3,"weeks":[{"w":"2026-10-10","n":210,"ha":2.26},{"w":"2026-10-03","n":67983,"ha":732.12},{"w":"2026-09-26","n":151715,"ha":1640.83},{"w":"2026-09-19","n":648699,"ha":6991.26},{"w":"2026-09-12","n":1124877,"ha":12268.6},{"w":"2026-09-05","n":1057106,"ha":11535.01},{"w":"2026-08-29","n":1040658,"ha":11362.58},{"w":"2026-08-22","n":2140236,"ha":23342.69},{"w":"2026-08-15","n":2149002,"ha":23413.23},{"w":"2026-08-08","n":1279888,"ha":13888.13},{"w":"2026-08-01","n":2074656,"ha":22590.13},{"w":"2026-07-25","n":2423348,"ha":26316.08}]}},{"type":"Feature","geometry":{"type":"Polygon","coordinates":[[[-60.73,5.2],[-60.6,4.92],[-60.97,4.54],[-62.09,4.16],[-62.8,4.01],[-63.09,3.77],[-63.89,4.02],[-64.63,4.15],[-64.82,4.06],[-64.37,3.8],[-64.41,3.13],[-64.27,2.5],[-63.42,2.41],[-63.37,2.2],[-64.08,1.92],[-64.2,1.49],[-64.61,1.33],[-65.35,1.1],[-65.55,0.79],[-66.33,0.72],[-66.88,1.25],[-67.18,2.25],[-67.45,2.6],[-67.81,2.82],[-67.3,3.32],[-67.34,3.54],[-67.62,3.84],[-67.82,4.5],[-67.74,5.22],[-67.52,5.56],[-67.34,6.1],[-67.7,6.27],[-68.27,6.15],[-68.99,6.21],[-69.39,6.1],[-70.09,6.96],[-70.67,7.09],[-71.96,6.99],[-72.2,7.34],[-72.44,7.42],[-72.48,7.63],[-72.36,8.0],[-72.44,8.41],[-72.66,8.63],[-72.79,9.09],[-73.3,9.15],[-73.03,9.74],[-72.91,10.45],[-72.61,10.82],[-72.23,11.11],[-71.97,11.61],[-71.33,11.78],[-71.36,11.54],[-71.95,11.42],[-71.62,10.97],[-71.63,10.45],[-72.07,9.87],[-71.7,9.07],[-71.26,9.14],[-71.04,9.86],[-71.35,10.21],[-71.4,10.97],[-70.16,11.38],[-70.29,11.85],[-69.94,12.16],[-69.58,11.46],[-68.88,11.44],[-68.23,10.89],[-68.19,10.55],[-67.3,10.55],[-66.23,10.65],[-65.66,10.2],[-64.89,10.08],[-64.33,10.39],[-64.32,10.64],[-63.08,10.7],[-61.88,10.72],[-62.73,10.42],[-62.39,9.95],[-61.59,9.87],[-60.83,9.38],[-60.67,8.58],[-60.15,8.6],[-59.76,8.37],[-60.55,7.78],[-60.64,7.42],[-60.3,7.04],[-60.54,6.86],[-61.16,6.7],[-61.14,6.23],[-61.41,5.96],[-60.73,5.2]]]},"properties":{"iso":"VEN","name":"Venezuela","area_km2":912337,"n":57228658,"ha":694867.7,"ha_per_1e4km2":7616.35,"weeks":[{"w":"2026-10-10","n":159437,"ha":1954.36},{"w":"2026-10-03","n":82235,"ha":1005.1},{"w":"2026-09-26","n":966389,"ha":11750.57},{"w":"2026-09-19","n":3015265,"ha":36580.8},{"w":"2026-09-12","n":5754332,"ha":69788.92},{"w":"2026-09-05","n":5753145,"ha":69782.44},{"w":"2026-08-29","n":9648898,"ha":117054.1},{"w":"2026-08-22","n":3461336,"ha":42028.53},{"w":"2026-08-15","n":5992962,"ha":72840.3},{"w":"2026-08-08","n":9358024,"ha":113603.84},{"w":"2026-08-01","n":8508229,"ha":103402.37},{"w":"2026-07-25","n":4528406,"ha":55076.4}]}},{"type":"Feature","geometry":{"type":"Polygon","coordinates":[[[104.33,10.49],[105.2,10.89],[106.25,10.96],[105.81,11.57],[107.49,12.34],[107.61,13.54],[107.38,14.2],[107.56,15.2],[107.31,15.91],[106.56,16.6],[105.93,17.49],[105.09,18.67],[103.9,19.27],[104.18,19.62],[104.82,19.89],[104.44,20.76],[103.2,20.77],[102.75,21.68],[102.17,22.46],[102.71,22.71],[103.5,22.7],[104.48,22.82],[105.33,23.35],[105.81,22.98],[106.73,22.79],[106.57,22.22],[107.04,21.81],[108.05,21.55],[106.72,20.7],[105.88,19.75],[105.66,19.06],[106.43,18.0],[107.36,16.7],[108.27,16.08],[108.88,15.28],[109.34,13.43],[109.2,11.67],[108.37,11.01],[107.22,10.36],[106.41,9.53],[105.16,8.6],[104.8,9.24],[105.08,9.92],[104.33,10.49]]]},"properties":{"iso":"VNM","name":"Vietnam","area_km2":337137,"n":10455472,"ha":122555.1,"ha_per_1e4km2":3635.17,"weeks":[{"w":"2026-10-03","n":162669,"ha":1946.59},{"w":"2026-09-26","n":57118,"ha":676.53},{"w":"2026-09-19","n":331287,"ha":3972.37},{"w":"2026-09-12","n":348574,"ha":4113.88},{"w":"2026-09-05","n":1414207,"ha":16399.71},{"w":"2026-08-29","n":674732,"ha":8002.81},{"w":"2026-08-22","n":1117013,"ha":13001.86},{"w":"2026-08-15","n":2533185,"ha":29404.82},{"w":"2026-08-08","n":681945,"ha":8072.82},{"w":"2026-08-01","n":1588394,"ha":18644.83},{"w":"2026-07-25","n":1546348,"ha":18318.88}]}},{"type":"Feature","geometry":{"type":"MultiPolygon","coordinates":[[[[167.22,-15.89],[167.84,-16.47],[167.52,-16.6],[167.18,-16.16],[167.22,-15.89]]],[[[166.79,-15.67],[166.65,-15.39],[166.63,-14.63],[167.11,-14.93],[167.27,-15.74],[167.0,-15.61],[166.79,-15.67]]]]},"properties":{"iso":"VUT","name":"Vanuatu","area_km2":7521,"n":50369,"ha":597.6,"ha_per_1e4km2":794.58,"weeks":[{"w":"2026-09-19","n":91,"ha":1.08},{"w":"2026-09-12","n":296,"ha":3.49},{"w":"2026-09-05","n":1073,"ha":12.69},{"w":"2026-08-29","n":9268,"ha":109.89},{"w":"2026-08-15","n":13649,"ha":162.02},{"w":"2026-08-08","n":94,"ha":1.1},{"w":"2026-08-01","n":25130,"ha":298.29},{"w":"2026-07-25","n":768,"ha":9.04}]}},{"type":"Feature","geometry":{"type":"Polygon","coordinates":[[[52.0,19.0],[52.78,17.35],[53.11,16.65],[52.39,16.38],[52.19,15.94],[52.17,15.6],[51.17,15.18],[49.57,14.71],[48.68,14.0],[48.24,13.95],[47.94,14.01],[47.35,13.59],[46.72,13.4],[45.88,13.35],[45.63,13.29],[45.41,13.03],[45.14,12.95],[44.99,12.7],[44.49,12.72],[44.18,12.59],[43.48,12.64],[43.22,13.22],[43.25,13.77],[43.09,14.06],[42.89,14.8],[42.6,15.21],[42.81,15.26],[42.7,15.72],[42.82,15.91],[42.78,16.35],[43.22,16.67],[43.12,17.09],[43.38,17.58],[43.79,17.32],[44.06,17.41],[45.22,17.43],[45.4,17.33],[46.37,17.23],[46.75,17.28],[47.0,16.95],[47.47,17.12],[48.18,18.17],[49.12,18.62],[52.0,19.0]]]},"properties":{"iso":"YEM","name":"Yemen","area_km2":457341,"n":1062129,"ha":12615.5,"ha_per_1e4km2":275.84,"weeks":[{"w":"2026-10-03","n":15,"ha":0.18},{"w":"2026-09-26","n":14201,"ha":168.8},{"w":"2026-09-19","n":113205,"ha":1341.49},{"w":"2026-09-12","n":267929,"ha":3172.79},{"w":"2026-09-05","n":147426,"ha":1753.57},{"w":"2026-08-29","n":248449,"ha":2955.95},{"w":"2026-08-22","n":168798,"ha":2008.21},{"w":"2026-08-15","n":49916,"ha":594.59},{"w":"2026-08-08","n":25003,"ha":296.4},{"w":"2026-08-01","n":15238,"ha":181.35},{"w":"2026-07-25","n":11949,"ha":142.19}]}},{"type":"Feature","geometry":{"type":"Polygon","coordinates":[[[16.34,-28.58],[16.82,-28.08],[17.22,-28.36],[17.39,-28.78],[17.84,-28.86],[18.46,-29.05],[19.0,-28.97],[19.89,-28.46],[19.9,-24.77],[20.17,-24.92],[20.76,-25.87],[20.67,-26.48],[20.89,-26.83],[21.61,-26.73],[22.11,-26.28],[22.58,-25.98],[22.82,-25.5],[23.31,-25.27],[23.73,-25.39],[24.21,-25.67],[25.03,-25.72],[25.66,-25.49],[25.77,-25.17],[25.94,-24.7],[26.49,-24.62],[26.79,-24.24],[27.12,-23.57],[28.02,-22.83],[29.43,-22.09],[29.84,-22.1],[30.32,-22.27],[30.66,-22.15],[31.19,-22.25],[31.67,-23.66],[31.93,-24.37],[31.75,-25.48],[31.84,-25.84],[31.33,-25.66],[31.04,-25.73],[30.95,-26.02],[30.68,-26.4],[30.69,-26.74],[31.28,-27.29],[31.87,-27.18],[32.07,-26.73],[32.83,-26.74],[32.58,-27.47],[32.46,-28.3],[32.2,-28.75],[31.52,-29.26],[31.33,-29.4],[30.9,-29.91],[30.62,-30.42],[30.06,-31.14],[28.93,-32.17],[28.22,-32.77],[27.46,-33.23],[26.42,-33.61],[25.91,-33.67],[25.78,-33.94],[25.17,-33.8],[24.68,-33.99],[23.59,-33.79],[22.99,-33.92],[22.57,-33.86],[21.54,-34.26],[20.69,-34.42],[20.07,-34.8],[19.62,-34.82],[19.19,-34.46],[18.86,-34.44],[18.42,-34.0],[18.38,-34.14],[18.24,-33.87],[18.25,-33.28],[17.93,-32.61],[18.25,-32.43],[18.22,-31.66],[17.57,-30.73],[17.06,-29.88],[17.06,-29.88],[16.34,-28.58]],[[28.98,-28.96],[28.54,-28.65],[28.07,-28.85],[27.53,-29.24],[27.0,-29.88],[27.75,-30.65],[28.11,-30.55],[28.29,-30.23],[28.85,-30.07],[29.02,-29.74],[29.33,-29.26],[28.98,-28.96]]]},"properties":{"iso":"ZAF","name":"South Africa","area_km2":1217958,"n":8663823,"ha":93500.8,"ha_per_1e4km2":767.68,"weeks":[{"w":"2026-10-10","n":28,"ha":0.31},{"w":"2026-10-03","n":34791,"ha":377.97},{"w":"2026-09-26","n":33682,"ha":367.8},{"w":"2026-09-19","n":109176,"ha":1198.75},{"w":"2026-09-12","n":432898,"ha":4701.46},{"w":"2026-09-05","n":341223,"ha":3696.93},{"w":"2026-08-29","n":607580,"ha":6566.78},{"w":"2026-08-22","n":981354,"ha":10625.7},{"w":"2026-08-15","n":1227351,"ha":13194.54},{"w":"2026-08-08","n":1372740,"ha":14839.91},{"w":"2026-08-01","n":2556101,"ha":27427.86},{"w":"2026-07-25","n":966899,"ha":10502.76}]}},{"type":"Feature","geometry":{"type":"Polygon","coordinates":[[[30.74,-8.34],[31.16,-8.59],[31.56,-8.76],[32.19,-8.93],[32.76,-9.23],[33.23,-9.68],[33.49,-10.53],[33.32,-10.8],[33.11,-11.61],[33.31,-12.44],[32.99,-12.78],[32.69,-13.71],[33.21,-13.97],[30.18,-14.8],[30.27,-15.51],[29.52,-15.64],[28.95,-16.04],[28.83,-16.39],[28.47,-16.47],[27.6,-17.29],[27.04,-17.94],[26.71,-17.96],[26.38,-17.85],[25.26,-17.74],[25.08,-17.66],[25.08,-17.58],[24.68,-17.35],[24.03,-17.3],[23.22,-17.52],[22.56,-16.9],[21.89,-16.08],[21.93,-12.9],[24.02,-12.91],[23.93,-12.57],[24.08,-12.19],[23.9,-11.72],[24.02,-11.24],[23.91,-10.93],[24.26,-10.95],[24.31,-11.26],[24.78,-11.24],[25.42,-11.33],[25.75,-11.78],[26.55,-11.92],[27.16,-11.61],[27.39,-12.13],[28.16,-12.27],[28.52,-12.7],[28.93,-13.25],[29.7,-13.26],[29.62,-12.18],[29.34,-12.36],[28.64,-11.97],[28.37,-11.79],[28.5,-10.79],[28.67,-9.61],[28.45,-9.16],[28.73,-8.53],[29.0,-8.41],[30.35,-8.24],[30.74,-8.34]]]},"properties":{"iso":"ZMB","name":"Zambia","area_km2":754612,"n":12252940,"ha":147380.7,"ha_per_1e4km2":1953.07,"weeks":[{"w":"2026-10-10","n":28302,"ha":340.13},{"w":"2026-10-03","n":51880,"ha":623.88},{"w":"2026-09-26","n":466926,"ha":5636.94},{"w":"2026-09-19","n":1654213,"ha":19906.08},{"w":"2026-09-12","n":1218815,"ha":14711.21},{"w":"2026-09-05","n":1122567,"ha":13531.07},{"w":"2026-08-29","n":1141893,"ha":13737.97},{"w":"2026-08-22","n":1527473,"ha":18398.25},{"w":"2026-08-15","n":846565,"ha":10199.8},{"w":"2026-08-08","n":1137215,"ha":13645.83},{"w":"2026-08-01","n":1404937,"ha":16859.53},{"w":"2026-07-25","n":1652154,"ha":19790.01}]}},{"type":"Feature","geometry":{"type":"Polygon","coordinates":[[[31.19,-22.25],[30.66,-22.15],[30.32,-22.27],[29.84,-22.1],[29.43,-22.09],[28.79,-21.64],[28.02,-21.49],[27.73,-20.85],[27.72,-20.5],[27.3,-20.39],[26.16,-19.29],[25.85,-18.71],[25.65,-18.54],[25.26,-17.74],[26.38,-17.85],[26.71,-17.96],[27.04,-17.94],[27.6,-17.29],[28.47,-16.47],[28.83,-16.39],[28.95,-16.04],[29.52,-15.64],[30.27,-15.51],[30.34,-15.88],[31.17,-15.86],[31.64,-16.07],[31.85,-16.32],[32.33,-16.39],[32.85,-16.71],[32.85,-17.98],[32.65,-18.67],[32.61,-19.42],[32.77,-19.72],[32.66,-20.3],[32.51,-20.4],[32.24,-21.12],[31.19,-22.25]]]},"properties":{"iso":"ZWE","name":"Zimbabwe","area_km2":377429,"n":1590066,"ha":18602.5,"ha_per_1e4km2":492.87,"weeks":[{"w":"2026-10-10","n":45,"ha":0.53},{"w":"2026-10-03","n":200,"ha":2.35},{"w":"2026-09-26","n":12391,"ha":144.83},{"w":"2026-09-19","n":71810,"ha":837.27},{"w":"2026-09-12","n":66114,"ha":771.79},{"w":"2026-09-05","n":122966,"ha":1436.29},{"w":"2026-08-29","n":124497,"ha":1458.99},{"w":"2026-08-22","n":178874,"ha":2088.39},{"w":"2026-08-15","n":78720,"ha":920.2},{"w":"2026-08-08","n":315939,"ha":3689.47},{"w":"2026-08-01","n":201335,"ha":2362.94},{"w":"2026-07-25","n":417175,"ha":4889.49}]}}]}