{"type":"FeatureCollection","generated_at":"2026-09-25T08:15:27Z","years":[1985,2025],"source":{"id":"gmw","name":"Global Mangrove Watch","version":"4.1.12","doi":"10.5281/zenodo.21346457","licence":"CC BY 4.0 (Global Mangrove Watch v4.1.12, Zenodo record licence)","url":"https://doi.org/10.5281/zenodo.21346457","shapes":"Natural Earth 50m admin-0 map units (public domain)","citation":"Bunting, P., Hilarides, L., Rosenqvist, A., et al. (2026). Global Mangrove Watch: Timeseries of Mangrove Extent, v4.1.12. Zenodo. doi:10.5281/zenodo.21346457","note":"Mangrove extent in hectares per country and year, corrected (\u00d70.9775) for the accuracy assessment, with 95% bounds. Global F1 0.93."},"missing":[{"iso":"ATF_EI","name":"Europa Island","ha_last":664.5},{"iso":"ATF_GI","name":"Glorioso Islands","ha_last":0.4},{"iso":"BES_B","name":"Bonaire","ha_last":238.4},{"iso":"MUS_CA","name":"Chagos Archipelago","ha_last":2.3}],"features":[{"type":"Feature","geometry":{"type":"MultiPolygon","coordinates":[[[[-69.9,12.45],[-69.9,12.42],[-69.94,12.44],[-70.0,12.5],[-70.07,12.55],[-70.05,12.6],[-70.04,12.61],[-69.97,12.57],[-69.91,12.48],[-69.9,12.45]]]]},"properties":{"iso":"ABW","name":"Aruba","ha":[86.1,86.2,86.6,86.6,87.4,88.3,88.3,88.4,89.5,90.2,91.2,91.3,91.5,90.7,91.0,90.9,91.2,91.5,91.8,91.6,92.6,93.6,94.2,96.9,100.5,101.8,102.4,102.3,101.8,102.8,103.9,104.1,103.9,105.5,103.6,105.2,107.2,109.7,110.0,110.5,113.0],"lo":[80.3,80.4,80.7,80.7,81.5,82.3,82.4,82.5,83.4,84.2,85.0,85.2,85.3,84.6,84.9,84.8,85.1,85.3,85.6,85.4,86.4,87.3,87.9,90.4,93.7,95.0,95.5,95.4,95.0,95.9,96.9,97.1,96.9,98.4,96.6,98.1,100.0,102.3,102.6,103.1,105.4],"hi":[94.4,94.5,94.9,94.9,95.8,96.7,96.8,96.9,98.0,98.9,99.9,100.1,100.3,99.4,99.7,99.6,100.0,100.3,100.6,100.4,101.5,102.5,103.3,106.2,110.1,111.6,112.3,112.1,111.6,112.6,113.9,114.1,113.8,115.6,113.6,115.3,117.5,120.2,120.6,121.1,123.9]}},{"type":"Feature","geometry":{"type":"MultiPolygon","coordinates":[[[[13.07,-4.63],[13.06,-4.65],[12.95,-4.7],[12.83,-4.74],[12.67,-4.91],[12.6,-4.98],[12.57,-5.0],[12.5,-5.04],[12.45,-5.07],[12.45,-5.09],[12.49,-5.11],[12.52,-5.15],[12.52,-5.42],[12.5,-5.7],[12.48,-5.72],[12.39,-5.73],[12.26,-5.75],[12.21,-5.76],[12.2,-5.73],[12.16,-5.63],[12.18,-5.54],[12.21,-5.47],[12.18,-5.32],[12.11,-5.2],[12.04,-5.04],[12.02,-5.0],[12.08,-4.95],[12.17,-4.84],[12.2,-4.78],[12.31,-4.77],[12.35,-4.72],[12.37,-4.66],[12.38,-4.62],[12.5,-4.59],[12.64,-4.53],[12.72,-4.47],[12.8,-4.43],[12.85,-4.43],[12.88,-4.45],[12.97,-4.55],[13.05,-4.62],[13.07,-4.63]]],[[[23.97,-10.87],[23.99,-11.0],[24.01,-11.18],[24.03,-11.32],[24.04,-11.37],[24.05,-11.41],[24.03,-11.44],[24.01,-11.52],[23.99,-11.59],[23.97,-11.64],[23.98,-11.72],[23.97,-11.85],[23.96,-11.99],[23.96,-12.12],[24.0,-12.35],[23.99,-12.42],[23.94,-12.54],[23.91,-12.64],[23.89,-12.74],[23.88,-12.8],[23.97,-12.96],[23.96,-12.99],[23.9,-13.0],[23.84,-13.0],[23.64,-13.0],[23.34,-13.0],[23.04,-13.0],[22.74,-13.0],[22.47,-13.0],[22.21,-13.0],[21.98,-13.0],[21.98,-13.16],[21.98,-13.48],[21.98,-13.8],[21.98,-14.12],[21.98,-14.44],[21.98,-14.76],[21.98,-15.08],[21.98,-15.4],[21.98,-15.72],[21.98,-15.96],[22.04,-16.26],[22.15,-16.6],[22.19,-16.63],[22.31,-16.69],[22.46,-16.82],[22.55,-16.91],[22.72,-17.08],[22.96,-17.29],[23.18,-17.47],[23.38,-17.64],[23.07,-17.7],[22.62,-17.78],[22.32,-17.84],[21.96,-17.91],[21.72,-17.95],[21.42,-18.0],[21.37,-18.0],[21.29,-17.96],[21.11,-17.96],[20.91,-18.01],[20.75,-18.02],[20.63,-18.0],[20.51,-17.95],[20.39,-17.89],[20.19,-17.86],[19.91,-17.88],[19.64,-17.87],[19.38,-17.83],[19.19,-17.81],[19.08,-17.82],[18.96,-17.8],[18.83,-17.77],[18.72,-17.7],[18.59,-17.57],[18.49,-17.44],[18.46,-17.42],[18.43,-17.41],[18.4,-17.4],[18.11,-17.4],[17.84,-17.39],[17.68,-17.39],[17.3,-17.39],[16.91,-17.39],[16.53,-17.39],[16.15,-17.39],[15.77,-17.39],[15.38,-17.39],[15.0,-17.39],[14.62,-17.39],[14.41,-17.39],[14.23,-17.4],[14.02,-17.41],[13.99,-17.4],[13.94,-17.39],[13.9,-17.36],[13.79,-17.29],[13.69,-17.23],[13.56,-17.14],[13.48,-17.04],[13.4,-17.01],[13.28,-16.99],[13.18,-16.97],[13.1,-16.97],[12.96,-17.02],[12.86,-17.06],[12.79,-17.11],[12.66,-17.16],[12.55,-17.21],[12.36,-17.21],[12.32,-17.21],[12.21,-17.21],[12.11,-17.16],[12.01,-17.17],[11.9,-17.23],[11.74,-17.25],[11.78,-16.87],[11.82,-16.7],[11.82,-16.5],[11.8,-15.99],[11.77,-15.92],[11.75,-15.83],[11.85,-15.77],[11.9,-15.72],[11.97,-15.63],[12.02,-15.51],[12.07,-15.25],[12.28,-14.64],[12.38,-14.04],[12.5,-13.76],[12.55,-13.44],[12.9,-13.03],[12.98,-12.78],[13.16,-12.65],[13.42,-12.52],[13.6,-12.29],[13.69,-12.12],[13.79,-11.81],[13.78,-11.49],[13.85,-11.05],[13.83,-10.93],[13.74,-10.76],[13.72,-10.63],[13.63,-10.51],[13.54,-10.42],[13.5,-10.26],[13.33,-10.0],[13.29,-9.83],[13.21,-9.7],[13.2,-9.55],[13.16,-9.39],[13.08,-9.23],[13.0,-9.05],[13.0,-8.99],[13.05,-8.92],[13.09,-8.9],[13.08,-8.93],[13.05,-8.98],[13.05,-9.01],[13.36,-8.69],[13.38,-8.62],[13.37,-8.55],[13.37,-8.47],[13.38,-8.37],[13.09,-7.78],[12.86,-7.23],[12.82,-6.95],[12.52,-6.59],[12.4,-6.35],[12.33,-6.19],[12.28,-6.12],[12.3,-6.09],[12.38,-6.08],[12.55,-6.05],[12.79,-6.0],[13.01,-5.91],[13.07,-5.86],[13.18,-5.86],[13.3,-5.88],[13.35,-5.86],[13.37,-5.86],[13.65,-5.86],[13.76,-5.86],[13.98,-5.86],[14.11,-5.87],[14.19,-5.88],[14.4,-5.89],[14.66,-5.89],[14.75,-5.88],[15.09,-5.87],[15.43,-5.87],[15.73,-5.86],[16.06,-5.86],[16.32,-5.87],[16.43,-5.9],[16.54,-5.97],[16.59,-6.03],[16.61,-6.05],[16.64,-6.11],[16.7,-6.16],[16.72,-6.24],[16.7,-6.35],[16.71,-6.47],[16.74,-6.62],[16.81,-6.77],[16.92,-6.93],[16.97,-7.06],[16.95,-7.16],[16.98,-7.26],[17.06,-7.36],[17.12,-7.42],[17.16,-7.46],[17.25,-7.62],[17.41,-7.88],[17.54,-8.08],[17.58,-8.1],[17.64,-8.09],[17.78,-8.07],[17.91,-8.07],[18.01,-8.11],[18.05,-8.1],[18.19,-8.02],[18.33,-8.0],[18.48,-7.97],[18.56,-7.94],[18.65,-7.94],[18.9,-8.0],[18.94,-8.0],[19.14,-8.0],[19.34,-7.97],[19.37,-7.71],[19.37,-7.66],[19.42,-7.56],[19.48,-7.47],[19.49,-7.39],[19.48,-7.28],[19.53,-7.14],[19.66,-7.04],[19.88,-6.99],[20.0,-6.98],[20.19,-6.95],[20.48,-6.92],[20.59,-6.92],[20.6,-6.94],[20.54,-7.12],[20.54,-7.18],[20.56,-7.24],[20.61,-7.28],[20.91,-7.28],[21.19,-7.28],[21.51,-7.3],[21.75,-7.31],[21.78,-7.31],[21.81,-7.33],[21.84,-7.42],[21.83,-7.6],[21.78,-7.87],[21.8,-8.11],[21.9,-8.34],[21.91,-8.69],[21.87,-8.9],[21.83,-9.17],[21.81,-9.47],[21.86,-9.59],[21.95,-9.73],[22.09,-9.86],[22.2,-10.04],[22.27,-10.26],[22.3,-10.4],[22.28,-10.45],[22.28,-10.55],[22.31,-10.69],[22.28,-10.78],[22.2,-10.83],[22.18,-10.89],[22.22,-11.01],[22.23,-11.12],[22.26,-11.16],[22.28,-11.19],[22.31,-11.2],[22.39,-11.16],[22.49,-11.09],[22.56,-11.06],[22.67,-11.06],[22.81,-11.08],[23.08,-11.09],[23.16,-11.07],[23.4,-10.98],[23.46,-10.97],[23.56,-10.98],[23.7,-11.01],[23.83,-11.01],[23.9,-10.98],[23.91,-10.94],[23.93,-10.89],[23.97,-10.87]]]]},"properties":{"iso":"AGO","name":"Angola","ha":[26456.9,26446.1,26486.3,26526.4,26142.1,26244.8,26264.3,26260.9,26328.4,25359.0,25432.3,25424.5,25409.0,25464.7,25476.8,25644.7,25647.6,25726.9,25892.8,26293.4,26504.2,26455.9,26727.0,26989.6,27219.9,27131.9,27057.8,26933.5,26822.4,26925.1,27132.6,27245.8,27537.3,27895.3,28252.6,28566.8,28704.2,28698.2,28617.3,28562.8,28557.5],"lo":[24676.3,24666.2,24703.7,24741.1,24382.6,24478.4,24496.6,24493.5,24556.4,23652.3,23720.6,23713.4,23698.9,23750.9,23762.1,23918.8,23921.4,23995.4,24150.2,24523.7,24720.4,24675.3,24928.2,25173.1,25387.9,25305.8,25236.7,25120.8,25017.2,25113.0,25306.5,25412.1,25683.9,26017.9,26351.1,26644.2,26772.3,26766.7,26691.3,26640.4,26635.5],"hi":[28996.7,28984.9,29028.9,29072.9,28651.6,28764.2,28785.6,28781.9,28855.9,27793.4,27873.7,27865.2,27848.2,27909.3,27922.5,28106.5,28109.7,28196.6,28378.5,28817.4,29048.6,28995.6,29292.8,29580.5,29832.9,29736.5,29655.3,29519.0,29397.3,29509.8,29737.3,29861.3,30180.8,30573.2,30964.8,31309.2,31459.7,31453.1,31364.5,31304.7,31298.9]}},{"type":"Feature","geometry":{"type":"MultiPolygon","coordinates":[[[[-63.0,18.22],[-63.16,18.17],[-63.15,18.2],[-63.03,18.27],[-62.98,18.26],[-63.0,18.22]]]]},"properties":{"iso":"AIA","name":"Anguilla","ha":[4.0,4.0,4.0,4.0,4.0,4.0,4.0,4.0,4.1,4.2,4.2,4.1,4.0,3.9,2.7,2.7,2.6,2.4,2.5,2.7,3.2,3.7,4.1,4.8,5.1,5.8,5.7,5.5,5.6,5.9,6.0,6.0,3.5,3.7,4.2,4.5,4.8,6.2,7.5,7.8,8.1],"lo":[3.7,3.7,3.7,3.7,3.7,3.7,3.7,3.7,3.8,3.9,3.9,3.8,3.7,3.6,2.5,2.5,2.4,2.2,2.3,2.6,3.0,3.4,3.8,4.5,4.7,5.4,5.3,5.1,5.2,5.5,5.6,5.6,3.3,3.4,3.9,4.2,4.5,5.8,7.0,7.3,7.5],"hi":[4.4,4.4,4.4,4.4,4.4,4.4,4.4,4.4,4.5,4.6,4.6,4.5,4.4,4.3,2.9,2.9,2.8,2.6,2.7,3.0,3.6,4.0,4.5,5.3,5.6,6.4,6.2,6.0,6.1,6.5,6.6,6.6,3.8,4.0,4.6,4.9,5.3,6.8,8.2,8.6,8.8]}},{"type":"Feature","geometry":{"type":"MultiPolygon","coordinates":[[[[56.3,25.65],[56.36,25.57],[56.37,25.02],[56.39,24.98],[56.35,24.97],[56.31,24.93],[56.27,24.87],[56.2,24.83],[56.15,24.8],[56.11,24.75],[56.06,24.74],[56.01,24.8],[55.97,24.86],[55.98,24.87],[56.01,24.88],[56.02,24.91],[56.0,24.95],[55.96,24.97],[55.92,24.97],[55.87,24.95],[55.82,24.91],[55.8,24.87],[55.79,24.78],[55.8,24.68],[55.8,24.64],[55.78,24.58],[55.77,24.49],[55.79,24.42],[55.8,24.38],[55.81,24.35],[55.76,24.24],[55.8,24.22],[55.93,24.22],[55.97,24.14],[55.99,24.09],[55.99,24.06],[55.89,24.04],[55.78,24.02],[55.7,24.02],[55.55,23.99],[55.47,23.94],[55.49,23.91],[55.52,23.89],[55.53,23.82],[55.51,23.72],[55.47,23.63],[55.41,23.52],[55.35,23.39],[55.27,23.19],[55.2,23.03],[55.19,22.92],[55.19,22.85],[55.19,22.7],[55.12,22.62],[55.1,22.62],[55.02,22.63],[55.0,22.63],[54.92,22.64],[54.8,22.66],[54.65,22.68],[54.47,22.7],[54.27,22.72],[54.05,22.75],[53.83,22.78],[53.61,22.8],[53.39,22.83],[53.19,22.85],[53.01,22.88],[52.86,22.9],[52.74,22.91],[52.67,22.92],[52.64,22.92],[52.56,22.93],[52.51,22.99],[52.45,23.05],[52.4,23.12],[52.34,23.18],[52.29,23.25],[52.23,23.31],[52.18,23.38],[52.12,23.45],[52.07,23.51],[52.01,23.58],[51.96,23.64],[51.9,23.71],[51.85,23.77],[51.79,23.84],[51.74,23.9],[51.68,23.97],[51.63,24.04],[51.59,24.08],[51.57,24.13],[51.57,24.26],[51.57,24.29],[51.61,24.34],[51.62,24.3],[51.66,24.25],[51.73,24.26],[51.77,24.25],[51.79,24.07],[51.84,24.01],[51.91,23.99],[52.12,23.97],[52.25,24.0],[52.51,24.11],[52.65,24.15],[53.03,24.15],[53.33,24.1],[53.8,24.07],[53.89,24.08],[54.15,24.17],[54.3,24.25],[54.4,24.28],[54.46,24.36],[54.5,24.46],[54.53,24.53],[54.58,24.56],[54.62,24.62],[54.66,24.72],[54.75,24.81],[55.1,25.04],[55.3,25.24],[55.32,25.3],[55.43,25.39],[55.52,25.5],[55.94,25.79],[56.03,25.92],[56.07,26.05],[56.08,26.06],[56.12,26.07],[56.17,26.05],[56.17,25.95],[56.15,25.85],[56.15,25.75],[56.14,25.69],[56.18,25.64],[56.25,25.63],[56.28,25.63],[56.3,25.65]],[[56.28,25.24],[56.29,25.28],[56.28,25.3],[56.23,25.3],[56.22,25.27],[56.21,25.21],[56.24,25.21],[56.28,25.24]]],[[[53.33,24.26],[53.26,24.25],[53.19,24.29],[53.33,24.34],[53.37,24.36],[53.41,24.41],[53.45,24.37],[53.41,24.31],[53.38,24.28],[53.33,24.26]]],[[[52.62,24.29],[52.6,24.28],[52.58,24.34],[52.58,24.35],[52.63,24.38],[52.66,24.33],[52.62,24.29]]],[[[53.93,24.18],[53.93,24.14],[53.83,24.15],[53.8,24.14],[53.72,24.15],[53.63,24.17],[53.69,24.21],[53.83,24.26],[53.89,24.22],[53.93,24.18]]],[[[54.47,24.44],[54.46,24.42],[54.43,24.43],[54.36,24.44],[54.33,24.47],[54.38,24.5],[54.4,24.51],[54.43,24.47],[54.47,24.44]]]]},"properties":{"iso":"ARE","name":"United Arab Emirates","ha":[1418.3,1421.0,1438.2,1450.9,1487.3,1505.1,1542.4,1626.2,1721.7,2001.4,2065.7,2104.9,2174.4,2239.1,2358.9,2374.1,2429.2,2515.6,2575.4,2727.0,2751.2,2835.1,2979.9,3096.9,3491.6,3557.9,3692.8,4182.7,4529.7,5865.3,5914.8,5997.2,6807.2,7030.4,7576.2,7922.1,8285.9,8794.2,9382.7,9615.8,9658.8],"lo":[1322.8,1325.3,1341.4,1353.3,1387.2,1403.8,1438.6,1516.7,1605.8,1866.7,1926.7,1963.2,2028.0,2088.4,2200.1,2214.3,2265.7,2346.3,2402.1,2543.5,2566.1,2644.3,2779.4,2888.5,3256.6,3318.5,3444.2,3901.2,4224.8,5470.5,5516.7,5593.5,6349.1,6557.3,7066.3,7388.9,7728.2,8202.3,8751.2,8968.7,9008.7],"hi":[1554.4,1557.4,1576.2,1590.2,1630.1,1649.6,1690.5,1782.3,1887.0,2193.5,2264.0,2307.0,2383.1,2454.1,2585.3,2602.0,2662.4,2757.1,2822.6,2988.8,3015.3,3107.3,3266.0,3394.2,3826.8,3899.5,4047.3,4584.2,4964.5,6428.3,6482.6,6572.9,7460.7,7705.3,8303.5,8682.6,9081.3,9638.4,10283.4,10538.9,10586.0]}},{"type":"Feature","geometry":{"type":"MultiPolygon","coordinates":[[[[-170.73,-14.35],[-170.77,-14.36],[-170.82,-14.31],[-170.72,-14.28],[-170.69,-14.26],[-170.57,-14.27],[-170.64,-14.28],[-170.73,-14.35]]]]},"properties":{"iso":"ASM","name":"American Samoa","ha":[27.5,27.5,27.5,27.5,27.5,27.5,27.5,27.5,27.5,27.5,27.5,27.5,27.5,27.5,28.7,29.7,30.3,30.7,31.0,31.3,31.4,32.1,32.3,31.9,31.9,32.0,31.5,31.5,31.9,33.1,32.9,32.9,32.7,32.8,33.2,33.0,33.3,33.6,33.4,33.7,33.5],"lo":[25.6,25.6,25.6,25.6,25.6,25.6,25.6,25.6,25.6,25.6,25.6,25.6,25.6,25.6,26.8,27.7,28.3,28.6,28.9,29.2,29.3,30.0,30.1,29.8,29.8,29.9,29.4,29.4,29.8,30.9,30.7,30.7,30.5,30.6,31.0,30.8,31.1,31.4,31.1,31.5,31.2],"hi":[30.1,30.1,30.1,30.1,30.1,30.1,30.1,30.1,30.1,30.1,30.1,30.1,30.1,30.1,31.5,32.5,33.2,33.6,34.0,34.4,34.5,35.2,35.4,35.0,35.0,35.1,34.5,34.5,35.0,36.3,36.0,36.0,35.8,35.9,36.4,36.2,36.5,36.9,36.6,37.0,36.7]}},{"type":"Feature","geometry":{"type":"MultiPolygon","coordinates":[[[[-61.72,17.04],[-61.75,17.0],[-61.86,17.01],[-61.88,17.06],[-61.89,17.1],[-61.82,17.17],[-61.74,17.14],[-61.71,17.11],[-61.69,17.1],[-61.69,17.07],[-61.69,17.05],[-61.72,17.04]]],[[[-61.75,17.57],[-61.76,17.55],[-61.84,17.6],[-61.87,17.69],[-61.87,17.7],[-61.85,17.71],[-61.82,17.7],[-61.78,17.69],[-61.75,17.66],[-61.75,17.57]]]]},"properties":{"iso":"ATG","name":"Antigua and Barbuda","ha":[703.5,703.5,703.0,702.6,650.3,650.8,650.8,651.1,651.7,652.5,652.6,652.5,652.0,650.6,571.3,580.6,588.7,596.6,621.7,735.5,790.6,801.8,820.5,845.3,896.6,926.6,926.6,918.1,910.9,906.7,905.2,896.5,821.6,808.7,821.0,838.6,859.3,884.5,940.1,950.5,952.7],"lo":[656.1,656.1,655.7,655.3,606.5,607.0,607.0,607.3,607.8,608.6,608.7,608.6,608.1,606.8,532.8,541.5,549.1,556.5,579.8,686.0,737.4,747.8,765.3,788.4,836.3,864.3,864.2,856.3,849.6,845.6,844.3,836.2,766.3,754.3,765.7,782.1,801.5,824.9,876.8,886.5,888.6],"hi":[771.0,771.0,770.5,770.1,712.7,713.3,713.3,713.6,714.2,715.2,715.2,715.2,714.6,713.0,626.1,636.3,645.2,653.9,681.3,806.1,866.5,878.7,899.3,926.5,982.7,1015.6,1015.5,1006.2,998.3,993.7,992.1,982.6,900.4,886.4,899.8,919.1,941.8,969.4,1030.3,1041.7,1044.1]}},{"type":"Feature","geometry":{"type":"MultiPolygon","coordinates":[[[[143.18,-11.95],[143.15,-12.08],[143.1,-12.17],[143.1,-12.23],[143.11,-12.3],[143.19,-12.36],[143.25,-12.4],[143.29,-12.5],[143.4,-12.64],[143.4,-12.74],[143.46,-12.86],[143.51,-13.09],[143.53,-13.3],[143.59,-13.44],[143.55,-13.74],[143.59,-13.86],[143.64,-13.96],[143.71,-14.16],[143.76,-14.35],[143.82,-14.4],[143.96,-14.46],[144.11,-14.39],[144.21,-14.3],[144.32,-14.28],[144.47,-14.23],[144.59,-14.35],[144.65,-14.49],[144.92,-14.67],[145.06,-14.79],[145.18,-14.86],[145.29,-14.94],[145.28,-15.03],[145.25,-15.1],[145.28,-15.2],[145.29,-15.33],[145.27,-15.48],[145.35,-15.7],[145.38,-15.88],[145.46,-16.06],[145.45,-16.24],[145.44,-16.3],[145.43,-16.41],[145.49,-16.53],[145.55,-16.63],[145.64,-16.73],[145.75,-16.88],[145.84,-16.91],[145.91,-16.91],[145.9,-17.07],[146.05,-17.38],[146.13,-17.64],[146.07,-17.98],[146.02,-18.18],[146.03,-18.27],[146.22,-18.51],[146.33,-18.55],[146.31,-18.67],[146.3,-18.84],[146.38,-18.98],[146.48,-19.08],[146.59,-19.14],[146.69,-19.19],[146.83,-19.24],[147.0,-19.26],[147.09,-19.33],[147.14,-19.39],[147.28,-19.41],[147.34,-19.4],[147.42,-19.38],[147.47,-19.42],[147.51,-19.47],[147.59,-19.62],[147.74,-19.77],[147.85,-19.79],[147.92,-19.87],[148.0,-19.89],[148.08,-19.9],[148.19,-19.96],[148.37,-20.09],[148.53,-20.11],[148.6,-20.15],[148.76,-20.29],[148.82,-20.37],[148.88,-20.48],[148.81,-20.49],[148.73,-20.47],[148.68,-20.58],[148.79,-20.74],[148.91,-20.85],[149.06,-20.96],[149.2,-21.13],[149.24,-21.25],[149.28,-21.3],[149.33,-21.48],[149.45,-21.58],[149.46,-21.77],[149.52,-22.02],[149.6,-22.26],[149.65,-22.33],[149.7,-22.44],[149.77,-22.43],[149.82,-22.39],[149.92,-22.5],[149.97,-22.55],[150.01,-22.52],[149.94,-22.31],[149.98,-22.18],[150.02,-22.17],[150.08,-22.16],[150.14,-22.27],[150.23,-22.37],[150.41,-22.47],[150.54,-22.56],[150.58,-22.56],[150.56,-22.49],[150.57,-22.38],[150.62,-22.37],[150.67,-22.42],[150.76,-22.58],[150.78,-22.9],[150.78,-23.18],[150.84,-23.46],[150.93,-23.53],[150.99,-23.6],[151.09,-23.7],[151.15,-23.78],[151.24,-23.82],[151.5,-24.01],[151.58,-24.03],[151.69,-24.04],[151.83,-24.12],[151.9,-24.2],[152.06,-24.49],[152.13,-24.6],[152.28,-24.7],[152.35,-24.73],[152.46,-24.8],[152.49,-24.9],[152.5,-24.96],[152.56,-25.07],[152.65,-25.2],[152.79,-25.27],[152.91,-25.43],[152.92,-25.69],[152.98,-25.82],[153.03,-25.87],[153.13,-25.92],[153.16,-25.96],[153.08,-26.3],[153.16,-26.98],[153.12,-27.19],[153.2,-27.4],[153.39,-27.77],[153.43,-27.9],[153.45,-28.05],[153.58,-28.24],[153.57,-28.53],[153.62,-28.67],[153.6,-28.85],[153.46,-29.05],[153.35,-29.29],[153.35,-29.5],[153.27,-29.89],[153.22,-30.0],[153.19,-30.16],[153.03,-30.56],[153.02,-30.72],[153.05,-30.91],[153.02,-31.09],[152.98,-31.21],[152.94,-31.43],[152.79,-31.79],[152.56,-32.05],[152.55,-32.24],[152.52,-32.33],[152.47,-32.44],[152.33,-32.56],[152.25,-32.61],[152.22,-32.68],[152.14,-32.68],[152.13,-32.7],[152.19,-32.72],[152.16,-32.76],[151.95,-32.82],[151.81,-32.9],[151.67,-33.1],[151.61,-33.2],[151.53,-33.3],[151.48,-33.35],[151.46,-33.4],[151.43,-33.52],[151.36,-33.54],[151.29,-33.58],[151.32,-33.7],[151.29,-33.83],[151.28,-33.93],[151.24,-33.99],[151.2,-33.96],[151.17,-33.97],[151.12,-34.01],[151.19,-34.02],[151.23,-34.03],[151.09,-34.16],[150.96,-34.3],[150.93,-34.39],[150.87,-34.5],[150.82,-34.75],[150.78,-34.89],[150.81,-34.99],[150.8,-35.01],[150.77,-35.02],[150.76,-35.01],[150.7,-35.04],[150.68,-35.08],[150.71,-35.12],[150.72,-35.13],[150.71,-35.16],[150.69,-35.18],[150.63,-35.18],[150.57,-35.21],[150.37,-35.58],[150.29,-35.68],[150.2,-35.83],[150.16,-35.97],[150.13,-36.12],[150.1,-36.37],[150.06,-36.55],[149.99,-36.72],[149.96,-36.85],[149.95,-37.08],[149.99,-37.26],[149.96,-37.35],[149.96,-37.44],[149.93,-37.53],[149.81,-37.55],[149.71,-37.62],[149.57,-37.73],[149.48,-37.77],[149.3,-37.8],[148.94,-37.79],[148.26,-37.83],[148.13,-37.86],[147.88,-37.93],[147.63,-38.06],[147.4,-38.22],[146.86,-38.66],[146.44,-38.71],[146.36,-38.71],[146.29,-38.7],[146.22,-38.73],[146.22,-38.78],[146.29,-38.84],[146.34,-38.89],[146.43,-38.82],[146.47,-38.84],[146.48,-38.98],[146.48,-39.07],[146.46,-39.11],[146.4,-39.15],[146.34,-39.12],[146.33,-39.08],[146.25,-38.96],[146.16,-38.87],[146.07,-38.83],[146.02,-38.87],[145.94,-38.9],[145.87,-38.78],[145.79,-38.67],[145.69,-38.66],[145.61,-38.66],[145.54,-38.61],[145.4,-38.54],[145.42,-38.48],[145.46,-38.42],[145.54,-38.39],[145.52,-38.31],[145.48,-38.24],[145.37,-38.23],[145.29,-38.24],[145.25,-38.29],[145.19,-38.38],[144.96,-38.5],[144.85,-38.44],[144.72,-38.34],[144.78,-38.35],[144.91,-38.34],[145.02,-38.26],[145.07,-38.2],[145.12,-38.09],[145.05,-38.01],[144.98,-37.95],[144.89,-37.9],[144.54,-38.08],[144.47,-38.1],[144.4,-38.14],[144.52,-38.17],[144.59,-38.16],[144.67,-38.21],[144.54,-38.28],[144.45,-38.3],[144.33,-38.35],[144.1,-38.46],[143.81,-38.7],[143.69,-38.77],[143.54,-38.82],[143.34,-38.76],[143.23,-38.74],[143.08,-38.65],[142.84,-38.58],[142.61,-38.45],[142.46,-38.39],[142.34,-38.37],[142.19,-38.4],[141.92,-38.28],[141.72,-38.27],[141.59,-38.39],[141.49,-38.38],[141.42,-38.36],[141.21,-38.17],[141.01,-38.08],[140.63,-38.03],[140.39,-37.9],[140.21,-37.64],[139.87,-37.35],[139.78,-37.25],[139.74,-37.14],[139.74,-37.06],[139.78,-36.9],[139.85,-36.75],[139.86,-36.66],[139.73,-36.37],[139.55,-36.1],[139.47,-36.01],[139.24,-35.83],[139.04,-35.69],[138.99,-35.62],[138.97,-35.58],[139.07,-35.6],[139.11,-35.54],[139.18,-35.52],[139.23,-35.6],[139.29,-35.61],[139.29,-35.49],[139.33,-35.43],[139.3,-35.4],[139.28,-35.38],[139.19,-35.35],[139.09,-35.39],[139.02,-35.44],[138.92,-35.49],[138.88,-35.54],[138.77,-35.54],[138.73,-35.55],[138.52,-35.64],[138.39,-35.64],[138.18,-35.61],[138.25,-35.49],[138.33,-35.41],[138.4,-35.33],[138.51,-35.02],[138.49,-34.76],[138.44,-34.66],[138.26,-34.44],[138.19,-34.31],[138.09,-34.17],[138.04,-34.25],[138.01,-34.33],[137.92,-34.46],[137.87,-34.73],[137.69,-35.14],[137.57,-35.15],[137.46,-35.13],[137.27,-35.18],[137.14,-35.24],[137.03,-35.24],[136.97,-35.25],[136.88,-35.24],[137.01,-34.92],[137.13,-34.92],[137.25,-34.91],[137.31,-34.92],[137.39,-34.91],[137.45,-34.76],[137.49,-34.6],[137.47,-34.49],[137.46,-34.38],[137.48,-34.25],[137.49,-34.16],[137.65,-33.86],[137.78,-33.7],[137.93,-33.58],[137.91,-33.46],[137.87,-33.31],[137.85,-33.2],[137.92,-33.17],[137.99,-33.09],[137.91,-32.77],[137.86,-32.67],[137.78,-32.58],[137.78,-32.7],[137.79,-32.82],[137.68,-32.98],[137.54,-33.09],[137.44,-33.19],[137.35,-33.43],[137.24,-33.63],[137.13,-33.7],[137.03,-33.72],[136.94,-33.75],[136.78,-33.83],[136.64,-33.9],[136.53,-33.98],[136.43,-34.03],[136.12,-34.43],[135.98,-34.56],[135.95,-34.62],[135.89,-34.66],[135.9,-34.72],[135.95,-34.77],[136.0,-34.94],[135.97,-34.98],[135.92,-34.96],[135.79,-34.86],[135.71,-34.9],[135.65,-34.94],[135.48,-34.76],[135.41,-34.72],[135.32,-34.64],[135.23,-34.58],[135.19,-34.57],[135.12,-34.59],[135.13,-34.54],[135.18,-34.5],[135.22,-34.49],[135.29,-34.55],[135.38,-34.6],[135.43,-34.6],[135.45,-34.58],[135.37,-34.38],[135.31,-34.2],[135.29,-34.14],[135.22,-33.96],[135.19,-33.91],[135.04,-33.78],[134.89,-33.63],[134.85,-33.44],[134.79,-33.33],[134.72,-33.26],[134.61,-33.19],[134.3,-33.17],[134.17,-32.98],[134.1,-32.75],[134.16,-32.73],[134.23,-32.73],[134.25,-32.66],[134.23,-32.55],[133.93,-32.41],[133.79,-32.27],[133.67,-32.21],[133.55,-32.18],[133.4,-32.19],[133.21,-32.18],[132.76,-31.96],[132.65,-31.95],[132.32,-32.02],[132.21,-32.01],[131.72,-31.7],[131.39,-31.55],[131.28,-31.52],[131.14,-31.5],[131.03,-31.53],[130.95,-31.57],[130.78,-31.6],[130.13,-31.58],[129.57,-31.63],[129.19,-31.66],[128.95,-31.7],[128.55,-31.89],[128.07,-32.07],[127.68,-32.15],[127.32,-32.26],[127.08,-32.3],[126.78,-32.31],[126.14,-32.26],[125.92,-32.3],[125.57,-32.51],[125.46,-32.56],[125.27,-32.61],[124.76,-32.88],[124.52,-32.94],[124.37,-32.96],[124.24,-33.02],[124.13,-33.13],[123.97,-33.45],[123.87,-33.6],[123.65,-33.84],[123.51,-33.92],[123.37,-33.91],[123.21,-33.99],[123.07,-33.9],[122.96,-33.88],[122.78,-33.89],[122.15,-33.99],[122.06,-33.87],[121.95,-33.86],[121.73,-33.86],[121.41,-33.83],[120.81,-33.87],[120.53,-33.92],[120.42,-33.96],[120.21,-33.94],[119.85,-33.97],[119.73,-34.04],[119.64,-34.1],[119.45,-34.37],[119.25,-34.46],[119.08,-34.46],[118.9,-34.48],[118.52,-34.74],[118.14,-34.99],[118.01,-35.01],[117.86,-35.05],[117.68,-35.07],[117.58,-35.1],[117.14,-35.03],[116.87,-35.03],[116.52,-34.99],[116.22,-34.87],[115.99,-34.8],[115.73,-34.53],[115.57,-34.43],[115.28,-34.3],[115.19,-34.31],[115.13,-34.34],[115.01,-34.26],[115.01,-34.15],[114.97,-34.05],[114.98,-33.8],[114.99,-33.52],[115.1,-33.58],[115.18,-33.64],[115.36,-33.64],[115.52,-33.53],[115.6,-33.37],[115.68,-33.19],[115.67,-33.0],[115.62,-32.67],[115.65,-32.6],[115.71,-32.57],[115.73,-32.4],[115.74,-31.89],[115.7,-31.69],[115.45,-31.3],[115.29,-30.96],[115.18,-30.81],[115.08,-30.56],[114.99,-30.22],[114.97,-30.04],[114.94,-29.72],[114.97,-29.54],[114.96,-29.43],[114.86,-29.14],[114.63,-28.87],[114.59,-28.77],[114.59,-28.67],[114.54,-28.54],[114.35,-28.29],[114.17,-28.08],[114.13,-27.98],[114.1,-27.54],[114.03,-27.35],[113.71,-26.85],[113.33,-26.42],[113.23,-26.24],[113.18,-26.18],[113.21,-26.17],[113.25,-26.2],[113.3,-26.24],[113.32,-26.24],[113.35,-26.21],[113.34,-26.13],[113.36,-26.08],[113.39,-26.11],[113.43,-26.2],[113.55,-26.44],[113.58,-26.56],[113.73,-26.6],[113.78,-26.56],[113.84,-26.5],[113.85,-26.33],[113.78,-26.26],[113.71,-26.22],[113.59,-26.1],[113.51,-25.9],[113.4,-25.71],[113.4,-25.65],[113.45,-25.6],[113.54,-25.63],[113.62,-25.73],[113.71,-25.83],[113.7,-26.0],[113.68,-26.05],[113.69,-26.09],[113.72,-26.13],[113.77,-26.16],[113.81,-26.12],[113.85,-26.01],[113.88,-26.03],[113.94,-26.26],[113.99,-26.32],[114.09,-26.39],[114.18,-26.34],[114.22,-26.29],[114.2,-26.13],[114.23,-25.97],[114.21,-25.85],[113.99,-25.54],[113.79,-25.17],[113.67,-24.98],[113.57,-24.69],[113.5,-24.59],[113.42,-24.44],[113.41,-24.25],[113.42,-24.13],[113.49,-23.87],[113.55,-23.73],[113.76,-23.42],[113.77,-23.28],[113.76,-23.18],[113.79,-23.02],[113.8,-22.91],[113.77,-22.81],[113.68,-22.64],[113.8,-22.33],[113.96,-21.94],[114.02,-21.88],[114.12,-21.83],[114.14,-21.91],[114.09,-22.18],[114.16,-22.32],[114.14,-22.48],[114.21,-22.46],[114.3,-22.43],[114.38,-22.34],[114.42,-22.26],[114.6,-21.94],[114.71,-21.82],[114.86,-21.74],[115.16,-21.63],[115.46,-21.49],[115.6,-21.36],[115.77,-21.24],[115.89,-21.12],[116.01,-21.03],[116.61,-20.71],[116.71,-20.65],[116.84,-20.65],[117.0,-20.66],[117.14,-20.64],[117.29,-20.71],[117.41,-20.72],[117.68,-20.64],[117.83,-20.57],[118.09,-20.42],[118.2,-20.38],[118.46,-20.33],[118.75,-20.26],[119.1,-20.0],[119.36,-20.01],[119.59,-20.04],[119.77,-19.96],[120.2,-19.91],[120.43,-19.84],[120.88,-19.67],[121.0,-19.6],[121.18,-19.48],[121.34,-19.32],[121.49,-19.11],[121.59,-18.92],[121.63,-18.82],[121.72,-18.66],[121.78,-18.54],[121.83,-18.48],[122.01,-18.39],[122.26,-18.16],[122.35,-18.11],[122.36,-18.04],[122.31,-17.99],[122.24,-17.97],[122.19,-17.72],[122.15,-17.55],[122.14,-17.43],[122.16,-17.31],[122.26,-17.14],[122.33,-17.06],[122.43,-16.97],[122.52,-16.94],[122.6,-16.86],[122.72,-16.79],[122.77,-16.71],[122.85,-16.55],[122.92,-16.43],[122.97,-16.44],[123.07,-16.72],[123.14,-16.86],[123.27,-17.04],[123.38,-17.29],[123.48,-17.41],[123.53,-17.49],[123.56,-17.52],[123.57,-17.47],[123.56,-17.42],[123.61,-17.22],[123.59,-17.08],[123.59,-17.03],[123.62,-17.01],[123.66,-17.02],[123.75,-17.1],[123.8,-17.13],[123.83,-17.12],[123.83,-17.0],[123.87,-16.92],[123.86,-16.86],[123.78,-16.87],[123.75,-16.8],[123.68,-16.72],[123.61,-16.67],[123.52,-16.54],[123.49,-16.49],[123.53,-16.47],[123.58,-16.47],[123.63,-16.42],[123.65,-16.34],[123.61,-16.22],[123.65,-16.18],[123.73,-16.19],[123.86,-16.38],[123.92,-16.36],[123.96,-16.29],[124.04,-16.26],[124.13,-16.28],[124.19,-16.33],[124.3,-16.39],[124.45,-16.38],[124.53,-16.4],[124.69,-16.39],[124.77,-16.4],[124.76,-16.37],[124.67,-16.34],[124.57,-16.33],[124.45,-16.34],[124.4,-16.3],[124.39,-16.2],[124.42,-16.13],[124.43,-16.1],[124.51,-16.12],[124.58,-16.11],[124.59,-16.02],[124.61,-15.94],[124.65,-15.87],[124.65,-15.81],[124.61,-15.82],[124.5,-15.97],[124.46,-15.85],[124.38,-15.76],[124.4,-15.63],[124.44,-15.49],[124.51,-15.48],[124.56,-15.5],[124.64,-15.42],[124.69,-15.36],[124.68,-15.31],[124.69,-15.27],[124.75,-15.29],[124.97,-15.4],[125.02,-15.47],[125.06,-15.44],[125.08,-15.37],[125.07,-15.31],[125.02,-15.32],[124.91,-15.31],[124.88,-15.27],[124.89,-15.24],[124.84,-15.16],[124.91,-15.11],[124.98,-15.11],[125.02,-15.07],[125.02,-15.02],[125.04,-15.0],[125.07,-15.03],[125.19,-15.05],[125.3,-15.11],[125.36,-15.12],[125.38,-15.09],[125.38,-15.02],[125.24,-14.94],[125.24,-14.87],[125.18,-14.79],[125.18,-14.71],[125.27,-14.65],[125.28,-14.58],[125.34,-14.56],[125.44,-14.56],[125.5,-14.5],[125.58,-14.48],[125.6,-14.36],[125.6,-14.28],[125.63,-14.26],[125.7,-14.29],[125.68,-14.39],[125.68,-14.48],[125.66,-14.53],[125.69,-14.53],[125.71,-14.5],[125.74,-14.44],[125.82,-14.47],[125.84,-14.53],[125.85,-14.6],[125.89,-14.62],[125.95,-14.52],[126.02,-14.49],[126.02,-14.37],[126.04,-14.28],[126.05,-14.22],[126.1,-14.18],[126.11,-14.11],[126.07,-14.07],[126.05,-13.98],[126.12,-13.96],[126.18,-14.0],[126.23,-14.11],[126.26,-14.16],[126.3,-14.14],[126.32,-14.06],[126.4,-14.02],[126.48,-14.08],[126.57,-14.16],[126.68,-14.09],[126.78,-13.96],[126.76,-13.87],[126.78,-13.79],[126.9,-13.74],[127.01,-13.78],[127.1,-13.87],[127.29,-13.93],[127.46,-14.03],[127.53,-14.09],[127.67,-14.2],[127.76,-14.3],[127.89,-14.49],[128.18,-14.71],[128.2,-14.75],[128.16,-14.83],[128.12,-14.92],[128.08,-15.09],[128.07,-15.33],[128.11,-15.31],[128.16,-15.23],[128.2,-15.24],[128.25,-15.3],[128.26,-15.25],[128.23,-15.21],[128.17,-15.1],[128.18,-15.04],[128.22,-15.0],[128.29,-14.94],[128.36,-14.9],[128.4,-14.87],[128.41,-14.83],[128.48,-14.79],[128.58,-14.77],[128.64,-14.78],[129.06,-14.88],[129.17,-14.99],[129.18,-15.12],[129.22,-15.16],[129.24,-15.08],[129.23,-14.91],[129.27,-14.87],[129.38,-14.9],[129.46,-14.93],[129.57,-15.05],[129.59,-15.1],[129.63,-15.14],[129.65,-15.09],[129.63,-15.01],[129.61,-14.93],[129.64,-14.85],[129.76,-14.85],[129.85,-14.83],[129.81,-14.8],[129.75,-14.79],[129.66,-14.72],[129.6,-14.65],[129.7,-14.58],[129.7,-14.56],[129.61,-14.56],[129.48,-14.49],[129.38,-14.39],[129.46,-14.21],[129.62,-14.04],[129.71,-13.98],[129.72,-13.92],[129.76,-13.81],[129.79,-13.72],[129.8,-13.65],[129.84,-13.57],[129.94,-13.5],[130.07,-13.48],[130.14,-13.45],[130.2,-13.38],[130.26,-13.3],[130.13,-13.15],[130.15,-13.06],[130.17,-12.96],[130.32,-12.88],[130.4,-12.69],[130.45,-12.66],[130.57,-12.66],[130.62,-12.65],[130.61,-12.49],[130.62,-12.43],[130.67,-12.41],[130.74,-12.43],[130.78,-12.5],[130.87,-12.56],[130.9,-12.52],[130.88,-12.46],[130.87,-12.37],[130.96,-12.35],[131.02,-12.34],[131.03,-12.27],[131.02,-12.21],[131.05,-12.19],[131.22,-12.18],[131.27,-12.12],[131.29,-12.07],[131.31,-12.1],[131.34,-12.21],[131.44,-12.28],[131.73,-12.28],[131.89,-12.23],[131.96,-12.26],[132.06,-12.28],[132.18,-12.23],[132.25,-12.19],[132.37,-12.24],[132.41,-12.3],[132.44,-12.18],[132.51,-12.13],[132.58,-12.11],[132.68,-12.13],[132.71,-12.12],[132.63,-12.04],[132.64,-11.95],[132.63,-11.84],[132.64,-11.73],[132.67,-11.65],[132.48,-11.49],[132.28,-11.47],[132.13,-11.5],[132.07,-11.47],[131.94,-11.35],[131.82,-11.3],[131.81,-11.27],[131.96,-11.18],[132.02,-11.2],[132.11,-11.28],[132.16,-11.31],[132.2,-11.3],[132.22,-11.24],[132.26,-11.2],[132.33,-11.22],[132.56,-11.37],[132.68,-11.51],[132.75,-11.47],[132.86,-11.39],[132.96,-11.41],[133.02,-11.45],[133.11,-11.62],[133.19,-11.71],[133.36,-11.73],[133.44,-11.76],[133.53,-11.82],[133.65,-11.81],[133.9,-11.83],[134.14,-11.94],[134.24,-12.01],[134.35,-12.03],[134.42,-12.05],[134.54,-12.06],[134.73,-11.98],[134.82,-12.05],[134.85,-12.1],[135.03,-12.19],[135.22,-12.22],[135.35,-12.13],[135.55,-12.06],[135.69,-11.96],[135.79,-11.91],[135.89,-11.82],[135.92,-11.83],[135.84,-11.91],[135.83,-11.95],[135.9,-11.97],[135.89,-11.99],[135.8,-12.05],[135.7,-12.15],[135.7,-12.21],[135.74,-12.24],[135.79,-12.23],[135.86,-12.18],[135.94,-12.15],[136.01,-12.19],[136.03,-12.33],[136.08,-12.42],[136.19,-12.44],[136.26,-12.43],[136.33,-12.31],[136.29,-12.2],[136.25,-12.17],[136.27,-12.13],[136.44,-11.95],[136.54,-11.96],[136.61,-12.13],[136.72,-12.23],[136.84,-12.22],[136.9,-12.24],[136.95,-12.35],[136.54,-12.78],[136.52,-12.83],[136.57,-12.91],[136.59,-13.0],[136.46,-13.23],[136.41,-13.24],[136.36,-13.18],[136.29,-13.14],[136.23,-13.16],[136.17,-13.18],[135.93,-13.3],[135.93,-13.62],[135.99,-13.81],[135.95,-13.93],[135.88,-14.15],[135.81,-14.23],[135.74,-14.29],[135.54,-14.58],[135.47,-14.66],[135.41,-14.76],[135.43,-14.86],[135.45,-14.92],[135.53,-15.0],[135.83,-15.16],[135.97,-15.27],[136.21,-15.4],[136.26,-15.5],[136.29,-15.57],[136.46,-15.66],[136.58,-15.71],[136.62,-15.69],[136.64,-15.68],[136.67,-15.68],[136.7,-15.69],[136.7,-15.75],[136.69,-15.79],[136.7,-15.83],[136.78,-15.89],[136.92,-15.89],[137.0,-15.88],[137.09,-15.94],[137.17,-15.98],[137.3,-16.07],[137.53,-16.17],[137.7,-16.23],[137.91,-16.48],[138.07,-16.62],[138.25,-16.72],[138.51,-16.79],[138.63,-16.78],[138.82,-16.86],[139.01,-16.9],[139.11,-17.01],[139.14,-17.1],[139.15,-17.17],[139.25,-17.33],[139.44,-17.38],[139.69,-17.54],[139.89,-17.61],[139.95,-17.65],[140.04,-17.7],[140.21,-17.7],[140.51,-17.62],[140.65,-17.54],[140.83,-17.41],[140.92,-17.19],[140.97,-17.01],[141.22,-16.65],[141.29,-16.46],[141.36,-16.22],[141.41,-16.07],[141.39,-15.9],[141.45,-15.61],[141.58,-15.2],[141.63,-15.06],[141.6,-14.85],[141.52,-14.47],[141.56,-14.34],[141.59,-14.15],[141.54,-14.02],[141.48,-13.93],[141.47,-13.8],[141.53,-13.55],[141.59,-13.43],[141.65,-13.26],[141.61,-12.94],[141.73,-12.83],[141.78,-12.78],[141.88,-12.78],[141.92,-12.8],[141.93,-12.74],[141.89,-12.68],[141.88,-12.61],[141.85,-12.58],[141.79,-12.57],[141.75,-12.53],[141.68,-12.49],[141.69,-12.35],[141.81,-12.08],[141.87,-11.98],[141.91,-12.02],[141.96,-12.05],[141.97,-11.98],[141.95,-11.9],[142.04,-11.63],[142.14,-11.27],[142.17,-10.95],[142.33,-10.88],[142.41,-10.8],[142.46,-10.71],[142.54,-10.71],[142.61,-10.75],[142.57,-10.82],[142.55,-10.87],[142.72,-11.01],[142.78,-11.12],[142.8,-11.21],[142.84,-11.31],[142.85,-11.43],[142.85,-11.63],[142.87,-11.82],[142.93,-11.88],[142.99,-11.92],[143.07,-11.92],[143.18,-11.95]]],[[[153.08,-25.75],[153.05,-25.78],[153.01,-25.73],[152.98,-25.55],[153.0,-25.45],[153.05,-25.35],[153.06,-25.3],[153.04,-25.19],[153.19,-25.07],[153.23,-25.01],[153.24,-24.92],[153.19,-24.83],[153.14,-24.81],[153.18,-24.76],[153.22,-24.74],[153.26,-24.73],[153.28,-24.74],[153.3,-24.92],[153.36,-24.98],[153.35,-25.06],[153.14,-25.51],[153.08,-25.68],[153.08,-25.75]]],[[[139.51,-16.57],[139.43,-16.66],[139.39,-16.65],[139.35,-16.7],[139.28,-16.72],[139.24,-16.72],[139.16,-16.74],[139.15,-16.71],[139.16,-16.63],[139.23,-16.53],[139.29,-16.47],[139.46,-16.44],[139.59,-16.4],[139.6,-16.4],[139.7,-16.51],[139.56,-16.53],[139.51,-16.57]]],[[[136.71,-13.8],[136.76,-13.85],[136.8,-13.84],[136.85,-13.75],[136.87,-13.76],[136.89,-13.79],[136.91,-13.83],[136.84,-13.9],[136.81,-13.91],[136.79,-13.95],[136.75,-14.07],[136.75,-14.12],[136.79,-14.16],[136.89,-14.2],[136.93,-14.18],[136.95,-14.18],[136.93,-14.25],[136.89,-14.29],[136.76,-14.27],[136.65,-14.28],[136.46,-14.23],[136.36,-14.23],[136.34,-14.21],[136.39,-14.18],[136.43,-14.13],[136.41,-14.01],[136.42,-13.86],[136.53,-13.79],[136.58,-13.72],[136.66,-13.68],[136.7,-13.68],[136.7,-13.73],[136.71,-13.8]]],[[[130.46,-11.68],[130.54,-11.7],[130.58,-11.74],[130.6,-11.77],[130.61,-11.82],[130.5,-11.84],[130.32,-11.77],[130.13,-11.82],[130.08,-11.83],[130.04,-11.79],[130.07,-11.68],[130.14,-11.7],[130.2,-11.66],[130.19,-11.54],[130.15,-11.48],[130.25,-11.36],[130.29,-11.34],[130.34,-11.34],[130.38,-11.42],[130.39,-11.51],[130.43,-11.59],[130.46,-11.68]]],[[[130.62,-11.38],[130.75,-11.38],[130.91,-11.31],[130.99,-11.34],[131.02,-11.33],[131.14,-11.26],[131.22,-11.24],[131.27,-11.19],[131.32,-11.25],[131.44,-11.31],[131.47,-11.38],[131.52,-11.42],[131.54,-11.44],[131.47,-11.51],[131.46,-11.59],[131.38,-11.58],[131.29,-11.71],[130.95,-11.93],[130.64,-11.74],[130.51,-11.62],[130.42,-11.45],[130.4,-11.3],[130.37,-11.21],[130.38,-11.19],[130.4,-11.18],[130.43,-11.18],[130.52,-11.28],[130.56,-11.31],[130.62,-11.38]]],[[[113.18,-26.05],[113.16,-26.09],[112.96,-25.78],[112.91,-25.57],[112.95,-25.53],[112.98,-25.52],[113.1,-25.82],[113.13,-25.88],[113.13,-25.95],[113.15,-25.97],[113.18,-26.05]]],[[[137.6,-35.74],[137.84,-35.76],[137.93,-35.73],[138.05,-35.76],[138.12,-35.85],[138.07,-35.9],[138.01,-35.91],[137.84,-35.87],[137.67,-35.9],[137.62,-35.94],[137.59,-36.03],[137.45,-36.07],[137.38,-36.02],[137.21,-35.98],[137.15,-36.04],[137.03,-36.02],[136.91,-36.05],[136.76,-36.03],[136.59,-35.94],[136.54,-35.89],[136.58,-35.81],[136.64,-35.75],[137.09,-35.66],[137.33,-35.59],[137.53,-35.61],[137.58,-35.62],[137.64,-35.66],[137.6,-35.72],[137.6,-35.74]]],[[[145.49,-38.35],[145.34,-38.42],[145.28,-38.39],[145.29,-38.34],[145.3,-38.32],[145.43,-38.31],[145.49,-38.35]]],[[[145.31,-38.49],[145.35,-38.54],[145.36,-38.56],[145.27,-38.52],[145.13,-38.53],[145.22,-38.46],[145.29,-38.47],[145.31,-38.49]]],[[[149.04,-20.29],[149.02,-20.3],[148.99,-20.3],[148.94,-20.28],[148.98,-20.15],[149.0,-20.22],[149.05,-20.28],[149.04,-20.29]]],[[[148.94,-20.15],[148.91,-20.15],[148.89,-20.14],[148.91,-20.1],[148.93,-20.07],[148.97,-20.04],[148.96,-20.13],[148.94,-20.15]]],[[[151.15,-23.49],[151.18,-23.52],[151.21,-23.51],[151.24,-23.53],[151.23,-23.59],[151.27,-23.67],[151.3,-23.72],[151.26,-23.76],[151.24,-23.78],[151.18,-23.74],[151.03,-23.53],[151.06,-23.46],[151.15,-23.49]]],[[[150.52,-22.32],[150.49,-22.32],[150.46,-22.31],[150.48,-22.27],[150.49,-22.21],[150.52,-22.23],[150.55,-22.31],[150.52,-22.32]]],[[[149.93,-22.19],[149.89,-22.22],[149.87,-22.15],[149.88,-22.07],[149.91,-22.05],[149.93,-22.15],[149.93,-22.19]]],[[[153.54,-27.44],[153.45,-27.71],[153.43,-27.71],[153.4,-27.67],[153.4,-27.51],[153.44,-27.41],[153.52,-27.42],[153.54,-27.44]]],[[[153.44,-27.32],[153.42,-27.33],[153.38,-27.24],[153.37,-27.14],[153.38,-27.05],[153.43,-27.03],[153.47,-27.04],[153.43,-27.2],[153.44,-27.32]]],[[[142.27,-10.7],[142.19,-10.76],[142.14,-10.73],[142.13,-10.67],[142.13,-10.64],[142.2,-10.59],[142.27,-10.7]]],[[[142.34,-10.19],[142.28,-10.25],[142.22,-10.24],[142.2,-10.2],[142.22,-10.15],[142.3,-10.14],[142.34,-10.19]]],[[[142.17,-10.15],[142.14,-10.18],[142.1,-10.12],[142.15,-10.05],[142.19,-10.09],[142.17,-10.15]]],[[[146.28,-18.23],[146.3,-18.33],[146.34,-18.4],[146.33,-18.45],[146.3,-18.48],[146.24,-18.45],[146.19,-18.36],[146.12,-18.29],[146.1,-18.25],[146.19,-18.26],[146.23,-18.24],[146.25,-18.23],[146.28,-18.23]]],[[[136.6,-11.38],[136.53,-11.44],[136.52,-11.39],[136.56,-11.36],[136.65,-11.21],[136.69,-11.18],[136.71,-11.16],[136.73,-11.1],[136.73,-11.02],[136.78,-11.01],[136.74,-11.19],[136.6,-11.38]]],[[[136.34,-11.6],[136.18,-11.68],[136.27,-11.58],[136.45,-11.49],[136.48,-11.47],[136.47,-11.51],[136.38,-11.58],[136.34,-11.6]]],[[[137.09,-15.78],[137.05,-15.82],[137.0,-15.78],[136.99,-15.73],[136.94,-15.71],[136.96,-15.67],[136.99,-15.65],[137.01,-15.59],[137.06,-15.66],[137.07,-15.74],[137.09,-15.78]]],[[[136.86,-15.62],[136.85,-15.63],[136.85,-15.54],[136.88,-15.5],[136.89,-15.59],[136.86,-15.62]]],[[[136.59,-15.63],[136.53,-15.63],[136.51,-15.63],[136.5,-15.58],[136.52,-15.54],[136.59,-15.53],[136.61,-15.54],[136.59,-15.63]]],[[[139.46,-17.11],[139.42,-17.13],[139.41,-17.09],[139.46,-17.05],[139.49,-16.99],[139.56,-17.04],[139.57,-17.09],[139.46,-17.11]]],[[[136.24,-13.82],[136.21,-13.84],[136.12,-13.82],[136.12,-13.78],[136.13,-13.75],[136.16,-13.74],[136.22,-13.66],[136.26,-13.71],[136.28,-13.79],[136.24,-13.82]]],[[[132.59,-11.3],[132.57,-11.32],[132.49,-11.16],[132.52,-11.12],[132.48,-11.04],[132.54,-11.03],[132.58,-10.97],[132.59,-11.0],[132.6,-11.11],[132.63,-11.17],[132.59,-11.3]]],[[[125.2,-14.58],[125.13,-14.64],[125.09,-14.59],[125.12,-14.49],[125.16,-14.46],[125.2,-14.47],[125.19,-14.55],[125.2,-14.58]]],[[[124.6,-15.4],[124.56,-15.43],[124.52,-15.42],[124.52,-15.38],[124.48,-15.34],[124.5,-15.29],[124.52,-15.27],[124.55,-15.27],[124.56,-15.31],[124.61,-15.36],[124.6,-15.4]]],[[[115.45,-20.79],[115.39,-20.87],[115.32,-20.85],[115.31,-20.81],[115.35,-20.75],[115.43,-20.67],[115.46,-20.72],[115.45,-20.79]]],[[[145.04,-40.79],[145.16,-40.79],[145.22,-40.77],[145.28,-40.77],[145.35,-40.83],[145.43,-40.86],[145.49,-40.85],[145.53,-40.86],[145.58,-40.9],[145.69,-40.94],[145.73,-40.96],[145.78,-41.0],[145.82,-41.02],[146.11,-41.12],[146.32,-41.16],[146.57,-41.14],[146.65,-41.12],[146.72,-41.08],[146.79,-41.11],[146.85,-41.17],[146.84,-41.11],[146.86,-41.06],[146.92,-41.02],[146.99,-40.99],[147.11,-40.99],[147.22,-40.98],[147.27,-40.96],[147.32,-40.96],[147.39,-40.99],[147.45,-41.0],[147.5,-40.96],[147.58,-40.88],[147.62,-40.84],[147.82,-40.87],[147.87,-40.87],[147.97,-40.78],[148.03,-40.78],[148.22,-40.85],[148.29,-40.95],[148.29,-41.12],[148.29,-41.17],[148.31,-41.23],[148.31,-41.35],[148.29,-41.47],[148.29,-41.55],[148.3,-41.65],[148.29,-41.82],[148.32,-41.93],[148.3,-42.0],[148.3,-42.04],[148.33,-42.07],[148.34,-42.11],[148.33,-42.16],[148.34,-42.22],[148.33,-42.26],[148.29,-42.25],[148.28,-42.22],[148.28,-42.17],[148.28,-42.14],[148.26,-42.1],[148.18,-42.06],[148.2,-42.04],[148.24,-42.02],[148.21,-41.97],[148.17,-42.01],[148.14,-42.07],[148.16,-42.09],[148.13,-42.1],[148.07,-42.17],[148.02,-42.26],[148.0,-42.35],[148.01,-42.44],[147.97,-42.51],[147.92,-42.57],[147.91,-42.66],[147.92,-42.82],[147.96,-42.96],[147.98,-43.16],[147.95,-43.18],[147.84,-43.2],[147.79,-43.22],[147.7,-43.12],[147.65,-43.02],[147.69,-42.98],[147.77,-43.0],[147.8,-42.98],[147.81,-42.95],[147.8,-42.93],[147.69,-42.87],[147.57,-42.85],[147.54,-42.88],[147.55,-42.97],[147.54,-43.0],[147.45,-43.03],[147.41,-42.89],[147.3,-42.79],[147.3,-42.84],[147.35,-42.93],[147.34,-42.96],[147.32,-43.01],[147.28,-43.03],[147.26,-43.07],[147.26,-43.13],[147.25,-43.22],[147.17,-43.26],[147.0,-43.16],[146.98,-43.19],[146.99,-43.22],[147.08,-43.28],[147.04,-43.32],[147.0,-43.37],[146.95,-43.5],[146.87,-43.61],[146.83,-43.62],[146.7,-43.6],[146.55,-43.51],[146.41,-43.52],[146.19,-43.51],[146.04,-43.55],[146.01,-43.44],[145.98,-43.41],[145.99,-43.38],[146.11,-43.35],[146.23,-43.36],[146.21,-43.32],[146.18,-43.3],[146.13,-43.31],[145.98,-43.28],[145.87,-43.29],[145.8,-43.24],[145.68,-43.08],[145.61,-43.0],[145.57,-42.97],[145.52,-42.95],[145.49,-42.93],[145.27,-42.54],[145.24,-42.46],[145.2,-42.23],[145.37,-42.34],[145.43,-42.41],[145.47,-42.49],[145.53,-42.39],[145.52,-42.35],[145.36,-42.23],[145.34,-42.19],[145.33,-42.15],[145.29,-42.19],[145.23,-42.2],[145.26,-42.11],[145.24,-42.02],[145.06,-41.83],[144.92,-41.64],[144.78,-41.42],[144.77,-41.39],[144.76,-41.34],[144.7,-41.19],[144.66,-41.08],[144.65,-40.98],[144.71,-40.78],[144.72,-40.67],[144.82,-40.72],[145.04,-40.79]]],[[[143.93,-40.12],[143.9,-40.12],[143.88,-40.06],[143.89,-39.98],[143.84,-39.9],[143.87,-39.82],[143.86,-39.74],[143.88,-39.7],[143.94,-39.66],[143.95,-39.58],[144.0,-39.58],[144.09,-39.64],[144.12,-39.79],[144.11,-39.87],[144.14,-39.95],[144.11,-40.02],[144.04,-40.08],[143.93,-40.12]]],[[[148.0,-39.76],[148.18,-39.94],[148.27,-39.97],[148.3,-39.99],[148.29,-40.07],[148.25,-40.1],[148.32,-40.14],[148.31,-40.17],[148.3,-40.17],[148.21,-40.23],[148.11,-40.26],[148.07,-40.24],[148.05,-40.21],[148.02,-40.17],[147.89,-40.01],[147.91,-39.97],[147.88,-39.91],[147.81,-39.91],[147.77,-39.87],[147.84,-39.83],[147.93,-39.73],[148.0,-39.76]]],[[[147.36,-43.4],[147.31,-43.5],[147.23,-43.48],[147.15,-43.5],[147.1,-43.43],[147.1,-43.41],[147.16,-43.43],[147.18,-43.41],[147.2,-43.38],[147.22,-43.37],[147.23,-43.33],[147.28,-43.28],[147.31,-43.28],[147.34,-43.35],[147.36,-43.4]]],[[[148.1,-42.71],[148.05,-42.72],[148.03,-42.71],[148.03,-42.66],[148.02,-42.64],[148.07,-42.59],[148.14,-42.62],[148.17,-42.65],[148.1,-42.68],[148.1,-42.71]]],[[[147.43,-43.24],[147.37,-43.24],[147.35,-43.23],[147.34,-43.18],[147.3,-43.16],[147.32,-43.15],[147.33,-43.11],[147.35,-43.08],[147.4,-43.12],[147.43,-43.24]]],[[[144.78,-40.51],[144.75,-40.59],[144.71,-40.49],[144.75,-40.47],[144.78,-40.43],[144.79,-40.44],[144.78,-40.51]]],[[[148.33,-40.31],[148.42,-40.37],[148.47,-40.43],[148.4,-40.49],[148.35,-40.5],[148.32,-40.43],[148.21,-40.46],[148.1,-40.45],[148.02,-40.4],[148.01,-40.38],[148.06,-40.36],[148.2,-40.36],[148.33,-40.31]]],[[[148.24,-40.52],[148.19,-40.59],[148.13,-40.54],[148.12,-40.52],[148.19,-40.5],[148.22,-40.51],[148.24,-40.52]]],[[[158.88,-54.71],[158.85,-54.75],[158.84,-54.7],[158.9,-54.51],[158.96,-54.47],[158.95,-54.58],[158.88,-54.71]]]]},"properties":{"iso":"AUS","name":"Australia","ha":[929445.7,929725.2,932088.7,935417.0,951616.7,953616.6,955458.1,957243.8,958996.0,962109.4,965635.4,969140.3,971087.2,972607.4,977853.3,981791.5,981025.6,979435.6,979202.4,982845.8,985739.5,991037.2,998075.8,1004049.8,1010898.3,1012190.2,1009834.0,1008792.4,1009535.0,1007989.2,1011034.1,1013202.6,1012547.6,1000950.1,1000968.7,1008293.1,1022815.0,1030539.5,1038490.1,1050207.1,1069095.7],"lo":[866891.2,867152.0,869356.4,872460.6,887570.1,889435.4,891152.9,892818.4,894452.7,897356.6,900645.3,903914.3,905730.2,907148.1,912040.9,915714.1,914999.7,913516.7,913299.2,916697.4,919396.3,924337.5,930902.4,936474.3,942861.8,944066.8,941869.2,940897.7,941590.3,940148.5,942988.5,945011.0,944400.1,933583.2,933600.6,940432.0,953976.5,961181.2,968596.6,979525.0,997142.4],"hi":[1018669.6,1018976.0,1021566.4,1025214.1,1042969.0,1045160.9,1047179.1,1049136.2,1051056.7,1054468.9,1058333.4,1062174.8,1064308.6,1065974.7,1071724.2,1076040.5,1075201.0,1073458.4,1073202.8,1077196.0,1080367.4,1086173.8,1093888.0,1100435.5,1107941.4,1109357.3,1106774.9,1105633.4,1106447.2,1104753.0,1108090.2,1110466.9,1109749.0,1097038.2,1097058.6,1105086.1,1121002.1,1129468.1,1138181.9,1151023.7,1171725.5]}},{"type":"Feature","geometry":{"type":"MultiPolygon","coordinates":[[[[1.62,6.22],[1.61,6.25],[1.78,6.29],[1.74,6.43],[1.64,6.58],[1.6,6.61],[1.58,6.69],[1.6,6.74],[1.59,6.77],[1.58,6.88],[1.53,6.99],[1.62,7.0],[1.62,7.37],[1.62,7.73],[1.62,8.03],[1.62,8.27],[1.61,8.56],[1.6,8.77],[1.6,9.05],[1.57,9.14],[1.42,9.29],[1.39,9.36],[1.38,9.46],[1.35,9.57],[1.35,9.75],[1.34,9.96],[1.33,10.0],[1.18,10.1],[0.96,10.24],[0.79,10.35],[0.78,10.36],[0.76,10.39],[0.79,10.71],[0.82,10.75],[0.87,10.89],[0.9,10.99],[0.92,10.99],[0.96,11.03],[0.99,11.08],[1.01,11.07],[1.06,11.06],[1.08,11.08],[1.08,11.12],[1.1,11.16],[1.14,11.17],[1.15,11.21],[1.15,11.25],[1.18,11.26],[1.23,11.26],[1.28,11.27],[1.32,11.3],[1.36,11.38],[1.39,11.41],[1.4,11.43],[1.43,11.45],[1.5,11.46],[1.56,11.45],[1.6,11.4],[1.86,11.44],[1.98,11.42],[2.23,11.63],[2.29,11.69],[2.36,11.84],[2.39,11.9],[2.41,12.0],[2.36,12.19],[2.37,12.22],[2.47,12.26],[2.6,12.29],[2.65,12.3],[2.68,12.31],[2.73,12.35],[2.81,12.38],[2.85,12.37],[2.88,12.37],[3.15,12.12],[3.27,11.99],[3.3,11.93],[3.36,11.88],[3.45,11.85],[3.53,11.79],[3.6,11.7],[3.55,11.63],[3.49,11.5],[3.49,11.4],[3.64,11.18],[3.66,11.15],[3.7,11.12],[3.72,11.08],[3.73,10.97],[3.74,10.85],[3.76,10.77],[3.83,10.65],[3.83,10.61],[3.78,10.44],[3.77,10.42],[3.76,10.41],[3.68,10.43],[3.65,10.41],[3.6,10.35],[3.58,10.29],[3.58,10.27],[3.65,10.16],[3.6,10.0],[3.56,9.91],[3.48,9.85],[3.4,9.84],[3.35,9.81],[3.33,9.78],[3.33,9.67],[3.22,9.57],[3.16,9.49],[3.14,9.45],[3.15,9.32],[3.11,9.19],[3.04,9.08],[2.9,9.06],[2.77,9.05],[2.73,8.78],[2.73,8.61],[2.72,8.44],[2.7,8.37],[2.71,8.27],[2.7,8.05],[2.69,7.87],[2.71,7.83],[2.72,7.72],[2.72,7.62],[2.75,7.54],[2.79,7.48],[2.78,7.44],[2.77,7.42],[2.75,7.4],[2.75,7.14],[2.76,7.07],[2.75,7.02],[2.72,6.98],[2.73,6.85],[2.75,6.77],[2.77,6.71],[2.75,6.66],[2.74,6.6],[2.71,6.43],[2.71,6.37],[2.29,6.33],[1.82,6.26],[1.62,6.22]]]]},"properties":{"iso":"BEN","name":"Benin","ha":[2074.1,2075.8,2083.2,2087.7,2174.9,2256.9,2259.7,2257.0,2247.0,2183.6,2178.5,2180.4,2190.8,2211.6,2188.8,2243.7,2271.1,2277.9,2284.8,2325.0,2332.8,2299.9,2302.0,2351.9,2456.1,2485.4,2463.6,2420.2,2358.5,2332.5,2344.5,2351.5,2385.4,2401.8,2230.9,2148.9,2024.5,2011.5,1954.1,1924.0,1915.7],"lo":[1934.5,1936.1,1943.0,1947.2,2028.5,2105.0,2107.6,2105.1,2095.7,2036.7,2031.9,2033.7,2043.3,2062.8,2041.5,2092.7,2118.2,2124.6,2131.0,2168.5,2175.8,2145.1,2147.1,2193.6,2290.8,2318.1,2297.8,2257.3,2199.7,2175.5,2186.7,2193.3,2224.8,2240.2,2080.7,2004.3,1888.3,1876.1,1822.6,1794.5,1786.8],"hi":[2273.2,2275.0,2283.2,2288.1,2383.6,2473.5,2476.6,2473.7,2462.7,2393.3,2387.6,2389.7,2401.1,2423.9,2399.0,2459.1,2489.1,2496.5,2504.2,2548.2,2556.8,2520.7,2523.0,2577.6,2691.9,2723.9,2700.1,2652.6,2584.9,2556.4,2569.5,2577.3,2614.4,2632.4,2445.0,2355.2,2218.9,2204.6,2141.7,2108.7,2099.6]}},{"type":"Feature","geometry":{"type":"MultiPolygon","coordinates":[[[[89.05,22.09],[89.06,22.19],[89.05,22.27],[88.97,22.51],[88.92,22.63],[88.93,22.67],[88.92,22.69],[88.9,22.84],[88.87,22.94],[88.85,23.04],[88.93,23.19],[88.9,23.21],[88.81,23.23],[88.72,23.25],[88.7,23.29],[88.74,23.44],[88.7,23.49],[88.64,23.55],[88.62,23.57],[88.6,23.6],[88.57,23.67],[88.62,23.83],[88.7,24.0],[88.71,24.07],[88.73,24.19],[88.73,24.23],[88.72,24.27],[88.64,24.33],[88.5,24.35],[88.4,24.39],[88.34,24.45],[88.29,24.48],[88.22,24.46],[88.15,24.49],[88.08,24.55],[88.02,24.63],[88.03,24.66],[88.05,24.71],[88.15,24.91],[88.19,24.92],[88.28,24.88],[88.31,24.88],[88.37,24.96],[88.46,25.19],[88.57,25.19],[88.68,25.18],[88.75,25.17],[88.82,25.18],[88.89,25.19],[88.93,25.22],[88.95,25.26],[88.94,25.29],[88.85,25.33],[88.82,25.37],[88.8,25.46],[88.77,25.49],[88.59,25.5],[88.5,25.54],[88.45,25.57],[88.36,25.7],[88.25,25.79],[88.15,25.81],[88.11,25.84],[88.08,25.89],[88.1,25.96],[88.13,26.02],[88.15,26.09],[88.24,26.18],[88.33,26.26],[88.38,26.31],[88.44,26.37],[88.45,26.4],[88.44,26.44],[88.39,26.47],[88.35,26.48],[88.35,26.5],[88.37,26.56],[88.42,26.57],[88.52,26.52],[88.62,26.43],[88.68,26.35],[88.68,26.29],[88.72,26.28],[88.76,26.28],[88.83,26.25],[88.9,26.26],[88.94,26.25],[88.97,26.25],[88.98,26.29],[88.95,26.34],[88.92,26.38],[88.95,26.41],[88.98,26.42],[89.02,26.41],[89.07,26.38],[89.1,26.31],[89.11,26.2],[89.19,26.11],[89.29,26.04],[89.37,26.01],[89.47,25.98],[89.55,26.01],[89.59,26.07],[89.57,26.13],[89.59,26.19],[89.62,26.22],[89.67,26.21],[89.71,26.17],[89.82,25.94],[89.8,25.84],[89.82,25.56],[89.8,25.38],[89.8,25.34],[89.81,25.31],[89.83,25.29],[89.87,25.29],[90.0,25.26],[90.12,25.22],[90.25,25.18],[90.44,25.16],[90.56,25.17],[90.61,25.17],[90.73,25.16],[91.04,25.17],[91.29,25.18],[91.4,25.15],[91.48,25.14],[91.76,25.16],[92.05,25.17],[92.2,25.11],[92.37,25.02],[92.47,24.94],[92.49,24.9],[92.47,24.87],[92.44,24.85],[92.38,24.85],[92.25,24.9],[92.23,24.88],[92.23,24.79],[92.23,24.77],[92.2,24.69],[92.12,24.49],[92.1,24.41],[92.09,24.39],[92.06,24.37],[92.0,24.37],[91.95,24.36],[91.93,24.33],[91.9,24.26],[91.88,24.2],[91.85,24.18],[91.77,24.21],[91.73,24.21],[91.67,24.19],[91.61,24.15],[91.57,24.11],[91.53,24.09],[91.39,24.1],[91.37,24.09],[91.35,24.06],[91.34,24.02],[91.23,23.92],[91.19,23.76],[91.16,23.66],[91.17,23.58],[91.25,23.37],[91.32,23.1],[91.34,23.08],[91.36,23.07],[91.37,23.07],[91.37,23.13],[91.37,23.2],[91.4,23.21],[91.44,23.2],[91.47,23.14],[91.51,23.03],[91.55,22.99],[91.62,22.98],[91.69,23.0],[91.75,23.05],[91.77,23.11],[91.76,23.21],[91.75,23.29],[91.79,23.36],[91.92,23.47],[91.94,23.5],[91.93,23.6],[91.93,23.69],[91.98,23.69],[92.04,23.68],[92.13,23.72],[92.15,23.72],[92.19,23.68],[92.25,23.68],[92.29,23.49],[92.33,23.32],[92.33,23.24],[92.34,23.07],[92.36,22.93],[92.39,22.9],[92.43,22.82],[92.46,22.73],[92.49,22.69],[92.51,22.53],[92.53,22.41],[92.56,22.05],[92.57,21.98],[92.58,21.94],[92.58,21.61],[92.59,21.47],[92.63,21.35],[92.63,21.31],[92.6,21.27],[92.57,21.26],[92.54,21.32],[92.47,21.36],[92.37,21.41],[92.33,21.44],[92.28,21.43],[92.21,21.36],[92.18,21.29],[92.19,21.2],[92.21,21.11],[92.26,21.06],[92.27,21.0],[92.29,20.93],[92.31,20.86],[92.32,20.79],[92.31,20.79],[92.25,20.88],[92.19,20.98],[92.06,21.17],[92.01,21.52],[92.01,21.68],[91.91,21.88],[91.85,22.16],[91.82,22.23],[91.86,22.32],[91.86,22.35],[91.85,22.34],[91.8,22.3],[91.73,22.41],[91.69,22.5],[91.53,22.71],[91.48,22.8],[91.48,22.88],[91.41,22.8],[91.31,22.74],[91.22,22.64],[91.15,22.61],[90.95,22.6],[90.83,22.72],[90.66,23.03],[90.63,23.09],[90.66,23.27],[90.62,23.44],[90.62,23.53],[90.6,23.59],[90.57,23.58],[90.56,23.54],[90.57,23.47],[90.56,23.42],[90.41,23.43],[90.27,23.46],[90.39,23.37],[90.52,23.35],[90.59,23.27],[90.6,23.2],[90.6,23.13],[90.53,23.08],[90.47,23.05],[90.48,22.99],[90.55,22.9],[90.46,22.88],[90.44,22.83],[90.44,22.75],[90.48,22.68],[90.5,22.63],[90.49,22.59],[90.53,22.54],[90.6,22.44],[90.62,22.36],[90.59,22.26],[90.55,22.22],[90.49,22.18],[90.36,22.05],[90.29,21.9],[90.23,21.83],[90.16,21.82],[90.13,21.85],[90.07,21.89],[90.07,21.96],[90.09,22.02],[90.21,22.16],[90.14,22.14],[90.07,22.1],[89.95,22.02],[89.92,22.12],[89.89,22.2],[89.89,22.31],[89.99,22.47],[89.88,22.39],[89.85,22.29],[89.87,22.17],[89.85,22.09],[89.81,21.98],[89.76,21.92],[89.67,21.88],[89.63,21.81],[89.57,21.77],[89.57,21.86],[89.55,21.98],[89.48,22.28],[89.47,22.21],[89.5,22.03],[89.5,21.91],[89.45,21.82],[89.35,21.72],[89.28,21.71],[89.23,21.72],[89.17,21.78],[89.09,21.87],[89.08,22.01],[89.05,22.09]]],[[[91.15,22.18],[91.04,22.11],[91.08,22.52],[91.16,22.37],[91.18,22.28],[91.15,22.18]]],[[[91.56,22.38],[91.51,22.35],[91.47,22.38],[91.41,22.48],[91.44,22.6],[91.46,22.62],[91.48,22.58],[91.52,22.49],[91.55,22.43],[91.56,22.38]]],[[[90.78,22.09],[90.6,22.05],[90.52,22.07],[90.68,22.33],[90.67,22.44],[90.65,22.54],[90.56,22.62],[90.56,22.67],[90.52,22.75],[90.5,22.84],[90.6,22.86],[90.67,22.81],[90.68,22.79],[90.7,22.71],[90.74,22.64],[90.87,22.48],[90.87,22.39],[90.83,22.16],[90.78,22.09]]],[[[91.87,21.83],[91.84,21.75],[91.82,21.81],[91.84,21.89],[91.85,21.93],[91.86,21.93],[91.88,21.88],[91.87,21.83]]],[[[91.95,21.51],[91.89,21.5],[91.86,21.53],[91.87,21.57],[91.86,21.71],[91.91,21.72],[91.93,21.72],[91.95,21.68],[91.96,21.61],[91.95,21.51]]],[[[90.64,22.96],[90.66,22.92],[90.6,22.95],[90.56,22.98],[90.54,23.01],[90.58,23.04],[90.64,22.96]]]]},"properties":{"iso":"BGD","name":"Bangladesh","ha":[424001.9,424001.8,424000.8,423956.9,423944.5,423870.6,423716.8,423690.3,424332.9,426691.5,427807.1,428548.7,428474.8,428598.8,428319.7,428198.8,428206.1,428114.5,428215.2,428100.2,428217.5,427593.1,427054.0,427214.6,427420.4,427455.9,427174.8,427071.1,427307.8,427715.0,428861.9,429465.3,430229.7,431055.8,431669.9,431670.8,432055.4,431419.6,431079.3,431294.7,428101.4],"lo":[395465.3,395465.2,395464.3,395423.4,395411.8,395342.9,395199.4,395174.7,395774.0,397973.9,399014.4,399706.1,399637.2,399752.8,399492.5,399379.7,399386.5,399301.1,399395.0,399287.8,399397.2,398814.8,398312.0,398461.8,398653.7,398686.8,398424.6,398327.9,398548.7,398928.5,399998.2,400561.0,401273.9,402044.5,402617.3,402618.0,402976.8,402383.8,402066.4,402267.3,399288.9],"hi":[464704.8,464704.7,464703.5,464655.5,464641.8,464560.9,464392.3,464363.3,465067.5,467652.6,468875.3,469688.1,469607.1,469742.9,469437.1,469304.5,469312.5,469212.2,469322.5,469196.5,469325.0,468640.7,468049.9,468225.9,468451.4,468490.3,468182.2,468068.6,468328.0,468774.4,470031.3,470692.7,471530.4,472435.9,473108.9,473109.8,473531.4,472834.6,472461.6,472697.7,469197.8]}},{"type":"Feature","geometry":{"type":"MultiPolygon","coordinates":[[[[50.61,25.88],[50.57,25.81],[50.54,25.83],[50.47,25.97],[50.49,26.06],[50.45,26.19],[50.47,26.23],[50.56,26.25],[50.59,26.24],[50.56,26.2],[50.61,26.12],[50.62,26.0],[50.61,25.88]]]]},"properties":{"iso":"BHR","name":"Bahrain","ha":[8.5,8.5,8.5,8.4,8.4,8.5,8.6,9.6,10.9,15.3,15.5,15.8,16.2,16.4,17.1,17.5,17.8,18.2,18.6,18.8,18.5,18.4,17.5,16.8,17.8,17.8,17.5,18.9,19.5,20.0,19.7,20.0,22.6,23.5,25.5,26.2,27.1,27.8,31.4,32.5,33.2],"lo":[7.9,7.9,7.9,7.8,7.8,7.9,8.0,8.9,10.2,14.3,14.4,14.7,15.1,15.3,15.9,16.4,16.6,17.0,17.3,17.5,17.2,17.2,16.4,15.7,16.6,16.6,16.4,17.6,18.2,18.7,18.4,18.7,21.1,21.9,23.8,24.4,25.3,26.0,29.3,30.3,30.9],"hi":[9.3,9.3,9.3,9.2,9.2,9.3,9.4,10.5,12.0,16.8,17.0,17.3,17.8,18.0,18.7,19.2,19.6,20.0,20.3,20.6,20.3,20.2,19.2,18.4,19.5,19.5,19.2,20.7,21.4,22.0,21.6,22.0,24.8,25.8,27.9,28.7,29.7,30.5,34.5,35.6,36.4]}},{"type":"Feature","geometry":{"type":"MultiPolygon","coordinates":[[[[-77.66,24.25],[-77.66,24.23],[-77.76,24.16],[-77.68,24.12],[-77.62,24.22],[-77.56,24.14],[-77.53,23.99],[-77.54,23.96],[-77.53,23.94],[-77.52,23.91],[-77.52,23.87],[-77.57,23.74],[-77.77,23.75],[-77.78,23.86],[-77.81,23.88],[-77.85,24.04],[-77.91,24.09],[-78.0,24.22],[-77.95,24.25],[-77.88,24.24],[-77.85,24.26],[-77.76,24.27],[-77.7,24.29],[-77.66,24.25]]],[[[-77.23,25.9],[-77.25,25.9],[-77.33,26.0],[-77.4,26.02],[-77.29,26.1],[-77.25,26.16],[-77.25,26.29],[-77.22,26.36],[-77.23,26.42],[-77.21,26.49],[-77.24,26.56],[-77.33,26.62],[-77.51,26.85],[-77.8,26.9],[-77.94,26.9],[-77.86,26.94],[-77.79,26.94],[-77.67,26.91],[-77.53,26.9],[-77.45,26.84],[-77.37,26.75],[-77.3,26.71],[-77.27,26.69],[-77.27,26.66],[-77.26,26.64],[-77.16,26.6],[-77.07,26.53],[-77.04,26.33],[-77.17,26.24],[-77.19,25.96],[-77.23,25.9]]],[[[-73.03,21.19],[-73.06,21.12],[-73.16,20.98],[-73.4,20.94],[-73.66,20.94],[-73.68,20.98],[-73.69,21.01],[-73.67,21.06],[-73.67,21.08],[-73.68,21.1],[-73.59,21.13],[-73.52,21.19],[-73.42,21.2],[-73.3,21.16],[-73.24,21.15],[-73.14,21.2],[-73.06,21.31],[-73.01,21.3],[-73.03,21.19]]],[[[-77.74,24.71],[-77.75,24.59],[-77.74,24.5],[-77.75,24.46],[-77.85,24.4],[-77.88,24.37],[-77.98,24.33],[-78.04,24.29],[-78.08,24.36],[-78.14,24.41],[-78.15,24.49],[-78.19,24.47],[-78.26,24.48],[-78.37,24.54],[-78.44,24.63],[-78.34,24.64],[-78.32,24.59],[-78.24,24.65],[-78.26,24.69],[-78.27,24.69],[-78.3,24.75],[-78.18,24.92],[-78.16,25.02],[-78.21,25.19],[-78.16,25.2],[-78.03,25.14],[-77.98,25.08],[-77.97,25.0],[-77.92,24.94],[-77.84,24.79],[-77.74,24.71]]],[[[-78.49,26.73],[-78.37,26.7],[-78.31,26.7],[-78.27,26.72],[-78.09,26.71],[-77.94,26.74],[-77.92,26.69],[-77.93,26.66],[-78.23,26.64],[-78.52,26.56],[-78.67,26.51],[-78.74,26.5],[-78.8,26.53],[-78.99,26.69],[-78.94,26.67],[-78.8,26.58],[-78.71,26.6],[-78.63,26.66],[-78.62,26.7],[-78.63,26.73],[-78.6,26.8],[-78.49,26.73]]],[[[-77.35,25.01],[-77.46,24.99],[-77.54,25.01],[-77.56,25.03],[-77.53,25.06],[-77.45,25.08],[-77.33,25.08],[-77.28,25.06],[-77.27,25.04],[-77.35,25.01]]],[[[-74.06,22.72],[-74.03,22.71],[-74.1,22.67],[-74.24,22.72],[-74.27,22.71],[-74.3,22.76],[-74.31,22.8],[-74.31,22.84],[-74.22,22.81],[-74.18,22.76],[-74.06,22.72]]],[[[-74.43,24.07],[-74.51,23.96],[-74.55,23.97],[-74.53,24.11],[-74.47,24.13],[-74.45,24.13],[-74.43,24.07]]],[[[-74.21,22.21],[-74.28,22.18],[-74.26,22.24],[-74.13,22.32],[-74.05,22.4],[-74.01,22.43],[-73.99,22.45],[-73.94,22.48],[-73.91,22.53],[-73.91,22.57],[-73.98,22.64],[-73.98,22.68],[-73.95,22.72],[-73.85,22.73],[-73.88,22.68],[-73.84,22.54],[-73.97,22.36],[-74.09,22.31],[-74.21,22.21]]],[[[-76.65,25.49],[-76.48,25.37],[-76.34,25.33],[-76.19,25.19],[-76.13,25.14],[-76.11,25.09],[-76.14,24.89],[-76.17,24.76],[-76.17,24.65],[-76.21,24.68],[-76.24,24.75],[-76.3,24.8],[-76.32,24.82],[-76.21,24.82],[-76.2,24.94],[-76.15,25.03],[-76.16,25.12],[-76.28,25.22],[-76.37,25.31],[-76.5,25.34],[-76.62,25.43],[-76.69,25.44],[-76.78,25.43],[-76.75,25.48],[-76.73,25.55],[-76.71,25.56],[-76.65,25.49]]],[[[-75.66,23.45],[-75.71,23.44],[-75.78,23.47],[-75.96,23.59],[-76.04,23.6],[-76.01,23.67],[-75.95,23.65],[-75.81,23.54],[-75.75,23.49],[-75.66,23.45]]],[[[-74.84,22.89],[-74.85,22.87],[-74.97,23.07],[-75.13,23.12],[-75.22,23.17],[-75.2,23.19],[-75.14,23.2],[-75.13,23.27],[-75.16,23.34],[-75.24,23.47],[-75.29,23.57],[-75.31,23.59],[-75.32,23.67],[-75.22,23.55],[-75.18,23.44],[-75.11,23.33],[-75.06,23.15],[-74.94,23.09],[-74.85,23.0],[-74.84,22.89]]],[[[-75.31,24.2],[-75.3,24.15],[-75.37,24.16],[-75.47,24.14],[-75.5,24.14],[-75.48,24.17],[-75.41,24.22],[-75.41,24.27],[-75.49,24.33],[-75.59,24.49],[-75.64,24.53],[-75.66,24.59],[-75.74,24.65],[-75.73,24.69],[-75.71,24.7],[-75.65,24.68],[-75.53,24.45],[-75.52,24.43],[-75.31,24.2]]],[[[-73.04,22.43],[-72.98,22.41],[-72.95,22.42],[-72.83,22.39],[-72.76,22.34],[-72.75,22.33],[-72.78,22.29],[-72.89,22.36],[-72.98,22.37],[-73.11,22.37],[-73.16,22.38],[-73.13,22.46],[-73.04,22.43]]],[[[-72.92,21.51],[-73.05,21.46],[-73.06,21.52],[-72.99,21.56],[-72.92,21.51]]]]},"properties":{"iso":"BHS","name":"Bahamas","ha":[50171.0,50297.1,50734.0,51271.5,52925.3,53997.1,54281.2,55098.3,56303.7,59209.9,60192.6,60460.0,60538.2,59812.9,56759.8,56061.5,55836.9,55979.1,55593.9,55004.7,54655.2,53120.2,51153.2,51501.7,53230.0,53284.6,53291.5,54115.0,55540.7,58623.5,60951.5,62648.6,63700.6,64708.0,60322.6,57587.6,56716.0,56786.5,56394.9,59223.1,53649.0],"lo":[46794.4,46912.0,47319.5,47820.7,49363.3,50362.9,50627.9,51390.0,52514.3,55224.9,56141.5,56390.9,56463.8,55787.3,52939.7,52288.4,52078.9,52211.5,51852.3,51302.7,50976.7,49545.1,47710.4,48035.5,49647.4,49698.4,49704.8,50472.9,51802.6,54678.0,56849.3,58432.2,59413.3,60353.0,56262.7,53711.8,52898.8,52964.6,52599.3,55237.2,50038.2],"hi":[54987.3,55125.5,55604.3,56193.4,58005.9,59180.7,59492.0,60387.6,61708.7,64893.8,65970.9,66264.0,66349.7,65554.7,62208.6,61443.3,61197.1,61352.9,60930.8,60284.9,59901.9,58219.6,56063.7,56445.7,58339.9,58399.8,58407.3,59309.9,60872.4,64251.2,66802.6,68662.7,69815.6,70919.8,66113.4,63115.8,62160.5,62237.9,61808.6,64908.4,58799.1]}},{"type":"Feature","geometry":{"type":"MultiPolygon","coordinates":[[[[-62.83,17.88],[-62.85,17.88],[-62.86,17.88],[-62.87,17.9],[-62.88,17.91],[-62.87,17.92],[-62.87,17.92],[-62.8,17.91],[-62.81,17.9],[-62.82,17.89],[-62.83,17.88]]]]},"properties":{"iso":"BLM","name":"Saint Barth\u00e9lemy","ha":[1.5,1.5,1.5,1.5,1.2,1.2,1.2,1.2,1.2,1.2,1.2,1.2,1.2,0.9,0.9,0.9,0.7,0.7,0.6,1.5,1.8,2.0,2.1,2.1,2.2,2.4,2.4,2.0,2.1,1.9,1.9,1.7,1.1,1.0,1.1,1.5,1.9,2.7,3.0,3.2,3.5],"lo":[1.4,1.4,1.4,1.4,1.1,1.1,1.1,1.1,1.1,1.1,1.1,1.1,1.1,0.9,0.9,0.9,0.6,0.6,0.5,1.4,1.7,1.9,1.9,1.9,2.1,2.3,2.3,1.9,1.9,1.8,1.8,1.6,1.0,0.9,1.0,1.4,1.8,2.5,2.8,3.0,3.3],"hi":[1.6,1.6,1.6,1.6,1.3,1.3,1.3,1.3,1.3,1.3,1.3,1.3,1.3,1.0,1.0,1.0,0.7,0.7,0.6,1.6,2.0,2.2,2.3,2.3,2.5,2.6,2.6,2.2,2.3,2.1,2.1,1.9,1.2,1.1,1.2,1.6,2.1,2.9,3.3,3.5,3.8]}},{"type":"Feature","geometry":{"type":"MultiPolygon","coordinates":[[[[-89.16,17.81],[-89.16,17.9],[-89.13,17.97],[-89.05,18.0],[-88.94,17.94],[-88.9,17.91],[-88.86,17.93],[-88.81,17.97],[-88.74,18.07],[-88.59,18.29],[-88.52,18.45],[-88.46,18.48],[-88.37,18.48],[-88.3,18.47],[-88.35,18.36],[-88.3,18.34],[-88.25,18.35],[-88.13,18.35],[-88.09,18.23],[-88.1,18.12],[-88.21,17.85],[-88.22,17.75],[-88.27,17.61],[-88.2,17.52],[-88.27,17.39],[-88.29,17.31],[-88.29,17.19],[-88.26,16.96],[-88.31,16.63],[-88.4,16.49],[-88.46,16.43],[-88.56,16.29],[-88.7,16.25],[-88.88,16.02],[-88.91,15.96],[-88.89,15.89],[-88.94,15.89],[-89.11,15.9],[-89.23,15.89],[-89.24,15.89],[-89.23,16.14],[-89.21,16.53],[-89.2,16.81],[-89.19,17.08],[-89.18,17.29],[-89.17,17.57],[-89.16,17.81]]],[[[-87.95,17.92],[-88.0,17.91],[-87.96,17.96],[-87.95,18.0],[-87.9,18.15],[-87.86,18.15],[-87.85,18.14],[-87.95,17.92]]],[[[-87.85,17.42],[-87.93,17.28],[-87.93,17.32],[-87.9,17.43],[-87.86,17.46],[-87.83,17.5],[-87.83,17.55],[-87.79,17.52],[-87.8,17.48],[-87.85,17.42]]]]},"properties":{"iso":"BLZ","name":"Belize","ha":[49944.0,49919.3,49904.4,49927.3,50076.2,50119.6,50118.4,50105.9,50228.1,50138.8,50235.7,50223.7,50104.2,50002.2,49903.2,49874.0,49702.4,49588.0,49593.8,49480.6,49736.9,49993.2,50337.9,50507.6,50818.9,50781.6,50369.3,50129.8,50234.1,50739.8,51365.2,51883.3,52105.0,52158.9,52369.2,52699.7,53214.2,53571.0,53923.6,54008.6,53799.7],"lo":[46582.7,46559.6,46545.7,46567.0,46705.9,46746.4,46745.3,46733.7,46847.6,46764.3,46854.7,46843.5,46732.0,46636.9,46544.5,46517.3,46357.3,46250.6,46256.0,46150.4,46389.5,46628.5,46950.0,47108.3,47398.6,47363.9,46979.3,46755.9,46853.2,47324.9,47908.1,48391.4,48598.2,48648.4,48844.6,49152.9,49632.7,49965.6,50294.4,50373.6,50178.8],"hi":[54738.5,54711.4,54695.1,54720.1,54883.4,54930.9,54929.6,54916.0,55049.8,54952.0,55058.2,55045.0,54914.0,54802.3,54693.7,54661.8,54473.7,54348.3,54354.6,54230.6,54511.5,54792.4,55170.2,55356.1,55697.3,55656.5,55204.6,54942.1,55056.4,55610.7,56296.1,56864.0,57106.9,57166.0,57396.5,57758.7,58322.6,58713.7,59100.1,59193.2,58964.3]}},{"type":"Feature","geometry":{"type":"MultiPolygon","coordinates":[[[[-64.73,32.29],[-64.82,32.26],[-64.85,32.26],[-64.86,32.27],[-64.77,32.31],[-64.69,32.39],[-64.67,32.38],[-64.73,32.29]]]]},"properties":{"iso":"BMU","name":"Bermuda","ha":[16.4,16.4,16.4,16.4,16.4,16.4,16.4,16.4,16.4,16.4,16.4,16.4,16.4,16.2,19.8,20.2,20.7,20.5,20.6,21.1,21.3,21.6,22.1,22.4,22.7,22.4,21.8,21.5,20.2,19.6,18.8,18.2,18.7,19.1,20.1,21.1,21.6,21.9,22.0,21.6,21.6],"lo":[15.3,15.3,15.3,15.3,15.3,15.3,15.3,15.3,15.3,15.3,15.3,15.3,15.3,15.1,18.5,18.9,19.3,19.2,19.2,19.7,19.8,20.2,20.6,20.9,21.2,20.9,20.3,20.1,18.9,18.3,17.5,17.0,17.4,17.8,18.7,19.6,20.2,20.4,20.5,20.1,20.1],"hi":[18.0,18.0,18.0,18.0,18.0,18.0,18.0,18.0,18.0,18.0,18.0,18.0,18.0,17.7,21.7,22.2,22.7,22.5,22.6,23.2,23.3,23.7,24.2,24.5,24.9,24.5,23.9,23.6,22.2,21.4,20.6,20.0,20.5,21.0,22.0,23.1,23.7,24.0,24.1,23.6,23.6]}},{"type":"Feature","geometry":{"type":"MultiPolygon","coordinates":[[[[-66.88,1.22],[-66.62,0.99],[-66.43,0.82],[-66.35,0.77],[-66.3,0.75],[-66.19,0.76],[-66.06,0.79],[-66.0,0.81],[-65.93,0.86],[-65.81,0.94],[-65.72,0.98],[-65.68,0.98],[-65.64,0.97],[-65.57,0.93],[-65.52,0.84],[-65.56,0.75],[-65.56,0.69],[-65.47,0.69],[-65.41,0.79],[-65.36,0.87],[-65.26,0.93],[-65.17,1.02],[-65.1,1.11],[-65.03,1.16],[-64.91,1.22],[-64.82,1.26],[-64.73,1.25],[-64.67,1.29],[-64.58,1.37],[-64.53,1.43],[-64.49,1.45],[-64.41,1.45],[-64.3,1.46],[-64.21,1.53],[-64.11,1.62],[-64.07,1.77],[-64.04,1.9],[-64.01,1.93],[-63.98,1.95],[-63.94,1.97],[-63.84,1.98],[-63.68,2.05],[-63.57,2.12],[-63.46,2.14],[-63.43,2.16],[-63.39,2.22],[-63.37,2.34],[-63.39,2.41],[-63.58,2.43],[-63.71,2.43],[-63.92,2.45],[-64.02,2.48],[-64.05,2.5],[-64.05,2.53],[-64.03,2.58],[-64.01,2.67],[-64.04,2.8],[-64.14,3.0],[-64.22,3.2],[-64.23,3.34],[-64.23,3.49],[-64.22,3.59],[-64.28,3.66],[-64.57,3.9],[-64.67,4.01],[-64.7,4.09],[-64.82,4.23],[-64.79,4.28],[-64.72,4.27],[-64.67,4.24],[-64.61,4.16],[-64.58,4.14],[-64.53,4.14],[-64.26,4.14],[-64.19,4.13],[-64.15,4.1],[-64.12,4.07],[-64.07,3.97],[-64.02,3.93],[-63.91,3.93],[-63.75,3.93],[-63.65,3.94],[-63.6,3.92],[-63.53,3.89],[-63.38,3.94],[-63.34,3.94],[-63.29,3.92],[-63.14,3.76],[-63.05,3.69],[-62.97,3.59],[-62.86,3.59],[-62.76,3.67],[-62.74,3.94],[-62.71,4.02],[-62.67,4.04],[-62.61,4.04],[-62.54,4.08],[-62.47,4.14],[-62.41,4.16],[-62.15,4.1],[-62.08,4.13],[-61.82,4.2],[-61.55,4.29],[-61.48,4.4],[-61.37,4.43],[-61.28,4.52],[-61.21,4.51],[-61.1,4.5],[-61.04,4.52],[-61.0,4.54],[-60.97,4.57],[-60.91,4.69],[-60.83,4.73],[-60.74,4.77],[-60.68,4.83],[-60.63,4.89],[-60.6,4.95],[-60.6,4.99],[-60.64,5.08],[-60.67,5.16],[-60.71,5.19],[-60.74,5.2],[-60.65,5.22],[-60.58,5.19],[-60.46,5.19],[-60.41,5.21],[-60.34,5.2],[-60.24,5.26],[-60.18,5.24],[-60.14,5.24],[-60.11,5.19],[-60.08,5.14],[-59.99,5.08],[-60.0,4.99],[-60.02,4.91],[-60.03,4.81],[-60.03,4.74],[-60.07,4.67],[-60.12,4.6],[-60.14,4.57],[-60.15,4.53],[-60.11,4.51],[-60.05,4.5],[-59.96,4.5],[-59.91,4.48],[-59.83,4.48],[-59.75,4.42],[-59.7,4.38],[-59.7,4.35],[-59.73,4.29],[-59.74,4.23],[-59.72,4.19],[-59.69,4.16],[-59.62,4.02],[-59.59,3.98],[-59.56,3.96],[-59.55,3.93],[-59.58,3.88],[-59.6,3.82],[-59.67,3.75],[-59.68,3.7],[-59.73,3.67],[-59.85,3.59],[-59.83,3.46],[-59.83,3.4],[-59.83,3.35],[-59.87,3.28],[-59.95,3.09],[-59.97,2.99],[-60.0,2.77],[-59.99,2.69],[-59.96,2.59],[-59.89,2.36],[-59.85,2.33],[-59.76,2.27],[-59.74,2.12],[-59.75,1.96],[-59.76,1.9],[-59.74,1.87],[-59.7,1.86],[-59.67,1.84],[-59.66,1.8],[-59.67,1.75],[-59.6,1.72],[-59.54,1.7],[-59.48,1.63],[-59.38,1.53],[-59.34,1.51],[-59.32,1.46],[-59.23,1.38],[-59.1,1.34],[-58.97,1.3],[-58.92,1.25],[-58.86,1.2],[-58.82,1.2],[-58.79,1.21],[-58.73,1.25],[-58.68,1.28],[-58.61,1.28],[-58.51,1.28],[-58.5,1.31],[-58.49,1.35],[-58.51,1.44],[-58.47,1.47],[-58.4,1.48],[-58.38,1.53],[-58.36,1.56],[-58.34,1.59],[-58.31,1.59],[-58.28,1.57],[-58.23,1.56],[-58.17,1.55],[-58.14,1.52],[-58.09,1.51],[-58.03,1.52],[-58.01,1.54],[-58.0,1.57],[-57.98,1.65],[-57.95,1.65],[-57.87,1.67],[-57.8,1.7],[-57.69,1.7],[-57.59,1.7],[-57.55,1.73],[-57.5,1.77],[-57.41,1.91],[-57.37,1.94],[-57.32,1.96],[-57.28,1.96],[-57.19,1.98],[-57.12,2.01],[-57.09,2.01],[-57.04,1.94],[-57.01,1.92],[-56.97,1.92],[-56.84,1.88],[-56.77,1.89],[-56.69,1.91],[-56.62,1.92],[-56.56,1.91],[-56.53,1.93],[-56.48,1.94],[-56.45,1.93],[-56.39,1.92],[-56.23,1.89],[-56.02,1.84],[-55.96,1.86],[-55.93,1.89],[-55.92,1.98],[-55.92,2.04],[-55.96,2.1],[-56.02,2.16],[-56.07,2.24],[-56.14,2.26],[-56.13,2.3],[-56.09,2.34],[-56.05,2.36],[-56.02,2.39],[-55.99,2.5],[-55.98,2.52],[-55.96,2.52],[-55.94,2.52],[-55.89,2.49],[-55.73,2.41],[-55.66,2.42],[-55.39,2.44],[-55.34,2.49],[-55.29,2.5],[-55.19,2.55],[-55.15,2.55],[-55.11,2.54],[-55.07,2.55],[-55.01,2.59],[-54.98,2.6],[-54.97,2.55],[-54.93,2.5],[-54.88,2.45],[-54.85,2.44],[-54.77,2.45],[-54.72,2.44],[-54.7,2.4],[-54.7,2.36],[-54.66,2.33],[-54.62,2.33],[-54.59,2.31],[-54.55,2.29],[-54.52,2.25],[-54.43,2.21],[-54.29,2.15],[-54.23,2.15],[-54.17,2.14],[-54.13,2.12],[-54.09,2.15],[-53.95,2.23],[-53.88,2.28],[-53.83,2.31],[-53.79,2.35],[-53.77,2.35],[-53.75,2.34],[-53.73,2.31],[-53.68,2.29],[-53.56,2.26],[-53.51,2.25],[-53.43,2.28],[-53.37,2.32],[-53.33,2.34],[-53.29,2.3],[-53.25,2.23],[-53.23,2.2],[-53.18,2.21],[-53.08,2.2],[-53.01,2.18],[-52.96,2.18],[-52.9,2.21],[-52.87,2.27],[-52.78,2.32],[-52.7,2.36],[-52.65,2.43],[-52.58,2.53],[-52.56,2.57],[-52.55,2.65],[-52.46,2.86],[-52.42,2.9],[-52.4,2.97],[-52.36,3.05],[-52.36,3.12],[-52.33,3.18],[-52.27,3.24],[-52.23,3.27],[-52.16,3.36],[-52.12,3.45],[-52.0,3.65],[-51.99,3.7],[-51.94,3.74],[-51.93,3.78],[-51.88,3.83],[-51.83,3.87],[-51.81,3.93],[-51.77,3.99],[-51.68,4.04],[-51.65,4.06],[-51.56,4.23],[-51.55,4.31],[-51.46,4.31],[-51.33,4.22],[-51.22,4.09],[-51.08,3.67],[-51.05,3.28],[-50.99,3.08],[-50.83,2.65],[-50.82,2.57],[-50.79,2.48],[-50.74,2.38],[-50.68,2.21],[-50.68,2.18],[-50.71,2.13],[-50.66,2.13],[-50.61,2.1],[-50.58,2.0],[-50.53,1.93],[-50.46,1.83],[-50.3,1.8],[-50.19,1.79],[-50.05,1.73],[-49.96,1.66],[-49.88,1.42],[-49.91,1.27],[-49.9,1.16],[-49.94,1.12],[-50.05,1.05],[-50.07,1.02],[-50.29,0.84],[-50.34,0.75],[-50.46,0.64],[-50.58,0.42],[-50.76,0.22],[-50.82,0.17],[-50.91,0.16],[-50.97,0.13],[-51.1,-0.03],[-51.28,-0.09],[-51.3,-0.18],[-51.4,-0.39],[-51.5,-0.51],[-51.56,-0.55],[-51.7,-0.76],[-51.72,-0.86],[-51.72,-1.02],[-51.82,-1.12],[-51.92,-1.18],[-51.93,-1.32],[-51.98,-1.37],[-52.02,-1.4],[-52.23,-1.36],[-52.55,-1.51],[-52.66,-1.55],[-52.31,-1.56],[-52.2,-1.64],[-51.95,-1.59],[-51.65,-1.39],[-51.53,-1.35],[-51.3,-1.22],[-51.2,-1.14],[-51.03,-1.03],[-50.99,-0.99],[-50.89,-0.94],[-50.84,-1.0],[-50.84,-1.04],[-50.92,-1.12],[-50.9,-1.16],[-50.84,-1.23],[-50.83,-1.31],[-50.82,-1.38],[-50.79,-1.49],[-50.68,-1.64],[-50.68,-1.69],[-50.69,-1.76],[-50.64,-1.82],[-50.59,-1.85],[-50.4,-2.02],[-50.26,-1.92],[-50.17,-1.9],[-50.12,-1.86],[-50.0,-1.83],[-49.9,-1.87],[-49.72,-1.93],[-49.59,-1.87],[-49.31,-1.73],[-49.4,-1.97],[-49.46,-2.19],[-49.51,-2.28],[-49.55,-2.52],[-49.6,-2.58],[-49.64,-2.66],[-49.58,-2.63],[-49.52,-2.6],[-49.46,-2.5],[-49.41,-2.34],[-49.21,-1.92],[-49.15,-1.88],[-48.99,-1.83],[-48.71,-1.49],[-48.6,-1.49],[-48.53,-1.57],[-48.46,-1.61],[-48.45,-1.52],[-48.35,-1.48],[-48.45,-1.44],[-48.47,-1.39],[-48.48,-1.32],[-48.41,-1.23],[-48.45,-1.15],[-48.31,-1.04],[-48.32,-0.96],[-48.27,-0.9],[-48.2,-0.83],[-48.13,-0.8],[-48.12,-0.74],[-48.07,-0.71],[-48.03,-0.71],[-47.96,-0.77],[-47.88,-0.69],[-47.81,-0.66],[-47.77,-0.68],[-47.73,-0.71],[-47.69,-0.72],[-47.65,-0.72],[-47.56,-0.67],[-47.47,-0.75],[-47.42,-0.77],[-47.43,-0.72],[-47.46,-0.68],[-47.44,-0.65],[-47.4,-0.63],[-47.27,-0.65],[-47.2,-0.68],[-47.13,-0.75],[-47.02,-0.75],[-46.94,-0.74],[-46.89,-0.78],[-46.81,-0.78],[-46.77,-0.84],[-46.64,-0.92],[-46.62,-0.97],[-46.52,-1.0],[-46.42,-1.03],[-46.32,-1.04],[-46.22,-1.03],[-46.21,-1.1],[-46.14,-1.12],[-46.04,-1.1],[-45.97,-1.19],[-45.78,-1.25],[-45.64,-1.35],[-45.56,-1.33],[-45.46,-1.36],[-45.35,-1.57],[-45.33,-1.72],[-45.28,-1.7],[-45.24,-1.63],[-45.18,-1.51],[-45.08,-1.47],[-45.03,-1.51],[-44.92,-1.59],[-44.83,-1.67],[-44.79,-1.72],[-44.72,-1.73],[-44.78,-1.8],[-44.72,-1.79],[-44.65,-1.75],[-44.59,-1.84],[-44.55,-1.95],[-44.54,-2.05],[-44.58,-2.11],[-44.62,-2.15],[-44.66,-2.23],[-44.71,-2.24],[-44.76,-2.27],[-44.7,-2.32],[-44.66,-2.37],[-44.58,-2.23],[-44.52,-2.19],[-44.44,-2.17],[-44.39,-2.27],[-44.38,-2.37],[-44.52,-2.41],[-44.52,-2.48],[-44.56,-2.52],[-44.59,-2.57],[-44.61,-2.68],[-44.64,-2.76],[-44.72,-3.14],[-44.72,-3.2],[-44.62,-3.14],[-44.44,-2.94],[-44.38,-2.74],[-44.31,-2.54],[-44.23,-2.47],[-44.18,-2.47],[-44.11,-2.49],[-44.1,-2.56],[-44.11,-2.6],[-44.19,-2.7],[-44.23,-2.75],[-44.19,-2.81],[-44.01,-2.64],[-43.93,-2.58],[-43.86,-2.6],[-43.73,-2.52],[-43.46,-2.5],[-43.43,-2.41],[-43.38,-2.38],[-43.23,-2.39],[-42.94,-2.47],[-42.83,-2.53],[-42.68,-2.59],[-42.59,-2.66],[-42.25,-2.79],[-42.0,-2.81],[-41.88,-2.75],[-41.72,-2.81],[-41.64,-2.88],[-41.48,-2.92],[-41.32,-2.94],[-41.19,-2.89],[-40.88,-2.87],[-40.47,-2.8],[-40.24,-2.81],[-39.96,-2.86],[-39.77,-2.99],[-39.61,-3.06],[-39.51,-3.13],[-39.35,-3.2],[-39.01,-3.39],[-38.9,-3.5],[-38.69,-3.65],[-38.48,-3.72],[-38.36,-3.88],[-38.27,-3.95],[-38.05,-4.22],[-37.8,-4.4],[-37.63,-4.59],[-37.3,-4.71],[-37.17,-4.91],[-36.95,-4.94],[-36.86,-4.97],[-36.75,-5.05],[-36.59,-5.1],[-36.39,-5.08],[-36.16,-5.09],[-35.98,-5.05],[-35.55,-5.13],[-35.48,-5.17],[-35.39,-5.25],[-35.24,-5.57],[-35.14,-5.92],[-35.1,-6.19],[-34.99,-6.39],[-34.93,-6.79],[-34.88,-6.91],[-34.88,-7.0],[-34.83,-7.02],[-34.81,-7.29],[-34.82,-7.39],[-34.86,-7.53],[-34.86,-7.6],[-34.85,-7.63],[-34.87,-7.69],[-34.88,-7.75],[-34.84,-7.87],[-34.83,-7.97],[-34.89,-8.09],[-34.97,-8.41],[-35.16,-8.93],[-35.34,-9.23],[-35.6,-9.54],[-35.76,-9.7],[-35.83,-9.72],[-35.89,-9.69],[-35.85,-9.77],[-35.89,-9.85],[-36.05,-10.08],[-36.22,-10.23],[-36.4,-10.48],[-36.41,-10.49],[-36.64,-10.59],[-36.77,-10.67],[-36.94,-10.82],[-37.09,-11.05],[-37.13,-11.08],[-37.18,-11.07],[-37.18,-11.19],[-37.32,-11.38],[-37.36,-11.4],[-37.35,-11.35],[-37.33,-11.31],[-37.32,-11.27],[-37.32,-11.22],[-37.36,-11.25],[-37.44,-11.39],[-37.41,-11.5],[-37.47,-11.65],[-37.69,-12.1],[-37.96,-12.48],[-38.02,-12.59],[-38.24,-12.84],[-38.4,-12.97],[-38.45,-12.97],[-38.5,-12.96],[-38.52,-12.76],[-38.65,-12.64],[-38.69,-12.62],[-38.74,-12.75],[-38.79,-12.78],[-38.85,-12.79],[-38.78,-12.84],[-38.76,-12.91],[-38.83,-13.03],[-38.84,-13.15],[-38.96,-13.27],[-39.03,-13.37],[-39.07,-13.48],[-39.09,-13.59],[-39.03,-13.56],[-39.01,-13.58],[-38.99,-13.62],[-39.0,-13.66],[-39.04,-13.76],[-39.03,-13.99],[-39.05,-14.04],[-39.01,-14.1],[-38.97,-14.0],[-38.94,-14.03],[-39.06,-14.65],[-39.01,-14.94],[-39.0,-15.25],[-38.94,-15.56],[-38.89,-15.84],[-38.88,-15.86],[-38.96,-16.19],[-39.06,-16.5],[-39.13,-16.76],[-39.16,-17.04],[-39.2,-17.18],[-39.22,-17.32],[-39.17,-17.64],[-39.15,-17.7],[-39.28,-17.85],[-39.41,-17.92],[-39.49,-17.99],[-39.65,-18.25],[-39.74,-18.64],[-39.74,-18.85],[-39.7,-19.28],[-39.73,-19.45],[-39.78,-19.57],[-39.84,-19.65],[-40.0,-19.74],[-40.14,-19.97],[-40.2,-20.21],[-40.3,-20.29],[-40.32,-20.43],[-40.4,-20.57],[-40.6,-20.78],[-40.73,-20.85],[-40.79,-20.91],[-40.83,-21.03],[-40.95,-21.24],[-41.05,-21.51],[-41.02,-21.6],[-41.02,-21.61],[-40.99,-21.92],[-41.0,-22.0],[-41.12,-22.08],[-41.58,-22.24],[-41.71,-22.31],[-41.98,-22.58],[-42.0,-22.64],[-41.99,-22.74],[-41.94,-22.79],[-41.99,-22.85],[-42.04,-22.95],[-42.12,-22.94],[-42.58,-22.94],[-42.83,-22.97],[-42.96,-22.97],[-43.02,-22.94],[-43.08,-22.9],[-43.1,-22.85],[-43.07,-22.77],[-43.09,-22.72],[-43.15,-22.73],[-43.23,-22.75],[-43.24,-22.8],[-43.24,-22.83],[-43.21,-22.88],[-43.19,-22.94],[-43.22,-22.99],[-43.37,-23.0],[-43.53,-23.05],[-43.74,-23.07],[-43.9,-23.1],[-43.97,-23.06],[-43.9,-23.04],[-43.79,-23.05],[-43.68,-23.01],[-43.7,-22.97],[-43.87,-22.91],[-44.05,-22.94],[-44.15,-23.01],[-44.37,-23.0],[-44.64,-23.06],[-44.68,-23.11],[-44.67,-23.21],[-44.62,-23.23],[-44.57,-23.27],[-44.62,-23.32],[-44.67,-23.34],[-44.95,-23.38],[-45.22,-23.58],[-45.33,-23.6],[-45.42,-23.69],[-45.43,-23.76],[-45.46,-23.8],[-45.53,-23.8],[-45.66,-23.76],[-45.84,-23.76],[-45.97,-23.8],[-46.63,-24.11],[-46.87,-24.24],[-47.14,-24.49],[-47.59,-24.78],[-47.83,-24.95],[-47.88,-25.0],[-47.91,-25.0],[-47.99,-25.04],[-47.96,-25.07],[-47.91,-25.07],[-47.93,-25.17],[-48.02,-25.24],[-48.2,-25.42],[-48.24,-25.4],[-48.19,-25.31],[-48.27,-25.31],[-48.4,-25.27],[-48.46,-25.31],[-48.43,-25.4],[-48.48,-25.44],[-48.56,-25.45],[-48.64,-25.44],[-48.73,-25.37],[-48.69,-25.49],[-48.51,-25.52],[-48.43,-25.55],[-48.4,-25.6],[-48.55,-25.82],[-48.67,-25.84],[-48.68,-25.88],[-48.61,-25.88],[-48.58,-25.94],[-48.62,-26.18],[-48.68,-26.23],[-48.71,-26.23],[-48.75,-26.27],[-48.7,-26.35],[-48.65,-26.41],[-48.66,-26.52],[-48.68,-26.61],[-48.68,-26.7],[-48.62,-26.88],[-48.59,-27.06],[-48.57,-27.12],[-48.55,-27.2],[-48.6,-27.26],[-48.57,-27.37],[-48.64,-27.56],[-48.61,-27.83],[-48.62,-28.08],[-48.65,-28.21],[-48.69,-28.31],[-48.8,-28.44],[-48.8,-28.58],[-49.02,-28.7],[-49.27,-28.87],[-49.5,-29.08],[-49.75,-29.36],[-50.03,-29.8],[-50.3,-30.43],[-50.62,-30.9],[-50.75,-31.07],[-50.92,-31.26],[-51.15,-31.48],[-51.46,-31.7],[-51.8,-31.9],[-51.92,-31.99],[-52.04,-32.11],[-52.07,-32.06],[-52.04,-31.98],[-52.06,-31.91],[-52.06,-31.83],[-52.0,-31.82],[-51.89,-31.87],[-51.84,-31.83],[-51.8,-31.8],[-51.68,-31.77],[-51.45,-31.56],[-51.27,-31.48],[-51.17,-31.34],[-51.16,-31.27],[-51.16,-31.12],[-51.11,-31.08],[-50.98,-31.09],[-50.95,-31.05],[-50.97,-31.01],[-50.94,-30.9],[-50.77,-30.81],[-50.69,-30.7],[-50.72,-30.43],[-50.69,-30.41],[-50.61,-30.46],[-50.58,-30.44],[-50.55,-30.32],[-50.56,-30.25],[-50.65,-30.24],[-50.93,-30.37],[-51.02,-30.37],[-51.04,-30.26],[-51.18,-30.21],[-51.23,-30.12],[-51.25,-30.06],[-51.3,-30.03],[-51.3,-30.14],[-51.28,-30.24],[-51.16,-30.36],[-51.19,-30.41],[-51.25,-30.47],[-51.29,-30.59],[-51.28,-30.75],[-51.32,-30.7],[-51.36,-30.67],[-51.38,-30.85],[-51.46,-30.91],[-51.49,-30.98],[-51.46,-31.05],[-51.51,-31.1],[-51.72,-31.24],[-51.93,-31.34],[-51.97,-31.38],[-51.99,-31.49],[-52.03,-31.6],[-52.12,-31.69],[-52.19,-31.89],[-52.19,-31.97],[-52.17,-32.09],[-52.13,-32.17],[-52.19,-32.22],[-52.27,-32.32],[-52.34,-32.44],[-52.51,-32.88],[-52.65,-33.14],[-52.76,-33.27],[-52.92,-33.4],[-53.37,-33.74],[-53.4,-33.74],[-53.46,-33.71],[-53.52,-33.68],[-53.53,-33.66],[-53.54,-33.62],[-53.53,-33.5],[-53.53,-33.17],[-53.51,-33.11],[-53.48,-33.07],[-53.4,-33.01],[-53.31,-32.93],[-53.21,-32.82],[-53.13,-32.74],[-53.16,-32.68],[-53.23,-32.63],[-53.36,-32.58],[-53.49,-32.5],[-53.6,-32.4],[-53.65,-32.3],[-53.7,-32.19],[-53.75,-32.1],[-53.76,-32.06],[-53.81,-32.04],[-53.88,-31.99],[-53.92,-31.95],[-53.99,-31.93],[-54.1,-31.9],[-54.22,-31.86],[-54.37,-31.75],[-54.48,-31.62],[-54.53,-31.54],[-54.59,-31.49],[-54.9,-31.39],[-55.04,-31.28],[-55.09,-31.31],[-55.17,-31.28],[-55.25,-31.23],[-55.28,-31.18],[-55.31,-31.14],[-55.35,-31.09],[-55.37,-31.05],[-55.45,-30.96],[-55.56,-30.88],[-55.6,-30.85],[-55.63,-30.86],[-55.65,-30.89],[-55.67,-30.92],[-55.71,-30.95],[-55.76,-30.99],[-55.81,-31.04],[-55.87,-31.07],[-55.95,-31.08],[-56.0,-31.08],[-56.02,-31.06],[-56.02,-30.99],[-56.0,-30.84],[-56.04,-30.78],[-56.11,-30.71],[-56.18,-30.63],[-56.41,-30.45],[-56.72,-30.19],[-56.83,-30.11],[-56.94,-30.1],[-57.03,-30.11],[-57.12,-30.14],[-57.19,-30.26],[-57.21,-30.28],[-57.38,-30.28],[-57.55,-30.26],[-57.61,-30.19],[-57.56,-30.14],[-57.41,-30.03],[-57.32,-29.94],[-57.3,-29.86],[-57.22,-29.78],[-57.09,-29.72],[-56.94,-29.59],[-56.77,-29.42],[-56.67,-29.29],[-56.64,-29.2],[-56.57,-29.14],[-56.48,-29.09],[-56.39,-29.0],[-56.32,-28.85],[-56.23,-28.74],[-56.1,-28.65],[-56.03,-28.58],[-56.02,-28.52],[-55.98,-28.49],[-55.93,-28.47],[-55.9,-28.44],[-55.91,-28.4],[-55.89,-28.37],[-55.86,-28.35],[-55.81,-28.36],[-55.73,-28.39],[-55.69,-28.38],[-55.67,-28.34],[-55.69,-28.3],[-55.75,-28.26],[-55.73,-28.2],[-55.58,-28.12],[-55.48,-28.09],[-55.41,-28.04],[-55.35,-27.96],[-55.24,-27.9],[-55.1,-27.87],[-55.06,-27.84],[-55.07,-27.8],[-55.04,-27.77],[-54.96,-27.75],[-54.91,-27.71],[-54.9,-27.65],[-54.88,-27.6],[-54.83,-27.55],[-54.78,-27.53],[-54.72,-27.54],[-54.67,-27.53],[-54.62,-27.48],[-54.55,-27.45],[-54.48,-27.46],[-54.45,-27.45],[-54.33,-27.42],[-54.26,-27.38],[-54.21,-27.29],[-54.16,-27.25],[-54.11,-27.27],[-54.04,-27.24],[-53.94,-27.16],[-53.92,-27.16],[-53.84,-27.12],[-53.76,-26.98],[-53.72,-26.88],[-53.73,-26.8],[-53.75,-26.75],[-53.74,-26.67],[-53.72,-26.44],[-53.71,-26.35],[-53.67,-26.29],[-53.67,-26.23],[-53.75,-26.08],[-53.82,-25.96],[-53.86,-25.75],[-53.89,-25.67],[-53.95,-25.65],[-54.01,-25.58],[-54.09,-25.57],[-54.12,-25.55],[-54.15,-25.52],[-54.21,-25.53],[-54.25,-25.57],[-54.33,-25.57],[-54.38,-25.59],[-54.44,-25.62],[-54.5,-25.61],[-54.54,-25.58],[-54.62,-25.58],[-54.61,-25.43],[-54.47,-25.22],[-54.44,-25.12],[-54.45,-25.07],[-54.41,-24.87],[-54.31,-24.53],[-54.28,-24.31],[-54.32,-24.2],[-54.32,-24.13],[-54.27,-24.07],[-54.24,-24.05],[-54.37,-23.97],[-54.44,-23.9],[-54.53,-23.85],[-54.63,-23.81],[-54.67,-23.83],[-54.72,-23.85],[-54.82,-23.89],[-54.93,-23.95],[-54.98,-23.97],[-55.08,-24.0],[-55.19,-24.02],[-55.29,-24.0],[-55.37,-23.99],[-55.42,-23.95],[-55.44,-23.87],[-55.44,-23.79],[-55.46,-23.69],[-55.52,-23.63],[-55.54,-23.58],[-55.54,-23.52],[-55.53,-23.46],[-55.52,-23.42],[-55.53,-23.36],[-55.55,-23.32],[-55.55,-23.25],[-55.56,-23.15],[-55.6,-23.09],[-55.62,-23.03],[-55.62,-22.96],[-55.65,-22.89],[-55.65,-22.81],[-55.63,-22.74],[-55.62,-22.67],[-55.65,-22.62],[-55.7,-22.59],[-55.75,-22.51],[-55.75,-22.41],[-55.8,-22.35],[-55.85,-22.31],[-55.91,-22.31],[-55.99,-22.28],[-56.07,-22.28],[-56.19,-22.28],[-56.25,-22.26],[-56.28,-22.23],[-56.35,-22.18],[-56.39,-22.09],[-56.45,-22.08],[-56.52,-22.1],[-56.55,-22.14],[-56.58,-22.18],[-56.63,-22.23],[-56.7,-22.23],[-56.78,-22.26],[-56.84,-22.26],[-56.94,-22.27],[-57.03,-22.24],[-57.14,-22.22],[-57.24,-22.2],[-57.33,-22.22],[-57.39,-22.2],[-57.48,-22.19],[-57.57,-22.18],[-57.64,-22.13],[-57.72,-22.1],[-57.76,-22.11],[-57.82,-22.14],[-57.88,-22.14],[-57.96,-22.11],[-57.99,-22.05],[-57.98,-22.01],[-57.96,-21.97],[-57.93,-21.91],[-57.95,-21.85],[-57.94,-21.8],[-57.93,-21.75],[-57.92,-21.7],[-57.93,-21.65],[-57.93,-21.6],[-57.94,-21.55],[-57.95,-21.49],[-57.91,-21.42],[-57.87,-21.36],[-57.89,-21.3],[-57.89,-21.27],[-57.86,-21.21],[-57.83,-21.13],[-57.83,-21.0],[-57.86,-20.92],[-57.89,-20.9],[-57.9,-20.87],[-57.88,-20.84],[-57.9,-20.81],[-57.91,-20.78],[-57.89,-20.75],[-57.92,-20.69],[-57.96,-20.67],[-57.98,-20.66],[-58.0,-20.59],[-58.01,-20.52],[-58.0,-20.47],[-58.03,-20.42],[-58.06,-20.39],[-58.09,-20.33],[-58.12,-20.29],[-58.14,-20.24],[-58.16,-20.16],[-58.09,-20.15],[-58.07,-20.11],[-58.02,-20.06],[-57.96,-20.04],[-57.89,-20.02],[-57.86,-19.98],[-58.03,-19.83],[-58.13,-19.74],[-58.07,-19.63],[-57.97,-19.42],[-57.87,-19.23],[-57.8,-19.08],[-57.78,-19.05],[-57.72,-19.04],[-57.73,-18.97],[-57.73,-18.92],[-57.78,-18.91],[-57.73,-18.73],[-57.64,-18.48],[-57.57,-18.28],[-57.55,-18.25],[-57.51,-18.24],[-57.5,-18.21],[-57.55,-18.18],[-57.59,-18.12],[-57.66,-17.95],[-57.78,-17.67],[-57.79,-17.57],[-57.83,-17.51],[-57.91,-17.53],[-57.99,-17.51],[-58.21,-17.36],[-58.35,-17.28],[-58.4,-17.23],[-58.42,-17.08],[-58.46,-16.91],[-58.48,-16.7],[-58.47,-16.65],[-58.35,-16.49],[-58.35,-16.41],[-58.34,-16.34],[-58.35,-16.28],[-58.38,-16.28],[-58.42,-16.31],[-58.5,-16.33],[-58.54,-16.33],[-58.96,-16.31],[-59.43,-16.3],[-59.83,-16.28],[-60.18,-16.27],[-60.19,-16.13],[-60.21,-15.9],[-60.22,-15.74],[-60.24,-15.48],[-60.38,-15.32],[-60.53,-15.14],[-60.58,-15.1],[-60.4,-15.09],[-60.27,-15.09],[-60.3,-14.62],[-60.34,-14.57],[-60.37,-14.42],[-60.4,-14.33],[-60.46,-14.26],[-60.47,-14.18],[-60.46,-14.13],[-60.43,-14.1],[-60.4,-14.02],[-60.42,-13.94],[-60.46,-13.86],[-60.51,-13.79],[-60.6,-13.75],[-60.72,-13.66],[-60.91,-13.56],[-61.08,-13.49],[-61.13,-13.5],[-61.42,-13.53],[-61.51,-13.54],[-61.58,-13.52],[-61.79,-13.53],[-61.87,-13.47],[-61.94,-13.41],[-62.09,-13.24],[-62.12,-13.16],[-62.18,-13.13],[-62.26,-13.14],[-62.35,-13.13],[-62.53,-13.06],[-62.69,-12.99],[-62.77,-13.0],[-62.84,-12.95],[-62.96,-12.85],[-63.02,-12.81],[-63.04,-12.75],[-63.07,-12.67],[-63.12,-12.65],[-63.18,-12.67],[-63.25,-12.71],[-63.35,-12.68],[-63.47,-12.61],[-63.54,-12.55],[-63.59,-12.52],[-63.69,-12.48],[-63.79,-12.47],[-63.94,-12.53],[-64.06,-12.51],[-64.26,-12.48],[-64.42,-12.44],[-64.48,-12.33],[-64.51,-12.25],[-64.61,-12.2],[-64.69,-12.15],[-64.78,-12.06],[-64.83,-12.03],[-64.91,-12.01],[-64.99,-11.98],[-65.0,-11.92],[-65.03,-11.85],[-65.04,-11.83],[-65.09,-11.74],[-65.12,-11.74],[-65.14,-11.75],[-65.16,-11.77],[-65.19,-11.75],[-65.19,-11.71],[-65.18,-11.65],[-65.21,-11.58],[-65.28,-11.51],[-65.32,-11.44],[-65.33,-11.36],[-65.34,-11.32],[-65.37,-11.29],[-65.39,-11.25],[-65.39,-11.18],[-65.37,-11.11],[-65.32,-11.02],[-65.33,-10.89],[-65.4,-10.71],[-65.44,-10.59],[-65.45,-10.51],[-65.44,-10.45],[-65.4,-10.39],[-65.31,-10.25],[-65.3,-10.15],[-65.32,-10.03],[-65.33,-9.94],[-65.31,-9.87],[-65.34,-9.79],[-65.4,-9.71],[-65.44,-9.71],[-65.49,-9.73],[-65.56,-9.8],[-65.64,-9.81],[-65.71,-9.77],[-65.92,-9.79],[-66.26,-9.83],[-66.4,-9.87],[-66.48,-9.89],[-66.58,-9.9],[-66.73,-9.98],[-67.11,-10.27],[-67.19,-10.31],[-67.28,-10.32],[-67.33,-10.36],[-67.42,-10.39],[-67.58,-10.51],[-67.67,-10.6],[-67.72,-10.68],[-67.79,-10.69],[-67.84,-10.66],[-67.99,-10.67],[-68.07,-10.7],[-68.16,-10.79],[-68.27,-10.93],[-68.31,-10.98],[-68.4,-11.02],[-68.5,-11.05],[-68.62,-11.11],[-68.68,-11.11],[-68.73,-11.12],[-68.77,-11.1],[-68.78,-11.04],[-68.85,-11.01],[-69.0,-10.99],[-69.23,-10.96],[-69.46,-10.95],[-69.58,-10.95],[-69.67,-10.95],[-69.84,-10.93],[-69.96,-10.93],[-70.07,-10.98],[-70.22,-11.05],[-70.29,-11.06],[-70.34,-11.07],[-70.39,-11.06],[-70.45,-11.02],[-70.53,-10.95],[-70.6,-10.98],[-70.64,-11.01],[-70.64,-10.84],[-70.64,-10.59],[-70.64,-10.36],[-70.64,-10.18],[-70.64,-9.97],[-70.64,-9.82],[-70.59,-9.77],[-70.57,-9.7],[-70.6,-9.62],[-70.59,-9.54],[-70.57,-9.49],[-70.54,-9.44],[-70.61,-9.46],[-70.64,-9.48],[-70.67,-9.52],[-70.76,-9.57],[-70.82,-9.63],[-70.88,-9.67],[-70.97,-9.77],[-71.04,-9.82],[-71.12,-9.85],[-71.24,-9.97],[-71.34,-9.99],[-71.61,-10.01],[-71.89,-10.01],[-72.14,-10.01],[-72.18,-10.0],[-72.18,-9.91],[-72.17,-9.84],[-72.26,-9.77],[-72.27,-9.69],[-72.29,-9.63],[-72.32,-9.56],[-72.38,-9.51],[-72.46,-9.49],[-72.61,-9.45],[-72.81,-9.41],[-73.01,-9.41],[-73.21,-9.41],[-73.09,-9.27],[-72.97,-9.12],[-72.97,-8.99],[-73.07,-8.88],[-73.12,-8.81],[-73.2,-8.72],[-73.3,-8.65],[-73.36,-8.57],[-73.35,-8.51],[-73.36,-8.48],[-73.4,-8.46],[-73.44,-8.43],[-73.49,-8.39],[-73.55,-8.35],[-73.55,-8.3],[-73.57,-8.25],[-73.61,-8.19],[-73.61,-8.15],[-73.64,-8.07],[-73.68,-8.02],[-73.72,-7.99],[-73.78,-7.94],[-73.77,-7.9],[-73.73,-7.88],[-73.71,-7.83],[-73.72,-7.78],[-73.77,-7.75],[-73.82,-7.74],[-73.89,-7.65],[-73.95,-7.61],[-73.98,-7.59],[-74.0,-7.56],[-73.98,-7.54],[-73.96,-7.51],[-73.95,-7.46],[-73.96,-7.42],[-73.96,-7.38],[-73.93,-7.37],[-73.89,-7.37],[-73.85,-7.35],[-73.8,-7.34],[-73.75,-7.34],[-73.72,-7.31],[-73.72,-7.26],[-73.76,-7.17],[-73.79,-7.14],[-73.8,-7.08],[-73.78,-6.97],[-73.76,-6.91],[-73.69,-6.83],[-73.5,-6.68],[-73.33,-6.57],[-73.24,-6.56],[-73.18,-6.53],[-73.14,-6.47],[-73.13,-6.4],[-73.14,-6.34],[-73.17,-6.26],[-73.21,-6.16],[-73.24,-6.1],[-73.21,-6.03],[-73.16,-5.93],[-73.07,-5.79],[-72.98,-5.63],[-72.97,-5.59],[-72.96,-5.5],[-72.92,-5.3],[-72.9,-5.2],[-72.91,-5.16],[-72.89,-5.12],[-72.83,-5.09],[-72.7,-5.07],[-72.61,-5.01],[-72.47,-4.9],[-72.35,-4.79],[-72.26,-4.75],[-72.08,-4.64],[-71.98,-4.57],[-71.94,-4.55],[-71.84,-4.5],[-71.67,-4.49],[-71.52,-4.47],[-71.44,-4.44],[-71.32,-4.42],[-71.24,-4.39],[-71.14,-4.39],[-70.97,-4.35],[-70.92,-4.3],[-70.87,-4.23],[-70.8,-4.17],[-70.72,-4.16],[-70.63,-4.17],[-70.53,-4.17],[-70.4,-4.15],[-70.34,-4.19],[-70.32,-4.25],[-70.24,-4.3],[-70.18,-4.3],[-70.13,-4.29],[-70.05,-4.33],[-70.0,-4.33],[-69.97,-4.3],[-69.97,-4.24],[-69.95,-4.2],[-69.91,-4.0],[-69.85,-3.66],[-69.79,-3.35],[-69.73,-3.02],[-69.67,-2.67],[-69.6,-2.31],[-69.55,-2.02],[-69.51,-1.77],[-69.48,-1.62],[-69.43,-1.42],[-69.42,-1.25],[-69.4,-1.19],[-69.41,-1.15],[-69.45,-1.09],[-69.45,-1.06],[-69.44,-1.03],[-69.45,-1.0],[-69.49,-0.97],[-69.52,-0.95],[-69.54,-0.92],[-69.55,-0.88],[-69.57,-0.84],[-69.58,-0.8],[-69.61,-0.76],[-69.62,-0.72],[-69.6,-0.68],[-69.59,-0.64],[-69.6,-0.6],[-69.61,-0.55],[-69.63,-0.51],[-69.67,-0.48],[-69.75,-0.45],[-69.83,-0.38],[-69.92,-0.32],[-70.04,-0.2],[-70.07,-0.14],[-70.07,0.02],[-70.07,0.19],[-70.06,0.45],[-70.05,0.58],[-69.99,0.59],[-69.93,0.59],[-69.86,0.6],[-69.81,0.61],[-69.76,0.63],[-69.72,0.65],[-69.67,0.67],[-69.64,0.66],[-69.6,0.68],[-69.56,0.7],[-69.53,0.72],[-69.47,0.73],[-69.42,0.7],[-69.39,0.67],[-69.36,0.65],[-69.33,0.66],[-69.31,0.65],[-69.28,0.63],[-69.25,0.63],[-69.21,0.63],[-69.17,0.64],[-69.16,0.64],[-69.15,0.66],[-69.16,0.69],[-69.18,0.71],[-69.17,0.75],[-69.17,0.8],[-69.16,0.86],[-69.19,0.9],[-69.22,0.96],[-69.26,1.02],[-69.31,1.05],[-69.36,1.06],[-69.4,1.04],[-69.44,1.04],[-69.47,1.06],[-69.52,1.06],[-69.57,1.07],[-69.62,1.07],[-69.72,1.06],[-69.75,1.08],[-69.8,1.08],[-69.85,1.06],[-69.85,1.31],[-69.85,1.54],[-69.85,1.71],[-69.8,1.71],[-69.74,1.73],[-69.65,1.74],[-69.58,1.77],[-69.54,1.77],[-69.47,1.76],[-69.39,1.73],[-69.32,1.72],[-69.12,1.72],[-68.91,1.72],[-68.68,1.72],[-68.44,1.72],[-68.24,1.72],[-68.18,1.72],[-68.21,1.77],[-68.26,1.85],[-68.24,1.9],[-68.22,1.96],[-68.19,1.99],[-68.13,1.96],[-68.08,1.86],[-68.03,1.79],[-67.99,1.75],[-67.94,1.75],[-67.88,1.76],[-67.82,1.79],[-67.71,1.92],[-67.61,2.04],[-67.56,2.07],[-67.5,2.11],[-67.46,2.12],[-67.4,2.12],[-67.35,2.09],[-67.32,2.03],[-67.21,1.84],[-67.12,1.7],[-67.09,1.62],[-67.09,1.4],[-67.09,1.21],[-67.08,1.19],[-67.07,1.18],[-66.88,1.22]]],[[[-49.63,-0.23],[-49.54,-0.23],[-49.4,-0.21],[-49.31,-0.17],[-49.22,-0.16],[-49.12,-0.16],[-48.79,-0.22],[-48.59,-0.23],[-48.52,-0.25],[-48.44,-0.27],[-48.39,-0.3],[-48.38,-0.35],[-48.43,-0.44],[-48.46,-0.53],[-48.5,-0.66],[-48.52,-0.69],[-48.57,-0.68],[-48.54,-0.8],[-48.55,-0.85],[-48.57,-0.89],[-48.62,-0.99],[-48.7,-1.11],[-48.73,-1.13],[-48.79,-1.17],[-48.84,-1.23],[-48.83,-1.28],[-48.8,-1.33],[-48.83,-1.39],[-48.93,-1.48],[-48.99,-1.5],[-49.04,-1.51],[-49.09,-1.51],[-49.17,-1.41],[-49.18,-1.48],[-49.2,-1.56],[-49.23,-1.6],[-49.34,-1.6],[-49.41,-1.56],[-49.51,-1.51],[-49.53,-1.63],[-49.59,-1.71],[-49.65,-1.74],[-49.75,-1.76],[-49.81,-1.79],[-49.91,-1.76],[-50.01,-1.71],[-50.07,-1.7],[-50.11,-1.75],[-50.34,-1.76],[-50.44,-1.8],[-50.51,-1.79],[-50.6,-1.7],[-50.62,-1.64],[-50.67,-1.52],[-50.72,-1.37],[-50.76,-1.24],[-50.73,-1.13],[-50.67,-1.13],[-50.6,-1.15],[-50.58,-1.14],[-50.58,-1.1],[-50.59,-1.07],[-50.71,-1.08],[-50.78,-1.01],[-50.8,-0.91],[-50.78,-0.69],[-50.77,-0.65],[-50.72,-0.58],[-50.7,-0.53],[-50.72,-0.47],[-50.69,-0.36],[-50.65,-0.27],[-50.46,-0.16],[-50.25,-0.12],[-49.63,-0.23]]],[[[-44.13,-23.14],[-44.1,-23.17],[-44.16,-23.17],[-44.22,-23.19],[-44.32,-23.21],[-44.36,-23.17],[-44.27,-23.12],[-44.24,-23.07],[-44.22,-23.08],[-44.19,-23.11],[-44.13,-23.14]]],[[[-48.58,-26.4],[-48.6,-26.41],[-48.67,-26.29],[-48.54,-26.17],[-48.5,-26.22],[-48.53,-26.31],[-48.57,-26.38],[-48.58,-26.4]]],[[[-45.26,-23.89],[-45.26,-23.94],[-45.3,-23.91],[-45.41,-23.93],[-45.45,-23.9],[-45.3,-23.73],[-45.27,-23.75],[-45.25,-23.78],[-45.23,-23.83],[-45.25,-23.85],[-45.26,-23.89]]],[[[-44.5,-2.94],[-44.6,-3.04],[-44.57,-2.92],[-44.58,-2.85],[-44.57,-2.78],[-44.5,-2.73],[-44.48,-2.72],[-44.49,-2.79],[-44.48,-2.81],[-44.5,-2.94]]],[[[-38.74,-13.1],[-38.78,-13.12],[-38.79,-13.06],[-38.68,-12.97],[-38.67,-12.88],[-38.61,-12.92],[-38.6,-12.97],[-38.6,-12.99],[-38.74,-13.1]]],[[[-38.9,-13.47],[-38.94,-13.53],[-38.98,-13.52],[-38.99,-13.48],[-39.02,-13.45],[-39.01,-13.42],[-38.98,-13.4],[-38.91,-13.4],[-38.9,-13.47]]],[[[-44.88,-1.32],[-44.95,-1.37],[-44.97,-1.39],[-45.02,-1.37],[-45.01,-1.34],[-45.0,-1.35],[-44.98,-1.27],[-44.89,-1.28],[-44.88,-1.32]]],[[[-49.74,0.27],[-49.7,0.22],[-49.84,0.01],[-49.92,-0.02],[-50.0,-0.03],[-50.11,0.03],[-50.29,0.03],[-50.34,0.04],[-50.35,0.13],[-50.27,0.23],[-50.13,0.23],[-49.88,0.3],[-49.74,0.27]]],[[[-50.3,1.94],[-50.4,1.89],[-50.46,1.91],[-50.51,2.03],[-50.49,2.13],[-50.42,2.16],[-50.36,2.15],[-50.34,2.14],[-50.29,1.98],[-50.3,1.94]]],[[[-50.65,-0.13],[-50.93,-0.33],[-51.02,-0.26],[-51.04,-0.23],[-51.02,-0.19],[-51.03,-0.17],[-51.0,-0.11],[-50.84,-0.05],[-50.77,-0.04],[-50.67,-0.06],[-50.65,-0.11],[-50.65,-0.13]]],[[[-49.44,-0.11],[-49.71,-0.14],[-49.83,-0.09],[-49.8,-0.05],[-49.71,0.02],[-49.6,0.06],[-49.5,0.08],[-49.4,0.06],[-49.37,0.0],[-49.38,-0.06],[-49.44,-0.11]]],[[[-50.43,0.14],[-50.44,-0.01],[-50.62,0.05],[-50.61,0.2],[-50.53,0.25],[-50.45,0.33],[-50.43,0.42],[-50.42,0.56],[-50.4,0.58],[-50.37,0.59],[-50.35,0.58],[-50.34,0.38],[-50.33,0.26],[-50.43,0.14]]],[[[-50.15,0.39],[-50.26,0.36],[-50.28,0.39],[-50.28,0.52],[-50.25,0.59],[-50.11,0.6],[-50.1,0.62],[-50.06,0.64],[-50.04,0.59],[-50.04,0.52],[-50.15,0.39]]],[[[-51.83,-1.43],[-51.94,-1.45],[-51.8,-1.2],[-51.68,-1.09],[-51.68,-0.86],[-51.55,-0.65],[-51.42,-0.57],[-51.25,-0.54],[-51.16,-0.67],[-51.28,-1.02],[-51.31,-1.02],[-51.47,-1.21],[-51.64,-1.34],[-51.83,-1.43]]],[[[-48.49,-27.77],[-48.55,-27.81],[-48.54,-27.57],[-48.51,-27.5],[-48.46,-27.44],[-48.41,-27.4],[-48.38,-27.45],[-48.41,-27.57],[-48.5,-27.71],[-48.49,-27.77]]]]},"properties":{"iso":"BRA","name":"Brazil","ha":[1060555.2,1060346.7,1060484.4,1061362.4,1062916.9,1065418.4,1066437.1,1068955.4,1074175.0,1071836.7,1073830.4,1074056.1,1073637.7,1072218.7,1066529.9,1071286.9,1069614.4,1067642.3,1067329.6,1066893.2,1069345.7,1071625.5,1074199.0,1076822.7,1079461.9,1078894.5,1073654.9,1067025.9,1062776.4,1056769.9,1058669.5,1058462.5,1058018.6,1062184.4,1066924.3,1069803.8,1070073.0,1067604.7,1066899.6,1068232.4,1077056.8],"lo":[989176.7,988982.2,989110.6,989929.6,991379.4,993712.6,994662.7,997011.6,1001879.8,999698.9,1001558.5,1001769.0,1001378.7,1000055.2,994749.3,999186.1,997626.2,995786.8,995495.1,995088.1,997375.6,999501.9,1001902.2,1004349.3,1006810.9,1006281.7,1001394.7,995211.9,991248.4,985646.1,987417.9,987224.8,986810.8,990696.2,995117.1,997802.9,998053.9,995751.8,995094.1,996337.2,1004567.7],"hi":[1162365.3,1162136.7,1162287.6,1163249.9,1164953.6,1167695.3,1168811.8,1171571.8,1177292.5,1174729.7,1176914.8,1177162.2,1176703.6,1175148.4,1168913.5,1174127.1,1172294.0,1170132.7,1169789.9,1169311.6,1171999.6,1174498.2,1177318.7,1180194.3,1183086.9,1182465.0,1176722.4,1169457.0,1164799.6,1158216.5,1160298.5,1160071.6,1159585.1,1164150.8,1169345.7,1172501.7,1172796.7,1170091.5,1169318.6,1170779.4,1180450.9]}},{"type":"Feature","geometry":{"type":"MultiPolygon","coordinates":[[[[-59.49,13.08],[-59.52,13.06],[-59.61,13.1],[-59.64,13.15],[-59.65,13.3],[-59.59,13.32],[-59.49,13.2],[-59.43,13.15],[-59.49,13.08]]]]},"properties":{"iso":"BRB","name":"Barbados","ha":[11.9,11.9,11.9,11.9,11.2,11.3,11.3,11.3,11.3,11.4,11.4,11.4,11.4,11.3,12.0,12.3,12.9,12.9,13.1,13.9,14.2,14.3,14.6,14.7,15.7,16.6,16.8,16.5,16.7,17.0,17.0,17.3,17.9,18.3,18.2,18.3,18.6,18.7,18.7,18.5,19.2],"lo":[11.1,11.1,11.1,11.1,10.5,10.6,10.6,10.6,10.6,10.6,10.6,10.6,10.6,10.6,11.2,11.4,12.0,12.0,12.2,12.9,13.3,13.3,13.6,13.7,14.6,15.5,15.6,15.4,15.6,15.9,15.9,16.1,16.7,17.1,17.0,17.1,17.3,17.4,17.4,17.2,17.9],"hi":[13.1,13.1,13.1,13.1,12.3,12.4,12.4,12.4,12.4,12.5,12.5,12.5,12.5,12.4,13.2,13.4,14.1,14.1,14.4,15.2,15.6,15.7,16.0,16.1,17.2,18.2,18.4,18.1,18.3,18.7,18.7,18.9,19.6,20.1,20.0,20.1,20.3,20.4,20.4,20.3,21.0]}},{"type":"Feature","geometry":{"type":"MultiPolygon","coordinates":[[[[115.14,4.9],[115.17,4.87],[115.23,4.75],[115.27,4.63],[115.28,4.46],[115.33,4.38],[115.32,4.37],[115.29,4.35],[115.25,4.35],[115.17,4.36],[115.11,4.39],[115.05,4.58],[115.03,4.69],[115.03,4.82],[115.03,4.9],[115.14,4.9]]],[[[115.03,4.9],[114.94,4.86],[114.86,4.8],[114.78,4.75],[114.75,4.72],[114.76,4.67],[114.78,4.55],[114.79,4.46],[114.82,4.43],[114.84,4.39],[114.83,4.35],[114.78,4.28],[114.81,4.27],[114.78,4.17],[114.72,4.1],[114.65,4.04],[114.61,4.02],[114.57,4.05],[114.51,4.11],[114.45,4.2],[114.42,4.26],[114.32,4.26],[114.29,4.3],[114.29,4.35],[114.26,4.41],[114.22,4.48],[114.17,4.53],[114.1,4.57],[114.06,4.59],[114.18,4.59],[114.3,4.61],[114.42,4.66],[114.54,4.72],[114.65,4.8],[114.74,4.88],[114.84,4.95],[115.0,5.02],[115.05,5.02],[115.05,4.96],[115.03,4.9]]]]},"properties":{"iso":"BRN","name":"Brunei","ha":[13893.5,13893.5,13893.5,13892.8,13892.8,13892.4,13896.9,13908.0,13918.7,13925.0,13930.5,13935.6,13935.6,13907.7,13878.2,13855.2,13784.7,13672.0,13619.8,13586.8,13590.7,13611.1,13643.7,13681.3,13724.6,13710.3,13515.7,13268.4,13116.4,13031.6,13027.7,13032.3,13054.9,13113.7,13144.9,13156.2,13140.6,13056.3,13069.7,13076.4,13100.8],"lo":[12958.4,12958.4,12958.4,12957.8,12957.8,12957.4,12961.6,12971.9,12981.9,12987.8,12992.9,12997.7,12997.7,12971.7,12944.2,12922.7,12857.0,12751.8,12703.1,12672.4,12676.0,12695.0,12725.4,12760.5,12800.9,12787.5,12606.0,12375.4,12233.6,12154.5,12150.9,12155.2,12176.3,12231.2,12260.2,12270.8,12256.2,12177.6,12190.1,12196.3,12219.1],"hi":[15227.2,15227.2,15227.2,15226.5,15226.5,15226.0,15230.9,15243.1,15254.9,15261.7,15267.7,15273.4,15273.4,15242.8,15210.5,15185.2,15108.0,14984.4,14927.3,14891.1,14895.4,14917.7,14953.4,14994.6,15042.2,15026.4,14813.1,14542.1,14375.5,14282.5,14278.3,14283.4,14308.1,14372.6,14406.8,14419.2,14402.0,14309.6,14324.3,14331.7,14358.4]}},{"type":"Feature","geometry":{"type":"MultiPolygon","coordinates":[[[[96.84,-12.18],[96.85,-12.19],[96.87,-12.18],[96.87,-12.19],[96.85,-12.2],[96.83,-12.18],[96.83,-12.15],[96.83,-12.13],[96.83,-12.13],[96.83,-12.14],[96.83,-12.14],[96.84,-12.16],[96.84,-12.17],[96.84,-12.18]]],[[[96.92,-12.19],[96.91,-12.2],[96.9,-12.2],[96.89,-12.19],[96.89,-12.19],[96.9,-12.19],[96.91,-12.18],[96.92,-12.17],[96.92,-12.16],[96.93,-12.17],[96.92,-12.18],[96.92,-12.19]]]]},"properties":{"iso":"CCK","name":"Cocos (Keeling) Islands","ha":[0.7,0.7,0.7,0.7,0.7,0.7,0.7,0.7,0.7,0.7,0.7,0.7,0.7,0.7,0.7,0.7,0.7,0.7,0.7,0.7,0.7,0.7,0.7,0.7,0.7,4.5,4.5,4.5,4.5,4.5,4.5,4.6,4.6,5.1,5.1,5.7,7.5,7.8,7.8,7.9,8.0],"lo":[0.6,0.6,0.6,0.6,0.6,0.6,0.6,0.6,0.6,0.6,0.6,0.6,0.6,0.6,0.6,0.6,0.6,0.6,0.6,0.6,0.6,0.6,0.6,0.6,0.6,4.2,4.2,4.2,4.2,4.2,4.2,4.3,4.3,4.8,4.8,5.3,7.0,7.3,7.3,7.3,7.4],"hi":[0.8,0.8,0.8,0.8,0.8,0.8,0.8,0.8,0.8,0.8,0.8,0.8,0.8,0.8,0.8,0.8,0.8,0.8,0.8,0.8,0.8,0.8,0.8,0.8,0.8,5.0,5.0,5.0,5.0,5.0,5.0,5.1,5.1,5.6,5.6,6.3,8.2,8.5,8.5,8.6,8.7]}},{"type":"Feature","geometry":{"type":"MultiPolygon","coordinates":[[[[118.18,24.5],[118.15,24.44],[118.09,24.45],[118.09,24.49],[118.08,24.5],[118.09,24.54],[118.1,24.55],[118.17,24.52],[118.18,24.5]]],[[[121.86,31.49],[121.78,31.46],[121.52,31.55],[121.34,31.64],[121.23,31.76],[121.21,31.81],[121.34,31.8],[121.46,31.76],[121.49,31.69],[121.54,31.67],[121.58,31.64],[121.81,31.55],[121.84,31.53],[121.86,31.49]]],[[[122.3,29.96],[122.28,29.94],[122.16,30.0],[122.02,30.01],[121.98,30.06],[121.97,30.14],[122.11,30.14],[122.28,30.07],[122.32,30.03],[122.3,29.96]]],[[[122.17,29.68],[122.17,29.66],[122.08,29.73],[122.04,29.74],[122.06,29.77],[122.12,29.78],[122.17,29.7],[122.17,29.68]]],[[[122.4,29.89],[122.39,29.85],[122.37,29.85],[122.33,29.93],[122.35,29.96],[122.4,29.95],[122.4,29.89]]],[[[119.82,25.46],[119.75,25.41],[119.7,25.43],[119.7,25.49],[119.72,25.55],[119.7,25.59],[119.72,25.64],[119.78,25.65],[119.8,25.62],[119.83,25.61],[119.84,25.59],[119.84,25.56],[119.81,25.51],[119.83,25.48],[119.82,25.46]]],[[[110.39,21.09],[110.42,21.06],[110.52,21.08],[110.54,21.04],[110.54,21.02],[110.5,20.97],[110.42,21.01],[110.34,21.0],[110.28,21.0],[110.26,21.03],[110.31,21.07],[110.39,21.09]]],[[[121.25,28.09],[121.16,28.06],[121.13,28.06],[121.13,28.14],[121.21,28.2],[121.23,28.18],[121.25,28.15],[121.25,28.09]]],[[[113.56,22.8],[113.56,22.76],[113.49,22.83],[113.46,22.83],[113.43,22.86],[113.4,22.9],[113.46,22.9],[113.52,22.85],[113.56,22.8]]],[[[112.79,21.6],[112.77,21.58],[112.74,21.62],[112.73,21.67],[112.71,21.7],[112.76,21.73],[112.78,21.77],[112.84,21.76],[112.86,21.75],[112.81,21.71],[112.8,21.69],[112.79,21.6]]],[[[112.64,21.64],[112.55,21.62],[112.53,21.62],[112.56,21.67],[112.65,21.71],[112.64,21.64]]],[[[107.97,21.51],[107.91,21.56],[107.8,21.65],[107.76,21.66],[107.64,21.61],[107.47,21.6],[107.43,21.64],[107.35,21.61],[107.27,21.71],[107.18,21.72],[107.06,21.79],[107.02,21.83],[107.01,21.89],[106.97,21.92],[106.93,21.92],[106.87,21.95],[106.79,21.98],[106.73,22.0],[106.7,21.99],[106.66,21.98],[106.66,22.02],[106.66,22.14],[106.65,22.24],[106.64,22.29],[106.59,22.32],[106.55,22.34],[106.54,22.4],[106.55,22.5],[106.58,22.57],[106.63,22.59],[106.7,22.64],[106.74,22.71],[106.78,22.78],[106.62,22.87],[106.54,22.91],[106.45,22.89],[106.34,22.86],[106.28,22.86],[106.25,22.87],[106.18,22.96],[106.15,22.97],[106.07,22.98],[106.0,22.97],[105.96,22.94],[105.9,22.92],[105.84,22.92],[105.78,22.97],[105.69,23.03],[105.55,23.07],[105.53,23.12],[105.49,23.18],[105.44,23.24],[105.35,23.31],[105.28,23.35],[105.24,23.32],[105.19,23.28],[105.0,23.19],[104.91,23.16],[104.86,23.14],[104.83,23.1],[104.81,23.01],[104.8,22.91],[104.74,22.86],[104.69,22.82],[104.63,22.82],[104.58,22.82],[104.53,22.8],[104.37,22.7],[104.3,22.71],[104.24,22.77],[104.21,22.81],[104.14,22.8],[104.05,22.75],[104.01,22.67],[103.99,22.59],[103.97,22.55],[103.94,22.54],[103.92,22.54],[103.64,22.77],[103.62,22.78],[103.57,22.73],[103.53,22.61],[103.49,22.59],[103.47,22.6],[103.36,22.75],[103.33,22.77],[103.3,22.76],[103.27,22.71],[103.19,22.64],[103.14,22.59],[103.14,22.54],[103.08,22.5],[103.01,22.45],[102.98,22.45],[102.94,22.47],[102.87,22.53],[102.83,22.59],[102.72,22.65],[102.6,22.7],[102.52,22.74],[102.47,22.75],[102.43,22.73],[102.41,22.71],[102.38,22.65],[102.3,22.55],[102.24,22.47],[102.18,22.41],[102.13,22.38],[102.09,22.41],[102.02,22.44],[101.95,22.44],[101.84,22.39],[101.76,22.49],[101.74,22.5],[101.71,22.49],[101.67,22.46],[101.65,22.41],[101.62,22.33],[101.57,22.28],[101.52,22.25],[101.54,22.21],[101.56,22.16],[101.56,22.12],[101.58,22.06],[101.6,21.99],[101.7,21.88],[101.74,21.83],[101.74,21.78],[101.75,21.61],[101.74,21.53],[101.72,21.4],[101.72,21.31],[101.76,21.28],[101.8,21.24],[101.8,21.21],[101.78,21.2],[101.73,21.16],[101.7,21.15],[101.67,21.17],[101.62,21.18],[101.58,21.2],[101.54,21.23],[101.44,21.23],[101.28,21.18],[101.25,21.2],[101.22,21.22],[101.21,21.28],[101.22,21.34],[101.21,21.38],[101.18,21.41],[101.2,21.52],[101.14,21.57],[101.15,21.58],[101.13,21.71],[101.13,21.74],[101.12,21.75],[101.08,21.76],[101.02,21.74],[100.84,21.66],[100.68,21.5],[100.6,21.47],[100.53,21.46],[100.45,21.48],[100.35,21.5],[100.21,21.46],[100.15,21.48],[100.12,21.51],[100.09,21.56],[100.11,21.62],[100.1,21.66],[100.04,21.68],[99.98,21.7],[99.94,21.76],[99.93,21.82],[99.94,21.9],[99.95,21.99],[99.92,22.03],[99.83,22.05],[99.59,22.09],[99.39,22.11],[99.3,22.1],[99.23,22.11],[99.19,22.13],[99.17,22.15],[99.17,22.19],[99.21,22.28],[99.24,22.37],[99.34,22.5],[99.34,22.59],[99.34,22.69],[99.39,22.83],[99.47,22.93],[99.51,22.96],[99.5,23.0],[99.46,23.05],[99.42,23.07],[99.34,23.1],[99.22,23.1],[99.06,23.13],[98.86,23.19],[98.89,23.31],[98.88,23.38],[98.86,23.44],[98.82,23.48],[98.8,23.52],[98.83,23.62],[98.79,23.74],[98.74,23.78],[98.68,23.84],[98.68,23.91],[98.7,23.96],[98.83,24.09],[98.84,24.12],[98.8,24.12],[98.76,24.12],[98.58,24.07],[98.56,24.1],[98.5,24.12],[98.37,24.12],[98.21,24.11],[98.02,24.07],[97.84,23.99],[97.76,23.93],[97.69,23.9],[97.63,23.89],[97.56,23.91],[97.57,23.99],[97.69,24.13],[97.71,24.23],[97.67,24.31],[97.67,24.38],[97.62,24.42],[97.56,24.44],[97.53,24.49],[97.53,24.63],[97.58,24.77],[97.67,24.82],[97.72,24.84],[97.74,24.87],[97.71,24.97],[97.71,25.03],[97.77,25.16],[97.82,25.25],[97.92,25.24],[97.96,25.26],[98.01,25.29],[98.06,25.35],[98.1,25.42],[98.14,25.57],[98.17,25.59],[98.3,25.57],[98.33,25.59],[98.4,25.68],[98.47,25.79],[98.56,25.82],[98.63,25.83],[98.66,25.86],[98.65,25.92],[98.59,26.0],[98.56,26.07],[98.57,26.11],[98.66,26.14],[98.69,26.19],[98.67,26.3],[98.71,26.43],[98.73,26.58],[98.74,26.7],[98.74,26.79],[98.73,26.88],[98.72,27.04],[98.67,27.19],[98.68,27.25],[98.68,27.42],[98.65,27.57],[98.6,27.6],[98.5,27.65],[98.45,27.66],[98.41,27.64],[98.39,27.59],[98.35,27.54],[98.3,27.55],[98.27,27.6],[98.24,27.66],[98.13,27.97],[98.12,28.06],[98.1,28.14],[98.06,28.19],[98.02,28.21],[97.93,28.31],[97.89,28.36],[97.86,28.36],[97.82,28.36],[97.77,28.36],[97.73,28.41],[97.69,28.47],[97.66,28.5],[97.6,28.52],[97.54,28.51],[97.5,28.46],[97.48,28.43],[97.43,28.35],[97.36,28.25],[97.32,28.22],[97.29,28.24],[97.15,28.34],[97.08,28.37],[96.98,28.34],[96.83,28.36],[96.78,28.37],[96.65,28.45],[96.6,28.46],[96.43,28.41],[96.39,28.37],[96.37,28.37],[96.32,28.39],[96.28,28.41],[96.28,28.43],[96.33,28.47],[96.33,28.5],[96.33,28.53],[96.4,28.61],[96.58,28.76],[96.55,28.83],[96.48,28.96],[96.47,29.02],[96.44,29.05],[96.35,29.03],[96.16,28.91],[96.14,28.92],[96.14,28.96],[96.12,29.08],[96.18,29.12],[96.27,29.16],[96.34,29.21],[96.36,29.25],[96.34,29.26],[96.23,29.25],[96.19,29.27],[96.13,29.38],[96.08,29.42],[96.04,29.45],[95.89,29.39],[95.71,29.31],[95.52,29.21],[95.52,29.15],[95.49,29.14],[95.46,29.1],[95.42,29.05],[95.39,29.04],[95.35,29.04],[95.28,29.05],[95.14,29.1],[95.0,29.15],[94.97,29.14],[94.77,29.18],[94.76,29.2],[94.73,29.25],[94.68,29.3],[94.62,29.31],[94.47,29.22],[94.29,29.14],[94.19,29.06],[94.11,28.98],[94.02,28.96],[94.01,28.91],[93.97,28.86],[93.9,28.8],[93.76,28.73],[93.66,28.69],[93.36,28.65],[93.25,28.63],[93.21,28.59],[93.16,28.49],[93.12,28.4],[93.03,28.33],[92.88,28.23],[92.7,28.15],[92.65,28.09],[92.64,28.06],[92.67,28.05],[92.69,28.03],[92.69,27.99],[92.66,27.95],[92.55,27.88],[92.48,27.85],[92.41,27.82],[92.34,27.82],[92.27,27.83],[92.25,27.84],[92.22,27.83],[92.16,27.81],[92.1,27.81],[91.98,27.73],[91.91,27.73],[91.82,27.75],[91.71,27.76],[91.63,27.76],[91.63,27.8],[91.64,27.92],[91.61,27.95],[91.49,27.98],[91.37,28.02],[91.31,28.06],[91.27,28.08],[91.23,28.07],[91.15,28.03],[91.08,27.97],[91.02,27.97],[90.96,27.99],[90.91,28.03],[90.72,28.07],[90.63,28.08],[90.48,28.07],[90.35,28.08],[90.33,28.09],[90.33,28.12],[90.35,28.17],[90.36,28.22],[90.35,28.24],[90.22,28.28],[90.1,28.3],[89.98,28.31],[89.9,28.29],[89.82,28.26],[89.75,28.19],[89.65,28.16],[89.54,28.11],[89.48,28.06],[89.4,27.96],[89.27,27.83],[89.16,27.71],[89.1,27.59],[89.03,27.52],[88.95,27.46],[88.89,27.32],[88.83,27.36],[88.76,27.43],[88.75,27.52],[88.83,27.77],[88.85,27.87],[88.83,27.91],[88.8,28.01],[88.76,28.04],[88.62,28.09],[88.58,28.09],[88.53,28.06],[88.49,28.03],[88.43,28.01],[88.28,27.97],[88.14,27.95],[88.11,27.93],[88.1,27.9],[88.11,27.87],[88.02,27.88],[87.93,27.89],[87.86,27.89],[87.68,27.82],[87.62,27.82],[87.56,27.82],[87.46,27.82],[87.29,27.82],[87.14,27.84],[87.02,27.93],[86.93,27.97],[86.84,28.0],[86.75,28.02],[86.72,28.07],[86.69,28.09],[86.61,28.1],[86.55,28.09],[86.52,27.96],[86.48,27.94],[86.41,27.93],[86.33,27.96],[86.22,28.02],[86.17,28.09],[86.14,28.11],[86.08,28.08],[86.08,27.99],[86.06,27.93],[85.99,27.91],[85.95,27.93],[85.92,27.99],[85.84,28.14],[85.76,28.22],[85.68,28.28],[85.41,28.28],[85.21,28.29],[85.12,28.32],[85.09,28.37],[85.12,28.48],[85.16,28.57],[85.16,28.59],[85.13,28.6],[85.07,28.61],[84.86,28.55],[84.8,28.56],[84.76,28.58],[84.71,28.6],[84.68,28.62],[84.65,28.66],[84.47,28.75],[84.41,28.8],[84.31,28.87],[84.23,28.91],[84.18,29.04],[84.13,29.16],[84.1,29.22],[84.02,29.25],[83.94,29.28],[83.79,29.23],[83.67,29.19],[83.58,29.18],[83.46,29.31],[83.36,29.44],[83.24,29.55],[83.16,29.61],[83.01,29.62],[82.85,29.68],[82.64,29.83],[82.49,29.94],[82.22,30.06],[82.16,30.12],[82.14,30.16],[82.1,30.25],[82.04,30.33],[81.85,30.36],[81.64,30.39],[81.42,30.34],[81.26,30.09],[81.18,30.04],[81.11,30.04],[81.06,30.1],[81.01,30.16],[80.99,30.24],[80.87,30.29],[80.75,30.36],[80.68,30.41],[80.61,30.45],[80.54,30.46],[80.41,30.51],[80.26,30.56],[80.19,30.57],[80.19,30.61],[80.21,30.68],[80.19,30.76],[80.15,30.79],[80.08,30.78],[79.92,30.89],[79.92,30.89],[79.92,30.89],[79.87,30.92],[79.79,30.97],[79.66,30.97],[79.57,30.95],[79.49,30.99],[79.39,31.06],[79.37,31.08],[79.34,31.11],[79.23,31.24],[79.11,31.4],[79.04,31.43],[79.01,31.41],[78.97,31.33],[78.95,31.34],[78.9,31.33],[78.84,31.3],[78.79,31.29],[78.76,31.3],[78.74,31.32],[78.76,31.44],[78.73,31.47],[78.76,31.55],[78.8,31.62],[78.75,31.67],[78.69,31.74],[78.69,31.81],[78.72,31.89],[78.74,31.96],[78.73,31.98],[78.68,32.02],[78.5,32.22],[78.49,32.24],[78.46,32.3],[78.44,32.4],[78.42,32.47],[78.39,32.52],[78.39,32.54],[78.41,32.56],[78.53,32.57],[78.63,32.58],[78.7,32.6],[78.74,32.56],[78.75,32.5],[78.77,32.47],[78.84,32.41],[78.92,32.36],[79.0,32.37],[79.07,32.39],[79.13,32.48],[79.17,32.5],[79.22,32.5],[79.22,32.51],[79.22,32.56],[79.23,32.7],[79.23,32.76],[79.21,32.81],[79.21,32.86],[79.2,32.95],[79.15,33.0],[79.11,33.02],[79.1,33.05],[79.12,33.11],[79.14,33.17],[79.11,33.23],[79.07,33.25],[79.01,33.29],[78.95,33.35],[78.92,33.39],[78.87,33.43],[78.8,33.5],[78.79,33.65],[78.78,33.81],[78.76,33.89],[78.73,34.01],[78.73,34.06],[78.75,34.09],[78.93,34.19],[78.97,34.23],[78.98,34.26],[78.97,34.3],[78.94,34.35],[78.86,34.39],[78.76,34.45],[78.67,34.52],[78.52,34.56],[78.33,34.61],[78.28,34.65],[78.24,34.77],[78.16,34.95],[78.08,35.13],[78.01,35.25],[78.01,35.31],[78.05,35.45],[78.04,35.48],[78.01,35.49],[77.95,35.47],[77.89,35.45],[77.85,35.46],[77.81,35.48],[77.8,35.49],[77.8,35.5],[77.72,35.48],[77.57,35.47],[77.52,35.47],[77.45,35.48],[77.29,35.51],[77.09,35.55],[76.88,35.61],[76.77,35.66],[76.73,35.68],[76.63,35.73],[76.56,35.77],[76.55,35.89],[76.5,35.88],[76.39,35.84],[76.25,35.81],[76.18,35.81],[76.15,35.83],[76.1,35.95],[76.07,35.98],[76.01,36.0],[75.95,36.02],[75.91,36.05],[75.9,36.09],[75.93,36.13],[75.97,36.17],[75.97,36.38],[75.95,36.46],[75.93,36.52],[75.88,36.6],[75.84,36.65],[75.77,36.69],[75.67,36.74],[75.57,36.76],[75.46,36.73],[75.42,36.74],[75.38,36.88],[75.35,36.91],[75.15,36.97],[75.05,36.99],[74.95,36.97],[74.89,36.95],[74.84,36.98],[74.77,37.01],[74.69,37.04],[74.6,37.04],[74.54,37.02],[74.53,37.03],[74.5,37.06],[74.38,37.14],[74.37,37.16],[74.56,37.24],[74.67,37.27],[74.73,37.29],[74.74,37.29],[74.77,37.25],[74.84,37.23],[74.89,37.23],[74.92,37.25],[75.01,37.29],[75.08,37.34],[75.12,37.39],[75.1,37.45],[74.99,37.53],[74.92,37.57],[74.89,37.6],[74.91,37.69],[74.94,37.77],[74.92,37.8],[74.9,37.83],[74.89,37.93],[74.84,38.04],[74.79,38.1],[74.78,38.19],[74.77,38.27],[74.84,38.4],[74.81,38.46],[74.75,38.51],[74.51,38.6],[74.28,38.66],[74.19,38.66],[74.13,38.66],[74.07,38.61],[74.03,38.54],[73.97,38.53],[73.87,38.56],[73.8,38.61],[73.75,38.7],[73.72,38.82],[73.7,38.85],[73.71,38.89],[73.73,38.91],[73.79,38.94],[73.81,38.97],[73.8,39.0],[73.74,39.04],[73.69,39.1],[73.61,39.23],[73.62,39.3],[73.64,39.4],[73.63,39.45],[73.72,39.46],[73.82,39.49],[73.87,39.53],[73.91,39.58],[73.91,39.61],[73.88,39.71],[73.84,39.76],[73.84,39.8],[73.86,39.83],[73.88,39.88],[73.94,39.98],[73.99,40.04],[74.02,40.06],[74.09,40.07],[74.24,40.09],[74.41,40.14],[74.61,40.27],[74.68,40.31],[74.77,40.33],[74.83,40.33],[74.84,40.34],[74.8,40.43],[74.81,40.46],[74.84,40.48],[74.87,40.49],[75.0,40.45],[75.11,40.45],[75.24,40.48],[75.52,40.63],[75.56,40.63],[75.58,40.61],[75.62,40.52],[75.66,40.33],[75.68,40.31],[75.87,40.3],[76.0,40.37],[76.06,40.39],[76.16,40.38],[76.21,40.41],[76.26,40.43],[76.32,40.35],[76.4,40.39],[76.48,40.45],[76.52,40.51],[76.58,40.58],[76.62,40.66],[76.64,40.74],[76.66,40.78],[76.71,40.82],[76.82,40.98],[76.91,41.02],[76.99,41.04],[77.18,41.01],[77.28,41.01],[77.58,40.99],[77.72,41.02],[77.82,41.06],[77.96,41.05],[78.12,41.08],[78.35,41.28],[78.35,41.33],[78.36,41.37],[78.44,41.42],[78.54,41.46],[78.74,41.56],[79.15,41.72],[79.29,41.78],[79.35,41.78],[79.5,41.82],[79.77,41.9],[79.84,42.0],[79.91,42.01],[80.22,42.03],[80.24,42.04],[80.25,42.06],[80.23,42.13],[80.21,42.19],[80.23,42.21],[80.26,42.24],[80.26,42.27],[80.21,42.4],[80.18,42.52],[80.16,42.63],[80.17,42.67],[80.2,42.73],[80.25,42.8],[80.42,42.86],[80.54,42.87],[80.54,42.91],[80.45,42.94],[80.38,42.97],[80.37,43.0],[80.37,43.02],[80.39,43.04],[80.51,43.09],[80.62,43.13],[80.75,43.1],[80.78,43.12],[80.79,43.16],[80.76,43.2],[80.73,43.27],[80.67,43.31],[80.67,43.35],[80.7,43.43],[80.65,43.56],[80.59,43.69],[80.5,43.89],[80.43,43.95],[80.4,44.05],[80.36,44.1],[80.36,44.17],[80.37,44.22],[80.35,44.33],[80.34,44.44],[80.36,44.55],[80.39,44.63],[80.38,44.66],[80.4,44.68],[80.46,44.68],[80.48,44.71],[80.46,44.75],[80.36,44.77],[80.26,44.81],[80.13,44.8],[80.0,44.8],[79.93,44.83],[79.88,44.86],[79.87,44.88],[79.95,44.94],[80.06,45.01],[80.23,45.03],[80.41,45.08],[80.51,45.1],[80.63,45.13],[80.78,45.14],[80.85,45.13],[81.04,45.17],[81.33,45.25],[81.6,45.31],[81.69,45.35],[81.76,45.31],[81.79,45.23],[81.87,45.18],[81.94,45.16],[81.99,45.16],[82.12,45.19],[82.27,45.22],[82.32,45.21],[82.4,45.16],[82.48,45.12],[82.52,45.13],[82.56,45.16],[82.6,45.22],[82.62,45.29],[82.63,45.37],[82.61,45.42],[82.58,45.44],[82.45,45.47],[82.33,45.52],[82.31,45.56],[82.32,45.59],[82.35,45.67],[82.43,45.81],[82.51,46.01],[82.56,46.16],[82.69,46.39],[82.8,46.62],[82.97,46.97],[83.0,47.03],[83.02,47.14],[83.03,47.19],[83.09,47.21],[83.19,47.19],[83.44,47.11],[83.63,47.04],[83.71,47.02],[83.83,47.0],[84.02,46.97],[84.12,46.98],[84.22,46.99],[84.34,47.0],[84.53,46.98],[84.59,46.97],[84.67,46.97],[84.72,46.94],[84.75,46.86],[84.79,46.83],[84.86,46.84],[85.01,46.91],[85.11,46.96],[85.23,47.04],[85.36,47.05],[85.48,47.06],[85.53,47.1],[85.58,47.19],[85.66,47.25],[85.67,47.34],[85.64,47.4],[85.59,47.49],[85.59,47.56],[85.56,47.75],[85.53,47.92],[85.56,48.05],[85.63,48.2],[85.65,48.25],[85.69,48.31],[85.75,48.39],[85.83,48.41],[86.06,48.42],[86.27,48.45],[86.37,48.49],[86.48,48.51],[86.55,48.53],[86.66,48.64],[86.72,48.7],[86.76,48.86],[86.73,48.94],[86.75,49.01],[86.81,49.05],[86.89,49.09],[86.94,49.1],[87.05,49.11],[87.23,49.11],[87.32,49.09],[87.42,49.08],[87.48,49.09],[87.52,49.12],[87.58,49.13],[87.67,49.15],[87.76,49.17],[87.81,49.16],[87.83,49.12],[87.82,49.08],[87.83,49.03],[87.87,49.0],[87.86,48.97],[87.81,48.95],[87.75,48.92],[87.74,48.88],[87.81,48.84],[87.83,48.79],[87.94,48.77],[88.03,48.74],[88.06,48.71],[88.05,48.68],[88.01,48.64],[87.97,48.6],[87.97,48.58],[87.98,48.56],[88.06,48.54],[88.16,48.51],[88.31,48.47],[88.41,48.4],[88.52,48.38],[88.57,48.32],[88.58,48.22],[88.68,48.17],[88.84,48.1],[88.92,48.09],[88.97,48.05],[89.05,48.0],[89.12,47.99],[89.2,47.98],[89.33,48.02],[89.48,48.03],[89.56,48.0],[89.64,47.91],[89.69,47.88],[89.73,47.85],[89.78,47.83],[89.83,47.82],[89.91,47.84],[89.96,47.89],[90.03,47.88],[90.05,47.85],[90.07,47.8],[90.1,47.75],[90.19,47.7],[90.31,47.68],[90.33,47.66],[90.35,47.6],[90.38,47.56],[90.43,47.5],[90.47,47.41],[90.48,47.33],[90.5,47.29],[90.55,47.21],[90.64,47.1],[90.72,47.0],[90.8,46.99],[90.87,46.95],[90.91,46.88],[90.99,46.75],[91.0,46.66],[91.0,46.6],[91.03,46.57],[91.03,46.53],[90.97,46.39],[90.92,46.32],[90.91,46.27],[90.95,46.18],[91.0,46.1],[91.0,46.04],[90.96,45.99],[90.89,45.92],[90.85,45.89],[90.8,45.85],[90.71,45.73],[90.67,45.6],[90.66,45.53],[90.69,45.47],[90.75,45.42],[90.76,45.37],[90.85,45.26],[90.88,45.2],[90.91,45.19],[90.95,45.22],[91.05,45.22],[91.14,45.19],[91.22,45.14],[91.31,45.12],[91.44,45.12],[91.51,45.1],[91.58,45.08],[91.74,45.07],[91.85,45.07],[92.03,45.07],[92.17,45.04],[92.42,45.01],[92.58,45.01],[92.79,45.04],[92.92,45.02],[93.29,44.98],[93.52,44.94],[93.66,44.9],[93.76,44.83],[93.87,44.72],[93.96,44.67],[94.2,44.65],[94.36,44.52],[94.49,44.47],[94.71,44.35],[94.87,44.3],[95.05,44.26],[95.35,44.28],[95.37,44.26],[95.34,44.2],[95.33,44.1],[95.33,44.04],[95.36,44.01],[95.47,43.99],[95.53,43.95],[95.57,43.89],[95.59,43.85],[95.69,43.66],[95.84,43.38],[95.86,43.28],[95.91,43.21],[96.08,43.1],[96.17,43.01],[96.3,42.93],[96.34,42.85],[96.35,42.75],[96.39,42.72],[96.63,42.74],[96.83,42.76],[97.21,42.79],[97.72,42.74],[98.25,42.68],[98.72,42.64],[98.95,42.62],[99.47,42.57],[99.76,42.63],[99.98,42.68],[100.09,42.67],[100.52,42.62],[100.77,42.59],[101.09,42.55],[101.31,42.54],[101.5,42.54],[101.58,42.52],[101.66,42.5],[101.71,42.47],[101.88,42.29],[101.97,42.22],[102.16,42.16],[102.58,42.09],[102.81,42.05],[103.07,42.01],[103.25,41.94],[103.45,41.86],[103.71,41.75],[104.0,41.8],[104.31,41.85],[104.5,41.88],[104.5,41.66],[104.77,41.64],[104.86,41.64],[104.98,41.6],[105.05,41.62],[105.12,41.66],[105.2,41.74],[105.31,41.77],[105.52,41.85],[105.57,41.88],[105.87,41.99],[106.32,42.14],[106.52,42.21],[106.58,42.23],[106.69,42.26],[106.77,42.29],[106.91,42.31],[107.09,42.32],[107.29,42.35],[107.75,42.4],[107.81,42.41],[108.06,42.43],[108.17,42.45],[108.33,42.44],[108.55,42.43],[108.69,42.42],[108.87,42.43],[109.13,42.44],[109.34,42.44],[109.44,42.46],[109.6,42.51],[109.7,42.55],[109.86,42.61],[110.06,42.66],[110.2,42.71],[110.29,42.74],[110.4,42.77],[110.43,42.81],[110.46,42.84],[110.52,42.9],[110.63,42.99],[110.71,43.07],[110.75,43.11],[110.84,43.19],[110.91,43.26],[111.01,43.34],[111.09,43.37],[111.19,43.39],[111.45,43.47],[111.5,43.49],[111.55,43.5],[111.64,43.56],[111.72,43.62],[111.77,43.66],[111.88,43.68],[111.93,43.71],[111.94,43.75],[111.93,43.81],[111.88,43.88],[111.84,43.93],[111.68,44.04],[111.6,44.11],[111.52,44.19],[111.49,44.27],[111.43,44.32],[111.4,44.37],[111.41,44.42],[111.49,44.51],[111.51,44.57],[111.55,44.67],[111.62,44.83],[111.68,44.9],[111.75,44.97],[111.9,45.06],[112.03,45.08],[112.11,45.06],[112.29,45.06],[112.41,45.06],[112.5,45.01],[112.6,44.92],[112.71,44.88],[113.05,44.81],[113.2,44.79],[113.3,44.79],[113.46,44.77],[113.51,44.76],[113.59,44.75],[113.65,44.76],[113.75,44.83],[113.88,44.9],[113.93,44.91],[114.03,44.94],[114.08,44.97],[114.17,45.05],[114.28,45.11],[114.42,45.2],[114.49,45.27],[114.5,45.32],[114.52,45.36],[114.56,45.39],[114.64,45.41],[114.74,45.42],[114.92,45.38],[115.16,45.39],[115.22,45.4],[115.44,45.42],[115.54,45.44],[115.68,45.46],[115.79,45.53],[115.93,45.63],[116.04,45.68],[116.11,45.69],[116.2,45.74],[116.24,45.8],[116.23,45.85],[116.21,45.89],[116.26,45.96],[116.36,46.1],[116.44,46.16],[116.52,46.21],[116.56,46.29],[116.62,46.31],[116.69,46.32],[116.79,46.38],[116.86,46.39],[116.98,46.36],[117.16,46.36],[117.27,46.35],[117.33,46.36],[117.36,46.39],[117.36,46.44],[117.39,46.54],[117.41,46.57],[117.44,46.59],[117.55,46.59],[117.62,46.55],[117.67,46.52],[117.74,46.52],[117.81,46.54],[117.91,46.62],[118.07,46.67],[118.16,46.68],[118.31,46.72],[118.4,46.7],[118.58,46.69],[118.65,46.7],[118.72,46.69],[118.79,46.75],[118.84,46.76],[118.96,46.73],[119.03,46.69],[119.16,46.64],[119.33,46.61],[119.47,46.63],[119.62,46.6],[119.71,46.61],[119.75,46.63],[119.87,46.67],[119.9,46.73],[119.88,46.79],[119.9,46.86],[119.86,46.91],[119.79,46.98],[119.76,47.03],[119.76,47.09],[119.71,47.15],[119.6,47.22],[119.53,47.26],[119.38,47.38],[119.33,47.41],[119.31,47.43],[119.29,47.47],[119.24,47.49],[119.16,47.53],[119.12,47.56],[119.1,47.62],[119.08,47.65],[119.02,47.69],[118.95,47.7],[118.88,47.73],[118.76,47.76],[118.69,47.82],[118.57,47.94],[118.5,47.98],[118.24,48.0],[118.15,48.03],[118.04,48.02],[117.98,48.0],[117.84,48.0],[117.77,47.99],[117.68,47.91],[117.56,47.8],[117.46,47.74],[117.38,47.68],[117.35,47.65],[117.29,47.67],[117.2,47.74],[117.07,47.81],[116.95,47.84],[116.9,47.85],[116.76,47.87],[116.65,47.86],[116.51,47.84],[116.38,47.84],[116.32,47.86],[116.23,47.86],[116.07,47.79],[115.99,47.71],[115.9,47.69],[115.81,47.74],[115.71,47.8],[115.62,47.87],[115.56,47.95],[115.53,48.13],[115.64,48.19],[115.79,48.25],[115.8,48.35],[115.79,48.46],[115.82,48.58],[115.95,48.69],[116.03,48.78],[116.03,48.84],[116.1,48.94],[116.16,49.04],[116.24,49.17],[116.4,49.41],[116.59,49.68],[116.68,49.82],[116.89,49.74],[117.02,49.69],[117.25,49.62],[117.48,49.61],[117.7,49.54],[117.81,49.51],[117.87,49.51],[118.19,49.69],[118.45,49.84],[118.76,49.96],[118.98,49.98],[119.15,50.01],[119.26,50.07],[119.33,50.15],[119.35,50.28],[119.3,50.35],[119.19,50.38],[119.16,50.41],[119.22,50.43],[119.26,50.48],[119.28,50.56],[119.34,50.63],[119.45,50.7],[119.5,50.78],[119.51,50.86],[119.57,50.95],[119.68,51.03],[119.75,51.11],[119.76,51.18],[119.81,51.27],[119.97,51.42],[120.07,51.6],[120.24,51.72],[120.51,51.85],[120.68,51.97],[120.75,52.1],[120.74,52.21],[120.67,52.3],[120.65,52.4],[120.7,52.49],[120.66,52.57],[120.52,52.62],[120.36,52.63],[120.17,52.6],[120.07,52.63],[120.04,52.72],[120.09,52.79],[120.22,52.84],[120.42,52.97],[120.7,53.17],[120.99,53.28],[121.41,53.32],[121.74,53.38],[122.09,53.45],[122.34,53.49],[122.38,53.46],[122.52,53.46],[122.74,53.47],[122.96,53.5],[123.15,53.54],[123.31,53.56],[123.42,53.53],[123.49,53.53],[123.53,53.53],[123.56,53.53],[123.61,53.55],[123.74,53.51],[123.99,53.41],[124.15,53.36],[124.22,53.37],[124.29,53.34],[124.37,53.27],[124.47,53.23],[124.64,53.21],[124.81,53.13],[124.88,53.13],[124.91,53.17],[124.97,53.2],[125.08,53.2],[125.23,53.17],[125.42,53.08],[125.55,53.05],[125.6,53.06],[125.65,53.04],[125.69,53.0],[125.7,52.96],[125.68,52.93],[125.73,52.89],[125.78,52.89],[125.87,52.87],[125.94,52.8],[126.0,52.77],[126.05,52.74],[126.06,52.72],[126.06,52.69],[126.05,52.67],[126.02,52.64],[126.02,52.61],[126.05,52.57],[126.16,52.55],[126.19,52.52],[126.2,52.48],[126.24,52.44],[126.31,52.4],[126.34,52.36],[126.32,52.33],[126.35,52.31],[126.38,52.29],[126.39,52.21],[126.39,52.17],[126.46,52.13],[126.47,52.03],[126.51,51.93],[126.65,51.78],[126.7,51.7],[126.69,51.61],[126.71,51.57],[126.77,51.55],[126.81,51.51],[126.8,51.45],[126.83,51.41],[126.85,51.37],[126.83,51.31],[126.85,51.26],[126.89,51.23],[126.91,51.17],[126.92,51.1],[127.02,50.99],[127.2,50.83],[127.31,50.71],[127.35,50.62],[127.35,50.55],[127.31,50.49],[127.31,50.45],[127.34,50.43],[127.35,50.39],[127.34,50.35],[127.4,50.3],[127.59,50.21],[127.51,50.07],[127.49,49.98],[127.5,49.87],[127.55,49.8],[127.64,49.76],[127.69,49.72],[127.71,49.67],[127.81,49.62],[128.0,49.57],[128.24,49.56],[128.53,49.59],[128.7,49.6],[128.77,49.58],[128.79,49.54],[128.77,49.49],[128.82,49.46],[128.94,49.45],[129.02,49.42],[129.07,49.37],[129.12,49.36],[129.19,49.38],[129.25,49.38],[129.31,49.35],[129.35,49.36],[129.38,49.39],[129.44,49.39],[129.5,49.39],[129.53,49.32],[129.59,49.29],[129.67,49.28],[129.79,49.2],[130.04,48.97],[130.2,48.89],[130.36,48.87],[130.55,48.86],[130.62,48.77],[130.57,48.68],[130.55,48.6],[130.6,48.57],[130.66,48.48],[130.75,48.43],[130.76,48.39],[130.8,48.34],[130.79,48.25],[130.71,48.13],[130.73,48.02],[130.85,47.93],[130.92,47.84],[130.93,47.76],[130.96,47.71],[131.0,47.69],[131.12,47.7],[131.32,47.73],[131.46,47.72],[131.56,47.68],[131.79,47.68],[132.15,47.72],[132.38,47.73],[132.48,47.71],[132.56,47.77],[132.64,47.89],[132.71,47.95],[132.77,47.94],[132.88,47.98],[133.02,48.06],[133.14,48.11],[133.3,48.1],[133.47,48.1],[133.57,48.13],[133.67,48.21],[133.84,48.27],[134.21,48.36],[134.29,48.37],[134.33,48.37],[134.46,48.36],[134.56,48.32],[134.67,48.25],[134.68,48.21],[134.67,48.15],[134.65,48.12],[134.61,48.08],[134.57,48.02],[134.59,47.98],[134.65,47.87],[134.7,47.8],[134.75,47.72],[134.73,47.68],[134.7,47.62],[134.6,47.52],[134.54,47.49],[134.48,47.45],[134.38,47.44],[134.34,47.43],[134.29,47.41],[134.26,47.38],[134.23,47.35],[134.17,47.3],[134.16,47.26],[134.19,47.19],[134.2,47.13],[134.14,47.07],[134.09,46.98],[134.07,46.95],[134.05,46.88],[134.04,46.86],[134.02,46.71],[133.96,46.61],[133.87,46.5],[133.89,46.43],[133.9,46.37],[133.88,46.34],[133.87,46.31],[133.86,46.25],[133.83,46.22],[133.75,46.19],[133.7,46.14],[133.71,46.07],[133.69,46.01],[133.65,45.96],[133.61,45.92],[133.55,45.9],[133.51,45.88],[133.48,45.81],[133.48,45.76],[133.45,45.71],[133.47,45.65],[133.44,45.6],[133.36,45.57],[133.31,45.55],[133.27,45.55],[133.19,45.49],[133.11,45.32],[133.1,45.22],[133.11,45.13],[133.01,45.07],[132.94,45.03],[132.89,45.05],[132.84,45.06],[132.72,45.08],[132.67,45.09],[132.55,45.12],[132.36,45.16],[132.18,45.2],[132.07,45.23],[131.98,45.24],[131.91,45.27],[131.85,45.33],[131.79,45.31],[131.74,45.24],[131.65,45.21],[131.61,45.14],[131.58,45.08],[131.49,45.01],[131.45,44.98],[131.27,44.94],[131.23,44.92],[131.08,44.91],[131.03,44.89],[130.98,44.84],[130.97,44.8],[131.0,44.75],[131.06,44.66],[131.09,44.6],[131.13,44.47],[131.26,44.07],[131.21,44.0],[131.17,43.7],[131.18,43.65],[131.18,43.57],[131.18,43.51],[131.21,43.49],[131.24,43.47],[131.26,43.43],[131.26,43.38],[131.24,43.34],[131.21,43.26],[131.18,43.14],[131.14,43.1],[131.11,43.06],[131.09,43.04],[131.08,42.96],[131.07,42.9],[131.01,42.88],[130.94,42.85],[130.87,42.86],[130.8,42.86],[130.72,42.84],[130.58,42.81],[130.49,42.78],[130.45,42.76],[130.42,42.73],[130.42,42.7],[130.44,42.69],[130.52,42.67],[130.58,42.62],[130.58,42.57],[130.53,42.54],[130.5,42.57],[130.45,42.58],[130.36,42.63],[130.3,42.68],[130.25,42.74],[130.25,42.87],[130.24,42.89],[130.15,42.92],[130.12,42.96],[130.08,42.97],[130.02,42.96],[129.98,42.97],[129.94,43.0],[129.9,43.0],[129.86,42.97],[129.84,42.89],[129.78,42.78],[129.77,42.71],[129.75,42.6],[129.72,42.48],[129.7,42.45],[129.63,42.44],[129.6,42.44],[129.57,42.39],[129.52,42.38],[129.48,42.41],[129.42,42.44],[129.37,42.44],[129.31,42.41],[129.25,42.36],[129.22,42.31],[129.21,42.27],[129.2,42.22],[129.13,42.17],[129.08,42.14],[128.96,42.07],[128.92,42.04],[128.84,42.04],[128.75,42.04],[128.63,42.02],[128.43,42.01],[128.31,42.03],[128.16,42.01],[128.05,41.99],[128.03,41.95],[128.03,41.9],[128.06,41.86],[128.08,41.84],[128.13,41.77],[128.18,41.7],[128.26,41.66],[128.29,41.61],[128.29,41.56],[128.25,41.51],[128.2,41.43],[128.15,41.39],[128.11,41.39],[128.05,41.42],[128.01,41.45],[127.92,41.46],[127.69,41.44],[127.57,41.45],[127.52,41.48],[127.42,41.48],[127.27,41.52],[127.18,41.53],[127.14,41.55],[127.13,41.61],[127.09,41.64],[127.06,41.69],[127.01,41.74],[126.95,41.77],[126.9,41.78],[126.85,41.75],[126.79,41.72],[126.74,41.72],[126.72,41.72],[126.7,41.69],[126.6,41.64],[126.58,41.59],[126.54,41.5],[126.51,41.39],[126.49,41.36],[126.45,41.35],[126.41,41.32],[126.33,41.23],[126.25,41.14],[126.14,41.08],[126.09,41.02],[126.07,40.97],[125.99,40.9],[125.87,40.89],[125.78,40.87],[125.73,40.87],[125.69,40.84],[125.66,40.8],[125.65,40.78],[125.59,40.78],[125.54,40.74],[125.42,40.66],[125.31,40.64],[125.19,40.59],[125.07,40.55],[125.03,40.52],[125.01,40.5],[125.0,40.46],[124.94,40.46],[124.89,40.46],[124.77,40.38],[124.71,40.32],[124.48,40.18],[124.39,40.1],[124.36,40.0],[124.35,40.01],[124.27,39.92],[124.11,39.84],[123.76,39.82],[123.65,39.88],[123.61,39.84],[123.58,39.79],[123.49,39.77],[123.35,39.76],[123.27,39.73],[123.23,39.69],[123.03,39.67],[122.96,39.62],[122.84,39.6],[122.33,39.37],[122.22,39.27],[122.12,39.15],[122.05,39.09],[121.98,39.05],[121.92,39.04],[121.86,39.0],[121.81,38.99],[121.74,39.01],[121.68,39.0],[121.63,38.95],[121.67,38.89],[121.65,38.87],[121.52,38.83],[121.32,38.81],[121.24,38.77],[121.21,38.74],[121.16,38.73],[121.12,38.81],[121.11,38.92],[121.19,38.95],[121.26,38.96],[121.68,39.11],[121.63,39.22],[121.66,39.27],[121.76,39.35],[121.82,39.39],[121.79,39.4],[121.51,39.37],[121.36,39.38],[121.28,39.38],[121.3,39.45],[121.29,39.52],[121.27,39.54],[121.41,39.62],[121.47,39.64],[121.52,39.64],[121.51,39.69],[121.47,39.75],[121.52,39.84],[121.8,39.95],[121.87,40.05],[121.98,40.14],[122.19,40.36],[122.2,40.4],[122.26,40.5],[122.28,40.54],[122.18,40.6],[122.14,40.69],[121.86,40.84],[121.83,40.97],[121.81,40.97],[121.77,40.88],[121.73,40.85],[121.6,40.84],[121.54,40.88],[121.17,40.9],[121.09,40.84],[121.0,40.75],[120.92,40.68],[120.84,40.65],[120.77,40.59],[120.48,40.23],[120.37,40.2],[119.85,39.99],[119.59,39.9],[119.39,39.75],[119.32,39.66],[119.26,39.56],[119.22,39.41],[119.04,39.22],[118.98,39.18],[118.91,39.17],[118.83,39.17],[118.75,39.16],[118.63,39.18],[118.47,39.12],[118.3,39.07],[118.15,39.2],[118.04,39.23],[117.87,39.19],[117.78,39.13],[117.62,38.85],[117.55,38.69],[117.56,38.63],[117.66,38.42],[117.77,38.31],[118.01,38.18],[118.54,38.09],[118.67,38.13],[118.8,38.13],[118.94,38.04],[119.03,37.9],[119.04,37.81],[119.04,37.78],[119.07,37.75],[119.09,37.7],[119.03,37.66],[118.99,37.64],[118.95,37.49],[118.95,37.33],[119.0,37.28],[119.11,37.2],[119.29,37.14],[119.45,37.12],[119.76,37.16],[119.89,37.25],[119.88,37.3],[119.88,37.35],[120.16,37.5],[120.31,37.62],[120.29,37.66],[120.26,37.68],[120.28,37.69],[120.37,37.7],[120.75,37.83],[121.05,37.73],[121.22,37.6],[121.39,37.58],[121.51,37.52],[121.64,37.46],[121.82,37.46],[121.96,37.45],[122.01,37.5],[122.06,37.53],[122.11,37.52],[122.17,37.46],[122.34,37.41],[122.49,37.41],[122.6,37.43],[122.67,37.4],[122.57,37.32],[122.59,37.18],[122.52,37.14],[122.45,37.07],[122.49,37.02],[122.52,37.0],[122.52,36.95],[122.46,36.92],[122.34,36.83],[122.27,36.83],[122.24,36.85],[122.22,36.88],[122.2,36.93],[122.16,36.96],[122.05,36.97],[121.93,36.96],[121.67,36.84],[121.41,36.74],[121.14,36.66],[121.05,36.61],[120.99,36.6],[120.88,36.64],[120.81,36.63],[120.8,36.61],[120.88,36.54],[120.9,36.49],[120.9,36.44],[120.85,36.43],[120.78,36.46],[120.71,36.41],[120.68,36.34],[120.68,36.17],[120.64,36.13],[120.52,36.11],[120.39,36.05],[120.35,36.08],[120.33,36.11],[120.34,36.19],[120.33,36.23],[120.27,36.23],[120.18,36.2],[120.12,36.15],[120.09,36.12],[120.18,36.02],[120.26,36.01],[120.28,35.98],[120.22,35.93],[120.05,35.86],[120.03,35.8],[119.98,35.74],[119.91,35.69],[119.87,35.64],[119.81,35.62],[119.72,35.59],[119.61,35.47],[119.53,35.36],[119.43,35.3],[119.35,35.11],[119.22,35.01],[119.17,34.85],[119.2,34.75],[119.35,34.75],[119.43,34.71],[119.58,34.58],[119.77,34.5],[119.96,34.45],[120.2,34.33],[120.27,34.27],[120.32,34.17],[120.43,33.87],[120.5,33.72],[120.5,33.64],[120.62,33.49],[120.73,33.24],[120.87,33.02],[120.9,32.84],[120.85,32.76],[120.85,32.66],[120.99,32.57],[121.29,32.46],[121.34,32.43],[121.4,32.37],[121.4,32.21],[121.45,32.15],[121.49,32.12],[121.67,32.05],[121.75,31.99],[121.83,31.9],[121.86,31.82],[121.87,31.7],[121.76,31.7],[121.68,31.71],[121.35,31.86],[121.27,31.86],[121.15,31.84],[120.97,31.87],[120.79,32.03],[120.66,32.08],[120.52,32.11],[120.18,31.97],[120.1,31.98],[120.07,31.96],[120.04,31.94],[120.19,31.91],[120.35,31.95],[120.5,32.02],[120.72,31.98],[120.75,31.92],[120.79,31.82],[120.94,31.75],[121.06,31.72],[121.2,31.63],[121.35,31.49],[121.66,31.32],[121.79,31.16],[121.83,31.06],[121.88,30.92],[121.77,30.87],[121.68,30.86],[121.53,30.84],[121.42,30.79],[121.31,30.7],[121.0,30.56],[120.94,30.47],[120.9,30.39],[120.82,30.35],[120.63,30.39],[120.45,30.39],[120.25,30.28],[120.19,30.24],[120.23,30.25],[120.26,30.26],[120.35,30.25],[120.49,30.3],[120.63,30.13],[120.9,30.16],[121.16,30.3],[121.26,30.3],[121.34,30.28],[121.43,30.23],[121.68,29.98],[121.81,29.95],[121.94,29.89],[122.02,29.89],[122.08,29.87],[121.91,29.78],[121.68,29.58],[121.57,29.54],[121.51,29.48],[121.69,29.51],[121.82,29.6],[121.89,29.63],[121.94,29.61],[121.97,29.49],[121.92,29.14],[121.85,29.13],[121.79,29.23],[121.72,29.26],[121.66,29.24],[121.53,29.24],[121.49,29.19],[121.45,29.13],[121.52,29.12],[121.66,29.01],[121.68,28.95],[121.64,28.92],[121.54,28.93],[121.66,28.85],[121.63,28.77],[121.59,28.73],[121.52,28.71],[121.48,28.64],[121.54,28.52],[121.6,28.37],[121.61,28.29],[121.51,28.32],[121.35,28.23],[121.27,28.22],[121.22,28.35],[121.15,28.33],[121.1,28.29],[121.04,28.16],[120.96,28.04],[120.89,28.0],[120.81,28.01],[120.75,28.01],[120.76,27.98],[120.83,27.94],[120.83,27.89],[120.69,27.74],[120.66,27.69],[120.66,27.64],[120.59,27.58],[120.63,27.48],[120.61,27.41],[120.54,27.32],[120.47,27.26],[120.38,27.16],[120.28,27.1],[120.14,26.89],[120.1,26.78],[120.09,26.67],[120.04,26.63],[119.97,26.59],[119.88,26.61],[119.88,26.68],[119.84,26.69],[119.82,26.74],[119.82,26.8],[119.82,26.85],[119.79,26.83],[119.77,26.77],[119.71,26.73],[119.65,26.75],[119.59,26.78],[119.59,26.73],[119.62,26.68],[119.64,26.62],[119.73,26.61],[119.78,26.55],[119.83,26.45],[119.84,26.41],[119.88,26.37],[119.88,26.33],[119.8,26.3],[119.69,26.24],[119.57,26.13],[119.46,26.05],[119.37,26.05],[119.31,26.06],[119.23,26.1],[119.14,26.12],[119.26,25.97],[119.33,25.95],[119.42,25.95],[119.5,26.01],[119.62,26.0],[119.65,25.92],[119.62,25.82],[119.55,25.7],[119.54,25.59],[119.62,25.44],[119.62,25.39],[119.59,25.37],[119.5,25.41],[119.42,25.46],[119.34,25.45],[119.26,25.47],[119.18,25.45],[119.15,25.41],[119.17,25.36],[119.24,25.31],[119.29,25.23],[119.24,25.21],[119.02,25.22],[118.98,25.21],[118.91,25.13],[118.96,25.0],[118.91,24.93],[118.82,24.91],[118.71,24.85],[118.64,24.84],[118.64,24.81],[118.69,24.78],[118.72,24.75],[118.66,24.62],[118.56,24.58],[118.41,24.6],[118.3,24.57],[118.19,24.63],[118.09,24.63],[118.01,24.56],[118.01,24.48],[117.94,24.47],[117.9,24.48],[117.84,24.47],[117.85,24.43],[117.88,24.4],[118.02,24.38],[118.05,24.33],[118.06,24.25],[117.9,24.11],[117.84,24.01],[117.74,24.01],[117.67,23.94],[117.63,23.84],[117.58,23.86],[117.47,23.84],[117.43,23.79],[117.46,23.77],[117.46,23.74],[117.42,23.62],[117.37,23.59],[117.35,23.64],[117.33,23.71],[117.29,23.71],[117.22,23.65],[117.15,23.6],[117.08,23.58],[117.03,23.62],[116.91,23.65],[116.86,23.45],[116.76,23.38],[116.71,23.36],[116.63,23.35],[116.68,23.33],[116.7,23.28],[116.67,23.23],[116.59,23.22],[116.54,23.18],[116.52,23.01],[116.47,22.95],[116.35,22.94],[116.25,22.98],[116.22,22.95],[116.21,22.92],[116.16,22.89],[116.06,22.88],[115.85,22.8],[115.76,22.82],[115.64,22.85],[115.56,22.82],[115.53,22.77],[115.5,22.72],[115.38,22.72],[115.29,22.78],[115.2,22.82],[115.09,22.78],[115.01,22.71],[114.91,22.68],[114.9,22.64],[114.85,22.62],[114.75,22.63],[114.71,22.74],[114.65,22.76],[114.59,22.7],[114.57,22.65],[114.54,22.62],[114.55,22.53],[114.5,22.53],[114.42,22.58],[114.34,22.59],[114.27,22.54],[114.23,22.55],[114.19,22.56],[114.12,22.56],[114.1,22.55],[114.05,22.54],[114.02,22.51],[114.02,22.51],[113.93,22.53],[113.83,22.61],[113.75,22.73],[113.66,22.8],[113.62,22.86],[113.6,22.97],[113.59,23.02],[113.59,23.08],[113.62,23.13],[113.52,23.1],[113.45,23.06],[113.46,23.0],[113.44,22.94],[113.33,22.91],[113.34,22.89],[113.34,22.86],[113.43,22.79],[113.45,22.73],[113.48,22.69],[113.55,22.59],[113.55,22.4],[113.59,22.35],[113.58,22.3],[113.55,22.23],[113.55,22.22],[113.53,22.25],[113.49,22.24],[113.48,22.22],[113.48,22.2],[113.47,22.19],[113.42,22.18],[113.37,22.16],[113.33,22.15],[113.27,22.09],[113.15,22.07],[113.09,22.21],[113.01,22.12],[112.98,21.94],[112.95,21.91],[112.9,21.88],[112.81,21.94],[112.73,21.9],[112.66,21.86],[112.63,21.82],[112.59,21.78],[112.49,21.82],[112.42,21.88],[112.44,21.93],[112.43,21.96],[112.4,21.98],[112.36,21.98],[112.38,21.92],[112.39,21.8],[112.36,21.77],[112.3,21.74],[112.19,21.76],[112.12,21.81],[112.03,21.84],[111.94,21.85],[111.93,21.78],[111.87,21.72],[111.82,21.71],[111.78,21.72],[111.71,21.66],[111.68,21.61],[111.6,21.56],[111.39,21.54],[111.32,21.49],[111.22,21.49],[111.14,21.48],[111.1,21.48],[111.06,21.51],[111.02,21.51],[111.0,21.43],[110.88,21.4],[110.77,21.39],[110.65,21.28],[110.57,21.21],[110.5,21.21],[110.46,21.23],[110.43,21.33],[110.41,21.34],[110.4,21.25],[110.37,21.17],[110.33,21.13],[110.19,21.04],[110.15,20.94],[110.18,20.86],[110.37,20.84],[110.39,20.79],[110.37,20.75],[110.33,20.72],[110.31,20.67],[110.51,20.52],[110.52,20.46],[110.49,20.43],[110.45,20.36],[110.34,20.29],[110.12,20.26],[109.94,20.3],[109.88,20.36],[109.89,20.41],[109.93,20.4],[109.98,20.4],[109.97,20.45],[109.95,20.47],[109.86,20.51],[109.79,20.62],[109.81,20.71],[109.77,20.78],[109.73,20.84],[109.68,20.87],[109.66,20.92],[109.7,21.05],[109.68,21.13],[109.76,21.23],[109.78,21.34],[109.92,21.38],[109.93,21.48],[109.83,21.48],[109.76,21.56],[109.74,21.53],[109.69,21.52],[109.59,21.67],[109.57,21.69],[109.52,21.69],[109.54,21.54],[109.44,21.48],[109.35,21.45],[109.22,21.44],[109.15,21.43],[109.08,21.44],[109.1,21.49],[109.13,21.54],[109.1,21.59],[109.03,21.63],[108.92,21.62],[108.85,21.63],[108.77,21.63],[108.74,21.65],[108.67,21.72],[108.62,21.77],[108.59,21.82],[108.62,21.87],[108.59,21.9],[108.48,21.9],[108.48,21.83],[108.49,21.74],[108.53,21.67],[108.5,21.63],[108.44,21.61],[108.38,21.68],[108.35,21.7],[108.32,21.69],[108.3,21.62],[108.25,21.56],[108.15,21.57],[108.07,21.53],[107.97,21.51]]],[[[110.89,19.99],[110.94,19.95],[110.97,19.88],[111.0,19.76],[111.01,19.66],[110.91,19.59],[110.82,19.56],[110.64,19.29],[110.6,19.21],[110.57,19.17],[110.56,19.14],[110.57,19.1],[110.52,18.97],[110.48,18.81],[110.45,18.75],[110.4,18.7],[110.33,18.67],[110.29,18.67],[110.25,18.66],[110.16,18.57],[110.05,18.51],[110.07,18.48],[110.07,18.45],[110.02,18.42],[109.97,18.42],[109.82,18.4],[109.76,18.35],[109.7,18.26],[109.68,18.25],[109.59,18.23],[109.52,18.22],[109.4,18.28],[109.34,18.3],[109.18,18.33],[109.03,18.37],[108.92,18.42],[108.7,18.54],[108.68,18.75],[108.64,18.87],[108.64,18.91],[108.65,19.27],[108.67,19.3],[108.69,19.34],[108.79,19.42],[108.9,19.48],[109.06,19.61],[109.18,19.67],[109.28,19.76],[109.22,19.76],[109.18,19.77],[109.22,19.84],[109.26,19.88],[109.31,19.9],[109.42,19.89],[109.51,19.9],[109.58,19.97],[109.65,19.98],[109.91,19.96],[110.08,19.99],[110.17,20.05],[110.21,20.06],[110.34,20.04],[110.39,19.98],[110.39,20.02],[110.39,20.06],[110.42,20.05],[110.59,19.98],[110.59,20.07],[110.6,20.1],[110.65,20.14],[110.68,20.14],[110.74,20.06],[110.81,20.01],[110.89,19.99]]]]},"properties":{"iso":"CHN","name":"China","ha":[10295.8,10278.9,10261.2,10266.0,10537.1,10687.2,10651.1,10734.8,10959.2,11097.5,11342.9,11501.1,11707.1,11842.0,11335.1,11508.9,11507.1,11511.7,11591.7,12011.5,12622.7,13026.6,13616.5,14161.1,15112.6,15577.9,15622.1,15954.4,16304.6,17916.8,18806.3,19285.0,19998.5,20637.1,21422.4,21977.6,22908.8,23692.4,23938.6,24596.4,25283.5],"lo":[9602.9,9587.1,9570.6,9575.1,9827.9,9967.9,9934.3,10012.3,10221.6,10350.6,10579.5,10727.1,10919.2,11045.0,10572.2,10734.3,10732.6,10736.9,10811.5,11203.1,11773.1,12149.8,12700.1,13208.0,14095.4,14529.5,14570.7,14880.6,15207.3,16710.9,17540.6,17987.0,18652.6,19248.2,19980.6,20498.4,21367.0,22097.9,22327.4,22941.0,23581.9],"hi":[11284.2,11265.7,11246.2,11251.5,11548.6,11713.2,11673.6,11765.3,12011.3,12162.9,12431.7,12605.2,12830.9,12978.8,12423.2,12613.7,12611.7,12616.8,12704.4,13164.6,13834.4,14277.1,14923.7,15520.5,16563.3,17073.3,17121.8,17485.9,17869.8,19636.7,20611.6,21136.3,21918.3,22618.2,23478.8,24087.4,25108.0,25966.8,26236.6,26957.6,27710.7]}},{"type":"Feature","geometry":{"type":"MultiPolygon","coordinates":[[[[-3.09,5.13],[-3.11,5.09],[-3.25,5.11],[-3.21,5.15],[-3.09,5.13]]],[[[-7.99,10.16],[-7.96,10.16],[-7.88,10.19],[-7.81,10.24],[-7.75,10.34],[-7.66,10.43],[-7.56,10.42],[-7.53,10.44],[-7.5,10.44],[-7.46,10.38],[-7.41,10.34],[-7.39,10.34],[-7.36,10.26],[-7.18,10.23],[-7.1,10.2],[-7.04,10.14],[-7.02,10.14],[-6.99,10.16],[-6.97,10.18],[-6.96,10.2],[-6.99,10.25],[-6.98,10.3],[-6.95,10.34],[-6.9,10.35],[-6.83,10.36],[-6.75,10.36],[-6.69,10.35],[-6.67,10.39],[-6.69,10.51],[-6.69,10.58],[-6.68,10.63],[-6.65,10.66],[-6.56,10.59],[-6.48,10.56],[-6.42,10.56],[-6.41,10.57],[-6.43,10.65],[-6.43,10.67],[-6.4,10.69],[-6.37,10.69],[-6.26,10.72],[-6.25,10.72],[-6.23,10.6],[-6.24,10.56],[-6.22,10.48],[-6.19,10.4],[-6.19,10.37],[-6.21,10.32],[-6.24,10.28],[-6.24,10.26],[-6.2,10.23],[-6.12,10.2],[-6.03,10.19],[-5.99,10.24],[-5.94,10.28],[-5.91,10.31],[-5.9,10.35],[-5.84,10.39],[-5.69,10.43],[-5.56,10.44],[-5.52,10.43],[-5.46,10.36],[-5.38,10.31],[-5.26,10.32],[-5.18,10.29],[-5.1,10.24],[-5.05,10.13],[-4.99,10.05],[-4.97,9.93],[-4.88,9.87],[-4.81,9.84],[-4.72,9.76],[-4.63,9.71],[-4.53,9.72],[-4.48,9.68],[-4.41,9.65],[-4.33,9.65],[-4.27,9.74],[-4.18,9.78],[-3.96,9.86],[-3.88,9.89],[-3.79,9.92],[-3.58,9.92],[-3.39,9.9],[-3.29,9.88],[-3.22,9.9],[-3.16,9.85],[-3.1,9.75],[-3.04,9.72],[-2.99,9.69],[-2.95,9.61],[-2.9,9.53],[-2.88,9.5],[-2.82,9.43],[-2.77,9.42],[-2.72,9.46],[-2.7,9.48],[-2.69,9.43],[-2.71,9.35],[-2.7,9.3],[-2.67,9.28],[-2.69,9.22],[-2.75,9.11],[-2.75,9.05],[-2.69,9.03],[-2.65,8.96],[-2.62,8.84],[-2.6,8.8],[-2.6,8.78],[-2.56,8.49],[-2.51,8.21],[-2.54,8.17],[-2.58,8.16],[-2.61,8.15],[-2.62,8.12],[-2.6,8.08],[-2.61,8.05],[-2.67,8.02],[-2.79,7.93],[-2.8,7.9],[-2.83,7.82],[-2.86,7.77],[-2.9,7.69],[-2.96,7.45],[-2.98,7.26],[-2.99,7.2],[-3.01,7.16],[-3.04,7.1],[-3.17,6.94],[-3.24,6.81],[-3.23,6.75],[-3.22,6.69],[-3.24,6.65],[-3.24,6.54],[-3.22,6.44],[-3.2,6.35],[-3.11,6.09],[-3.06,5.93],[-3.03,5.8],[-3.0,5.71],[-2.97,5.68],[-2.96,5.64],[-2.82,5.62],[-2.79,5.6],[-2.75,5.43],[-2.76,5.36],[-2.79,5.33],[-2.79,5.26],[-2.8,5.18],[-2.82,5.15],[-2.89,5.15],[-2.95,5.12],[-3.02,5.13],[-3.03,5.15],[-3.06,5.16],[-3.17,5.2],[-3.15,5.35],[-3.2,5.35],[-3.24,5.34],[-3.31,5.16],[-3.35,5.13],[-3.87,5.22],[-3.98,5.29],[-4.12,5.31],[-4.36,5.3],[-4.55,5.28],[-4.61,5.24],[-4.12,5.26],[-4.06,5.26],[-4.04,5.23],[-4.66,5.17],[-4.9,5.14],[-4.97,5.15],[-5.02,5.2],[-5.28,5.21],[-5.34,5.19],[-5.37,5.15],[-5.27,5.16],[-5.1,5.16],[-5.06,5.13],[-5.56,5.09],[-5.91,5.01],[-6.06,4.95],[-6.55,4.76],[-6.85,4.67],[-6.92,4.64],[-7.06,4.54],[-7.23,4.49],[-7.43,4.38],[-7.54,4.35],[-7.57,4.39],[-7.57,4.57],[-7.59,4.82],[-7.59,4.92],[-7.57,5.01],[-7.57,5.08],[-7.51,5.11],[-7.49,5.14],[-7.49,5.24],[-7.43,5.32],[-7.43,5.48],[-7.41,5.51],[-7.4,5.55],[-7.42,5.65],[-7.45,5.84],[-7.47,5.85],[-7.48,5.85],[-7.51,5.84],[-7.64,5.91],[-7.73,5.92],[-7.8,5.98],[-7.8,6.04],[-7.83,6.08],[-7.86,6.15],[-7.89,6.23],[-7.98,6.29],[-8.07,6.3],[-8.13,6.29],[-8.2,6.29],[-8.29,6.32],[-8.34,6.35],[-8.4,6.41],[-8.45,6.46],[-8.49,6.46],[-8.54,6.47],[-8.59,6.49],[-8.6,6.51],[-8.4,6.71],[-8.33,6.8],[-8.33,6.86],[-8.32,6.92],[-8.3,6.98],[-8.3,7.07],[-8.41,7.41],[-8.44,7.52],[-8.47,7.55],[-8.49,7.56],[-8.43,7.6],[-8.35,7.59],[-8.23,7.56],[-8.21,7.59],[-8.12,7.76],[-8.12,7.82],[-8.13,7.87],[-8.07,7.98],[-8.03,8.03],[-8.01,8.08],[-8.02,8.14],[-8.05,8.17],[-8.09,8.17],[-8.14,8.18],[-8.22,8.22],[-8.26,8.25],[-8.24,8.41],[-8.24,8.46],[-8.21,8.48],[-8.17,8.49],[-8.05,8.5],[-7.95,8.48],[-7.87,8.47],[-7.82,8.47],[-7.79,8.42],[-7.74,8.38],[-7.7,8.38],[-7.68,8.41],[-7.69,8.56],[-7.72,8.64],[-7.78,8.72],[-7.95,8.79],[-7.95,8.88],[-7.94,8.98],[-7.9,9.02],[-7.78,9.08],[-7.8,9.12],[-7.84,9.15],[-7.92,9.19],[-7.9,9.31],[-7.9,9.42],[-7.96,9.4],[-8.03,9.4],[-8.09,9.43],[-8.14,9.5],[-8.15,9.67],[-8.15,9.88],[-8.16,9.97],[-8.14,10.02],[-8.08,10.07],[-8.01,10.13],[-7.99,10.16]]]]},"properties":{"iso":"CIV","name":"C\u00f4te d'Ivoire","ha":[8321.7,8324.6,8390.4,8412.4,8713.0,8776.0,8769.2,8749.7,8730.0,8626.3,8647.2,8534.5,8555.8,8548.3,8304.4,8339.7,8291.4,8269.6,8311.6,8449.8,8545.4,8622.9,8717.3,8796.7,8831.3,8796.5,8641.5,8424.8,8263.5,8228.9,8284.6,8320.4,8262.5,8183.0,8041.8,7928.1,7908.1,7813.4,7739.0,7755.0,7593.7],"lo":[7761.6,7764.4,7825.7,7846.3,8126.6,8185.3,8179.0,8160.8,8142.5,8045.8,8065.2,7960.1,7979.9,7972.9,7745.5,7778.4,7733.3,7713.0,7752.2,7881.1,7970.3,8042.5,8130.6,8204.6,8236.9,8204.5,8059.9,7857.8,7707.4,7675.1,7727.0,7760.4,7706.4,7632.3,7500.5,7394.5,7375.8,7287.5,7218.1,7233.0,7082.6],"hi":[9120.5,9123.8,9195.9,9220.0,9549.5,9618.4,9611.0,9589.6,9568.1,9454.4,9477.3,9353.8,9377.1,9368.9,9101.6,9140.3,9087.3,9063.5,9109.4,9260.9,9365.8,9450.6,9554.1,9641.1,9679.1,9640.9,9471.0,9233.6,9056.8,9018.9,9079.9,9119.1,9055.7,8968.6,8813.8,8689.2,8667.2,8563.4,8481.9,8499.4,8322.7]}},{"type":"Feature","geometry":{"type":"MultiPolygon","coordinates":[[[[8.56,4.76],[8.59,4.83],[8.64,4.93],[8.72,5.05],[8.8,5.2],[8.86,5.46],[8.9,5.63],[8.94,5.78],[9.0,5.92],[9.06,6.01],[9.24,6.19],[9.37,6.32],[9.44,6.37],[9.49,6.42],[9.57,6.47],[9.66,6.53],[9.73,6.65],[9.78,6.76],[9.82,6.78],[9.87,6.8],[10.04,6.92],[10.14,7.0],[10.17,6.96],[10.19,6.91],[10.21,6.89],[10.29,6.88],[10.41,6.88],[10.48,6.89],[10.52,6.93],[10.56,7.04],[10.58,7.06],[10.61,7.06],[10.74,6.99],[10.85,6.88],[10.95,6.78],[11.01,6.74],[11.03,6.7],[11.08,6.51],[11.11,6.46],[11.15,6.44],[11.24,6.45],[11.32,6.48],[11.4,6.53],[11.48,6.6],[11.53,6.66],[11.55,6.7],[11.56,6.85],[11.58,6.89],[11.66,6.95],[11.79,7.06],[11.86,7.12],[11.85,7.14],[11.81,7.2],[11.77,7.27],[11.81,7.35],[11.85,7.4],[12.02,7.59],[12.02,7.65],[12.03,7.73],[12.16,7.94],[12.23,8.23],[12.23,8.28],[12.31,8.42],[12.4,8.6],[12.58,8.62],[12.65,8.67],[12.73,8.75],[12.78,8.82],[12.81,8.89],[12.82,9.02],[12.86,9.17],[12.88,9.3],[12.93,9.43],[13.02,9.49],[13.18,9.54],[13.2,9.56],[13.22,9.65],[13.24,9.81],[13.24,9.92],[13.25,9.96],[13.27,10.04],[13.41,10.17],[13.48,10.38],[13.54,10.61],[13.7,10.87],[13.89,11.14],[13.98,11.21],[14.06,11.25],[14.14,11.25],[14.2,11.27],[14.41,11.4],[14.5,11.45],[14.56,11.49],[14.58,11.53],[14.58,11.59],[14.56,11.73],[14.6,11.83],[14.62,11.99],[14.63,12.11],[14.62,12.15],[14.59,12.21],[14.58,12.22],[14.52,12.3],[14.42,12.34],[14.27,12.36],[14.2,12.38],[14.18,12.45],[14.18,12.48],[14.17,12.52],[14.16,12.61],[14.06,13.08],[14.24,13.08],[14.46,13.02],[14.52,12.98],[14.54,12.82],[14.62,12.73],[14.76,12.66],[14.85,12.5],[14.88,12.27],[14.96,12.13],[14.97,12.11],[15.06,11.91],[15.08,11.85],[15.09,11.72],[15.08,11.64],[15.12,11.54],[15.06,11.37],[15.04,11.26],[15.03,11.11],[15.07,10.85],[15.13,10.65],[15.2,10.48],[15.28,10.36],[15.4,10.22],[15.53,10.09],[15.65,10.01],[15.54,9.96],[15.32,9.95],[15.19,9.98],[15.13,9.98],[15.07,9.97],[14.84,9.94],[14.6,9.95],[14.38,9.99],[14.24,9.98],[14.14,9.9],[14.06,9.78],[13.98,9.69],[14.0,9.59],[14.06,9.53],[14.18,9.41],[14.28,9.29],[14.33,9.2],[14.54,9.03],[14.73,8.87],[14.77,8.84],[14.83,8.81],[14.86,8.8],[14.97,8.71],[15.12,8.56],[15.25,8.32],[15.35,8.08],[15.44,7.85],[15.48,7.81],[15.55,7.79],[15.56,7.74],[15.55,7.66],[15.53,7.6],[15.48,7.52],[15.38,7.36],[15.25,7.26],[15.21,7.21],[15.19,7.13],[15.16,7.06],[15.09,6.91],[15.03,6.78],[14.98,6.75],[14.86,6.56],[14.78,6.37],[14.76,6.32],[14.74,6.28],[14.7,6.25],[14.56,6.19],[14.51,6.16],[14.47,6.13],[14.44,6.09],[14.43,6.04],[14.46,5.97],[14.5,5.92],[14.54,5.91],[14.58,5.92],[14.6,5.88],[14.62,5.87],[14.62,5.5],[14.58,5.44],[14.58,5.41],[14.57,5.35],[14.56,5.28],[14.57,5.25],[14.6,5.23],[14.64,5.18],[14.66,5.07],[14.71,4.67],[14.73,4.6],[14.77,4.56],[14.89,4.47],[15.02,4.36],[15.06,4.28],[15.09,4.16],[15.14,4.07],[15.14,4.04],[15.12,4.02],[15.07,4.02],[15.03,4.02],[15.06,3.95],[15.13,3.83],[15.24,3.7],[15.36,3.57],[15.46,3.46],[15.58,3.33],[15.68,3.23],[15.78,3.13],[15.85,3.1],[15.9,3.1],[15.93,3.08],[15.96,3.03],[16.01,2.98],[16.06,2.91],[16.08,2.84],[16.06,2.77],[16.08,2.68],[16.08,2.67],[16.1,2.63],[16.1,2.6],[16.11,2.47],[16.14,2.36],[16.18,2.27],[16.18,2.26],[16.18,2.2],[16.12,2.17],[16.08,2.11],[16.07,2.02],[16.09,1.92],[16.13,1.8],[16.14,1.72],[16.12,1.71],[16.09,1.69],[16.06,1.68],[15.98,1.76],[15.88,1.82],[15.74,1.91],[15.6,1.95],[15.42,1.96],[15.34,1.94],[15.28,1.98],[15.2,2.02],[15.16,2.04],[15.1,2.0],[15.06,2.0],[15.01,2.01],[14.9,2.01],[14.89,2.07],[14.88,2.08],[14.76,2.08],[14.73,2.12],[14.71,2.12],[14.67,2.13],[14.58,2.2],[14.48,2.15],[14.29,2.16],[14.03,2.16],[13.77,2.16],[13.53,2.16],[13.29,2.16],[13.27,2.22],[13.22,2.26],[13.13,2.26],[12.87,2.25],[12.67,2.26],[12.6,2.27],[12.53,2.28],[12.36,2.3],[12.15,2.28],[12.11,2.29],[11.94,2.29],[11.56,2.3],[11.35,2.3],[11.35,2.26],[11.34,2.23],[11.33,2.17],[11.1,2.17],[10.79,2.17],[10.5,2.17],[10.31,2.17],[9.98,2.17],[9.87,2.21],[9.84,2.24],[9.83,2.28],[9.83,2.3],[9.8,2.3],[9.82,2.54],[9.87,2.73],[9.89,2.92],[9.95,3.08],[9.92,3.24],[9.88,3.31],[9.67,3.54],[9.77,3.62],[9.64,3.61],[9.62,3.7],[9.56,3.8],[9.59,3.81],[9.63,3.87],[9.74,3.85],[9.74,3.88],[9.64,3.97],[9.65,4.01],[9.69,4.06],[9.67,4.08],[9.6,4.03],[9.55,4.03],[9.51,4.06],[9.48,4.07],[9.5,4.0],[9.46,3.94],[9.43,3.92],[9.36,3.93],[9.31,3.94],[9.3,3.97],[9.25,4.0],[9.11,4.04],[9.0,4.09],[8.98,4.23],[8.93,4.29],[8.91,4.36],[8.9,4.44],[8.92,4.55],[8.89,4.57],[8.86,4.58],[8.81,4.57],[8.76,4.58],[8.71,4.65],[8.66,4.67],[8.69,4.55],[8.66,4.52],[8.57,4.53],[8.54,4.57],[8.53,4.61],[8.57,4.75],[8.56,4.76]]]]},"properties":{"iso":"CMR","name":"Cameroon","ha":[218211.1,218215.2,218264.6,218313.7,218469.7,218570.5,218601.5,218639.3,218656.2,218635.5,218635.4,218636.8,218699.9,218763.2,213939.4,214049.0,213859.4,213789.6,213901.2,212677.6,213242.2,213612.2,214522.7,215290.1,215428.6,214496.4,213995.3,213106.7,212121.3,211266.7,211355.4,211253.9,210391.1,209823.8,208954.4,207468.3,206200.7,205393.7,203243.3,203063.7,203081.9],"lo":[203524.9,203528.6,203574.7,203620.5,203766.0,203860.0,203889.0,203924.3,203940.0,203920.7,203920.6,203921.9,203980.8,204039.8,199540.7,199642.9,199466.0,199401.0,199505.0,198363.8,198890.4,199235.5,200084.7,200800.4,200929.7,200060.1,199592.7,198764.0,197844.9,197047.8,197130.6,197035.9,196231.2,195702.0,194891.2,193505.0,192322.8,191570.1,189564.5,189396.9,189413.9],"hi":[239158.7,239163.1,239217.3,239271.1,239442.1,239552.6,239586.6,239628.0,239646.6,239623.9,239623.7,239625.2,239694.5,239763.8,234477.0,234597.1,234389.2,234312.8,234435.1,233094.0,233712.8,234118.3,235116.2,235957.2,236109.1,235087.4,234538.1,233564.3,232484.3,231547.7,231644.9,231533.6,230588.0,229966.2,229013.4,227384.6,225995.3,225110.8,222754.1,222557.2,222577.1]}},{"type":"Feature","geometry":{"type":"MultiPolygon","coordinates":[[[[30.75,-8.19],[30.58,-8.22],[30.33,-8.26],[30.05,-8.3],[29.77,-8.34],[29.48,-8.39],[29.22,-8.43],[28.97,-8.46],[28.9,-8.49],[28.93,-8.59],[28.92,-8.7],[28.87,-8.79],[28.79,-8.89],[28.76,-8.93],[28.68,-9.01],[28.62,-9.07],[28.48,-9.17],[28.4,-9.22],[28.4,-9.28],[28.54,-9.51],[28.6,-9.68],[28.63,-9.83],[28.63,-9.92],[28.62,-10.1],[28.62,-10.31],[28.61,-10.4],[28.65,-10.55],[28.64,-10.67],[28.54,-10.8],[28.52,-10.93],[28.47,-11.11],[28.4,-11.35],[28.36,-11.48],[28.38,-11.57],[28.41,-11.62],[28.43,-11.7],[28.48,-11.81],[28.54,-11.88],[28.57,-11.91],[28.77,-12.05],[28.85,-12.12],[28.97,-12.26],[29.06,-12.35],[29.19,-12.37],[29.34,-12.4],[29.43,-12.43],[29.49,-12.42],[29.5,-12.39],[29.5,-12.32],[29.49,-12.27],[29.51,-12.23],[29.56,-12.2],[29.69,-12.2],[29.75,-12.16],[29.8,-12.16],[29.8,-12.31],[29.8,-12.45],[29.8,-12.63],[29.8,-12.83],[29.8,-12.99],[29.8,-13.17],[29.8,-13.37],[29.8,-13.39],[29.78,-13.44],[29.72,-13.45],[29.65,-13.41],[29.65,-13.37],[29.63,-13.3],[29.6,-13.26],[29.55,-13.25],[29.48,-13.27],[29.38,-13.32],[29.25,-13.37],[29.2,-13.4],[29.11,-13.4],[29.01,-13.37],[28.94,-13.31],[28.92,-13.21],[28.86,-13.12],[28.77,-12.98],[28.73,-12.93],[28.67,-12.86],[28.62,-12.85],[28.55,-12.84],[28.51,-12.74],[28.47,-12.62],[28.45,-12.58],[28.41,-12.52],[28.36,-12.48],[28.24,-12.43],[28.07,-12.37],[27.86,-12.28],[27.76,-12.28],[27.64,-12.27],[27.57,-12.23],[27.53,-12.2],[27.49,-12.08],[27.42,-11.94],[27.24,-11.78],[27.2,-11.61],[27.16,-11.58],[27.1,-11.59],[27.05,-11.62],[27.03,-11.66],[26.98,-11.82],[26.95,-11.9],[26.93,-11.92],[26.89,-11.94],[26.82,-11.97],[26.73,-11.98],[26.6,-11.97],[26.43,-11.95],[26.34,-11.93],[26.1,-11.9],[26.03,-11.89],[25.93,-11.86],[25.85,-11.82],[25.62,-11.74],[25.51,-11.75],[25.46,-11.7],[25.41,-11.67],[25.35,-11.62],[25.32,-11.55],[25.28,-11.4],[25.29,-11.33],[25.32,-11.24],[25.29,-11.21],[25.25,-11.21],[25.18,-11.24],[25.08,-11.26],[24.88,-11.3],[24.81,-11.32],[24.73,-11.34],[24.67,-11.35],[24.52,-11.44],[24.47,-11.45],[24.38,-11.42],[24.34,-11.37],[24.38,-11.32],[24.4,-11.26],[24.37,-11.13],[24.32,-11.07],[24.19,-11.03],[24.14,-11.03],[24.12,-10.96],[24.08,-10.89],[24.0,-10.88],[23.97,-10.87],[23.93,-10.89],[23.91,-10.94],[23.9,-10.98],[23.83,-11.01],[23.7,-11.01],[23.56,-10.98],[23.46,-10.97],[23.4,-10.98],[23.16,-11.07],[23.08,-11.09],[22.81,-11.08],[22.67,-11.06],[22.56,-11.06],[22.49,-11.09],[22.39,-11.16],[22.31,-11.2],[22.28,-11.19],[22.26,-11.16],[22.23,-11.12],[22.22,-11.01],[22.18,-10.89],[22.2,-10.83],[22.28,-10.78],[22.31,-10.69],[22.28,-10.55],[22.28,-10.45],[22.3,-10.4],[22.27,-10.26],[22.2,-10.04],[22.09,-9.86],[21.95,-9.73],[21.86,-9.59],[21.81,-9.47],[21.83,-9.17],[21.87,-8.9],[21.91,-8.69],[21.9,-8.34],[21.8,-8.11],[21.78,-7.87],[21.83,-7.6],[21.84,-7.42],[21.81,-7.33],[21.78,-7.31],[21.75,-7.31],[21.51,-7.3],[21.19,-7.28],[20.91,-7.28],[20.61,-7.28],[20.56,-7.24],[20.54,-7.18],[20.54,-7.12],[20.6,-6.94],[20.59,-6.92],[20.48,-6.92],[20.19,-6.95],[20.0,-6.98],[19.88,-6.99],[19.66,-7.04],[19.53,-7.14],[19.48,-7.28],[19.49,-7.39],[19.48,-7.47],[19.42,-7.56],[19.37,-7.66],[19.37,-7.71],[19.34,-7.97],[19.14,-8.0],[18.94,-8.0],[18.9,-8.0],[18.65,-7.94],[18.56,-7.94],[18.48,-7.97],[18.33,-8.0],[18.19,-8.02],[18.05,-8.1],[18.01,-8.11],[17.91,-8.07],[17.78,-8.07],[17.64,-8.09],[17.58,-8.1],[17.54,-8.08],[17.41,-7.88],[17.25,-7.62],[17.16,-7.46],[17.12,-7.42],[17.06,-7.36],[16.98,-7.26],[16.95,-7.16],[16.97,-7.06],[16.92,-6.93],[16.81,-6.77],[16.74,-6.62],[16.71,-6.47],[16.7,-6.35],[16.72,-6.24],[16.7,-6.16],[16.64,-6.11],[16.61,-6.05],[16.59,-6.03],[16.54,-5.97],[16.43,-5.9],[16.32,-5.87],[16.06,-5.86],[15.73,-5.86],[15.43,-5.87],[15.09,-5.87],[14.75,-5.88],[14.66,-5.89],[14.4,-5.89],[14.19,-5.88],[14.11,-5.87],[13.98,-5.86],[13.76,-5.86],[13.65,-5.86],[13.37,-5.86],[13.35,-5.86],[13.3,-5.88],[13.18,-5.86],[13.07,-5.86],[13.0,-5.84],[12.86,-5.85],[12.79,-5.88],[12.68,-5.96],[12.51,-6.0],[12.45,-6.0],[12.41,-5.99],[12.32,-5.9],[12.24,-5.81],[12.21,-5.76],[12.26,-5.75],[12.39,-5.73],[12.48,-5.72],[12.5,-5.7],[12.52,-5.42],[12.52,-5.15],[12.49,-5.11],[12.45,-5.09],[12.45,-5.07],[12.5,-5.04],[12.57,-5.0],[12.6,-4.98],[12.67,-4.91],[12.83,-4.74],[12.95,-4.7],[13.06,-4.65],[13.07,-4.63],[13.09,-4.6],[13.14,-4.6],[13.15,-4.62],[13.18,-4.66],[13.22,-4.71],[13.3,-4.77],[13.38,-4.83],[13.41,-4.84],[13.48,-4.8],[13.55,-4.76],[13.66,-4.72],[13.69,-4.69],[13.7,-4.62],[13.71,-4.54],[13.72,-4.45],[13.74,-4.44],[13.78,-4.43],[13.85,-4.46],[13.88,-4.48],[13.94,-4.48],[13.98,-4.46],[14.05,-4.42],[14.13,-4.4],[14.23,-4.36],[14.32,-4.3],[14.36,-4.3],[14.4,-4.37],[14.44,-4.42],[14.45,-4.45],[14.41,-4.51],[14.37,-4.59],[14.4,-4.68],[14.41,-4.78],[14.41,-4.83],[14.44,-4.85],[14.46,-4.86],[14.49,-4.85],[14.56,-4.86],[14.63,-4.89],[14.71,-4.88],[14.78,-4.85],[14.91,-4.71],[15.11,-4.46],[15.27,-4.31],[15.39,-4.24],[15.48,-4.17],[15.53,-4.09],[15.6,-4.03],[15.75,-3.99],[15.87,-3.93],[15.99,-3.77],[16.15,-3.46],[16.19,-3.19],[16.22,-3.03],[16.2,-2.46],[16.19,-2.28],[16.22,-2.18],[16.27,-2.11],[16.43,-1.96],[16.54,-1.84],[16.62,-1.7],[16.78,-1.38],[16.85,-1.27],[16.88,-1.23],[16.97,-1.14],[17.11,-1.06],[17.28,-1.0],[17.54,-0.78],[17.75,-0.55],[17.72,-0.28],[17.77,-0.05],[17.89,0.23],[17.93,0.54],[17.89,0.86],[17.9,1.12],[18.01,1.42],[18.06,1.53],[18.07,1.72],[18.07,2.01],[18.21,2.41],[18.34,2.66],[18.49,2.92],[18.55,3.09],[18.62,3.3],[18.61,3.48],[18.6,3.68],[18.63,3.95],[18.62,4.12],[18.57,4.26],[18.59,4.35],[18.7,4.38],[18.83,4.52],[19.07,4.89],[19.32,5.07],[19.5,5.13],[19.69,5.12],[19.81,5.09],[19.86,5.03],[20.0,4.94],[20.23,4.83],[20.39,4.69],[20.49,4.54],[20.56,4.46],[20.65,4.44],[20.79,4.45],[20.96,4.41],[21.13,4.33],[21.23,4.3],[21.27,4.32],[21.35,4.31],[21.54,4.24],[21.69,4.28],[21.91,4.25],[22.42,4.13],[22.45,4.16],[22.46,4.16],[22.51,4.21],[22.62,4.45],[22.71,4.59],[22.76,4.65],[22.86,4.72],[22.99,4.74],[23.12,4.74],[23.22,4.7],[23.31,4.66],[23.42,4.66],[23.52,4.7],[23.68,4.77],[23.85,4.82],[23.99,4.87],[24.23,4.95],[24.32,4.99],[24.44,5.01],[24.77,4.93],[24.98,4.98],[25.07,4.97],[25.25,5.02],[25.28,5.06],[25.4,5.26],[25.53,5.31],[25.71,5.28],[25.82,5.25],[26.17,5.17],[26.63,5.09],[26.77,5.07],[26.82,5.06],[26.87,5.08],[27.02,5.18],[27.07,5.2],[27.11,5.2],[27.4,5.11],[27.44,5.04],[27.49,4.97],[27.66,4.85],[27.72,4.78],[27.76,4.7],[27.79,4.64],[27.84,4.6],[27.92,4.57],[27.98,4.53],[28.02,4.48],[28.08,4.42],[28.19,4.35],[28.25,4.35],[28.31,4.34],[28.37,4.32],[28.43,4.32],[28.52,4.37],[28.64,4.45],[28.73,4.5],[28.94,4.49],[29.06,4.45],[29.15,4.39],[29.22,4.39],[29.38,4.5],[29.47,4.61],[29.55,4.64],[29.68,4.59],[29.78,4.48],[29.87,4.33],[29.93,4.27],[30.02,4.18],[30.19,3.98],[30.42,3.88],[30.51,3.84],[30.54,3.79],[30.55,3.72],[30.56,3.65],[30.59,3.62],[30.65,3.63],[30.7,3.64],[30.76,3.62],[30.8,3.57],[30.82,3.53],[30.84,3.49],[30.9,3.46],[30.91,3.41],[30.87,3.34],[30.83,3.28],[30.78,3.16],[30.75,3.04],[30.79,3.0],[30.82,2.97],[30.84,2.93],[30.85,2.89],[30.85,2.85],[30.77,2.68],[30.73,2.53],[30.73,2.46],[30.83,2.4],[30.96,2.4],[31.0,2.37],[31.05,2.32],[31.08,2.29],[31.14,2.29],[31.18,2.27],[31.19,2.23],[31.24,2.19],[31.27,2.15],[31.26,2.09],[31.25,2.04],[31.16,1.92],[30.94,1.68],[30.48,1.24],[30.48,1.24],[30.32,1.19],[30.24,1.1],[30.18,0.97],[30.05,0.86],[29.94,0.82],[29.93,0.79],[29.92,0.67],[29.93,0.5],[29.89,0.42],[29.81,0.26],[29.78,0.17],[29.75,0.15],[29.72,0.1],[29.7,-0.06],[29.68,-0.11],[29.63,-0.44],[29.65,-0.54],[29.61,-0.69],[29.61,-0.78],[29.59,-0.89],[29.56,-0.98],[29.56,-1.12],[29.58,-1.36],[29.58,-1.39],[29.54,-1.41],[29.47,-1.47],[29.4,-1.51],[29.35,-1.52],[29.27,-1.62],[29.2,-1.72],[29.14,-1.82],[29.13,-1.86],[29.14,-1.98],[29.15,-2.13],[29.13,-2.2],[29.11,-2.23],[28.99,-2.31],[28.91,-2.37],[28.88,-2.4],[28.86,-2.45],[28.89,-2.56],[28.89,-2.64],[28.92,-2.68],[29.01,-2.72],[29.01,-2.76],[29.02,-2.8],[29.06,-2.85],[29.15,-2.96],[29.22,-3.05],[29.23,-3.14],[29.21,-3.28],[29.21,-3.36],[29.22,-3.48],[29.22,-3.68],[29.21,-3.83],[29.22,-3.91],[29.33,-4.1],[29.38,-4.3],[29.4,-4.45],[29.4,-4.5],[29.37,-4.67],[29.33,-4.84],[29.32,-4.9],[29.34,-4.98],[29.42,-5.18],[29.48,-5.32],[29.5,-5.4],[29.54,-5.5],[29.59,-5.65],[29.61,-5.72],[29.6,-5.78],[29.49,-5.97],[29.48,-6.03],[29.51,-6.17],[29.54,-6.31],[29.59,-6.39],[29.71,-6.62],[29.8,-6.69],[29.96,-6.8],[30.11,-6.92],[30.16,-6.97],[30.21,-7.04],[30.31,-7.2],[30.37,-7.34],[30.41,-7.46],[30.49,-7.63],[30.56,-7.78],[30.65,-7.97],[30.72,-8.1],[30.75,-8.19]]]]},"properties":{"iso":"COD","name":"Democratic Republic of the Congo","ha":[20851.9,20850.7,20863.1,20871.4,20004.0,20029.9,20033.2,20043.1,20160.6,19187.9,19240.6,19254.8,19422.9,19487.9,19422.1,19497.1,19504.3,19565.8,19679.1,19855.0,19932.3,19835.7,19966.5,20126.7,20191.4,20081.8,20024.5,19901.3,19725.4,19639.5,19686.3,19674.9,19523.6,19379.9,19311.3,19176.7,19040.7,18948.4,18949.0,18918.3,18918.3],"lo":[19448.5,19447.4,19458.9,19466.7,18657.7,18681.8,18684.9,18694.1,18803.7,17896.5,17945.6,17958.9,18115.7,18176.3,18114.9,18184.8,18191.6,18249.0,18354.7,18518.7,18590.8,18500.7,18622.7,18772.1,18832.4,18730.2,18676.8,18561.8,18397.9,18317.7,18361.4,18350.8,18209.6,18075.5,18011.6,17886.0,17759.2,17673.1,17673.6,17645.0,17645.0],"hi":[22853.7,22852.3,22865.9,22875.0,21924.3,21952.7,21956.3,21967.2,22095.9,21029.9,21087.6,21103.2,21287.5,21358.7,21286.5,21368.7,21376.6,21444.1,21568.3,21761.0,21845.7,21739.9,21883.3,22058.8,22129.7,22009.6,21946.8,21811.7,21619.0,21524.8,21576.2,21563.7,21397.8,21240.3,21165.1,21017.6,20868.6,20767.3,20768.0,20734.4,20734.4]}},{"type":"Feature","geometry":{"type":"MultiPolygon","coordinates":[[[[11.13,-3.92],[11.19,-3.76],[11.23,-3.69],[11.29,-3.64],[11.5,-3.52],[11.54,-3.52],[11.69,-3.68],[11.73,-3.69],[11.79,-3.69],[11.85,-3.7],[11.88,-3.67],[11.88,-3.63],[11.84,-3.58],[11.83,-3.53],[11.86,-3.48],[11.88,-3.42],[11.93,-3.35],[11.93,-3.32],[11.89,-3.28],[11.78,-3.23],[11.72,-3.18],[11.69,-3.13],[11.71,-3.06],[11.76,-3.01],[11.76,-2.98],[11.71,-2.94],[11.68,-2.89],[11.64,-2.86],[11.54,-2.84],[11.56,-2.77],[11.59,-2.67],[11.6,-2.6],[11.58,-2.4],[11.58,-2.36],[11.61,-2.34],[11.67,-2.36],[11.73,-2.39],[11.89,-2.35],[11.95,-2.34],[12.0,-2.38],[12.06,-2.41],[12.45,-2.33],[12.45,-2.25],[12.48,-2.17],[12.48,-2.11],[12.46,-2.08],[12.44,-2.05],[12.43,-1.99],[12.43,-1.93],[12.47,-1.9],[12.59,-1.83],[12.63,-1.83],[12.71,-1.87],[12.79,-1.93],[12.86,-2.06],[12.91,-2.18],[12.99,-2.31],[13.16,-2.37],[13.36,-2.4],[13.46,-2.4],[13.62,-2.28],[13.71,-2.19],[13.73,-2.14],[13.78,-2.16],[13.84,-2.28],[13.88,-2.33],[13.89,-2.37],[13.86,-2.43],[13.89,-2.47],[13.99,-2.49],[14.09,-2.47],[14.13,-2.42],[14.2,-2.35],[14.2,-2.3],[14.16,-2.27],[14.16,-2.22],[14.2,-2.18],[14.24,-2.08],[14.25,-2.0],[14.29,-1.95],[14.36,-1.92],[14.38,-1.89],[14.42,-1.71],[14.4,-1.65],[14.4,-1.59],[14.45,-1.53],[14.46,-1.41],[14.44,-1.23],[14.42,-1.1],[14.41,-0.97],[14.44,-0.8],[14.48,-0.62],[14.47,-0.57],[14.42,-0.52],[14.36,-0.47],[14.21,-0.43],[14.15,-0.36],[14.1,-0.29],[14.07,-0.27],[13.9,-0.24],[13.86,-0.2],[13.88,-0.09],[13.89,0.08],[13.88,0.19],[13.92,0.28],[13.95,0.35],[14.03,0.43],[14.07,0.51],[14.09,0.54],[14.23,0.55],[14.28,0.59],[14.32,0.62],[14.34,0.67],[14.39,0.76],[14.43,0.81],[14.44,0.85],[14.43,0.9],[14.39,1.0],[14.33,1.09],[14.3,1.12],[14.24,1.32],[14.18,1.37],[14.07,1.4],[13.85,1.42],[13.72,1.38],[13.52,1.31],[13.37,1.27],[13.27,1.24],[13.22,1.25],[13.19,1.28],[13.23,1.31],[13.25,1.37],[13.22,1.45],[13.18,1.54],[13.16,1.65],[13.17,1.79],[13.21,1.92],[13.29,2.09],[13.29,2.16],[13.53,2.16],[13.77,2.16],[14.03,2.16],[14.29,2.16],[14.48,2.15],[14.58,2.2],[14.67,2.13],[14.71,2.12],[14.73,2.12],[14.76,2.08],[14.88,2.08],[14.89,2.07],[14.9,2.01],[15.01,2.01],[15.06,2.0],[15.1,2.0],[15.16,2.04],[15.2,2.02],[15.28,1.98],[15.34,1.94],[15.42,1.96],[15.6,1.95],[15.74,1.91],[15.88,1.82],[15.98,1.76],[16.06,1.68],[16.09,1.69],[16.12,1.71],[16.14,1.72],[16.13,1.8],[16.09,1.92],[16.07,2.02],[16.08,2.11],[16.12,2.17],[16.18,2.2],[16.18,2.26],[16.18,2.27],[16.25,2.41],[16.32,2.54],[16.4,2.7],[16.47,2.83],[16.46,2.9],[16.47,2.99],[16.48,3.1],[16.48,3.17],[16.5,3.21],[16.54,3.37],[16.57,3.46],[16.61,3.51],[16.67,3.54],[16.76,3.54],[17.0,3.56],[17.22,3.6],[17.3,3.62],[17.44,3.68],[17.49,3.69],[17.54,3.66],[17.81,3.58],[17.88,3.55],[17.91,3.56],[17.95,3.55],[18.01,3.55],[18.07,3.56],[18.11,3.55],[18.16,3.5],[18.19,3.51],[18.24,3.54],[18.32,3.58],[18.47,3.62],[18.5,3.6],[18.55,3.51],[18.61,3.48],[18.62,3.3],[18.55,3.09],[18.49,2.92],[18.34,2.66],[18.21,2.41],[18.07,2.01],[18.07,1.72],[18.06,1.53],[18.01,1.42],[17.9,1.12],[17.89,0.86],[17.93,0.54],[17.89,0.23],[17.77,-0.05],[17.72,-0.28],[17.75,-0.55],[17.54,-0.78],[17.28,-1.0],[17.11,-1.06],[16.97,-1.14],[16.88,-1.23],[16.85,-1.27],[16.78,-1.38],[16.62,-1.7],[16.54,-1.84],[16.43,-1.96],[16.27,-2.11],[16.22,-2.18],[16.19,-2.28],[16.2,-2.46],[16.22,-3.03],[16.19,-3.19],[16.15,-3.46],[15.99,-3.77],[15.87,-3.93],[15.75,-3.99],[15.6,-4.03],[15.53,-4.09],[15.48,-4.17],[15.39,-4.24],[15.27,-4.31],[15.11,-4.46],[14.91,-4.71],[14.78,-4.85],[14.71,-4.88],[14.63,-4.89],[14.56,-4.86],[14.49,-4.85],[14.46,-4.86],[14.44,-4.85],[14.41,-4.83],[14.41,-4.78],[14.4,-4.68],[14.37,-4.59],[14.41,-4.51],[14.45,-4.45],[14.44,-4.42],[14.4,-4.37],[14.36,-4.3],[14.32,-4.3],[14.23,-4.36],[14.13,-4.4],[14.05,-4.42],[13.98,-4.46],[13.94,-4.48],[13.88,-4.48],[13.85,-4.46],[13.78,-4.43],[13.74,-4.44],[13.72,-4.45],[13.71,-4.54],[13.7,-4.62],[13.69,-4.69],[13.66,-4.72],[13.55,-4.76],[13.48,-4.8],[13.41,-4.84],[13.38,-4.83],[13.3,-4.77],[13.22,-4.71],[13.18,-4.66],[13.15,-4.62],[13.14,-4.6],[13.09,-4.6],[13.07,-4.63],[13.05,-4.62],[12.97,-4.55],[12.88,-4.45],[12.85,-4.43],[12.8,-4.43],[12.72,-4.47],[12.64,-4.53],[12.5,-4.59],[12.38,-4.62],[12.37,-4.66],[12.35,-4.72],[12.31,-4.77],[12.2,-4.78],[12.17,-4.84],[12.08,-4.95],[12.02,-5.0],[12.0,-4.98],[11.97,-4.95],[11.89,-4.87],[11.82,-4.76],[11.8,-4.71],[11.78,-4.68],[11.78,-4.57],[11.67,-4.43],[11.39,-4.2],[11.36,-4.13],[11.13,-3.92]]]]},"properties":{"iso":"COG","name":"Congo-Brazzaville","ha":[2485.2,2485.2,2488.9,2491.2,2467.7,2510.2,2519.8,2521.8,2525.9,2531.4,2531.6,2531.3,2532.7,2559.6,2663.8,2727.2,2722.5,2726.9,2736.2,2742.4,2766.3,2782.7,2814.2,2849.0,2888.7,2868.3,2862.3,2834.3,2815.6,2788.3,2816.5,2827.7,2847.4,2902.5,2920.9,2932.5,2957.0,2961.7,2973.4,2966.6,3014.5],"lo":[2317.9,2317.9,2321.3,2323.5,2301.6,2341.3,2350.2,2352.1,2355.9,2361.0,2361.2,2360.9,2362.2,2387.4,2484.5,2543.7,2539.3,2543.4,2552.1,2557.8,2580.1,2595.5,2624.8,2657.2,2694.3,2675.3,2669.7,2643.6,2626.1,2600.7,2626.9,2637.4,2655.8,2707.1,2724.3,2735.1,2758.0,2762.4,2773.3,2767.0,2811.6],"hi":[2723.8,2723.8,2727.8,2730.4,2704.6,2751.2,2761.7,2763.9,2768.4,2774.4,2774.6,2774.3,2775.8,2805.3,2919.5,2989.0,2983.9,2988.7,2998.9,3005.7,3031.8,3049.9,3084.3,3122.5,3166.0,3143.7,3137.1,3106.4,3085.9,3056.0,3086.8,3099.2,3120.8,3181.1,3201.3,3214.0,3240.9,3246.1,3258.9,3251.4,3303.8]}},{"type":"Feature","geometry":{"type":"MultiPolygon","coordinates":[[[[-159.74,-21.25],[-159.77,-21.25],[-159.81,-21.24],[-159.84,-21.24],[-159.84,-21.23],[-159.83,-21.2],[-159.81,-21.19],[-159.77,-21.19],[-159.74,-21.21],[-159.74,-21.24],[-159.74,-21.25]]]]},"properties":{"iso":"COK","name":"Cook Islands","ha":[0.8,0.8,0.8,0.8,0.8,0.8,0.8,0.8,0.8,0.8,0.8,0.8,0.8,0.7,0.7,0.7,0.7,0.7,0.7,0.7,0.7,0.7,0.7,0.7,0.8,0.8,0.7,0.6,0.6,0.6,0.6,0.6,0.6,0.6,0.8,0.8,0.8,0.8,0.8,0.7,0.6],"lo":[0.8,0.8,0.8,0.8,0.8,0.8,0.8,0.8,0.8,0.8,0.8,0.8,0.8,0.7,0.6,0.7,0.7,0.7,0.7,0.7,0.7,0.7,0.7,0.7,0.8,0.8,0.7,0.5,0.5,0.5,0.5,0.5,0.5,0.5,0.8,0.8,0.8,0.8,0.8,0.7,0.5],"hi":[0.9,0.9,0.9,0.9,0.9,0.9,0.9,0.9,0.9,0.9,0.9,0.9,0.9,0.8,0.7,0.8,0.8,0.8,0.8,0.8,0.8,0.8,0.8,0.8,0.9,0.9,0.8,0.6,0.6,0.6,0.6,0.6,0.6,0.6,0.9,0.9,0.9,0.9,0.9,0.8,0.6]}},{"type":"Feature","geometry":{"type":"MultiPolygon","coordinates":[[[[-71.32,11.86],[-71.36,11.85],[-71.4,11.82],[-71.54,11.77],[-71.72,11.73],[-71.96,11.67],[-72.01,11.6],[-72.25,11.2],[-72.45,11.11],[-72.52,11.05],[-72.57,10.98],[-72.69,10.84],[-72.74,10.73],[-72.87,10.49],[-72.94,10.2],[-72.97,10.03],[-73.01,9.79],[-73.06,9.67],[-73.14,9.55],[-73.22,9.44],[-73.3,9.32],[-73.36,9.23],[-73.37,9.19],[-73.34,9.17],[-73.19,9.19],[-73.14,9.22],[-73.06,9.26],[-73.01,9.24],[-72.96,9.14],[-72.9,9.12],[-72.85,9.14],[-72.8,9.11],[-72.73,8.85],[-72.67,8.63],[-72.53,8.49],[-72.42,8.38],[-72.39,8.29],[-72.36,8.15],[-72.36,8.09],[-72.39,8.05],[-72.45,7.97],[-72.46,7.81],[-72.47,7.76],[-72.48,7.61],[-72.47,7.52],[-72.44,7.45],[-72.39,7.42],[-72.3,7.39],[-72.21,7.37],[-72.16,7.25],[-72.08,7.1],[-72.01,7.03],[-71.89,6.99],[-71.81,7.01],[-71.62,7.03],[-71.46,7.03],[-71.22,6.99],[-71.13,6.99],[-71.01,6.99],[-70.81,7.08],[-70.74,7.09],[-70.66,7.08],[-70.54,7.04],[-70.47,7.01],[-70.39,6.97],[-70.27,6.95],[-70.19,6.95],[-70.13,6.95],[-70.1,6.94],[-69.9,6.7],[-69.74,6.49],[-69.59,6.32],[-69.44,6.13],[-69.43,6.12],[-69.36,6.15],[-69.31,6.14],[-69.27,6.1],[-69.19,6.12],[-69.09,6.18],[-68.94,6.2],[-68.74,6.16],[-68.47,6.16],[-68.14,6.2],[-67.94,6.24],[-67.86,6.29],[-67.73,6.28],[-67.57,6.24],[-67.48,6.18],[-67.47,6.12],[-67.44,6.03],[-67.47,5.93],[-67.58,5.83],[-67.63,5.71],[-67.64,5.56],[-67.69,5.45],[-67.79,5.38],[-67.82,5.27],[-67.8,5.13],[-67.81,4.93],[-67.86,4.67],[-67.86,4.51],[-67.81,4.46],[-67.8,4.38],[-67.8,4.28],[-67.78,4.2],[-67.73,4.09],[-67.66,3.86],[-67.6,3.77],[-67.55,3.73],[-67.5,3.69],[-67.35,3.46],[-67.31,3.42],[-67.32,3.37],[-67.34,3.34],[-67.35,3.32],[-67.51,3.19],[-67.83,2.89],[-67.86,2.86],[-67.86,2.79],[-67.77,2.83],[-67.67,2.8],[-67.62,2.79],[-67.6,2.77],[-67.57,2.69],[-67.53,2.68],[-67.49,2.64],[-67.39,2.56],[-67.31,2.47],[-67.25,2.43],[-67.21,2.39],[-67.2,2.33],[-67.22,2.28],[-67.17,2.14],[-67.13,2.1],[-67.11,2.05],[-67.13,2.0],[-67.09,1.94],[-67.04,1.82],[-66.99,1.68],[-66.98,1.6],[-66.96,1.56],[-66.93,1.46],[-66.88,1.36],[-66.9,1.29],[-66.88,1.22],[-67.07,1.18],[-67.08,1.19],[-67.09,1.21],[-67.09,1.4],[-67.09,1.62],[-67.12,1.7],[-67.21,1.84],[-67.32,2.03],[-67.35,2.09],[-67.4,2.12],[-67.46,2.12],[-67.5,2.11],[-67.56,2.07],[-67.61,2.04],[-67.71,1.92],[-67.82,1.79],[-67.88,1.76],[-67.94,1.75],[-67.99,1.75],[-68.03,1.79],[-68.08,1.86],[-68.13,1.96],[-68.19,1.99],[-68.22,1.96],[-68.24,1.9],[-68.26,1.85],[-68.21,1.77],[-68.18,1.72],[-68.24,1.72],[-68.44,1.72],[-68.68,1.72],[-68.91,1.72],[-69.12,1.72],[-69.32,1.72],[-69.39,1.73],[-69.47,1.76],[-69.54,1.77],[-69.58,1.77],[-69.65,1.74],[-69.74,1.73],[-69.8,1.71],[-69.85,1.71],[-69.85,1.54],[-69.85,1.31],[-69.85,1.06],[-69.8,1.08],[-69.75,1.08],[-69.72,1.06],[-69.62,1.07],[-69.57,1.07],[-69.52,1.06],[-69.47,1.06],[-69.44,1.04],[-69.4,1.04],[-69.36,1.06],[-69.31,1.05],[-69.26,1.02],[-69.22,0.96],[-69.19,0.9],[-69.16,0.86],[-69.17,0.8],[-69.17,0.75],[-69.18,0.71],[-69.16,0.69],[-69.15,0.66],[-69.16,0.64],[-69.17,0.64],[-69.21,0.63],[-69.25,0.63],[-69.28,0.63],[-69.31,0.65],[-69.33,0.66],[-69.36,0.65],[-69.39,0.67],[-69.42,0.7],[-69.47,0.73],[-69.53,0.72],[-69.56,0.7],[-69.6,0.68],[-69.64,0.66],[-69.67,0.67],[-69.72,0.65],[-69.76,0.63],[-69.81,0.61],[-69.86,0.6],[-69.93,0.59],[-69.99,0.59],[-70.05,0.58],[-70.06,0.45],[-70.07,0.19],[-70.07,0.02],[-70.07,-0.14],[-70.04,-0.2],[-69.92,-0.32],[-69.83,-0.38],[-69.75,-0.45],[-69.67,-0.48],[-69.63,-0.51],[-69.61,-0.55],[-69.6,-0.6],[-69.59,-0.64],[-69.6,-0.68],[-69.62,-0.72],[-69.61,-0.76],[-69.58,-0.8],[-69.57,-0.84],[-69.55,-0.88],[-69.54,-0.92],[-69.52,-0.95],[-69.49,-0.97],[-69.45,-1.0],[-69.44,-1.03],[-69.45,-1.06],[-69.45,-1.09],[-69.41,-1.15],[-69.4,-1.19],[-69.42,-1.25],[-69.43,-1.42],[-69.48,-1.62],[-69.51,-1.77],[-69.55,-2.02],[-69.6,-2.31],[-69.67,-2.67],[-69.73,-3.02],[-69.79,-3.35],[-69.85,-3.66],[-69.91,-4.0],[-69.95,-4.2],[-69.97,-4.24],[-70.02,-4.16],[-70.09,-4.09],[-70.17,-4.05],[-70.2,-4.0],[-70.24,-3.88],[-70.3,-3.84],[-70.34,-3.81],[-70.38,-3.82],[-70.42,-3.85],[-70.49,-3.87],[-70.53,-3.87],[-70.71,-3.79],[-70.74,-3.78],[-70.62,-3.6],[-70.42,-3.29],[-70.29,-3.09],[-70.15,-2.86],[-70.07,-2.75],[-70.06,-2.73],[-70.06,-2.7],[-70.1,-2.66],[-70.16,-2.64],[-70.24,-2.61],[-70.29,-2.55],[-70.36,-2.53],[-70.42,-2.49],[-70.52,-2.45],[-70.58,-2.42],[-70.65,-2.41],[-70.71,-2.34],[-70.91,-2.22],[-70.97,-2.21],[-71.03,-2.23],[-71.11,-2.25],[-71.2,-2.31],[-71.3,-2.33],[-71.4,-2.33],[-71.45,-2.29],[-71.5,-2.28],[-71.56,-2.22],[-71.67,-2.18],[-71.75,-2.15],[-71.8,-2.17],[-71.87,-2.23],[-71.93,-2.29],[-71.98,-2.33],[-72.05,-2.32],[-72.14,-2.38],[-72.22,-2.4],[-72.3,-2.41],[-72.4,-2.43],[-72.5,-2.4],[-72.59,-2.37],[-72.63,-2.35],[-72.66,-2.36],[-72.71,-2.39],[-72.81,-2.41],[-72.89,-2.41],[-72.94,-2.39],[-72.99,-2.34],[-73.07,-2.31],[-73.15,-2.28],[-73.17,-2.21],[-73.16,-2.16],[-73.13,-2.08],[-73.15,-2.0],[-73.18,-1.88],[-73.2,-1.83],[-73.22,-1.79],[-73.27,-1.77],[-73.35,-1.78],[-73.44,-1.74],[-73.5,-1.69],[-73.53,-1.64],[-73.49,-1.54],[-73.52,-1.45],[-73.58,-1.4],[-73.61,-1.32],[-73.66,-1.25],[-73.74,-1.21],[-73.81,-1.22],[-73.86,-1.2],[-73.93,-1.13],[-73.99,-1.1],[-74.05,-1.03],[-74.18,-1.0],[-74.25,-0.97],[-74.28,-0.93],[-74.33,-0.85],[-74.33,-0.81],[-74.35,-0.77],[-74.37,-0.69],[-74.42,-0.58],[-74.47,-0.52],[-74.51,-0.47],[-74.56,-0.43],[-74.62,-0.37],[-74.69,-0.34],[-74.76,-0.3],[-74.78,-0.24],[-74.8,-0.2],[-74.84,-0.2],[-74.89,-0.2],[-74.95,-0.19],[-75.0,-0.16],[-75.05,-0.12],[-75.14,-0.05],[-75.18,-0.04],[-75.22,-0.04],[-75.28,-0.11],[-75.46,-0.04],[-75.62,0.06],[-75.78,0.09],[-75.88,0.15],[-75.97,0.25],[-76.03,0.31],[-76.07,0.35],[-76.27,0.44],[-76.31,0.45],[-76.39,0.4],[-76.41,0.38],[-76.42,0.3],[-76.43,0.26],[-76.49,0.24],[-76.6,0.24],[-76.68,0.27],[-76.73,0.27],[-76.74,0.25],[-76.77,0.24],[-76.83,0.25],[-76.92,0.27],[-77.0,0.3],[-77.11,0.36],[-77.17,0.35],[-77.29,0.36],[-77.4,0.39],[-77.42,0.42],[-77.47,0.64],[-77.48,0.65],[-77.53,0.66],[-77.6,0.69],[-77.65,0.72],[-77.67,0.78],[-77.7,0.84],[-77.83,0.83],[-78.04,0.9],[-78.18,0.97],[-78.31,1.05],[-78.51,1.2],[-78.59,1.24],[-78.68,1.28],[-78.74,1.36],[-78.83,1.43],[-78.86,1.46],[-78.89,1.52],[-79.03,1.62],[-78.96,1.75],[-78.79,1.85],[-78.58,1.77],[-78.55,1.92],[-78.63,2.06],[-78.62,2.31],[-78.59,2.36],[-78.53,2.42],[-78.46,2.47],[-78.42,2.48],[-78.34,2.46],[-78.3,2.51],[-78.12,2.49],[-78.07,2.51],[-78.03,2.54],[-77.99,2.57],[-77.93,2.63],[-77.9,2.7],[-77.87,2.73],[-77.81,2.72],[-77.81,2.75],[-77.78,2.79],[-77.67,2.88],[-77.67,2.92],[-77.7,3.01],[-77.69,3.04],[-77.63,3.05],[-77.56,3.08],[-77.52,3.16],[-77.47,3.23],[-77.42,3.34],[-77.36,3.35],[-77.32,3.47],[-77.24,3.59],[-77.08,3.91],[-77.13,3.91],[-77.17,3.86],[-77.21,3.87],[-77.26,3.89],[-77.25,4.04],[-77.28,4.06],[-77.36,3.94],[-77.43,4.06],[-77.43,4.13],[-77.4,4.2],[-77.41,4.25],[-77.52,4.21],[-77.52,4.26],[-77.45,4.3],[-77.41,4.35],[-77.35,4.4],[-77.33,4.47],[-77.31,4.59],[-77.29,4.72],[-77.31,4.78],[-77.34,4.84],[-77.37,5.08],[-77.36,5.22],[-77.37,5.32],[-77.4,5.42],[-77.53,5.54],[-77.32,5.68],[-77.25,5.78],[-77.34,6.0],[-77.47,6.18],[-77.47,6.29],[-77.44,6.27],[-77.4,6.28],[-77.36,6.5],[-77.37,6.58],[-77.44,6.69],[-77.53,6.69],[-77.6,6.84],[-77.65,6.87],[-77.68,6.96],[-77.8,7.14],[-77.9,7.23],[-77.83,7.44],[-77.76,7.48],[-77.74,7.54],[-77.77,7.67],[-77.76,7.7],[-77.75,7.71],[-77.73,7.71],[-77.71,7.69],[-77.66,7.63],[-77.62,7.56],[-77.59,7.54],[-77.54,7.57],[-77.35,7.71],[-77.36,7.75],[-77.35,7.84],[-77.28,7.91],[-77.22,7.93],[-77.2,7.97],[-77.21,8.03],[-77.28,8.19],[-77.35,8.27],[-77.39,8.35],[-77.41,8.43],[-77.48,8.5],[-77.45,8.57],[-77.39,8.64],[-77.37,8.66],[-77.34,8.64],[-77.26,8.49],[-77.13,8.4],[-76.99,8.25],[-76.94,8.15],[-76.89,8.13],[-76.85,8.09],[-76.87,8.06],[-76.91,8.03],[-76.92,7.97],[-76.9,7.94],[-76.87,7.92],[-76.79,7.93],[-76.74,8.0],[-76.77,8.31],[-76.82,8.46],[-76.87,8.51],[-76.92,8.57],[-76.89,8.62],[-76.8,8.64],[-76.69,8.69],[-76.28,8.99],[-76.14,9.27],[-76.03,9.37],[-75.91,9.43],[-75.76,9.42],[-75.64,9.45],[-75.6,9.54],[-75.64,9.66],[-75.68,9.73],[-75.64,9.83],[-75.59,9.99],[-75.6,10.13],[-75.54,10.21],[-75.56,10.24],[-75.64,10.17],[-75.71,10.14],[-75.67,10.2],[-75.55,10.33],[-75.49,10.53],[-75.45,10.61],[-75.28,10.73],[-75.25,10.78],[-75.12,10.87],[-74.92,11.06],[-74.84,11.11],[-74.45,10.99],[-74.33,11.0],[-74.35,10.97],[-74.41,10.97],[-74.49,10.93],[-74.52,10.86],[-74.46,10.79],[-74.4,10.77],[-74.35,10.81],[-74.3,10.95],[-74.22,11.11],[-74.2,11.27],[-74.14,11.32],[-74.06,11.34],[-73.91,11.31],[-73.8,11.28],[-73.68,11.27],[-73.31,11.3],[-72.72,11.71],[-72.45,11.8],[-72.28,11.89],[-72.17,12.06],[-72.14,12.19],[-72.06,12.24],[-71.97,12.24],[-71.93,12.27],[-71.92,12.31],[-71.71,12.42],[-71.6,12.43],[-71.49,12.43],[-71.26,12.34],[-71.16,12.16],[-71.14,12.05],[-71.28,11.92],[-71.32,11.86]]],[[[-78.11,2.54],[-78.14,2.52],[-78.19,2.56],[-78.21,2.61],[-78.18,2.65],[-78.14,2.63],[-78.12,2.6],[-78.11,2.54]]]]},"properties":{"iso":"COL","name":"Colombia","ha":[282356.5,282354.7,282419.5,282745.7,283434.7,284321.2,284373.8,285135.6,287100.6,290896.4,291994.5,289711.1,288315.5,287698.8,281120.2,280954.8,280228.2,279892.5,279682.8,272352.9,273941.0,275074.1,277218.5,279808.2,282487.4,281709.6,280676.2,279123.1,277610.9,274158.9,274156.2,274570.3,275942.1,278582.7,280408.1,282175.1,285274.6,287056.4,289145.3,291365.1,292790.5],"lo":[263353.0,263351.4,263411.8,263716.1,264358.7,265185.6,265234.6,265945.1,267777.9,271318.3,272342.4,270212.7,268911.0,268335.8,262199.9,262045.7,261368.0,261055.0,260859.3,254022.7,255504.0,256560.8,258560.9,260976.2,263475.1,262749.7,261785.9,260337.3,258926.8,255707.2,255704.7,256090.9,257370.4,259833.2,261535.8,263183.9,266074.8,267736.7,269685.0,271755.4,273084.8],"hi":[309461.8,309459.9,309530.9,309888.4,310643.6,311615.2,311672.8,312507.7,314661.4,318821.6,320025.1,317522.5,315992.9,315317.0,308106.8,307925.6,307129.3,306761.4,306531.5,298497.9,300238.5,301480.3,303830.6,306668.9,309605.3,308752.9,307620.3,305918.0,304260.7,300477.3,300474.4,300928.2,302431.7,305325.7,307326.4,309263.1,312660.1,314612.9,316902.4,319335.2,320897.5]}},{"type":"Feature","geometry":{"type":"MultiPolygon","coordinates":[[[[44.48,-12.08],[44.53,-12.22],[44.53,-12.32],[44.5,-12.36],[44.46,-12.34],[44.38,-12.25],[44.22,-12.17],[44.29,-12.16],[44.33,-12.17],[44.38,-12.17],[44.41,-12.12],[44.41,-12.09],[44.45,-12.07],[44.48,-12.08]]],[[[43.79,-12.31],[43.86,-12.37],[43.66,-12.34],[43.63,-12.29],[43.63,-12.25],[43.7,-12.26],[43.79,-12.31]]],[[[43.47,-11.9],[43.45,-11.91],[43.36,-11.86],[43.3,-11.84],[43.23,-11.75],[43.26,-11.43],[43.28,-11.39],[43.3,-11.37],[43.34,-11.37],[43.39,-11.41],[43.38,-11.61],[43.45,-11.75],[43.49,-11.86],[43.47,-11.9]]]]},"properties":{"iso":"COM","name":"Comoros","ha":[134.2,134.2,134.2,134.2,134.2,134.2,134.2,134.2,134.2,134.5,134.5,134.6,134.7,134.4,132.5,132.5,132.3,131.9,131.7,130.1,130.5,130.8,131.4,132.1,132.0,130.2,129.5,127.2,125.2,123.6,124.5,124.4,125.0,125.1,123.7,123.3,124.5,123.6,120.3,120.2,120.2],"lo":[125.2,125.2,125.2,125.2,125.2,125.2,125.2,125.2,125.2,125.4,125.4,125.5,125.6,125.4,123.6,123.6,123.4,123.0,122.8,121.4,121.7,122.0,122.6,123.2,123.1,121.5,120.8,118.7,116.8,115.3,116.1,116.0,116.6,116.7,115.4,115.0,116.1,115.2,112.2,112.1,112.1],"hi":[147.1,147.1,147.1,147.1,147.1,147.1,147.1,147.1,147.1,147.4,147.4,147.5,147.6,147.3,145.2,145.2,145.0,144.6,144.3,142.6,143.0,143.4,144.0,144.8,144.7,142.7,142.0,139.4,137.2,135.5,136.4,136.4,137.0,137.1,135.6,135.1,136.5,135.4,131.9,131.8,131.8]}},{"type":"Feature","geometry":{"type":"MultiPolygon","coordinates":[[[[-82.56,9.58],[-82.57,9.56],[-82.59,9.54],[-82.61,9.52],[-82.64,9.51],[-82.72,9.55],[-82.8,9.59],[-82.84,9.57],[-82.86,9.51],[-82.89,9.48],[-82.93,9.47],[-82.94,9.45],[-82.94,9.25],[-82.94,9.06],[-82.88,9.06],[-82.78,8.99],[-82.74,8.95],[-82.73,8.92],[-82.74,8.9],[-82.81,8.86],[-82.88,8.81],[-82.92,8.74],[-82.86,8.64],[-82.84,8.56],[-82.84,8.49],[-82.86,8.45],[-83.0,8.37],[-83.03,8.34],[-83.02,8.32],[-82.95,8.26],[-82.91,8.2],[-82.88,8.13],[-82.88,8.07],[-82.95,8.18],[-83.04,8.29],[-83.12,8.35],[-83.13,8.51],[-83.16,8.59],[-83.29,8.66],[-83.39,8.72],[-83.47,8.71],[-83.42,8.62],[-83.3,8.51],[-83.29,8.46],[-83.29,8.41],[-83.38,8.41],[-83.45,8.44],[-83.54,8.45],[-83.6,8.48],[-83.73,8.61],[-83.64,8.73],[-83.61,8.8],[-83.62,8.96],[-83.64,9.04],[-83.74,9.15],[-83.9,9.28],[-84.12,9.38],[-84.22,9.46],[-84.48,9.53],[-84.58,9.57],[-84.66,9.65],[-84.67,9.7],[-84.64,9.79],[-84.71,9.9],[-85.03,10.12],[-85.2,10.2],[-85.24,10.24],[-85.26,10.26],[-85.24,10.11],[-85.16,10.02],[-84.96,9.93],[-84.91,9.88],[-84.89,9.82],[-85.0,9.7],[-85.06,9.67],[-85.08,9.6],[-85.11,9.58],[-85.15,9.62],[-85.31,9.81],[-85.62,9.9],[-85.68,9.96],[-85.8,10.13],[-85.85,10.29],[-85.83,10.4],[-85.7,10.56],[-85.66,10.64],[-85.67,10.68],[-85.67,10.75],[-85.71,10.79],[-85.83,10.85],[-85.91,10.9],[-85.89,10.92],[-85.75,10.99],[-85.74,11.04],[-85.74,11.06],[-85.72,11.07],[-85.7,11.08],[-85.69,11.1],[-85.65,11.15],[-85.62,11.18],[-85.58,11.19],[-85.54,11.17],[-85.37,11.11],[-85.18,11.04],[-84.91,10.95],[-84.8,11.01],[-84.7,11.05],[-84.63,11.05],[-84.49,10.99],[-84.4,10.97],[-84.35,10.98],[-84.26,10.9],[-84.2,10.84],[-84.2,10.8],[-84.17,10.78],[-84.1,10.78],[-83.92,10.74],[-83.81,10.74],[-83.71,10.79],[-83.66,10.84],[-83.64,10.92],[-83.62,10.88],[-83.59,10.81],[-83.58,10.73],[-83.45,10.47],[-83.35,10.32],[-83.12,10.04],[-83.03,9.99],[-82.87,9.77],[-82.81,9.73],[-82.78,9.67],[-82.61,9.62],[-82.56,9.58]]]]},"properties":{"iso":"CRI","name":"Costa Rica","ha":[39002.2,38997.3,38990.9,39017.2,39098.3,39150.3,39167.4,39224.6,39304.4,39484.5,39625.0,39639.9,39589.7,39500.1,39390.7,39363.3,39293.1,39277.0,39331.9,39300.8,39381.0,39369.4,39381.6,39441.7,39584.0,39590.2,39393.9,39181.2,39122.1,39280.3,39415.9,39411.2,39410.7,39399.1,39334.2,39346.5,39374.4,39335.2,39313.2,39325.4,39282.1],"lo":[36377.2,36372.7,36366.7,36391.2,36466.9,36515.4,36531.3,36584.7,36659.1,36827.0,36958.1,36972.0,36925.2,36841.6,36739.6,36714.0,36648.6,36633.5,36684.8,36655.7,36730.6,36719.8,36731.1,36787.1,36919.9,36925.6,36742.5,36544.2,36489.0,36636.6,36763.1,36758.7,36758.2,36747.4,36686.9,36698.4,36724.4,36687.8,36667.4,36678.7,36638.3],"hi":[42746.2,42741.0,42733.9,42762.7,42851.6,42908.6,42927.3,42990.0,43077.5,43274.8,43428.9,43445.2,43390.2,43292.0,43172.1,43142.1,43065.1,43047.4,43107.7,43073.6,43161.5,43148.8,43162.1,43228.0,43383.9,43390.7,43175.5,42942.4,42877.7,43051.0,43199.7,43194.6,43194.0,43181.3,43110.1,43123.6,43154.3,43111.3,43087.2,43100.5,43053.1]}},{"type":"Feature","geometry":{"type":"MultiPolygon","coordinates":[[[[-81.84,23.16],[-81.58,23.12],[-81.36,23.13],[-81.26,23.16],[-81.27,23.13],[-81.18,23.06],[-81.14,23.05],[-81.01,23.09],[-80.65,23.1],[-80.61,23.08],[-80.55,23.02],[-80.46,22.98],[-80.36,22.94],[-80.27,22.93],[-80.17,22.95],[-80.08,22.94],[-79.96,22.88],[-79.92,22.87],[-79.82,22.89],[-79.85,22.83],[-79.68,22.74],[-79.55,22.58],[-79.46,22.51],[-79.36,22.45],[-79.28,22.41],[-79.18,22.39],[-78.9,22.4],[-78.84,22.39],[-78.78,22.37],[-78.72,22.36],[-78.69,22.37],[-78.14,22.11],[-77.97,21.97],[-77.87,21.9],[-77.64,21.8],[-77.55,21.77],[-77.5,21.79],[-77.51,21.81],[-77.57,21.87],[-77.58,21.89],[-77.5,21.87],[-77.34,21.76],[-77.3,21.71],[-77.22,21.67],[-77.14,21.64],[-77.18,21.6],[-77.24,21.59],[-77.37,21.61],[-77.27,21.54],[-77.25,21.48],[-77.21,21.48],[-77.14,21.54],[-77.1,21.59],[-76.93,21.46],[-76.84,21.4],[-76.86,21.36],[-76.87,21.33],[-76.76,21.36],[-76.73,21.36],[-76.69,21.34],[-76.65,21.28],[-76.55,21.27],[-76.46,21.27],[-76.26,21.23],[-76.07,21.13],[-75.9,21.11],[-75.72,21.11],[-75.63,21.06],[-75.6,20.99],[-75.64,20.95],[-75.66,20.9],[-75.6,20.84],[-75.74,20.81],[-75.76,20.78],[-75.75,20.74],[-75.72,20.71],[-75.64,20.73],[-75.52,20.72],[-75.34,20.7],[-75.21,20.71],[-74.96,20.67],[-74.88,20.65],[-74.73,20.57],[-74.66,20.52],[-74.51,20.38],[-74.38,20.33],[-74.27,20.32],[-74.23,20.33],[-74.2,20.31],[-74.17,20.29],[-74.14,20.23],[-74.15,20.17],[-74.22,20.12],[-74.25,20.08],[-74.41,20.08],[-74.63,20.06],[-74.85,20.0],[-74.96,19.96],[-75.0,19.93],[-75.12,19.9],[-75.12,19.92],[-75.12,19.95],[-75.15,20.01],[-75.18,19.96],[-75.22,19.92],[-75.29,19.89],[-75.55,19.89],[-75.66,19.93],[-75.77,19.96],[-76.16,19.99],[-76.25,19.99],[-76.52,19.96],[-76.78,19.94],[-76.89,19.92],[-77.0,19.89],[-77.21,19.89],[-77.46,19.86],[-77.72,19.86],[-77.55,20.08],[-77.21,20.3],[-77.15,20.35],[-77.1,20.41],[-77.09,20.45],[-77.11,20.49],[-77.19,20.56],[-77.21,20.61],[-77.23,20.64],[-77.35,20.67],[-77.47,20.69],[-77.59,20.69],[-77.86,20.71],[-78.0,20.72],[-78.12,20.76],[-78.31,20.93],[-78.41,20.97],[-78.45,21.01],[-78.49,21.05],[-78.54,21.3],[-78.58,21.41],[-78.64,21.52],[-78.73,21.59],[-78.82,21.62],[-79.19,21.55],[-79.27,21.56],[-79.36,21.59],[-79.91,21.74],[-80.14,21.83],[-80.23,21.87],[-80.31,21.93],[-80.39,22.03],[-80.49,22.12],[-80.48,22.09],[-80.5,22.06],[-80.96,22.05],[-81.04,22.07],[-81.08,22.1],[-81.12,22.13],[-81.14,22.21],[-81.19,22.27],[-81.2,22.2],[-81.22,22.14],[-81.28,22.11],[-81.36,22.1],[-81.44,22.18],[-81.82,22.2],[-81.85,22.21],[-81.97,22.29],[-82.08,22.39],[-81.97,22.42],[-81.76,22.47],[-81.71,22.5],[-81.68,22.53],[-81.7,22.59],[-81.75,22.63],[-81.79,22.66],[-81.84,22.67],[-81.9,22.68],[-82.74,22.69],[-82.79,22.66],[-82.86,22.6],[-83.01,22.51],[-83.11,22.43],[-83.14,22.39],[-83.19,22.36],[-83.29,22.3],[-83.38,22.22],[-83.49,22.19],[-83.54,22.21],[-83.6,22.21],[-83.64,22.19],[-83.69,22.18],[-83.9,22.17],[-83.93,22.15],[-83.96,22.09],[-84.0,21.98],[-84.03,21.94],[-84.14,21.93],[-84.24,21.9],[-84.45,21.79],[-84.5,21.78],[-84.49,21.85],[-84.5,21.93],[-84.56,21.93],[-84.63,21.92],[-84.68,21.9],[-84.79,21.84],[-84.84,21.83],[-84.89,21.86],[-84.88,21.89],[-84.53,22.03],[-84.49,22.04],[-84.43,22.03],[-84.37,22.04],[-84.33,22.07],[-84.38,22.26],[-84.36,22.38],[-84.28,22.47],[-84.12,22.62],[-84.04,22.67],[-83.26,22.97],[-83.18,22.98],[-82.67,23.04],[-82.59,23.06],[-82.35,23.15],[-82.1,23.19],[-81.84,23.16]]],[[[-77.67,21.95],[-77.71,21.92],[-77.76,21.97],[-77.78,21.97],[-77.82,21.99],[-77.9,22.04],[-77.92,22.09],[-77.85,22.09],[-77.77,22.08],[-77.63,22.05],[-77.65,22.0],[-77.67,21.95]]],[[[-78.03,22.29],[-78.05,22.27],[-78.1,22.31],[-78.18,22.32],[-78.23,22.38],[-78.27,22.4],[-78.27,22.42],[-78.2,22.44],[-78.15,22.43],[-78.09,22.39],[-78.06,22.31],[-78.03,22.29]]],[[[-78.63,22.55],[-78.49,22.53],[-78.45,22.54],[-78.4,22.55],[-78.35,22.54],[-78.28,22.46],[-78.34,22.45],[-78.39,22.45],[-78.42,22.46],[-78.55,22.46],[-78.63,22.49],[-78.67,22.51],[-78.7,22.53],[-78.63,22.55]]],[[[-77.88,22.13],[-77.91,22.12],[-78.01,22.17],[-78.04,22.2],[-78.01,22.25],[-78.0,22.3],[-77.99,22.3],[-77.97,22.24],[-77.89,22.21],[-77.89,22.2],[-77.84,22.15],[-77.88,22.13]]],[[[-82.56,21.57],[-82.65,21.52],[-82.85,21.44],[-82.96,21.44],[-83.07,21.47],[-83.14,21.53],[-83.18,21.59],[-83.18,21.62],[-83.11,21.57],[-83.05,21.55],[-83.01,21.57],[-82.97,21.59],[-83.08,21.79],[-83.08,21.83],[-82.99,21.94],[-82.76,21.91],[-82.71,21.89],[-82.68,21.82],[-82.63,21.77],[-82.57,21.62],[-82.56,21.57]]],[[[-79.35,22.66],[-79.35,22.64],[-79.52,22.71],[-79.6,22.79],[-79.63,22.81],[-79.58,22.81],[-79.38,22.68],[-79.35,22.66]]]]},"properties":{"iso":"CUB","name":"Cuba","ha":[410077.4,409883.4,409961.6,410790.5,414343.4,415934.3,416424.4,417181.2,419353.4,418534.7,419956.4,420045.9,419402.2,418364.1,416393.0,415815.8,414794.6,414718.4,414589.1,411491.2,412037.7,408514.3,406673.5,406633.3,408866.1,408055.1,404195.9,400702.4,398781.8,396765.4,400094.2,399974.1,392436.2,388270.5,386807.1,387747.6,388794.1,387502.3,386811.4,387531.6,382866.1],"lo":[382478.0,382297.0,382369.9,383143.1,386456.8,387940.7,388397.8,389103.7,391129.7,390366.1,391692.1,391775.6,391175.2,390207.0,388368.5,387830.2,386877.7,386806.6,386686.0,383796.6,384306.3,381020.1,379303.2,379265.6,381348.2,380591.7,376992.3,373733.9,371942.6,370061.9,373166.7,373054.6,366024.1,362138.8,360773.8,361651.0,362627.1,361422.2,360777.8,361449.5,357098.1],"hi":[449443.6,449230.9,449316.6,450225.1,454119.0,455862.7,456399.9,457229.3,459610.0,458712.7,460270.9,460369.0,459663.5,458525.8,456365.4,455732.8,454613.6,454530.0,454388.3,450993.1,451592.0,447730.4,445712.9,445668.8,448116.0,447227.1,442997.5,439168.5,437063.6,434853.7,438502.0,438370.4,430108.9,425543.3,423939.3,424970.1,426117.2,424701.3,423944.1,424733.4,419620.0]}},{"type":"Feature","geometry":{"type":"MultiPolygon","coordinates":[[[[-68.75,12.06],[-68.8,12.05],[-69.0,12.14],[-69.15,12.3],[-69.16,12.38],[-69.12,12.37],[-69.08,12.34],[-69.01,12.23],[-68.83,12.16],[-68.75,12.06]]]]},"properties":{"iso":"CUW","name":"Cura\u00e7ao","ha":[72.0,72.1,72.9,73.3,75.0,76.1,76.9,78.6,79.3,81.8,81.8,82.0,80.8,81.5,84.7,87.8,87.7,87.7,88.6,92.4,94.7,97.1,98.6,100.9,103.0,104.4,105.2,105.6,104.3,101.3,100.2,100.2,96.8,92.8,92.5,94.7,101.6,106.1,110.6,111.3,110.6],"lo":[67.1,67.3,68.0,68.4,70.0,70.9,71.7,73.3,74.0,76.3,76.3,76.4,75.3,76.0,79.0,81.9,81.8,81.8,82.7,86.2,88.3,90.5,92.0,94.1,96.0,97.4,98.1,98.5,97.2,94.5,93.5,93.5,90.3,86.6,86.2,88.3,94.8,98.9,103.1,103.8,103.1],"hi":[78.9,79.1,79.9,80.4,82.2,83.4,84.3,86.2,86.9,89.6,89.6,89.8,88.5,89.4,92.8,96.2,96.1,96.1,97.1,101.3,103.8,106.4,108.1,110.6,112.9,114.5,115.3,115.8,114.3,111.0,109.9,109.9,106.1,101.7,101.3,103.8,111.4,116.2,121.2,122.0,121.2]}},{"type":"Feature","geometry":{"type":"MultiPolygon","coordinates":[[[[-81.37,19.35],[-81.34,19.33],[-81.3,19.34],[-81.28,19.36],[-81.13,19.35],[-81.11,19.31],[-81.22,19.3],[-81.28,19.28],[-81.3,19.27],[-81.4,19.28],[-81.42,19.37],[-81.39,19.38],[-81.37,19.35]]],[[[-79.98,19.71],[-79.99,19.7],[-80.02,19.71],[-80.09,19.67],[-80.13,19.67],[-80.12,19.68],[-80.1,19.7],[-80.08,19.71],[-80.07,19.71],[-80.02,19.72],[-79.99,19.72],[-79.98,19.71],[-79.98,19.71]]],[[[-79.82,19.71],[-79.87,19.7],[-79.91,19.7],[-79.82,19.74],[-79.8,19.76],[-79.79,19.77],[-79.77,19.77],[-79.74,19.76],[-79.74,19.75],[-79.82,19.71]]]]},"properties":{"iso":"CYM","name":"Cayman Islands","ha":[8185.1,8188.2,8194.4,8197.3,8234.9,8270.9,8278.6,8295.3,8318.8,8103.6,8124.7,8109.7,8075.3,8033.8,7884.2,7868.7,7850.6,7850.8,7808.6,7021.9,7029.5,6997.9,6953.3,6960.7,7108.6,7131.9,7102.8,7058.0,7020.5,7022.6,7061.0,7059.3,7075.4,7057.7,7012.9,6972.6,6900.6,6866.8,6851.7,6848.3,6855.5],"lo":[7634.2,7637.1,7642.9,7645.6,7680.7,7714.3,7721.4,7737.0,7759.0,7558.2,7577.9,7563.9,7531.8,7493.1,7353.6,7339.1,7322.3,7322.4,7283.1,6549.3,6556.3,6526.9,6485.3,6492.3,6630.1,6651.9,6624.8,6583.0,6548.0,6550.0,6585.8,6584.2,6599.2,6582.7,6540.9,6503.4,6436.2,6404.7,6390.5,6387.4,6394.2],"hi":[8970.8,8974.3,8981.0,8984.2,9025.5,9064.9,9073.3,9091.6,9117.4,8881.5,8904.7,8888.2,8850.5,8805.0,8641.0,8624.1,8604.3,8604.4,8558.2,7696.0,7704.3,7669.7,7620.8,7628.9,7790.9,7816.6,7784.7,7735.5,7694.5,7696.8,7738.8,7736.9,7754.6,7735.2,7686.1,7642.0,7563.1,7526.0,7509.4,7505.7,7513.7]}},{"type":"Feature","geometry":{"type":"MultiPolygon","coordinates":[[[[43.25,11.5],[43.16,11.37],[43.05,11.19],[42.92,11.0],[42.84,11.0],[42.78,11.01],[42.74,11.04],[42.65,11.08],[42.56,11.08],[42.47,11.05],[42.31,11.01],[42.17,10.99],[42.05,10.97],[41.96,10.94],[41.87,10.96],[41.8,10.98],[41.78,11.19],[41.76,11.41],[41.77,11.59],[41.79,11.69],[41.82,11.72],[41.95,11.86],[42.0,11.91],[42.15,12.13],[42.28,12.32],[42.38,12.47],[42.41,12.49],[42.45,12.52],[42.48,12.51],[42.67,12.38],[42.7,12.38],[42.77,12.42],[42.83,12.57],[42.87,12.62],[42.88,12.62],[43.01,12.66],[43.12,12.71],[43.13,12.66],[43.3,12.46],[43.35,12.37],[43.41,12.19],[43.38,12.09],[43.34,12.03],[43.27,11.97],[43.05,11.83],[42.8,11.74],[42.64,11.56],[42.52,11.57],[42.54,11.5],[42.58,11.5],[42.65,11.51],[42.79,11.56],[42.91,11.59],[43.04,11.59],[43.16,11.57],[43.25,11.5]]]]},"properties":{"iso":"DJI","name":"Djibouti","ha":[478.1,478.1,478.0,478.0,478.2,478.1,477.9,477.9,480.1,487.1,489.0,490.7,491.0,491.2,493.2,492.2,491.2,492.4,492.9,493.8,494.8,500.4,508.5,514.3,523.3,521.8,514.6,512.7,513.8,524.3,528.1,529.6,525.1,528.4,534.4,542.1,542.3,544.4,546.3,548.0,536.0],"lo":[445.9,445.9,445.8,445.8,446.1,445.9,445.7,445.7,447.8,454.4,456.1,457.6,458.0,458.1,460.0,459.1,458.1,459.3,459.7,460.5,461.5,466.8,474.3,479.7,488.1,486.7,480.0,478.2,479.2,489.0,492.6,494.0,489.7,492.8,498.4,505.6,505.8,507.7,509.5,511.1,499.9],"hi":[524.0,524.0,523.9,523.9,524.2,524.0,523.8,523.8,526.2,533.9,536.0,537.8,538.1,538.3,540.6,539.5,538.3,539.7,540.2,541.2,542.3,548.5,557.3,563.7,573.5,571.9,564.0,561.9,563.1,574.6,578.8,580.4,575.5,579.1,585.7,594.1,594.4,596.6,598.7,600.6,587.5]}},{"type":"Feature","geometry":{"type":"MultiPolygon","coordinates":[[[[-61.28,15.25],[-61.38,15.23],[-61.42,15.4],[-61.48,15.53],[-61.47,15.6],[-61.46,15.63],[-61.32,15.59],[-61.28,15.53],[-61.25,15.37],[-61.28,15.25]]]]},"properties":{"iso":"DMA","name":"Dominica","ha":[12.8,12.8,12.8,12.9,13.0,13.0,13.0,13.0,13.0,13.1,13.1,13.1,13.1,12.7,10.8,10.7,10.5,10.5,10.2,13.1,13.3,12.1,12.5,13.8,15.2,15.8,14.5,13.7,13.1,13.1,13.5,13.2,12.0,14.2,16.2,17.4,17.6,18.7,19.0,18.9,19.1],"lo":[11.9,11.9,11.9,12.0,12.1,12.1,12.1,12.1,12.1,12.2,12.2,12.2,12.2,11.9,10.1,10.0,9.8,9.8,9.5,12.2,12.4,11.3,11.6,12.9,14.2,14.8,13.5,12.8,12.2,12.2,12.6,12.3,11.2,13.3,15.1,16.2,16.4,17.4,17.7,17.6,17.8],"hi":[14.0,14.0,14.0,14.1,14.2,14.2,14.2,14.2,14.2,14.3,14.3,14.3,14.3,13.9,11.8,11.7,11.5,11.5,11.2,14.3,14.6,13.3,13.7,15.1,16.7,17.4,15.9,15.0,14.3,14.3,14.8,14.5,13.2,15.6,17.7,19.0,19.3,20.5,20.8,20.7,21.0]}},{"type":"Feature","geometry":{"type":"MultiPolygon","coordinates":[[[[-71.77,18.04],[-71.76,18.2],[-71.74,18.27],[-71.76,18.34],[-71.87,18.42],[-71.94,18.51],[-72.0,18.6],[-71.99,18.61],[-71.87,18.61],[-71.82,18.65],[-71.74,18.73],[-71.73,18.8],[-71.73,18.86],[-71.79,18.92],[-71.81,18.99],[-71.74,19.05],[-71.66,19.13],[-71.65,19.16],[-71.65,19.2],[-71.75,19.29],[-71.75,19.32],[-71.71,19.42],[-71.71,19.49],[-71.76,19.69],[-71.78,19.72],[-71.74,19.74],[-71.71,19.8],[-71.67,19.85],[-71.62,19.88],[-71.56,19.9],[-71.44,19.89],[-71.28,19.85],[-71.24,19.85],[-71.08,19.89],[-70.95,19.91],[-70.83,19.89],[-70.79,19.85],[-70.69,19.79],[-70.64,19.78],[-70.48,19.78],[-70.44,19.77],[-70.3,19.68],[-70.19,19.64],[-70.13,19.64],[-70.01,19.67],[-69.96,19.67],[-69.89,19.59],[-69.88,19.47],[-69.82,19.37],[-69.74,19.3],[-69.32,19.33],[-69.23,19.27],[-69.26,19.23],[-69.32,19.2],[-69.52,19.21],[-69.61,19.21],[-69.62,19.16],[-69.62,19.12],[-69.51,19.11],[-69.4,19.09],[-69.28,19.05],[-69.16,19.03],[-69.03,19.01],[-68.9,18.99],[-68.68,18.9],[-68.45,18.71],[-68.38,18.67],[-68.34,18.61],[-68.36,18.54],[-68.44,18.42],[-68.49,18.38],[-68.56,18.36],[-68.61,18.31],[-68.66,18.22],[-68.69,18.21],[-68.72,18.22],[-68.78,18.27],[-68.82,18.34],[-68.93,18.41],[-69.07,18.4],[-69.27,18.44],[-69.4,18.42],[-69.52,18.42],[-69.64,18.44],[-69.77,18.44],[-69.9,18.42],[-70.02,18.37],[-70.06,18.35],[-70.14,18.28],[-70.18,18.25],[-70.48,18.22],[-70.57,18.27],[-70.64,18.34],[-70.76,18.35],[-70.92,18.29],[-71.03,18.27],[-71.07,18.25],[-71.08,18.22],[-71.08,18.13],[-71.11,18.07],[-71.27,17.85],[-71.36,17.69],[-71.4,17.65],[-71.44,17.64],[-71.52,17.73],[-71.57,17.76],[-71.63,17.77],[-71.66,17.82],[-71.66,17.89],[-71.67,17.95],[-71.71,18.01],[-71.77,18.04]]]]},"properties":{"iso":"DOM","name":"Dominican Republic","ha":[21952.2,21947.2,21957.7,21984.3,22012.4,22022.1,22023.7,22038.2,22067.5,21747.3,21920.8,21938.2,21875.8,21863.9,21435.9,21519.8,21509.7,21457.8,21463.3,21389.2,21504.6,21283.1,20993.0,21093.5,21524.2,21638.2,21485.1,21346.0,21299.0,21310.3,21484.9,21520.2,21376.9,21101.9,20789.2,20624.7,20513.1,20477.0,20642.1,20772.4,20993.8],"lo":[20474.8,20470.1,20479.9,20504.7,20530.9,20540.0,20541.4,20554.9,20582.3,20283.6,20445.5,20461.7,20403.5,20392.4,19993.2,20071.4,20062.1,20013.6,20018.8,19949.7,20057.3,19850.7,19580.1,19673.8,20075.6,20181.9,20039.1,19909.3,19865.5,19876.1,20038.9,20071.9,19938.2,19681.7,19390.0,19236.6,19132.6,19098.9,19252.8,19374.4,19580.9],"hi":[24059.6,24054.0,24065.6,24094.8,24125.5,24136.2,24137.9,24153.7,24185.9,23835.0,24025.2,24044.2,23975.8,23962.8,23493.7,23585.6,23574.6,23517.7,23523.7,23442.5,23569.0,23326.2,23008.2,23118.4,23590.5,23715.4,23547.6,23395.1,23343.6,23356.1,23547.4,23586.1,23429.0,23127.7,22784.9,22604.6,22482.3,22442.8,22623.7,22766.5,23009.2]}},{"type":"Feature","geometry":{"type":"MultiPolygon","coordinates":[[[[-75.28,-0.11],[-75.34,-0.14],[-75.4,-0.15],[-75.48,-0.16],[-75.58,-0.12],[-75.63,-0.12],[-75.63,-0.16],[-75.56,-0.2],[-75.49,-0.25],[-75.47,-0.32],[-75.42,-0.41],[-75.33,-0.51],[-75.26,-0.56],[-75.26,-0.59],[-75.28,-0.65],[-75.28,-0.71],[-75.25,-0.95],[-75.27,-0.97],[-75.31,-0.97],[-75.35,-0.97],[-75.38,-0.94],[-75.41,-0.92],[-75.42,-0.96],[-75.45,-1.07],[-75.51,-1.32],[-75.57,-1.53],[-75.64,-1.61],[-75.74,-1.73],[-75.89,-1.89],[-76.09,-2.13],[-76.24,-2.24],[-76.36,-2.33],[-76.5,-2.43],[-76.68,-2.56],[-76.88,-2.64],[-77.16,-2.74],[-77.36,-2.81],[-77.51,-2.86],[-77.66,-2.91],[-77.86,-2.98],[-77.94,-3.05],[-78.07,-3.21],[-78.13,-3.28],[-78.18,-3.35],[-78.19,-3.38],[-78.19,-3.4],[-78.16,-3.43],[-78.16,-3.47],[-78.19,-3.49],[-78.23,-3.49],[-78.24,-3.47],[-78.25,-3.44],[-78.28,-3.4],[-78.32,-3.39],[-78.35,-3.4],[-78.35,-3.43],[-78.4,-3.59],[-78.4,-3.67],[-78.42,-3.71],[-78.42,-3.78],[-78.47,-3.84],[-78.49,-3.9],[-78.51,-3.95],[-78.55,-3.99],[-78.57,-4.04],[-78.6,-4.16],[-78.65,-4.25],[-78.68,-4.33],[-78.69,-4.38],[-78.66,-4.43],[-78.65,-4.46],[-78.67,-4.52],[-78.69,-4.56],[-78.74,-4.59],[-78.86,-4.67],[-78.91,-4.71],[-78.93,-4.77],[-78.91,-4.82],[-78.92,-4.86],[-78.98,-4.87],[-79.0,-4.91],[-79.03,-4.97],[-79.08,-4.99],[-79.19,-4.96],[-79.27,-4.96],[-79.33,-4.93],[-79.4,-4.84],[-79.46,-4.77],[-79.5,-4.67],[-79.52,-4.54],[-79.58,-4.5],[-79.64,-4.45],[-79.71,-4.47],[-79.8,-4.48],[-79.85,-4.45],[-79.96,-4.39],[-80.06,-4.33],[-80.14,-4.3],[-80.2,-4.31],[-80.23,-4.35],[-80.29,-4.42],[-80.38,-4.46],[-80.42,-4.46],[-80.48,-4.43],[-80.49,-4.39],[-80.44,-4.34],[-80.35,-4.21],[-80.45,-4.21],[-80.49,-4.17],[-80.49,-4.12],[-80.51,-4.07],[-80.49,-4.01],[-80.44,-3.98],[-80.36,-4.0],[-80.3,-4.01],[-80.27,-3.95],[-80.23,-3.92],[-80.19,-3.91],[-80.18,-3.88],[-80.22,-3.79],[-80.23,-3.74],[-80.22,-3.71],[-80.22,-3.65],[-80.22,-3.61],[-80.24,-3.58],[-80.25,-3.52],[-80.27,-3.49],[-80.27,-3.46],[-80.27,-3.42],[-80.3,-3.41],[-80.32,-3.39],[-80.3,-3.37],[-80.16,-3.32],[-80.1,-3.27],[-80.03,-3.23],[-79.96,-3.16],[-79.92,-3.09],[-79.82,-2.78],[-79.73,-2.58],[-79.75,-2.48],[-79.82,-2.36],[-79.84,-2.17],[-79.83,-2.11],[-79.84,-2.07],[-79.89,-2.15],[-79.88,-2.42],[-79.93,-2.55],[-79.99,-2.58],[-80.03,-2.56],[-80.01,-2.35],[-80.05,-2.39],[-80.13,-2.53],[-80.25,-2.63],[-80.26,-2.66],[-80.28,-2.71],[-80.38,-2.67],[-80.45,-2.63],[-80.68,-2.4],[-80.84,-2.35],[-80.93,-2.27],[-80.95,-2.24],[-80.96,-2.19],[-80.87,-2.14],[-80.77,-2.08],[-80.76,-1.93],[-80.76,-1.82],[-80.84,-1.63],[-80.8,-1.38],[-80.82,-1.29],[-80.9,-1.08],[-80.84,-0.97],[-80.62,-0.9],[-80.55,-0.85],[-80.51,-0.68],[-80.46,-0.59],[-80.36,-0.63],[-80.28,-0.62],[-80.38,-0.58],[-80.47,-0.44],[-80.48,-0.37],[-80.32,-0.17],[-80.24,-0.11],[-80.13,-0.01],[-80.05,0.16],[-80.03,0.41],[-80.06,0.59],[-80.09,0.78],[-80.04,0.83],[-79.9,0.86],[-79.8,0.92],[-79.74,0.98],[-79.61,0.97],[-79.47,1.06],[-79.23,1.1],[-78.9,1.21],[-78.83,1.3],[-78.86,1.46],[-78.83,1.43],[-78.74,1.36],[-78.68,1.28],[-78.59,1.24],[-78.51,1.2],[-78.31,1.05],[-78.18,0.97],[-78.04,0.9],[-77.83,0.83],[-77.7,0.84],[-77.67,0.78],[-77.65,0.72],[-77.6,0.69],[-77.53,0.66],[-77.48,0.65],[-77.47,0.64],[-77.42,0.42],[-77.4,0.39],[-77.29,0.36],[-77.17,0.35],[-77.11,0.36],[-77.0,0.3],[-76.92,0.27],[-76.83,0.25],[-76.77,0.24],[-76.74,0.25],[-76.73,0.27],[-76.68,0.27],[-76.6,0.24],[-76.49,0.24],[-76.43,0.26],[-76.42,0.3],[-76.41,0.38],[-76.39,0.4],[-76.31,0.45],[-76.27,0.44],[-76.07,0.35],[-76.03,0.31],[-75.97,0.25],[-75.88,0.15],[-75.78,0.09],[-75.62,0.06],[-75.46,-0.04],[-75.28,-0.11]]],[[[-80.13,-2.97],[-80.15,-3.01],[-80.25,-3.01],[-80.27,-3.0],[-80.27,-2.95],[-80.25,-2.81],[-80.22,-2.75],[-80.15,-2.7],[-80.08,-2.67],[-80.0,-2.67],[-79.91,-2.73],[-80.01,-2.82],[-80.07,-2.83],[-80.09,-2.85],[-80.13,-2.97]]],[[[-78.91,1.25],[-78.97,1.25],[-78.99,1.29],[-78.92,1.35],[-78.9,1.36],[-78.91,1.25]]],[[[-90.33,-0.77],[-90.39,-0.77],[-90.54,-0.68],[-90.53,-0.58],[-90.47,-0.52],[-90.27,-0.48],[-90.19,-0.54],[-90.19,-0.66],[-90.26,-0.74],[-90.32,-0.76],[-90.33,-0.77]]],[[[-89.42,-0.91],[-89.54,-0.95],[-89.58,-0.93],[-89.6,-0.91],[-89.61,-0.89],[-89.54,-0.83],[-89.48,-0.79],[-89.42,-0.72],[-89.32,-0.68],[-89.29,-0.69],[-89.27,-0.7],[-89.26,-0.73],[-89.29,-0.79],[-89.36,-0.83],[-89.42,-0.91]]],[[[-91.43,-0.46],[-91.53,-0.48],[-91.61,-0.44],[-91.65,-0.39],[-91.65,-0.31],[-91.65,-0.28],[-91.46,-0.26],[-91.4,-0.32],[-91.4,-0.42],[-91.43,-0.46]]],[[[-90.42,-1.34],[-90.46,-1.34],[-90.52,-1.3],[-90.48,-1.22],[-90.43,-1.24],[-90.4,-1.26],[-90.38,-1.29],[-90.42,-1.34]]],[[[-91.27,0.03],[-91.21,-0.04],[-91.18,-0.22],[-90.98,-0.42],[-90.95,-0.53],[-90.97,-0.58],[-90.96,-0.6],[-90.86,-0.67],[-90.8,-0.75],[-90.91,-0.94],[-91.13,-1.02],[-91.37,-1.02],[-91.42,-1.0],[-91.48,-0.92],[-91.5,-0.86],[-91.46,-0.8],[-91.33,-0.71],[-91.14,-0.62],[-91.12,-0.56],[-91.2,-0.5],[-91.25,-0.37],[-91.37,-0.29],[-91.43,-0.02],[-91.47,-0.01],[-91.55,-0.05],[-91.59,-0.01],[-91.6,0.0],[-91.51,0.06],[-91.49,0.11],[-91.36,0.13],[-91.31,0.09],[-91.27,0.03]]],[[[-90.57,-0.33],[-90.62,-0.36],[-90.81,-0.33],[-90.87,-0.27],[-90.82,-0.19],[-90.78,-0.16],[-90.67,-0.19],[-90.55,-0.28],[-90.57,-0.33]]]]},"properties":{"iso":"ECU","name":"Ecuador","ha":[157908.6,157883.7,157891.3,157956.6,155571.8,156186.7,156232.9,156511.7,156959.0,154791.6,154088.8,151287.3,150923.2,150651.6,147458.6,147934.6,147954.9,148229.0,148520.3,147956.7,149123.1,149686.0,150428.7,151435.3,153134.5,153553.2,153346.7,152809.8,152563.0,153320.0,154231.0,154575.7,154957.5,155360.1,155245.7,154936.7,154517.1,154653.2,153612.3,153840.7,155201.0],"lo":[147280.9,147257.6,147264.7,147325.7,145101.4,145674.9,145718.0,145978.0,146395.2,144373.6,143718.1,141105.2,140765.7,140512.3,137534.2,137978.1,137997.1,138252.7,138524.4,137998.7,139086.7,139611.7,140304.4,141243.2,142828.0,143218.6,143026.0,142525.2,142295.0,143001.1,143850.8,144172.3,144528.4,144903.9,144797.2,144509.0,144117.7,144244.6,143273.7,143486.8,144755.5],"hi":[173067.4,173040.0,173048.4,173120.0,170506.2,171180.2,171230.8,171536.4,172026.5,169651.1,168880.8,165810.4,165411.4,165113.7,161614.2,162135.8,162158.1,162458.5,162777.8,162160.1,163438.5,164055.4,164869.4,165972.6,167834.9,168293.8,168067.5,167479.1,167208.5,168038.3,169036.7,169414.5,169832.9,170274.2,170148.8,169810.1,169350.3,169499.5,168358.6,168608.9,170099.9]}},{"type":"Feature","geometry":{"type":"MultiPolygon","coordinates":[[[[36.87,22.0],[36.54,22.0],[36.22,22.0],[35.89,22.0],[35.56,22.0],[35.23,22.0],[34.9,22.0],[34.57,22.0],[34.25,22.0],[33.92,22.0],[33.59,22.0],[33.26,22.0],[32.93,22.0],[32.61,22.0],[32.28,22.0],[31.95,22.0],[31.62,22.0],[31.43,22.0],[31.47,22.08],[31.49,22.15],[31.46,22.19],[31.4,22.2],[31.36,22.19],[31.26,22.0],[31.21,21.99],[31.09,21.99],[30.71,21.99],[30.33,22.0],[29.95,22.0],[29.56,22.0],[29.18,22.0],[28.8,22.0],[28.42,22.0],[28.04,22.0],[27.65,22.0],[27.27,22.0],[26.89,22.0],[26.51,22.0],[26.13,22.0],[25.74,22.0],[25.36,22.0],[24.98,22.0],[24.98,22.22],[24.98,22.44],[24.98,22.67],[24.98,22.89],[24.98,23.12],[24.98,23.34],[24.98,23.57],[24.98,23.79],[24.98,24.02],[24.98,24.24],[24.98,24.47],[24.98,24.69],[24.98,24.92],[24.98,25.14],[24.98,25.36],[24.98,25.59],[24.98,25.81],[24.98,26.04],[24.98,26.26],[24.98,26.49],[24.98,26.71],[24.98,26.94],[24.98,27.16],[24.98,27.39],[24.98,27.61],[24.98,27.83],[24.98,28.06],[24.98,28.28],[24.98,28.51],[24.98,28.73],[24.98,28.96],[24.98,29.18],[24.97,29.22],[24.92,29.38],[24.87,29.57],[24.81,29.81],[24.8,29.89],[24.71,30.13],[24.7,30.2],[24.73,30.25],[24.88,30.46],[24.92,30.56],[24.96,30.68],[24.97,30.78],[24.93,30.93],[24.88,31.06],[24.86,31.2],[24.85,31.33],[24.93,31.43],[25.02,31.51],[25.06,31.57],[25.11,31.63],[25.15,31.65],[25.23,31.53],[25.38,31.51],[25.89,31.62],[26.46,31.51],[26.77,31.47],[27.25,31.38],[27.54,31.21],[27.62,31.19],[27.83,31.2],[27.97,31.1],[28.51,31.05],[28.81,30.94],[28.97,30.86],[29.07,30.83],[29.16,30.83],[29.28,30.87],[29.43,30.93],[29.59,31.01],[29.93,31.23],[30.05,31.27],[30.13,31.26],[30.22,31.26],[30.26,31.32],[30.31,31.36],[30.34,31.4],[30.4,31.46],[30.57,31.47],[30.92,31.57],[30.88,31.52],[30.56,31.42],[30.7,31.4],[30.84,31.44],[31.0,31.46],[31.03,31.51],[31.05,31.59],[31.08,31.6],[31.19,31.59],[31.52,31.46],[31.61,31.46],[31.84,31.53],[31.89,31.54],[31.96,31.5],[32.14,31.34],[32.08,31.34],[31.89,31.48],[31.88,31.41],[31.77,31.29],[31.9,31.24],[32.01,31.22],[32.07,31.15],[32.1,31.09],[32.21,31.12],[32.28,31.2],[32.24,31.25],[32.22,31.29],[32.25,31.29],[32.32,31.26],[32.53,31.1],[32.6,31.07],[32.68,31.07],[32.85,31.12],[32.9,31.11],[33.13,31.17],[33.16,31.13],[33.19,31.08],[33.38,31.13],[33.67,31.13],[33.9,31.18],[34.18,31.3],[34.2,31.32],[34.21,31.29],[34.25,31.21],[34.33,31.0],[34.4,30.83],[34.49,30.6],[34.52,30.51],[34.53,30.45],[34.66,30.19],[34.74,29.98],[34.79,29.81],[34.87,29.56],[34.9,29.48],[34.85,29.43],[34.74,29.27],[34.62,28.76],[34.45,28.36],[34.43,28.11],[34.4,28.02],[34.32,27.89],[34.22,27.76],[34.05,27.83],[33.76,28.05],[33.59,28.26],[33.42,28.39],[33.25,28.57],[33.2,28.7],[33.2,28.78],[33.13,28.98],[33.08,29.07],[32.87,29.29],[32.81,29.4],[32.77,29.45],[32.72,29.52],[32.65,29.8],[32.57,29.97],[32.47,29.93],[32.49,29.85],[32.41,29.75],[32.36,29.63],[32.4,29.53],[32.57,29.39],[32.6,29.32],[32.64,29.18],[32.63,28.99],[32.66,28.93],[32.78,28.79],[32.83,28.7],[32.86,28.63],[32.9,28.57],[33.02,28.44],[33.2,28.21],[33.37,28.05],[33.49,27.97],[33.55,27.9],[33.56,27.7],[33.55,27.61],[33.66,27.43],[33.7,27.34],[33.8,27.27],[33.85,27.18],[33.89,27.05],[33.96,26.65],[34.05,26.55],[34.33,26.02],[34.57,25.69],[34.68,25.44],[34.85,25.14],[35.19,24.48],[35.4,24.27],[35.48,24.15],[35.62,24.07],[35.78,23.94],[35.63,23.95],[35.59,23.94],[35.54,23.92],[35.52,23.84],[35.5,23.78],[35.52,23.44],[35.56,23.27],[35.7,22.95],[35.8,22.85],[35.85,22.79],[35.91,22.74],[36.23,22.63],[36.41,22.39],[36.83,22.1],[36.87,22.02],[36.87,22.0]]]]},"properties":{"iso":"EGY","name":"Egypt","ha":[145.7,145.7,145.9,146.0,146.8,147.5,151.0,152.7,156.9,158.2,160.4,162.0,163.3,163.3,161.6,161.4,162.4,163.7,163.8,162.6,162.5,165.4,168.7,170.8,170.6,172.0,173.6,178.3,180.7,186.1,189.5,193.4,195.5,197.8,198.3,200.3,203.8,207.7,212.7,218.8,220.9],"lo":[135.9,135.9,136.1,136.1,136.9,137.6,140.9,142.5,146.3,147.5,149.6,151.1,152.3,152.3,150.7,150.5,151.5,152.7,152.8,151.6,151.5,154.2,157.4,159.3,159.1,160.4,162.0,166.3,168.6,173.6,176.8,180.4,182.3,184.5,184.9,186.9,190.0,193.8,198.4,204.1,206.0],"hi":[159.6,159.6,159.9,160.0,160.8,161.7,165.5,167.4,171.9,173.3,175.8,177.6,179.0,179.0,177.1,176.9,178.0,179.5,179.5,178.2,178.1,181.2,184.9,187.2,187.0,188.5,190.3,195.4,198.1,204.0,207.7,212.0,214.2,216.8,217.3,219.6,223.3,227.7,233.2,239.8,242.1]}},{"type":"Feature","geometry":{"type":"MultiPolygon","coordinates":[[[[36.52,14.26],[36.49,14.54],[36.47,14.74],[36.45,14.94],[36.43,15.13],[36.52,15.25],[36.57,15.36],[36.68,15.73],[36.72,15.8],[36.81,15.99],[36.83,16.05],[36.91,16.3],[36.91,16.46],[36.89,16.62],[36.94,16.72],[36.98,16.8],[36.98,16.87],[37.0,17.02],[37.01,17.06],[37.06,17.06],[37.17,17.04],[37.25,17.06],[37.34,17.06],[37.41,17.06],[37.45,17.11],[37.51,17.29],[37.55,17.32],[37.58,17.34],[37.66,17.37],[37.73,17.42],[37.78,17.46],[37.8,17.47],[37.86,17.47],[37.92,17.49],[37.95,17.52],[38.03,17.54],[38.1,17.53],[38.15,17.55],[38.18,17.56],[38.22,17.56],[38.25,17.58],[38.27,17.62],[38.29,17.64],[38.35,17.68],[38.37,17.72],[38.39,17.75],[38.4,17.78],[38.42,17.82],[38.52,17.94],[38.61,18.01],[38.91,17.43],[39.03,17.09],[39.14,16.73],[39.22,16.19],[39.3,15.92],[39.42,15.79],[39.51,15.53],[39.58,15.52],[39.63,15.45],[39.72,15.21],[39.79,15.12],[39.82,15.2],[39.82,15.25],[39.79,15.32],[39.81,15.41],[39.86,15.47],[39.98,15.39],[40.04,15.33],[40.06,15.22],[40.08,15.15],[40.2,15.01],[40.31,14.97],[40.44,14.96],[40.55,14.93],[40.63,14.88],[40.8,14.74],[41.18,14.62],[41.48,14.24],[41.66,13.98],[42.25,13.59],[42.35,13.4],[42.4,13.21],[42.52,13.22],[42.73,13.02],[42.8,12.86],[42.97,12.81],[43.0,12.9],[43.08,12.82],[43.12,12.71],[43.01,12.66],[42.88,12.62],[42.87,12.62],[42.83,12.57],[42.77,12.42],[42.7,12.38],[42.67,12.38],[42.48,12.51],[42.45,12.52],[42.41,12.49],[42.38,12.47],[42.29,12.57],[42.23,12.66],[42.13,12.77],[42.05,12.82],[41.95,12.88],[41.86,13.03],[41.77,13.18],[41.62,13.31],[41.36,13.5],[41.12,13.74],[40.94,13.98],[40.82,14.11],[40.77,14.14],[40.52,14.23],[40.35,14.34],[40.22,14.43],[40.14,14.46],[40.06,14.46],[39.9,14.44],[39.76,14.5],[39.7,14.5],[39.6,14.52],[39.53,14.54],[39.45,14.51],[39.27,14.47],[39.2,14.48],[39.16,14.54],[39.14,14.58],[39.07,14.63],[39.02,14.63],[39.0,14.59],[38.81,14.48],[38.5,14.42],[38.43,14.43],[38.38,14.47],[38.22,14.65],[38.18,14.68],[38.14,14.68],[38.07,14.7],[38.0,14.74],[37.94,14.81],[37.88,14.85],[37.82,14.71],[37.71,14.46],[37.65,14.32],[37.57,14.15],[37.55,14.14],[37.51,14.16],[37.35,14.37],[37.26,14.45],[37.19,14.45],[37.13,14.41],[37.1,14.33],[37.06,14.29],[37.02,14.27],[36.94,14.28],[36.81,14.32],[36.68,14.31],[36.54,14.26],[36.52,14.26]]],[[[40.08,16.08],[40.11,15.99],[40.01,16.02],[40.0,16.04],[40.04,16.08],[40.05,16.1],[40.08,16.08]]],[[[40.14,15.7],[40.18,15.64],[40.21,15.65],[40.23,15.67],[40.25,15.7],[40.41,15.63],[40.4,15.58],[40.3,15.58],[40.2,15.6],[40.1,15.59],[39.98,15.61],[39.95,15.7],[40.02,15.66],[40.06,15.67],[40.07,15.68],[40.02,15.73],[39.94,15.74],[39.95,15.79],[39.98,15.81],[40.0,15.83],[39.96,15.89],[40.04,15.88],[40.1,15.84],[40.13,15.8],[40.14,15.7]]]]},"properties":{"iso":"ERI","name":"Eritrea","ha":[6171.4,6172.1,6177.6,6188.7,6208.5,6212.6,6216.8,6233.5,6268.0,6337.4,6353.7,6377.3,6387.9,6384.1,6364.9,6357.0,6342.4,6345.0,6348.1,6363.2,6367.2,6398.6,6437.7,6470.3,6492.5,6496.9,6486.4,6514.3,6570.9,6726.3,6770.2,6867.6,6900.1,6930.5,6984.9,7045.6,7096.0,7148.5,7175.0,7182.1,7154.6],"lo":[5756.1,5756.7,5761.9,5772.2,5790.7,5794.4,5798.4,5814.0,5846.1,5910.9,5926.0,5948.1,5958.0,5954.4,5936.6,5929.1,5915.5,5918.0,5920.9,5934.9,5938.7,5967.9,6004.5,6034.8,6055.5,6059.6,6049.8,6075.9,6128.6,6273.6,6314.5,6405.4,6435.7,6464.1,6514.8,6571.4,6618.4,6667.4,6692.1,6698.7,6673.0],"hi":[6763.9,6764.6,6770.7,6782.8,6804.5,6809.0,6813.6,6831.9,6869.7,6945.8,6963.6,6989.5,7001.1,6996.9,6976.0,6967.2,6951.2,6954.2,6957.5,6974.0,6978.4,7012.8,7055.8,7091.4,7115.8,7120.6,7109.1,7139.7,7201.6,7372.0,7420.1,7526.8,7562.5,7595.8,7655.5,7721.9,7777.2,7834.7,7863.8,7871.6,7841.4]}},{"type":"Feature","geometry":{"type":"MultiPolygon","coordinates":[[[[180.0,-16.17],[179.85,-16.3],[179.79,-16.37],[179.75,-16.45],[179.62,-16.53],[179.56,-16.64],[179.57,-16.75],[179.7,-16.63],[179.84,-16.54],[179.88,-16.52],[179.93,-16.52],[179.93,-16.55],[179.91,-16.58],[179.89,-16.67],[179.93,-16.74],[179.82,-16.74],[179.71,-16.74],[179.59,-16.79],[179.47,-16.81],[179.42,-16.81],[179.38,-16.79],[179.35,-16.77],[179.32,-16.72],[179.3,-16.71],[179.2,-16.71],[179.06,-16.81],[179.01,-16.9],[178.95,-16.9],[178.88,-16.89],[178.8,-16.95],[178.71,-16.98],[178.67,-16.92],[178.64,-16.85],[178.6,-16.8],[178.5,-16.79],[178.51,-16.73],[178.54,-16.7],[178.57,-16.66],[178.58,-16.62],[178.63,-16.65],[178.69,-16.67],[178.74,-16.63],[178.81,-16.63],[178.87,-16.54],[178.96,-16.48],[179.09,-16.44],[179.22,-16.41],[179.29,-16.4],[179.36,-16.38],[179.48,-16.29],[179.55,-16.25],[179.64,-16.22],[179.72,-16.21],[179.79,-16.22],[179.85,-16.21],[180,-16.15],[180.0,-16.17]]],[[[178.28,-17.37],[178.28,-17.42],[178.31,-17.44],[178.34,-17.44],[178.41,-17.52],[178.52,-17.6],[178.59,-17.65],[178.6,-17.7],[178.57,-17.75],[178.6,-17.84],[178.62,-17.93],[178.67,-18.08],[178.6,-18.11],[178.49,-18.11],[178.46,-18.14],[178.42,-18.12],[178.33,-18.14],[178.24,-18.18],[178.16,-18.25],[178.06,-18.25],[177.96,-18.26],[177.85,-18.25],[177.77,-18.22],[177.64,-18.18],[177.46,-18.15],[177.38,-18.12],[177.32,-18.08],[177.26,-17.97],[177.25,-17.91],[177.26,-17.86],[177.32,-17.85],[177.36,-17.82],[177.37,-17.79],[177.39,-17.76],[177.41,-17.75],[177.42,-17.74],[177.41,-17.68],[177.4,-17.63],[177.5,-17.54],[177.62,-17.46],[177.82,-17.39],[177.94,-17.4],[178.13,-17.34],[178.19,-17.31],[178.25,-17.33],[178.28,-17.37]]],[[[-179.97,-16.92],[-180,-16.96],[-180,-16.91],[-180.0,-16.86],[-180,-16.82],[-180,-16.79],[-179.89,-16.7],[-179.86,-16.69],[-179.82,-16.77],[-179.87,-16.85],[-179.97,-16.92]]],[[[180,-16.96],[179.93,-17.0],[179.9,-16.96],[179.93,-16.88],[180,-16.79],[180.0,-16.86],[180,-16.96]]],[[[178.49,-18.97],[178.49,-19.02],[178.36,-19.05],[178.32,-19.01],[178.29,-19.0],[178.21,-19.07],[178.19,-19.09],[178.18,-19.11],[178.16,-19.12],[178.02,-19.15],[177.96,-19.12],[178.0,-19.1],[178.05,-19.06],[178.1,-19.07],[178.16,-19.03],[178.21,-18.97],[178.28,-18.96],[178.33,-18.93],[178.42,-18.95],[178.49,-18.97]]],[[[-178.99,-17.98],[-179.02,-17.99],[-179.04,-17.99],[-179.06,-17.97],[-179.08,-17.94],[-179.05,-17.92],[-179.0,-17.95],[-178.99,-17.98]]],[[[-178.76,-18.23],[-178.77,-18.25],[-178.83,-18.22],[-178.85,-18.2],[-178.79,-18.19],[-178.76,-18.19],[-178.76,-18.23]]],[[[-178.25,-17.95],[-178.31,-17.96],[-178.36,-17.92],[-178.33,-17.88],[-178.28,-17.89],[-178.25,-17.93],[-178.25,-17.95]]],[[[-178.96,-17.27],[-178.98,-17.31],[-179.0,-17.29],[-178.98,-17.24],[-178.97,-17.21],[-179.01,-17.18],[-179.02,-17.16],[-179.01,-17.15],[-178.95,-17.18],[-178.92,-17.21],[-178.91,-17.22],[-178.92,-17.25],[-178.96,-17.27]]],[[[-178.54,-19.17],[-178.55,-19.18],[-178.57,-19.16],[-178.6,-19.15],[-178.6,-19.14],[-178.59,-19.12],[-178.57,-19.11],[-178.56,-19.11],[-178.56,-19.12],[-178.58,-19.13],[-178.57,-19.14],[-178.56,-19.15],[-178.54,-19.16],[-178.54,-19.17]]],[[[-179.8,-18.94],[-179.8,-18.97],[-179.81,-18.97],[-179.83,-18.96],[-179.84,-18.96],[-179.85,-18.97],[-179.85,-18.99],[-179.85,-19.0],[-179.87,-19.0],[-179.87,-18.98],[-179.86,-18.96],[-179.86,-18.94],[-179.83,-18.92],[-179.8,-18.94]]],[[[177.23,-17.15],[177.18,-17.16],[177.21,-17.08],[177.24,-17.06],[177.26,-17.05],[177.29,-17.05],[177.28,-17.1],[177.23,-17.15]]],[[[179.42,-17.37],[179.39,-17.39],[179.37,-17.26],[179.41,-17.26],[179.43,-17.27],[179.45,-17.31],[179.42,-17.37]]],[[[179.35,-18.1],[179.34,-18.11],[179.25,-18.03],[179.26,-18.0],[179.27,-17.97],[179.31,-17.94],[179.34,-17.99],[179.36,-18.07],[179.35,-18.1]]],[[[178.83,-17.73],[178.78,-17.75],[178.75,-17.69],[178.79,-17.62],[178.83,-17.62],[178.85,-17.68],[178.83,-17.73]]],[[[-179.93,-16.5],[-180.0,-16.54],[-180.0,-16.49],[-179.94,-16.44],[-179.9,-16.43],[-179.93,-16.48],[-179.93,-16.5]]],[[[-179.96,-16.15],[-180,-16.17],[-180,-16.16],[-180,-16.15],[-179.97,-16.13],[-179.94,-16.13],[-179.96,-16.15]]],[[[180,-16.54],[179.99,-16.54],[179.98,-16.52],[180,-16.49],[180,-16.54]]],[[[177.12,-12.51],[177.08,-12.52],[177.02,-12.51],[177.01,-12.49],[177.03,-12.49],[177.07,-12.48],[177.12,-12.48],[177.13,-12.49],[177.12,-12.51]]],[[[174.63,-21.7],[174.62,-21.71],[174.59,-21.7],[174.59,-21.68],[174.6,-21.67],[174.63,-21.68],[174.63,-21.7]]],[[[-178.71,-20.67],[-178.71,-20.67],[-178.71,-20.67],[-178.72,-20.67],[-178.73,-20.66],[-178.73,-20.65],[-178.73,-20.65],[-178.72,-20.65],[-178.72,-20.65],[-178.71,-20.66],[-178.71,-20.67]]]]},"properties":{"iso":"FJI","name":"Fiji","ha":[50347.4,50347.4,50347.4,50347.4,50347.9,50348.7,50346.6,50346.6,50348.0,50250.9,50251.6,50251.2,50263.6,50276.4,49305.3,49699.0,49728.8,49745.9,49790.4,50019.8,50285.7,50501.1,50717.6,51021.6,51629.9,51873.7,51717.7,51413.5,51367.1,51557.6,51734.8,51794.9,52063.1,52298.9,52355.2,52349.7,52499.0,52725.4,52765.4,52399.1,53709.7],"lo":[46958.9,46958.9,46958.9,46958.9,46959.3,46960.1,46958.1,46958.2,46959.5,46868.9,46869.5,46869.2,46880.7,46892.6,45986.9,46354.1,46381.9,46397.8,46439.3,46653.4,46901.4,47102.2,47304.2,47587.7,48155.0,48382.4,48236.9,47953.2,47909.9,48087.6,48252.9,48308.9,48559.1,48779.0,48831.5,48826.4,48965.7,49176.8,49214.1,48872.5,50094.9],"hi":[55180.6,55180.6,55180.6,55180.6,55181.1,55182.0,55179.7,55179.8,55181.3,55074.8,55075.5,55075.2,55088.7,55102.7,54038.4,54469.9,54502.6,54521.3,54570.1,54821.6,55113.0,55349.0,55586.3,55919.5,56586.2,56853.4,56682.4,56349.0,56298.1,56506.9,56701.1,56767.0,57061.0,57319.4,57381.1,57375.1,57538.8,57786.9,57830.7,57429.3,58865.6]}},{"type":"Feature","geometry":{"type":"MultiPolygon","coordinates":[[[[162.98,5.33],[162.99,5.28],[162.93,5.3],[162.92,5.32],[162.96,5.34],[162.98,5.33]]],[[[138.14,9.5],[138.07,9.42],[138.06,9.45],[138.09,9.49],[138.12,9.55],[138.15,9.58],[138.19,9.59],[138.21,9.55],[138.18,9.51],[138.14,9.5]]],[[[151.65,7.35],[151.64,7.33],[151.58,7.34],[151.57,7.35],[151.58,7.35],[151.6,7.36],[151.61,7.38],[151.59,7.38],[151.61,7.39],[151.63,7.39],[151.64,7.38],[151.65,7.36],[151.65,7.35]]],[[[151.88,7.43],[151.86,7.43],[151.86,7.43],[151.86,7.46],[151.87,7.47],[151.88,7.47],[151.91,7.46],[151.91,7.45],[151.88,7.43]]],[[[158.31,6.81],[158.26,6.79],[158.18,6.8],[158.16,6.88],[158.13,6.9],[158.13,6.94],[158.19,6.98],[158.29,6.95],[158.33,6.89],[158.31,6.85],[158.31,6.81]]]]},"properties":{"iso":"FSM","name":"Micronesia,  Federated States of","ha":[7949.5,7949.5,7949.5,7949.5,7949.5,7949.5,7949.5,7949.5,7949.5,7949.8,7949.8,7949.8,7948.3,7994.9,8549.3,8825.0,8904.0,8969.6,9033.4,9172.9,9282.1,9318.0,9359.6,9404.6,9468.1,9517.0,9526.7,9512.6,9496.5,9521.2,9527.1,9529.5,9562.3,9616.3,9656.3,9688.3,9716.1,9733.5,9612.6,9558.7,9634.2],"lo":[7414.5,7414.5,7414.5,7414.5,7414.5,7414.5,7414.5,7414.5,7414.5,7414.8,7414.8,7414.8,7413.4,7456.8,7973.9,8231.1,8304.7,8366.0,8425.4,8555.6,8657.4,8690.9,8729.7,8771.7,8830.9,8876.5,8885.5,8872.4,8857.4,8880.4,8885.9,8888.1,8918.7,8969.1,9006.4,9036.3,9062.2,9078.4,8965.6,8915.4,8985.8],"hi":[8712.7,8712.7,8712.7,8712.7,8712.7,8712.7,8712.7,8712.7,8712.7,8713.0,8713.0,8713.0,8711.3,8762.4,9370.0,9672.2,9758.7,9830.7,9900.6,10053.5,10173.1,10212.5,10258.1,10307.4,10377.0,10430.7,10441.2,10425.8,10408.2,10435.2,10441.7,10444.3,10480.2,10539.4,10583.3,10618.4,10648.8,10667.8,10535.4,10476.3,10559.1]}},{"type":"Feature","geometry":{"type":"MultiPolygon","coordinates":[[[[13.29,2.16],[13.29,2.09],[13.21,1.92],[13.17,1.79],[13.16,1.65],[13.18,1.54],[13.22,1.45],[13.25,1.37],[13.23,1.31],[13.19,1.28],[13.22,1.25],[13.27,1.24],[13.37,1.27],[13.52,1.31],[13.72,1.38],[13.85,1.42],[14.07,1.4],[14.18,1.37],[14.24,1.32],[14.3,1.12],[14.33,1.09],[14.39,1.0],[14.43,0.9],[14.44,0.85],[14.43,0.81],[14.39,0.76],[14.34,0.67],[14.32,0.62],[14.28,0.59],[14.23,0.55],[14.09,0.54],[14.07,0.51],[14.03,0.43],[13.95,0.35],[13.92,0.28],[13.88,0.19],[13.89,0.08],[13.88,-0.09],[13.86,-0.2],[13.9,-0.24],[14.07,-0.27],[14.1,-0.29],[14.15,-0.36],[14.21,-0.43],[14.36,-0.47],[14.42,-0.52],[14.47,-0.57],[14.48,-0.62],[14.44,-0.8],[14.41,-0.97],[14.42,-1.1],[14.44,-1.23],[14.46,-1.41],[14.45,-1.53],[14.4,-1.59],[14.4,-1.65],[14.42,-1.71],[14.38,-1.89],[14.36,-1.92],[14.29,-1.95],[14.25,-2.0],[14.24,-2.08],[14.2,-2.18],[14.16,-2.22],[14.16,-2.27],[14.2,-2.3],[14.2,-2.35],[14.13,-2.42],[14.09,-2.47],[13.99,-2.49],[13.89,-2.47],[13.86,-2.43],[13.89,-2.37],[13.88,-2.33],[13.84,-2.28],[13.78,-2.16],[13.73,-2.14],[13.71,-2.19],[13.62,-2.28],[13.46,-2.4],[13.36,-2.4],[13.16,-2.37],[12.99,-2.31],[12.91,-2.18],[12.86,-2.06],[12.79,-1.93],[12.71,-1.87],[12.63,-1.83],[12.59,-1.83],[12.47,-1.9],[12.43,-1.93],[12.43,-1.99],[12.44,-2.05],[12.46,-2.08],[12.48,-2.11],[12.48,-2.17],[12.45,-2.25],[12.45,-2.33],[12.06,-2.41],[12.0,-2.38],[11.95,-2.34],[11.89,-2.35],[11.73,-2.39],[11.67,-2.36],[11.61,-2.34],[11.58,-2.36],[11.58,-2.4],[11.6,-2.6],[11.59,-2.67],[11.56,-2.77],[11.54,-2.84],[11.64,-2.86],[11.68,-2.89],[11.71,-2.94],[11.76,-2.98],[11.76,-3.01],[11.71,-3.06],[11.69,-3.13],[11.72,-3.18],[11.78,-3.23],[11.89,-3.28],[11.93,-3.32],[11.93,-3.35],[11.88,-3.42],[11.86,-3.48],[11.83,-3.53],[11.84,-3.58],[11.88,-3.63],[11.88,-3.67],[11.85,-3.7],[11.79,-3.69],[11.73,-3.69],[11.69,-3.68],[11.54,-3.52],[11.5,-3.52],[11.29,-3.64],[11.23,-3.69],[11.19,-3.76],[11.13,-3.92],[11.03,-3.83],[10.95,-3.66],[10.85,-3.56],[10.64,-3.4],[10.59,-3.28],[10.35,-3.01],[10.01,-2.75],[9.76,-2.52],[9.72,-2.47],[9.76,-2.47],[10.0,-2.59],[10.03,-2.58],[10.06,-2.55],[9.96,-2.49],[9.86,-2.44],[9.77,-2.41],[9.68,-2.42],[9.62,-2.37],[9.59,-2.29],[9.57,-2.23],[9.53,-2.16],[9.4,-2.03],[9.37,-1.98],[9.3,-1.9],[9.34,-1.89],[9.48,-1.96],[9.5,-1.93],[9.48,-1.89],[9.34,-1.83],[9.27,-1.83],[9.25,-1.78],[9.26,-1.73],[9.16,-1.53],[9.05,-1.38],[9.04,-1.31],[9.32,-1.63],[9.36,-1.64],[9.41,-1.63],[9.52,-1.6],[9.5,-1.56],[9.45,-1.51],[9.4,-1.53],[9.33,-1.53],[9.3,-1.52],[9.28,-1.48],[9.35,-1.32],[9.32,-1.33],[9.3,-1.36],[9.26,-1.37],[9.2,-1.38],[9.06,-1.3],[8.94,-1.07],[8.91,-1.02],[8.88,-0.95],[8.84,-0.91],[8.7,-0.59],[8.76,-0.61],[8.82,-0.71],[8.95,-0.69],[9.0,-0.63],[9.04,-0.64],[9.08,-0.62],[9.14,-0.57],[9.3,-0.35],[9.34,-0.06],[9.33,0.12],[9.3,0.29],[9.35,0.34],[9.38,0.31],[9.39,0.25],[9.41,0.2],[9.47,0.16],[9.57,0.15],[9.74,0.08],[9.8,0.04],[9.81,0.13],[10.0,0.19],[9.94,0.22],[9.78,0.19],[9.55,0.3],[9.47,0.36],[9.4,0.49],[9.32,0.55],[9.33,0.61],[9.5,0.66],[9.54,0.66],[9.56,0.59],[9.6,0.57],[9.62,0.58],[9.63,0.63],[9.63,0.78],[9.58,0.99],[9.59,1.03],[9.64,1.05],[9.68,1.07],[9.7,1.08],[9.76,1.07],[9.79,1.03],[9.8,1.0],[9.86,0.99],[9.91,0.96],[9.95,0.97],[9.98,1.0],[10.03,1.0],[10.18,1.0],[10.32,1.0],[10.59,1.0],[10.86,1.0],[11.13,1.0],[11.34,1.0],[11.33,1.12],[11.33,1.31],[11.33,1.53],[11.33,1.74],[11.33,1.94],[11.33,2.17],[11.34,2.23],[11.35,2.26],[11.35,2.3],[11.56,2.3],[11.94,2.29],[12.11,2.29],[12.15,2.28],[12.36,2.3],[12.53,2.28],[12.6,2.27],[12.67,2.26],[12.87,2.25],[13.13,2.26],[13.22,2.26],[13.27,2.22],[13.29,2.16]]]]},"properties":{"iso":"GAB","name":"Gabon","ha":[187335.7,187328.4,187370.4,187501.6,187633.6,187786.7,187838.9,187848.1,187865.8,187772.6,187773.2,187764.3,187846.1,187948.3,184563.4,184995.9,184921.9,185066.4,185321.4,185259.2,185953.8,186600.3,187831.0,188910.2,190044.6,189868.2,189374.2,188542.4,187801.1,187193.3,187483.1,187774.0,188055.3,188643.0,189575.5,190087.8,189963.9,189563.2,189150.6,189196.5,189240.6],"lo":[174727.4,174720.7,174759.9,174882.1,175005.3,175148.1,175196.8,175205.4,175221.9,175135.0,175135.5,175127.2,175203.5,175298.9,172141.7,172545.1,172476.1,172610.9,172848.7,172790.7,173438.5,174041.5,175189.4,176196.0,177254.0,177089.5,176628.8,175852.9,175161.6,174594.6,174864.9,175136.2,175398.6,175946.8,176816.5,177294.3,177178.7,176805.1,176420.2,176463.0,176504.1],"hi":[205319.3,205311.4,205357.4,205501.1,205645.8,205813.7,205870.8,205881.0,205900.4,205798.2,205798.8,205789.0,205878.7,205990.8,202280.9,202754.9,202673.8,202832.2,203111.7,203043.5,203804.8,204513.3,205862.2,207045.0,208288.3,208095.0,207553.6,206641.8,205829.5,205163.3,205480.9,205799.7,206108.0,206752.2,207774.2,208335.6,208199.8,207760.7,207308.5,207358.7,207407.1]}},{"type":"Feature","geometry":{"type":"MultiPolygon","coordinates":[[[[-0.07,11.12],[-0.0,11.06],[0.01,11.02],[-0.01,10.89],[-0.06,10.8],[-0.09,10.72],[-0.09,10.67],[-0.06,10.63],[0.04,10.56],[0.09,10.52],[0.15,10.45],[0.22,10.39],[0.33,10.31],[0.38,10.29],[0.38,10.27],[0.36,10.24],[0.35,9.92],[0.34,9.84],[0.33,9.8],[0.32,9.69],[0.31,9.67],[0.29,9.67],[0.27,9.67],[0.26,9.64],[0.27,9.62],[0.34,9.6],[0.33,9.59],[0.28,9.57],[0.25,9.54],[0.26,9.5],[0.23,9.46],[0.24,9.44],[0.26,9.43],[0.29,9.43],[0.37,9.49],[0.41,9.49],[0.45,9.48],[0.53,9.4],[0.53,9.36],[0.5,9.22],[0.47,9.12],[0.46,8.97],[0.49,8.89],[0.49,8.85],[0.45,8.81],[0.37,8.76],[0.38,8.72],[0.42,8.65],[0.48,8.58],[0.62,8.48],[0.69,8.35],[0.69,8.3],[0.65,8.25],[0.6,8.21],[0.58,8.15],[0.61,7.73],[0.5,7.55],[0.5,7.5],[0.51,7.44],[0.54,7.4],[0.59,7.39],[0.63,7.35],[0.62,7.23],[0.6,7.1],[0.59,7.03],[0.58,7.0],[0.54,6.98],[0.52,6.94],[0.53,6.89],[0.53,6.85],[0.55,6.8],[0.6,6.74],[0.67,6.59],[0.7,6.58],[0.72,6.55],[0.71,6.52],[0.74,6.45],[0.82,6.39],[0.91,6.33],[0.98,6.32],[1.0,6.27],[1.05,6.2],[1.08,6.17],[1.14,6.16],[1.19,6.15],[1.19,6.09],[1.11,6.05],[1.05,5.99],[1.01,5.91],[0.95,5.81],[0.75,5.76],[0.67,5.76],[0.26,5.76],[-0.13,5.57],[-0.35,5.5],[-0.49,5.39],[-0.67,5.32],[-0.8,5.23],[-1.06,5.18],[-1.5,5.04],[-1.64,4.98],[-1.78,4.88],[-2.0,4.76],[-2.09,4.76],[-2.27,4.87],[-2.4,4.93],[-2.72,5.01],[-2.96,5.05],[-3.08,5.08],[-3.11,5.09],[-3.09,5.13],[-3.02,5.13],[-2.95,5.12],[-2.89,5.15],[-2.82,5.15],[-2.8,5.18],[-2.79,5.26],[-2.79,5.33],[-2.76,5.36],[-2.75,5.43],[-2.79,5.6],[-2.82,5.62],[-2.96,5.64],[-2.97,5.68],[-3.0,5.71],[-3.03,5.8],[-3.06,5.93],[-3.11,6.09],[-3.2,6.35],[-3.22,6.44],[-3.24,6.54],[-3.24,6.65],[-3.22,6.69],[-3.23,6.75],[-3.24,6.81],[-3.17,6.94],[-3.04,7.1],[-3.01,7.16],[-2.99,7.2],[-2.98,7.26],[-2.96,7.45],[-2.9,7.69],[-2.86,7.77],[-2.83,7.82],[-2.8,7.9],[-2.79,7.93],[-2.67,8.02],[-2.61,8.05],[-2.6,8.08],[-2.62,8.12],[-2.61,8.15],[-2.58,8.16],[-2.54,8.17],[-2.51,8.21],[-2.56,8.49],[-2.6,8.78],[-2.6,8.8],[-2.62,8.84],[-2.65,8.96],[-2.69,9.03],[-2.75,9.05],[-2.75,9.11],[-2.69,9.22],[-2.67,9.28],[-2.7,9.3],[-2.71,9.35],[-2.69,9.43],[-2.7,9.48],[-2.71,9.53],[-2.77,9.66],[-2.78,9.75],[-2.75,9.8],[-2.75,9.91],[-2.78,10.08],[-2.79,10.19],[-2.77,10.24],[-2.78,10.28],[-2.82,10.32],[-2.82,10.36],[-2.79,10.4],[-2.79,10.43],[-2.84,10.45],[-2.88,10.51],[-2.91,10.59],[-2.91,10.73],[-2.84,10.98],[-2.83,11.0],[-2.75,11.0],[-2.75,10.99],[-2.51,10.99],[-2.23,10.99],[-1.9,10.99],[-1.6,11.0],[-1.59,11.01],[-1.54,11.02],[-1.23,11.0],[-1.04,11.01],[-0.96,11.0],[-0.9,10.98],[-0.77,11.0],[-0.7,10.99],[-0.65,10.93],[-0.63,10.93],[-0.6,10.95],[-0.55,10.98],[-0.49,11.01],[-0.45,11.06],[-0.43,11.09],[-0.4,11.09],[-0.35,11.09],[-0.31,11.12],[-0.3,11.17],[-0.07,11.12]]]]},"properties":{"iso":"GHA","name":"Ghana","ha":[5777.5,5757.3,5759.0,5767.2,5818.6,5987.2,5982.8,5972.3,5963.1,5734.3,5766.4,5776.3,5795.4,5819.0,5840.0,6117.1,6154.1,6161.9,6223.4,6320.6,6481.1,6624.0,6832.6,7051.7,7333.8,7460.0,7455.9,7438.5,7494.3,7779.5,8034.5,8172.7,8411.2,8683.5,8854.4,8920.5,8825.5,8582.0,8149.4,8075.0,7786.6],"lo":[5388.7,5369.8,5371.4,5379.0,5427.0,5584.2,5580.2,5570.4,5561.8,5348.4,5378.3,5387.6,5405.3,5427.4,5447.0,5705.4,5739.9,5747.2,5804.6,5895.2,6044.9,6178.1,6372.8,6577.1,6840.2,6957.9,6954.1,6937.9,6989.9,7255.9,7493.7,7622.7,7845.1,8099.1,8258.5,8320.1,8231.5,8004.4,7600.9,7531.5,7262.5],"hi":[6332.1,6309.9,6311.8,6320.8,6377.2,6561.9,6557.2,6545.7,6535.6,6284.8,6320.0,6330.8,6351.7,6377.6,6400.7,6704.3,6744.9,6753.5,6820.8,6927.4,7103.2,7259.8,7488.5,7728.6,8037.8,8176.1,8171.7,8152.6,8213.7,8526.3,8805.8,8957.3,9218.7,9517.1,9704.4,9776.9,9672.7,9405.9,8931.8,8850.2,8534.1]}},{"type":"Feature","geometry":{"type":"MultiPolygon","coordinates":[[[[-10.28,8.49],[-10.36,8.5],[-10.39,8.48],[-10.5,8.36],[-10.56,8.32],[-10.6,8.32],[-10.65,8.33],[-10.69,8.32],[-10.71,8.34],[-10.7,8.36],[-10.68,8.4],[-10.63,8.53],[-10.5,8.66],[-10.5,8.69],[-10.55,8.76],[-10.61,8.87],[-10.61,8.98],[-10.62,9.06],[-10.73,9.08],[-10.75,9.1],[-10.75,9.12],[-10.72,9.19],[-10.69,9.26],[-10.68,9.29],[-10.69,9.31],[-10.76,9.39],[-10.86,9.52],[-10.96,9.66],[-11.05,9.79],[-11.12,9.84],[-11.18,9.93],[-11.21,9.98],[-11.27,10.0],[-11.47,10.0],[-11.71,9.99],[-11.91,9.99],[-11.92,9.92],[-12.14,9.88],[-12.28,9.93],[-12.43,9.9],[-12.5,9.86],[-12.52,9.79],[-12.56,9.7],[-12.59,9.67],[-12.6,9.63],[-12.62,9.6],[-12.65,9.56],[-12.68,9.48],[-12.76,9.37],[-12.83,9.3],[-12.96,9.26],[-13.0,9.15],[-13.03,9.1],[-13.08,9.07],[-13.13,9.05],[-13.18,9.06],[-13.23,9.07],[-13.29,9.05],[-13.3,9.08],[-13.27,9.17],[-13.3,9.22],[-13.4,9.31],[-13.41,9.36],[-13.44,9.42],[-13.57,9.54],[-13.69,9.54],[-13.66,9.64],[-13.66,9.78],[-13.7,9.85],[-13.69,9.93],[-13.71,9.92],[-13.75,9.87],[-13.82,9.89],[-13.95,9.97],[-14.02,10.05],[-14.03,10.12],[-14.05,10.14],[-14.09,10.13],[-14.17,10.13],[-14.43,10.25],[-14.61,10.55],[-14.61,10.62],[-14.59,10.73],[-14.59,10.77],[-14.68,10.69],[-14.69,10.74],[-14.76,10.86],[-14.78,10.93],[-14.84,10.96],[-14.89,10.97],[-14.92,10.94],[-14.97,10.8],[-15.01,10.8],[-15.05,10.83],[-15.04,10.94],[-15.0,10.99],[-14.94,11.07],[-14.78,11.41],[-14.72,11.48],[-14.68,11.51],[-14.6,11.51],[-14.45,11.56],[-14.33,11.63],[-14.27,11.66],[-14.12,11.65],[-13.95,11.66],[-13.73,11.74],[-13.73,11.83],[-13.73,11.96],[-13.74,12.01],[-13.82,12.05],[-13.86,12.09],[-13.9,12.14],[-13.95,12.18],[-13.95,12.22],[-13.89,12.25],[-13.85,12.26],[-13.76,12.26],[-13.73,12.28],[-13.71,12.31],[-13.68,12.39],[-13.67,12.48],[-13.73,12.59],[-13.73,12.67],[-13.41,12.66],[-13.37,12.65],[-13.23,12.64],[-13.14,12.64],[-13.08,12.63],[-13.06,12.62],[-13.06,12.58],[-13.08,12.54],[-13.06,12.49],[-13.01,12.48],[-12.99,12.49],[-12.96,12.51],[-12.93,12.53],[-12.89,12.52],[-12.8,12.45],[-12.71,12.43],[-12.62,12.4],[-12.53,12.38],[-12.46,12.38],[-12.4,12.34],[-12.29,12.33],[-12.15,12.38],[-12.04,12.4],[-11.89,12.4],[-11.81,12.39],[-11.57,12.43],[-11.46,12.42],[-11.39,12.4],[-11.42,12.38],[-11.45,12.32],[-11.47,12.25],[-11.5,12.2],[-11.49,12.17],[-11.41,12.1],[-11.31,12.02],[-11.26,12.0],[-11.21,12.02],[-11.13,12.1],[-11.07,12.17],[-11.0,12.21],[-10.93,12.21],[-10.88,12.15],[-10.81,12.03],[-10.74,11.93],[-10.73,11.92],[-10.71,11.9],[-10.68,11.9],[-10.64,11.93],[-10.62,11.94],[-10.59,11.99],[-10.47,12.14],[-10.37,12.18],[-10.34,12.19],[-10.27,12.21],[-10.17,12.18],[-10.01,12.12],[-9.82,12.04],[-9.75,12.03],[-9.71,12.04],[-9.66,12.14],[-9.59,12.18],[-9.49,12.23],[-9.4,12.25],[-9.36,12.26],[-9.34,12.28],[-9.33,12.32],[-9.34,12.37],[-9.39,12.44],[-9.4,12.46],[-9.37,12.48],[-9.3,12.49],[-9.22,12.48],[-9.12,12.45],[-9.04,12.4],[-9.0,12.35],[-8.95,12.23],[-8.91,12.11],[-8.82,11.92],[-8.82,11.81],[-8.82,11.67],[-8.78,11.65],[-8.73,11.64],[-8.71,11.62],[-8.66,11.51],[-8.62,11.49],[-8.57,11.48],[-8.47,11.41],[-8.41,11.39],[-8.4,11.37],[-8.4,11.34],[-8.43,11.3],[-8.46,11.28],[-8.52,11.24],[-8.57,11.18],[-8.66,11.04],[-8.67,11.01],[-8.65,10.99],[-8.61,10.99],[-8.56,11.0],[-8.47,11.05],[-8.4,11.03],[-8.34,10.99],[-8.31,10.95],[-8.31,10.9],[-8.32,10.83],[-8.32,10.75],[-8.3,10.62],[-8.27,10.49],[-8.23,10.44],[-8.01,10.32],[-7.99,10.28],[-7.97,10.23],[-7.99,10.16],[-8.01,10.13],[-8.08,10.07],[-8.14,10.02],[-8.16,9.97],[-8.15,9.88],[-8.15,9.67],[-8.14,9.5],[-8.09,9.43],[-8.03,9.4],[-7.96,9.4],[-7.9,9.42],[-7.9,9.31],[-7.92,9.19],[-7.84,9.15],[-7.8,9.12],[-7.78,9.08],[-7.9,9.02],[-7.94,8.98],[-7.95,8.88],[-7.95,8.79],[-7.78,8.72],[-7.72,8.64],[-7.69,8.56],[-7.68,8.41],[-7.7,8.38],[-7.74,8.38],[-7.79,8.42],[-7.82,8.47],[-7.87,8.47],[-7.95,8.48],[-8.05,8.5],[-8.17,8.49],[-8.21,8.48],[-8.24,8.46],[-8.24,8.41],[-8.26,8.25],[-8.22,8.22],[-8.14,8.18],[-8.09,8.17],[-8.05,8.17],[-8.02,8.14],[-8.01,8.08],[-8.03,8.03],[-8.07,7.98],[-8.13,7.87],[-8.12,7.82],[-8.12,7.76],[-8.21,7.59],[-8.23,7.56],[-8.35,7.59],[-8.43,7.6],[-8.49,7.56],[-8.52,7.59],[-8.56,7.63],[-8.58,7.68],[-8.61,7.69],[-8.66,7.69],[-8.71,7.66],[-8.73,7.61],[-8.73,7.54],[-8.74,7.5],[-8.77,7.47],[-8.83,7.39],[-8.86,7.32],[-8.89,7.26],[-8.94,7.27],[-8.96,7.27],[-8.98,7.26],[-9.05,7.23],[-9.12,7.22],[-9.13,7.25],[-9.17,7.28],[-9.22,7.33],[-9.26,7.38],[-9.36,7.41],[-9.39,7.39],[-9.44,7.4],[-9.46,7.42],[-9.46,7.44],[-9.41,7.51],[-9.38,7.57],[-9.37,7.64],[-9.37,7.7],[-9.39,7.79],[-9.44,7.87],[-9.45,7.91],[-9.44,7.97],[-9.45,8.02],[-9.46,8.05],[-9.47,8.11],[-9.48,8.16],[-9.51,8.18],[-9.52,8.26],[-9.52,8.35],[-9.55,8.38],[-9.61,8.4],[-9.64,8.44],[-9.66,8.47],[-9.68,8.48],[-9.7,8.48],[-9.72,8.46],[-9.74,8.45],[-9.77,8.53],[-9.78,8.54],[-9.8,8.52],[-10.06,8.43],[-10.08,8.46],[-10.1,8.51],[-10.15,8.52],[-10.23,8.49],[-10.28,8.49]]]]},"properties":{"iso":"GIN","name":"Guinea","ha":[234596.8,234760.2,235723.8,236449.4,238871.6,239231.8,239199.9,238983.9,238742.6,232303.2,232668.4,232500.4,232520.7,232819.6,233725.7,234412.0,234208.7,233948.7,234120.7,234296.1,234881.7,234596.7,234732.9,234928.3,234519.3,232781.6,230766.3,228532.7,226394.1,222153.1,222095.6,222089.6,221104.9,220552.9,220829.6,221603.9,221929.6,220958.1,220723.4,220653.0,218557.0],"lo":[218807.7,218960.1,219858.9,220535.7,222794.9,223130.8,223101.0,222899.6,222674.6,216668.5,217009.2,216852.4,216871.3,217150.2,217995.3,218635.4,218445.8,218203.3,218363.7,218527.3,219073.5,218807.7,218934.7,219116.9,218735.5,217114.7,215235.1,213151.7,211157.1,207201.6,207147.9,207142.3,206223.9,205709.0,205967.1,206689.3,206993.1,206087.0,205868.0,205802.4,203847.5],"hi":[257117.3,257296.4,258352.6,259147.9,261802.6,262197.3,262162.3,261925.7,261661.2,254603.6,255003.9,254819.7,254841.9,255169.6,256162.7,256914.8,256692.0,256407.1,256595.6,256787.8,257429.6,257117.3,257266.5,257480.7,257032.5,255128.0,252919.2,250471.1,248127.2,243479.2,243416.1,243409.5,242330.3,241725.3,242028.6,242877.2,243234.2,242169.4,241912.1,241835.0,239537.8]}},{"type":"Feature","geometry":{"type":"MultiPolygon","coordinates":[[[[-61.33,16.23],[-61.44,16.22],[-61.52,16.23],[-61.54,16.3],[-61.5,16.36],[-61.53,16.43],[-61.51,16.48],[-61.47,16.51],[-61.41,16.47],[-61.4,16.41],[-61.36,16.36],[-61.17,16.26],[-61.33,16.23]]],[[[-61.59,16.01],[-61.67,15.96],[-61.71,15.98],[-61.76,16.06],[-61.79,16.3],[-61.77,16.34],[-61.75,16.36],[-61.64,16.33],[-61.6,16.29],[-61.55,16.27],[-61.58,16.23],[-61.56,16.05],[-61.59,16.01]]],[[[-61.23,15.89],[-61.29,15.89],[-61.31,15.89],[-61.32,15.95],[-61.28,16.0],[-61.25,16.01],[-61.21,15.96],[-61.2,15.92],[-61.23,15.89]]]]},"properties":{"iso":"GLP","name":"Guadeloupe","ha":[2892.7,2891.0,2887.5,2886.2,2719.8,2719.9,2720.0,2720.1,2720.2,2732.6,2732.6,2732.6,2731.9,2753.0,2940.9,2997.6,3037.6,3059.6,3090.9,3157.1,3200.0,3201.5,3222.1,3259.5,3321.4,3348.3,3337.5,3317.0,3315.3,3327.3,3340.3,3343.1,3340.4,3347.5,3361.2,3373.9,3385.4,3389.3,3404.5,3410.6,3441.7],"lo":[2698.0,2696.4,2693.1,2692.0,2536.7,2536.9,2537.0,2537.0,2537.1,2548.7,2548.7,2548.7,2548.0,2567.7,2743.0,2795.9,2833.2,2853.6,2882.8,2944.6,2984.6,2986.0,3005.3,3040.2,3097.9,3122.9,3112.9,3093.8,3092.1,3103.3,3115.5,3118.1,3115.5,3122.2,3135.0,3146.9,3157.5,3161.2,3175.4,3181.1,3210.0],"hi":[3170.4,3168.5,3164.7,3163.3,2980.9,2981.1,2981.1,2981.2,2981.3,2994.9,2994.9,2994.9,2994.1,3017.3,3223.3,3285.4,3329.2,3353.3,3387.6,3460.1,3507.1,3508.8,3531.4,3572.4,3640.2,3669.7,3657.9,3635.4,3633.5,3646.7,3660.9,3664.1,3661.0,3668.8,3683.8,3697.8,3710.3,3714.7,3731.3,3738.0,3772.1]}},{"type":"Feature","geometry":{"type":"MultiPolygon","coordinates":[[[[-16.56,13.59],[-16.31,13.6],[-16.0,13.59],[-15.67,13.59],[-15.51,13.59],[-15.43,13.73],[-15.27,13.79],[-15.11,13.81],[-15.02,13.81],[-14.94,13.79],[-14.77,13.67],[-14.66,13.64],[-14.57,13.62],[-14.51,13.56],[-14.41,13.5],[-14.33,13.49],[-14.28,13.5],[-14.2,13.52],[-14.15,13.54],[-13.98,13.54],[-13.85,13.48],[-13.83,13.41],[-13.85,13.34],[-14.01,13.3],[-14.25,13.24],[-14.44,13.27],[-14.67,13.35],[-14.81,13.41],[-14.87,13.43],[-14.95,13.47],[-15.02,13.51],[-15.1,13.54],[-15.15,13.56],[-15.19,13.54],[-15.21,13.49],[-15.24,13.43],[-15.29,13.4],[-15.48,13.38],[-15.66,13.36],[-15.75,13.34],[-15.81,13.33],[-15.83,13.16],[-16.03,13.16],[-16.23,13.16],[-16.43,13.16],[-16.65,13.15],[-16.7,13.12],[-16.76,13.06],[-16.77,13.15],[-16.82,13.34],[-16.75,13.43],[-16.67,13.47],[-16.61,13.44],[-16.6,13.36],[-16.56,13.3],[-16.41,13.27],[-16.27,13.29],[-16.19,13.28],[-16.19,13.33],[-16.16,13.38],[-15.99,13.41],[-15.8,13.43],[-15.62,13.46],[-15.47,13.46],[-15.43,13.47],[-15.44,13.48],[-15.57,13.5],[-15.85,13.46],[-16.14,13.45],[-16.35,13.34],[-16.44,13.35],[-16.53,13.46],[-16.56,13.59]]]]},"properties":{"iso":"GMB","name":"The Gambia","ha":[61709.0,61729.0,62069.7,62647.3,63875.1,64125.4,64175.5,64132.0,63755.1,61807.6,61430.2,61363.3,61381.9,61537.4,62536.0,62737.1,62762.1,62702.2,62857.3,63507.1,64095.7,64375.0,64607.7,65039.5,65775.5,66313.1,66360.3,66520.1,66876.8,67696.9,68229.1,68719.3,68829.8,68973.6,68961.7,69198.5,69483.4,69802.8,69886.7,69633.8,69632.3],"lo":[57555.8,57574.4,57892.2,58430.9,59576.1,59809.6,59856.3,59815.7,59464.2,57647.8,57295.8,57233.3,57250.7,57395.8,58327.2,58514.7,58538.0,58482.2,58626.9,59232.9,59781.8,60042.3,60259.4,60662.2,61348.6,61850.0,61894.1,62043.1,62375.8,63140.7,63637.0,64094.3,64197.3,64331.5,64320.4,64541.3,64806.9,65104.9,65183.1,64947.2,64945.9],"hi":[67632.9,67654.8,68028.2,68661.2,70006.9,70281.2,70336.1,70288.4,69875.4,67741.0,67327.3,67254.0,67274.4,67444.8,68539.3,68759.7,68787.1,68721.5,68891.5,69603.6,70248.7,70554.8,70809.9,71283.1,72089.8,72678.9,72730.7,72905.9,73296.8,74195.6,74778.8,75316.2,75437.2,75594.8,75581.9,75841.4,76153.6,76503.7,76595.6,76318.4,76316.8]}},{"type":"Feature","geometry":{"type":"MultiPolygon","coordinates":[[[[-16.71,12.35],[-16.66,12.36],[-16.52,12.35],[-16.42,12.37],[-16.34,12.4],[-16.24,12.44],[-16.14,12.46],[-15.84,12.44],[-15.57,12.49],[-15.38,12.59],[-15.2,12.68],[-14.96,12.68],[-14.71,12.68],[-14.35,12.68],[-14.06,12.68],[-13.73,12.67],[-13.73,12.59],[-13.67,12.48],[-13.68,12.39],[-13.71,12.31],[-13.73,12.28],[-13.76,12.26],[-13.85,12.26],[-13.89,12.25],[-13.95,12.22],[-13.95,12.18],[-13.9,12.14],[-13.86,12.09],[-13.82,12.05],[-13.74,12.01],[-13.73,11.96],[-13.73,11.83],[-13.73,11.74],[-13.95,11.66],[-14.12,11.65],[-14.27,11.66],[-14.33,11.63],[-14.45,11.56],[-14.6,11.51],[-14.68,11.51],[-14.72,11.48],[-14.78,11.41],[-14.94,11.07],[-15.0,10.99],[-15.04,10.94],[-15.09,11.01],[-15.05,11.14],[-15.1,11.14],[-15.18,11.03],[-15.22,11.03],[-15.22,11.16],[-15.26,11.16],[-15.32,11.15],[-15.39,11.22],[-15.4,11.27],[-15.39,11.33],[-15.35,11.38],[-15.35,11.4],[-15.4,11.4],[-15.45,11.39],[-15.48,11.41],[-15.43,11.5],[-15.25,11.57],[-15.16,11.58],[-15.07,11.6],[-15.12,11.66],[-15.23,11.69],[-15.32,11.67],[-15.36,11.62],[-15.41,11.62],[-15.5,11.72],[-15.5,11.78],[-15.47,11.84],[-15.42,11.87],[-15.21,11.87],[-15.13,11.91],[-15.1,11.91],[-15.07,11.95],[-15.08,11.97],[-15.11,11.97],[-15.19,11.93],[-15.43,11.94],[-15.51,11.92],[-15.65,11.82],[-15.82,11.76],[-15.94,11.79],[-15.9,11.92],[-15.92,11.94],[-15.96,11.96],[-16.14,11.92],[-16.27,11.98],[-16.33,12.05],[-16.32,12.14],[-16.25,12.21],[-16.24,12.24],[-16.31,12.24],[-16.44,12.2],[-16.71,12.35]]],[[[-16.11,11.06],[-16.19,11.04],[-16.23,11.09],[-16.24,11.11],[-16.19,11.13],[-16.18,11.13],[-16.14,11.17],[-16.1,11.19],[-16.09,11.2],[-16.07,11.2],[-16.05,11.12],[-16.07,11.08],[-16.11,11.06]]],[[[-15.9,11.08],[-15.91,11.05],[-15.96,11.06],[-15.95,11.09],[-15.96,11.1],[-15.95,11.18],[-15.94,11.19],[-15.91,11.16],[-15.91,11.15],[-15.9,11.08]]],[[[-15.73,11.22],[-15.73,11.17],[-15.77,11.18],[-15.78,11.19],[-15.75,11.27],[-15.72,11.3],[-15.67,11.3],[-15.66,11.29],[-15.67,11.26],[-15.69,11.23],[-15.73,11.22]]],[[[-15.55,11.54],[-15.56,11.51],[-15.62,11.53],[-15.54,11.62],[-15.48,11.63],[-15.48,11.57],[-15.53,11.55],[-15.55,11.54]]],[[[-15.9,11.47],[-15.95,11.43],[-16.0,11.45],[-16.02,11.48],[-16.02,11.53],[-15.96,11.6],[-15.92,11.59],[-15.9,11.47]]],[[[-15.99,11.88],[-16.04,11.76],[-16.1,11.77],[-16.15,11.85],[-16.15,11.88],[-16.02,11.89],[-15.99,11.88]]]]},"properties":{"iso":"GNB","name":"Guinea-Bissau","ha":[261441.5,261744.8,263577.0,265885.3,271842.2,273122.9,273256.8,273167.6,272632.3,271872.4,272596.3,271449.8,272032.7,273485.0,278991.3,280394.7,281162.8,281496.1,282093.6,283943.1,285518.2,286666.6,287443.7,288502.9,290525.3,291070.3,289852.6,289098.4,289172.6,291034.7,292202.1,292389.8,291857.8,291097.7,290241.0,290433.1,290279.6,290027.5,290315.4,289372.9,288472.9],"lo":[243845.7,244128.6,245837.5,247990.5,253546.4,254740.9,254865.8,254782.6,254283.3,253574.6,254249.8,253180.4,253724.1,255078.6,260214.4,261523.3,262239.7,262550.6,263107.8,264832.9,266301.9,267373.1,268097.9,269085.8,270972.1,271480.4,270344.7,269641.2,269710.4,271447.2,272536.0,272711.1,272214.9,271506.0,270706.9,270886.1,270742.9,270507.8,270776.3,269897.2,269057.8],"hi":[286539.1,286871.5,288879.5,291409.5,297938.2,299341.8,299488.6,299390.8,298804.2,297971.3,298764.7,297508.1,298147.0,299738.7,305773.6,307311.7,308153.6,308518.9,309173.7,311200.8,312927.0,314185.7,315037.4,316198.3,318414.9,319012.1,317677.6,316850.9,316932.3,318973.2,320252.6,320458.3,319875.2,319042.2,318103.2,318313.8,318145.5,317869.3,318184.7,317151.8,316165.4]}},{"type":"Feature","geometry":{"type":"MultiPolygon","coordinates":[[[[8.74,3.76],[8.76,3.75],[8.91,3.76],[8.95,3.71],[8.95,3.63],[8.79,3.4],[8.76,3.3],[8.7,3.22],[8.65,3.22],[8.47,3.26],[8.44,3.29],[8.43,3.33],[8.45,3.42],[8.46,3.45],[8.55,3.47],[8.58,3.48],[8.62,3.58],[8.64,3.67],[8.68,3.74],[8.74,3.76]]],[[[11.33,2.17],[11.33,1.94],[11.33,1.74],[11.33,1.53],[11.33,1.31],[11.33,1.12],[11.34,1.0],[11.13,1.0],[10.86,1.0],[10.59,1.0],[10.32,1.0],[10.18,1.0],[10.03,1.0],[9.98,1.0],[9.95,0.97],[9.91,0.96],[9.86,0.99],[9.8,1.0],[9.79,1.03],[9.76,1.07],[9.7,1.08],[9.68,1.07],[9.64,1.05],[9.59,1.03],[9.6,1.05],[9.51,1.11],[9.45,1.12],[9.39,1.14],[9.43,1.3],[9.49,1.44],[9.58,1.54],[9.63,1.57],[9.65,1.62],[9.72,1.79],[9.81,1.93],[9.78,2.07],[9.8,2.3],[9.83,2.3],[9.83,2.28],[9.84,2.24],[9.87,2.21],[9.98,2.17],[10.31,2.17],[10.5,2.17],[10.79,2.17],[11.1,2.17],[11.33,2.17]]]]},"properties":{"iso":"GNQ","name":"Equatorial Guinea","ha":[27076.4,27076.5,27096.4,27142.0,27245.6,27270.9,27283.5,27291.5,27297.0,27304.2,27304.2,27303.7,27307.4,27262.3,26631.0,26643.6,26632.7,26638.8,26668.4,26804.7,26963.2,27042.9,27156.2,27256.8,27275.0,27216.2,27035.8,26790.2,26574.2,26466.5,26463.8,26450.9,26291.1,26185.0,26145.2,25963.3,25512.3,25155.0,24755.3,24591.2,24488.2],"lo":[25254.1,25254.1,25272.7,25315.3,25411.9,25435.5,25447.3,25454.7,25459.8,25466.6,25466.6,25466.1,25469.5,25427.5,24838.7,24850.4,24840.2,24845.9,24873.6,25000.6,25148.5,25222.8,25328.5,25422.3,25439.3,25384.5,25216.2,24987.1,24785.7,24685.2,24682.7,24670.6,24521.7,24422.7,24385.6,24215.9,23795.3,23462.0,23089.2,22936.1,22840.1],"hi":[29675.6,29675.7,29697.5,29747.6,29861.1,29888.9,29902.6,29911.5,29917.4,29925.3,29925.3,29924.8,29928.8,29879.4,29187.5,29201.3,29189.3,29196.1,29228.5,29377.8,29551.6,29638.9,29763.1,29873.3,29893.3,29828.9,29631.1,29362.0,29125.2,29007.2,29004.2,28990.1,28815.0,28698.7,28655.1,28455.7,27961.4,27569.8,27131.7,26951.9,26839.0]}},{"type":"Feature","geometry":{"type":"MultiPolygon","coordinates":[[[[-61.72,12.01],[-61.78,12.01],[-61.76,12.05],[-61.75,12.11],[-61.71,12.19],[-61.66,12.24],[-61.61,12.22],[-61.63,12.05],[-61.72,12.01]]]]},"properties":{"iso":"GRD","name":"Grenada","ha":[295.8,295.2,295.2,295.9,296.0,296.3,296.3,295.9,294.9,272.1,280.7,286.0,286.8,290.2,299.2,306.0,306.2,304.8,304.7,305.7,311.2,314.9,319.0,322.3,327.4,327.5,321.6,316.6,314.2,315.8,318.6,320.4,318.6,313.5,308.2,309.6,313.5,308.5,260.8,257.5,210.8],"lo":[275.9,275.3,275.3,276.0,276.1,276.4,276.4,276.0,275.1,253.8,261.8,266.7,267.5,270.7,279.1,285.4,285.6,284.3,284.2,285.1,290.2,293.7,297.5,300.6,305.3,305.5,299.9,295.3,293.1,294.6,297.1,298.8,297.1,292.4,287.5,288.8,292.4,287.7,243.2,240.1,196.7],"hi":[324.2,323.5,323.5,324.3,324.5,324.8,324.8,324.3,323.3,298.2,307.6,313.4,314.4,318.1,327.9,335.4,335.6,334.1,333.9,335.0,341.0,345.1,349.6,353.2,358.8,359.0,352.4,347.0,344.4,346.2,349.2,351.1,349.2,343.6,337.8,339.3,343.6,338.1,285.8,282.2,231.1]}},{"type":"Feature","geometry":{"type":"MultiPolygon","coordinates":[[[[-92.24,14.55],[-92.21,14.57],[-92.19,14.63],[-92.16,14.69],[-92.18,14.76],[-92.19,14.82],[-92.16,14.9],[-92.16,14.96],[-92.14,15.0],[-92.1,15.03],[-92.07,15.07],[-92.2,15.24],[-92.2,15.28],[-92.19,15.32],[-92.08,15.5],[-91.96,15.7],[-91.82,15.93],[-91.74,16.07],[-91.43,16.07],[-91.23,16.07],[-90.98,16.07],[-90.7,16.07],[-90.52,16.07],[-90.45,16.07],[-90.46,16.16],[-90.45,16.26],[-90.42,16.35],[-90.42,16.39],[-90.47,16.44],[-90.58,16.47],[-90.63,16.51],[-90.63,16.57],[-90.66,16.63],[-90.71,16.71],[-90.82,16.79],[-90.98,16.87],[-91.11,16.98],[-91.22,17.11],[-91.32,17.2],[-91.39,17.24],[-91.41,17.26],[-91.2,17.25],[-90.99,17.25],[-90.99,17.45],[-90.99,17.62],[-90.99,17.82],[-90.62,17.82],[-90.18,17.82],[-89.73,17.82],[-89.37,17.81],[-89.16,17.81],[-89.17,17.57],[-89.18,17.29],[-89.19,17.08],[-89.2,16.81],[-89.21,16.53],[-89.23,16.14],[-89.24,15.89],[-89.23,15.89],[-89.11,15.9],[-88.94,15.89],[-88.89,15.89],[-88.84,15.87],[-88.8,15.86],[-88.71,15.81],[-88.6,15.76],[-88.54,15.85],[-88.57,15.9],[-88.6,15.93],[-88.59,15.95],[-88.23,15.73],[-88.27,15.69],[-88.36,15.62],[-88.53,15.48],[-88.68,15.36],[-88.83,15.25],[-88.96,15.15],[-88.98,15.14],[-89.14,15.07],[-89.17,15.04],[-89.21,14.9],[-89.22,14.87],[-89.19,14.79],[-89.16,14.67],[-89.17,14.61],[-89.29,14.53],[-89.34,14.46],[-89.36,14.42],[-89.38,14.43],[-89.42,14.43],[-89.5,14.41],[-89.54,14.41],[-89.57,14.39],[-89.58,14.35],[-89.56,14.28],[-89.55,14.24],[-89.57,14.22],[-89.67,14.18],[-89.71,14.14],[-89.75,14.08],[-89.79,14.05],[-89.84,14.06],[-89.87,14.05],[-89.94,14.0],[-90.05,13.9],[-90.1,13.83],[-90.11,13.78],[-90.1,13.74],[-90.48,13.9],[-90.61,13.93],[-91.15,13.93],[-91.38,13.99],[-91.64,14.11],[-91.82,14.23],[-92.24,14.55]]]]},"properties":{"iso":"GTM","name":"Guatemala","ha":[21235.2,21225.3,21213.4,21243.9,21402.9,21638.7,21716.1,21749.3,21802.7,21912.1,22030.2,22020.4,21922.4,21835.6,21819.6,21764.2,21606.7,21555.6,21553.1,21414.1,21560.8,21634.2,21709.0,21866.5,22099.8,22144.4,21916.5,21666.6,21551.8,21615.6,21629.9,21665.6,21746.5,21842.2,21841.0,21865.7,21831.8,21666.8,21635.5,21627.0,21756.0],"lo":[19806.0,19796.8,19785.7,19814.1,19962.4,20182.3,20254.5,20285.5,20335.3,20437.3,20547.5,20538.3,20447.0,20366.0,20351.1,20299.4,20152.5,20104.9,20102.5,19972.9,20109.7,20178.2,20247.9,20394.8,20612.4,20654.0,20441.4,20208.4,20101.3,20160.8,20174.2,20207.4,20282.9,20372.1,20371.1,20394.1,20362.4,20208.6,20179.4,20171.5,20291.7],"hi":[23273.7,23262.9,23249.9,23283.2,23457.5,23715.9,23800.8,23837.2,23895.7,24015.6,24145.0,24134.3,24026.9,23931.8,23914.2,23853.5,23680.9,23624.9,23622.2,23469.8,23630.6,23711.1,23792.9,23965.6,24221.3,24270.2,24020.4,23746.5,23620.7,23690.7,23706.4,23745.4,23834.1,23938.9,23937.7,23964.7,23927.6,23746.7,23712.4,23703.1,23844.5]}},{"type":"Feature","geometry":{"type":"MultiPolygon","coordinates":[[[[-54.62,2.33],[-54.6,2.34],[-54.57,2.34],[-54.54,2.34],[-54.49,2.42],[-54.4,2.46],[-54.26,2.71],[-54.2,2.82],[-54.19,2.87],[-54.17,2.99],[-54.2,3.14],[-54.19,3.18],[-54.06,3.35],[-54.01,3.45],[-54.01,3.53],[-53.99,3.59],[-54.01,3.62],[-54.03,3.63],[-54.08,3.71],[-54.11,3.77],[-54.2,3.83],[-54.26,3.9],[-54.35,4.05],[-54.34,4.14],[-54.37,4.17],[-54.4,4.2],[-54.4,4.24],[-54.42,4.34],[-54.44,4.43],[-54.45,4.49],[-54.43,4.58],[-54.44,4.69],[-54.47,4.75],[-54.48,4.84],[-54.47,4.91],[-54.45,4.96],[-54.45,5.01],[-54.33,5.19],[-54.24,5.29],[-54.16,5.36],[-54.09,5.41],[-53.99,5.68],[-53.92,5.77],[-53.85,5.78],[-53.45,5.56],[-53.27,5.54],[-52.9,5.43],[-52.76,5.27],[-52.45,5.02],[-52.29,4.94],[-52.29,4.88],[-52.32,4.77],[-52.22,4.86],[-52.06,4.72],[-52.01,4.65],[-51.96,4.51],[-51.98,4.43],[-52.0,4.39],[-52.0,4.35],[-51.95,4.4],[-51.93,4.44],[-51.92,4.52],[-51.88,4.63],[-51.83,4.64],[-51.79,4.57],[-51.7,4.29],[-51.67,4.23],[-51.65,4.14],[-51.66,4.1],[-51.65,4.06],[-51.68,4.04],[-51.77,3.99],[-51.81,3.93],[-51.83,3.87],[-51.88,3.83],[-51.93,3.78],[-51.94,3.74],[-51.99,3.7],[-52.0,3.65],[-52.12,3.45],[-52.16,3.36],[-52.23,3.27],[-52.27,3.24],[-52.33,3.18],[-52.36,3.12],[-52.36,3.05],[-52.4,2.97],[-52.42,2.9],[-52.46,2.86],[-52.55,2.65],[-52.56,2.57],[-52.58,2.53],[-52.65,2.43],[-52.7,2.36],[-52.78,2.32],[-52.87,2.27],[-52.9,2.21],[-52.96,2.18],[-53.01,2.18],[-53.08,2.2],[-53.18,2.21],[-53.23,2.2],[-53.25,2.23],[-53.29,2.3],[-53.33,2.34],[-53.37,2.32],[-53.43,2.28],[-53.51,2.25],[-53.56,2.26],[-53.68,2.29],[-53.73,2.31],[-53.75,2.34],[-53.77,2.35],[-53.79,2.35],[-53.83,2.31],[-53.88,2.28],[-53.95,2.23],[-54.09,2.15],[-54.13,2.12],[-54.17,2.14],[-54.23,2.15],[-54.29,2.15],[-54.43,2.21],[-54.52,2.25],[-54.55,2.29],[-54.59,2.31],[-54.62,2.33]]]]},"properties":{"iso":"GUF","name":"French Guiana","ha":[60175.1,60137.2,60090.5,60147.3,57783.8,58429.2,58484.1,58593.2,58915.1,54819.8,55218.4,55647.4,55822.1,55872.8,52142.1,53696.8,54175.6,54798.1,54912.2,53993.7,55293.0,56093.7,56815.1,57153.1,56736.4,57596.1,57111.9,55674.6,54193.1,52330.7,53251.8,53455.2,52115.0,52468.5,52419.1,51884.5,50677.1,50048.9,48977.9,49473.6,51641.4],"lo":[56125.1,56089.8,56046.2,56099.2,53894.7,54496.8,54547.9,54649.7,54949.9,51130.3,51502.0,51902.2,52065.1,52112.4,48632.8,50082.9,50529.5,51110.0,51216.5,50359.7,51571.6,52318.4,52991.3,53306.5,52917.8,53719.7,53268.1,51927.5,50545.8,48808.7,49667.8,49857.5,48607.5,48937.2,48891.1,48392.5,47266.3,46680.5,45681.5,46143.9,48165.8],"hi":[65951.7,65910.1,65859.0,65921.3,63330.8,64038.3,64098.3,64218.0,64570.7,60082.4,60519.2,60989.4,61180.8,61236.4,57147.5,58851.5,59376.3,60058.6,60183.6,59176.9,60601.0,61478.5,62269.2,62639.6,62182.9,63125.1,62594.5,61019.2,59395.5,57354.3,58363.8,58586.7,57117.9,57505.3,57451.1,56865.2,55541.9,54853.5,53679.6,54222.9,56598.8]}},{"type":"Feature","geometry":{"type":"MultiPolygon","coordinates":[[[[144.74,13.26],[144.7,13.26],[144.66,13.29],[144.65,13.31],[144.65,13.43],[144.79,13.53],[144.84,13.62],[144.88,13.61],[144.91,13.6],[144.94,13.57],[144.78,13.41],[144.74,13.26]]]]},"properties":{"iso":"GUM","name":"Guam","ha":[54.5,54.5,54.5,54.5,54.5,54.5,54.5,54.5,54.5,54.5,54.5,54.5,54.4,53.4,48.7,53.2,53.0,53.2,53.2,54.3,55.6,55.5,56.6,58.9,62.4,64.0,64.0,64.5,64.8,65.8,66.2,66.9,67.1,66.3,66.3,66.6,66.1,65.2,64.3,64.0,63.6],"lo":[50.8,50.8,50.8,50.8,50.8,50.8,50.8,50.8,50.8,50.8,50.8,50.8,50.8,49.8,45.5,49.6,49.4,49.6,49.6,50.6,51.9,51.8,52.8,55.0,58.2,59.7,59.7,60.1,60.4,61.4,61.7,62.4,62.6,61.9,61.9,62.1,61.6,60.8,60.0,59.7,59.3],"hi":[59.8,59.8,59.8,59.8,59.8,59.8,59.8,59.8,59.8,59.8,59.8,59.8,59.7,58.5,53.4,58.3,58.1,58.3,58.3,59.5,61.0,60.9,62.1,64.6,68.4,70.2,70.2,70.7,71.0,72.1,72.5,73.4,73.5,72.7,72.7,73.0,72.4,71.5,70.5,70.2,69.7]}},{"type":"Feature","geometry":{"type":"MultiPolygon","coordinates":[[[[-60.74,5.2],[-60.95,5.44],[-61.17,5.67],[-61.38,5.91],[-61.39,5.94],[-61.3,6.05],[-61.22,6.13],[-61.16,6.17],[-61.13,6.21],[-61.15,6.39],[-61.15,6.45],[-61.18,6.51],[-61.2,6.59],[-61.18,6.65],[-61.15,6.69],[-61.1,6.71],[-61.01,6.73],[-60.94,6.73],[-60.91,6.76],[-60.87,6.79],[-60.82,6.79],[-60.72,6.77],[-60.67,6.81],[-60.59,6.86],[-60.4,6.95],[-60.35,7.0],[-60.32,7.09],[-60.33,7.13],[-60.35,7.15],[-60.39,7.16],[-60.46,7.17],[-60.52,7.14],[-60.58,7.16],[-60.63,7.21],[-60.64,7.26],[-60.61,7.32],[-60.62,7.36],[-60.72,7.5],[-60.72,7.54],[-60.65,7.6],[-60.61,7.65],[-60.56,7.77],[-60.51,7.81],[-60.38,7.83],[-60.35,7.85],[-60.28,7.92],[-60.18,7.99],[-60.03,8.05],[-59.99,8.16],[-59.96,8.19],[-59.85,8.25],[-59.83,8.28],[-59.83,8.31],[-60.02,8.55],[-59.98,8.53],[-59.84,8.37],[-59.76,8.34],[-59.74,8.34],[-59.74,8.38],[-59.67,8.36],[-59.48,8.25],[-59.2,8.07],[-58.81,7.74],[-58.7,7.61],[-58.63,7.55],[-58.51,7.4],[-58.48,7.33],[-58.48,7.04],[-58.58,6.84],[-58.61,6.7],[-58.61,6.5],[-58.67,6.39],[-58.59,6.45],[-58.57,6.63],[-58.5,6.73],[-58.41,6.85],[-58.3,6.88],[-58.17,6.83],[-58.07,6.82],[-57.98,6.79],[-57.79,6.6],[-57.61,6.45],[-57.54,6.33],[-57.34,6.27],[-57.23,6.18],[-57.19,6.1],[-57.17,5.89],[-57.21,5.56],[-57.19,5.55],[-57.25,5.49],[-57.26,5.45],[-57.29,5.37],[-57.32,5.34],[-57.28,5.25],[-57.24,5.24],[-57.22,5.23],[-57.21,5.21],[-57.21,5.2],[-57.23,5.18],[-57.27,5.16],[-57.31,5.11],[-57.31,5.05],[-57.33,5.02],[-57.41,5.0],[-57.57,5.0],[-57.65,5.0],[-57.71,4.99],[-57.75,4.95],[-57.8,4.93],[-57.84,4.92],[-57.88,4.88],[-57.92,4.82],[-57.9,4.78],[-57.87,4.72],[-57.85,4.67],[-57.87,4.58],[-57.91,4.51],[-57.92,4.45],[-57.95,4.35],[-58.01,4.24],[-58.05,4.17],[-58.05,4.1],[-58.03,4.0],[-57.91,3.86],[-57.87,3.79],[-57.83,3.68],[-57.72,3.59],[-57.65,3.52],[-57.66,3.42],[-57.65,3.39],[-57.6,3.37],[-57.55,3.35],[-57.49,3.35],[-57.44,3.36],[-57.43,3.38],[-57.3,3.38],[-57.29,3.35],[-57.28,3.22],[-57.28,3.16],[-57.25,3.14],[-57.23,3.11],[-57.23,3.08],[-57.23,3.0],[-57.21,2.96],[-57.21,2.88],[-57.2,2.85],[-57.16,2.83],[-57.12,2.78],[-57.11,2.77],[-57.1,2.75],[-57.06,2.67],[-57.04,2.64],[-57.03,2.64],[-57.02,2.61],[-57.0,2.53],[-56.98,2.51],[-56.95,2.46],[-56.93,2.4],[-56.89,2.33],[-56.84,2.28],[-56.82,2.23],[-56.76,2.11],[-56.7,2.04],[-56.63,2.02],[-56.56,2.01],[-56.52,1.97],[-56.48,1.94],[-56.53,1.93],[-56.56,1.91],[-56.62,1.92],[-56.69,1.91],[-56.77,1.89],[-56.84,1.88],[-56.97,1.92],[-57.01,1.92],[-57.04,1.94],[-57.09,2.01],[-57.12,2.01],[-57.19,1.98],[-57.28,1.96],[-57.32,1.96],[-57.37,1.94],[-57.41,1.91],[-57.5,1.77],[-57.55,1.73],[-57.59,1.7],[-57.69,1.7],[-57.8,1.7],[-57.87,1.67],[-57.95,1.65],[-57.98,1.65],[-58.0,1.57],[-58.01,1.54],[-58.03,1.52],[-58.09,1.51],[-58.14,1.52],[-58.17,1.55],[-58.23,1.56],[-58.28,1.57],[-58.31,1.59],[-58.34,1.59],[-58.36,1.56],[-58.38,1.53],[-58.4,1.48],[-58.47,1.47],[-58.51,1.44],[-58.49,1.35],[-58.5,1.31],[-58.51,1.28],[-58.61,1.28],[-58.68,1.28],[-58.73,1.25],[-58.79,1.21],[-58.82,1.2],[-58.86,1.2],[-58.92,1.25],[-58.97,1.3],[-59.1,1.34],[-59.23,1.38],[-59.32,1.46],[-59.34,1.51],[-59.38,1.53],[-59.48,1.63],[-59.54,1.7],[-59.6,1.72],[-59.67,1.75],[-59.66,1.8],[-59.67,1.84],[-59.7,1.86],[-59.74,1.87],[-59.76,1.9],[-59.75,1.96],[-59.74,2.12],[-59.76,2.27],[-59.85,2.33],[-59.89,2.36],[-59.96,2.59],[-59.99,2.69],[-60.0,2.77],[-59.97,2.99],[-59.95,3.09],[-59.87,3.28],[-59.83,3.35],[-59.83,3.4],[-59.83,3.46],[-59.85,3.59],[-59.73,3.67],[-59.68,3.7],[-59.67,3.75],[-59.6,3.82],[-59.58,3.88],[-59.55,3.93],[-59.56,3.96],[-59.59,3.98],[-59.62,4.02],[-59.69,4.16],[-59.72,4.19],[-59.74,4.23],[-59.73,4.29],[-59.7,4.35],[-59.7,4.38],[-59.75,4.42],[-59.83,4.48],[-59.91,4.48],[-59.96,4.5],[-60.05,4.5],[-60.11,4.51],[-60.15,4.53],[-60.14,4.57],[-60.12,4.6],[-60.07,4.67],[-60.03,4.74],[-60.03,4.81],[-60.02,4.91],[-60.0,4.99],[-59.99,5.08],[-60.08,5.14],[-60.11,5.19],[-60.14,5.24],[-60.18,5.24],[-60.24,5.26],[-60.34,5.2],[-60.41,5.21],[-60.46,5.19],[-60.58,5.19],[-60.65,5.22],[-60.74,5.2]]]]},"properties":{"iso":"GUY","name":"Guyana","ha":[30930.4,30896.5,30839.8,30832.4,29371.4,29452.9,29453.4,29474.6,29536.2,29480.7,29516.2,29534.6,29574.0,29653.4,30645.6,31462.9,31726.2,31848.8,31930.2,31931.3,32146.1,32261.8,32404.2,32510.6,32337.4,32495.0,32218.0,31928.0,31661.4,30605.5,30677.3,30752.6,30391.1,30064.2,29768.4,29527.1,29589.4,29293.1,28881.0,29295.7,30049.2],"lo":[28848.7,28817.0,28764.2,28757.3,27394.6,27470.6,27471.1,27490.8,27548.3,27496.5,27529.7,27546.8,27583.6,27657.6,28583.1,29345.4,29590.9,29705.3,29781.2,29782.2,29982.5,30090.5,30223.3,30322.5,30161.0,30308.0,30049.7,29779.1,29530.5,28545.7,28612.6,28682.9,28345.7,28040.8,27764.9,27539.9,27597.9,27321.6,26937.2,27324.0,28026.8],"hi":[33899.6,33862.4,33800.3,33792.2,32191.0,32280.3,32280.8,32304.0,32371.5,32310.7,32349.6,32369.8,32413.1,32500.0,33587.5,34483.3,34771.8,34906.2,34995.4,34996.6,35232.0,35358.8,35515.0,35631.5,35441.7,35614.4,35310.9,34992.9,34700.8,33543.5,33622.3,33704.8,33308.6,32950.2,32626.0,32361.6,32429.9,32105.1,31653.5,32108.0,32933.9]}},{"type":"Feature","geometry":{"type":"MultiPolygon","coordinates":[[[[-83.16,14.99],[-83.42,15.01],[-83.54,14.98],[-83.59,14.91],[-83.64,14.88],[-83.67,14.88],[-83.75,14.86],[-83.87,14.79],[-83.97,14.77],[-84.07,14.79],[-84.09,14.77],[-84.1,14.75],[-84.11,14.73],[-84.15,14.72],[-84.19,14.73],[-84.24,14.75],[-84.26,14.74],[-84.27,14.7],[-84.29,14.69],[-84.34,14.71],[-84.39,14.69],[-84.45,14.64],[-84.54,14.63],[-84.65,14.66],[-84.73,14.71],[-84.79,14.79],[-84.86,14.81],[-84.99,14.75],[-85.04,14.69],[-85.05,14.64],[-85.04,14.61],[-85.06,14.58],[-85.12,14.57],[-85.16,14.53],[-85.19,14.45],[-85.2,14.39],[-85.18,14.34],[-85.21,14.31],[-85.28,14.29],[-85.37,14.22],[-85.48,14.11],[-85.58,14.03],[-85.68,13.98],[-85.73,13.93],[-85.73,13.88],[-85.73,13.86],[-85.75,13.85],[-85.79,13.84],[-85.98,13.97],[-86.04,14.05],[-86.09,14.04],[-86.15,13.99],[-86.24,13.9],[-86.33,13.77],[-86.38,13.76],[-86.61,13.77],[-86.73,13.76],[-86.76,13.75],[-86.77,13.7],[-86.76,13.64],[-86.73,13.41],[-86.71,13.31],[-86.73,13.28],[-86.79,13.28],[-86.87,13.27],[-86.92,13.22],[-86.93,13.18],[-86.93,13.12],[-86.96,13.05],[-87.01,13.01],[-87.06,12.99],[-87.34,12.98],[-87.33,13.08],[-87.41,13.13],[-87.46,13.22],[-87.5,13.27],[-87.49,13.31],[-87.49,13.35],[-87.6,13.39],[-87.71,13.36],[-87.77,13.38],[-87.81,13.4],[-87.74,13.45],[-87.73,13.48],[-87.76,13.51],[-87.78,13.52],[-87.77,13.58],[-87.76,13.65],[-87.72,13.81],[-87.73,13.84],[-87.8,13.89],[-87.89,13.89],[-87.99,13.88],[-88.04,13.9],[-88.08,13.96],[-88.15,13.99],[-88.28,13.94],[-88.41,13.88],[-88.45,13.85],[-88.48,13.85],[-88.5,13.9],[-88.5,13.96],[-88.51,13.98],[-88.58,14.0],[-88.67,14.02],[-88.71,14.03],[-88.75,14.07],[-88.85,14.12],[-88.87,14.16],[-89.0,14.25],[-89.03,14.3],[-89.06,14.33],[-89.12,14.37],[-89.17,14.36],[-89.34,14.41],[-89.36,14.42],[-89.34,14.46],[-89.29,14.53],[-89.17,14.61],[-89.16,14.67],[-89.19,14.79],[-89.22,14.87],[-89.21,14.9],[-89.17,15.04],[-89.14,15.07],[-88.98,15.14],[-88.96,15.15],[-88.83,15.25],[-88.68,15.36],[-88.53,15.48],[-88.36,15.62],[-88.27,15.69],[-88.23,15.73],[-88.13,15.7],[-88.05,15.76],[-88.01,15.79],[-87.91,15.86],[-87.87,15.88],[-87.7,15.91],[-87.62,15.91],[-87.54,15.83],[-87.49,15.79],[-87.38,15.83],[-87.29,15.83],[-86.91,15.76],[-86.76,15.79],[-86.48,15.8],[-86.36,15.78],[-86.18,15.89],[-86.07,15.91],[-85.94,15.95],[-85.95,16.0],[-85.99,16.02],[-85.78,16.0],[-85.48,15.9],[-85.16,15.92],[-85.05,15.97],[-84.97,15.99],[-84.65,15.88],[-84.56,15.8],[-84.49,15.79],[-84.44,15.81],[-84.43,15.83],[-84.49,15.85],[-84.52,15.87],[-84.26,15.82],[-83.78,15.44],[-83.77,15.41],[-83.97,15.52],[-84.08,15.51],[-84.11,15.49],[-84.11,15.43],[-84.1,15.4],[-84.05,15.4],[-84.01,15.41],[-83.93,15.39],[-83.87,15.35],[-83.8,15.29],[-83.76,15.22],[-83.72,15.22],[-83.67,15.26],[-83.59,15.27],[-83.54,15.22],[-83.5,15.22],[-83.55,15.29],[-83.68,15.37],[-83.65,15.37],[-83.37,15.24],[-83.29,15.08],[-83.23,15.04],[-83.16,14.99]]],[[[-86.42,16.38],[-86.58,16.3],[-86.63,16.3],[-86.56,16.36],[-86.44,16.41],[-86.34,16.44],[-86.26,16.43],[-86.42,16.38]]],[[[-85.87,16.46],[-85.95,16.4],[-85.96,16.43],[-85.92,16.48],[-85.88,16.51],[-85.83,16.51],[-85.84,16.49],[-85.87,16.46]]]]},"properties":{"iso":"HND","name":"Honduras","ha":[51850.0,51825.6,51861.1,51937.9,52128.3,52227.2,52237.0,52200.2,52293.8,52073.6,52257.3,52365.4,52157.1,51911.7,51401.9,51274.3,51026.4,50892.5,50886.7,50652.9,50837.5,50955.4,51135.0,51338.3,51701.2,51723.1,51236.4,50859.9,50710.6,50393.8,50549.1,50570.9,50405.2,50420.7,50433.7,50492.1,50685.3,50655.9,50805.2,50921.9,51373.1],"lo":[48360.3,48337.6,48370.7,48442.3,48619.9,48712.2,48721.3,48687.0,48774.3,48568.9,48740.2,48841.1,48646.8,48417.9,47942.4,47823.4,47592.1,47467.3,47461.9,47243.8,47416.0,47526.0,47693.5,47883.0,48221.6,48242.0,47788.1,47436.9,47297.7,47002.2,47147.0,47167.3,47012.8,47027.2,47039.3,47093.9,47274.0,47246.6,47385.9,47494.7,47915.5],"hi":[56827.4,56800.7,56839.6,56923.8,57132.5,57240.9,57251.6,57211.2,57313.9,57072.5,57273.8,57392.4,57164.0,56895.1,56336.3,56196.5,55924.7,55778.0,55771.7,55515.5,55717.8,55847.0,56043.8,56266.6,56664.4,56688.4,56155.0,55742.3,55578.7,55231.5,55401.6,55425.6,55244.0,55260.9,55275.2,55339.2,55550.9,55518.7,55682.4,55810.2,56304.8]}},{"type":"Feature","geometry":{"type":"MultiPolygon","coordinates":[[[[-71.78,19.72],[-71.76,19.69],[-71.71,19.49],[-71.71,19.42],[-71.75,19.32],[-71.75,19.29],[-71.65,19.2],[-71.65,19.16],[-71.66,19.13],[-71.74,19.05],[-71.81,18.99],[-71.79,18.92],[-71.73,18.86],[-71.73,18.8],[-71.74,18.73],[-71.82,18.65],[-71.87,18.61],[-71.99,18.61],[-72.0,18.6],[-71.94,18.51],[-71.87,18.42],[-71.76,18.34],[-71.74,18.27],[-71.76,18.2],[-71.77,18.04],[-71.85,18.12],[-71.95,18.19],[-72.0,18.21],[-72.06,18.23],[-72.5,18.22],[-72.55,18.21],[-72.59,18.19],[-72.63,18.18],[-72.76,18.16],[-72.88,18.15],[-73.16,18.21],[-73.27,18.23],[-73.39,18.25],[-73.51,18.25],[-73.64,18.23],[-73.75,18.19],[-73.82,18.12],[-73.84,18.06],[-73.88,18.04],[-73.99,18.14],[-74.09,18.22],[-74.19,18.27],[-74.42,18.35],[-74.46,18.39],[-74.48,18.45],[-74.39,18.62],[-74.28,18.66],[-74.23,18.66],[-74.1,18.64],[-73.98,18.6],[-73.86,18.58],[-73.69,18.57],[-73.59,18.52],[-72.92,18.46],[-72.79,18.43],[-72.74,18.44],[-72.7,18.47],[-72.66,18.52],[-72.62,18.55],[-72.42,18.56],[-72.38,18.57],[-72.35,18.62],[-72.35,18.67],[-72.47,18.74],[-72.65,18.89],[-72.81,19.07],[-72.74,19.13],[-72.77,19.24],[-72.74,19.34],[-72.7,19.44],[-72.86,19.53],[-73.05,19.61],[-73.32,19.64],[-73.4,19.66],[-73.44,19.72],[-73.4,19.81],[-73.32,19.85],[-73.22,19.88],[-73.12,19.9],[-72.88,19.93],[-72.64,19.9],[-72.43,19.81],[-72.22,19.74],[-71.95,19.72],[-71.83,19.7],[-71.78,19.72]]],[[[-72.8,18.78],[-72.82,18.71],[-73.08,18.79],[-73.29,18.9],[-73.28,18.95],[-73.17,18.97],[-73.07,18.93],[-72.92,18.86],[-72.8,18.78]]],[[[-72.66,20.04],[-72.62,20.01],[-72.64,19.99],[-72.74,20.0],[-72.84,20.04],[-72.88,20.03],[-72.9,20.03],[-72.96,20.06],[-72.91,20.09],[-72.85,20.09],[-72.79,20.09],[-72.66,20.04]]]]},"properties":{"iso":"HTI","name":"Haiti","ha":[17877.4,17875.1,17880.3,17905.6,17961.4,17976.1,17975.7,17949.1,17985.6,17851.5,17998.8,17945.2,17810.7,17708.9,17484.2,17440.4,17356.3,17294.9,17263.8,17180.0,17221.5,17132.6,16936.2,16821.0,17015.9,17135.2,16939.5,16766.2,16659.1,16555.0,16644.2,16669.4,16559.8,16411.5,16345.0,16367.6,16484.8,16598.2,16653.1,16736.7,16718.1],"lo":[16674.2,16672.1,16676.9,16700.5,16752.6,16766.2,16765.9,16741.1,16775.1,16650.0,16787.4,16737.5,16612.0,16517.1,16307.4,16266.6,16188.2,16130.9,16101.9,16023.8,16062.5,15979.5,15796.4,15688.9,15870.7,15981.9,15799.4,15637.8,15537.9,15440.8,15524.0,15547.5,15445.3,15307.0,15244.9,15266.0,15375.3,15481.1,15532.3,15610.2,15592.9],"hi":[19593.5,19591.1,19596.7,19624.5,19685.7,19701.7,19701.4,19672.2,19712.2,19565.2,19726.6,19667.9,19520.4,19408.9,19162.6,19114.7,19022.5,18955.2,18921.1,18829.3,18874.7,18777.2,18562.1,18435.7,18649.4,18780.1,18565.6,18375.7,18258.3,18144.2,18241.9,18269.6,18149.5,17987.0,17914.1,17938.8,18067.3,18191.6,18251.7,18343.3,18322.9]}},{"type":"Feature","geometry":{"type":"MultiPolygon","coordinates":[[[[97.48,1.47],[97.7,1.18],[97.79,1.15],[97.9,1.02],[97.93,0.97],[97.9,0.88],[97.88,0.63],[97.82,0.56],[97.68,0.6],[97.68,0.64],[97.6,0.83],[97.46,0.94],[97.41,0.95],[97.37,1.06],[97.3,1.19],[97.08,1.43],[97.24,1.42],[97.32,1.48],[97.34,1.53],[97.36,1.54],[97.48,1.47]]],[[[99.16,-1.78],[99.07,-1.78],[98.87,-1.66],[98.83,-1.61],[98.82,-1.54],[98.63,-1.26],[98.6,-1.2],[98.68,-0.97],[98.87,-0.92],[98.93,-0.95],[98.95,-1.06],[99.07,-1.24],[99.1,-1.34],[99.13,-1.38],[99.14,-1.42],[99.13,-1.44],[99.21,-1.56],[99.27,-1.63],[99.27,-1.74],[99.16,-1.78]]],[[[116.64,-8.61],[116.51,-8.82],[116.56,-8.85],[116.59,-8.89],[116.38,-8.93],[116.29,-8.91],[116.24,-8.91],[116.03,-8.87],[115.87,-8.83],[115.86,-8.79],[115.87,-8.74],[115.91,-8.76],[116.03,-8.77],[116.08,-8.74],[116.08,-8.61],[116.06,-8.44],[116.22,-8.3],[116.3,-8.24],[116.4,-8.2],[116.65,-8.28],[116.69,-8.3],[116.72,-8.34],[116.73,-8.39],[116.64,-8.61]]],[[[115.45,-8.16],[115.55,-8.21],[115.69,-8.36],[115.7,-8.41],[115.66,-8.45],[115.56,-8.51],[115.33,-8.62],[115.3,-8.66],[115.25,-8.76],[115.24,-8.8],[115.22,-8.82],[115.19,-8.84],[115.14,-8.85],[115.09,-8.83],[115.14,-8.77],[115.14,-8.7],[115.11,-8.63],[115.06,-8.57],[114.95,-8.5],[114.84,-8.43],[114.73,-8.39],[114.61,-8.38],[114.57,-8.35],[114.5,-8.26],[114.48,-8.21],[114.47,-8.17],[114.48,-8.12],[114.5,-8.12],[114.62,-8.13],[114.83,-8.18],[114.94,-8.19],[115.0,-8.17],[115.15,-8.07],[115.19,-8.07],[115.34,-8.12],[115.45,-8.16]]],[[[106.05,-1.67],[106.08,-1.74],[106.13,-1.8],[106.16,-1.87],[106.21,-2.19],[106.37,-2.46],[106.82,-2.57],[106.74,-2.62],[106.71,-2.66],[106.68,-2.7],[106.61,-2.9],[106.62,-2.94],[106.66,-3.0],[106.67,-3.07],[106.61,-3.07],[106.55,-3.06],[106.5,-3.03],[106.45,-2.99],[106.4,-2.97],[106.34,-2.95],[106.25,-2.89],[106.13,-2.86],[106.0,-2.82],[105.94,-2.74],[105.91,-2.64],[105.94,-2.49],[105.91,-2.45],[105.86,-2.42],[105.81,-2.31],[105.79,-2.18],[105.71,-2.13],[105.6,-2.1],[105.55,-2.08],[105.34,-2.13],[105.29,-2.11],[105.25,-2.08],[105.13,-2.04],[105.14,-1.97],[105.19,-1.92],[105.32,-1.86],[105.37,-1.81],[105.39,-1.75],[105.36,-1.71],[105.37,-1.66],[105.41,-1.61],[105.46,-1.57],[105.59,-1.53],[105.64,-1.61],[105.67,-1.68],[105.7,-1.73],[105.75,-1.66],[105.72,-1.53],[105.82,-1.51],[105.91,-1.5],[105.98,-1.54],[106.03,-1.59],[106.05,-1.67]]],[[[123.18,-4.55],[123.2,-4.77],[123.2,-4.82],[123.14,-4.74],[123.12,-4.72],[123.1,-4.74],[123.08,-4.75],[123.06,-4.75],[123.02,-4.83],[123.01,-4.91],[122.99,-4.96],[122.97,-5.14],[122.98,-5.19],[123.02,-5.16],[123.05,-5.16],[123.15,-5.22],[123.2,-5.27],[123.19,-5.33],[123.12,-5.39],[123.04,-5.42],[122.99,-5.39],[122.97,-5.41],[122.93,-5.44],[122.91,-5.48],[122.92,-5.52],[122.85,-5.64],[122.81,-5.67],[122.73,-5.63],[122.68,-5.67],[122.65,-5.66],[122.58,-5.54],[122.59,-5.49],[122.64,-5.43],[122.64,-5.38],[122.67,-5.33],[122.73,-5.26],[122.77,-5.21],[122.77,-5.18],[122.79,-5.05],[122.8,-5.0],[122.82,-4.94],[122.85,-4.83],[122.85,-4.62],[122.95,-4.44],[123.04,-4.39],[123.07,-4.39],[123.07,-4.43],[123.18,-4.55]]],[[[122.65,-5.27],[122.62,-5.34],[122.56,-5.39],[122.52,-5.39],[122.47,-5.38],[122.39,-5.34],[122.37,-5.38],[122.31,-5.38],[122.28,-5.32],[122.33,-5.14],[122.4,-5.07],[122.39,-5.0],[122.33,-4.85],[122.37,-4.77],[122.52,-4.71],[122.66,-4.63],[122.7,-4.62],[122.74,-4.67],[122.76,-4.93],[122.61,-5.14],[122.65,-5.27]]],[[[108.32,3.69],[108.18,3.65],[108.1,3.7],[108.19,3.77],[108.22,3.77],[108.24,3.78],[108.24,3.81],[108.09,3.85],[108.04,3.89],[108.0,3.98],[108.0,4.04],[108.2,4.2],[108.25,4.22],[108.26,4.15],[108.39,3.99],[108.4,3.88],[108.39,3.84],[108.32,3.69]]],[[[108.21,-3.0],[108.19,-3.1],[108.17,-3.14],[108.08,-3.19],[108.06,-3.23],[107.98,-3.22],[107.97,-3.17],[107.94,-3.13],[107.86,-3.09],[107.84,-3.1],[107.82,-3.16],[107.66,-3.21],[107.61,-3.21],[107.64,-3.12],[107.59,-3.06],[107.59,-2.98],[107.58,-2.94],[107.56,-2.92],[107.6,-2.86],[107.6,-2.8],[107.64,-2.73],[107.67,-2.57],[107.84,-2.53],[107.87,-2.56],[108.07,-2.6],[108.22,-2.7],[108.29,-2.83],[108.21,-3.0]]],[[[135.38,-0.65],[135.6,-0.69],[135.67,-0.69],[135.75,-0.73],[135.84,-0.71],[135.89,-0.73],[136.07,-0.88],[136.15,-0.98],[136.28,-1.06],[136.38,-1.09],[136.31,-1.17],[136.16,-1.21],[136.11,-1.22],[136.0,-1.17],[135.92,-1.18],[135.84,-1.12],[135.83,-1.03],[135.75,-0.82],[135.65,-0.88],[135.52,-0.79],[135.49,-0.79],[135.48,-0.8],[135.43,-0.77],[135.39,-0.7],[135.38,-0.65]]],[[[135.47,-1.59],[135.87,-1.64],[135.98,-1.64],[136.2,-1.65],[136.39,-1.72],[136.72,-1.73],[136.82,-1.75],[136.89,-1.8],[136.71,-1.84],[136.62,-1.87],[136.46,-1.89],[136.33,-1.87],[136.23,-1.89],[136.19,-1.86],[136.05,-1.82],[135.87,-1.75],[135.49,-1.67],[135.47,-1.62],[135.47,-1.59]]],[[[130.81,-0.0],[130.99,-0.05],[131.03,-0.04],[131.28,-0.15],[131.32,-0.2],[131.3,-0.24],[131.34,-0.29],[131.26,-0.37],[131.22,-0.37],[131.18,-0.35],[131.1,-0.33],[131.01,-0.36],[130.95,-0.34],[130.9,-0.27],[130.81,-0.23],[130.68,-0.08],[130.62,-0.09],[130.64,-0.14],[130.69,-0.18],[130.76,-0.29],[130.8,-0.3],[130.84,-0.3],[130.9,-0.34],[130.9,-0.42],[130.75,-0.44],[130.7,-0.39],[130.69,-0.3],[130.61,-0.33],[130.57,-0.36],[130.55,-0.37],[130.5,-0.27],[130.34,-0.26],[130.24,-0.21],[130.29,-0.15],[130.29,-0.1],[130.36,-0.07],[130.43,-0.1],[130.5,-0.06],[130.55,-0.07],[130.58,-0.05],[130.72,-0.03],[130.81,-0.0]]],[[[128.45,2.05],[128.3,2.03],[128.26,2.08],[128.22,2.3],[128.33,2.47],[128.47,2.57],[128.57,2.6],[128.6,2.6],[128.69,2.47],[128.62,2.22],[128.55,2.1],[128.45,2.05]]],[[[128.15,-1.66],[128.09,-1.7],[128.06,-1.71],[127.91,-1.69],[127.74,-1.69],[127.56,-1.73],[127.46,-1.7],[127.39,-1.64],[127.4,-1.59],[127.46,-1.45],[127.59,-1.35],[127.65,-1.33],[127.74,-1.36],[127.91,-1.44],[128.03,-1.53],[128.15,-1.6],[128.15,-1.66]]],[[[126.06,-2.45],[126.04,-2.47],[125.98,-2.42],[125.94,-2.26],[125.9,-2.22],[125.86,-2.08],[125.87,-2.04],[125.92,-1.97],[125.96,-1.98],[125.99,-2.01],[125.98,-2.17],[126.07,-2.37],[126.06,-2.45]]],[[[126.02,-1.79],[126.33,-1.82],[126.29,-1.86],[125.96,-1.92],[125.84,-1.91],[125.48,-1.94],[125.43,-1.94],[125.43,-1.88],[125.39,-1.84],[125.44,-1.81],[125.52,-1.8],[125.72,-1.81],[126.02,-1.79]]],[[[124.97,-1.71],[125.06,-1.74],[125.1,-1.74],[125.13,-1.7],[125.15,-1.69],[125.19,-1.71],[125.2,-1.78],[125.26,-1.77],[125.31,-1.79],[125.32,-1.81],[125.31,-1.88],[125.13,-1.89],[125.01,-1.94],[124.83,-1.89],[124.64,-1.98],[124.52,-2.01],[124.42,-2.01],[124.33,-1.86],[124.38,-1.69],[124.42,-1.66],[124.48,-1.64],[124.66,-1.64],[124.97,-1.71]]],[[[131.33,-8.0],[131.31,-8.01],[131.18,-8.0],[131.11,-8.0],[131.12,-7.92],[131.09,-7.87],[131.14,-7.78],[131.14,-7.68],[131.19,-7.67],[131.2,-7.62],[131.26,-7.47],[131.3,-7.44],[131.35,-7.43],[131.41,-7.34],[131.45,-7.32],[131.48,-7.25],[131.54,-7.22],[131.53,-7.17],[131.56,-7.14],[131.64,-7.11],[131.7,-7.14],[131.74,-7.2],[131.64,-7.27],[131.69,-7.44],[131.62,-7.63],[131.58,-7.68],[131.5,-7.73],[131.47,-7.78],[131.38,-7.87],[131.35,-7.95],[131.34,-7.98],[131.33,-8.0]]],[[[126.8,-7.67],[126.81,-7.72],[126.81,-7.74],[126.69,-7.75],[126.58,-7.81],[126.52,-7.87],[126.47,-7.95],[126.31,-7.92],[126.17,-7.91],[126.11,-7.88],[126.04,-7.89],[125.95,-7.91],[125.83,-7.98],[125.8,-7.98],[125.81,-7.88],[125.84,-7.82],[125.98,-7.66],[126.09,-7.7],[126.21,-7.71],[126.36,-7.68],[126.46,-7.61],[126.61,-7.57],[126.73,-7.66],[126.8,-7.67]]],[[[124.58,-8.14],[124.6,-8.2],[124.68,-8.17],[124.75,-8.16],[124.92,-8.17],[125.05,-8.18],[125.12,-8.2],[125.13,-8.33],[125.1,-8.35],[124.44,-8.44],[124.38,-8.42],[124.36,-8.39],[124.43,-8.3],[124.39,-8.25],[124.43,-8.18],[124.51,-8.14],[124.58,-8.14]]],[[[131.0,-1.32],[130.97,-1.34],[130.85,-1.32],[130.78,-1.26],[130.74,-1.17],[130.71,-1.1],[130.7,-1.05],[130.67,-0.98],[130.67,-0.96],[130.9,-0.89],[130.94,-0.92],[131.03,-0.92],[131.07,-0.97],[131.05,-1.19],[131.0,-1.32]]],[[[96.49,5.23],[96.62,5.22],[96.84,5.27],[96.97,5.27],[97.09,5.23],[97.19,5.21],[97.45,5.24],[97.5,5.23],[97.55,5.21],[97.59,5.17],[97.71,5.04],[97.91,4.88],[97.97,4.78],[98.0,4.66],[98.02,4.64],[98.25,4.41],[98.27,4.32],[98.24,4.19],[98.31,4.09],[98.53,4.0],[98.66,3.93],[98.69,3.89],[98.71,3.83],[98.78,3.76],[98.87,3.71],[99.15,3.58],[99.52,3.31],[99.73,3.18],[99.91,2.99],[99.97,2.89],[100.02,2.79],[100.13,2.65],[100.31,2.47],[100.35,2.41],[100.4,2.33],[100.46,2.26],[100.52,2.19],[100.6,2.14],[100.69,2.12],[100.82,1.99],[100.89,1.95],[100.88,2.05],[100.82,2.14],[100.82,2.19],[100.83,2.24],[100.88,2.28],[100.94,2.29],[101.05,2.26],[101.23,2.1],[101.3,2.01],[101.36,1.89],[101.41,1.76],[101.48,1.69],[101.58,1.67],[101.68,1.66],[101.78,1.62],[102.02,1.44],[102.1,1.36],[102.16,1.26],[102.2,1.14],[102.22,1.02],[102.24,0.99],[102.39,0.84],[102.47,0.78],[102.57,0.75],[102.85,0.72],[102.95,0.66],[103.03,0.58],[103.07,0.49],[103.01,0.42],[102.79,0.3],[102.55,0.22],[102.78,0.24],[102.9,0.28],[103.0,0.33],[103.11,0.4],[103.28,0.49],[103.34,0.51],[103.41,0.51],[103.48,0.48],[103.58,0.39],[103.67,0.29],[103.74,0.17],[103.79,0.05],[103.71,-0.02],[103.59,-0.07],[103.43,-0.19],[103.41,-0.24],[103.44,-0.27],[103.41,-0.36],[103.5,-0.42],[103.51,-0.47],[103.43,-0.53],[103.44,-0.58],[103.53,-0.75],[103.58,-0.8],[103.72,-0.89],[103.94,-0.98],[104.06,-1.02],[104.2,-1.05],[104.26,-1.05],[104.36,-1.04],[104.38,-1.07],[104.43,-1.25],[104.45,-1.36],[104.48,-1.6],[104.52,-1.7],[104.52,-1.82],[104.57,-1.92],[104.68,-1.99],[104.79,-2.04],[104.85,-2.09],[104.84,-2.17],[104.83,-2.23],[104.79,-2.28],[104.67,-2.39],[104.65,-2.43],[104.63,-2.54],[104.65,-2.6],[104.7,-2.6],[104.74,-2.57],[104.88,-2.42],[104.92,-2.39],[104.97,-2.37],[105.03,-2.36],[105.29,-2.36],[105.4,-2.38],[105.5,-2.43],[105.58,-2.49],[105.9,-2.89],[106.04,-3.11],[106.06,-3.16],[106.06,-3.22],[106.03,-3.26],[105.9,-3.41],[105.89,-3.45],[105.84,-3.61],[105.85,-3.73],[105.9,-3.78],[105.93,-3.83],[105.93,-3.88],[105.84,-4.12],[105.83,-4.16],[105.89,-4.55],[105.89,-4.66],[105.88,-4.79],[105.89,-5.01],[105.82,-5.68],[105.8,-5.72],[105.75,-5.82],[105.68,-5.82],[105.62,-5.8],[105.58,-5.76],[105.56,-5.71],[105.52,-5.67],[105.35,-5.55],[105.3,-5.57],[105.13,-5.72],[105.08,-5.75],[105.02,-5.73],[104.93,-5.68],[104.64,-5.52],[104.62,-5.57],[104.62,-5.64],[104.68,-5.82],[104.68,-5.89],[104.63,-5.91],[104.6,-5.9],[104.48,-5.8],[104.37,-5.69],[104.24,-5.54],[104.15,-5.47],[104.07,-5.39],[103.83,-5.08],[103.77,-5.03],[103.41,-4.82],[103.33,-4.77],[103.24,-4.68],[103.14,-4.6],[102.92,-4.47],[102.54,-4.15],[102.37,-3.97],[102.19,-3.67],[102.13,-3.6],[101.82,-3.38],[101.65,-3.24],[101.58,-3.17],[101.41,-2.9],[101.37,-2.81],[101.31,-2.73],[101.21,-2.66],[101.12,-2.59],[100.94,-2.35],[100.89,-2.25],[100.85,-2.14],[100.86,-1.93],[100.49,-1.3],[100.39,-1.1],[100.31,-0.83],[100.29,-0.8],[100.09,-0.55],[100.02,-0.47],[99.93,-0.4],[99.86,-0.31],[99.72,-0.03],[99.67,0.05],[99.6,0.1],[99.33,0.21],[99.24,0.27],[99.16,0.35],[99.11,0.46],[99.06,0.69],[98.94,1.03],[98.8,1.49],[98.7,1.7],[98.6,1.86],[98.56,1.9],[98.09,2.2],[98.01,2.24],[97.92,2.26],[97.8,2.28],[97.7,2.36],[97.66,2.49],[97.64,2.68],[97.62,2.79],[97.59,2.85],[97.39,2.98],[97.31,3.08],[97.25,3.19],[97.19,3.28],[96.97,3.58],[96.89,3.65],[96.8,3.71],[96.53,3.77],[96.44,3.82],[96.31,3.99],[96.23,4.07],[95.99,4.26],[95.58,4.66],[95.49,4.76],[95.43,4.87],[95.38,4.98],[95.21,5.28],[95.22,5.35],[95.25,5.41],[95.24,5.46],[95.22,5.52],[95.23,5.56],[95.28,5.59],[95.4,5.63],[95.52,5.62],[95.63,5.61],[95.74,5.58],[95.84,5.51],[96.03,5.35],[96.13,5.29],[96.25,5.27],[96.49,5.23]]],[[[122.78,-8.61],[122.64,-8.65],[122.55,-8.68],[122.47,-8.73],[122.42,-8.73],[122.32,-8.74],[122.19,-8.73],[122.09,-8.74],[121.84,-8.86],[121.74,-8.87],[121.65,-8.9],[121.62,-8.85],[121.58,-8.82],[121.5,-8.81],[121.41,-8.81],[121.33,-8.92],[121.19,-8.9],[121.14,-8.9],[121.09,-8.93],[121.04,-8.94],[120.98,-8.93],[120.78,-8.85],[120.55,-8.8],[120.32,-8.82],[120.12,-8.78],[120.01,-8.81],[119.91,-8.86],[119.88,-8.81],[119.84,-8.76],[119.81,-8.7],[119.81,-8.62],[119.82,-8.57],[119.85,-8.52],[119.87,-8.47],[119.87,-8.42],[119.92,-8.45],[119.96,-8.44],[120.1,-8.38],[120.23,-8.29],[120.35,-8.26],[120.42,-8.25],[120.49,-8.27],[120.55,-8.26],[120.61,-8.24],[120.71,-8.31],[120.75,-8.32],[120.89,-8.33],[121.01,-8.37],[121.12,-8.42],[121.28,-8.48],[121.37,-8.55],[121.44,-8.58],[121.5,-8.59],[121.55,-8.58],[121.61,-8.53],[121.68,-8.51],[121.75,-8.51],[121.86,-8.49],[121.91,-8.48],[121.97,-8.46],[122.02,-8.47],[122.07,-8.5],[122.26,-8.62],[122.32,-8.63],[122.43,-8.6],[122.47,-8.57],[122.48,-8.51],[122.51,-8.47],[122.56,-8.43],[122.6,-8.4],[122.75,-8.35],[122.85,-8.3],[122.92,-8.22],[122.76,-8.19],[122.79,-8.13],[122.85,-8.09],[122.92,-8.11],[122.98,-8.15],[123.01,-8.33],[122.96,-8.35],[122.92,-8.38],[122.9,-8.42],[122.81,-8.48],[122.85,-8.56],[122.82,-8.6],[122.78,-8.61]]],[[[120.01,-9.37],[120.06,-9.42],[120.22,-9.51],[120.25,-9.54],[120.26,-9.6],[120.29,-9.65],[120.36,-9.65],[120.44,-9.65],[120.5,-9.67],[120.56,-9.72],[120.63,-9.81],[120.7,-9.9],[120.78,-9.96],[120.83,-10.04],[120.8,-10.11],[120.7,-10.21],[120.64,-10.23],[120.56,-10.24],[120.44,-10.29],[120.39,-10.26],[120.26,-10.24],[120.14,-10.2],[120.05,-10.12],[120.0,-10.04],[119.93,-9.97],[119.81,-9.92],[119.6,-9.77],[119.47,-9.76],[119.42,-9.77],[119.36,-9.77],[119.09,-9.71],[119.04,-9.67],[119.01,-9.62],[118.98,-9.57],[118.96,-9.52],[118.99,-9.47],[119.03,-9.44],[119.19,-9.38],[119.3,-9.37],[119.42,-9.37],[119.61,-9.35],[119.8,-9.38],[119.85,-9.36],[119.94,-9.3],[119.97,-9.32],[120.01,-9.37]]],[[[118.24,-8.32],[118.29,-8.36],[118.34,-8.35],[118.43,-8.29],[118.49,-8.27],[118.55,-8.27],[118.61,-8.28],[118.67,-8.32],[118.69,-8.39],[118.71,-8.41],[118.75,-8.33],[118.79,-8.31],[118.85,-8.29],[118.93,-8.3],[118.99,-8.34],[119.04,-8.46],[119.04,-8.56],[119.06,-8.6],[119.1,-8.63],[119.13,-8.67],[119.1,-8.71],[119.08,-8.73],[119.01,-8.75],[118.97,-8.74],[118.94,-8.71],[118.9,-8.7],[118.82,-8.71],[118.75,-8.74],[118.76,-8.77],[118.82,-8.79],[118.84,-8.81],[118.83,-8.83],[118.81,-8.84],[118.73,-8.81],[118.67,-8.81],[118.48,-8.86],[118.43,-8.86],[118.4,-8.81],[118.4,-8.7],[118.38,-8.67],[118.23,-8.81],[118.19,-8.84],[118.13,-8.86],[118.07,-8.85],[117.86,-8.93],[117.8,-8.92],[117.73,-8.92],[117.51,-9.01],[117.39,-9.03],[117.33,-9.03],[117.27,-9.03],[117.21,-9.03],[117.16,-9.07],[117.06,-9.1],[116.96,-9.08],[116.87,-9.05],[116.79,-9.01],[116.77,-8.96],[116.77,-8.89],[116.81,-8.81],[116.78,-8.66],[116.8,-8.6],[116.84,-8.53],[116.89,-8.51],[116.95,-8.5],[117.06,-8.44],[117.16,-8.37],[117.22,-8.37],[117.36,-8.43],[117.43,-8.43],[117.57,-8.43],[117.62,-8.46],[117.64,-8.54],[117.67,-8.56],[117.71,-8.58],[117.81,-8.71],[117.89,-8.7],[117.97,-8.73],[118.1,-8.65],[118.21,-8.65],[118.23,-8.59],[118.17,-8.53],[118.1,-8.48],[118.06,-8.46],[118.02,-8.47],[117.98,-8.46],[117.81,-8.34],[117.77,-8.28],[117.74,-8.2],[117.76,-8.15],[117.87,-8.1],[117.92,-8.09],[118.12,-8.12],[118.15,-8.15],[118.2,-8.27],[118.24,-8.32]]],[[[124.89,1.0],[124.7,0.83],[124.64,0.74],[124.59,0.66],[124.51,0.56],[124.43,0.47],[124.38,0.44],[124.28,0.4],[124.22,0.38],[124.1,0.37],[123.75,0.31],[123.64,0.3],[123.53,0.3],[123.31,0.32],[123.27,0.33],[123.18,0.42],[123.08,0.49],[123.0,0.49],[122.91,0.49],[122.28,0.48],[122.06,0.47],[121.84,0.44],[121.72,0.45],[121.6,0.49],[121.52,0.5],[121.43,0.49],[121.01,0.44],[120.91,0.45],[120.7,0.51],[120.58,0.53],[120.46,0.51],[120.35,0.45],[120.31,0.41],[120.19,0.27],[120.13,0.17],[120.08,0.04],[120.04,-0.09],[120.01,-0.2],[120.01,-0.31],[120.03,-0.43],[120.06,-0.56],[120.1,-0.65],[120.24,-0.87],[120.27,-0.9],[120.43,-0.96],[120.52,-1.04],[120.61,-1.26],[120.67,-1.37],[120.73,-1.37],[120.8,-1.36],[120.92,-1.38],[121.03,-1.41],[121.15,-1.34],[121.21,-1.21],[121.28,-1.12],[121.43,-0.94],[121.52,-0.86],[121.58,-0.83],[121.63,-0.84],[121.68,-0.89],[121.74,-0.93],[121.85,-0.95],[121.97,-0.93],[122.09,-0.88],[122.14,-0.84],[122.17,-0.79],[122.28,-0.76],[122.53,-0.76],[122.66,-0.77],[122.89,-0.76],[122.89,-0.72],[122.84,-0.69],[122.83,-0.66],[122.87,-0.64],[123.02,-0.6],[123.17,-0.57],[123.28,-0.59],[123.38,-0.65],[123.42,-0.71],[123.43,-0.78],[123.4,-0.96],[123.38,-1.0],[123.3,-1.03],[123.23,-1.0],[123.15,-0.91],[123.05,-0.87],[122.9,-0.9],[122.85,-0.93],[122.81,-0.97],[122.72,-1.06],[122.66,-1.18],[122.51,-1.35],[122.33,-1.5],[122.25,-1.56],[122.16,-1.59],[121.86,-1.69],[121.78,-1.77],[121.72,-1.86],[121.65,-1.9],[121.57,-1.91],[121.51,-1.89],[121.39,-1.83],[121.36,-1.88],[121.35,-1.95],[121.41,-1.97],[121.5,-2.05],[121.58,-2.15],[121.62,-2.17],[121.73,-2.21],[121.77,-2.24],[121.85,-2.33],[121.97,-2.54],[122.01,-2.66],[122.08,-2.75],[122.29,-2.91],[122.3,-2.95],[122.29,-3.0],[122.31,-3.05],[122.38,-3.14],[122.4,-3.2],[122.32,-3.28],[122.31,-3.38],[122.26,-3.53],[122.25,-3.58],[122.25,-3.62],[122.29,-3.66],[122.33,-3.69],[122.39,-3.71],[122.43,-3.74],[122.53,-3.85],[122.58,-3.88],[122.61,-3.92],[122.61,-3.98],[122.65,-4.02],[122.69,-4.08],[122.75,-4.1],[122.78,-4.08],[122.8,-4.05],[122.85,-4.06],[122.88,-4.11],[122.89,-4.17],[122.9,-4.23],[122.9,-4.35],[122.87,-4.39],[122.82,-4.39],[122.72,-4.34],[122.72,-4.38],[122.72,-4.41],[122.67,-4.42],[122.61,-4.42],[122.47,-4.42],[122.21,-4.5],[122.11,-4.54],[122.05,-4.62],[122.05,-4.68],[122.07,-4.79],[122.04,-4.83],[121.92,-4.85],[121.75,-4.82],[121.65,-4.79],[121.59,-4.76],[121.51,-4.68],[121.49,-4.58],[121.54,-4.28],[121.56,-4.24],[121.58,-4.21],[121.61,-4.16],[121.62,-4.09],[121.54,-4.01],[121.42,-3.98],[121.31,-3.92],[120.91,-3.56],[120.89,-3.52],[120.89,-3.46],[120.91,-3.4],[121.04,-3.21],[121.05,-3.17],[121.07,-3.01],[121.07,-2.88],[121.05,-2.75],[120.99,-2.67],[120.88,-2.65],[120.77,-2.64],[120.65,-2.67],[120.54,-2.73],[120.34,-2.87],[120.26,-2.95],[120.25,-3.05],[120.3,-3.15],[120.36,-3.25],[120.39,-3.35],[120.44,-3.71],[120.44,-3.75],[120.38,-3.85],[120.36,-4.09],[120.38,-4.42],[120.42,-4.62],[120.4,-4.73],[120.31,-4.96],[120.28,-5.09],[120.28,-5.15],[120.39,-5.39],[120.42,-5.49],[120.43,-5.59],[120.31,-5.54],[120.26,-5.54],[120.2,-5.56],[120.08,-5.58],[119.95,-5.58],[119.91,-5.6],[119.82,-5.66],[119.76,-5.69],[119.72,-5.69],[119.56,-5.61],[119.46,-5.52],[119.38,-5.42],[119.36,-5.31],[119.39,-5.2],[119.43,-5.08],[119.52,-4.88],[119.52,-4.74],[119.54,-4.63],[119.59,-4.52],[119.61,-4.42],[119.62,-4.03],[119.61,-4.0],[119.49,-3.77],[119.48,-3.73],[119.48,-3.67],[119.49,-3.61],[119.49,-3.55],[119.47,-3.51],[119.42,-3.48],[119.36,-3.46],[119.24,-3.48],[118.99,-3.54],[118.92,-3.48],[118.87,-3.4],[118.83,-3.28],[118.81,-3.16],[118.82,-3.04],[118.86,-2.93],[118.83,-2.85],[118.78,-2.76],[118.78,-2.72],[118.81,-2.68],[118.85,-2.65],[118.91,-2.63],[118.96,-2.6],[119.09,-2.48],[119.14,-2.38],[119.14,-2.26],[119.17,-2.14],[119.24,-2.03],[119.32,-1.93],[119.35,-1.83],[119.31,-1.66],[119.32,-1.58],[119.31,-1.5],[119.31,-1.41],[119.36,-1.24],[119.51,-0.91],[119.65,-0.73],[119.71,-0.68],[119.79,-0.76],[119.84,-0.86],[119.85,-0.77],[119.83,-0.69],[119.77,-0.48],[119.72,-0.09],[119.74,-0.05],[119.79,-0.06],[119.84,-0.02],[119.87,0.04],[119.81,0.19],[119.81,0.24],[119.91,0.45],[120.0,0.52],[120.04,0.57],[120.06,0.69],[120.1,0.74],[120.16,0.77],[120.23,0.86],[120.27,0.97],[120.29,0.98],[120.32,0.98],[120.37,0.89],[120.42,0.85],[120.52,0.82],[120.6,0.85],[120.63,0.9],[120.66,0.94],[120.71,0.99],[120.75,1.04],[120.8,1.15],[120.87,1.25],[120.91,1.29],[120.97,1.31],[121.02,1.33],[121.08,1.33],[121.21,1.26],[121.28,1.25],[121.36,1.25],[121.4,1.24],[121.44,1.21],[121.47,1.16],[121.51,1.1],[121.55,1.08],[121.59,1.07],[121.87,1.09],[122.11,1.03],[122.44,1.02],[122.55,0.98],[122.66,0.94],[122.79,0.86],[122.84,0.85],[122.89,0.85],[122.96,0.92],[123.01,0.94],[123.07,0.94],[123.28,0.93],[123.85,0.84],[123.93,0.85],[124.27,1.02],[124.41,1.19],[124.53,1.23],[124.58,1.3],[124.6,1.39],[124.64,1.42],[124.75,1.44],[124.79,1.47],[124.86,1.58],[124.95,1.67],[124.99,1.7],[125.11,1.69],[125.16,1.64],[125.23,1.5],[125.22,1.48],[125.14,1.41],[125.12,1.38],[125.03,1.18],[124.97,1.08],[124.89,1.0]]],[[[107.37,-6.01],[107.47,-6.12],[107.56,-6.18],[107.67,-6.22],[107.78,-6.22],[107.88,-6.23],[108.01,-6.28],[108.14,-6.3],[108.2,-6.29],[108.25,-6.27],[108.3,-6.27],[108.33,-6.29],[108.42,-6.38],[108.52,-6.47],[108.54,-6.52],[108.6,-6.73],[108.68,-6.79],[108.78,-6.81],[108.9,-6.81],[109.02,-6.82],[109.29,-6.87],[109.4,-6.86],[109.5,-6.81],[109.59,-6.84],[109.82,-6.9],[109.94,-6.92],[110.07,-6.9],[110.2,-6.9],[110.26,-6.91],[110.32,-6.94],[110.37,-6.95],[110.43,-6.95],[110.52,-6.9],[110.58,-6.81],[110.63,-6.69],[110.67,-6.57],[110.7,-6.52],[110.74,-6.47],[110.78,-6.44],[110.83,-6.42],[110.97,-6.44],[111.0,-6.46],[111.15,-6.67],[111.18,-6.69],[111.34,-6.7],[111.39,-6.69],[111.48,-6.65],[111.54,-6.65],[111.64,-6.7],[111.69,-6.74],[111.74,-6.77],[111.99,-6.81],[112.09,-6.89],[112.14,-6.91],[112.31,-6.89],[112.43,-6.9],[112.54,-6.93],[112.59,-7.05],[112.63,-7.18],[112.65,-7.22],[112.75,-7.27],[112.79,-7.3],[112.78,-7.43],[112.79,-7.55],[113.01,-7.66],[113.25,-7.72],[113.5,-7.72],[113.75,-7.7],[113.88,-7.68],[114.04,-7.63],[114.07,-7.63],[114.38,-7.77],[114.41,-7.79],[114.44,-7.9],[114.44,-8.0],[114.38,-8.26],[114.38,-8.33],[114.39,-8.41],[114.45,-8.56],[114.48,-8.6],[114.6,-8.68],[114.6,-8.73],[114.58,-8.77],[114.46,-8.74],[114.38,-8.71],[114.34,-8.65],[114.28,-8.61],[114.16,-8.63],[113.94,-8.57],[113.69,-8.48],[113.25,-8.29],[113.13,-8.29],[113.02,-8.31],[112.9,-8.36],[112.77,-8.4],[112.68,-8.41],[112.59,-8.4],[112.35,-8.35],[112.12,-8.32],[111.51,-8.31],[111.34,-8.26],[111.06,-8.24],[110.83,-8.2],[110.61,-8.15],[110.04,-7.89],[109.85,-7.83],[109.28,-7.7],[109.19,-7.69],[108.99,-7.7],[108.86,-7.67],[108.74,-7.67],[108.57,-7.71],[108.52,-7.74],[108.45,-7.8],[108.34,-7.79],[108.22,-7.78],[107.92,-7.72],[107.8,-7.69],[107.7,-7.64],[107.6,-7.57],[107.55,-7.54],[107.28,-7.47],[107.07,-7.45],[106.63,-7.42],[106.54,-7.39],[106.46,-7.37],[106.41,-7.31],[106.42,-7.24],[106.45,-7.18],[106.49,-7.11],[106.52,-7.05],[106.2,-6.93],[105.94,-6.86],[105.83,-6.85],[105.72,-6.85],[105.6,-6.86],[105.48,-6.85],[105.42,-6.83],[105.36,-6.83],[105.3,-6.84],[105.26,-6.84],[105.24,-6.78],[105.27,-6.73],[105.34,-6.67],[105.37,-6.66],[105.39,-6.75],[105.4,-6.77],[105.46,-6.79],[105.48,-6.78],[105.58,-6.67],[105.61,-6.62],[105.66,-6.47],[105.71,-6.5],[105.76,-6.48],[105.79,-6.46],[105.87,-6.12],[105.94,-6.02],[106.03,-5.93],[106.08,-5.91],[106.17,-5.96],[106.35,-5.98],[106.46,-6.02],[106.57,-6.02],[106.68,-6.04],[106.83,-6.1],[106.88,-6.09],[106.93,-6.07],[107.01,-6.01],[107.05,-5.9],[107.16,-5.96],[107.33,-5.98],[107.37,-6.01]]],[[[109.63,2.03],[109.54,1.9],[109.55,1.85],[109.57,1.81],[109.64,1.78],[109.65,1.61],[109.74,1.52],[109.82,1.44],[109.88,1.4],[109.94,1.34],[109.99,1.28],[110.04,1.24],[110.11,1.19],[110.32,1.0],[110.4,0.94],[110.46,0.88],[110.51,0.86],[110.61,0.88],[110.94,1.02],[111.0,1.03],[111.1,1.05],[111.29,1.04],[111.48,1.0],[111.55,0.99],[111.61,1.02],[111.69,1.01],[111.77,1.0],[111.81,1.01],[111.92,1.11],[112.08,1.14],[112.13,1.24],[112.17,1.34],[112.19,1.44],[112.25,1.48],[112.34,1.51],[112.48,1.56],[112.94,1.57],[112.99,1.55],[113.0,1.5],[112.99,1.46],[113.01,1.43],[113.07,1.43],[113.13,1.41],[113.36,1.33],[113.46,1.3],[113.51,1.31],[113.62,1.24],[113.68,1.26],[113.76,1.31],[113.84,1.38],[113.9,1.43],[114,1.46],[114.13,1.45],[114.27,1.47],[114.39,1.5],[114.51,1.45],[114.55,1.47],[114.57,1.51],[114.63,1.62],[114.66,1.69],[114.69,1.82],[114.7,1.85],[114.75,1.87],[114.8,1.89],[114.81,1.93],[114.83,1.98],[114.82,2.02],[114.79,2.05],[114.76,2.16],[114.77,2.21],[114.79,2.25],[114.84,2.27],[114.97,2.35],[115.09,2.45],[115.15,2.49],[115.18,2.52],[115.18,2.57],[115.13,2.61],[115.08,2.63],[115.08,2.69],[115.08,2.72],[115.09,2.76],[115.09,2.79],[115.09,2.84],[115.12,2.89],[115.19,2.97],[115.25,3.03],[115.31,2.99],[115.38,3.01],[115.45,3.03],[115.49,3.13],[115.5,3.17],[115.49,3.21],[115.51,3.34],[115.52,3.36],[115.57,3.45],[115.57,3.5],[115.54,3.63],[115.56,3.73],[115.57,3.94],[115.6,3.98],[115.63,4.08],[115.68,4.19],[115.78,4.25],[115.84,4.33],[115.86,4.35],[115.9,4.35],[116.02,4.29],[116.13,4.36],[116.24,4.36],[116.32,4.35],[116.37,4.33],[116.41,4.31],[116.51,4.37],[116.55,4.36],[116.59,4.34],[116.64,4.34],[116.7,4.35],[116.84,4.34],[117.1,4.34],[117.28,4.3],[117.45,4.19],[117.54,4.17],[117.57,4.17],[117.57,4.16],[117.5,4.13],[117.47,4.08],[117.56,3.99],[117.57,3.93],[117.64,3.88],[117.73,3.8],[117.73,3.77],[117.76,3.73],[117.78,3.69],[117.71,3.64],[117.63,3.64],[117.57,3.68],[117.51,3.73],[117.49,3.67],[117.45,3.63],[117.29,3.64],[117.17,3.64],[117.06,3.62],[117.11,3.61],[117.17,3.59],[117.35,3.43],[117.38,3.37],[117.32,3.24],[117.35,3.19],[117.42,3.17],[117.51,3.1],[117.57,3.1],[117.61,3.06],[117.61,3.0],[117.64,2.95],[117.57,2.93],[117.64,2.91],[117.7,2.89],[117.66,2.86],[117.64,2.83],[117.67,2.81],[117.75,2.78],[117.79,2.75],[117.8,2.67],[117.89,2.54],[118.03,2.38],[118.07,2.32],[118.07,2.26],[118.04,2.22],[117.96,2.16],[117.89,2.09],[117.88,2.06],[117.79,2.03],[117.83,2.0],[117.86,1.97],[117.93,1.87],[118.08,1.7],[118.16,1.64],[118.47,1.42],[118.64,1.32],[118.85,1.1],[118.96,1.04],[118.98,0.98],[118.89,0.89],[118.76,0.84],[118.53,0.81],[118.31,0.85],[118.2,0.87],[118.1,0.93],[118.02,1.04],[117.91,1.1],[117.95,1.03],[117.98,0.96],[117.96,0.89],[117.92,0.83],[117.85,0.79],[117.78,0.75],[117.75,0.73],[117.55,0.34],[117.52,0.24],[117.46,-0.2],[117.46,-0.32],[117.55,-0.55],[117.56,-0.68],[117.57,-0.73],[117.56,-0.77],[117.52,-0.8],[117.36,-0.87],[117.24,-0.93],[117.15,-1.01],[117.07,-1.11],[117.0,-1.19],[116.91,-1.22],[116.85,-1.22],[116.8,-1.18],[116.76,-1.12],[116.74,-1.04],[116.73,-1.1],[116.73,-1.15],[116.76,-1.21],[116.77,-1.27],[116.75,-1.33],[116.72,-1.38],[116.61,-1.43],[116.55,-1.47],[116.55,-1.55],[116.52,-1.6],[116.48,-1.63],[116.33,-1.71],[116.3,-1.74],[116.28,-1.78],[116.35,-1.78],[116.42,-1.78],[116.43,-1.86],[116.45,-1.92],[116.42,-2.05],[116.31,-2.14],[116.37,-2.16],[116.42,-2.19],[116.53,-2.21],[116.57,-2.3],[116.55,-2.41],[116.53,-2.51],[116.45,-2.54],[116.4,-2.52],[116.35,-2.52],[116.32,-2.55],[116.31,-2.6],[116.38,-2.58],[116.37,-2.71],[116.35,-2.83],[116.33,-2.9],[116.29,-2.96],[116.23,-2.98],[116.17,-2.93],[116.15,-2.98],[116.17,-3.03],[116.26,-3.13],[116.21,-3.15],[116.17,-3.18],[116.15,-3.23],[116.06,-3.35],[116.02,-3.43],[116.0,-3.52],[115.96,-3.6],[115.26,-3.91],[114.69,-4.17],[114.65,-4.15],[114.63,-4.11],[114.61,-3.7],[114.54,-3.49],[114.53,-3.38],[114.45,-3.48],[114.4,-3.47],[114.34,-3.44],[114.3,-3.41],[114.3,-3.36],[114.34,-3.24],[114.29,-3.31],[114.24,-3.36],[114.18,-3.35],[114.13,-3.33],[114.11,-3.29],[114.08,-3.28],[113.96,-3.39],[113.8,-3.46],[113.71,-3.46],[113.63,-3.42],[113.64,-3.33],[113.63,-3.25],[113.61,-3.2],[113.57,-3.18],[113.53,-3.18],[113.41,-3.23],[113.37,-3.22],[113.34,-3.25],[113.03,-2.93],[112.97,-3.19],[112.76,-3.32],[112.6,-3.4],[112.44,-3.37],[112.28,-3.32],[112.13,-3.38],[111.95,-3.53],[111.91,-3.55],[111.86,-3.55],[111.82,-3.53],[111.83,-3.42],[111.84,-3.31],[111.82,-3.06],[111.81,-3.01],[111.76,-2.94],[111.69,-2.89],[111.66,-2.93],[111.63,-2.98],[111.49,-2.97],[111.37,-2.93],[111.26,-2.96],[111.04,-3.06],[110.93,-3.07],[110.87,-3.05],[110.83,-3.0],[110.85,-2.95],[110.9,-2.91],[110.81,-2.94],[110.74,-2.99],[110.7,-3.02],[110.67,-3.0],[110.57,-2.89],[110.38,-2.93],[110.35,-2.95],[110.3,-2.99],[110.26,-2.97],[110.23,-2.93],[110.22,-2.69],[110.12,-2.23],[110.1,-2.0],[110.08,-1.95],[109.96,-1.86],[109.96,-1.74],[110.02,-1.64],[110.04,-1.53],[110.02,-1.4],[109.98,-1.27],[109.94,-1.18],[109.87,-1.1],[109.79,-1.01],[109.68,-0.94],[109.45,-0.87],[109.33,-0.88],[109.29,-0.85],[109.26,-0.81],[109.27,-0.73],[109.31,-0.68],[109.37,-0.67],[109.37,-0.64],[109.26,-0.58],[109.16,-0.49],[109.13,-0.45],[109.12,-0.39],[109.12,-0.27],[109.15,-0.19],[109.16,-0.14],[109.19,-0.01],[109.26,0.03],[109.25,0.06],[109.22,0.07],[109.18,0.12],[109.15,0.17],[109.07,0.25],[108.94,0.36],[108.92,0.53],[108.91,0.79],[108.92,0.91],[108.96,1.13],[109.03,1.2],[109.09,1.22],[109.13,1.25],[109.1,1.26],[109.07,1.25],[109.01,1.24],[109.06,1.44],[109.08,1.5],[109.17,1.61],[109.27,1.71],[109.32,1.82],[109.38,1.92],[109.63,2.03]]],[[[127.73,0.85],[127.81,0.83],[127.88,0.83],[127.92,0.88],[127.93,0.93],[127.97,1.04],[128.06,1.12],[128.12,1.13],[128.16,1.16],[128.15,1.24],[128.16,1.32],[128.22,1.4],[128.42,1.52],[128.54,1.56],[128.69,1.57],[128.71,1.53],[128.69,1.46],[128.72,1.37],[128.7,1.11],[128.67,1.07],[128.51,0.98],[128.35,0.91],[128.3,0.88],[128.26,0.8],[128.26,0.73],[128.4,0.64],[128.61,0.55],[128.66,0.51],[128.68,0.44],[128.69,0.36],[128.74,0.32],[128.82,0.31],[128.86,0.27],[128.9,0.22],[128.54,0.34],[128.45,0.39],[128.33,0.4],[128.22,0.41],[128.11,0.46],[127.98,0.47],[127.92,0.44],[127.9,0.37],[127.89,0.3],[127.91,0.21],[127.91,0.15],[127.89,0.05],[127.98,-0.25],[128.09,-0.49],[128.25,-0.73],[128.33,-0.82],[128.43,-0.89],[128.28,-0.87],[128.23,-0.79],[128.05,-0.71],[128.01,-0.66],[127.89,-0.42],[127.85,-0.38],[127.74,-0.3],[127.69,-0.24],[127.67,-0.16],[127.69,-0.08],[127.68,0.03],[127.69,0.15],[127.71,0.29],[127.67,0.34],[127.62,0.38],[127.56,0.49],[127.54,0.61],[127.54,0.68],[127.57,0.74],[127.6,0.8],[127.61,0.85],[127.52,0.92],[127.43,1.14],[127.42,1.25],[127.54,1.47],[127.53,1.57],[127.56,1.63],[127.57,1.7],[127.63,1.84],[127.73,1.97],[127.9,2.14],[127.96,2.17],[128.04,2.2],[128.04,2.16],[128.03,2.12],[127.91,1.95],[127.89,1.91],[127.89,1.83],[127.95,1.79],[128.01,1.7],[128.02,1.58],[128.03,1.46],[128.01,1.33],[127.99,1.29],[127.89,1.16],[127.65,1.01],[127.63,0.98],[127.63,0.94],[127.68,0.89],[127.73,0.85]]],[[[129.75,-2.87],[129.98,-2.98],[130.1,-2.99],[130.3,-2.98],[130.38,-2.99],[130.57,-3.13],[130.63,-3.23],[130.64,-3.31],[130.67,-3.39],[130.72,-3.41],[130.77,-3.42],[130.85,-3.53],[130.86,-3.57],[130.81,-3.86],[130.58,-3.75],[130.36,-3.63],[130.27,-3.58],[130.02,-3.47],[129.98,-3.44],[129.95,-3.39],[129.84,-3.33],[129.63,-3.32],[129.55,-3.32],[129.51,-3.33],[129.52,-3.36],[129.52,-3.43],[129.47,-3.45],[129.33,-3.41],[129.21,-3.39],[129.11,-3.35],[128.97,-3.33],[128.95,-3.3],[128.96,-3.27],[128.96,-3.24],[128.93,-3.23],[128.86,-3.23],[128.8,-3.27],[128.75,-3.3],[128.68,-3.4],[128.64,-3.43],[128.52,-3.45],[128.47,-3.44],[128.42,-3.42],[128.28,-3.24],[128.23,-3.2],[128.18,-3.17],[128.13,-3.16],[128.08,-3.18],[128.06,-3.24],[128.04,-3.3],[128.03,-3.34],[127.97,-3.44],[127.92,-3.51],[127.9,-3.5],[127.93,-3.4],[127.93,-3.34],[127.9,-3.28],[127.88,-3.22],[128.11,-2.93],[128.2,-2.87],[128.57,-2.84],[128.79,-2.86],[128.91,-2.85],[128.99,-2.83],[129.06,-2.84],[129.07,-2.9],[129.12,-2.94],[129.17,-2.93],[129.28,-2.89],[129.37,-2.82],[129.43,-2.79],[129.48,-2.79],[129.54,-2.79],[129.6,-2.81],[129.75,-2.87]]],[[[126.86,-3.09],[127.03,-3.17],[127.06,-3.22],[127.09,-3.28],[127.12,-3.31],[127.16,-3.34],[127.23,-3.39],[127.24,-3.47],[127.23,-3.63],[127.16,-3.65],[127.09,-3.67],[126.94,-3.76],[126.87,-3.78],[126.79,-3.79],[126.74,-3.81],[126.69,-3.82],[126.55,-3.77],[126.41,-3.71],[126.21,-3.61],[126.18,-3.58],[126.15,-3.52],[126.06,-3.42],[126.03,-3.36],[126.03,-3.17],[126.05,-3.13],[126.09,-3.11],[126.22,-3.15],[126.31,-3.1],[126.56,-3.07],[126.81,-3.07],[126.86,-3.09]]],[[[124.92,-8.94],[124.92,-9.03],[124.94,-9.05],[124.97,-9.06],[125.1,-9.0],[125.12,-9.02],[125.15,-9.04],[125.15,-9.12],[125.1,-9.19],[124.98,-9.19],[124.96,-9.21],[124.96,-9.25],[124.97,-9.29],[125.0,-9.33],[125.03,-9.38],[125.07,-9.51],[125.0,-9.57],[124.96,-9.67],[124.84,-9.76],[124.71,-9.91],[124.6,-9.99],[124.51,-10.09],[124.43,-10.15],[124.33,-10.17],[124.18,-10.18],[123.97,-10.29],[123.86,-10.34],[123.75,-10.35],[123.64,-10.31],[123.6,-10.27],[123.61,-10.22],[123.65,-10.17],[123.69,-10.13],[123.72,-10.08],[123.6,-10.02],[123.59,-9.97],[123.64,-9.84],[123.67,-9.71],[123.71,-9.61],[123.88,-9.45],[123.98,-9.37],[124.04,-9.34],[124.05,-9.38],[124.09,-9.42],[124.12,-9.42],[124.13,-9.41],[124.28,-9.43],[124.32,-9.41],[124.38,-9.35],[124.41,-9.31],[124.44,-9.24],[124.44,-9.19],[124.58,-9.16],[124.65,-9.12],[124.71,-9.06],[124.89,-8.97],[124.92,-8.94]]],[[[134.75,-5.71],[134.74,-5.75],[134.74,-5.82],[134.75,-5.88],[134.71,-5.95],[134.75,-6.05],[134.76,-6.1],[134.76,-6.17],[134.74,-6.2],[134.71,-6.3],[134.68,-6.33],[134.66,-6.34],[134.64,-6.37],[134.44,-6.33],[134.36,-6.27],[134.28,-6.2],[134.26,-6.17],[134.18,-6.09],[134.15,-6.06],[134.15,-6.02],[134.23,-6.01],[134.3,-6.01],[134.3,-5.97],[134.34,-5.83],[134.23,-5.74],[134.21,-5.71],[134.25,-5.68],[134.34,-5.71],[134.46,-5.56],[134.49,-5.53],[134.51,-5.44],[134.57,-5.43],[134.62,-5.44],[134.65,-5.49],[134.66,-5.54],[134.65,-5.58],[134.7,-5.6],[134.75,-5.71]]],[[[134.54,-6.44],[134.52,-6.51],[134.5,-6.59],[134.41,-6.68],[134.36,-6.81],[134.32,-6.85],[134.2,-6.91],[134.09,-6.83],[134.06,-6.77],[134.11,-6.47],[134.15,-6.48],[134.18,-6.48],[134.19,-6.46],[134.12,-6.43],[134.11,-6.26],[134.11,-6.19],[134.17,-6.18],[134.23,-6.23],[134.32,-6.32],[134.42,-6.39],[134.54,-6.44]]],[[[138.54,-8.27],[138.3,-8.41],[137.98,-8.38],[137.87,-8.38],[137.69,-8.41],[137.65,-8.39],[137.69,-8.26],[137.83,-7.93],[138.01,-7.64],[138.08,-7.57],[138.19,-7.5],[138.3,-7.44],[138.54,-7.38],[138.77,-7.39],[138.8,-7.41],[138.9,-7.51],[138.96,-7.59],[138.99,-7.7],[138.89,-7.88],[138.79,-8.06],[138.61,-8.2],[138.54,-8.27]]],[[[140.97,-2.61],[140.97,-2.61],[140.97,-2.68],[140.97,-2.8],[140.97,-3.01],[140.97,-3.21],[140.97,-3.41],[140.97,-3.62],[140.97,-3.82],[140.97,-4.02],[140.97,-4.23],[140.97,-4.43],[140.97,-4.63],[140.97,-4.84],[140.97,-5.04],[140.97,-5.24],[140.97,-5.45],[140.97,-5.65],[140.97,-5.85],[140.97,-6.06],[140.97,-6.26],[140.97,-6.35],[140.94,-6.45],[140.87,-6.61],[140.86,-6.74],[140.92,-6.84],[140.98,-6.91],[140.98,-7.07],[140.98,-7.28],[140.98,-7.48],[140.98,-7.68],[140.98,-7.89],[140.98,-8.09],[140.98,-8.29],[140.98,-8.5],[140.98,-8.7],[140.98,-8.9],[140.98,-9.11],[140.98,-9.12],[140.92,-9.09],[140.79,-8.97],[140.66,-8.85],[140.58,-8.73],[140.49,-8.62],[140.1,-8.3],[140.0,-8.2],[139.98,-8.17],[139.99,-8.14],[140.04,-8.08],[140.12,-7.92],[140.03,-8.02],[139.93,-8.1],[139.79,-8.11],[139.65,-8.13],[139.52,-8.17],[139.39,-8.19],[139.32,-8.17],[139.28,-8.11],[139.26,-8.05],[139.25,-7.98],[139.19,-8.09],[139.08,-8.14],[138.93,-8.26],[138.89,-8.24],[138.86,-8.19],[138.86,-8.15],[138.89,-8.09],[138.91,-8.04],[138.94,-7.91],[139.0,-7.84],[139.05,-7.69],[139.07,-7.64],[139.09,-7.59],[139.05,-7.53],[138.98,-7.51],[138.94,-7.47],[138.89,-7.37],[138.85,-7.34],[138.79,-7.3],[138.75,-7.25],[138.8,-7.22],[138.86,-7.2],[138.92,-7.2],[139.02,-7.23],[139.06,-7.23],[139.18,-7.19],[139.11,-7.2],[139.05,-7.2],[138.85,-7.14],[138.72,-7.07],[138.6,-6.94],[138.6,-6.91],[138.68,-6.89],[138.86,-6.86],[138.81,-6.79],[138.73,-6.73],[138.7,-6.63],[138.64,-6.56],[138.52,-6.45],[138.44,-6.34],[138.37,-6.12],[138.3,-5.95],[138.31,-5.89],[138.37,-5.84],[138.28,-5.84],[138.2,-5.81],[138.24,-5.72],[138.34,-5.68],[138.25,-5.69],[138.17,-5.71],[138.13,-5.72],[138.09,-5.71],[138.07,-5.68],[138.06,-5.63],[138.08,-5.55],[138.06,-5.47],[137.98,-5.43],[137.92,-5.37],[137.89,-5.35],[137.84,-5.35],[137.8,-5.31],[137.76,-5.26],[137.31,-5.01],[137.28,-4.95],[137.24,-4.98],[137.2,-4.99],[137.14,-4.95],[137.09,-4.92],[137.03,-4.93],[136.97,-4.91],[136.92,-4.9],[136.86,-4.89],[136.62,-4.82],[136.39,-4.7],[136.21,-4.65],[136.1,-4.58],[135.98,-4.53],[135.72,-4.48],[135.45,-4.44],[135.35,-4.44],[135.27,-4.45],[135.2,-4.45],[134.75,-4.2],[134.68,-4.08],[134.69,-4.01],[134.71,-3.95],[134.89,-3.94],[134.76,-3.92],[134.71,-3.93],[134.6,-3.98],[134.55,-3.98],[134.47,-3.95],[134.39,-3.91],[134.27,-3.95],[134.2,-3.89],[134.18,-3.83],[134.15,-3.8],[134.1,-3.8],[134.04,-3.82],[133.97,-3.82],[133.93,-3.78],[133.9,-3.72],[133.86,-3.68],[133.81,-3.65],[133.72,-3.58],[133.68,-3.48],[133.68,-3.31],[133.7,-3.25],[133.78,-3.15],[133.84,-3.05],[133.77,-3.04],[133.7,-3.09],[133.67,-3.13],[133.66,-3.19],[133.65,-3.36],[133.6,-3.42],[133.52,-3.41],[133.54,-3.52],[133.51,-3.62],[133.42,-3.73],[133.41,-3.79],[133.42,-3.84],[133.4,-3.9],[133.25,-4.06],[133.2,-4.07],[133.09,-4.07],[132.97,-4.09],[132.91,-4.06],[132.87,-4.01],[132.84,-3.95],[132.79,-3.83],[132.75,-3.7],[132.87,-3.55],[132.83,-3.41],[132.75,-3.29],[132.55,-3.13],[132.35,-2.98],[132.25,-2.94],[132.1,-2.93],[132.05,-2.91],[132.01,-2.86],[131.97,-2.79],[132.07,-2.76],[132.23,-2.68],[132.32,-2.68],[132.58,-2.73],[132.65,-2.77],[132.72,-2.79],[132.9,-2.66],[133.03,-2.49],[133.12,-2.45],[133.19,-2.44],[133.26,-2.45],[133.41,-2.51],[133.53,-2.54],[133.61,-2.55],[133.65,-2.6],[133.7,-2.62],[133.71,-2.54],[133.75,-2.45],[133.83,-2.42],[133.88,-2.42],[133.9,-2.39],[133.9,-2.3],[133.79,-2.29],[133.85,-2.22],[133.9,-2.18],[133.92,-2.15],[133.92,-2.1],[133.71,-2.19],[133.49,-2.23],[133.36,-2.22],[133.22,-2.21],[132.96,-2.27],[132.86,-2.27],[132.63,-2.25],[132.5,-2.22],[132.4,-2.24],[132.31,-2.24],[132.21,-2.18],[132.12,-2.09],[132.08,-2.03],[132.02,-1.99],[132.0,-1.93],[131.94,-1.71],[131.93,-1.56],[131.83,-1.56],[131.73,-1.54],[131.29,-1.39],[131.24,-1.43],[131.18,-1.45],[131.12,-1.46],[131.06,-1.45],[131.0,-1.42],[131.0,-1.38],[131.05,-1.28],[131.09,-1.25],[131.15,-1.22],[131.19,-1.17],[131.25,-1.01],[131.26,-0.95],[131.25,-0.9],[131.26,-0.86],[131.3,-0.83],[131.46,-0.78],[131.8,-0.7],[131.89,-0.66],[131.96,-0.58],[132.05,-0.54],[132.08,-0.49],[132.13,-0.45],[132.39,-0.36],[132.51,-0.35],[132.63,-0.36],[132.86,-0.42],[133.08,-0.51],[133.27,-0.64],[133.47,-0.73],[133.72,-0.74],[133.85,-0.73],[133.97,-0.74],[134.02,-0.77],[134.11,-0.85],[134.09,-0.9],[134.07,-1.0],[134.12,-1.1],[134.19,-1.2],[134.25,-1.31],[134.26,-1.36],[134.24,-1.47],[134.22,-1.53],[134.15,-1.62],[134.11,-1.72],[134.13,-1.84],[134.15,-1.97],[134.14,-2.08],[134.16,-2.2],[134.19,-2.31],[134.36,-2.62],[134.46,-2.83],[134.49,-2.71],[134.48,-2.58],[134.52,-2.54],[134.57,-2.51],[134.63,-2.54],[134.64,-2.59],[134.65,-2.71],[134.7,-2.93],[134.77,-2.94],[134.84,-2.91],[134.86,-2.98],[134.85,-3.11],[134.89,-3.21],[134.92,-3.25],[135.04,-3.33],[135.09,-3.35],[135.25,-3.37],[135.37,-3.37],[135.49,-3.35],[135.56,-3.27],[135.63,-3.19],[135.86,-3.0],[135.93,-2.9],[135.99,-2.76],[136.01,-2.73],[136.24,-2.58],[136.27,-2.53],[136.3,-2.43],[136.35,-2.33],[136.39,-2.27],[136.61,-2.22],[136.84,-2.2],[137.07,-2.11],[137.17,-2.03],[137.18,-1.97],[137.13,-1.88],[137.12,-1.84],[137.18,-1.8],[137.38,-1.69],[137.62,-1.57],[137.81,-1.48],[137.91,-1.48],[138.01,-1.56],[138.11,-1.62],[138.65,-1.79],[138.74,-1.85],[138.81,-1.92],[138.92,-1.97],[139.04,-1.99],[139.15,-2.04],[139.25,-2.1],[139.48,-2.21],[139.79,-2.35],[139.87,-2.36],[140.15,-2.35],[140.2,-2.38],[140.25,-2.41],[140.29,-2.42],[140.62,-2.45],[140.67,-2.47],[140.72,-2.51],[140.75,-2.61],[140.97,-2.61]]],[[[138.9,-8.39],[138.85,-8.4],[138.59,-8.37],[138.57,-8.33],[138.56,-8.31],[138.62,-8.27],[138.68,-8.2],[138.76,-8.17],[138.8,-8.17],[138.9,-8.34],[138.9,-8.39]]],[[[101.71,2.08],[101.76,2.0],[101.77,1.94],[101.73,1.88],[101.72,1.79],[101.6,1.72],[101.5,1.73],[101.47,1.76],[101.4,1.9],[101.41,2.02],[101.45,2.07],[101.54,2.06],[101.64,2.13],[101.71,2.08]]],[[[102.43,0.99],[102.38,0.96],[102.33,1.01],[102.28,1.08],[102.26,1.15],[102.23,1.26],[102.23,1.35],[102.26,1.4],[102.28,1.4],[102.36,1.35],[102.41,1.26],[102.44,1.23],[102.45,1.16],[102.43,1.07],[102.43,0.99]]],[[[102.49,1.46],[102.5,1.33],[102.43,1.36],[102.37,1.42],[102.27,1.45],[102.16,1.47],[102.08,1.5],[102.02,1.56],[102.02,1.59],[102.02,1.61],[102.04,1.63],[102.47,1.51],[102.49,1.46]]],[[[103.03,0.75],[103.01,0.71],[102.97,0.74],[102.78,0.78],[102.71,0.78],[102.54,0.83],[102.49,0.86],[102.45,0.89],[102.47,0.95],[102.49,0.99],[102.51,1.09],[102.55,1.13],[102.63,1.05],[102.73,0.99],[102.78,0.96],[102.94,0.89],[103.0,0.86],[103.03,0.75]]],[[[103.17,0.87],[103.14,0.84],[103.09,0.85],[103.03,0.88],[102.96,0.94],[102.89,1.0],[102.79,1.03],[102.73,1.04],[102.7,1.05],[102.73,1.16],[102.79,1.17],[103.0,1.07],[103.07,1.01],[103.17,0.87]]],[[[103.28,0.54],[103.17,0.54],[103.14,0.55],[103.15,0.64],[103.19,0.7],[103.24,0.7],[103.3,0.61],[103.28,0.54]]],[[[103.45,0.66],[103.43,0.65],[103.34,0.78],[103.37,0.85],[103.39,0.87],[103.43,0.82],[103.47,0.78],[103.5,0.72],[103.45,0.66]]],[[[104.02,1.18],[104.09,1.14],[104.14,1.17],[104.14,1.13],[104.13,1.09],[104.07,0.99],[103.96,1.01],[103.94,1.05],[103.93,1.07],[103.95,1.09],[103.96,1.14],[104.0,1.14],[104.02,1.18]]],[[[104.59,1.22],[104.59,1.14],[104.65,1.1],[104.66,1.05],[104.65,0.96],[104.6,0.86],[104.58,0.83],[104.5,0.85],[104.48,0.89],[104.47,0.91],[104.48,0.93],[104.43,0.96],[104.46,1.0],[104.44,1.05],[104.29,1.02],[104.25,1.01],[104.24,1.08],[104.25,1.1],[104.36,1.18],[104.43,1.2],[104.5,1.18],[104.59,1.22]]],[[[104.78,-0.18],[104.81,-0.19],[104.84,-0.14],[104.91,-0.21],[104.95,-0.25],[105.01,-0.28],[104.95,-0.28],[104.93,-0.32],[104.91,-0.32],[104.7,-0.21],[104.57,-0.25],[104.47,-0.21],[104.45,-0.19],[104.5,-0.13],[104.54,0.02],[104.64,-0.02],[104.66,-0.06],[104.65,-0.08],[104.71,-0.1],[104.78,-0.18]]],[[[104.47,-0.33],[104.57,-0.43],[104.59,-0.47],[104.54,-0.52],[104.51,-0.6],[104.49,-0.61],[104.41,-0.58],[104.36,-0.66],[104.33,-0.54],[104.26,-0.46],[104.3,-0.39],[104.32,-0.38],[104.34,-0.38],[104.36,-0.4],[104.47,-0.33]]],[[[103.74,-0.35],[103.61,-0.38],[103.46,-0.36],[103.48,-0.3],[103.55,-0.23],[103.61,-0.23],[103.72,-0.28],[103.76,-0.32],[103.74,-0.35]]],[[[109.71,-1.18],[109.51,-1.28],[109.46,-1.28],[109.43,-1.24],[109.45,-1.04],[109.48,-0.99],[109.61,-0.98],[109.7,-1.01],[109.74,-1.04],[109.76,-1.11],[109.75,-1.15],[109.71,-1.18]]],[[[113.84,-7.11],[113.83,-7.12],[113.66,-7.11],[113.55,-7.19],[113.47,-7.22],[113.2,-7.22],[113.17,-7.21],[113.14,-7.21],[113.13,-7.22],[113.04,-7.21],[112.76,-7.14],[112.73,-7.07],[112.77,-7.0],[112.87,-6.9],[113.07,-6.88],[113.97,-6.87],[114.07,-6.96],[114.08,-6.99],[113.89,-7.05],[113.84,-7.11]]],[[[134.97,-1.12],[134.92,-1.13],[134.86,-1.11],[134.81,-1.04],[134.83,-0.98],[134.89,-0.94],[134.94,-0.98],[134.96,-1.03],[135.0,-1.03],[134.97,-1.12]]],[[[127.25,-0.5],[127.19,-0.52],[127.12,-0.52],[127.1,-0.41],[127.13,-0.28],[127.19,-0.26],[127.29,-0.28],[127.25,-0.32],[127.28,-0.39],[127.25,-0.5]]],[[[127.57,-0.32],[127.68,-0.47],[127.6,-0.61],[127.66,-0.69],[127.8,-0.69],[127.84,-0.72],[127.86,-0.76],[127.88,-0.81],[127.84,-0.85],[127.76,-0.88],[127.67,-0.83],[127.64,-0.78],[127.62,-0.77],[127.5,-0.8],[127.46,-0.81],[127.44,-0.74],[127.47,-0.64],[127.38,-0.6],[127.3,-0.5],[127.3,-0.46],[127.33,-0.39],[127.33,-0.34],[127.37,-0.33],[127.46,-0.41],[127.49,-0.34],[127.53,-0.31],[127.57,-0.32]]],[[[132.93,-5.9],[132.85,-5.99],[132.92,-5.79],[132.94,-5.68],[133.01,-5.62],[133.11,-5.31],[133.14,-5.32],[133.17,-5.35],[133.12,-5.58],[132.97,-5.74],[132.93,-5.9]]],[[[132.81,-5.85],[132.75,-5.95],[132.7,-5.91],[132.68,-5.91],[132.67,-5.86],[132.68,-5.74],[132.63,-5.61],[132.7,-5.61],[132.72,-5.65],[132.74,-5.66],[132.8,-5.79],[132.81,-5.85]]],[[[128.28,-3.67],[128.25,-3.71],[128.19,-3.74],[128.14,-3.73],[128.16,-3.7],[128.15,-3.68],[128.11,-3.69],[128.05,-3.71],[127.98,-3.77],[127.93,-3.74],[127.92,-3.7],[127.93,-3.68],[128.02,-3.6],[128.12,-3.59],[128.26,-3.51],[128.33,-3.52],[128.31,-3.56],[128.29,-3.6],[128.28,-3.63],[128.28,-3.67]]],[[[126.82,4.03],[126.78,4.01],[126.71,4.02],[126.7,4.07],[126.77,4.16],[126.81,4.26],[126.77,4.28],[126.72,4.34],[126.72,4.42],[126.76,4.55],[126.81,4.54],[126.87,4.48],[126.89,4.37],[126.92,4.29],[126.85,4.18],[126.82,4.03]]],[[[125.66,3.44],[125.63,3.41],[125.51,3.46],[125.52,3.55],[125.5,3.59],[125.47,3.64],[125.46,3.68],[125.47,3.73],[125.54,3.67],[125.59,3.57],[125.64,3.48],[125.66,3.44]]],[[[130.86,-8.32],[130.78,-8.35],[130.83,-8.27],[131.02,-8.09],[131.09,-8.12],[131.18,-8.13],[131.04,-8.21],[130.91,-8.25],[130.86,-8.32]]],[[[129.84,-7.95],[129.78,-8.05],[129.71,-8.04],[129.59,-7.92],[129.6,-7.83],[129.61,-7.8],[129.66,-7.79],[129.81,-7.82],[129.84,-7.89],[129.84,-7.95]]],[[[127.82,-8.1],[128.0,-8.14],[128.1,-8.13],[128.12,-8.17],[128.02,-8.26],[127.82,-8.19],[127.79,-8.12],[127.82,-8.1]]],[[[130.35,-1.69],[130.37,-1.75],[130.43,-1.8],[130.4,-1.89],[130.38,-1.9],[130.39,-1.94],[130.42,-1.97],[130.37,-1.99],[130.34,-1.98],[130.28,-2.01],[130.25,-2.05],[130.13,-2.06],[130.09,-2.03],[129.89,-1.99],[129.75,-1.89],[129.74,-1.87],[129.99,-1.76],[130.11,-1.73],[130.2,-1.73],[130.32,-1.69],[130.35,-1.69]]],[[[102.37,-5.48],[102.29,-5.48],[102.14,-5.36],[102.11,-5.32],[102.15,-5.29],[102.2,-5.29],[102.37,-5.37],[102.41,-5.4],[102.37,-5.48]]],[[[100.43,-3.18],[100.47,-3.33],[100.35,-3.23],[100.35,-3.16],[100.33,-3.11],[100.26,-3.06],[100.2,-2.99],[100.18,-2.82],[100.2,-2.79],[100.25,-2.78],[100.45,-3.0],[100.47,-3.04],[100.46,-3.12],[100.43,-3.14],[100.43,-3.18]]],[[[100.2,-2.74],[100.13,-2.82],[100.01,-2.82],[99.99,-2.77],[100.0,-2.65],[99.97,-2.61],[99.97,-2.59],[99.99,-2.53],[100.01,-2.51],[100.2,-2.68],[100.2,-2.74]]],[[[99.84,-2.34],[99.85,-2.37],[99.69,-2.28],[99.61,-2.26],[99.54,-2.16],[99.56,-2.12],[99.56,-2.05],[99.57,-2.03],[99.62,-2.02],[99.69,-2.06],[99.73,-2.18],[99.82,-2.28],[99.84,-2.34]]],[[[98.46,-0.53],[98.4,-0.58],[98.31,-0.53],[98.34,-0.47],[98.35,-0.38],[98.41,-0.31],[98.43,-0.23],[98.32,-0.0],[98.37,0.01],[98.42,-0.02],[98.48,-0.17],[98.54,-0.26],[98.52,-0.38],[98.46,-0.53]]],[[[96.46,2.36],[96.4,2.35],[96.34,2.37],[96.29,2.43],[96.02,2.6],[95.94,2.6],[95.88,2.64],[95.81,2.66],[95.73,2.77],[95.72,2.83],[95.77,2.85],[95.81,2.92],[95.9,2.89],[96.0,2.78],[96.1,2.74],[96.13,2.72],[96.18,2.66],[96.42,2.52],[96.44,2.47],[96.46,2.42],[96.46,2.36]]],[[[122.04,-5.44],[121.98,-5.46],[121.86,-5.35],[121.81,-5.26],[121.82,-5.2],[121.86,-5.16],[121.87,-5.14],[121.87,-5.1],[121.91,-5.07],[121.97,-5.08],[122.0,-5.14],[122.04,-5.16],[122.06,-5.22],[122.04,-5.44]]],[[[123.21,-1.17],[123.23,-1.23],[123.2,-1.29],[123.24,-1.39],[123.34,-1.25],[123.43,-1.24],[123.49,-1.26],[123.53,-1.29],[123.55,-1.34],[123.51,-1.45],[123.45,-1.5],[123.37,-1.51],[123.33,-1.44],[123.27,-1.44],[123.24,-1.58],[123.22,-1.6],[123.17,-1.62],[123.13,-1.58],[123.12,-1.56],[123.18,-1.49],[123.15,-1.3],[123.11,-1.34],[122.98,-1.51],[122.89,-1.59],[122.86,-1.55],[122.81,-1.43],[122.83,-1.28],[122.91,-1.18],[122.97,-1.19],[123.16,-1.16],[123.21,-1.17]]],[[[121.86,-0.41],[121.91,-0.45],[121.88,-0.5],[121.85,-0.49],[121.76,-0.49],[121.72,-0.49],[121.68,-0.53],[121.66,-0.53],[121.67,-0.48],[121.75,-0.41],[121.8,-0.42],[121.86,-0.41]]],[[[120.53,-6.3],[120.49,-6.46],[120.47,-6.41],[120.46,-6.25],[120.44,-6.18],[120.45,-6.09],[120.45,-5.88],[120.48,-5.78],[120.53,-5.9],[120.55,-5.97],[120.53,-6.3]]],[[[115.38,-6.97],[115.3,-6.99],[115.22,-6.95],[115.22,-6.91],[115.24,-6.86],[115.35,-6.84],[115.41,-6.84],[115.48,-6.87],[115.52,-6.9],[115.55,-6.94],[115.42,-6.94],[115.38,-6.97]]],[[[116.3,-3.87],[116.09,-4.05],[116.06,-4.01],[116.08,-3.82],[116.02,-3.7],[116.02,-3.61],[116.06,-3.46],[116.12,-3.34],[116.24,-3.26],[116.27,-3.25],[116.26,-3.39],[116.29,-3.45],[116.3,-3.5],[116.28,-3.53],[116.31,-3.72],[116.32,-3.76],[116.29,-3.82],[116.3,-3.87]]],[[[122.95,-10.91],[122.86,-10.91],[122.83,-10.9],[122.82,-10.81],[122.85,-10.76],[123.06,-10.7],[123.15,-10.64],[123.27,-10.52],[123.34,-10.49],[123.36,-10.47],[123.37,-10.47],[123.38,-10.57],[123.41,-10.62],[123.42,-10.65],[123.31,-10.7],[123.21,-10.81],[123.01,-10.88],[122.95,-10.91]]],[[[124.29,-8.33],[124.23,-8.39],[124.18,-8.5],[124.15,-8.53],[124.07,-8.55],[124.02,-8.44],[123.93,-8.45],[123.97,-8.35],[124.01,-8.32],[124.07,-8.32],[124.1,-8.36],[124.11,-8.36],[124.24,-8.2],[124.27,-8.2],[124.29,-8.21],[124.3,-8.23],[124.29,-8.33]]],[[[123.92,-8.27],[123.78,-8.3],[123.7,-8.42],[123.63,-8.42],[123.59,-8.48],[123.58,-8.5],[123.59,-8.52],[123.58,-8.54],[123.55,-8.57],[123.49,-8.53],[123.43,-8.58],[123.41,-8.59],[123.33,-8.54],[123.25,-8.54],[123.23,-8.53],[123.33,-8.44],[123.45,-8.35],[123.48,-8.32],[123.43,-8.31],[123.39,-8.3],[123.39,-8.28],[123.47,-8.27],[123.53,-8.27],[123.57,-8.29],[123.6,-8.29],[123.78,-8.19],[123.85,-8.21],[123.9,-8.24],[123.92,-8.27]]],[[[123.32,-8.35],[123.3,-8.4],[123.03,-8.4],[123.03,-8.34],[123.11,-8.27],[123.13,-8.25],[123.22,-8.24],[123.34,-8.27],[123.32,-8.35]]],[[[134.72,-6.55],[134.66,-6.56],[134.63,-6.48],[134.68,-6.46],[134.73,-6.51],[134.72,-6.55]]],[[[103.42,1.05],[103.43,0.99],[103.36,1.01],[103.32,1.07],[103.35,1.12],[103.38,1.13],[103.4,1.07],[103.42,1.05]]],[[[103.83,0.8],[103.83,0.77],[103.74,0.83],[103.74,0.87],[103.75,0.89],[103.81,0.85],[103.83,0.8]]],[[[104.24,0.83],[104.18,0.8],[104.1,0.9],[104.1,0.92],[104.11,0.93],[104.12,0.94],[104.17,0.9],[104.23,0.88],[104.24,0.83]]],[[[104.69,0.06],[104.7,0.03],[104.65,0.06],[104.62,0.08],[104.6,0.1],[104.5,0.23],[104.54,0.22],[104.66,0.1],[104.69,0.06]]],[[[106.29,3.16],[106.28,3.09],[106.21,3.13],[106.2,3.2],[106.22,3.23],[106.27,3.22],[106.29,3.16]]],[[[105.76,2.86],[105.72,2.86],[105.71,2.89],[105.71,2.94],[105.7,2.98],[105.69,3.01],[105.69,3.06],[105.73,3.04],[105.76,3.01],[105.79,3.0],[105.82,2.98],[105.84,2.98],[105.81,2.9],[105.76,2.86]]],[[[108.89,2.91],[108.84,2.85],[108.79,2.89],[108.87,2.99],[108.89,3.0],[108.89,2.91]]],[[[108.95,-1.62],[108.84,-1.66],[108.8,-1.57],[108.88,-1.54],[108.96,-1.56],[108.95,-1.62]]],[[[107.47,-2.9],[107.43,-2.93],[107.41,-2.9],[107.4,-2.87],[107.42,-2.84],[107.47,-2.83],[107.5,-2.85],[107.47,-2.9]]],[[[106.89,-3.01],[106.87,-3.03],[106.81,-3.01],[106.77,-2.99],[106.75,-2.96],[106.74,-2.93],[106.8,-2.9],[106.91,-2.93],[106.89,-3.01]]],[[[114.41,-7.13],[114.4,-7.17],[114.35,-7.16],[114.3,-7.1],[114.32,-7.08],[114.35,-7.07],[114.38,-7.08],[114.41,-7.13]]],[[[112.72,-5.81],[112.7,-5.85],[112.6,-5.84],[112.59,-5.8],[112.65,-5.73],[112.69,-5.73],[112.73,-5.75],[112.72,-5.81]]],[[[105.25,-6.64],[105.19,-6.66],[105.14,-6.64],[105.12,-6.61],[105.19,-6.55],[105.23,-6.53],[105.26,-6.52],[105.28,-6.56],[105.25,-6.64]]],[[[97.33,2.08],[97.33,2.05],[97.23,2.16],[97.11,2.22],[97.16,2.23],[97.25,2.22],[97.29,2.2],[97.33,2.15],[97.33,2.08]]],[[[95.36,5.81],[95.34,5.78],[95.28,5.8],[95.22,5.89],[95.24,5.91],[95.28,5.9],[95.36,5.88],[95.37,5.84],[95.36,5.81]]],[[[123.6,-1.7],[123.53,-1.71],[123.48,-1.68],[123.49,-1.53],[123.53,-1.5],[123.55,-1.51],[123.56,-1.55],[123.58,-1.59],[123.62,-1.63],[123.6,-1.7]]],[[[123.24,-4.11],[123.14,-4.23],[123.08,-4.23],[122.99,-4.15],[122.97,-4.06],[122.97,-4.03],[123.02,-3.98],[123.21,-4.0],[123.25,-4.04],[123.24,-4.11]]],[[[123.85,-1.96],[123.87,-2.0],[123.8,-1.99],[123.78,-1.92],[123.78,-1.88],[123.85,-1.96]]],[[[123.15,-1.82],[123.08,-1.9],[123.07,-1.85],[123.09,-1.81],[123.11,-1.79],[123.14,-1.77],[123.15,-1.82]]],[[[119.46,-8.74],[119.42,-8.75],[119.39,-8.74],[119.4,-8.65],[119.38,-8.59],[119.42,-8.54],[119.43,-8.45],[119.45,-8.43],[119.47,-8.46],[119.48,-8.47],[119.5,-8.48],[119.55,-8.48],[119.56,-8.52],[119.56,-8.55],[119.54,-8.59],[119.48,-8.63],[119.44,-8.67],[119.46,-8.74]]],[[[119.07,-8.24],[119.03,-8.24],[119.02,-8.2],[119.04,-8.16],[119.08,-8.14],[119.1,-8.14],[119.13,-8.18],[119.13,-8.2],[119.11,-8.22],[119.07,-8.24]]],[[[115.61,-8.77],[115.58,-8.8],[115.5,-8.74],[115.48,-8.72],[115.54,-8.68],[115.56,-8.67],[115.61,-8.71],[115.61,-8.77]]],[[[117.65,4.17],[117.75,4.17],[117.88,4.19],[117.92,4.09],[117.92,4.05],[117.74,4.0],[117.63,4.12],[117.65,4.17]]],[[[117.66,3.28],[117.65,3.25],[117.56,3.33],[117.54,3.39],[117.55,3.43],[117.64,3.44],[117.68,3.41],[117.66,3.28]]],[[[124.05,-5.97],[124.04,-6.02],[124.01,-5.97],[123.97,-5.94],[123.98,-5.88],[124.02,-5.9],[124.05,-5.97]]],[[[123.63,-5.27],[123.62,-5.37],[123.58,-5.37],[123.55,-5.33],[123.54,-5.3],[123.54,-5.27],[123.56,-5.25],[123.63,-5.27]]],[[[120.77,-7.12],[120.67,-7.12],[120.64,-7.12],[120.63,-7.02],[120.75,-7.06],[120.78,-7.06],[120.77,-7.12]]],[[[117.56,-8.37],[117.53,-8.37],[117.49,-8.35],[117.51,-8.31],[117.48,-8.24],[117.49,-8.18],[117.55,-8.15],[117.67,-8.15],[117.67,-8.19],[117.56,-8.37]]],[[[116.42,-3.46],[116.39,-3.64],[116.33,-3.54],[116.4,-3.42],[116.43,-3.4],[116.42,-3.46]]],[[[127.37,0.79],[127.34,0.76],[127.31,0.77],[127.29,0.81],[127.29,0.84],[127.32,0.86],[127.35,0.85],[127.37,0.79]]],[[[134.37,-2.12],[134.35,-2.14],[134.34,-2.1],[134.35,-2.04],[134.37,-2.03],[134.39,-2.03],[134.42,-2.05],[134.37,-2.12]]],[[[133.57,-4.25],[133.62,-4.3],[133.5,-4.26],[133.33,-4.17],[133.32,-4.11],[133.46,-4.2],[133.57,-4.25]]],[[[130.91,-0.78],[130.88,-0.83],[130.83,-0.86],[130.4,-0.92],[130.44,-0.89],[130.46,-0.85],[130.48,-0.83],[130.53,-0.84],[130.55,-0.83],[130.57,-0.82],[130.59,-0.83],[130.64,-0.81],[130.72,-0.82],[130.81,-0.81],[130.81,-0.77],[130.91,-0.78]]],[[[130.63,-0.53],[130.57,-0.53],[130.47,-0.49],[130.53,-0.45],[130.56,-0.44],[130.6,-0.42],[130.62,-0.42],[130.66,-0.44],[130.68,-0.47],[130.63,-0.53]]],[[[129.55,-0.19],[129.51,-0.19],[129.47,-0.13],[129.37,-0.07],[129.31,0.05],[129.54,-0.14],[129.55,-0.19]]],[[[127.45,-0.01],[127.45,-0.04],[127.42,0.01],[127.4,0.02],[127.42,0.12],[127.43,0.14],[127.45,0.07],[127.45,-0.01]]],[[[127.42,0.64],[127.38,0.63],[127.37,0.63],[127.36,0.68],[127.38,0.74],[127.42,0.74],[127.44,0.73],[127.45,0.68],[127.42,0.64]]],[[[127.3,-0.78],[127.29,-0.8],[127.18,-0.78],[127.16,-0.76],[127.21,-0.62],[127.26,-0.62],[127.3,-0.76],[127.3,-0.78]]],[[[128.72,-3.55],[128.72,-3.59],[128.71,-3.6],[128.66,-3.59],[128.62,-3.59],[128.59,-3.51],[128.59,-3.49],[128.67,-3.52],[128.69,-3.52],[128.72,-3.55]]],[[[128.56,-3.59],[128.39,-3.64],[128.43,-3.54],[128.45,-3.51],[128.54,-3.54],[128.56,-3.59]]],[[[126.72,3.87],[126.72,3.83],[126.66,3.93],[126.64,4.04],[126.69,4.0],[126.74,3.92],[126.72,3.87]]],[[[126.85,3.77],[126.84,3.76],[126.8,3.78],[126.78,3.81],[126.78,3.84],[126.8,3.86],[126.86,3.81],[126.86,3.79],[126.85,3.77]]],[[[125.41,2.65],[125.4,2.63],[125.36,2.75],[125.39,2.81],[125.44,2.78],[125.45,2.76],[125.4,2.71],[125.41,2.65]]],[[[131.98,-7.2],[131.97,-7.25],[131.93,-7.22],[131.88,-7.17],[131.82,-7.16],[131.78,-7.14],[131.75,-7.12],[131.92,-7.1],[131.98,-7.2]]],[[[128.67,-7.18],[128.62,-7.21],[128.55,-7.16],[128.53,-7.13],[128.58,-7.08],[128.63,-7.07],[128.66,-7.09],[128.67,-7.11],[128.67,-7.14],[128.67,-7.18]]],[[[127.42,-7.62],[127.36,-7.65],[127.38,-7.57],[127.37,-7.51],[127.48,-7.53],[127.47,-7.58],[127.46,-7.6],[127.42,-7.62]]],[[[123.42,-10.3],[123.33,-10.34],[123.33,-10.26],[123.4,-10.17],[123.46,-10.14],[123.49,-10.18],[123.5,-10.19],[123.41,-10.23],[123.42,-10.3]]],[[[121.88,-10.59],[121.83,-10.6],[121.73,-10.57],[121.7,-10.56],[121.8,-10.51],[121.87,-10.44],[121.95,-10.43],[122.0,-10.45],[121.98,-10.53],[121.88,-10.59]]],[[[134.82,-6.43],[134.8,-6.44],[134.8,-6.39],[134.82,-6.35],[134.85,-6.32],[134.89,-6.32],[134.82,-6.43]]],[[[134.67,-6.75],[134.66,-6.77],[134.63,-6.73],[134.63,-6.71],[134.66,-6.66],[134.7,-6.63],[134.74,-6.62],[134.73,-6.67],[134.67,-6.75]]],[[[127.99,-2.94],[127.94,-3.02],[127.85,-3.02],[127.83,-3.0],[127.94,-2.95],[127.99,-2.94]]],[[[127.61,-3.32],[127.63,-3.36],[127.53,-3.33],[127.49,-3.29],[127.53,-3.26],[127.55,-3.25],[127.61,-3.32]]],[[[122.98,-8.55],[122.95,-8.6],[122.89,-8.59],[122.9,-8.53],[122.93,-8.5],[123.01,-8.45],[123.09,-8.44],[123.14,-8.46],[123.15,-8.48],[123.03,-8.49],[122.98,-8.55]]]]},"properties":{"iso":"IDN","name":"Indonesia","ha":[3350915.5,3350867.1,3351195.6,3352812.1,3357868.9,3361214.4,3362569.9,3367246.9,3374755.1,3381593.8,3391813.9,3392300.7,3389747.2,3373193.1,3251224.7,3253709.0,3239997.0,3229183.8,3220668.7,3128692.4,3136451.8,3145115.2,3160704.0,3174257.6,3189707.9,3174200.6,3157941.9,3132011.4,3113361.8,3087121.3,3099548.8,3107585.5,3114162.4,3114729.5,3113823.9,3124109.4,3128774.4,3111741.3,3106086.9,3116978.3,3146543.5],"lo":[3125389.0,3125343.8,3125650.2,3127157.9,3131874.3,3134994.7,3136259.0,3140621.2,3147624.1,3154002.6,3163534.8,3163988.8,3161607.2,3146167.2,3032407.6,3034724.7,3021935.6,3011850.1,3003908.2,2918122.1,2925359.3,2933439.7,2947979.3,2960620.6,2975031.1,2960567.5,2945403.1,2921217.8,2903823.3,2879348.9,2890940.0,2898435.8,2904570.0,2905099.0,2904254.3,2913847.6,2918198.6,2902311.9,2897038.1,2907196.4,2934771.9],"hi":[3672593.1,3672539.9,3672900.0,3674671.7,3680213.9,3683880.6,3685366.2,3690492.1,3698721.1,3706216.4,3717417.6,3717951.1,3715152.4,3697009.2,3563332.2,3566055.0,3551026.7,3539175.4,3529842.9,3429037.2,3437541.5,3447036.6,3464121.8,3478976.5,3495909.9,3478914.0,3461094.6,3432674.8,3412234.9,3383475.4,3397095.9,3405904.0,3413112.3,3413733.9,3412741.3,3424014.3,3429127.1,3410458.8,3404261.7,3416198.6,3448602.0]}},{"type":"Feature","geometry":{"type":"MultiPolygon","coordinates":[[[[68.17,23.86],[68.23,23.9],[68.28,23.93],[68.38,23.95],[68.49,23.97],[68.59,23.97],[68.72,23.96],[68.73,24.27],[68.74,24.29],[68.76,24.31],[68.78,24.31],[68.8,24.31],[68.83,24.26],[68.86,24.27],[68.9,24.29],[68.98,24.27],[69.05,24.29],[69.12,24.27],[69.24,24.27],[69.44,24.28],[69.56,24.27],[69.63,24.23],[69.72,24.17],[69.81,24.17],[69.93,24.17],[70.02,24.19],[70.07,24.24],[70.1,24.29],[70.29,24.36],[70.49,24.41],[70.55,24.42],[70.57,24.39],[70.56,24.33],[70.58,24.28],[70.66,24.25],[70.72,24.24],[70.77,24.25],[70.81,24.26],[70.89,24.34],[70.93,24.36],[70.98,24.36],[71.04,24.4],[71.05,24.43],[71.01,24.44],[70.97,24.49],[70.98,24.52],[70.97,24.57],[70.98,24.62],[71.0,24.65],[71.05,24.69],[71.02,24.76],[70.95,24.89],[70.88,25.06],[70.8,25.21],[70.7,25.33],[70.65,25.42],[70.66,25.63],[70.65,25.67],[70.61,25.69],[70.57,25.71],[70.51,25.69],[70.45,25.68],[70.33,25.69],[70.26,25.71],[70.1,25.91],[70.08,25.99],[70.08,26.07],[70.13,26.21],[70.15,26.35],[70.16,26.47],[70.15,26.51],[70.11,26.55],[70.06,26.58],[69.91,26.59],[69.74,26.63],[69.6,26.7],[69.51,26.74],[69.48,26.77],[69.47,26.8],[69.49,26.95],[69.54,27.12],[69.57,27.17],[69.62,27.23],[69.66,27.26],[69.72,27.31],[69.9,27.47],[70.05,27.69],[70.14,27.85],[70.19,27.89],[70.24,27.93],[70.32,27.98],[70.4,28.03],[70.49,28.02],[70.57,27.98],[70.63,27.94],[70.65,27.84],[70.69,27.77],[70.74,27.73],[70.8,27.71],[70.87,27.71],[71.18,27.83],[71.29,27.86],[71.54,27.87],[71.72,27.92],[71.87,27.96],[71.89,28.05],[71.95,28.18],[72.13,28.35],[72.18,28.42],[72.23,28.57],[72.29,28.7],[72.34,28.75],[72.63,28.9],[72.9,29.03],[72.95,29.09],[73.13,29.36],[73.23,29.55],[73.26,29.61],[73.32,29.77],[73.38,29.93],[73.47,29.97],[73.66,30.03],[73.81,30.09],[73.89,30.16],[73.93,30.22],[73.92,30.28],[73.88,30.35],[73.89,30.39],[73.9,30.44],[74.01,30.52],[74.22,30.77],[74.34,30.89],[74.38,30.89],[74.51,30.96],[74.63,31.03],[74.63,31.07],[74.61,31.11],[74.54,31.13],[74.52,31.19],[74.53,31.26],[74.59,31.47],[74.58,31.52],[74.51,31.71],[74.53,31.77],[74.56,31.82],[74.64,31.89],[74.74,31.95],[75.07,32.09],[75.14,32.1],[75.25,32.14],[75.32,32.22],[75.33,32.28],[75.3,32.32],[75.23,32.37],[75.1,32.42],[74.99,32.46],[74.79,32.46],[74.69,32.49],[74.66,32.52],[74.64,32.61],[74.66,32.76],[74.63,32.77],[74.59,32.75],[74.48,32.77],[74.35,32.77],[74.31,32.81],[74.33,32.86],[74.32,32.93],[74.3,32.99],[74.28,33.01],[74.22,33.02],[74.13,33.08],[74.05,33.14],[74.0,33.19],[73.99,33.22],[73.99,33.24],[74.05,33.3],[74.12,33.38],[74.14,33.46],[74.15,33.51],[74.13,33.55],[74.07,33.59],[74.0,33.63],[73.98,33.67],[73.98,33.72],[74.0,33.79],[74.08,33.84],[74.22,33.89],[74.25,33.95],[74.25,33.99],[74.21,34.0],[74.11,34.0],[73.95,34.02],[73.92,34.04],[73.9,34.08],[73.9,34.11],[73.94,34.14],[73.98,34.19],[73.97,34.24],[73.92,34.29],[73.81,34.33],[73.79,34.38],[73.81,34.42],[73.85,34.49],[73.88,34.53],[73.96,34.65],[74.06,34.68],[74.17,34.72],[74.3,34.77],[74.5,34.73],[74.59,34.72],[74.79,34.68],[74.95,34.65],[75.12,34.64],[75.19,34.64],[75.26,34.6],[75.45,34.54],[75.61,34.5],[75.71,34.5],[75.86,34.56],[75.94,34.61],[76.04,34.67],[76.17,34.67],[76.46,34.76],[76.51,34.74],[76.59,34.74],[76.7,34.79],[76.75,34.85],[76.76,34.88],[76.78,34.9],[76.89,34.94],[77.0,34.99],[77.03,35.06],[77.05,35.11],[77.17,35.17],[77.29,35.24],[77.42,35.3],[77.57,35.38],[77.7,35.44],[77.8,35.5],[77.8,35.49],[77.81,35.48],[77.85,35.46],[77.89,35.45],[77.95,35.47],[78.01,35.49],[78.04,35.48],[78.05,35.45],[78.01,35.31],[78.01,35.25],[78.08,35.13],[78.16,34.95],[78.24,34.77],[78.28,34.65],[78.33,34.61],[78.52,34.56],[78.67,34.52],[78.76,34.45],[78.86,34.39],[78.94,34.35],[78.97,34.3],[78.98,34.26],[78.97,34.23],[78.93,34.19],[78.75,34.09],[78.73,34.06],[78.73,34.01],[78.76,33.89],[78.78,33.81],[78.79,33.65],[78.8,33.5],[78.87,33.43],[78.92,33.39],[78.95,33.35],[79.01,33.29],[79.07,33.25],[79.11,33.23],[79.14,33.17],[79.12,33.11],[79.1,33.05],[79.11,33.02],[79.15,33.0],[79.2,32.95],[79.21,32.86],[79.21,32.81],[79.23,32.76],[79.23,32.7],[79.22,32.56],[79.22,32.51],[79.22,32.5],[79.17,32.5],[79.13,32.48],[79.07,32.39],[79.0,32.37],[78.92,32.36],[78.84,32.41],[78.77,32.47],[78.75,32.5],[78.74,32.56],[78.7,32.6],[78.63,32.58],[78.53,32.57],[78.41,32.56],[78.39,32.54],[78.39,32.52],[78.42,32.47],[78.44,32.4],[78.46,32.3],[78.49,32.24],[78.5,32.22],[78.68,32.02],[78.73,31.98],[78.74,31.96],[78.72,31.89],[78.69,31.81],[78.69,31.74],[78.75,31.67],[78.8,31.62],[78.76,31.55],[78.73,31.47],[78.76,31.44],[78.74,31.32],[78.76,31.3],[78.79,31.29],[78.84,31.3],[78.9,31.33],[78.95,31.34],[78.97,31.33],[79.01,31.41],[79.04,31.43],[79.11,31.4],[79.23,31.24],[79.34,31.11],[79.37,31.08],[79.39,31.06],[79.49,30.99],[79.57,30.95],[79.66,30.97],[79.79,30.97],[79.87,30.92],[79.92,30.89],[79.92,30.89],[79.92,30.89],[80.08,30.78],[80.15,30.79],[80.19,30.76],[80.21,30.68],[80.19,30.61],[80.19,30.57],[80.26,30.56],[80.41,30.51],[80.54,30.46],[80.61,30.45],[80.68,30.41],[80.75,30.36],[80.87,30.29],[80.99,30.24],[81.01,30.16],[80.97,30.18],[80.91,30.17],[80.85,30.14],[80.82,30.12],[80.68,29.99],[80.61,29.96],[80.55,29.9],[80.4,29.73],[80.32,29.57],[80.25,29.42],[80.26,29.32],[80.23,29.19],[80.17,29.12],[80.13,29.1],[80.08,28.99],[80.05,28.87],[80.07,28.83],[80.15,28.78],[80.23,28.72],[80.32,28.67],[80.42,28.61],[80.48,28.6],[80.5,28.64],[80.52,28.67],[80.59,28.65],[80.67,28.6],[80.73,28.55],[80.75,28.54],[80.9,28.47],[81.02,28.41],[81.17,28.34],[81.21,28.29],[81.24,28.24],[81.31,28.18],[81.49,28.06],[81.64,27.98],[81.76,27.91],[81.85,27.87],[81.9,27.87],[81.95,27.9],[81.99,27.91],[82.04,27.9],[82.11,27.86],[82.29,27.76],[82.45,27.67],[82.63,27.69],[82.68,27.67],[82.71,27.6],[82.73,27.52],[82.93,27.47],[83.06,27.44],[83.21,27.4],[83.29,27.37],[83.37,27.41],[83.38,27.44],[83.45,27.47],[83.55,27.46],[83.75,27.4],[83.83,27.38],[83.9,27.44],[84.02,27.46],[84.09,27.49],[84.23,27.43],[84.48,27.35],[84.61,27.3],[84.64,27.25],[84.65,27.2],[84.65,27.09],[84.69,27.04],[84.94,26.93],[85.02,26.88],[85.09,26.86],[85.13,26.86],[85.15,26.85],[85.17,26.78],[85.19,26.77],[85.24,26.75],[85.29,26.74],[85.46,26.8],[85.57,26.84],[85.65,26.83],[85.7,26.78],[85.71,26.71],[85.74,26.64],[85.79,26.6],[85.86,26.6],[86.01,26.65],[86.13,26.61],[86.24,26.6],[86.37,26.57],[86.41,26.56],[86.54,26.5],[86.7,26.44],[86.76,26.44],[87.02,26.56],[87.04,26.54],[87.09,26.43],[87.17,26.39],[87.29,26.36],[87.41,26.42],[87.51,26.4],[87.63,26.4],[87.75,26.43],[87.85,26.44],[88.0,26.38],[88.03,26.4],[88.05,26.43],[88.11,26.59],[88.16,26.72],[88.16,26.81],[88.11,26.93],[87.99,27.09],[87.98,27.13],[88.02,27.41],[88.07,27.57],[88.11,27.64],[88.15,27.75],[88.15,27.8],[88.15,27.84],[88.11,27.87],[88.1,27.9],[88.11,27.93],[88.14,27.95],[88.28,27.97],[88.43,28.01],[88.49,28.03],[88.53,28.06],[88.58,28.09],[88.62,28.09],[88.76,28.04],[88.8,28.01],[88.83,27.91],[88.85,27.87],[88.83,27.77],[88.75,27.52],[88.76,27.43],[88.83,27.36],[88.89,27.32],[88.88,27.3],[88.76,27.22],[88.74,27.18],[88.77,27.13],[88.81,27.1],[88.84,27.07],[88.86,26.96],[88.92,26.93],[89.04,26.87],[89.15,26.82],[89.33,26.85],[89.38,26.83],[89.47,26.8],[89.55,26.8],[89.59,26.78],[89.61,26.76],[89.61,26.74],[89.61,26.72],[89.71,26.71],[89.76,26.7],[89.94,26.72],[90.12,26.75],[90.21,26.85],[90.24,26.85],[90.35,26.89],[90.45,26.85],[90.56,26.8],[90.62,26.78],[90.74,26.77],[90.86,26.78],[91.13,26.8],[91.29,26.79],[91.43,26.87],[91.46,26.87],[91.52,26.81],[91.67,26.8],[91.75,26.83],[91.84,26.85],[91.9,26.86],[91.94,26.86],[92.0,26.85],[92.05,26.87],[92.07,26.91],[92.07,26.98],[92.03,27.04],[92.0,27.08],[91.99,27.1],[92.0,27.15],[92.03,27.21],[92.08,27.29],[92.04,27.36],[91.99,27.45],[91.95,27.46],[91.85,27.44],[91.74,27.44],[91.66,27.49],[91.59,27.56],[91.58,27.61],[91.6,27.68],[91.63,27.74],[91.63,27.76],[91.71,27.76],[91.82,27.75],[91.91,27.73],[91.98,27.73],[92.1,27.81],[92.16,27.81],[92.22,27.83],[92.25,27.84],[92.27,27.83],[92.34,27.82],[92.41,27.82],[92.48,27.85],[92.55,27.88],[92.66,27.95],[92.69,27.99],[92.69,28.03],[92.67,28.05],[92.64,28.06],[92.65,28.09],[92.7,28.15],[92.88,28.23],[93.03,28.33],[93.12,28.4],[93.16,28.49],[93.21,28.59],[93.25,28.63],[93.36,28.65],[93.66,28.69],[93.76,28.73],[93.9,28.8],[93.97,28.86],[94.01,28.91],[94.02,28.96],[94.11,28.98],[94.19,29.06],[94.29,29.14],[94.47,29.22],[94.62,29.31],[94.68,29.3],[94.73,29.25],[94.76,29.2],[94.77,29.18],[94.97,29.14],[95.0,29.15],[95.14,29.1],[95.28,29.05],[95.35,29.04],[95.39,29.04],[95.42,29.05],[95.46,29.1],[95.49,29.14],[95.52,29.15],[95.52,29.21],[95.71,29.31],[95.89,29.39],[96.04,29.45],[96.08,29.42],[96.13,29.38],[96.19,29.27],[96.23,29.25],[96.34,29.26],[96.36,29.25],[96.34,29.21],[96.27,29.16],[96.18,29.12],[96.12,29.08],[96.14,28.96],[96.14,28.92],[96.16,28.91],[96.35,29.03],[96.44,29.05],[96.47,29.02],[96.48,28.96],[96.55,28.83],[96.58,28.76],[96.4,28.61],[96.33,28.53],[96.33,28.5],[96.33,28.47],[96.28,28.43],[96.28,28.41],[96.32,28.39],[96.37,28.37],[96.39,28.37],[96.43,28.41],[96.6,28.46],[96.65,28.45],[96.78,28.37],[96.83,28.36],[96.98,28.34],[97.08,28.37],[97.15,28.34],[97.29,28.24],[97.32,28.22],[97.31,28.16],[97.3,28.09],[97.34,28.03],[97.34,27.98],[97.34,27.94],[97.31,27.91],[97.23,27.89],[97.16,27.84],[97.05,27.76],[96.96,27.7],[96.9,27.64],[96.88,27.59],[96.88,27.51],[96.9,27.44],[97.1,27.16],[97.1,27.12],[97.04,27.1],[96.95,27.13],[96.88,27.18],[96.8,27.3],[96.73,27.33],[96.67,27.34],[96.27,27.28],[96.19,27.26],[96.06,27.22],[95.97,27.13],[95.91,27.05],[95.84,27.01],[95.74,26.95],[95.46,26.76],[95.31,26.67],[95.2,26.64],[95.13,26.6],[95.09,26.53],[95.06,26.47],[95.05,26.35],[95.07,26.19],[95.11,26.09],[95.13,26.07],[95.13,26.04],[95.09,25.99],[95.04,25.94],[95.02,25.91],[94.99,25.77],[94.95,25.7],[94.86,25.6],[94.79,25.52],[94.67,25.46],[94.62,25.41],[94.58,25.32],[94.55,25.24],[94.55,25.22],[94.57,25.19],[94.62,25.16],[94.68,25.14],[94.7,25.1],[94.71,25.05],[94.66,24.93],[94.58,24.77],[94.49,24.64],[94.4,24.51],[94.38,24.47],[94.29,24.32],[94.22,24.11],[94.17,23.97],[94.13,23.88],[94.07,23.87],[94.01,23.9],[93.86,23.94],[93.76,23.98],[93.68,24.01],[93.63,24.01],[93.56,23.99],[93.49,23.97],[93.45,23.99],[93.36,24.07],[93.33,24.06],[93.31,24.02],[93.37,23.77],[93.41,23.68],[93.41,23.53],[93.39,23.34],[93.37,23.13],[93.35,23.08],[93.31,23.03],[93.25,23.02],[93.2,23.04],[93.16,23.03],[93.15,23.0],[93.16,22.91],[93.11,22.81],[93.08,22.72],[93.09,22.63],[93.11,22.55],[93.16,22.36],[93.16,22.29],[93.15,22.23],[93.12,22.21],[93.07,22.21],[93.04,22.18],[93.02,22.15],[92.96,22.0],[92.91,21.99],[92.85,22.01],[92.77,22.1],[92.72,22.13],[92.69,22.13],[92.67,22.11],[92.65,22.05],[92.63,22.01],[92.57,21.98],[92.56,22.05],[92.53,22.41],[92.51,22.53],[92.49,22.69],[92.46,22.73],[92.43,22.82],[92.39,22.9],[92.36,22.93],[92.34,23.07],[92.33,23.24],[92.33,23.32],[92.29,23.49],[92.25,23.68],[92.19,23.68],[92.15,23.72],[92.13,23.72],[92.04,23.68],[91.98,23.69],[91.93,23.69],[91.93,23.6],[91.94,23.5],[91.92,23.47],[91.79,23.36],[91.75,23.29],[91.76,23.21],[91.77,23.11],[91.75,23.05],[91.69,23.0],[91.62,22.98],[91.55,22.99],[91.51,23.03],[91.47,23.14],[91.44,23.2],[91.4,23.21],[91.37,23.2],[91.37,23.13],[91.37,23.07],[91.36,23.07],[91.34,23.08],[91.32,23.1],[91.25,23.37],[91.17,23.58],[91.16,23.66],[91.19,23.76],[91.23,23.92],[91.34,24.02],[91.35,24.06],[91.37,24.09],[91.39,24.1],[91.53,24.09],[91.57,24.11],[91.61,24.15],[91.67,24.19],[91.73,24.21],[91.77,24.21],[91.85,24.18],[91.88,24.2],[91.9,24.26],[91.93,24.33],[91.95,24.36],[92.0,24.37],[92.06,24.37],[92.09,24.39],[92.1,24.41],[92.12,24.49],[92.2,24.69],[92.23,24.77],[92.23,24.79],[92.23,24.88],[92.25,24.9],[92.38,24.85],[92.44,24.85],[92.47,24.87],[92.49,24.9],[92.47,24.94],[92.37,25.02],[92.2,25.11],[92.05,25.17],[91.76,25.16],[91.48,25.14],[91.4,25.15],[91.29,25.18],[91.04,25.17],[90.73,25.16],[90.61,25.17],[90.56,25.17],[90.44,25.16],[90.25,25.18],[90.12,25.22],[90.0,25.26],[89.87,25.29],[89.83,25.29],[89.81,25.31],[89.8,25.34],[89.8,25.38],[89.82,25.56],[89.8,25.84],[89.82,25.94],[89.71,26.17],[89.67,26.21],[89.62,26.22],[89.59,26.19],[89.57,26.13],[89.59,26.07],[89.55,26.01],[89.47,25.98],[89.37,26.01],[89.29,26.04],[89.19,26.11],[89.11,26.2],[89.1,26.31],[89.07,26.38],[89.02,26.41],[88.98,26.42],[88.95,26.41],[88.92,26.38],[88.95,26.34],[88.98,26.29],[88.97,26.25],[88.94,26.25],[88.9,26.26],[88.83,26.25],[88.76,26.28],[88.72,26.28],[88.68,26.29],[88.68,26.35],[88.62,26.43],[88.52,26.52],[88.42,26.57],[88.37,26.56],[88.35,26.5],[88.35,26.48],[88.39,26.47],[88.44,26.44],[88.45,26.4],[88.44,26.37],[88.38,26.31],[88.33,26.26],[88.24,26.18],[88.15,26.09],[88.13,26.02],[88.1,25.96],[88.08,25.89],[88.11,25.84],[88.15,25.81],[88.25,25.79],[88.36,25.7],[88.45,25.57],[88.5,25.54],[88.59,25.5],[88.77,25.49],[88.8,25.46],[88.82,25.37],[88.85,25.33],[88.94,25.29],[88.95,25.26],[88.93,25.22],[88.89,25.19],[88.82,25.18],[88.75,25.17],[88.68,25.18],[88.57,25.19],[88.46,25.19],[88.37,24.96],[88.31,24.88],[88.28,24.88],[88.19,24.92],[88.15,24.91],[88.05,24.71],[88.03,24.66],[88.02,24.63],[88.08,24.55],[88.15,24.49],[88.22,24.46],[88.29,24.48],[88.34,24.45],[88.4,24.39],[88.5,24.35],[88.64,24.33],[88.72,24.27],[88.73,24.23],[88.73,24.19],[88.71,24.07],[88.7,24.0],[88.62,23.83],[88.57,23.67],[88.6,23.6],[88.62,23.57],[88.64,23.55],[88.7,23.49],[88.74,23.44],[88.7,23.29],[88.72,23.25],[88.81,23.23],[88.9,23.21],[88.93,23.19],[88.85,23.04],[88.87,22.94],[88.9,22.84],[88.92,22.69],[88.93,22.67],[88.92,22.63],[88.97,22.51],[89.05,22.27],[89.06,22.19],[89.05,22.09],[89.03,21.94],[88.95,21.94],[89.02,21.83],[89.04,21.76],[89.05,21.65],[88.97,21.64],[88.91,21.65],[88.86,21.74],[88.83,21.66],[88.75,21.58],[88.71,21.62],[88.69,21.66],[88.69,21.73],[88.74,22.01],[88.73,22.04],[88.71,22.06],[88.66,22.07],[88.64,22.12],[88.57,21.83],[88.6,21.71],[88.58,21.66],[88.45,21.61],[88.31,21.72],[88.29,21.76],[88.28,21.7],[88.25,21.62],[88.12,21.64],[88.06,21.69],[88.1,21.79],[88.18,22.03],[88.2,22.14],[88.09,22.22],[87.99,22.27],[87.94,22.37],[87.96,22.26],[88.01,22.21],[88.08,22.18],[88.16,22.12],[88.1,22.05],[88.05,22.0],[87.95,21.83],[87.82,21.73],[87.68,21.65],[87.2,21.54],[87.1,21.5],[86.95,21.37],[86.86,21.24],[86.84,21.11],[86.9,20.97],[86.94,20.75],[86.98,20.7],[86.92,20.62],[86.84,20.53],[86.76,20.42],[86.77,20.36],[86.75,20.31],[86.5,20.17],[86.45,20.09],[86.38,20.01],[86.29,20.05],[86.25,20.05],[86.31,19.99],[86.3,19.94],[86.28,19.92],[86.22,19.9],[85.85,19.79],[85.58,19.69],[85.5,19.7],[85.51,19.73],[85.56,19.75],[85.56,19.87],[85.5,19.89],[85.46,19.9],[85.25,19.76],[85.16,19.62],[85.18,19.59],[85.23,19.6],[85.37,19.68],[85.44,19.66],[85.44,19.63],[85.23,19.51],[84.77,19.13],[84.75,19.05],[84.69,18.96],[84.61,18.88],[84.46,18.69],[84.18,18.4],[84.1,18.29],[83.65,18.07],[83.57,18.0],[83.39,17.79],[83.2,17.61],[82.98,17.46],[82.59,17.27],[82.36,17.1],[82.29,16.98],[82.28,16.94],[82.31,16.88],[82.35,16.83],[82.36,16.78],[82.34,16.71],[82.33,16.66],[82.26,16.56],[82.14,16.49],[81.76,16.33],[81.71,16.33],[81.4,16.37],[81.29,16.34],[81.24,16.26],[81.13,15.96],[81.03,15.88],[80.99,15.81],[80.98,15.76],[80.92,15.76],[80.86,15.78],[80.83,15.77],[80.78,15.87],[80.71,15.89],[80.65,15.9],[80.38,15.79],[80.29,15.71],[80.1,15.32],[80.05,15.07],[80.1,14.8],[80.17,14.58],[80.18,14.48],[80.17,14.35],[80.14,14.29],[80.11,14.21],[80.14,14.06],[80.22,13.86],[80.24,13.77],[80.25,13.69],[80.31,13.49],[80.27,13.52],[80.23,13.61],[80.16,13.71],[80.06,13.61],[80.11,13.53],[80.29,13.44],[80.34,13.36],[80.23,12.69],[80.14,12.45],[80.04,12.3],[79.98,12.24],[79.86,11.99],[79.77,11.69],[79.75,11.58],[79.79,11.45],[79.75,11.37],[79.69,11.31],[79.8,11.34],[79.84,11.27],[79.85,11.2],[79.85,10.77],[79.84,10.32],[79.76,10.3],[79.67,10.3],[79.59,10.31],[79.53,10.33],[79.39,10.31],[79.31,10.26],[79.25,10.17],[79.26,10.04],[79.0,9.68],[78.94,9.57],[78.92,9.45],[78.95,9.39],[79.02,9.33],[79.11,9.31],[79.28,9.28],[79.36,9.25],[79.41,9.19],[79.21,9.26],[78.98,9.27],[78.42,9.11],[78.27,8.99],[78.19,8.89],[78.14,8.66],[78.13,8.51],[78.06,8.38],[77.77,8.19],[77.59,8.13],[77.52,8.08],[77.3,8.15],[77.07,8.32],[76.97,8.41],[76.62,8.85],[76.55,8.9],[76.48,9.09],[76.47,9.16],[76.45,9.19],[76.42,9.21],[76.4,9.24],[76.32,9.45],[76.29,9.68],[76.24,9.93],[76.28,9.91],[76.34,9.83],[76.37,9.71],[76.38,9.54],[76.42,9.52],[76.46,9.54],[76.35,9.92],[76.25,10.02],[76.22,10.02],[76.2,10.09],[76.19,10.16],[76.2,10.2],[76.12,10.33],[76.1,10.4],[75.92,10.78],[75.84,11.06],[75.72,11.36],[75.65,11.47],[75.52,11.7],[75.42,11.81],[75.31,11.96],[75.23,12.02],[75.2,12.06],[74.95,12.56],[74.87,12.84],[74.8,12.98],[74.77,13.08],[74.68,13.51],[74.68,13.58],[74.67,13.67],[74.61,13.85],[74.5,14.05],[74.47,14.17],[74.47,14.22],[74.4,14.41],[74.38,14.49],[74.34,14.58],[74.28,14.65],[74.22,14.71],[74.09,14.9],[74.04,14.95],[73.95,15.07],[73.88,15.31],[73.8,15.4],[73.93,15.4],[73.85,15.48],[73.81,15.54],[73.77,15.57],[73.83,15.66],[73.73,15.66],[73.68,15.71],[73.61,15.87],[73.48,16.05],[73.45,16.15],[73.34,16.46],[73.24,17.2],[73.15,17.53],[73.16,17.62],[73.05,17.91],[72.99,18.1],[72.97,18.26],[72.94,18.37],[72.92,18.58],[72.88,18.64],[72.87,18.68],[72.9,18.78],[72.98,18.93],[73.01,19.02],[72.97,19.15],[72.9,19.01],[72.83,18.98],[72.8,19.08],[72.8,19.22],[72.79,19.25],[72.81,19.3],[72.99,19.28],[72.79,19.36],[72.76,19.41],[72.76,19.45],[72.8,19.52],[72.73,19.58],[72.7,19.76],[72.68,19.8],[72.67,19.83],[72.71,20.08],[72.88,20.56],[72.89,20.67],[72.88,20.83],[72.84,20.95],[72.82,21.08],[72.81,21.12],[72.75,21.13],[72.69,21.18],[72.62,21.37],[72.69,21.44],[72.73,21.47],[72.67,21.46],[72.61,21.46],[72.72,21.55],[72.81,21.62],[73.02,21.7],[73.11,21.75],[72.98,21.7],[72.84,21.69],[72.54,21.7],[72.59,21.88],[72.64,21.94],[72.7,21.97],[72.62,21.96],[72.52,21.98],[72.55,22.16],[72.63,22.2],[72.71,22.21],[72.81,22.23],[72.7,22.26],[72.59,22.28],[72.46,22.25],[72.33,22.27],[72.18,22.27],[72.24,22.25],[72.31,22.19],[72.27,22.09],[72.24,22.03],[72.16,21.98],[72.09,21.92],[72.08,21.86],[72.04,21.82],[72.1,21.79],[72.17,21.77],[72.21,21.73],[72.26,21.66],[72.25,21.53],[72.08,21.22],[72.02,21.16],[71.57,20.97],[71.4,20.87],[71.02,20.74],[70.88,20.71],[70.72,20.74],[70.49,20.84],[70.13,21.09],[70.03,21.18],[69.75,21.51],[69.54,21.68],[69.39,21.84],[69.19,21.99],[69.01,22.2],[68.97,22.29],[68.98,22.39],[69.05,22.44],[69.13,22.42],[69.19,22.34],[69.24,22.3],[69.28,22.29],[69.55,22.41],[69.66,22.4],[69.73,22.47],[69.82,22.45],[70.01,22.55],[70.08,22.55],[70.18,22.57],[70.33,22.82],[70.44,22.97],[70.51,23.0],[70.51,23.04],[70.49,23.09],[70.43,23.08],[70.4,23.03],[70.37,22.97],[70.34,22.94],[70.25,22.97],[70.19,22.97],[70.12,22.95],[69.85,22.86],[69.74,22.78],[69.66,22.76],[69.24,22.85],[68.82,23.05],[68.64,23.19],[68.53,23.36],[68.42,23.57],[68.45,23.63],[68.63,23.75],[68.78,23.85],[68.64,23.81],[68.5,23.75],[68.42,23.71],[68.34,23.62],[68.23,23.6],[68.19,23.73],[68.17,23.86]]],[[[93.89,6.83],[93.83,6.75],[93.71,7.0],[93.66,7.02],[93.66,7.14],[93.68,7.18],[93.82,7.24],[93.86,7.21],[93.93,6.97],[93.89,6.83]]],[[[93.73,7.36],[93.64,7.26],[93.6,7.32],[93.61,7.36],[93.65,7.38],[93.69,7.41],[93.73,7.36]]],[[[93.14,8.25],[93.17,8.21],[93.12,8.22],[93.06,8.27],[93.08,8.33],[93.1,8.35],[93.14,8.25]]],[[[93.44,7.88],[93.37,7.88],[93.34,7.92],[93.31,7.96],[93.33,8.01],[93.38,8.02],[93.43,7.95],[93.45,7.9],[93.44,7.88]]],[[[93.54,8.06],[93.49,8.02],[93.48,8.02],[93.47,8.05],[93.47,8.07],[93.46,8.11],[93.46,8.17],[93.49,8.22],[93.53,8.21],[93.51,8.16],[93.54,8.06]]],[[[92.79,9.14],[92.74,9.13],[92.72,9.17],[92.71,9.2],[92.74,9.23],[92.76,9.24],[92.79,9.24],[92.81,9.17],[92.79,9.14]]],[[[92.5,10.55],[92.47,10.52],[92.37,10.55],[92.38,10.65],[92.35,10.75],[92.37,10.79],[92.45,10.87],[92.51,10.9],[92.55,10.8],[92.57,10.7],[92.5,10.55]]],[[[92.69,11.38],[92.64,11.36],[92.6,11.39],[92.63,11.43],[92.64,11.51],[92.69,11.46],[92.69,11.41],[92.69,11.38]]],[[[92.72,11.54],[92.7,11.51],[92.67,11.54],[92.58,11.72],[92.56,11.83],[92.53,11.87],[92.57,11.93],[92.61,11.95],[92.63,12.01],[92.64,12.11],[92.68,12.19],[92.69,12.21],[92.77,12.22],[92.79,12.23],[92.78,12.3],[92.73,12.34],[92.72,12.36],[92.72,12.54],[92.73,12.62],[92.76,12.67],[92.74,12.78],[92.75,12.82],[92.81,12.88],[92.83,13.0],[92.81,13.04],[92.86,13.23],[92.86,13.36],[92.92,13.49],[93.03,13.54],[93.06,13.55],[93.07,13.44],[93.08,13.4],[93.02,13.34],[93.07,13.25],[93.07,13.22],[93.04,13.15],[93.0,13.09],[92.95,13.06],[92.91,12.98],[92.89,12.94],[92.97,12.85],[92.99,12.54],[92.93,12.45],[92.86,12.44],[92.88,12.23],[92.87,12.18],[92.8,12.08],[92.79,12.03],[92.75,11.99],[92.76,11.94],[92.8,11.92],[92.8,11.87],[92.77,11.76],[92.76,11.64],[92.72,11.54]]],[[[93.02,12.04],[93.06,11.9],[92.98,11.96],[92.96,12.0],[93.0,12.03],[93.02,12.04]]],[[[92.72,12.86],[92.69,12.8],[92.68,12.94],[92.69,12.96],[92.71,12.96],[92.73,12.95],[92.72,12.86]]],[[[72.78,11.2],[72.77,11.2],[72.77,11.21],[72.78,11.24],[72.79,11.26],[72.8,11.26],[72.79,11.24],[72.79,11.22],[72.78,11.2]]],[[[73.07,8.27],[73.05,8.26],[73.04,8.25],[73.03,8.25],[73.02,8.27],[73.03,8.28],[73.04,8.26],[73.06,8.27],[73.08,8.31],[73.08,8.32],[73.08,8.31],[73.08,8.29],[73.07,8.27]]]]},"properties":{"iso":"IND","name":"India","ha":[349106.8,349099.5,349245.7,349510.6,349557.8,349923.3,349801.7,349983.1,350663.2,354558.9,357489.7,359111.9,360406.7,361739.3,360938.2,363233.1,363964.2,364210.3,365109.8,368721.7,372385.0,375136.9,377827.1,381175.2,385798.6,386247.8,386688.9,387831.6,390422.7,404395.8,410534.4,413289.9,416095.0,419486.5,426607.0,439477.7,446468.9,453036.4,458177.3,463086.0,467068.2],"lo":[325610.9,325604.1,325740.4,325987.5,326031.6,326372.4,326259.0,326428.2,327062.5,330696.0,333429.6,334942.6,336150.2,337393.2,336646.0,338786.4,339468.3,339697.8,340536.8,343905.6,347322.4,349889.1,352398.2,355521.0,359833.2,360252.2,360663.6,361729.4,364146.1,377178.8,382904.2,385474.2,388090.6,391253.8,397895.1,409899.5,416420.3,422545.7,427340.6,431918.9,435633.1],"hi":[382620.0,382612.0,382772.2,383062.5,383114.3,383514.9,383381.6,383580.4,384325.8,388595.5,391807.7,393585.5,395004.6,396465.2,395587.1,398102.3,398903.7,399173.3,400159.2,404117.8,408132.9,411148.9,414097.4,417766.9,422834.1,423326.4,423809.8,425062.2,427902.1,443216.6,449944.4,452964.4,456038.8,459755.9,467559.9,481666.2,489328.6,496526.5,502160.9,507540.8,511905.3]}},{"type":"Feature","geometry":{"type":"MultiPolygon","coordinates":[[[[56.19,26.92],[56.09,26.8],[55.95,26.7],[55.89,26.73],[55.85,26.73],[55.75,26.69],[55.67,26.69],[55.54,26.62],[55.42,26.58],[55.34,26.59],[55.31,26.59],[55.3,26.64],[55.3,26.66],[55.35,26.65],[55.53,26.71],[55.76,26.81],[55.78,26.86],[55.75,26.93],[55.76,26.95],[55.91,26.91],[56.07,26.98],[56.21,27.0],[56.28,26.95],[56.19,26.92]]],[[[53.91,37.34],[54.19,37.33],[54.3,37.35],[54.46,37.41],[54.58,37.44],[54.64,37.44],[54.7,37.47],[54.75,37.5],[54.85,37.72],[54.9,37.78],[55.08,37.9],[55.22,37.98],[55.38,38.05],[55.58,38.1],[55.84,38.09],[56.05,38.08],[56.17,38.08],[56.23,38.07],[56.27,38.08],[56.3,38.09],[56.32,38.19],[56.37,38.22],[56.44,38.25],[56.54,38.25],[56.67,38.26],[56.77,38.25],[56.91,38.21],[57.08,38.21],[57.19,38.22],[57.26,38.18],[57.31,38.13],[57.33,38.09],[57.34,38.03],[57.34,37.99],[57.35,37.97],[57.42,37.95],[57.52,37.93],[57.71,37.91],[57.89,37.86],[57.98,37.83],[58.11,37.78],[58.26,37.67],[58.32,37.65],[58.39,37.64],[58.44,37.64],[58.55,37.69],[58.65,37.65],[58.7,37.66],[58.82,37.68],[58.94,37.65],[59.24,37.52],[59.27,37.52],[59.3,37.51],[59.33,37.48],[59.34,37.44],[59.37,37.33],[59.45,37.25],[59.56,37.18],[59.69,37.14],[59.95,37.04],[60.06,36.96],[60.18,36.83],[60.32,36.65],[60.34,36.64],[60.71,36.64],[61.12,36.64],[61.17,36.57],[61.16,36.43],[61.18,36.29],[61.21,36.19],[61.21,36.1],[61.18,36.05],[61.16,36.0],[61.15,35.98],[61.21,35.94],[61.25,35.87],[61.26,35.76],[61.24,35.71],[61.24,35.66],[61.26,35.62],[61.28,35.55],[61.28,35.51],[61.25,35.47],[61.23,35.42],[61.2,35.36],[61.19,35.31],[61.14,35.29],[61.1,35.27],[61.11,35.21],[61.13,35.16],[61.15,35.09],[61.12,35.05],[61.11,35.0],[61.07,34.92],[61.08,34.86],[61.04,34.8],[60.99,34.75],[60.96,34.71],[60.95,34.65],[60.91,34.63],[60.85,34.59],[60.8,34.55],[60.74,34.54],[60.73,34.52],[60.74,34.49],[60.76,34.48],[60.8,34.42],[60.89,34.32],[60.64,34.31],[60.57,34.22],[60.49,34.09],[60.53,33.84],[60.49,33.71],[60.51,33.64],[60.57,33.59],[60.65,33.56],[60.81,33.56],[60.91,33.54],[60.92,33.51],[60.86,33.46],[60.77,33.36],[60.72,33.32],[60.56,33.14],[60.56,33.06],[60.58,32.99],[60.64,32.79],[60.71,32.6],[60.83,32.25],[60.83,32.17],[60.79,31.99],[60.79,31.88],[60.8,31.73],[60.79,31.66],[60.82,31.5],[60.85,31.48],[61.11,31.45],[61.35,31.42],[61.66,31.38],[61.76,31.29],[61.81,31.07],[61.81,30.91],[61.78,30.83],[61.56,30.6],[61.33,30.36],[61.1,30.13],[60.84,29.86],[61.03,29.66],[61.15,29.54],[61.32,29.37],[61.34,29.33],[61.34,29.26],[61.51,29.01],[61.57,28.87],[61.62,28.79],[61.76,28.67],[61.89,28.55],[62.03,28.49],[62.13,28.48],[62.35,28.41],[62.43,28.36],[62.56,28.24],[62.72,28.25],[62.75,28.25],[62.76,28.24],[62.76,28.2],[62.74,28.0],[62.78,27.8],[62.81,27.5],[62.8,27.44],[62.76,27.36],[62.76,27.3],[62.75,27.27],[62.76,27.25],[62.81,27.23],[62.92,27.22],[63.17,27.25],[63.2,27.24],[63.26,27.21],[63.3,27.15],[63.31,27.12],[63.24,27.08],[63.23,27.0],[63.25,26.88],[63.24,26.86],[63.19,26.84],[63.17,26.67],[63.16,26.65],[63.09,26.63],[62.79,26.64],[62.75,26.64],[62.64,26.59],[62.44,26.56],[62.39,26.54],[62.31,26.49],[62.26,26.43],[62.25,26.37],[62.24,26.36],[62.13,26.37],[62.09,26.32],[61.87,26.24],[61.84,26.23],[61.81,26.17],[61.78,26.0],[61.75,25.84],[61.74,25.82],[61.67,25.77],[61.66,25.75],[61.67,25.69],[61.64,25.58],[61.62,25.29],[61.59,25.2],[61.53,25.2],[61.49,25.15],[61.41,25.1],[61.24,25.14],[61.11,25.18],[60.66,25.28],[60.62,25.33],[60.59,25.41],[60.51,25.44],[60.4,25.31],[60.02,25.38],[59.9,25.36],[59.82,25.4],[59.62,25.4],[59.46,25.48],[59.23,25.43],[59.05,25.42],[58.8,25.55],[58.53,25.59],[58.31,25.58],[58.2,25.59],[58.02,25.64],[57.94,25.69],[57.8,25.65],[57.73,25.72],[57.33,25.79],[57.26,25.92],[57.21,26.04],[57.2,26.16],[57.1,26.37],[57.07,26.68],[57.04,26.8],[56.98,26.91],[56.91,26.99],[56.81,27.09],[56.73,27.13],[56.36,27.2],[56.28,27.19],[56.12,27.14],[55.94,27.04],[55.65,26.98],[55.59,26.93],[55.52,26.83],[55.42,26.77],[55.29,26.79],[55.15,26.73],[54.9,26.56],[54.76,26.51],[54.64,26.51],[54.52,26.59],[54.25,26.7],[54.07,26.73],[53.82,26.71],[53.71,26.73],[53.51,26.85],[53.45,26.94],[53.34,27.0],[52.98,27.14],[52.69,27.32],[52.64,27.39],[52.6,27.49],[52.48,27.62],[52.19,27.72],[52.03,27.82],[51.84,27.85],[51.67,27.84],[51.59,27.86],[51.52,27.91],[51.28,28.13],[51.28,28.22],[51.13,28.44],[51.09,28.51],[51.06,28.73],[51.02,28.78],[50.87,28.87],[50.84,28.93],[50.88,29.0],[50.88,29.06],[50.8,29.12],[50.68,29.15],[50.65,29.21],[50.67,29.34],[50.65,29.42],[50.54,29.55],[50.39,29.68],[50.23,29.87],[50.17,29.92],[50.13,30.05],[50.07,30.2],[49.98,30.21],[49.55,30.03],[49.43,30.13],[49.05,30.31],[49.03,30.33],[49.0,30.37],[49.05,30.4],[49.1,30.41],[49.19,30.38],[49.25,30.41],[49.22,30.47],[49.13,30.51],[49.0,30.51],[49.04,30.45],[48.92,30.4],[48.89,30.33],[48.91,30.24],[48.92,30.12],[48.87,30.06],[48.83,30.04],[48.67,30.03],[48.6,29.98],[48.55,29.96],[48.48,30.0],[48.43,30.04],[48.4,30.11],[48.39,30.16],[48.4,30.19],[48.38,30.23],[48.33,30.29],[48.28,30.32],[48.23,30.32],[48.18,30.36],[48.15,30.42],[48.07,30.46],[48.01,30.47],[48.01,30.66],[48.01,30.82],[48.01,30.99],[47.84,31.0],[47.68,31.0],[47.68,31.14],[47.68,31.4],[47.75,31.6],[47.83,31.79],[47.71,31.94],[47.59,32.09],[47.51,32.15],[47.42,32.34],[47.37,32.42],[47.33,32.46],[47.29,32.47],[47.12,32.47],[46.97,32.57],[46.79,32.69],[46.57,32.83],[46.38,32.93],[46.3,32.95],[46.11,32.96],[46.09,32.98],[46.08,33.03],[46.08,33.09],[46.14,33.17],[46.15,33.23],[46.02,33.42],[45.98,33.47],[45.87,33.49],[45.89,33.55],[45.89,33.58],[45.88,33.61],[45.85,33.62],[45.82,33.62],[45.74,33.6],[45.67,33.69],[45.47,33.93],[45.41,33.95],[45.4,33.97],[45.45,34.04],[45.53,34.15],[45.54,34.22],[45.53,34.28],[45.44,34.42],[45.46,34.47],[45.5,34.53],[45.5,34.58],[45.56,34.57],[45.64,34.57],[45.66,34.61],[45.66,34.75],[45.68,34.8],[45.92,35.03],[46.04,35.08],[46.13,35.13],[46.15,35.2],[46.14,35.23],[46.12,35.28],[46.11,35.32],[46.01,35.42],[45.98,35.48],[45.97,35.52],[46.0,35.61],[46.04,35.67],[46.18,35.71],[46.26,35.74],[46.27,35.77],[46.17,35.82],[45.94,35.84],[45.78,35.82],[45.72,35.84],[45.65,35.93],[45.56,35.98],[45.48,36.01],[45.41,36.0],[45.36,36.02],[45.35,36.05],[45.24,36.36],[45.21,36.4],[45.16,36.41],[45.11,36.41],[45.08,36.43],[45.05,36.47],[45.03,36.53],[45.03,36.6],[45.03,36.66],[45.02,36.7],[44.98,36.74],[44.93,36.77],[44.88,36.8],[44.8,37.06],[44.77,37.14],[44.77,37.14],[44.77,37.16],[44.76,37.22],[44.8,37.27],[44.79,37.29],[44.72,37.36],[44.6,37.42],[44.57,37.44],[44.57,37.51],[44.58,37.56],[44.57,37.61],[44.55,37.64],[44.55,37.66],[44.59,37.71],[44.56,37.74],[44.4,37.83],[44.34,37.87],[44.22,37.88],[44.21,37.91],[44.23,37.97],[44.27,38.04],[44.33,38.11],[44.35,38.15],[44.37,38.21],[44.38,38.25],[44.45,38.32],[44.45,38.33],[44.43,38.36],[44.38,38.37],[44.32,38.37],[44.3,38.39],[44.29,38.42],[44.3,38.56],[44.28,38.64],[44.26,38.7],[44.27,38.84],[44.23,38.86],[44.17,38.93],[44.14,38.99],[44.16,39.02],[44.17,39.06],[44.18,39.11],[44.18,39.14],[44.12,39.18],[44.08,39.22],[44.07,39.26],[44.06,39.31],[44.03,39.35],[44.02,39.38],[44.04,39.39],[44.12,39.41],[44.24,39.4],[44.34,39.4],[44.39,39.42],[44.46,39.67],[44.52,39.73],[44.59,39.77],[44.73,39.68],[44.78,39.65],[44.82,39.65],[44.84,39.63],[45.0,39.42],[45.07,39.36],[45.11,39.31],[45.14,39.25],[45.19,39.22],[45.26,39.19],[45.34,39.14],[45.39,39.1],[45.48,39.01],[45.58,38.97],[45.92,38.91],[46.11,38.88],[46.17,38.87],[46.32,38.91],[46.49,38.91],[46.55,38.9],[46.78,39.09],[46.85,39.15],[46.99,39.18],[47.07,39.25],[47.19,39.34],[47.34,39.42],[47.48,39.5],[47.58,39.54],[47.77,39.65],[47.89,39.69],[48.0,39.68],[48.15,39.56],[48.28,39.45],[48.32,39.4],[48.26,39.35],[48.14,39.31],[48.11,39.28],[48.1,39.24],[48.11,39.2],[48.13,39.17],[48.27,39.1],[48.29,39.06],[48.29,39.02],[48.28,38.99],[48.24,38.98],[48.14,38.96],[48.05,38.94],[48.02,38.91],[47.99,38.88],[48.0,38.85],[48.02,38.82],[48.2,38.72],[48.23,38.69],[48.26,38.64],[48.31,38.61],[48.38,38.61],[48.42,38.59],[48.59,38.41],[48.64,38.4],[48.84,38.44],[48.87,38.44],[48.87,38.39],[48.9,38.14],[48.93,38.02],[48.96,37.89],[49.02,37.78],[49.08,37.67],[49.17,37.6],[49.37,37.52],[49.47,37.5],[49.73,37.48],[49.98,37.44],[50.13,37.41],[50.18,37.38],[50.21,37.34],[50.34,37.15],[50.53,37.01],[50.93,36.81],[51.12,36.74],[51.76,36.61],[52.19,36.62],[53.37,36.87],[53.77,36.93],[53.92,36.93],[53.83,36.88],[53.68,36.85],[53.77,36.82],[53.91,36.81],[53.97,36.82],[54.02,36.85],[54.02,36.9],[54.02,36.95],[53.95,37.18],[53.91,37.34]]]]},"properties":{"iso":"IRN","name":"Iran,  Islamic Republic of","ha":[5865.8,5871.5,5910.6,5936.0,5948.0,6002.8,6302.4,6466.1,6645.9,6770.7,6805.7,6949.4,7068.6,7139.3,7098.9,7111.8,7170.4,7189.9,7195.6,7158.5,7177.0,7376.4,7648.6,7833.8,7841.4,7962.2,8119.3,8457.6,8626.8,8913.7,8997.0,9151.2,9289.7,9439.7,9643.7,9845.8,10042.1,10308.4,10546.8,10698.5,10704.3],"lo":[5471.0,5476.4,5512.8,5536.5,5547.7,5598.8,5878.2,6030.9,6198.6,6315.1,6347.6,6481.7,6592.9,6658.8,6621.1,6633.2,6687.8,6706.0,6711.3,6676.7,6693.9,6880.0,7133.8,7306.5,7313.7,7426.3,7572.8,7888.4,8046.2,8313.8,8391.5,8535.3,8664.5,8804.4,8994.6,9183.2,9366.2,9614.6,9837.0,9978.4,9983.9],"hi":[6428.9,6435.2,6478.0,6505.8,6519.0,6579.1,6907.4,7086.8,7283.9,7420.7,7459.0,7616.5,7747.2,7824.7,7780.3,7794.5,7858.7,7880.1,7886.4,7845.7,7865.9,8084.5,8382.9,8585.8,8594.2,8726.6,8898.7,9269.5,9455.0,9769.4,9860.7,10029.7,10181.5,10345.9,10569.4,10791.0,11006.1,11297.9,11559.3,11725.5,11731.9]}},{"type":"Feature","geometry":{"type":"MultiPolygon","coordinates":[[[[-77.26,18.46],[-77.14,18.42],[-77.01,18.4],[-76.96,18.4],[-76.91,18.39],[-76.79,18.3],[-76.7,18.26],[-76.35,18.15],[-76.23,17.97],[-76.21,17.91],[-76.3,17.88],[-76.42,17.87],[-76.52,17.87],[-76.63,17.9],[-76.67,17.93],[-76.77,17.94],[-76.75,17.96],[-76.79,17.98],[-76.85,17.97],[-76.9,17.9],[-76.94,17.85],[-77.04,17.85],[-77.07,17.9],[-77.12,17.88],[-77.16,17.85],[-77.2,17.71],[-77.28,17.78],[-77.36,17.83],[-77.46,17.86],[-77.67,17.86],[-77.77,17.88],[-77.85,17.99],[-77.88,18.02],[-77.96,18.05],[-78.04,18.17],[-78.07,18.19],[-78.29,18.22],[-78.34,18.29],[-78.33,18.35],[-78.25,18.43],[-78.22,18.45],[-78.09,18.44],[-77.98,18.47],[-77.93,18.5],[-77.87,18.52],[-77.45,18.47],[-77.35,18.47],[-77.26,18.46]]]]},"properties":{"iso":"JAM","name":"Jamaica","ha":[10900.0,10893.9,10892.5,10907.7,10987.8,11001.9,11012.9,11054.1,11138.4,11265.0,11336.0,11320.8,11247.1,11176.3,11106.2,11093.5,11064.2,11016.0,10991.2,10772.2,10824.1,10798.6,10739.9,10651.5,10633.9,10574.5,10503.7,10452.8,10437.2,10482.1,10560.8,10589.2,10606.9,10571.3,10556.9,10561.9,10599.1,10557.4,10482.1,10531.9,10488.1],"lo":[10166.4,10160.7,10159.4,10173.5,10248.3,10261.4,10271.7,10310.1,10388.8,10506.9,10573.1,10558.9,10490.2,10424.1,10358.7,10346.9,10319.6,10274.6,10251.4,10047.2,10095.6,10071.8,10017.1,9934.6,9918.2,9862.8,9796.7,9749.3,9734.8,9776.7,9850.1,9876.5,9893.0,9859.8,9846.4,9851.0,9885.8,9846.9,9776.7,9823.0,9782.2],"hi":[11946.4,11939.6,11938.2,11954.8,12042.6,12058.0,12070.1,12115.3,12207.7,12346.5,12424.3,12407.6,12326.8,12249.2,12172.4,12158.4,12126.3,12073.5,12046.3,11806.3,11863.2,11835.2,11770.9,11674.0,11654.7,11589.6,11512.0,11456.2,11439.1,11488.4,11574.6,11605.7,11625.1,11586.1,11570.3,11575.8,11616.6,11570.9,11488.4,11542.9,11494.9]}},{"type":"Feature","geometry":{"type":"MultiPolygon","coordinates":[[[[133.37,36.2],[133.32,36.17],[133.24,36.18],[133.19,36.23],[133.21,36.29],[133.3,36.34],[133.38,36.25],[133.37,36.2]]],[[[138.34,37.82],[138.25,37.82],[138.23,37.83],[138.28,37.85],[138.29,37.9],[138.32,37.97],[138.32,37.99],[138.25,37.99],[138.25,38.08],[138.31,38.16],[138.46,38.29],[138.5,38.32],[138.51,38.26],[138.46,38.12],[138.45,38.08],[138.58,38.07],[138.5,37.9],[138.34,37.82]]],[[[134.93,34.29],[134.82,34.2],[134.73,34.21],[134.68,34.25],[134.67,34.29],[134.76,34.37],[134.83,34.47],[134.9,34.52],[134.96,34.54],[135.0,34.54],[134.91,34.4],[134.93,34.29]]],[[[130.62,30.26],[130.51,30.24],[130.45,30.26],[130.39,30.39],[130.5,30.47],[130.64,30.39],[130.67,30.37],[130.62,30.26]]],[[[130.96,30.4],[130.87,30.39],[130.87,30.44],[130.94,30.58],[130.95,30.67],[131.01,30.79],[131.04,30.82],[131.06,30.83],[131.08,30.79],[131.06,30.64],[130.99,30.53],[130.96,30.4]]],[[[130.08,32.23],[130.0,32.19],[129.99,32.23],[129.96,32.24],[130.02,32.29],[130.02,32.31],[129.98,32.35],[130.02,32.47],[130.01,32.52],[130.17,32.54],[130.2,32.49],[130.2,32.34],[130.08,32.23]]],[[[129.28,34.12],[129.21,34.08],[129.19,34.15],[129.21,34.32],[129.34,34.28],[129.34,34.23],[129.28,34.12]]],[[[129.39,34.35],[129.37,34.31],[129.3,34.34],[129.27,34.37],[129.33,34.52],[129.32,34.58],[129.33,34.61],[129.45,34.69],[129.47,34.67],[129.48,34.65],[129.47,34.62],[129.48,34.54],[129.38,34.42],[129.39,34.35]]],[[[128.67,32.78],[128.7,32.76],[128.76,32.77],[128.81,32.78],[128.84,32.76],[128.88,32.69],[128.89,32.65],[128.82,32.65],[128.79,32.64],[128.75,32.59],[128.69,32.6],[128.66,32.63],[128.65,32.66],[128.67,32.78]]],[[[130.38,32.42],[130.29,32.42],[130.26,32.43],[130.24,32.46],[130.37,32.53],[130.46,32.52],[130.42,32.46],[130.38,32.42]]],[[[141.07,45.33],[141.03,45.27],[140.98,45.36],[140.97,45.47],[141.0,45.46],[141.06,45.45],[141.07,45.4],[141.07,45.33]]],[[[141.3,45.12],[141.23,45.11],[141.15,45.15],[141.14,45.21],[141.19,45.25],[141.25,45.23],[141.31,45.18],[141.33,45.15],[141.3,45.12]]],[[[139.48,42.08],[139.46,42.08],[139.43,42.08],[139.41,42.16],[139.43,42.2],[139.5,42.23],[139.56,42.24],[139.51,42.1],[139.48,42.08]]],[[[134.35,34.48],[134.33,34.46],[134.32,34.47],[134.25,34.42],[134.24,34.47],[134.19,34.5],[134.18,34.52],[134.33,34.53],[134.37,34.52],[134.35,34.48]]],[[[139.46,34.73],[139.45,34.68],[139.39,34.69],[139.37,34.72],[139.37,34.78],[139.43,34.78],[139.46,34.73]]],[[[129.08,32.84],[129.05,32.83],[129.02,32.92],[129.0,32.95],[129.03,32.97],[129.11,33.13],[129.12,33.07],[129.15,33.0],[129.18,32.99],[129.15,32.95],[129.11,32.93],[129.08,32.84]]],[[[129.49,33.22],[129.42,33.18],[129.37,33.18],[129.42,33.23],[129.42,33.26],[129.46,33.33],[129.54,33.36],[129.57,33.36],[129.51,33.28],[129.49,33.22]]],[[[129.8,33.75],[129.73,33.71],[129.67,33.74],[129.7,33.83],[129.72,33.86],[129.78,33.83],[129.8,33.75]]],[[[132.58,34.12],[132.55,34.08],[132.46,34.09],[132.5,34.12],[132.52,34.16],[132.54,34.17],[132.56,34.13],[132.58,34.12]]],[[[132.27,33.95],[132.31,33.91],[132.43,33.92],[132.44,33.91],[132.41,33.88],[132.36,33.85],[132.27,33.87],[132.21,33.87],[132.2,33.93],[132.21,33.95],[132.27,33.95]]],[[[129.72,31.66],[129.69,31.64],[129.71,31.72],[129.79,31.79],[129.79,31.74],[129.72,31.66]]],[[[142.19,26.62],[142.17,26.62],[142.11,26.72],[142.13,26.73],[142.16,26.71],[142.2,26.65],[142.19,26.62]]],[[[143.82,44.12],[143.95,44.11],[144.01,44.12],[144.1,44.1],[144.48,43.95],[144.6,43.93],[144.72,43.93],[144.8,43.94],[144.87,43.98],[145.1,44.17],[145.34,44.33],[145.37,44.33],[145.37,44.28],[145.35,44.23],[145.25,44.08],[145.13,43.87],[145.1,43.76],[145.14,43.66],[145.21,43.58],[145.27,43.46],[145.34,43.3],[145.44,43.28],[145.49,43.28],[145.58,43.33],[145.67,43.39],[145.75,43.4],[145.83,43.39],[145.73,43.34],[145.62,43.29],[145.54,43.19],[145.51,43.17],[145.4,43.18],[145.35,43.18],[145.23,43.14],[145.13,43.09],[145.03,43.03],[144.92,43.0],[144.81,42.99],[144.63,42.95],[144.52,42.94],[144.3,42.98],[144.2,42.97],[143.97,42.88],[143.76,42.75],[143.58,42.6],[143.43,42.42],[143.37,42.33],[143.33,42.22],[143.33,42.15],[143.31,42.08],[143.28,42.04],[143.24,42.0],[143.11,42.02],[142.91,42.12],[142.51,42.26],[142.09,42.47],[141.85,42.58],[141.41,42.55],[140.99,42.34],[140.95,42.36],[140.79,42.5],[140.71,42.56],[140.62,42.57],[140.55,42.57],[140.48,42.56],[140.39,42.49],[140.35,42.44],[140.32,42.38],[140.32,42.33],[140.33,42.29],[140.42,42.2],[140.53,42.13],[140.58,42.12],[140.68,42.12],[140.73,42.12],[140.91,41.98],[141.11,41.85],[141.15,41.81],[141.08,41.76],[141.0,41.74],[140.91,41.74],[140.82,41.76],[140.66,41.82],[140.59,41.77],[140.49,41.67],[140.43,41.57],[140.38,41.52],[140.27,41.46],[140.15,41.42],[140.09,41.43],[140.04,41.47],[140.01,41.52],[140.0,41.58],[140.02,41.7],[140.08,41.8],[140.11,41.91],[140.06,42.07],[140.02,42.1],[139.9,42.19],[139.84,42.28],[139.82,42.39],[139.83,42.45],[139.86,42.58],[139.89,42.65],[139.95,42.67],[140.02,42.68],[140.11,42.73],[140.22,42.8],[140.33,42.87],[140.43,42.95],[140.49,43.05],[140.4,43.17],[140.38,43.24],[140.39,43.3],[140.49,43.34],[140.58,43.31],[140.78,43.21],[140.82,43.21],[140.95,43.2],[141.14,43.18],[141.25,43.19],[141.3,43.2],[141.37,43.28],[141.41,43.38],[141.4,43.51],[141.4,43.64],[141.45,43.75],[141.6,43.92],[141.64,44.02],[141.66,44.26],[141.72,44.37],[141.76,44.48],[141.78,44.72],[141.72,44.94],[141.66,45.05],[141.58,45.16],[141.59,45.26],[141.65,45.35],[141.65,45.38],[141.67,45.4],[141.78,45.42],[141.83,45.44],[141.88,45.48],[141.94,45.51],[141.98,45.48],[142.02,45.44],[142.17,45.33],[142.42,45.12],[142.7,44.82],[142.88,44.67],[143.08,44.53],[143.29,44.4],[143.51,44.28],[143.65,44.22],[143.76,44.13],[143.82,44.12]]],[[[131.17,33.6],[131.31,33.57],[131.37,33.57],[131.42,33.58],[131.5,33.62],[131.58,33.65],[131.64,33.64],[131.7,33.6],[131.72,33.55],[131.71,33.5],[131.62,33.39],[131.54,33.27],[131.72,33.25],[131.9,33.25],[131.85,33.18],[131.85,33.12],[131.9,33.09],[131.95,33.05],[131.94,33.01],[131.91,32.97],[132.01,32.92],[132.0,32.88],[131.98,32.84],[131.73,32.59],[131.66,32.47],[131.61,32.33],[131.56,32.22],[131.53,32.12],[131.51,32.0],[131.46,31.88],[131.48,31.78],[131.46,31.67],[131.34,31.4],[131.25,31.41],[131.14,31.44],[131.07,31.44],[131.04,31.38],[131.1,31.26],[130.9,31.11],[130.69,31.02],[130.68,31.06],[130.7,31.09],[130.74,31.12],[130.76,31.16],[130.79,31.27],[130.77,31.38],[130.71,31.53],[130.7,31.58],[130.75,31.6],[130.78,31.6],[130.8,31.62],[130.8,31.67],[130.78,31.71],[130.71,31.72],[130.66,31.72],[130.61,31.67],[130.56,31.56],[130.53,31.46],[130.54,31.4],[130.57,31.35],[130.64,31.27],[130.62,31.22],[130.59,31.18],[130.31,31.27],[130.25,31.27],[130.2,31.29],[130.15,31.41],[130.26,31.44],[130.29,31.45],[130.31,31.49],[130.32,31.6],[130.27,31.7],[130.22,31.73],[130.19,31.77],[130.21,31.85],[130.2,31.95],[130.19,32.09],[130.21,32.12],[130.32,32.14],[130.39,32.22],[130.46,32.3],[130.56,32.46],[130.64,32.62],[130.56,32.63],[130.5,32.66],[130.57,32.73],[130.55,32.83],[130.44,32.95],[130.38,33.09],[130.29,33.15],[130.24,33.18],[130.18,33.14],[130.13,33.1],[130.17,33.01],[130.17,32.93],[130.18,32.85],[130.22,32.85],[130.28,32.87],[130.33,32.85],[130.35,32.81],[130.36,32.76],[130.34,32.7],[130.3,32.67],[130.25,32.68],[130.19,32.71],[130.15,32.75],[130.05,32.77],[129.95,32.72],[129.85,32.62],[129.77,32.57],[129.81,32.65],[129.83,32.73],[129.79,32.78],[129.69,32.88],[129.67,32.93],[129.66,32.99],[129.68,33.06],[129.78,32.99],[129.83,32.89],[129.9,32.85],[129.99,32.85],[129.92,32.99],[129.9,33.02],[129.8,33.08],[129.67,33.19],[129.58,33.24],[129.61,33.34],[129.66,33.36],[129.7,33.36],[129.84,33.32],[129.86,33.38],[129.84,33.4],[129.83,33.44],[129.92,33.48],[130.07,33.52],[130.1,33.54],[130.13,33.58],[130.17,33.6],[130.28,33.6],[130.37,33.63],[130.44,33.73],[130.46,33.79],[130.48,33.83],[130.67,33.92],[130.72,33.93],[130.84,33.92],[130.95,33.87],[131.01,33.78],[131.06,33.67],[131.17,33.6]]],[[[134.36,34.26],[134.5,34.21],[134.64,34.23],[134.64,34.04],[134.66,33.98],[134.7,33.93],[134.67,33.85],[134.74,33.82],[134.55,33.73],[134.38,33.61],[134.31,33.53],[134.24,33.44],[134.21,33.35],[134.18,33.25],[134.12,33.29],[133.96,33.45],[133.85,33.49],[133.69,33.52],[133.63,33.51],[133.29,33.36],[133.24,33.25],[133.15,33.08],[133.1,33.03],[133.05,33.01],[133.02,32.98],[132.98,32.84],[132.87,32.75],[132.8,32.75],[132.69,32.78],[132.64,32.76],[132.71,32.9],[132.6,32.92],[132.5,32.92],[132.49,33.01],[132.43,33.06],[132.48,33.13],[132.48,33.18],[132.51,33.21],[132.52,33.26],[132.51,33.29],[132.45,33.3],[132.41,33.33],[132.41,33.43],[132.37,33.43],[132.28,33.42],[132.09,33.34],[132.03,33.34],[132.11,33.39],[132.29,33.47],[132.37,33.51],[132.54,33.63],[132.64,33.69],[132.7,33.79],[132.72,33.85],[132.75,33.91],[132.78,33.99],[132.84,34.02],[132.94,34.1],[132.99,34.09],[133.05,34.0],[133.13,33.93],[133.19,33.93],[133.3,33.97],[133.35,33.98],[133.47,33.97],[133.58,34.02],[133.63,34.07],[133.64,34.13],[133.6,34.24],[133.66,34.23],[133.71,34.24],[133.83,34.31],[133.95,34.35],[134.08,34.36],[134.22,34.32],[134.36,34.26]]],[[[141.23,41.37],[141.27,41.35],[141.46,41.4],[141.42,41.25],[141.4,41.1],[141.41,40.84],[141.43,40.72],[141.46,40.61],[141.54,40.53],[141.65,40.47],[141.8,40.29],[141.88,40.07],[141.94,39.96],[141.98,39.84],[141.99,39.79],[141.99,39.74],[141.98,39.67],[141.99,39.61],[141.98,39.43],[141.91,39.22],[141.9,39.11],[141.84,39.09],[141.81,39.04],[141.78,39.02],[141.74,39.0],[141.69,39.0],[141.66,38.97],[141.64,38.92],[141.62,38.87],[141.58,38.82],[141.55,38.76],[141.52,38.63],[141.51,38.5],[141.47,38.4],[141.37,38.38],[141.25,38.38],[141.11,38.34],[141.08,38.31],[140.96,38.15],[140.93,38.05],[140.93,37.95],[140.96,37.82],[141.0,37.7],[141.04,37.47],[141.0,37.11],[140.97,37.0],[140.9,36.93],[140.84,36.89],[140.79,36.85],[140.73,36.73],[140.63,36.5],[140.62,36.45],[140.62,36.39],[140.59,36.31],[140.57,36.23],[140.59,36.14],[140.62,36.06],[140.76,35.85],[140.81,35.78],[140.87,35.72],[140.64,35.66],[140.6,35.63],[140.46,35.51],[140.41,35.39],[140.42,35.27],[140.39,35.22],[140.35,35.18],[140.31,35.16],[140.16,35.1],[140.06,35.04],[139.96,34.95],[139.92,34.9],[139.84,34.91],[139.8,34.96],[139.84,35.01],[139.83,35.07],[139.85,35.23],[139.83,35.3],[139.91,35.35],[139.94,35.42],[140.03,35.49],[140.09,35.54],[140.1,35.59],[140.04,35.63],[139.99,35.67],[139.91,35.67],[139.83,35.66],[139.79,35.61],[139.77,35.55],[139.77,35.52],[139.77,35.49],[139.65,35.41],[139.67,35.32],[139.7,35.27],[139.74,35.25],[139.73,35.22],[139.68,35.15],[139.64,35.14],[139.56,35.24],[139.47,35.3],[139.36,35.3],[139.25,35.28],[139.16,35.21],[139.13,35.15],[139.12,35.1],[139.12,34.96],[139.09,34.84],[139.02,34.74],[138.98,34.7],[138.9,34.63],[138.84,34.62],[138.8,34.65],[138.76,34.7],[138.8,34.88],[138.8,34.97],[138.9,35.03],[138.82,35.1],[138.72,35.12],[138.58,35.09],[138.54,35.04],[138.51,34.99],[138.43,34.92],[138.35,34.85],[138.25,34.73],[138.19,34.6],[137.98,34.64],[137.86,34.65],[137.75,34.65],[137.54,34.66],[137.32,34.64],[137.06,34.58],[137.08,34.62],[137.29,34.7],[137.3,34.73],[137.28,34.77],[137.22,34.77],[137.1,34.76],[137.03,34.77],[137.01,34.81],[136.96,34.83],[136.93,34.82],[136.94,34.72],[136.91,34.71],[136.87,34.73],[136.88,34.81],[136.86,34.91],[136.85,34.98],[136.9,35.04],[136.85,35.06],[136.8,35.05],[136.74,35.02],[136.69,34.98],[136.58,34.79],[136.53,34.68],[136.62,34.59],[136.84,34.46],[136.88,34.43],[136.88,34.38],[136.85,34.32],[136.79,34.3],[136.54,34.26],[136.33,34.18],[136.27,34.09],[136.07,33.78],[135.92,33.56],[135.7,33.49],[135.45,33.55],[135.39,33.63],[135.35,33.72],[135.26,33.81],[135.18,33.9],[135.13,34.01],[135.14,34.18],[135.1,34.29],[135.13,34.32],[135.27,34.38],[135.31,34.42],[135.38,34.5],[135.41,34.55],[135.42,34.62],[135.36,34.65],[135.2,34.65],[135.04,34.63],[134.93,34.66],[134.78,34.75],[134.74,34.77],[134.58,34.77],[134.47,34.75],[134.36,34.72],[134.25,34.71],[134.21,34.7],[134.07,34.59],[133.97,34.53],[133.88,34.49],[133.68,34.49],[133.58,34.46],[133.47,34.43],[133.45,34.43],[133.34,34.39],[133.21,34.34],[133.14,34.3],[133.02,34.33],[132.77,34.26],[132.66,34.25],[132.53,34.29],[132.42,34.35],[132.31,34.32],[132.24,34.23],[132.2,34.03],[132.16,33.94],[132.15,33.84],[132.09,33.86],[131.76,34.05],[131.74,34.05],[131.48,34.02],[131.41,34.0],[131.32,33.97],[131.23,33.95],[131.15,33.98],[131.07,34.02],[131.0,34.01],[130.92,33.98],[130.89,34.26],[130.9,34.3],[130.95,34.35],[131.0,34.39],[131.13,34.41],[131.26,34.39],[131.35,34.41],[131.43,34.47],[131.52,34.55],[131.61,34.62],[131.73,34.67],[131.86,34.73],[131.96,34.81],[132.06,34.9],[132.16,34.97],[132.26,35.02],[132.41,35.16],[132.62,35.31],[132.7,35.42],[132.75,35.45],[132.92,35.51],[133.16,35.56],[133.27,35.56],[133.38,35.46],[133.44,35.47],[133.49,35.5],[133.62,35.51],[133.74,35.5],[133.86,35.49],[133.98,35.51],[134.21,35.54],[134.34,35.58],[134.46,35.63],[134.88,35.66],[135.17,35.75],[135.22,35.74],[135.27,35.72],[135.27,35.66],[135.23,35.59],[135.27,35.55],[135.33,35.53],[135.6,35.52],[135.68,35.5],[135.8,35.55],[135.9,35.61],[136.02,35.68],[136.1,35.77],[136.02,35.87],[136.01,35.99],[136.07,36.12],[136.16,36.22],[136.26,36.29],[136.36,36.36],[136.56,36.57],[136.7,36.74],[136.75,36.95],[136.72,37.2],[136.84,37.38],[136.96,37.41],[137.2,37.5],[137.32,37.52],[137.34,37.49],[137.34,37.44],[137.15,37.28],[137.05,37.22],[136.98,37.2],[136.92,37.17],[136.9,37.12],[136.99,37.03],[137.02,36.96],[137.01,36.9],[137.02,36.84],[137.12,36.77],[137.25,36.75],[137.3,36.75],[137.34,36.77],[137.48,36.92],[137.51,36.95],[137.91,37.06],[138.11,37.15],[138.22,37.17],[138.32,37.22],[138.55,37.39],[138.63,37.47],[138.71,37.56],[138.77,37.66],[138.82,37.77],[138.89,37.84],[139.25,38.01],[139.36,38.1],[139.4,38.14],[139.45,38.27],[139.48,38.4],[139.52,38.5],[139.58,38.6],[139.66,38.7],[139.75,38.79],[139.8,38.88],[139.88,39.1],[139.91,39.23],[139.94,39.27],[139.98,39.31],[140.01,39.36],[140.04,39.41],[140.05,39.46],[140.06,39.62],[140.05,39.75],[139.99,39.86],[139.95,39.89],[139.89,39.89],[139.81,39.88],[139.74,39.92],[139.76,39.96],[139.83,39.97],[139.87,39.99],[139.91,40.02],[139.97,40.14],[140.01,40.26],[140.01,40.31],[139.96,40.41],[139.92,40.53],[139.92,40.6],[139.97,40.67],[140.03,40.73],[140.09,40.75],[140.15,40.75],[140.2,40.77],[140.25,40.81],[140.28,40.85],[140.33,40.95],[140.34,41.01],[140.32,41.16],[140.34,41.2],[140.39,41.23],[140.44,41.21],[140.5,41.21],[140.56,41.21],[140.63,41.2],[140.64,41.16],[140.68,40.89],[140.7,40.86],[140.75,40.83],[140.8,40.83],[140.85,40.88],[140.88,40.93],[140.94,40.94],[141.12,40.88],[141.18,40.92],[141.23,40.99],[141.26,41.1],[141.24,41.21],[141.2,41.24],[141.16,41.24],[141.12,41.21],[141.07,41.19],[140.8,41.14],[140.8,41.25],[140.86,41.43],[140.89,41.48],[140.94,41.51],[141.05,41.48],[141.11,41.46],[141.23,41.37]]],[[[124.29,24.52],[124.23,24.36],[124.19,24.34],[124.14,24.35],[124.08,24.44],[124.12,24.47],[124.17,24.45],[124.21,24.46],[124.3,24.59],[124.32,24.57],[124.29,24.52]]],[[[123.89,24.28],[123.83,24.27],[123.75,24.28],[123.68,24.29],[123.68,24.32],[123.75,24.35],[123.75,24.39],[123.77,24.41],[123.93,24.36],[123.93,24.32],[123.89,24.28]]],[[[125.44,24.74],[125.36,24.72],[125.27,24.73],[125.28,24.87],[125.31,24.85],[125.33,24.8],[125.4,24.78],[125.44,24.74]]],[[[128.26,26.65],[128.16,26.61],[128.13,26.55],[128.04,26.53],[127.95,26.46],[127.87,26.44],[127.87,26.38],[127.9,26.33],[127.85,26.32],[127.79,26.26],[127.79,26.21],[127.81,26.17],[127.8,26.15],[127.73,26.1],[127.65,26.09],[127.65,26.15],[127.65,26.2],[127.73,26.31],[127.73,26.43],[127.8,26.45],[127.82,26.47],[127.93,26.56],[127.95,26.59],[127.89,26.63],[127.89,26.67],[127.91,26.69],[127.99,26.68],[128.03,26.65],[128.05,26.64],[128.1,26.67],[128.12,26.71],[128.22,26.8],[128.25,26.88],[128.33,26.81],[128.31,26.72],[128.26,26.65]]],[[[129.0,27.72],[128.96,27.7],[128.9,27.73],[128.88,27.84],[128.91,27.9],[128.95,27.91],[128.99,27.81],[129.02,27.77],[129.0,27.72]]],[[[129.45,28.21],[129.37,28.13],[129.27,28.2],[129.16,28.25],[129.22,28.26],[129.25,28.28],[129.25,28.31],[129.32,28.36],[129.46,28.4],[129.51,28.4],[129.56,28.43],[129.58,28.46],[129.6,28.48],[129.69,28.52],[129.71,28.47],[129.71,28.43],[129.64,28.41],[129.57,28.36],[129.51,28.3],[129.46,28.27],[129.44,28.25],[129.45,28.21]]],[[[129.32,28.1],[129.33,28.08],[129.23,28.1],[129.19,28.19],[129.26,28.18],[129.28,28.14],[129.32,28.1]]],[[[139.84,33.06],[139.82,33.05],[139.78,33.08],[139.77,33.11],[139.78,33.13],[139.81,33.13],[139.87,33.09],[139.84,33.06]]]]},"properties":{"iso":"JPN","name":"Japan","ha":[900.0,900.8,900.3,902.3,910.0,912.5,913.9,916.4,918.0,919.9,920.6,923.9,927.4,928.7,934.6,934.9,932.1,927.3,924.2,926.5,926.3,929.5,932.5,936.3,942.1,941.2,934.1,917.0,905.5,897.3,898.6,901.2,906.2,916.9,924.3,926.0,927.6,928.9,934.8,939.0,946.6],"lo":[839.5,840.1,839.7,841.6,848.7,851.1,852.4,854.7,856.2,858.0,858.6,861.7,865.0,866.2,871.7,872.0,869.4,864.9,862.0,864.1,863.9,866.9,869.7,873.2,878.7,877.8,871.2,855.3,844.5,836.9,838.2,840.5,845.2,855.1,862.1,863.7,865.2,866.3,871.9,875.8,882.9],"hi":[986.4,987.2,986.7,989.0,997.3,1000.1,1001.6,1004.3,1006.1,1008.3,1008.9,1012.6,1016.4,1017.9,1024.3,1024.7,1021.6,1016.3,1013.0,1015.4,1015.2,1018.7,1022.0,1026.1,1032.5,1031.5,1023.8,1005.1,992.4,983.5,984.9,987.7,993.2,1004.9,1013.0,1014.9,1016.7,1018.0,1024.5,1029.1,1037.5]}},{"type":"Feature","geometry":{"type":"MultiPolygon","coordinates":[[[[40.99,-2.16],[40.96,-2.17],[40.98,-2.11],[41.09,-2.04],[41.13,-2.05],[41.14,-2.07],[41.14,-2.09],[41.12,-2.1],[40.99,-2.16]]],[[[33.9,-1.0],[33.9,-0.83],[33.92,-0.4],[33.92,-0.02],[33.94,0.17],[34.04,0.29],[34.08,0.38],[34.11,0.51],[34.16,0.61],[34.27,0.69],[34.29,0.73],[34.41,0.87],[34.48,1.04],[34.54,1.1],[34.6,1.16],[34.65,1.19],[34.73,1.21],[34.79,1.23],[34.8,1.24],[34.8,1.27],[34.78,1.38],[34.81,1.42],[34.85,1.49],[34.9,1.56],[34.94,1.6],[34.97,1.64],[34.98,1.72],[34.98,1.77],[34.98,1.86],[34.96,2.06],[34.91,2.23],[34.88,2.42],[34.91,2.48],[34.87,2.59],[34.85,2.6],[34.81,2.62],[34.77,2.72],[34.74,2.82],[34.72,2.84],[34.59,2.92],[34.52,3.12],[34.45,3.16],[34.41,3.36],[34.4,3.41],[34.44,3.61],[34.44,3.65],[34.39,3.69],[34.27,3.73],[34.17,3.81],[34.18,3.84],[34.19,3.87],[34.13,3.89],[33.98,4.22],[34.18,4.42],[34.38,4.62],[34.64,4.88],[34.88,5.11],[35.08,5.31],[35.27,5.49],[35.26,5.46],[35.26,5.41],[35.29,5.38],[35.33,5.36],[35.38,5.39],[35.42,5.41],[35.47,5.42],[35.75,5.34],[35.79,5.28],[35.79,5.21],[35.8,5.16],[35.78,5.11],[35.76,4.95],[35.76,4.81],[35.85,4.7],[35.92,4.62],[35.98,4.5],[36.02,4.47],[36.08,4.45],[36.27,4.44],[36.55,4.44],[36.82,4.43],[36.85,4.43],[36.91,4.41],[37.15,4.25],[37.38,4.11],[37.58,3.99],[37.76,3.86],[37.94,3.75],[38.09,3.65],[38.23,3.62],[38.45,3.6],[38.61,3.6],[38.75,3.56],[38.97,3.52],[39.13,3.5],[39.23,3.48],[39.49,3.46],[39.54,3.47],[39.66,3.58],[39.79,3.75],[39.84,3.85],[40.01,3.95],[40.32,4.08],[40.53,4.18],[40.77,4.27],[40.87,4.19],[41.02,4.06],[41.09,3.99],[41.14,3.96],[41.22,3.94],[41.32,3.94],[41.37,3.95],[41.48,3.96],[41.74,3.98],[41.88,3.98],[41.76,3.8],[41.61,3.59],[41.34,3.2],[41.13,3.0],[40.98,2.84],[40.96,2.81],[40.97,2.64],[40.97,2.22],[40.97,1.38],[40.97,0.54],[40.98,-0.31],[40.98,-0.73],[40.98,-0.87],[41.12,-1.05],[41.25,-1.22],[41.43,-1.45],[41.52,-1.57],[41.54,-1.61],[41.53,-1.7],[41.39,-1.87],[41.27,-1.95],[41.11,-1.98],[41.06,-1.98],[41.0,-1.95],[40.97,-1.99],[40.95,-2.06],[40.92,-2.04],[40.89,-2.02],[40.91,-2.14],[40.92,-2.19],[40.9,-2.27],[40.82,-2.34],[40.81,-2.39],[40.64,-2.54],[40.4,-2.56],[40.28,-2.63],[40.22,-2.69],[40.18,-2.82],[40.19,-3.02],[40.13,-3.17],[40.12,-3.25],[39.99,-3.35],[39.94,-3.44],[39.9,-3.54],[39.86,-3.58],[39.82,-3.79],[39.76,-3.91],[39.75,-3.96],[39.73,-3.99],[39.69,-4.07],[39.66,-4.12],[39.64,-4.15],[39.49,-4.48],[39.38,-4.63],[39.29,-4.61],[39.23,-4.67],[39.22,-4.69],[39.19,-4.68],[39.12,-4.62],[38.96,-4.51],[38.81,-4.4],[38.65,-4.29],[38.5,-4.18],[38.35,-4.07],[38.19,-3.96],[38.04,-3.85],[37.89,-3.74],[37.8,-3.67],[37.76,-3.64],[37.73,-3.56],[37.71,-3.54],[37.67,-3.52],[37.62,-3.51],[37.61,-3.5],[37.61,-3.46],[37.63,-3.41],[37.68,-3.31],[37.69,-3.25],[37.68,-3.18],[37.66,-3.07],[37.64,-3.05],[37.54,-2.99],[37.33,-2.87],[37.12,-2.75],[36.9,-2.63],[36.69,-2.51],[36.48,-2.39],[36.26,-2.27],[36.05,-2.16],[35.84,-2.04],[35.62,-1.92],[35.41,-1.8],[35.2,-1.68],[34.98,-1.56],[34.77,-1.44],[34.56,-1.32],[34.34,-1.2],[34.13,-1.08],[34.05,-1.04],[33.98,-1.0],[33.9,-1.0]]]]},"properties":{"iso":"KEN","name":"Kenya","ha":[51087.6,51079.1,51086.3,51096.7,50960.7,50966.5,50963.0,50961.9,51017.1,50989.9,51148.5,51175.7,51118.1,51095.2,50122.2,50268.1,50223.5,50185.8,50215.7,50407.3,50719.7,50924.9,51092.6,51197.7,51364.0,51219.8,51017.7,50761.4,50656.7,50688.9,50749.3,50701.2,50760.7,50958.0,51065.5,50874.7,50935.6,51085.4,51348.9,51508.4,51977.4],"lo":[47649.3,47641.3,47648.1,47657.8,47530.9,47536.3,47533.0,47532.0,47583.5,47558.2,47706.0,47731.4,47677.7,47656.3,46748.8,46884.9,46843.3,46808.1,46836.0,47014.7,47306.1,47497.5,47653.9,47752.0,47907.0,47772.6,47584.0,47345.0,47247.3,47277.4,47333.7,47288.8,47344.3,47528.4,47628.6,47450.7,47507.5,47647.2,47893.0,48041.8,48479.1],"hi":[55991.9,55982.5,55990.5,56001.8,55852.8,55859.1,55855.3,55854.0,55914.6,55884.8,56058.6,56088.4,56025.3,56000.2,54933.8,55093.6,55044.8,55003.5,55036.2,55246.2,55588.6,55813.5,55997.3,56112.6,56294.8,56136.8,55915.2,55634.3,55519.5,55554.9,55621.0,55568.3,55633.5,55849.8,55967.6,55758.6,55825.2,55989.5,56278.3,56453.1,56967.0]}},{"type":"Feature","geometry":{"type":"MultiPolygon","coordinates":[[[[103.05,11.29],[103.03,11.28],[103.01,11.28],[102.99,11.29],[103.0,11.35],[103.01,11.38],[103.04,11.39],[103.05,11.29]]],[[[103.32,10.72],[103.28,10.68],[103.22,10.76],[103.22,10.78],[103.32,10.72]]],[[[107.52,14.71],[107.54,14.65],[107.49,14.55],[107.45,14.45],[107.36,14.37],[107.36,14.31],[107.33,14.13],[107.34,14.07],[107.36,14.02],[107.39,13.99],[107.46,13.82],[107.53,13.65],[107.59,13.52],[107.61,13.44],[107.55,13.23],[107.48,13.03],[107.48,12.93],[107.51,12.84],[107.54,12.71],[107.56,12.54],[107.54,12.43],[107.51,12.36],[107.45,12.3],[107.39,12.26],[107.33,12.32],[107.28,12.32],[107.21,12.3],[107.16,12.28],[107.05,12.18],[106.93,12.08],[106.76,12.05],[106.7,11.98],[106.63,11.97],[106.5,11.97],[106.41,11.95],[106.42,11.91],[106.41,11.74],[106.41,11.7],[106.4,11.69],[106.34,11.68],[106.24,11.71],[106.1,11.75],[106.01,11.76],[105.96,11.68],[105.93,11.65],[105.89,11.65],[105.85,11.64],[105.84,11.6],[105.84,11.56],[105.85,11.49],[105.86,11.37],[105.86,11.29],[105.89,11.24],[106.1,11.08],[106.16,11.04],[106.17,11.01],[106.13,10.92],[106.16,10.79],[106.1,10.8],[105.99,10.85],[105.94,10.89],[105.88,10.86],[105.85,10.86],[105.81,10.93],[105.76,10.99],[105.7,10.99],[105.58,10.97],[105.45,10.95],[105.41,10.95],[105.39,10.94],[105.31,10.85],[105.28,10.86],[105.16,10.9],[105.05,10.91],[105.02,10.89],[105.04,10.81],[105.06,10.73],[105.05,10.7],[104.98,10.66],[104.9,10.59],[104.85,10.53],[104.82,10.52],[104.69,10.52],[104.56,10.52],[104.51,10.46],[104.47,10.42],[104.43,10.41],[104.26,10.54],[103.94,10.59],[103.9,10.64],[103.87,10.66],[103.84,10.58],[103.66,10.51],[103.59,10.55],[103.53,10.6],[103.54,10.67],[103.59,10.72],[103.68,10.76],[103.72,10.89],[103.65,11.06],[103.6,11.11],[103.53,11.15],[103.47,11.08],[103.41,10.98],[103.35,10.92],[103.27,10.91],[103.15,10.91],[103.11,11.07],[103.09,11.21],[103.11,11.37],[103.13,11.46],[103.01,11.59],[103.0,11.71],[102.95,11.77],[102.93,11.74],[102.93,11.71],[102.92,11.73],[102.74,12.09],[102.71,12.26],[102.74,12.38],[102.76,12.43],[102.7,12.49],[102.63,12.57],[102.5,12.67],[102.49,12.83],[102.46,13.02],[102.42,13.08],[102.36,13.19],[102.33,13.29],[102.32,13.54],[102.34,13.56],[102.43,13.57],[102.55,13.59],[102.57,13.63],[102.54,13.66],[102.62,13.72],[102.73,13.84],[102.81,13.97],[102.87,14.05],[102.91,14.14],[103.03,14.25],[103.2,14.33],[103.31,14.35],[103.43,14.38],[103.55,14.42],[103.6,14.42],[103.74,14.37],[103.82,14.36],[103.9,14.36],[103.98,14.36],[104.05,14.36],[104.23,14.4],[104.41,14.37],[104.58,14.39],[104.78,14.43],[104.88,14.4],[104.97,14.37],[104.98,14.29],[105.0,14.25],[105.03,14.23],[105.07,14.23],[105.13,14.28],[105.17,14.34],[105.18,14.35],[105.19,14.32],[105.21,14.26],[105.25,14.2],[105.28,14.16],[105.35,14.11],[105.39,14.11],[105.53,14.16],[105.74,14.08],[105.76,14.05],[105.83,13.98],[105.9,13.92],[106.07,13.92],[106.12,14.05],[106.1,14.13],[106.0,14.26],[105.98,14.34],[106.01,14.36],[106.17,14.37],[106.19,14.39],[106.23,14.48],[106.27,14.47],[106.35,14.45],[106.45,14.52],[106.5,14.58],[106.53,14.55],[106.56,14.51],[106.6,14.48],[106.67,14.44],[106.74,14.39],[106.78,14.34],[106.82,14.31],[106.91,14.33],[106.94,14.33],[106.99,14.39],[107.03,14.43],[107.06,14.42],[107.11,14.42],[107.21,14.5],[107.26,14.57],[107.29,14.59],[107.38,14.56],[107.41,14.56],[107.47,14.66],[107.52,14.71]]]]},"properties":{"iso":"KHM","name":"Cambodia","ha":[44305.0,44303.2,44275.9,44171.3,44188.2,44143.2,44158.0,44274.8,44528.9,44727.9,44821.7,44886.6,44891.8,44489.4,43780.7,43596.1,43127.5,42533.8,42033.1,41803.2,41753.3,41823.8,42010.0,42277.3,42323.8,41434.5,40742.8,39685.4,38945.9,38502.6,38700.8,38750.0,38816.0,38265.7,37424.0,36661.9,35998.7,34980.3,34638.2,34703.4,34697.9],"lo":[41323.2,41321.5,41296.0,41198.4,41214.2,41172.2,41186.0,41295.0,41532.0,41717.6,41805.0,41865.6,41870.5,41495.2,40834.1,40661.9,40224.8,39671.1,39204.2,38989.7,38943.2,39008.9,39182.6,39431.9,39475.3,38645.8,38000.7,37014.5,36324.7,35911.3,36096.2,36142.0,36203.6,35690.3,34905.3,34194.4,33575.9,32626.0,32306.9,32367.7,32362.6],"hi":[48558.2,48556.2,48526.2,48411.6,48430.2,48380.8,48397.0,48525.1,48803.6,49021.6,49124.4,49195.6,49201.3,48760.3,47983.5,47781.2,47267.6,46616.9,46068.2,45816.1,45761.5,45838.7,46042.8,46335.8,46386.8,45412.0,44653.9,43495.1,42684.6,42198.8,42416.0,42469.9,42542.3,41939.1,41016.6,40181.3,39454.4,38338.3,37963.3,38034.8,38028.8]}},{"type":"Feature","geometry":{"type":"MultiPolygon","coordinates":[[[[172.97,3.13],[172.91,3.1],[172.89,3.1],[172.96,3.15],[172.96,3.14],[172.97,3.13]]],[[[172.84,3.05],[172.77,3.01],[172.75,3.03],[172.78,3.03],[172.83,3.07],[172.89,3.07],[172.88,3.05],[172.84,3.05]]],[[[173.02,1.85],[173.02,1.82],[172.97,1.89],[172.93,1.93],[172.93,1.94],[172.95,1.93],[172.97,1.91],[172.98,1.9],[173.02,1.85]]],[[[173.03,1.72],[172.99,1.71],[173.02,1.73],[173.03,1.75],[173.02,1.81],[173.04,1.8],[173.04,1.78],[173.05,1.74],[173.03,1.72]]],[[[173.03,1.01],[173.09,0.97],[173.08,0.95],[173.06,0.92],[172.99,0.84],[172.97,0.84],[173.04,0.91],[173.07,0.96],[173.03,1.0],[173.01,0.99],[173.0,0.99],[172.99,1.03],[173.0,1.03],[173.03,1.01]]],[[[174.51,-0.8],[174.48,-0.83],[174.46,-0.8],[174.48,-0.77],[174.45,-0.65],[174.41,-0.63],[174.38,-0.59],[174.39,-0.59],[174.44,-0.63],[174.47,-0.64],[174.5,-0.73],[174.51,-0.8]]],[[[174.77,-1.21],[174.78,-1.26],[174.76,-1.26],[174.75,-1.24],[174.74,-1.18],[174.72,-1.13],[174.74,-1.15],[174.77,-1.19],[174.77,-1.21]]],[[[173.04,1.34],[173.01,1.34],[173.03,1.36],[173.14,1.38],[173.15,1.39],[173.17,1.38],[173.17,1.36],[173.16,1.36],[173.11,1.36],[173.06,1.35],[173.04,1.34]]],[[[169.55,-0.87],[169.54,-0.88],[169.52,-0.87],[169.53,-0.85],[169.54,-0.85],[169.56,-0.86],[169.55,-0.87]]],[[[-172.21,-4.51],[-172.21,-4.52],[-172.19,-4.52],[-172.18,-4.51],[-172.19,-4.52],[-172.22,-4.52],[-172.23,-4.51],[-172.21,-4.49],[-172.2,-4.49],[-172.2,-4.5],[-172.2,-4.5],[-172.2,-4.5],[-172.21,-4.5],[-172.21,-4.51]]],[[[-171.09,-3.14],[-171.09,-3.14],[-171.1,-3.14],[-171.09,-3.13],[-171.09,-3.12],[-171.08,-3.12],[-171.09,-3.14]]],[[[-171.23,-4.46],[-171.24,-4.47],[-171.25,-4.47],[-171.26,-4.46],[-171.26,-4.45],[-171.25,-4.44],[-171.24,-4.44],[-171.23,-4.45],[-171.23,-4.46]]],[[[-174.51,-4.68],[-174.5,-4.69],[-174.5,-4.69],[-174.51,-4.69],[-174.52,-4.69],[-174.53,-4.68],[-174.52,-4.69],[-174.51,-4.69],[-174.52,-4.67],[-174.53,-4.67],[-174.54,-4.66],[-174.54,-4.66],[-174.53,-4.66],[-174.51,-4.68]]],[[[-154.96,-4.09],[-154.96,-4.09],[-154.97,-4.09],[-154.99,-4.07],[-155.01,-4.05],[-155.02,-4.05],[-154.99,-4.04],[-154.95,-4.03],[-154.94,-4.04],[-154.95,-4.06],[-154.96,-4.09]]],[[[-151.78,-11.44],[-151.79,-11.46],[-151.81,-11.45],[-151.82,-11.43],[-151.82,-11.41],[-151.81,-11.39],[-151.8,-11.39],[-151.79,-11.41],[-151.78,-11.44]]],[[[-155.86,-5.63],[-155.89,-5.63],[-155.91,-5.63],[-155.93,-5.62],[-155.93,-5.61],[-155.92,-5.61],[-155.91,-5.61],[-155.87,-5.61],[-155.86,-5.62],[-155.86,-5.63]]],[[[-157.34,1.86],[-157.18,1.74],[-157.25,1.73],[-157.42,1.79],[-157.58,1.9],[-157.53,1.93],[-157.51,1.89],[-157.44,1.85],[-157.39,1.93],[-157.37,1.95],[-157.49,2.03],[-157.44,2.03],[-157.32,1.97],[-157.34,1.86]]],[[[-159.34,3.92],[-159.26,3.84],[-159.27,3.8],[-159.33,3.8],[-159.36,3.82],[-159.31,3.82],[-159.31,3.84],[-159.33,3.86],[-159.35,3.88],[-159.37,3.88],[-159.38,3.85],[-159.41,3.87],[-159.39,3.9],[-159.37,3.92],[-159.34,3.92]]],[[[-171.7,-2.77],[-171.66,-2.79],[-171.64,-2.81],[-171.63,-2.85],[-171.63,-2.86],[-171.65,-2.86],[-171.67,-2.84],[-171.69,-2.83],[-171.7,-2.83],[-171.7,-2.82],[-171.68,-2.82],[-171.66,-2.84],[-171.64,-2.85],[-171.64,-2.83],[-171.66,-2.8],[-171.67,-2.79],[-171.69,-2.78],[-171.71,-2.77],[-171.72,-2.78],[-171.72,-2.78],[-171.73,-2.77],[-171.73,-2.77],[-171.72,-2.76],[-171.7,-2.77]]]]},"properties":{"iso":"KIR","name":"Kiribati","ha":[196.9,196.9,196.9,196.9,196.9,196.9,196.9,196.9,196.9,197.1,197.1,197.1,195.9,195.4,199.4,213.5,217.7,221.2,223.3,231.8,238.8,243.7,243.8,245.0,247.8,253.0,254.5,254.8,252.6,263.5,264.0,260.9,265.2,267.3,266.5,265.8,264.8,267.2,268.6,265.8,270.8],"lo":[183.6,183.6,183.6,183.6,183.6,183.6,183.6,183.6,183.6,183.8,183.8,183.8,182.7,182.3,186.0,199.1,203.1,206.3,208.3,216.2,222.7,227.3,227.4,228.5,231.1,236.0,237.4,237.6,235.6,245.8,246.2,243.3,247.3,249.3,248.5,247.9,247.0,249.2,250.5,247.9,252.6],"hi":[215.8,215.8,215.8,215.8,215.8,215.8,215.8,215.8,215.8,216.0,216.0,216.0,214.7,214.2,218.6,234.0,238.6,242.5,244.8,254.0,261.7,267.1,267.2,268.5,271.6,277.3,278.9,279.2,276.8,288.8,289.4,285.9,290.6,293.0,292.0,291.3,290.2,292.8,294.3,291.3,296.8]}},{"type":"Feature","geometry":{"type":"MultiPolygon","coordinates":[[[[-62.53,17.12],[-62.58,17.1],[-62.62,17.13],[-62.62,17.2],[-62.57,17.2],[-62.53,17.17],[-62.53,17.12]]],[[[-62.63,17.24],[-62.66,17.22],[-62.7,17.29],[-62.78,17.3],[-62.84,17.34],[-62.84,17.35],[-62.84,17.37],[-62.83,17.39],[-62.79,17.4],[-62.71,17.35],[-62.68,17.29],[-62.64,17.26],[-62.63,17.24]]]]},"properties":{"iso":"KNA","name":"Saint Kitts and Nevis","ha":[52.7,52.7,52.7,52.8,38.0,38.0,38.0,38.0,38.0,38.0,38.0,38.0,38.0,37.4,26.3,30.9,31.7,33.2,34.1,38.7,40.9,41.1,41.0,41.3,40.8,37.4,34.9,33.0,31.2,31.2,30.8,31.0,30.1,30.3,30.5,30.7,30.4,30.7,31.4,31.7,32.6],"lo":[49.2,49.2,49.2,49.2,35.5,35.5,35.5,35.5,35.5,35.5,35.5,35.5,35.5,34.9,24.5,28.8,29.5,30.9,31.8,36.1,38.1,38.3,38.3,38.5,38.1,34.9,32.6,30.8,29.1,29.1,28.7,28.9,28.0,28.3,28.4,28.7,28.4,28.6,29.3,29.6,30.4],"hi":[57.8,57.8,57.8,57.9,41.7,41.7,41.7,41.7,41.7,41.7,41.7,41.7,41.7,41.0,28.8,33.9,34.7,36.4,37.4,42.4,44.8,45.0,45.0,45.2,44.8,41.0,38.3,36.2,34.2,34.2,33.8,34.0,33.0,33.2,33.4,33.7,33.3,33.6,34.4,34.8,35.7]}},{"type":"Feature","geometry":{"type":"MultiPolygon","coordinates":[[[[48.28,29.62],[48.22,29.6],[48.18,29.61],[48.14,29.67],[48.08,29.8],[48.11,29.85],[48.11,29.87],[48.12,29.89],[48.14,29.9],[48.16,29.96],[48.18,29.98],[48.23,29.94],[48.35,29.78],[48.35,29.72],[48.34,29.69],[48.28,29.62]]],[[[48.44,28.54],[48.27,28.54],[48.05,28.54],[47.87,28.54],[47.67,28.53],[47.58,28.63],[47.55,28.73],[47.52,28.84],[47.43,28.99],[47.14,29.03],[46.98,29.05],[46.72,29.07],[46.53,29.1],[46.69,29.26],[46.77,29.35],[46.91,29.54],[46.98,29.67],[47.04,29.82],[47.1,29.94],[47.11,29.96],[47.15,30.0],[47.22,30.04],[47.33,30.08],[47.51,30.1],[47.64,30.1],[47.67,30.1],[47.75,30.08],[47.98,29.98],[47.97,29.95],[48.01,29.84],[48.08,29.72],[48.14,29.62],[48.14,29.57],[48.09,29.58],[48.05,29.6],[47.97,29.62],[47.82,29.49],[47.73,29.42],[47.72,29.39],[47.85,29.37],[47.94,29.37],[48.0,29.39],[48.05,29.36],[48.09,29.28],[48.1,29.21],[48.18,28.98],[48.25,28.9],[48.34,28.76],[48.37,28.69],[48.39,28.63],[48.44,28.54]]]]},"properties":{"iso":"KWT","name":"Kuwait","ha":[0.0,0.0,0.0,0.0,0.0,0.0,0.0,0.0,0.0,0.0,0.0,0.0,0.0,0.0,0.0,0.0,0.0,0.0,0.0,0.0,0.0,0.0,0.0,0.0,0.0,0.0,0.0,0.0,0.0,0.0,0.0,0.0,0.0,0.0,0.0,0.4,0.4,0.4,0.4,0.4,0.5],"lo":[0.0,0.0,0.0,0.0,0.0,0.0,0.0,0.0,0.0,0.0,0.0,0.0,0.0,0.0,0.0,0.0,0.0,0.0,0.0,0.0,0.0,0.0,0.0,0.0,0.0,0.0,0.0,0.0,0.0,0.0,0.0,0.0,0.0,0.0,0.0,0.4,0.4,0.4,0.4,0.4,0.5],"hi":[0.0,0.0,0.0,0.0,0.0,0.0,0.0,0.0,0.0,0.0,0.0,0.0,0.0,0.0,0.0,0.0,0.0,0.0,0.0,0.0,0.0,0.0,0.0,0.0,0.0,0.0,0.0,0.0,0.0,0.0,0.0,0.0,0.0,0.0,0.0,0.4,0.4,0.4,0.4,0.4,0.6]}},{"type":"Feature","geometry":{"type":"MultiPolygon","coordinates":[[[[-11.51,6.91],[-11.45,6.95],[-11.38,7.09],[-11.27,7.23],[-11.17,7.31],[-11.09,7.4],[-11.0,7.46],[-10.88,7.54],[-10.69,7.74],[-10.65,7.76],[-10.62,7.9],[-10.57,8.07],[-10.52,8.13],[-10.39,8.16],[-10.36,8.19],[-10.31,8.31],[-10.29,8.45],[-10.28,8.49],[-10.23,8.49],[-10.15,8.52],[-10.1,8.51],[-10.08,8.46],[-10.06,8.43],[-9.8,8.52],[-9.78,8.54],[-9.77,8.53],[-9.74,8.45],[-9.72,8.46],[-9.7,8.48],[-9.68,8.48],[-9.66,8.47],[-9.64,8.44],[-9.61,8.4],[-9.55,8.38],[-9.52,8.35],[-9.52,8.26],[-9.51,8.18],[-9.48,8.16],[-9.47,8.11],[-9.46,8.05],[-9.45,8.02],[-9.44,7.97],[-9.45,7.91],[-9.44,7.87],[-9.39,7.79],[-9.37,7.7],[-9.37,7.64],[-9.38,7.57],[-9.41,7.51],[-9.46,7.44],[-9.46,7.42],[-9.44,7.4],[-9.39,7.39],[-9.36,7.41],[-9.26,7.38],[-9.22,7.33],[-9.17,7.28],[-9.13,7.25],[-9.12,7.22],[-9.05,7.23],[-8.98,7.26],[-8.96,7.27],[-8.94,7.27],[-8.89,7.26],[-8.86,7.32],[-8.83,7.39],[-8.77,7.47],[-8.74,7.5],[-8.73,7.54],[-8.73,7.61],[-8.71,7.66],[-8.66,7.69],[-8.61,7.69],[-8.58,7.68],[-8.56,7.63],[-8.52,7.59],[-8.49,7.56],[-8.47,7.55],[-8.44,7.52],[-8.41,7.41],[-8.3,7.07],[-8.3,6.98],[-8.32,6.92],[-8.33,6.86],[-8.33,6.8],[-8.4,6.71],[-8.6,6.51],[-8.59,6.49],[-8.54,6.47],[-8.49,6.46],[-8.45,6.46],[-8.4,6.41],[-8.34,6.35],[-8.29,6.32],[-8.2,6.29],[-8.13,6.29],[-8.07,6.3],[-7.98,6.29],[-7.89,6.23],[-7.86,6.15],[-7.83,6.08],[-7.8,6.04],[-7.8,5.98],[-7.73,5.92],[-7.64,5.91],[-7.51,5.84],[-7.48,5.85],[-7.47,5.85],[-7.45,5.84],[-7.42,5.65],[-7.4,5.55],[-7.41,5.51],[-7.43,5.48],[-7.43,5.32],[-7.49,5.24],[-7.49,5.14],[-7.51,5.11],[-7.57,5.08],[-7.57,5.01],[-7.59,4.92],[-7.59,4.82],[-7.57,4.57],[-7.57,4.39],[-7.54,4.35],[-7.66,4.37],[-8.0,4.51],[-8.26,4.59],[-9.13,5.05],[-9.37,5.24],[-9.65,5.52],[-10.28,6.08],[-10.42,6.17],[-10.6,6.21],[-10.71,6.26],[-10.79,6.31],[-10.85,6.47],[-11.0,6.56],[-11.29,6.69],[-11.51,6.91]]]]},"properties":{"iso":"LBR","name":"Liberia","ha":[19590.0,19605.2,19678.7,19691.9,19947.3,20124.1,20138.3,20136.9,20116.7,19739.7,19864.8,19496.5,19470.6,19505.0,18936.7,18878.5,18875.2,18878.8,18869.0,19015.6,19193.8,19400.8,19702.6,19940.4,20162.3,20353.6,20281.5,20252.5,20218.3,20208.6,20339.1,20439.2,20305.0,20015.8,19856.0,19671.1,19520.0,19311.0,19150.6,19122.2,18919.5],"lo":[18271.6,18285.7,18354.2,18366.6,18604.8,18769.7,18782.9,18781.6,18762.8,18411.1,18527.8,18184.3,18160.2,18192.2,17662.2,17608.0,17604.8,17608.2,17599.1,17735.8,17902.0,18095.1,18376.6,18598.4,18805.3,18983.8,18916.5,18889.4,18857.6,18848.5,18970.2,19063.6,18938.4,18668.7,18519.6,18347.2,18206.2,18011.3,17861.7,17835.2,17646.1],"hi":[21470.6,21487.3,21567.8,21582.3,21862.2,22055.9,22071.5,22070.0,22047.8,21634.6,21771.7,21368.1,21339.8,21377.4,20754.5,20690.8,20687.2,20691.1,20680.4,20841.0,21036.3,21263.2,21594.0,21854.7,22097.8,22307.5,22228.4,22196.7,22159.2,22148.5,22291.6,22401.3,22254.3,21937.3,21762.1,21559.5,21393.8,21164.8,20989.0,20957.9,20735.7]}},{"type":"Feature","geometry":{"type":"MultiPolygon","coordinates":[[[[-60.9,13.82],[-60.95,13.72],[-61.06,13.78],[-61.07,13.87],[-61.06,13.92],[-61.0,14.01],[-60.94,14.07],[-60.91,14.09],[-60.89,14.01],[-60.9,13.82]]]]},"properties":{"iso":"LCA","name":"Saint Lucia","ha":[197.9,198.1,198.1,198.6,198.7,199.0,199.2,199.3,199.3,199.8,199.8,200.1,200.1,201.6,209.1,214.4,214.8,213.3,214.7,218.2,220.9,220.0,222.2,226.4,231.8,233.0,232.2,231.9,232.9,236.3,240.4,241.4,244.5,246.4,243.6,243.0,239.9,237.6,237.8,236.8,238.7],"lo":[184.6,184.7,184.7,185.2,185.4,185.6,185.8,185.9,185.9,186.3,186.4,186.6,186.6,188.1,195.0,199.9,200.3,198.9,200.2,203.5,206.0,205.2,207.2,211.2,216.2,217.3,216.6,216.3,217.3,220.4,224.2,225.2,228.0,229.8,227.2,226.7,223.8,221.6,221.8,220.8,222.6],"hi":[216.9,217.1,217.1,217.6,217.8,218.1,218.4,218.5,218.5,218.9,219.0,219.3,219.3,221.0,229.2,234.9,235.4,233.7,235.3,239.1,242.1,241.2,243.5,248.1,254.0,255.4,254.5,254.2,255.3,259.0,263.5,264.6,268.0,270.0,266.9,266.4,262.9,260.4,260.6,259.5,261.6]}},{"type":"Feature","geometry":{"type":"MultiPolygon","coordinates":[[[[79.97,9.63],[79.91,9.62],[79.86,9.69],[79.85,9.71],[79.86,9.73],[79.87,9.74],[79.89,9.74],[79.91,9.68],[79.97,9.63]]],[[[79.87,9.05],[79.9,8.97],[79.82,9.03],[79.77,9.07],[79.75,9.1],[79.86,9.07],[79.87,9.05]]],[[[79.98,9.81],[80.08,9.81],[80.18,9.81],[80.25,9.8],[80.38,9.64],[80.71,9.37],[80.89,9.09],[80.91,9.02],[80.94,8.97],[80.98,8.96],[81.02,8.93],[81.2,8.66],[81.22,8.61],[81.22,8.55],[81.23,8.51],[81.27,8.48],[81.33,8.47],[81.37,8.43],[81.42,8.22],[81.42,8.15],[81.44,8.12],[81.67,7.78],[81.68,7.74],[81.68,7.71],[81.68,7.68],[81.73,7.62],[81.8,7.46],[81.83,7.43],[81.87,7.29],[81.88,7.02],[81.86,6.9],[81.82,6.76],[81.77,6.61],[81.71,6.51],[81.64,6.43],[81.38,6.24],[81.31,6.2],[80.97,6.09],[80.72,5.98],[80.5,5.95],[80.27,6.01],[80.1,6.15],[80.01,6.36],[79.95,6.58],[79.86,6.83],[79.79,7.59],[79.76,7.8],[79.71,8.07],[79.71,8.18],[79.75,8.29],[79.75,8.05],[79.78,8.02],[79.81,8.05],[79.83,8.3],[79.85,8.41],[79.94,8.69],[79.94,8.74],[79.93,8.85],[79.93,8.9],[80.06,9.1],[80.1,9.21],[80.12,9.33],[80.11,9.45],[80.09,9.58],[80.2,9.54],[80.26,9.49],[80.32,9.47],[80.37,9.48],[80.43,9.48],[80.39,9.55],[80.26,9.61],[80.05,9.65],[79.98,9.7],[79.95,9.74],[79.97,9.79],[79.98,9.81]]]]},"properties":{"iso":"LKA","name":"Sri Lanka","ha":[9636.6,9636.6,9634.5,9632.3,9595.2,9597.9,9578.3,9575.1,9571.8,9591.3,9594.8,9633.3,9719.1,9812.5,9771.3,9832.6,9781.2,9744.1,9759.3,9899.5,9967.1,10031.6,10173.9,10347.1,10726.9,10832.6,10691.9,10541.0,10531.5,10796.6,11137.3,11208.0,11285.9,11453.9,11724.3,12061.7,12436.1,12629.2,12812.6,13033.6,13483.5],"lo":[8988.0,8988.0,8986.1,8984.0,8949.4,8951.9,8933.6,8930.6,8927.6,8945.7,8949.1,8984.9,9064.9,9152.1,9113.7,9170.8,9122.9,9088.3,9102.5,9233.3,9296.3,9356.5,9489.1,9650.8,10004.9,10103.5,9972.3,9831.6,9822.7,10069.9,10387.7,10453.7,10526.3,10683.0,10935.2,11249.9,11599.2,11779.2,11950.3,12156.4,12576.0],"hi":[10561.7,10561.7,10559.4,10556.9,10516.3,10519.3,10497.7,10494.2,10490.6,10512.0,10515.9,10558.0,10652.1,10754.5,10709.3,10776.5,10720.2,10679.5,10696.2,10849.9,10923.9,10994.6,11150.5,11340.4,11756.6,11872.5,11718.3,11552.9,11542.5,11833.0,12206.4,12283.9,12369.3,12553.4,12849.8,13219.5,13630.0,13841.5,14042.5,14284.7,14777.8]}},{"type":"Feature","geometry":{"type":"MultiPolygon","coordinates":[[[[-63.01,18.07],[-63.12,18.07],[-63.11,18.09],[-63.06,18.12],[-63.02,18.11],[-63.01,18.1],[-63.01,18.07]]]]},"properties":{"iso":"MAF","name":"Saint Martin (France)","ha":[22.4,22.5,22.5,22.5,21.5,21.6,21.7,21.8,21.9,22.0,22.0,22.0,21.9,21.4,15.7,16.6,16.6,17.1,17.5,20.7,22.0,23.0,23.6,24.2,25.1,26.7,27.1,27.3,27.3,23.4,23.0,22.8,14.0,10.9,12.1,13.4,14.5,17.7,20.6,21.8,24.7],"lo":[20.9,20.9,20.9,20.9,20.1,20.2,20.2,20.3,20.4,20.5,20.5,20.5,20.4,19.9,14.7,15.4,15.5,16.0,16.4,19.3,20.6,21.4,22.0,22.6,23.4,24.9,25.3,25.4,25.4,21.8,21.5,21.3,13.0,10.2,11.2,12.5,13.5,16.5,19.2,20.3,23.0],"hi":[24.5,24.6,24.6,24.6,23.6,23.7,23.8,23.9,24.0,24.1,24.1,24.1,24.0,23.4,17.2,18.1,18.2,18.8,19.2,22.7,24.2,25.2,25.9,26.5,27.5,29.3,29.7,29.9,29.9,25.6,25.2,25.0,15.3,11.9,13.2,14.7,15.9,19.4,22.6,23.9,27.1]}},{"type":"Feature","geometry":{"type":"MultiPolygon","coordinates":[[[[49.54,-12.43],[49.58,-12.54],[49.64,-12.64],[49.8,-12.88],[49.88,-12.97],[49.94,-13.07],[49.97,-13.27],[50.07,-13.58],[50.17,-14.04],[50.2,-14.51],[50.24,-14.73],[50.31,-14.94],[50.44,-15.15],[50.48,-15.39],[50.4,-15.63],[50.29,-15.86],[50.26,-15.9],[50.21,-15.96],[50.18,-15.96],[50.09,-15.9],[50.02,-15.8],[49.93,-15.57],[49.89,-15.46],[49.85,-15.44],[49.74,-15.45],[49.66,-15.52],[49.65,-15.57],[49.67,-15.7],[49.7,-15.81],[49.71,-15.93],[49.71,-16.08],[49.74,-16.12],[49.79,-16.16],[49.83,-16.26],[49.84,-16.49],[49.81,-16.6],[49.73,-16.7],[49.74,-16.76],[49.77,-16.82],[49.74,-16.85],[49.64,-16.89],[49.6,-16.93],[49.54,-17.03],[49.45,-17.24],[49.44,-17.35],[49.49,-17.67],[49.48,-17.9],[49.36,-18.34],[49.3,-18.54],[49.2,-18.79],[49.06,-19.12],[48.92,-19.53],[48.8,-19.95],[48.71,-20.21],[48.61,-20.46],[48.47,-20.9],[48.35,-21.35],[48.18,-21.84],[47.93,-22.39],[47.91,-22.47],[47.86,-22.75],[47.8,-22.99],[47.74,-23.23],[47.6,-23.63],[47.59,-23.76],[47.56,-23.87],[47.43,-24.13],[47.37,-24.22],[47.33,-24.32],[47.31,-24.44],[47.27,-24.56],[47.18,-24.79],[47.03,-24.98],[46.94,-25.05],[46.73,-25.15],[46.62,-25.17],[46.39,-25.17],[46.16,-25.23],[45.92,-25.34],[45.69,-25.47],[45.6,-25.53],[45.51,-25.56],[45.21,-25.57],[45.12,-25.54],[44.81,-25.33],[44.7,-25.3],[44.47,-25.27],[44.41,-25.25],[44.35,-25.23],[44.26,-25.12],[44.08,-25.02],[44.04,-25.0],[44.01,-24.93],[43.99,-24.86],[43.94,-24.79],[43.91,-24.64],[43.85,-24.54],[43.69,-24.36],[43.67,-24.3],[43.66,-24.11],[43.66,-23.98],[43.65,-23.74],[43.66,-23.63],[43.72,-23.53],[43.7,-23.42],[43.64,-23.31],[43.61,-23.19],[43.57,-23.08],[43.4,-22.89],[43.36,-22.79],[43.33,-22.69],[43.26,-22.38],[43.26,-22.28],[43.27,-22.05],[43.29,-21.93],[43.33,-21.85],[43.34,-21.79],[43.37,-21.74],[43.41,-21.7],[43.44,-21.65],[43.5,-21.36],[43.58,-21.29],[43.7,-21.25],[43.8,-21.18],[43.86,-21.08],[43.91,-20.87],[44.06,-20.66],[44.12,-20.55],[44.24,-20.38],[44.35,-20.15],[44.38,-20.04],[44.4,-19.92],[44.43,-19.67],[44.45,-19.55],[44.45,-19.43],[44.39,-19.3],[44.24,-19.08],[44.23,-19.03],[44.25,-18.86],[44.23,-18.74],[44.18,-18.62],[44.11,-18.5],[44.04,-18.29],[44.01,-17.93],[44.01,-17.8],[43.99,-17.69],[43.94,-17.58],[43.98,-17.39],[44.42,-16.7],[44.44,-16.62],[44.42,-16.41],[44.43,-16.29],[44.44,-16.24],[44.48,-16.22],[44.55,-16.2],[44.91,-16.17],[44.96,-16.15],[45.04,-16.1],[45.17,-15.98],[45.22,-15.95],[45.27,-15.96],[45.3,-16.01],[45.34,-16.04],[45.49,-15.99],[45.54,-15.98],[45.6,-15.99],[45.62,-15.95],[45.64,-15.88],[45.66,-15.84],[45.7,-15.81],[45.89,-15.8],[46.0,-15.78],[46.16,-15.74],[46.19,-15.75],[46.31,-15.9],[46.35,-15.92],[46.4,-15.92],[46.44,-15.9],[46.34,-15.81],[46.33,-15.77],[46.33,-15.71],[46.39,-15.6],[46.48,-15.51],[46.67,-15.38],[46.88,-15.23],[46.94,-15.22],[46.99,-15.24],[47.03,-15.42],[47.03,-15.45],[47.06,-15.46],[47.1,-15.43],[47.13,-15.36],[47.14,-15.3],[47.11,-15.24],[47.09,-15.2],[47.09,-15.15],[47.2,-15.04],[47.28,-14.94],[47.32,-14.82],[47.35,-14.77],[47.44,-14.7],[47.46,-14.71],[47.49,-14.76],[47.5,-14.82],[47.47,-14.87],[47.44,-14.93],[47.43,-15.0],[47.48,-15.01],[47.52,-14.99],[47.59,-14.86],[47.67,-14.74],[47.72,-14.68],[47.77,-14.64],[47.87,-14.65],[47.96,-14.67],[47.81,-14.54],[47.77,-14.37],[47.96,-14.07],[47.96,-14.0],[47.98,-13.98],[48.0,-13.96],[47.9,-13.86],[47.88,-13.81],[47.9,-13.73],[47.94,-13.66],[47.98,-13.61],[48.04,-13.6],[48.09,-13.62],[48.19,-13.71],[48.26,-13.72],[48.34,-13.64],[48.41,-13.54],[48.51,-13.47],[48.62,-13.43],[48.8,-13.27],[48.91,-12.94],[48.92,-12.84],[48.89,-12.72],[48.85,-12.61],[48.79,-12.47],[48.8,-12.44],[48.9,-12.46],[48.93,-12.44],[49.04,-12.32],[49.21,-12.08],[49.26,-12.08],[49.31,-12.12],[49.33,-12.19],[49.36,-12.24],[49.48,-12.35],[49.54,-12.43]]],[[[48.34,-13.36],[48.34,-13.4],[48.21,-13.39],[48.19,-13.26],[48.26,-13.26],[48.27,-13.2],[48.31,-13.2],[48.35,-13.31],[48.34,-13.36]]],[[[49.94,-16.9],[49.82,-17.09],[49.86,-16.93],[49.99,-16.71],[50.02,-16.7],[49.94,-16.9]]]]},"properties":{"iso":"MDG","name":"Madagascar","ha":[272718.6,272725.9,272945.1,273417.3,274969.4,275440.2,275647.0,275952.4,276523.6,279099.0,280236.8,280992.2,280951.4,280328.1,278924.4,279254.6,278055.0,276994.1,276754.1,276891.9,277199.0,277970.1,279150.7,280281.9,281732.3,280753.7,276763.1,272903.4,270539.8,268408.8,268852.2,268540.9,266061.4,262445.7,258865.9,255710.6,254564.1,254102.0,255586.8,258227.4,261480.3],"lo":[254363.9,254370.7,254575.0,255015.5,256463.1,256902.3,257095.1,257380.0,257912.7,260314.8,261376.0,262080.6,262042.5,261461.2,260152.0,260459.9,259341.1,258351.6,258127.8,258256.3,258542.7,259261.9,260363.0,261418.1,262770.9,261858.2,258136.2,254536.2,252331.7,250344.1,250757.7,250467.3,248154.6,244782.3,241443.5,238500.5,237431.2,237000.1,238385.1,240848.0,243881.9],"hi":[298898.8,298906.8,299146.9,299664.5,301365.6,301881.6,302108.2,302443.0,303069.0,305891.6,307138.6,307966.6,307921.9,307238.7,305700.3,306062.1,304747.5,303584.7,303321.7,303472.7,303809.3,304654.3,305948.3,307188.1,308777.7,307705.2,303331.5,299101.2,296510.8,294175.2,294661.2,294320.0,291602.4,287639.7,283716.2,280258.0,279001.5,278495.0,280122.4,283016.5,286581.6]}},{"type":"Feature","geometry":{"type":"MultiPolygon","coordinates":[[[[73.42,3.23],[73.4,3.23],[73.38,3.25],[73.38,3.27],[73.4,3.29],[73.43,3.29],[73.44,3.27],[73.43,3.25],[73.42,3.23]]],[[[73.51,4.16],[73.49,4.16],[73.48,4.16],[73.47,4.17],[73.48,4.19],[73.49,4.21],[73.5,4.23],[73.52,4.25],[73.53,4.24],[73.53,4.23],[73.52,4.21],[73.52,4.19],[73.51,4.16]]]]},"properties":{"iso":"MDV","name":"Maldives","ha":[219.5,219.5,219.5,219.5,219.5,219.5,219.5,219.5,219.6,219.6,220.5,225.6,225.7,213.8,185.9,187.5,186.6,186.3,185.9,187.2,189.2,190.3,191.1,190.7,194.1,196.5,194.2,192.7,191.8,197.5,199.8,202.6,208.3,215.7,216.2,201.4,195.1,196.0,192.3,192.3,192.3],"lo":[204.8,204.8,204.8,204.8,204.8,204.8,204.8,204.8,204.8,204.8,205.6,210.4,210.5,199.4,173.4,174.9,174.0,173.8,173.4,174.6,176.4,177.5,178.2,177.9,181.1,183.2,181.1,179.7,178.9,184.2,186.4,189.0,194.2,201.2,201.7,187.8,182.0,182.8,179.4,179.4,179.4],"hi":[240.6,240.6,240.6,240.6,240.6,240.6,240.6,240.6,240.7,240.7,241.7,247.3,247.4,234.4,203.7,205.5,204.5,204.2,203.8,205.1,207.3,208.6,209.4,209.0,212.8,215.3,212.9,211.1,210.2,216.5,219.0,222.0,228.2,236.5,237.0,220.7,213.8,214.8,210.8,210.8,210.8]}},{"type":"Feature","geometry":{"type":"MultiPolygon","coordinates":[[[[-117.13,32.53],[-116.84,32.55],[-116.56,32.58],[-116.27,32.6],[-115.98,32.62],[-115.7,32.64],[-115.41,32.66],[-115.13,32.68],[-114.84,32.7],[-114.72,32.72],[-114.79,32.56],[-114.84,32.51],[-114.36,32.36],[-113.89,32.21],[-113.41,32.06],[-112.94,31.92],[-112.46,31.77],[-111.99,31.62],[-111.52,31.47],[-111.04,31.32],[-110.69,31.32],[-110.34,31.33],[-109.98,31.33],[-109.63,31.33],[-109.27,31.33],[-108.92,31.33],[-108.57,31.33],[-108.21,31.33],[-108.21,31.44],[-108.21,31.55],[-108.21,31.67],[-108.21,31.78],[-107.99,31.78],[-107.77,31.78],[-107.55,31.78],[-107.33,31.77],[-107.11,31.77],[-106.89,31.77],[-106.67,31.77],[-106.45,31.77],[-106.45,31.77],[-106.44,31.76],[-106.35,31.68],[-106.26,31.54],[-106.15,31.45],[-106.02,31.4],[-105.81,31.24],[-105.51,30.98],[-105.28,30.81],[-105.1,30.72],[-104.98,30.65],[-104.92,30.58],[-104.84,30.45],[-104.68,30.13],[-104.68,29.99],[-104.62,29.85],[-104.5,29.68],[-104.4,29.57],[-104.31,29.54],[-104.22,29.48],[-104.11,29.39],[-103.99,29.32],[-103.85,29.29],[-103.66,29.21],[-103.42,29.07],[-103.26,29.0],[-103.17,29.0],[-103.09,29.04],[-103.02,29.13],[-102.96,29.19],[-102.89,29.22],[-102.87,29.26],[-102.88,29.32],[-102.83,29.44],[-102.73,29.64],[-102.61,29.75],[-102.48,29.77],[-102.39,29.81],[-102.34,29.86],[-102.27,29.87],[-102.16,29.83],[-101.99,29.8],[-101.75,29.78],[-101.61,29.79],[-101.57,29.81],[-101.55,29.81],[-101.54,29.78],[-101.51,29.77],[-101.44,29.78],[-101.38,29.74],[-101.3,29.63],[-101.04,29.46],[-101.04,29.46],[-101.02,29.4],[-100.92,29.31],[-100.75,29.18],[-100.66,29.07],[-100.64,28.97],[-100.55,28.82],[-100.4,28.61],[-100.33,28.5],[-100.35,28.49],[-100.34,28.43],[-100.3,28.33],[-100.22,28.24],[-100.11,28.17],[-100.0,28.05],[-99.89,27.87],[-99.75,27.73],[-99.6,27.64],[-99.51,27.55],[-99.48,27.47],[-99.49,27.4],[-99.51,27.34],[-99.5,27.29],[-99.46,27.23],[-99.44,27.17],[-99.46,27.08],[-99.46,27.06],[-99.46,27.06],[-99.44,27.04],[-99.3,26.88],[-99.23,26.76],[-99.17,26.57],[-99.17,26.56],[-99.11,26.45],[-99.02,26.4],[-98.87,26.38],[-98.77,26.34],[-98.69,26.28],[-98.6,26.24],[-98.49,26.22],[-98.38,26.18],[-98.28,26.11],[-98.08,26.06],[-97.8,26.04],[-97.59,25.98],[-97.44,25.89],[-97.38,25.87],[-97.36,25.87],[-97.35,25.88],[-97.34,25.91],[-97.28,25.94],[-97.15,25.96],[-97.16,25.75],[-97.22,25.59],[-97.42,25.23],[-97.51,25.01],[-97.67,24.39],[-97.72,23.98],[-97.73,23.79],[-97.74,23.76],[-97.73,23.73],[-97.77,23.31],[-97.75,22.94],[-97.76,22.89],[-97.82,22.78],[-97.86,22.62],[-97.84,22.56],[-97.84,22.51],[-97.78,22.28],[-97.76,22.11],[-97.58,21.81],[-97.48,21.7],[-97.36,21.61],[-97.31,21.56],[-97.34,21.44],[-97.39,21.37],[-97.41,21.27],[-97.43,21.36],[-97.42,21.47],[-97.38,21.52],[-97.38,21.57],[-97.46,21.61],[-97.59,21.76],[-97.75,22.03],[-97.64,21.6],[-97.6,21.54],[-97.57,21.51],[-97.51,21.48],[-97.5,21.43],[-97.5,21.4],[-97.36,21.1],[-97.19,20.8],[-97.19,20.72],[-97.12,20.61],[-96.71,20.19],[-96.46,19.87],[-96.37,19.57],[-96.32,19.47],[-96.29,19.34],[-96.12,19.2],[-96.07,19.11],[-95.98,19.05],[-95.91,18.9],[-95.78,18.81],[-95.81,18.8],[-95.93,18.85],[-95.92,18.82],[-95.82,18.75],[-95.63,18.69],[-95.58,18.69],[-95.65,18.72],[-95.72,18.77],[-95.7,18.77],[-95.56,18.72],[-95.18,18.7],[-95.01,18.57],[-94.8,18.51],[-94.68,18.35],[-94.55,18.17],[-94.46,18.17],[-94.39,18.17],[-94.19,18.2],[-93.87,18.3],[-93.76,18.36],[-93.55,18.43],[-93.23,18.44],[-93.13,18.42],[-92.88,18.47],[-92.77,18.52],[-92.73,18.57],[-92.71,18.61],[-92.49,18.66],[-92.44,18.68],[-92.21,18.68],[-92.1,18.7],[-91.97,18.72],[-91.88,18.64],[-91.88,18.6],[-91.94,18.56],[-91.91,18.53],[-91.8,18.47],[-91.6,18.45],[-91.53,18.46],[-91.44,18.54],[-91.28,18.62],[-91.28,18.72],[-91.31,18.77],[-91.36,18.78],[-91.37,18.81],[-91.33,18.88],[-91.34,18.9],[-91.45,18.83],[-91.47,18.83],[-91.46,18.86],[-91.44,18.89],[-91.14,19.04],[-91.06,19.1],[-90.96,19.15],[-90.74,19.35],[-90.69,19.73],[-90.65,19.8],[-90.51,19.91],[-90.49,19.95],[-90.48,20.03],[-90.49,20.22],[-90.48,20.38],[-90.48,20.56],[-90.46,20.71],[-90.44,20.76],[-90.35,21.01],[-90.18,21.12],[-89.89,21.25],[-89.82,21.27],[-88.88,21.41],[-88.75,21.45],[-88.58,21.54],[-88.47,21.57],[-88.25,21.57],[-88.18,21.58],[-88.17,21.59],[-88.17,21.6],[-88.13,21.62],[-88.01,21.6],[-87.77,21.55],[-87.69,21.54],[-87.48,21.47],[-87.25,21.45],[-87.22,21.46],[-87.19,21.48],[-87.16,21.51],[-87.19,21.55],[-87.21,21.54],[-87.25,21.53],[-87.3,21.52],[-87.39,21.55],[-87.37,21.57],[-87.28,21.57],[-87.22,21.58],[-87.13,21.62],[-87.03,21.59],[-86.91,21.46],[-86.82,21.42],[-86.82,21.23],[-86.8,21.2],[-86.77,21.15],[-86.82,21.01],[-86.86,20.89],[-86.93,20.79],[-87.06,20.63],[-87.22,20.51],[-87.42,20.23],[-87.47,20.1],[-87.47,20.0],[-87.43,19.9],[-87.44,19.86],[-87.47,19.82],[-87.51,19.83],[-87.59,19.78],[-87.69,19.64],[-87.69,19.59],[-87.65,19.55],[-87.59,19.57],[-87.51,19.57],[-87.47,19.59],[-87.42,19.58],[-87.43,19.5],[-87.48,19.44],[-87.51,19.43],[-87.57,19.42],[-87.63,19.38],[-87.66,19.35],[-87.66,19.26],[-87.62,19.25],[-87.55,19.32],[-87.51,19.32],[-87.5,19.29],[-87.59,19.05],[-87.65,18.8],[-87.73,18.66],[-87.76,18.45],[-87.8,18.36],[-87.85,18.27],[-87.88,18.27],[-87.96,18.44],[-88.04,18.48],[-88.06,18.52],[-88.01,18.73],[-88.03,18.84],[-88.07,18.83],[-88.13,18.77],[-88.2,18.72],[-88.2,18.64],[-88.28,18.51],[-88.3,18.47],[-88.37,18.48],[-88.46,18.48],[-88.52,18.45],[-88.59,18.29],[-88.74,18.07],[-88.81,17.97],[-88.86,17.93],[-88.9,17.91],[-88.94,17.94],[-89.05,18.0],[-89.13,17.97],[-89.16,17.9],[-89.16,17.81],[-89.37,17.81],[-89.73,17.82],[-90.18,17.82],[-90.62,17.82],[-90.99,17.82],[-90.99,17.62],[-90.99,17.45],[-90.99,17.25],[-91.2,17.25],[-91.41,17.26],[-91.39,17.24],[-91.32,17.2],[-91.22,17.11],[-91.11,16.98],[-90.98,16.87],[-90.82,16.79],[-90.71,16.71],[-90.66,16.63],[-90.63,16.57],[-90.63,16.51],[-90.58,16.47],[-90.47,16.44],[-90.42,16.39],[-90.42,16.35],[-90.45,16.26],[-90.46,16.16],[-90.45,16.07],[-90.52,16.07],[-90.7,16.07],[-90.98,16.07],[-91.23,16.07],[-91.43,16.07],[-91.74,16.07],[-91.82,15.93],[-91.96,15.7],[-92.08,15.5],[-92.19,15.32],[-92.2,15.28],[-92.2,15.24],[-92.07,15.07],[-92.1,15.03],[-92.14,15.0],[-92.16,14.96],[-92.16,14.9],[-92.19,14.82],[-92.18,14.76],[-92.16,14.69],[-92.19,14.63],[-92.21,14.57],[-92.24,14.55],[-92.26,14.57],[-92.53,14.84],[-92.81,15.14],[-92.92,15.24],[-93.02,15.31],[-93.17,15.45],[-93.54,15.75],[-93.73,15.89],[-93.92,16.05],[-94.08,16.15],[-94.24,16.21],[-94.31,16.24],[-94.37,16.28],[-94.41,16.29],[-94.43,16.23],[-94.37,16.2],[-94.3,16.17],[-94.25,16.17],[-94.19,16.15],[-94.03,16.06],[-94.0,16.02],[-94.47,16.19],[-94.66,16.2],[-94.68,16.23],[-94.59,16.32],[-94.62,16.35],[-94.65,16.35],[-94.75,16.29],[-94.79,16.29],[-94.8,16.33],[-94.79,16.36],[-94.86,16.42],[-94.9,16.42],[-94.93,16.38],[-95.02,16.31],[-95.02,16.28],[-94.85,16.25],[-94.79,16.23],[-94.8,16.21],[-94.95,16.21],[-95.13,16.18],[-95.46,15.97],[-95.77,15.89],[-96.21,15.69],[-96.41,15.68],[-96.51,15.65],[-96.81,15.73],[-97.18,15.91],[-97.75,15.97],[-98.14,16.21],[-98.52,16.3],[-98.76,16.53],[-98.91,16.54],[-99.0,16.58],[-99.35,16.66],[-99.69,16.72],[-100.02,16.92],[-100.24,16.98],[-100.43,17.06],[-100.85,17.2],[-101.0,17.28],[-101.15,17.39],[-101.39,17.51],[-101.49,17.62],[-101.6,17.65],[-101.76,17.84],[-101.85,17.92],[-101.92,17.96],[-102.0,17.97],[-102.22,17.96],[-102.55,18.04],[-102.7,18.06],[-103.02,18.19],[-103.44,18.33],[-103.58,18.48],[-103.7,18.63],[-103.91,18.83],[-104.05,18.91],[-104.28,19.01],[-104.41,19.09],[-104.6,19.15],[-104.94,19.31],[-105.05,19.44],[-105.11,19.56],[-105.29,19.71],[-105.48,19.98],[-105.53,20.08],[-105.57,20.23],[-105.62,20.32],[-105.67,20.39],[-105.64,20.44],[-105.54,20.5],[-105.38,20.51],[-105.26,20.58],[-105.24,20.63],[-105.25,20.67],[-105.33,20.75],[-105.42,20.78],[-105.49,20.78],[-105.51,20.81],[-105.46,20.84],[-105.39,20.93],[-105.3,21.03],[-105.24,21.12],[-105.22,21.25],[-105.23,21.38],[-105.21,21.49],[-105.43,21.62],[-105.46,21.67],[-105.53,21.82],[-105.65,21.99],[-105.65,22.33],[-105.79,22.63],[-105.94,22.78],[-106.02,22.83],[-106.23,23.06],[-106.4,23.2],[-106.57,23.45],[-106.73,23.61],[-106.94,23.88],[-107.08,24.02],[-107.76,24.47],[-107.73,24.47],[-107.53,24.36],[-107.49,24.37],[-107.49,24.42],[-107.51,24.49],[-107.55,24.5],[-107.6,24.49],[-107.67,24.5],[-107.71,24.53],[-107.82,24.54],[-107.95,24.61],[-108.01,24.69],[-108.02,24.78],[-108.21,24.97],[-108.28,25.08],[-108.24,25.07],[-108.19,25.03],[-108.14,25.02],[-108.08,25.02],[-108.04,25.04],[-108.05,25.07],[-108.09,25.09],[-108.37,25.19],[-108.47,25.27],[-108.7,25.38],[-108.75,25.42],[-108.79,25.54],[-108.84,25.54],[-108.89,25.51],[-109.03,25.48],[-109.06,25.52],[-109.07,25.55],[-108.97,25.59],[-108.88,25.7],[-108.89,25.73],[-108.94,25.69],[-109.01,25.64],[-109.08,25.62],[-109.2,25.59],[-109.25,25.61],[-109.3,25.63],[-109.38,25.73],[-109.43,26.03],[-109.35,26.14],[-109.27,26.24],[-109.2,26.31],[-109.16,26.26],[-109.12,26.25],[-109.15,26.31],[-109.22,26.36],[-109.24,26.4],[-109.24,26.45],[-109.28,26.53],[-109.48,26.71],[-109.68,26.7],[-109.75,26.7],[-109.83,26.77],[-109.89,26.88],[-109.92,26.98],[-109.93,27.03],[-109.94,27.08],[-110.28,27.16],[-110.38,27.23],[-110.48,27.32],[-110.52,27.4],[-110.56,27.45],[-110.59,27.54],[-110.62,27.65],[-110.58,27.8],[-110.53,27.86],[-110.76,27.92],[-110.85,27.92],[-110.92,27.89],[-110.99,27.93],[-111.12,27.97],[-111.28,28.12],[-111.47,28.38],[-111.68,28.47],[-111.75,28.56],[-111.83,28.65],[-111.91,28.75],[-111.92,28.8],[-111.94,28.82],[-112.04,28.9],[-112.16,29.02],[-112.19,29.12],[-112.22,29.27],[-112.3,29.32],[-112.38,29.35],[-112.39,29.42],[-112.39,29.46],[-112.41,29.54],[-112.57,29.72],[-112.65,29.87],[-112.7,29.92],[-112.74,29.99],[-112.76,30.13],[-112.82,30.3],[-112.95,30.51],[-113.06,30.65],[-113.11,30.79],[-113.09,30.94],[-113.1,31.03],[-113.12,31.05],[-113.11,31.08],[-113.07,31.06],[-113.04,31.09],[-113.05,31.18],[-113.08,31.21],[-113.19,31.24],[-113.23,31.26],[-113.48,31.29],[-113.62,31.35],[-113.63,31.47],[-113.7,31.52],[-113.76,31.56],[-113.95,31.63],[-113.98,31.59],[-114.0,31.53],[-114.08,31.51],[-114.15,31.51],[-114.26,31.55],[-114.55,31.73],[-114.61,31.76],[-114.7,31.78],[-114.74,31.81],[-114.93,31.9],[-114.9,31.85],[-114.84,31.8],[-114.79,31.65],[-114.85,31.54],[-114.88,31.16],[-114.84,31.08],[-114.76,30.96],[-114.7,30.77],[-114.69,30.62],[-114.63,30.51],[-114.65,30.24],[-114.63,30.16],[-114.55,30.02],[-114.4,29.9],[-114.37,29.83],[-114.18,29.73],[-114.06,29.61],[-113.83,29.44],[-113.76,29.37],[-113.55,29.1],[-113.54,29.02],[-113.5,28.93],[-113.38,28.95],[-113.33,28.87],[-113.34,28.84],[-113.32,28.81],[-113.26,28.82],[-113.21,28.8],[-113.09,28.51],[-113.03,28.47],[-112.96,28.46],[-112.87,28.42],[-112.87,28.35],[-112.87,28.29],[-112.8,28.21],[-112.81,28.09],[-112.75,27.99],[-112.76,27.9],[-112.73,27.83],[-112.55,27.66],[-112.33,27.52],[-112.28,27.35],[-112.19,27.19],[-112.1,27.15],[-112.0,27.08],[-112.02,27.01],[-112.01,26.97],[-111.88,26.84],[-111.86,26.68],[-111.75,26.57],[-111.72,26.56],[-111.7,26.58],[-111.78,26.69],[-111.82,26.76],[-111.82,26.87],[-111.8,26.88],[-111.57,26.71],[-111.55,26.58],[-111.47,26.51],[-111.46,26.41],[-111.42,26.35],[-111.4,26.27],[-111.33,26.13],[-111.33,25.93],[-111.29,25.79],[-111.15,25.57],[-111.03,25.53],[-111.01,25.42],[-110.89,25.14],[-110.76,24.99],[-110.69,24.87],[-110.68,24.79],[-110.73,24.67],[-110.73,24.59],[-110.66,24.34],[-110.55,24.21],[-110.42,24.18],[-110.4,24.17],[-110.41,24.13],[-110.37,24.1],[-110.32,24.14],[-110.3,24.19],[-110.32,24.26],[-110.33,24.31],[-110.3,24.34],[-110.26,24.34],[-110.02,24.17],[-109.98,24.11],[-109.89,24.03],[-109.81,23.94],[-109.78,23.86],[-109.71,23.8],[-109.68,23.66],[-109.51,23.6],[-109.42,23.48],[-109.41,23.41],[-109.46,23.21],[-109.5,23.16],[-109.63,23.08],[-109.73,22.98],[-109.82,22.92],[-109.92,22.89],[-110.01,22.89],[-110.09,23.01],[-110.18,23.34],[-110.24,23.41],[-110.29,23.52],[-110.36,23.6],[-110.63,23.74],[-110.76,23.88],[-110.9,23.97],[-111.04,24.11],[-111.42,24.33],[-111.58,24.44],[-111.68,24.56],[-111.75,24.55],[-111.8,24.54],[-111.82,24.57],[-111.83,24.63],[-111.85,24.67],[-112.07,24.84],[-112.12,24.93],[-112.13,25.04],[-112.08,25.32],[-112.06,25.49],[-112.07,25.57],[-112.09,25.58],[-112.11,25.63],[-112.12,25.77],[-112.17,25.91],[-112.38,26.21],[-112.53,26.27],[-112.66,26.32],[-113.02,26.58],[-113.12,26.72],[-113.14,26.79],[-113.16,26.95],[-113.21,26.86],[-113.27,26.79],[-113.43,26.8],[-113.6,26.72],[-113.7,26.79],[-113.76,26.87],[-113.84,26.97],[-113.94,26.99],[-114.0,26.99],[-114.11,27.11],[-114.2,27.14],[-114.33,27.16],[-114.45,27.22],[-114.48,27.28],[-114.5,27.38],[-114.54,27.43],[-114.72,27.54],[-114.86,27.66],[-114.99,27.74],[-115.03,27.8],[-115.04,27.84],[-114.82,27.83],[-114.57,27.78],[-114.45,27.8],[-114.37,27.84],[-114.3,27.87],[-114.29,27.84],[-114.3,27.78],[-114.23,27.72],[-114.14,27.67],[-114.07,27.68],[-114.14,27.73],[-114.18,27.83],[-114.16,27.87],[-114.16,27.92],[-114.25,27.91],[-114.27,27.93],[-114.19,28.01],[-114.09,28.22],[-114.05,28.43],[-114.15,28.61],[-114.31,28.73],[-114.66,29.09],[-114.88,29.28],[-114.94,29.35],[-114.99,29.38],[-115.17,29.43],[-115.31,29.53],[-115.57,29.68],[-115.67,29.76],[-115.75,29.94],[-115.81,29.96],[-115.79,30.08],[-115.82,30.3],[-115.86,30.36],[-116.0,30.41],[-116.03,30.56],[-116.04,30.71],[-116.06,30.8],[-116.3,30.97],[-116.31,31.05],[-116.31,31.13],[-116.33,31.2],[-116.46,31.36],[-116.61,31.5],[-116.66,31.56],[-116.67,31.7],[-116.72,31.73],[-116.7,31.74],[-116.65,31.74],[-116.62,31.76],[-116.62,31.85],[-116.85,32.0],[-116.91,32.2],[-117.03,32.31],[-117.06,32.34],[-117.13,32.53]]],[[[-86.94,20.3],[-86.99,20.27],[-87.02,20.38],[-86.98,20.49],[-86.93,20.55],[-86.83,20.56],[-86.76,20.58],[-86.76,20.55],[-86.81,20.47],[-86.94,20.3]]],[[[-106.5,21.61],[-106.53,21.53],[-106.61,21.56],[-106.63,21.61],[-106.64,21.7],[-106.6,21.71],[-106.54,21.68],[-106.52,21.65],[-106.5,21.61]]],[[[-110.91,18.74],[-110.97,18.72],[-111.06,18.78],[-111.04,18.83],[-110.99,18.86],[-110.94,18.8],[-110.91,18.74]]],[[[-110.57,25.0],[-110.54,24.89],[-110.59,24.91],[-110.66,24.97],[-110.7,25.05],[-110.7,25.08],[-110.69,25.09],[-110.6,25.04],[-110.57,25.0]]],[[[-113.16,29.05],[-113.16,29.03],[-113.26,29.1],[-113.5,29.31],[-113.58,29.41],[-113.59,29.46],[-113.59,29.57],[-113.51,29.56],[-113.42,29.49],[-113.38,29.42],[-113.37,29.34],[-113.2,29.3],[-113.18,29.13],[-113.16,29.05]]],[[[-115.17,28.07],[-115.18,28.04],[-115.35,28.1],[-115.26,28.22],[-115.27,28.34],[-115.23,28.37],[-115.2,28.33],[-115.15,28.17],[-115.17,28.07]]],[[[-112.2,29.01],[-112.28,28.77],[-112.36,28.77],[-112.51,28.85],[-112.53,28.89],[-112.47,29.17],[-112.42,29.2],[-112.29,29.24],[-112.26,29.21],[-112.25,29.13],[-112.2,29.01]]],[[[-118.24,28.94],[-118.29,28.9],[-118.4,29.11],[-118.4,29.16],[-118.37,29.19],[-118.31,29.18],[-118.31,29.13],[-118.27,29.09],[-118.25,29.04],[-118.24,28.94]]],[[[-86.71,21.24],[-86.7,21.19],[-86.71,21.2],[-86.74,21.23],[-86.75,21.28],[-86.74,21.28],[-86.73,21.26],[-86.71,21.24]]],[[[-91.68,18.68],[-91.8,18.65],[-91.82,18.68],[-91.59,18.78],[-91.55,18.77],[-91.54,18.76],[-91.65,18.71],[-91.68,18.68]]],[[[-109.81,24.15],[-109.83,24.15],[-109.88,24.2],[-109.9,24.33],[-109.89,24.34],[-109.79,24.18],[-109.8,24.16],[-109.81,24.15]]],[[[-114.69,31.71],[-114.73,31.7],[-114.79,31.75],[-114.78,31.79],[-114.77,31.79],[-114.71,31.76],[-114.69,31.72],[-114.69,31.71]]],[[[-111.1,26.02],[-111.09,25.98],[-111.09,25.97],[-111.14,26.0],[-111.2,25.85],[-111.22,25.84],[-111.18,26.04],[-111.14,26.07],[-111.09,26.08],[-111.1,26.02]]],[[[-111.7,24.39],[-111.71,24.35],[-112.01,24.53],[-111.94,24.55],[-111.86,24.54],[-111.7,24.39]]],[[[-112.06,24.55],[-112.08,24.53],[-112.16,24.65],[-112.18,24.73],[-112.21,24.76],[-112.3,24.79],[-112.22,24.95],[-112.16,25.29],[-112.13,25.22],[-112.2,24.89],[-112.2,24.84],[-112.16,24.8],[-112.13,24.73],[-112.13,24.65],[-112.07,24.58],[-112.06,24.55]]]]},"properties":{"iso":"MEX","name":"Mexico","ha":[785601.1,784808.7,784955.1,786082.1,793665.8,800366.1,803707.9,806835.7,811244.8,816761.7,818807.4,817563.7,814472.9,811548.9,807796.3,806964.3,804542.2,802897.2,803597.1,803530.8,805827.2,807444.5,810542.9,813421.9,819542.3,819248.0,811940.4,805969.9,805918.9,811554.1,820118.1,824001.3,824777.4,827538.2,828677.9,827165.2,822912.0,807832.8,801713.0,802162.0,790147.5],"lo":[732727.8,731988.7,732125.3,733176.4,740249.7,746499.1,749616.0,752533.3,756645.7,761791.2,763699.2,762539.2,759656.4,756929.3,753429.2,752653.2,750394.1,748859.8,749512.7,749450.8,751592.7,753101.1,755991.0,758676.2,764384.6,764110.2,757294.4,751725.7,751678.1,756934.1,764921.7,768543.5,769267.4,771842.5,772905.4,771494.5,767527.6,753463.3,747755.3,748174.1,736968.2],"hi":[861016.4,860147.9,860308.4,861543.5,869855.2,877198.8,880861.4,884289.4,889121.8,895168.3,897410.4,896047.3,892659.7,889455.1,885342.2,884430.3,881775.8,879972.9,880740.0,880667.3,883184.1,884956.7,888352.5,891507.9,898215.8,897893.3,889884.2,883340.5,883284.6,889460.8,898846.9,903102.8,903953.5,906979.3,908228.4,906570.5,901909.0,885382.3,878675.0,879167.0,865999.2]}},{"type":"Feature","geometry":{"type":"MultiPolygon","coordinates":[[[[169.64,5.83],[169.62,5.8],[169.59,5.8],[169.61,5.82],[169.63,5.86],[169.65,5.95],[169.7,5.98],[169.73,6.01],[169.73,5.98],[169.67,5.94],[169.64,5.83]]],[[[168.83,7.31],[168.82,7.29],[168.72,7.3],[168.68,7.32],[168.68,7.34],[168.76,7.32],[168.83,7.31]]],[[[171.58,7.05],[171.61,7.03],[171.69,7.03],[171.76,6.97],[171.73,6.98],[171.69,7.0],[171.66,7.01],[171.61,7.01],[171.59,7.02],[171.58,7.05]]],[[[171.1,7.14],[171.23,7.09],[171.39,7.11],[171.37,7.1],[171.3,7.08],[171.26,7.07],[171.24,7.07],[171.2,7.07],[171.1,7.11],[171.04,7.16],[171.05,7.17],[171.1,7.14]]],[[[166.89,11.15],[166.86,11.15],[166.84,11.15],[166.86,11.17],[166.89,11.17],[166.9,11.17],[166.89,11.15]]]]},"properties":{"iso":"MHL","name":"Marshall Islands","ha":[16.7,16.7,16.7,16.7,16.7,16.7,16.7,16.7,16.7,16.7,16.7,16.7,16.7,16.7,18.3,19.3,19.7,20.3,20.3,21.1,21.4,21.4,21.5,21.4,21.5,21.7,21.3,20.7,20.3,19.7,19.6,19.2,19.4,19.7,20.5,20.8,21.1,21.1,21.4,21.3,21.3],"lo":[15.6,15.6,15.6,15.6,15.6,15.6,15.6,15.6,15.6,15.6,15.6,15.6,15.6,15.6,17.0,18.0,18.3,19.0,19.0,19.7,19.9,19.9,20.0,19.9,20.0,20.2,19.9,19.3,18.9,18.4,18.2,17.9,18.1,18.3,19.1,19.4,19.7,19.7,20.0,19.9,19.9],"hi":[18.3,18.3,18.3,18.3,18.3,18.3,18.3,18.3,18.3,18.3,18.3,18.3,18.3,18.3,20.0,21.2,21.5,22.3,22.3,23.2,23.4,23.4,23.5,23.4,23.5,23.7,23.3,22.7,22.2,21.6,21.4,21.1,21.3,21.5,22.5,22.8,23.2,23.2,23.4,23.3,23.3]}},{"type":"Feature","geometry":{"type":"MultiPolygon","coordinates":[[[[100.12,20.32],[100.0,20.38],[99.95,20.42],[99.89,20.42],[99.83,20.38],[99.77,20.34],[99.72,20.33],[99.64,20.32],[99.53,20.34],[99.46,20.36],[99.45,20.35],[99.49,20.26],[99.5,20.19],[99.49,20.15],[99.45,20.12],[99.4,20.09],[99.34,20.08],[99.28,20.08],[99.2,20.12],[99.13,20.12],[99.07,20.1],[99.04,20.07],[99.02,20.04],[98.99,19.86],[98.96,19.8],[98.92,19.77],[98.88,19.77],[98.82,19.78],[98.76,19.77],[98.49,19.7],[98.45,19.69],[98.37,19.69],[98.29,19.69],[98.24,19.69],[98.11,19.76],[98.05,19.77],[98.02,19.75],[97.99,19.65],[97.92,19.59],[97.82,19.46],[97.79,19.27],[97.8,19.13],[97.71,19.0],[97.71,18.93],[97.75,18.62],[97.75,18.59],[97.73,18.57],[97.67,18.56],[97.58,18.53],[97.52,18.5],[97.48,18.49],[97.4,18.52],[97.37,18.52],[97.38,18.49],[97.45,18.36],[97.52,18.3],[97.6,18.3],[97.63,18.29],[97.62,18.26],[97.65,18.17],[97.72,18.04],[97.74,17.94],[97.7,17.83],[97.71,17.8],[97.73,17.78],[97.79,17.68],[97.93,17.53],[98.06,17.37],[98.17,17.24],[98.26,17.15],[98.44,16.98],[98.47,16.9],[98.48,16.73],[98.52,16.64],[98.56,16.57],[98.59,16.51],[98.66,16.33],[98.69,16.31],[98.84,16.42],[98.87,16.39],[98.89,16.35],[98.89,16.3],[98.87,16.24],[98.82,16.18],[98.59,16.05],[98.57,15.94],[98.56,15.77],[98.55,15.56],[98.57,15.4],[98.56,15.37],[98.54,15.35],[98.45,15.36],[98.33,15.28],[98.29,15.27],[98.23,15.24],[98.19,15.2],[98.18,15.15],[98.2,14.98],[98.25,14.81],[98.33,14.7],[98.4,14.6],[98.5,14.47],[98.57,14.36],[98.72,14.24],[98.93,14.05],[99.01,13.95],[99.09,13.82],[99.14,13.72],[99.16,13.58],[99.17,13.5],[99.18,13.23],[99.14,13.17],[99.11,13.1],[99.12,13.03],[99.17,12.96],[99.17,12.88],[99.22,12.74],[99.3,12.65],[99.37,12.59],[99.41,12.55],[99.39,12.47],[99.42,12.39],[99.43,12.31],[99.46,12.19],[99.52,12.09],[99.61,11.78],[99.61,11.75],[99.57,11.69],[99.52,11.63],[99.48,11.61],[99.44,11.55],[99.36,11.39],[99.19,11.11],[99.03,10.92],[98.89,10.79],[98.79,10.71],[98.76,10.66],[98.76,10.62],[98.78,10.56],[98.77,10.43],[98.75,10.35],[98.72,10.27],[98.7,10.19],[98.66,10.18],[98.56,10.03],[98.52,10.11],[98.5,10.18],[98.52,10.35],[98.46,10.68],[98.5,10.72],[98.54,10.74],[98.6,10.86],[98.68,10.99],[98.68,11.13],[98.74,11.24],[98.73,11.33],[98.73,11.44],[98.75,11.52],[98.74,11.59],[98.79,11.67],[98.88,11.72],[98.84,11.74],[98.8,11.78],[98.69,11.72],[98.64,11.74],[98.62,11.8],[98.64,11.87],[98.64,11.91],[98.69,11.96],[98.69,12.05],[98.66,12.13],[98.7,12.23],[98.63,12.23],[98.6,12.25],[98.62,12.3],[98.68,12.35],[98.62,12.44],[98.66,12.54],[98.66,12.66],[98.64,12.77],[98.64,12.85],[98.6,12.99],[98.58,13.16],[98.49,13.29],[98.42,13.48],[98.25,13.73],[98.25,13.84],[98.24,13.93],[98.2,13.98],[98.15,13.65],[98.11,13.71],[98.1,13.9],[98.07,13.99],[98.1,14.16],[98.0,14.34],[97.98,14.46],[97.91,14.65],[97.93,14.7],[98.02,14.65],[97.94,14.76],[97.87,14.74],[97.81,14.86],[97.8,15.18],[97.74,15.31],[97.77,15.43],[97.71,15.88],[97.58,16.02],[97.61,16.14],[97.64,16.25],[97.63,16.46],[97.66,16.52],[97.73,16.57],[97.67,16.55],[97.62,16.54],[97.51,16.53],[97.38,16.52],[97.33,16.67],[97.27,16.74],[97.21,16.89],[97.18,17.06],[97.2,17.1],[97.1,17.16],[97.07,17.21],[96.97,17.32],[96.85,17.4],[96.88,17.34],[96.91,17.3],[96.85,17.2],[96.91,17.03],[96.86,16.92],[96.81,16.78],[96.77,16.71],[96.62,16.56],[96.51,16.51],[96.43,16.5],[96.36,16.52],[96.28,16.6],[96.26,16.66],[96.25,16.77],[96.22,16.78],[96.19,16.77],[96.24,16.63],[96.24,16.57],[96.32,16.44],[96.29,16.41],[96.14,16.34],[96.08,16.35],[96.04,16.34],[96.03,16.28],[96.01,16.25],[95.76,16.17],[95.71,16.07],[95.68,15.98],[95.56,15.84],[95.39,15.72],[95.35,15.73],[95.3,15.76],[95.31,15.88],[95.36,15.99],[95.35,16.1],[95.33,16.03],[95.23,15.88],[95.18,15.83],[95.08,15.84],[94.94,15.82],[94.89,15.98],[94.89,16.04],[94.88,16.09],[94.9,16.14],[94.89,16.18],[94.86,16.1],[94.85,16.03],[94.8,15.97],[94.66,15.9],[94.66,15.99],[94.65,16.06],[94.68,16.13],[94.68,16.24],[94.72,16.4],[94.72,16.45],[94.7,16.51],[94.68,16.43],[94.67,16.34],[94.64,16.31],[94.59,16.29],[94.5,16.19],[94.44,16.09],[94.3,16.01],[94.22,16.02],[94.21,16.13],[94.27,16.52],[94.33,16.57],[94.35,16.64],[94.4,16.87],[94.45,16.95],[94.47,17.14],[94.49,17.17],[94.56,17.31],[94.59,17.57],[94.56,17.7],[94.49,17.82],[94.43,18.2],[94.27,18.51],[94.25,18.61],[94.17,18.73],[94.25,18.74],[94.09,18.85],[94.07,18.89],[94.04,19.15],[94.04,19.29],[94.02,19.27],[94.0,19.18],[93.94,19.15],[93.97,19.0],[93.96,18.96],[93.93,18.9],[93.8,18.96],[93.71,19.03],[93.6,19.19],[93.49,19.37],[93.53,19.4],[93.58,19.4],[93.73,19.27],[93.82,19.24],[93.89,19.27],[93.96,19.33],[94.0,19.44],[93.96,19.48],[93.89,19.5],[93.84,19.53],[93.77,19.61],[93.76,19.65],[93.74,19.7],[93.67,19.73],[93.61,19.78],[93.66,19.85],[93.71,19.91],[93.58,19.91],[93.44,20.01],[93.41,20.04],[93.36,20.06],[93.25,20.07],[93.16,20.04],[93.2,19.9],[93.19,19.85],[93.13,19.86],[93.0,20.07],[93.04,20.13],[93.1,20.18],[93.07,20.19],[93.02,20.19],[93.07,20.38],[93.04,20.41],[93.02,20.35],[92.99,20.29],[92.88,20.15],[92.83,20.18],[92.79,20.21],[92.84,20.28],[92.87,20.3],[92.89,20.34],[92.85,20.41],[92.79,20.47],[92.74,20.56],[92.71,20.56],[92.73,20.45],[92.72,20.3],[92.61,20.47],[92.38,20.72],[92.32,20.79],[92.31,20.86],[92.29,20.93],[92.27,21.0],[92.26,21.06],[92.21,21.11],[92.19,21.2],[92.18,21.29],[92.21,21.36],[92.28,21.43],[92.33,21.44],[92.37,21.41],[92.47,21.36],[92.54,21.32],[92.57,21.26],[92.6,21.27],[92.63,21.31],[92.63,21.35],[92.59,21.47],[92.58,21.61],[92.58,21.94],[92.57,21.98],[92.63,22.01],[92.65,22.05],[92.67,22.11],[92.69,22.13],[92.72,22.13],[92.77,22.1],[92.85,22.01],[92.91,21.99],[92.96,22.0],[93.02,22.15],[93.04,22.18],[93.07,22.21],[93.12,22.21],[93.15,22.23],[93.16,22.29],[93.16,22.36],[93.11,22.55],[93.09,22.63],[93.08,22.72],[93.11,22.81],[93.16,22.91],[93.15,23.0],[93.16,23.03],[93.2,23.04],[93.25,23.02],[93.31,23.03],[93.35,23.08],[93.37,23.13],[93.39,23.34],[93.41,23.53],[93.41,23.68],[93.37,23.77],[93.31,24.02],[93.33,24.06],[93.36,24.07],[93.45,23.99],[93.49,23.97],[93.56,23.99],[93.63,24.01],[93.68,24.01],[93.76,23.98],[93.86,23.94],[94.01,23.9],[94.07,23.87],[94.13,23.88],[94.17,23.97],[94.22,24.11],[94.29,24.32],[94.38,24.47],[94.4,24.51],[94.49,24.64],[94.58,24.77],[94.66,24.93],[94.71,25.05],[94.7,25.1],[94.68,25.14],[94.62,25.16],[94.57,25.19],[94.55,25.22],[94.55,25.24],[94.58,25.32],[94.62,25.41],[94.67,25.46],[94.79,25.52],[94.86,25.6],[94.95,25.7],[94.99,25.77],[95.02,25.91],[95.04,25.94],[95.09,25.99],[95.13,26.04],[95.13,26.07],[95.11,26.09],[95.07,26.19],[95.05,26.35],[95.06,26.47],[95.09,26.53],[95.13,26.6],[95.2,26.64],[95.31,26.67],[95.46,26.76],[95.74,26.95],[95.84,27.01],[95.91,27.05],[95.97,27.13],[96.06,27.22],[96.19,27.26],[96.27,27.28],[96.67,27.34],[96.73,27.33],[96.8,27.3],[96.88,27.18],[96.95,27.13],[97.04,27.1],[97.1,27.12],[97.1,27.16],[96.9,27.44],[96.88,27.51],[96.88,27.59],[96.9,27.64],[96.96,27.7],[97.05,27.76],[97.16,27.84],[97.23,27.89],[97.31,27.91],[97.34,27.94],[97.34,27.98],[97.34,28.03],[97.3,28.09],[97.31,28.16],[97.32,28.22],[97.36,28.25],[97.43,28.35],[97.48,28.43],[97.5,28.46],[97.54,28.51],[97.6,28.52],[97.66,28.5],[97.69,28.47],[97.73,28.41],[97.77,28.36],[97.82,28.36],[97.86,28.36],[97.89,28.36],[97.93,28.31],[98.02,28.21],[98.06,28.19],[98.1,28.14],[98.12,28.06],[98.13,27.97],[98.24,27.66],[98.27,27.6],[98.3,27.55],[98.35,27.54],[98.39,27.59],[98.41,27.64],[98.45,27.66],[98.5,27.65],[98.6,27.6],[98.65,27.57],[98.68,27.42],[98.68,27.25],[98.67,27.19],[98.72,27.04],[98.73,26.88],[98.74,26.79],[98.74,26.7],[98.73,26.58],[98.71,26.43],[98.67,26.3],[98.69,26.19],[98.66,26.14],[98.57,26.11],[98.56,26.07],[98.59,26.0],[98.65,25.92],[98.66,25.86],[98.63,25.83],[98.56,25.82],[98.47,25.79],[98.4,25.68],[98.33,25.59],[98.3,25.57],[98.17,25.59],[98.14,25.57],[98.1,25.42],[98.06,25.35],[98.01,25.29],[97.96,25.26],[97.92,25.24],[97.82,25.25],[97.77,25.16],[97.71,25.03],[97.71,24.97],[97.74,24.87],[97.72,24.84],[97.67,24.82],[97.58,24.77],[97.53,24.63],[97.53,24.49],[97.56,24.44],[97.62,24.42],[97.67,24.38],[97.67,24.31],[97.71,24.23],[97.69,24.13],[97.57,23.99],[97.56,23.91],[97.63,23.89],[97.69,23.9],[97.76,23.93],[97.84,23.99],[98.02,24.07],[98.21,24.11],[98.37,24.12],[98.5,24.12],[98.56,24.1],[98.58,24.07],[98.76,24.12],[98.8,24.12],[98.84,24.12],[98.83,24.09],[98.7,23.96],[98.68,23.91],[98.68,23.84],[98.74,23.78],[98.79,23.74],[98.83,23.62],[98.8,23.52],[98.82,23.48],[98.86,23.44],[98.88,23.38],[98.89,23.31],[98.86,23.19],[99.06,23.13],[99.22,23.1],[99.34,23.1],[99.42,23.07],[99.46,23.05],[99.5,23.0],[99.51,22.96],[99.47,22.93],[99.39,22.83],[99.34,22.69],[99.34,22.59],[99.34,22.5],[99.24,22.37],[99.21,22.28],[99.17,22.19],[99.17,22.15],[99.19,22.13],[99.23,22.11],[99.3,22.1],[99.39,22.11],[99.59,22.09],[99.83,22.05],[99.92,22.03],[99.95,21.99],[99.94,21.9],[99.93,21.82],[99.94,21.76],[99.98,21.7],[100.04,21.68],[100.1,21.66],[100.11,21.62],[100.09,21.56],[100.12,21.51],[100.15,21.48],[100.21,21.46],[100.35,21.5],[100.45,21.48],[100.53,21.46],[100.6,21.47],[100.68,21.5],[100.84,21.66],[101.02,21.74],[101.08,21.76],[101.12,21.75],[101.13,21.74],[101.13,21.71],[101.15,21.58],[101.14,21.57],[101.08,21.47],[100.93,21.37],[100.82,21.31],[100.76,21.31],[100.7,21.25],[100.66,21.13],[100.61,21.06],[100.57,21.04],[100.54,20.99],[100.52,20.92],[100.55,20.88],[100.62,20.88],[100.62,20.86],[100.57,20.83],[100.49,20.81],[100.41,20.82],[100.33,20.8],[100.25,20.73],[100.18,20.59],[100.13,20.37],[100.12,20.32]]],[[[98.21,10.95],[98.29,10.78],[98.28,10.75],[98.27,10.74],[98.25,10.74],[98.22,10.84],[98.16,10.9],[98.08,10.89],[98.14,10.96],[98.17,10.98],[98.21,10.95]]],[[[98.18,9.93],[98.13,9.88],[98.12,9.88],[98.14,9.97],[98.22,10.05],[98.29,10.05],[98.28,10.01],[98.23,9.95],[98.18,9.93]]],[[[98.22,11.48],[98.22,11.46],[98.21,11.46],[98.19,11.47],[98.2,11.57],[98.24,11.64],[98.28,11.76],[98.3,11.78],[98.31,11.72],[98.28,11.59],[98.26,11.52],[98.22,11.48]]],[[[98.52,11.91],[98.47,11.9],[98.45,12.06],[98.47,12.08],[98.53,12.01],[98.61,11.96],[98.58,11.93],[98.52,11.91]]],[[[98.55,11.74],[98.53,11.54],[98.46,11.57],[98.43,11.57],[98.4,11.68],[98.4,11.71],[98.38,11.79],[98.52,11.8],[98.55,11.74]]],[[[98.41,12.6],[98.44,12.57],[98.47,12.57],[98.46,12.47],[98.38,12.35],[98.33,12.34],[98.31,12.34],[98.33,12.51],[98.3,12.61],[98.31,12.68],[98.4,12.65],[98.41,12.6]]],[[[98.14,12.15],[98.13,12.14],[98.11,12.15],[98.08,12.16],[98.04,12.23],[98.06,12.28],[98.07,12.29],[98.1,12.29],[98.12,12.28],[98.13,12.26],[98.12,12.22],[98.12,12.19],[98.14,12.15]]],[[[94.48,15.95],[94.41,15.85],[94.39,15.99],[94.49,16.08],[94.55,16.15],[94.6,16.21],[94.62,16.14],[94.57,16.02],[94.48,15.95]]],[[[97.58,16.25],[97.54,16.24],[97.48,16.31],[97.47,16.46],[97.52,16.5],[97.54,16.51],[97.58,16.49],[97.59,16.46],[97.6,16.43],[97.59,16.4],[97.58,16.25]]],[[[93.69,18.68],[93.67,18.68],[93.57,18.76],[93.49,18.87],[93.62,18.89],[93.74,18.87],[93.75,18.81],[93.72,18.72],[93.69,18.68]]],[[[93.49,19.89],[93.51,19.75],[93.44,19.81],[93.42,19.88],[93.41,19.95],[93.49,19.89]]],[[[93.71,19.56],[93.83,19.48],[93.87,19.48],[93.95,19.43],[93.95,19.41],[93.93,19.37],[93.9,19.33],[93.82,19.3],[93.76,19.33],[93.73,19.42],[93.66,19.46],[93.64,19.5],[93.69,19.54],[93.71,19.56]]],[[[98.54,10.96],[98.52,10.96],[98.5,10.96],[98.48,10.98],[98.53,11.09],[98.54,10.96]]],[[[98.08,11.69],[98.08,11.64],[98.02,11.7],[98.01,11.86],[98.06,11.76],[98.08,11.73],[98.08,11.69]]],[[[98.07,12.39],[98.06,12.35],[98.0,12.28],[97.95,12.32],[97.94,12.35],[97.99,12.39],[98.05,12.39],[98.06,12.4],[98.07,12.39]]],[[[98.32,13.1],[98.31,12.93],[98.26,13.01],[98.25,13.1],[98.25,13.19],[98.27,13.2],[98.27,13.19],[98.3,13.15],[98.32,13.1]]],[[[94.8,15.82],[94.78,15.79],[94.74,15.81],[94.73,15.82],[94.83,15.93],[94.84,15.89],[94.8,15.82]]],[[[93.01,19.92],[93.02,19.83],[92.98,19.87],[92.91,20.0],[92.91,20.09],[92.96,20.05],[93.01,19.92]]]]},"properties":{"iso":"MMR","name":"Myanmar","ha":[704116.1,704115.0,705235.5,707160.7,709891.7,710990.3,710890.8,711605.5,711667.1,704616.3,704858.2,704526.7,699974.1,693838.9,673277.3,670553.9,662026.3,653923.0,647233.4,631518.8,629661.8,627775.8,625231.9,624723.8,620948.7,613895.0,599569.4,579654.1,565333.6,555719.9,560044.7,562205.5,564142.1,566447.0,565075.2,564653.7,567104.8,564128.8,558779.9,562620.9,558360.8],"lo":[656727.0,656725.9,657771.1,659566.7,662113.9,663138.6,663045.7,663712.3,663769.8,657193.5,657419.1,657109.9,652863.8,647141.5,627963.8,625423.6,617470.0,609912.1,603672.7,589015.7,587283.7,585524.6,583151.9,582678.0,579157.0,572578.0,559216.6,540641.7,527285.0,518318.3,522352.0,524367.4,526173.6,528323.4,527044.0,526650.8,528937.0,526161.3,521172.3,524754.8,520781.5],"hi":[771709.1,771707.8,772935.9,775046.0,778039.1,779243.2,779134.1,779917.4,779985.0,772257.3,772522.4,772159.0,767169.5,760445.3,737909.9,734925.0,725578.8,716697.6,709365.8,692142.7,690107.4,688040.3,685252.2,684695.3,680557.9,672827.0,657126.2,635299.1,619603.9,609067.3,613807.2,616175.5,618298.0,620824.1,619320.7,618858.7,621545.1,618283.4,612421.0,616630.8,611961.7]}},{"type":"Feature","geometry":{"type":"MultiPolygon","coordinates":[[[[145.71,18.76],[145.68,18.73],[145.65,18.75],[145.65,18.81],[145.69,18.8],[145.71,18.79],[145.71,18.76]]],[[[145.71,16.34],[145.69,16.33],[145.66,16.34],[145.64,16.35],[145.63,16.38],[145.7,16.38],[145.72,16.36],[145.71,16.34]]],[[[145.26,14.16],[145.22,14.11],[145.18,14.12],[145.16,14.14],[145.15,14.16],[145.23,14.19],[145.27,14.18],[145.26,14.16]]],[[[145.78,18.08],[145.73,18.06],[145.79,18.16],[145.81,18.17],[145.84,18.14],[145.78,18.08]]],[[[145.75,15.13],[145.75,15.11],[145.7,15.11],[145.68,15.13],[145.71,15.22],[145.79,15.26],[145.82,15.27],[145.79,15.22],[145.78,15.17],[145.75,15.13]]],[[[145.66,14.97],[145.62,14.92],[145.59,15.0],[145.59,15.03],[145.62,15.06],[145.65,15.06],[145.66,14.97]]]]},"properties":{"iso":"MNP","name":"Northern Mariana Islands","ha":[0.0,0.0,0.0,0.0,0.0,0.0,0.3,0.3,0.7,0.7,0.7,0.7,0.7,0.6,0.8,1.3,1.3,1.1,1.3,1.5,1.7,1.7,1.7,1.7,1.9,1.9,1.9,1.9,1.9,2.0,2.0,1.9,2.1,2.2,1.9,1.9,2.0,2.3,2.4,2.9,3.2],"lo":[0.0,0.0,0.0,0.0,0.0,0.0,0.2,0.3,0.6,0.6,0.6,0.6,0.6,0.6,0.8,1.2,1.2,1.0,1.2,1.4,1.6,1.6,1.6,1.6,1.7,1.7,1.7,1.7,1.7,1.9,1.9,1.8,2.0,2.0,1.8,1.8,1.9,2.1,2.2,2.7,3.0],"hi":[0.0,0.0,0.0,0.0,0.0,0.0,0.3,0.4,0.7,0.7,0.7,0.7,0.7,0.6,0.9,1.4,1.4,1.2,1.4,1.7,1.8,1.8,1.8,1.8,2.0,2.0,2.0,2.0,2.0,2.2,2.2,2.1,2.3,2.4,2.1,2.1,2.2,2.5,2.6,3.1,3.5]}},{"type":"Feature","geometry":{"type":"MultiPolygon","coordinates":[[[[31.29,-22.4],[31.43,-22.3],[31.57,-22.15],[31.74,-21.98],[31.89,-21.83],[32.02,-21.7],[32.19,-21.52],[32.37,-21.33],[32.41,-21.31],[32.43,-21.3],[32.35,-21.14],[32.48,-20.95],[32.48,-20.83],[32.48,-20.71],[32.49,-20.66],[32.53,-20.61],[32.67,-20.52],[32.78,-20.36],[32.87,-20.22],[32.99,-19.98],[33.0,-19.93],[33.01,-19.87],[32.97,-19.8],[32.89,-19.67],[32.83,-19.56],[32.78,-19.39],[32.83,-19.24],[32.85,-19.15],[32.85,-19.1],[32.83,-19.06],[32.77,-19.02],[32.72,-19.0],[32.7,-18.94],[32.7,-18.87],[32.72,-18.83],[32.85,-18.76],[32.88,-18.73],[32.9,-18.69],[32.9,-18.63],[32.94,-18.49],[32.99,-18.36],[33.0,-18.31],[32.98,-18.27],[32.96,-18.2],[32.96,-18.08],[32.95,-17.77],[32.98,-17.44],[32.97,-17.25],[32.88,-17.04],[32.88,-16.88],[32.94,-16.78],[32.95,-16.71],[32.9,-16.7],[32.81,-16.7],[32.74,-16.68],[32.64,-16.59],[32.45,-16.52],[32.24,-16.45],[31.94,-16.43],[31.69,-16.21],[31.49,-16.18],[31.43,-16.15],[31.24,-16.02],[30.94,-16.01],[30.63,-16.0],[30.44,-16.0],[30.41,-15.98],[30.4,-15.8],[30.4,-15.64],[30.38,-15.51],[30.35,-15.35],[30.31,-15.29],[30.25,-15.18],[30.23,-15.07],[30.22,-15.01],[30.23,-14.99],[30.45,-14.91],[30.54,-14.87],[30.67,-14.82],[30.92,-14.75],[31.13,-14.69],[31.33,-14.64],[31.54,-14.58],[31.62,-14.54],[31.73,-14.5],[31.98,-14.41],[32.05,-14.39],[32.2,-14.34],[32.27,-14.32],[32.55,-14.23],[32.87,-14.12],[32.99,-14.08],[33.2,-14.01],[33.24,-14.04],[33.39,-14.29],[33.51,-14.43],[33.64,-14.57],[33.66,-14.56],[33.7,-14.53],[33.76,-14.52],[33.97,-14.49],[34.05,-14.49],[34.1,-14.45],[34.21,-14.42],[34.33,-14.41],[34.38,-14.42],[34.51,-14.6],[34.52,-14.73],[34.55,-14.92],[34.56,-15.02],[34.56,-15.14],[34.54,-15.3],[34.43,-15.48],[34.41,-15.57],[34.36,-15.71],[34.28,-15.77],[34.25,-15.83],[34.25,-15.89],[34.29,-15.94],[34.38,-16.02],[34.4,-16.08],[34.4,-16.13],[34.4,-16.2],[34.42,-16.25],[34.44,-16.27],[34.53,-16.32],[34.61,-16.43],[34.76,-16.57],[34.93,-16.76],[35.02,-16.82],[35.08,-16.83],[35.11,-16.9],[35.09,-16.97],[35.04,-17.02],[35.06,-17.08],[35.09,-17.11],[35.12,-17.13],[35.2,-17.13],[35.27,-17.12],[35.29,-17.1],[35.28,-16.81],[35.23,-16.64],[35.18,-16.57],[35.17,-16.56],[35.19,-16.5],[35.24,-16.38],[35.29,-16.25],[35.32,-16.19],[35.36,-16.16],[35.6,-16.13],[35.71,-16.1],[35.76,-16.06],[35.79,-15.96],[35.82,-15.68],[35.83,-15.42],[35.81,-15.27],[35.84,-15.03],[35.89,-14.89],[35.87,-14.86],[35.85,-14.67],[35.69,-14.47],[35.49,-14.2],[35.38,-14.06],[35.25,-13.9],[35.01,-13.64],[34.91,-13.55],[34.85,-13.52],[34.66,-13.49],[34.61,-13.44],[34.56,-13.36],[34.55,-13.22],[34.54,-13.11],[34.52,-12.93],[34.48,-12.67],[34.47,-12.59],[34.41,-12.4],[34.36,-12.21],[34.36,-12.16],[34.38,-12.12],[34.46,-11.98],[34.52,-11.89],[34.55,-11.83],[34.61,-11.69],[34.62,-11.62],[34.66,-11.59],[34.83,-11.58],[34.96,-11.58],[35.18,-11.57],[35.42,-11.58],[35.45,-11.59],[35.5,-11.6],[35.56,-11.6],[35.63,-11.58],[35.7,-11.53],[35.79,-11.45],[35.91,-11.45],[36.08,-11.54],[36.18,-11.61],[36.19,-11.67],[36.31,-11.71],[36.52,-11.72],[36.67,-11.68],[36.77,-11.61],[36.87,-11.57],[36.98,-11.57],[37.06,-11.59],[37.11,-11.65],[37.22,-11.69],[37.37,-11.71],[37.54,-11.68],[37.72,-11.58],[37.83,-11.48],[37.86,-11.38],[37.89,-11.32],[37.92,-11.29],[38.02,-11.28],[38.18,-11.28],[38.32,-11.31],[38.49,-11.41],[38.6,-11.35],[38.79,-11.23],[38.99,-11.17],[39.17,-11.17],[39.32,-11.12],[39.44,-11.03],[39.56,-10.98],[39.69,-10.95],[39.82,-10.91],[39.99,-10.82],[40.17,-10.69],[40.35,-10.55],[40.46,-10.46],[40.52,-10.57],[40.61,-10.66],[40.56,-10.72],[40.49,-10.77],[40.6,-10.83],[40.52,-10.93],[40.51,-11.0],[40.53,-11.03],[40.54,-11.07],[40.49,-11.18],[40.42,-11.27],[40.4,-11.33],[40.47,-11.45],[40.43,-11.66],[40.49,-11.84],[40.51,-11.94],[40.53,-12.0],[40.5,-12.12],[40.51,-12.31],[40.52,-12.39],[40.49,-12.49],[40.55,-12.53],[40.58,-12.64],[40.57,-12.76],[40.55,-12.82],[40.45,-12.9],[40.44,-12.94],[40.44,-12.98],[40.57,-12.98],[40.57,-13.06],[40.56,-13.12],[40.57,-13.22],[40.55,-13.29],[40.58,-13.37],[40.55,-13.46],[40.56,-13.53],[40.56,-13.62],[40.59,-13.85],[40.6,-14.12],[40.6,-14.17],[40.65,-14.2],[40.72,-14.21],[40.71,-14.29],[40.64,-14.39],[40.64,-14.45],[40.65,-14.54],[40.73,-14.42],[40.77,-14.42],[40.82,-14.47],[40.81,-14.54],[40.83,-14.57],[40.82,-14.63],[40.84,-14.72],[40.84,-14.79],[40.78,-14.84],[40.7,-14.93],[40.69,-15.01],[40.69,-15.07],[40.64,-15.08],[40.62,-15.12],[40.65,-15.19],[40.65,-15.26],[40.56,-15.47],[40.31,-15.76],[40.21,-15.87],[40.11,-15.98],[40.11,-16.03],[40.1,-16.07],[39.98,-16.23],[39.86,-16.25],[39.79,-16.29],[39.84,-16.44],[39.76,-16.47],[39.63,-16.58],[39.24,-16.79],[39.18,-16.84],[39.08,-16.97],[38.96,-17.0],[38.88,-17.04],[38.76,-17.06],[38.71,-17.05],[38.67,-17.05],[38.63,-17.08],[38.38,-17.17],[38.14,-17.24],[38.09,-17.28],[38.05,-17.32],[37.84,-17.39],[37.51,-17.57],[37.24,-17.74],[37.05,-17.91],[37.0,-17.93],[36.94,-17.99],[36.92,-18.08],[36.9,-18.13],[36.76,-18.31],[36.54,-18.52],[36.5,-18.58],[36.41,-18.69],[36.4,-18.77],[36.33,-18.79],[36.26,-18.72],[36.24,-18.86],[36.18,-18.87],[36.12,-18.84],[35.98,-18.91],[35.85,-18.99],[35.65,-19.16],[35.37,-19.49],[34.95,-19.81],[34.89,-19.82],[34.85,-19.82],[34.72,-19.71],[34.65,-19.7],[34.71,-19.77],[34.76,-19.82],[34.75,-19.93],[34.75,-20.09],[34.7,-20.4],[34.71,-20.47],[34.76,-20.56],[34.88,-20.67],[34.98,-20.81],[35.12,-21.2],[35.13,-21.4],[35.27,-21.65],[35.27,-21.76],[35.33,-22.04],[35.33,-22.26],[35.32,-22.4],[35.38,-22.45],[35.41,-22.4],[35.4,-22.32],[35.42,-22.18],[35.46,-22.12],[35.49,-22.12],[35.5,-22.19],[35.53,-22.25],[35.54,-22.3],[35.54,-22.38],[35.49,-22.66],[35.51,-22.77],[35.58,-22.96],[35.49,-23.19],[35.38,-23.71],[35.37,-23.8],[35.4,-23.84],[35.46,-23.85],[35.49,-23.78],[35.52,-23.78],[35.54,-23.82],[35.49,-24.07],[35.44,-24.17],[35.25,-24.43],[35.16,-24.54],[34.99,-24.65],[34.61,-24.82],[33.84,-25.07],[33.53,-25.19],[33.35,-25.26],[32.96,-25.49],[32.79,-25.64],[32.72,-25.82],[32.66,-25.9],[32.59,-26.0],[32.65,-26.09],[32.7,-26.16],[32.77,-26.2],[32.8,-26.24],[32.85,-26.27],[32.89,-26.13],[32.92,-26.09],[32.95,-26.08],[32.93,-26.25],[32.89,-26.83],[32.89,-26.85],[32.78,-26.85],[32.59,-26.86],[32.48,-26.86],[32.35,-26.86],[32.2,-26.83],[32.11,-26.84],[32.11,-26.52],[32.08,-26.45],[32.05,-26.35],[32.04,-26.28],[32.06,-26.22],[32.07,-26.11],[32.06,-26.02],[31.97,-25.97],[31.95,-25.96],[31.93,-25.89],[31.92,-25.77],[31.98,-25.63],[31.98,-25.36],[31.99,-25.26],[31.99,-25.07],[31.98,-24.84],[31.98,-24.64],[31.99,-24.46],[31.97,-24.38],[31.95,-24.33],[31.91,-24.24],[31.86,-24.04],[31.8,-23.89],[31.72,-23.79],[31.7,-23.74],[31.68,-23.67],[31.6,-23.55],[31.55,-23.48],[31.53,-23.43],[31.53,-23.28],[31.47,-23.02],[31.42,-22.83],[31.35,-22.62],[31.3,-22.48],[31.29,-22.45],[31.29,-22.4]],[[34.64,-12.01],[34.62,-11.98],[34.59,-11.97],[34.55,-11.98],[34.54,-12.02],[34.58,-12.07],[34.62,-12.07],[34.64,-12.01]],[[34.72,-12.11],[34.75,-12.09],[34.76,-12.06],[34.76,-12.03],[34.74,-12.01],[34.71,-12.0],[34.68,-12.01],[34.67,-12.05],[34.66,-12.1],[34.68,-12.12],[34.72,-12.11]]]]},"properties":{"iso":"MOZ","name":"Mozambique","ha":[308961.6,309134.1,309338.5,310228.8,314728.4,315736.4,316008.3,316234.8,316665.1,317556.5,318147.2,317385.1,316820.0,316317.0,315014.1,315532.9,314736.8,313919.4,313738.5,313233.5,313743.1,314032.2,314627.0,315189.3,315645.4,315229.0,312581.4,309609.9,308222.4,306245.0,306157.5,305722.1,304897.2,302603.4,301474.7,299921.7,299359.8,297232.1,297822.1,300553.9,304262.5],"lo":[288167.6,288328.5,288519.1,289349.4,293546.2,294486.4,294740.0,294951.3,295352.6,296184.0,296735.0,296024.2,295497.1,295027.9,293812.7,294296.6,293554.0,292791.7,292623.0,292151.9,292627.2,292896.9,293451.7,293976.1,294401.6,294013.2,291543.7,288772.3,287478.1,285633.8,285552.2,285146.1,284376.8,282237.3,281184.5,279736.1,279212.0,277227.5,277777.8,280325.8,283784.8],"hi":[338621.0,338810.0,339034.0,340009.8,344941.3,346046.1,346344.1,346592.4,347064.0,348040.9,348688.4,347853.1,347233.7,346682.4,345254.5,345823.1,344950.5,344054.7,343856.4,343302.9,343861.4,344178.3,344830.3,345446.5,345946.4,345490.1,342588.2,339331.5,337810.8,335643.6,335547.7,335070.4,334166.4,331652.4,330415.3,328713.2,328097.5,325765.4,326412.1,329406.2,333470.8]}},{"type":"Feature","geometry":{"type":"MultiPolygon","coordinates":[[[[-16.37,19.71],[-16.44,19.61],[-16.47,19.65],[-16.48,19.71],[-16.42,19.8],[-16.39,19.85],[-16.34,19.87],[-16.37,19.71]]],[[[-12.28,14.81],[-12.3,14.82],[-12.41,14.89],[-12.46,14.97],[-12.54,15.04],[-12.66,15.08],[-12.74,15.13],[-12.77,15.19],[-12.81,15.22],[-12.86,15.24],[-12.86,15.26],[-12.85,15.29],[-12.86,15.34],[-12.93,15.45],[-12.99,15.5],[-13.05,15.5],[-13.08,15.51],[-13.1,15.54],[-13.11,15.57],[-13.14,15.6],[-13.21,15.62],[-13.26,15.7],[-13.3,15.85],[-13.35,15.97],[-13.41,16.06],[-13.45,16.09],[-13.49,16.1],[-13.5,16.11],[-13.51,16.14],[-13.56,16.14],[-13.62,16.12],[-13.68,16.13],[-13.71,16.17],[-13.76,16.17],[-13.81,16.14],[-13.87,16.15],[-13.93,16.2],[-13.97,16.26],[-13.98,16.31],[-14.09,16.42],[-14.3,16.58],[-14.53,16.66],[-14.79,16.65],[-14.93,16.65],[-14.96,16.68],[-14.99,16.68],[-15.02,16.65],[-15.06,16.64],[-15.09,16.66],[-15.11,16.64],[-15.12,16.6],[-15.21,16.58],[-15.38,16.58],[-15.52,16.56],[-15.62,16.51],[-15.77,16.49],[-15.96,16.49],[-16.07,16.51],[-16.11,16.54],[-16.17,16.55],[-16.24,16.53],[-16.3,16.45],[-16.36,16.31],[-16.4,16.22],[-16.44,16.2],[-16.48,16.1],[-16.5,15.92],[-16.54,15.84],[-16.54,16.29],[-16.48,16.45],[-16.46,16.6],[-16.35,16.93],[-16.21,17.19],[-16.08,17.55],[-16.03,17.89],[-16.05,18.22],[-16.08,18.52],[-16.15,18.72],[-16.21,19.0],[-16.31,19.15],[-16.48,19.29],[-16.51,19.36],[-16.47,19.39],[-16.37,19.41],[-16.31,19.51],[-16.44,19.47],[-16.28,19.79],[-16.23,20.0],[-16.24,20.14],[-16.21,20.23],[-16.33,20.42],[-16.43,20.65],[-16.48,20.69],[-16.53,20.71],[-16.53,20.65],[-16.56,20.6],[-16.62,20.63],[-16.73,20.81],[-16.88,21.09],[-16.93,21.11],[-16.97,21.08],[-17.0,21.04],[-17.05,20.81],[-17.06,20.9],[-17.04,21.01],[-17.01,21.14],[-16.96,21.33],[-16.84,21.33],[-16.61,21.33],[-16.38,21.33],[-16.15,21.33],[-15.92,21.33],[-15.69,21.33],[-15.46,21.33],[-15.23,21.33],[-15.0,21.33],[-14.77,21.33],[-14.54,21.33],[-14.31,21.33],[-14.08,21.33],[-13.86,21.33],[-13.63,21.33],[-13.4,21.33],[-13.17,21.33],[-13.02,21.33],[-13.03,21.47],[-13.03,21.57],[-13.04,21.71],[-13.05,21.85],[-13.06,22.0],[-13.07,22.13],[-13.08,22.26],[-13.09,22.38],[-13.09,22.5],[-13.11,22.56],[-13.16,22.69],[-13.17,22.75],[-13.15,22.82],[-13.12,22.88],[-13.03,23.0],[-12.9,23.09],[-12.74,23.19],[-12.62,23.27],[-12.56,23.29],[-12.37,23.32],[-12.23,23.38],[-12.08,23.44],[-12.02,23.47],[-12.02,23.58],[-12.02,23.7],[-12.02,23.83],[-12.02,23.97],[-12.02,24.11],[-12.02,24.24],[-12.02,24.38],[-12.02,24.51],[-12.02,24.65],[-12.02,24.79],[-12.02,24.92],[-12.02,25.06],[-12.02,25.2],[-12.02,25.33],[-12.02,25.47],[-12.02,25.6],[-12.02,25.74],[-12.02,25.88],[-12.02,26.0],[-11.87,26.0],[-11.68,26.0],[-11.49,26.0],[-11.31,26.0],[-11.12,26.0],[-10.94,26.0],[-10.75,26.0],[-10.56,26.0],[-10.38,26.0],[-10.19,26.0],[-10.0,26.0],[-9.82,26.0],[-9.63,26.0],[-9.44,26.0],[-9.26,26.0],[-9.07,26.0],[-8.89,26.0],[-8.68,26.0],[-8.68,26.11],[-8.68,26.27],[-8.68,26.5],[-8.68,26.72],[-8.68,26.92],[-8.68,27.12],[-8.68,27.29],[-8.5,27.18],[-8.31,27.06],[-8.12,26.95],[-7.93,26.84],[-7.74,26.73],[-7.56,26.62],[-7.37,26.51],[-7.18,26.4],[-6.99,26.29],[-6.8,26.18],[-6.61,26.07],[-6.43,25.96],[-6.24,25.85],[-6.05,25.74],[-5.86,25.63],[-5.67,25.52],[-5.52,25.42],[-5.28,25.27],[-5.05,25.14],[-4.82,25.0],[-5.17,25.0],[-5.64,25.0],[-5.96,24.99],[-6.29,24.99],[-6.59,24.99],[-6.57,24.77],[-6.54,24.52],[-6.51,24.27],[-6.48,24.02],[-6.45,23.77],[-6.43,23.52],[-6.4,23.27],[-6.37,23.03],[-6.34,22.78],[-6.31,22.53],[-6.28,22.28],[-6.25,22.03],[-6.23,21.78],[-6.2,21.53],[-6.17,21.29],[-6.14,21.04],[-6.11,20.79],[-6.08,20.54],[-6.05,20.29],[-6.03,20.04],[-6.0,19.79],[-5.97,19.54],[-5.94,19.3],[-5.91,19.05],[-5.88,18.8],[-5.86,18.55],[-5.83,18.3],[-5.8,18.05],[-5.77,17.8],[-5.74,17.56],[-5.71,17.31],[-5.68,17.06],[-5.66,16.81],[-5.63,16.57],[-5.51,16.44],[-5.36,16.28],[-5.4,16.06],[-5.46,15.79],[-5.51,15.5],[-5.72,15.5],[-5.93,15.5],[-6.13,15.5],[-6.34,15.5],[-6.54,15.5],[-6.74,15.5],[-6.95,15.5],[-7.15,15.5],[-7.36,15.5],[-7.56,15.5],[-7.76,15.5],[-7.97,15.5],[-8.17,15.5],[-8.38,15.5],[-8.58,15.5],[-8.78,15.5],[-8.99,15.5],[-9.18,15.5],[-9.29,15.5],[-9.34,15.53],[-9.35,15.68],[-9.39,15.67],[-9.43,15.62],[-9.45,15.57],[-9.44,15.51],[-9.45,15.46],[-9.58,15.44],[-9.76,15.4],[-9.94,15.37],[-10.13,15.38],[-10.19,15.4],[-10.26,15.42],[-10.41,15.44],[-10.49,15.44],[-10.59,15.43],[-10.7,15.42],[-10.73,15.39],[-10.82,15.28],[-10.9,15.15],[-10.95,15.15],[-11.01,15.22],[-11.17,15.36],[-11.37,15.54],[-11.46,15.63],[-11.5,15.64],[-11.6,15.57],[-11.68,15.51],[-11.76,15.43],[-11.8,15.34],[-11.83,15.24],[-11.84,15.13],[-11.87,15.0],[-11.94,14.89],[-12.02,14.8],[-12.08,14.77],[-12.1,14.75],[-12.28,14.81]]]]},"properties":{"iso":"MRT","name":"Mauritania","ha":[35.3,35.5,36.0,37.1,38.6,39.6,39.7,39.7,39.6,37.4,37.5,36.8,36.1,36.5,40.1,43.8,44.6,45.6,46.9,59.4,61.1,65.1,73.9,90.4,117.1,150.9,153.5,160.6,165.3,189.4,195.5,200.6,201.7,204.2,209.1,213.8,218.4,224.5,226.1,225.1,225.1],"lo":[32.9,33.1,33.6,34.6,36.0,36.9,37.1,37.1,36.9,34.9,34.9,34.3,33.7,34.0,37.4,40.9,41.6,42.5,43.8,55.4,57.0,60.7,68.9,84.3,109.2,140.7,143.2,149.8,154.1,176.6,182.4,187.1,188.2,190.4,195.0,199.4,203.7,209.4,210.9,209.9,209.9],"hi":[38.7,38.9,39.5,40.7,42.4,43.4,43.6,43.6,43.4,41.0,41.1,40.3,39.6,40.0,44.0,48.0,48.8,49.9,51.4,65.1,67.0,71.3,81.0,99.1,128.4,165.4,168.2,176.1,181.1,207.6,214.3,219.8,221.1,223.8,229.2,234.4,239.4,246.0,247.8,246.7,246.7]}},{"type":"Feature","geometry":{"type":"MultiPolygon","coordinates":[[[[-60.83,14.49],[-60.84,14.44],[-60.86,14.43],[-60.9,14.47],[-61.06,14.47],[-61.09,14.51],[-61.09,14.53],[-61.01,14.6],[-61.1,14.62],[-61.14,14.65],[-61.22,14.8],[-61.21,14.85],[-61.18,14.87],[-61.13,14.88],[-61.03,14.83],[-60.95,14.76],[-60.93,14.76],[-60.92,14.74],[-60.93,14.69],[-60.89,14.64],[-60.87,14.61],[-60.83,14.49]]]]},"properties":{"iso":"MTQ","name":"Martinique","ha":[1881.2,1881.5,1881.5,1882.1,1876.6,1879.8,1882.1,1882.5,1882.9,1884.7,1884.8,1884.9,1889.4,1904.6,2018.3,2083.3,2103.5,2116.3,2137.0,2183.3,2201.9,2173.3,2177.9,2205.3,2253.4,2254.8,2246.6,2232.0,2233.6,2266.7,2316.5,2332.0,2346.3,2342.4,2314.9,2311.3,2309.0,2296.0,2303.4,2308.7,2308.7],"lo":[1754.6,1754.8,1754.8,1755.5,1750.3,1753.3,1755.5,1755.8,1756.2,1757.8,1757.9,1758.1,1762.2,1776.4,1882.5,1943.1,1961.9,1973.9,1993.1,2036.3,2053.7,2027.0,2031.3,2056.8,2101.8,2103.0,2095.4,2081.8,2083.3,2114.2,2160.6,2175.0,2188.4,2184.7,2159.1,2155.8,2153.6,2141.5,2148.3,2153.3,2153.3],"hi":[2061.8,2062.1,2062.1,2062.8,2056.8,2060.3,2062.8,2063.2,2063.6,2065.6,2065.7,2065.9,2070.8,2087.4,2212.1,2283.3,2305.4,2319.5,2342.1,2392.8,2413.3,2381.9,2387.0,2417.0,2469.7,2471.2,2462.3,2446.3,2448.0,2484.3,2538.8,2555.8,2571.5,2567.2,2537.1,2533.2,2530.7,2516.4,2524.5,2530.3,2530.3]}},{"type":"Feature","geometry":{"type":"MultiPolygon","coordinates":[[[[57.65,-20.48],[57.52,-20.51],[57.38,-20.5],[57.33,-20.45],[57.32,-20.43],[57.37,-20.41],[57.36,-20.34],[57.39,-20.23],[57.42,-20.18],[57.49,-20.14],[57.52,-20.06],[57.58,-20.0],[57.66,-19.99],[57.74,-20.1],[57.79,-20.21],[57.78,-20.33],[57.73,-20.37],[57.71,-20.43],[57.65,-20.48]]]]},"properties":{"iso":"MUS","name":"Mauritius","ha":[293.4,293.4,293.4,293.4,293.4,293.4,293.4,293.4,293.4,293.5,293.5,293.5,293.0,286.7,265.8,273.1,275.6,277.4,281.7,300.5,311.5,320.7,332.5,338.0,360.0,366.6,359.1,359.1,360.6,369.5,376.7,382.9,392.6,400.7,402.1,405.9,410.7,417.9,422.8,420.4,435.0],"lo":[273.6,273.6,273.6,273.6,273.6,273.6,273.6,273.6,273.6,273.8,273.8,273.7,273.3,267.4,247.9,254.7,257.0,258.7,262.8,280.2,290.5,299.1,310.1,315.3,335.8,341.9,335.0,334.9,336.3,344.7,351.3,357.1,366.2,373.8,375.1,378.6,383.1,389.8,394.3,392.1,405.7],"hi":[321.5,321.5,321.5,321.5,321.5,321.5,321.5,321.5,321.5,321.7,321.7,321.6,321.2,314.2,291.3,299.3,302.0,304.0,308.8,329.3,341.4,351.5,364.4,370.5,394.6,401.8,393.6,393.5,395.2,405.0,412.8,419.7,430.3,439.2,440.8,444.9,450.1,458.1,463.4,460.8,476.7]}},{"type":"Feature","geometry":{"type":"MultiPolygon","coordinates":[[[[100.12,6.44],[100.14,6.49],[100.16,6.64],[100.18,6.67],[100.22,6.69],[100.26,6.68],[100.35,6.55],[100.56,6.47],[100.63,6.45],[100.72,6.48],[100.75,6.46],[100.79,6.43],[100.82,6.33],[100.87,6.25],[100.99,6.26],[101.03,6.25],[101.05,6.24],[101.08,6.17],[101.09,6.03],[101.08,5.96],[100.99,5.85],[100.98,5.77],[101.03,5.72],[101.08,5.67],[101.11,5.64],[101.15,5.64],[101.19,5.67],[101.23,5.73],[101.26,5.79],[101.4,5.85],[101.56,5.91],[101.58,5.9],[101.6,5.88],[101.65,5.8],[101.68,5.78],[101.72,5.77],[101.79,5.78],[101.87,5.83],[101.92,5.91],[101.94,5.98],[102.06,6.1],[102.07,6.18],[102.1,6.24],[102.27,6.2],[102.34,6.17],[102.53,5.86],[102.79,5.64],[102.9,5.56],[102.98,5.52],[103.1,5.41],[103.2,5.26],[103.42,4.85],[103.45,4.67],[103.47,4.39],[103.42,3.98],[103.36,3.77],[103.37,3.67],[103.45,3.52],[103.43,3.38],[103.45,3.26],[103.44,2.93],[103.49,2.84],[103.54,2.77],[103.81,2.58],[103.83,2.51],[103.97,2.26],[104.22,1.72],[104.29,1.48],[104.28,1.42],[104.25,1.39],[104.18,1.36],[104.11,1.41],[104.09,1.45],[104.1,1.49],[104.08,1.53],[104.02,1.58],[103.98,1.62],[103.99,1.55],[103.99,1.45],[103.92,1.45],[103.82,1.48],[103.69,1.45],[103.55,1.33],[103.48,1.33],[103.43,1.43],[103.4,1.5],[103.36,1.55],[102.9,1.79],[102.73,1.86],[102.55,2.04],[102.15,2.25],[101.89,2.45],[101.78,2.57],[101.52,2.68],[101.41,2.81],[101.35,2.84],[101.3,2.89],[101.35,3.01],[101.33,3.14],[101.3,3.25],[101.12,3.47],[101.02,3.62],[100.85,3.78],[100.78,3.86],[100.72,3.97],[100.76,4.0],[100.8,4.02],[100.76,4.1],[100.66,4.23],[100.61,4.37],[100.61,4.65],[100.47,5.04],[100.35,5.59],[100.37,5.78],[100.34,5.98],[100.26,6.18],[100.16,6.32],[100.12,6.44]]],[[[117.57,4.17],[117.54,4.17],[117.45,4.19],[117.28,4.3],[117.1,4.34],[116.84,4.34],[116.7,4.35],[116.64,4.34],[116.59,4.34],[116.55,4.36],[116.51,4.37],[116.41,4.31],[116.37,4.33],[116.32,4.35],[116.24,4.36],[116.13,4.36],[116.02,4.29],[115.9,4.35],[115.86,4.35],[115.84,4.33],[115.78,4.25],[115.68,4.19],[115.63,4.08],[115.6,3.98],[115.57,3.94],[115.56,3.73],[115.54,3.63],[115.57,3.5],[115.57,3.45],[115.52,3.36],[115.51,3.34],[115.49,3.21],[115.5,3.17],[115.49,3.13],[115.45,3.03],[115.38,3.01],[115.31,2.99],[115.25,3.03],[115.19,2.97],[115.12,2.89],[115.09,2.84],[115.09,2.79],[115.09,2.76],[115.08,2.72],[115.08,2.69],[115.08,2.63],[115.13,2.61],[115.18,2.57],[115.18,2.52],[115.15,2.49],[115.09,2.45],[114.97,2.35],[114.84,2.27],[114.79,2.25],[114.77,2.21],[114.76,2.16],[114.79,2.05],[114.82,2.02],[114.83,1.98],[114.81,1.93],[114.8,1.89],[114.75,1.87],[114.7,1.85],[114.69,1.82],[114.66,1.69],[114.63,1.62],[114.57,1.51],[114.55,1.47],[114.51,1.45],[114.39,1.5],[114.27,1.47],[114.13,1.45],[114,1.46],[113.9,1.43],[113.84,1.38],[113.76,1.31],[113.68,1.26],[113.62,1.24],[113.51,1.31],[113.46,1.3],[113.36,1.33],[113.13,1.41],[113.07,1.43],[113.01,1.43],[112.99,1.46],[113.0,1.5],[112.99,1.55],[112.94,1.57],[112.48,1.56],[112.34,1.51],[112.25,1.48],[112.19,1.44],[112.17,1.34],[112.13,1.24],[112.08,1.14],[111.92,1.11],[111.81,1.01],[111.77,1.0],[111.69,1.01],[111.61,1.02],[111.55,0.99],[111.48,1.0],[111.29,1.04],[111.1,1.05],[111.0,1.03],[110.94,1.02],[110.61,0.88],[110.51,0.86],[110.46,0.88],[110.4,0.94],[110.32,1.0],[110.11,1.19],[110.04,1.24],[109.99,1.28],[109.94,1.34],[109.88,1.4],[109.82,1.44],[109.74,1.52],[109.65,1.61],[109.64,1.78],[109.57,1.81],[109.55,1.85],[109.54,1.9],[109.63,2.03],[109.69,1.89],[109.72,1.86],[109.86,1.76],[109.98,1.72],[110.11,1.7],[110.25,1.69],[110.3,1.7],[110.35,1.72],[110.4,1.7],[110.68,1.55],[110.78,1.52],[110.89,1.53],[110.94,1.52],[111.1,1.4],[111.15,1.39],[111.22,1.4],[111.12,1.45],[111.06,1.49],[111.03,1.56],[111.05,1.63],[111.11,1.68],[111.15,1.74],[111.17,1.9],[111.2,1.99],[111.25,2.06],[111.27,2.14],[111.21,2.2],[111.2,2.3],[111.21,2.38],[111.24,2.44],[111.3,2.4],[111.35,2.36],[111.41,2.37],[111.44,2.38],[111.45,2.42],[111.44,2.5],[111.44,2.63],[111.51,2.74],[111.62,2.82],[111.73,2.85],[112.12,2.91],[112.74,3.07],[112.92,3.13],[112.99,3.16],[113.04,3.21],[113.14,3.34],[113.32,3.56],[113.45,3.74],[113.71,4.0],[113.92,4.24],[113.95,4.29],[113.99,4.42],[113.99,4.48],[113.98,4.55],[114.01,4.58],[114.05,4.59],[114.06,4.59],[114.1,4.57],[114.17,4.53],[114.22,4.48],[114.26,4.41],[114.29,4.35],[114.29,4.3],[114.32,4.26],[114.42,4.26],[114.45,4.2],[114.51,4.11],[114.57,4.05],[114.61,4.02],[114.65,4.04],[114.72,4.1],[114.78,4.17],[114.81,4.27],[114.78,4.28],[114.83,4.35],[114.84,4.39],[114.82,4.43],[114.79,4.46],[114.78,4.55],[114.76,4.67],[114.75,4.72],[114.78,4.75],[114.86,4.8],[114.94,4.86],[115.03,4.9],[115.03,4.82],[115.03,4.69],[115.05,4.58],[115.11,4.39],[115.17,4.36],[115.25,4.35],[115.29,4.35],[115.32,4.37],[115.33,4.38],[115.28,4.46],[115.27,4.63],[115.23,4.75],[115.17,4.87],[115.14,4.9],[115.37,4.93],[115.43,4.97],[115.52,5.05],[115.55,5.09],[115.58,5.19],[115.47,5.25],[115.42,5.33],[115.42,5.41],[115.56,5.57],[115.6,5.6],[115.62,5.55],[115.69,5.54],[115.74,5.53],[115.8,5.54],[115.88,5.61],[115.92,5.72],[116.06,5.88],[116.11,6.0],[116.14,6.13],[116.49,6.52],[116.54,6.58],[116.75,6.98],[116.78,6.99],[116.83,6.95],[116.85,6.83],[116.84,6.77],[116.81,6.69],[116.79,6.61],[116.81,6.61],[116.91,6.66],[117.02,6.8],[117.08,6.92],[117.13,6.97],[117.23,6.94],[117.25,6.92],[117.25,6.83],[117.25,6.78],[117.29,6.68],[117.38,6.61],[117.5,6.57],[117.61,6.51],[117.65,6.47],[117.67,6.43],[117.69,6.35],[117.7,6.27],[117.62,6.2],[117.65,6.07],[117.64,6.0],[117.62,5.94],[117.5,5.88],[117.82,5.94],[117.9,5.97],[118.0,6.05],[118.06,5.98],[118.12,5.86],[118.07,5.83],[117.93,5.79],[117.93,5.77],[117.97,5.71],[118.03,5.71],[118.14,5.75],[118.25,5.82],[118.3,5.82],[118.35,5.81],[118.46,5.76],[118.51,5.73],[118.56,5.68],[118.59,5.59],[118.71,5.56],[118.96,5.43],[119.0,5.42],[119.05,5.42],[119.18,5.43],[119.22,5.41],[119.26,5.37],[119.27,5.31],[119.26,5.25],[119.25,5.2],[119.22,5.16],[119.13,5.1],[118.91,5.02],[118.67,4.96],[118.55,4.97],[118.38,5.02],[118.32,5.01],[118.26,4.99],[118.19,4.83],[118.32,4.67],[118.56,4.5],[118.6,4.46],[118.59,4.41],[118.55,4.38],[118.5,4.36],[118.36,4.34],[118.23,4.32],[118.12,4.29],[118.01,4.25],[117.9,4.26],[117.74,4.34],[117.7,4.34],[117.65,4.3],[117.6,4.2],[117.57,4.17]]],[[[104.22,2.73],[104.17,2.72],[104.15,2.73],[104.13,2.77],[104.17,2.86],[104.18,2.87],[104.22,2.77],[104.22,2.73]]],[[[100.29,5.29],[100.26,5.27],[100.19,5.28],[100.2,5.45],[100.25,5.47],[100.31,5.44],[100.34,5.41],[100.29,5.29]]],[[[99.85,6.47],[99.92,6.36],[99.88,6.31],[99.87,6.3],[99.82,6.31],[99.78,6.27],[99.74,6.26],[99.7,6.34],[99.66,6.37],[99.65,6.42],[99.71,6.43],[99.75,6.41],[99.82,6.45],[99.85,6.47]]],[[[117.14,7.17],[117.08,7.12],[117.06,7.18],[117.06,7.26],[117.15,7.34],[117.26,7.35],[117.28,7.29],[117.27,7.22],[117.24,7.18],[117.14,7.17]]],[[[101.32,2.99],[101.27,2.97],[101.27,3.0],[101.27,3.03],[101.31,3.07],[101.33,3.05],[101.32,2.99]]],[[[111.39,2.42],[111.36,2.4],[111.31,2.44],[111.3,2.74],[111.33,2.77],[111.36,2.76],[111.38,2.71],[111.38,2.58],[111.38,2.46],[111.39,2.42]]],[[[117.88,4.19],[117.75,4.17],[117.65,4.17],[117.67,4.2],[117.66,4.25],[117.71,4.26],[117.76,4.25],[117.88,4.19]]]]},"properties":{"iso":"MYS","name":"Malaysia","ha":[598718.3,598716.7,598750.2,598823.7,598805.1,598921.9,599101.8,600048.8,601915.7,602976.6,603663.8,603785.9,603552.2,600905.4,588526.7,587723.8,585209.4,583088.9,581569.6,576755.6,577141.8,578256.4,580162.6,581752.5,582254.0,579552.3,576728.7,571780.9,567933.2,561714.4,562692.2,563043.9,563252.3,564607.7,564772.4,563389.9,562333.7,558955.6,558403.2,559142.8,559734.5],"lo":[558422.8,558421.3,558452.5,558521.1,558503.7,558612.7,558780.5,559663.7,561405.0,562394.4,563035.5,563149.3,562931.3,560462.7,548917.1,548168.3,545823.0,543845.3,542428.3,537938.2,538298.5,539338.0,541116.0,542598.8,543066.6,540546.7,537913.1,533298.3,529709.7,523909.3,524821.3,525149.3,525343.8,526607.9,526761.6,525472.1,524486.9,521336.2,520821.0,521510.8,522062.7],"hi":[656193.4,656191.6,656228.4,656308.9,656288.5,656416.6,656613.7,657651.6,659697.8,660860.4,661613.7,661747.5,661491.3,658590.4,645023.5,644143.5,641387.6,639063.6,637398.5,632122.3,632545.6,633767.2,635856.4,637598.9,638148.6,635187.5,632092.8,626670.1,622453.1,615637.2,616708.9,617094.3,617322.8,618808.3,618988.8,617473.6,616315.9,612613.6,612008.2,612818.8,613467.3]}},{"type":"Feature","geometry":{"type":"MultiPolygon","coordinates":[[[[45.18,-12.98],[45.12,-12.98],[45.09,-12.96],[45.07,-12.9],[45.09,-12.84],[45.09,-12.79],[45.04,-12.7],[45.09,-12.65],[45.13,-12.71],[45.16,-12.71],[45.22,-12.75],[45.2,-12.82],[45.21,-12.85],[45.18,-12.92],[45.18,-12.98]]]]},"properties":{"iso":"MYT","name":"Mayotte","ha":[627.5,627.5,627.5,627.5,641.8,647.2,644.2,642.2,641.0,639.9,640.3,638.7,634.1,632.8,631.4,629.7,624.3,621.9,620.9,615.8,617.3,607.1,609.4,615.8,625.6,628.9,626.4,619.0,613.1,609.2,610.3,609.8,612.6,614.0,609.8,604.0,600.4,597.7,574.7,563.6,524.2],"lo":[585.2,585.2,585.2,585.2,598.6,603.6,600.8,599.0,597.9,596.8,597.2,595.7,591.4,590.2,588.9,587.3,582.3,580.1,579.1,574.4,575.8,566.2,568.4,574.4,583.5,586.6,584.2,577.4,571.8,568.2,569.3,568.8,571.3,572.7,568.8,563.3,560.0,557.5,536.0,525.7,488.9],"hi":[687.7,687.7,687.7,687.7,703.4,709.3,706.0,703.9,702.6,701.3,701.8,700.0,695.0,693.5,692.0,690.1,684.3,681.6,680.5,674.9,676.6,665.4,667.9,674.9,685.7,689.3,686.5,678.5,671.9,667.7,668.9,668.4,671.4,673.0,668.4,661.9,658.0,655.1,629.9,617.7,574.5]}},{"type":"Feature","geometry":{"type":"MultiPolygon","coordinates":[[[[164.2,-20.25],[164.32,-20.31],[164.44,-20.28],[164.59,-20.38],[164.98,-20.68],[165.11,-20.74],[165.19,-20.77],[165.25,-20.82],[165.31,-20.89],[165.38,-20.94],[165.41,-20.98],[165.42,-21.04],[165.45,-21.08],[165.58,-21.18],[165.66,-21.27],[165.77,-21.31],[165.82,-21.36],[165.89,-21.39],[165.95,-21.44],[166.06,-21.48],[166.3,-21.64],[166.49,-21.78],[166.59,-21.87],[166.69,-21.95],[166.82,-22.02],[166.94,-22.09],[167.0,-22.26],[166.97,-22.32],[166.9,-22.35],[166.83,-22.36],[166.77,-22.38],[166.57,-22.27],[166.52,-22.25],[166.47,-22.26],[166.44,-22.23],[166.42,-22.2],[166.29,-22.16],[166.18,-22.09],[166.14,-22.04],[166.12,-21.99],[166.1,-21.96],[165.93,-21.91],[165.82,-21.85],[165.74,-21.78],[165.62,-21.72],[165.43,-21.62],[165.33,-21.58],[165.24,-21.53],[165.01,-21.33],[164.93,-21.29],[164.86,-21.2],[164.66,-20.99],[164.56,-20.91],[164.45,-20.83],[164.37,-20.74],[164.31,-20.63],[164.17,-20.48],[164.15,-20.41],[164.16,-20.35],[164.12,-20.3],[164.07,-20.28],[164.04,-20.23],[164.04,-20.17],[164.06,-20.14],[164.2,-20.25]]],[[[167.54,-22.62],[167.51,-22.66],[167.47,-22.65],[167.44,-22.64],[167.42,-22.62],[167.44,-22.54],[167.53,-22.58],[167.54,-22.62]]],[[[159.95,-19.31],[159.94,-19.33],[159.93,-19.17],[159.96,-19.11],[159.98,-19.24],[159.95,-19.31]]],[[[168.01,-21.43],[168.06,-21.45],[168.14,-21.45],[168.12,-21.62],[168.01,-21.64],[167.97,-21.64],[167.94,-21.61],[167.88,-21.58],[167.88,-21.52],[167.82,-21.39],[167.93,-21.37],[167.99,-21.34],[167.98,-21.37],[167.99,-21.41],[168.01,-21.43]]],[[[166.55,-20.7],[166.49,-20.71],[166.56,-20.62],[166.56,-20.56],[166.59,-20.45],[166.58,-20.41],[166.62,-20.42],[166.67,-20.45],[166.62,-20.48],[166.6,-20.53],[166.6,-20.59],[166.62,-20.6],[166.59,-20.66],[166.55,-20.7]]],[[[167.4,-21.16],[167.35,-21.17],[167.27,-21.1],[167.13,-21.06],[167.07,-21.0],[167.03,-20.92],[167.11,-20.9],[167.19,-20.8],[167.14,-20.77],[167.05,-20.76],[167.06,-20.72],[167.2,-20.67],[167.27,-20.7],[167.3,-20.73],[167.29,-20.89],[167.36,-20.94],[167.43,-21.06],[167.43,-21.09],[167.4,-21.16]]]]},"properties":{"iso":"NCL","name":"New Caledonia","ha":[25223.0,25223.0,25223.0,25223.0,25223.0,25223.0,25223.0,25223.0,25232.6,25257.8,25257.9,25257.5,25251.9,25290.6,26496.3,27261.5,27383.2,27460.0,27551.4,27794.5,28058.9,28310.3,28657.9,28951.6,29280.6,29416.0,29274.6,29089.4,28990.4,29076.8,29188.1,29251.9,29222.4,29083.1,29093.2,29233.8,29571.4,29926.1,30046.0,30188.3,29626.7],"lo":[23525.4,23525.4,23525.4,23525.5,23525.5,23525.5,23525.5,23525.5,23534.4,23557.9,23557.9,23557.6,23552.4,23588.5,24713.1,25426.7,25540.2,25611.9,25697.1,25923.9,26170.5,26404.9,26729.1,27003.1,27310.0,27436.2,27304.3,27131.6,27039.2,27119.9,27223.6,27283.1,27255.6,27125.8,27135.1,27266.3,27581.1,27911.9,28023.8,28156.6,27632.8],"hi":[27644.3,27644.3,27644.3,27644.4,27644.4,27644.4,27644.4,27644.4,27654.9,27682.5,27682.6,27682.2,27676.0,27718.4,29039.9,29878.5,30011.9,30096.1,30196.3,30462.7,30752.5,31027.9,31408.9,31730.9,32091.5,32239.9,32084.9,31881.8,31773.3,31868.1,31990.1,32059.9,32027.6,31875.0,31886.0,32040.1,32410.1,32798.9,32930.3,33086.3,32470.8]}},{"type":"Feature","geometry":{"type":"MultiPolygon","coordinates":[[[[7.3,4.42],[7.2,4.39],[7.14,4.4],[7.23,4.53],[7.27,4.5],[7.33,4.49],[7.3,4.42]]],[[[13.61,13.7],[13.76,13.49],[13.93,13.26],[14.06,13.08],[14.16,12.61],[14.17,12.52],[14.18,12.48],[14.18,12.45],[14.2,12.38],[14.27,12.36],[14.42,12.34],[14.52,12.3],[14.58,12.22],[14.59,12.21],[14.62,12.15],[14.63,12.11],[14.62,11.99],[14.6,11.83],[14.56,11.73],[14.58,11.59],[14.58,11.53],[14.56,11.49],[14.5,11.45],[14.41,11.4],[14.2,11.27],[14.14,11.25],[14.06,11.25],[13.98,11.21],[13.89,11.14],[13.7,10.87],[13.54,10.61],[13.48,10.38],[13.41,10.17],[13.27,10.04],[13.25,9.96],[13.24,9.92],[13.24,9.81],[13.22,9.65],[13.2,9.56],[13.18,9.54],[13.02,9.49],[12.93,9.43],[12.88,9.3],[12.86,9.17],[12.82,9.02],[12.81,8.89],[12.78,8.82],[12.73,8.75],[12.65,8.67],[12.58,8.62],[12.4,8.6],[12.31,8.42],[12.23,8.28],[12.23,8.23],[12.16,7.94],[12.03,7.73],[12.02,7.65],[12.02,7.59],[11.85,7.4],[11.81,7.35],[11.77,7.27],[11.81,7.2],[11.85,7.14],[11.86,7.12],[11.79,7.06],[11.66,6.95],[11.58,6.89],[11.56,6.85],[11.55,6.7],[11.53,6.66],[11.48,6.6],[11.4,6.53],[11.32,6.48],[11.24,6.45],[11.15,6.44],[11.11,6.46],[11.08,6.51],[11.03,6.7],[11.01,6.74],[10.95,6.78],[10.85,6.88],[10.74,6.99],[10.61,7.06],[10.58,7.06],[10.56,7.04],[10.52,6.93],[10.48,6.89],[10.41,6.88],[10.29,6.88],[10.21,6.89],[10.19,6.91],[10.17,6.96],[10.14,7.0],[10.04,6.92],[9.87,6.8],[9.82,6.78],[9.78,6.76],[9.73,6.65],[9.66,6.53],[9.57,6.47],[9.49,6.42],[9.44,6.37],[9.37,6.32],[9.24,6.19],[9.06,6.01],[9.0,5.92],[8.94,5.78],[8.9,5.63],[8.86,5.46],[8.8,5.2],[8.72,5.05],[8.64,4.93],[8.59,4.83],[8.56,4.76],[8.54,4.76],[8.51,4.72],[8.43,4.75],[8.39,4.81],[8.34,4.82],[8.25,4.92],[8.23,4.91],[8.33,4.66],[8.29,4.56],[8.03,4.56],[7.8,4.52],[7.64,4.53],[7.57,4.56],[7.53,4.66],[7.52,4.65],[7.51,4.59],[7.46,4.56],[7.28,4.55],[7.21,4.61],[7.14,4.68],[7.08,4.72],[7.09,4.69],[7.16,4.62],[7.15,4.51],[7.01,4.4],[6.92,4.39],[6.87,4.44],[6.84,4.52],[6.82,4.65],[6.79,4.72],[6.77,4.72],[6.79,4.65],[6.79,4.59],[6.79,4.47],[6.86,4.37],[6.76,4.34],[6.72,4.34],[6.63,4.34],[6.62,4.38],[6.6,4.46],[6.58,4.48],[6.55,4.34],[6.5,4.33],[6.46,4.33],[6.3,4.3],[6.26,4.31],[6.26,4.33],[6.28,4.37],[6.27,4.43],[6.21,4.39],[6.21,4.29],[6.17,4.28],[6.08,4.29],[5.97,4.34],[5.91,4.39],[5.8,4.46],[5.59,4.65],[5.55,4.73],[5.49,4.84],[5.45,4.95],[5.38,5.13],[5.4,5.14],[5.45,5.13],[5.48,5.15],[5.39,5.17],[5.37,5.2],[5.36,5.26],[5.37,5.34],[5.44,5.37],[5.5,5.38],[5.53,5.43],[5.55,5.47],[5.39,5.4],[5.23,5.48],[5.2,5.53],[5.22,5.57],[5.29,5.58],[5.39,5.57],[5.46,5.61],[5.42,5.62],[5.35,5.62],[5.33,5.65],[5.33,5.71],[5.31,5.69],[5.28,5.64],[5.17,5.6],[5.11,5.64],[5.11,5.73],[5.09,5.77],[5.04,5.8],[4.86,6.03],[4.63,6.22],[4.43,6.35],[4.13,6.41],[3.49,6.41],[3.45,6.43],[3.49,6.46],[3.55,6.48],[3.75,6.58],[3.72,6.6],[3.5,6.53],[3.43,6.53],[3.34,6.4],[2.77,6.38],[2.71,6.37],[2.71,6.43],[2.74,6.6],[2.75,6.66],[2.77,6.71],[2.75,6.77],[2.73,6.85],[2.72,6.98],[2.75,7.02],[2.76,7.07],[2.75,7.14],[2.75,7.4],[2.77,7.42],[2.78,7.44],[2.79,7.48],[2.75,7.54],[2.72,7.62],[2.72,7.72],[2.71,7.83],[2.69,7.87],[2.7,8.05],[2.71,8.27],[2.7,8.37],[2.72,8.44],[2.73,8.61],[2.73,8.78],[2.77,9.05],[2.9,9.06],[3.04,9.08],[3.11,9.19],[3.15,9.32],[3.14,9.45],[3.16,9.49],[3.22,9.57],[3.33,9.67],[3.33,9.78],[3.35,9.81],[3.4,9.84],[3.48,9.85],[3.56,9.91],[3.6,10.0],[3.65,10.16],[3.58,10.27],[3.58,10.29],[3.6,10.35],[3.65,10.41],[3.68,10.43],[3.76,10.41],[3.77,10.42],[3.78,10.44],[3.83,10.61],[3.83,10.65],[3.76,10.77],[3.74,10.85],[3.73,10.97],[3.72,11.08],[3.7,11.12],[3.66,11.15],[3.64,11.18],[3.49,11.4],[3.49,11.5],[3.55,11.63],[3.6,11.7],[3.65,11.73],[3.66,11.76],[3.65,11.8],[3.62,11.83],[3.61,11.89],[3.62,11.93],[3.64,11.97],[3.63,12.06],[3.63,12.2],[3.64,12.41],[3.65,12.53],[3.77,12.62],[3.95,12.78],[4.04,12.93],[4.09,13.06],[4.15,13.46],[4.19,13.48],[4.24,13.5],[4.42,13.65],[4.56,13.7],[4.66,13.73],[4.82,13.76],[4.92,13.75],[5.1,13.74],[5.24,13.76],[5.36,13.84],[5.42,13.86],[5.49,13.87],[5.84,13.77],[6.18,13.66],[6.25,13.67],[6.3,13.66],[6.39,13.6],[6.51,13.49],[6.59,13.41],[6.63,13.36],[6.8,13.11],[6.87,13.04],[6.94,13.01],[7.01,13.0],[7.06,13.0],[7.11,13.03],[7.17,13.09],[7.27,13.11],[7.36,13.11],[7.79,13.34],[7.83,13.34],[7.96,13.32],[8.1,13.29],[8.46,13.06],[8.75,12.91],[8.96,12.86],[9.2,12.82],[9.62,12.81],[9.93,13.14],[10.05,13.21],[10.18,13.27],[10.23,13.28],[10.48,13.33],[10.96,13.37],[11.41,13.35],[11.5,13.34],[11.69,13.3],[11.99,13.19],[12.12,13.09],[12.32,13.07],[12.46,13.09],[12.51,13.19],[12.65,13.33],[12.76,13.38],[12.87,13.45],[13.05,13.53],[13.19,13.57],[13.32,13.67],[13.43,13.7],[13.61,13.7]]]]},"properties":{"iso":"NGA","name":"Nigeria","ha":[823756.3,823502.2,824391.3,826670.0,828824.4,831728.5,832418.4,832831.1,832910.4,823232.8,823712.5,824070.3,824698.0,828616.7,832813.3,841281.2,842265.1,843233.3,844875.4,842429.5,845582.9,847924.3,853372.3,858088.4,860528.4,855051.6,852827.8,848726.0,845717.5,835909.1,835632.4,833634.8,823895.6,818097.9,811185.8,803617.0,800645.4,798277.3,792240.5,792919.9,792543.5],"lo":[768315.0,768078.1,768907.3,771032.6,773042.1,775750.7,776394.2,776779.1,776853.1,767826.8,768274.2,768607.9,769193.4,772848.3,776762.5,784660.5,785578.2,786481.2,788012.8,785731.5,788672.7,790856.5,795937.8,800336.5,802612.3,797504.1,795429.9,791604.2,788798.2,779649.9,779391.9,777528.7,768445.0,763037.5,756590.6,749531.2,746759.6,744550.9,738920.4,739554.1,739202.9],"hi":[902834.3,902555.9,903530.3,906027.7,908389.0,911571.9,912328.0,912780.3,912867.2,902260.6,902786.3,903178.5,903866.5,908161.3,912760.8,922041.6,923119.9,924181.1,925980.8,923300.1,926756.3,929322.4,935293.4,940462.2,943136.5,937133.9,934696.6,930201.1,926903.8,916153.8,915850.5,913661.1,902987.0,896632.7,889057.1,880761.8,877504.8,874909.5,868293.1,869037.8,868625.2]}},{"type":"Feature","geometry":{"type":"MultiPolygon","coordinates":[[[[-83.16,14.99],[-83.19,14.96],[-83.22,14.93],[-83.28,14.81],[-83.3,14.8],[-83.31,14.89],[-83.34,14.9],[-83.39,14.87],[-83.41,14.83],[-83.37,14.77],[-83.34,14.77],[-83.3,14.75],[-83.19,14.34],[-83.21,14.27],[-83.28,14.15],[-83.35,14.06],[-83.41,14.0],[-83.49,13.74],[-83.57,13.32],[-83.51,12.94],[-83.54,12.6],[-83.52,12.51],[-83.51,12.41],[-83.57,12.39],[-83.6,12.4],[-83.63,12.46],[-83.62,12.51],[-83.59,12.58],[-83.58,12.67],[-83.59,12.71],[-83.63,12.61],[-83.68,12.57],[-83.72,12.55],[-83.75,12.5],[-83.72,12.41],[-83.67,12.34],[-83.65,12.29],[-83.67,12.23],[-83.68,12.02],[-83.7,12.03],[-83.72,12.06],[-83.77,12.06],[-83.77,11.98],[-83.77,11.93],[-83.81,11.9],[-83.83,11.86],[-83.79,11.84],[-83.75,11.82],[-83.7,11.82],[-83.66,11.72],[-83.65,11.64],[-83.74,11.57],[-83.78,11.5],[-83.83,11.43],[-83.86,11.35],[-83.87,11.3],[-83.83,11.13],[-83.77,11.01],[-83.71,10.93],[-83.64,10.92],[-83.66,10.84],[-83.71,10.79],[-83.81,10.74],[-83.92,10.74],[-84.1,10.78],[-84.17,10.78],[-84.2,10.8],[-84.2,10.84],[-84.26,10.9],[-84.35,10.98],[-84.4,10.97],[-84.49,10.99],[-84.63,11.05],[-84.7,11.05],[-84.8,11.01],[-84.91,10.95],[-85.18,11.04],[-85.37,11.11],[-85.54,11.17],[-85.58,11.19],[-85.62,11.18],[-85.65,11.15],[-85.69,11.1],[-85.7,11.08],[-85.72,11.07],[-85.74,11.06],[-85.75,11.09],[-85.83,11.2],[-85.96,11.33],[-86.47,11.74],[-86.66,11.98],[-86.76,12.16],[-86.85,12.25],[-87.13,12.43],[-87.19,12.51],[-87.46,12.76],[-87.67,12.9],[-87.67,12.97],[-87.59,13.04],[-87.54,13.04],[-87.5,12.98],[-87.42,12.92],[-87.39,12.92],[-87.34,12.95],[-87.34,12.98],[-87.06,12.99],[-87.01,13.01],[-86.96,13.05],[-86.93,13.12],[-86.93,13.18],[-86.92,13.22],[-86.87,13.27],[-86.79,13.28],[-86.73,13.28],[-86.71,13.31],[-86.73,13.41],[-86.76,13.64],[-86.77,13.7],[-86.76,13.75],[-86.73,13.76],[-86.61,13.77],[-86.38,13.76],[-86.33,13.77],[-86.24,13.9],[-86.15,13.99],[-86.09,14.04],[-86.04,14.05],[-85.98,13.97],[-85.79,13.84],[-85.75,13.85],[-85.73,13.86],[-85.73,13.88],[-85.73,13.93],[-85.68,13.98],[-85.58,14.03],[-85.48,14.11],[-85.37,14.22],[-85.28,14.29],[-85.21,14.31],[-85.18,14.34],[-85.2,14.39],[-85.19,14.45],[-85.16,14.53],[-85.12,14.57],[-85.06,14.58],[-85.04,14.61],[-85.05,14.64],[-85.04,14.69],[-84.99,14.75],[-84.86,14.81],[-84.79,14.79],[-84.73,14.71],[-84.65,14.66],[-84.54,14.63],[-84.45,14.64],[-84.39,14.69],[-84.34,14.71],[-84.29,14.69],[-84.27,14.7],[-84.26,14.74],[-84.24,14.75],[-84.19,14.73],[-84.15,14.72],[-84.11,14.73],[-84.1,14.75],[-84.09,14.77],[-84.07,14.79],[-83.97,14.77],[-83.87,14.79],[-83.75,14.86],[-83.67,14.88],[-83.64,14.88],[-83.59,14.91],[-83.54,14.98],[-83.42,15.01],[-83.16,14.99]]]]},"properties":{"iso":"NIC","name":"Nicaragua","ha":[63433.0,63365.3,63331.6,63392.4,63545.9,63739.8,63802.0,63866.5,64116.7,64461.6,65218.6,65501.6,65316.4,64966.1,63928.3,63842.7,63597.3,63371.1,63309.2,62872.9,63320.2,63783.3,64223.5,64602.5,65101.9,64145.1,63874.3,63486.8,63356.2,63174.5,63773.4,64077.5,64454.5,64904.8,64705.8,64372.9,63968.0,64318.6,64991.0,65329.0,66447.2],"lo":[59163.8,59100.6,59069.2,59125.9,59269.0,59449.9,59507.9,59568.1,59801.5,60123.2,60829.2,61093.1,60920.4,60593.7,59625.7,59545.9,59317.1,59106.0,59048.3,58641.4,59058.6,59490.5,59901.1,60254.6,60720.4,59827.9,59575.4,59214.0,59092.2,58922.7,59481.3,59764.9,60116.5,60536.5,60350.9,60040.4,59662.8,59989.8,60616.9,60932.2,61975.1],"hi":[69522.4,69448.1,69411.2,69477.9,69646.1,69858.6,69926.8,69997.5,70271.7,70649.8,71479.4,71789.5,71586.6,71202.7,70065.2,69971.4,69702.5,69454.5,69386.7,68908.5,69398.8,69906.3,70388.8,70804.2,71351.5,70302.8,70006.1,69581.4,69438.2,69239.0,69895.5,70228.7,70642.0,71135.5,70917.3,70552.4,70108.7,70493.0,71230.0,71600.4,72825.9]}},{"type":"Feature","geometry":{"type":"MultiPolygon","coordinates":[[[[166.96,-0.52],[166.94,-0.55],[166.92,-0.55],[166.91,-0.52],[166.91,-0.5],[166.94,-0.49],[166.96,-0.5],[166.96,-0.52]]]]},"properties":{"iso":"NRU","name":"Nauru","ha":[0.5,0.5,0.5,0.5,0.5,0.5,0.5,0.5,0.5,0.5,0.5,0.5,0.5,0.5,0.4,0.4,0.5,0.6,0.7,0.7,0.7,0.7,0.7,0.7,0.8,0.8,0.8,0.7,0.6,0.6,0.6,0.5,0.6,0.5,0.6,0.5,0.5,0.5,0.5,0.4,0.5],"lo":[0.5,0.5,0.5,0.5,0.5,0.5,0.5,0.5,0.5,0.5,0.5,0.5,0.5,0.5,0.4,0.4,0.5,0.6,0.7,0.7,0.7,0.7,0.7,0.7,0.7,0.7,0.7,0.7,0.6,0.6,0.6,0.5,0.6,0.5,0.6,0.5,0.5,0.5,0.5,0.4,0.5],"hi":[0.6,0.6,0.6,0.6,0.6,0.6,0.6,0.6,0.6,0.6,0.6,0.6,0.6,0.6,0.5,0.5,0.6,0.7,0.8,0.8,0.8,0.8,0.8,0.8,0.9,0.9,0.9,0.8,0.7,0.7,0.7,0.6,0.7,0.6,0.7,0.6,0.6,0.6,0.6,0.5,0.6]}},{"type":"Feature","geometry":{"type":"MultiPolygon","coordinates":[[[[173.12,-41.28],[173.23,-41.28],[173.34,-41.21],[173.45,-41.15],[173.56,-41.1],[173.74,-40.99],[173.78,-40.97],[173.9,-40.95],[173.95,-40.92],[174.0,-40.92],[173.95,-40.98],[173.89,-41.01],[173.88,-41.03],[173.92,-41.07],[173.86,-41.12],[173.86,-41.19],[173.8,-41.27],[173.9,-41.24],[173.93,-41.19],[173.91,-41.16],[173.96,-41.1],[174.02,-41.07],[174.0,-41.03],[174.0,-40.99],[174.08,-41.01],[174.12,-41.0],[174.15,-40.99],[174.21,-40.99],[174.22,-41.02],[174.3,-41.02],[174.27,-41.07],[174.21,-41.13],[174.2,-41.16],[174.1,-41.22],[174.04,-41.24],[174.14,-41.25],[174.28,-41.17],[174.37,-41.1],[174.37,-41.19],[174.3,-41.26],[174.24,-41.31],[174.17,-41.33],[174.1,-41.37],[174.07,-41.43],[174.07,-41.47],[174.09,-41.51],[174.16,-41.56],[174.08,-41.67],[174.17,-41.66],[174.22,-41.68],[174.28,-41.74],[174.24,-41.81],[174.22,-41.85],[174.05,-42.0],[173.97,-42.08],[173.89,-42.13],[173.89,-42.21],[173.84,-42.27],[173.59,-42.47],[173.55,-42.52],[173.35,-42.84],[173.22,-42.98],[173.15,-43.02],[173.07,-43.06],[172.89,-43.12],[172.81,-43.2],[172.72,-43.26],[172.62,-43.27],[172.63,-43.3],[172.69,-43.31],[172.73,-43.35],[172.7,-43.4],[172.63,-43.43],[172.56,-43.44],[172.53,-43.46],[172.69,-43.44],[172.74,-43.47],[172.75,-43.52],[172.77,-43.56],[172.81,-43.62],[172.95,-43.66],[173.07,-43.68],[173.1,-43.7],[173.12,-43.8],[173.09,-43.84],[173.07,-43.87],[173.02,-43.89],[172.92,-43.89],[172.82,-43.87],[172.75,-43.81],[172.55,-43.83],[172.5,-43.84],[172.48,-43.83],[172.58,-43.77],[172.53,-43.74],[172.48,-43.73],[172.43,-43.75],[172.4,-43.78],[172.39,-43.83],[172.35,-43.86],[172.3,-43.87],[172.22,-43.83],[172.15,-43.76],[172.04,-43.7],[172.05,-43.74],[172.14,-43.83],[172.18,-43.9],[172.08,-43.95],[171.98,-43.98],[171.89,-44.01],[171.81,-44.04],[171.71,-44.1],[171.66,-44.12],[171.52,-44.12],[171.44,-44.14],[171.42,-44.21],[171.36,-44.25],[171.24,-44.26],[171.29,-44.28],[171.31,-44.3],[171.23,-44.52],[171.21,-44.61],[171.2,-44.77],[171.15,-44.91],[171.0,-44.91],[171.02,-44.94],[171.13,-44.98],[171.11,-45.04],[170.99,-45.15],[170.94,-45.22],[170.89,-45.37],[170.82,-45.52],[170.7,-45.68],[170.7,-45.71],[170.74,-45.76],[170.79,-45.79],[170.79,-45.84],[170.78,-45.87],[170.72,-45.88],[170.67,-45.9],[170.42,-45.94],[170.34,-45.99],[170.27,-46.08],[170.19,-46.16],[169.92,-46.33],[169.76,-46.48],[169.73,-46.52],[169.69,-46.55],[169.34,-46.62],[169.1,-46.63],[168.97,-46.61],[168.84,-46.58],[168.77,-46.57],[168.63,-46.59],[168.57,-46.61],[168.47,-46.59],[168.38,-46.61],[168.36,-46.59],[168.33,-46.55],[168.34,-46.49],[168.32,-46.45],[168.27,-46.42],[168.23,-46.39],[168.19,-46.36],[168.08,-46.35],[167.9,-46.37],[167.84,-46.37],[167.72,-46.23],[167.68,-46.19],[167.54,-46.15],[167.49,-46.15],[167.41,-46.23],[167.37,-46.24],[167.1,-46.25],[166.83,-46.23],[166.73,-46.2],[166.71,-46.13],[166.92,-45.96],[166.86,-45.98],[166.73,-46.05],[166.65,-46.04],[166.73,-45.96],[166.73,-45.93],[166.72,-45.89],[166.61,-45.96],[166.49,-45.96],[166.48,-45.9],[166.49,-45.83],[166.51,-45.81],[166.84,-45.77],[166.95,-45.75],[167.0,-45.71],[166.81,-45.7],[166.8,-45.65],[166.83,-45.6],[166.99,-45.53],[166.87,-45.55],[166.73,-45.54],[166.74,-45.47],[166.78,-45.41],[166.92,-45.41],[166.88,-45.37],[166.87,-45.31],[166.91,-45.31],[167.05,-45.38],[167.16,-45.41],[167.11,-45.35],[167.12,-45.32],[167.15,-45.3],[167.23,-45.29],[167.21,-45.28],[167.13,-45.27],[167.03,-45.22],[167.02,-45.18],[167.03,-45.12],[167.13,-45.05],[167.19,-45.09],[167.26,-45.08],[167.21,-45.05],[167.17,-45.0],[167.19,-44.96],[167.41,-44.83],[167.47,-44.96],[167.48,-44.92],[167.48,-44.87],[167.46,-44.84],[167.46,-44.8],[167.48,-44.77],[167.58,-44.74],[167.7,-44.64],[167.79,-44.6],[167.86,-44.62],[167.91,-44.66],[167.9,-44.62],[167.87,-44.59],[167.86,-44.5],[168.02,-44.36],[168.2,-44.22],[168.37,-44.08],[168.46,-44.03],[168.65,-43.97],[168.77,-44.0],[168.81,-43.99],[168.99,-43.89],[169.07,-43.86],[169.14,-43.9],[169.18,-43.91],[169.14,-43.82],[169.17,-43.78],[169.32,-43.7],[169.52,-43.62],[169.66,-43.59],[169.77,-43.54],[169.83,-43.54],[169.82,-43.5],[169.84,-43.46],[169.89,-43.46],[169.91,-43.45],[169.86,-43.43],[170.02,-43.35],[170.1,-43.27],[170.15,-43.25],[170.19,-43.22],[170.24,-43.16],[170.3,-43.14],[170.36,-43.15],[170.4,-43.18],[170.37,-43.13],[170.3,-43.11],[170.38,-43.07],[170.46,-43.04],[170.54,-43.06],[170.61,-43.09],[170.54,-43.04],[170.52,-43.01],[170.62,-42.97],[170.67,-42.96],[170.74,-43.03],[170.73,-42.98],[170.74,-42.93],[170.84,-42.85],[170.97,-42.72],[171.01,-42.76],[171.02,-42.82],[171.01,-42.89],[171.04,-42.86],[171.05,-42.8],[171.03,-42.7],[171.19,-42.5],[171.22,-42.48],[171.26,-42.47],[171.31,-42.46],[171.3,-42.43],[171.25,-42.4],[171.3,-42.3],[171.32,-42.19],[171.36,-42.08],[171.42,-41.97],[171.49,-41.79],[171.54,-41.76],[171.67,-41.74],[171.73,-41.72],[171.83,-41.66],[171.95,-41.54],[172.01,-41.44],[172.09,-41.2],[172.14,-40.95],[172.27,-40.76],[172.47,-40.62],[172.64,-40.52],[172.71,-40.5],[172.83,-40.49],[172.94,-40.52],[172.73,-40.54],[172.71,-40.61],[172.7,-40.67],[172.73,-40.72],[172.77,-40.77],[172.87,-40.82],[172.99,-40.85],[173.04,-40.95],[173.05,-41.08],[173.07,-41.19],[173.12,-41.28]]],[[[173.91,-40.86],[173.78,-40.92],[173.79,-40.88],[173.81,-40.79],[173.87,-40.75],[173.9,-40.75],[173.96,-40.71],[173.96,-40.79],[173.91,-40.86]]],[[[166.75,-45.66],[166.74,-45.7],[166.73,-45.73],[166.69,-45.73],[166.64,-45.72],[166.59,-45.7],[166.56,-45.71],[166.53,-45.7],[166.57,-45.64],[166.69,-45.62],[166.73,-45.64],[166.75,-45.66]]],[[[166.98,-45.18],[167.02,-45.3],[166.93,-45.28],[166.89,-45.24],[166.96,-45.18],[166.98,-45.18]]],[[[168.14,-46.86],[168.15,-46.9],[168.04,-46.89],[168.04,-46.93],[168.13,-46.96],[168.16,-46.99],[168.24,-46.98],[168.26,-47.03],[168.24,-47.07],[168.18,-47.1],[168.02,-47.12],[167.91,-47.18],[167.81,-47.17],[167.78,-47.18],[167.68,-47.24],[167.55,-47.26],[167.52,-47.26],[167.54,-47.2],[167.63,-47.14],[167.63,-47.09],[167.65,-47.04],[167.74,-47.01],[167.74,-46.96],[167.8,-46.91],[167.77,-46.8],[167.78,-46.7],[167.96,-46.69],[168.14,-46.86]]],[[[175.54,-36.28],[175.55,-36.33],[175.47,-36.31],[175.44,-36.27],[175.36,-36.23],[175.35,-36.22],[175.34,-36.13],[175.38,-36.09],[175.39,-36.08],[175.41,-36.07],[175.44,-36.11],[175.51,-36.18],[175.54,-36.28]]],[[[173.27,-34.93],[173.28,-34.98],[173.34,-34.95],[173.38,-34.9],[173.45,-34.84],[173.44,-34.93],[173.47,-34.95],[173.69,-35.01],[173.74,-35.05],[173.79,-35.07],[173.81,-35.04],[173.84,-35.03],[173.92,-35.06],[174.1,-35.14],[174.12,-35.17],[174.11,-35.22],[174.12,-35.26],[174.14,-35.3],[174.2,-35.31],[174.28,-35.25],[174.32,-35.25],[174.37,-35.32],[174.39,-35.37],[174.38,-35.37],[174.42,-35.41],[174.46,-35.45],[174.54,-35.58],[174.53,-35.63],[174.51,-35.67],[174.58,-35.79],[174.53,-35.79],[174.39,-35.77],[174.4,-35.8],[174.48,-35.88],[174.55,-36.01],[174.6,-36.08],[174.8,-36.31],[174.77,-36.39],[174.78,-36.44],[174.75,-36.49],[174.82,-36.61],[174.78,-36.65],[174.75,-36.77],[174.72,-36.8],[174.72,-36.84],[174.8,-36.85],[174.85,-36.87],[174.89,-36.91],[174.92,-36.87],[174.95,-36.85],[175.05,-36.91],[175.25,-36.97],[175.3,-36.99],[175.33,-37.04],[175.35,-37.16],[175.39,-37.21],[175.46,-37.22],[175.54,-37.2],[175.57,-37.16],[175.55,-37.05],[175.49,-36.87],[175.49,-36.81],[175.5,-36.75],[175.49,-36.69],[175.46,-36.63],[175.43,-36.59],[175.39,-36.56],[175.4,-36.5],[175.46,-36.48],[175.5,-36.52],[175.53,-36.58],[175.68,-36.75],[175.77,-36.74],[175.78,-36.8],[175.84,-36.88],[175.88,-36.96],[175.92,-37.2],[175.99,-37.44],[176.11,-37.54],[176.13,-37.59],[176.05,-37.56],[176.03,-37.58],[176.04,-37.6],[176.11,-37.65],[176.19,-37.67],[176.24,-37.66],[176.29,-37.68],[176.61,-37.83],[176.77,-37.89],[177.16,-37.99],[177.27,-37.99],[177.34,-37.99],[177.45,-37.96],[177.56,-37.9],[177.65,-37.81],[177.73,-37.71],[177.81,-37.66],[177.91,-37.62],[177.96,-37.58],[178.01,-37.55],[178.27,-37.57],[178.36,-37.62],[178.48,-37.66],[178.54,-37.69],[178.52,-37.76],[178.45,-37.85],[178.39,-37.96],[178.35,-38.2],[178.32,-38.44],[178.27,-38.55],[178.18,-38.63],[178.08,-38.69],[177.98,-38.72],[177.93,-38.86],[177.91,-39.02],[177.92,-39.06],[177.95,-39.09],[177.97,-39.14],[177.91,-39.24],[177.88,-39.23],[177.83,-39.14],[177.79,-39.11],[177.66,-39.09],[177.52,-39.07],[177.41,-39.08],[177.3,-39.12],[177.13,-39.19],[177.08,-39.22],[177.03,-39.27],[176.95,-39.37],[176.94,-39.49],[176.94,-39.56],[176.97,-39.61],[177.11,-39.67],[176.97,-39.91],[176.84,-40.16],[176.77,-40.23],[176.69,-40.29],[176.61,-40.44],[176.48,-40.57],[176.39,-40.67],[176.31,-40.77],[176.25,-40.88],[176.12,-41.03],[176.06,-41.13],[175.98,-41.21],[175.84,-41.32],[175.69,-41.41],[175.45,-41.54],[175.38,-41.58],[175.31,-41.61],[175.22,-41.57],[175.2,-41.53],[175.18,-41.45],[175.17,-41.42],[175.05,-41.39],[174.91,-41.43],[174.88,-41.42],[174.88,-41.4],[174.88,-41.28],[174.9,-41.24],[174.87,-41.22],[174.83,-41.23],[174.82,-41.26],[174.84,-41.29],[174.76,-41.33],[174.67,-41.33],[174.64,-41.31],[174.64,-41.29],[174.66,-41.25],[174.68,-41.22],[174.85,-41.06],[175.02,-40.85],[175.16,-40.62],[175.2,-40.51],[175.25,-40.29],[175.21,-40.2],[175.16,-40.11],[175.01,-39.95],[174.81,-39.86],[174.69,-39.85],[174.57,-39.81],[174.45,-39.74],[174.35,-39.64],[174.15,-39.57],[173.93,-39.51],[173.81,-39.43],[173.78,-39.38],[173.76,-39.32],[173.77,-39.27],[173.78,-39.21],[173.81,-39.17],[173.84,-39.14],[174.07,-39.03],[174.31,-38.97],[174.36,-38.97],[174.4,-38.96],[174.46,-38.93],[174.57,-38.84],[174.6,-38.79],[174.62,-38.61],[174.65,-38.43],[174.72,-38.23],[174.81,-38.1],[174.84,-38.02],[174.8,-37.9],[174.84,-37.85],[174.88,-37.82],[174.93,-37.8],[174.85,-37.69],[174.75,-37.5],[174.73,-37.45],[174.74,-37.39],[174.77,-37.34],[174.71,-37.33],[174.67,-37.27],[174.59,-37.1],[174.61,-37.07],[174.66,-37.09],[174.73,-37.22],[174.75,-37.15],[174.8,-37.11],[174.86,-37.09],[174.93,-37.08],[174.78,-36.94],[174.73,-36.95],[174.67,-36.97],[174.6,-36.99],[174.54,-36.97],[174.48,-36.94],[174.44,-36.88],[174.41,-36.77],[174.38,-36.73],[174.19,-36.49],[174.25,-36.48],[174.4,-36.6],[174.43,-36.56],[174.45,-36.51],[174.45,-36.45],[174.41,-36.41],[174.35,-36.38],[174.35,-36.32],[174.4,-36.27],[174.39,-36.24],[174.3,-36.17],[174.27,-36.16],[174.25,-36.2],[174.28,-36.24],[174.25,-36.25],[174.04,-36.12],[173.97,-36.02],[173.91,-35.91],[173.91,-35.95],[173.92,-36.02],[174.0,-36.15],[174.14,-36.29],[174.17,-36.33],[174.15,-36.38],[174.1,-36.39],[174.05,-36.36],[173.99,-36.24],[173.95,-36.18],[173.41,-35.54],[173.48,-35.46],[173.59,-35.39],[173.61,-35.36],[173.63,-35.32],[173.58,-35.31],[173.54,-35.33],[173.5,-35.36],[173.45,-35.4],[173.4,-35.48],[173.38,-35.5],[173.31,-35.44],[173.29,-35.41],[173.29,-35.37],[173.27,-35.34],[173.23,-35.33],[173.16,-35.25],[173.12,-35.21],[173.19,-35.12],[173.19,-35.02],[173.12,-34.9],[173.03,-34.8],[172.86,-34.63],[172.71,-34.46],[172.87,-34.43],[173.04,-34.43],[172.96,-34.54],[173.0,-34.6],[173.05,-34.65],[173.17,-34.81],[173.18,-34.85],[173.24,-34.9],[173.27,-34.93]]],[[[169.18,-52.5],[169.23,-52.55],[169.13,-52.57],[169.08,-52.55],[169.04,-52.53],[169.02,-52.5],[169.08,-52.5],[169.13,-52.49],[169.18,-52.5]]],[[[166.22,-50.76],[166.24,-50.85],[166.19,-50.85],[166.07,-50.82],[166.04,-50.79],[166.01,-50.78],[165.97,-50.82],[165.9,-50.82],[165.89,-50.81],[165.92,-50.76],[166.07,-50.68],[166.1,-50.57],[166.1,-50.54],[166.23,-50.53],[166.25,-50.54],[166.27,-50.56],[166.26,-50.58],[166.21,-50.61],[166.21,-50.65],[166.22,-50.69],[166.18,-50.71],[166.2,-50.75],[166.22,-50.76]]],[[[-176.18,-43.74],[-176.21,-43.77],[-176.27,-43.76],[-176.38,-43.87],[-176.38,-43.79],[-176.41,-43.76],[-176.5,-43.77],[-176.52,-43.78],[-176.45,-43.8],[-176.44,-43.82],[-176.5,-43.86],[-176.44,-43.95],[-176.39,-43.95],[-176.33,-44.03],[-176.33,-44.05],[-176.45,-44.08],[-176.52,-44.12],[-176.57,-44.11],[-176.6,-44.11],[-176.63,-44.04],[-176.63,-44.01],[-176.56,-43.95],[-176.52,-43.9],[-176.56,-43.85],[-176.63,-43.82],[-176.81,-43.83],[-176.85,-43.82],[-176.76,-43.76],[-176.67,-43.77],[-176.57,-43.72],[-176.18,-43.74]]],[[[-176.18,-44.32],[-176.22,-44.33],[-176.21,-44.27],[-176.23,-44.24],[-176.15,-44.22],[-176.12,-44.27],[-176.18,-44.32]]]]},"properties":{"iso":"NZL","name":"New Zealand","ha":[23653.6,23653.6,23653.6,23653.5,23653.6,23653.0,23650.9,23682.8,23704.5,24105.4,24242.3,24233.9,24184.2,24111.1,25242.9,25955.9,26102.6,26122.5,26238.9,26542.6,26712.5,26890.1,27035.1,27275.0,27738.4,27966.3,27807.6,27663.5,27693.6,28017.4,28379.2,28534.4,28715.3,28631.9,28615.9,28678.6,28873.0,29166.8,29320.0,29346.0,29625.4],"lo":[22061.7,22061.7,22061.7,22061.5,22061.7,22061.1,22059.2,22088.9,22109.1,22483.1,22610.7,22602.9,22556.5,22488.4,23544.0,24209.0,24345.8,24364.4,24473.0,24756.2,24914.7,25080.3,25215.6,25439.3,25871.5,26084.1,25936.0,25801.6,25829.8,26131.8,26469.2,26613.9,26782.7,26704.9,26690.0,26748.4,26929.8,27203.8,27346.7,27370.9,27631.5],"hi":[25924.3,25924.3,25924.3,25924.1,25924.3,25923.6,25921.4,25956.3,25980.0,26419.5,26569.4,26560.3,26505.8,26425.7,27666.1,28447.6,28608.4,28630.2,28757.8,29090.6,29276.9,29471.5,29630.4,29893.4,30401.2,30651.0,30477.0,30319.1,30352.1,30707.0,31103.5,31273.6,31471.9,31380.5,31363.0,31431.6,31644.7,31966.8,32134.6,32163.1,32469.4]}},{"type":"Feature","geometry":{"type":"MultiPolygon","coordinates":[[[[58.72,20.22],[58.66,20.2],[58.64,20.21],[58.64,20.34],[58.79,20.5],[58.88,20.68],[58.95,20.52],[58.84,20.42],[58.77,20.27],[58.72,20.22]]],[[[53.09,16.65],[53.02,16.78],[52.96,16.91],[52.9,17.04],[52.84,17.18],[52.8,17.27],[52.73,17.3],[52.69,17.4],[52.64,17.5],[52.6,17.6],[52.55,17.7],[52.51,17.8],[52.46,17.9],[52.42,18.0],[52.38,18.1],[52.33,18.2],[52.29,18.3],[52.24,18.4],[52.2,18.5],[52.15,18.6],[52.11,18.7],[52.07,18.8],[52.02,18.9],[51.98,19.0],[52.12,19.04],[52.29,19.1],[52.46,19.16],[52.63,19.22],[52.81,19.27],[52.98,19.33],[53.15,19.39],[53.32,19.44],[53.49,19.5],[53.67,19.56],[53.84,19.62],[54.01,19.67],[54.18,19.73],[54.35,19.79],[54.53,19.85],[54.7,19.9],[54.87,19.96],[54.98,20.0],[55.02,20.13],[55.06,20.24],[55.09,20.35],[55.13,20.46],[55.17,20.57],[55.2,20.68],[55.24,20.79],[55.28,20.9],[55.31,21.01],[55.35,21.13],[55.39,21.24],[55.42,21.35],[55.46,21.46],[55.5,21.57],[55.53,21.68],[55.57,21.79],[55.61,21.9],[55.64,22.0],[55.58,22.1],[55.49,22.23],[55.4,22.37],[55.32,22.5],[55.26,22.59],[55.19,22.7],[55.19,22.85],[55.19,22.92],[55.2,23.03],[55.27,23.19],[55.35,23.39],[55.41,23.52],[55.47,23.63],[55.51,23.72],[55.53,23.82],[55.52,23.89],[55.49,23.91],[55.47,23.94],[55.55,23.99],[55.7,24.02],[55.78,24.02],[55.89,24.04],[55.99,24.06],[55.99,24.09],[55.97,24.14],[55.93,24.22],[55.8,24.22],[55.76,24.24],[55.81,24.35],[55.8,24.38],[55.79,24.42],[55.77,24.49],[55.78,24.58],[55.8,24.64],[55.8,24.68],[55.79,24.78],[55.8,24.87],[55.82,24.91],[55.87,24.95],[55.92,24.97],[55.96,24.97],[56.0,24.95],[56.02,24.91],[56.01,24.88],[55.98,24.87],[55.97,24.86],[56.01,24.8],[56.06,24.74],[56.11,24.75],[56.15,24.8],[56.2,24.83],[56.27,24.87],[56.31,24.93],[56.35,24.97],[56.39,24.98],[56.49,24.72],[56.64,24.47],[56.77,24.33],[56.91,24.15],[57.12,23.98],[57.22,23.92],[57.61,23.8],[57.83,23.76],[58.12,23.72],[58.32,23.62],[58.39,23.62],[58.5,23.65],[58.58,23.64],[58.77,23.52],[58.83,23.4],[58.91,23.33],[58.98,23.23],[59.03,23.13],[59.19,22.97],[59.31,22.79],[59.43,22.66],[59.54,22.58],[59.7,22.55],[59.82,22.51],[59.84,22.42],[59.82,22.31],[59.8,22.22],[59.68,22.05],[59.65,21.95],[59.52,21.78],[59.37,21.5],[59.3,21.44],[59.07,21.29],[58.9,21.11],[58.69,20.81],[58.53,20.5],[58.47,20.41],[58.35,20.39],[58.27,20.4],[58.21,20.42],[58.23,20.51],[58.25,20.6],[58.17,20.59],[58.1,20.57],[57.95,20.34],[57.86,20.24],[57.84,20.12],[57.8,19.95],[57.74,19.8],[57.71,19.68],[57.72,19.61],[57.76,19.43],[57.76,19.25],[57.79,19.15],[57.81,19.02],[57.74,18.98],[57.68,18.96],[57.43,18.94],[57.18,18.9],[56.96,18.83],[56.83,18.75],[56.66,18.59],[56.55,18.17],[56.38,17.99],[56.27,17.95],[56.0,17.94],[55.61,17.89],[55.48,17.84],[55.26,17.59],[55.24,17.5],[55.28,17.45],[55.3,17.38],[55.28,17.32],[55.17,17.16],[55.06,17.04],[54.77,16.96],[54.66,17.01],[54.57,17.03],[54.38,17.03],[54.07,17.01],[53.95,16.92],[53.78,16.86],[53.61,16.76],[53.3,16.72],[53.09,16.65]]],[[[56.3,25.65],[56.28,25.63],[56.25,25.63],[56.18,25.64],[56.14,25.69],[56.15,25.75],[56.15,25.85],[56.17,25.95],[56.17,26.05],[56.12,26.07],[56.08,26.06],[56.16,26.21],[56.2,26.23],[56.23,26.22],[56.31,26.24],[56.35,26.31],[56.38,26.36],[56.41,26.35],[56.43,26.33],[56.42,26.21],[56.42,26.11],[56.37,25.8],[56.33,25.75],[56.31,25.71],[56.3,25.65]]],[[[56.28,25.24],[56.24,25.21],[56.21,25.21],[56.22,25.27],[56.23,25.3],[56.28,25.3],[56.29,25.28],[56.28,25.24]]]]},"properties":{"iso":"OMN","name":"Oman","ha":[209.6,209.9,211.4,213.0,216.1,216.5,217.3,219.8,222.9,231.2,234.1,236.2,237.9,240.2,244.6,244.8,245.1,249.8,254.1,264.3,266.9,270.5,276.5,282.0,290.7,296.3,299.3,308.8,319.1,362.9,373.2,386.1,407.2,426.2,454.8,475.1,485.4,490.6,488.3,483.9,479.3],"lo":[195.5,195.8,197.2,198.6,201.5,202.0,202.6,205.0,207.9,215.6,218.4,220.3,221.9,224.1,228.1,228.3,228.6,233.0,237.0,246.5,248.9,252.3,257.9,263.0,271.1,276.4,279.1,288.0,297.6,338.5,348.0,360.2,379.8,397.5,424.2,443.1,452.7,457.6,455.4,451.3,447.0],"hi":[229.7,230.0,231.7,233.4,236.8,237.3,238.1,240.9,244.3,253.4,256.6,258.9,260.7,263.3,268.0,268.3,268.7,273.8,278.5,289.7,292.5,296.5,303.1,309.0,318.6,324.8,328.0,338.4,349.7,397.8,409.0,423.2,446.3,467.1,498.4,520.7,532.0,537.7,535.1,530.4,525.3]}},{"type":"Feature","geometry":{"type":"MultiPolygon","coordinates":[[[[76.77,35.66],[76.81,35.57],[76.88,35.44],[76.93,35.35],[76.98,35.25],[77.0,35.2],[77.05,35.11],[77.03,35.06],[77.0,34.99],[76.89,34.94],[76.78,34.9],[76.76,34.88],[76.75,34.85],[76.7,34.79],[76.59,34.74],[76.51,34.74],[76.46,34.76],[76.17,34.67],[76.04,34.67],[75.94,34.61],[75.86,34.56],[75.71,34.5],[75.61,34.5],[75.45,34.54],[75.26,34.6],[75.19,34.64],[75.12,34.64],[74.95,34.65],[74.79,34.68],[74.59,34.72],[74.5,34.73],[74.3,34.77],[74.17,34.72],[74.06,34.68],[73.96,34.65],[73.88,34.53],[73.85,34.49],[73.81,34.42],[73.79,34.38],[73.81,34.33],[73.92,34.29],[73.97,34.24],[73.98,34.19],[73.94,34.14],[73.9,34.11],[73.9,34.08],[73.92,34.04],[73.95,34.02],[74.11,34.0],[74.21,34.0],[74.25,33.99],[74.25,33.95],[74.22,33.89],[74.08,33.84],[74.0,33.79],[73.98,33.72],[73.98,33.67],[74.0,33.63],[74.07,33.59],[74.13,33.55],[74.15,33.51],[74.14,33.46],[74.12,33.38],[74.05,33.3],[73.99,33.24],[73.99,33.22],[74.0,33.19],[74.05,33.14],[74.13,33.08],[74.22,33.02],[74.28,33.01],[74.3,32.99],[74.32,32.93],[74.33,32.86],[74.31,32.81],[74.35,32.77],[74.48,32.77],[74.59,32.75],[74.63,32.77],[74.66,32.76],[74.64,32.61],[74.66,32.52],[74.69,32.49],[74.79,32.46],[74.99,32.46],[75.1,32.42],[75.23,32.37],[75.3,32.32],[75.33,32.28],[75.32,32.22],[75.25,32.14],[75.14,32.1],[75.07,32.09],[74.74,31.95],[74.64,31.89],[74.56,31.82],[74.53,31.77],[74.51,31.71],[74.58,31.52],[74.59,31.47],[74.53,31.26],[74.52,31.19],[74.54,31.13],[74.61,31.11],[74.63,31.07],[74.63,31.03],[74.51,30.96],[74.38,30.89],[74.34,30.89],[74.22,30.77],[74.01,30.52],[73.9,30.44],[73.89,30.39],[73.88,30.35],[73.92,30.28],[73.93,30.22],[73.89,30.16],[73.81,30.09],[73.66,30.03],[73.47,29.97],[73.38,29.93],[73.32,29.77],[73.26,29.61],[73.23,29.55],[73.13,29.36],[72.95,29.09],[72.9,29.03],[72.63,28.9],[72.34,28.75],[72.29,28.7],[72.23,28.57],[72.18,28.42],[72.13,28.35],[71.95,28.18],[71.89,28.05],[71.87,27.96],[71.72,27.92],[71.54,27.87],[71.29,27.86],[71.18,27.83],[70.87,27.71],[70.8,27.71],[70.74,27.73],[70.69,27.77],[70.65,27.84],[70.63,27.94],[70.57,27.98],[70.49,28.02],[70.4,28.03],[70.32,27.98],[70.24,27.93],[70.19,27.89],[70.14,27.85],[70.05,27.69],[69.9,27.47],[69.72,27.31],[69.66,27.26],[69.62,27.23],[69.57,27.17],[69.54,27.12],[69.49,26.95],[69.47,26.8],[69.48,26.77],[69.51,26.74],[69.6,26.7],[69.74,26.63],[69.91,26.59],[70.06,26.58],[70.11,26.55],[70.15,26.51],[70.16,26.47],[70.15,26.35],[70.13,26.21],[70.08,26.07],[70.08,25.99],[70.1,25.91],[70.26,25.71],[70.33,25.69],[70.45,25.68],[70.51,25.69],[70.57,25.71],[70.61,25.69],[70.65,25.67],[70.66,25.63],[70.65,25.42],[70.7,25.33],[70.8,25.21],[70.88,25.06],[70.95,24.89],[71.02,24.76],[71.05,24.69],[71.0,24.65],[70.98,24.62],[70.97,24.57],[70.98,24.52],[70.97,24.49],[71.01,24.44],[71.05,24.43],[71.04,24.4],[70.98,24.36],[70.93,24.36],[70.89,24.34],[70.81,24.26],[70.77,24.25],[70.72,24.24],[70.66,24.25],[70.58,24.28],[70.56,24.33],[70.57,24.39],[70.55,24.42],[70.49,24.41],[70.29,24.36],[70.1,24.29],[70.07,24.24],[70.02,24.19],[69.93,24.17],[69.81,24.17],[69.72,24.17],[69.63,24.23],[69.56,24.27],[69.44,24.28],[69.24,24.27],[69.12,24.27],[69.05,24.29],[68.98,24.27],[68.9,24.29],[68.86,24.27],[68.83,24.26],[68.8,24.31],[68.78,24.31],[68.76,24.31],[68.74,24.29],[68.73,24.27],[68.72,23.96],[68.59,23.97],[68.49,23.97],[68.38,23.95],[68.28,23.93],[68.23,23.9],[68.17,23.86],[68.15,23.8],[68.12,23.75],[68.07,23.82],[68.04,23.85],[68.0,23.83],[67.95,23.83],[67.86,23.9],[67.82,23.83],[67.67,23.81],[67.65,23.87],[67.65,23.92],[67.56,23.88],[67.5,23.94],[67.48,24.02],[67.45,24.04],[67.43,24.06],[67.37,24.09],[67.31,24.17],[67.3,24.26],[67.29,24.37],[67.17,24.76],[67.1,24.79],[66.7,24.86],[66.68,24.93],[66.71,25.11],[66.7,25.23],[66.57,25.38],[66.53,25.48],[66.43,25.58],[66.32,25.6],[66.22,25.59],[66.16,25.55],[66.13,25.49],[66.36,25.51],[66.41,25.49],[66.47,25.45],[66.4,25.45],[66.33,25.47],[66.23,25.46],[65.88,25.42],[65.68,25.36],[65.41,25.37],[65.06,25.31],[64.78,25.31],[64.66,25.18],[64.59,25.21],[64.54,25.24],[64.15,25.33],[64.12,25.37],[64.06,25.4],[63.99,25.35],[63.94,25.34],[63.72,25.39],[63.56,25.35],[63.5,25.3],[63.49,25.21],[63.29,25.23],[63.17,25.25],[63.02,25.22],[62.66,25.26],[62.57,25.25],[62.44,25.2],[62.39,25.15],[62.32,25.13],[62.25,25.2],[62.2,25.22],[62.15,25.21],[62.09,25.16],[61.91,25.13],[61.74,25.14],[61.57,25.19],[61.59,25.2],[61.62,25.29],[61.64,25.58],[61.67,25.69],[61.66,25.75],[61.67,25.77],[61.74,25.82],[61.75,25.84],[61.78,26.0],[61.81,26.17],[61.84,26.23],[61.87,26.24],[62.09,26.32],[62.13,26.37],[62.24,26.36],[62.25,26.37],[62.26,26.43],[62.31,26.49],[62.39,26.54],[62.44,26.56],[62.64,26.59],[62.75,26.64],[62.79,26.64],[63.09,26.63],[63.16,26.65],[63.17,26.67],[63.19,26.84],[63.24,26.86],[63.25,26.88],[63.23,27.0],[63.24,27.08],[63.31,27.12],[63.3,27.15],[63.26,27.21],[63.2,27.24],[63.17,27.25],[62.92,27.22],[62.81,27.23],[62.76,27.25],[62.75,27.27],[62.76,27.3],[62.76,27.36],[62.8,27.44],[62.81,27.5],[62.78,27.8],[62.74,28.0],[62.76,28.2],[62.76,28.24],[62.75,28.25],[62.72,28.25],[62.56,28.24],[62.43,28.36],[62.35,28.41],[62.13,28.48],[62.03,28.49],[61.89,28.55],[61.76,28.67],[61.62,28.79],[61.57,28.87],[61.51,29.01],[61.34,29.26],[61.34,29.33],[61.32,29.37],[61.15,29.54],[61.03,29.66],[60.84,29.86],[61.22,29.75],[61.52,29.67],[62.0,29.53],[62.37,29.43],[62.48,29.41],[63.57,29.5],[63.97,29.43],[64.1,29.39],[64.12,29.41],[64.17,29.46],[64.27,29.51],[64.39,29.54],[64.52,29.56],[64.7,29.57],[64.83,29.56],[64.92,29.55],[65.1,29.56],[65.18,29.58],[65.47,29.65],[65.67,29.7],[65.96,29.78],[66.18,29.84],[66.23,29.87],[66.29,29.92],[66.31,29.97],[66.25,30.04],[66.24,30.11],[66.28,30.19],[66.31,30.32],[66.3,30.5],[66.29,30.61],[66.35,30.8],[66.4,30.91],[66.5,30.96],[66.57,31.0],[66.6,31.02],[66.62,31.05],[66.73,31.19],[66.83,31.26],[66.92,31.31],[67.03,31.3],[67.12,31.24],[67.29,31.22],[67.45,31.23],[67.6,31.28],[67.66,31.31],[67.74,31.34],[67.73,31.38],[67.65,31.41],[67.6,31.45],[67.58,31.51],[67.63,31.54],[67.74,31.55],[68.02,31.68],[68.13,31.76],[68.16,31.8],[68.21,31.81],[68.32,31.77],[68.44,31.75],[68.52,31.79],[68.6,31.8],[68.67,31.76],[68.71,31.71],[68.78,31.65],[68.87,31.63],[68.97,31.67],[69.08,31.74],[69.19,31.84],[69.28,31.94],[69.26,32.25],[69.24,32.43],[69.29,32.53],[69.36,32.59],[69.41,32.68],[69.4,32.76],[69.45,32.83],[69.5,33.02],[69.57,33.06],[69.7,33.09],[69.92,33.11],[70.09,33.2],[70.26,33.29],[70.28,33.37],[70.22,33.45],[70.13,33.62],[70.06,33.72],[69.87,33.9],[69.89,34.01],[69.99,34.05],[70.25,33.98],[70.33,33.96],[70.42,33.95],[70.65,33.95],[70.85,33.98],[71.05,34.05],[71.09,34.12],[71.09,34.2],[71.09,34.27],[71.1,34.37],[71.02,34.43],[70.98,34.49],[70.97,34.53],[71.02,34.55],[71.07,34.6],[71.11,34.68],[71.23,34.78],[71.29,34.87],[71.36,34.91],[71.46,34.97],[71.52,35.05],[71.55,35.1],[71.6,35.15],[71.62,35.18],[71.61,35.21],[71.58,35.25],[71.55,35.29],[71.55,35.33],[71.57,35.37],[71.6,35.41],[71.59,35.46],[71.57,35.55],[71.52,35.6],[71.48,35.71],[71.43,35.83],[71.4,35.88],[71.34,35.94],[71.22,36.0],[71.19,36.04],[71.23,36.12],[71.31,36.17],[71.46,36.29],[71.55,36.38],[71.62,36.44],[71.72,36.43],[71.77,36.43],[71.82,36.49],[71.92,36.53],[72.1,36.63],[72.16,36.7],[72.25,36.73],[72.33,36.74],[72.43,36.77],[72.53,36.8],[72.62,36.83],[72.77,36.84],[72.99,36.85],[73.12,36.87],[73.41,36.88],[73.73,36.89],[73.77,36.89],[73.91,36.85],[74.0,36.82],[74.04,36.83],[74.19,36.9],[74.43,36.98],[74.54,37.02],[74.6,37.04],[74.69,37.04],[74.77,37.01],[74.84,36.98],[74.89,36.95],[74.95,36.97],[75.05,36.99],[75.15,36.97],[75.35,36.91],[75.38,36.88],[75.42,36.74],[75.46,36.73],[75.57,36.76],[75.67,36.74],[75.77,36.69],[75.84,36.65],[75.88,36.6],[75.93,36.52],[75.95,36.46],[75.97,36.38],[75.97,36.17],[75.93,36.13],[75.9,36.09],[75.91,36.05],[75.95,36.02],[76.01,36.0],[76.07,35.98],[76.1,35.95],[76.15,35.83],[76.18,35.81],[76.25,35.81],[76.39,35.84],[76.5,35.88],[76.55,35.89],[76.56,35.77],[76.63,35.73],[76.73,35.68],[76.77,35.66]]]]},"properties":{"iso":"PAK","name":"Pakistan","ha":[38884.9,38937.6,39278.3,39698.9,40442.8,40675.2,41076.8,41825.5,42906.0,44551.5,44918.2,45712.8,46619.6,47153.4,46548.2,46572.4,46600.8,47087.1,47428.2,47874.6,48565.1,48662.8,50437.3,51878.5,56021.8,56907.4,57648.4,60035.0,61442.7,64134.2,65295.5,67609.4,68684.5,69597.3,71621.7,73760.3,75729.0,79147.4,80795.0,82420.1,82853.5],"lo":[36267.8,36317.0,36634.8,37027.0,37720.9,37937.6,38312.3,39010.5,40018.3,41553.1,41895.0,42636.2,43481.9,43979.9,43415.4,43437.9,43464.5,43918.0,44236.2,44652.5,45296.6,45387.7,47042.7,48386.9,52251.3,53077.3,53768.5,55994.5,57307.4,59817.8,60901.0,63059.1,64061.9,64913.2,66801.4,68796.0,70632.2,73820.6,75357.3,76872.9,77277.2],"hi":[42617.7,42675.5,43048.9,43509.8,44325.2,44579.9,45020.1,45840.6,47024.9,48828.3,49230.2,50101.1,51094.9,51680.0,51016.7,51043.2,51074.4,51607.3,51981.2,52470.4,53227.2,53334.3,55279.1,56858.7,61399.7,62370.3,63182.5,65798.2,67341.0,70290.9,71563.7,74099.7,75278.0,76278.4,78497.2,80841.1,82998.8,86745.4,88551.1,90332.1,90807.1]}},{"type":"Feature","geometry":{"type":"MultiPolygon","coordinates":[[[[-77.37,8.66],[-77.39,8.64],[-77.45,8.57],[-77.48,8.5],[-77.41,8.43],[-77.39,8.35],[-77.35,8.27],[-77.28,8.19],[-77.21,8.03],[-77.2,7.97],[-77.22,7.93],[-77.28,7.91],[-77.35,7.84],[-77.36,7.75],[-77.35,7.71],[-77.54,7.57],[-77.59,7.54],[-77.62,7.56],[-77.66,7.63],[-77.71,7.69],[-77.73,7.71],[-77.75,7.71],[-77.76,7.7],[-77.77,7.67],[-77.74,7.54],[-77.76,7.48],[-77.83,7.44],[-77.9,7.23],[-77.93,7.26],[-78.17,7.54],[-78.38,7.9],[-78.42,8.06],[-78.37,8.07],[-78.32,8.07],[-78.29,8.09],[-78.25,8.14],[-78.28,8.25],[-78.18,8.33],[-78.14,8.39],[-78.11,8.38],[-78.05,8.28],[-77.95,8.23],[-77.83,8.15],[-77.76,8.13],[-77.85,8.22],[-78.01,8.33],[-78.06,8.4],[-78.1,8.5],[-78.16,8.45],[-78.19,8.42],[-78.22,8.4],[-78.25,8.42],[-78.26,8.45],[-78.35,8.46],[-78.37,8.49],[-78.4,8.51],[-78.39,8.44],[-78.37,8.4],[-78.38,8.36],[-78.41,8.36],[-78.44,8.4],[-78.47,8.45],[-78.51,8.63],[-78.62,8.71],[-78.67,8.74],[-78.71,8.75],[-78.77,8.81],[-78.85,8.84],[-78.96,8.93],[-79.09,9.0],[-79.25,9.02],[-79.44,9.01],[-79.51,8.97],[-79.55,8.92],[-79.57,8.9],[-79.69,8.85],[-79.73,8.78],[-79.76,8.71],[-79.82,8.64],[-79.75,8.6],[-80.13,8.35],[-80.2,8.31],[-80.37,8.29],[-80.41,8.26],[-80.46,8.21],[-80.47,8.14],[-80.46,8.08],[-80.41,8.03],[-80.37,8.0],[-80.26,7.85],[-80.08,7.67],[-80.04,7.6],[-80.01,7.5],[-80.07,7.45],[-80.11,7.43],[-80.29,7.43],[-80.35,7.39],[-80.37,7.32],[-80.44,7.27],[-80.67,7.23],[-80.85,7.22],[-80.9,7.28],[-80.91,7.44],[-81.04,7.71],[-81.06,7.9],[-81.09,7.88],[-81.16,7.85],[-81.18,7.81],[-81.2,7.67],[-81.22,7.62],[-81.27,7.63],[-81.37,7.68],[-81.5,7.72],[-81.68,8.02],[-81.69,8.07],[-81.73,8.14],[-81.86,8.17],[-81.97,8.22],[-82.1,8.22],[-82.16,8.19],[-82.22,8.23],[-82.24,8.31],[-82.36,8.27],[-82.53,8.29],[-82.68,8.32],[-82.78,8.3],[-82.87,8.25],[-82.85,8.1],[-82.88,8.07],[-82.88,8.13],[-82.91,8.2],[-82.95,8.26],[-83.02,8.32],[-83.03,8.34],[-83.0,8.37],[-82.86,8.45],[-82.84,8.49],[-82.84,8.56],[-82.86,8.64],[-82.92,8.74],[-82.88,8.81],[-82.81,8.86],[-82.74,8.9],[-82.73,8.92],[-82.74,8.95],[-82.78,8.99],[-82.88,9.06],[-82.94,9.06],[-82.94,9.25],[-82.94,9.45],[-82.93,9.47],[-82.89,9.48],[-82.86,9.51],[-82.84,9.57],[-82.8,9.59],[-82.72,9.55],[-82.64,9.51],[-82.61,9.52],[-82.59,9.54],[-82.57,9.56],[-82.56,9.58],[-82.5,9.52],[-82.37,9.43],[-82.36,9.38],[-82.38,9.34],[-82.34,9.21],[-82.27,9.19],[-82.2,9.22],[-82.19,9.19],[-82.2,9.17],[-82.24,9.14],[-82.24,9.03],[-82.13,8.98],[-82.08,8.93],[-81.89,8.96],[-81.83,8.94],[-81.78,8.96],[-81.83,9.05],[-81.9,9.11],[-81.89,9.14],[-81.84,9.12],[-81.8,9.07],[-81.71,9.02],[-81.55,8.83],[-81.35,8.78],[-81.2,8.79],[-81.06,8.81],[-80.84,8.89],[-80.68,9.02],[-80.55,9.08],[-80.13,9.21],[-79.98,9.34],[-79.92,9.36],[-79.86,9.38],[-79.72,9.48],[-79.65,9.56],[-79.58,9.6],[-79.36,9.57],[-79.21,9.53],[-79.11,9.54],[-79.02,9.51],[-78.97,9.45],[-78.93,9.43],[-78.7,9.43],[-78.5,9.41],[-78.08,9.24],[-77.83,9.07],[-77.7,8.89],[-77.37,8.66]]],[[[-78.9,8.27],[-78.92,8.23],[-78.96,8.33],[-78.96,8.35],[-78.96,8.44],[-78.92,8.46],[-78.88,8.46],[-78.86,8.45],[-78.84,8.35],[-78.85,8.3],[-78.9,8.27]]],[[[-81.6,7.33],[-81.66,7.33],[-81.77,7.37],[-81.85,7.45],[-81.86,7.48],[-81.86,7.51],[-81.81,7.59],[-81.75,7.62],[-81.73,7.62],[-81.67,7.52],[-81.71,7.49],[-81.69,7.42],[-81.61,7.38],[-81.6,7.33]]],[[[-82.23,9.38],[-82.24,9.33],[-82.32,9.42],[-82.28,9.43],[-82.26,9.43],[-82.23,9.38]]],[[[-79.07,8.25],[-79.11,8.21],[-79.13,8.25],[-79.1,8.3],[-79.09,8.3],[-79.07,8.25]]]]},"properties":{"iso":"PAN","name":"Panama","ha":[174569.9,174556.3,174573.2,174636.0,174844.9,174978.6,175024.6,175189.7,175517.7,175637.2,176035.1,175989.0,175740.2,175405.4,174748.6,174568.0,174121.3,173824.7,173794.3,173184.8,173503.2,173712.6,173870.3,174133.2,174470.4,174398.6,174191.1,173572.3,173178.3,173218.7,173482.5,173416.7,173362.9,173333.7,173127.8,173175.0,173188.1,172851.3,172760.7,172785.7,173418.2],"lo":[162820.9,162808.1,162823.9,162882.5,163077.4,163202.0,163244.9,163398.9,163704.8,163816.3,164187.4,164144.4,163912.4,163600.1,162987.5,162819.0,162402.5,162125.8,162097.4,161529.0,161826.0,162021.2,162168.3,162413.5,162728.1,162661.0,162467.6,161890.4,161522.9,161560.5,161806.6,161745.2,161695.0,161667.9,161475.8,161519.8,161532.0,161217.9,161133.4,161156.7,161746.6],"hi":[191328.1,191313.1,191331.7,191400.5,191629.5,191776.0,191826.4,192007.4,192366.9,192497.8,192933.9,192883.4,192610.8,192243.8,191524.0,191325.9,190836.5,190511.3,190478.0,189810.0,190159.0,190388.4,190561.4,190849.4,191219.1,191140.3,190913.0,190234.7,189802.8,189847.1,190136.3,190064.2,190005.2,189973.3,189747.6,189799.2,189813.6,189444.5,189345.2,189372.6,190065.8]}},{"type":"Feature","geometry":{"type":"MultiPolygon","coordinates":[[[[-69.97,-4.24],[-69.97,-4.3],[-70.0,-4.33],[-70.05,-4.33],[-70.13,-4.29],[-70.18,-4.3],[-70.24,-4.3],[-70.32,-4.25],[-70.34,-4.19],[-70.4,-4.15],[-70.53,-4.17],[-70.63,-4.17],[-70.72,-4.16],[-70.8,-4.17],[-70.87,-4.23],[-70.92,-4.3],[-70.97,-4.35],[-71.14,-4.39],[-71.24,-4.39],[-71.32,-4.42],[-71.44,-4.44],[-71.52,-4.47],[-71.67,-4.49],[-71.84,-4.5],[-71.94,-4.55],[-71.98,-4.57],[-72.08,-4.64],[-72.26,-4.75],[-72.35,-4.79],[-72.47,-4.9],[-72.61,-5.01],[-72.7,-5.07],[-72.83,-5.09],[-72.89,-5.12],[-72.91,-5.16],[-72.9,-5.2],[-72.92,-5.3],[-72.96,-5.5],[-72.97,-5.59],[-72.98,-5.63],[-73.07,-5.79],[-73.16,-5.93],[-73.21,-6.03],[-73.24,-6.1],[-73.21,-6.16],[-73.17,-6.26],[-73.14,-6.34],[-73.13,-6.4],[-73.14,-6.47],[-73.18,-6.53],[-73.24,-6.56],[-73.33,-6.57],[-73.5,-6.68],[-73.69,-6.83],[-73.76,-6.91],[-73.78,-6.97],[-73.8,-7.08],[-73.79,-7.14],[-73.76,-7.17],[-73.72,-7.26],[-73.72,-7.31],[-73.75,-7.34],[-73.8,-7.34],[-73.85,-7.35],[-73.89,-7.37],[-73.93,-7.37],[-73.96,-7.38],[-73.96,-7.42],[-73.95,-7.46],[-73.96,-7.51],[-73.98,-7.54],[-74.0,-7.56],[-73.98,-7.59],[-73.95,-7.61],[-73.89,-7.65],[-73.82,-7.74],[-73.77,-7.75],[-73.72,-7.78],[-73.71,-7.83],[-73.73,-7.88],[-73.77,-7.9],[-73.78,-7.94],[-73.72,-7.99],[-73.68,-8.02],[-73.64,-8.07],[-73.61,-8.15],[-73.61,-8.19],[-73.57,-8.25],[-73.55,-8.3],[-73.55,-8.35],[-73.49,-8.39],[-73.44,-8.43],[-73.4,-8.46],[-73.36,-8.48],[-73.35,-8.51],[-73.36,-8.57],[-73.3,-8.65],[-73.2,-8.72],[-73.12,-8.81],[-73.07,-8.88],[-72.97,-8.99],[-72.97,-9.12],[-73.09,-9.27],[-73.21,-9.41],[-73.01,-9.41],[-72.81,-9.41],[-72.61,-9.45],[-72.46,-9.49],[-72.38,-9.51],[-72.32,-9.56],[-72.29,-9.63],[-72.27,-9.69],[-72.26,-9.77],[-72.17,-9.84],[-72.18,-9.91],[-72.18,-10.0],[-72.14,-10.01],[-71.89,-10.01],[-71.61,-10.01],[-71.34,-9.99],[-71.24,-9.97],[-71.12,-9.85],[-71.04,-9.82],[-70.97,-9.77],[-70.88,-9.67],[-70.82,-9.63],[-70.76,-9.57],[-70.67,-9.52],[-70.64,-9.48],[-70.61,-9.46],[-70.54,-9.44],[-70.57,-9.49],[-70.59,-9.54],[-70.6,-9.62],[-70.57,-9.7],[-70.59,-9.77],[-70.64,-9.82],[-70.64,-9.97],[-70.64,-10.18],[-70.64,-10.36],[-70.64,-10.59],[-70.64,-10.84],[-70.64,-11.01],[-70.6,-10.98],[-70.53,-10.95],[-70.45,-11.02],[-70.39,-11.06],[-70.34,-11.07],[-70.29,-11.06],[-70.22,-11.05],[-70.07,-10.98],[-69.96,-10.93],[-69.84,-10.93],[-69.67,-10.95],[-69.58,-10.95],[-69.45,-11.17],[-69.36,-11.33],[-69.26,-11.51],[-69.17,-11.65],[-69.05,-11.88],[-68.94,-12.07],[-68.82,-12.27],[-68.69,-12.5],[-68.73,-12.56],[-68.76,-12.61],[-68.76,-12.69],[-68.81,-12.73],[-68.87,-12.76],[-68.93,-12.82],[-68.98,-12.88],[-68.98,-12.96],[-68.97,-13.38],[-68.98,-13.5],[-69.02,-13.59],[-69.05,-13.64],[-69.07,-13.68],[-69.02,-13.78],[-68.97,-13.98],[-68.94,-14.01],[-68.89,-14.09],[-68.87,-14.17],[-68.88,-14.2],[-68.97,-14.23],[-69.0,-14.27],[-69.01,-14.38],[-69.05,-14.42],[-69.12,-14.47],[-69.16,-14.53],[-69.2,-14.57],[-69.23,-14.6],[-69.25,-14.67],[-69.28,-14.75],[-69.36,-14.8],[-69.37,-14.89],[-69.37,-14.96],[-69.33,-15.04],[-69.19,-15.2],[-69.17,-15.24],[-69.25,-15.33],[-69.3,-15.4],[-69.42,-15.6],[-69.42,-15.64],[-69.39,-15.74],[-69.22,-16.15],[-69.19,-16.18],[-69.13,-16.22],[-69.05,-16.22],[-68.91,-16.26],[-68.85,-16.31],[-68.84,-16.34],[-68.86,-16.35],[-68.93,-16.39],[-69.01,-16.43],[-69.03,-16.48],[-69.04,-16.54],[-69.02,-16.64],[-69.05,-16.67],[-69.13,-16.71],[-69.2,-16.77],[-69.27,-16.86],[-69.38,-17.0],[-69.42,-17.04],[-69.44,-17.09],[-69.5,-17.1],[-69.62,-17.2],[-69.65,-17.25],[-69.63,-17.29],[-69.56,-17.33],[-69.52,-17.39],[-69.51,-17.46],[-69.51,-17.5],[-69.51,-17.51],[-69.59,-17.57],[-69.68,-17.65],[-69.81,-17.66],[-69.85,-17.7],[-69.84,-17.79],[-69.8,-17.9],[-69.8,-17.99],[-69.84,-18.09],[-69.93,-18.21],[-70.06,-18.28],[-70.18,-18.33],[-70.28,-18.33],[-70.38,-18.33],[-70.42,-18.35],[-70.49,-18.28],[-70.82,-18.05],[-70.94,-17.93],[-71.06,-17.88],[-71.34,-17.68],[-71.36,-17.62],[-71.4,-17.42],[-71.44,-17.37],[-71.53,-17.29],[-71.77,-17.2],[-71.87,-17.15],[-71.97,-17.06],[-72.11,-17.0],[-72.27,-16.88],[-72.36,-16.77],[-72.47,-16.71],[-72.79,-16.61],[-72.96,-16.52],[-73.26,-16.39],[-73.4,-16.3],[-73.73,-16.2],[-73.82,-16.15],[-74.15,-15.91],[-74.37,-15.83],[-74.55,-15.7],[-75.1,-15.41],[-75.19,-15.32],[-75.27,-15.18],[-75.4,-15.09],[-75.53,-14.9],[-75.74,-14.78],[-75.93,-14.63],[-76.01,-14.5],[-76.14,-14.32],[-76.18,-14.23],[-76.29,-14.13],[-76.3,-13.95],[-76.38,-13.86],[-76.32,-13.82],[-76.26,-13.8],[-76.18,-13.52],[-76.22,-13.37],[-76.43,-13.11],[-76.5,-12.98],[-76.56,-12.82],[-76.64,-12.73],[-76.76,-12.53],[-76.83,-12.35],[-76.99,-12.22],[-77.04,-12.17],[-77.06,-12.11],[-77.15,-12.06],[-77.16,-11.92],[-77.22,-11.66],[-77.31,-11.53],[-77.63,-11.29],[-77.64,-11.19],[-77.66,-11.02],[-77.74,-10.84],[-78.1,-10.26],[-78.19,-10.09],[-78.28,-9.81],[-78.36,-9.65],[-78.45,-9.37],[-78.58,-9.16],[-78.66,-8.97],[-78.75,-8.74],[-78.76,-8.62],[-78.93,-8.4],[-79.01,-8.21],[-79.16,-8.05],[-79.31,-7.92],[-79.38,-7.84],[-79.59,-7.42],[-79.62,-7.3],[-79.76,-7.07],[-79.9,-6.9],[-79.99,-6.77],[-80.11,-6.65],[-80.81,-6.28],[-81.06,-6.13],[-81.14,-6.06],[-81.18,-5.94],[-81.16,-5.88],[-81.09,-5.81],[-80.99,-5.86],[-80.93,-5.84],[-80.88,-5.76],[-80.88,-5.64],[-80.94,-5.48],[-81.17,-5.17],[-81.15,-5.1],[-81.11,-5.03],[-81.2,-4.88],[-81.29,-4.76],[-81.34,-4.67],[-81.28,-4.32],[-81.23,-4.23],[-80.89,-3.88],[-80.8,-3.73],[-80.65,-3.64],[-80.5,-3.5],[-80.32,-3.39],[-80.3,-3.41],[-80.27,-3.42],[-80.27,-3.46],[-80.27,-3.49],[-80.25,-3.52],[-80.24,-3.58],[-80.22,-3.61],[-80.22,-3.65],[-80.22,-3.71],[-80.23,-3.74],[-80.22,-3.79],[-80.18,-3.88],[-80.19,-3.91],[-80.23,-3.92],[-80.27,-3.95],[-80.3,-4.01],[-80.36,-4.0],[-80.44,-3.98],[-80.49,-4.01],[-80.51,-4.07],[-80.49,-4.12],[-80.49,-4.17],[-80.45,-4.21],[-80.35,-4.21],[-80.44,-4.34],[-80.49,-4.39],[-80.48,-4.43],[-80.42,-4.46],[-80.38,-4.46],[-80.29,-4.42],[-80.23,-4.35],[-80.2,-4.31],[-80.14,-4.3],[-80.06,-4.33],[-79.96,-4.39],[-79.85,-4.45],[-79.8,-4.48],[-79.71,-4.47],[-79.64,-4.45],[-79.58,-4.5],[-79.52,-4.54],[-79.5,-4.67],[-79.46,-4.77],[-79.4,-4.84],[-79.33,-4.93],[-79.27,-4.96],[-79.19,-4.96],[-79.08,-4.99],[-79.03,-4.97],[-79.0,-4.91],[-78.98,-4.87],[-78.92,-4.86],[-78.91,-4.82],[-78.93,-4.77],[-78.91,-4.71],[-78.86,-4.67],[-78.74,-4.59],[-78.69,-4.56],[-78.67,-4.52],[-78.65,-4.46],[-78.66,-4.43],[-78.69,-4.38],[-78.68,-4.33],[-78.65,-4.25],[-78.6,-4.16],[-78.57,-4.04],[-78.55,-3.99],[-78.51,-3.95],[-78.49,-3.9],[-78.47,-3.84],[-78.42,-3.78],[-78.42,-3.71],[-78.4,-3.67],[-78.4,-3.59],[-78.35,-3.43],[-78.35,-3.4],[-78.32,-3.39],[-78.28,-3.4],[-78.25,-3.44],[-78.24,-3.47],[-78.23,-3.49],[-78.19,-3.49],[-78.16,-3.47],[-78.16,-3.43],[-78.19,-3.4],[-78.19,-3.38],[-78.18,-3.35],[-78.13,-3.28],[-78.07,-3.21],[-77.94,-3.05],[-77.86,-2.98],[-77.66,-2.91],[-77.51,-2.86],[-77.36,-2.81],[-77.16,-2.74],[-76.88,-2.64],[-76.68,-2.56],[-76.5,-2.43],[-76.36,-2.33],[-76.24,-2.24],[-76.09,-2.13],[-75.89,-1.89],[-75.74,-1.73],[-75.64,-1.61],[-75.57,-1.53],[-75.51,-1.32],[-75.45,-1.07],[-75.42,-0.96],[-75.41,-0.92],[-75.38,-0.94],[-75.35,-0.97],[-75.31,-0.97],[-75.27,-0.97],[-75.25,-0.95],[-75.28,-0.71],[-75.28,-0.65],[-75.26,-0.59],[-75.26,-0.56],[-75.33,-0.51],[-75.42,-0.41],[-75.47,-0.32],[-75.49,-0.25],[-75.56,-0.2],[-75.63,-0.16],[-75.63,-0.12],[-75.58,-0.12],[-75.48,-0.16],[-75.4,-0.15],[-75.34,-0.14],[-75.28,-0.11],[-75.22,-0.04],[-75.18,-0.04],[-75.14,-0.05],[-75.05,-0.12],[-75.0,-0.16],[-74.95,-0.19],[-74.89,-0.2],[-74.84,-0.2],[-74.8,-0.2],[-74.78,-0.24],[-74.76,-0.3],[-74.69,-0.34],[-74.62,-0.37],[-74.56,-0.43],[-74.51,-0.47],[-74.47,-0.52],[-74.42,-0.58],[-74.37,-0.69],[-74.35,-0.77],[-74.33,-0.81],[-74.33,-0.85],[-74.28,-0.93],[-74.25,-0.97],[-74.18,-1.0],[-74.05,-1.03],[-73.99,-1.1],[-73.93,-1.13],[-73.86,-1.2],[-73.81,-1.22],[-73.74,-1.21],[-73.66,-1.25],[-73.61,-1.32],[-73.58,-1.4],[-73.52,-1.45],[-73.49,-1.54],[-73.53,-1.64],[-73.5,-1.69],[-73.44,-1.74],[-73.35,-1.78],[-73.27,-1.77],[-73.22,-1.79],[-73.2,-1.83],[-73.18,-1.88],[-73.15,-2.0],[-73.13,-2.08],[-73.16,-2.16],[-73.17,-2.21],[-73.15,-2.28],[-73.07,-2.31],[-72.99,-2.34],[-72.94,-2.39],[-72.89,-2.41],[-72.81,-2.41],[-72.71,-2.39],[-72.66,-2.36],[-72.63,-2.35],[-72.59,-2.37],[-72.5,-2.4],[-72.4,-2.43],[-72.3,-2.41],[-72.22,-2.4],[-72.14,-2.38],[-72.05,-2.32],[-71.98,-2.33],[-71.93,-2.29],[-71.87,-2.23],[-71.8,-2.17],[-71.75,-2.15],[-71.67,-2.18],[-71.56,-2.22],[-71.5,-2.28],[-71.45,-2.29],[-71.4,-2.33],[-71.3,-2.33],[-71.2,-2.31],[-71.11,-2.25],[-71.03,-2.23],[-70.97,-2.21],[-70.91,-2.22],[-70.71,-2.34],[-70.65,-2.41],[-70.58,-2.42],[-70.52,-2.45],[-70.42,-2.49],[-70.36,-2.53],[-70.29,-2.55],[-70.24,-2.61],[-70.16,-2.64],[-70.1,-2.66],[-70.06,-2.7],[-70.06,-2.73],[-70.07,-2.75],[-70.15,-2.86],[-70.29,-3.09],[-70.42,-3.29],[-70.62,-3.6],[-70.74,-3.78],[-70.71,-3.79],[-70.53,-3.87],[-70.49,-3.87],[-70.42,-3.85],[-70.38,-3.82],[-70.34,-3.81],[-70.3,-3.84],[-70.24,-3.88],[-70.2,-4.0],[-70.17,-4.05],[-70.09,-4.09],[-70.02,-4.16],[-69.97,-4.24]]]]},"properties":{"iso":"PER","name":"Peru","ha":[4378.5,4378.0,4377.2,4378.4,4219.5,4292.7,4311.5,4340.4,4385.0,4435.9,4452.2,4438.1,4418.1,4407.7,4309.6,4332.1,4343.5,4360.6,4374.8,4376.9,4456.1,4496.9,4537.9,4606.2,4716.7,4729.3,4734.2,4719.3,4711.8,4770.8,4813.5,4827.0,4849.2,4866.0,4878.2,4889.1,4894.7,4927.7,4997.9,5021.3,5078.4],"lo":[4083.8,4083.4,4082.6,4083.7,3935.5,4003.7,4021.3,4048.2,4089.9,4137.4,4152.6,4139.4,4120.8,4111.0,4019.5,4040.5,4051.2,4067.1,4080.4,4082.3,4156.2,4194.2,4232.5,4296.2,4399.3,4411.0,4415.6,4401.6,4394.6,4449.7,4489.5,4502.1,4522.9,4538.5,4549.8,4560.0,4565.3,4596.0,4661.5,4683.4,4736.6],"hi":[4798.8,4798.3,4797.4,4798.7,4624.6,4704.7,4725.4,4757.0,4805.9,4861.8,4879.6,4864.1,4842.3,4830.8,4723.3,4747.9,4760.5,4779.2,4794.8,4797.1,4883.9,4928.6,4973.5,5048.3,5169.5,5183.3,5188.6,5172.3,5164.1,5228.8,5275.6,5290.4,5314.7,5333.2,5346.4,5358.4,5364.6,5400.7,5477.6,5503.3,5565.9]}},{"type":"Feature","geometry":{"type":"MultiPolygon","coordinates":[[[[121.1,18.62],[121.25,18.56],[121.59,18.38],[121.72,18.33],[121.85,18.3],[121.95,18.29],[122.04,18.33],[122.08,18.37],[122.15,18.49],[122.22,18.5],[122.27,18.46],[122.3,18.4],[122.32,18.32],[122.29,18.23],[122.22,18.16],[122.18,18.06],[122.15,17.76],[122.15,17.66],[122.18,17.58],[122.24,17.43],[122.27,17.4],[122.36,17.34],[122.39,17.31],[122.39,17.24],[122.41,17.18],[122.47,17.16],[122.52,17.12],[122.5,17.06],[122.47,16.99],[122.43,16.82],[122.23,16.44],[122.21,16.35],[122.14,16.18],[121.97,16.16],[121.79,16.08],[121.69,16.01],[121.6,15.93],[121.56,15.83],[121.59,15.78],[121.61,15.73],[121.61,15.67],[121.58,15.62],[121.49,15.51],[121.45,15.42],[121.41,15.38],[121.39,15.32],[121.4,15.27],[121.43,15.22],[121.54,15.0],[121.66,14.79],[121.69,14.77],[121.7,14.74],[121.63,14.68],[121.63,14.58],[121.65,14.48],[121.75,14.23],[121.77,14.17],[121.8,14.11],[121.85,14.06],[121.91,14.02],[122.08,13.95],[122.14,13.93],[122.21,13.93],[122.23,13.98],[122.29,14.0],[122.27,14.04],[122.2,14.11],[122.2,14.15],[122.24,14.18],[122.28,14.19],[122.38,14.26],[122.49,14.32],[122.63,14.32],[122.76,14.28],[122.86,14.25],[122.93,14.19],[123.01,14.08],[123.07,13.96],[123.07,13.9],[123.06,13.85],[123.06,13.79],[123.1,13.75],[123.23,13.75],[123.3,13.84],[123.31,13.94],[123.26,13.98],[123.28,14.02],[123.32,14.06],[123.38,14.03],[123.43,13.97],[123.63,13.9],[123.68,13.9],[123.73,13.88],[123.82,13.84],[123.86,13.8],[123.81,13.72],[123.61,13.7],[123.55,13.65],[123.61,13.53],[123.7,13.43],[123.76,13.35],[123.82,13.27],[123.82,13.19],[123.79,13.11],[123.87,13.12],[123.96,13.1],[124.07,13.03],[124.1,13.03],[124.14,13.04],[124.14,12.79],[124.06,12.57],[123.96,12.59],[123.88,12.69],[123.89,12.8],[123.95,12.92],[123.92,12.94],[123.86,12.93],[123.8,12.91],[123.74,12.9],[123.63,12.91],[123.4,13.03],[123.31,13.04],[123.29,13.1],[123.3,13.22],[123.21,13.35],[123.19,13.4],[123.16,13.44],[122.9,13.59],[122.86,13.62],[122.78,13.74],[122.6,13.91],[122.54,13.93],[122.49,13.93],[122.47,13.89],[122.49,13.82],[122.5,13.76],[122.5,13.7],[122.51,13.66],[122.6,13.56],[122.61,13.52],[122.67,13.4],[122.68,13.25],[122.6,13.19],[122.52,13.26],[122.51,13.31],[122.5,13.36],[122.41,13.49],[122.38,13.52],[122.21,13.65],[122.07,13.79],[121.78,13.94],[121.74,13.95],[121.69,13.93],[121.64,13.92],[121.5,13.84],[121.45,13.79],[121.45,13.71],[121.34,13.65],[121.2,13.64],[121.1,13.68],[121.01,13.76],[120.93,13.76],[120.84,13.88],[120.73,13.9],[120.64,13.8],[120.62,14.0],[120.62,14.19],[120.64,14.24],[120.69,14.29],[120.92,14.49],[120.95,14.56],[120.94,14.65],[120.89,14.72],[120.8,14.76],[120.71,14.78],[120.64,14.82],[120.58,14.88],[120.55,14.77],[120.58,14.59],[120.59,14.48],[120.56,14.44],[120.5,14.44],[120.44,14.45],[120.4,14.49],[120.37,14.61],[120.28,14.68],[120.25,14.79],[120.21,14.81],[120.14,14.8],[120.08,14.85],[120.04,14.98],[120.04,15.11],[120.0,15.23],[119.96,15.34],[119.93,15.43],[119.89,15.84],[119.88,15.88],[119.86,15.91],[119.81,15.95],[119.77,16.01],[119.76,16.05],[119.77,16.26],[119.79,16.3],[119.83,16.33],[119.89,16.29],[119.93,16.24],[119.99,16.22],[120.03,16.18],[120.12,16.07],[120.16,16.05],[120.27,16.05],[120.34,16.07],[120.37,16.11],[120.39,16.16],[120.39,16.22],[120.33,16.4],[120.31,16.53],[120.3,16.65],[120.32,16.76],[120.41,16.96],[120.42,17.09],[120.41,17.27],[120.43,17.38],[120.42,17.44],[120.37,17.54],[120.36,17.64],[120.51,18.16],[120.55,18.26],[120.58,18.37],[120.6,18.51],[120.71,18.55],[120.81,18.6],[120.87,18.6],[120.92,18.59],[121.05,18.61],[121.1,18.62]]],[[[117.31,8.44],[117.22,8.37],[117.23,8.46],[117.26,8.54],[117.35,8.71],[117.42,8.77],[117.53,8.9],[117.59,8.97],[117.74,9.1],[117.88,9.24],[117.93,9.25],[117.98,9.25],[118.02,9.27],[118.11,9.35],[118.34,9.6],[118.53,9.79],[118.73,10.04],[118.82,10.11],[118.85,10.13],[119.02,10.35],[119.08,10.39],[119.14,10.41],[119.19,10.44],[119.22,10.48],[119.29,10.57],[119.31,10.69],[119.3,10.75],[119.26,10.85],[119.31,10.97],[119.34,11.03],[119.47,11.29],[119.5,11.35],[119.55,11.31],[119.56,11.27],[119.53,11.16],[119.53,11.1],[119.56,11.05],[119.53,10.95],[119.62,10.71],[119.68,10.55],[119.69,10.5],[119.6,10.41],[119.54,10.38],[119.42,10.35],[119.37,10.33],[119.28,10.25],[119.23,10.15],[119.22,10.1],[119.19,10.06],[118.95,9.99],[118.83,9.95],[118.78,9.92],[118.75,9.86],[118.77,9.77],[118.57,9.42],[118.5,9.33],[118.43,9.26],[118.35,9.2],[118.23,9.17],[118.13,9.1],[118.07,8.98],[117.99,8.88],[117.89,8.8],[117.78,8.73],[117.68,8.68],[117.57,8.64],[117.54,8.6],[117.52,8.54],[117.47,8.51],[117.41,8.5],[117.31,8.44]]],[[[122.5,11.62],[122.61,11.56],[122.73,11.61],[122.84,11.6],[122.93,11.53],[122.9,11.49],[122.89,11.44],[123.1,11.54],[123.16,11.54],[123.16,11.44],[123.14,11.36],[123.12,11.29],[123.08,11.2],[123.02,11.12],[122.94,11.06],[122.85,11.02],[122.8,10.99],[122.79,10.94],[122.79,10.88],[122.77,10.82],[122.67,10.8],[122.52,10.69],[122.2,10.62],[122.11,10.58],[122.05,10.51],[121.99,10.46],[121.95,10.44],[121.94,10.47],[121.93,10.49],[121.98,10.64],[121.97,10.7],[121.95,10.76],[121.96,10.87],[122.02,10.98],[122.05,11.1],[122.06,11.33],[122.1,11.64],[122.1,11.68],[122.07,11.72],[121.94,11.76],[121.89,11.79],[121.92,11.85],[121.96,11.9],[122.03,11.9],[122.09,11.86],[122.29,11.77],[122.4,11.7],[122.5,11.62]]],[[[123.13,9.06],[123.06,9.05],[122.99,9.06],[122.95,9.11],[122.87,9.32],[122.77,9.37],[122.66,9.41],[122.61,9.44],[122.56,9.48],[122.41,9.69],[122.4,9.82],[122.43,9.9],[122.47,9.96],[122.52,9.98],[122.65,9.98],[122.71,9.99],[122.86,10.09],[122.87,10.12],[122.87,10.28],[122.85,10.4],[122.82,10.5],[122.86,10.55],[122.91,10.6],[122.96,10.7],[122.97,10.77],[122.97,10.84],[122.98,10.89],[123.02,10.91],[123.22,10.99],[123.26,10.99],[123.51,10.92],[123.56,10.82],[123.57,10.78],[123.53,10.66],[123.49,10.58],[123.41,10.46],[123.34,10.33],[123.3,10.12],[123.27,10.06],[123.19,9.93],[123.16,9.86],[123.16,9.71],[123.15,9.66],[123.15,9.61],[123.31,9.36],[123.32,9.32],[123.32,9.27],[123.29,9.22],[123.23,9.12],[123.19,9.09],[123.13,9.06]]],[[[124.57,11.34],[124.64,11.31],[124.72,11.32],[124.82,11.4],[124.93,11.37],[124.99,11.26],[125.03,11.21],[125.04,11.14],[125.04,10.95],[125.01,10.79],[125.03,10.75],[125.08,10.72],[125.13,10.68],[125.16,10.64],[125.19,10.58],[125.2,10.46],[125.26,10.35],[125.27,10.31],[125.25,10.26],[125.15,10.27],[125.14,10.24],[125.14,10.19],[125.11,10.22],[125.04,10.32],[124.99,10.37],[125.0,10.2],[125.02,10.12],[125.03,10.03],[124.93,10.1],[124.81,10.13],[124.78,10.17],[124.79,10.27],[124.79,10.33],[124.74,10.44],[124.8,10.68],[124.8,10.73],[124.79,10.78],[124.74,10.88],[124.66,10.96],[124.62,10.96],[124.5,10.9],[124.45,10.92],[124.41,11.15],[124.37,11.37],[124.33,11.43],[124.31,11.49],[124.33,11.54],[124.37,11.51],[124.44,11.46],[124.51,11.42],[124.55,11.4],[124.57,11.34]]],[[[125.24,12.53],[125.31,12.45],[125.33,12.39],[125.32,12.32],[125.35,12.29],[125.41,12.28],[125.48,12.25],[125.54,12.19],[125.5,12.14],[125.51,12.05],[125.46,11.95],[125.46,11.77],[125.5,11.71],[125.5,11.66],[125.49,11.59],[125.51,11.54],[125.59,11.38],[125.61,11.32],[125.58,11.28],[125.57,11.24],[125.63,11.23],[125.7,11.16],[125.75,11.07],[125.74,11.05],[125.67,11.12],[125.63,11.13],[125.43,11.11],[125.31,11.14],[125.23,11.15],[125.16,11.27],[125.09,11.29],[125.03,11.34],[124.95,11.48],[124.92,11.56],[124.98,11.64],[125.0,11.7],[125.0,11.76],[124.94,11.75],[124.88,11.78],[124.82,11.85],[124.8,11.9],[124.75,11.93],[124.68,12.02],[124.57,12.06],[124.53,12.08],[124.45,12.15],[124.38,12.24],[124.33,12.4],[124.29,12.57],[124.57,12.53],[124.84,12.53],[125.15,12.57],[125.24,12.53]]],[[[120.7,13.48],[120.76,13.47],[120.92,13.5],[120.98,13.49],[121.02,13.43],[121.08,13.41],[121.12,13.38],[121.2,13.43],[121.28,13.37],[121.36,13.27],[121.44,13.19],[121.52,13.13],[121.54,13.09],[121.49,13.02],[121.47,12.93],[121.48,12.84],[121.54,12.64],[121.52,12.58],[121.46,12.51],[121.41,12.42],[121.42,12.39],[121.4,12.36],[121.39,12.3],[121.36,12.31],[121.32,12.3],[121.29,12.28],[121.24,12.22],[121.16,12.24],[121.12,12.25],[121.11,12.3],[121.08,12.34],[121.05,12.36],[120.96,12.45],[120.92,12.51],[120.92,12.58],[120.9,12.65],[120.85,12.7],[120.8,12.75],[120.78,12.79],[120.77,12.84],[120.76,12.97],[120.68,13.13],[120.65,13.17],[120.57,13.21],[120.51,13.26],[120.48,13.31],[120.46,13.39],[120.44,13.41],[120.39,13.4],[120.34,13.41],[120.35,13.47],[120.4,13.52],[120.47,13.52],[120.65,13.5],[120.7,13.48]]],[[[126.01,9.32],[126.09,9.26],[126.19,9.28],[126.19,9.12],[126.21,9.08],[126.3,8.95],[126.32,8.84],[126.26,8.74],[126.22,8.7],[126.14,8.63],[126.14,8.6],[126.17,8.56],[126.28,8.54],[126.37,8.48],[126.38,8.33],[126.46,8.2],[126.46,8.15],[126.43,7.93],[126.44,7.83],[126.49,7.76],[126.54,7.72],[126.57,7.68],[126.59,7.55],[126.59,7.33],[126.58,7.25],[126.55,7.18],[126.44,7.01],[126.29,6.88],[126.22,6.89],[126.19,6.85],[126.24,6.73],[126.22,6.48],[126.19,6.31],[126.14,6.4],[126.11,6.49],[126.08,6.73],[126.04,6.84],[125.98,6.94],[125.96,7.03],[125.9,7.12],[125.82,7.33],[125.77,7.32],[125.69,7.26],[125.67,7.22],[125.66,7.16],[125.64,7.11],[125.54,7.02],[125.46,6.91],[125.4,6.8],[125.38,6.69],[125.43,6.61],[125.49,6.57],[125.56,6.5],[125.59,6.47],[125.67,6.22],[125.67,5.98],[125.61,5.87],[125.46,5.66],[125.35,5.6],[125.29,5.63],[125.24,5.76],[125.23,5.81],[125.26,5.93],[125.27,6.03],[125.23,6.07],[125.19,6.06],[125.17,6.05],[125.08,5.91],[125.04,5.87],[124.98,5.87],[124.93,5.88],[124.64,6.0],[124.4,6.12],[124.21,6.23],[124.08,6.4],[124.05,6.53],[124.05,6.67],[123.99,6.86],[123.98,6.93],[123.99,6.99],[124.05,7.11],[124.12,7.18],[124.16,7.22],[124.19,7.27],[124.21,7.33],[124.21,7.4],[124.18,7.44],[124.07,7.58],[123.97,7.66],[123.76,7.74],[123.72,7.79],[123.67,7.82],[123.61,7.83],[123.55,7.83],[123.49,7.81],[123.48,7.76],[123.48,7.71],[123.48,7.67],[123.39,7.41],[123.28,7.46],[123.18,7.53],[123.15,7.58],[123.14,7.63],[123.12,7.67],[123.1,7.7],[123.05,7.61],[122.99,7.55],[122.92,7.53],[122.84,7.53],[122.82,7.56],[122.79,7.72],[122.71,7.77],[122.62,7.76],[122.5,7.67],[122.47,7.64],[122.45,7.56],[122.32,7.34],[122.25,7.17],[122.18,7.0],[122.14,6.95],[122.1,6.91],[122.03,6.93],[121.96,6.97],[121.9,7.08],[121.92,7.2],[121.99,7.28],[122.05,7.36],[122.11,7.66],[122.12,7.77],[122.13,7.81],[122.24,7.95],[122.34,8.03],[122.39,8.05],[122.59,8.09],[122.67,8.13],[122.8,8.13],[122.91,8.16],[123.0,8.22],[123.0,8.29],[123.0,8.36],[123.02,8.4],[123.05,8.43],[123.1,8.48],[123.15,8.52],[123.29,8.54],[123.34,8.57],[123.38,8.62],[123.43,8.7],[123.5,8.68],[123.56,8.65],[123.68,8.62],[123.78,8.55],[123.85,8.43],[123.86,8.38],[123.88,8.19],[123.85,8.15],[123.75,8.06],[123.8,8.05],[123.93,8.13],[124.0,8.16],[124.16,8.2],[124.2,8.23],[124.23,8.27],[124.28,8.39],[124.33,8.51],[124.36,8.56],[124.4,8.6],[124.45,8.61],[124.62,8.52],[124.73,8.56],[124.76,8.69],[124.79,8.87],[124.81,8.92],[124.87,8.97],[124.94,8.96],[125.05,8.89],[125.14,8.87],[125.18,8.92],[125.21,9.03],[125.25,9.03],[125.38,8.99],[125.5,9.01],[125.53,9.14],[125.51,9.28],[125.41,9.67],[125.47,9.76],[125.52,9.76],[125.64,9.65],[125.88,9.51],[125.95,9.43],[126.01,9.32]]],[[[123.37,9.45],[123.33,9.42],[123.32,9.49],[123.33,9.58],[123.4,9.89],[123.39,9.97],[123.51,10.14],[123.59,10.3],[123.71,10.47],[123.73,10.56],[123.83,10.73],[123.93,10.96],[123.92,11.04],[123.95,11.08],[123.96,11.14],[123.97,11.19],[124.04,11.27],[124.06,11.22],[124.04,11.11],[124.04,11.05],[124.05,11.03],[124.05,10.93],[124.03,10.77],[124.05,10.59],[124.0,10.4],[123.95,10.32],[123.87,10.26],[123.79,10.22],[123.7,10.13],[123.64,10.02],[123.63,9.92],[123.49,9.59],[123.37,9.45]]],[[[121.92,18.89],[121.86,18.82],[121.83,18.84],[121.86,18.91],[121.86,18.94],[121.89,18.99],[121.94,19.01],[121.99,18.96],[121.92,18.89]]],[[[121.52,19.36],[121.53,19.27],[121.47,19.27],[121.38,19.33],[121.37,19.36],[121.38,19.38],[121.39,19.4],[121.52,19.36]]],[[[121.96,20.37],[121.94,20.35],[121.91,20.36],[121.94,20.45],[121.99,20.48],[122.03,20.47],[121.96,20.37]]],[[[121.88,20.78],[121.83,20.7],[121.79,20.7],[121.8,20.75],[121.85,20.84],[121.87,20.84],[121.88,20.78]]],[[[121.16,6.08],[121.21,6.0],[121.28,6.02],[121.39,6.0],[121.41,5.96],[121.41,5.94],[121.29,5.87],[121.22,5.94],[121.08,5.89],[121.02,5.92],[120.93,5.9],[120.88,5.95],[120.9,6.01],[121.04,6.1],[121.16,6.08]]],[[[117.08,7.88],[117.03,7.81],[116.97,7.89],[116.98,8.02],[116.99,8.05],[117.08,8.07],[117.08,7.88]]],[[[119.92,10.49],[119.79,10.46],[119.76,10.55],[119.85,10.64],[119.95,10.6],[120.01,10.57],[119.98,10.54],[119.92,10.49]]],[[[120.1,12.17],[120.15,12.15],[120.19,12.17],[120.23,12.22],[120.26,12.14],[120.34,12.08],[120.31,12.01],[120.24,12.0],[120.17,12.02],[120.1,11.99],[120.01,12.01],[119.96,12.07],[119.9,12.18],[119.87,12.2],[119.87,12.24],[119.89,12.27],[119.88,12.28],[119.89,12.3],[119.9,12.31],[119.92,12.32],[119.96,12.27],[120.08,12.2],[120.1,12.17]]],[[[120.04,11.7],[119.96,11.67],[119.94,11.69],[119.93,11.74],[119.93,11.77],[119.86,11.95],[119.92,11.98],[119.96,11.96],[120.0,11.93],[120.04,11.92],[120.07,11.86],[120.06,11.82],[120.07,11.78],[120.04,11.7]]],[[[122.65,10.47],[122.62,10.46],[122.6,10.46],[122.54,10.42],[122.52,10.49],[122.54,10.61],[122.63,10.7],[122.65,10.72],[122.67,10.74],[122.7,10.74],[122.73,10.71],[122.74,10.65],[122.68,10.5],[122.65,10.47]]],[[[124.59,9.79],[124.58,9.75],[124.51,9.75],[124.48,9.75],[124.4,9.65],[124.36,9.63],[124.12,9.6],[123.94,9.62],[123.87,9.68],[123.83,9.76],[123.82,9.82],[123.86,9.88],[123.91,9.92],[124.06,10.0],[124.09,10.06],[124.17,10.14],[124.34,10.16],[124.35,10.14],[124.37,10.13],[124.41,10.13],[124.49,10.07],[124.58,10.03],[124.56,9.88],[124.58,9.83],[124.59,9.79]]],[[[120.25,5.26],[120.22,5.2],[120.19,5.17],[120.15,5.18],[120.12,5.22],[120.1,5.17],[120.01,5.15],[119.96,5.08],[119.88,5.06],[119.82,5.07],[119.83,5.13],[119.98,5.23],[120.08,5.26],[120.17,5.33],[120.21,5.34],[120.23,5.28],[120.25,5.26]]],[[[122.09,6.43],[121.99,6.41],[121.96,6.42],[121.88,6.52],[121.87,6.56],[121.81,6.61],[121.83,6.66],[121.91,6.68],[122.06,6.74],[122.29,6.64],[122.32,6.6],[122.25,6.58],[122.2,6.48],[122.09,6.43]]],[[[126.06,9.77],[126.05,9.76],[125.99,9.84],[126.0,9.93],[126.07,10.06],[126.13,9.94],[126.13,9.89],[126.12,9.87],[126.17,9.8],[126.14,9.77],[126.06,9.77]]],[[[125.69,9.91],[125.67,9.89],[125.65,9.94],[125.59,10.0],[125.53,10.09],[125.49,10.12],[125.52,10.19],[125.52,10.31],[125.58,10.36],[125.61,10.38],[125.65,10.44],[125.67,10.44],[125.68,10.39],[125.65,10.25],[125.7,10.07],[125.68,9.96],[125.69,9.94],[125.69,9.91]]],[[[120.27,13.75],[120.27,13.68],[120.1,13.78],[120.1,13.82],[120.1,13.84],[120.12,13.86],[120.21,13.82],[120.27,13.75]]],[[[121.91,13.54],[121.98,13.54],[122.0,13.55],[122.11,13.46],[122.11,13.42],[122.12,13.37],[122.05,13.27],[122.04,13.24],[122.0,13.2],[121.88,13.28],[121.83,13.33],[121.82,13.42],[121.87,13.57],[121.91,13.54]]],[[[122.09,12.35],[122.01,12.11],[121.96,12.19],[121.98,12.25],[121.94,12.29],[121.92,12.33],[121.94,12.39],[121.99,12.44],[122.0,12.6],[122.1,12.65],[122.15,12.65],[122.13,12.61],[122.13,12.54],[122.09,12.35]]],[[[122.65,12.31],[122.6,12.29],[122.5,12.38],[122.44,12.43],[122.42,12.46],[122.47,12.49],[122.6,12.49],[122.67,12.42],[122.68,12.38],[122.65,12.31]]],[[[123.28,12.85],[123.37,12.7],[123.27,12.81],[123.17,12.88],[123.05,12.99],[122.97,13.03],[122.95,13.06],[122.96,13.11],[123.02,13.12],[123.04,13.11],[123.21,12.91],[123.28,12.85]]],[[[123.78,12.45],[123.78,12.37],[123.74,12.4],[123.62,12.57],[123.59,12.63],[123.62,12.67],[123.71,12.61],[123.78,12.45]]],[[[123.72,12.29],[123.91,12.17],[124.04,11.97],[124.06,11.81],[124.05,11.75],[123.98,11.82],[123.85,11.91],[123.75,11.93],[123.73,11.95],[123.74,12.0],[123.67,12.05],[123.67,12.07],[123.61,12.09],[123.53,12.2],[123.47,12.22],[123.42,12.19],[123.29,12.04],[123.16,11.93],[123.16,11.97],[123.21,12.11],[123.25,12.33],[123.27,12.4],[123.24,12.49],[123.24,12.58],[123.34,12.54],[123.46,12.5],[123.56,12.44],[123.57,12.41],[123.72,12.29]]],[[[124.35,13.63],[124.33,13.57],[124.29,13.59],[124.25,13.59],[124.18,13.53],[124.06,13.61],[124.04,13.66],[124.12,13.79],[124.12,13.98],[124.15,14.03],[124.19,14.06],[124.22,14.08],[124.31,13.95],[124.34,13.93],[124.42,13.87],[124.4,13.75],[124.4,13.68],[124.35,13.63]]],[[[122.18,14.05],[122.17,14.01],[121.96,14.16],[121.95,14.18],[121.95,14.21],[121.96,14.23],[122.18,14.05]]],[[[122.03,15.01],[122.05,14.97],[122.03,14.97],[122.02,14.97],[121.97,14.89],[122.02,14.76],[121.99,14.66],[121.93,14.66],[121.91,14.67],[121.92,14.71],[121.93,14.74],[121.92,14.8],[121.89,14.84],[121.86,14.92],[121.82,14.96],[121.84,15.04],[121.97,15.05],[122.03,15.01]]],[[[124.32,10.61],[124.29,10.6],[124.33,10.71],[124.37,10.69],[124.38,10.68],[124.38,10.63],[124.32,10.61]]],[[[125.28,9.98],[125.29,9.93],[125.16,10.06],[125.13,10.16],[125.18,10.15],[125.23,10.12],[125.28,9.98]]],[[[122.94,7.41],[122.95,7.39],[122.94,7.36],[122.84,7.31],[122.8,7.32],[122.8,7.39],[122.82,7.43],[122.87,7.4],[122.91,7.43],[122.94,7.41]]],[[[125.78,6.96],[125.77,6.91],[125.71,7.04],[125.68,7.07],[125.71,7.19],[125.78,7.13],[125.78,6.96]]],[[[124.61,11.49],[124.48,11.49],[124.43,11.53],[124.36,11.67],[124.44,11.7],[124.51,11.69],[124.56,11.64],[124.62,11.55],[124.61,11.49]]],[[[124.81,9.14],[124.78,9.08],[124.67,9.13],[124.64,9.18],[124.65,9.23],[124.71,9.24],[124.74,9.24],[124.79,9.19],[124.81,9.14]]],[[[121.25,19.08],[121.25,19.02],[121.2,19.05],[121.18,19.1],[121.19,19.14],[121.21,19.18],[121.24,19.14],[121.25,19.08]]],[[[119.86,11.53],[119.88,11.47],[119.85,11.39],[119.83,11.38],[119.8,11.41],[119.73,11.43],[119.73,11.47],[119.76,11.47],[119.83,11.52],[119.86,11.53]]],[[[123.76,11.28],[123.82,11.15],[123.74,11.15],[123.71,11.25],[123.74,11.28],[123.76,11.28]]],[[[122.31,12.53],[122.28,12.5],[122.26,12.5],[122.25,12.56],[122.28,12.59],[122.29,12.59],[122.31,12.53]]],[[[125.97,9.59],[125.95,9.57],[125.92,9.62],[125.95,9.74],[125.97,9.76],[125.99,9.68],[125.97,9.59]]],[[[124.85,11.59],[124.84,11.54],[124.81,11.56],[124.78,11.58],[124.74,11.66],[124.73,11.72],[124.79,11.68],[124.82,11.63],[124.85,11.59]]],[[[117.36,8.21],[117.29,8.19],[117.27,8.25],[117.28,8.31],[117.33,8.31],[117.35,8.29],[117.36,8.21]]],[[[123.7,9.24],[123.71,9.13],[123.61,9.1],[123.54,9.13],[123.49,9.19],[123.49,9.22],[123.54,9.21],[123.63,9.27],[123.65,9.28],[123.7,9.24]]]]},"properties":{"iso":"PHL","name":"Philippines","ha":[256434.7,256420.5,256370.5,256291.0,253607.6,253806.8,253564.8,253456.5,253972.5,257287.8,260419.4,263081.0,264870.9,265794.6,266636.8,268932.3,268312.7,267132.0,266688.9,268488.6,271055.4,273703.0,277425.3,281288.7,286382.3,288777.3,288271.4,285872.3,284452.4,284630.1,286627.4,287823.4,290257.9,289937.3,290375.8,291729.1,294187.7,296441.5,297589.6,298256.9,303777.9],"lo":[239175.9,239162.6,239116.0,239041.9,236539.1,236724.9,236499.1,236398.2,236879.4,239971.6,242892.4,245374.9,247044.3,247905.9,248691.4,250832.3,250254.4,249153.3,248739.9,250418.5,252812.6,255282.0,258753.8,262357.2,267107.9,269341.8,268869.9,266632.3,265307.9,265473.6,267336.6,268452.0,270722.7,270423.7,270832.7,272094.9,274388.0,276490.2,277560.9,278183.4,283332.7],"hi":[281051.7,281036.0,280981.3,280894.2,277953.2,278171.5,277906.2,277787.6,278353.1,281986.7,285418.9,288335.9,290297.7,291310.1,292233.1,294748.9,294069.9,292775.9,292290.2,294262.6,297075.9,299977.6,304057.3,308291.6,313874.1,316499.1,315944.6,313315.2,311758.9,311953.7,314142.8,315453.5,318121.7,317770.4,318251.0,319734.2,322428.8,324899.0,326157.2,326888.7,332939.6]}},{"type":"Feature","geometry":{"type":"MultiPolygon","coordinates":[[[[131.17,3.03],[131.15,3.02],[131.13,3.03],[131.14,3.04],[131.15,3.05],[131.17,3.06],[131.19,3.06],[131.19,3.04],[131.17,3.03]]],[[[134.6,7.38],[134.53,7.36],[134.51,7.44],[134.52,7.53],[134.56,7.59],[134.6,7.62],[134.61,7.62],[134.65,7.71],[134.66,7.66],[134.63,7.5],[134.6,7.44],[134.6,7.38]]]]},"properties":{"iso":"PLW","name":"Palau","ha":[4878.3,4878.3,4878.3,4878.3,4878.3,4878.3,4878.3,4878.3,4878.5,4889.0,4894.6,4899.8,4905.9,4932.0,5015.5,5081.1,5082.8,5083.5,5086.6,5106.4,5139.0,5153.0,5165.1,5183.5,5203.2,5208.1,5194.8,5178.8,5164.6,5168.4,5173.4,5174.6,5182.0,5186.4,5191.0,5204.4,5222.8,5237.7,5235.4,5221.6,5213.2],"lo":[4550.0,4550.0,4550.0,4550.0,4550.0,4550.0,4550.0,4550.0,4550.2,4560.0,4565.1,4570.0,4575.7,4600.1,4678.0,4739.1,4740.7,4741.4,4744.2,4762.8,4793.1,4806.2,4817.5,4834.6,4853.1,4857.6,4845.1,4830.3,4817.0,4820.6,4825.3,4826.3,4833.3,4837.4,4841.6,4854.1,4871.3,4885.2,4883.1,4870.1,4862.3],"hi":[5346.6,5346.6,5346.6,5346.6,5346.6,5346.6,5346.6,5346.6,5346.9,5358.3,5364.4,5370.1,5376.9,5405.5,5497.0,5568.9,5570.7,5571.6,5574.9,5596.6,5632.3,5647.6,5660.9,5681.1,5702.7,5708.1,5693.4,5676.0,5660.4,5664.6,5670.1,5671.3,5679.5,5684.3,5689.3,5704.0,5724.1,5740.5,5738.0,5722.8,5713.6]}},{"type":"Feature","geometry":{"type":"MultiPolygon","coordinates":[[[[152.97,-4.76],[152.89,-4.83],[152.85,-4.76],[152.79,-4.7],[152.74,-4.64],[152.68,-4.5],[152.68,-4.43],[152.69,-4.36],[152.7,-4.28],[152.67,-4.13],[152.6,-3.99],[152.36,-3.67],[152.28,-3.58],[152.19,-3.51],[152.14,-3.49],[152.02,-3.47],[151.97,-3.45],[151.88,-3.4],[151.79,-3.34],[151.58,-3.15],[151.47,-3.1],[151.41,-3.04],[151.07,-2.83],[150.97,-2.78],[150.85,-2.78],[150.75,-2.74],[150.83,-2.71],[150.84,-2.64],[150.83,-2.57],[151.0,-2.69],[151.17,-2.79],[151.23,-2.87],[151.31,-2.88],[151.48,-2.94],[151.59,-3.0],[151.69,-3.07],[151.81,-3.17],[152.03,-3.25],[152.07,-3.28],[152.18,-3.41],[152.33,-3.52],[152.38,-3.58],[153.02,-4.11],[153.12,-4.25],[153.13,-4.35],[153.11,-4.39],[153.04,-4.48],[153.05,-4.58],[153.02,-4.67],[152.97,-4.76]]],[[[151.92,-4.3],[151.97,-4.32],[152.12,-4.21],[152.2,-4.29],[152.3,-4.32],[152.41,-4.34],[152.36,-4.49],[152.38,-4.56],[152.4,-4.63],[152.4,-4.73],[152.35,-4.82],[152.26,-4.95],[152.22,-4.98],[152.17,-4.99],[152.01,-5.0],[151.98,-5.07],[151.99,-5.15],[152.08,-5.25],[152.14,-5.36],[152.08,-5.46],[151.97,-5.53],[151.87,-5.56],[151.69,-5.54],[151.52,-5.55],[151.48,-5.59],[151.48,-5.65],[151.46,-5.7],[151.42,-5.75],[151.33,-5.84],[151.23,-5.92],[151.09,-6.0],[151.04,-6.02],[150.92,-6.03],[150.81,-6.07],[150.76,-6.11],[150.71,-6.15],[150.59,-6.19],[150.47,-6.26],[150.43,-6.28],[150.19,-6.29],[149.85,-6.29],[149.75,-6.3],[149.65,-6.29],[149.6,-6.26],[149.48,-6.12],[149.38,-6.08],[149.27,-6.08],[149.13,-6.13],[149.1,-6.12],[148.81,-5.92],[148.72,-5.87],[148.62,-5.83],[148.51,-5.81],[148.4,-5.77],[148.34,-5.67],[148.34,-5.54],[148.43,-5.47],[148.56,-5.51],[148.62,-5.51],[148.67,-5.49],[148.72,-5.49],[148.78,-5.51],[149.0,-5.48],[149.12,-5.52],[149.25,-5.57],[149.36,-5.58],[149.48,-5.57],[149.63,-5.52],[149.68,-5.52],[149.83,-5.52],[149.96,-5.45],[150.01,-5.14],[150.05,-5.03],[150.09,-5.01],[150.12,-5.02],[150.17,-5.07],[150.11,-5.14],[150.08,-5.19],[150.07,-5.31],[150.11,-5.43],[150.18,-5.52],[150.3,-5.54],[150.4,-5.47],[150.52,-5.46],[150.63,-5.52],[150.73,-5.51],[150.78,-5.47],[150.84,-5.45],[150.9,-5.45],[150.95,-5.42],[151.02,-5.32],[151.07,-5.2],[151.14,-5.11],[151.33,-4.96],[151.38,-4.94],[151.44,-4.93],[151.57,-4.94],[151.67,-4.88],[151.68,-4.76],[151.66,-4.64],[151.55,-4.35],[151.54,-4.3],[151.56,-4.25],[151.59,-4.2],[151.7,-4.2],[151.82,-4.22],[151.86,-4.26],[151.92,-4.3]]],[[[140.98,-9.12],[140.98,-9.11],[140.98,-8.9],[140.98,-8.7],[140.98,-8.5],[140.98,-8.29],[140.98,-8.09],[140.98,-7.89],[140.98,-7.68],[140.98,-7.48],[140.98,-7.28],[140.98,-7.07],[140.98,-6.91],[140.92,-6.84],[140.86,-6.74],[140.87,-6.61],[140.94,-6.45],[140.97,-6.35],[140.97,-6.26],[140.97,-6.06],[140.97,-5.85],[140.97,-5.65],[140.97,-5.45],[140.97,-5.24],[140.97,-5.04],[140.97,-4.84],[140.97,-4.63],[140.97,-4.43],[140.97,-4.23],[140.97,-4.02],[140.97,-3.82],[140.97,-3.62],[140.97,-3.41],[140.97,-3.21],[140.97,-3.01],[140.97,-2.8],[140.97,-2.68],[140.97,-2.61],[140.97,-2.61],[141.0,-2.61],[141.1,-2.61],[141.19,-2.63],[141.69,-2.85],[141.84,-2.93],[141.89,-2.95],[141.94,-2.95],[141.99,-2.96],[142.21,-3.08],[142.55,-3.2],[142.91,-3.32],[143.02,-3.34],[143.13,-3.36],[143.38,-3.4],[143.51,-3.43],[143.7,-3.57],[143.8,-3.62],[143.89,-3.7],[144.02,-3.78],[144.07,-3.81],[144.12,-3.82],[144.25,-3.82],[144.37,-3.8],[144.43,-3.81],[144.48,-3.83],[144.52,-3.86],[144.55,-3.91],[144.63,-3.99],[144.74,-4.03],[144.84,-4.1],[144.94,-4.19],[145.01,-4.28],[145.09,-4.35],[145.21,-4.38],[145.33,-4.39],[145.77,-4.82],[145.79,-4.89],[145.79,-5.18],[145.75,-5.4],[145.85,-5.47],[146.0,-5.5],[146.21,-5.55],[146.4,-5.62],[147.03,-5.92],[147.12,-5.95],[147.25,-5.95],[147.38,-5.95],[147.42,-5.97],[147.52,-6.02],[147.57,-6.06],[147.65,-6.15],[147.73,-6.26],[147.76,-6.29],[147.8,-6.32],[147.82,-6.37],[147.85,-6.55],[147.85,-6.66],[147.81,-6.7],[147.71,-6.72],[147.36,-6.74],[147.12,-6.72],[146.95,-6.83],[146.95,-6.88],[146.96,-6.93],[147.1,-7.17],[147.19,-7.38],[147.26,-7.46],[147.37,-7.53],[147.46,-7.62],[147.55,-7.71],[147.72,-7.88],[147.82,-7.94],[147.94,-7.98],[148.13,-8.1],[148.15,-8.16],[148.21,-8.34],[148.23,-8.46],[148.23,-8.51],[148.25,-8.55],[148.41,-8.66],[148.45,-8.69],[148.53,-8.94],[148.58,-9.05],[148.68,-9.09],[148.79,-9.09],[149.1,-9.02],[149.14,-9.01],[149.2,-9.03],[149.25,-9.07],[149.26,-9.18],[149.22,-9.3],[149.2,-9.41],[149.26,-9.5],[149.42,-9.57],[149.48,-9.59],[149.76,-9.61],[149.87,-9.63],[149.97,-9.66],[150.01,-9.69],[149.98,-9.74],[149.93,-9.76],[149.86,-9.77],[149.76,-9.81],[149.76,-9.87],[149.82,-9.93],[149.87,-10.01],[149.92,-10.04],[149.97,-10.06],[150.09,-10.09],[150.21,-10.13],[150.28,-10.16],[150.36,-10.19],[150.54,-10.21],[150.67,-10.26],[150.85,-10.24],[150.69,-10.32],[150.64,-10.34],[150.45,-10.31],[150.41,-10.34],[150.49,-10.43],[150.61,-10.48],[150.65,-10.52],[150.62,-10.56],[150.48,-10.64],[150.43,-10.65],[150.32,-10.65],[150.14,-10.62],[150.02,-10.58],[149.98,-10.52],[149.95,-10.48],[149.83,-10.4],[149.75,-10.35],[149.65,-10.34],[149.54,-10.34],[149.35,-10.29],[148.94,-10.26],[148.84,-10.23],[148.71,-10.17],[148.65,-10.16],[148.59,-10.18],[148.43,-10.19],[148.38,-10.19],[148.27,-10.13],[148.15,-10.11],[148.1,-10.12],[148.05,-10.13],[147.89,-10.09],[147.77,-10.07],[147.67,-10.01],[147.61,-9.96],[147.55,-9.91],[147.5,-9.79],[147.41,-9.67],[147.3,-9.58],[147.06,-9.43],[147.02,-9.39],[146.93,-9.25],[146.93,-9.15],[146.96,-9.06],[146.91,-9.09],[146.86,-9.09],[146.7,-9.03],[146.63,-8.95],[146.52,-8.75],[146.46,-8.64],[146.3,-8.46],[146.25,-8.34],[146.18,-8.25],[146.14,-8.21],[146.11,-8.17],[146.08,-8.11],[146.03,-8.08],[145.81,-7.99],[145.77,-7.97],[145.73,-7.95],[145.56,-7.94],[145.47,-7.93],[145.29,-7.86],[145.19,-7.84],[145.08,-7.83],[144.97,-7.8],[144.92,-7.78],[144.89,-7.73],[144.86,-7.63],[144.77,-7.64],[144.68,-7.62],[144.6,-7.59],[144.51,-7.57],[144.45,-7.6],[144.43,-7.68],[144.4,-7.68],[144.35,-7.67],[144.33,-7.68],[144.27,-7.71],[144.23,-7.76],[144.14,-7.76],[143.97,-7.71],[143.9,-7.67],[143.83,-7.62],[143.78,-7.55],[143.72,-7.5],[143.65,-7.46],[143.74,-7.55],[143.94,-7.94],[143.89,-7.95],[143.84,-7.94],[143.89,-8.02],[143.83,-8.03],[143.78,-8.03],[143.67,-8.0],[143.55,-7.98],[143.52,-8.0],[143.54,-8.03],[143.58,-8.11],[143.61,-8.2],[143.45,-8.24],[143.28,-8.26],[143.09,-8.31],[142.91,-8.31],[142.81,-8.29],[142.71,-8.27],[142.62,-8.29],[142.52,-8.32],[142.45,-8.32],[142.4,-8.25],[142.38,-8.21],[142.35,-8.17],[142.28,-8.17],[142.21,-8.2],[142.33,-8.2],[142.36,-8.25],[142.39,-8.31],[142.47,-8.37],[142.58,-8.34],[142.8,-8.35],[143.01,-8.44],[143.06,-8.46],[143.11,-8.47],[143.22,-8.57],[143.31,-8.66],[143.38,-8.76],[143.39,-8.8],[143.39,-8.91],[143.37,-8.96],[143.23,-9.04],[143.08,-9.09],[142.86,-9.2],[142.65,-9.33],[142.54,-9.3],[142.44,-9.24],[142.4,-9.22],[142.29,-9.18],[142.23,-9.17],[141.98,-9.2],[141.73,-9.21],[141.62,-9.21],[141.52,-9.19],[141.41,-9.15],[141.29,-9.17],[141.22,-9.21],[141.13,-9.22],[140.98,-9.12]]],[[[148.03,-5.83],[147.99,-5.83],[147.97,-5.79],[147.87,-5.75],[147.78,-5.63],[147.78,-5.52],[147.79,-5.49],[147.85,-5.49],[148.05,-5.61],[148.08,-5.65],[148.06,-5.76],[148.03,-5.83]]],[[[146.02,-4.73],[145.95,-4.76],[145.9,-4.73],[145.88,-4.67],[145.9,-4.6],[145.96,-4.55],[146.0,-4.54],[146.04,-4.57],[146.05,-4.64],[146.02,-4.73]]],[[[152.67,-3.13],[152.65,-3.22],[152.59,-3.17],[152.54,-3.1],[152.57,-3.06],[152.64,-3.04],[152.67,-3.13]]],[[[152.1,-2.95],[152.09,-3.0],[152.06,-2.99],[151.97,-2.9],[151.95,-2.87],[151.97,-2.85],[152.07,-2.92],[152.1,-2.95]]],[[[149.77,-1.55],[149.76,-1.59],[149.69,-1.57],[149.67,-1.58],[149.55,-1.47],[149.55,-1.41],[149.58,-1.35],[149.63,-1.36],[149.73,-1.43],[149.77,-1.55]]],[[[151.08,-10.02],[151.12,-10.02],[151.19,-9.95],[151.26,-9.92],[151.3,-9.96],[151.23,-10.19],[151.18,-10.16],[150.96,-10.09],[150.95,-10.0],[150.9,-9.97],[150.86,-9.88],[150.79,-9.77],[150.78,-9.71],[150.82,-9.74],[150.86,-9.8],[151.05,-9.94],[151.04,-9.98],[151.08,-10.02]]],[[[150.35,-9.49],[150.33,-9.52],[150.27,-9.5],[150.11,-9.36],[150.13,-9.26],[150.21,-9.21],[150.32,-9.26],[150.36,-9.35],[150.37,-9.4],[150.35,-9.49]]],[[[151.11,-8.73],[151.12,-8.8],[151.05,-8.73],[151.08,-8.64],[151.09,-8.6],[151.08,-8.57],[151.0,-8.52],[151.05,-8.45],[151.09,-8.43],[151.12,-8.42],[151.12,-8.52],[151.14,-8.57],[151.11,-8.73]]],[[[154.28,-11.36],[154.27,-11.42],[154.23,-11.4],[154.12,-11.43],[154.06,-11.42],[154.03,-11.37],[154.02,-11.35],[154.12,-11.37],[154.1,-11.31],[154.24,-11.34],[154.28,-11.36]]],[[[143.59,-8.48],[143.54,-8.48],[143.37,-8.42],[143.32,-8.37],[143.53,-8.38],[143.58,-8.39],[143.59,-8.46],[143.59,-8.48]]],[[[147.18,-5.43],[147.12,-5.44],[147.03,-5.34],[147.01,-5.31],[147.01,-5.26],[147.13,-5.19],[147.21,-5.25],[147.22,-5.38],[147.18,-5.43]]],[[[147.07,-1.96],[147.4,-2.03],[147.42,-2.02],[147.42,-2.0],[147.42,-1.99],[147.44,-2.01],[147.44,-2.06],[147.39,-2.07],[147.34,-2.07],[147.3,-2.09],[147.21,-2.18],[147.14,-2.17],[147.06,-2.19],[146.93,-2.19],[146.75,-2.15],[146.7,-2.18],[146.64,-2.17],[146.57,-2.21],[146.55,-2.21],[146.53,-2.15],[146.53,-2.13],[146.61,-2.1],[146.6,-2.02],[146.66,-1.97],[146.76,-1.98],[146.86,-1.95],[147.07,-1.96]]],[[[150.44,-2.66],[150.24,-2.68],[150.17,-2.66],[150.1,-2.6],[150.04,-2.51],[149.99,-2.49],[149.96,-2.47],[150.1,-2.4],[150.23,-2.38],[150.43,-2.47],[150.45,-2.51],[150.45,-2.54],[150.45,-2.63],[150.44,-2.66]]],[[[150.53,-9.35],[150.67,-9.43],[150.75,-9.4],[150.79,-9.42],[150.88,-9.51],[150.88,-9.58],[150.9,-9.64],[150.89,-9.67],[150.84,-9.7],[150.85,-9.66],[150.81,-9.65],[150.68,-9.66],[150.58,-9.63],[150.44,-9.62],[150.5,-9.56],[150.51,-9.54],[150.43,-9.43],[150.43,-9.39],[150.44,-9.36],[150.5,-9.35],[150.53,-9.35]]],[[[152.63,-8.96],[152.69,-8.97],[152.81,-8.97],[152.85,-9.02],[152.91,-9.04],[152.95,-9.07],[153.0,-9.11],[153.0,-9.13],[152.98,-9.15],[152.96,-9.17],[152.97,-9.21],[152.92,-9.2],[152.87,-9.22],[152.76,-9.18],[152.72,-9.17],[152.71,-9.13],[152.64,-9.06],[152.52,-9.01],[152.58,-8.97],[152.63,-8.96]]],[[[153.54,-11.48],[153.7,-11.53],[153.76,-11.59],[153.7,-11.61],[153.55,-11.63],[153.52,-11.6],[153.38,-11.56],[153.36,-11.5],[153.29,-11.52],[153.32,-11.47],[153.23,-11.42],[153.21,-11.35],[153.2,-11.32],[153.31,-11.36],[153.54,-11.48]]],[[[143.59,-8.63],[143.61,-8.68],[143.46,-8.62],[143.32,-8.52],[143.25,-8.49],[143.21,-8.42],[143.29,-8.47],[143.44,-8.52],[143.59,-8.63]]],[[[147.88,-2.28],[147.84,-2.34],[147.77,-2.33],[147.74,-2.32],[147.79,-2.31],[147.81,-2.26],[147.84,-2.25],[147.88,-2.28]]],[[[151.96,-2.83],[151.93,-2.83],[151.93,-2.75],[151.95,-2.71],[152.0,-2.74],[152.01,-2.81],[151.96,-2.83]]],[[[150.9,-10.57],[150.88,-10.64],[150.8,-10.62],[150.79,-10.6],[150.8,-10.55],[150.87,-10.55],[150.9,-10.57]]],[[[153.66,-4.1],[153.65,-4.12],[153.59,-4.1],[153.64,-4.04],[153.66,-4.04],[153.66,-4.1]]],[[[155.96,-6.69],[155.93,-6.78],[155.91,-6.8],[155.89,-6.76],[155.8,-6.8],[155.76,-6.83],[155.72,-6.86],[155.62,-6.86],[155.52,-6.83],[155.43,-6.78],[155.34,-6.72],[155.26,-6.63],[155.21,-6.53],[155.23,-6.41],[155.2,-6.31],[155.04,-6.23],[155.01,-6.21],[154.94,-6.11],[154.87,-6.06],[154.78,-5.97],[154.76,-5.93],[154.72,-5.82],[154.71,-5.75],[154.74,-5.55],[154.73,-5.44],[154.77,-5.45],[154.82,-5.49],[154.87,-5.52],[155.0,-5.54],[155.09,-5.62],[155.19,-5.78],[155.2,-5.83],[155.23,-5.87],[155.32,-5.93],[155.37,-5.97],[155.47,-6.15],[155.52,-6.18],[155.58,-6.2],[155.64,-6.22],[155.73,-6.3],[155.82,-6.38],[155.88,-6.47],[155.93,-6.57],[155.96,-6.69]]],[[[154.65,-5.43],[154.63,-5.44],[154.58,-5.31],[154.58,-5.22],[154.56,-5.15],[154.54,-5.11],[154.61,-5.03],[154.63,-5.01],[154.68,-5.05],[154.69,-5.14],[154.73,-5.22],[154.7,-5.38],[154.65,-5.43]]]]},"properties":{"iso":"PNG","name":"Papua New Guinea","ha":[483993.5,483984.4,483988.6,484472.1,486743.7,487306.4,487249.2,487185.4,487499.9,487778.3,488390.9,487643.1,486742.7,485763.5,479034.4,480352.9,479215.9,478071.4,477699.7,479167.0,480893.1,482774.7,485239.0,487309.3,489646.5,488514.4,485705.8,482407.8,480457.8,479447.9,480821.9,481639.7,483196.3,484712.3,485497.1,486239.7,486990.2,485149.8,484386.8,485487.4,487766.3],"lo":[451419.3,451410.8,451414.7,451865.7,453984.4,454509.2,454455.9,454396.3,454689.7,454949.4,455520.8,454823.3,453983.5,453070.2,446793.9,448023.7,446963.3,445895.8,445549.1,446917.7,448527.6,450282.6,452581.0,454512.0,456691.9,455635.9,453016.4,449940.3,448121.6,447179.6,448461.2,449223.9,450675.8,452089.7,452821.7,453514.3,454214.3,452497.8,451786.1,452812.6,454938.2],"hi":[530455.4,530445.4,530450.0,530980.0,533469.6,534086.3,534023.6,533953.6,534298.3,534603.5,535275.0,534455.3,533468.5,532395.3,525020.2,526465.3,525219.2,523964.8,523557.4,525165.6,527057.4,529119.6,531820.5,534089.5,536651.1,535410.3,532332.1,528717.5,526580.3,525473.4,526979.3,527875.6,529581.7,531243.2,532103.3,532917.2,533739.7,531722.7,530886.4,532092.7,534590.3]}},{"type":"Feature","geometry":{"type":"MultiPolygon","coordinates":[[[[-66.13,18.44],[-66.1,18.43],[-66.07,18.43],[-66.09,18.47],[-66.07,18.47],[-65.88,18.44],[-65.76,18.4],[-65.63,18.38],[-65.62,18.24],[-65.72,18.19],[-65.78,18.13],[-65.83,18.06],[-65.97,17.97],[-66.14,17.95],[-66.25,17.95],[-66.29,17.95],[-66.33,17.96],[-66.41,17.95],[-66.51,17.99],[-66.6,17.98],[-66.77,17.99],[-66.84,17.96],[-66.9,17.95],[-66.96,17.95],[-67.01,17.97],[-67.14,17.97],[-67.2,17.99],[-67.17,18.15],[-67.17,18.22],[-67.2,18.28],[-67.24,18.32],[-67.26,18.36],[-67.21,18.39],[-67.17,18.44],[-67.16,18.5],[-67.11,18.51],[-67.06,18.52],[-66.81,18.49],[-66.19,18.48],[-66.15,18.47],[-66.13,18.44]]],[[[-65.43,18.11],[-65.5,18.1],[-65.56,18.11],[-65.57,18.14],[-65.48,18.17],[-65.37,18.16],[-65.3,18.14],[-65.29,18.13],[-65.43,18.11]]],[[[-67.87,18.06],[-67.88,18.06],[-67.89,18.06],[-67.9,18.06],[-67.9,18.07],[-67.93,18.09],[-67.94,18.1],[-67.93,18.12],[-67.92,18.12],[-67.86,18.12],[-67.86,18.12],[-67.84,18.11],[-67.84,18.1],[-67.85,18.1],[-67.86,18.08],[-67.86,18.08],[-67.87,18.07],[-67.87,18.06],[-67.87,18.06]]]]},"properties":{"iso":"PRI","name":"Puerto Rico","ha":[8613.1,8601.9,8590.2,8594.9,8631.7,8658.8,8646.3,8646.6,8648.3,8562.3,8484.2,8467.8,8428.4,8404.4,7983.6,8060.9,8067.6,8064.0,8109.9,8304.0,8486.5,8596.0,8659.4,8706.4,8863.8,8925.6,8833.7,8725.6,8691.7,8569.6,8603.2,8571.5,7832.3,7637.3,7669.0,7911.4,8081.6,8272.9,8482.9,8583.2,8848.7],"lo":[8033.4,8023.0,8012.1,8016.5,8050.8,8076.1,8064.4,8064.7,8066.2,7986.0,7913.2,7897.9,7861.1,7838.8,7446.3,7518.3,7524.6,7521.3,7564.0,7745.2,7915.3,8017.5,8076.6,8120.4,8267.3,8324.9,8239.1,8138.3,8106.8,7992.8,8024.2,7994.6,7305.2,7123.3,7152.9,7378.9,7537.7,7716.1,7912.0,8005.5,8253.2],"hi":[9440.0,9427.7,9414.8,9420.0,9460.4,9490.0,9476.3,9476.7,9478.5,9384.2,9298.7,9280.7,9237.5,9211.2,8750.0,8834.7,8842.1,8838.1,8888.4,9101.2,9301.1,9421.2,9490.7,9542.2,9714.7,9782.4,9681.7,9563.2,9526.1,9392.2,9429.1,9394.3,8584.2,8370.5,8405.2,8670.8,8857.4,9067.0,9297.2,9407.1,9698.2]}},{"type":"Feature","geometry":{"type":"MultiPolygon","coordinates":[[[[-151.47,-16.66],[-151.48,-16.67],[-151.5,-16.65],[-151.51,-16.62],[-151.51,-16.57],[-151.46,-16.6],[-151.44,-16.62],[-151.47,-16.66]]],[[[-149.81,-17.55],[-149.84,-17.57],[-149.89,-17.55],[-149.91,-17.53],[-149.91,-17.5],[-149.9,-17.47],[-149.81,-17.47],[-149.78,-17.49],[-149.81,-17.55]]],[[[-151.41,-16.88],[-151.45,-16.88],[-151.49,-16.86],[-151.48,-16.76],[-151.47,-16.74],[-151.41,-16.77],[-151.36,-16.86],[-151.41,-16.88]]],[[[-149.32,-17.69],[-149.18,-17.74],[-149.15,-17.81],[-149.18,-17.86],[-149.25,-17.85],[-149.29,-17.82],[-149.34,-17.73],[-149.48,-17.75],[-149.58,-17.73],[-149.63,-17.62],[-149.64,-17.56],[-149.61,-17.53],[-149.51,-17.5],[-149.38,-17.52],[-149.33,-17.59],[-149.32,-17.69]]],[[[-139.02,-9.7],[-138.87,-9.75],[-138.83,-9.74],[-138.87,-9.79],[-139.02,-9.82],[-139.07,-9.85],[-139.13,-9.83],[-139.17,-9.77],[-139.02,-9.7]]],[[[-139.06,-9.93],[-139.13,-10.01],[-139.13,-9.93],[-139.11,-9.92],[-139.08,-9.92],[-139.06,-9.93]]],[[[-138.65,-10.52],[-138.69,-10.53],[-138.69,-10.43],[-138.64,-10.45],[-138.62,-10.46],[-138.63,-10.49],[-138.65,-10.52]]],[[[-140.07,-8.91],[-140.17,-8.93],[-140.22,-8.93],[-140.25,-8.85],[-140.24,-8.8],[-140.22,-8.78],[-140.06,-8.8],[-140.04,-8.84],[-140.05,-8.87],[-140.07,-8.91]]],[[[-140.08,-9.43],[-140.1,-9.44],[-140.14,-9.38],[-140.14,-9.36],[-140.07,-9.33],[-140.03,-9.34],[-140.08,-9.43]]],[[[-140.81,-17.86],[-140.8,-17.88],[-140.84,-17.87],[-140.85,-17.87],[-140.85,-17.83],[-140.82,-17.79],[-140.8,-17.75],[-140.76,-17.72],[-140.69,-17.68],[-140.65,-17.67],[-140.64,-17.68],[-140.65,-17.68],[-140.78,-17.75],[-140.82,-17.8],[-140.83,-17.84],[-140.83,-17.85],[-140.81,-17.86]]],[[[-139.56,-8.94],[-139.62,-8.95],[-139.63,-8.9],[-139.61,-8.87],[-139.58,-8.86],[-139.53,-8.88],[-139.51,-8.9],[-139.51,-8.92],[-139.56,-8.94]]],[[[-140.69,-18.38],[-140.67,-18.42],[-140.7,-18.4],[-140.77,-18.36],[-140.78,-18.33],[-140.69,-18.38]]],[[[-140.83,-18.19],[-140.82,-18.22],[-140.86,-18.2],[-140.9,-18.15],[-140.96,-18.09],[-140.97,-18.06],[-140.93,-18.08],[-140.89,-18.12],[-140.83,-18.19]]],[[[-136.29,-18.54],[-136.31,-18.57],[-136.32,-18.55],[-136.34,-18.53],[-136.38,-18.51],[-136.44,-18.49],[-136.46,-18.49],[-136.48,-18.47],[-136.46,-18.46],[-136.43,-18.47],[-136.38,-18.5],[-136.33,-18.52],[-136.29,-18.54]]],[[[-136.97,-18.34],[-136.97,-18.36],[-137.07,-18.27],[-137.03,-18.27],[-136.97,-18.34]]],[[[-138.51,-20.86],[-138.53,-20.88],[-138.52,-20.85],[-138.55,-20.8],[-138.57,-20.79],[-138.55,-20.77],[-138.51,-20.81],[-138.51,-20.86]]],[[[-142.51,-16.1],[-142.53,-16.11],[-142.51,-16.03],[-142.48,-16.02],[-142.51,-16.1]]],[[[-143.44,-16.62],[-143.39,-16.67],[-143.46,-16.64],[-143.55,-16.62],[-143.52,-16.61],[-143.46,-16.61],[-143.44,-16.62]]],[[[-143.57,-16.63],[-143.61,-16.64],[-143.71,-16.58],[-143.67,-16.58],[-143.61,-16.62],[-143.57,-16.63]]],[[[-145.05,-15.86],[-145.06,-15.9],[-145.08,-15.86],[-145.14,-15.79],[-145.16,-15.76],[-145.13,-15.76],[-145.05,-15.86]]],[[[-145.49,-16.33],[-145.48,-16.35],[-145.5,-16.35],[-145.54,-16.3],[-145.55,-16.25],[-145.58,-16.2],[-145.61,-16.17],[-145.61,-16.13],[-145.61,-16.08],[-145.58,-16.16],[-145.54,-16.22],[-145.52,-16.28],[-145.49,-16.33]]]]},"properties":{"iso":"PYF","name":"French Polynesia","ha":[58.0,58.0,58.0,58.0,58.0,58.0,58.0,58.0,58.0,58.0,58.0,58.0,57.9,56.9,57.7,61.7,62.4,62.8,63.6,66.2,68.9,69.0,69.6,70.0,75.0,76.7,76.1,73.2,70.0,71.5,71.5,70.7,72.4,73.4,72.3,72.4,74.6,76.1,77.2,78.3,78.5],"lo":[54.1,54.1,54.1,54.1,54.1,54.1,54.1,54.1,54.1,54.1,54.1,54.1,54.0,53.1,53.8,57.5,58.2,58.5,59.3,61.7,64.2,64.3,64.9,65.3,69.9,71.5,70.9,68.3,65.2,66.7,66.7,65.9,67.5,68.4,67.4,67.5,69.5,70.9,72.0,73.1,73.2],"hi":[63.6,63.6,63.6,63.6,63.6,63.6,63.6,63.6,63.6,63.6,63.6,63.6,63.5,62.4,63.3,67.6,68.4,68.8,69.7,72.5,75.5,75.6,76.3,76.8,82.2,84.0,83.4,80.3,76.7,78.4,78.4,77.5,79.3,80.4,79.2,79.3,81.7,83.4,84.6,85.8,86.0]}},{"type":"Feature","geometry":{"type":"MultiPolygon","coordinates":[[[[51.27,24.61],[51.18,24.59],[51.09,24.56],[51.02,24.57],[50.97,24.57],[50.93,24.6],[50.86,24.68],[50.8,24.79],[50.84,24.85],[50.85,24.89],[50.78,25.18],[50.75,25.4],[50.76,25.44],[50.8,25.5],[50.87,25.61],[50.9,25.72],[51.0,25.98],[51.11,26.08],[51.26,26.15],[51.39,26.01],[51.54,25.9],[51.57,25.78],[51.53,25.68],[51.49,25.52],[51.51,25.45],[51.52,25.39],[51.56,25.28],[51.6,25.15],[51.61,25.05],[51.59,24.96],[51.53,24.89],[51.43,24.67],[51.4,24.65],[51.27,24.61]]]]},"properties":{"iso":"QAT","name":"Qatar","ha":[24.8,24.8,24.8,24.8,24.8,24.8,24.8,24.8,24.9,42.4,58.6,60.3,65.7,71.0,87.0,88.7,96.8,111.0,126.4,166.8,168.8,178.0,199.5,217.4,255.5,259.2,275.7,342.7,396.5,592.5,594.6,602.1,677.9,693.9,748.8,794.2,853.1,920.9,965.8,1002.0,1013.9],"lo":[23.1,23.1,23.1,23.1,23.1,23.1,23.1,23.1,23.2,39.6,54.7,56.3,61.3,66.2,81.2,82.7,90.3,103.5,117.9,155.6,157.4,166.1,186.1,202.8,238.3,241.7,257.2,319.7,369.8,552.6,554.6,561.6,632.3,647.2,698.4,740.7,795.7,859.0,900.8,934.5,945.6],"hi":[27.1,27.1,27.1,27.1,27.1,27.1,27.1,27.1,27.3,46.5,64.2,66.1,72.0,77.8,95.4,97.2,106.1,121.7,138.5,182.9,185.0,195.1,218.7,238.3,280.1,284.0,302.2,375.6,434.5,649.3,651.7,659.9,743.0,760.5,820.7,870.4,935.0,1009.4,1058.5,1098.1,1111.2]}},{"type":"Feature","geometry":{"type":"MultiPolygon","coordinates":[[[[36.9,25.38],[36.88,25.38],[36.81,25.45],[36.76,25.5],[36.72,25.53],[36.53,25.6],[36.5,25.65],[36.53,25.69],[36.55,25.65],[36.59,25.62],[36.75,25.56],[36.92,25.43],[36.95,25.41],[36.9,25.38]]],[[[41.99,16.72],[42.07,16.71],[42.03,16.74],[42.03,16.76],[42.06,16.8],[42.17,16.71],[42.17,16.6],[42.16,16.57],[42.13,16.59],[42.11,16.62],[42.1,16.64],[42.07,16.67],[41.96,16.65],[41.9,16.68],[41.8,16.78],[41.78,16.85],[41.82,16.86],[41.86,16.89],[41.88,16.95],[41.86,17.0],[41.92,16.99],[41.95,16.94],[41.95,16.81],[41.96,16.78],[41.95,16.75],[41.99,16.72]]],[[[51.98,19.0],[51.74,18.96],[51.51,18.93],[51.26,18.9],[50.95,18.86],[50.71,18.83],[50.36,18.78],[50.04,18.74],[49.74,18.7],[49.45,18.66],[49.19,18.62],[49.04,18.58],[48.86,18.5],[48.59,18.36],[48.32,18.23],[48.17,18.16],[48.02,17.98],[47.95,17.89],[47.81,17.72],[47.7,17.6],[47.58,17.45],[47.53,17.32],[47.44,17.11],[47.37,17.06],[47.25,16.99],[47.14,16.95],[46.98,16.95],[46.88,17.08],[46.78,17.21],[46.73,17.27],[46.68,17.27],[46.51,17.25],[46.31,17.23],[46.07,17.25],[45.79,17.28],[45.54,17.3],[45.41,17.32],[45.24,17.41],[45.19,17.42],[45.15,17.43],[44.95,17.43],[44.75,17.43],[44.55,17.4],[44.35,17.41],[44.16,17.4],[44.09,17.37],[44.01,17.37],[43.96,17.34],[43.92,17.32],[43.87,17.35],[43.8,17.34],[43.71,17.37],[43.65,17.42],[43.6,17.47],[43.54,17.5],[43.47,17.52],[43.42,17.52],[43.35,17.49],[43.3,17.46],[43.19,17.36],[43.19,17.32],[43.24,17.27],[43.22,17.24],[43.16,17.21],[43.14,17.11],[43.13,17.06],[43.12,16.94],[43.15,16.85],[43.18,16.81],[43.19,16.77],[43.17,16.69],[43.1,16.66],[43.06,16.59],[43.03,16.55],[42.99,16.51],[42.8,16.37],[42.79,16.45],[42.73,16.57],[42.73,16.65],[42.7,16.74],[42.65,16.8],[42.55,16.87],[42.54,16.96],[42.48,17.05],[42.38,17.12],[42.33,17.26],[42.29,17.43],[42.05,17.67],[41.75,17.89],[41.66,18.01],[41.51,18.26],[41.43,18.45],[41.23,18.68],[41.22,18.77],[41.19,18.87],[41.14,18.99],[41.12,19.08],[40.91,19.49],[40.85,19.56],[40.79,19.65],[40.78,19.72],[40.76,19.76],[40.62,19.82],[40.48,19.99],[40.08,20.27],[39.88,20.29],[39.73,20.39],[39.61,20.52],[39.49,20.74],[39.28,20.97],[39.09,21.31],[39.15,21.43],[39.15,21.52],[39.09,21.66],[39.03,21.78],[38.99,21.88],[39.02,22.03],[39.03,22.2],[39.07,22.29],[39.1,22.39],[39.06,22.59],[39.0,22.7],[39.01,22.77],[38.94,22.8],[38.88,22.88],[38.94,22.88],[38.84,22.99],[38.8,23.05],[38.76,23.19],[38.71,23.31],[38.54,23.56],[38.46,23.71],[38.29,23.91],[38.1,24.06],[37.98,24.12],[37.92,24.19],[37.82,24.19],[37.71,24.27],[37.64,24.28],[37.54,24.29],[37.43,24.46],[37.34,24.62],[37.18,24.82],[37.22,24.87],[37.27,24.96],[37.24,25.07],[37.22,25.15],[37.15,25.29],[36.92,25.64],[36.86,25.69],[36.76,25.75],[36.7,25.9],[36.68,26.04],[36.52,26.1],[36.25,26.59],[36.09,26.77],[36.03,26.88],[35.85,27.07],[35.76,27.26],[35.58,27.43],[35.42,27.73],[35.18,28.03],[35.08,28.09],[34.83,28.11],[34.72,28.13],[34.62,28.06],[34.62,28.15],[34.68,28.26],[34.78,28.51],[34.8,28.72],[34.95,29.35],[35.16,29.32],[35.34,29.29],[35.6,29.25],[35.86,29.21],[36.02,29.19],[36.07,29.2],[36.28,29.36],[36.48,29.5],[36.59,29.67],[36.7,29.83],[36.76,29.87],[36.93,29.9],[37.2,29.95],[37.47,30.0],[37.49,30.01],[37.55,30.14],[37.63,30.31],[37.65,30.33],[37.67,30.35],[37.86,30.44],[37.98,30.5],[37.81,30.67],[37.66,30.83],[37.48,31.01],[37.33,31.15],[37.11,31.36],[36.96,31.49],[37.22,31.56],[37.49,31.63],[37.77,31.7],[38.11,31.78],[38.38,31.85],[38.77,31.95],[38.96,31.99],[39.0,32.01],[39.15,32.12],[39.37,32.09],[39.7,32.04],[40.03,32.0],[40.37,31.94],[40.48,31.89],[40.81,31.73],[41.02,31.62],[41.27,31.49],[41.59,31.33],[41.8,31.22],[42.07,31.08],[42.29,30.92],[42.56,30.72],[42.86,30.5],[43.1,30.32],[43.44,30.08],[43.77,29.85],[44.1,29.62],[44.36,29.44],[44.69,29.2],[44.72,29.19],[45.05,29.17],[45.5,29.13],[45.95,29.1],[46.36,29.06],[46.53,29.1],[46.72,29.07],[46.98,29.05],[47.14,29.03],[47.43,28.99],[47.52,28.84],[47.55,28.73],[47.58,28.63],[47.67,28.53],[47.87,28.54],[48.05,28.54],[48.27,28.54],[48.44,28.54],[48.5,28.45],[48.52,28.36],[48.63,28.13],[48.77,27.96],[48.81,27.9],[48.83,27.8],[48.81,27.77],[48.8,27.72],[48.91,27.63],[49.09,27.55],[49.16,27.53],[49.24,27.49],[49.18,27.44],[49.28,27.31],[49.41,27.18],[49.54,27.15],[49.72,26.96],[49.99,26.83],[50.15,26.66],[50.13,26.66],[50.09,26.68],[50.03,26.7],[50.01,26.68],[50.01,26.61],[50.03,26.53],[50.11,26.46],[50.18,26.4],[50.21,26.31],[50.16,26.1],[50.14,26.1],[50.1,26.12],[50.05,26.12],[50.03,26.11],[50.08,25.96],[50.13,25.85],[50.19,25.76],[50.24,25.62],[50.28,25.57],[50.46,25.42],[50.51,25.31],[50.56,25.09],[50.67,24.96],[50.73,24.87],[50.8,24.79],[50.86,24.68],[50.93,24.6],[50.97,24.57],[51.02,24.57],[51.09,24.56],[51.18,24.59],[51.27,24.61],[51.34,24.56],[51.41,24.57],[51.42,24.53],[51.37,24.48],[51.31,24.34],[51.4,24.32],[51.48,24.31],[51.53,24.29],[51.57,24.29],[51.57,24.26],[51.57,24.13],[51.59,24.08],[51.63,24.04],[51.68,23.97],[51.74,23.9],[51.79,23.84],[51.85,23.77],[51.9,23.71],[51.96,23.64],[52.01,23.58],[52.07,23.51],[52.12,23.45],[52.18,23.38],[52.23,23.31],[52.29,23.25],[52.34,23.18],[52.4,23.12],[52.45,23.05],[52.51,22.99],[52.56,22.93],[52.64,22.92],[52.67,22.92],[52.74,22.91],[52.86,22.9],[53.01,22.88],[53.19,22.85],[53.39,22.83],[53.61,22.8],[53.83,22.78],[54.05,22.75],[54.27,22.72],[54.47,22.7],[54.65,22.68],[54.8,22.66],[54.92,22.64],[55.0,22.63],[55.02,22.63],[55.1,22.62],[55.12,22.62],[55.19,22.7],[55.26,22.59],[55.32,22.5],[55.4,22.37],[55.49,22.23],[55.58,22.1],[55.64,22.0],[55.61,21.9],[55.57,21.79],[55.53,21.68],[55.5,21.57],[55.46,21.46],[55.42,21.35],[55.39,21.24],[55.35,21.13],[55.31,21.01],[55.28,20.9],[55.24,20.79],[55.2,20.68],[55.17,20.57],[55.13,20.46],[55.09,20.35],[55.06,20.24],[55.02,20.13],[54.98,20.0],[54.87,19.96],[54.7,19.9],[54.53,19.85],[54.35,19.79],[54.18,19.73],[54.01,19.67],[53.84,19.62],[53.67,19.56],[53.49,19.5],[53.32,19.44],[53.15,19.39],[52.98,19.33],[52.81,19.27],[52.63,19.22],[52.46,19.16],[52.29,19.1],[52.12,19.04],[51.98,19.0]]],[[[36.6,25.71],[36.59,25.7],[36.54,25.73],[36.55,25.81],[36.58,25.86],[36.58,25.8],[36.6,25.73],[36.6,25.71]]]]},"properties":{"iso":"SAU","name":"Saudi Arabia","ha":[3214.2,3219.6,3243.3,3249.1,3262.8,3271.8,3311.7,3368.4,3494.2,3537.5,3558.4,3611.0,3651.0,3661.7,3655.5,3658.3,3671.9,3683.4,3693.2,3713.8,3734.4,3827.9,4016.5,4137.8,4158.8,4201.0,4260.8,4385.4,4478.4,4761.9,4837.3,5058.4,5235.8,5331.9,5487.2,5592.3,5772.2,6034.0,6286.2,6495.4,6504.8],"lo":[2997.8,3002.9,3025.0,3030.4,3043.2,3051.6,3088.8,3141.7,3259.1,3299.4,3318.9,3368.0,3405.3,3415.2,3409.5,3412.1,3424.8,3435.5,3444.7,3463.9,3483.1,3570.3,3746.2,3859.3,3878.9,3918.3,3974.0,4090.3,4177.0,4441.4,4511.7,4717.9,4883.4,4973.1,5117.9,5215.9,5383.7,5627.9,5863.1,6058.2,6067.0],"hi":[3522.7,3528.6,3554.7,3561.0,3576.1,3585.9,3629.6,3691.7,3829.7,3877.1,3900.0,3957.7,4001.5,4013.2,4006.4,4009.5,4024.4,4037.0,4047.8,4070.3,4092.9,4195.4,4402.1,4535.0,4558.1,4604.3,4669.8,4806.4,4908.3,5219.1,5301.7,5544.0,5738.4,5843.8,6014.0,6129.1,6326.3,6613.2,6889.6,7118.9,7129.2]}},{"type":"Feature","geometry":{"type":"MultiPolygon","coordinates":[[[[34.08,9.46],[34.08,9.46],[33.89,9.46],[33.89,9.46],[33.88,9.47],[33.88,9.47],[33.88,9.48],[33.87,9.51],[33.87,9.55],[33.87,9.63],[33.89,9.72],[33.96,9.85],[33.96,9.86],[33.96,9.86],[33.96,9.87],[33.96,9.89],[33.95,9.91],[33.95,9.94],[33.96,10.01],[33.96,10.03],[33.96,10.05],[33.95,10.07],[33.91,10.18],[33.89,10.2],[33.46,10.55],[33.38,10.65],[33.37,10.65],[33.36,10.66],[33.14,10.74],[33.13,10.75],[33.13,10.76],[33.14,10.77],[33.16,10.82],[33.17,10.83],[33.17,10.85],[33.07,11.59],[33.07,11.61],[33.08,11.62],[33.08,11.62],[33.09,11.64],[33.11,11.65],[33.12,11.68],[33.12,11.69],[33.14,11.83],[33.14,11.94],[33.19,12.14],[33.2,12.22],[32.72,12.22],[32.72,12.22],[32.72,12.21],[32.72,12.21],[32.72,12.2],[32.72,12.19],[32.72,12.16],[32.72,12.15],[32.72,12.14],[32.72,12.09],[32.74,12.06],[32.74,12.05],[32.74,12.03],[32.74,12.01],[32.07,12.01],[32.34,11.72],[32.34,11.71],[32.34,11.69],[32.34,11.68],[32.35,11.58],[32.34,11.42],[32.34,11.31],[32.35,11.25],[32.43,11.11],[32.42,11.09],[32.4,11.06],[31.93,10.66],[31.92,10.64],[31.85,10.48],[31.79,10.38],[31.76,10.36],[31.65,10.22],[31.22,9.8],[31.15,9.77],[30.94,9.76],[30.83,9.76],[30.81,9.75],[30.79,9.75],[30.78,9.73],[30.77,9.73],[30.76,9.73],[30.74,9.74],[30.47,9.98],[30.0,10.28],[29.96,10.25],[29.69,10.12],[29.64,10.09],[29.61,10.07],[29.6,9.92],[29.56,9.85],[29.47,9.77],[29.24,9.72],[29.12,9.67],[29.0,9.61],[28.98,9.59],[28.98,9.59],[28.93,9.55],[28.84,9.46],[28.83,9.39],[28.84,9.33],[28.05,9.33],[28.0,9.38],[27.89,9.6],[27.88,9.6],[27.8,9.59],[27.07,9.61],[26.97,9.59],[26.76,9.5],[26.66,9.48],[26.55,9.53],[26.17,9.97],[26.09,10.02],[26.06,10.05],[26.0,10.12],[25.92,10.17],[25.89,10.2],[25.88,10.25],[25.89,10.35],[25.86,10.41],[25.8,10.42],[25.29,10.32],[25.21,10.33],[25.1,10.31],[25.07,10.29],[25.02,10.24],[25.01,10.18],[25.02,10.12],[25.0,10.06],[24.96,9.99],[24.82,9.84],[24.79,9.77],[24.79,9.61],[24.78,9.53],[24.76,9.49],[24.7,9.43],[24.67,9.39],[24.66,9.34],[24.66,9.23],[24.65,9.18],[24.57,9.05],[24.55,9.01],[24.54,8.91],[24.53,8.89],[24.3,8.81],[24.21,8.77],[24.16,8.7],[24.15,8.67],[24.05,8.69],[23.92,8.71],[23.68,8.73],[23.58,8.77],[23.54,8.82],[23.55,8.94],[23.53,8.97],[23.49,8.99],[23.46,9.05],[23.47,9.11],[23.6,9.26],[23.62,9.34],[23.64,9.61],[23.66,9.71],[23.65,9.82],[23.55,10.03],[23.46,10.17],[23.31,10.39],[23.26,10.46],[22.96,10.75],[22.93,10.8],[22.86,10.92],[22.89,11.03],[22.94,11.19],[22.94,11.27],[22.92,11.34],[22.85,11.4],[22.78,11.41],[22.75,11.44],[22.7,11.48],[22.64,11.52],[22.59,11.58],[22.56,11.67],[22.58,11.99],[22.56,12.03],[22.49,12.04],[22.47,12.07],[22.48,12.13],[22.44,12.31],[22.39,12.46],[22.41,12.55],[22.35,12.66],[22.23,12.71],[22.12,12.69],[22.0,12.67],[21.93,12.68],[21.88,12.7],[21.84,12.74],[21.83,12.79],[21.84,12.86],[21.91,13.0],[21.99,13.11],[22.16,13.22],[22.2,13.27],[22.23,13.33],[22.23,13.4],[22.22,13.47],[22.2,13.54],[22.15,13.63],[22.11,13.73],[22.11,13.8],[22.13,13.85],[22.17,13.91],[22.26,13.98],[22.28,13.99],[22.34,14.03],[22.39,14.06],[22.51,14.13],[22.54,14.16],[22.53,14.2],[22.5,14.24],[22.45,14.28],[22.44,14.34],[22.43,14.44],[22.4,14.5],[22.38,14.55],[22.42,14.59],[22.47,14.63],[22.53,14.66],[22.63,14.69],[22.67,14.72],[22.68,14.79],[22.68,14.85],[22.71,14.9],[22.76,15.0],[22.8,15.04],[22.87,15.1],[22.93,15.16],[22.96,15.24],[22.97,15.31],[22.93,15.53],[23.01,15.63],[23.11,15.7],[23.24,15.7],[23.46,15.71],[23.6,15.75],[23.71,15.74],[23.95,15.7],[23.97,15.71],[23.97,15.72],[23.98,15.78],[23.98,15.93],[23.98,16.37],[23.98,16.82],[23.98,17.27],[23.98,17.71],[23.98,18.16],[23.98,18.6],[23.98,19.05],[23.98,19.5],[23.98,19.62],[23.98,19.75],[23.98,19.87],[23.98,20.0],[24.23,20.0],[24.47,20.0],[24.72,20.0],[24.97,20.0],[24.97,20.0],[24.97,20.0],[24.98,20.0],[24.98,20.0],[24.98,20.5],[24.98,21.0],[24.98,21.5],[24.98,22.0],[25.36,22.0],[25.74,22.0],[26.13,22.0],[26.51,22.0],[26.89,22.0],[27.27,22.0],[27.65,22.0],[28.04,22.0],[28.42,22.0],[28.8,22.0],[29.18,22.0],[29.56,22.0],[29.95,22.0],[30.33,22.0],[30.71,21.99],[31.09,21.99],[31.21,21.99],[31.26,22.0],[31.36,22.19],[31.4,22.2],[31.46,22.19],[31.49,22.15],[31.47,22.08],[31.43,22.0],[31.62,22.0],[31.95,22.0],[32.28,22.0],[32.61,22.0],[32.93,22.0],[33.26,22.0],[33.59,22.0],[33.92,22.0],[34.25,22.0],[34.57,22.0],[34.9,22.0],[35.23,22.0],[35.56,22.0],[35.89,22.0],[36.22,22.0],[36.54,22.0],[36.87,22.0],[36.88,21.77],[36.93,21.59],[37.08,21.33],[37.21,21.19],[37.26,21.11],[37.26,21.07],[37.26,21.04],[37.22,21.08],[37.15,21.1],[37.14,20.98],[37.16,20.89],[37.17,20.73],[37.23,20.56],[37.19,20.39],[37.19,20.12],[37.26,19.79],[37.25,19.58],[37.36,19.09],[37.47,18.82],[37.53,18.75],[37.6,18.72],[37.73,18.69],[37.92,18.56],[38.07,18.41],[38.13,18.33],[38.2,18.25],[38.25,18.26],[38.28,18.29],[38.33,18.22],[38.57,18.07],[38.61,18.01],[38.52,17.94],[38.42,17.82],[38.4,17.78],[38.39,17.75],[38.37,17.72],[38.35,17.68],[38.29,17.64],[38.27,17.62],[38.25,17.58],[38.22,17.56],[38.18,17.56],[38.15,17.55],[38.1,17.53],[38.03,17.54],[37.95,17.52],[37.92,17.49],[37.86,17.47],[37.8,17.47],[37.78,17.46],[37.73,17.42],[37.66,17.37],[37.58,17.34],[37.55,17.32],[37.51,17.29],[37.45,17.11],[37.41,17.06],[37.34,17.06],[37.25,17.06],[37.17,17.04],[37.06,17.06],[37.01,17.06],[37.0,17.02],[36.98,16.87],[36.98,16.8],[36.94,16.72],[36.89,16.62],[36.91,16.46],[36.91,16.3],[36.83,16.05],[36.81,15.99],[36.72,15.8],[36.68,15.73],[36.57,15.36],[36.52,15.25],[36.43,15.13],[36.45,14.94],[36.47,14.74],[36.49,14.54],[36.52,14.26],[36.44,13.99],[36.45,13.84],[36.39,13.63],[36.35,13.53],[36.31,13.47],[36.27,13.41],[36.21,13.27],[36.16,13.09],[36.14,12.91],[36.14,12.81],[36.13,12.76],[36.11,12.73],[35.99,12.71],[35.82,12.68],[35.73,12.66],[35.67,12.62],[35.6,12.54],[35.45,12.3],[35.37,12.16],[35.25,11.96],[35.11,11.82],[35.08,11.75],[35.06,11.62],[35.01,11.42],[34.96,11.28],[34.97,11.16],[34.92,10.96],[34.93,10.86],[34.88,10.81],[34.82,10.76],[34.77,10.75],[34.67,10.8],[34.6,10.86],[34.57,10.88],[34.51,10.84],[34.43,10.79],[34.34,10.66],[34.28,10.53],[34.31,10.25],[34.31,10.19],[34.29,10.12],[34.19,9.92],[34.16,9.85],[34.12,9.73],[34.08,9.51],[34.08,9.46]]]]},"properties":{"iso":"SDN","name":"Sudan","ha":[318.5,318.6,321.0,321.8,322.3,322.5,325.2,327.9,333.6,350.9,351.1,352.6,356.3,357.7,358.1,357.0,357.3,359.6,360.2,365.7,365.8,373.1,382.5,387.5,385.6,386.3,390.6,401.8,412.0,427.5,433.6,447.0,447.9,451.9,460.3,469.1,484.7,508.5,527.2,548.6,559.0],"lo":[297.1,297.1,299.4,300.1,300.6,300.8,303.3,305.8,311.1,327.2,327.5,328.9,332.3,333.7,334.0,333.0,333.3,335.4,336.0,341.1,341.2,348.0,356.8,361.4,359.6,360.3,364.3,374.8,384.3,398.8,404.4,416.9,417.7,421.5,429.4,437.5,452.1,474.3,491.7,511.6,521.4],"hi":[349.1,349.2,351.8,352.7,353.2,353.5,356.4,359.3,365.6,384.5,384.8,386.4,390.5,392.1,392.4,391.3,391.6,394.2,394.8,400.8,400.9,408.9,419.3,424.7,422.6,423.4,428.1,440.4,451.6,468.6,475.2,489.9,490.9,495.3,504.5,514.1,531.2,557.3,577.8,601.2,612.6]}},{"type":"Feature","geometry":{"type":"MultiPolygon","coordinates":[[[[-12.28,14.81],[-12.19,14.65],[-12.21,14.57],[-12.23,14.46],[-12.18,14.38],[-12.11,14.32],[-12.07,14.27],[-12.02,14.21],[-12.01,14.07],[-12.02,13.97],[-11.99,13.93],[-11.96,13.88],[-11.97,13.83],[-11.98,13.79],[-12.04,13.73],[-12.05,13.63],[-11.96,13.51],[-11.89,13.44],[-11.9,13.41],[-11.88,13.36],[-11.83,13.32],[-11.8,13.33],[-11.77,13.37],[-11.76,13.39],[-11.67,13.38],[-11.63,13.37],[-11.58,13.29],[-11.56,13.24],[-11.55,13.17],[-11.49,13.09],[-11.44,13.03],[-11.43,12.99],[-11.39,12.94],[-11.42,12.83],[-11.41,12.78],[-11.44,12.63],[-11.45,12.56],[-11.45,12.53],[-11.38,12.48],[-11.39,12.4],[-11.46,12.42],[-11.57,12.43],[-11.81,12.39],[-11.89,12.4],[-12.04,12.4],[-12.15,12.38],[-12.29,12.33],[-12.4,12.34],[-12.46,12.38],[-12.53,12.38],[-12.62,12.4],[-12.71,12.43],[-12.8,12.45],[-12.89,12.52],[-12.93,12.53],[-12.96,12.51],[-12.99,12.49],[-13.01,12.48],[-13.06,12.49],[-13.08,12.54],[-13.06,12.58],[-13.06,12.62],[-13.08,12.63],[-13.14,12.64],[-13.23,12.64],[-13.37,12.65],[-13.41,12.66],[-13.73,12.67],[-14.06,12.68],[-14.35,12.68],[-14.71,12.68],[-14.96,12.68],[-15.2,12.68],[-15.38,12.59],[-15.57,12.49],[-15.84,12.44],[-16.14,12.46],[-16.24,12.44],[-16.34,12.4],[-16.42,12.37],[-16.52,12.35],[-16.66,12.36],[-16.71,12.35],[-16.75,12.4],[-16.78,12.47],[-16.76,12.53],[-16.68,12.56],[-16.55,12.6],[-16.49,12.58],[-16.45,12.58],[-16.44,12.61],[-16.46,12.62],[-16.55,12.66],[-16.6,12.72],[-16.64,12.69],[-16.67,12.62],[-16.7,12.6],[-16.74,12.59],[-16.77,12.63],[-16.78,12.67],[-16.76,12.7],[-16.77,12.88],[-16.76,12.98],[-16.76,13.06],[-16.7,13.12],[-16.65,13.15],[-16.43,13.16],[-16.23,13.16],[-16.03,13.16],[-15.83,13.16],[-15.81,13.33],[-15.75,13.34],[-15.66,13.36],[-15.48,13.38],[-15.29,13.4],[-15.24,13.43],[-15.21,13.49],[-15.19,13.54],[-15.15,13.56],[-15.1,13.54],[-15.02,13.51],[-14.95,13.47],[-14.87,13.43],[-14.81,13.41],[-14.67,13.35],[-14.44,13.27],[-14.25,13.24],[-14.01,13.3],[-13.85,13.34],[-13.83,13.41],[-13.85,13.48],[-13.98,13.54],[-14.15,13.54],[-14.2,13.52],[-14.28,13.5],[-14.33,13.49],[-14.41,13.5],[-14.51,13.56],[-14.57,13.62],[-14.66,13.64],[-14.77,13.67],[-14.94,13.79],[-15.02,13.81],[-15.11,13.81],[-15.27,13.79],[-15.43,13.73],[-15.51,13.59],[-15.67,13.59],[-16.0,13.59],[-16.31,13.6],[-16.56,13.59],[-16.59,13.69],[-16.65,13.77],[-16.75,13.84],[-16.77,13.9],[-16.73,13.96],[-16.64,14.01],[-16.62,14.04],[-16.67,14.04],[-16.74,14.01],[-16.79,14.0],[-16.8,14.09],[-16.88,14.21],[-16.97,14.4],[-17.08,14.48],[-17.17,14.64],[-17.26,14.7],[-17.35,14.73],[-17.42,14.72],[-17.45,14.65],[-17.54,14.76],[-17.41,14.79],[-17.15,14.92],[-16.84,15.29],[-16.57,15.73],[-16.54,15.84],[-16.5,15.92],[-16.48,16.1],[-16.44,16.2],[-16.4,16.22],[-16.36,16.31],[-16.3,16.45],[-16.24,16.53],[-16.17,16.55],[-16.11,16.54],[-16.07,16.51],[-15.96,16.49],[-15.77,16.49],[-15.62,16.51],[-15.52,16.56],[-15.38,16.58],[-15.21,16.58],[-15.12,16.6],[-15.11,16.64],[-15.09,16.66],[-15.06,16.64],[-15.02,16.65],[-14.99,16.68],[-14.96,16.68],[-14.93,16.65],[-14.79,16.65],[-14.53,16.66],[-14.3,16.58],[-14.09,16.42],[-13.98,16.31],[-13.97,16.26],[-13.93,16.2],[-13.87,16.15],[-13.81,16.14],[-13.76,16.17],[-13.71,16.17],[-13.68,16.13],[-13.62,16.12],[-13.56,16.14],[-13.51,16.14],[-13.5,16.11],[-13.49,16.1],[-13.45,16.09],[-13.41,16.06],[-13.35,15.97],[-13.3,15.85],[-13.26,15.7],[-13.21,15.62],[-13.14,15.6],[-13.11,15.57],[-13.1,15.54],[-13.08,15.51],[-13.05,15.5],[-12.99,15.5],[-12.93,15.45],[-12.86,15.34],[-12.85,15.29],[-12.86,15.26],[-12.86,15.24],[-12.81,15.22],[-12.77,15.19],[-12.74,15.13],[-12.66,15.08],[-12.54,15.04],[-12.46,14.97],[-12.41,14.89],[-12.3,14.82],[-12.28,14.81]]]]},"properties":{"iso":"SEN","name":"Senegal","ha":[123485.9,123290.7,122841.1,122834.0,122852.4,122993.5,122996.5,122925.6,122633.3,119694.2,119674.8,119336.5,119230.7,119316.2,122381.8,123196.1,123658.1,123787.0,124109.8,125495.6,126937.8,127578.8,128267.0,129977.1,132316.3,133358.6,133685.3,134274.5,135443.2,139159.0,140819.4,142121.0,144288.4,145598.5,147032.6,148422.6,150225.3,152730.3,154455.4,155748.2,158428.9],"lo":[115175.0,114992.9,114573.5,114566.9,114584.0,114715.7,114718.5,114652.3,114379.7,111638.5,111620.4,111304.8,111206.1,111285.8,114145.1,114904.6,115335.5,115455.7,115756.8,117049.3,118394.6,118992.4,119634.3,121229.2,123411.0,124383.2,124687.8,125237.4,126327.5,129793.2,131341.9,132555.9,134577.4,135799.3,137136.9,138433.4,140114.7,142451.1,144060.1,145265.9,147766.1],"hi":[135340.2,135126.2,134633.5,134625.7,134645.8,134800.5,134803.8,134726.1,134405.7,131184.5,131163.3,130792.4,130676.5,130770.1,134130.0,135022.5,135528.8,135670.1,136024.0,137542.7,139123.5,139826.0,140580.3,142454.5,145018.2,146160.6,146518.6,147164.4,148445.3,152517.9,154337.7,155764.2,158139.7,159575.5,161147.3,162670.8,164646.5,167391.9,169282.7,170699.6,173637.6]}},{"type":"Feature","geometry":{"type":"MultiPolygon","coordinates":[[[[103.97,1.33],[103.82,1.27],[103.65,1.33],[103.71,1.42],[103.82,1.45],[103.91,1.42],[103.96,1.39],[104.0,1.37],[103.97,1.33]]]]},"properties":{"iso":"SGP","name":"Singapore","ha":[493.0,493.0,493.0,492.4,492.4,491.8,491.4,493.5,495.7,504.8,507.3,509.3,508.6,497.2,475.4,478.0,475.6,474.0,472.5,468.9,472.9,481.3,493.5,503.4,531.8,541.6,534.6,524.2,518.5,526.5,537.3,540.5,549.6,545.1,559.6,568.3,568.9,569.9,572.1,574.6,575.4],"lo":[459.8,459.8,459.8,459.2,459.2,458.7,458.3,460.3,462.3,470.9,473.2,475.0,474.4,463.7,443.4,445.9,443.6,442.1,440.7,437.3,441.1,448.9,460.3,469.5,496.0,505.2,498.7,489.0,483.6,491.1,501.2,504.1,512.6,508.4,521.9,530.0,530.6,531.6,533.6,536.0,536.7],"hi":[540.3,540.3,540.3,539.6,539.6,539.1,538.6,540.9,543.3,553.3,556.0,558.2,557.4,544.9,521.1,523.9,521.2,519.5,517.9,513.9,518.3,527.5,540.9,551.7,582.8,593.6,586.0,574.6,568.2,577.1,588.9,592.4,602.3,597.4,613.3,622.8,623.5,624.6,627.0,629.8,630.7]}},{"type":"Feature","geometry":{"type":"MultiPolygon","coordinates":[[[[159.69,-8.51],[159.64,-8.52],[159.57,-8.48],[159.54,-8.45],[159.55,-8.4],[159.59,-8.38],[159.64,-8.41],[159.65,-8.45],[159.69,-8.51]]],[[[166.93,-11.67],[166.84,-11.68],[166.81,-11.68],[166.75,-11.59],[166.79,-11.57],[166.86,-11.58],[166.88,-11.63],[166.93,-11.67]]],[[[166.13,-10.76],[166.05,-10.78],[166.03,-10.77],[165.97,-10.78],[165.9,-10.85],[165.86,-10.84],[165.82,-10.84],[165.79,-10.78],[165.79,-10.76],[165.84,-10.76],[165.86,-10.7],[165.91,-10.67],[166.02,-10.66],[166.13,-10.68],[166.16,-10.69],[166.13,-10.75],[166.13,-10.76]]],[[[160.58,-11.8],[160.51,-11.83],[160.44,-11.81],[160.39,-11.79],[160.36,-11.71],[160.27,-11.66],[160.15,-11.64],[160.1,-11.61],[160.09,-11.59],[160.0,-11.58],[159.98,-11.54],[159.99,-11.49],[160,-11.47],[160.08,-11.49],[160.45,-11.7],[160.54,-11.76],[160.58,-11.8]]],[[[161.55,-9.63],[161.56,-9.73],[161.55,-9.77],[161.48,-9.69],[161.44,-9.72],[161.41,-9.68],[161.41,-9.6],[161.42,-9.51],[161.4,-9.45],[161.36,-9.35],[161.41,-9.37],[161.55,-9.63]]],[[[159.19,-9.12],[159.18,-9.13],[159.13,-9.11],[159.07,-9.11],[159.04,-9.07],[159.08,-9.03],[159.13,-8.99],[159.15,-9.0],[159.18,-9.02],[159.23,-9.03],[159.23,-9.09],[159.19,-9.12]]],[[[160.17,-9.0],[160.23,-9.01],[160.25,-9.01],[160.32,-9.06],[160.41,-9.14],[160.37,-9.18],[160.3,-9.16],[160.28,-9.17],[160.27,-9.16],[160.25,-9.12],[160.18,-9.08],[160.11,-9.08],[160.1,-9.03],[160.17,-9.0]]],[[[157.76,-8.24],[157.83,-8.32],[157.9,-8.51],[157.89,-8.57],[157.83,-8.57],[157.82,-8.61],[157.75,-8.52],[157.66,-8.5],[157.59,-8.45],[157.56,-8.34],[157.56,-8.27],[157.5,-8.26],[157.35,-8.28],[157.3,-8.33],[157.23,-8.31],[157.22,-8.26],[157.23,-8.21],[157.32,-8.16],[157.34,-8.1],[157.43,-7.98],[157.49,-7.97],[157.6,-8.01],[157.61,-8.16],[157.65,-8.22],[157.76,-8.24]]],[[[158.2,-8.82],[158.18,-8.83],[158.16,-8.79],[158.21,-8.68],[158.24,-8.76],[158.25,-8.8],[158.2,-8.82]]],[[[158.11,-8.68],[158.01,-8.76],[157.94,-8.74],[157.88,-8.67],[157.9,-8.59],[157.91,-8.57],[157.94,-8.56],[157.97,-8.54],[158.0,-8.51],[158.11,-8.54],[158.13,-8.56],[158.07,-8.61],[158.09,-8.62],[158.1,-8.65],[158.11,-8.68]]],[[[157.39,-8.71],[157.39,-8.73],[157.33,-8.7],[157.21,-8.57],[157.23,-8.52],[157.35,-8.43],[157.38,-8.42],[157.41,-8.48],[157.38,-8.56],[157.35,-8.58],[157.33,-8.65],[157.39,-8.71]]],[[[156.69,-7.92],[156.67,-7.94],[156.64,-7.88],[156.61,-7.87],[156.61,-7.81],[156.51,-7.71],[156.5,-7.64],[156.56,-7.57],[156.64,-7.61],[156.72,-7.7],[156.81,-7.72],[156.79,-7.78],[156.71,-7.88],[156.69,-7.92]]],[[[156.6,-8.17],[156.59,-8.2],[156.54,-8.07],[156.54,-8.01],[156.55,-7.97],[156.57,-7.96],[156.61,-8.1],[156.6,-8.17]]],[[[157.17,-8.11],[157.15,-8.12],[157.04,-8.12],[156.96,-8.01],[156.96,-7.94],[157.02,-7.87],[157.1,-7.86],[157.15,-7.88],[157.19,-7.94],[157.2,-8.02],[157.19,-8.08],[157.17,-8.11]]],[[[155.84,-7.1],[155.74,-7.12],[155.68,-7.09],[155.7,-7.01],[155.74,-6.97],[155.86,-7.04],[155.84,-7.1]]],[[[157.65,-8.76],[157.64,-8.79],[157.59,-8.78],[157.46,-8.73],[157.45,-8.71],[157.53,-8.7],[157.58,-8.7],[157.62,-8.73],[157.65,-8.76]]],[[[159.75,-9.27],[159.97,-9.43],[160.07,-9.42],[160.35,-9.42],[160.53,-9.54],[160.63,-9.59],[160.68,-9.69],[160.75,-9.72],[160.79,-9.77],[160.82,-9.86],[160.8,-9.88],[160.71,-9.91],[160.65,-9.93],[160.48,-9.89],[160.32,-9.82],[160.0,-9.81],[159.85,-9.79],[159.8,-9.76],[159.76,-9.73],[159.68,-9.64],[159.62,-9.53],[159.61,-9.47],[159.61,-9.35],[159.63,-9.31],[159.69,-9.27],[159.75,-9.27]]],[[[159.88,-8.53],[159.88,-8.56],[159.75,-8.47],[159.64,-8.37],[159.35,-8.26],[159.29,-8.2],[159.24,-8.2],[159.09,-8.1],[158.94,-8.04],[158.85,-7.96],[158.83,-7.93],[158.78,-7.91],[158.69,-7.82],[158.6,-7.76],[158.57,-7.65],[158.48,-7.58],[158.46,-7.54],[158.73,-7.6],[158.86,-7.72],[158.97,-7.79],[159.01,-7.84],[159.11,-7.9],[159.2,-7.91],[159.29,-7.98],[159.37,-7.99],[159.43,-8.03],[159.84,-8.33],[159.79,-8.41],[159.85,-8.46],[159.88,-8.53]]],[[[157.49,-7.33],[157.52,-7.37],[157.44,-7.43],[157.34,-7.39],[157.32,-7.36],[157.31,-7.34],[157.24,-7.35],[157.1,-7.32],[156.9,-7.18],[156.7,-6.91],[156.49,-6.76],[156.46,-6.72],[156.45,-6.64],[156.48,-6.61],[156.6,-6.64],[156.77,-6.76],[157.03,-6.89],[157.1,-6.96],[157.15,-7.11],[157.19,-7.16],[157.34,-7.28],[157.41,-7.31],[157.45,-7.31],[157.49,-7.33]]],[[[160.75,-8.31],[161.0,-8.61],[160.99,-8.66],[160.95,-8.7],[160.94,-8.8],[160.98,-8.84],[161.04,-8.86],[161.16,-8.96],[161.2,-9.09],[161.21,-9.13],[161.26,-9.19],[161.26,-9.32],[161.37,-9.49],[161.38,-9.57],[161.37,-9.61],[161.32,-9.59],[161.19,-9.39],[161.04,-9.31],[161.02,-9.27],[160.87,-9.16],[160.77,-8.96],[160.66,-8.62],[160.71,-8.54],[160.59,-8.37],[160.6,-8.33],[160.65,-8.34],[160.68,-8.34],[160.7,-8.32],[160.75,-8.31]]],[[[161.72,-10.39],[161.84,-10.45],[161.91,-10.44],[162.02,-10.48],[162.11,-10.45],[162.16,-10.51],[162.29,-10.71],[162.29,-10.78],[162.37,-10.82],[162.3,-10.83],[162.2,-10.81],[162.12,-10.82],[162.04,-10.78],[161.91,-10.76],[161.79,-10.72],[161.54,-10.57],[161.54,-10.49],[161.5,-10.45],[161.49,-10.36],[161.4,-10.33],[161.29,-10.33],[161.29,-10.28],[161.3,-10.2],[161.38,-10.21],[161.48,-10.24],[161.65,-10.35],[161.7,-10.37],[161.72,-10.39]]]]},"properties":{"iso":"SLB","name":"Solomon Islands","ha":[53117.7,53117.7,53117.7,53117.7,53118.2,53118.3,53118.4,53118.8,53120.8,53109.3,53128.6,53129.1,53136.0,53024.5,50725.1,51645.0,51747.6,51986.2,52345.7,53402.0,54329.7,55033.2,55659.2,56301.4,57196.5,57243.7,56789.7,56176.9,56173.4,56990.9,57906.2,58260.5,58937.6,59322.8,59521.4,59710.6,59768.8,59747.0,59358.0,58758.3,60123.8],"lo":[49542.8,49542.8,49542.8,49542.8,49543.2,49543.3,49543.4,49543.7,49545.7,49534.9,49552.9,49553.3,49559.8,49455.8,47311.1,48169.1,48264.8,48487.4,48822.7,49807.9,50673.2,51329.3,51913.2,52512.2,53347.0,53391.0,52967.6,52396.1,52392.8,53155.2,54008.9,54339.4,54970.9,55330.2,55515.4,55691.9,55746.2,55725.9,55363.1,54803.7,56077.3],"hi":[58216.9,58216.9,58216.9,58216.9,58217.4,58217.5,58217.6,58218.0,58220.3,58207.6,58228.8,58229.3,58236.9,58114.7,55594.5,56602.8,56715.2,56976.7,57370.8,58528.4,59545.2,60316.2,61002.3,61706.2,62687.1,62738.9,62241.4,61569.8,61565.9,62461.8,63465.0,63853.3,64595.4,65017.7,65235.3,65442.7,65506.5,65482.6,65056.2,64398.9,65895.5]}},{"type":"Feature","geometry":{"type":"MultiPolygon","coordinates":[[[[-10.28,8.49],[-10.29,8.45],[-10.31,8.31],[-10.36,8.19],[-10.39,8.16],[-10.52,8.13],[-10.57,8.07],[-10.62,7.9],[-10.65,7.76],[-10.69,7.74],[-10.88,7.54],[-11.0,7.46],[-11.09,7.4],[-11.17,7.31],[-11.27,7.23],[-11.38,7.09],[-11.45,6.95],[-11.51,6.91],[-11.55,6.95],[-11.73,7.09],[-11.93,7.18],[-12.35,7.34],[-12.49,7.39],[-12.48,7.44],[-12.43,7.55],[-12.51,7.67],[-12.48,7.75],[-12.51,7.75],[-12.57,7.7],[-12.7,7.72],[-12.78,7.79],[-12.85,7.82],[-12.88,7.86],[-12.93,8.06],[-12.96,8.15],[-13.02,8.2],[-13.15,8.21],[-13.2,8.34],[-13.27,8.43],[-13.26,8.49],[-13.2,8.48],[-13.16,8.44],[-13.09,8.42],[-12.99,8.53],[-12.91,8.58],[-12.89,8.63],[-12.9,8.66],[-12.95,8.62],[-13.09,8.63],[-13.12,8.59],[-13.18,8.58],[-13.23,8.7],[-13.23,8.77],[-13.21,8.84],[-13.07,8.86],[-13.06,8.88],[-13.15,8.9],[-13.27,8.99],[-13.29,9.05],[-13.23,9.07],[-13.18,9.06],[-13.13,9.05],[-13.08,9.07],[-13.03,9.1],[-13.0,9.15],[-12.96,9.26],[-12.83,9.3],[-12.76,9.37],[-12.68,9.48],[-12.65,9.56],[-12.62,9.6],[-12.6,9.63],[-12.59,9.67],[-12.56,9.7],[-12.52,9.79],[-12.5,9.86],[-12.43,9.9],[-12.28,9.93],[-12.14,9.88],[-11.92,9.92],[-11.91,9.99],[-11.71,9.99],[-11.47,10.0],[-11.27,10.0],[-11.21,9.98],[-11.18,9.93],[-11.12,9.84],[-11.05,9.79],[-10.96,9.66],[-10.86,9.52],[-10.76,9.39],[-10.69,9.31],[-10.68,9.29],[-10.69,9.26],[-10.72,9.19],[-10.75,9.12],[-10.75,9.1],[-10.73,9.08],[-10.62,9.06],[-10.61,8.98],[-10.61,8.87],[-10.55,8.76],[-10.5,8.69],[-10.5,8.66],[-10.63,8.53],[-10.68,8.4],[-10.7,8.36],[-10.71,8.34],[-10.69,8.32],[-10.65,8.33],[-10.6,8.32],[-10.56,8.32],[-10.5,8.36],[-10.39,8.48],[-10.36,8.5],[-10.28,8.49]]],[[[-12.53,7.44],[-12.54,7.41],[-12.61,7.47],[-12.95,7.57],[-12.85,7.62],[-12.62,7.64],[-12.54,7.61],[-12.51,7.58],[-12.5,7.54],[-12.53,7.44]]]]},"properties":{"iso":"SLE","name":"Sierra Leone","ha":[149120.0,149159.2,149562.4,150209.7,151360.5,151768.9,151795.5,151762.8,151697.2,149014.9,149459.6,149072.1,148856.5,149072.2,149750.9,150207.8,150230.3,150093.3,150263.0,150870.2,151380.1,151758.5,152397.1,152858.2,152951.8,152487.0,151543.8,150511.4,149569.2,147876.0,147797.9,148148.6,147679.7,146908.3,146496.1,146355.2,146195.9,144783.6,143845.6,142623.2,138878.9],"lo":[139083.8,139120.3,139496.4,140100.2,141173.5,141554.4,141579.2,141548.7,141487.5,138985.8,139400.5,139039.1,138838.0,139039.2,139672.2,140098.4,140119.3,139991.6,140149.9,140716.2,141191.8,141544.7,142140.3,142570.4,142657.7,142224.2,141344.5,140381.5,139502.8,137923.5,137850.7,138177.8,137740.4,137021.0,136636.4,136505.1,136356.5,135039.2,134164.3,133024.2,129532.0],"hi":[163435.1,163478.0,163919.9,164629.4,165890.7,166338.2,166367.4,166331.6,166259.6,163319.9,163807.2,163382.6,163146.3,163382.7,164126.5,164627.3,164651.9,164501.8,164687.8,165353.3,165912.1,166326.9,167026.7,167532.2,167634.7,167125.3,166091.6,164960.0,163927.4,162071.6,161986.1,162370.4,161856.5,161011.1,160559.2,160404.8,160230.2,158682.4,157654.3,156314.6,152210.9]}},{"type":"Feature","geometry":{"type":"MultiPolygon","coordinates":[[[[-89.36,14.42],[-89.34,14.41],[-89.17,14.36],[-89.12,14.37],[-89.06,14.33],[-89.03,14.3],[-89.0,14.25],[-88.87,14.16],[-88.85,14.12],[-88.75,14.07],[-88.71,14.03],[-88.67,14.02],[-88.58,14.0],[-88.51,13.98],[-88.5,13.96],[-88.5,13.9],[-88.48,13.85],[-88.45,13.85],[-88.41,13.88],[-88.28,13.94],[-88.15,13.99],[-88.08,13.96],[-88.04,13.9],[-87.99,13.88],[-87.89,13.89],[-87.8,13.89],[-87.73,13.84],[-87.72,13.81],[-87.76,13.65],[-87.77,13.58],[-87.78,13.52],[-87.76,13.51],[-87.73,13.48],[-87.74,13.45],[-87.81,13.4],[-87.84,13.39],[-87.82,13.29],[-87.88,13.22],[-87.93,13.18],[-88.02,13.17],[-88.18,13.16],[-88.42,13.21],[-88.59,13.28],[-88.69,13.28],[-88.66,13.26],[-88.58,13.24],[-88.48,13.2],[-88.51,13.18],[-88.87,13.28],[-89.28,13.48],[-89.52,13.51],[-89.8,13.56],[-89.97,13.68],[-90.1,13.74],[-90.11,13.78],[-90.1,13.83],[-90.05,13.9],[-89.94,14.0],[-89.87,14.05],[-89.84,14.06],[-89.79,14.05],[-89.75,14.08],[-89.71,14.14],[-89.67,14.18],[-89.57,14.22],[-89.55,14.24],[-89.56,14.28],[-89.58,14.35],[-89.57,14.39],[-89.54,14.41],[-89.5,14.41],[-89.42,14.43],[-89.38,14.43],[-89.36,14.42]]]]},"properties":{"iso":"SLV","name":"El Salvador","ha":[35491.1,35488.0,35507.7,35556.3,35665.3,35733.6,35767.9,35800.7,35836.9,35899.1,35962.9,35943.8,35884.7,35841.8,35813.1,35800.9,35756.4,35733.3,35749.8,35753.4,35806.2,35836.8,35889.6,35947.5,36019.4,35971.2,35835.0,35704.2,35647.8,35627.8,35674.5,35652.0,35609.5,35647.4,35657.9,35664.9,35691.3,35653.9,35649.9,35632.1,35780.7],"lo":[33102.4,33099.6,33118.0,33163.3,33264.9,33328.6,33360.6,33391.2,33424.9,33482.9,33542.5,33524.7,33469.6,33429.6,33402.8,33391.4,33349.9,33328.3,33343.8,33347.1,33396.4,33424.8,33474.1,33528.1,33595.2,33550.2,33423.2,33301.2,33248.6,33229.9,33273.5,33252.5,33212.9,33248.2,33258.0,33264.5,33289.2,33254.3,33250.6,33233.9,33372.6],"hi":[38898.1,38894.8,38916.4,38969.6,39089.1,39163.9,39201.5,39237.5,39277.1,39345.3,39415.2,39394.3,39329.5,39282.5,39251.1,39237.7,39188.9,39163.5,39181.7,39185.6,39243.5,39277.0,39334.9,39398.4,39477.2,39424.3,39275.0,39131.7,39069.9,39047.9,39099.2,39074.5,39027.9,39069.4,39081.0,39088.6,39117.5,39076.6,39072.2,39052.6,39215.6]}},{"type":"Feature","geometry":{"type":"MultiPolygon","coordinates":[[[[41.53,-1.7],[41.54,-1.61],[41.52,-1.57],[41.43,-1.45],[41.25,-1.22],[41.12,-1.05],[40.98,-0.87],[40.98,-0.73],[40.98,-0.31],[40.97,0.54],[40.97,1.38],[40.97,2.22],[40.97,2.64],[40.96,2.81],[40.98,2.84],[41.13,3.0],[41.34,3.2],[41.61,3.59],[41.76,3.8],[41.88,3.98],[41.92,4.03],[42.02,4.14],[42.23,4.2],[42.36,4.21],[42.79,4.29],[42.86,4.32],[42.89,4.36],[42.93,4.45],[43.02,4.56],[43.13,4.64],[43.33,4.75],[43.54,4.84],[43.58,4.85],[43.83,4.91],[43.89,4.93],[43.99,4.95],[44.03,4.95],[44.37,4.93],[44.64,4.92],[44.91,4.9],[44.94,4.91],[45.13,5.12],[45.44,5.46],[45.63,5.67],[45.93,6.0],[46.17,6.23],[46.42,6.5],[46.67,6.74],[46.97,7.03],[47.16,7.21],[47.45,7.49],[47.73,7.76],[47.98,8.0],[48.13,8.22],[48.27,8.44],[48.43,8.68],[48.62,8.96],[48.79,9.23],[48.94,9.45],[48.94,9.56],[48.94,9.81],[48.94,9.97],[48.94,10.43],[48.94,10.71],[48.94,10.98],[48.94,11.26],[49.06,11.27],[49.39,11.34],[49.64,11.45],[50.11,11.53],[50.47,11.73],[50.53,11.82],[50.64,11.94],[50.79,11.98],[51.19,11.84],[51.25,11.83],[51.23,11.75],[51.22,11.66],[51.14,11.51],[51.08,11.34],[51.12,11.08],[51.14,10.66],[51.13,10.6],[51.1,10.54],[51.09,10.49],[51.05,10.47],[51.03,10.44],[51.06,10.43],[51.19,10.48],[51.19,10.53],[51.19,10.55],[51.3,10.5],[51.37,10.48],[51.39,10.42],[51.38,10.39],[51.27,10.4],[51.21,10.43],[51.04,10.39],[50.93,10.34],[50.9,10.25],[50.87,9.92],[50.83,9.71],[50.83,9.43],[50.69,9.24],[50.64,9.11],[50.43,8.85],[50.32,8.62],[50.29,8.51],[50.1,8.2],[49.85,7.96],[49.76,7.66],[49.67,7.47],[49.57,7.3],[49.35,6.99],[49.23,6.78],[49.09,6.41],[49.05,6.17],[48.65,5.49],[48.23,4.95],[47.98,4.5],[47.51,3.97],[46.88,3.29],[46.05,2.48],[45.83,2.31],[44.92,1.81],[44.33,1.39],[44.03,1.11],[43.72,0.86],[43.47,0.62],[42.71,-0.18],[42.63,-0.25],[42.56,-0.32],[42.47,-0.46],[42.4,-0.51],[42.22,-0.74],[42.11,-0.86],[41.98,-0.97],[41.93,-1.06],[41.89,-1.15],[41.85,-1.2],[41.73,-1.43],[41.63,-1.58],[41.53,-1.7]]]]},"properties":{"iso":"SOM","name":"Somalia","ha":[3420.5,3421.1,3422.9,3425.3,3424.5,3429.0,3431.6,3439.5,3449.1,3506.6,3519.9,3537.2,3543.8,3547.2,3461.9,3468.6,3457.6,3452.1,3454.1,3477.7,3506.1,3536.1,3569.1,3582.5,3608.6,3610.2,3581.7,3558.0,3554.8,3572.9,3589.3,3592.0,3604.0,3624.3,3662.8,3693.2,3703.5,3711.4,3706.2,3667.3,3660.5],"lo":[3190.3,3190.8,3192.5,3194.8,3194.1,3198.2,3200.6,3208.1,3217.0,3270.6,3283.0,3299.2,3305.3,3308.4,3228.9,3235.1,3224.9,3219.7,3221.7,3243.6,3270.1,3298.1,3328.9,3341.4,3365.7,3367.2,3340.7,3318.5,3315.5,3332.4,3347.7,3350.2,3361.4,3380.4,3416.3,3444.6,3454.2,3461.6,3456.7,3420.5,3414.2],"hi":[3748.8,3749.5,3751.4,3754.2,3753.3,3758.2,3761.0,3769.7,3780.2,3843.3,3857.8,3876.8,3883.9,3887.7,3794.3,3801.6,3789.5,3783.4,3785.7,3811.5,3842.7,3875.6,3911.7,3926.4,3955.0,3956.7,3925.5,3899.5,3896.0,3915.8,3933.8,3936.8,3950.0,3972.2,4014.5,4047.7,4059.0,4067.6,4061.9,4019.3,4011.9]}},{"type":"Feature","geometry":{"type":"MultiPolygon","coordinates":[[[[7.42,1.57],[7.39,1.54],[7.34,1.56],[7.33,1.6],[7.39,1.68],[7.41,1.7],[7.44,1.68],[7.45,1.66],[7.45,1.63],[7.42,1.57]]],[[[6.66,0.12],[6.56,0.05],[6.52,0.07],[6.5,0.12],[6.47,0.23],[6.48,0.28],[6.52,0.34],[6.63,0.4],[6.69,0.4],[6.75,0.33],[6.75,0.24],[6.66,0.12]]]]},"properties":{"iso":"STP","name":"S\u00e3o Tom\u00e9 and Pr\u00edncipe","ha":[64.0,64.0,64.0,64.0,64.0,64.0,64.0,64.0,64.0,64.0,64.0,64.0,64.0,64.0,64.0,64.0,64.0,64.0,64.0,63.6,63.6,63.6,63.6,63.6,63.6,63.6,63.6,63.5,63.3,62.8,62.9,62.9,62.8,62.8,62.7,62.9,62.8,62.8,62.8,62.7,63.1],"lo":[59.6,59.6,59.6,59.6,59.6,59.6,59.6,59.6,59.6,59.6,59.6,59.6,59.6,59.6,59.6,59.6,59.6,59.6,59.6,59.3,59.3,59.3,59.3,59.3,59.3,59.3,59.3,59.2,59.0,58.6,58.7,58.7,58.6,58.6,58.5,58.7,58.6,58.6,58.6,58.5,58.8],"hi":[70.1,70.1,70.1,70.1,70.1,70.1,70.1,70.1,70.1,70.1,70.1,70.1,70.1,70.1,70.1,70.1,70.1,70.1,70.1,69.7,69.7,69.7,69.7,69.7,69.7,69.7,69.7,69.6,69.3,68.8,68.9,68.9,68.8,68.8,68.8,68.9,68.8,68.8,68.8,68.8,69.1]}},{"type":"Feature","geometry":{"type":"MultiPolygon","coordinates":[[[[-54.16,5.36],[-54.24,5.29],[-54.33,5.19],[-54.45,5.01],[-54.45,4.96],[-54.47,4.91],[-54.48,4.84],[-54.47,4.75],[-54.44,4.69],[-54.43,4.58],[-54.45,4.49],[-54.44,4.43],[-54.42,4.34],[-54.4,4.24],[-54.4,4.2],[-54.37,4.17],[-54.34,4.14],[-54.35,4.05],[-54.26,3.9],[-54.2,3.83],[-54.11,3.77],[-54.08,3.71],[-54.03,3.63],[-54.01,3.62],[-53.99,3.59],[-54.01,3.53],[-54.01,3.45],[-54.06,3.35],[-54.19,3.18],[-54.2,3.14],[-54.17,2.99],[-54.19,2.87],[-54.2,2.82],[-54.26,2.71],[-54.4,2.46],[-54.49,2.42],[-54.54,2.34],[-54.57,2.34],[-54.6,2.34],[-54.62,2.33],[-54.66,2.33],[-54.7,2.36],[-54.7,2.4],[-54.72,2.44],[-54.77,2.45],[-54.85,2.44],[-54.88,2.45],[-54.93,2.5],[-54.97,2.55],[-54.98,2.6],[-55.01,2.59],[-55.07,2.55],[-55.11,2.54],[-55.15,2.55],[-55.19,2.55],[-55.29,2.5],[-55.34,2.49],[-55.39,2.44],[-55.66,2.42],[-55.73,2.41],[-55.89,2.49],[-55.94,2.52],[-55.96,2.52],[-55.98,2.52],[-55.99,2.5],[-56.02,2.39],[-56.05,2.36],[-56.09,2.34],[-56.13,2.3],[-56.14,2.26],[-56.07,2.24],[-56.02,2.16],[-55.96,2.1],[-55.92,2.04],[-55.92,1.98],[-55.93,1.89],[-55.96,1.86],[-56.02,1.84],[-56.23,1.89],[-56.39,1.92],[-56.45,1.93],[-56.48,1.94],[-56.52,1.97],[-56.56,2.01],[-56.63,2.02],[-56.7,2.04],[-56.76,2.11],[-56.82,2.23],[-56.84,2.28],[-56.89,2.33],[-56.93,2.4],[-56.95,2.46],[-56.98,2.51],[-57.0,2.53],[-57.02,2.61],[-57.03,2.64],[-57.04,2.64],[-57.06,2.67],[-57.1,2.75],[-57.11,2.77],[-57.12,2.78],[-57.16,2.83],[-57.2,2.85],[-57.21,2.88],[-57.21,2.96],[-57.23,3.0],[-57.23,3.08],[-57.23,3.11],[-57.25,3.14],[-57.28,3.16],[-57.28,3.22],[-57.29,3.35],[-57.3,3.38],[-57.43,3.38],[-57.44,3.36],[-57.49,3.35],[-57.55,3.35],[-57.6,3.37],[-57.65,3.39],[-57.66,3.42],[-57.65,3.52],[-57.72,3.59],[-57.83,3.68],[-57.87,3.79],[-57.91,3.86],[-58.03,4.0],[-58.05,4.1],[-58.05,4.17],[-58.01,4.24],[-57.95,4.35],[-57.92,4.45],[-57.91,4.51],[-57.87,4.58],[-57.85,4.67],[-57.87,4.72],[-57.9,4.78],[-57.92,4.82],[-57.88,4.88],[-57.84,4.92],[-57.8,4.93],[-57.75,4.95],[-57.71,4.99],[-57.65,5.0],[-57.57,5.0],[-57.41,5.0],[-57.33,5.02],[-57.31,5.05],[-57.31,5.11],[-57.27,5.16],[-57.23,5.18],[-57.21,5.2],[-57.21,5.21],[-57.22,5.23],[-57.24,5.24],[-57.28,5.25],[-57.32,5.34],[-57.29,5.37],[-57.26,5.45],[-57.25,5.49],[-57.19,5.55],[-57.18,5.53],[-57.14,5.64],[-57.14,5.74],[-57.1,5.83],[-57.06,5.94],[-56.97,5.99],[-56.47,5.94],[-56.24,5.89],[-55.94,5.8],[-55.9,5.7],[-55.9,5.8],[-55.91,5.89],[-55.83,5.96],[-55.65,5.99],[-55.38,5.95],[-55.15,5.99],[-54.83,5.99],[-54.36,5.91],[-54.14,5.86],[-54.05,5.81],[-54.04,5.72],[-54.05,5.61],[-54.08,5.5],[-54.16,5.36]]]]},"properties":{"iso":"SUR","name":"Suriname","ha":[90271.4,90099.7,89969.8,90059.1,90450.6,91841.7,92214.9,92925.8,94132.9,93644.7,95014.3,94401.6,94496.8,94548.0,93930.4,95210.7,95465.3,95561.3,95487.1,95323.9,96647.2,97551.1,98378.9,99288.2,100435.9,101038.0,100516.4,98909.6,96707.7,91754.0,91674.6,90921.3,87869.5,87445.2,86444.5,85732.8,85221.8,82842.3,73915.4,74259.0,73564.6],"lo":[84195.9,84035.7,83914.6,83997.8,84363.0,85660.5,86008.6,86671.6,87797.5,87342.1,88619.5,88048.1,88136.9,88184.7,87608.6,88802.7,89040.2,89129.7,89060.6,88908.3,90142.6,90985.6,91757.8,92605.8,93676.3,94237.9,93751.4,92252.7,90199.0,85578.7,85504.6,84802.1,81955.6,81559.8,80626.6,79962.7,79486.1,77266.7,68940.7,69261.1,68613.5],"hi":[98937.2,98749.0,98606.6,98704.5,99133.6,100658.2,101067.2,101846.4,103169.3,102634.3,104135.3,103463.8,103568.2,103624.4,102947.5,104350.6,104629.7,104734.9,104653.6,104474.7,105925.1,106915.7,107823.0,108819.6,110077.5,110737.4,110165.7,108404.6,105991.4,100562.1,100475.1,99649.5,96304.7,95839.6,94742.9,93962.9,93402.8,90794.9,81011.1,81387.6,80626.6]}},{"type":"Feature","geometry":{"type":"MultiPolygon","coordinates":[[[[-63.12,18.07],[-63.01,18.07],[-63.01,18.05],[-63.02,18.02],[-63.09,18.04],[-63.12,18.06],[-63.12,18.07]]]]},"properties":{"iso":"SXM","name":"Sint Maarten","ha":[2.6,2.6,2.6,2.6,2.2,2.2,2.2,2.2,2.2,2.2,2.2,2.2,2.2,2.1,2.1,2.2,2.2,2.1,2.2,3.9,4.6,4.9,4.9,5.2,5.7,6.2,6.3,6.7,7.1,7.8,8.3,8.6,8.2,8.8,10.2,11.8,13.1,14.2,15.9,15.5,17.8],"lo":[2.4,2.4,2.4,2.4,2.1,2.1,2.1,2.1,2.1,2.1,2.1,2.1,2.0,1.9,1.9,2.1,2.0,1.9,2.0,3.6,4.3,4.6,4.6,4.8,5.4,5.8,5.9,6.2,6.6,7.3,7.8,8.0,7.6,8.2,9.5,11.0,12.2,13.3,14.8,14.4,16.6],"hi":[2.8,2.8,2.8,2.8,2.5,2.5,2.5,2.5,2.5,2.5,2.5,2.5,2.4,2.3,2.3,2.5,2.4,2.3,2.4,4.3,5.0,5.4,5.4,5.7,6.3,6.8,6.9,7.3,7.7,8.6,9.1,9.4,8.9,9.7,11.2,12.9,14.3,15.6,17.4,17.0,19.5]}},{"type":"Feature","geometry":{"type":"MultiPolygon","coordinates":[[[[55.54,-4.69],[55.54,-4.79],[55.49,-4.75],[55.48,-4.69],[55.42,-4.65],[55.38,-4.61],[55.46,-4.56],[55.54,-4.69]]]]},"properties":{"iso":"SYC","name":"Seychelles","ha":[1540.2,1540.4,1540.4,1540.4,1540.4,1540.5,1540.5,1540.5,1539.6,1550.7,1555.0,1558.0,1556.9,1552.1,1545.6,1545.4,1545.9,1551.1,1549.6,1553.7,1561.2,1558.4,1560.1,1567.1,1582.5,1589.2,1585.3,1575.1,1565.5,1572.6,1574.1,1576.0,1586.4,1600.0,1601.7,1613.1,1620.0,1625.4,1625.7,1626.4,1653.3],"lo":[1436.5,1436.7,1436.7,1436.7,1436.7,1436.8,1436.8,1436.8,1436.0,1446.3,1450.3,1453.2,1452.1,1447.7,1441.6,1441.4,1441.8,1446.7,1445.3,1449.2,1456.1,1453.5,1455.1,1461.6,1476.0,1482.3,1478.6,1469.1,1460.1,1466.7,1468.2,1470.0,1479.6,1492.4,1493.9,1504.5,1510.9,1516.0,1516.3,1516.9,1542.0],"hi":[1688.1,1688.2,1688.2,1688.2,1688.2,1688.3,1688.3,1688.3,1687.4,1699.5,1704.3,1707.6,1706.4,1701.2,1694.0,1693.8,1694.3,1700.0,1698.3,1702.9,1711.1,1708.0,1709.8,1717.5,1734.4,1741.8,1737.5,1726.3,1715.8,1723.5,1725.3,1727.3,1738.7,1753.6,1755.4,1767.9,1775.5,1781.4,1781.7,1782.5,1812.0]}},{"type":"Feature","geometry":{"type":"MultiPolygon","coordinates":[[[[-71.66,21.77],[-71.67,21.75],[-71.72,21.79],[-71.83,21.79],[-71.85,21.84],[-71.81,21.85],[-71.67,21.83],[-71.64,21.79],[-71.66,21.77]]],[[[-71.88,21.84],[-71.9,21.83],[-71.96,21.86],[-71.96,21.89],[-71.98,21.89],[-72.02,21.92],[-72.01,21.95],[-71.93,21.95],[-71.9,21.86],[-71.88,21.84]]],[[[-72.33,21.85],[-72.22,21.8],[-72.15,21.8],[-72.14,21.79],[-72.18,21.78],[-72.19,21.77],[-72.3,21.76],[-72.34,21.76],[-72.34,21.8],[-72.33,21.85]]]]},"properties":{"iso":"TCA","name":"Turks and Caicos Islands","ha":[4860.8,4926.0,5164.5,5317.1,5703.5,5747.2,5753.4,5726.4,5704.2,5543.4,5843.7,6035.3,6191.4,6211.3,6212.0,6245.8,6296.2,6360.9,6372.6,6389.4,6384.0,6522.3,6763.7,7033.4,7160.7,7328.4,7499.4,7779.8,7997.7,8417.2,8550.9,8823.2,8987.8,9012.4,9041.6,9146.6,9083.3,8916.4,8899.3,9033.0,9005.4],"lo":[4533.7,4594.5,4816.9,4959.2,5319.6,5360.4,5366.2,5341.0,5320.2,5170.3,5450.4,5629.1,5774.7,5793.3,5793.9,5825.5,5872.4,5932.8,5943.7,5959.4,5954.4,6083.3,6308.5,6560.0,6678.7,6835.2,6994.7,7256.2,7459.4,7850.7,7975.4,8229.3,8382.9,8405.9,8433.1,8531.0,8472.0,8316.3,8300.4,8425.0,8399.3],"hi":[5327.4,5398.9,5660.3,5827.5,6251.0,6299.0,6305.7,6276.1,6251.7,6075.6,6404.7,6614.7,6785.8,6807.6,6808.3,6845.4,6900.6,6971.6,6984.4,7002.7,6996.9,7148.4,7413.0,7708.6,7848.1,8031.9,8219.3,8526.6,8765.5,9225.2,9371.7,9670.2,9850.6,9877.6,9909.6,10024.7,9955.3,9772.4,9753.7,9900.1,9869.9]}},{"type":"Feature","geometry":{"type":"MultiPolygon","coordinates":[[[[0.9,10.99],[0.87,10.89],[0.82,10.75],[0.79,10.71],[0.76,10.39],[0.78,10.36],[0.79,10.35],[0.96,10.24],[1.18,10.1],[1.33,10.0],[1.34,9.96],[1.35,9.75],[1.35,9.57],[1.38,9.46],[1.39,9.36],[1.42,9.29],[1.57,9.14],[1.6,9.05],[1.6,8.77],[1.61,8.56],[1.62,8.27],[1.62,8.03],[1.62,7.73],[1.62,7.37],[1.62,7.0],[1.53,6.99],[1.58,6.88],[1.59,6.77],[1.6,6.74],[1.58,6.69],[1.6,6.61],[1.64,6.58],[1.74,6.43],[1.78,6.29],[1.61,6.25],[1.62,6.22],[1.31,6.15],[1.19,6.09],[1.19,6.15],[1.14,6.16],[1.08,6.17],[1.05,6.2],[1.0,6.27],[0.98,6.32],[0.91,6.33],[0.82,6.39],[0.74,6.45],[0.71,6.52],[0.72,6.55],[0.7,6.58],[0.67,6.59],[0.6,6.74],[0.55,6.8],[0.53,6.85],[0.53,6.89],[0.52,6.94],[0.54,6.98],[0.58,7.0],[0.59,7.03],[0.6,7.1],[0.62,7.23],[0.63,7.35],[0.59,7.39],[0.54,7.4],[0.51,7.44],[0.5,7.5],[0.5,7.55],[0.61,7.73],[0.58,8.15],[0.6,8.21],[0.65,8.25],[0.69,8.3],[0.69,8.35],[0.62,8.48],[0.48,8.58],[0.42,8.65],[0.38,8.72],[0.37,8.76],[0.45,8.81],[0.49,8.85],[0.49,8.89],[0.46,8.97],[0.47,9.12],[0.5,9.22],[0.53,9.36],[0.53,9.4],[0.45,9.48],[0.41,9.49],[0.37,9.49],[0.29,9.43],[0.26,9.43],[0.24,9.44],[0.23,9.46],[0.26,9.5],[0.25,9.54],[0.28,9.57],[0.33,9.59],[0.34,9.6],[0.27,9.62],[0.26,9.64],[0.27,9.67],[0.29,9.67],[0.31,9.67],[0.32,9.69],[0.33,9.8],[0.34,9.84],[0.35,9.92],[0.36,10.24],[0.38,10.27],[0.38,10.29],[0.33,10.31],[0.22,10.39],[0.15,10.45],[0.09,10.52],[0.04,10.56],[-0.06,10.63],[-0.09,10.67],[-0.09,10.72],[-0.06,10.8],[-0.01,10.89],[0.01,11.02],[-0.0,11.06],[-0.07,11.12],[0.16,11.07],[0.48,10.99],[0.49,10.98],[0.49,10.95],[0.55,10.96],[0.64,10.98],[0.9,10.99]]]]},"properties":{"iso":"TGO","name":"Togo","ha":[18.4,18.4,18.5,18.5,19.0,19.0,18.8,18.8,18.8,18.2,18.2,18.1,18.1,17.9,16.6,16.5,16.0,16.1,15.8,17.1,16.8,16.5,16.9,17.0,18.0,18.3,18.4,17.9,18.2,19.4,20.2,20.5,22.6,24.1,25.0,24.7,24.3,25.0,25.8,26.2,27.3],"lo":[17.2,17.2,17.3,17.3,17.7,17.7,17.6,17.6,17.6,16.9,16.9,16.9,16.9,16.7,15.5,15.4,14.9,15.0,14.7,16.0,15.6,15.4,15.7,15.9,16.8,17.1,17.2,16.7,17.0,18.1,18.9,19.1,21.1,22.5,23.3,23.0,22.7,23.3,24.1,24.5,25.4],"hi":[20.2,20.2,20.3,20.3,20.8,20.8,20.7,20.7,20.7,19.9,19.9,19.8,19.8,19.6,18.2,18.1,17.5,17.6,17.3,18.8,18.4,18.1,18.5,18.7,19.7,20.1,20.2,19.6,20.0,21.2,22.2,22.5,24.8,26.5,27.4,27.0,26.7,27.4,28.3,28.8,29.9]}},{"type":"Feature","geometry":{"type":"MultiPolygon","coordinates":[[[[102.61,11.68],[102.59,11.57],[102.53,11.61],[102.55,11.67],[102.57,11.69],[102.61,11.68]]],[[[102.43,11.99],[102.43,11.96],[102.38,11.98],[102.36,11.97],[102.3,11.98],[102.27,12.12],[102.28,12.15],[102.32,12.14],[102.38,12.07],[102.41,12.03],[102.43,11.99]]],[[[98.41,7.9],[98.4,7.83],[98.36,7.83],[98.32,7.78],[98.3,7.78],[98.26,7.93],[98.3,8.14],[98.32,8.17],[98.35,8.11],[98.43,8.09],[98.4,7.96],[98.41,7.9]]],[[[100.12,20.32],[100.11,20.26],[100.14,20.25],[100.17,20.27],[100.22,20.34],[100.27,20.38],[100.32,20.39],[100.37,20.34],[100.43,20.24],[100.49,20.18],[100.52,20.18],[100.54,20.13],[100.54,20.09],[100.51,20.0],[100.47,19.89],[100.4,19.76],[100.42,19.64],[100.51,19.55],[100.63,19.5],[100.74,19.51],[100.81,19.54],[100.86,19.59],[100.91,19.61],[100.97,19.61],[101.15,19.58],[101.21,19.55],[101.22,19.49],[101.2,19.33],[101.23,19.21],[101.28,19.09],[101.29,18.98],[101.22,18.79],[101.17,18.62],[101.11,18.53],[101.06,18.48],[101.05,18.44],[101.05,18.41],[101.09,18.35],[101.14,18.29],[101.15,18.22],[101.14,18.14],[101.11,18.03],[101.0,17.8],[100.91,17.58],[100.96,17.54],[101.05,17.51],[101.11,17.48],[101.17,17.5],[101.3,17.62],[101.41,17.72],[101.56,17.81],[101.56,17.82],[101.69,17.89],[101.74,17.95],[101.77,18.03],[101.82,18.06],[101.88,18.05],[101.95,18.08],[102.03,18.17],[102.1,18.21],[102.15,18.2],[102.23,18.15],[102.35,18.05],[102.46,17.98],[102.55,17.97],[102.6,17.93],[102.6,17.87],[102.62,17.83],[102.66,17.82],[102.68,17.82],[102.68,17.85],[102.72,17.89],[102.81,17.95],[102.9,17.98],[102.99,17.99],[103.05,18.03],[103.09,18.14],[103.15,18.22],[103.2,18.26],[103.26,18.28],[103.28,18.3],[103.25,18.34],[103.25,18.37],[103.29,18.41],[103.37,18.42],[103.49,18.42],[103.63,18.38],[103.79,18.32],[103.9,18.3],[103.95,18.32],[104.05,18.22],[104.2,17.99],[104.32,17.82],[104.43,17.7],[104.54,17.61],[104.66,17.55],[104.74,17.46],[104.82,17.3],[104.76,17.08],[104.74,16.88],[104.75,16.65],[104.82,16.47],[104.95,16.34],[105.03,16.24],[105.05,16.16],[105.15,16.09],[105.33,16.04],[105.41,15.99],[105.38,15.94],[105.37,15.89],[105.4,15.83],[105.46,15.78],[105.56,15.74],[105.62,15.7],[105.64,15.66],[105.64,15.59],[105.62,15.49],[105.57,15.41],[105.51,15.36],[105.51,15.32],[105.49,15.26],[105.49,15.13],[105.53,15.04],[105.55,14.93],[105.52,14.84],[105.5,14.66],[105.5,14.59],[105.48,14.53],[105.42,14.47],[105.34,14.42],[105.24,14.37],[105.18,14.35],[105.17,14.34],[105.13,14.28],[105.07,14.23],[105.03,14.23],[105.0,14.25],[104.98,14.29],[104.97,14.37],[104.88,14.4],[104.78,14.43],[104.58,14.39],[104.41,14.37],[104.23,14.4],[104.05,14.36],[103.98,14.36],[103.9,14.36],[103.82,14.36],[103.74,14.37],[103.6,14.42],[103.55,14.42],[103.43,14.38],[103.31,14.35],[103.2,14.33],[103.03,14.25],[102.91,14.14],[102.87,14.05],[102.81,13.97],[102.73,13.84],[102.62,13.72],[102.54,13.66],[102.57,13.63],[102.55,13.59],[102.43,13.57],[102.34,13.56],[102.32,13.54],[102.33,13.29],[102.36,13.19],[102.42,13.08],[102.46,13.02],[102.49,12.83],[102.5,12.67],[102.63,12.57],[102.7,12.49],[102.76,12.43],[102.74,12.38],[102.71,12.26],[102.74,12.09],[102.92,11.73],[102.93,11.71],[102.91,11.7],[102.88,11.77],[102.79,11.89],[102.76,12.01],[102.65,12.15],[102.59,12.2],[102.57,12.16],[102.54,12.11],[102.43,12.18],[102.34,12.25],[102.26,12.39],[102.25,12.36],[102.23,12.33],[102.13,12.44],[102.03,12.53],[101.94,12.56],[101.89,12.59],[101.84,12.64],[101.72,12.69],[101.44,12.62],[101.09,12.67],[100.95,12.62],[100.9,12.65],[100.86,12.71],[100.9,12.82],[100.9,13.03],[100.95,13.19],[100.93,13.3],[100.95,13.36],[100.96,13.43],[100.91,13.46],[100.66,13.52],[100.6,13.57],[100.54,13.51],[100.24,13.48],[100.12,13.44],[100.02,13.35],[99.99,13.24],[100.05,13.17],[100.09,13.05],[99.98,12.77],[99.96,12.69],[100.01,12.35],[99.99,12.17],[99.93,12.05],[99.84,11.94],[99.8,11.75],[99.73,11.66],[99.63,11.46],[99.56,11.22],[99.51,11.1],[99.49,10.89],[99.28,10.57],[99.24,10.39],[99.17,10.32],[99.19,10.27],[99.19,10.18],[99.17,9.93],[99.16,9.73],[99.19,9.63],[99.29,9.41],[99.27,9.35],[99.25,9.27],[99.34,9.23],[99.39,9.21],[99.72,9.31],[99.84,9.29],[99.88,9.19],[99.9,9.11],[99.96,8.67],[99.99,8.59],[100.06,8.51],[100.13,8.43],[100.15,8.44],[100.16,8.47],[100.16,8.51],[100.23,8.42],[100.28,8.27],[100.45,7.44],[100.5,7.34],[100.55,7.23],[100.44,7.28],[100.41,7.46],[100.38,7.54],[100.34,7.55],[100.28,7.55],[100.28,7.58],[100.32,7.64],[100.32,7.72],[100.26,7.77],[100.16,7.73],[100.16,7.6],[100.2,7.5],[100.37,7.28],[100.42,7.19],[100.49,7.16],[100.59,7.18],[100.7,7.08],[100.79,6.99],[101.02,6.86],[101.15,6.88],[101.3,6.91],[101.4,6.9],[101.5,6.87],[101.61,6.75],[101.8,6.47],[102.1,6.24],[102.07,6.18],[102.06,6.1],[101.94,5.98],[101.92,5.91],[101.87,5.83],[101.79,5.78],[101.72,5.77],[101.68,5.78],[101.65,5.8],[101.6,5.88],[101.58,5.9],[101.56,5.91],[101.4,5.85],[101.26,5.79],[101.23,5.73],[101.19,5.67],[101.15,5.64],[101.11,5.64],[101.08,5.67],[101.03,5.72],[100.98,5.77],[100.99,5.85],[101.08,5.96],[101.09,6.03],[101.08,6.17],[101.05,6.24],[101.03,6.25],[100.99,6.26],[100.87,6.25],[100.82,6.33],[100.79,6.43],[100.75,6.46],[100.72,6.48],[100.63,6.45],[100.56,6.47],[100.35,6.55],[100.26,6.68],[100.22,6.69],[100.18,6.67],[100.16,6.64],[100.14,6.49],[100.12,6.44],[99.87,6.75],[99.7,6.88],[99.72,7.11],[99.67,7.15],[99.6,7.16],[99.55,7.22],[99.6,7.36],[99.53,7.33],[99.44,7.33],[99.36,7.37],[99.3,7.56],[99.26,7.62],[99.18,7.72],[99.08,7.72],[99.04,7.77],[99.05,7.89],[98.97,7.96],[98.87,8.02],[98.79,8.06],[98.7,8.26],[98.64,8.31],[98.58,8.34],[98.5,8.32],[98.47,8.25],[98.42,8.18],[98.36,8.19],[98.31,8.23],[98.24,8.42],[98.23,8.54],[98.24,8.77],[98.33,8.97],[98.37,9.29],[98.44,9.49],[98.49,9.56],[98.56,9.84],[98.7,10.19],[98.72,10.27],[98.75,10.35],[98.77,10.43],[98.78,10.56],[98.76,10.62],[98.76,10.66],[98.79,10.71],[98.89,10.79],[99.03,10.92],[99.19,11.11],[99.36,11.39],[99.44,11.55],[99.48,11.61],[99.52,11.63],[99.57,11.69],[99.61,11.75],[99.61,11.78],[99.52,12.09],[99.46,12.19],[99.43,12.31],[99.42,12.39],[99.39,12.47],[99.41,12.55],[99.37,12.59],[99.3,12.65],[99.22,12.74],[99.17,12.88],[99.17,12.96],[99.12,13.03],[99.11,13.1],[99.14,13.17],[99.18,13.23],[99.17,13.5],[99.16,13.58],[99.14,13.72],[99.09,13.82],[99.01,13.95],[98.93,14.05],[98.72,14.24],[98.57,14.36],[98.5,14.47],[98.4,14.6],[98.33,14.7],[98.25,14.81],[98.2,14.98],[98.18,15.15],[98.19,15.2],[98.23,15.24],[98.29,15.27],[98.33,15.28],[98.45,15.36],[98.54,15.35],[98.56,15.37],[98.57,15.4],[98.55,15.56],[98.56,15.77],[98.57,15.94],[98.59,16.05],[98.82,16.18],[98.87,16.24],[98.89,16.3],[98.89,16.35],[98.87,16.39],[98.84,16.42],[98.69,16.31],[98.66,16.33],[98.59,16.51],[98.56,16.57],[98.52,16.64],[98.48,16.73],[98.47,16.9],[98.44,16.98],[98.26,17.15],[98.17,17.24],[98.06,17.37],[97.93,17.53],[97.79,17.68],[97.73,17.78],[97.71,17.8],[97.7,17.83],[97.74,17.94],[97.72,18.04],[97.65,18.17],[97.62,18.26],[97.63,18.29],[97.6,18.3],[97.52,18.3],[97.45,18.36],[97.38,18.49],[97.37,18.52],[97.4,18.52],[97.48,18.49],[97.52,18.5],[97.58,18.53],[97.67,18.56],[97.73,18.57],[97.75,18.59],[97.75,18.62],[97.71,18.93],[97.71,19.0],[97.8,19.13],[97.79,19.27],[97.82,19.46],[97.92,19.59],[97.99,19.65],[98.02,19.75],[98.05,19.77],[98.11,19.76],[98.24,19.69],[98.29,19.69],[98.37,19.69],[98.45,19.69],[98.49,19.7],[98.76,19.77],[98.82,19.78],[98.88,19.77],[98.92,19.77],[98.96,19.8],[98.99,19.86],[99.02,20.04],[99.04,20.07],[99.07,20.1],[99.13,20.12],[99.2,20.12],[99.28,20.08],[99.34,20.08],[99.4,20.09],[99.45,20.12],[99.49,20.15],[99.5,20.19],[99.49,20.26],[99.45,20.35],[99.46,20.36],[99.53,20.34],[99.64,20.32],[99.72,20.33],[99.77,20.34],[99.83,20.38],[99.89,20.42],[99.95,20.42],[100.0,20.38],[100.12,20.32]]],[[[100.07,9.7],[100.06,9.68],[100.03,9.71],[100.0,9.75],[99.98,9.79],[100.04,9.79],[100.07,9.75],[100.07,9.7]]],[[[100.07,9.59],[100.08,9.53],[100.05,9.46],[99.96,9.42],[99.93,9.48],[99.94,9.56],[99.95,9.58],[100.04,9.58],[100.07,9.59]]],[[[99.66,6.52],[99.64,6.52],[99.61,6.6],[99.65,6.71],[99.7,6.57],[99.66,6.52]]],[[[98.59,7.93],[98.58,7.92],[98.53,8.11],[98.6,8.06],[98.59,7.93]]],[[[98.31,9.05],[98.25,9.04],[98.26,9.1],[98.27,9.13],[98.3,9.14],[98.31,9.08],[98.31,9.05]]],[[[99.08,7.59],[99.1,7.47],[99.07,7.5],[99.04,7.55],[99.04,7.63],[99.05,7.64],[99.08,7.59]]]]},"properties":{"iso":"THA","name":"Thailand","ha":[248245.1,248151.3,247892.5,247532.1,241694.2,241990.0,242229.8,242960.0,244283.7,245063.7,245908.2,246178.3,246316.3,244653.3,243522.1,244474.6,244048.2,243472.4,243413.9,244134.0,245604.7,247457.2,249397.6,251552.6,253970.4,254707.8,254046.2,252761.2,251828.0,252441.3,253729.6,254489.4,255866.2,257415.5,257763.6,258339.5,259082.7,258813.4,259027.4,259647.9,260828.4],"lo":[231537.5,231450.0,231208.6,230872.4,225427.5,225703.4,225927.1,226608.1,227842.7,228570.2,229357.8,229609.8,229738.5,228187.4,227132.3,228020.8,227623.0,227086.0,227031.4,227703.0,229074.7,230802.6,232612.4,234622.4,236877.5,237565.2,236948.1,235749.6,234879.2,235451.2,236652.9,237361.5,238645.6,240090.7,240415.4,240952.5,241645.7,241394.5,241594.1,242172.8,243273.9],"hi":[272075.8,271973.1,271689.5,271294.4,264896.1,265220.3,265483.2,266283.4,267734.2,268589.1,269514.6,269810.7,269961.9,268139.3,266899.4,267943.4,267476.1,266845.0,266780.9,267570.1,269182.0,271212.3,273339.0,275700.9,278350.8,279159.0,278433.9,277025.5,276002.7,276674.9,278086.9,278919.5,280428.5,282126.6,282508.1,283139.3,283953.9,283658.7,283893.3,284573.3,285867.1]}},{"type":"Feature","geometry":{"type":"MultiPolygon","coordinates":[[[[125.65,-8.14],[125.58,-8.31],[125.51,-8.28],[125.58,-8.18],[125.62,-8.15],[125.65,-8.14]]],[[[125.07,-9.51],[125.03,-9.38],[125.0,-9.33],[124.97,-9.29],[124.96,-9.25],[124.96,-9.21],[124.98,-9.19],[125.1,-9.19],[125.15,-9.12],[125.15,-9.04],[125.12,-9.02],[125.1,-9.0],[124.97,-9.06],[124.94,-9.05],[124.92,-9.03],[124.92,-8.94],[125.03,-8.86],[125.12,-8.71],[125.18,-8.65],[125.32,-8.59],[125.38,-8.58],[125.8,-8.49],[125.91,-8.49],[126.17,-8.49],[126.53,-8.47],[126.62,-8.46],[126.73,-8.42],[126.85,-8.38],[126.9,-8.34],[126.97,-8.32],[127.06,-8.35],[127.21,-8.37],[127.26,-8.39],[127.3,-8.42],[127.11,-8.58],[126.92,-8.72],[126.79,-8.76],[126.67,-8.78],[126.57,-8.83],[126.49,-8.91],[126.38,-8.96],[126.26,-8.97],[126.16,-9.0],[126.07,-9.04],[125.95,-9.12],[125.89,-9.13],[125.84,-9.13],[125.74,-9.16],[125.41,-9.28],[125.21,-9.4],[125.07,-9.51]]],[[[124.04,-9.34],[124.2,-9.26],[124.44,-9.19],[124.44,-9.24],[124.41,-9.31],[124.38,-9.35],[124.32,-9.41],[124.28,-9.43],[124.13,-9.41],[124.12,-9.42],[124.09,-9.42],[124.05,-9.38],[124.04,-9.34]]]]},"properties":{"iso":"TLS","name":"East Timor","ha":[1730.2,1732.8,1742.7,1755.4,1791.1,1804.6,1807.7,1811.6,1816.6,1824.8,1834.4,1841.7,1843.2,1826.3,1806.8,1799.2,1784.6,1769.8,1759.4,1758.8,1755.5,1757.7,1768.0,1776.0,1780.6,1753.3,1711.9,1666.6,1631.2,1575.1,1574.9,1572.8,1570.6,1552.3,1560.7,1562.7,1576.4,1572.6,1578.9,1591.5,1612.4],"lo":[1613.7,1616.2,1625.4,1637.3,1670.5,1683.2,1686.1,1689.7,1694.4,1702.0,1710.9,1717.7,1719.2,1703.4,1685.2,1678.2,1664.5,1650.7,1641.0,1640.5,1637.3,1639.4,1649.0,1656.5,1660.8,1635.3,1596.7,1554.5,1521.5,1469.1,1468.9,1467.0,1464.9,1447.8,1455.7,1457.5,1470.3,1466.8,1472.6,1484.4,1503.9],"hi":[1896.3,1899.1,1910.0,1923.9,1963.0,1977.9,1981.3,1985.5,1991.0,2000.0,2010.5,2018.4,2020.1,2001.6,1980.2,1972.0,1955.9,1939.7,1928.3,1927.7,1924.0,1926.5,1937.7,1946.5,1951.5,1921.6,1876.3,1826.6,1787.8,1726.3,1726.1,1723.8,1721.3,1701.3,1710.6,1712.7,1727.8,1723.6,1730.4,1744.2,1767.1]}},{"type":"Feature","geometry":{"type":"MultiPolygon","coordinates":[[[[-175.16,-21.17],[-175.15,-21.17],[-175.13,-21.14],[-175.08,-21.13],[-175.08,-21.16],[-175.16,-21.26],[-175.2,-21.22],[-175.34,-21.16],[-175.36,-21.11],[-175.32,-21.07],[-175.32,-21.1],[-175.3,-21.11],[-175.23,-21.12],[-175.16,-21.15],[-175.2,-21.16],[-175.16,-21.17]]],[[[-173.95,-18.64],[-173.99,-18.7],[-174.01,-18.7],[-174.05,-18.66],[-174.07,-18.64],[-174.0,-18.57],[-173.97,-18.57],[-173.92,-18.59],[-173.92,-18.61],[-173.95,-18.64]]],[[[-174.91,-21.3],[-174.92,-21.45],[-174.97,-21.38],[-174.97,-21.35],[-174.92,-21.3],[-174.91,-21.3]]]]},"properties":{"iso":"TON","name":"Tonga","ha":[1276.3,1276.3,1276.3,1276.3,1276.3,1276.3,1276.3,1276.3,1276.3,1276.3,1276.3,1276.3,1275.4,1277.6,1324.9,1353.9,1362.7,1369.0,1382.5,1399.8,1419.5,1431.2,1453.3,1472.9,1501.0,1520.0,1524.7,1525.2,1521.8,1520.7,1523.6,1527.4,1525.9,1532.1,1539.0,1552.3,1572.7,1588.7,1611.6,1629.9,1643.4],"lo":[1190.4,1190.4,1190.4,1190.4,1190.4,1190.4,1190.4,1190.4,1190.4,1190.4,1190.4,1190.4,1189.5,1191.6,1235.7,1262.8,1271.0,1276.9,1289.5,1305.5,1324.0,1334.9,1355.5,1373.8,1399.9,1417.7,1422.1,1422.5,1419.4,1418.4,1421.0,1424.6,1423.2,1429.0,1435.4,1447.8,1466.8,1481.7,1503.1,1520.2,1532.8],"hi":[1398.8,1398.8,1398.8,1398.8,1398.8,1398.8,1398.8,1398.8,1398.8,1398.8,1398.8,1398.8,1397.8,1400.2,1452.1,1483.9,1493.6,1500.5,1515.3,1534.1,1555.8,1568.6,1592.9,1614.3,1645.0,1665.9,1671.1,1671.6,1667.9,1666.7,1669.8,1674.0,1672.4,1679.2,1686.7,1701.3,1723.7,1741.2,1766.3,1786.3,1801.1]}},{"type":"Feature","geometry":{"type":"MultiPolygon","coordinates":[[[[-60.76,11.18],[-60.81,11.17],[-60.8,11.21],[-60.71,11.28],[-60.56,11.32],[-60.53,11.33],[-60.55,11.26],[-60.76,11.18]]],[[[-61.01,10.13],[-61.17,10.08],[-61.6,10.06],[-61.77,10.09],[-61.91,10.07],[-61.66,10.19],[-61.63,10.24],[-61.53,10.25],[-61.5,10.27],[-61.46,10.54],[-61.48,10.6],[-61.5,10.64],[-61.54,10.66],[-61.64,10.7],[-61.65,10.72],[-61.59,10.75],[-61.46,10.76],[-61.37,10.8],[-61.17,10.8],[-61.08,10.83],[-60.92,10.84],[-61.0,10.72],[-61.03,10.67],[-61.02,10.56],[-61.04,10.48],[-61.02,10.39],[-60.97,10.32],[-61.0,10.26],[-61.0,10.17],[-61.01,10.13]]]]},"properties":{"iso":"TTO","name":"Trinidad and Tobago","ha":[7349.3,7342.1,7340.9,7341.3,7311.9,7320.3,7323.1,7334.7,7353.9,7525.6,7635.6,7676.4,7682.0,7701.4,7573.9,7568.2,7529.6,7505.0,7503.8,7465.0,7495.0,7513.6,7529.5,7555.3,7592.8,7606.5,7551.2,7477.1,7415.4,7385.9,7414.9,7429.6,7441.9,7438.1,7480.7,7534.5,7611.6,7623.8,7625.2,7629.3,7678.8],"lo":[6854.6,6848.0,6846.8,6847.2,6819.8,6827.6,6830.2,6841.0,6859.0,7019.1,7121.7,7159.7,7164.9,7183.0,7064.1,7058.8,7022.8,6999.9,6998.8,6962.6,6990.6,7007.9,7022.7,7046.8,7081.8,7094.5,7043.0,6973.8,6916.4,6888.8,6915.9,6929.6,6941.0,6937.5,6977.2,7027.4,7099.3,7110.7,7112.0,7115.8,7162.0],"hi":[8054.8,8047.0,8045.6,8046.0,8013.8,8023.1,8026.1,8038.8,8059.9,8248.0,8368.6,8413.3,8419.4,8440.7,8300.9,8294.7,8252.4,8225.5,8224.2,8181.6,8214.5,8234.8,8252.3,8280.6,8321.7,8336.7,8276.1,8194.8,8127.3,8094.9,8126.7,8142.8,8156.3,8152.2,8198.8,8257.8,8342.3,8355.7,8357.2,8361.7,8415.9]}},{"type":"Feature","geometry":{"type":"MultiPolygon","coordinates":[[[[179.21,-8.52],[179.2,-8.53],[179.2,-8.53],[179.2,-8.51],[179.2,-8.49],[179.2,-8.47],[179.2,-8.47],[179.21,-8.49],[179.22,-8.51],[179.21,-8.52]]]]},"properties":{"iso":"TUV","name":"Tuvalu","ha":[29.1,29.1,29.1,29.1,29.1,29.1,29.1,29.1,29.1,29.1,29.1,29.1,29.1,29.2,31.3,32.9,33.3,33.5,33.6,35.7,36.3,36.5,36.3,36.5,36.5,36.4,36.4,34.8,33.3,31.5,31.1,31.7,33.7,34.8,36.0,37.3,37.8,38.1,38.1,37.8,37.8],"lo":[27.1,27.1,27.1,27.1,27.1,27.1,27.1,27.1,27.1,27.1,27.1,27.1,27.1,27.2,29.2,30.7,31.1,31.2,31.3,33.3,33.8,34.0,33.8,34.0,34.0,33.9,33.9,32.5,31.1,29.4,29.0,29.5,31.4,32.5,33.6,34.8,35.3,35.5,35.5,35.3,35.3],"hi":[31.9,31.9,31.9,31.9,31.9,31.9,31.9,31.9,31.9,31.9,31.9,31.9,31.9,32.0,34.3,36.1,36.5,36.7,36.8,39.1,39.8,40.0,39.8,40.0,40.0,39.9,39.9,38.1,36.5,34.5,34.1,34.7,36.9,38.1,39.5,40.9,41.5,41.8,41.8,41.5,41.5]}},{"type":"Feature","geometry":{"type":"MultiPolygon","coordinates":[[[[121.01,22.62],[120.95,22.5],[120.9,22.38],[120.88,22.26],[120.88,22.14],[120.86,22.03],[120.84,21.93],[120.74,21.96],[120.69,22.03],[120.68,22.16],[120.61,22.31],[120.58,22.36],[120.48,22.44],[120.39,22.48],[120.32,22.55],[120.33,22.54],[120.27,22.63],[120.23,22.72],[120.15,22.97],[120.12,23.04],[120.08,23.09],[120.07,23.15],[120.09,23.21],[120.12,23.31],[120.14,23.4],[120.13,23.53],[120.13,23.65],[120.16,23.71],[120.63,24.48],[120.76,24.64],[120.84,24.72],[120.9,24.81],[120.96,24.93],[121.04,25.03],[121.1,25.07],[121.37,25.16],[121.45,25.25],[121.52,25.28],[121.59,25.28],[121.64,25.23],[121.69,25.18],[121.73,25.15],[121.85,25.1],[121.91,25.06],[121.93,24.97],[121.86,24.9],[121.82,24.82],[121.81,24.75],[121.83,24.64],[121.83,24.53],[121.74,24.29],[121.64,24.13],[121.61,24.05],[121.58,23.86],[121.53,23.67],[121.48,23.42],[121.4,23.17],[121.35,23.07],[121.3,22.97],[121.16,22.78],[121.01,22.62]]],[[[118.41,24.52],[118.45,24.46],[118.43,24.41],[118.3,24.44],[118.29,24.48],[118.34,24.47],[118.41,24.52]]]]},"properties":{"iso":"TWN","name":"Taiwan,  Province of China","ha":[81.0,81.9,86.0,88.7,100.9,115.2,120.8,125.9,128.7,134.9,136.0,136.9,138.7,139.9,139.9,142.2,142.4,145.6,147.2,158.0,161.0,166.1,176.6,185.2,195.2,203.4,207.3,221.0,237.1,325.5,345.5,358.6,384.5,420.1,454.9,483.2,512.5,542.6,548.9,567.4,604.0],"lo":[75.6,76.4,80.2,82.7,94.1,107.4,112.6,117.4,120.0,125.8,126.8,127.7,129.4,130.5,130.5,132.6,132.8,135.8,137.3,147.3,150.2,154.9,164.7,172.7,182.0,189.7,193.4,206.2,221.2,303.6,322.2,334.5,358.6,391.8,424.3,450.6,478.1,506.1,512.0,529.2,563.4],"hi":[88.8,89.8,94.3,97.2,110.6,126.3,132.4,138.0,141.0,147.8,149.0,150.1,152.1,153.4,153.3,155.9,156.0,159.5,161.3,173.1,176.5,182.0,193.6,203.0,213.9,222.9,227.2,242.2,259.9,356.7,378.6,393.0,421.4,460.5,498.6,529.5,561.7,594.7,601.6,621.8,662.0]}},{"type":"Feature","geometry":{"type":"MultiPolygon","coordinates":[[[[39.5,-6.17],[39.57,-6.39],[39.56,-6.43],[39.51,-6.45],[39.48,-6.45],[39.45,-6.42],[39.42,-6.35],[39.38,-6.36],[39.31,-6.28],[39.24,-6.28],[39.18,-6.17],[39.21,-6.08],[39.19,-5.93],[39.27,-5.85],[39.31,-5.72],[39.36,-5.81],[39.37,-5.95],[39.43,-6.12],[39.49,-6.17],[39.5,-6.17]]],[[[39.87,-4.91],[39.87,-4.96],[39.86,-5.0],[39.86,-5.16],[39.85,-5.26],[39.8,-5.39],[39.75,-5.44],[39.71,-5.43],[39.67,-5.41],[39.65,-5.37],[39.7,-5.11],[39.67,-4.93],[39.78,-4.94],[39.87,-4.91]]],[[[32.92,-9.41],[32.86,-9.38],[32.76,-9.32],[32.61,-9.27],[32.49,-9.21],[32.43,-9.16],[32.32,-9.13],[32.22,-9.13],[32.13,-9.07],[32.04,-9.07],[31.94,-9.05],[31.92,-9.02],[31.92,-8.94],[31.89,-8.92],[31.82,-8.9],[31.74,-8.9],[31.7,-8.91],[31.67,-8.91],[31.61,-8.86],[31.56,-8.81],[31.53,-8.71],[31.45,-8.65],[31.35,-8.61],[31.08,-8.61],[31.03,-8.6],[30.97,-8.55],[30.89,-8.47],[30.83,-8.39],[30.78,-8.27],[30.75,-8.19],[30.72,-8.1],[30.65,-7.97],[30.56,-7.78],[30.49,-7.63],[30.41,-7.46],[30.37,-7.34],[30.31,-7.2],[30.21,-7.04],[30.16,-6.97],[30.11,-6.92],[29.96,-6.8],[29.8,-6.69],[29.71,-6.62],[29.59,-6.39],[29.54,-6.31],[29.51,-6.17],[29.48,-6.03],[29.49,-5.97],[29.6,-5.78],[29.61,-5.72],[29.59,-5.65],[29.54,-5.5],[29.5,-5.4],[29.48,-5.32],[29.42,-5.18],[29.34,-4.98],[29.32,-4.9],[29.33,-4.84],[29.37,-4.67],[29.4,-4.5],[29.4,-4.45],[29.72,-4.46],[29.77,-4.42],[29.95,-4.31],[30.15,-4.09],[30.19,-3.99],[30.27,-3.85],[30.35,-3.78],[30.38,-3.73],[30.4,-3.65],[30.43,-3.59],[30.53,-3.49],[30.63,-3.42],[30.62,-3.39],[30.61,-3.37],[30.63,-3.35],[30.68,-3.31],[30.79,-3.27],[30.81,-3.2],[30.81,-3.12],[30.79,-3.07],[30.8,-3.02],[30.78,-2.98],[30.71,-2.98],[30.6,-2.94],[30.52,-2.92],[30.46,-2.89],[30.43,-2.87],[30.42,-2.82],[30.44,-2.77],[30.45,-2.75],[30.47,-2.69],[30.43,-2.66],[30.42,-2.64],[30.44,-2.61],[30.53,-2.43],[30.55,-2.4],[30.59,-2.4],[30.66,-2.37],[30.71,-2.36],[30.76,-2.37],[30.8,-2.36],[30.83,-2.34],[30.85,-2.27],[30.88,-2.14],[30.86,-2.04],[30.82,-1.97],[30.81,-1.85],[30.83,-1.69],[30.81,-1.56],[30.76,-1.46],[30.71,-1.4],[30.63,-1.37],[30.51,-1.21],[30.47,-1.13],[30.48,-1.08],[30.51,-1.07],[30.52,-1.06],[30.6,-1.07],[30.67,-1.05],[30.74,-1.01],[30.81,-0.99],[30.82,-1.0],[30.84,-1.0],[30.95,-1.0],[31.13,-1.0],[31.31,-1.0],[31.48,-1.0],[31.66,-1.0],[31.84,-1.0],[32.02,-1.0],[32.19,-1.0],[32.37,-1.0],[32.55,-1.0],[32.73,-1.0],[32.91,-1.0],[33.08,-1.0],[33.26,-1.0],[33.44,-1.0],[33.62,-1.0],[33.79,-1.0],[33.9,-1.0],[33.98,-1.0],[34.05,-1.04],[34.13,-1.08],[34.34,-1.2],[34.56,-1.32],[34.77,-1.44],[34.98,-1.56],[35.2,-1.68],[35.41,-1.8],[35.62,-1.92],[35.84,-2.04],[36.05,-2.16],[36.26,-2.27],[36.48,-2.39],[36.69,-2.51],[36.9,-2.63],[37.12,-2.75],[37.33,-2.87],[37.54,-2.99],[37.64,-3.05],[37.66,-3.07],[37.68,-3.18],[37.69,-3.25],[37.68,-3.31],[37.63,-3.41],[37.61,-3.46],[37.61,-3.5],[37.62,-3.51],[37.67,-3.52],[37.71,-3.54],[37.73,-3.56],[37.76,-3.64],[37.8,-3.67],[37.89,-3.74],[38.04,-3.85],[38.19,-3.96],[38.35,-4.07],[38.5,-4.18],[38.65,-4.29],[38.81,-4.4],[38.96,-4.51],[39.12,-4.62],[39.19,-4.68],[39.22,-4.69],[39.2,-4.78],[39.12,-4.98],[39.12,-5.07],[39.09,-5.17],[39.06,-5.23],[38.98,-5.52],[38.91,-5.63],[38.82,-5.88],[38.8,-6.07],[38.86,-6.2],[38.87,-6.33],[38.98,-6.46],[39.07,-6.5],[39.13,-6.56],[39.23,-6.69],[39.29,-6.81],[39.47,-6.88],[39.55,-7.02],[39.52,-7.12],[39.43,-7.21],[39.35,-7.34],[39.29,-7.52],[39.29,-7.79],[39.33,-7.75],[39.43,-7.81],[39.44,-8.01],[39.34,-8.24],[39.31,-8.35],[39.3,-8.44],[39.38,-8.72],[39.49,-8.86],[39.48,-8.91],[39.45,-8.94],[39.64,-9.19],[39.63,-9.41],[39.7,-9.58],[39.73,-9.72],[39.77,-9.84],[39.78,-9.91],[39.73,-10.0],[39.86,-10.02],[39.95,-10.09],[39.98,-10.16],[40.08,-10.16],[40.14,-10.2],[40.22,-10.24],[40.39,-10.35],[40.44,-10.41],[40.45,-10.44],[40.46,-10.46],[40.35,-10.55],[40.17,-10.69],[39.99,-10.82],[39.82,-10.91],[39.69,-10.95],[39.56,-10.98],[39.44,-11.03],[39.32,-11.12],[39.17,-11.17],[38.99,-11.17],[38.79,-11.23],[38.6,-11.35],[38.49,-11.41],[38.32,-11.31],[38.18,-11.28],[38.02,-11.28],[37.92,-11.29],[37.89,-11.32],[37.86,-11.38],[37.83,-11.48],[37.72,-11.58],[37.54,-11.68],[37.37,-11.71],[37.22,-11.69],[37.11,-11.65],[37.06,-11.59],[36.98,-11.57],[36.87,-11.57],[36.77,-11.61],[36.67,-11.68],[36.52,-11.72],[36.31,-11.71],[36.19,-11.67],[36.18,-11.61],[36.08,-11.54],[35.91,-11.45],[35.79,-11.45],[35.7,-11.53],[35.63,-11.58],[35.56,-11.6],[35.5,-11.6],[35.45,-11.59],[35.42,-11.58],[35.18,-11.57],[34.96,-11.58],[34.95,-11.54],[34.94,-11.46],[34.89,-11.39],[34.85,-11.35],[34.8,-11.34],[34.77,-11.34],[34.75,-11.31],[34.73,-11.24],[34.69,-11.18],[34.64,-11.13],[34.61,-11.08],[34.6,-11.04],[34.61,-10.99],[34.65,-10.87],[34.67,-10.79],[34.66,-10.71],[34.64,-10.63],[34.58,-10.53],[34.59,-10.5],[34.57,-10.43],[34.57,-10.38],[34.58,-10.32],[34.57,-10.24],[34.52,-10.07],[34.52,-10.03],[34.48,-9.95],[34.33,-9.76],[34.32,-9.73],[34.09,-9.54],[34.0,-9.5],[33.96,-9.53],[33.95,-9.57],[33.96,-9.63],[33.95,-9.66],[33.94,-9.67],[33.89,-9.67],[33.85,-9.66],[33.77,-9.61],[33.7,-9.6],[33.53,-9.61],[33.47,-9.62],[33.42,-9.61],[33.33,-9.52],[33.23,-9.5],[33.13,-9.5],[32.97,-9.4],[32.94,-9.4],[32.92,-9.41]]],[[[39.71,-7.98],[39.66,-7.99],[39.64,-7.98],[39.6,-7.94],[39.66,-7.9],[39.72,-7.83],[39.85,-7.73],[39.89,-7.66],[39.91,-7.65],[39.9,-7.73],[39.82,-7.9],[39.76,-7.91],[39.71,-7.98]]]]},"properties":{"iso":"TZA","name":"United Republic of Tanzania","ha":[112099.9,112087.8,112079.7,112098.0,111728.1,111835.2,111833.8,111863.7,112065.0,111229.9,111557.3,111705.0,111503.8,111472.5,110524.6,110603.1,110135.8,109764.9,109646.8,109552.4,109760.7,108994.5,109162.0,109575.1,110368.9,110367.0,109733.1,108663.3,107995.8,107782.8,108086.8,108110.2,108300.3,108873.1,109232.2,108999.7,108543.2,108530.6,108921.4,109761.2,110688.4],"lo":[104555.2,104544.0,104536.4,104553.5,104208.5,104308.4,104307.1,104335.0,104522.6,103743.8,104049.2,104186.9,103999.3,103970.1,103085.9,103159.2,102723.3,102377.4,102267.3,102179.2,102373.5,101658.8,101815.0,102200.4,102940.7,102939.0,102347.8,101349.9,100727.4,100528.7,100812.2,100834.1,101011.4,101545.6,101880.6,101663.7,101237.9,101226.1,101590.7,102374.0,103238.7],"hi":[122861.1,122847.9,122839.0,122859.1,122453.7,122571.0,122569.5,122602.3,122822.8,121907.6,122266.5,122428.3,122207.8,122173.5,121134.6,121220.7,120708.5,120302.0,120172.6,120069.1,120297.4,119457.6,119641.2,120094.0,120963.9,120961.9,120267.2,119094.6,118363.1,118129.6,118462.8,118488.5,118696.8,119324.6,119718.2,119463.3,118963.0,118949.2,119377.5,120298.0,121314.1]}},{"type":"Feature","geometry":{"type":"MultiPolygon","coordinates":[[[[-132.75,56.53],[-132.76,56.51],[-132.88,56.51],[-132.93,56.52],[-132.95,56.57],[-132.94,56.61],[-132.91,56.64],[-132.87,56.7],[-132.84,56.79],[-132.66,56.68],[-132.6,56.64],[-132.57,56.58],[-132.63,56.55],[-132.71,56.54],[-132.75,56.53]]],[[[-132.78,56.25],[-132.83,56.24],[-132.89,56.26],[-133.04,56.34],[-133.04,56.36],[-133.02,56.39],[-132.94,56.44],[-132.9,56.45],[-132.71,56.45],[-132.64,56.44],[-132.63,56.41],[-132.63,56.39],[-132.65,56.36],[-132.66,56.34],[-132.65,56.31],[-132.67,56.29],[-132.78,56.25]]],[[[-134.31,58.23],[-134.32,58.2],[-134.46,58.21],[-134.59,58.24],[-134.66,58.29],[-134.65,58.31],[-134.52,58.33],[-134.4,58.29],[-134.31,58.23]]],[[[-145.12,60.34],[-145.15,60.31],[-145.24,60.32],[-145.28,60.34],[-145.13,60.4],[-145.1,60.39],[-145.12,60.34]]],[[[-144.57,59.82],[-144.61,59.81],[-144.54,59.88],[-144.44,59.95],[-144.35,60.0],[-144.24,60.02],[-144.25,59.98],[-144.4,59.92],[-144.57,59.82]]],[[[-148.02,60.07],[-148.07,60.03],[-148.27,60.05],[-148.23,60.11],[-148.08,60.15],[-147.91,60.09],[-148.02,60.07]]],[[[-152.02,60.36],[-152.07,60.36],[-152.0,60.41],[-151.96,60.5],[-151.9,60.49],[-151.89,60.47],[-151.99,60.37],[-152.02,60.36]]],[[[-160.33,55.34],[-160.34,55.26],[-160.48,55.31],[-160.52,55.33],[-160.49,55.35],[-160.36,55.36],[-160.33,55.34]]],[[[-159.36,54.97],[-159.39,54.97],[-159.42,54.98],[-159.46,55.03],[-159.46,55.06],[-159.39,55.04],[-159.36,55.0],[-159.36,54.97]]],[[[-159.52,55.15],[-159.52,55.07],[-159.53,55.06],[-159.56,55.08],[-159.62,55.06],[-159.65,55.07],[-159.64,55.1],[-159.64,55.12],[-159.6,55.13],[-159.59,55.17],[-159.6,55.18],[-159.57,55.22],[-159.55,55.23],[-159.52,55.15]]],[[[-166.21,53.72],[-166.22,53.72],[-166.25,53.75],[-166.25,53.77],[-166.23,53.78],[-166.19,53.82],[-166.15,53.84],[-166.11,53.84],[-166.1,53.83],[-166.14,53.79],[-166.18,53.76],[-166.21,53.72]]],[[[-176.01,51.81],[-176.09,51.79],[-176.2,51.83],[-176.19,51.89],[-176.07,51.84],[-176.01,51.81]]],[[[-166.11,66.23],[-166.15,66.22],[-166.15,66.24],[-166.03,66.28],[-165.82,66.33],[-165.83,66.32],[-165.94,66.28],[-166.11,66.23]]],[[[-171.46,63.64],[-171.45,63.62],[-171.34,63.62],[-171.2,63.61],[-171.03,63.59],[-170.87,63.59],[-170.67,63.67],[-170.55,63.69],[-170.43,63.7],[-170.3,63.68],[-170.17,63.64],[-170.12,63.62],[-170.08,63.58],[-170.06,63.53],[-170.02,63.49],[-169.78,63.45],[-169.62,63.43],[-169.59,63.41],[-169.55,63.37],[-169.43,63.35],[-169.3,63.36],[-169.22,63.35],[-169.0,63.35],[-168.72,63.31],[-168.76,63.21],[-168.85,63.17],[-169.11,63.18],[-169.36,63.17],[-169.47,63.12],[-169.56,63.06],[-169.57,63.0],[-169.62,62.97],[-169.68,62.96],[-169.72,62.99],[-169.78,63.09],[-169.82,63.12],[-169.86,63.14],[-169.99,63.17],[-170.12,63.19],[-170.19,63.2],[-170.24,63.23],[-170.27,63.28],[-170.32,63.31],[-170.42,63.35],[-170.53,63.38],[-170.85,63.44],[-170.95,63.45],[-171.06,63.45],[-171.18,63.42],[-171.29,63.37],[-171.4,63.34],[-171.52,63.33],[-171.63,63.35],[-171.74,63.39],[-171.79,63.42],[-171.82,63.48],[-171.82,63.53],[-171.8,63.58],[-171.75,63.7],[-171.65,63.73],[-171.46,63.64]]],[[[-166.14,60.38],[-166.04,60.33],[-165.99,60.33],[-165.84,60.35],[-165.78,60.34],[-165.73,60.31],[-165.7,60.28],[-165.69,60.22],[-165.71,60.17],[-165.71,60.1],[-165.71,60.07],[-165.63,60.03],[-165.61,59.97],[-165.59,59.91],[-165.77,59.89],[-165.95,59.89],[-166.1,59.85],[-166.13,59.82],[-166.11,59.78],[-166.15,59.76],[-166.19,59.77],[-166.26,59.81],[-166.34,59.83],[-166.63,59.86],[-166.99,59.98],[-167.14,60.01],[-167.3,60.1],[-167.44,60.21],[-167.34,60.22],[-167.25,60.23],[-166.84,60.22],[-166.78,60.3],[-166.73,60.32],[-166.6,60.34],[-166.48,60.38],[-166.42,60.38],[-166.36,60.36],[-166.25,60.39],[-166.18,60.4],[-166.14,60.38]]],[[[-152.9,57.82],[-152.89,57.77],[-152.85,57.78],[-152.7,57.83],[-152.62,57.85],[-152.51,57.85],[-152.43,57.83],[-152.41,57.81],[-152.42,57.78],[-152.49,57.73],[-152.48,57.7],[-152.41,57.65],[-152.24,57.61],[-152.22,57.6],[-152.22,57.58],[-152.34,57.48],[-152.38,57.46],[-152.41,57.45],[-152.63,57.47],[-152.83,57.5],[-152.91,57.51],[-152.94,57.5],[-153.0,57.47],[-152.96,57.46],[-152.78,57.45],[-152.72,57.41],[-152.69,57.38],[-152.68,57.35],[-152.71,57.33],[-152.79,57.32],[-152.88,57.32],[-152.99,57.28],[-153.05,57.24],[-153.27,57.23],[-153.44,57.17],[-153.5,57.14],[-153.52,57.1],[-153.59,57.08],[-153.73,57.05],[-153.65,57.03],[-153.63,57.01],[-153.63,56.98],[-153.64,56.96],[-153.76,56.86],[-153.97,56.77],[-154.03,56.78],[-154.05,56.79],[-154.07,56.8],[-154.07,56.82],[-153.79,56.99],[-153.8,57.0],[-153.88,57.0],[-154.0,57.05],[-154.08,57.02],[-154.1,57.02],[-154.08,57.06],[-154.03,57.11],[-154.04,57.12],[-154.07,57.13],[-154.13,57.14],[-154.24,57.14],[-154.32,57.13],[-154.38,57.11],[-154.38,57.1],[-154.27,57.1],[-154.24,57.09],[-154.21,57.06],[-154.19,57.04],[-154.18,57.01],[-154.21,56.96],[-154.26,56.91],[-154.34,56.92],[-154.5,57.04],[-154.57,57.21],[-154.71,57.34],[-154.71,57.37],[-154.67,57.45],[-154.54,57.56],[-154.39,57.59],[-154.28,57.64],[-154.18,57.65],[-154.12,57.65],[-154.03,57.63],[-154.0,57.59],[-154.02,57.57],[-154.01,57.56],[-153.95,57.53],[-153.88,57.44],[-153.81,57.36],[-153.75,57.33],[-153.69,57.31],[-153.76,57.37],[-153.8,57.44],[-153.82,57.6],[-153.84,57.64],[-153.8,57.65],[-153.69,57.64],[-153.69,57.66],[-153.81,57.71],[-153.88,57.76],[-153.91,57.79],[-153.9,57.82],[-153.84,57.86],[-153.81,57.88],[-153.77,57.88],[-153.7,57.87],[-153.66,57.86],[-153.57,57.76],[-153.52,57.73],[-153.49,57.73],[-153.45,57.75],[-153.42,57.78],[-153.39,57.8],[-153.36,57.8],[-153.25,57.79],[-153.22,57.8],[-153.2,57.82],[-153.2,57.86],[-153.18,57.88],[-153.17,57.91],[-153.23,57.96],[-153.16,57.97],[-152.94,57.94],[-152.85,57.9],[-152.9,57.82]]],[[[-130.03,55.89],[-130.07,55.84],[-130.11,55.78],[-130.14,55.72],[-130.15,55.65],[-130.14,55.59],[-130.12,55.52],[-130.06,55.41],[-130.04,55.34],[-130.04,55.3],[-130.17,55.14],[-130.22,55.06],[-130.21,55.03],[-130.31,54.95],[-130.49,54.83],[-130.58,54.77],[-130.62,54.79],[-130.85,54.81],[-130.93,54.95],[-130.98,55.06],[-131.05,55.16],[-131.05,55.18],[-130.98,55.24],[-130.75,55.3],[-130.75,55.32],[-130.84,55.33],[-130.86,55.36],[-130.88,55.46],[-130.87,55.55],[-130.88,55.61],[-130.92,55.74],[-130.98,55.81],[-131.13,55.96],[-131.14,56.0],[-131.07,56.04],[-131.03,56.09],[-131.29,56.01],[-131.64,55.93],[-131.78,55.88],[-131.82,55.85],[-131.83,55.84],[-131.8,55.78],[-131.8,55.77],[-131.83,55.73],[-131.87,55.65],[-131.95,55.55],[-131.98,55.54],[-132.12,55.57],[-132.16,55.6],[-132.22,55.72],[-132.21,55.75],[-132.16,55.78],[-132.09,55.84],[-132.01,55.93],[-131.84,56.16],[-131.74,56.16],[-131.55,56.21],[-131.84,56.23],[-131.89,56.24],[-131.93,56.27],[-131.96,56.32],[-132.02,56.38],[-132.13,56.4],[-132.18,56.42],[-132.26,56.49],[-132.3,56.52],[-132.33,56.56],[-132.34,56.6],[-132.36,56.63],[-132.43,56.63],[-132.48,56.65],[-132.49,56.77],[-132.64,56.8],[-132.7,56.82],[-132.8,56.9],[-132.83,56.93],[-132.84,56.96],[-132.81,57.04],[-132.82,57.06],[-132.91,57.05],[-133.47,57.17],[-133.44,57.34],[-133.54,57.55],[-133.65,57.64],[-133.63,57.68],[-133.6,57.69],[-133.55,57.7],[-133.34,57.63],[-133.14,57.56],[-133.12,57.57],[-133.44,57.73],[-133.52,57.78],[-133.54,57.83],[-133.54,57.86],[-133.51,57.88],[-133.21,57.87],[-133.19,57.88],[-133.5,57.92],[-133.56,57.92],[-133.63,57.86],[-133.66,57.84],[-133.72,57.84],[-133.74,57.85],[-133.82,57.94],[-133.89,57.99],[-134.03,58.07],[-134.06,58.13],[-134.06,58.21],[-134.05,58.29],[-133.93,58.47],[-133.89,58.5],[-133.88,58.52],[-133.91,58.52],[-133.94,58.5],[-134.04,58.42],[-134.13,58.28],[-134.21,58.23],[-134.26,58.24],[-134.33,58.3],[-134.49,58.37],[-134.66,58.38],[-134.78,58.45],[-134.94,58.65],[-134.96,58.74],[-134.99,58.77],[-135.08,58.8],[-135.13,58.84],[-135.22,59.08],[-135.33,59.24],[-135.36,59.32],[-135.35,59.41],[-135.36,59.42],[-135.4,59.35],[-135.41,59.32],[-135.48,59.31],[-135.42,59.24],[-135.4,59.21],[-135.43,59.21],[-135.5,59.2],[-135.39,59.09],[-135.33,58.91],[-135.26,58.78],[-135.21,58.67],[-135.18,58.59],[-135.15,58.51],[-135.06,58.34],[-135.05,58.31],[-135.06,58.28],[-135.09,58.25],[-135.14,58.23],[-135.3,58.26],[-135.36,58.3],[-135.45,58.38],[-135.57,58.41],[-135.87,58.39],[-135.9,58.4],[-135.9,58.46],[-135.86,58.58],[-135.89,58.62],[-136.05,58.79],[-136.04,58.82],[-135.83,58.9],[-135.93,58.9],[-136.02,58.87],[-136.05,58.89],[-136.1,59.0],[-136.13,59.04],[-136.15,59.05],[-136.16,58.95],[-136.12,58.89],[-136.12,58.86],[-136.12,58.82],[-136.15,58.79],[-136.19,58.77],[-136.23,58.77],[-136.3,58.79],[-136.38,58.83],[-136.45,58.85],[-136.48,58.86],[-136.51,58.91],[-136.57,58.94],[-136.83,58.98],[-136.99,59.03],[-137.0,59.02],[-136.95,58.97],[-136.95,58.93],[-136.99,58.93],[-137.06,58.87],[-137.04,58.87],[-136.96,58.88],[-136.88,58.88],[-136.74,58.85],[-136.61,58.81],[-136.57,58.79],[-136.55,58.75],[-136.53,58.74],[-136.41,58.7],[-136.4,58.68],[-136.48,58.62],[-136.32,58.62],[-136.22,58.6],[-136.1,58.51],[-136.06,58.45],[-136.06,58.38],[-136.08,58.36],[-136.13,58.35],[-136.46,58.33],[-136.58,58.25],[-136.61,58.24],[-136.7,58.27],[-136.86,58.33],[-137.07,58.4],[-137.54,58.58],[-137.56,58.59],[-137.56,58.63],[-137.6,58.64],[-137.66,58.66],[-137.75,58.71],[-137.86,58.79],[-137.93,58.85],[-137.96,58.89],[-138.03,58.94],[-138.24,59.05],[-138.35,59.09],[-138.45,59.11],[-138.54,59.12],[-138.56,59.13],[-138.52,59.15],[-138.51,59.17],[-138.7,59.19],[-138.88,59.24],[-139.34,59.38],[-139.58,59.46],[-139.71,59.5],[-139.77,59.53],[-139.8,59.55],[-139.77,59.57],[-139.67,59.59],[-139.61,59.61],[-139.51,59.7],[-139.51,59.73],[-139.56,59.79],[-139.58,59.85],[-139.58,59.88],[-139.57,59.91],[-139.55,59.93],[-139.51,59.95],[-139.48,59.96],[-139.45,59.96],[-139.33,59.88],[-139.31,59.85],[-139.32,59.74],[-139.29,59.61],[-139.28,59.62],[-139.27,59.66],[-139.26,59.74],[-139.25,59.78],[-139.22,59.82],[-139.18,59.84],[-139.05,59.83],[-138.99,59.84],[-139.24,59.89],[-139.4,60.0],[-139.43,60.01],[-139.52,60.02],[-139.61,59.97],[-139.85,59.83],[-139.92,59.81],[-140.22,59.73],[-140.42,59.71],[-140.65,59.72],[-140.84,59.75],[-141.33,59.87],[-141.41,59.9],[-141.29,59.98],[-141.29,60.0],[-141.33,60.08],[-141.36,60.11],[-141.41,60.12],[-141.42,60.11],[-141.42,60.09],[-141.41,60.04],[-141.45,60.02],[-141.53,59.99],[-141.67,59.97],[-142.1,60.03],[-142.55,60.09],[-142.95,60.1],[-143.51,60.06],[-143.81,60.01],[-143.98,60.01],[-144.15,60.02],[-144.16,60.05],[-144.08,60.06],[-144.09,60.08],[-144.19,60.15],[-144.33,60.19],[-144.53,60.21],[-144.64,60.22],[-144.67,60.25],[-144.74,60.27],[-144.85,60.3],[-144.9,60.34],[-144.86,60.46],[-144.82,60.53],[-144.79,60.58],[-144.69,60.67],[-144.72,60.66],[-144.86,60.6],[-144.98,60.54],[-145.1,60.45],[-145.16,60.42],[-145.25,60.38],[-145.38,60.39],[-145.56,60.44],[-145.72,60.47],[-145.85,60.47],[-145.9,60.48],[-145.81,60.52],[-145.76,60.56],[-145.69,60.62],[-145.67,60.65],[-146.15,60.66],[-146.17,60.69],[-146.17,60.72],[-146.18,60.73],[-146.25,60.75],[-146.35,60.74],[-146.5,60.7],[-146.57,60.73],[-146.55,60.75],[-146.5,60.76],[-146.39,60.81],[-146.53,60.84],[-146.6,60.87],[-146.64,60.9],[-146.64,60.99],[-146.6,61.05],[-146.28,61.11],[-146.38,61.14],[-146.58,61.13],[-146.72,61.08],[-146.87,61.0],[-146.98,60.98],[-147.03,61.0],[-147.11,61.0],[-147.2,61.0],[-147.25,60.98],[-147.29,60.95],[-147.32,60.93],[-147.36,60.91],[-147.39,60.92],[-147.43,60.95],[-147.52,60.97],[-147.57,60.99],[-147.59,60.98],[-147.62,60.93],[-147.66,60.91],[-147.81,60.89],[-147.89,60.89],[-147.99,60.95],[-148.01,60.97],[-147.97,61.02],[-147.75,61.22],[-147.77,61.22],[-147.84,61.19],[-147.99,61.11],[-148.05,61.08],[-148.16,61.08],[-148.21,61.09],[-148.27,61.08],[-148.34,61.06],[-148.39,61.04],[-148.41,61.01],[-148.4,61.01],[-148.29,61.04],[-148.23,61.04],[-148.21,61.03],[-148.29,60.94],[-148.34,60.85],[-148.39,60.83],[-148.47,60.84],[-148.56,60.83],[-148.56,60.8],[-148.4,60.73],[-148.34,60.72],[-148.27,60.7],[-148.26,60.68],[-148.28,60.61],[-148.3,60.58],[-148.34,60.57],[-148.47,60.57],[-148.51,60.57],[-148.6,60.52],[-148.64,60.49],[-148.62,60.49],[-148.55,60.51],[-148.44,60.53],[-148.3,60.53],[-148.19,60.55],[-148.12,60.58],[-148.05,60.57],[-147.98,60.52],[-147.96,60.48],[-147.99,60.45],[-148.05,60.43],[-148.13,60.41],[-148.18,60.39],[-148.2,60.36],[-148.22,60.32],[-148.22,60.27],[-148.2,60.17],[-148.21,60.15],[-148.25,60.15],[-148.29,60.15],[-148.33,60.12],[-148.43,59.99],[-148.47,59.97],[-148.51,59.99],[-148.54,59.99],[-148.57,59.97],[-148.64,59.96],[-148.75,59.95],[-148.84,59.95],[-149.0,59.98],[-149.07,60.0],[-149.12,60.03],[-149.27,60.0],[-149.3,60.01],[-149.4,60.11],[-149.41,60.1],[-149.43,60.0],[-149.46,59.97],[-149.55,59.89],[-149.6,59.77],[-149.61,59.77],[-149.63,59.78],[-149.68,59.9],[-149.71,59.92],[-149.79,59.86],[-149.8,59.83],[-149.78,59.75],[-149.8,59.74],[-149.96,59.78],[-150.01,59.78],[-150.02,59.78],[-149.96,59.71],[-149.97,59.69],[-150.2,59.57],[-150.26,59.57],[-150.3,59.58],[-150.34,59.58],[-150.49,59.54],[-150.53,59.54],[-150.58,59.56],[-150.61,59.56],[-150.62,59.54],[-150.62,59.48],[-150.68,59.43],[-150.85,59.34],[-150.9,59.3],[-150.93,59.25],[-150.96,59.24],[-151.06,59.28],[-151.18,59.3],[-151.2,59.29],[-151.16,59.26],[-151.17,59.24],[-151.22,59.23],[-151.29,59.23],[-151.37,59.25],[-151.48,59.23],[-151.62,59.19],[-151.74,59.19],[-151.9,59.26],[-151.95,59.27],[-151.96,59.29],[-151.93,59.34],[-151.88,59.39],[-151.85,59.41],[-151.69,59.46],[-151.51,59.48],[-151.4,59.52],[-151.26,59.59],[-151.19,59.64],[-151.05,59.77],[-151.06,59.78],[-151.09,59.79],[-151.4,59.66],[-151.45,59.65],[-151.51,59.65],[-151.76,59.7],[-151.82,59.72],[-151.85,59.78],[-151.78,59.92],[-151.73,59.99],[-151.61,60.09],[-151.45,60.2],[-151.4,60.27],[-151.31,60.47],[-151.32,60.55],[-151.36,60.66],[-151.36,60.72],[-151.32,60.74],[-150.95,60.84],[-150.78,60.91],[-150.44,61.02],[-150.35,61.02],[-150.28,60.99],[-150.2,60.96],[-150.11,60.93],[-150.0,60.94],[-149.86,60.96],[-149.63,60.95],[-149.17,60.88],[-149.08,60.88],[-149.07,60.89],[-149.14,60.94],[-149.46,60.96],[-149.59,60.99],[-149.97,61.12],[-150.05,61.17],[-150.02,61.19],[-149.93,61.21],[-149.9,61.23],[-149.88,61.26],[-149.83,61.31],[-149.74,61.36],[-149.6,61.42],[-149.33,61.5],[-149.43,61.5],[-149.63,61.49],[-149.7,61.47],[-149.82,61.41],[-149.87,61.37],[-149.95,61.29],[-149.98,61.28],[-150.11,61.27],[-150.47,61.26],[-150.53,61.3],[-150.57,61.31],[-150.61,61.3],[-150.95,61.2],[-151.06,61.15],[-151.15,61.09],[-151.28,61.04],[-151.46,61.01],[-151.59,60.98],[-151.73,60.91],[-151.78,60.86],[-151.78,60.83],[-151.75,60.75],[-151.79,60.74],[-151.87,60.73],[-152.0,60.68],[-152.27,60.53],[-152.31,60.47],[-152.31,60.45],[-152.26,60.41],[-152.29,60.38],[-152.37,60.34],[-152.54,60.27],[-152.65,60.24],[-152.73,60.24],[-152.8,60.25],[-152.92,60.29],[-153.03,60.3],[-153.03,60.29],[-152.89,60.24],[-152.75,60.18],[-152.66,60.13],[-152.63,60.08],[-152.63,60.04],[-152.66,60.0],[-152.76,59.92],[-152.86,59.9],[-153.11,59.88],[-153.19,59.86],[-153.21,59.84],[-153.04,59.81],[-153.02,59.79],[-153.05,59.73],[-153.09,59.71],[-153.24,59.67],[-153.36,59.66],[-153.38,59.67],[-153.36,59.72],[-153.37,59.73],[-153.41,59.74],[-153.48,59.72],[-153.65,59.65],[-153.67,59.63],[-153.61,59.62],[-153.62,59.6],[-153.71,59.55],[-153.75,59.51],[-153.81,59.47],[-154.09,59.36],[-154.07,59.34],[-154.14,59.24],[-154.18,59.16],[-154.13,59.12],[-153.9,59.08],[-153.79,59.07],[-153.66,59.04],[-153.42,58.96],[-153.34,58.91],[-153.33,58.88],[-153.33,58.86],[-153.36,58.82],[-153.44,58.75],[-153.62,58.65],[-153.7,58.63],[-153.82,58.6],[-153.86,58.59],[-154.02,58.49],[-154.06,58.44],[-154.06,58.4],[-154.09,58.37],[-154.29,58.3],[-154.28,58.29],[-154.21,58.29],[-154.24,58.23],[-154.25,58.16],[-154.28,58.15],[-154.41,58.15],[-154.57,58.12],[-154.58,58.11],[-154.58,58.06],[-155.01,58.02],[-155.1,57.91],[-155.15,57.88],[-155.31,57.81],[-155.41,57.78],[-155.53,57.76],[-155.59,57.73],[-155.6,57.7],[-155.63,57.67],[-155.73,57.63],[-155.78,57.57],[-155.81,57.56],[-156.0,57.54],[-156.04,57.53],[-156.06,57.45],[-156.09,57.45],[-156.16,57.46],[-156.24,57.45],[-156.44,57.36],[-156.48,57.33],[-156.47,57.31],[-156.44,57.29],[-156.4,57.24],[-156.4,57.2],[-156.48,57.11],[-156.5,57.09],[-156.59,57.07],[-156.63,57.01],[-156.71,57.02],[-156.78,57.01],[-156.82,56.97],[-156.87,56.95],[-156.92,56.94],[-156.99,56.91],[-157.07,56.86],[-157.14,56.83],[-157.21,56.81],[-157.27,56.81],[-157.33,56.82],[-157.39,56.81],[-157.44,56.79],[-157.49,56.76],[-157.53,56.67],[-157.58,56.63],[-157.61,56.63],[-157.67,56.63],[-157.77,56.65],[-157.87,56.65],[-158.03,56.59],[-158.08,56.55],[-157.98,56.54],[-157.93,56.53],[-157.93,56.52],[-157.98,56.51],[-158.07,56.51],[-158.12,56.5],[-158.19,56.48],[-158.35,56.45],[-158.41,56.44],[-158.54,56.34],[-158.55,56.31],[-158.54,56.31],[-158.47,56.32],[-158.39,56.3],[-158.34,56.28],[-158.32,56.25],[-158.29,56.2],[-158.28,56.2],[-158.43,56.11],[-158.48,56.08],[-158.5,56.06],[-158.52,56.07],[-158.54,56.17],[-158.55,56.18],[-158.59,56.18],[-158.63,56.15],[-158.7,56.04],[-158.79,55.99],[-159.43,55.84],[-159.52,55.81],[-159.54,55.75],[-159.57,55.7],[-159.61,55.65],[-159.66,55.63],[-159.67,55.65],[-159.67,55.79],[-159.68,55.82],[-159.74,55.84],[-159.77,55.84],[-159.81,55.83],[-159.87,55.8],[-159.91,55.79],[-159.96,55.79],[-160.05,55.76],[-160.24,55.66],[-160.37,55.64],[-160.41,55.61],[-160.46,55.56],[-160.5,55.54],[-160.55,55.54],[-160.63,55.55],[-160.68,55.54],[-160.73,55.5],[-160.77,55.48],[-160.9,55.51],[-160.95,55.49],[-161.02,55.44],[-161.1,55.41],[-161.18,55.39],[-161.38,55.37],[-161.46,55.38],[-161.48,55.4],[-161.48,55.46],[-161.44,55.51],[-161.41,55.54],[-161.37,55.56],[-161.31,55.56],[-161.2,55.54],[-161.21,55.56],[-161.26,55.58],[-161.36,55.61],[-161.46,55.63],[-161.52,55.62],[-161.6,55.59],[-161.65,55.56],[-161.68,55.53],[-161.72,55.42],[-161.74,55.39],[-161.98,55.2],[-162.07,55.14],[-162.17,55.14],[-162.21,55.12],[-162.27,55.07],[-162.33,55.05],[-162.39,55.05],[-162.43,55.06],[-162.46,55.08],[-162.45,55.09],[-162.41,55.11],[-162.43,55.15],[-162.5,55.21],[-162.54,55.24],[-162.63,55.25],[-162.64,55.22],[-162.61,55.07],[-162.62,55.04],[-162.67,55.0],[-162.82,54.95],[-162.87,54.95],[-163.0,55.05],[-163.12,55.06],[-163.13,55.03],[-163.1,54.97],[-163.13,54.92],[-163.22,54.86],[-163.29,54.84],[-163.34,54.84],[-163.34,54.88],[-163.3,54.95],[-163.29,55.01],[-163.31,55.06],[-163.3,55.1],[-163.28,55.12],[-163.11,55.19],[-163.05,55.2],[-163.01,55.19],[-162.96,55.18],[-162.91,55.2],[-162.87,55.22],[-162.86,55.25],[-162.79,55.3],[-162.66,55.35],[-162.51,55.45],[-162.35,55.59],[-162.16,55.72],[-161.94,55.82],[-161.7,55.91],[-161.22,56.02],[-161.18,56.01],[-161.22,55.98],[-161.19,55.95],[-161.15,55.95],[-160.97,55.97],[-160.9,55.99],[-160.88,55.97],[-160.9,55.94],[-161.01,55.91],[-161.01,55.89],[-160.85,55.77],[-160.8,55.75],[-160.76,55.76],[-160.75,55.77],[-160.76,55.85],[-160.71,55.87],[-160.6,55.87],[-160.53,55.86],[-160.5,55.84],[-160.44,55.82],[-160.35,55.8],[-160.29,55.81],[-160.27,55.83],[-160.31,55.86],[-160.48,55.94],[-160.53,55.97],[-160.54,56.01],[-160.51,56.06],[-160.46,56.14],[-160.38,56.24],[-160.3,56.31],[-160.15,56.4],[-160.05,56.44],[-159.79,56.56],[-159.28,56.69],[-159.16,56.77],[-158.99,56.86],[-158.92,56.88],[-158.92,56.85],[-158.89,56.82],[-158.78,56.8],[-158.71,56.79],[-158.68,56.79],[-158.67,56.83],[-158.68,56.89],[-158.68,56.94],[-158.68,57.0],[-158.66,57.04],[-158.59,57.11],[-158.47,57.2],[-158.32,57.3],[-158.22,57.34],[-158.13,57.37],[-158.05,57.41],[-157.89,57.51],[-157.85,57.53],[-157.74,57.55],[-157.7,57.54],[-157.67,57.51],[-157.65,57.5],[-157.54,57.48],[-157.46,57.51],[-157.47,57.52],[-157.53,57.53],[-157.57,57.54],[-157.61,57.6],[-157.68,57.64],[-157.7,57.68],[-157.68,57.74],[-157.62,57.9],[-157.61,58.05],[-157.56,58.14],[-157.44,58.17],[-157.19,58.19],[-157.34,58.23],[-157.39,58.23],[-157.49,58.25],[-157.52,58.35],[-157.52,58.42],[-157.46,58.5],[-157.23,58.64],[-156.97,58.74],[-157.01,58.74],[-157.04,58.77],[-156.92,58.96],[-156.81,59.13],[-156.96,58.99],[-157.14,58.88],[-157.67,58.75],[-158.02,58.64],[-158.19,58.61],[-158.3,58.64],[-158.39,58.75],[-158.44,58.78],[-158.5,58.85],[-158.48,58.94],[-158.43,59.0],[-158.31,59.01],[-158.19,58.98],[-158.08,58.98],[-158.22,59.04],[-158.42,59.09],[-158.51,59.07],[-158.58,58.99],[-158.68,58.93],[-158.76,58.95],[-158.81,58.97],[-158.78,58.9],[-158.84,58.79],[-158.86,58.72],[-158.77,58.52],[-158.79,58.44],[-158.95,58.4],[-159.08,58.47],[-159.36,58.72],[-159.45,58.79],[-159.67,58.91],[-159.74,58.89],[-159.83,58.84],[-159.92,58.82],[-160.15,58.91],[-160.26,58.97],[-160.36,59.05],[-160.52,59.01],[-160.66,58.96],[-160.82,58.87],[-160.92,58.87],[-161.22,58.8],[-161.25,58.8],[-161.29,58.76],[-161.33,58.74],[-161.36,58.67],[-161.76,58.61],[-162.14,58.64],[-162.01,58.69],[-161.86,58.72],[-161.72,58.79],[-161.78,58.9],[-161.79,58.95],[-161.79,59.02],[-161.64,59.11],[-161.79,59.11],[-161.89,59.08],[-161.98,59.15],[-162.02,59.28],[-161.92,59.37],[-161.87,59.43],[-161.83,59.51],[-161.83,59.59],[-161.91,59.71],[-162.14,59.98],[-162.24,60.18],[-162.42,60.28],[-162.29,60.46],[-162.14,60.61],[-161.95,60.68],[-161.96,60.7],[-162.07,60.69],[-162.14,60.69],[-162.2,60.63],[-162.27,60.6],[-162.47,60.39],[-162.6,60.3],[-162.68,60.27],[-162.55,60.23],[-162.53,60.2],[-162.5,60.13],[-162.54,60.04],[-162.57,59.99],[-162.73,59.99],[-162.88,59.92],[-163.22,59.85],[-163.68,59.8],[-163.91,59.81],[-164.14,59.9],[-164.14,59.95],[-164.13,59.99],[-164.47,60.15],[-164.66,60.3],[-164.8,60.31],[-164.92,60.35],[-165.06,60.41],[-165.05,60.46],[-165.03,60.5],[-165.11,60.53],[-165.22,60.52],[-165.35,60.54],[-165.02,60.74],[-164.9,60.87],[-164.81,60.89],[-164.68,60.87],[-164.51,60.82],[-164.37,60.8],[-164.32,60.77],[-164.27,60.72],[-164.32,60.65],[-164.37,60.59],[-164.31,60.61],[-164.13,60.69],[-164.0,60.77],[-163.94,60.76],[-163.89,60.75],[-163.82,60.67],[-163.73,60.59],[-163.53,60.66],[-163.42,60.76],[-163.51,60.8],[-163.62,60.82],[-163.91,60.85],[-163.84,60.88],[-163.66,60.88],[-163.59,60.9],[-163.66,60.94],[-163.75,60.97],[-163.99,60.86],[-164.44,60.87],[-164.75,60.93],[-165.07,60.92],[-165.11,60.93],[-165.18,60.97],[-165.0,61.04],[-164.88,61.09],[-164.87,61.11],[-164.94,61.11],[-165.08,61.09],[-165.14,61.13],[-165.13,61.19],[-165.15,61.19],[-165.2,61.15],[-165.28,61.17],[-165.34,61.2],[-165.31,61.23],[-165.24,61.27],[-165.27,61.27],[-165.33,61.27],[-165.39,61.21],[-165.38,61.17],[-165.38,61.11],[-165.48,61.09],[-165.57,61.1],[-165.63,61.17],[-165.69,61.3],[-165.86,61.34],[-165.91,61.4],[-165.8,61.49],[-165.85,61.54],[-165.96,61.55],[-166.09,61.51],[-166.15,61.55],[-166.16,61.59],[-166.17,61.65],[-166.13,61.66],[-166.1,61.65],[-165.83,61.68],[-165.81,61.7],[-166.02,61.75],[-166.08,61.8],[-165.99,61.83],[-165.83,61.84],[-165.61,61.87],[-165.71,61.93],[-165.73,61.96],[-165.74,62.01],[-165.71,62.1],[-165.45,62.3],[-165.19,62.47],[-165.12,62.51],[-165.0,62.53],[-164.89,62.52],[-164.78,62.48],[-164.76,62.5],[-164.8,62.51],[-164.84,62.58],[-164.69,62.61],[-164.6,62.69],[-164.59,62.71],[-164.69,62.68],[-164.79,62.62],[-164.82,62.68],[-164.85,62.8],[-164.8,62.92],[-164.76,62.97],[-164.68,63.02],[-164.43,63.04],[-164.38,63.03],[-164.38,63.05],[-164.53,63.13],[-164.46,63.19],[-164.41,63.22],[-164.11,63.26],[-163.94,63.25],[-163.74,63.19],[-163.62,63.13],[-163.63,63.09],[-163.66,63.07],[-163.73,63.05],[-163.75,63.03],[-163.74,63.02],[-163.65,63.06],[-163.5,63.11],[-163.42,63.08],[-163.36,63.05],[-163.29,63.05],[-163.06,63.08],[-162.95,63.11],[-162.81,63.21],[-162.62,63.27],[-162.36,63.45],[-162.28,63.53],[-162.19,63.54],[-162.11,63.53],[-162.06,63.47],[-161.97,63.45],[-161.51,63.47],[-161.27,63.5],[-161.1,63.56],[-160.93,63.66],[-160.83,63.73],[-160.78,63.82],[-160.84,63.93],[-160.9,64.03],[-160.99,64.25],[-161.22,64.4],[-161.39,64.44],[-161.49,64.43],[-161.41,64.53],[-161.19,64.52],[-161.05,64.53],[-160.93,64.58],[-160.89,64.61],[-160.84,64.68],[-160.86,64.76],[-160.89,64.8],[-160.97,64.84],[-161.06,64.9],[-161.13,64.93],[-161.19,64.92],[-161.47,64.79],[-161.63,64.79],[-161.76,64.82],[-161.87,64.74],[-162.17,64.68],[-162.33,64.61],[-162.64,64.45],[-162.71,64.38],[-162.81,64.37],[-162.88,64.52],[-163.2,64.65],[-163.3,64.61],[-163.25,64.56],[-163.17,64.53],[-163.05,64.52],[-163.1,64.48],[-163.14,64.42],[-163.27,64.48],[-163.49,64.55],[-163.71,64.59],[-164.3,64.58],[-164.69,64.51],[-164.73,64.52],[-164.76,64.53],[-164.83,64.51],[-164.86,64.48],[-164.9,64.46],[-164.98,64.45],[-165.14,64.47],[-165.45,64.51],[-166.14,64.58],[-166.33,64.63],[-166.48,64.73],[-166.48,64.8],[-166.41,64.83],[-166.42,64.93],[-166.55,64.95],[-166.83,65.1],[-166.93,65.16],[-166.91,65.16],[-166.86,65.15],[-166.76,65.13],[-166.53,65.15],[-166.45,65.25],[-166.28,65.27],[-166.12,65.26],[-166.16,65.29],[-166.2,65.31],[-166.61,65.35],[-166.67,65.34],[-167.4,65.42],[-167.99,65.57],[-168.04,65.6],[-168.09,65.66],[-168.01,65.72],[-167.93,65.75],[-167.93,65.71],[-167.91,65.68],[-167.58,65.76],[-167.41,65.86],[-167.07,65.88],[-167.0,65.9],[-166.89,65.96],[-166.75,66.05],[-166.54,66.1],[-166.4,66.14],[-166.21,66.17],[-166.06,66.13],[-166.01,66.12],[-165.72,66.11],[-165.63,66.13],[-165.59,66.15],[-165.56,66.17],[-165.84,66.25],[-165.81,66.29],[-165.78,66.32],[-165.45,66.41],[-165.2,66.44],[-165.06,66.44],[-164.67,66.56],[-164.46,66.59],[-164.06,66.61],[-163.73,66.62],[-163.64,66.57],[-163.82,66.58],[-163.89,66.58],[-163.84,66.56],[-163.78,66.53],[-163.79,66.49],[-163.9,66.38],[-163.89,66.29],[-163.96,66.26],[-164.03,66.22],[-163.7,66.08],[-163.17,66.08],[-162.89,66.1],[-162.72,66.06],[-162.59,66.05],[-162.21,66.07],[-161.93,66.04],[-161.82,66.05],[-161.56,66.25],[-161.46,66.28],[-161.35,66.25],[-161.2,66.22],[-161.11,66.24],[-161.03,66.19],[-161.07,66.29],[-161.12,66.33],[-161.54,66.41],[-161.83,66.37],[-161.92,66.41],[-161.89,66.49],[-162.19,66.69],[-162.32,66.73],[-162.47,66.74],[-162.54,66.81],[-162.61,66.89],[-162.48,66.93],[-162.36,66.95],[-162.25,66.92],[-162.13,66.8],[-162.02,66.78],[-162.05,66.67],[-161.91,66.56],[-161.59,66.46],[-161.34,66.5],[-161.16,66.5],[-161.05,66.47],[-160.78,66.38],[-160.65,66.37],[-160.23,66.42],[-160.23,66.51],[-160.26,66.57],[-160.36,66.61],[-160.64,66.6],[-160.86,66.67],[-161.05,66.65],[-161.4,66.55],[-161.57,66.59],[-161.68,66.65],[-161.86,66.7],[-161.88,66.8],[-161.73,66.92],[-161.62,66.98],[-161.72,67.02],[-161.97,67.05],[-162.39,67.02],[-162.41,67.06],[-162.41,67.1],[-162.58,67.02],[-162.76,67.04],[-163.0,67.03],[-163.53,67.1],[-163.72,67.2],[-163.8,67.27],[-163.94,67.48],[-164.13,67.61],[-165.39,68.05],[-165.96,68.16],[-166.24,68.28],[-166.41,68.31],[-166.57,68.32],[-166.79,68.36],[-166.64,68.41],[-166.55,68.42],[-166.65,68.37],[-166.57,68.36],[-166.45,68.39],[-166.38,68.43],[-166.28,68.57],[-166.18,68.8],[-166.21,68.89],[-165.51,68.87],[-165.04,68.88],[-164.89,68.9],[-164.3,68.94],[-164.15,68.96],[-163.87,69.04],[-163.54,69.17],[-163.25,69.35],[-163.21,69.39],[-163.19,69.38],[-163.16,69.39],[-163.13,69.45],[-163.09,69.61],[-162.95,69.76],[-162.35,70.09],[-162.07,70.23],[-161.98,70.29],[-161.88,70.33],[-161.81,70.29],[-161.78,70.28],[-161.76,70.26],[-161.82,70.25],[-161.91,70.21],[-162.04,70.18],[-162.07,70.16],[-162.0,70.17],[-161.77,70.2],[-161.64,70.23],[-161.0,70.3],[-160.65,70.42],[-160.63,70.45],[-160.12,70.59],[-160.05,70.59],[-159.96,70.57],[-160.11,70.47],[-160.01,70.45],[-160.1,70.33],[-159.91,70.33],[-159.87,70.28],[-159.86,70.32],[-159.86,70.39],[-159.84,70.45],[-159.81,70.5],[-159.68,70.48],[-159.39,70.52],[-159.75,70.53],[-159.96,70.63],[-160.08,70.63],[-159.68,70.79],[-159.31,70.88],[-159.23,70.88],[-159.19,70.86],[-159.18,70.83],[-159.26,70.81],[-159.34,70.78],[-159.3,70.75],[-159.25,70.75],[-159.08,70.77],[-159.0,70.8],[-158.62,70.8],[-158.51,70.82],[-158.48,70.84],[-158.0,70.85],[-157.91,70.86],[-157.61,70.94],[-157.32,71.04],[-157.2,71.09],[-156.97,71.23],[-156.78,71.32],[-156.47,71.41],[-156.4,71.4],[-156.5,71.38],[-156.57,71.34],[-156.47,71.29],[-155.81,71.19],[-155.65,71.18],[-155.58,71.12],[-155.63,71.06],[-155.8,71.0],[-156.15,70.93],[-156.04,70.9],[-155.97,70.84],[-155.87,70.83],[-155.71,70.86],[-155.58,70.89],[-155.31,71.01],[-155.23,71.08],[-155.17,71.1],[-154.94,71.08],[-154.82,71.05],[-154.67,70.99],[-154.73,70.93],[-154.79,70.89],[-154.6,70.85],[-154.39,70.84],[-154.2,70.8],[-153.92,70.88],[-153.7,70.89],[-153.5,70.89],[-153.23,70.93],[-152.78,70.88],[-152.67,70.89],[-152.49,70.88],[-152.3,70.85],[-152.23,70.81],[-152.44,70.73],[-152.47,70.65],[-152.4,70.62],[-152.27,70.61],[-152.25,70.57],[-152.17,70.56],[-151.77,70.56],[-151.8,70.54],[-151.82,70.51],[-151.94,70.45],[-151.22,70.42],[-151.13,70.45],[-150.98,70.46],[-150.66,70.51],[-150.54,70.49],[-150.4,70.44],[-150.27,70.43],[-150.15,70.44],[-149.87,70.51],[-149.54,70.51],[-149.41,70.49],[-149.27,70.5],[-148.84,70.43],[-148.69,70.42],[-148.48,70.32],[-148.37,70.31],[-148.25,70.36],[-148.14,70.36],[-148.04,70.32],[-147.87,70.3],[-147.79,70.24],[-147.71,70.22],[-147.06,70.17],[-146.74,70.19],[-146.28,70.19],[-146.06,70.16],[-145.82,70.16],[-145.44,70.05],[-145.24,70.03],[-145.2,70.01],[-144.62,69.98],[-144.42,70.04],[-144.06,70.05],[-143.75,70.1],[-143.57,70.1],[-143.36,70.09],[-143.28,70.1],[-143.22,70.12],[-142.71,70.03],[-142.42,69.94],[-142.3,69.87],[-141.7,69.77],[-141.53,69.71],[-141.41,69.65],[-141.34,69.65],[-141.29,69.66],[-141.08,69.66],[-141.0,69.65],[-141.0,69.36],[-141.0,69.07],[-141.0,68.77],[-141.0,68.48],[-141.0,68.19],[-141.0,67.9],[-141.0,67.61],[-141.0,67.31],[-141.0,67.02],[-141.0,66.73],[-141.0,66.44],[-141.0,66.14],[-141.0,65.85],[-141.0,65.56],[-141.0,65.27],[-141.0,64.98],[-141.0,64.68],[-141.0,64.39],[-141.0,64.1],[-141.0,63.81],[-141.0,63.51],[-141.0,63.22],[-141.0,62.93],[-141.0,62.64],[-141.0,62.35],[-141.0,62.05],[-141.0,61.76],[-141.0,61.47],[-141.0,61.18],[-141.0,60.88],[-141.0,60.59],[-141.0,60.3],[-140.76,60.26],[-140.53,60.22],[-140.45,60.3],[-140.2,60.24],[-139.97,60.18],[-139.83,60.25],[-139.68,60.33],[-139.47,60.33],[-139.23,60.34],[-139.08,60.34],[-139.08,60.28],[-139.14,60.17],[-139.19,60.08],[-139.04,59.99],[-138.87,59.95],[-138.71,59.9],[-138.63,59.78],[-138.45,59.68],[-138.32,59.61],[-138.19,59.54],[-138.0,59.44],[-137.87,59.37],[-137.7,59.28],[-137.59,59.23],[-137.54,59.12],[-137.48,58.99],[-137.52,58.92],[-137.44,58.9],[-137.28,58.99],[-137.13,59.04],[-136.94,59.11],[-136.81,59.15],[-136.58,59.15],[-136.47,59.28],[-136.47,59.46],[-136.35,59.46],[-136.28,59.48],[-136.25,59.53],[-136.32,59.6],[-136.1,59.64],[-135.93,59.66],[-135.7,59.73],[-135.48,59.79],[-135.37,59.74],[-135.26,59.7],[-135.05,59.58],[-135.04,59.55],[-135.05,59.5],[-135.07,59.44],[-134.94,59.29],[-134.91,59.27],[-134.8,59.25],[-134.68,59.2],[-134.62,59.16],[-134.44,59.09],[-134.41,59.06],[-134.39,59.01],[-134.36,58.97],[-134.33,58.94],[-134.3,58.9],[-134.22,58.85],[-134.07,58.8],[-133.97,58.76],[-133.82,58.71],[-133.67,58.6],[-133.55,58.5],[-133.4,58.41],[-133.42,58.34],[-133.28,58.22],[-133.12,58.08],[-133.0,57.95],[-132.92,57.88],[-132.82,57.77],[-132.69,57.65],[-132.55,57.5],[-132.44,57.41],[-132.3,57.28],[-132.23,57.2],[-132.28,57.15],[-132.34,57.08],[-132.16,57.05],[-132.03,57.03],[-132.06,56.95],[-132.1,56.86],[-131.96,56.82],[-131.87,56.79],[-131.89,56.74],[-131.83,56.68],[-131.82,56.59],[-131.65,56.6],[-131.58,56.6],[-131.47,56.56],[-131.34,56.5],[-131.2,56.45],[-131.08,56.4],[-130.93,56.38],[-130.74,56.34],[-130.65,56.26],[-130.48,56.23],[-130.41,56.12],[-130.21,56.08],[-130.1,56.11],[-130.06,56.07],[-130.02,56.01],[-130.01,55.95],[-130.03,55.89]]],[[[-163.48,54.98],[-163.38,54.82],[-163.34,54.78],[-163.27,54.77],[-163.19,54.75],[-163.14,54.72],[-163.09,54.69],[-163.08,54.67],[-163.36,54.74],[-163.53,54.64],[-163.58,54.63],[-164.07,54.62],[-164.17,54.6],[-164.23,54.57],[-164.35,54.48],[-164.4,54.45],[-164.46,54.43],[-164.59,54.4],[-164.74,54.41],[-164.82,54.42],[-164.87,54.46],[-164.9,54.54],[-164.9,54.57],[-164.89,54.61],[-164.75,54.66],[-164.71,54.69],[-164.53,54.88],[-164.48,54.91],[-164.42,54.91],[-164.27,54.9],[-164.15,54.96],[-163.87,55.04],[-163.81,55.05],[-163.61,55.05],[-163.55,55.04],[-163.51,55.01],[-163.48,54.98]]],[[[-133.31,55.54],[-133.28,55.52],[-133.28,55.5],[-133.43,55.43],[-133.43,55.42],[-133.46,55.38],[-133.49,55.36],[-133.55,55.32],[-133.65,55.27],[-133.64,55.41],[-133.74,55.5],[-133.63,55.54],[-133.57,55.53],[-133.45,55.52],[-133.35,55.56],[-133.31,55.54]]],[[[-131.34,55.08],[-131.24,54.95],[-131.23,54.9],[-131.33,54.89],[-131.41,54.89],[-131.45,54.91],[-131.46,54.93],[-131.43,55.0],[-131.48,55.04],[-131.54,55.05],[-131.59,55.03],[-131.6,55.09],[-131.56,55.14],[-131.58,55.2],[-131.58,55.25],[-131.57,55.26],[-131.51,55.26],[-131.4,55.21],[-131.34,55.08]]],[[[-132.11,56.11],[-132.13,55.94],[-132.17,55.95],[-132.21,55.95],[-132.29,55.93],[-132.37,55.94],[-132.41,55.96],[-132.42,55.98],[-132.41,56.03],[-132.45,56.06],[-132.6,56.07],[-132.66,56.08],[-132.69,56.13],[-132.7,56.2],[-132.68,56.22],[-132.6,56.24],[-132.54,56.32],[-132.51,56.34],[-132.38,56.5],[-132.32,56.49],[-132.21,56.39],[-132.07,56.24],[-132.11,56.11]]],[[[-130.98,55.49],[-131.01,55.38],[-131.08,55.27],[-131.19,55.21],[-131.26,55.22],[-131.32,55.27],[-131.37,55.27],[-131.42,55.28],[-131.45,55.32],[-131.42,55.37],[-131.45,55.41],[-131.47,55.37],[-131.52,55.34],[-131.64,55.3],[-131.72,55.22],[-131.76,55.17],[-131.81,55.22],[-131.84,55.36],[-131.85,55.42],[-131.76,55.5],[-131.65,55.59],[-131.62,55.83],[-131.27,55.96],[-131.24,55.95],[-131.12,55.86],[-131.0,55.73],[-130.97,55.67],[-130.97,55.57],[-130.98,55.49]]],[[[-133.37,57.0],[-133.3,56.97],[-133.26,57.0],[-133.2,57.0],[-133.07,56.97],[-133.0,56.93],[-132.95,56.88],[-132.95,56.85],[-132.96,56.78],[-132.95,56.71],[-132.96,56.68],[-132.98,56.65],[-133.0,56.62],[-133.03,56.62],[-133.13,56.68],[-133.24,56.8],[-133.33,56.83],[-133.33,56.82],[-133.31,56.79],[-133.24,56.73],[-133.23,56.69],[-133.18,56.64],[-133.16,56.61],[-133.14,56.57],[-133.14,56.53],[-133.16,56.5],[-133.18,56.47],[-133.21,56.46],[-133.38,56.47],[-133.48,56.45],[-133.6,56.46],[-133.63,56.48],[-133.65,56.52],[-133.66,56.6],[-133.69,56.71],[-133.68,56.8],[-133.76,56.88],[-133.82,56.92],[-133.92,56.97],[-133.98,57.01],[-133.96,57.04],[-133.87,57.07],[-133.71,57.06],[-133.37,57.0]]],[[[-132.86,54.89],[-132.84,54.88],[-132.81,54.89],[-132.77,54.93],[-132.7,54.92],[-132.65,54.91],[-132.62,54.89],[-132.63,54.84],[-132.65,54.76],[-132.68,54.73],[-132.71,54.68],[-132.81,54.71],[-132.89,54.76],[-133.01,54.85],[-133.08,54.92],[-133.08,54.95],[-133.12,54.97],[-133.2,55.08],[-133.25,55.18],[-133.32,55.19],[-133.42,55.21],[-133.45,55.26],[-133.43,55.3],[-133.3,55.33],[-133.1,55.21],[-133.07,55.17],[-133.0,55.11],[-132.98,55.03],[-132.95,55.0],[-132.86,54.89]]],[[[-146.39,60.45],[-146.37,60.42],[-146.18,60.43],[-146.12,60.42],[-146.1,60.41],[-146.13,60.39],[-146.2,60.37],[-146.42,60.33],[-146.6,60.27],[-146.62,60.27],[-146.65,60.34],[-146.68,60.36],[-146.7,60.4],[-146.7,60.41],[-146.67,60.43],[-146.61,60.47],[-146.56,60.48],[-146.39,60.45]]],[[[-147.74,59.81],[-147.85,59.8],[-147.87,59.83],[-147.81,59.9],[-147.77,59.94],[-147.73,59.95],[-147.61,60.04],[-147.47,60.1],[-147.34,60.19],[-147.21,60.31],[-147.18,60.36],[-147.12,60.36],[-147.02,60.33],[-146.96,60.29],[-146.99,60.25],[-147.32,60.08],[-147.35,60.05],[-147.38,59.99],[-147.4,59.97],[-147.45,59.96],[-147.48,59.93],[-147.5,59.89],[-147.54,59.87],[-147.6,59.87],[-147.64,59.85],[-147.67,59.83],[-147.74,59.81]]],[[[-147.66,60.45],[-147.66,60.42],[-147.69,60.4],[-147.66,60.35],[-147.71,60.27],[-147.73,60.22],[-147.76,60.19],[-147.79,60.18],[-147.82,60.19],[-147.82,60.2],[-147.81,60.23],[-147.87,60.23],[-147.89,60.3],[-147.85,60.32],[-147.84,60.35],[-147.84,60.37],[-147.79,60.46],[-147.78,60.47],[-147.77,60.44],[-147.76,60.44],[-147.74,60.45],[-147.7,60.49],[-147.69,60.49],[-147.66,60.45]]],[[[-147.93,60.83],[-148.06,60.82],[-148.12,60.83],[-148.12,60.84],[-148.1,60.89],[-148.1,60.92],[-148.04,60.92],[-147.96,60.9],[-147.94,60.88],[-147.93,60.83]]],[[[-153.01,57.12],[-153.13,57.09],[-153.16,57.09],[-153.24,57.03],[-153.3,57.0],[-153.37,57.05],[-153.35,57.13],[-153.29,57.19],[-152.94,57.17],[-152.91,57.15],[-152.91,57.14],[-152.93,57.13],[-153.01,57.12]]],[[[-152.49,58.49],[-152.52,58.48],[-152.59,58.51],[-152.64,58.54],[-152.6,58.57],[-152.46,58.62],[-152.4,58.62],[-152.37,58.61],[-152.36,58.59],[-152.36,58.57],[-152.39,58.54],[-152.49,58.49]]],[[[-153.24,57.85],[-153.27,57.82],[-153.29,57.83],[-153.35,57.86],[-153.47,57.91],[-153.52,57.94],[-153.52,57.96],[-153.48,57.97],[-153.35,57.93],[-153.29,57.9],[-153.24,57.85]]],[[[-155.57,55.82],[-155.6,55.79],[-155.68,55.79],[-155.72,55.8],[-155.74,55.83],[-155.62,55.91],[-155.59,55.92],[-155.57,55.92],[-155.56,55.89],[-155.57,55.82]]],[[[-154.68,56.44],[-154.75,56.41],[-154.77,56.42],[-154.78,56.44],[-154.76,56.47],[-154.73,56.5],[-154.62,56.56],[-154.52,56.6],[-154.46,56.6],[-154.44,56.57],[-154.51,56.52],[-154.68,56.44]]],[[[-154.21,56.51],[-154.26,56.51],[-154.33,56.54],[-154.32,56.57],[-154.22,56.61],[-154.11,56.6],[-154.1,56.58],[-154.11,56.56],[-154.12,56.54],[-154.15,56.53],[-154.21,56.51]]],[[[-160.68,55.31],[-160.67,55.31],[-160.64,55.32],[-160.57,55.38],[-160.55,55.38],[-160.55,55.36],[-160.58,55.31],[-160.53,55.23],[-160.48,55.2],[-160.49,55.18],[-160.61,55.16],[-160.7,55.18],[-160.75,55.17],[-160.8,55.15],[-160.83,55.17],[-160.85,55.31],[-160.84,55.34],[-160.79,55.38],[-160.72,55.4],[-160.7,55.4],[-160.67,55.38],[-160.67,55.36],[-160.68,55.31]]],[[[-162.3,54.85],[-162.32,54.84],[-162.39,54.87],[-162.42,54.9],[-162.43,54.93],[-162.29,54.98],[-162.26,54.98],[-162.24,54.95],[-162.23,54.93],[-162.27,54.87],[-162.3,54.85]]],[[[-162.55,54.4],[-162.64,54.38],[-162.73,54.4],[-162.81,54.44],[-162.82,54.49],[-162.65,54.46],[-162.61,54.45],[-162.55,54.4]]],[[[-159.87,55.13],[-159.93,55.11],[-159.95,55.08],[-160.0,55.07],[-160.04,55.04],[-160.17,54.94],[-160.23,54.92],[-160.16,55.01],[-160.15,55.04],[-160.15,55.06],[-160.17,55.12],[-160.13,55.12],[-160.1,55.13],[-160.04,55.19],[-159.98,55.2],[-159.92,55.27],[-159.89,55.27],[-159.87,55.26],[-159.9,55.22],[-159.84,55.18],[-159.85,55.14],[-159.87,55.13]]],[[[-165.84,54.07],[-165.88,54.05],[-165.91,54.05],[-165.93,54.06],[-166.04,54.05],[-166.06,54.05],[-166.1,54.11],[-166.11,54.14],[-166.09,54.17],[-166.04,54.19],[-165.97,54.21],[-165.89,54.21],[-165.76,54.15],[-165.7,54.12],[-165.69,54.1],[-165.74,54.08],[-165.84,54.07]]],[[[-165.56,54.14],[-165.6,54.13],[-165.62,54.14],[-165.62,54.18],[-165.65,54.25],[-165.59,54.28],[-165.55,54.28],[-165.53,54.27],[-165.49,54.22],[-165.44,54.21],[-165.41,54.2],[-165.47,54.18],[-165.56,54.14]]],[[[-160.92,58.58],[-160.99,58.56],[-161.07,58.57],[-161.13,58.67],[-161.08,58.67],[-160.99,58.74],[-160.77,58.79],[-160.72,58.8],[-160.92,58.58]]],[[[-172.74,60.46],[-172.53,60.39],[-172.39,60.4],[-172.28,60.34],[-172.23,60.3],[-172.4,60.33],[-172.64,60.33],[-172.96,60.46],[-173.07,60.49],[-173.05,60.57],[-172.92,60.61],[-172.86,60.51],[-172.74,60.46]]],[[[-170.16,57.18],[-170.26,57.14],[-170.36,57.15],[-170.39,57.19],[-170.39,57.2],[-170.12,57.24],[-170.16,57.18]]],[[[-169.69,52.85],[-169.71,52.81],[-169.72,52.79],[-169.88,52.81],[-169.98,52.81],[-169.99,52.83],[-169.98,52.85],[-169.82,52.88],[-169.75,52.88],[-169.71,52.87],[-169.69,52.85]]],[[[-170.73,52.58],[-170.8,52.55],[-170.82,52.56],[-170.83,52.6],[-170.79,52.63],[-170.68,52.7],[-170.61,52.69],[-170.58,52.67],[-170.59,52.64],[-170.61,52.61],[-170.65,52.59],[-170.69,52.59],[-170.73,52.58]]],[[[-172.46,52.27],[-172.54,52.26],[-172.62,52.27],[-172.58,52.33],[-172.54,52.35],[-172.47,52.39],[-172.38,52.37],[-172.31,52.33],[-172.46,52.27]]],[[[-169.76,56.64],[-169.62,56.62],[-169.55,56.63],[-169.49,56.62],[-169.47,56.59],[-169.59,56.54],[-169.63,56.55],[-169.77,56.61],[-169.76,56.64]]],[[[-176.29,51.79],[-176.35,51.73],[-176.4,51.76],[-176.41,51.84],[-176.38,51.86],[-176.28,51.8],[-176.29,51.79]]],[[[-176.02,52.0],[-176.05,51.97],[-176.14,52.0],[-176.18,52.03],[-176.18,52.06],[-176.16,52.1],[-176.08,52.1],[-176.03,52.08],[-175.99,52.05],[-175.98,52.03],[-176.02,52.0]]],[[[-177.15,51.72],[-177.18,51.7],[-177.23,51.69],[-177.38,51.7],[-177.47,51.7],[-177.58,51.69],[-177.65,51.68],[-177.67,51.7],[-177.67,51.72],[-177.33,51.78],[-177.26,51.8],[-177.21,51.84],[-177.17,51.91],[-177.13,51.93],[-177.11,51.93],[-177.06,51.9],[-177.08,51.87],[-177.12,51.84],[-177.14,51.81],[-177.15,51.72]]],[[[178.58,51.92],[178.51,51.9],[178.48,51.94],[178.47,51.97],[178.51,51.99],[178.57,51.98],[178.61,51.95],[178.58,51.92]]],[[[179.45,51.37],[179.28,51.37],[178.93,51.54],[178.75,51.59],[178.65,51.64],[178.69,51.66],[178.91,51.62],[179.08,51.53],[179.18,51.47],[179.29,51.42],[179.42,51.4],[179.45,51.37]]],[[[173.72,52.36],[173.66,52.36],[173.62,52.39],[173.4,52.4],[173.42,52.44],[173.52,52.45],[173.66,52.5],[173.78,52.5],[173.74,52.45],[173.72,52.36]]],[[[-134.97,57.35],[-134.88,57.24],[-134.82,57.16],[-134.77,57.05],[-134.68,56.84],[-134.63,56.76],[-134.62,56.72],[-134.61,56.6],[-134.62,56.58],[-134.65,56.56],[-134.66,56.52],[-134.63,56.44],[-134.63,56.3],[-134.65,56.23],[-134.68,56.22],[-134.75,56.24],[-134.81,56.28],[-134.85,56.32],[-134.95,56.46],[-134.98,56.52],[-134.98,56.56],[-134.97,56.6],[-134.93,56.62],[-134.88,56.67],[-134.88,56.68],[-134.93,56.67],[-135.02,56.66],[-135.1,56.7],[-135.16,56.73],[-135.15,56.8],[-135.16,56.82],[-135.28,56.8],[-135.33,56.82],[-135.34,56.85],[-135.34,56.89],[-135.32,56.93],[-135.2,57.03],[-135.21,57.04],[-135.27,57.05],[-135.34,57.08],[-135.38,57.19],[-135.45,57.25],[-135.5,57.24],[-135.61,57.07],[-135.66,57.03],[-135.81,57.01],[-135.78,57.06],[-135.77,57.1],[-135.82,57.23],[-135.82,57.28],[-135.79,57.32],[-135.68,57.33],[-135.62,57.35],[-135.58,57.39],[-135.57,57.42],[-135.49,57.52],[-135.45,57.53],[-135.35,57.53],[-135.13,57.43],[-135.07,57.42],[-134.97,57.35]]],[[[-134.68,58.16],[-134.43,58.14],[-134.24,58.14],[-134.07,57.99],[-133.97,57.87],[-133.9,57.79],[-133.87,57.71],[-133.82,57.63],[-133.83,57.62],[-133.93,57.67],[-134.0,57.78],[-134.03,57.82],[-134.07,57.84],[-134.1,57.88],[-134.18,57.98],[-134.18,58.01],[-134.21,58.04],[-134.25,58.05],[-134.29,58.04],[-134.31,58.03],[-134.3,57.96],[-134.27,57.88],[-134.08,57.71],[-133.96,57.61],[-133.94,57.58],[-133.92,57.49],[-133.97,57.45],[-133.91,57.37],[-133.91,57.35],[-133.93,57.34],[-134.1,57.3],[-134.26,57.15],[-134.44,57.06],[-134.52,57.04],[-134.55,57.06],[-134.59,57.09],[-134.61,57.14],[-134.62,57.2],[-134.58,57.23],[-134.49,57.42],[-134.49,57.48],[-134.59,57.57],[-134.66,57.64],[-134.7,57.74],[-134.75,58.0],[-134.78,58.08],[-134.82,58.15],[-134.87,58.2],[-134.91,58.26],[-134.93,58.33],[-134.92,58.35],[-134.84,58.32],[-134.73,58.23],[-134.68,58.16]]],[[[-135.73,58.24],[-135.59,58.15],[-135.59,58.12],[-135.62,58.06],[-135.69,58.04],[-135.67,58.01],[-135.61,57.99],[-135.57,58.01],[-135.42,58.1],[-135.37,58.12],[-135.35,58.12],[-135.16,58.1],[-135.0,58.05],[-134.95,58.02],[-134.93,57.95],[-134.97,57.82],[-135.1,57.79],[-135.16,57.8],[-135.23,57.82],[-135.34,57.77],[-135.25,57.73],[-134.98,57.72],[-134.9,57.65],[-134.87,57.59],[-134.93,57.48],[-135.08,57.51],[-135.22,57.57],[-135.5,57.66],[-135.56,57.67],[-135.61,57.65],[-135.62,57.6],[-135.62,57.48],[-135.69,57.42],[-135.91,57.45],[-136.0,57.53],[-136.08,57.67],[-136.38,57.84],[-136.46,57.87],[-136.57,57.97],[-136.53,58.05],[-136.51,58.1],[-136.45,58.11],[-136.37,58.14],[-136.32,58.22],[-136.25,58.16],[-136.14,58.1],[-136.14,58.15],[-136.09,58.2],[-135.99,58.2],[-135.95,58.21],[-135.88,58.25],[-135.79,58.27],[-135.73,58.24]]],[[[-133.57,56.34],[-133.38,56.32],[-133.2,56.32],[-133.14,56.28],[-133.1,56.24],[-133.08,56.19],[-133.08,56.16],[-133.08,56.13],[-133.1,56.1],[-133.1,56.09],[-132.76,56.0],[-132.6,55.9],[-132.53,55.84],[-132.5,55.8],[-132.43,55.69],[-132.29,55.56],[-132.21,55.52],[-132.17,55.48],[-132.2,55.48],[-132.3,55.51],[-132.51,55.59],[-132.53,55.59],[-132.55,55.54],[-132.58,55.5],[-132.63,55.47],[-132.59,55.46],[-132.42,55.48],[-132.27,55.4],[-132.22,55.38],[-132.16,55.32],[-132.16,55.3],[-132.19,55.25],[-132.21,55.24],[-132.21,55.22],[-132.17,55.22],[-132.01,55.23],[-131.98,55.21],[-132.0,55.03],[-131.98,54.97],[-131.98,54.94],[-132.0,54.9],[-132.0,54.87],[-131.98,54.83],[-131.98,54.8],[-132.02,54.73],[-132.06,54.71],[-132.13,54.71],[-132.19,54.73],[-132.27,54.8],[-132.34,54.91],[-132.37,54.92],[-132.47,54.94],[-132.49,54.95],[-132.55,54.95],[-132.59,55.0],[-132.59,55.05],[-132.63,55.11],[-132.62,55.14],[-132.67,55.15],[-132.7,55.13],[-132.68,55.07],[-132.7,55.03],[-132.78,55.05],[-132.91,55.19],[-133.06,55.3],[-133.12,55.33],[-133.1,55.36],[-133.03,55.38],[-132.97,55.38],[-132.96,55.4],[-133.08,55.5],[-133.08,55.53],[-133.03,55.59],[-133.09,55.61],[-133.24,55.6],[-133.3,55.61],[-133.34,55.65],[-133.37,55.69],[-133.5,55.7],[-133.55,55.69],[-133.64,55.75],[-133.68,55.79],[-133.66,55.8],[-133.58,55.84],[-133.54,55.83],[-133.45,55.8],[-133.41,55.8],[-133.32,55.84],[-133.31,55.89],[-133.24,55.92],[-133.25,55.96],[-133.29,56.02],[-133.37,56.04],[-133.54,56.0],[-133.68,55.94],[-133.74,55.96],[-133.76,56.0],[-133.6,56.09],[-133.53,56.15],[-133.54,56.18],[-133.59,56.22],[-133.6,56.32],[-133.57,56.34]]],[[[-133.99,56.84],[-133.92,56.78],[-133.83,56.78],[-133.78,56.73],[-133.74,56.65],[-133.77,56.6],[-133.81,56.61],[-133.86,56.58],[-133.88,56.49],[-133.87,56.39],[-133.88,56.29],[-133.94,56.19],[-133.95,56.13],[-133.97,56.11],[-133.99,56.1],[-134.02,56.12],[-134.07,56.13],[-134.12,56.08],[-134.19,56.08],[-134.25,56.2],[-134.2,56.41],[-134.08,56.46],[-134.15,56.51],[-134.29,56.58],[-134.28,56.62],[-134.38,56.72],[-134.39,56.75],[-134.37,56.84],[-134.27,56.92],[-134.14,56.93],[-134.05,56.9],[-134.0,56.87],[-133.99,56.84]]],[[[-152.42,58.36],[-152.38,58.35],[-152.34,58.41],[-152.32,58.41],[-152.2,58.36],[-152.13,58.37],[-152.08,58.31],[-152.04,58.31],[-152.0,58.31],[-151.97,58.31],[-151.98,58.24],[-152.07,58.18],[-152.11,58.16],[-152.17,58.18],[-152.19,58.18],[-152.22,58.21],[-152.25,58.25],[-152.27,58.25],[-152.33,58.21],[-152.33,58.19],[-152.31,58.15],[-152.31,58.13],[-152.38,58.12],[-152.45,58.13],[-152.54,58.1],[-152.56,58.12],[-152.57,58.17],[-152.6,58.16],[-152.64,58.1],[-152.68,58.06],[-152.76,58.03],[-152.78,58.02],[-152.84,58.01],[-152.93,57.99],[-152.98,58.0],[-153.31,58.06],[-153.38,58.09],[-153.12,58.24],[-152.98,58.3],[-152.9,58.29],[-152.81,58.28],[-152.77,58.28],[-152.77,58.35],[-152.84,58.4],[-152.84,58.42],[-152.67,58.45],[-152.61,58.45],[-152.54,58.43],[-152.48,58.4],[-152.42,58.36]]],[[[-167.96,53.35],[-168.27,53.24],[-168.37,53.16],[-168.45,53.08],[-168.51,53.04],[-168.55,53.04],[-168.6,53.02],[-168.7,52.96],[-168.74,52.96],[-169.07,52.83],[-169.09,52.83],[-169.07,52.86],[-168.97,52.91],[-168.91,52.95],[-168.84,53.02],[-168.8,53.04],[-168.78,53.08],[-168.78,53.15],[-168.76,53.18],[-168.69,53.23],[-168.64,53.26],[-168.57,53.27],[-168.44,53.26],[-168.38,53.28],[-168.36,53.3],[-168.4,53.32],[-168.41,53.35],[-168.4,53.41],[-168.36,53.46],[-168.29,53.5],[-168.19,53.53],[-168.07,53.56],[-167.99,53.56],[-167.83,53.51],[-167.8,53.48],[-167.84,53.43],[-167.87,53.39],[-167.96,53.35]]],[[[-166.62,53.9],[-166.57,53.85],[-166.5,53.88],[-166.44,53.92],[-166.4,53.98],[-166.37,54.0],[-166.34,53.97],[-166.23,53.93],[-166.32,53.87],[-166.49,53.79],[-166.55,53.73],[-166.55,53.7],[-166.38,53.72],[-166.34,53.72],[-166.31,53.7],[-166.35,53.67],[-166.44,53.65],[-166.52,53.61],[-166.7,53.54],[-166.77,53.48],[-166.85,53.45],[-166.96,53.45],[-167.15,53.41],[-167.27,53.37],[-167.3,53.35],[-167.34,53.34],[-167.38,53.34],[-167.43,53.33],[-167.48,53.29],[-167.52,53.28],[-167.59,53.27],[-167.63,53.26],[-167.67,53.26],[-167.78,53.3],[-167.81,53.32],[-167.71,53.37],[-167.64,53.39],[-167.53,53.39],[-167.42,53.44],[-167.2,53.49],[-167.14,53.53],[-167.09,53.64],[-167.04,53.65],[-167.02,53.7],[-166.89,53.7],[-166.84,53.65],[-166.82,53.64],[-166.81,53.65],[-166.8,53.69],[-166.74,53.71],[-166.78,53.73],[-166.89,53.76],[-166.97,53.77],[-167.03,53.77],[-167.07,53.78],[-167.11,53.81],[-167.12,53.84],[-167.12,53.87],[-167.09,53.91],[-167.04,53.94],[-166.98,53.96],[-166.85,53.98],[-166.73,54.0],[-166.67,54.01],[-166.63,54.0],[-166.62,53.9]]],[[[-173.55,52.14],[-173.36,52.1],[-173.11,52.1],[-173.02,52.09],[-173.02,52.08],[-173.18,52.06],[-173.23,52.07],[-173.37,52.05],[-173.46,52.04],[-173.67,52.06],[-173.84,52.05],[-173.88,52.05],[-173.93,52.07],[-173.99,52.1],[-173.99,52.12],[-173.94,52.13],[-173.79,52.1],[-173.78,52.12],[-173.66,52.14],[-173.55,52.14]]],[[[-174.68,52.04],[-175.21,51.99],[-175.3,52.02],[-175.21,52.04],[-175.12,52.05],[-174.92,52.09],[-174.67,52.13],[-174.47,52.18],[-174.31,52.22],[-174.26,52.27],[-174.41,52.3],[-174.44,52.32],[-174.37,52.34],[-174.31,52.38],[-174.17,52.42],[-174.05,52.37],[-174.02,52.33],[-174.03,52.29],[-174.05,52.25],[-174.16,52.22],[-174.18,52.2],[-174.12,52.14],[-174.34,52.08],[-174.68,52.04]]],[[[-176.59,51.87],[-176.59,51.83],[-176.47,51.84],[-176.44,51.82],[-176.44,51.75],[-176.45,51.74],[-176.47,51.73],[-176.51,51.75],[-176.56,51.71],[-176.77,51.63],[-176.84,51.68],[-176.96,51.6],[-176.87,51.79],[-176.77,51.82],[-176.74,51.84],[-176.75,51.89],[-176.7,51.99],[-176.6,51.98],[-176.55,51.94],[-176.55,51.92],[-176.59,51.87]]],[[[-177.88,51.65],[-177.9,51.62],[-177.93,51.62],[-178.06,51.67],[-178.08,51.69],[-178.0,51.72],[-177.98,51.74],[-177.99,51.76],[-178.05,51.8],[-178.15,51.85],[-178.19,51.88],[-178.17,51.9],[-178.12,51.92],[-177.95,51.92],[-177.87,51.86],[-177.8,51.84],[-177.64,51.83],[-177.72,51.8],[-177.77,51.78],[-177.83,51.69],[-177.88,51.65]]],[[[179.73,51.91],[179.65,51.88],[179.55,51.89],[179.5,51.93],[179.5,51.98],[179.63,52.03],[179.78,51.97],[179.73,51.91]]],[[[177.42,51.88],[177.33,51.84],[177.26,51.88],[177.25,51.9],[177.38,51.98],[177.48,51.99],[177.52,52.02],[177.56,52.11],[177.64,52.11],[177.67,52.1],[177.65,52.06],[177.6,51.99],[177.59,51.95],[177.42,51.88]]],[[[172.81,53.01],[172.98,52.98],[173.1,53.0],[173.25,52.94],[173.44,52.85],[173.39,52.83],[173.35,52.82],[173.3,52.83],[173.16,52.81],[173.08,52.81],[172.94,52.75],[172.78,52.8],[172.72,52.89],[172.6,52.91],[172.49,52.94],[172.68,53.01],[172.81,53.01]]],[[[-155.58,19.01],[-155.63,18.96],[-155.68,18.97],[-155.88,19.07],[-155.91,19.13],[-155.89,19.38],[-155.97,19.59],[-156.05,19.75],[-155.99,19.83],[-155.91,19.89],[-155.82,20.01],[-155.89,20.17],[-155.87,20.26],[-155.83,20.28],[-155.62,20.16],[-155.2,19.99],[-155.09,19.88],[-155.07,19.75],[-154.99,19.73],[-154.95,19.64],[-154.84,19.57],[-154.8,19.52],[-154.85,19.45],[-155.05,19.32],[-155.31,19.26],[-155.54,19.11],[-155.58,19.01]]],[[[-157.21,21.22],[-157.0,21.19],[-156.95,21.2],[-156.92,21.18],[-156.74,21.16],[-156.71,21.16],[-156.75,21.1],[-156.86,21.06],[-157.02,21.1],[-157.29,21.11],[-157.28,21.15],[-157.25,21.18],[-157.25,21.23],[-157.21,21.22]]],[[[-156.49,20.93],[-156.46,20.91],[-156.35,20.94],[-156.28,20.95],[-156.15,20.89],[-156.1,20.84],[-156.02,20.79],[-155.99,20.76],[-156.01,20.71],[-156.11,20.64],[-156.23,20.63],[-156.31,20.6],[-156.41,20.61],[-156.44,20.62],[-156.45,20.71],[-156.48,20.8],[-156.54,20.79],[-156.62,20.82],[-156.69,20.9],[-156.7,20.95],[-156.66,21.02],[-156.59,21.03],[-156.53,20.99],[-156.49,20.93]]],[[[-157.8,21.46],[-157.76,21.45],[-157.72,21.46],[-157.71,21.38],[-157.65,21.33],[-157.64,21.31],[-157.69,21.28],[-157.8,21.27],[-157.85,21.29],[-157.9,21.34],[-157.96,21.33],[-157.97,21.37],[-157.98,21.38],[-158.02,21.37],[-157.98,21.32],[-158.08,21.31],[-158.11,21.32],[-158.14,21.38],[-158.24,21.49],[-158.24,21.53],[-158.27,21.59],[-158.12,21.6],[-158.02,21.69],[-157.96,21.7],[-157.85,21.55],[-157.85,21.51],[-157.83,21.47],[-157.8,21.46]]],[[[-159.37,21.93],[-159.46,21.88],[-159.51,21.9],[-159.61,21.91],[-159.65,21.95],[-159.75,21.99],[-159.79,22.04],[-159.73,22.14],[-159.58,22.22],[-159.35,22.22],[-159.3,22.15],[-159.3,22.11],[-159.33,22.05],[-159.34,21.97],[-159.37,21.93]]],[[[-160.18,21.84],[-160.2,21.8],[-160.23,21.8],[-160.24,21.84],[-160.22,21.9],[-160.16,21.94],[-160.1,22.02],[-160.05,22.0],[-160.08,21.96],[-160.08,21.91],[-160.15,21.88],[-160.18,21.84]]],[[[-156.85,20.77],[-156.91,20.74],[-156.97,20.76],[-156.99,20.83],[-157.05,20.91],[-156.94,20.93],[-156.88,20.9],[-156.85,20.88],[-156.81,20.83],[-156.85,20.77]]],[[[-74.71,45.0],[-74.66,45.0],[-74.43,45.0],[-74.01,45.0],[-73.6,45.01],[-73.18,45.01],[-72.77,45.01],[-72.35,45.01],[-71.93,45.01],[-71.52,45.01],[-71.42,45.2],[-71.33,45.29],[-71.2,45.26],[-71.13,45.26],[-71.06,45.31],[-71.0,45.34],[-70.96,45.33],[-70.93,45.29],[-70.9,45.26],[-70.87,45.27],[-70.84,45.31],[-70.84,45.37],[-70.8,45.4],[-70.75,45.41],[-70.71,45.41],[-70.69,45.43],[-70.69,45.46],[-70.71,45.5],[-70.7,45.55],[-70.6,45.64],[-70.47,45.71],[-70.42,45.74],[-70.41,45.8],[-70.33,45.87],[-70.3,45.91],[-70.29,45.94],[-70.31,45.98],[-70.3,46.06],[-70.28,46.15],[-70.25,46.25],[-70.18,46.34],[-70.07,46.44],[-70.04,46.57],[-70.01,46.71],[-69.87,46.84],[-69.72,46.99],[-69.63,47.08],[-69.47,47.24],[-69.36,47.35],[-69.3,47.4],[-69.24,47.46],[-69.15,47.44],[-69.05,47.43],[-69.06,47.34],[-69.05,47.27],[-69.0,47.24],[-68.94,47.21],[-68.89,47.2],[-68.83,47.2],[-68.67,47.25],[-68.48,47.29],[-68.38,47.32],[-68.36,47.34],[-68.31,47.35],[-68.24,47.35],[-68.1,47.27],[-67.93,47.17],[-67.81,47.08],[-67.8,46.94],[-67.8,46.78],[-67.8,46.62],[-67.8,46.5],[-67.79,46.34],[-67.79,46.21],[-67.79,46.04],[-67.78,45.95],[-67.77,45.93],[-67.78,45.89],[-67.78,45.87],[-67.78,45.86],[-67.77,45.84],[-67.78,45.82],[-67.79,45.8],[-67.8,45.77],[-67.8,45.73],[-67.78,45.7],[-67.76,45.69],[-67.73,45.69],[-67.7,45.67],[-67.66,45.64],[-67.6,45.62],[-67.53,45.61],[-67.49,45.62],[-67.43,45.6],[-67.41,45.57],[-67.42,45.53],[-67.45,45.51],[-67.49,45.5],[-67.49,45.47],[-67.48,45.45],[-67.45,45.42],[-67.43,45.38],[-67.44,45.34],[-67.46,45.31],[-67.47,45.28],[-67.45,45.25],[-67.4,45.21],[-67.37,45.17],[-67.32,45.15],[-67.29,45.17],[-67.27,45.19],[-67.25,45.2],[-67.21,45.19],[-67.17,45.18],[-67.12,45.17],[-67.13,45.14],[-67.1,45.09],[-67.08,44.99],[-67.11,44.94],[-67.11,44.89],[-67.01,44.87],[-66.99,44.85],[-66.99,44.83],[-67.19,44.68],[-67.36,44.7],[-67.46,44.66],[-67.56,44.64],[-67.6,44.58],[-67.65,44.56],[-67.73,44.57],[-67.79,44.59],[-67.84,44.58],[-67.91,44.45],[-67.96,44.46],[-67.98,44.42],[-68.01,44.4],[-68.06,44.38],[-68.09,44.44],[-68.12,44.49],[-68.15,44.5],[-68.2,44.52],[-68.25,44.51],[-68.28,44.51],[-68.32,44.47],[-68.37,44.45],[-68.42,44.47],[-68.45,44.51],[-68.48,44.45],[-68.52,44.38],[-68.51,44.3],[-68.53,44.26],[-68.57,44.27],[-68.61,44.31],[-68.72,44.34],[-68.81,44.34],[-68.79,44.38],[-68.71,44.44],[-68.74,44.45],[-68.78,44.45],[-68.79,44.45],[-68.77,44.51],[-68.76,44.57],[-68.8,44.55],[-68.85,44.49],[-68.96,44.43],[-68.96,44.35],[-69.06,44.17],[-69.07,44.1],[-69.14,44.04],[-69.23,43.99],[-69.34,44.0],[-69.43,43.96],[-69.48,43.91],[-69.52,43.9],[-69.54,43.96],[-69.56,43.98],[-69.59,43.89],[-69.62,43.88],[-69.64,43.95],[-69.65,43.99],[-69.7,43.96],[-69.73,43.85],[-69.76,43.86],[-69.77,43.9],[-69.8,43.91],[-69.8,43.87],[-69.79,43.81],[-69.81,43.77],[-69.84,43.79],[-69.87,43.82],[-69.93,43.8],[-69.97,43.79],[-69.97,43.82],[-69.97,43.86],[-70.06,43.83],[-70.18,43.77],[-70.27,43.67],[-70.24,43.66],[-70.2,43.63],[-70.36,43.48],[-70.52,43.35],[-70.64,43.13],[-70.69,43.11],[-70.73,43.07],[-70.78,42.94],[-70.83,42.83],[-70.8,42.77],[-70.78,42.72],[-70.74,42.67],[-70.7,42.66],[-70.65,42.67],[-70.62,42.67],[-70.6,42.65],[-70.61,42.62],[-70.66,42.62],[-70.75,42.57],[-70.83,42.55],[-70.87,42.5],[-70.93,42.43],[-71.05,42.33],[-71.0,42.3],[-70.82,42.26],[-70.74,42.23],[-70.62,42.04],[-70.65,42.02],[-70.66,41.99],[-70.55,41.94],[-70.51,41.8],[-70.43,41.76],[-70.3,41.73],[-70.14,41.77],[-70.0,41.83],[-70.01,41.87],[-70.09,41.98],[-70.11,42.03],[-70.17,42.06],[-70.2,42.04],[-70.24,42.07],[-70.24,42.09],[-70.2,42.1],[-70.16,42.1],[-70.11,42.08],[-69.98,41.96],[-69.94,41.81],[-69.93,41.71],[-69.95,41.68],[-69.99,41.68],[-70.06,41.68],[-70.4,41.63],[-70.48,41.58],[-70.66,41.53],[-70.67,41.56],[-70.66,41.61],[-70.67,41.71],[-70.7,41.71],[-70.97,41.55],[-71.08,41.54],[-71.17,41.49],[-71.19,41.52],[-71.2,41.64],[-71.15,41.75],[-71.18,41.74],[-71.27,41.68],[-71.31,41.72],[-71.33,41.76],[-71.36,41.79],[-71.39,41.8],[-71.36,41.7],[-71.43,41.63],[-71.44,41.45],[-71.52,41.38],[-71.77,41.33],[-71.93,41.34],[-72.07,41.33],[-72.27,41.29],[-72.37,41.31],[-72.48,41.28],[-72.85,41.27],[-72.92,41.29],[-73.02,41.22],[-73.18,41.18],[-73.58,41.02],[-73.67,40.97],[-73.78,40.88],[-73.85,40.83],[-73.91,40.82],[-73.95,40.78],[-73.99,40.75],[-73.95,40.84],[-73.91,40.91],[-73.87,41.06],[-73.88,41.17],[-73.93,41.22],[-73.97,41.25],[-73.92,41.14],[-73.91,41.0],[-73.93,40.91],[-74.03,40.76],[-74.07,40.72],[-74.12,40.69],[-74.15,40.67],[-74.19,40.65],[-74.23,40.61],[-74.26,40.53],[-74.24,40.46],[-74.05,40.43],[-74.0,40.45],[-73.97,40.4],[-73.96,40.33],[-73.97,40.25],[-74.0,40.17],[-74.03,40.07],[-74.05,39.92],[-74.08,39.79],[-74.08,39.83],[-74.06,39.99],[-74.1,39.98],[-74.12,39.94],[-74.18,39.73],[-74.26,39.61],[-74.33,39.54],[-74.41,39.55],[-74.39,39.49],[-74.41,39.45],[-74.43,39.39],[-74.47,39.34],[-74.52,39.35],[-74.58,39.32],[-74.6,39.29],[-74.6,39.25],[-74.65,39.21],[-74.79,39.0],[-74.92,38.94],[-74.95,38.95],[-74.92,39.05],[-74.9,39.15],[-74.98,39.19],[-75.05,39.21],[-75.14,39.21],[-75.23,39.28],[-75.35,39.34],[-75.52,39.49],[-75.52,39.53],[-75.52,39.6],[-75.47,39.71],[-75.42,39.79],[-75.35,39.83],[-75.15,39.87],[-75.1,39.93],[-75.07,39.98],[-75.17,39.89],[-75.32,39.86],[-75.4,39.83],[-75.46,39.78],[-75.5,39.72],[-75.59,39.64],[-75.58,39.59],[-75.57,39.55],[-75.57,39.48],[-75.52,39.4],[-75.41,39.28],[-75.39,39.09],[-75.31,38.97],[-75.19,38.82],[-75.09,38.78],[-75.08,38.72],[-75.13,38.63],[-75.19,38.59],[-75.11,38.6],[-75.07,38.58],[-75.04,38.5],[-75.04,38.43],[-75.05,38.38],[-75.07,38.37],[-75.07,38.41],[-75.09,38.43],[-75.12,38.41],[-75.13,38.38],[-75.14,38.3],[-75.16,38.26],[-75.23,38.24],[-75.29,38.13],[-75.35,38.07],[-75.6,37.63],[-75.59,37.56],[-75.63,37.54],[-75.7,37.52],[-75.77,37.47],[-75.81,37.43],[-75.85,37.3],[-75.93,37.15],[-75.98,37.21],[-76.0,37.26],[-75.98,37.4],[-75.89,37.62],[-75.79,37.76],[-75.72,37.82],[-75.66,37.95],[-75.74,37.97],[-75.85,37.97],[-75.83,38.03],[-75.8,38.09],[-75.86,38.14],[-75.89,38.15],[-75.93,38.17],[-75.88,38.21],[-75.86,38.26],[-75.88,38.32],[-75.86,38.36],[-75.89,38.36],[-75.94,38.31],[-75.97,38.29],[-75.99,38.33],[-76.01,38.32],[-76.02,38.29],[-76.05,38.28],[-76.12,38.32],[-76.21,38.36],[-76.26,38.44],[-76.29,38.49],[-76.26,38.6],[-76.2,38.62],[-76.11,38.6],[-76.0,38.6],[-76.02,38.63],[-76.06,38.62],[-76.17,38.71],[-76.21,38.76],[-76.28,38.77],[-76.31,38.72],[-76.34,38.71],[-76.3,38.82],[-76.25,38.82],[-76.17,38.85],[-76.19,38.92],[-76.24,38.94],[-76.33,38.91],[-76.33,38.95],[-76.31,39.01],[-76.25,39.01],[-76.19,38.99],[-76.14,39.08],[-76.13,39.12],[-76.22,39.06],[-76.24,39.19],[-76.15,39.32],[-76.07,39.37],[-75.98,39.37],[-75.88,39.38],[-75.94,39.4],[-76.0,39.41],[-75.95,39.46],[-75.91,39.47],[-75.87,39.51],[-75.97,39.5],[-75.96,39.59],[-76.01,39.57],[-76.06,39.56],[-76.09,39.53],[-76.08,39.47],[-76.1,39.43],[-76.14,39.4],[-76.22,39.38],[-76.22,39.42],[-76.25,39.44],[-76.26,39.35],[-76.28,39.32],[-76.33,39.4],[-76.35,39.39],[-76.35,39.36],[-76.36,39.32],[-76.41,39.3],[-76.4,39.25],[-76.42,39.23],[-76.57,39.27],[-76.57,39.25],[-76.49,39.16],[-76.43,39.13],[-76.42,39.07],[-76.47,39.03],[-76.55,39.07],[-76.56,39.07],[-76.52,39.0],[-76.49,38.95],[-76.52,38.9],[-76.52,38.84],[-76.52,38.79],[-76.54,38.74],[-76.5,38.53],[-76.46,38.47],[-76.42,38.42],[-76.39,38.37],[-76.44,38.36],[-76.51,38.4],[-76.57,38.44],[-76.65,38.54],[-76.66,38.58],[-76.68,38.61],[-76.67,38.54],[-76.64,38.45],[-76.41,38.27],[-76.37,38.2],[-76.33,38.14],[-76.34,38.09],[-76.4,38.13],[-76.45,38.17],[-76.59,38.23],[-76.77,38.26],[-76.87,38.39],[-76.87,38.34],[-76.89,38.29],[-76.95,38.35],[-76.99,38.39],[-77.0,38.45],[-77.08,38.44],[-77.16,38.4],[-77.23,38.41],[-77.24,38.49],[-77.22,38.54],[-77.13,38.65],[-77.05,38.71],[-77.02,38.78],[-77.03,38.89],[-77.05,38.78],[-77.09,38.72],[-77.16,38.68],[-77.26,38.6],[-77.28,38.53],[-77.31,38.4],[-77.27,38.35],[-77.23,38.34],[-77.11,38.37],[-77.05,38.36],[-76.91,38.2],[-76.64,38.13],[-76.55,38.09],[-76.47,38.01],[-76.35,37.96],[-76.26,37.89],[-76.26,37.85],[-76.29,37.79],[-76.31,37.72],[-76.34,37.68],[-76.44,37.67],[-76.49,37.68],[-76.79,37.94],[-76.83,37.96],[-76.94,38.1],[-77.07,38.17],[-77.11,38.17],[-76.93,38.03],[-76.85,37.94],[-76.72,37.81],[-76.62,37.76],[-76.55,37.67],[-76.48,37.63],[-76.31,37.57],[-76.37,37.53],[-76.27,37.5],[-76.25,37.43],[-76.26,37.36],[-76.4,37.39],[-76.41,37.33],[-76.39,37.3],[-76.45,37.27],[-76.54,37.31],[-76.76,37.51],[-76.76,37.48],[-76.74,37.45],[-76.61,37.32],[-76.5,37.25],[-76.4,37.21],[-76.33,37.15],[-76.3,37.11],[-76.28,37.05],[-76.34,37.01],[-76.4,36.99],[-76.46,37.03],[-76.51,37.07],[-76.6,37.14],[-76.63,37.22],[-76.7,37.22],[-77.01,37.32],[-77.25,37.33],[-77.23,37.31],[-77.2,37.3],[-77.0,37.27],[-76.93,37.23],[-76.77,37.18],[-76.67,37.17],[-76.63,37.05],[-76.5,36.96],[-76.49,36.9],[-76.4,36.89],[-76.24,36.95],[-76.14,36.93],[-76.0,36.91],[-75.97,36.86],[-75.94,36.77],[-75.89,36.66],[-75.76,36.23],[-75.56,35.88],[-75.53,35.82],[-75.58,35.87],[-75.73,36.1],[-75.81,36.27],[-75.89,36.57],[-75.92,36.63],[-75.95,36.66],[-75.97,36.64],[-75.97,36.6],[-75.96,36.57],[-75.99,36.47],[-75.98,36.43],[-75.92,36.38],[-75.87,36.27],[-75.82,36.11],[-75.88,36.18],[-75.95,36.21],[-76.05,36.23],[-76.15,36.28],[-76.14,36.22],[-76.15,36.15],[-76.22,36.17],[-76.27,36.19],[-76.23,36.12],[-76.32,36.14],[-76.38,36.13],[-76.42,36.07],[-76.48,36.03],[-76.56,36.02],[-76.68,36.08],[-76.72,36.15],[-76.73,36.23],[-76.74,36.13],[-76.72,36.03],[-76.73,35.96],[-76.61,35.94],[-76.5,35.96],[-76.36,35.95],[-76.26,35.97],[-76.21,35.99],[-76.07,35.97],[-76.06,35.88],[-76.08,35.79],[-76.08,35.69],[-76.05,35.69],[-76.0,35.72],[-75.98,35.9],[-75.85,35.96],[-75.81,35.96],[-75.77,35.9],[-75.76,35.84],[-75.74,35.77],[-75.77,35.65],[-75.97,35.51],[-76.1,35.38],[-76.17,35.35],[-76.28,35.37],[-76.39,35.4],[-76.45,35.41],[-76.49,35.4],[-76.52,35.44],[-76.53,35.51],[-76.58,35.53],[-76.61,35.53],[-76.63,35.45],[-76.74,35.43],[-76.89,35.46],[-77.04,35.53],[-76.97,35.46],[-76.6,35.33],[-76.55,35.31],[-76.51,35.27],[-76.57,35.22],[-76.61,35.15],[-76.61,35.1],[-76.63,35.07],[-76.78,34.99],[-76.86,35.0],[-77.07,35.15],[-76.97,35.03],[-76.9,34.97],[-76.74,34.94],[-76.46,34.99],[-76.36,34.94],[-76.44,34.84],[-76.52,34.78],[-76.62,34.77],[-76.71,34.75],[-76.73,34.71],[-76.8,34.7],[-76.9,34.7],[-77.05,34.7],[-77.13,34.71],[-77.25,34.62],[-77.3,34.6],[-77.36,34.62],[-77.38,34.69],[-77.41,34.73],[-77.41,34.59],[-77.4,34.55],[-77.38,34.53],[-77.52,34.45],[-77.65,34.36],[-77.7,34.33],[-77.75,34.28],[-77.86,34.15],[-77.89,34.05],[-77.93,33.94],[-77.93,33.99],[-77.93,34.07],[-77.95,34.17],[-77.97,33.99],[-78.01,33.91],[-78.41,33.92],[-78.58,33.87],[-78.84,33.72],[-78.92,33.66],[-79.14,33.41],[-79.19,33.24],[-79.24,33.31],[-79.23,33.36],[-79.23,33.4],[-79.28,33.32],[-79.23,33.19],[-79.28,33.14],[-79.42,33.04],[-79.5,33.03],[-79.59,33.0],[-79.61,32.91],[-79.74,32.82],[-79.8,32.79],[-79.93,32.81],[-79.89,32.73],[-79.94,32.67],[-80.02,32.62],[-80.12,32.59],[-80.18,32.59],[-80.23,32.58],[-80.27,32.54],[-80.36,32.5],[-80.46,32.52],[-80.57,32.53],[-80.63,32.51],[-80.53,32.48],[-80.47,32.42],[-80.49,32.35],[-80.51,32.32],[-80.58,32.29],[-80.61,32.29],[-80.63,32.33],[-80.65,32.4],[-80.68,32.38],[-80.68,32.35],[-80.71,32.34],[-80.8,32.45],[-80.8,32.36],[-80.77,32.3],[-80.73,32.27],[-80.7,32.25],[-80.69,32.22],[-80.76,32.14],[-80.79,32.13],[-80.85,32.11],[-80.88,32.07],[-80.87,32.03],[-80.92,31.94],[-81.05,31.89],[-81.08,31.89],[-81.11,31.88],[-81.1,31.84],[-81.07,31.81],[-81.07,31.79],[-81.1,31.75],[-81.16,31.74],[-81.2,31.7],[-81.19,31.67],[-81.17,31.65],[-81.17,31.61],[-81.24,31.57],[-81.26,31.54],[-81.22,31.53],[-81.2,31.54],[-81.18,31.53],[-81.22,31.47],[-81.26,31.44],[-81.29,31.37],[-81.38,31.35],[-81.38,31.33],[-81.33,31.31],[-81.29,31.26],[-81.36,31.17],[-81.41,31.18],[-81.44,31.2],[-81.46,31.13],[-81.45,31.09],[-81.47,31.01],[-81.5,30.91],[-81.52,30.87],[-81.52,30.8],[-81.5,30.73],[-81.46,30.64],[-81.39,30.27],[-81.34,30.14],[-81.25,29.79],[-81.1,29.46],[-80.9,29.05],[-80.56,28.56],[-80.52,28.49],[-80.57,28.43],[-80.58,28.36],[-80.58,28.27],[-80.57,28.18],[-80.53,28.07],[-80.46,27.9],[-80.5,27.93],[-80.61,28.18],[-80.62,28.32],[-80.61,28.52],[-80.63,28.52],[-80.65,28.45],[-80.67,28.37],[-80.69,28.34],[-80.73,28.46],[-80.73,28.52],[-80.69,28.58],[-80.7,28.6],[-80.77,28.63],[-80.78,28.68],[-80.77,28.73],[-80.81,28.76],[-80.84,28.76],[-80.82,28.64],[-80.79,28.56],[-80.75,28.38],[-80.69,28.27],[-80.65,28.18],[-80.23,27.21],[-80.13,27.08],[-80.09,26.99],[-80.05,26.81],[-80.04,26.57],[-80.11,26.13],[-80.13,25.83],[-80.14,25.84],[-80.14,25.87],[-80.16,25.88],[-80.22,25.74],[-80.3,25.62],[-80.33,25.43],[-80.37,25.33],[-80.48,25.23],[-80.56,25.23],[-80.74,25.16],[-80.86,25.18],[-81.01,25.13],[-81.11,25.14],[-81.17,25.23],[-81.16,25.27],[-81.14,25.31],[-81.1,25.32],[-80.97,25.22],[-80.94,25.26],[-80.98,25.31],[-81.06,25.34],[-81.11,25.37],[-81.23,25.58],[-81.35,25.73],[-81.36,25.83],[-81.57,25.89],[-81.72,25.98],[-81.81,26.15],[-81.87,26.44],[-81.93,26.47],[-81.96,26.49],[-81.9,26.6],[-81.83,26.69],[-81.88,26.66],[-81.92,26.63],[-81.97,26.55],[-82.01,26.54],[-82.04,26.55],[-82.08,26.7],[-82.07,26.89],[-82.01,26.96],[-82.1,26.96],[-82.18,26.94],[-82.17,26.87],[-82.18,26.84],[-82.24,26.85],[-82.29,26.87],[-82.35,26.94],[-82.44,27.06],[-82.62,27.4],[-82.66,27.45],[-82.71,27.5],[-82.69,27.52],[-82.64,27.52],[-82.52,27.68],[-82.43,27.77],[-82.4,27.84],[-82.41,27.86],[-82.45,27.9],[-82.5,27.87],[-82.52,27.88],[-82.58,27.96],[-82.64,27.98],[-82.68,27.96],[-82.63,27.9],[-82.6,27.87],[-82.61,27.78],[-82.63,27.75],[-82.66,27.72],[-82.72,27.73],[-82.74,27.71],[-82.78,27.73],[-82.81,27.78],[-82.84,27.85],[-82.75,28.24],[-82.66,28.49],[-82.65,28.77],[-82.64,28.81],[-82.65,28.89],[-82.77,29.05],[-83.29,29.45],[-83.69,29.93],[-84.04,30.1],[-84.31,30.06],[-84.36,30.03],[-84.38,29.98],[-84.36,29.93],[-84.38,29.91],[-84.45,29.91],[-84.55,29.9],[-84.8,29.77],[-84.89,29.78],[-84.97,29.75],[-85.03,29.72],[-85.19,29.71],[-85.32,29.68],[-85.38,29.7],[-85.41,29.77],[-85.41,29.84],[-85.38,29.79],[-85.34,29.74],[-85.31,29.76],[-85.31,29.8],[-85.35,29.88],[-85.5,29.98],[-85.68,30.12],[-85.62,30.12],[-85.61,30.15],[-85.66,30.19],[-85.64,30.24],[-85.6,30.29],[-85.68,30.28],[-85.74,30.24],[-85.74,30.2],[-85.76,30.17],[-85.79,30.17],[-85.86,30.21],[-86.18,30.33],[-86.45,30.4],[-86.24,30.43],[-86.12,30.41],[-86.14,30.44],[-86.17,30.46],[-86.26,30.49],[-86.37,30.48],[-86.45,30.5],[-86.52,30.47],[-86.61,30.42],[-86.68,30.4],[-86.97,30.37],[-87.2,30.34],[-87.16,30.37],[-87.12,30.4],[-86.99,30.43],[-86.97,30.5],[-87.0,30.57],[-87.03,30.55],[-87.07,30.5],[-87.12,30.54],[-87.17,30.54],[-87.18,30.45],[-87.25,30.4],[-87.28,30.34],[-87.48,30.29],[-87.5,30.31],[-87.44,30.36],[-87.45,30.39],[-87.51,30.37],[-87.62,30.26],[-88.01,30.23],[-87.99,30.25],[-87.9,30.26],[-87.79,30.29],[-87.81,30.35],[-87.86,30.41],[-87.9,30.41],[-87.92,30.45],[-87.92,30.56],[-87.95,30.63],[-88.01,30.69],[-88.03,30.68],[-88.08,30.57],[-88.12,30.42],[-88.14,30.37],[-88.25,30.36],[-88.35,30.37],[-88.69,30.36],[-88.82,30.41],[-88.87,30.42],[-88.91,30.42],[-89.05,30.37],[-89.22,30.33],[-89.26,30.34],[-89.32,30.35],[-89.44,30.22],[-89.59,30.17],[-89.95,30.27],[-90.05,30.35],[-90.13,30.37],[-90.23,30.38],[-90.33,30.28],[-90.41,30.14],[-90.28,30.07],[-90.18,30.03],[-89.99,30.06],[-89.89,30.13],[-89.81,30.12],[-89.77,30.14],[-89.74,30.17],[-89.67,30.14],[-89.67,30.12],[-89.71,30.08],[-89.78,30.05],[-89.82,30.01],[-89.74,29.93],[-89.63,29.9],[-89.59,29.92],[-89.56,30.0],[-89.49,30.06],[-89.4,30.05],[-89.41,30.01],[-89.4,29.98],[-89.36,29.92],[-89.36,29.84],[-89.35,29.82],[-89.46,29.78],[-89.53,29.77],[-89.59,29.73],[-89.56,29.7],[-89.62,29.67],[-89.66,29.68],[-89.68,29.67],[-89.69,29.65],[-89.72,29.62],[-89.67,29.54],[-89.58,29.49],[-89.51,29.42],[-89.25,29.33],[-89.18,29.34],[-89.12,29.25],[-89.07,29.22],[-89.02,29.2],[-89.02,29.14],[-89.11,29.1],[-89.13,29.05],[-89.16,29.02],[-89.2,29.05],[-89.24,29.08],[-89.33,29.0],[-89.38,28.98],[-89.35,29.07],[-89.39,29.11],[-89.44,29.19],[-89.52,29.25],[-89.58,29.27],[-89.62,29.3],[-89.67,29.32],[-89.72,29.31],[-89.79,29.33],[-89.8,29.38],[-89.82,29.42],[-89.88,29.46],[-90.16,29.54],[-90.16,29.5],[-90.14,29.48],[-90.1,29.46],[-90.05,29.43],[-90.05,29.34],[-90.07,29.3],[-90.08,29.24],[-90.1,29.18],[-90.14,29.14],[-90.21,29.1],[-90.25,29.13],[-90.3,29.26],[-90.38,29.3],[-90.5,29.3],[-90.59,29.27],[-90.68,29.15],[-90.75,29.13],[-91.0,29.19],[-91.29,29.29],[-91.28,29.32],[-91.24,29.33],[-91.15,29.32],[-91.16,29.35],[-91.24,29.46],[-91.26,29.51],[-91.25,29.56],[-91.28,29.56],[-91.33,29.51],[-91.51,29.56],[-91.56,29.61],[-91.67,29.75],[-91.82,29.75],[-91.89,29.84],[-92.02,29.8],[-92.08,29.76],[-92.14,29.7],[-92.11,29.67],[-92.06,29.62],[-92.08,29.59],[-92.26,29.56],[-92.67,29.6],[-92.79,29.63],[-92.95,29.71],[-93.18,29.78],[-93.28,29.79],[-93.39,29.78],[-93.69,29.77],[-93.77,29.75],[-93.83,29.73],[-93.87,29.76],[-93.88,29.81],[-93.85,29.82],[-93.81,29.85],[-93.77,29.91],[-93.77,29.95],[-93.79,29.98],[-93.84,29.98],[-93.95,29.81],[-93.89,29.72],[-93.89,29.69],[-94.1,29.67],[-94.57,29.48],[-94.76,29.38],[-94.75,29.42],[-94.53,29.55],[-94.61,29.57],[-94.73,29.54],[-94.78,29.55],[-94.72,29.66],[-94.74,29.75],[-94.83,29.75],[-94.89,29.68],[-94.93,29.68],[-94.98,29.71],[-95.02,29.7],[-94.99,29.53],[-94.94,29.46],[-94.89,29.37],[-95.02,29.26],[-95.14,29.17],[-95.15,29.08],[-95.27,28.96],[-95.39,28.9],[-95.66,28.74],[-95.73,28.71],[-95.85,28.64],[-96.02,28.59],[-96.18,28.5],[-96.23,28.49],[-96.13,28.56],[-96.01,28.63],[-96.12,28.62],[-96.28,28.66],[-96.37,28.66],[-96.37,28.63],[-96.45,28.59],[-96.53,28.65],[-96.56,28.68],[-96.58,28.72],[-96.61,28.72],[-96.64,28.71],[-96.52,28.49],[-96.48,28.48],[-96.42,28.46],[-96.49,28.41],[-96.56,28.37],[-96.68,28.34],[-96.77,28.42],[-96.79,28.32],[-96.81,28.22],[-96.84,28.19],[-96.89,28.16],[-96.92,28.19],[-96.93,28.22],[-96.97,28.19],[-97.02,28.16],[-97.1,28.16],[-97.16,28.14],[-97.16,28.1],[-97.14,28.06],[-97.03,28.09],[-97.07,27.99],[-97.17,27.88],[-97.25,27.85],[-97.37,27.87],[-97.4,27.86],[-97.43,27.84],[-97.29,27.67],[-97.38,27.42],[-97.44,27.33],[-97.48,27.32],[-97.52,27.31],[-97.68,27.39],[-97.77,27.46],[-97.69,27.29],[-97.49,27.24],[-97.47,27.17],[-97.48,27.12],[-97.52,27.05],[-97.55,26.97],[-97.53,26.91],[-97.49,26.76],[-97.47,26.69],[-97.44,26.49],[-97.4,26.4],[-97.21,26.07],[-97.15,26.07],[-97.14,26.03],[-97.15,25.96],[-97.28,25.94],[-97.34,25.91],[-97.35,25.88],[-97.36,25.87],[-97.38,25.87],[-97.44,25.89],[-97.59,25.98],[-97.8,26.04],[-98.08,26.06],[-98.28,26.11],[-98.38,26.18],[-98.49,26.22],[-98.6,26.24],[-98.69,26.28],[-98.77,26.34],[-98.87,26.38],[-99.02,26.4],[-99.11,26.45],[-99.17,26.56],[-99.17,26.57],[-99.23,26.76],[-99.3,26.88],[-99.44,27.04],[-99.46,27.06],[-99.46,27.06],[-99.46,27.08],[-99.44,27.17],[-99.46,27.23],[-99.5,27.29],[-99.51,27.34],[-99.49,27.4],[-99.48,27.47],[-99.51,27.55],[-99.6,27.64],[-99.75,27.73],[-99.89,27.87],[-100.0,28.05],[-100.11,28.17],[-100.22,28.24],[-100.3,28.33],[-100.34,28.43],[-100.35,28.49],[-100.33,28.5],[-100.4,28.61],[-100.55,28.82],[-100.64,28.97],[-100.66,29.07],[-100.75,29.18],[-100.92,29.31],[-101.02,29.4],[-101.04,29.46],[-101.04,29.46],[-101.3,29.63],[-101.38,29.74],[-101.44,29.78],[-101.51,29.77],[-101.54,29.78],[-101.55,29.81],[-101.57,29.81],[-101.61,29.79],[-101.75,29.78],[-101.99,29.8],[-102.16,29.83],[-102.27,29.87],[-102.34,29.86],[-102.39,29.81],[-102.48,29.77],[-102.61,29.75],[-102.73,29.64],[-102.83,29.44],[-102.88,29.32],[-102.87,29.26],[-102.89,29.22],[-102.96,29.19],[-103.02,29.13],[-103.09,29.04],[-103.17,29.0],[-103.26,29.0],[-103.42,29.07],[-103.66,29.21],[-103.85,29.29],[-103.99,29.32],[-104.11,29.39],[-104.22,29.48],[-104.31,29.54],[-104.4,29.57],[-104.5,29.68],[-104.62,29.85],[-104.68,29.99],[-104.68,30.13],[-104.84,30.45],[-104.92,30.58],[-104.98,30.65],[-105.1,30.72],[-105.28,30.81],[-105.51,30.98],[-105.81,31.24],[-106.02,31.4],[-106.15,31.45],[-106.26,31.54],[-106.35,31.68],[-106.44,31.76],[-106.45,31.77],[-106.45,31.77],[-106.67,31.77],[-106.89,31.77],[-107.11,31.77],[-107.33,31.77],[-107.55,31.78],[-107.77,31.78],[-107.99,31.78],[-108.21,31.78],[-108.21,31.67],[-108.21,31.55],[-108.21,31.44],[-108.21,31.33],[-108.57,31.33],[-108.92,31.33],[-109.27,31.33],[-109.63,31.33],[-109.98,31.33],[-110.34,31.33],[-110.69,31.32],[-111.04,31.32],[-111.52,31.47],[-111.99,31.62],[-112.46,31.77],[-112.94,31.92],[-113.41,32.06],[-113.89,32.21],[-114.36,32.36],[-114.84,32.51],[-114.79,32.56],[-114.72,32.72],[-114.84,32.7],[-115.13,32.68],[-115.41,32.66],[-115.7,32.64],[-115.98,32.62],[-116.27,32.6],[-116.56,32.58],[-116.84,32.55],[-117.13,32.53],[-117.13,32.54],[-117.14,32.65],[-117.18,32.69],[-117.24,32.66],[-117.27,32.81],[-117.26,32.87],[-117.26,32.94],[-117.32,33.1],[-117.47,33.3],[-117.79,33.54],[-117.95,33.62],[-118.08,33.72],[-118.16,33.75],[-118.26,33.76],[-118.29,33.71],[-118.41,33.74],[-118.39,33.86],[-118.51,34.02],[-118.6,34.04],[-118.83,34.02],[-119.14,34.11],[-119.24,34.16],[-119.27,34.26],[-119.41,34.34],[-119.61,34.42],[-119.71,34.4],[-119.85,34.41],[-120.05,34.47],[-120.17,34.48],[-120.4,34.46],[-120.48,34.47],[-120.56,34.54],[-120.64,34.58],[-120.63,34.67],[-120.64,34.75],[-120.62,34.81],[-120.66,34.95],[-120.63,35.08],[-120.66,35.12],[-120.71,35.16],[-120.86,35.21],[-120.88,35.27],[-120.86,35.37],[-120.9,35.43],[-121.02,35.48],[-121.14,35.61],[-121.28,35.68],[-121.34,35.79],[-121.43,35.86],[-121.46,35.93],[-121.66,36.15],[-121.88,36.33],[-121.91,36.43],[-121.92,36.57],[-121.84,36.66],[-121.79,36.73],[-121.79,36.8],[-121.81,36.85],[-121.88,36.94],[-122.16,36.99],[-122.39,37.21],[-122.41,37.37],[-122.5,37.54],[-122.5,37.65],[-122.51,37.77],[-122.45,37.8],[-122.38,37.79],[-122.39,37.74],[-122.37,37.66],[-122.3,37.59],[-122.23,37.56],[-122.17,37.5],[-122.12,37.48],[-122.07,37.48],[-122.1,37.52],[-122.12,37.54],[-122.16,37.63],[-122.22,37.73],[-122.3,37.79],[-122.33,37.9],[-122.37,37.92],[-122.39,37.96],[-122.31,38.01],[-122.22,38.04],[-122.09,38.05],[-121.72,38.03],[-121.64,38.06],[-121.57,38.05],[-121.53,38.06],[-121.63,38.08],[-121.68,38.07],[-121.75,38.08],[-121.88,38.08],[-121.93,38.09],[-121.99,38.12],[-122.03,38.12],[-122.15,38.07],[-122.21,38.07],[-122.34,38.14],[-122.39,38.14],[-122.48,38.11],[-122.49,37.95],[-122.47,37.84],[-122.52,37.83],[-122.58,37.87],[-122.68,37.9],[-122.76,37.95],[-122.87,38.03],[-122.93,38.06],[-123.0,37.99],[-123.0,38.02],[-122.97,38.1],[-122.98,38.23],[-122.88,38.12],[-122.91,38.2],[-122.99,38.28],[-123.05,38.31],[-123.12,38.45],[-123.29,38.54],[-123.42,38.68],[-123.7,38.91],[-123.72,39.11],[-123.82,39.37],[-123.78,39.51],[-123.78,39.62],[-123.83,39.78],[-123.88,39.86],[-124.11,40.09],[-124.32,40.25],[-124.36,40.37],[-124.37,40.49],[-124.32,40.6],[-124.28,40.71],[-124.25,40.74],[-124.24,40.73],[-124.25,40.7],[-124.22,40.7],[-124.21,40.75],[-124.19,40.77],[-124.22,40.78],[-124.22,40.79],[-124.2,40.82],[-124.13,40.97],[-124.14,41.16],[-124.07,41.38],[-124.07,41.46],[-124.12,41.62],[-124.16,41.72],[-124.24,41.79],[-124.21,41.89],[-124.21,41.98],[-124.36,42.12],[-124.41,42.3],[-124.42,42.38],[-124.41,42.58],[-124.44,42.67],[-124.54,42.81],[-124.5,42.94],[-124.45,43.01],[-124.35,43.34],[-124.32,43.37],[-124.28,43.37],[-124.2,43.42],[-124.23,43.44],[-124.29,43.41],[-124.24,43.54],[-124.18,43.65],[-124.15,43.69],[-124.13,44.06],[-124.1,44.33],[-124.05,44.43],[-124.07,44.52],[-124.04,44.65],[-124.06,44.78],[-123.95,45.4],[-123.96,45.48],[-123.93,45.58],[-123.96,45.84],[-123.95,46.14],[-123.98,46.18],[-123.99,46.22],[-123.96,46.23],[-123.91,46.18],[-123.67,46.18],[-123.52,46.22],[-123.47,46.21],[-123.4,46.15],[-123.32,46.14],[-123.22,46.15],[-123.25,46.17],[-123.3,46.17],[-123.4,46.22],[-123.46,46.27],[-123.65,46.27],[-123.69,46.3],[-123.9,46.27],[-123.96,46.3],[-124.07,46.28],[-124.05,46.37],[-124.05,46.49],[-124.04,46.61],[-124.02,46.52],[-123.95,46.43],[-123.91,46.53],[-123.89,46.66],[-123.96,46.71],[-124.07,46.74],[-124.11,46.86],[-123.84,46.96],[-123.99,46.98],[-124.04,47.03],[-124.11,47.04],[-124.12,47.0],[-124.14,46.95],[-124.16,47.02],[-124.17,47.09],[-124.2,47.21],[-124.31,47.4],[-124.38,47.66],[-124.46,47.78],[-124.62,47.9],[-124.66,47.97],[-124.7,48.15],[-124.68,48.29],[-124.71,48.38],[-124.63,48.38],[-124.43,48.3],[-124.18,48.24],[-124.1,48.2],[-123.98,48.17],[-123.29,48.12],[-123.25,48.12],[-123.16,48.15],[-123.12,48.15],[-123.02,48.08],[-122.97,48.07],[-122.91,48.08],[-122.86,48.09],[-122.78,48.14],[-122.77,48.12],[-122.77,48.08],[-122.74,48.01],[-122.68,47.93],[-122.66,47.88],[-122.78,47.74],[-122.8,47.74],[-122.81,47.78],[-122.82,47.79],[-123.05,47.55],[-123.13,47.44],[-123.14,47.39],[-123.14,47.36],[-123.1,47.35],[-123.03,47.36],[-122.92,47.41],[-122.92,47.42],[-123.02,47.4],[-123.07,47.4],[-123.06,47.45],[-123.05,47.48],[-122.98,47.56],[-122.91,47.61],[-122.81,47.66],[-122.76,47.7],[-122.72,47.76],[-122.61,47.84],[-122.59,47.86],[-122.59,47.92],[-122.59,47.93],[-122.53,47.92],[-122.51,47.82],[-122.52,47.77],[-122.62,47.71],[-122.63,47.69],[-122.61,47.62],[-122.63,47.61],[-122.66,47.62],[-122.68,47.61],[-122.59,47.53],[-122.56,47.46],[-122.55,47.4],[-122.58,47.29],[-122.6,47.27],[-122.65,47.28],[-122.71,47.32],[-122.72,47.31],[-122.77,47.22],[-122.78,47.23],[-122.81,47.33],[-122.83,47.34],[-122.92,47.29],[-122.96,47.24],[-122.99,47.17],[-123.03,47.14],[-122.91,47.13],[-122.81,47.15],[-122.73,47.11],[-122.7,47.11],[-122.63,47.14],[-122.6,47.17],[-122.54,47.28],[-122.51,47.3],[-122.46,47.3],[-122.42,47.31],[-122.35,47.37],[-122.35,47.4],[-122.38,47.53],[-122.37,47.6],[-122.38,47.63],[-122.41,47.65],[-122.41,47.68],[-122.38,47.72],[-122.38,47.75],[-122.4,47.78],[-122.39,47.82],[-122.33,47.9],[-122.32,47.93],[-122.24,48.01],[-122.26,48.04],[-122.32,48.08],[-122.35,48.11],[-122.39,48.17],[-122.42,48.18],[-122.42,48.18],[-122.39,48.09],[-122.39,48.08],[-122.49,48.13],[-122.52,48.16],[-122.53,48.2],[-122.52,48.23],[-122.47,48.26],[-122.4,48.27],[-122.41,48.29],[-122.49,48.37],[-122.54,48.41],[-122.58,48.43],[-122.64,48.43],[-122.66,48.45],[-122.67,48.47],[-122.66,48.49],[-122.63,48.5],[-122.54,48.49],[-122.5,48.51],[-122.5,48.54],[-122.51,48.56],[-122.51,48.67],[-122.55,48.76],[-122.56,48.78],[-122.58,48.78],[-122.6,48.77],[-122.65,48.76],[-122.69,48.79],[-122.72,48.85],[-122.79,48.99],[-122.69,48.99],[-122.26,48.99],[-121.83,48.99],[-121.41,48.99],[-120.98,48.99],[-120.55,48.99],[-120.13,48.99],[-119.7,48.99],[-119.28,48.99],[-118.85,48.99],[-118.42,48.99],[-118.0,48.99],[-117.57,48.99],[-117.14,48.99],[-116.72,48.99],[-116.29,48.99],[-115.86,48.99],[-115.44,48.99],[-115.01,48.99],[-114.59,48.99],[-114.16,48.99],[-113.73,48.99],[-113.31,48.99],[-112.88,48.99],[-112.45,48.99],[-112.03,48.99],[-111.6,48.99],[-111.17,48.99],[-110.75,48.99],[-110.32,48.99],[-109.89,48.99],[-109.47,48.99],[-109.04,48.99],[-108.62,48.99],[-108.19,48.99],[-107.76,48.99],[-107.34,48.99],[-106.91,48.99],[-106.48,48.99],[-106.06,48.99],[-105.63,48.99],[-105.2,48.99],[-104.78,48.99],[-104.35,48.99],[-103.93,48.99],[-103.5,48.99],[-103.07,48.99],[-102.65,48.99],[-102.22,48.99],[-101.79,48.99],[-101.37,48.99],[-100.94,48.99],[-100.51,48.99],[-100.09,48.99],[-99.66,48.99],[-99.24,48.99],[-98.81,48.99],[-98.38,48.99],[-97.96,48.99],[-97.53,48.99],[-97.1,48.99],[-96.68,48.99],[-96.25,48.99],[-95.82,48.99],[-95.4,48.99],[-95.16,48.99],[-95.16,49.2],[-95.16,49.37],[-94.94,49.35],[-94.87,49.32],[-94.85,49.3],[-94.86,49.26],[-94.84,49.12],[-94.8,49.0],[-94.71,48.86],[-94.71,48.86],[-94.71,48.81],[-94.68,48.77],[-94.62,48.74],[-94.41,48.7],[-94.06,48.66],[-93.85,48.61],[-93.8,48.55],[-93.71,48.53],[-93.56,48.54],[-93.46,48.56],[-93.38,48.62],[-93.26,48.63],[-93.16,48.63],[-93.05,48.62],[-93.0,48.61],[-92.84,48.57],[-92.73,48.53],[-92.58,48.47],[-92.5,48.44],[-92.46,48.37],[-92.41,48.28],[-92.35,48.28],[-92.3,48.33],[-92.17,48.34],[-92.01,48.3],[-91.86,48.2],[-91.65,48.1],[-91.52,48.06],[-91.39,48.06],[-91.22,48.1],[-91.04,48.19],[-90.92,48.21],[-90.84,48.2],[-90.8,48.13],[-90.74,48.1],[-90.61,48.11],[-90.32,48.1],[-90.09,48.12],[-90.04,48.08],[-89.99,48.02],[-89.9,48.0],[-89.78,48.02],[-89.55,48.0],[-89.46,48.0],[-89.27,48.02],[-89.19,48.05],[-89.06,48.09],[-88.9,48.16],[-88.61,48.26],[-88.38,48.3],[-88.16,48.23],[-87.99,48.16],[-87.92,48.13],[-87.74,48.06],[-87.49,47.96],[-87.21,47.85],[-86.92,47.74],[-86.67,47.64],[-86.5,47.57],[-86.43,47.54],[-86.23,47.46],[-86.04,47.38],[-85.85,47.3],[-85.65,47.22],[-85.46,47.14],[-85.26,47.06],[-85.07,46.98],[-84.88,46.9],[-84.83,46.77],[-84.78,46.64],[-84.67,46.54],[-84.56,46.46],[-84.5,46.46],[-84.44,46.5],[-84.4,46.52],[-84.34,46.52],[-84.19,46.55],[-84.15,46.54],[-84.13,46.53],[-84.12,46.5],[-84.13,46.48],[-84.15,46.44],[-84.12,46.37],[-84.11,46.29],[-84.09,46.23],[-84.03,46.15],[-83.98,46.08],[-83.91,46.07],[-83.76,46.11],[-83.67,46.12],[-83.62,46.12],[-83.52,46.06],[-83.48,46.02],[-83.47,45.99],[-83.59,45.82],[-83.4,45.73],[-83.18,45.63],[-82.92,45.52],[-82.76,45.45],[-82.55,45.35],[-82.52,45.2],[-82.49,45.08],[-82.45,44.92],[-82.41,44.74],[-82.37,44.57],[-82.33,44.39],[-82.28,44.19],[-82.24,44.02],[-82.2,43.82],[-82.14,43.57],[-82.19,43.47],[-82.3,43.26],[-82.41,43.07],[-82.42,43.02],[-82.49,42.74],[-82.55,42.62],[-82.65,42.56],[-82.74,42.49],[-82.87,42.39],[-83.0,42.33],[-83.07,42.3],[-83.11,42.25],[-83.15,42.14],[-83.14,41.98],[-83.03,41.83],[-82.87,41.75],[-82.69,41.68],[-82.44,41.67],[-82.21,41.78],[-81.97,41.89],[-81.76,41.99],[-81.51,42.1],[-81.28,42.21],[-81.03,42.25],[-80.68,42.3],[-80.25,42.37],[-80.04,42.44],[-79.76,42.54],[-79.45,42.65],[-79.17,42.75],[-79.04,42.8],[-78.94,42.86],[-78.92,42.91],[-78.92,42.94],[-78.95,42.96],[-78.98,42.98],[-79.01,43.0],[-79.03,43.02],[-79.03,43.06],[-79.05,43.09],[-79.07,43.11],[-79.06,43.28],[-79.08,43.33],[-79.17,43.47],[-79.0,43.53],[-78.85,43.58],[-78.72,43.62],[-78.46,43.63],[-78.21,43.63],[-77.88,43.63],[-77.6,43.63],[-77.27,43.63],[-77.07,43.63],[-76.82,43.63],[-76.7,43.78],[-76.59,43.92],[-76.46,44.06],[-76.25,44.21],[-76.19,44.24],[-76.15,44.3],[-76.02,44.36],[-75.88,44.42],[-75.82,44.47],[-75.79,44.5],[-75.4,44.77],[-75.18,44.9],[-75.0,44.97],[-74.86,45.0],[-74.76,45.0],[-74.71,45.0]]],[[[-72.51,40.99],[-72.58,40.92],[-72.52,40.91],[-72.46,40.93],[-72.41,40.97],[-72.29,41.02],[-72.18,41.05],[-72.15,41.05],[-72.1,41.02],[-72.0,41.04],[-71.9,41.06],[-72.34,40.89],[-72.43,40.88],[-72.56,40.83],[-72.68,40.79],[-72.76,40.78],[-73.19,40.65],[-73.23,40.65],[-73.27,40.66],[-73.62,40.6],[-73.77,40.59],[-73.9,40.57],[-73.8,40.62],[-73.8,40.64],[-73.82,40.66],[-73.88,40.65],[-73.93,40.6],[-74.01,40.58],[-74.03,40.64],[-74.0,40.68],[-73.96,40.73],[-73.88,40.79],[-73.76,40.83],[-73.7,40.87],[-73.65,40.84],[-73.64,40.88],[-73.61,40.91],[-73.57,40.92],[-73.49,40.92],[-73.44,40.93],[-73.41,40.94],[-73.37,40.94],[-73.28,40.92],[-73.19,40.93],[-73.11,40.96],[-73.03,40.97],[-72.83,40.97],[-72.63,40.99],[-72.54,41.03],[-72.37,41.13],[-72.27,41.15],[-72.43,41.04],[-72.51,40.99]]],[[[-68.19,44.33],[-68.25,44.31],[-68.31,44.32],[-68.31,44.27],[-68.32,44.25],[-68.39,44.28],[-68.41,44.29],[-68.41,44.36],[-68.35,44.43],[-68.3,44.46],[-68.24,44.44],[-68.19,44.36],[-68.19,44.33]]],[[[-74.19,40.52],[-74.24,40.52],[-74.19,40.61],[-74.1,40.66],[-74.07,40.65],[-74.07,40.62],[-74.08,40.59],[-74.14,40.54],[-74.19,40.52]]],[[[-70.51,41.38],[-70.79,41.33],[-70.83,41.36],[-70.76,41.37],[-70.67,41.45],[-70.62,41.46],[-70.53,41.41],[-70.51,41.38]]],[[[-71.24,41.49],[-71.29,41.46],[-71.35,41.47],[-71.32,41.51],[-71.31,41.56],[-71.28,41.62],[-71.26,41.64],[-71.23,41.65],[-71.24,41.49]]],[[[-69.98,41.27],[-70.06,41.25],[-70.23,41.29],[-70.09,41.32],[-70.06,41.33],[-70.04,41.37],[-70.04,41.4],[-69.99,41.3],[-69.98,41.27]]],[[[-75.64,35.86],[-75.65,35.84],[-75.72,35.95],[-75.65,35.91],[-75.64,35.88],[-75.64,35.86]]],[[[-75.54,35.24],[-75.68,35.21],[-75.69,35.22],[-75.54,35.28],[-75.49,35.48],[-75.48,35.57],[-75.5,35.74],[-75.5,35.77],[-75.48,35.72],[-75.46,35.56],[-75.46,35.45],[-75.51,35.28],[-75.54,35.24]]],[[[-75.78,35.19],[-75.96,35.12],[-75.98,35.12],[-75.86,35.17],[-75.78,35.19]]],[[[-76.5,34.64],[-76.53,34.63],[-76.44,34.76],[-76.26,34.91],[-76.21,34.94],[-76.36,34.8],[-76.5,34.64]]],[[[-82.04,26.45],[-82.07,26.43],[-82.14,26.45],[-82.18,26.48],[-82.2,26.55],[-82.14,26.48],[-82.12,26.46],[-82.04,26.45]]],[[[-82.08,26.55],[-82.09,26.49],[-82.14,26.59],[-82.17,26.7],[-82.12,26.67],[-82.08,26.55]]],[[[-80.38,25.14],[-80.58,24.95],[-80.56,25.0],[-80.48,25.1],[-80.46,25.15],[-80.4,25.18],[-80.35,25.23],[-80.35,25.3],[-80.28,25.34],[-80.26,25.35],[-80.38,25.14]]],[[[-91.79,29.5],[-91.83,29.49],[-92.0,29.57],[-92.01,29.61],[-91.93,29.64],[-91.88,29.64],[-91.8,29.6],[-91.77,29.58],[-91.75,29.57],[-91.76,29.54],[-91.79,29.5]]],[[[-97.01,27.9],[-97.04,27.9],[-96.99,27.98],[-96.98,28.01],[-96.9,28.12],[-96.86,28.13],[-96.84,28.09],[-96.92,28.02],[-97.01,27.9]]],[[[-96.76,28.15],[-96.8,28.15],[-96.76,28.2],[-96.68,28.23],[-96.52,28.33],[-96.45,28.34],[-96.42,28.38],[-96.4,28.38],[-96.41,28.34],[-96.54,28.28],[-96.76,28.15]]],[[[-97.35,27.3],[-97.38,27.24],[-97.38,27.33],[-97.3,27.52],[-97.13,27.78],[-97.06,27.82],[-97.25,27.54],[-97.35,27.3]]],[[[-95.04,29.15],[-95.09,29.14],[-94.87,29.29],[-94.83,29.34],[-94.77,29.34],[-94.86,29.25],[-95.04,29.15]]],[[[-97.17,26.16],[-97.18,26.11],[-97.27,26.33],[-97.4,26.82],[-97.41,27.1],[-97.39,27.2],[-97.35,26.8],[-97.2,26.3],[-97.17,26.16]]],[[[-120.31,34.02],[-120.36,34.02],[-120.44,34.03],[-120.41,34.06],[-120.37,34.07],[-120.35,34.06],[-120.31,34.02]]],[[[-119.44,33.22],[-119.48,33.22],[-119.54,33.22],[-119.58,33.28],[-119.53,33.28],[-119.48,33.27],[-119.44,33.23],[-119.44,33.22]]],[[[-118.35,32.83],[-118.41,32.82],[-118.47,32.84],[-118.53,32.94],[-118.59,33.01],[-118.56,33.03],[-118.51,32.96],[-118.38,32.85],[-118.35,32.83]]],[[[-120.04,33.92],[-120.11,33.9],[-120.17,33.92],[-120.25,34.01],[-120.07,34.03],[-119.99,33.98],[-119.98,33.97],[-120.04,33.92]]],[[[-119.88,34.08],[-119.68,34.03],[-119.57,34.05],[-119.55,34.03],[-119.56,34.01],[-119.81,33.97],[-119.89,33.99],[-119.89,34.03],[-119.92,34.07],[-119.88,34.08]]],[[[-118.35,33.39],[-118.3,33.31],[-118.37,33.32],[-118.45,33.32],[-118.47,33.36],[-118.49,33.41],[-118.51,33.43],[-118.56,33.43],[-118.56,33.44],[-118.57,33.46],[-118.55,33.48],[-118.39,33.42],[-118.35,33.39]]],[[[-122.78,48.67],[-122.77,48.65],[-122.81,48.63],[-122.84,48.63],[-122.88,48.66],[-122.9,48.66],[-122.89,48.61],[-122.89,48.59],[-122.99,48.63],[-123.0,48.65],[-122.98,48.68],[-122.92,48.71],[-122.9,48.71],[-122.78,48.67]]],[[[-123.01,48.5],[-122.99,48.47],[-123.09,48.49],[-123.14,48.51],[-123.15,48.53],[-123.17,48.59],[-123.16,48.61],[-123.11,48.61],[-123.02,48.54],[-123.01,48.5]]],[[[-122.57,48.16],[-122.52,48.03],[-122.5,48.08],[-122.37,47.99],[-122.37,47.94],[-122.38,47.92],[-122.41,47.92],[-122.44,47.93],[-122.46,47.96],[-122.49,47.98],[-122.56,47.99],[-122.59,48.03],[-122.6,48.06],[-122.61,48.13],[-122.62,48.15],[-122.66,48.16],[-122.69,48.17],[-122.74,48.23],[-122.75,48.24],[-122.72,48.28],[-122.67,48.35],[-122.63,48.38],[-122.6,48.38],[-122.57,48.36],[-122.54,48.32],[-122.54,48.29],[-122.69,48.24],[-122.7,48.23],[-122.62,48.21],[-122.6,48.2],[-122.57,48.16]]],[[[-71.37,41.49],[-71.39,41.47],[-71.4,41.52],[-71.38,41.57],[-71.36,41.57],[-71.35,41.54],[-71.37,41.49]]],[[[-74.13,39.68],[-74.25,39.53],[-74.25,39.56],[-74.11,39.75],[-74.13,39.68]]],[[[-75.33,37.89],[-75.38,37.87],[-75.23,38.07],[-75.14,38.24],[-75.1,38.3],[-75.14,38.18],[-75.2,38.07],[-75.33,37.89]]],[[[-76.55,34.65],[-76.57,34.65],[-76.61,34.66],[-76.66,34.68],[-76.67,34.7],[-76.62,34.69],[-76.55,34.65]]],[[[-81.33,24.65],[-81.36,24.63],[-81.38,24.64],[-81.38,24.67],[-81.42,24.73],[-81.42,24.75],[-81.32,24.69],[-81.32,24.67],[-81.33,24.65]]],[[[-80.83,24.8],[-80.85,24.8],[-80.84,24.82],[-80.8,24.85],[-80.79,24.84],[-80.79,24.82],[-80.83,24.8]]],[[[-80.64,24.9],[-80.67,24.9],[-80.63,24.94],[-80.61,24.94],[-80.64,24.9]]],[[[-81.04,24.72],[-81.09,24.69],[-81.14,24.71],[-81.09,24.73],[-80.93,24.76],[-80.99,24.73],[-81.04,24.72]]],[[[-81.42,30.97],[-81.46,30.73],[-81.48,30.81],[-81.48,30.9],[-81.45,30.95],[-81.42,30.97]]],[[[-81.57,24.6],[-81.63,24.59],[-81.58,24.63],[-81.56,24.69],[-81.53,24.64],[-81.53,24.61],[-81.57,24.6]]],[[[-80.19,27.28],[-80.17,27.2],[-80.26,27.38],[-80.38,27.64],[-80.44,27.85],[-80.4,27.79],[-80.36,27.68],[-80.19,27.28]]],[[[-81.78,24.54],[-81.81,24.54],[-81.81,24.56],[-81.77,24.58],[-81.74,24.58],[-81.74,24.55],[-81.78,24.54]]],[[[-88.89,29.71],[-88.94,29.66],[-88.94,29.68],[-88.9,29.73],[-88.87,29.75],[-88.89,29.71]]],[[[-88.56,30.22],[-88.57,30.2],[-88.66,30.23],[-88.71,30.24],[-88.72,30.26],[-88.57,30.23],[-88.56,30.22]]],[[[-88.07,30.25],[-88.16,30.23],[-88.29,30.23],[-88.32,30.24],[-88.26,30.25],[-88.11,30.27],[-88.07,30.25]]],[[[-89.22,30.08],[-89.22,30.04],[-89.27,30.06],[-89.34,30.06],[-89.31,30.08],[-89.29,30.09],[-89.28,30.11],[-89.18,30.17],[-89.21,30.13],[-89.22,30.08]]],[[[-88.83,29.81],[-88.86,29.78],[-88.83,29.93],[-88.87,30.06],[-88.83,30.0],[-88.81,29.93],[-88.83,29.81]]],[[[-84.91,29.64],[-85.01,29.61],[-85.12,29.63],[-85.05,29.64],[-85.0,29.63],[-84.88,29.68],[-84.81,29.72],[-84.74,29.73],[-84.91,29.64]]],[[[-122.85,47.2],[-122.86,47.19],[-122.88,47.19],[-122.91,47.23],[-122.91,47.25],[-122.89,47.27],[-122.85,47.22],[-122.85,47.2]]],[[[-122.39,47.4],[-122.4,47.37],[-122.44,47.35],[-122.46,47.36],[-122.46,47.39],[-122.47,47.39],[-122.51,47.36],[-122.51,47.42],[-122.49,47.49],[-122.47,47.49],[-122.44,47.45],[-122.39,47.4]]],[[[-122.5,47.59],[-122.5,47.58],[-122.56,47.6],[-122.58,47.62],[-122.57,47.67],[-122.56,47.7],[-122.55,47.7],[-122.52,47.69],[-122.51,47.68],[-122.5,47.59]]],[[[-122.82,48.43],[-122.84,48.42],[-122.89,48.43],[-122.92,48.46],[-122.93,48.48],[-122.91,48.54],[-122.89,48.55],[-122.87,48.55],[-122.86,48.5],[-122.81,48.45],[-122.82,48.43]]],[[[-68.62,44.2],[-68.66,44.18],[-68.7,44.18],[-68.7,44.23],[-68.69,44.25],[-68.68,44.26],[-68.66,44.24],[-68.62,44.2]]]]},"properties":{"iso":"USA","name":"United States of America","ha":[234710.6,234517.5,234490.2,234818.4,235541.3,235848.2,235932.7,236383.8,237822.1,240007.4,241019.6,240945.5,240425.1,239634.8,239769.1,239881.8,239950.3,240174.6,240394.3,241409.7,241525.2,241003.2,241890.5,242542.1,243970.2,244148.7,243124.5,242648.3,243080.9,244713.0,247496.8,248992.0,247239.9,238680.9,242769.7,248182.9,252607.0,253571.9,253934.8,254622.3,252545.3],"lo":[218913.9,218733.7,218708.3,219014.4,219688.7,219975.0,220053.7,220474.5,221815.9,223854.2,224798.2,224729.2,224243.8,223506.7,223631.9,223737.0,223800.9,224010.1,224215.1,225162.1,225269.9,224782.9,225610.6,226218.3,227550.3,227716.7,226761.5,226317.4,226720.8,228243.1,230839.5,232234.1,230599.9,222617.0,226430.5,231479.5,235605.8,236505.7,236844.2,237485.5,235548.3],"hi":[257242.1,257030.4,257000.5,257360.2,258152.5,258488.9,258581.5,259075.9,260652.2,263047.4,264156.7,264075.5,263505.2,262639.0,262786.2,262909.7,262984.7,263230.6,263471.4,264584.3,264710.9,264138.7,265111.3,265825.4,267390.6,267586.2,266463.7,265941.8,266415.9,268204.7,271255.7,272894.5,270974.2,261593.5,266074.8,272007.7,276856.5,277914.0,278311.7,279065.3,276788.9]}},{"type":"Feature","geometry":{"type":"MultiPolygon","coordinates":[[[[-61.17,13.16],[-61.2,13.14],[-61.28,13.21],[-61.27,13.29],[-61.22,13.33],[-61.18,13.36],[-61.14,13.36],[-61.12,13.29],[-61.13,13.2],[-61.17,13.16]]],[[[-61.23,12.99],[-61.24,12.98],[-61.23,12.98],[-61.24,12.98],[-61.25,12.98],[-61.26,12.99],[-61.27,12.99],[-61.28,12.99],[-61.28,13.0],[-61.26,12.99],[-61.24,13.0],[-61.24,13.01],[-61.25,13.01],[-61.25,13.02],[-61.24,13.03],[-61.21,13.04],[-61.2,13.05],[-61.2,13.05],[-61.2,13.05],[-61.2,13.04],[-61.19,13.04],[-61.21,13.02],[-61.23,12.99]]],[[[-61.33,12.7],[-61.34,12.69],[-61.35,12.7],[-61.35,12.7],[-61.34,12.7],[-61.33,12.71],[-61.34,12.72],[-61.34,12.73],[-61.33,12.73],[-61.32,12.74],[-61.32,12.73],[-61.31,12.72],[-61.32,12.72],[-61.33,12.71],[-61.33,12.7],[-61.33,12.7]]]]},"properties":{"iso":"VCT","name":"Saint Vincent and the Grenadines","ha":[40.1,40.1,40.1,40.1,40.0,40.2,40.2,40.2,40.3,40.3,40.3,40.2,40.4,41.5,46.6,48.1,47.8,48.0,49.5,54.3,56.6,57.5,57.8,58.9,60.5,61.6,61.6,61.6,62.0,63.5,65.0,65.7,65.5,63.9,61.9,61.4,60.1,58.3,48.4,46.7,34.9],"lo":[37.4,37.4,37.4,37.4,37.3,37.5,37.5,37.5,37.6,37.6,37.6,37.5,37.7,38.7,43.4,44.9,44.6,44.8,46.2,50.7,52.8,53.6,53.9,55.0,56.5,57.4,57.4,57.5,57.8,59.2,60.6,61.3,61.1,59.6,57.7,57.3,56.1,54.4,45.2,43.6,32.6],"hi":[43.9,43.9,43.9,43.9,43.8,44.0,44.0,44.0,44.2,44.2,44.2,44.0,44.3,45.5,51.0,52.7,52.4,52.6,54.3,59.5,62.1,63.0,63.4,64.6,66.4,67.5,67.5,67.6,67.9,69.6,71.2,72.0,71.8,70.0,67.8,67.3,65.9,63.9,53.1,51.2,38.3]}},{"type":"Feature","geometry":{"type":"MultiPolygon","coordinates":[[[[-60.82,9.14],[-60.94,9.11],[-60.94,9.13],[-60.91,9.18],[-60.84,9.19],[-60.82,9.21],[-60.78,9.22],[-60.76,9.22],[-60.74,9.2],[-60.79,9.18],[-60.82,9.14]]],[[[-63.85,11.13],[-63.82,11.0],[-63.83,10.98],[-63.92,10.89],[-63.99,10.88],[-64.05,10.88],[-64.1,10.9],[-64.16,10.96],[-64.22,10.94],[-64.36,10.96],[-64.4,10.98],[-64.35,11.05],[-64.25,11.08],[-64.21,11.09],[-64.18,11.04],[-64.11,11.01],[-64.03,11.0],[-64.01,11.07],[-63.89,11.17],[-63.85,11.13]]],[[[-65.21,10.91],[-65.27,10.88],[-65.37,10.91],[-65.41,10.94],[-65.38,10.97],[-65.3,10.97],[-65.23,10.93],[-65.21,10.91]]],[[[-61.0,8.87],[-61.06,8.85],[-61.07,8.95],[-61.05,8.97],[-60.94,9.06],[-60.92,9.07],[-60.89,9.05],[-60.9,9.03],[-60.85,9.0],[-60.86,8.95],[-60.92,8.9],[-61.0,8.87]]],[[[-60.02,8.55],[-59.83,8.31],[-59.83,8.28],[-59.85,8.25],[-59.96,8.19],[-59.99,8.16],[-60.03,8.05],[-60.18,7.99],[-60.28,7.92],[-60.35,7.85],[-60.38,7.83],[-60.51,7.81],[-60.56,7.77],[-60.61,7.65],[-60.65,7.6],[-60.72,7.54],[-60.72,7.5],[-60.62,7.36],[-60.61,7.32],[-60.64,7.26],[-60.63,7.21],[-60.58,7.16],[-60.52,7.14],[-60.46,7.17],[-60.39,7.16],[-60.35,7.15],[-60.33,7.13],[-60.32,7.09],[-60.35,7.0],[-60.4,6.95],[-60.59,6.86],[-60.67,6.81],[-60.72,6.77],[-60.82,6.79],[-60.87,6.79],[-60.91,6.76],[-60.94,6.73],[-61.01,6.73],[-61.1,6.71],[-61.15,6.69],[-61.18,6.65],[-61.2,6.59],[-61.18,6.51],[-61.15,6.45],[-61.15,6.39],[-61.13,6.21],[-61.16,6.17],[-61.22,6.13],[-61.3,6.05],[-61.39,5.94],[-61.38,5.91],[-61.17,5.67],[-60.95,5.44],[-60.74,5.2],[-60.71,5.19],[-60.67,5.16],[-60.64,5.08],[-60.6,4.99],[-60.6,4.95],[-60.63,4.89],[-60.68,4.83],[-60.74,4.77],[-60.83,4.73],[-60.91,4.69],[-60.97,4.57],[-61.0,4.54],[-61.04,4.52],[-61.1,4.5],[-61.21,4.51],[-61.28,4.52],[-61.37,4.43],[-61.48,4.4],[-61.55,4.29],[-61.82,4.2],[-62.08,4.13],[-62.15,4.1],[-62.41,4.16],[-62.47,4.14],[-62.54,4.08],[-62.61,4.04],[-62.67,4.04],[-62.71,4.02],[-62.74,3.94],[-62.76,3.67],[-62.86,3.59],[-62.97,3.59],[-63.05,3.69],[-63.14,3.76],[-63.29,3.92],[-63.34,3.94],[-63.38,3.94],[-63.53,3.89],[-63.6,3.92],[-63.65,3.94],[-63.75,3.93],[-63.91,3.93],[-64.02,3.93],[-64.07,3.97],[-64.12,4.07],[-64.15,4.1],[-64.19,4.13],[-64.26,4.14],[-64.53,4.14],[-64.58,4.14],[-64.61,4.16],[-64.67,4.24],[-64.72,4.27],[-64.79,4.28],[-64.82,4.23],[-64.7,4.09],[-64.67,4.01],[-64.57,3.9],[-64.28,3.66],[-64.22,3.59],[-64.23,3.49],[-64.23,3.34],[-64.22,3.2],[-64.14,3.0],[-64.04,2.8],[-64.01,2.67],[-64.03,2.58],[-64.05,2.53],[-64.05,2.5],[-64.02,2.48],[-63.92,2.45],[-63.71,2.43],[-63.58,2.43],[-63.39,2.41],[-63.37,2.34],[-63.39,2.22],[-63.43,2.16],[-63.46,2.14],[-63.57,2.12],[-63.68,2.05],[-63.84,1.98],[-63.94,1.97],[-63.98,1.95],[-64.01,1.93],[-64.04,1.9],[-64.07,1.77],[-64.11,1.62],[-64.21,1.53],[-64.3,1.46],[-64.41,1.45],[-64.49,1.45],[-64.53,1.43],[-64.58,1.37],[-64.67,1.29],[-64.73,1.25],[-64.82,1.26],[-64.91,1.22],[-65.03,1.16],[-65.1,1.11],[-65.17,1.02],[-65.26,0.93],[-65.36,0.87],[-65.41,0.79],[-65.47,0.69],[-65.56,0.69],[-65.56,0.75],[-65.52,0.84],[-65.57,0.93],[-65.64,0.97],[-65.68,0.98],[-65.72,0.98],[-65.81,0.94],[-65.93,0.86],[-66.0,0.81],[-66.06,0.79],[-66.19,0.76],[-66.3,0.75],[-66.35,0.77],[-66.43,0.82],[-66.62,0.99],[-66.88,1.22],[-66.9,1.29],[-66.88,1.36],[-66.93,1.46],[-66.96,1.56],[-66.98,1.6],[-66.99,1.68],[-67.04,1.82],[-67.09,1.94],[-67.13,2.0],[-67.11,2.05],[-67.13,2.1],[-67.17,2.14],[-67.22,2.28],[-67.2,2.33],[-67.21,2.39],[-67.25,2.43],[-67.31,2.47],[-67.39,2.56],[-67.49,2.64],[-67.53,2.68],[-67.57,2.69],[-67.6,2.77],[-67.62,2.79],[-67.67,2.8],[-67.77,2.83],[-67.86,2.79],[-67.86,2.86],[-67.83,2.89],[-67.51,3.19],[-67.35,3.32],[-67.34,3.34],[-67.32,3.37],[-67.31,3.42],[-67.35,3.46],[-67.5,3.69],[-67.55,3.73],[-67.6,3.77],[-67.66,3.86],[-67.73,4.09],[-67.78,4.2],[-67.8,4.28],[-67.8,4.38],[-67.81,4.46],[-67.86,4.51],[-67.86,4.67],[-67.81,4.93],[-67.8,5.13],[-67.82,5.27],[-67.79,5.38],[-67.69,5.45],[-67.64,5.56],[-67.63,5.71],[-67.58,5.83],[-67.47,5.93],[-67.44,6.03],[-67.47,6.12],[-67.48,6.18],[-67.57,6.24],[-67.73,6.28],[-67.86,6.29],[-67.94,6.24],[-68.14,6.2],[-68.47,6.16],[-68.74,6.16],[-68.94,6.2],[-69.09,6.18],[-69.19,6.12],[-69.27,6.1],[-69.31,6.14],[-69.36,6.15],[-69.43,6.12],[-69.44,6.13],[-69.59,6.32],[-69.74,6.49],[-69.9,6.7],[-70.1,6.94],[-70.13,6.95],[-70.19,6.95],[-70.27,6.95],[-70.39,6.97],[-70.47,7.01],[-70.54,7.04],[-70.66,7.08],[-70.74,7.09],[-70.81,7.08],[-71.01,6.99],[-71.13,6.99],[-71.22,6.99],[-71.46,7.03],[-71.62,7.03],[-71.81,7.01],[-71.89,6.99],[-72.01,7.03],[-72.08,7.1],[-72.16,7.25],[-72.21,7.37],[-72.3,7.39],[-72.39,7.42],[-72.44,7.45],[-72.47,7.52],[-72.48,7.61],[-72.47,7.76],[-72.46,7.81],[-72.45,7.97],[-72.39,8.05],[-72.36,8.09],[-72.36,8.15],[-72.39,8.29],[-72.42,8.38],[-72.53,8.49],[-72.67,8.63],[-72.73,8.85],[-72.8,9.11],[-72.85,9.14],[-72.9,9.12],[-72.96,9.14],[-73.01,9.24],[-73.06,9.26],[-73.14,9.22],[-73.19,9.19],[-73.34,9.17],[-73.37,9.19],[-73.36,9.23],[-73.3,9.32],[-73.22,9.44],[-73.14,9.55],[-73.06,9.67],[-73.01,9.79],[-72.97,10.03],[-72.94,10.2],[-72.87,10.49],[-72.74,10.73],[-72.69,10.84],[-72.57,10.98],[-72.52,11.05],[-72.45,11.11],[-72.25,11.2],[-72.01,11.6],[-71.96,11.67],[-71.72,11.73],[-71.54,11.77],[-71.4,11.82],[-71.36,11.85],[-71.32,11.86],[-71.35,11.81],[-71.41,11.76],[-71.49,11.72],[-71.87,11.63],[-71.91,11.61],[-71.96,11.57],[-71.96,11.48],[-71.95,11.41],[-71.84,11.19],[-71.79,11.14],[-71.64,11.01],[-71.68,11.0],[-71.73,10.99],[-71.69,10.84],[-71.6,10.73],[-71.59,10.66],[-71.66,10.44],[-71.79,10.32],[-71.88,10.17],[-71.96,10.11],[-72.11,9.82],[-71.99,9.64],[-71.98,9.55],[-71.87,9.43],[-71.81,9.39],[-71.76,9.34],[-71.78,9.25],[-71.74,9.13],[-71.69,9.07],[-71.62,9.05],[-71.54,9.05],[-71.3,9.13],[-71.24,9.16],[-71.21,9.22],[-71.09,9.35],[-71.08,9.51],[-71.05,9.71],[-71.08,9.83],[-71.21,10.01],[-71.26,10.14],[-71.39,10.26],[-71.46,10.47],[-71.49,10.53],[-71.52,10.62],[-71.54,10.78],[-71.46,10.84],[-71.47,10.96],[-71.26,11.0],[-70.82,11.21],[-70.55,11.26],[-70.23,11.37],[-70.16,11.43],[-70.1,11.52],[-70.05,11.53],[-69.89,11.44],[-69.8,11.47],[-69.77,11.54],[-69.82,11.67],[-69.91,11.67],[-70.19,11.62],[-70.22,11.68],[-70.22,11.73],[-70.29,11.89],[-70.25,12.0],[-70.2,12.1],[-70.12,12.14],[-70.0,12.18],[-69.91,12.11],[-69.86,12.05],[-69.83,12.0],[-69.81,11.84],[-69.76,11.68],[-69.71,11.56],[-69.63,11.48],[-69.57,11.49],[-69.53,11.5],[-69.23,11.52],[-69.05,11.46],[-68.83,11.43],[-68.62,11.31],[-68.4,11.16],[-68.34,11.05],[-68.32,10.95],[-68.27,10.88],[-68.32,10.81],[-68.3,10.69],[-68.23,10.57],[-68.14,10.49],[-67.87,10.47],[-67.58,10.52],[-67.13,10.57],[-66.99,10.61],[-66.25,10.63],[-66.11,10.57],[-66.09,10.52],[-66.09,10.47],[-65.85,10.26],[-65.66,10.23],[-65.49,10.16],[-65.32,10.12],[-65.13,10.07],[-65.02,10.08],[-64.94,10.1],[-64.85,10.1],[-64.19,10.46],[-63.83,10.45],[-63.78,10.47],[-63.73,10.5],[-63.86,10.56],[-64.16,10.58],[-64.25,10.54],[-64.3,10.64],[-64.2,10.63],[-63.87,10.66],[-63.5,10.64],[-63.19,10.71],[-63.04,10.72],[-62.95,10.71],[-62.7,10.75],[-62.24,10.7],[-61.88,10.74],[-61.92,10.68],[-62.04,10.65],[-62.23,10.63],[-62.38,10.55],[-62.69,10.56],[-62.91,10.53],[-62.84,10.51],[-62.84,10.42],[-62.81,10.4],[-62.78,10.4],[-62.71,10.33],[-62.69,10.29],[-62.66,10.2],[-62.69,10.1],[-62.74,10.06],[-62.65,10.07],[-62.6,10.12],[-62.61,10.16],[-62.6,10.22],[-62.55,10.2],[-62.52,10.18],[-62.4,9.92],[-62.32,9.78],[-62.3,9.79],[-62.28,9.79],[-62.26,9.82],[-62.22,9.88],[-62.19,9.84],[-62.17,9.83],[-62.15,9.82],[-62.17,9.88],[-62.15,9.95],[-62.16,9.98],[-62.12,9.98],[-62.08,9.98],[-62.02,9.95],[-61.91,9.87],[-61.84,9.78],[-61.83,9.73],[-61.81,9.71],[-61.76,9.68],[-61.74,9.63],[-61.73,9.7],[-61.76,9.75],[-61.77,9.81],[-61.63,9.82],[-61.59,9.89],[-61.51,9.85],[-61.31,9.63],[-61.23,9.6],[-61.01,9.56],[-60.87,9.45],[-60.79,9.36],[-60.84,9.26],[-60.97,9.22],[-61.02,9.15],[-61.05,9.1],[-61.05,9.04],[-61.09,8.97],[-61.1,8.94],[-61.12,8.84],[-61.18,8.73],[-61.25,8.6],[-61.62,8.6],[-61.53,8.55],[-61.44,8.51],[-61.3,8.41],[-61.19,8.49],[-61.04,8.49],[-60.87,8.58],[-60.8,8.59],[-60.48,8.55],[-60.4,8.61],[-60.34,8.63],[-60.17,8.62],[-60.02,8.55]]]]},"properties":{"iso":"VEN","name":"Venezuela","ha":[271221.5,271123.9,271205.2,271401.1,271266.5,271966.6,272109.9,272685.7,273342.4,274928.7,277321.1,277291.3,277037.9,276784.6,275595.3,276576.9,276257.2,276027.3,276049.5,276507.1,278251.6,279154.9,280269.7,281289.6,282194.4,281934.3,279810.3,276924.8,274922.2,271842.2,272195.6,272476.2,272403.0,272129.5,272135.3,273243.4,275410.0,276091.8,277189.8,278699.8,279077.2],"lo":[252967.5,252876.4,252952.3,253135.0,253009.4,253662.4,253796.1,254333.2,254945.6,256425.1,258656.5,258628.7,258392.5,258156.1,257047.0,257962.4,257664.3,257449.9,257470.6,257897.4,259524.5,260366.9,261406.8,262358.0,263201.9,262959.2,260978.2,258286.9,256419.1,253546.4,253876.0,254137.7,254069.5,253814.4,253819.8,254853.3,256874.1,257510.0,258534.1,259942.5,260294.5],"hi":[297258.0,297150.9,297240.0,297454.7,297307.2,298074.6,298231.6,298862.7,299582.4,301321.0,303943.0,303910.4,303632.7,303355.0,302051.6,303127.4,302777.0,302525.1,302549.4,303050.9,304962.9,305952.9,307174.8,308292.5,309284.2,308999.1,306671.2,303508.7,301313.8,297938.2,298325.5,298633.0,298552.8,298253.1,298259.5,299474.0,301848.5,302595.7,303799.2,305454.1,305867.7]}},{"type":"Feature","geometry":{"type":"MultiPolygon","coordinates":[[[[-64.4,18.46],[-64.42,18.46],[-64.44,18.46],[-64.44,18.47],[-64.43,18.51],[-64.32,18.52],[-64.4,18.46]]],[[[-64.59,18.4],[-64.67,18.4],[-64.7,18.41],[-64.65,18.44],[-64.57,18.45],[-64.55,18.44],[-64.59,18.4]]],[[[-64.29,18.74],[-64.27,18.71],[-64.28,18.71],[-64.34,18.73],[-64.38,18.73],[-64.4,18.74],[-64.41,18.75],[-64.32,18.75],[-64.29,18.74]]]]},"properties":{"iso":"VGB","name":"British Virgin Islands","ha":[133.0,133.0,132.5,132.5,133.5,134.4,134.4,134.8,134.9,135.2,135.2,135.2,135.0,133.0,114.4,116.3,115.9,114.9,116.8,126.4,130.1,133.1,133.3,133.9,136.3,137.8,135.3,134.2,134.5,131.9,132.1,131.0,93.0,84.3,86.2,91.5,100.3,112.1,119.7,122.7,127.0],"lo":[124.0,124.1,123.6,123.6,124.5,125.4,125.4,125.7,125.9,126.1,126.1,126.1,125.9,124.0,106.7,108.4,108.1,107.2,109.0,117.9,121.4,124.2,124.3,124.9,127.1,128.5,126.2,125.2,125.5,123.0,123.2,122.1,86.7,78.6,80.4,85.3,93.6,104.6,111.6,114.4,118.4],"hi":[145.7,145.8,145.3,145.3,146.3,147.4,147.4,147.7,147.9,148.2,148.2,148.2,148.0,145.7,125.3,127.4,127.0,126.0,128.1,138.5,142.6,145.9,146.1,146.8,149.3,151.0,148.3,147.1,147.4,144.5,144.8,143.5,101.9,92.3,94.4,100.3,110.0,122.9,131.2,134.4,139.2]}},{"type":"Feature","geometry":{"type":"MultiPolygon","coordinates":[[[[-64.85,18.33],[-64.92,18.32],[-65.02,18.37],[-64.94,18.39],[-64.89,18.37],[-64.85,18.33]]],[[[-64.66,18.35],[-64.73,18.33],[-64.77,18.33],[-64.79,18.34],[-64.75,18.37],[-64.66,18.35]]],[[[-64.77,17.79],[-64.68,17.75],[-64.58,17.75],[-64.69,17.71],[-64.89,17.7],[-64.88,17.77],[-64.77,17.79]]]]},"properties":{"iso":"VIR","name":"United States Virgin Islands","ha":[269.2,267.0,265.6,265.7,268.3,270.1,270.6,270.9,271.0,271.7,271.7,271.6,270.7,268.7,216.5,221.3,222.5,225.7,229.6,261.7,275.1,281.1,280.9,284.8,299.9,309.1,311.7,314.5,317.8,315.6,316.5,310.7,258.0,244.1,242.0,251.2,263.7,278.4,290.2,295.5,301.8],"lo":[251.0,249.0,247.7,247.9,250.3,251.9,252.4,252.7,252.7,253.4,253.4,253.3,252.5,250.7,201.9,206.4,207.5,210.5,214.2,244.1,256.6,262.1,262.0,265.6,279.7,288.3,290.7,293.4,296.4,294.4,295.2,289.8,240.6,227.7,225.7,234.3,246.0,259.7,270.7,275.6,281.5],"hi":[295.0,292.6,291.1,291.3,294.1,296.0,296.5,296.9,297.0,297.8,297.8,297.6,296.7,294.5,237.3,242.6,243.8,247.4,251.7,286.8,301.5,308.0,307.9,312.1,328.6,338.8,341.6,344.7,348.3,345.9,346.9,340.6,282.7,267.5,265.2,275.4,289.0,305.2,318.0,323.9,330.8]}},{"type":"Feature","geometry":{"type":"MultiPolygon","coordinates":[[[[104.06,10.39],[104.08,10.34],[104.08,10.22],[104.04,10.11],[104.05,10.06],[104.02,10.03],[103.95,10.24],[103.87,10.34],[103.85,10.37],[103.9,10.37],[103.99,10.43],[104.03,10.43],[104.06,10.39]]],[[[107.97,21.51],[107.93,21.5],[107.81,21.5],[107.71,21.41],[107.64,21.37],[107.53,21.34],[107.41,21.28],[107.38,21.19],[107.37,21.13],[107.35,21.06],[107.16,20.95],[107.11,20.96],[107.08,21.0],[107.02,20.99],[106.98,20.97],[106.94,20.97],[106.89,20.95],[106.82,20.96],[106.76,20.99],[106.73,21.0],[106.68,21.0],[106.68,20.96],[106.74,20.81],[106.75,20.74],[106.55,20.53],[106.57,20.39],[106.52,20.29],[106.4,20.21],[106.17,19.99],[106.06,19.99],[105.98,19.94],[105.81,19.59],[105.81,19.47],[105.79,19.38],[105.79,19.29],[105.72,19.13],[105.64,19.06],[105.62,18.97],[105.73,18.78],[105.74,18.75],[105.81,18.65],[105.84,18.57],[105.89,18.5],[106.07,18.32],[106.14,18.26],[106.24,18.22],[106.41,18.05],[106.5,17.95],[106.46,17.87],[106.48,17.72],[106.36,17.77],[106.37,17.75],[106.52,17.66],[106.74,17.37],[106.93,17.22],[107.12,17.06],[107.18,16.9],[107.36,16.79],[107.55,16.64],[107.54,16.61],[107.59,16.57],[107.72,16.49],[107.8,16.4],[107.83,16.32],[107.88,16.31],[107.94,16.33],[107.99,16.34],[108.03,16.33],[108.09,16.24],[108.17,16.16],[108.21,16.09],[108.24,16.1],[108.27,16.09],[108.27,16.03],[108.29,15.99],[108.4,15.87],[108.45,15.76],[108.58,15.58],[108.67,15.48],[108.74,15.43],[108.82,15.38],[108.9,15.18],[108.94,15.0],[109.02,14.8],[109.08,14.72],[109.09,14.55],[109.14,14.38],[109.19,14.27],[109.21,14.15],[109.22,14.1],[109.24,14.05],[109.3,13.86],[109.29,13.77],[109.25,13.85],[109.25,13.59],[109.29,13.45],[109.27,13.28],[109.31,13.22],[109.38,13.03],[109.42,12.96],[109.42,12.72],[109.44,12.6],[109.38,12.67],[109.34,12.75],[109.27,12.71],[109.22,12.65],[109.3,12.39],[109.21,12.42],[109.22,12.07],[109.26,11.99],[109.26,11.95],[109.25,11.91],[109.22,11.96],[109.21,12.01],[109.2,12.0],[109.2,11.97],[109.17,11.91],[109.16,11.84],[109.19,11.77],[109.2,11.72],[109.17,11.66],[109.13,11.6],[109.04,11.59],[109.02,11.47],[108.99,11.34],[108.82,11.32],[108.7,11.2],[108.55,11.16],[108.42,11.04],[108.27,10.93],[108.18,10.92],[108.09,10.9],[108.0,10.72],[107.85,10.7],[107.56,10.56],[107.47,10.49],[107.38,10.46],[107.26,10.4],[107.24,10.42],[107.19,10.47],[107.09,10.5],[107.04,10.56],[107.02,10.63],[107.01,10.66],[106.98,10.62],[106.97,10.44],[106.95,10.4],[106.9,10.38],[106.81,10.43],[106.73,10.54],[106.61,10.46],[106.64,10.46],[106.7,10.46],[106.74,10.44],[106.78,10.38],[106.78,10.34],[106.76,10.3],[106.64,10.29],[106.49,10.3],[106.46,10.3],[106.6,10.23],[106.73,10.19],[106.79,10.15],[106.79,10.12],[106.71,10.06],[106.66,9.99],[106.66,9.95],[106.66,9.9],[106.6,9.86],[106.56,9.87],[106.45,9.94],[106.14,10.22],[106.18,10.14],[106.51,9.82],[106.56,9.72],[106.57,9.64],[106.54,9.6],[106.48,9.56],[106.38,9.56],[106.2,9.68],[105.93,9.96],[105.83,10.0],[106.11,9.67],[106.16,9.59],[106.21,9.5],[106.19,9.45],[106.17,9.4],[105.5,9.09],[105.4,8.96],[105.32,8.8],[105.19,8.71],[105.11,8.63],[104.89,8.58],[104.77,8.6],[104.9,8.75],[104.82,8.8],[104.81,9.19],[104.85,9.61],[104.9,9.82],[104.99,9.87],[105.09,9.9],[105.09,9.95],[105.08,10.0],[105.03,10.07],[104.97,10.1],[104.87,10.11],[104.8,10.2],[104.75,10.2],[104.66,10.17],[104.61,10.21],[104.59,10.27],[104.52,10.34],[104.43,10.41],[104.47,10.42],[104.51,10.46],[104.56,10.52],[104.69,10.52],[104.82,10.52],[104.85,10.53],[104.9,10.59],[104.98,10.66],[105.05,10.7],[105.06,10.73],[105.04,10.81],[105.02,10.89],[105.05,10.91],[105.16,10.9],[105.28,10.86],[105.31,10.85],[105.39,10.94],[105.41,10.95],[105.45,10.95],[105.58,10.97],[105.7,10.99],[105.76,10.99],[105.81,10.93],[105.85,10.86],[105.88,10.86],[105.94,10.89],[105.99,10.85],[106.1,10.8],[106.16,10.79],[106.13,10.92],[106.17,11.01],[106.16,11.04],[106.1,11.08],[105.89,11.24],[105.86,11.29],[105.86,11.37],[105.85,11.49],[105.84,11.56],[105.84,11.6],[105.85,11.64],[105.89,11.65],[105.93,11.65],[105.96,11.68],[106.01,11.76],[106.1,11.75],[106.24,11.71],[106.34,11.68],[106.4,11.69],[106.41,11.7],[106.41,11.74],[106.42,11.91],[106.41,11.95],[106.5,11.97],[106.63,11.97],[106.7,11.98],[106.76,12.05],[106.93,12.08],[107.05,12.18],[107.16,12.28],[107.21,12.3],[107.28,12.32],[107.33,12.32],[107.39,12.26],[107.45,12.3],[107.51,12.36],[107.54,12.43],[107.56,12.54],[107.54,12.71],[107.51,12.84],[107.48,12.93],[107.48,13.03],[107.55,13.23],[107.61,13.44],[107.59,13.52],[107.53,13.65],[107.46,13.82],[107.39,13.99],[107.36,14.02],[107.34,14.07],[107.33,14.13],[107.36,14.31],[107.36,14.37],[107.45,14.45],[107.49,14.55],[107.54,14.65],[107.52,14.71],[107.51,14.82],[107.52,14.87],[107.5,14.92],[107.48,14.98],[107.5,15.02],[107.56,15.06],[107.59,15.12],[107.63,15.19],[107.65,15.26],[107.62,15.31],[107.56,15.39],[107.46,15.47],[107.34,15.56],[107.28,15.62],[107.23,15.68],[107.19,15.75],[107.17,15.8],[107.19,15.84],[107.36,15.92],[107.39,15.95],[107.41,16.0],[107.4,16.04],[107.35,16.07],[107.3,16.08],[107.22,16.14],[107.07,16.28],[107.0,16.31],[106.93,16.35],[106.89,16.4],[106.85,16.52],[106.83,16.53],[106.79,16.49],[106.74,16.45],[106.7,16.46],[106.66,16.49],[106.64,16.54],[106.59,16.6],[106.55,16.65],[106.53,16.82],[106.53,16.88],[106.5,16.95],[106.47,16.98],[106.43,17.0],[106.33,17.14],[106.27,17.22],[106.01,17.42],[105.97,17.45],[105.9,17.53],[105.78,17.64],[105.69,17.74],[105.63,17.83],[105.6,17.92],[105.59,17.98],[105.52,18.08],[105.46,18.15],[105.4,18.18],[105.33,18.19],[105.27,18.24],[105.16,18.34],[105.11,18.41],[105.09,18.45],[105.09,18.5],[105.11,18.57],[105.15,18.62],[105.15,18.65],[105.12,18.68],[104.99,18.73],[104.72,18.8],[104.61,18.86],[104.52,18.93],[104.45,18.98],[104.11,19.2],[104.01,19.23],[103.92,19.27],[103.89,19.3],[103.9,19.34],[103.93,19.37],[104.03,19.42],[104.06,19.48],[104.05,19.56],[104.01,19.65],[104.03,19.68],[104.06,19.68],[104.13,19.68],[104.26,19.69],[104.55,19.61],[104.59,19.62],[104.74,19.75],[104.8,19.84],[104.82,19.9],[104.85,19.95],[104.93,20.02],[104.93,20.08],[104.89,20.17],[104.85,20.2],[104.81,20.22],[104.7,20.21],[104.68,20.22],[104.66,20.29],[104.66,20.33],[104.62,20.37],[104.5,20.41],[104.39,20.42],[104.37,20.44],[104.41,20.49],[104.48,20.53],[104.53,20.55],[104.58,20.6],[104.58,20.65],[104.53,20.69],[104.46,20.73],[104.35,20.82],[104.2,20.91],[104.1,20.95],[104.05,20.94],[103.88,20.86],[103.79,20.81],[103.71,20.72],[103.64,20.7],[103.55,20.74],[103.46,20.78],[103.21,20.84],[103.1,20.89],[102.88,21.2],[102.85,21.27],[102.87,21.34],[102.89,21.44],[102.91,21.51],[102.95,21.57],[102.96,21.63],[102.95,21.68],[102.92,21.71],[102.88,21.72],[102.85,21.73],[102.82,21.81],[102.8,21.8],[102.77,21.71],[102.74,21.68],[102.7,21.66],[102.66,21.68],[102.64,21.71],[102.63,21.77],[102.61,21.85],[102.58,21.9],[102.49,21.96],[102.44,22.03],[102.3,22.18],[102.18,22.28],[102.13,22.38],[102.18,22.41],[102.24,22.47],[102.3,22.55],[102.38,22.65],[102.41,22.71],[102.43,22.73],[102.47,22.75],[102.52,22.74],[102.6,22.7],[102.72,22.65],[102.83,22.59],[102.87,22.53],[102.94,22.47],[102.98,22.45],[103.01,22.45],[103.08,22.5],[103.14,22.54],[103.14,22.59],[103.19,22.64],[103.27,22.71],[103.3,22.76],[103.33,22.77],[103.36,22.75],[103.47,22.6],[103.49,22.59],[103.53,22.61],[103.57,22.73],[103.62,22.78],[103.64,22.77],[103.92,22.54],[103.94,22.54],[103.97,22.55],[103.99,22.59],[104.01,22.67],[104.05,22.75],[104.14,22.8],[104.21,22.81],[104.24,22.77],[104.3,22.71],[104.37,22.7],[104.53,22.8],[104.58,22.82],[104.63,22.82],[104.69,22.82],[104.74,22.86],[104.8,22.91],[104.81,23.01],[104.83,23.1],[104.86,23.14],[104.91,23.16],[105.0,23.19],[105.19,23.28],[105.24,23.32],[105.28,23.35],[105.35,23.31],[105.44,23.24],[105.49,23.18],[105.53,23.12],[105.55,23.07],[105.69,23.03],[105.78,22.97],[105.84,22.92],[105.9,22.92],[105.96,22.94],[106.0,22.97],[106.07,22.98],[106.15,22.97],[106.18,22.96],[106.25,22.87],[106.28,22.86],[106.34,22.86],[106.45,22.89],[106.54,22.91],[106.62,22.87],[106.78,22.78],[106.74,22.71],[106.7,22.64],[106.63,22.59],[106.58,22.57],[106.55,22.5],[106.54,22.4],[106.55,22.34],[106.59,22.32],[106.64,22.29],[106.65,22.24],[106.66,22.14],[106.66,22.02],[106.66,21.98],[106.7,21.99],[106.73,22.0],[106.79,21.98],[106.87,21.95],[106.93,21.92],[106.97,21.92],[107.01,21.89],[107.02,21.83],[107.06,21.79],[107.18,21.72],[107.27,21.71],[107.35,21.61],[107.43,21.64],[107.47,21.6],[107.64,21.61],[107.76,21.66],[107.8,21.65],[107.91,21.56],[107.97,21.51]]],[[[106.62,8.68],[106.59,8.68],[106.57,8.7],[106.66,8.77],[106.65,8.72],[106.65,8.7],[106.62,8.68]]],[[[107.17,10.4],[107.08,10.34],[107.08,10.39],[107.15,10.42],[107.18,10.45],[107.19,10.45],[107.17,10.4]]],[[[106.87,20.82],[106.85,20.8],[106.8,20.84],[106.77,20.86],[106.8,20.93],[106.86,20.86],[106.87,20.82]]],[[[107.6,21.22],[107.46,21.09],[107.4,21.09],[107.45,21.24],[107.48,21.27],[107.56,21.22],[107.6,21.22]]],[[[107.52,20.93],[107.47,20.9],[107.4,20.9],[107.48,20.95],[107.52,21.01],[107.55,21.03],[107.55,20.98],[107.52,20.93]]],[[[107.03,20.75],[106.99,20.74],[106.91,20.82],[106.95,20.87],[107.04,20.84],[107.06,20.82],[107.06,20.8],[107.04,20.76],[107.03,20.75]]]]},"properties":{"iso":"VNM","name":"Viet Nam","ha":[141252.7,141260.6,141345.7,141810.0,142634.7,143456.1,144381.6,146110.4,148033.8,147712.5,150136.4,151818.1,153699.7,152613.5,158590.9,161999.5,161472.9,160774.0,160209.4,155419.3,156437.1,158025.6,160308.0,162579.0,164345.5,162608.3,162230.4,161977.5,162154.2,163893.8,166288.0,167981.4,170216.4,170349.8,170669.2,171296.3,171046.4,169328.2,166937.3,167550.7,160396.9],"lo":[131745.9,131753.4,131832.7,132265.8,133034.9,133801.1,134664.3,136276.7,138070.7,137771.1,140031.8,141600.3,143355.3,142342.1,147917.2,151096.4,150605.3,149953.4,149426.8,144959.2,145908.4,147390.0,149518.8,151637.0,153284.6,151664.2,151311.9,151075.9,151240.8,152863.3,155096.4,156675.8,158760.3,158884.7,159182.6,159767.6,159534.4,157931.9,155701.9,156274.0,149601.7],"hi":[154812.5,154821.2,154914.5,155423.3,156327.2,157227.5,158241.7,160136.5,162244.6,161892.5,164549.0,166392.1,168454.4,167263.9,173815.1,177550.9,176973.8,176207.8,175589.0,170339.1,171454.6,173195.6,175697.1,178186.1,180122.2,178218.2,177804.1,177526.8,177720.6,179627.1,182251.2,184107.1,186556.7,186702.8,187052.9,187740.3,187466.3,185583.2,182962.8,183635.0,175794.5]}},{"type":"Feature","geometry":{"type":"MultiPolygon","coordinates":[[[[166.75,-14.83],[166.81,-15.16],[166.89,-15.16],[166.92,-15.14],[166.97,-15.06],[166.99,-14.94],[167.03,-14.92],[167.08,-14.94],[167.05,-14.97],[167.07,-15.07],[167.11,-15.13],[167.13,-15.14],[167.18,-15.39],[167.2,-15.44],[167.2,-15.49],[167.09,-15.58],[166.94,-15.58],[166.83,-15.63],[166.76,-15.63],[166.76,-15.57],[166.7,-15.52],[166.63,-15.41],[166.65,-15.21],[166.53,-14.85],[166.53,-14.76],[166.57,-14.64],[166.61,-14.64],[166.66,-14.74],[166.75,-14.83]]],[[[167.41,-16.1],[167.46,-16.12],[167.48,-16.12],[167.5,-16.17],[167.64,-16.26],[167.68,-16.26],[167.71,-16.31],[167.78,-16.34],[167.79,-16.39],[167.84,-16.45],[167.76,-16.52],[167.61,-16.5],[167.53,-16.57],[167.45,-16.55],[167.44,-16.52],[167.45,-16.5],[167.4,-16.4],[167.38,-16.25],[167.35,-16.15],[167.32,-16.12],[167.25,-16.15],[167.22,-16.16],[167.15,-16.08],[167.18,-15.93],[167.2,-15.89],[167.25,-15.88],[167.34,-15.92],[167.41,-16.1]]],[[[168.45,-16.78],[168.48,-16.79],[168.46,-16.84],[168.32,-16.79],[168.21,-16.81],[168.18,-16.8],[168.15,-16.77],[168.12,-16.69],[168.14,-16.64],[168.18,-16.6],[168.2,-16.59],[168.23,-16.64],[168.27,-16.67],[168.3,-16.68],[168.37,-16.76],[168.45,-16.78]]],[[[168.3,-16.34],[168.18,-16.35],[168.02,-16.32],[167.96,-16.27],[167.93,-16.23],[167.98,-16.2],[168.06,-16.18],[168.16,-16.08],[168.2,-16.12],[168.24,-16.23],[168.28,-16.26],[168.3,-16.3],[168.3,-16.34]]],[[[168.45,-17.54],[168.55,-17.68],[168.58,-17.7],[168.52,-17.8],[168.4,-17.81],[168.25,-17.78],[168.31,-17.75],[168.28,-17.71],[168.23,-17.7],[168.18,-17.72],[168.16,-17.71],[168.19,-17.64],[168.27,-17.55],[168.3,-17.54],[168.32,-17.54],[168.34,-17.55],[168.45,-17.54]]],[[[167.91,-15.44],[167.84,-15.48],[167.72,-15.48],[167.67,-15.45],[167.83,-15.31],[168.0,-15.28],[167.91,-15.44]]],[[[168.21,-15.97],[168.2,-15.97],[168.18,-15.93],[168.12,-15.68],[168.16,-15.46],[168.18,-15.51],[168.27,-15.89],[168.26,-15.96],[168.21,-15.97]]],[[[168.19,-15.33],[168.17,-15.39],[168.13,-15.32],[168.1,-15.02],[168.11,-14.99],[168.14,-14.99],[168.19,-15.2],[168.19,-15.33]]],[[[167.22,-15.72],[167.2,-15.75],[167.09,-15.69],[167.12,-15.62],[167.23,-15.65],[167.22,-15.72]]],[[[167.58,-14.26],[167.54,-14.31],[167.43,-14.29],[167.4,-14.28],[167.41,-14.2],[167.44,-14.17],[167.51,-14.14],[167.6,-14.18],[167.58,-14.26]]],[[[167.49,-13.91],[167.47,-13.92],[167.45,-13.91],[167.39,-13.79],[167.41,-13.75],[167.48,-13.71],[167.55,-13.78],[167.55,-13.81],[167.55,-13.85],[167.54,-13.87],[167.5,-13.88],[167.49,-13.91]]],[[[169.9,-20.19],[169.86,-20.24],[169.81,-20.24],[169.74,-20.2],[169.75,-20.15],[169.83,-20.14],[169.85,-20.15],[169.9,-20.19]]],[[[169.49,-19.54],[169.44,-19.65],[169.35,-19.62],[169.26,-19.55],[169.22,-19.48],[169.25,-19.34],[169.29,-19.32],[169.34,-19.33],[169.36,-19.46],[169.49,-19.54]]],[[[169.33,-18.94],[169.29,-18.99],[169.25,-18.98],[168.99,-18.87],[169.0,-18.83],[168.99,-18.71],[169.02,-18.64],[169.09,-18.62],[169.14,-18.63],[169.18,-18.73],[169.26,-18.76],[169.2,-18.8],[169.3,-18.87],[169.33,-18.94]]]]},"properties":{"iso":"VUT","name":"Vanuatu","ha":[2051.1,2051.1,2051.1,2051.1,2051.1,2051.1,2051.1,2051.1,2051.1,2051.2,2051.2,2051.1,2050.5,2042.6,2018.0,2068.0,2080.7,2079.2,2084.7,2116.0,2152.7,2170.8,2174.2,2183.2,2204.9,2213.5,2202.4,2186.7,2186.9,2189.8,2190.5,2190.0,2194.7,2203.4,2217.0,2229.5,2242.9,2246.7,2234.8,2216.7,2186.7],"lo":[1913.0,1913.0,1913.0,1913.0,1913.0,1913.0,1913.0,1913.0,1913.0,1913.2,1913.2,1913.1,1912.5,1905.1,1882.2,1928.8,1940.7,1939.3,1944.4,1973.6,2007.8,2024.7,2027.8,2036.3,2056.5,2064.5,2054.1,2039.5,2039.7,2042.5,2043.1,2042.6,2046.9,2055.1,2067.8,2079.4,2092.0,2095.5,2084.4,2067.5,2039.5],"hi":[2247.9,2247.9,2247.9,2247.9,2247.9,2247.9,2247.9,2247.9,2247.9,2248.1,2248.1,2248.0,2247.3,2238.7,2211.7,2266.5,2280.5,2278.8,2284.8,2319.2,2359.3,2379.2,2382.9,2392.8,2416.5,2426.0,2413.8,2396.6,2396.8,2400.1,2400.8,2400.3,2405.3,2414.9,2429.8,2443.5,2458.2,2462.4,2449.4,2429.5,2396.6]}},{"type":"Feature","geometry":{"type":"MultiPolygon","coordinates":[[[[-176.16,-13.33],[-176.18,-13.34],[-176.2,-13.3],[-176.17,-13.24],[-176.15,-13.22],[-176.13,-13.27],[-176.16,-13.33]]],[[[-178.05,-14.32],[-178.1,-14.32],[-178.16,-14.31],[-178.19,-14.26],[-178.18,-14.23],[-178.14,-14.24],[-178.11,-14.28],[-178.04,-14.3],[-178.05,-14.32]]]]},"properties":{"iso":"WLF","name":"Wallis and Futuna","ha":[40.1,40.1,40.1,40.1,40.1,40.1,40.1,40.1,40.1,40.1,40.1,40.1,40.1,40.2,45.4,47.1,47.1,48.0,48.8,51.7,52.3,52.8,53.0,53.6,55.4,55.6,55.2,53.9,53.1,53.9,54.1,54.1,53.5,53.3,53.5,53.4,52.9,53.2,52.6,53.6,54.2],"lo":[37.4,37.4,37.4,37.4,37.4,37.4,37.4,37.4,37.4,37.4,37.4,37.4,37.4,37.5,42.3,44.0,44.0,44.8,45.5,48.3,48.8,49.2,49.4,50.0,51.7,51.8,51.5,50.2,49.5,50.2,50.5,50.5,49.9,49.8,49.9,49.8,49.4,49.6,49.0,50.0,50.6],"hi":[43.9,43.9,43.9,43.9,43.9,43.9,43.9,43.9,43.9,43.9,43.9,43.9,43.9,44.0,49.7,51.7,51.7,52.6,53.4,56.7,57.4,57.8,58.1,58.8,60.7,60.9,60.5,59.0,58.2,59.0,59.3,59.3,58.7,58.5,58.7,58.6,58.0,58.3,57.6,58.7,59.4]}},{"type":"Feature","geometry":{"type":"MultiPolygon","coordinates":[[[[-172.33,-13.47],[-172.22,-13.56],[-172.18,-13.68],[-172.22,-13.8],[-172.33,-13.77],[-172.48,-13.8],[-172.54,-13.79],[-172.66,-13.64],[-172.74,-13.58],[-172.78,-13.52],[-172.67,-13.52],[-172.51,-13.48],[-172.33,-13.47]]],[[[-171.45,-14.05],[-171.73,-14.05],[-171.86,-14.0],[-171.91,-14.0],[-172.03,-13.91],[-172.05,-13.86],[-171.98,-13.82],[-171.86,-13.81],[-171.6,-13.88],[-171.57,-13.94],[-171.51,-13.95],[-171.46,-13.98],[-171.45,-14.02],[-171.45,-14.05]]]]},"properties":{"iso":"WSM","name":"Samoa","ha":[196.9,196.9,196.9,196.9,196.9,196.9,196.9,196.9,196.9,196.9,196.9,196.9,196.8,197.5,214.4,224.2,227.0,227.2,229.8,238.4,243.3,249.0,254.4,261.6,270.6,270.3,264.4,260.1,260.7,277.6,286.6,289.4,293.4,300.3,303.2,300.5,303.1,306.6,307.6,308.0,307.0],"lo":[183.7,183.7,183.7,183.7,183.7,183.7,183.7,183.7,183.7,183.7,183.7,183.7,183.6,184.2,200.0,209.2,211.8,211.9,214.3,222.4,227.0,232.3,237.3,244.0,252.4,252.1,246.6,242.6,243.2,258.9,267.3,270.0,273.7,280.1,282.8,280.2,282.7,285.9,286.9,287.3,286.3],"hi":[215.8,215.8,215.8,215.8,215.8,215.8,215.8,215.8,215.8,215.8,215.8,215.8,215.7,216.5,235.0,245.8,248.8,249.0,251.8,261.3,266.7,272.9,278.8,286.7,296.6,296.3,289.8,285.1,285.8,304.2,314.1,317.2,321.6,329.1,332.3,329.3,332.2,336.0,337.1,337.6,336.5]}},{"type":"Feature","geometry":{"type":"MultiPolygon","coordinates":[[[[53.09,16.65],[52.58,16.47],[52.45,16.39],[52.33,16.29],[52.24,16.17],[52.17,15.96],[52.22,15.76],[52.22,15.66],[52.09,15.59],[51.97,15.54],[51.83,15.46],[51.75,15.44],[51.68,15.38],[51.6,15.34],[51.32,15.23],[51.02,15.14],[50.53,15.04],[50.34,14.93],[50.17,14.85],[49.91,14.83],[49.55,14.72],[49.35,14.64],[49.1,14.5],[49.05,14.46],[49.0,14.36],[48.93,14.27],[48.78,14.12],[48.67,14.05],[48.59,14.05],[48.45,14.01],[48.28,14.0],[47.99,14.05],[47.92,14.01],[47.86,13.96],[47.63,13.86],[47.41,13.66],[47.24,13.61],[46.98,13.55],[46.79,13.47],[46.66,13.43],[46.5,13.42],[46.2,13.42],[45.92,13.39],[45.66,13.34],[45.53,13.23],[45.39,13.07],[45.16,13.0],[45.11,12.94],[45.04,12.82],[44.89,12.78],[44.76,12.76],[44.62,12.82],[44.36,12.67],[44.26,12.64],[44.11,12.64],[44.01,12.61],[43.93,12.62],[43.84,12.67],[43.63,12.74],[43.49,12.7],[43.48,12.84],[43.23,13.27],[43.28,13.64],[43.28,13.69],[43.23,13.86],[43.09,14.01],[43.09,14.2],[43.04,14.34],[43.01,14.48],[43.02,14.52],[43.02,14.55],[42.95,14.77],[42.92,14.82],[42.91,14.86],[42.94,14.9],[42.94,14.94],[42.9,15.01],[42.86,15.13],[42.66,15.23],[42.7,15.33],[42.74,15.29],[42.79,15.27],[42.8,15.33],[42.8,15.37],[42.72,15.65],[42.84,16.03],[42.8,16.37],[42.99,16.51],[43.03,16.55],[43.06,16.59],[43.1,16.66],[43.17,16.69],[43.19,16.77],[43.18,16.81],[43.15,16.85],[43.12,16.94],[43.13,17.06],[43.14,17.11],[43.16,17.21],[43.22,17.24],[43.24,17.27],[43.19,17.32],[43.19,17.36],[43.3,17.46],[43.35,17.49],[43.42,17.52],[43.47,17.52],[43.54,17.5],[43.6,17.47],[43.65,17.42],[43.71,17.37],[43.8,17.34],[43.87,17.35],[43.92,17.32],[43.96,17.34],[44.01,17.37],[44.09,17.37],[44.16,17.4],[44.35,17.41],[44.55,17.4],[44.75,17.43],[44.95,17.43],[45.15,17.43],[45.19,17.42],[45.24,17.41],[45.41,17.32],[45.54,17.3],[45.79,17.28],[46.07,17.25],[46.31,17.23],[46.51,17.25],[46.68,17.27],[46.73,17.27],[46.78,17.21],[46.88,17.08],[46.98,16.95],[47.14,16.95],[47.25,16.99],[47.37,17.06],[47.44,17.11],[47.53,17.32],[47.58,17.45],[47.7,17.6],[47.81,17.72],[47.95,17.89],[48.02,17.98],[48.17,18.16],[48.32,18.23],[48.59,18.36],[48.86,18.5],[49.04,18.58],[49.19,18.62],[49.45,18.66],[49.74,18.7],[50.04,18.74],[50.36,18.78],[50.71,18.83],[50.95,18.86],[51.26,18.9],[51.51,18.93],[51.74,18.96],[51.98,19.0],[52.02,18.9],[52.07,18.8],[52.11,18.7],[52.15,18.6],[52.2,18.5],[52.24,18.4],[52.29,18.3],[52.33,18.2],[52.38,18.1],[52.42,18.0],[52.46,17.9],[52.51,17.8],[52.55,17.7],[52.6,17.6],[52.64,17.5],[52.69,17.4],[52.73,17.3],[52.8,17.27],[52.84,17.18],[52.9,17.04],[52.96,16.91],[53.02,16.78],[53.09,16.65]]],[[[42.59,15.3],[42.56,15.28],[42.55,15.32],[42.57,15.41],[42.6,15.43],[42.62,15.37],[42.61,15.33],[42.59,15.3]]],[[[42.76,13.7],[42.69,13.67],[42.73,13.75],[42.78,13.77],[42.79,13.77],[42.76,13.7]]],[[[42.79,13.97],[42.77,13.95],[42.76,13.95],[42.69,14.01],[42.76,14.07],[42.8,14.01],[42.79,13.97]]],[[[53.76,12.64],[53.82,12.62],[53.92,12.66],[54.19,12.66],[54.51,12.55],[54.45,12.52],[54.41,12.48],[54.27,12.45],[54.13,12.36],[53.72,12.32],[53.6,12.34],[53.5,12.43],[53.32,12.53],[53.39,12.6],[53.4,12.63],[53.43,12.66],[53.53,12.72],[53.64,12.71],[53.76,12.64]]]]},"properties":{"iso":"YEM","name":"Yemen","ha":[1131.4,1132.8,1137.2,1139.1,1147.8,1154.3,1158.1,1170.1,1213.3,1261.8,1271.0,1278.8,1290.4,1302.6,1302.1,1302.3,1297.9,1296.5,1297.8,1313.1,1316.2,1332.8,1357.1,1385.0,1398.1,1393.2,1403.9,1424.2,1456.9,1493.4,1507.8,1542.6,1544.3,1564.2,1595.8,1628.0,1636.7,1657.9,1656.1,1668.5,1656.7],"lo":[1055.2,1056.6,1060.6,1062.4,1070.6,1076.7,1080.2,1091.3,1131.7,1176.9,1185.4,1192.8,1203.5,1214.9,1214.4,1214.7,1210.5,1209.3,1210.5,1224.7,1227.6,1243.1,1265.8,1291.8,1304.0,1299.5,1309.4,1328.4,1358.8,1392.9,1406.4,1438.7,1440.4,1458.9,1488.4,1518.5,1526.5,1546.4,1544.6,1556.2,1545.2],"hi":[1240.0,1241.5,1246.3,1248.5,1258.0,1265.2,1269.3,1282.4,1329.8,1382.9,1393.0,1401.6,1414.3,1427.6,1427.1,1427.4,1422.5,1421.0,1422.4,1439.1,1442.5,1460.7,1487.4,1518.0,1532.3,1527.0,1538.7,1561.0,1596.7,1636.7,1652.6,1690.6,1692.6,1714.4,1749.0,1784.3,1793.8,1817.1,1815.1,1828.7,1815.8]}},{"type":"Feature","geometry":{"type":"MultiPolygon","coordinates":[[[[29.36,-22.19],[29.38,-22.19],[29.66,-22.15],[29.9,-22.18],[30.19,-22.29],[30.46,-22.33],[30.71,-22.3],[30.92,-22.29],[31.07,-22.31],[31.2,-22.34],[31.29,-22.4],[31.29,-22.45],[31.3,-22.48],[31.35,-22.62],[31.42,-22.83],[31.47,-23.02],[31.53,-23.28],[31.53,-23.43],[31.55,-23.48],[31.6,-23.55],[31.68,-23.67],[31.7,-23.74],[31.72,-23.79],[31.8,-23.89],[31.86,-24.04],[31.91,-24.24],[31.95,-24.33],[31.97,-24.38],[31.99,-24.46],[31.98,-24.64],[31.98,-24.84],[31.99,-25.07],[31.99,-25.26],[31.98,-25.36],[31.98,-25.63],[31.92,-25.77],[31.93,-25.89],[31.95,-25.96],[31.92,-25.97],[31.87,-25.98],[31.64,-25.87],[31.42,-25.75],[31.38,-25.74],[31.34,-25.76],[31.21,-25.84],[31.09,-25.98],[31.03,-26.1],[30.95,-26.22],[30.8,-26.41],[30.79,-26.46],[30.79,-26.61],[30.79,-26.76],[30.81,-26.79],[30.88,-26.79],[30.94,-26.92],[31.06,-27.11],[31.27,-27.24],[31.47,-27.3],[31.74,-27.31],[31.96,-27.31],[31.95,-27.17],[31.97,-26.96],[31.99,-26.82],[32.02,-26.81],[32.08,-26.82],[32.11,-26.84],[32.2,-26.83],[32.35,-26.86],[32.48,-26.86],[32.59,-26.86],[32.78,-26.85],[32.89,-26.85],[32.85,-27.08],[32.71,-27.44],[32.66,-27.61],[32.53,-28.2],[32.38,-28.5],[32.29,-28.62],[32.03,-28.84],[31.96,-28.88],[31.89,-28.91],[31.78,-28.94],[31.34,-29.38],[31.17,-29.59],[31.02,-29.9],[30.88,-30.07],[30.66,-30.43],[30.47,-30.71],[30.29,-30.97],[29.97,-31.32],[29.83,-31.42],[29.74,-31.47],[29.48,-31.67],[29.13,-32.0],[28.86,-32.29],[28.45,-32.62],[28.21,-32.77],[27.86,-33.05],[27.76,-33.1],[27.36,-33.36],[27.08,-33.52],[26.61,-33.71],[26.43,-33.76],[25.99,-33.71],[25.81,-33.74],[25.65,-33.85],[25.64,-34.01],[25.57,-34.04],[25.48,-34.03],[25.17,-33.96],[25.0,-33.97],[24.91,-34.06],[24.83,-34.17],[24.6,-34.17],[24.18,-34.06],[23.7,-33.99],[23.59,-33.99],[23.35,-34.07],[23.27,-34.08],[22.93,-34.06],[22.74,-34.01],[22.55,-34.01],[22.41,-34.05],[22.25,-34.07],[21.79,-34.37],[21.55,-34.37],[21.35,-34.41],[21.25,-34.41],[21.06,-34.36],[20.99,-34.37],[20.88,-34.39],[20.77,-34.44],[20.53,-34.46],[20.43,-34.51],[20.02,-34.79],[19.93,-34.77],[19.85,-34.76],[19.63,-34.75],[19.39,-34.61],[19.3,-34.62],[19.32,-34.57],[19.33,-34.49],[19.28,-34.44],[19.24,-34.41],[19.15,-34.42],[19.1,-34.35],[18.95,-34.34],[18.9,-34.36],[18.83,-34.36],[18.83,-34.3],[18.83,-34.25],[18.83,-34.19],[18.81,-34.11],[18.75,-34.08],[18.71,-34.07],[18.61,-34.08],[18.53,-34.09],[18.5,-34.11],[18.46,-34.17],[18.46,-34.35],[18.41,-34.3],[18.35,-34.19],[18.33,-34.07],[18.35,-33.94],[18.47,-33.89],[18.46,-33.8],[18.43,-33.72],[18.31,-33.51],[18.26,-33.42],[18.16,-33.36],[18.07,-33.21],[17.99,-33.15],[17.96,-33.05],[17.88,-32.96],[17.85,-32.83],[17.9,-32.75],[17.97,-32.71],[18.04,-32.78],[18.12,-32.75],[18.25,-32.65],[18.33,-32.5],[18.33,-32.27],[18.31,-32.12],[18.21,-31.74],[18.16,-31.66],[17.94,-31.38],[17.68,-31.02],[17.35,-30.44],[17.19,-30.1],[16.95,-29.4],[16.74,-29.01],[16.48,-28.64],[16.45,-28.62],[16.49,-28.57],[16.63,-28.49],[16.69,-28.46],[16.72,-28.48],[16.76,-28.45],[16.79,-28.39],[16.79,-28.34],[16.81,-28.26],[16.84,-28.22],[16.88,-28.13],[16.93,-28.07],[17.06,-28.03],[17.15,-28.08],[17.19,-28.13],[17.2,-28.2],[17.25,-28.23],[17.31,-28.23],[17.36,-28.27],[17.39,-28.35],[17.38,-28.41],[17.34,-28.45],[17.35,-28.5],[17.4,-28.56],[17.42,-28.62],[17.45,-28.7],[17.62,-28.74],[17.7,-28.77],[17.84,-28.78],[17.98,-28.81],[18.1,-28.87],[18.31,-28.89],[18.6,-28.86],[18.84,-28.87],[19.03,-28.93],[19.16,-28.94],[19.25,-28.9],[19.28,-28.85],[19.27,-28.78],[19.31,-28.73],[19.41,-28.71],[19.48,-28.66],[19.54,-28.57],[19.67,-28.5],[19.88,-28.45],[19.98,-28.45],[19.98,-28.31],[19.98,-27.87],[19.98,-27.42],[19.98,-26.98],[19.98,-26.53],[19.98,-26.09],[19.98,-25.64],[19.98,-25.2],[19.98,-24.78],[20.03,-24.81],[20.35,-25.03],[20.43,-25.15],[20.47,-25.22],[20.61,-25.49],[20.71,-25.73],[20.79,-25.92],[20.8,-26.0],[20.81,-26.08],[20.82,-26.12],[20.82,-26.16],[20.76,-26.26],[20.7,-26.34],[20.63,-26.44],[20.62,-26.58],[20.64,-26.74],[20.69,-26.82],[20.74,-26.85],[20.87,-26.81],[20.95,-26.82],[21.07,-26.85],[21.45,-26.83],[21.5,-26.84],[21.65,-26.85],[21.69,-26.84],[21.74,-26.81],[21.79,-26.71],[21.83,-26.68],[21.91,-26.66],[22.01,-26.64],[22.09,-26.58],[22.22,-26.39],[22.47,-26.22],[22.55,-26.18],[22.6,-26.13],[22.64,-26.07],[22.73,-25.86],[22.8,-25.68],[22.82,-25.6],[22.88,-25.46],[22.95,-25.37],[23.02,-25.32],[23.06,-25.31],[23.15,-25.29],[23.27,-25.27],[23.39,-25.29],[23.52,-25.34],[23.67,-25.43],[23.82,-25.54],[23.89,-25.6],[23.97,-25.63],[24.1,-25.63],[24.19,-25.63],[24.33,-25.74],[24.4,-25.75],[24.56,-25.78],[24.75,-25.82],[24.87,-25.81],[25.0,-25.75],[25.09,-25.75],[25.21,-25.76],[25.35,-25.74],[25.44,-25.71],[25.52,-25.66],[25.58,-25.61],[25.66,-25.44],[25.7,-25.3],[25.77,-25.15],[25.85,-24.94],[25.88,-24.79],[25.91,-24.75],[26.03,-24.7],[26.13,-24.67],[26.4,-24.61],[26.45,-24.58],[26.5,-24.51],[26.62,-24.4],[26.76,-24.3],[26.84,-24.24],[26.97,-23.76],[26.99,-23.7],[27.09,-23.58],[27.15,-23.52],[27.19,-23.52],[27.24,-23.49],[27.31,-23.42],[27.4,-23.38],[27.5,-23.37],[27.56,-23.32],[27.59,-23.25],[27.64,-23.22],[27.72,-23.22],[27.76,-23.2],[27.77,-23.15],[27.81,-23.11],[27.89,-23.07],[27.93,-23.03],[27.94,-22.99],[28.03,-22.87],[28.21,-22.69],[28.38,-22.59],[28.54,-22.57],[28.7,-22.54],[28.84,-22.48],[28.95,-22.4],[29.01,-22.28],[29.13,-22.21],[29.36,-22.19]],[[28.74,-30.1],[28.9,-30.04],[28.98,-30.0],[29.03,-29.97],[29.1,-29.92],[29.12,-29.8],[29.14,-29.7],[29.2,-29.65],[29.25,-29.62],[29.29,-29.57],[29.35,-29.44],[29.39,-29.32],[29.39,-29.27],[29.37,-29.22],[29.34,-29.16],[29.3,-29.09],[29.26,-29.08],[29.18,-29.04],[29.06,-28.95],[28.95,-28.88],[28.86,-28.78],[28.82,-28.76],[28.72,-28.69],[28.68,-28.65],[28.65,-28.6],[28.63,-28.58],[28.58,-28.59],[28.47,-28.62],[28.23,-28.7],[28.08,-28.78],[27.96,-28.87],[27.83,-28.91],[27.74,-28.94],[27.66,-29.05],[27.59,-29.15],[27.53,-29.24],[27.49,-29.28],[27.46,-29.3],[27.42,-29.36],[27.36,-29.46],[27.29,-29.52],[27.21,-29.55],[27.1,-29.6],[27.06,-29.63],[27.05,-29.66],[27.09,-29.75],[27.13,-29.84],[27.19,-29.94],[27.24,-30.02],[27.31,-30.11],[27.36,-30.16],[27.35,-30.25],[27.36,-30.28],[27.39,-30.32],[27.41,-30.33],[27.43,-30.34],[27.49,-30.36],[27.51,-30.38],[27.55,-30.41],[27.59,-30.47],[27.67,-30.54],[27.75,-30.6],[27.9,-30.62],[28.02,-30.64],[28.06,-30.63],[28.1,-30.58],[28.13,-30.53],[28.14,-30.45],[28.18,-30.41],[28.32,-30.22],[28.39,-30.15],[28.44,-30.14],[28.5,-30.13],[28.58,-30.12],[28.63,-30.13],[28.65,-30.13],[28.74,-30.1]]],[[[37.86,-46.94],[37.81,-46.96],[37.61,-46.95],[37.59,-46.91],[37.65,-46.85],[37.68,-46.82],[37.79,-46.84],[37.87,-46.89],[37.89,-46.9],[37.86,-46.94]]]]},"properties":{"iso":"ZAF","name":"South Africa","ha":[1402.9,1407.2,1420.5,1452.1,1571.0,1630.0,1642.6,1658.3,1688.3,1748.7,1760.6,1792.7,1811.4,1820.4,1820.8,1843.9,1847.8,1845.0,1851.3,1862.0,1871.3,1893.8,1924.9,1938.7,1940.7,1937.1,1930.9,1931.5,1931.0,1933.0,1937.0,1949.5,1940.7,1929.2,1940.6,1956.4,1969.2,1975.2,1992.7,2006.7,2025.2],"lo":[1308.5,1312.5,1324.9,1354.3,1465.2,1520.3,1532.0,1546.7,1574.6,1631.0,1642.1,1672.0,1689.5,1697.9,1698.3,1719.8,1723.5,1720.8,1726.7,1736.7,1745.3,1766.3,1795.3,1808.3,1810.1,1806.8,1800.9,1801.5,1801.1,1802.9,1806.7,1818.3,1810.1,1799.4,1810.0,1824.8,1836.7,1842.3,1858.6,1871.7,1888.9],"hi":[1537.6,1542.3,1556.8,1591.5,1721.8,1786.5,1800.2,1817.5,1850.3,1916.6,1929.7,1964.8,1985.3,1995.1,1995.6,2020.9,2025.2,2022.1,2029.0,2040.8,2050.9,2075.6,2109.7,2124.9,2127.0,2123.1,2116.2,2116.9,2116.4,2118.6,2123.0,2136.6,2127.0,2114.4,2126.8,2144.2,2158.3,2164.9,2184.0,2199.4,2219.6]}}]}