{"type":"FeatureCollection","generated_at":"2026-10-03T22:42:10Z","source":{"id":"marine-realms","name":"Marine biogeographic realms (Costello et al. 2017)","url":"https://doi.org/10.17608/k6.auckland.5596840","data":"https://ndownloader.figshare.com/files/9737926","licence":"CC BY 4.0 (figshare 10.17608/k6.auckland.5596840 v1)","citation":"Costello M.J., Tsai P., Wong P.S., Cheung A.K.L., Basher Z., Chaudhary C. (2017) Marine biogeographic realms and species endemicity. Nature Communications 8:1057. doi:10.1038/s41467-017-01121-2","note":"Land (Natural Earth 10 m, public domain) removed: the source shapes include islands. Boundaries simplified for display; areas are of the sea in each realm, before simplification. Names, groups, species counts and the share of species unique to each realm are from Fig. 1 of the paper."},"groups":{"1":"Inner Baltic Sea","2":"Black Sea","3":"NE and NW Atlantic and Mediterranean, Arctic and North Pacific","4":"Mid-tropical North Pacific Ocean","5":"South-east Pacific","6":"Mid-Atlantic, Pacific and Indian Oceans, coastal tropics and warm-temperate areas","7":"North West Pacific","8":"Southern Ocean"},"counts":{"vertices_in":1473321,"vertices_out":39031,"invalid_in":1,"realms":30,"tol_deg":0.05,"min_area_deg2":0.02},"features":[{"type":"Feature","geometry":{"type":"Polygon","coordinates":[[[23.063,63.853],[23.001,63.764],[22.903,63.795],[22.926,63.743],[22.833,63.726],[22.902,63.706],[22.773,63.628],[22.589,63.703],[22.436,63.473],[22.271,63.514],[22.402,63.418],[22.191,63.458],[22.374,63.321],[22.175,63.233],[22.025,63.239],[21.984,63.143],[21.881,63.178],[21.895,63.26],[21.505,63.217],[21.521,63.127],[21.688,63.027],[21.495,63.072],[21.391,62.88],[21.114,62.781],[21.161,62.719],[21.065,62.596],[21.173,62.603],[21.134,62.404],[21.202,62.418],[21.181,62.396],[21.194,62.337],[21.216,62.335],[21.271,62.411],[21.339,62.356],[21.312,62.232],[21.374,62.267],[21.39,62.208],[21.237,61.985],[21.414,61.907],[21.47,61.76],[21.586,61.698],[21.518,61.711],[21.538,61.65],[21.716,61.527],[21.46,61.562],[21.592,61.485],[21.422,61.485],[21.572,61.416],[21.449,61.403],[21.524,61.375],[21.544,61.28],[21.476,61.246],[21.558,61.204],[21.443,61.17],[21.482,61.06],[21.299,61.06],[21.428,60.903],[21.329,60.828],[21.47,60.731],[21.353,60.677],[21.47,60.608],[21.409,60.58],[21.579,60.567],[21.518,60.567],[21.584,60.505],[21.841,60.629],[21.785,60.478],[21.903,60.529],[22.292,60.383],[22.624,60.399],[22.459,60.265],[22.648,60.279],[22.525,60.204],[23.081,60.355],[22.875,60.15],[23.025,60.135],[23.035,60.045],[23.258,60.04],[23.111,59.974],[23.111,59.923],[23.326,60.009],[23.247,59.922],[22.905,59.811],[23.251,59.841],[23.237,59.898],[23.546,60.074],[23.429,59.957],[24.32,60.076],[24.313,59.998],[24.464,60.047],[24.446,59.992],[24.594,60.06],[24.554,60.156],[24.67,60.101],[24.807,60.191],[24.951,60.143],[24.999,60.213],[25.029,60.148],[25.314,60.273],[25.503,60.246],[25.526,60.327],[25.669,60.365],[25.736,60.247],[25.849,60.266],[25.745,60.296],[25.754,60.321],[25.93,60.245],[25.842,60.402],[26.04,60.3],[26.108,60.336],[25.923,60.477],[26.142,60.396],[26.273,60.402],[26.246,60.451],[26.342,60.376],[26.469,60.427],[26.466,60.508],[26.659,60.652],[26.753,60.574],[26.625,60.61],[26.483,60.468],[26.962,60.447],[27.215,60.585],[27.308,60.526],[27.232,60.512],[27.507,60.457],[27.473,60.506],[27.718,60.488],[27.762,60.58],[28.137,60.533],[28.69,60.738],[28.703,60.461],[28.544,60.51],[28.507,60.56],[28.439,60.56],[28.617,60.382],[28.799,60.369],[29.052,60.184],[29.849,60.167],[29.948,60.03],[30.235,59.991],[30.216,59.907],[29.161,60.003],[28.833,59.787],[28.476,59.852],[28.375,59.666],[28.087,59.799],[27.993,59.703],[28.055,59.528],[27.873,59.408],[26.938,59.45],[25.989,59.634],[25.826,59.575],[25.695,59.671],[25.677,59.566],[25.485,59.67],[25.544,59.535],[25.409,59.491],[24.803,59.571],[24.773,59.45],[24.334,59.471],[24.163,59.402],[24.222,59.355],[24.035,59.389],[24.081,59.271],[23.471,59.212],[23.518,59.073],[23.408,59.026],[23.553,58.971],[23.614,59.011],[23.56,59.053],[23.622,59.015],[23.628,58.979],[23.422,58.929],[23.526,58.82],[23.429,58.765],[23.784,58.801],[23.874,58.772],[23.498,58.697],[23.501,58.562],[23.679,58.524],[23.741,58.343],[24.112,58.241],[24.362,58.397],[24.551,58.334],[24.286,57.833],[24.401,57.258],[23.953,57.013],[23.632,56.971],[23.261,57.099],[23.13,57.371],[22.656,57.586],[22.6,57.758],[21.699,57.555],[21.421,57.289],[21.382,57.009],[21.053,56.829],[20.992,56.549],[21.058,56.504],[21.08,56.403],[21.006,56.52],[20.969,56.253],[21.061,55.789],[21.147,55.678],[21.248,55.442],[21.183,55.346],[21.257,55.369],[21.291,55.297],[21.181,55.193],[21.23,54.939],[20.531,54.965],[20.99,55.27],[21.106,55.421],[21.132,55.656],[21.085,55.723],[21.082,55.498],[20.822,55.181],[20.407,54.952],[19.977,54.965],[19.896,54.662],[19.499,54.406],[18.717,54.382],[18.574,54.45],[18.413,54.747],[18.456,54.788],[18.835,54.603],[18.752,54.69],[18.317,54.838],[17.885,54.824],[16.57,54.557],[16.179,54.263],[14.825,54.041],[15.064,54.524],[15.22,55.073],[15.28,56.176],[15.586,56.209],[15.827,56.159],[15.789,56.106],[15.852,56.086],[16.038,56.255],[16.246,56.642],[16.472,56.777],[16.408,56.799],[16.44,57.052],[16.583,57.045],[16.465,57.177],[16.469,57.275],[16.689,57.472],[16.521,57.627],[16.631,57.629],[16.577,57.71],[16.715,57.703],[16.419,57.895],[16.7,57.744],[16.46,57.902],[16.573,57.894],[16.515,57.999],[16.611,57.895],[16.758,57.877],[16.631,58.028],[16.746,58.017],[16.686,58.059],[16.736,58.085],[16.617,58.203],[16.777,58.131],[16.824,58.193],[16.707,58.271],[16.799,58.324],[16.632,58.354],[16.775,58.34],[16.767,58.369],[16.413,58.477],[16.748,58.429],[16.94,58.491],[16.834,58.53],[16.789,58.607],[16.179,58.635],[16.924,58.625],[17.146,58.697],[17.028,58.751],[17.358,58.751],[17.337,58.806],[17.488,58.8],[17.447,58.895],[17.591,58.861],[17.536,58.902],[17.627,58.918],[17.577,58.957],[17.659,59.169],[17.71,59.053],[17.769,59.121],[17.774,58.886],[17.774,58.961],[17.861,58.919],[17.893,58.861],[18.014,59.045],[18.424,59.144],[18.291,59.323],[18.646,59.33],[18.485,59.434],[18.427,59.436],[18.47,59.337],[18.221,59.32],[18.095,59.327],[18.146,59.34],[18.009,59.409],[18.181,59.458],[18.307,59.397],[18.269,59.477],[19.085,59.772],[18.734,59.769],[18.924,59.852],[18.886,59.93],[19.035,59.835],[19.072,59.896],[18.903,59.947],[18.817,60.118],[18.753,60.082],[18.797,60.005],[18.651,60.148],[18.578,60.074],[18.549,60.174],[18.42,60.194],[18.317,60.321],[18.401,60.26],[18.605,60.238],[18.427,60.286],[18.428,60.349],[18.235,60.327],[18.262,60.382],[17.967,60.512],[17.975,60.588],[17.671,60.504],[17.646,60.619],[17.34,60.623],[17.215,60.706],[17.336,60.767],[17.283,60.781],[17.259,60.816],[17.246,60.898],[17.158,60.948],[17.248,61.012],[17.159,61.02],[17.152,61.204],[17.213,61.235],[17.097,61.321],[17.276,61.314],[17.104,61.399],[17.22,61.448],[17.08,61.55],[17.187,61.561],[17.056,61.582],[17.248,61.609],[17.097,61.636],[17.269,61.691],[17.138,61.726],[17.496,61.635],[17.514,61.714],[17.399,61.722],[17.406,61.821],[17.337,61.824],[17.345,61.937],[17.46,62.003],[17.509,62.218],[17.653,62.232],[17.381,62.333],[17.331,62.488],[17.427,62.541],[17.707,62.437],[17.659,62.478],[17.843,62.49],[17.937,62.616],[18.064,62.596],[17.872,62.671],[18.003,62.709],[17.848,62.921],[17.694,62.994],[17.831,63.0],[17.921,62.916],[17.935,62.817],[18.077,62.856],[18.146,62.822],[18.009,62.794],[18.195,62.777],[18.283,62.842],[18.207,62.869],[18.378,62.837],[18.474,62.877],[18.4,62.911],[18.523,62.925],[18.403,62.965],[18.577,62.958],[18.246,62.998],[18.655,63.114],[18.564,63.178],[18.894,63.198],[18.735,63.253],[18.886,63.273],[19.053,63.179],[19.112,63.22],[19.057,63.26],[19.259,63.329],[19.293,63.467],[19.346,63.486],[19.517,63.415],[19.461,63.469],[19.523,63.486],[19.446,63.561],[19.687,63.431],[19.887,63.603],[20.031,63.602],[20.035,63.657],[20.243,63.651],[20.284,63.733],[20.308,63.654],[20.325,63.754],[20.394,63.681],[20.503,63.822],[20.675,63.789],[20.897,63.984],[20.967,64.149],[21.606,64.452],[21.347,64.532],[21.463,64.548],[21.511,64.521],[21.552,64.535],[21.486,64.583],[21.353,64.57],[21.232,64.661],[21.14,64.672],[21.111,64.699],[21.125,64.713],[21.144,64.733],[21.305,64.666],[21.229,64.748],[21.306,64.768],[21.037,64.833],[21.181,64.836],[21.243,64.953],[21.586,65.069],[21.544,65.083],[21.544,65.137],[21.61,65.169],[21.278,65.35],[21.623,65.241],[21.702,65.286],[21.449,65.357],[22.032,65.467],[21.854,65.535],[22.203,65.549],[21.848,65.661],[21.764,65.728],[22.405,65.542],[22.309,65.669],[22.301,65.612],[22.189,65.624],[22.285,65.632],[22.282,65.701],[22.388,65.673],[22.216,65.761],[22.326,65.736],[22.326,65.837],[22.406,65.864],[22.518,65.823],[22.511,65.775],[22.628,65.79],[22.653,65.778],[22.648,65.755],[22.664,65.758],[22.653,65.908],[23.103,65.705],[23.148,65.746],[23.238,65.769],[23.191,65.79],[23.196,65.827],[23.428,65.765],[23.484,65.834],[23.926,65.76],[23.957,65.789],[24.053,65.796],[24.033,65.81],[24.163,65.823],[24.405,65.769],[24.519,65.796],[24.618,65.889],[24.711,65.912],[24.55,65.763],[24.668,65.691],[24.676,65.635],[24.82,65.662],[25.061,65.617],[25.352,65.484],[25.355,65.412],[25.266,65.378],[25.335,65.343],[25.327,65.227],[25.211,65.124],[25.324,65.11],[25.355,65.097],[25.444,64.967],[25.191,64.967],[25.36,64.911],[25.362,64.833],[25.225,64.823],[25.095,64.918],[24.538,64.805],[24.588,64.781],[24.344,64.531],[24.004,64.389],[23.943,64.247],[23.724,64.209],[23.656,64.13],[23.566,64.097],[23.605,64.028],[23.382,64.048],[23.388,63.915],[23.063,63.853]],[[17.104,57.353],[16.966,57.305],[16.731,56.904],[16.621,56.872],[16.419,56.586],[16.428,56.218],[17.104,57.353]],[[19.085,57.826],[18.913,57.921],[18.803,57.826],[18.7,57.921],[18.128,57.548],[18.179,57.38],[18.099,57.259],[18.228,57.134],[18.201,57.065],[18.29,57.093],[18.139,56.922],[18.312,56.948],[18.4,57.004],[18.338,57.031],[18.455,57.127],[18.406,57.143],[18.926,57.393],[18.79,57.449],[18.762,57.617],[18.807,57.734],[19.085,57.826]],[[20.278,60.279],[19.906,60.402],[19.777,60.355],[19.931,60.3],[19.814,60.191],[19.797,60.3],[19.647,60.266],[19.763,60.074],[20.045,60.087],[20.044,60.176],[20.01,60.156],[19.915,60.218],[20.016,60.184],[20.024,60.313],[20.058,60.191],[20.111,60.239],[20.188,60.245],[20.089,60.196],[20.178,60.174],[20.278,60.279]],[[23.333,58.456],[22.99,58.602],[22.583,58.635],[22.322,58.585],[22.273,58.502],[22.195,58.546],[22.089,58.422],[21.996,58.513],[21.832,58.511],[22.011,58.354],[21.873,58.342],[21.868,58.265],[22.203,58.148],[21.963,57.984],[22.017,57.914],[22.203,57.994],[22.323,58.207],[22.723,58.225],[23.157,58.478],[23.333,58.456]],[[22.045,58.936],[22.382,58.882],[22.556,58.687],[22.778,58.824],[22.845,58.777],[23.041,58.841],[22.934,58.984],[22.737,59.005],[22.697,59.079],[22.587,59.087],[22.463,58.971],[22.045,58.936]],[[22.956,60.293],[22.815,60.227],[22.466,60.184],[22.448,60.221],[22.415,60.15],[22.6,60.142],[22.422,60.115],[22.474,60.091],[22.47,59.998],[22.73,60.005],[22.956,60.293]],[[24.82,65.043],[25.062,65.043],[24.835,65.095],[24.563,65.037],[24.632,64.968],[24.827,64.973],[24.722,65.003],[24.82,65.043]]]},"properties":{"realm":1,"name":"Inner Baltic Sea","group":1,"group_name":"Inner Baltic Sea","pct_unique":63,"species":458,"color":"#45d36f","area_km2":343748}},{"type":"Feature","geometry":{"type":"Polygon","coordinates":[[[29.041,41.164],[29.094,41.246],[28.178,41.558],[27.972,41.822],[28.047,41.897],[28.007,42.038],[27.756,42.258],[27.78,42.339],[27.643,42.456],[27.453,42.48],[27.65,42.558],[27.628,42.629],[27.733,42.715],[27.892,42.711],[27.904,43.202],[28.157,43.408],[28.473,43.367],[28.578,43.481],[28.584,43.801],[28.672,43.997],[28.635,44.316],[28.844,44.494],[28.91,44.584],[28.925,44.621],[28.758,44.465],[28.758,44.627],[28.988,44.675],[28.898,44.717],[28.784,44.649],[28.946,44.765],[28.869,44.943],[28.983,45.012],[29.111,44.97],[29.044,44.866],[29.139,44.804],[28.975,44.745],[29.001,44.689],[29.156,44.784],[29.611,44.849],[29.7,45.162],[29.624,45.216],[29.756,45.321],[29.747,45.463],[29.606,45.478],[29.707,45.573],[29.59,45.559],[29.634,45.821],[29.734,45.614],[29.865,45.672],[29.802,45.737],[29.932,45.724],[29.969,45.839],[30.205,45.856],[30.772,46.396],[30.803,46.56],[31.416,46.629],[31.506,46.72],[31.444,46.793],[31.598,46.793],[31.493,46.629],[31.892,46.644],[31.865,46.807],[31.968,46.937],[31.899,46.944],[31.947,46.999],[31.837,47.008],[31.874,47.094],[31.74,47.211],[31.742,47.259],[31.897,47.093],[31.865,47.026],[31.977,47.009],[31.936,46.955],[31.996,46.94],[32.007,46.915],[31.94,46.759],[32.023,46.629],[32.336,46.562],[32.637,46.637],[32.318,46.464],[31.508,46.588],[31.687,46.43],[31.749,46.5],[32.062,46.394],[31.786,46.292],[32.269,46.205],[32.262,46.128],[32.503,46.076],[33.123,46.136],[33.235,46.224],[33.215,46.128],[33.424,46.053],[33.613,46.145],[33.62,45.951],[33.776,45.93],[33.692,45.861],[33.169,45.784],[32.482,45.409],[32.591,45.32],[32.899,45.354],[33.26,45.156],[33.396,45.19],[33.537,45.117],[33.62,44.931],[33.516,44.785],[33.572,44.621],[33.372,44.576],[33.645,44.425],[33.938,44.381],[34.331,44.545],[34.5,44.743],[34.952,44.842],[35.081,44.794],[35.256,44.959],[35.367,44.943],[35.506,45.114],[35.848,44.992],[36.44,45.067],[36.437,45.272],[36.638,45.351],[36.583,45.427],[36.284,45.477],[35.986,45.363],[35.833,45.471],[35.716,45.341],[35.518,45.295],[35.332,45.371],[34.958,45.79],[34.811,46.166],[35.075,46.271],[35.209,46.396],[35.184,46.463],[35.342,46.336],[34.982,46.078],[35.162,46.128],[35.491,46.448],[35.902,46.653],[36.189,46.669],[36.278,46.607],[36.4,46.724],[36.696,46.78],[36.803,46.725],[36.769,46.637],[36.854,46.8],[37.227,46.937],[37.335,46.882],[37.581,47.09],[38.072,47.1],[38.108,47.026],[38.224,47.108],[38.428,47.134],[38.553,47.23],[38.81,47.288],[38.478,47.142],[38.847,47.164],[39.088,47.286],[39.264,47.261],[39.265,47.097],[39.389,47.115],[39.28,47.013],[39.075,47.033],[38.804,46.894],[38.403,46.821],[38.378,46.708],[38.272,46.732],[37.982,46.617],[37.731,46.67],[37.971,46.362],[38.088,46.396],[38.576,46.087],[38.446,46.034],[38.167,46.121],[38.04,45.816],[38.032,46.025],[38.098,46.058],[37.94,46.02],[37.829,45.753],[37.667,45.669],[37.703,45.622],[37.595,45.635],[37.586,45.432],[37.635,45.608],[37.744,45.45],[37.736,45.306],[37.591,45.289],[37.519,45.369],[37.159,45.326],[37.319,45.272],[37.078,45.239],[37.139,45.336],[36.833,45.443],[36.705,45.391],[36.668,45.326],[36.782,45.388],[36.848,45.367],[36.758,45.354],[36.789,45.292],[36.962,45.283],[36.578,45.187],[37.192,44.991],[37.499,44.668],[37.8,44.635],[37.778,44.73],[38.217,44.387],[38.758,44.274],[39.933,43.407],[40.219,43.319],[40.335,43.141],[40.856,43.063],[41.023,42.99],[41.15,42.796],[41.424,42.74],[41.774,41.907],[41.74,41.75],[41.409,41.39],[40.126,40.921],[39.43,41.112],[38.331,40.918],[37.896,40.982],[37.784,41.123],[37.525,41.037],[37.136,41.147],[36.985,41.295],[36.758,41.366],[36.62,41.375],[36.451,41.24],[36.134,41.462],[36.045,41.701],[35.486,41.645],[35.225,41.762],[35.099,41.913],[35.117,42.007],[35.216,42.024],[34.948,42.099],[34.746,41.95],[33.324,42.019],[32.613,41.84],[31.404,41.316],[31.393,41.188],[31.231,41.092],[30.833,41.08],[30.282,41.216],[29.885,41.149],[29.232,41.241],[29.086,41.128],[29.041,41.164]]]},"properties":{"realm":2,"name":"Black Sea","group":2,"group_name":"Black Sea","pct_unique":84,"species":192,"color":"#b67be0","area_km2":459263}},{"type":"Feature","geometry":{"type":"MultiPolygon","coordinates":[[[[4.37,64.908],[5.43,65.081],[7.472,65.879],[8.554,66.054],[9.444,66.05],[10.319,65.894],[10.897,65.698],[11.312,65.399],[11.472,65.183],[11.501,64.903],[11.245,64.858],[11.498,64.877],[11.253,64.838],[11.43,64.816],[11.239,64.74],[11.489,64.813],[11.396,64.707],[11.442,64.597],[11.366,64.634],[11.344,64.574],[11.351,64.564],[11.086,64.652],[11.037,64.614],[11.192,64.596],[11.129,64.556],[11.18,64.507],[11.409,64.476],[11.389,64.405],[11.225,64.322],[11.342,64.432],[11.163,64.446],[10.957,64.603],[10.957,64.487],[10.656,64.452],[10.855,64.378],[10.497,64.429],[10.649,64.357],[10.505,64.37],[10.559,64.329],[10.471,64.357],[10.491,64.295],[10.245,64.234],[10.375,64.185],[10.17,64.199],[10.108,64.117],[10.192,64.101],[9.998,64.11],[10.026,64.062],[10.018,64.035],[9.936,63.959],[10.128,63.987],[9.943,63.918],[10.142,63.966],[10.197,63.938],[9.546,63.774],[9.778,63.768],[9.553,63.726],[9.544,63.666],[10.101,63.768],[9.792,63.665],[9.918,63.515],[10.08,63.508],[10.91,63.731],[11.056,63.861],[10.574,63.809],[11.307,64.109],[11.24,63.95],[11.096,63.89],[11.19,63.859],[11.159,63.809],[10.999,63.746],[11.151,63.797],[11.084,63.705],[10.656,63.555],[10.923,63.602],[10.759,63.517],[10.866,63.472],[10.807,63.42],[10.3,63.467],[10.041,63.406],[10.266,63.332],[10.259,63.267],[10.013,63.362],[9.833,63.329],[9.961,63.428],[9.699,63.644],[9.491,63.589],[9.546,63.581],[9.573,63.541],[9.368,63.563],[9.149,63.486],[9.481,63.487],[9.169,63.421],[9.435,63.38],[9.093,63.294],[9.149,63.376],[9.018,63.467],[8.881,63.398],[8.672,63.421],[8.764,63.349],[8.476,63.294],[8.624,63.201],[8.943,63.212],[8.566,63.161],[8.641,63.11],[8.166,63.115],[8.239,63.025],[8.087,63.11],[7.877,63.01],[8.147,62.951],[8.184,62.848],[8.544,62.721],[8.545,62.657],[8.154,62.815],[8.076,62.951],[7.694,62.912],[7.78,62.973],[7.69,62.981],[7.501,62.911],[7.238,63.015],[6.88,62.911],[7.216,62.815],[7.01,62.815],[6.949,62.733],[7.681,62.794],[7.36,62.698],[8.073,62.78],[8.147,62.692],[7.836,62.732],[7.523,62.674],[7.52,62.585],[7.418,62.633],[7.505,62.566],[7.778,62.575],[7.542,62.504],[7.157,62.629],[7.127,62.534],[7.038,62.623],[7.092,62.651],[6.887,62.644],[6.918,62.575],[6.756,62.655],[6.613,62.561],[6.537,62.616],[6.249,62.575],[6.675,62.493],[6.454,62.502],[6.243,62.451],[6.791,62.478],[6.976,62.377],[6.914,62.37],[6.957,62.325],[7.293,62.298],[7.415,62.239],[7.028,62.266],[6.979,62.113],[7.15,62.131],[7.188,62.102],[6.956,62.102],[6.989,62.273],[6.874,62.356],[6.879,62.418],[6.709,62.452],[6.544,62.411],[6.565,62.356],[6.4,62.387],[6.581,62.16],[6.531,62.109],[6.55,62.171],[6.311,62.372],[5.948,62.246],[6.064,62.205],[5.926,62.225],[6.089,62.109],[6.367,62.061],[6.051,62.068],[5.955,62.14],[5.845,62.02],[5.906,62.191],[5.667,62.171],[5.75,62.089],[5.454,62.191],[5.391,62.123],[5.565,62.09],[5.592,62.068],[5.462,62.007],[5.275,62.169],[5.085,62.191],[5.109,62.109],[5.4,62.02],[5.14,61.971],[5.126,61.944],[5.099,61.917],[5.156,61.896],[5.427,61.938],[5.961,61.917],[5.729,61.889],[6.476,61.825],[6.556,61.878],[6.678,61.897],[6.819,61.87],[6.474,61.805],[6.058,61.835],[6.181,61.767],[5.992,61.835],[5.899,61.739],[5.941,61.845],[5.619,61.815],[5.743,61.848],[5.363,61.905],[5.064,61.76],[5.168,61.726],[5.003,61.751],[4.944,61.667],[5.427,61.589],[5.146,61.595],[5.358,61.561],[5.14,61.554],[5.29,61.48],[5.722,61.499],[5.804,61.451],[5.181,61.472],[4.948,61.416],[5.112,61.431],[4.999,61.377],[5.058,61.323],[5.164,61.356],[5.555,61.378],[5.633,61.362],[5.256,61.348],[5.321,61.317],[5.321,61.252],[5.202,61.343],[4.964,61.266],[5.25,61.184],[5.044,61.163],[5.424,61.08],[6.037,61.204],[5.961,61.163],[6.434,61.115],[6.537,61.204],[6.501,61.268],[6.702,61.403],[6.558,61.225],[6.869,61.169],[6.601,61.175],[6.356,61.011],[6.359,61.068],[6.098,61.122],[5.527,61.075],[5.448,60.995],[5.016,61.047],[5.013,60.982],[5.14,60.992],[5.101,60.878],[4.982,60.951],[5.131,60.812],[5.472,60.907],[5.537,60.876],[5.236,60.776],[5.434,60.629],[5.28,60.722],[4.981,60.809],[4.927,60.8],[5.126,60.724],[5.228,60.621],[5.085,60.663],[5.223,60.574],[5.527,60.629],[5.676,60.758],[5.664,60.704],[5.75,60.718],[5.714,60.484],[5.654,60.431],[5.476,60.435],[5.306,60.528],[5.238,60.489],[5.298,60.396],[5.141,60.351],[5.228,60.321],[5.171,60.279],[5.31,60.266],[5.223,60.211],[5.352,60.217],[5.304,60.191],[5.372,60.17],[5.41,60.131],[5.633,60.368],[5.737,60.392],[5.572,60.238],[5.708,60.232],[5.544,60.163],[5.791,60.211],[5.7,60.104],[5.791,60.077],[5.681,60.04],[5.756,59.991],[5.856,60.024],[5.852,60.15],[5.996,60.265],[6.152,60.268],[6.189,60.355],[6.119,60.368],[6.241,60.388],[6.178,60.471],[6.271,60.39],[6.395,60.43],[6.075,60.198],[6.105,60.107],[6.291,60.122],[5.646,59.854],[5.832,59.772],[5.969,59.861],[5.934,59.779],[6.002,59.759],[6.244,59.844],[6.312,59.854],[6.038,59.745],[5.814,59.729],[5.746,59.676],[5.879,59.656],[5.754,59.61],[5.564,59.677],[5.516,59.539],[5.417,59.505],[5.489,59.738],[5.413,59.595],[5.344,59.648],[5.202,59.546],[5.196,59.444],[5.297,59.345],[5.348,59.416],[5.391,59.295],[5.433,59.405],[5.505,59.278],[5.587,59.416],[5.612,59.293],[5.86,59.351],[5.784,59.429],[5.646,59.409],[5.798,59.463],[5.807,59.539],[6.153,59.477],[5.886,59.447],[5.924,59.356],[6.153,59.459],[6.286,59.649],[6.236,59.526],[6.336,59.554],[6.544,59.56],[6.243,59.511],[6.042,59.384],[5.995,59.334],[6.236,59.32],[6.085,59.307],[6.154,59.268],[6.314,59.323],[6.462,59.32],[6.171,59.261],[6.009,59.149],[6.126,59.148],[5.875,59.066],[6.051,58.998],[5.975,58.963],[6.034,58.905],[5.854,58.965],[5.716,58.867],[5.716,58.977],[5.551,59.039],[5.626,58.926],[5.537,58.956],[5.573,58.894],[5.478,58.755],[5.646,58.549],[5.955,58.477],[6.01,58.385],[6.562,58.243],[6.687,58.327],[6.634,58.275],[6.681,58.223],[6.846,58.271],[6.531,58.121],[6.596,58.076],[6.783,58.065],[6.688,58.121],[6.722,58.189],[6.731,58.12],[6.808,58.121],[6.778,58.182],[6.989,58.141],[6.804,58.1],[6.901,58.052],[7.147,58.1],[7.007,57.993],[7.25,58.059],[7.579,58.018],[7.956,58.093],[8.004,58.223],[8.123,58.102],[8.501,58.257],[8.944,58.526],[8.913,58.607],[9.216,58.703],[9.071,58.741],[9.306,58.739],[9.45,58.833],[9.271,58.833],[9.299,58.882],[9.724,58.984],[9.539,59.121],[9.782,59.051],[9.846,58.956],[10.207,59.016],[10.224,59.114],[10.307,59.06],[10.361,59.271],[10.514,59.303],[10.445,59.349],[10.478,59.43],[10.237,59.56],[10.381,59.535],[10.379,59.658],[10.224,59.724],[10.398,59.688],[10.484,59.514],[10.615,59.608],[10.475,59.85],[10.753,59.889],[10.718,59.738],[10.656,59.857],[10.56,59.726],[10.69,59.481],[10.592,59.431],[10.674,59.316],[10.779,59.313],[10.738,59.217],[11.032,59.128],[11.176,59.197],[11.182,59.116],[11.37,59.101],[11.438,58.998],[11.321,59.1],[11.115,59.008],[11.184,58.991],[11.108,58.954],[11.198,58.923],[11.177,58.719],[11.286,58.58],[11.221,58.346],[11.424,58.443],[11.346,58.346],[11.424,58.388],[11.396,58.265],[11.522,58.336],[11.553,58.463],[11.67,58.422],[11.506,58.243],[11.727,58.327],[11.883,58.333],[11.809,58.302],[11.89,58.217],[11.759,57.902],[11.656,57.839],[11.81,57.781],[11.705,57.698],[11.924,57.703],[11.835,57.662],[11.917,57.621],[11.903,57.394],[11.979,57.347],[12.059,57.459],[12.109,57.394],[12.05,57.351],[12.144,57.31],[12.101,57.237],[12.191,57.213],[12.356,56.924],[12.598,56.821],[12.732,56.647],[12.872,56.649],[12.934,56.547],[12.89,56.455],[12.622,56.419],[12.814,56.236],[12.451,56.304],[12.926,55.834],[12.923,55.749],[13.055,55.694],[12.917,55.547],[12.986,55.448],[12.833,55.383],[14.181,55.391],[14.363,55.524],[14.194,55.742],[14.346,55.953],[14.569,56.058],[14.768,56.031],[14.682,56.117],[14.725,56.168],[15.269,56.17],[15.221,55.068],[14.825,54.041],[14.268,53.922],[13.796,54.178],[13.753,54.153],[13.815,54.101],[13.774,54.023],[13.946,54.067],[14.051,54.005],[14.048,53.941],[13.904,53.995],[13.932,53.899],[13.839,53.852],[13.908,53.934],[13.746,54.036],[13.808,54.105],[13.712,54.174],[13.465,54.098],[13.115,54.28],[13.034,54.434],[12.855,54.358],[12.681,54.411],[12.369,54.269],[12.438,54.388],[12.527,54.372],[12.624,54.423],[12.921,54.433],[12.534,54.488],[12.117,54.19],[11.658,54.142],[11.419,53.924],[11.175,54.018],[10.918,53.961],[10.78,54.01],[10.797,54.088],[11.094,54.205],[11.067,54.359],[11.136,54.386],[10.731,54.31],[10.318,54.443],[10.142,54.324],[10.204,54.461],[10.143,54.492],[9.84,54.475],[10.027,54.56],[10.039,54.667],[9.929,54.674],[10.018,54.701],[9.948,54.78],[9.824,54.757],[9.58,54.866],[9.436,54.81],[9.587,54.928],[9.731,54.832],[9.763,54.9],[9.718,55.001],[9.434,55.038],[9.56,55.085],[9.486,55.156],[9.71,55.249],[9.587,55.427],[9.66,55.478],[9.498,55.489],[9.854,55.627],[9.56,55.715],[10.005,55.701],[10.046,55.814],[9.867,55.852],[10.182,55.834],[10.278,56.018],[10.258,56.19],[10.443,56.299],[10.491,56.216],[10.355,56.202],[10.509,56.17],[10.519,56.103],[10.629,56.238],[10.739,56.155],[10.964,56.442],[10.822,56.534],[10.47,56.521],[10.33,56.603],[10.238,56.554],[10.226,56.476],[10.183,56.47],[10.214,56.558],[10.34,56.62],[10.334,56.704],[9.806,56.64],[10.341,56.717],[10.266,56.908],[10.314,56.983],[10.192,56.994],[10.002,57.084],[9.945,57.057],[9.927,57.059],[9.995,57.093],[10.347,57.01],[10.539,57.237],[10.547,57.435],[10.43,57.571],[10.649,57.737],[9.967,57.591],[9.412,57.165],[8.586,57.106],[8.27,56.843],[8.236,56.771],[8.246,56.704],[8.244,56.777],[8.302,56.764],[8.352,56.693],[8.445,56.664],[8.511,56.607],[8.56,56.593],[8.586,56.689],[8.501,56.675],[8.408,56.689],[8.527,56.695],[8.491,56.794],[8.68,56.953],[9.115,57.059],[9.245,57.002],[9.796,57.106],[9.916,57.059],[9.2,56.939],[9.175,56.806],[9.243,56.747],[9.169,56.689],[9.306,56.695],[9.294,56.561],[9.373,56.565],[9.326,56.53],[9.25,56.579],[9.276,56.633],[9.155,56.661],[9.061,56.566],[9.176,56.709],[9.063,56.813],[8.682,56.627],[8.763,56.563],[8.727,56.483],[8.566,56.579],[8.298,56.558],[8.214,56.712],[8.127,56.568],[8.112,56.012],[8.15,56.111],[8.248,56.09],[8.393,55.909],[8.194,55.812],[8.128,55.988],[8.182,55.729],[8.095,55.549],[8.313,55.469],[8.239,55.558],[8.332,55.578],[8.632,55.419],[8.689,55.142],[8.489,55.197],[8.459,55.103],[8.682,55.133],[8.689,54.735],[8.805,54.688],[9.011,54.482],[8.648,54.406],[8.696,54.359],[8.603,54.312],[8.963,54.318],[8.813,54.18],[8.977,54.146],[9.005,54.041],[8.833,54.036],[9.1,53.863],[8.588,53.87],[8.486,53.7],[8.566,53.547],[8.504,53.358],[8.552,53.544],[8.271,53.613],[8.231,53.525],[8.315,53.475],[8.205,53.411],[8.077,53.469],[8.168,53.553],[8.031,53.708],[7.305,53.685],[7.087,53.587],[7.142,53.537],[7.051,53.513],[7.024,53.376],[7.178,53.335],[7.079,53.278],[6.829,53.451],[5.981,53.406],[5.592,53.303],[5.379,53.097],[5.078,52.954],[4.874,52.904],[4.745,52.968],[4.508,52.336],[4.142,52.006],[4.016,51.988],[4.078,51.844],[3.862,51.816],[4.047,51.768],[3.689,51.725],[3.824,51.69],[3.458,51.555],[3.221,51.349],[2.58,51.105],[1.581,50.869],[1.555,50.405],[1.61,50.371],[1.542,50.278],[1.664,50.187],[1.521,50.215],[1.221,49.979],[0.236,49.729],[0.08,49.542],[0.11,49.491],[-0.602,49.347],[-1.182,49.356],[-1.306,49.558],[-1.228,49.624],[-1.271,49.698],[-1.607,49.65],[-1.935,49.724],[-1.84,49.62],[-1.885,49.531],[-1.816,49.384],[-1.548,49.225],[-1.61,49.216],[-1.594,49.029],[-1.579,49.013],[-1.55,49.04],[-1.508,49.034],[-1.603,48.849],[-1.558,48.759],[-1.682,48.619],[-1.838,48.624],[-1.844,48.712],[-1.977,48.691],[-2.029,48.643],[-1.953,48.575],[-1.98,48.514],[-2.052,48.65],[-2.214,48.582],[-2.33,48.63],[-2.316,48.699],[-2.682,48.509],[-3.008,48.821],[-3.125,48.76],[-3.104,48.877],[-3.221,48.794],[-3.214,48.87],[-3.515,48.842],[-3.585,48.683],[-3.81,48.733],[-3.852,48.63],[-3.974,48.733],[-4.564,48.63],[-4.765,48.52],[-4.768,48.345],[-4.29,48.432],[-4.454,48.335],[-4.187,48.308],[-4.516,48.296],[-4.547,48.347],[-4.626,48.287],[-4.557,48.177],[-4.379,48.232],[-4.285,48.115],[-4.728,48.041],[-4.435,47.976],[-4.372,47.807],[-4.185,47.813],[-4.132,47.924],[-3.446,47.705],[-3.283,47.787],[-3.358,47.718],[-3.283,47.691],[-3.322,47.701],[-3.358,47.697],[-3.224,47.656],[-3.193,47.746],[-3.118,47.732],[-3.201,47.64],[-3.132,47.478],[-3.123,47.599],[-2.94,47.561],[-2.975,47.664],[-2.919,47.596],[-2.707,47.643],[-2.741,47.551],[-2.909,47.558],[-2.817,47.499],[-2.577,47.554],[-2.632,47.52],[-2.364,47.506],[-2.495,47.491],[-2.392,47.424],[-2.556,47.383],[-2.436,47.307],[-2.542,47.3],[-2.278,47.246],[-2.01,47.32],[-1.906,47.294],[-1.727,47.211],[-2.161,47.271],[-2.165,47.168],[-2.241,47.142],[-1.991,47.035],[-2.119,46.82],[-1.91,46.692],[-1.795,46.495],[-1.24,46.284],[-1.111,46.303],[-1.211,46.175],[-1.049,46.039],[-1.152,45.868],[-0.987,45.717],[-1.164,45.807],[-1.247,45.71],[-0.773,45.452],[-0.656,45.099],[-0.494,44.998],[-0.596,45.025],[-0.539,44.977],[-0.552,44.909],[-0.716,45.135],[-0.766,45.326],[-1.069,45.573],[-1.263,44.943],[-1.373,45.13],[-1.493,45.789],[-1.743,46.108],[-3.01,46.913],[-4.008,47.402],[-4.996,47.755],[-6.048,48.018],[-8.053,48.23],[-9.097,48.426],[-9.739,48.642],[-10.212,48.937],[-10.61,49.372],[-10.822,49.76],[-10.882,50.215],[-10.824,51.781],[-11.096,52.4],[-11.676,53.341],[-11.753,53.579],[-11.729,53.877],[-11.478,54.207],[-10.503,54.959],[-9.967,55.797],[-9.748,56.567],[-9.881,58.183],[-9.706,58.635],[-9.44,58.993],[-8.99,59.256],[-8.069,59.554],[-6.196,59.56],[-5.564,59.665],[-4.578,60.201],[-4.012,60.792],[-3.835,61.256],[-3.745,61.86],[-3.698,63.904],[-3.749,64.427],[-4.017,64.892],[-5.178,65.578],[-4.463,65.965],[-3.675,66.23],[-1.626,66.514],[-0.836,66.31],[-0.023,65.872],[1.857,65.055],[2.509,64.897],[3.35,64.849],[4.37,64.908]],[[-6.077,53.555],[-6.23,53.657],[-6.243,53.865],[-6.373,53.899],[-6.36,54.016],[-6.144,53.978],[-6.107,54.014],[-6.264,54.105],[-6.041,54.036],[-5.894,54.105],[-5.862,54.231],[-5.579,54.276],[-5.58,54.384],[-5.709,54.352],[-5.626,54.441],[-5.702,54.578],[-5.558,54.512],[-5.516,54.338],[-5.431,54.485],[-5.575,54.68],[-5.907,54.606],[-5.69,54.793],[-5.986,54.982],[-6.047,55.179],[-6.498,55.247],[-6.963,55.195],[-7.054,55.049],[-7.257,55.051],[-6.94,55.239],[-7.384,55.386],[-7.257,55.284],[-7.524,55.29],[-7.456,55.056],[-7.661,54.958],[-7.526,55.116],[-7.644,55.273],[-7.788,55.219],[-7.695,55.207],[-7.668,55.147],[-7.703,55.099],[-7.816,55.195],[-7.799,55.256],[-7.856,55.139],[-8.004,55.174],[-7.977,55.222],[-8.156,55.124],[-8.278,55.161],[-8.32,55.034],[-8.457,55.003],[-8.326,54.832],[-8.491,54.852],[-8.558,54.818],[-8.461,54.794],[-8.408,54.763],[-8.798,54.692],[-8.388,54.62],[-8.457,54.565],[-8.121,54.647],[-8.271,54.524],[-8.21,54.502],[-8.467,54.475],[-8.664,54.359],[-8.519,54.327],[-8.573,54.314],[-8.47,54.277],[-8.621,54.256],[-8.511,54.208],[-9.051,54.289],[-9.141,54.146],[-9.268,54.304],[-9.786,54.338],[-9.846,54.321],[-9.765,54.256],[-9.91,54.204],[-9.977,54.242],[-9.881,54.263],[-9.998,54.304],[-10.115,54.235],[-10.06,54.222],[-10.117,54.096],[-10.011,54.218],[-9.908,54.118],[-9.971,54.079],[-9.834,54.112],[-9.899,54.025],[-9.786,53.947],[-9.788,53.916],[-9.916,53.954],[-9.908,53.92],[-9.944,53.879],[-9.56,53.865],[-9.622,53.817],[-9.566,53.796],[-9.908,53.762],[-9.908,53.646],[-9.697,53.598],[-10.18,53.555],[-10.012,53.482],[-10.177,53.413],[-9.799,53.42],[-9.902,53.324],[-9.807,53.302],[-9.553,53.385],[-9.612,53.236],[-9.555,53.291],[-9.512,53.228],[-9.022,53.275],[-8.943,53.262],[-9.046,53.221],[-8.895,53.221],[-8.936,53.146],[-9.128,53.159],[-9.073,53.118],[-9.272,53.147],[-9.478,52.94],[-9.354,52.933],[-9.499,52.753],[-9.936,52.557],[-9.581,52.666],[-9.286,52.591],[-8.943,52.775],[-8.961,52.694],[-8.751,52.673],[-9.272,52.577],[-9.648,52.57],[-9.635,52.474],[-9.95,52.412],[-9.834,52.375],[-9.869,52.273],[-9.738,52.248],[-9.947,52.238],[-10.06,52.31],[-10.101,52.241],[-10.172,52.287],[-10.45,52.189],[-10.437,52.097],[-9.758,52.152],[-10.266,51.988],[-10.254,51.909],[-10.389,51.846],[-10.341,51.788],[-10.194,51.839],[-10.224,51.782],[-10.136,51.741],[-9.581,51.878],[-10.163,51.59],[-10.029,51.597],[-9.874,51.656],[-9.627,51.685],[-9.56,51.762],[-9.459,51.684],[-9.848,51.549],[-9.546,51.611],[-9.834,51.487],[-9.82,51.446],[-9.443,51.56],[-9.402,51.501],[-9.327,51.543],[-9.349,51.474],[-9.121,51.563],[-8.696,51.577],[-8.758,51.645],[-8.532,51.611],[-8.498,51.693],[-8.558,51.706],[-8.297,51.766],[-8.429,51.885],[-8.187,51.893],[-8.246,51.803],[-8.021,51.824],[-7.85,51.98],[-7.59,51.991],[-7.545,52.055],[-7.6,52.101],[-7.017,52.138],[-6.955,52.179],[-6.997,52.289],[-6.932,52.125],[-6.764,52.261],[-6.806,52.213],[-6.37,52.18],[-6.318,52.241],[-6.373,52.323],[-6.496,52.364],[-6.366,52.344],[-5.994,52.957],[-6.097,53.286],[-6.218,53.347],[-6.051,53.385],[-6.179,53.469],[-6.077,53.555]],[[-9.976,54.021],[-10.266,53.982],[-9.958,53.881],[-9.976,54.021]],[[-6.14,55.941],[-6.311,55.818],[-6.331,55.89],[-6.445,55.849],[-6.504,55.723],[-6.463,55.674],[-6.25,55.777],[-6.325,55.715],[-6.243,55.66],[-6.319,55.628],[-6.287,55.578],[-6.046,55.674],[-6.14,55.941]],[[-5.955,56.035],[-5.981,55.97],[-5.886,55.976],[-6.075,55.916],[-6.062,55.809],[-5.962,55.805],[-5.689,56.112],[-5.955,56.035]],[[-5.648,56.448],[-6.151,56.652],[-6.338,56.552],[-6.017,56.504],[-6.203,56.38],[-6.021,56.382],[-6.366,56.322],[-6.267,56.263],[-5.848,56.314],[-5.648,56.448]],[[-7.363,57.408],[-7.455,57.237],[-7.353,57.1],[-7.239,57.101],[-7.346,57.148],[-7.258,57.18],[-7.353,57.243],[-7.221,57.282],[-7.363,57.408]],[[-6.581,57.339],[-6.531,57.415],[-6.324,57.311],[-6.482,57.312],[-6.277,57.202],[-6.318,57.161],[-6.164,57.201],[-6.089,57.127],[-6.044,57.23],[-5.845,57.188],[-6.007,57.028],[-5.647,57.265],[-5.901,57.243],[-6.154,57.306],[-6.099,57.332],[-6.188,57.394],[-6.154,57.59],[-6.311,57.703],[-6.416,57.646],[-6.311,57.463],[-6.64,57.607],[-6.564,57.504],[-6.631,57.502],[-6.607,57.444],[-6.726,57.511],[-6.784,57.456],[-6.581,57.339]],[[-7.182,57.689],[-7.312,57.689],[-7.545,57.593],[-7.236,57.504],[-7.134,57.538],[-7.312,57.552],[-7.106,57.593],[-7.216,57.641],[-7.099,57.607],[-7.182,57.689]],[[-6.974,57.733],[-6.742,57.831],[-6.806,57.88],[-6.661,57.88],[-6.764,58.004],[-6.688,58.059],[-6.592,58.059],[-6.709,58.004],[-6.661,57.929],[-6.49,57.943],[-6.551,58.01],[-6.401,58.007],[-6.384,58.092],[-6.407,58.107],[-6.581,58.079],[-6.619,58.086],[-6.373,58.141],[-6.4,58.21],[-6.16,58.217],[-6.366,58.237],[-6.167,58.347],[-6.17,58.43],[-6.267,58.512],[-6.716,58.34],[-6.819,58.285],[-6.709,58.189],[-6.869,58.189],[-6.86,58.107],[-6.907,58.217],[-7.05,58.232],[-7.113,58.1],[-6.935,58.052],[-7.113,57.99],[-6.839,57.936],[-6.832,57.902],[-7.117,57.823],[-6.974,57.733]],[[-1.097,50.727],[-1.296,50.773],[-1.569,50.658],[-1.279,50.583],[-1.097,50.727]],[[-4.043,53.303],[-4.203,53.298],[-4.325,53.42],[-4.571,53.393],[-4.571,53.275],[-4.495,53.18],[-4.385,53.182],[-4.413,53.132],[-4.043,53.303]],[[-4.612,54.057],[-4.391,54.195],[-4.312,54.287],[-4.351,54.414],[-4.71,54.221],[-4.79,54.064],[-4.612,54.057]],[[-3.252,56.353],[-3.294,56.353],[-3.323,56.366],[-3.061,56.452],[-2.728,56.47],[-2.515,56.591],[-2.426,56.751],[-2.186,56.915],[-1.98,57.319],[-1.759,57.474],[-1.829,57.613],[-1.998,57.703],[-3.409,57.723],[-4.084,57.586],[-4.035,57.557],[-4.195,57.492],[-4.263,57.552],[-4.105,57.579],[-4.009,57.689],[-4.428,57.578],[-4.295,57.68],[-3.988,57.696],[-3.779,57.856],[-4.04,57.818],[-4.308,57.851],[-4.392,57.908],[-4.009,57.868],[-4.084,57.964],[-4.002,57.936],[-3.13,58.369],[-3.053,58.466],[-3.129,58.513],[-3.019,58.64],[-3.375,58.677],[-3.364,58.601],[-4.029,58.595],[-4.495,58.45],[-4.427,58.546],[-4.585,58.574],[-4.761,58.448],[-4.66,58.556],[-4.777,58.607],[-4.792,58.542],[-4.818,58.525],[-4.836,58.605],[-4.988,58.628],[-5.106,58.506],[-5.016,58.388],[-5.143,58.415],[-5.173,58.354],[-4.934,58.223],[-5.392,58.261],[-5.242,58.148],[-5.301,58.07],[-5.447,58.084],[-5.428,58.031],[-5.204,57.96],[-5.071,57.833],[-5.366,57.943],[-5.222,57.847],[-5.613,57.929],[-5.606,57.77],[-5.674,57.861],[-5.807,57.844],[-5.804,57.744],[-5.674,57.71],[-5.806,57.643],[-5.513,57.541],[-5.839,57.579],[-5.808,57.355],[-5.448,57.422],[-5.729,57.298],[-5.441,57.319],[-5.502,57.278],[-5.407,57.23],[-5.578,57.267],[-5.681,57.158],[-5.4,57.106],[-5.716,57.12],[-5.791,57.059],[-5.523,56.997],[-5.832,56.997],[-5.921,56.894],[-5.66,56.873],[-5.851,56.829],[-5.757,56.785],[-6.233,56.707],[-6.162,56.678],[-5.75,56.715],[-5.544,56.695],[-6.008,56.642],[-5.674,56.497],[-5.12,56.818],[-5.238,56.717],[-4.996,56.716],[-5.318,56.661],[-5.414,56.545],[-5.242,56.565],[-5.428,56.538],[-5.469,56.476],[-5.201,56.462],[-5.065,56.565],[-5.209,56.447],[-5.457,56.441],[-5.538,56.36],[-5.448,56.36],[-5.573,56.328],[-5.592,56.25],[-5.493,56.26],[-5.606,56.14],[-5.51,56.188],[-5.532,56.086],[-5.577,56.097],[-5.708,55.943],[-5.571,56.038],[-5.696,55.916],[-5.571,55.935],[-5.66,55.797],[-5.455,55.846],[-5.681,55.674],[-5.783,55.314],[-5.525,55.359],[-5.585,55.427],[-5.455,55.592],[-5.49,55.645],[-5.318,55.783],[-5.444,56.028],[-4.921,56.278],[-5.338,55.997],[-5.297,55.853],[-5.201,55.831],[-5.242,55.893],[-5.181,55.969],[-5.087,55.901],[-5.124,56.01],[-4.983,55.871],[-4.955,55.997],[-4.893,55.99],[-4.921,56.168],[-4.852,56.113],[-4.756,56.207],[-4.865,56.067],[-4.852,55.988],[-4.779,55.992],[-4.838,56.051],[-4.824,56.079],[-4.482,55.928],[-4.886,55.92],[-4.861,55.757],[-4.921,55.709],[-4.618,55.496],[-5.008,55.141],[-4.996,54.92],[-5.171,55.009],[-5.157,54.879],[-4.859,54.633],[-4.955,54.805],[-4.859,54.866],[-4.382,54.68],[-4.403,54.907],[-4.012,54.768],[-3.817,54.886],[-3.582,54.884],[-3.571,54.995],[-3.022,54.976],[-3.388,54.883],[-3.634,54.513],[-3.307,54.192],[-3.207,54.263],[-3.241,54.112],[-3.145,54.064],[-3.049,54.222],[-2.939,54.155],[-2.796,54.249],[-2.854,54.194],[-2.796,54.125],[-2.918,54.034],[-2.83,54.016],[-2.858,53.968],[-3.057,53.906],[-3.049,53.77],[-2.899,53.735],[-3.102,53.558],[-2.925,53.35],[-2.7,53.352],[-2.881,53.288],[-3.058,53.435],[-3.186,53.393],[-3.088,53.235],[-3.33,53.352],[-3.602,53.289],[-3.878,53.338],[-3.831,53.289],[-4.178,53.218],[-4.763,52.789],[-4.078,52.927],[-4.149,52.812],[-3.988,52.734],[-4.125,52.604],[-3.947,52.549],[-4.057,52.529],[-4.11,52.365],[-4.316,52.216],[-5.289,51.917],[-5.311,51.864],[-5.113,51.829],[-5.25,51.734],[-4.988,51.707],[-4.896,51.728],[-4.934,51.775],[-4.824,51.796],[-4.845,51.714],[-5.12,51.678],[-4.941,51.597],[-4.365,51.789],[-4.315,51.677],[-4.071,51.676],[-4.29,51.617],[-4.29,51.556],[-3.855,51.624],[-3.557,51.405],[-3.289,51.384],[-2.381,51.762],[-2.975,51.384],[-3.022,51.192],[-3.769,51.248],[-4.229,51.192],[-4.208,51.076],[-4.338,50.997],[-4.526,51.015],[-4.577,50.775],[-4.792,50.595],[-4.921,50.589],[-4.845,50.514],[-5.016,50.538],[-5.05,50.429],[-5.315,50.254],[-5.685,50.162],[-5.705,50.052],[-5.475,50.13],[-5.191,49.959],[-5.057,50.061],[-5.126,50.096],[-5.053,50.196],[-5.002,50.144],[-4.694,50.343],[-4.194,50.322],[-4.29,50.397],[-4.201,50.459],[-4.054,50.3],[-3.661,50.221],[-3.487,50.405],[-3.556,50.432],[-3.487,50.459],[-3.464,50.679],[-3.368,50.617],[-2.865,50.734],[-2.453,50.528],[-2.398,50.646],[-1.965,50.602],[-1.953,50.677],[-2.083,50.699],[-2.039,50.74],[-1.561,50.719],[-1.317,50.8],[-1.466,50.918],[-1.151,50.781],[-1.165,50.844],[-1.069,50.844],[-1.083,50.781],[-0.939,50.843],[-0.79,50.73],[-0.27,50.831],[0.271,50.747],[0.762,50.931],[0.98,50.918],[1.067,51.064],[1.384,51.152],[1.424,51.392],[0.977,51.349],[0.555,51.412],[0.695,51.477],[0.385,51.453],[0.924,51.588],[0.93,51.744],[0.761,51.693],[0.699,51.72],[0.98,51.844],[1.065,51.775],[1.276,51.845],[1.2,51.878],[1.282,51.947],[1.069,51.953],[1.274,51.961],[1.158,52.029],[1.332,51.94],[1.582,52.081],[1.771,52.486],[1.697,52.731],[1.396,52.891],[0.966,52.974],[0.52,52.955],[0.385,52.768],[0.01,52.886],[0.357,53.146],[0.219,53.42],[-0.279,53.707],[-0.726,53.701],[-0.26,53.735],[0.131,53.573],[-0.219,54.023],[-0.076,54.112],[-0.37,54.248],[-0.563,54.477],[-1.204,54.626],[-1.172,54.701],[-1.275,54.748],[-1.518,55.157],[-1.631,55.585],[-1.816,55.633],[-2.138,55.915],[-2.635,56.058],[-3.078,55.947],[-3.656,56.01],[-3.837,56.106],[-3.343,56.027],[-2.964,56.206],[-2.577,56.278],[-2.803,56.345],[-2.885,56.458],[-3.252,56.353]],[[-5.071,55.509],[-5.16,55.676],[-5.355,55.69],[-5.346,55.483],[-5.164,55.435],[-5.071,55.509]],[[-2.714,58.967],[-3.132,59.005],[-2.994,59.06],[-3.085,59.128],[-3.35,59.098],[-3.353,58.983],[-3.289,58.95],[-3.228,59.039],[-3.203,58.916],[-2.714,58.967]],[[-1.034,60.451],[-1.152,60.389],[-1.224,60.411],[-1.152,60.431],[-1.218,60.498],[-1.37,60.402],[-1.295,60.492],[-1.301,60.643],[-1.48,60.539],[-1.384,60.512],[-1.455,60.509],[-1.527,60.557],[-1.609,60.483],[-1.446,60.492],[-1.395,60.39],[-1.26,60.355],[-1.364,60.286],[-1.69,60.285],[-1.625,60.217],[-1.504,60.243],[-1.455,60.156],[-1.35,60.211],[-1.411,60.259],[-1.268,60.245],[-1.263,60.115],[-1.376,59.909],[-1.275,59.854],[-1.165,60.06],[-1.213,60.107],[-1.124,60.15],[-1.219,60.238],[-1.075,60.321],[-1.172,60.348],[-1.062,60.385],[-1.125,60.384],[-1.034,60.451]],[[-0.986,60.646],[-0.993,60.731],[-1.104,60.726],[-1.103,60.615],[-1.171,60.646],[-1.154,60.508],[-1.024,60.503],[-1.043,60.662],[-0.986,60.646]],[[5.291,59.684],[5.345,59.71],[5.154,59.875],[5.105,59.868],[5.146,59.827],[5.076,59.766],[5.188,59.759],[5.124,59.621],[5.202,59.615],[5.201,59.749],[5.289,59.75],[5.291,59.684]],[[5.422,59.759],[5.482,59.788],[5.489,59.861],[5.304,59.978],[5.256,59.875],[5.422,59.759]],[[5.657,60.079],[5.362,59.995],[5.508,59.899],[5.657,60.079]],[[5.666,60.689],[5.409,60.558],[5.324,60.547],[5.502,60.437],[5.676,60.473],[5.666,60.689]],[[5.223,61.848],[4.91,61.898],[4.803,61.842],[4.916,61.781],[5.223,61.848]],[[5.862,62.416],[5.811,62.246],[5.874,62.255],[6.079,62.342],[5.862,62.416]],[[10.065,54.891],[9.961,55.015],[9.793,55.081],[9.628,55.058],[9.799,55.017],[9.848,54.948],[9.758,54.982],[9.781,54.917],[10.065,54.891]],[[8.826,56.744],[8.929,56.977],[8.652,56.894],[8.669,56.826],[8.515,56.738],[8.826,56.744]],[[7.621,63.118],[7.565,63.02],[7.401,63.061],[7.367,62.997],[7.509,62.943],[7.664,62.993],[7.621,63.118]],[[7.977,63.315],[8.182,63.39],[8.071,63.473],[7.787,63.406],[7.977,63.315]],[[9.107,63.533],[9.176,63.568],[8.788,63.64],[8.278,63.467],[9.107,63.533]],[[13.766,54.345],[13.575,54.472],[13.671,54.566],[13.408,54.593],[13.445,54.68],[13.254,54.665],[13.225,54.635],[13.293,54.642],[13.253,54.565],[13.369,54.612],[13.441,54.557],[13.521,54.571],[13.507,54.488],[13.349,54.524],[13.369,54.585],[13.298,54.52],[13.26,54.554],[13.143,54.543],[13.273,54.482],[13.157,54.427],[13.267,54.386],[13.149,54.377],[13.15,54.29],[13.407,54.228],[13.36,54.275],[13.5,54.345],[13.766,54.345]],[[11.849,54.773],[11.649,54.914],[11.595,54.811],[11.232,54.961],[11.019,54.903],[11.108,54.832],[11.009,54.772],[11.452,54.628],[11.811,54.655],[11.849,54.773]],[[10.957,55.154],[10.601,54.838],[10.731,54.74],[10.957,55.154]],[[12.554,54.968],[12.505,55.02],[12.262,55.064],[12.287,54.989],[12.115,54.907],[12.554,54.968]],[[14.761,55.309],[14.684,55.101],[15.073,54.992],[15.145,55.087],[14.761,55.309]],[[10.734,55.072],[10.813,55.194],[10.78,55.305],[10.834,55.29],[10.698,55.44],[10.554,55.443],[10.742,55.487],[10.628,55.614],[10.609,55.493],[10.472,55.443],[10.42,55.459],[10.519,55.533],[10.308,55.618],[9.676,55.496],[9.812,55.441],[9.703,55.468],[9.885,55.349],[9.986,55.128],[10.004,55.197],[10.094,55.188],[10.156,55.14],[10.066,55.092],[10.734,55.072]],[[11.89,54.93],[11.897,54.995],[12.149,54.994],[12.169,55.128],[12.047,55.14],[12.015,55.167],[12.465,55.29],[12.198,55.487],[12.602,55.709],[12.513,55.928],[12.622,56.044],[12.245,56.129],[11.866,55.973],[12.026,55.941],[12.095,55.729],[12.06,55.654],[11.91,55.66],[12.052,55.737],[11.935,55.934],[11.954,55.854],[11.78,55.66],[11.657,55.731],[11.763,55.749],[11.739,55.797],[11.608,55.783],[11.718,55.811],[11.663,55.907],[11.768,55.971],[11.273,55.997],[11.477,55.941],[11.505,55.869],[11.193,55.7],[10.875,55.743],[11.088,55.66],[10.93,55.668],[11.146,55.576],[11.081,55.513],[11.214,55.404],[11.088,55.359],[11.19,55.345],[11.261,55.201],[11.718,55.208],[11.807,55.147],[11.718,55.126],[11.827,55.051],[11.616,55.092],[11.883,54.982],[11.711,54.941],[11.91,54.722],[11.869,54.66],[11.949,54.569],[11.961,54.694],[12.17,54.838],[11.89,54.93]],[[11.815,58.189],[11.703,58.291],[11.407,58.131],[11.458,58.072],[11.708,58.098],[11.815,58.189]]],[[[8.47,63.02],[8.32,63.0],[8.374,62.973],[8.669,62.979],[8.416,62.959],[8.703,62.822],[8.329,62.881],[8.33,62.973],[8.239,63.025],[8.47,63.02]]],[[[6.16,58.998],[6.626,59.053],[6.058,58.902],[6.229,58.84],[6.034,58.905],[6.16,58.998]]],[[[14.267,53.778],[14.078,53.799],[13.85,53.849],[14.203,53.878],[14.328,53.817],[14.432,53.906],[14.569,53.823],[14.267,53.778]]]]},"properties":{"realm":3,"name":"NE Atlantic","group":3,"group_name":"NE and NW Atlantic and Mediterranean, Arctic and North Pacific","pct_unique":27,"species":7117,"color":"#d3c245","area_km2":1472349}},{"type":"Feature","geometry":{"type":"MultiPolygon","coordinates":[[[[30.211,85.274],[31.624,85.33],[32.325,85.213],[34.909,85.02],[35.226,84.773],[35.76,83.998],[36.08,83.313],[36.267,80.62],[36.208,80.02],[36.317,79.264],[36.184,78.527],[36.051,76.898],[35.888,72.38],[35.634,71.223],[35.553,70.326],[35.279,69.769],[35.006,69.643],[34.262,69.723],[33.572,69.304],[33.563,69.182],[33.427,69.105],[33.064,69.058],[33.041,68.988],[33.061,69.083],[33.544,69.209],[33.297,69.229],[33.448,69.288],[33.235,69.27],[33.524,69.428],[32.989,69.394],[32.813,69.301],[33.085,69.476],[32.77,69.414],[32.899,69.482],[32.537,69.51],[32.238,69.422],[32.502,69.517],[32.399,69.584],[32.016,69.564],[32.056,69.637],[31.968,69.654],[32.102,69.674],[32.13,69.756],[32.17,69.655],[32.872,69.583],[33.107,69.649],[33.12,69.744],[32.625,69.783],[31.962,69.97],[31.918,69.926],[32.099,69.792],[31.754,69.854],[31.701,69.737],[31.811,69.688],[31.478,69.698],[31.326,69.615],[31.409,69.716],[30.841,69.806],[30.451,69.81],[30.444,69.678],[30.36,69.667],[30.403,69.831],[30.289,69.887],[30.165,69.88],[30.207,69.77],[30.111,69.756],[30.186,69.688],[30.071,69.74],[29.939,69.688],[30.03,69.776],[29.522,69.668],[29.775,69.839],[29.741,69.907],[29.364,69.86],[29.686,69.97],[28.61,70.12],[28.754,70.168],[28.597,70.161],[28.654,70.182],[29.22,70.12],[30.159,70.071],[30.549,70.249],[31.077,70.284],[30.947,70.45],[30.787,70.421],[30.582,70.542],[30.456,70.561],[30.163,70.525],[30.001,70.538],[30.347,70.596],[30.097,70.648],[30.207,70.681],[30.105,70.711],[29.679,70.62],[29.782,70.689],[29.7,70.744],[29.306,70.653],[29.418,70.736],[29.295,70.744],[29.405,70.784],[29.057,70.884],[28.761,70.864],[28.526,70.722],[28.62,70.678],[28.402,70.559],[28.555,70.511],[28.507,70.449],[28.39,70.493],[28.247,70.415],[28.219,70.154],[28.128,70.082],[28.066,70.063],[28.014,70.071],[28.167,70.135],[28.161,70.383],[28.335,70.518],[28.127,70.442],[28.041,70.445],[28.185,70.503],[27.884,70.428],[27.849,70.483],[28.301,70.703],[27.65,70.606],[28.131,70.736],[27.76,70.791],[28.266,70.795],[28.225,70.832],[28.363,70.825],[28.549,70.973],[28.205,70.983],[28.261,71.056],[28.191,71.086],[27.722,71.06],[27.65,71.127],[27.525,71.074],[27.554,70.955],[27.253,71.026],[27.349,70.942],[27.134,70.95],[27.63,70.805],[27.324,70.824],[27.329,70.743],[27.111,70.729],[27.157,70.681],[27.1,70.641],[27.267,70.585],[26.973,70.565],[27.102,70.47],[26.812,70.48],[26.506,70.363],[26.657,70.641],[26.342,70.648],[26.691,70.736],[26.725,70.928],[26.614,70.949],[25.441,70.342],[25.54,70.298],[25.253,70.101],[25.114,70.082],[25.095,70.154],[25.004,70.064],[24.943,70.102],[24.98,70.229],[25.201,70.307],[25.081,70.359],[25.257,70.386],[25.287,70.456],[25.06,70.49],[25.246,70.528],[25.074,70.503],[25.926,70.864],[25.442,70.841],[25.536,70.923],[25.365,70.976],[25.392,70.884],[25.246,70.791],[25.154,70.92],[25.067,70.853],[24.916,70.873],[25.053,70.928],[25.033,70.971],[24.82,70.908],[24.637,70.976],[24.608,70.894],[24.725,70.873],[24.613,70.859],[24.635,70.78],[24.396,70.867],[24.245,70.784],[24.656,70.709],[24.723,70.621],[24.352,70.691],[24.103,70.541],[24.231,70.524],[24.35,70.456],[23.918,70.509],[23.513,70.366],[23.464,70.318],[23.614,70.305],[23.313,70.257],[23.532,70.244],[23.244,70.216],[23.422,70.195],[23.299,70.168],[23.379,70.123],[23.176,70.092],[23.539,70.024],[23.33,69.948],[23.094,69.955],[23.128,70.034],[23.02,70.038],[23.019,70.147],[22.867,70.106],[22.285,70.044],[22.837,70.12],[22.967,70.207],[22.401,70.258],[22.326,70.168],[22.559,70.127],[22.275,70.135],[22.306,70.287],[22.117,70.233],[22.105,70.304],[21.987,70.323],[21.806,70.257],[21.874,70.147],[21.553,70.321],[21.49,70.208],[21.439,70.269],[21.209,70.208],[21.719,70.061],[22.099,70.12],[21.798,70.037],[22.114,70.03],[22.052,69.938],[21.914,69.945],[22.018,69.845],[21.916,69.839],[22.098,69.75],[21.609,69.912],[21.558,69.989],[21.29,70.021],[21.209,69.935],[21.326,69.907],[21.209,69.907],[21.179,69.819],[21.127,69.811],[21.17,69.876],[21.021,69.788],[20.894,69.853],[21.093,69.948],[20.792,69.88],[20.785,69.802],[20.482,69.763],[20.542,69.705],[20.492,69.627],[20.853,69.496],[20.482,69.578],[20.277,69.392],[19.917,69.269],[20.383,69.599],[20.319,69.682],[20.425,69.877],[20.293,69.971],[20.207,69.859],[20.168,69.942],[20.007,69.769],[20.006,69.843],[19.824,69.712],[19.858,69.627],[20.113,69.585],[19.743,69.613],[19.688,69.445],[19.53,69.4],[19.65,69.46],[19.727,69.642],[19.674,69.682],[19.784,69.804],[19.249,69.777],[18.944,69.615],[19.016,69.534],[19.229,69.568],[19.263,69.523],[18.993,69.483],[19.119,69.386],[19.43,69.342],[19.477,69.221],[19.178,69.253],[19.379,69.322],[19.014,69.397],[18.853,69.552],[18.474,69.516],[18.455,69.454],[19.013,69.287],[18.735,69.324],[18.692,69.263],[18.565,69.365],[18.502,69.235],[18.487,69.382],[18.365,69.392],[18.301,69.487],[18.158,69.46],[18.139,69.353],[17.989,69.235],[18.152,69.154],[17.659,69.117],[17.426,68.899],[17.826,68.894],[17.468,68.831],[17.739,68.791],[17.783,68.749],[17.461,68.815],[17.234,68.756],[17.679,68.66],[17.25,68.724],[17.101,68.691],[17.149,68.632],[16.961,68.705],[16.597,68.63],[16.621,68.534],[16.465,68.51],[16.535,68.438],[16.988,68.51],[17.092,68.481],[17.047,68.434],[17.547,68.53],[17.468,68.448],[17.672,68.435],[17.365,68.413],[17.577,68.359],[17.206,68.373],[17.42,68.236],[17.355,68.172],[17.127,68.373],[16.22,68.351],[16.567,68.276],[16.803,68.132],[16.282,68.307],[16.103,68.283],[16.356,68.239],[16.172,68.204],[16.453,68.228],[16.59,68.167],[16.241,68.132],[16.289,68.091],[16.501,68.119],[16.689,68.071],[16.389,68.059],[16.542,67.961],[16.334,68.002],[16.467,67.9],[16.274,68.006],[16.207,68.003],[16.269,67.889],[16.472,67.8],[16.237,67.884],[16.193,67.982],[16.042,68.03],[16.104,68.16],[16.038,68.243],[15.871,68.187],[15.925,68.132],[15.666,68.05],[15.617,68.091],[15.734,68.14],[15.463,68.124],[15.282,68.037],[15.398,67.995],[15.545,68.075],[15.602,68.038],[15.789,68.034],[15.877,68.071],[16.063,68.009],[15.86,67.9],[15.604,67.931],[15.533,67.852],[15.535,67.92],[15.199,67.831],[15.233,67.872],[14.945,67.887],[14.85,67.845],[15.103,67.851],[14.754,67.804],[15.117,67.742],[14.793,67.729],[14.877,67.7],[14.727,67.659],[15.182,67.715],[15.384,67.804],[15.369,67.865],[15.446,67.845],[15.411,67.796],[15.693,67.796],[15.631,67.762],[15.837,67.694],[15.405,67.742],[15.658,67.68],[15.301,67.72],[15.179,67.618],[15.466,67.577],[15.241,67.584],[15.267,67.524],[15.898,67.557],[15.529,67.467],[15.7,67.303],[15.604,67.28],[15.429,67.483],[15.138,67.42],[15.193,67.516],[15.017,67.469],[14.829,67.475],[15.01,67.487],[15.008,67.564],[14.727,67.489],[14.822,67.447],[15.049,67.447],[14.825,67.378],[14.623,67.421],[14.328,67.242],[14.699,67.276],[14.617,67.214],[14.674,67.217],[15.165,67.31],[15.063,67.248],[15.706,67.214],[15.74,67.173],[15.377,67.201],[15.501,67.07],[15.095,67.213],[14.932,67.153],[14.994,67.099],[14.891,67.153],[14.979,67.214],[14.57,67.2],[14.514,67.18],[14.723,67.161],[14.75,67.124],[14.363,67.16],[14.267,67.084],[14.552,67.064],[14.588,67.027],[14.272,67.06],[14.227,66.984],[14.152,66.972],[14.06,67.061],[13.959,66.927],[13.913,66.994],[13.521,66.906],[13.993,66.79],[13.507,66.782],[13.753,66.762],[13.575,66.714],[13.851,66.717],[13.693,66.691],[13.225,66.714],[13.547,66.638],[13.191,66.667],[13.403,66.625],[13.25,66.614],[13.239,66.548],[13.503,66.607],[13.688,66.616],[13.726,66.605],[13.459,66.564],[13.671,66.515],[13.26,66.522],[13.362,66.456],[12.972,66.522],[13.164,66.467],[13.103,66.454],[13.141,66.386],[13.0,66.357],[13.037,66.32],[13.227,66.297],[13.338,66.328],[13.311,66.374],[13.534,66.309],[13.04,66.18],[13.575,66.289],[13.62,66.241],[14.144,66.334],[13.61,66.186],[13.822,66.172],[13.822,66.147],[13.536,66.111],[13.582,66.186],[13.493,66.186],[13.577,66.219],[13.527,66.24],[12.687,66.075],[13.04,66.083],[12.924,65.994],[13.123,65.943],[13.176,65.856],[12.848,65.967],[12.682,65.927],[12.612,65.835],[12.718,65.789],[12.558,65.754],[12.787,65.638],[12.495,65.733],[12.355,65.604],[12.438,65.529],[12.534,65.583],[12.514,65.512],[12.574,65.59],[12.565,65.514],[12.657,65.481],[12.608,65.46],[12.78,65.46],[12.629,65.432],[12.712,65.371],[12.479,65.447],[12.692,65.33],[12.499,65.371],[12.245,65.234],[12.436,65.273],[12.712,65.254],[12.355,65.227],[12.499,65.2],[12.369,65.152],[12.503,65.145],[12.94,65.328],[12.636,65.131],[12.193,65.05],[12.194,64.995],[11.979,65.069],[11.502,64.942],[11.473,65.184],[11.308,65.402],[10.987,65.654],[10.59,65.82],[9.665,66.023],[8.859,66.071],[7.612,65.92],[5.641,65.138],[4.256,64.896],[4.494,65.087],[4.67,65.632],[8.323,68.807],[9.336,70.047],[9.774,70.294],[10.004,70.684],[10.17,71.676],[9.958,74.209],[10.18,78.336],[10.132,79.393],[10.0,80.0],[12.726,80.0],[16.553,80.202],[18.072,80.126],[18.375,80.039],[18.934,80.056],[18.79,79.974],[18.112,79.906],[18.784,79.723],[20.024,79.754],[20.206,79.645],[19.633,79.611],[20.494,79.463],[21.164,78.886],[19.906,79.014],[19.786,79.165],[18.945,79.157],[18.845,79.254],[18.592,79.261],[18.879,79.316],[18.882,79.441],[18.347,79.63],[18.106,79.588],[17.881,79.401],[17.653,79.369],[17.783,79.494],[17.591,79.549],[18.098,79.727],[17.27,79.946],[16.965,79.963],[16.82,79.876],[16.556,80.043],[16.295,80.067],[15.956,79.945],[16.138,79.871],[15.716,79.877],[15.645,79.768],[15.918,79.563],[15.853,79.529],[15.959,79.31],[16.151,79.234],[16.491,78.931],[16.435,78.911],[15.882,79.161],[15.682,79.112],[15.773,79.242],[15.497,79.33],[15.295,79.604],[14.549,79.811],[14.144,79.632],[14.281,79.617],[13.883,79.542],[14.158,79.343],[14.042,79.266],[13.617,79.481],[13.26,79.474],[13.452,79.592],[12.451,79.569],[13.973,79.775],[13.797,79.882],[12.537,79.746],[12.391,79.834],[12.163,79.809],[12.35,79.717],[12.297,79.665],[12.047,79.693],[11.822,79.845],[11.227,79.788],[11.214,79.708],[11.458,79.632],[11.014,79.65],[10.855,79.597],[11.184,79.563],[10.677,79.542],[10.9,79.471],[10.855,79.411],[10.916,79.385],[10.841,79.371],[11.141,79.237],[11.228,79.101],[11.723,79.188],[11.553,79.282],[11.595,79.31],[11.853,79.226],[11.917,79.241],[11.835,79.296],[12.115,79.302],[12.06,79.241],[12.136,79.213],[11.684,79.069],[12.109,79.001],[11.979,78.987],[12.065,78.974],[12.424,78.997],[12.507,78.912],[11.334,78.973],[11.902,78.844],[11.643,78.747],[11.904,78.638],[12.43,78.544],[13.198,78.542],[12.363,78.487],[12.886,78.348],[13.01,78.204],[13.856,78.213],[13.746,78.268],[13.945,78.227],[14.097,78.289],[14.076,78.243],[14.322,78.308],[14.286,78.387],[14.734,78.391],[14.384,78.501],[14.59,78.555],[14.446,78.678],[14.815,78.734],[14.801,78.644],[14.983,78.597],[15.261,78.665],[15.199,78.74],[15.382,78.851],[15.487,78.809],[15.425,78.788],[15.499,78.726],[15.465,78.655],[15.193,78.59],[15.439,78.458],[16.002,78.483],[16.554,78.719],[16.827,78.648],[16.33,78.452],[16.851,78.385],[17.296,78.433],[16.937,78.352],[15.795,78.343],[15.59,78.289],[15.694,78.215],[14.233,78.093],[14.33,77.964],[13.958,78.096],[13.589,78.056],[13.671,77.994],[13.651,77.85],[13.822,77.801],[13.737,77.75],[13.957,77.72],[17.008,77.939],[16.789,77.877],[17.125,77.781],[16.333,77.798],[14.74,77.664],[15.846,77.579],[16.31,77.466],[16.221,77.441],[15.853,77.532],[15.042,77.567],[14.711,77.494],[14.548,77.492],[14.596,77.534],[14.44,77.586],[13.911,77.534],[14.055,77.453],[13.974,77.41],[14.448,77.181],[15.04,77.135],[15.346,77.009],[15.887,77.016],[15.858,77.069],[16.029,77.085],[16.258,76.993],[16.529,77.0],[15.501,76.877],[16.284,76.708],[16.344,76.572],[16.431,76.622],[16.81,76.567],[17.192,76.697],[16.919,76.794],[17.324,76.979],[17.097,77.055],[17.337,77.047],[17.625,77.446],[18.3,77.52],[18.455,77.774],[18.33,77.905],[18.502,77.98],[18.406,78.021],[19.098,78.103],[18.921,78.179],[19.085,78.23],[18.954,78.282],[19.066,78.378],[18.962,78.452],[19.681,78.515],[19.583,78.581],[19.763,78.624],[20.578,78.631],[20.691,78.694],[21.268,78.674],[21.422,78.615],[20.154,78.475],[20.661,78.391],[20.469,78.315],[20.792,78.274],[20.647,78.194],[20.798,78.227],[21.775,78.21],[20.877,78.099],[21.662,77.918],[21.261,77.733],[21.216,77.61],[20.874,77.569],[20.832,77.541],[20.93,77.502],[20.865,77.456],[22.282,77.55],[22.466,77.328],[22.402,77.284],[22.527,77.257],[22.937,76.849],[23.332,76.584],[23.707,76.462],[24.285,76.537],[24.566,76.8],[24.772,77.464],[24.763,79.369],[25.646,79.398],[25.969,79.515],[25.826,79.626],[27.239,79.906],[27.102,79.974],[27.239,80.097],[26.807,80.174],[25.704,80.172],[25.781,80.213],[25.225,80.254],[25.355,80.282],[24.78,80.248],[24.889,80.323],[24.83,80.356],[24.703,80.291],[24.523,81.448],[23.841,83.744],[23.831,84.456],[23.976,84.743],[24.196,84.959],[24.917,85.251],[26.141,85.398],[30.211,85.274]],[[12.507,65.398],[12.274,65.582],[12.197,65.474],[12.328,65.467],[12.161,65.396],[12.211,65.378],[12.053,65.22],[12.507,65.398]],[[12.601,66.022],[12.369,65.892],[12.466,65.873],[12.858,66.0],[12.601,66.022]],[[13.055,68.105],[12.787,67.81],[13.014,67.879],[12.977,67.969],[13.124,67.944],[13.05,68.025],[13.133,68.068],[13.055,68.105]],[[12.101,78.295],[11.872,78.448],[11.259,78.528],[11.273,78.61],[11.06,78.693],[11.184,78.734],[11.0,78.834],[10.484,78.891],[10.567,78.843],[10.549,78.771],[10.807,78.686],[11.122,78.439],[11.41,78.434],[12.12,78.199],[12.101,78.295]],[[14.159,68.255],[13.967,68.27],[13.983,68.337],[13.637,68.294],[13.5,68.242],[13.616,68.227],[13.479,68.187],[13.479,68.132],[13.589,68.16],[13.457,68.071],[14.159,68.255]],[[15.172,68.454],[14.784,68.354],[14.822,68.41],[14.761,68.434],[14.384,68.373],[14.496,68.306],[14.303,68.312],[14.328,68.263],[14.253,68.25],[14.356,68.242],[14.198,68.153],[14.615,68.225],[14.719,68.338],[14.775,68.318],[14.736,68.255],[15.172,68.454]],[[16.577,68.708],[16.494,68.79],[16.556,68.825],[16.255,68.903],[16.284,68.84],[16.097,68.831],[16.213,68.736],[16.033,68.711],[16.083,68.639],[15.859,68.634],[15.803,68.551],[15.74,68.53],[15.774,68.633],[15.99,68.763],[15.761,68.736],[15.871,68.79],[15.907,68.959],[15.677,68.963],[15.553,68.872],[15.638,68.825],[15.452,68.811],[15.476,68.747],[15.64,68.743],[15.714,68.701],[15.443,68.724],[15.631,68.612],[15.217,68.557],[15.179,68.523],[15.337,68.489],[15.241,68.475],[15.357,68.461],[15.193,68.435],[14.987,68.269],[15.554,68.511],[15.611,68.475],[15.323,68.351],[15.624,68.3],[15.871,68.495],[15.904,68.37],[16.094,68.534],[16.481,68.548],[16.577,68.708]],[[14.37,68.687],[14.492,68.607],[14.679,68.708],[15.151,68.756],[15.165,68.701],[14.806,68.616],[15.063,68.579],[15.398,68.694],[15.275,68.763],[15.384,68.852],[15.241,68.825],[15.295,68.907],[15.185,68.886],[15.241,68.914],[15.124,69.015],[15.009,68.963],[15.159,68.818],[15.05,68.853],[15.006,68.794],[14.953,68.866],[14.907,68.76],[14.687,68.757],[14.628,68.83],[14.624,68.736],[14.524,68.807],[14.438,68.756],[14.542,68.736],[14.37,68.687]],[[15.464,68.882],[15.57,68.962],[15.529,69.009],[15.858,69.034],[16.076,69.154],[16.15,69.291],[15.57,69.106],[15.429,68.935],[15.464,68.882]],[[16.467,68.469],[16.222,68.524],[16.095,68.398],[16.414,68.418],[16.372,68.448],[16.467,68.469]],[[17.32,68.918],[17.205,68.913],[17.256,68.855],[17.084,68.914],[17.224,68.793],[17.44,68.866],[17.32,68.918]],[[18.071,69.438],[17.941,69.428],[18.051,69.496],[17.831,69.448],[17.859,69.587],[17.753,69.541],[17.659,69.6],[17.658,69.508],[17.468,69.6],[17.645,69.462],[17.343,69.538],[17.392,69.482],[17.187,69.503],[17.496,69.428],[17.282,69.414],[17.399,69.366],[16.927,69.394],[16.879,69.359],[17.132,69.311],[16.906,69.298],[17.146,69.256],[16.899,69.195],[17.172,69.201],[16.773,69.088],[17.11,69.085],[17.042,69.017],[17.129,69.012],[17.472,69.2],[17.958,69.18],[18.009,69.201],[17.879,69.243],[17.967,69.263],[17.906,69.318],[18.091,69.358],[18.071,69.438]],[[19.061,69.787],[18.679,69.886],[18.79,69.784],[18.762,69.688],[18.663,69.713],[18.653,69.804],[18.502,69.75],[18.382,69.798],[18.352,69.73],[18.633,69.702],[18.214,69.714],[18.4,69.641],[17.995,69.592],[18.194,69.531],[18.732,69.565],[18.836,69.604],[18.794,69.676],[19.061,69.787]],[[19.856,69.973],[19.774,70.005],[19.434,69.841],[19.721,69.865],[19.856,69.973]],[[19.685,70.007],[19.582,69.993],[19.557,70.057],[19.393,69.992],[19.208,70.099],[18.729,69.948],[19.122,69.788],[19.685,70.007]],[[20.794,70.068],[20.809,70.22],[20.561,70.233],[20.39,70.103],[20.794,70.068]],[[20.154,70.12],[19.958,70.155],[19.938,70.164],[19.931,70.177],[19.941,70.195],[19.891,70.214],[19.816,70.17],[19.678,70.29],[19.537,70.25],[19.776,70.067],[20.154,70.12]],[[19.16,74.526],[18.79,74.478],[19.074,74.347],[19.278,74.456],[19.16,74.526]],[[20.099,79.124],[20.135,79.061],[20.044,79.041],[20.358,78.995],[20.832,79.055],[20.099,79.124]],[[30.107,69.829],[29.842,69.909],[29.713,69.763],[30.107,69.829]],[[22.756,70.395],[22.714,70.337],[22.675,70.399],[22.374,70.332],[23.016,70.254],[22.756,70.395]],[[23.573,70.613],[23.464,70.625],[23.391,70.618],[23.539,70.545],[23.308,70.55],[23.279,70.477],[23.262,70.536],[23.176,70.548],[23.223,70.518],[22.854,70.408],[23.039,70.341],[23.135,70.415],[23.082,70.302],[23.155,70.277],[23.662,70.47],[23.573,70.613]],[[24.128,70.62],[23.816,70.751],[23.64,70.702],[23.642,70.6],[23.751,70.524],[24.128,70.62]],[[22.902,70.54],[23.484,70.799],[23.343,70.866],[23.329,70.779],[23.066,70.812],[23.182,70.736],[22.969,70.661],[22.723,70.748],[22.826,70.648],[22.725,70.604],[22.541,70.717],[22.385,70.709],[22.415,70.626],[21.95,70.648],[22.333,70.613],[22.141,70.483],[22.902,70.54]],[[26.218,71.032],[25.956,71.002],[25.89,71.052],[26.03,71.117],[25.806,71.096],[25.807,71.154],[25.667,71.165],[25.553,71.141],[25.701,71.084],[25.719,71.052],[25.472,71.103],[25.293,71.045],[25.561,71.017],[25.416,70.983],[25.553,70.928],[26.218,71.032]],[[27.021,78.699],[26.615,78.809],[26.396,78.775],[26.746,78.634],[27.021,78.699]],[[29.707,78.898],[28.419,78.967],[27.842,78.843],[28.87,78.912],[29.335,78.85],[29.707,78.898]],[[33.64,80.221],[31.477,80.104],[31.611,80.073],[33.64,80.221]]],[[[11.448,64.624],[11.78,64.597],[11.506,64.548],[11.438,64.466],[11.656,64.48],[11.401,64.448],[11.448,64.624]]],[[[11.49,64.814],[11.617,64.87],[12.053,64.973],[12.225,64.939],[11.745,64.884],[11.649,64.843],[11.787,64.836],[11.643,64.823],[11.842,64.795],[11.471,64.719],[11.49,64.814]]]]},"properties":{"realm":4,"name":"Arctic Europe","group":3,"group_name":"NE and NW Atlantic and Mediterranean, Arctic and North Pacific","pct_unique":43,"species":1345,"color":"#7bcfe0","area_km2":1003071}},{"type":"Feature","geometry":{"type":"Polygon","coordinates":[[[19.441,40.872],[19.441,40.949],[19.381,40.908],[19.304,40.653],[19.455,40.554],[19.386,40.543],[19.475,40.348],[19.424,40.33],[19.348,40.431],[19.29,40.42],[19.476,40.214],[19.863,40.045],[19.906,39.906],[20.01,39.866],[19.989,39.687],[20.182,39.624],[20.134,39.53],[20.264,39.509],[20.236,39.399],[20.482,39.283],[20.735,38.95],[20.766,38.978],[20.832,38.964],[20.743,39.029],[20.822,39.114],[20.845,39.037],[21.058,39.009],[21.085,39.063],[21.16,38.998],[21.177,38.876],[21.085,38.864],[20.77,38.959],[20.805,38.868],[20.729,38.81],[20.873,38.795],[21.031,38.511],[21.096,38.532],[21.14,38.399],[21.085,38.344],[21.25,38.337],[21.337,38.396],[21.323,38.496],[21.518,38.296],[21.958,38.412],[22.189,38.323],[22.382,38.343],[22.402,38.453],[22.563,38.294],[22.646,38.39],[22.806,38.227],[23.223,38.159],[23.173,38.079],[22.875,38.049],[22.975,37.979],[22.867,37.94],[21.849,38.341],[21.622,38.155],[21.374,38.221],[21.326,38.021],[21.134,37.946],[21.113,37.843],[21.285,37.785],[21.312,37.638],[21.55,37.561],[21.675,37.396],[21.57,37.116],[21.71,36.943],[21.707,36.818],[21.883,36.727],[21.97,36.795],[21.943,36.993],[22.153,37.021],[22.138,36.917],[22.388,36.706],[22.355,36.512],[22.491,36.391],[22.484,36.607],[22.577,36.783],[22.686,36.809],[22.787,36.793],[22.972,36.52],[23.196,36.433],[23.036,36.649],[23.114,36.781],[22.726,37.566],[23.132,37.449],[23.073,37.355],[23.169,37.3],[23.263,37.401],[23.526,37.46],[23.395,37.515],[23.399,37.638],[23.312,37.617],[23.337,37.535],[23.169,37.614],[23.121,37.741],[23.182,37.809],[23.013,37.848],[23.015,37.925],[23.581,38.046],[23.553,37.98],[23.697,37.94],[23.95,37.677],[24.033,37.652],[24.086,37.764],[23.989,38.123],[24.073,38.196],[23.951,38.291],[23.673,38.356],[23.543,38.512],[23.335,38.504],[23.382,38.535],[23.285,38.556],[23.306,38.653],[23.105,38.638],[23.042,38.747],[22.525,38.858],[22.792,38.878],[23.073,39.036],[22.964,39.009],[22.998,39.07],[22.826,39.221],[22.936,39.361],[23.135,39.297],[23.217,39.18],[23.052,39.098],[23.344,39.18],[22.571,40.054],[22.661,40.369],[22.579,40.468],[22.854,40.639],[22.983,40.553],[22.822,40.502],[22.888,40.386],[23.299,40.235],[23.361,39.961],[23.703,39.913],[23.364,40.15],[23.365,40.262],[23.675,40.218],[23.94,39.952],[24.019,40.016],[23.991,40.119],[23.716,40.255],[23.73,40.359],[23.937,40.365],[24.169,40.275],[24.3,40.128],[24.394,40.152],[24.011,40.449],[24.002,40.386],[23.868,40.414],[23.823,40.507],[23.915,40.539],[23.697,40.721],[23.842,40.783],[24.11,40.728],[24.505,40.962],[24.629,40.859],[24.802,40.853],[25.138,41.01],[25.538,40.87],[26.054,40.831],[26.006,40.804],[26.091,40.605],[26.79,40.661],[26.788,40.563],[26.219,40.331],[26.272,40.23],[26.167,40.05],[26.683,40.455],[27.288,40.704],[27.524,40.989],[27.941,40.971],[28.165,41.085],[28.541,40.99],[28.528,41.085],[28.595,40.978],[28.822,40.962],[29.054,41.087],[29.028,40.982],[29.357,40.762],[29.929,40.758],[28.986,40.645],[28.793,40.553],[29.152,40.434],[29.034,40.364],[27.945,40.366],[27.904,40.4],[28.034,40.474],[27.76,40.537],[27.684,40.496],[27.884,40.386],[27.763,40.315],[27.452,40.322],[27.287,40.468],[26.736,40.404],[26.168,39.974],[26.074,39.475],[26.938,39.575],[26.93,39.488],[26.609,39.275],[26.719,39.263],[26.875,39.091],[26.806,38.95],[27.063,38.887],[26.897,38.817],[26.903,38.735],[26.719,38.721],[26.719,38.653],[26.849,38.597],[26.89,38.508],[26.815,38.543],[26.935,38.435],[27.164,38.453],[26.795,38.359],[26.702,38.43],[26.673,38.307],[26.588,38.419],[26.63,38.519],[26.403,38.677],[26.349,38.635],[26.388,38.454],[26.513,38.433],[26.385,38.318],[26.294,38.37],[26.235,38.274],[26.39,38.262],[26.595,38.104],[26.636,38.204],[26.76,38.217],[26.873,38.035],[27.239,37.988],[27.25,37.744],[27.011,37.666],[27.209,37.597],[27.191,37.357],[27.407,37.413],[27.397,37.323],[27.491,37.327],[27.464,37.252],[27.616,37.275],[27.61,37.2],[27.528,37.193],[27.565,37.126],[27.253,37.124],[27.263,36.963],[27.376,37.028],[27.562,36.973],[28.329,37.037],[28.165,36.912],[28.042,36.939],[28.028,36.781],[27.645,36.806],[27.363,36.685],[27.671,36.658],[27.719,36.756],[27.918,36.74],[28.118,36.801],[28.116,36.719],[27.966,36.689],[28.09,36.644],[27.959,36.603],[28.036,36.565],[28.295,36.72],[28.257,36.846],[28.396,36.789],[28.452,36.884],[28.829,36.603],[28.939,36.751],[29.096,36.665],[29.014,36.548],[29.115,36.553],[29.096,36.391],[29.35,36.233],[29.412,36.267],[29.624,36.199],[29.672,36.123],[30.159,36.299],[30.427,36.226],[30.57,36.528],[30.57,36.781],[30.687,36.891],[31.341,36.809],[32.019,36.547],[32.365,36.178],[32.804,36.027],[33.157,36.137],[33.552,36.128],[33.647,36.193],[33.688,36.137],[33.871,36.315],[33.959,36.214],[34.276,36.587],[34.693,36.814],[35.346,36.541],[35.624,36.603],[35.709,36.72],[35.579,36.685],[35.607,36.74],[36.059,36.918],[36.189,36.802],[36.216,36.658],[35.789,36.32],[35.977,36.001],[35.799,35.85],[35.84,35.747],[35.723,35.582],[35.919,35.418],[35.962,35.198],[35.867,34.924],[35.989,34.553],[35.665,34.311],[35.641,33.999],[35.47,33.902],[35.349,33.514],[35.1,33.101],[35.067,32.867],[34.956,32.834],[34.838,32.281],[34.61,31.766],[34.223,31.327],[33.854,31.163],[33.592,31.114],[33.406,31.155],[33.133,31.046],[33.109,31.196],[32.954,31.107],[33.064,31.135],[33.01,31.056],[32.927,31.112],[32.701,31.039],[32.927,31.155],[32.602,31.061],[32.331,31.271],[32.207,31.295],[32.283,31.265],[32.283,31.137],[32.106,31.053],[32.016,31.128],[32.037,31.217],[31.926,31.187],[31.767,31.285],[31.858,31.354],[31.889,31.532],[31.874,31.536],[31.557,31.443],[31.097,31.608],[30.978,31.584],[31.125,31.498],[31.029,31.519],[30.892,31.419],[30.543,31.395],[30.974,31.587],[30.536,31.464],[30.362,31.509],[30.399,31.443],[30.344,31.498],[30.313,31.351],[30.179,31.278],[30.288,31.278],[30.289,31.238],[30.165,31.217],[30.07,31.333],[29.503,30.957],[29.028,30.827],[28.424,31.083],[27.927,31.099],[27.853,31.24],[27.66,31.18],[27.446,31.223],[27.327,31.379],[26.966,31.45],[25.967,31.617],[25.402,31.503],[25.191,31.531],[24.982,31.968],[24.734,32.033],[24.091,32.006],[23.84,32.149],[23.311,32.178],[23.081,32.334],[23.149,32.478],[23.106,32.64],[22.15,32.948],[21.716,32.95],[21.415,32.793],[21.051,32.772],[20.563,32.558],[20.072,32.176],[19.917,31.759],[20.147,31.217],[20.1,30.935],[19.616,30.421],[19.057,30.266],[18.653,30.422],[18.208,30.769],[17.849,30.924],[16.942,31.183],[16.045,31.276],[15.761,31.388],[15.49,31.665],[15.361,31.965],[15.365,32.175],[15.182,32.395],[14.469,32.519],[14.185,32.715],[13.571,32.803],[13.352,32.904],[12.73,32.799],[12.304,32.843],[11.352,33.259],[11.433,33.194],[11.18,33.211],[11.134,33.311],[11.294,33.287],[11.102,33.364],[11.043,33.618],[10.936,33.636],[10.909,33.54],[10.738,33.478],[10.674,33.546],[10.717,33.707],[10.446,33.655],[10.173,33.828],[10.005,34.171],[10.127,34.326],[10.597,34.545],[11.159,35.219],[11.042,35.334],[11.041,35.638],[10.622,35.843],[10.475,36.112],[10.551,36.377],[10.8,36.452],[11.131,36.854],[11.033,37.087],[10.403,36.727],[10.188,36.798],[10.347,36.88],[10.182,37.027],[10.227,37.118],[10.128,37.159],[10.272,37.179],[9.882,37.264],[9.82,37.228],[9.914,37.178],[9.816,37.152],[9.772,37.213],[9.859,37.329],[9.745,37.345],[9.211,37.234],[8.802,36.973],[8.463,36.902],[8.233,36.958],[7.908,36.85],[7.773,36.89],[7.799,36.994],[7.383,37.083],[7.182,37.083],[7.239,36.972],[6.949,36.89],[6.416,37.093],[6.197,36.902],[5.734,36.832],[5.304,36.643],[4.769,36.898],[3.827,36.913],[3.48,36.777],[3.227,36.812],[3.179,36.743],[2.977,36.816],[2.601,36.596],[2.33,36.637],[0.946,36.452],[0.342,36.206],[-0.038,35.813],[-0.259,35.818],[-0.349,35.907],[-0.479,35.89],[-0.626,35.723],[-0.825,35.769],[-1.183,35.576],[-1.364,35.318],[-1.956,35.075],[-2.417,35.149],[-2.667,35.108],[-2.878,35.246],[-2.748,35.116],[-2.856,35.131],[-2.969,35.446],[-3.077,35.288],[-3.319,35.202],[-3.7,35.291],[-3.814,35.207],[-3.919,35.267],[-4.348,35.15],[-4.77,35.241],[-5.104,35.462],[-5.019,35.971],[-5.043,36.451],[-4.659,36.508],[-4.403,36.724],[-2.933,36.752],[-2.718,36.682],[-2.561,36.819],[-2.362,36.837],[-2.147,36.73],[-1.9,36.941],[-1.813,37.207],[-1.671,37.363],[-1.324,37.562],[-0.705,37.62],[-0.856,37.742],[-0.761,37.796],[-0.624,38.162],[-0.504,38.207],[-0.51,38.338],[0.235,38.742],[-0.106,38.937],[-0.227,39.112],[-0.331,39.48],[-0.194,39.715],[0.563,40.59],[0.733,40.634],[0.592,40.582],[0.677,40.565],[0.858,40.686],[0.695,40.786],[0.99,41.04],[2.06,41.275],[2.297,41.465],[3.195,41.888],[3.214,42.068],[3.119,42.218],[3.318,42.323],[3.187,42.35],[3.146,42.515],[3.052,42.555],[3.039,42.943],[3.244,43.219],[3.513,43.281],[3.991,43.551],[4.82,43.346],[4.743,43.423],[4.695,43.579],[4.856,43.342],[4.868,43.421],[5.051,43.429],[5.029,43.559],[5.226,43.48],[5.026,43.409],[5.034,43.335],[5.294,43.355],[5.347,43.216],[5.674,43.18],[5.857,43.045],[5.941,43.134],[6.18,43.036],[6.193,43.109],[6.375,43.091],[6.68,43.202],[6.693,43.273],[6.597,43.284],[6.747,43.418],[6.894,43.428],[6.976,43.547],[7.139,43.554],[7.152,43.655],[8.068,43.897],[8.466,44.304],[8.762,44.432],[9.211,44.305],[9.231,44.354],[9.832,44.042],[9.845,44.109],[10.181,43.955],[10.317,43.493],[10.528,43.247],[10.5,42.94],[10.764,42.918],[10.731,42.804],[10.944,42.743],[11.158,42.564],[11.188,42.48],[11.107,42.391],[11.377,42.407],[11.658,42.279],[11.827,42.034],[12.02,41.993],[12.239,41.736],[12.635,41.447],[12.894,41.399],[13.045,41.228],[13.286,41.296],[13.544,41.207],[13.722,41.252],[14.021,40.922],[14.048,40.79],[14.294,40.839],[14.474,40.73],[14.343,40.571],[14.782,40.67],[14.998,40.398],[14.911,40.242],[15.127,40.17],[15.261,40.029],[15.41,39.994],[15.624,40.078],[15.774,39.891],[16.222,38.857],[16.153,38.731],[15.837,38.649],[15.905,38.474],[15.813,38.301],[15.633,38.22],[15.635,38.009],[15.761,37.925],[16.077,37.94],[16.169,38.143],[16.57,38.43],[16.586,38.798],[16.935,38.939],[17.104,38.899],[17.206,39.029],[17.125,39.091],[17.159,39.406],[16.546,39.661],[16.49,39.775],[16.632,39.966],[16.605,40.084],[16.912,40.445],[17.05,40.519],[17.323,40.498],[17.2,40.42],[17.512,40.304],[17.863,40.286],[18.072,39.912],[18.347,39.798],[18.516,40.139],[18.007,40.651],[15.934,41.479],[15.9,41.615],[16.193,41.791],[16.14,41.92],[15.165,41.928],[14.741,42.085],[14.709,42.175],[14.075,42.599],[13.616,43.56],[12.692,43.991],[12.39,44.223],[12.284,44.488],[12.266,44.827],[12.416,44.803],[12.407,44.891],[12.445,44.821],[12.534,44.97],[12.369,45.066],[12.387,45.039],[12.369,45.011],[12.307,45.231],[12.23,45.204],[12.154,45.313],[12.397,45.539],[12.582,45.553],[12.424,45.438],[13.085,45.642],[13.119,45.772],[13.369,45.745],[13.402,45.675],[13.574,45.79],[13.808,45.614],[13.501,45.499],[13.61,45.32],[13.601,45.137],[13.726,45.135],[13.623,45.073],[13.774,44.964],[13.903,44.772],[13.89,44.833],[14.0,44.813],[14.04,45.039],[14.069,44.95],[14.151,44.977],[14.33,45.354],[14.534,45.313],[14.843,45.106],[14.922,44.959],[14.901,44.69],[15.308,44.354],[15.529,44.272],[15.261,44.333],[15.295,44.251],[15.141,44.282],[15.145,44.195],[15.706,43.763],[15.95,43.689],[15.959,43.504],[16.434,43.55],[16.391,43.511],[16.881,43.406],[17.741,42.839],[17.24,43.023],[17.002,43.051],[17.028,43.004],[17.749,42.772],[17.721,42.826],[17.893,42.791],[18.51,42.405],[18.502,42.456],[18.687,42.483],[18.7,42.393],[18.545,42.424],[18.779,42.271],[18.886,42.284],[19.17,41.938],[19.592,41.819],[19.613,41.605],[19.441,41.585],[19.517,41.513],[19.393,41.414],[19.513,41.277],[19.441,41.021],[19.454,40.924],[19.495,41.003],[19.525,40.941],[19.441,40.872]],[[11.06,33.801],[10.93,33.896],[10.736,33.885],[10.763,33.7],[10.826,33.73],[10.888,33.64],[11.06,33.801]],[[1.59,39.103],[1.357,39.078],[1.217,38.885],[1.403,38.832],[1.59,39.103]],[[3.136,39.789],[3.207,39.893],[3.095,39.881],[3.097,39.914],[3.179,39.969],[2.813,39.873],[2.351,39.576],[2.493,39.47],[2.682,39.559],[2.787,39.376],[2.959,39.363],[3.061,39.269],[3.253,39.386],[3.474,39.716],[3.136,39.789]],[[4.171,40.065],[3.803,40.018],[3.831,39.936],[4.248,39.816],[4.312,39.884],[4.171,40.065]],[[9.826,40.53],[9.658,40.8],[9.724,40.845],[9.504,40.927],[9.663,41.003],[9.512,41.016],[9.56,41.126],[9.443,41.092],[9.422,41.181],[9.278,41.195],[9.231,41.263],[8.823,40.947],[8.521,40.827],[8.31,40.851],[8.193,40.964],[8.147,40.593],[8.292,40.595],[8.38,40.469],[8.49,40.104],[8.377,40.034],[8.395,39.913],[8.555,39.853],[8.504,39.722],[8.566,39.701],[8.517,39.702],[8.444,39.757],[8.373,39.222],[8.56,39.057],[8.641,38.864],[8.717,38.933],[8.853,38.878],[9.026,38.995],[9.08,39.225],[9.014,39.264],[9.519,39.105],[9.566,39.149],[9.732,40.084],[9.626,40.263],[9.826,40.53]],[[8.56,42.154],[8.745,42.057],[8.586,41.969],[8.614,41.901],[8.805,41.907],[8.655,41.75],[8.923,41.695],[8.792,41.561],[9.223,41.373],[9.211,41.448],[9.351,41.581],[9.292,41.626],[9.402,41.706],[9.403,41.953],[9.56,42.147],[9.528,42.564],[9.443,42.641],[9.464,42.99],[9.347,43.004],[9.292,42.675],[9.118,42.732],[8.709,42.579],[8.66,42.43],[8.549,42.377],[8.688,42.273],[8.56,42.154]],[[10.412,42.873],[10.101,42.784],[10.416,42.709],[10.412,42.873]],[[15.529,38.303],[15.292,38.207],[15.245,38.217],[15.246,38.254],[15.243,38.265],[15.237,38.265],[15.088,38.128],[14.907,38.188],[14.512,38.044],[14.021,38.049],[13.791,37.974],[13.391,38.103],[13.318,38.221],[13.101,38.19],[13.061,38.083],[12.901,38.028],[12.732,38.193],[12.705,38.111],[12.493,38.021],[12.427,37.797],[12.659,37.565],[13.174,37.487],[13.716,37.171],[14.279,37.044],[14.487,36.793],[15.094,36.655],[15.158,36.924],[15.332,37.012],[15.183,37.207],[15.252,37.258],[15.097,37.344],[15.097,37.494],[15.213,37.761],[15.624,38.262],[15.529,38.303]],[[14.734,44.703],[15.129,44.312],[15.254,44.34],[14.734,44.703]],[[14.473,44.971],[14.314,45.172],[14.278,45.113],[14.411,44.956],[14.294,44.909],[14.428,44.657],[14.52,44.622],[14.473,44.971]],[[14.706,44.947],[14.815,44.977],[14.549,45.249],[14.53,45.135],[14.425,45.087],[14.621,45.046],[14.706,44.947]],[[23.094,36.254],[22.933,36.381],[22.924,36.184],[23.047,36.143],[23.094,36.254]],[[20.996,37.699],[20.709,37.925],[20.619,37.864],[20.815,37.652],[20.894,37.733],[20.996,37.699]],[[20.808,38.1],[20.682,38.282],[20.631,38.258],[20.538,38.474],[20.53,38.337],[20.4,38.364],[20.339,38.2],[20.425,38.175],[20.445,38.276],[20.565,38.09],[20.808,38.1]],[[24.588,38.159],[24.252,38.228],[24.156,38.653],[23.594,38.77],[23.299,39.042],[22.837,38.854],[23.202,38.83],[23.614,38.558],[23.649,38.406],[24.042,38.402],[24.204,38.09],[24.372,37.972],[24.552,37.978],[24.588,38.159]],[[20.545,38.57],[20.716,38.627],[20.718,38.823],[20.581,38.724],[20.545,38.57]],[[20.082,39.447],[19.937,39.473],[19.928,39.625],[19.845,39.653],[19.948,39.79],[19.667,39.794],[19.626,39.748],[19.879,39.453],[20.072,39.376],[20.082,39.447]],[[16.67,43.125],[17.193,43.127],[16.563,43.229],[16.372,43.196],[16.67,43.125]],[[16.628,43.264],[16.892,43.312],[16.447,43.395],[16.43,43.332],[16.628,43.264]],[[26.266,35.26],[26.312,35.297],[26.321,35.315],[26.294,35.315],[26.179,35.207],[26.061,35.233],[25.795,35.115],[25.713,35.183],[25.766,35.336],[25.454,35.294],[24.971,35.425],[24.34,35.348],[24.252,35.479],[24.072,35.498],[24.183,35.513],[24.183,35.586],[23.817,35.535],[23.742,35.687],[23.718,35.513],[23.58,35.576],[23.518,35.308],[23.611,35.235],[24.402,35.191],[24.718,35.094],[24.739,34.932],[26.133,34.999],[26.241,35.039],[26.321,35.198],[26.266,35.26]],[[25.534,37.201],[25.342,37.077],[25.45,36.918],[25.593,37.081],[25.534,37.201]],[[26.231,37.571],[26.362,37.686],[26.074,37.638],[25.972,37.535],[26.231,37.571]],[[24.964,37.897],[24.779,38.0],[24.694,37.966],[24.958,37.686],[24.964,37.897]],[[26.144,38.564],[25.849,38.58],[25.992,38.344],[25.866,38.246],[26.01,38.157],[26.112,38.223],[26.144,38.564]],[[24.561,38.944],[24.461,38.968],[24.436,38.878],[24.557,38.846],[24.567,38.763],[24.676,38.784],[24.561,38.944]],[[26.612,39.049],[26.362,39.379],[26.164,39.379],[25.842,39.228],[26.064,39.091],[26.28,39.196],[26.088,39.083],[26.155,39.025],[26.547,38.988],[26.437,39.104],[26.489,39.114],[26.53,39.029],[26.612,39.049]],[[25.033,39.995],[25.047,39.838],[25.215,39.803],[25.251,39.919],[25.349,39.788],[25.446,40.003],[25.033,39.995]],[[25.968,40.131],[26.012,40.167],[25.938,40.242],[25.759,40.207],[25.663,40.132],[25.968,40.131]],[[24.783,40.742],[24.642,40.804],[24.512,40.667],[24.642,40.571],[24.78,40.612],[24.783,40.742]],[[33.66,35.359],[32.92,35.398],[32.865,35.157],[32.554,35.178],[32.45,35.059],[32.276,35.048],[32.459,34.722],[32.914,34.657],[32.941,34.569],[33.03,34.569],[33.086,34.695],[33.606,34.822],[33.68,34.966],[34.099,34.965],[33.9,35.164],[33.924,35.279],[34.575,35.65],[33.66,35.359]],[[27.181,35.469],[27.237,35.493],[27.157,35.619],[27.221,35.829],[27.069,35.602],[27.157,35.425],[27.181,35.469]],[[28.222,36.456],[27.808,36.274],[27.684,36.158],[27.757,36.084],[27.733,35.915],[28.09,36.055],[28.222,36.456]],[[27.061,37.707],[27.068,37.774],[26.772,37.814],[26.58,37.741],[26.598,37.677],[27.061,37.707]]]},"properties":{"realm":5,"name":"Mediterranean","group":3,"group_name":"NE and NW Atlantic and Mediterranean, Arctic and North Pacific","pct_unique":45,"species":3096,"color":"#d34592","area_km2":2521270}},{"type":"Feature","geometry":{"type":"MultiPolygon","coordinates":[[[[-179.981,71.537],[-180.0,71.537],[-180.0,84.762],[-179.981,71.537]]],[[[-180.0,68.982],[-179.981,70.993],[-179.342,70.908],[-177.93,71.041],[-177.443,71.237],[-178.395,71.541],[-179.075,71.6],[-179.981,71.537],[-180.0,88.998],[-90.896,89.0],[-92.071,88.16],[-93.476,86.6],[-93.796,85.967],[-94.367,83.96],[-94.586,83.59],[-94.878,83.318],[-95.97,82.727],[-97.749,82.201],[-98.77,81.717],[-99.793,80.951],[-101.73,79.084],[-102.421,79.014],[-102.403,78.935],[-102.599,78.878],[-102.572,78.946],[-102.776,78.946],[-102.619,79.097],[-102.894,79.172],[-102.879,79.233],[-103.722,79.363],[-105.457,79.329],[-105.426,79.285],[-105.628,79.165],[-105.563,79.026],[-104.679,79.011],[-105.006,78.807],[-104.785,78.809],[-104.247,78.997],[-103.832,78.905],[-104.188,78.777],[-103.721,78.806],[-103.818,78.74],[-103.318,78.737],[-104.045,78.631],[-103.38,78.59],[-103.54,78.5],[-104.641,78.583],[-105.046,78.505],[-104.798,78.354],[-103.947,78.243],[-103.172,78.357],[-105.047,77.761],[-105.414,77.689],[-106.077,77.739],[-105.841,77.617],[-107.308,77.338],[-109.325,76.789],[-109.975,76.486],[-110.384,76.431],[-110.364,76.352],[-110.565,76.292],[-111.964,76.027],[-112.365,76.034],[-112.526,76.121],[-112.426,76.171],[-112.994,76.273],[-113.963,76.191],[-114.18,76.356],[-114.091,76.39],[-114.159,76.459],[-114.763,76.492],[-114.701,76.52],[-115.512,76.456],[-115.913,76.349],[-115.852,76.322],[-115.927,76.287],[-114.711,76.154],[-116.163,76.204],[-116.526,76.16],[-116.705,76.046],[-117.596,75.972],[-117.463,76.088],[-117.66,76.126],[-118.629,75.919],[-119.692,75.954],[-119.477,76.006],[-119.806,76.116],[-119.552,76.123],[-119.703,76.164],[-119.565,76.172],[-119.717,76.335],[-119.501,76.363],[-119.286,76.129],[-119.084,76.09],[-118.888,76.184],[-118.9,76.275],[-118.569,76.345],[-118.946,76.523],[-118.305,76.555],[-118.497,76.719],[-117.866,76.823],[-117.736,76.78],[-117.919,76.693],[-117.976,76.602],[-117.908,76.533],[-118.058,76.41],[-117.571,76.272],[-117.136,76.29],[-116.934,76.356],[-117.078,76.52],[-117.008,76.552],[-116.325,76.582],[-115.893,76.698],[-116.04,76.828],[-116.366,76.932],[-115.732,76.949],[-116.401,77.137],[-115.393,77.308],[-116.407,77.562],[-117.154,77.459],[-116.647,77.39],[-116.813,77.317],[-117.156,77.364],[-117.181,77.349],[-117.039,77.293],[-117.962,77.37],[-117.852,77.39],[-119.163,77.325],[-120.429,76.869],[-120.368,76.815],[-121.187,76.688],[-121.554,76.437],[-122.381,76.409],[-122.862,76.182],[-124.567,76.022],[-124.882,75.642],[-125.654,73.853],[-125.813,73.014],[-125.914,70.822],[-126.149,70.198],[-126.562,69.688],[-126.806,69.899],[-126.775,69.976],[-127.136,70.253],[-128.002,70.593],[-128.163,70.496],[-128.178,70.38],[-127.906,70.394],[-128.111,70.367],[-128.032,70.294],[-127.582,70.251],[-127.515,70.222],[-128.337,70.13],[-128.31,69.963],[-128.968,69.732],[-128.942,69.682],[-129.154,69.704],[-129.174,69.832],[-128.933,69.845],[-128.886,69.976],[-129.123,69.856],[-130.38,69.695],[-130.945,69.277],[-130.928,69.14],[-131.026,69.206],[-130.901,69.386],[-131.051,69.339],[-130.939,69.424],[-130.948,69.539],[-131.041,69.367],[-131.12,69.325],[-131.03,69.462],[-131.128,69.621],[-131.195,69.592],[-131.062,69.489],[-131.138,69.37],[-131.115,69.517],[-131.243,69.585],[-131.161,69.394],[-131.348,69.317],[-131.414,69.298],[-131.211,69.398],[-131.252,69.504],[-131.244,69.408],[-131.317,69.494],[-131.414,69.373],[-131.515,69.336],[-131.428,69.435],[-131.911,69.428],[-131.977,69.408],[-131.715,69.4],[-131.88,69.285],[-132.161,69.246],[-132.216,69.154],[-132.203,69.219],[-132.327,69.234],[-132.373,69.149],[-132.47,69.113],[-132.415,69.238],[-132.484,69.147],[-132.874,69.058],[-132.676,68.927],[-132.811,68.937],[-132.71,68.886],[-132.785,68.851],[-132.484,68.886],[-132.55,68.92],[-132.394,68.866],[-132.483,68.805],[-133.388,68.845],[-132.922,68.694],[-133.209,68.715],[-133.491,68.843],[-133.237,68.914],[-133.203,69.038],[-133.101,69.072],[-132.929,69.082],[-132.892,68.983],[-132.9,69.076],[-132.833,69.113],[-132.908,69.131],[-132.771,69.256],[-132.545,69.29],[-132.497,69.16],[-132.435,69.304],[-132.325,69.249],[-132.347,69.308],[-132.114,69.361],[-132.141,69.414],[-131.984,69.537],[-131.048,69.644],[-130.941,69.566],[-130.527,69.784],[-129.6,69.991],[-129.406,70.121],[-129.633,70.168],[-129.674,70.27],[-129.932,70.076],[-130.098,70.113],[-130.187,70.053],[-130.16,70.106],[-130.338,70.086],[-130.291,70.106],[-130.385,70.166],[-130.52,70.105],[-130.462,70.175],[-130.515,70.177],[-130.723,70.079],[-130.723,70.132],[-130.894,70.106],[-131.188,69.825],[-131.241,69.933],[-131.408,69.961],[-132.139,69.688],[-132.484,69.736],[-132.257,69.77],[-132.277,69.774],[-132.548,69.743],[-132.627,69.674],[-132.333,69.685],[-132.887,69.661],[-133.046,69.435],[-133.632,69.399],[-134.313,69.154],[-133.751,69.551],[-134.121,69.544],[-134.242,69.577],[-134.149,69.633],[-134.224,69.682],[-134.481,69.727],[-134.406,69.637],[-134.594,69.513],[-134.416,69.497],[-134.476,69.444],[-135.155,69.48],[-135.284,69.415],[-135.167,69.263],[-135.569,69.345],[-135.567,69.229],[-135.682,69.33],[-135.855,69.29],[-135.416,69.099],[-135.968,69.222],[-135.919,69.093],[-135.519,69.03],[-135.954,69.048],[-135.923,68.962],[-136.005,68.948],[-135.341,68.839],[-135.505,68.845],[-135.187,68.662],[-136.068,68.885],[-137.224,68.951],[-138.096,69.14],[-138.357,69.305],[-138.603,69.243],[-139.144,69.514],[-139.918,69.621],[-141.413,69.65],[-141.653,69.762],[-142.271,69.856],[-142.601,70.013],[-143.236,70.118],[-143.298,70.043],[-143.551,70.127],[-144.064,70.086],[-144.023,70.051],[-144.071,69.989],[-144.13,70.068],[-144.59,69.983],[-145.275,69.993],[-145.215,70.044],[-145.614,70.071],[-145.88,70.175],[-147.68,70.212],[-147.843,70.308],[-148.512,70.318],[-148.682,70.42],[-149.489,70.523],[-150.417,70.415],[-150.379,70.497],[-150.794,70.503],[-150.745,70.477],[-151.178,70.449],[-151.222,70.376],[-151.98,70.449],[-151.76,70.567],[-152.63,70.559],[-152.075,70.579],[-152.509,70.664],[-152.219,70.812],[-152.328,70.857],[-152.713,70.89],[-152.657,70.846],[-152.715,70.821],[-153.256,70.933],[-153.894,70.898],[-154.23,70.778],[-154.81,70.881],[-154.6,71.013],[-154.972,71.12],[-155.039,71.017],[-155.097,71.017],[-155.039,71.056],[-155.09,71.155],[-155.097,71.086],[-155.289,71.086],[-155.192,70.995],[-155.309,71.029],[-155.518,70.952],[-155.577,70.846],[-155.891,70.837],[-155.978,70.76],[-155.981,70.894],[-156.187,70.922],[-155.745,71.004],[-155.567,71.082],[-155.573,71.15],[-155.945,71.22],[-156.111,71.175],[-156.043,71.216],[-156.604,71.354],[-156.372,71.38],[-156.472,71.413],[-157.865,70.866],[-159.06,70.817],[-158.99,70.777],[-159.279,70.765],[-159.222,70.689],[-159.449,70.777],[-159.141,70.825],[-159.373,70.846],[-159.161,70.887],[-159.668,70.805],[-160.127,70.626],[-159.948,70.636],[-159.716,70.497],[-159.291,70.538],[-159.71,70.47],[-159.826,70.497],[-159.887,70.387],[-159.771,70.195],[-159.948,70.37],[-160.134,70.325],[-159.922,70.49],[-160.202,70.477],[-159.944,70.522],[-159.947,70.597],[-160.172,70.605],[-160.95,70.29],[-161.632,70.256],[-161.703,70.195],[-162.122,70.154],[-161.703,70.264],[-161.957,70.305],[-163.019,69.746],[-162.938,69.711],[-163.149,69.606],[-163.065,69.556],[-163.156,69.359],[-163.272,69.298],[-163.177,69.427],[-163.623,69.119],[-163.965,69.003],[-165.044,68.881],[-166.223,68.886],[-166.231,68.58],[-166.37,68.441],[-166.315,68.406],[-166.829,68.351],[-166.297,68.3],[-164.151,67.62],[-163.824,67.355],[-163.725,67.111],[-162.58,67.015],[-162.36,67.167],[-162.457,66.995],[-162.293,67.009],[-162.288,67.071],[-162.248,67.015],[-161.835,67.055],[-161.525,66.991],[-161.731,66.954],[-161.902,66.735],[-161.482,66.534],[-161.272,66.543],[-161.136,66.652],[-160.552,66.591],[-160.485,66.634],[-160.244,66.646],[-160.325,66.605],[-160.219,66.532],[-160.249,66.402],[-160.765,66.37],[-161.204,66.539],[-161.607,66.454],[-162.066,66.653],[-162.017,66.781],[-162.307,66.953],[-162.485,66.96],[-162.625,66.861],[-162.505,66.75],[-162.21,66.707],[-161.888,66.524],[-161.957,66.35],[-161.896,66.27],[-161.875,66.378],[-161.511,66.408],[-161.136,66.343],[-161.018,66.193],[-161.077,66.131],[-161.163,66.119],[-161.086,66.241],[-161.506,66.279],[-161.858,65.977],[-162.179,66.076],[-162.677,66.007],[-162.759,66.111],[-163.68,66.079],[-163.917,66.211],[-164.191,66.193],[-163.855,66.289],[-163.896,66.399],[-163.762,66.526],[-163.93,66.586],[-163.629,66.57],[-163.736,66.603],[-164.274,66.602],[-164.718,66.556],[-164.731,66.533],[-164.945,66.467],[-165.033,66.399],[-165.488,66.402],[-165.89,66.241],[-165.5,66.152],[-165.755,66.105],[-166.311,66.175],[-166.973,65.974],[-166.877,65.947],[-167.06,65.878],[-167.346,65.899],[-167.561,65.809],[-167.531,65.726],[-168.063,65.651],[-167.882,65.755],[-168.135,65.67],[-168.052,65.58],[-167.399,65.401],[-166.031,65.243],[-166.371,65.273],[-166.534,65.137],[-166.713,65.113],[-166.932,65.169],[-166.88,65.282],[-166.957,65.178],[-166.685,64.982],[-166.39,64.899],[-166.483,64.73],[-166.19,64.585],[-165.036,64.448],[-164.837,64.455],[-164.796,64.463],[-164.766,64.48],[-164.924,64.46],[-164.938,64.535],[-163.679,64.586],[-163.166,64.411],[-163.04,64.521],[-163.39,64.597],[-163.149,64.658],[-162.827,64.501],[-162.875,64.46],[-162.781,64.344],[-162.511,64.559],[-161.716,64.795],[-161.806,64.823],[-161.546,64.751],[-161.211,64.933],[-161.02,64.947],[-161.155,64.925],[-160.792,64.726],[-160.834,64.617],[-161.086,64.553],[-161.035,64.508],[-161.414,64.538],[-161.539,64.398],[-161.189,64.418],[-161.258,64.405],[-160.973,64.25],[-160.767,63.824],[-161.057,63.574],[-161.441,63.46],[-162.169,63.431],[-162.018,63.486],[-162.309,63.547],[-162.28,63.489],[-162.597,63.277],[-163.094,63.057],[-163.351,63.031],[-163.529,63.117],[-163.807,62.986],[-163.542,63.129],[-163.995,63.256],[-164.424,63.209],[-164.595,63.13],[-164.377,63.071],[-164.314,63.014],[-164.691,63.027],[-164.883,62.842],[-164.766,62.801],[-164.89,62.787],[-164.813,62.62],[-164.479,62.746],[-164.858,62.564],[-164.794,62.534],[-164.842,62.493],[-164.63,62.513],[-164.677,62.474],[-164.582,62.426],[-164.734,62.379],[-164.609,62.437],[-164.848,62.478],[-164.868,62.538],[-165.133,62.516],[-165.706,62.117],[-165.75,61.984],[-165.588,61.862],[-166.103,61.821],[-165.766,61.691],[-166.116,61.636],[-166.173,61.695],[-166.138,61.516],[-165.777,61.516],[-165.918,61.415],[-165.877,61.337],[-165.61,61.287],[-165.605,61.124],[-165.374,61.072],[-165.39,61.225],[-165.313,61.261],[-165.226,61.273],[-165.294,61.334],[-165.086,61.476],[-164.724,61.626],[-164.842,61.499],[-165.159,61.419],[-165.26,61.334],[-165.213,61.265],[-165.363,61.213],[-165.157,61.156],[-165.136,61.201],[-165.082,61.218],[-165.143,61.259],[-165.061,61.218],[-165.13,61.157],[-165.191,61.136],[-165.059,61.063],[-164.999,61.115],[-164.766,61.109],[-165.171,60.942],[-164.628,60.932],[-164.564,60.855],[-164.007,60.862],[-163.704,61.0],[-163.756,60.945],[-163.563,60.89],[-163.93,60.855],[-163.518,60.8],[-163.878,60.781],[-164.692,60.849],[-164.668,60.922],[-164.835,60.868],[-164.937,60.936],[-164.895,60.867],[-167.426,61.073],[-168.371,61.26],[-169.009,61.474],[-169.768,61.885],[-170.336,62.415],[-171.589,63.35],[-171.408,63.323],[-171.084,63.445],[-170.845,63.459],[-170.235,63.284],[-170.262,63.198],[-169.817,63.127],[-169.705,63.04],[-169.756,62.966],[-169.666,62.945],[-169.351,63.176],[-168.812,63.17],[-168.686,63.301],[-169.221,63.349],[-169.07,63.321],[-169.187,63.301],[-170.085,63.486],[-170.082,63.615],[-170.31,63.699],[-170.646,63.685],[-170.937,63.572],[-171.487,63.609],[-171.544,63.623],[-171.407,63.644],[-171.728,63.796],[-171.842,63.545],[-172.943,64.339],[-172.822,64.32],[-172.788,64.438],[-173.013,64.462],[-172.815,64.504],[-172.59,64.37],[-172.22,64.407],[-172.465,64.558],[-172.816,64.612],[-172.967,64.561],[-172.845,64.649],[-173.043,64.66],[-172.755,64.733],[-172.806,64.803],[-173.164,64.765],[-173.0,64.855],[-172.323,64.948],[-172.08,65.076],[-172.227,65.1],[-172.202,65.217],[-172.702,65.248],[-172.189,65.242],[-172.093,65.484],[-172.389,65.432],[-172.428,65.47],[-172.32,65.465],[-172.39,65.582],[-172.674,65.624],[-172.661,65.673],[-172.825,65.672],[-172.86,65.7],[-172.29,65.666],[-172.322,65.622],[-172.206,65.581],[-172.26,65.545],[-171.744,65.5],[-172.034,65.474],[-171.251,65.522],[-171.039,65.467],[-170.982,65.592],[-171.264,65.656],[-171.463,65.833],[-170.875,65.623],[-170.588,65.605],[-170.489,65.671],[-170.571,65.761],[-170.532,65.853],[-170.626,65.851],[-169.982,66.039],[-169.719,66.006],[-169.641,66.068],[-169.701,66.129],[-169.952,66.184],[-170.044,66.193],[-169.916,66.164],[-170.224,66.148],[-170.338,66.186],[-170.106,66.193],[-170.274,66.29],[-170.511,66.225],[-170.626,66.235],[-170.385,66.317],[-171.363,66.675],[-171.353,66.772],[-171.63,66.83],[-171.694,66.88],[-171.64,66.93],[-171.719,66.951],[-172.986,67.039],[-173.035,67.023],[-172.362,66.933],[-172.782,66.894],[-173.074,66.993],[-173.226,66.911],[-173.087,66.847],[-173.303,66.822],[-173.295,66.981],[-173.143,67.0],[-173.272,67.052],[-173.071,67.044],[-173.389,67.078],[-173.464,67.029],[-173.646,67.116],[-174.612,67.061],[-174.026,66.961],[-173.931,66.668],[-174.264,66.566],[-173.691,66.439],[-173.999,66.219],[-174.019,66.305],[-173.929,66.341],[-174.016,66.472],[-174.206,66.473],[-174.166,66.399],[-174.463,66.28],[-174.389,66.338],[-174.466,66.401],[-174.395,66.475],[-174.436,66.532],[-174.971,66.665],[-174.688,66.732],[-174.763,66.899],[-174.7,66.917],[-174.908,67.037],[-174.86,67.275],[-174.756,67.303],[-174.806,67.365],[-175.08,67.481],[-174.969,67.425],[-175.16,67.337],[-175.367,67.358],[-175.172,67.435],[-175.227,67.533],[-175.127,67.5],[-175.291,67.606],[-175.266,67.659],[-175.824,67.813],[-176.012,67.727],[-175.682,67.59],[-176.206,67.645],[-176.341,67.696],[-176.07,67.727],[-176.116,67.807],[-175.921,67.851],[-176.533,68.003],[-176.209,67.902],[-176.539,67.895],[-176.789,67.979],[-176.565,68.01],[-177.075,68.164],[-177.219,68.14],[-177.259,68.211],[-177.174,68.199],[-177.338,68.245],[-177.635,68.195],[-177.766,68.263],[-177.492,68.292],[-178.375,68.557],[-177.705,68.345],[-178.074,68.259],[-177.951,68.338],[-178.021,68.416],[-178.7,68.543],[-178.725,68.676],[-178.485,68.592],[-178.845,68.752],[-179.32,68.812],[-179.523,68.965],[-179.58,68.909],[-179.981,68.978],[-180.0,68.982]],[[-172.501,64.704],[-172.043,64.751],[-172.401,64.837],[-172.633,64.684],[-172.501,64.704]],[[-139.113,69.654],[-139.336,69.572],[-139.138,69.535],[-138.905,69.578],[-139.113,69.654]],[[-114.879,76.767],[-113.673,76.704],[-113.453,76.774],[-113.846,76.899],[-114.435,76.882],[-114.879,76.767]],[[-109.686,77.971],[-109.582,78.054],[-111.278,78.09],[-113.141,77.923],[-113.323,77.808],[-113.186,77.74],[-113.254,77.672],[-113.09,77.623],[-113.241,77.582],[-113.166,77.515],[-111.991,77.329],[-110.235,77.504],[-110.041,77.644],[-110.108,77.776],[-110.72,77.766],[-110.904,77.853],[-109.686,77.971]],[[-113.577,77.815],[-114.258,77.989],[-114.327,78.081],[-115.118,77.96],[-114.516,77.76],[-114.621,77.757],[-114.301,77.713],[-113.577,77.815]],[[-109.26,78.484],[-109.407,78.559],[-110.427,78.766],[-111.816,78.549],[-112.682,78.498],[-113.336,78.336],[-113.062,78.274],[-112.176,78.377],[-111.778,78.27],[-111.421,78.277],[-111.155,78.391],[-110.332,78.286],[-109.339,78.355],[-109.26,78.484]]],[[[-121.023,76.06],[-121.011,76.139],[-120.865,76.201],[-120.692,76.16],[-120.752,76.103],[-120.649,76.103],[-120.724,76.032],[-121.023,76.06]]],[[[-179.221,66.185],[-179.424,66.344],[-179.171,66.289],[-179.164,66.414],[-179.082,66.306],[-179.129,66.252],[-178.896,66.15],[-178.477,66.383],[-178.54,66.268],[-178.496,66.14],[-178.682,66.102],[-178.719,65.997],[-179.221,66.185]]],[[[-0.451,88.537],[-2.367,88.986],[0.0,88.98620385841014],[0.0,88.38414610778443],[-0.451,88.537]]],[[[89.954,75.578],[90.0,75.55234615384616],[90.0,75.51635056179775],[89.613,75.492],[89.704,75.444],[89.246,75.507],[88.757,75.417],[89.007,75.434],[89.085,75.403],[88.612,75.344],[88.55,75.314],[88.626,75.267],[88.371,75.255],[88.307,75.176],[87.953,75.1],[87.025,75.164],[86.899,75.088],[87.79,75.026],[87.574,74.93],[87.426,75.006],[87.173,74.985],[87.386,74.944],[87.061,74.84],[87.064,74.725],[86.762,74.704],[86.954,74.684],[86.903,74.654],[86.958,74.609],[86.321,74.708],[86.213,74.766],[86.367,74.775],[86.091,74.821],[86.028,74.814],[86.101,74.736],[85.74,74.636],[86.782,74.561],[86.535,74.512],[87.262,74.355],[87.016,74.367],[86.993,74.27],[86.949,74.343],[86.716,74.302],[86.954,74.389],[86.475,74.458],[86.049,74.416],[86.255,74.389],[86.297,74.313],[85.906,74.355],[86.02,74.263],[86.711,74.224],[86.803,74.184],[86.724,74.132],[86.896,74.07],[87.362,74.048],[87.42,74.012],[86.94,74.033],[87.296,73.841],[87.664,73.891],[87.147,73.652],[86.793,73.613],[86.906,73.704],[86.371,73.62],[87.104,73.845],[86.783,73.902],[85.604,73.822],[85.427,73.712],[84.793,73.765],[80.513,73.567],[80.506,73.498],[80.677,73.505],[80.255,73.33],[80.563,73.222],[80.231,73.176],[80.569,73.142],[80.437,73.101],[80.814,72.974],[80.773,72.806],[80.632,72.734],[80.686,72.646],[80.834,72.621],[80.704,72.545],[81.208,72.355],[82.198,72.282],[82.307,72.183],[82.185,72.093],[82.678,71.879],[83.361,71.841],[83.619,71.631],[83.563,71.51],[83.382,71.465],[83.376,71.37],[83.148,71.245],[83.257,71.117],[83.116,71.113],[83.382,71.033],[83.775,70.477],[83.534,70.332],[82.952,70.325],[83.183,70.139],[83.111,70.069],[82.644,70.181],[82.664,70.26],[83.011,70.427],[83.053,70.5],[82.993,70.572],[83.137,70.764],[83.134,70.882],[82.902,71.001],[82.877,70.917],[82.735,70.966],[82.579,70.911],[82.479,70.805],[82.554,70.762],[82.431,70.695],[82.465,70.613],[82.157,70.572],[82.349,70.202],[82.082,70.565],[82.417,70.777],[82.208,70.987],[82.353,71.096],[82.273,71.279],[83.048,71.415],[83.012,71.529],[83.305,71.658],[83.252,71.726],[82.867,71.786],[81.737,71.7],[81.342,71.764],[81.25,71.859],[80.632,72.046],[80.814,72.08],[80.732,72.045],[80.821,72.025],[80.835,72.083],[79.391,72.386],[78.498,72.408],[78.125,72.385],[77.668,72.193],[77.474,72.222],[77.377,72.11],[77.986,72.11],[78.226,71.983],[78.11,71.88],[77.585,71.831],[76.878,72.05],[75.997,71.908],[76.272,71.573],[77.492,71.301],[77.436,71.333],[77.712,71.281],[77.988,71.375],[77.928,71.257],[78.279,71.259],[78.238,71.11],[78.498,71.045],[78.346,71.1],[78.497,71.115],[78.56,71.045],[78.463,71.024],[78.442,70.914],[79.115,71.004],[79.04,70.937],[78.411,70.895],[77.949,70.976],[77.838,71.125],[77.558,71.174],[77.005,71.184],[76.914,71.072],[76.889,71.19],[76.108,71.204],[75.263,71.366],[75.242,71.454],[75.442,71.462],[75.533,71.542],[75.392,71.618],[75.492,71.666],[75.228,71.777],[75.254,71.942],[75.439,71.985],[75.518,72.153],[75.742,72.266],[75.556,72.498],[75.708,72.566],[75.338,72.683],[75.531,72.741],[75.319,72.819],[75.037,72.882],[74.751,72.82],[75.059,72.595],[75.111,72.346],[74.995,72.138],[73.526,71.822],[73.499,71.665],[73.022,71.429],[73.556,71.255],[73.896,70.973],[73.928,70.855],[74.318,70.668],[74.316,70.52],[73.708,70.161],[73.765,70.079],[73.516,69.746],[73.9,69.421],[73.759,69.169],[73.961,69.084],[74.314,69.146],[74.773,69.081],[75.683,69.245],[75.799,68.94],[74.481,68.721],[74.413,68.62],[74.458,68.506],[74.332,68.386],[74.725,68.152],[74.825,67.94],[74.73,67.686],[73.9,67.296],[73.951,67.211],[73.869,67.001],[73.492,66.823],[73.003,66.739],[72.942,66.657],[72.474,66.611],[72.289,66.501],[72.412,66.509],[72.347,66.306],[72.076,66.236],[71.429,66.356],[70.363,66.334],[69.903,66.415],[69.206,66.569],[69.113,66.619],[69.104,66.771],[68.965,66.81],[69.398,66.83],[69.598,66.789],[69.898,66.872],[70.316,66.68],[70.723,66.762],[70.295,66.638],[70.689,66.515],[71.234,66.625],[71.165,66.659],[71.577,66.659],[71.515,66.878],[71.302,66.954],[71.748,66.916],[71.995,67.056],[72.015,67.111],[71.913,67.132],[72.128,67.207],[72.226,67.159],[72.048,67.303],[72.403,67.328],[72.454,67.401],[72.392,67.467],[72.581,67.62],[73.114,67.69],[73.072,67.816],[73.195,67.85],[73.204,67.957],[73.073,68.09],[73.137,68.166],[73.091,68.214],[73.534,68.482],[73.639,68.444],[73.539,68.581],[72.577,68.94],[72.478,69.177],[72.648,69.292],[72.488,69.414],[72.638,69.441],[72.502,69.647],[72.692,69.837],[72.492,70.041],[72.622,70.162],[72.436,70.286],[72.771,70.425],[72.775,70.538],[72.683,70.617],[72.837,70.86],[72.632,71.011],[72.636,71.132],[72.106,71.29],[71.803,71.48],[72.345,71.708],[72.351,71.864],[72.522,71.922],[72.874,72.281],[72.799,72.413],[72.845,72.52],[72.731,72.597],[72.81,72.655],[72.721,72.703],[72.837,72.71],[72.131,72.832],[71.886,72.797],[71.817,72.812],[72.008,72.834],[71.563,72.916],[69.588,72.878],[69.795,72.964],[69.465,72.975],[68.976,72.696],[69.054,72.662],[68.869,72.532],[68.917,72.484],[68.644,72.033],[68.308,71.717],[68.349,71.675],[67.588,71.415],[66.912,71.295],[66.62,71.058],[66.69,71.001],[66.82,71.101],[66.889,71.079],[66.608,70.881],[66.689,70.77],[67.138,70.842],[67.334,70.758],[67.215,70.524],[67.293,70.477],[67.266,70.415],[67.094,70.221],[67.328,70.106],[67.143,69.983],[66.985,69.97],[66.978,70.058],[66.885,70.013],[66.769,69.762],[66.796,69.586],[66.958,69.537],[66.855,69.637],[67.017,69.703],[67.824,69.511],[68.107,69.549],[68.026,69.319],[68.458,68.985],[68.686,68.918],[69.219,68.962],[68.951,68.903],[69.109,68.879],[68.924,68.637],[68.561,68.373],[68.651,68.318],[68.321,68.197],[68.184,68.242],[68.259,68.334],[68.135,68.423],[67.196,68.707],[67.04,68.797],[67.09,68.856],[65.69,69.085],[65.635,69.127],[65.903,69.113],[65.068,69.268],[64.923,69.261],[64.932,69.197],[64.786,69.147],[64.831,69.294],[65.004,69.304],[64.128,69.55],[60.927,69.867],[60.706,69.824],[60.654,69.673],[60.233,69.665],[60.139,69.578],[60.542,69.316],[60.591,69.133],[60.711,69.106],[60.777,69.177],[60.903,69.122],[60.907,68.927],[60.969,68.907],[60.467,68.722],[59.811,68.688],[59.763,68.639],[59.964,68.466],[59.675,68.336],[59.087,68.417],[59.056,68.62],[59.423,68.757],[58.892,68.934],[59.224,69.0],[58.879,69.003],[58.271,68.894],[58.285,68.8],[58.424,68.743],[58.337,68.736],[58.171,68.889],[57.957,68.846],[57.93,68.751],[57.604,68.742],[57.33,68.565],[55.997,68.66],[55.393,68.564],[54.937,68.398],[54.856,68.324],[54.924,68.253],[54.832,68.173],[54.691,68.176],[54.504,68.312],[54.203,68.21],[54.185,68.321],[53.993,68.221],[53.211,68.269],[53.44,68.373],[53.691,68.345],[53.609,68.413],[53.804,68.345],[53.944,68.406],[53.72,68.657],[54.026,68.845],[53.595,68.907],[54.561,69.0],[53.879,68.974],[52.328,68.633],[52.279,68.598],[52.634,68.659],[52.491,68.592],[52.731,68.474],[52.402,68.338],[52.136,68.379],[52.361,68.475],[52.052,68.492],[52.177,68.582],[51.059,68.351],[50.779,68.379],[50.001,68.058],[49.133,67.863],[48.586,67.934],[48.794,67.831],[48.778,67.727],[49.107,67.639],[48.7,67.716],[47.846,67.601],[47.948,67.444],[47.77,67.338],[47.787,67.252],[47.689,67.196],[47.742,67.031],[47.581,66.87],[47.41,66.929],[46.407,66.746],[46.598,66.858],[46.025,66.833],[45.824,66.899],[45.594,67.158],[44.912,67.372],[45.028,67.532],[45.315,67.592],[45.35,67.73],[46.698,67.816],[46.54,68.108],[46.461,68.112],[46.535,68.133],[46.029,68.324],[45.944,68.446],[45.582,68.514],[43.985,68.551],[43.317,68.667],[44.228,68.297],[44.181,68.036],[44.308,68.066],[44.412,68.063],[44.138,67.995],[44.214,67.989],[44.125,67.934],[44.268,67.927],[44.087,67.885],[44.131,67.792],[44.07,67.714],[44.145,67.679],[44.042,67.68],[43.767,67.278],[43.815,67.177],[44.378,67.104],[44.303,67.056],[44.522,66.919],[44.364,66.782],[44.563,66.666],[44.395,66.622],[44.096,66.262],[44.184,65.881],[44.041,65.994],[44.046,66.081],[43.836,66.186],[43.382,66.072],[43.501,66.053],[43.515,65.974],[43.353,66.041],[43.288,66.09],[43.693,66.237],[43.302,66.426],[42.549,66.385],[42.661,66.443],[42.201,66.532],[41.644,66.173],[40.71,65.972],[40.472,65.813],[39.749,65.552],[39.741,65.357],[40.273,65.021],[40.517,64.774],[40.411,64.737],[40.517,64.541],[40.182,64.559],[39.85,64.676],[39.786,64.597],[39.903,64.624],[39.924,64.603],[39.567,64.545],[38.448,64.818],[38.473,64.743],[38.048,64.646],[38.126,64.696],[38.067,64.781],[38.403,64.774],[38.385,64.845],[38.046,64.854],[37.795,64.921],[37.673,65.036],[37.008,65.173],[36.82,65.147],[36.867,65.076],[36.807,64.959],[36.44,64.917],[36.573,64.83],[36.504,64.836],[36.56,64.717],[36.744,64.681],[37.122,64.395],[37.339,64.34],[37.749,64.442],[38.02,64.309],[37.902,64.24],[38.046,64.148],[38.074,64.017],[37.438,63.792],[37.194,63.891],[36.292,64.01],[36.227,64.136],[35.977,64.199],[35.811,64.342],[35.583,64.411],[35.589,64.322],[35.349,64.296],[35.307,64.372],[34.743,64.556],[34.978,64.612],[34.832,64.698],[35.009,64.743],[34.757,64.774],[34.942,64.858],[34.702,64.98],[34.816,65.043],[34.774,65.1],[34.663,65.127],[34.64,65.241],[34.48,65.281],[34.463,65.364],[34.297,65.385],[34.682,65.453],[34.633,65.487],[34.777,65.597],[34.689,65.81],[34.969,65.728],[34.871,65.774],[34.852,65.9],[34.695,65.909],[34.723,65.988],[34.553,66.094],[34.103,66.247],[33.311,66.317],[33.629,66.344],[33.516,66.406],[33.735,66.426],[33.602,66.502],[32.941,66.528],[33.537,66.536],[33.26,66.618],[32.901,66.575],[33.324,66.646],[32.42,66.886],[32.496,66.933],[32.392,66.954],[32.557,66.989],[32.365,67.057],[32.395,67.156],[32.969,67.091],[32.805,67.01],[33.517,66.724],[33.489,66.769],[33.572,66.742],[33.524,66.782],[33.626,66.748],[33.52,66.802],[33.524,66.831],[33.947,66.685],[34.141,66.774],[34.092,66.672],[34.522,66.657],[34.356,66.63],[34.48,66.538],[34.804,66.614],[35.558,66.387],[38.554,66.055],[39.344,66.135],[40.444,66.406],[41.178,66.81],[41.39,67.125],[41.34,67.224],[41.109,67.254],[41.15,67.423],[40.999,67.467],[41.017,67.698],[40.655,67.815],[40.467,67.761],[40.322,67.845],[40.411,67.875],[39.793,68.165],[39.71,68.169],[39.86,68.047],[39.521,68.076],[38.639,68.385],[38.51,68.365],[38.765,68.291],[38.389,68.343],[38.33,68.442],[37.681,68.713],[37.454,68.745],[35.967,69.177],[35.183,69.28],[35.264,69.215],[34.973,69.193],[34.095,69.327],[34.407,69.353],[34.078,69.4],[34.099,69.599],[34.261,69.728],[34.958,69.644],[35.225,69.719],[35.394,69.916],[35.527,70.286],[35.897,72.669],[36.051,76.864],[36.134,78.101],[36.314,79.211],[36.209,80.0],[36.266,80.642],[36.086,83.29],[35.882,83.803],[35.084,84.974],[31.458,85.336],[30.262,85.279],[25.947,85.394],[25.377,85.336],[24.455,85.104],[23.983,84.756],[23.833,84.462],[23.794,84.136],[23.851,83.677],[24.596,81.122],[24.712,80.292],[24.554,80.256],[24.471,80.295],[24.601,80.317],[24.187,80.372],[24.402,80.323],[23.765,80.309],[23.717,80.262],[23.805,80.185],[23.087,80.172],[23.23,80.125],[23.122,80.118],[23.007,80.162],[23.055,80.248],[23.354,80.338],[23.121,80.392],[23.361,80.433],[22.782,80.517],[22.833,80.413],[22.696,80.358],[22.75,80.33],[22.613,80.358],[22.682,80.427],[22.338,80.384],[22.576,80.299],[22.449,80.262],[22.374,80.111],[22.463,80.07],[22.347,80.07],[22.477,80.015],[22.235,79.982],[22.065,80.111],[21.6,80.125],[21.898,80.213],[21.847,80.272],[20.853,80.214],[20.749,80.269],[20.839,80.31],[20.592,80.303],[20.39,80.423],[20.105,80.378],[20.037,80.468],[19.657,80.505],[19.674,80.44],[19.5,80.472],[19.469,80.409],[19.914,80.385],[19.771,80.351],[19.859,80.344],[19.715,80.248],[19.852,80.221],[18.982,80.344],[19.224,80.198],[19.585,80.152],[19.302,80.086],[18.7,80.207],[18.769,80.187],[16.216,80.209],[12.899,79.988],[10.0,80.0],[9.358,81.659],[9.093,82.076],[6.996,84.444],[5.276,85.901],[3.679,86.883],[1.219,87.971],[0.0,88.38414610778443],[0.0,88.98620385841014],[90.0,88.99395512875722],[90.0,81.17529019859066],[89.894,81.174],[89.996,81.105],[90.0,81.10483865546219],[90.0,75.58258520900321],[89.954,75.578]],[[18.491,80.239],[18.756,80.303],[18.239,80.344],[18.119,80.29],[18.491,80.239]],[[40.431,64.613],[40.302,64.635],[40.188,64.708],[39.984,64.719],[39.824,64.68],[40.055,64.653],[40.461,64.574],[40.431,64.613]],[[40.035,64.761],[40.202,64.72],[40.396,64.629],[40.364,64.758],[40.222,64.784],[40.035,64.761]],[[35.781,65.073],[35.867,65.076],[35.815,65.154],[35.506,65.121],[35.764,64.964],[35.865,65.013],[35.781,65.073]],[[50.164,69.261],[49.085,69.517],[48.431,69.363],[48.288,69.256],[48.212,69.002],[48.236,68.882],[48.592,68.731],[48.798,68.729],[49.685,68.879],[49.955,69.075],[50.223,69.154],[50.134,69.017],[50.323,69.151],[50.164,69.261]],[[53.061,71.238],[52.779,71.319],[52.875,71.333],[52.745,71.374],[52.862,71.354],[53.02,71.281],[52.91,71.367],[52.741,71.406],[52.721,71.349],[52.53,71.388],[52.212,71.308],[52.756,71.177],[53.01,70.968],[53.139,70.994],[53.041,71.034],[53.211,71.257],[53.061,71.238]],[[51.401,71.871],[51.601,71.537],[51.84,71.456],[52.279,71.477],[52.142,71.545],[52.269,71.588],[52.28,71.514],[52.416,71.477],[52.368,71.535],[52.547,71.635],[52.644,71.546],[52.61,71.469],[52.821,71.47],[52.903,71.393],[53.039,71.443],[53.013,71.494],[53.135,71.426],[53.365,71.569],[53.444,71.545],[53.252,71.456],[53.413,71.312],[53.544,71.317],[53.576,71.391],[53.951,71.462],[53.682,71.398],[53.595,71.302],[53.451,71.264],[53.51,71.225],[53.796,71.155],[53.801,71.21],[54.064,71.237],[54.164,71.21],[53.992,71.161],[54.244,71.123],[53.807,71.134],[53.904,71.055],[53.502,71.094],[53.738,70.948],[53.691,70.834],[53.577,70.889],[53.3,70.866],[53.459,70.824],[54.225,70.73],[54.287,70.777],[54.767,70.648],[54.479,70.736],[54.568,70.777],[54.513,70.825],[55.163,70.553],[55.296,70.606],[55.25,70.679],[55.473,70.654],[55.35,70.703],[55.405,70.75],[55.747,70.648],[55.599,70.721],[55.738,70.708],[55.792,70.634],[55.603,70.648],[55.719,70.611],[56.048,70.585],[55.808,70.695],[56.563,70.579],[56.401,70.564],[56.514,70.545],[56.655,70.59],[56.199,70.709],[56.552,70.754],[56.494,70.695],[56.585,70.642],[57.296,70.565],[56.74,70.703],[57.452,70.606],[57.398,70.626],[57.539,70.705],[57.433,70.744],[57.639,70.73],[57.039,70.87],[56.106,71.259],[55.672,71.611],[55.506,71.898],[55.225,71.929],[55.39,71.943],[55.35,71.976],[55.453,72.059],[55.343,72.066],[55.575,72.2],[55.377,72.303],[55.466,72.436],[55.116,72.45],[55.536,72.472],[55.543,72.527],[55.267,72.587],[55.618,72.542],[55.685,72.573],[55.623,72.621],[55.723,72.638],[55.616,72.697],[55.946,72.669],[55.811,72.758],[55.432,72.786],[55.481,72.806],[56.22,72.827],[56.252,72.972],[55.616,72.964],[56.377,73.007],[56.466,73.052],[55.808,73.066],[56.582,73.13],[56.435,73.23],[55.304,73.339],[54.935,73.425],[54.191,73.272],[53.753,73.299],[53.323,73.221],[53.122,73.101],[53.382,73.012],[53.142,72.962],[53.382,72.889],[52.617,72.863],[52.375,72.73],[52.575,72.671],[53.006,72.683],[53.218,72.648],[52.755,72.638],[52.812,72.614],[52.724,72.559],[53.102,72.601],[52.68,72.479],[52.82,72.45],[52.684,72.447],[52.69,72.367],[52.868,72.347],[52.581,72.374],[52.684,72.323],[52.417,72.289],[52.49,72.164],[52.368,72.162],[52.368,72.075],[51.748,72.123],[51.553,72.053],[51.401,71.871]],[[51.505,79.933],[51.001,80.103],[50.553,79.988],[50.045,79.974],[51.42,79.916],[51.505,79.933]],[[50.336,80.182],[49.899,80.234],[49.575,80.136],[50.0,80.056],[50.336,80.182]],[[54.101,80.273],[54.158,80.189],[54.406,80.237],[54.301,80.305],[54.101,80.273]],[[52.645,80.172],[53.49,80.172],[53.869,80.271],[53.15,80.413],[52.183,80.276],[52.645,80.172]],[[50.251,80.742],[51.045,80.851],[50.856,80.919],[49.997,80.865],[50.443,80.906],[50.237,80.933],[48.955,80.735],[49.682,80.721],[49.631,80.64],[49.285,80.645],[49.407,80.617],[49.188,80.521],[48.569,80.506],[48.375,80.571],[47.379,80.454],[48.236,80.427],[47.619,80.405],[48.189,80.338],[48.133,80.326],[47.224,80.309],[47.089,80.372],[46.618,80.295],[47.102,80.17],[47.451,80.24],[48.085,80.207],[47.737,80.162],[47.628,80.072],[48.116,80.137],[48.372,80.092],[48.511,80.124],[48.528,80.209],[49.107,80.19],[48.627,80.295],[48.84,80.388],[49.49,80.364],[49.83,80.409],[49.675,80.482],[49.728,80.494],[50.95,80.537],[51.731,80.694],[51.313,80.79],[50.251,80.742]],[[54.288,80.42],[54.465,80.482],[54.136,80.556],[54.269,80.589],[53.854,80.6],[53.943,80.539],[53.798,80.473],[54.288,80.42]],[[47.431,80.594],[47.304,80.653],[47.716,80.768],[48.064,80.662],[48.764,80.66],[48.456,80.727],[48.655,80.755],[48.496,80.798],[47.536,80.857],[47.138,80.842],[47.201,80.81],[46.921,80.749],[44.857,80.617],[45.515,80.52],[46.044,80.574],[46.084,80.44],[46.53,80.474],[46.667,80.566],[47.431,80.594]],[[50.477,81.07],[50.374,81.023],[50.977,81.106],[50.491,81.159],[50.539,81.139],[50.367,81.125],[50.477,81.07]],[[70.131,66.556],[70.027,66.625],[70.05,66.709],[69.54,66.764],[69.636,66.694],[69.473,66.798],[69.131,66.797],[69.425,66.768],[69.575,66.638],[69.545,66.591],[69.871,66.478],[70.097,66.539],[70.041,66.55],[70.131,66.556]],[[67.022,69.477],[67.059,69.451],[67.259,69.439],[67.318,69.583],[67.022,69.477]],[[60.43,69.955],[59.554,70.2],[59.024,70.48],[58.495,70.332],[58.824,70.216],[58.412,70.26],[58.591,70.181],[58.57,70.079],[58.696,70.003],[59.016,69.86],[59.132,69.873],[58.94,69.942],[59.431,69.889],[59.624,69.804],[59.563,69.715],[60.201,69.685],[60.476,69.722],[60.548,69.815],[60.43,69.955]],[[66.428,70.8],[66.387,70.695],[66.415,70.597],[66.583,70.502],[66.428,70.8]],[[74.475,73.134],[74.185,73.107],[74.093,73.028],[74.656,72.859],[74.734,73.092],[74.962,73.06],[74.475,73.134]],[[71.669,73.227],[71.459,73.348],[71.289,73.252],[70.98,73.265],[71.096,73.313],[71.112,73.447],[71.268,73.444],[70.949,73.517],[69.959,73.399],[70.065,73.237],[69.875,73.038],[71.375,73.179],[71.75,73.042],[71.669,73.227]],[[75.619,73.553],[75.421,73.498],[75.304,73.409],[75.544,73.498],[75.496,73.45],[75.803,73.454],[76.079,73.56],[75.619,73.553]],[[55.612,74.676],[55.5,74.567],[56.287,74.492],[55.388,74.445],[55.233,74.376],[55.747,74.296],[55.076,74.266],[55.864,74.106],[55.019,74.173],[54.589,74.019],[54.802,73.97],[53.631,73.76],[54.281,73.601],[54.53,73.704],[55.35,73.717],[54.542,73.611],[54.185,73.491],[54.417,73.478],[54.294,73.418],[54.033,73.375],[54.25,73.328],[54.9,73.448],[55.924,73.312],[55.987,73.385],[55.917,73.448],[56.121,73.29],[56.73,73.245],[56.795,73.321],[56.749,73.362],[56.908,73.315],[57.254,73.457],[56.747,73.607],[56.85,73.615],[56.735,73.68],[57.35,73.553],[57.618,73.669],[57.35,73.828],[56.556,73.889],[57.395,73.846],[57.749,73.726],[57.946,73.807],[57.809,73.895],[57.912,73.916],[57.548,74.061],[57.261,74.08],[57.536,74.094],[57.412,74.184],[57.532,74.192],[57.739,74.051],[58.123,73.987],[58.213,74.008],[58.097,74.06],[58.162,74.15],[58.308,74.088],[58.522,74.149],[58.301,74.161],[58.292,74.222],[58.529,74.172],[58.591,74.184],[58.508,74.217],[58.659,74.217],[58.536,74.239],[58.728,74.239],[58.57,74.389],[58.639,74.424],[58.187,74.581],[59.146,74.444],[59.091,74.495],[59.221,74.615],[59.084,74.649],[59.29,74.643],[59.091,74.738],[59.755,74.587],[59.873,74.677],[59.509,74.8],[60.276,74.75],[60.372,74.794],[60.194,74.855],[60.688,74.924],[59.927,75.006],[60.416,75.011],[60.571,75.118],[60.591,75.034],[60.725,75.028],[60.813,75.146],[61.107,75.198],[61.277,75.328],[61.38,75.334],[61.38,75.26],[61.482,75.223],[61.654,75.28],[61.694,75.376],[63.304,75.589],[63.62,75.691],[63.552,75.711],[63.648,75.72],[63.762,75.642],[68.288,76.281],[68.178,76.315],[68.938,76.568],[68.788,76.589],[69.034,76.712],[68.759,76.827],[68.809,76.869],[68.463,76.967],[67.588,77.013],[66.654,76.901],[65.753,76.683],[65.999,76.533],[65.485,76.575],[64.091,76.313],[63.719,76.35],[62.957,76.207],[62.779,76.271],[62.504,76.178],[62.389,76.197],[62.382,76.271],[61.077,76.28],[60.9,76.157],[61.146,76.116],[60.735,76.005],[60.468,76.013],[60.838,76.123],[60.268,76.11],[60.043,76.054],[60.348,76.006],[58.931,75.868],[58.536,75.76],[58.605,75.733],[57.926,75.629],[58.165,75.578],[57.501,75.499],[57.741,75.328],[57.046,75.398],[56.758,75.318],[56.907,75.24],[56.53,75.078],[56.446,75.067],[56.371,75.188],[56.174,75.15],[56.234,75.198],[56.071,75.219],[55.726,75.081],[55.946,75.074],[55.903,74.991],[56.421,75.037],[56.466,75.013],[56.295,74.965],[56.656,74.968],[55.817,74.807],[56.466,74.799],[56.417,74.753],[56.987,74.69],[55.612,74.676]],[[58.614,79.979],[58.248,79.933],[58.87,79.901],[58.614,79.979]],[[58.769,80.021],[59.372,79.92],[59.927,79.995],[59.81,80.089],[58.796,80.044],[58.769,80.021]],[[55.712,80.103],[56.957,80.066],[57.118,80.096],[57.047,80.154],[57.154,80.199],[57.022,80.364],[55.989,80.337],[56.048,80.2],[55.712,80.103]],[[57.97,80.099],[57.913,80.184],[58.407,80.166],[58.475,80.222],[58.077,80.262],[58.138,80.282],[59.276,80.33],[58.452,80.468],[56.946,80.482],[57.274,80.392],[57.192,80.364],[57.426,80.128],[57.97,80.099]],[[62.068,80.88],[61.603,80.896],[60.362,80.79],[59.968,80.81],[60.256,80.831],[60.171,80.854],[59.694,80.837],[59.221,80.653],[59.372,80.57],[59.242,80.529],[59.636,80.431],[60.307,80.496],[61.045,80.405],[61.706,80.597],[62.116,80.622],[62.037,80.666],[62.275,80.784],[62.068,80.88]],[[56.946,80.694],[56.53,80.787],[55.432,80.714],[56.329,80.625],[56.946,80.694]],[[55.987,80.804],[55.097,80.903],[53.98,80.816],[54.877,80.721],[55.987,80.804]],[[58.421,80.749],[59.029,80.824],[58.746,80.903],[57.816,80.81],[58.421,80.749]],[[55.381,80.969],[55.799,80.854],[56.668,80.809],[57.059,80.692],[57.716,80.793],[56.019,81.044],[55.52,81.008],[54.671,81.125],[54.417,81.008],[55.381,80.969]],[[62.504,80.824],[63.131,80.683],[64.587,80.755],[65.466,80.935],[65.306,80.995],[65.436,81.037],[65.23,81.137],[64.705,81.205],[64.275,81.169],[64.12,81.094],[64.186,81.019],[63.142,80.971],[62.504,80.824]],[[58.282,80.926],[56.703,81.113],[56.096,81.091],[57.838,80.853],[58.282,80.926]],[[60.023,80.995],[60.988,80.922],[61.702,81.105],[60.613,81.092],[60.023,80.995]],[[58.697,81.025],[58.07,81.112],[57.883,81.03],[58.367,80.946],[58.697,81.025]],[[56.994,81.166],[57.7,81.137],[58.084,81.215],[57.397,81.216],[56.994,81.166]],[[60.571,81.268],[60.032,81.311],[59.842,81.287],[60.432,81.244],[60.571,81.268]],[[57.905,81.297],[56.726,81.397],[56.336,81.385],[56.603,81.269],[56.545,81.255],[55.712,81.331],[55.432,81.283],[56.431,81.174],[57.905,81.297]],[[59.385,81.331],[59.11,81.397],[58.464,81.335],[59.385,81.331]],[[57.798,81.379],[58.57,81.413],[57.889,81.486],[57.784,81.565],[56.74,81.454],[57.798,81.379]],[[63.467,81.589],[63.806,81.66],[62.106,81.673],[63.467,81.589]],[[59.44,81.818],[58.156,81.83],[57.94,81.804],[58.145,81.777],[57.928,81.734],[59.356,81.753],[59.44,81.818]],[[83.469,70.738],[83.257,70.801],[83.065,70.365],[83.31,70.443],[83.305,70.645],[83.469,70.738]],[[77.61,72.635],[76.853,72.333],[77.586,72.285],[78.395,72.491],[77.61,72.635]],[[79.572,72.741],[79.491,72.908],[79.541,72.926],[79.173,73.101],[78.592,72.862],[79.395,72.704],[79.572,72.741]],[[83.18,74.155],[82.814,74.094],[83.62,74.091],[83.18,74.155]],[[85.825,74.578],[85.658,74.471],[86.207,74.512],[85.825,74.578]],[[79.614,74.602],[79.244,74.659],[79.183,74.629],[79.317,74.591],[79.191,74.588],[79.49,74.517],[79.614,74.602]],[[86.524,74.987],[86.501,74.931],[86.598,74.917],[86.213,74.903],[86.872,74.82],[86.947,74.841],[86.687,74.896],[87.139,74.937],[86.524,74.987]],[[82.013,75.444],[82.165,75.438],[82.171,75.52],[81.897,75.492],[81.94,75.394],[81.739,75.383],[81.752,75.463],[81.492,75.362],[81.688,75.277],[81.871,75.316],[81.985,75.177],[82.042,75.33],[82.294,75.334],[82.013,75.444]],[[88.664,77.08],[88.816,76.985],[89.136,77.127],[88.664,77.08]],[[89.817,77.211],[89.604,77.313],[89.304,77.308],[89.135,77.218],[89.493,77.141],[89.817,77.211]],[[77.614,79.522],[76.051,79.649],[76.655,79.496],[77.583,79.496],[77.614,79.522]],[[80.437,80.94],[79.211,80.961],[78.975,80.843],[80.326,80.861],[80.437,80.94]]],[[[178.905,71.237],[178.622,71.051],[178.793,70.805],[179.667,70.875],[180.0,70.992],[180.0,68.981],[179.692,69.016],[179.548,69.113],[179.959,68.996],[179.261,69.272],[178.654,69.317],[178.666,69.383],[179.068,69.325],[178.773,69.415],[176.735,69.675],[176.242,69.774],[176.272,69.819],[176.128,69.894],[175.782,69.885],[176.158,69.821],[175.997,69.769],[175.53,69.856],[175.716,69.881],[173.928,69.845],[173.279,69.942],[173.176,69.914],[173.164,69.887],[173.479,69.836],[173.198,69.783],[173.236,69.819],[172.725,69.981],[170.482,70.142],[170.407,70.113],[170.557,70.092],[170.523,69.938],[170.592,69.765],[170.161,69.613],[170.606,69.59],[170.913,69.304],[170.9,69.171],[171.159,69.044],[170.68,68.94],[170.728,68.822],[170.633,68.918],[170.449,68.863],[170.625,68.749],[170.351,68.828],[169.625,68.777],[169.454,68.845],[169.371,69.077],[168.288,69.243],[168.192,69.38],[168.254,69.544],[167.926,69.654],[168.083,69.709],[167.802,69.775],[166.894,69.496],[165.675,69.596],[164.834,69.567],[164.027,69.774],[163.585,69.684],[162.327,69.702],[161.703,69.496],[161.415,69.331],[161.463,69.287],[161.399,69.221],[161.574,68.921],[161.319,68.79],[161.347,68.701],[161.134,68.561],[160.821,68.527],[160.758,68.564],[161.107,68.605],[161.415,68.982],[160.963,69.106],[161.039,69.195],[160.921,69.462],[161.006,69.577],[160.915,69.647],[160.319,69.654],[160.256,69.719],[159.769,69.762],[159.692,69.911],[159.915,70.099],[159.689,70.134],[159.938,70.128],[160.094,70.31],[159.843,70.582],[159.238,70.829],[157.989,71.048],[155.936,71.099],[155.605,71.066],[155.53,70.976],[155.48,71.062],[152.541,70.791],[151.681,70.976],[152.137,71.017],[151.591,71.31],[151.033,71.394],[150.595,71.278],[150.739,71.394],[150.657,71.39],[150.409,71.285],[150.047,71.21],[150.515,71.346],[150.671,71.49],[149.868,71.462],[149.952,71.592],[150.102,71.595],[149.953,71.67],[148.827,71.675],[149.039,71.758],[148.834,71.812],[149.149,71.771],[149.369,71.904],[149.709,71.773],[150.074,71.894],[149.611,72.148],[148.402,72.311],[147.196,72.33],[146.036,71.786],[145.333,71.661],[144.893,71.675],[144.886,71.771],[145.216,71.843],[144.974,71.914],[144.971,71.98],[145.329,71.871],[145.806,71.929],[145.791,72.028],[145.621,72.08],[145.75,72.21],[145.613,72.244],[145.88,72.219],[145.849,72.162],[145.942,72.155],[145.968,72.071],[146.079,72.17],[146.347,72.128],[145.993,72.03],[145.973,71.856],[146.929,72.313],[145.069,72.264],[144.416,72.175],[144.105,72.278],[144.521,72.225],[144.943,72.438],[145.353,72.347],[146.854,72.354],[145.41,72.556],[143.487,72.7],[142.232,72.702],[140.726,72.899],[140.583,72.867],[140.992,72.709],[140.933,72.601],[141.111,72.587],[140.577,72.496],[139.542,72.498],[139.094,72.248],[139.192,72.163],[139.35,72.134],[139.257,72.179],[140.197,72.214],[140.132,72.154],[139.874,72.178],[139.635,71.955],[139.336,71.95],[139.809,71.861],[139.692,71.792],[139.735,71.672],[140.033,71.472],[139.443,71.495],[139.192,71.415],[139.045,71.569],[138.756,71.643],[138.438,71.539],[138.404,71.58],[138.5,71.613],[138.099,71.581],[137.829,71.387],[138.363,71.319],[137.996,71.302],[138.24,71.278],[138.067,71.225],[137.739,71.229],[138.074,71.134],[137.813,71.12],[137.526,71.22],[137.692,71.221],[137.705,71.285],[137.532,71.246],[137.403,71.285],[137.492,71.347],[136.775,71.523],[136.547,71.477],[136.444,71.576],[135.622,71.623],[135.341,71.566],[135.423,71.531],[134.81,71.482],[134.697,71.421],[134.77,71.367],[134.669,71.264],[134.739,71.368],[133.909,71.399],[133.152,71.579],[132.715,71.811],[132.813,71.831],[132.796,71.911],[133.031,71.955],[133.354,71.834],[133.341,71.886],[133.066,71.971],[132.718,71.946],[132.264,71.682],[131.942,71.267],[132.188,71.216],[131.851,71.208],[131.866,71.149],[131.761,71.135],[131.546,70.887],[131.042,70.739],[130.888,70.763],[130.769,70.978],[130.62,70.866],[130.167,70.969],[130.222,70.994],[130.08,71.083],[129.626,71.086],[129.763,71.148],[129.392,71.347],[129.249,71.55],[128.82,71.658],[129.305,71.761],[129.544,71.723],[129.041,72.019],[129.184,71.809],[128.927,71.739],[128.664,71.863],[128.442,72.1],[127.78,72.306],[127.864,72.332],[127.666,72.43],[128.529,72.259],[128.494,72.203],[128.934,72.073],[129.489,72.128],[129.242,72.134],[129.564,72.231],[129.358,72.263],[129.501,72.332],[129.242,72.416],[129.258,72.464],[128.611,72.483],[127.905,72.667],[128.479,72.725],[129.198,72.655],[129.358,72.703],[128.129,72.786],[128.291,72.909],[128.928,72.98],[129.36,72.94],[129.479,72.979],[129.444,73.029],[129.066,73.128],[128.777,73.071],[128.969,73.177],[128.235,73.265],[128.34,73.361],[127.96,73.347],[128.077,73.406],[127.899,73.436],[127.988,73.471],[127.451,73.491],[127.05,73.549],[126.83,73.519],[126.932,73.43],[126.829,73.389],[126.73,73.444],[126.563,73.381],[126.659,73.303],[126.565,73.233],[126.549,73.347],[126.42,73.409],[126.158,73.381],[126.255,73.403],[126.171,73.459],[126.391,73.464],[126.288,73.557],[125.941,73.428],[125.973,73.532],[125.918,73.54],[125.816,73.491],[125.877,73.461],[125.563,73.409],[125.521,73.457],[125.652,73.525],[125.198,73.551],[125.137,73.704],[124.987,73.628],[124.856,73.724],[124.383,73.806],[124.06,73.685],[123.877,73.773],[123.974,73.627],[123.646,73.603],[123.562,73.643],[123.591,73.717],[123.37,73.663],[123.424,73.581],[123.246,73.546],[123.417,73.444],[123.218,73.409],[123.413,73.391],[123.332,73.351],[123.671,73.203],[123.401,73.174],[123.468,73.08],[123.235,72.935],[122.614,73.031],[122.43,72.985],[122.953,72.892],[122.308,72.941],[122.732,72.827],[121.791,72.977],[121.055,72.932],[119.764,73.008],[120.534,72.874],[119.723,72.959],[119.535,73.055],[118.394,73.238],[118.353,73.282],[118.428,73.375],[118.346,73.403],[118.467,73.478],[118.998,73.491],[118.45,73.589],[115.413,73.71],[113.467,73.505],[113.775,73.356],[114.036,73.347],[113.562,73.253],[113.542,72.977],[113.158,72.823],[113.391,72.681],[114.09,72.601],[113.497,72.645],[113.177,72.733],[113.118,72.861],[113.487,72.964],[113.498,73.336],[113.131,73.45],[113.428,73.634],[113.131,73.882],[112.847,73.995],[112.945,73.79],[112.372,73.705],[111.436,73.813],[111.198,73.978],[111.582,74.026],[111.536,74.051],[111.126,74.03],[111.103,73.95],[110.959,73.909],[110.021,74.014],[109.531,73.775],[109.737,73.662],[110.664,73.787],[110.918,73.766],[110.925,73.704],[109.714,73.453],[109.194,73.552],[109.435,73.427],[109.209,73.469],[109.221,73.387],[108.198,73.279],[108.396,73.258],[108.317,73.222],[106.776,73.141],[106.36,73.194],[106.176,73.094],[106.255,72.967],[107.103,72.856],[106.657,72.832],[106.036,72.953],[105.483,72.768],[105.073,72.765],[105.834,73.002],[106.063,73.273],[106.785,73.341],[107.17,73.553],[107.101,73.574],[107.147,73.618],[108.067,73.635],[108.996,74.016],[109.797,74.162],[109.98,74.296],[109.561,74.314],[110.212,74.372],[110.363,74.418],[110.281,74.478],[110.332,74.496],[110.96,74.548],[111.403,74.691],[111.772,74.669],[112.147,74.878],[112.88,74.993],[113.605,75.285],[113.671,75.369],[113.549,75.406],[113.72,75.41],[113.638,75.524],[113.426,75.54],[113.556,75.54],[113.72,75.619],[113.89,75.854],[113.781,75.939],[113.617,75.924],[113.652,75.876],[113.481,75.856],[113.563,75.896],[113.44,75.944],[113.549,76.021],[113.453,76.041],[113.46,76.148],[113.359,76.211],[113.241,76.205],[113.259,76.266],[112.932,76.26],[113.289,76.171],[113.303,76.116],[113.059,76.164],[112.962,76.065],[112.57,76.047],[112.858,76.144],[112.501,76.239],[112.693,76.232],[112.74,76.267],[112.658,76.322],[112.748,76.335],[112.257,76.454],[111.829,76.341],[112.199,76.472],[111.446,76.63],[111.555,76.684],[111.119,76.682],[111.09,76.762],[110.061,76.692],[109.398,76.76],[107.946,76.737],[107.902,76.671],[107.985,76.623],[107.845,76.535],[106.417,76.509],[106.397,76.604],[106.612,76.56],[106.799,76.675],[106.724,76.719],[106.926,76.713],[107.5,76.925],[107.286,77.021],[106.83,77.055],[106.649,77.034],[106.755,77.001],[106.206,77.062],[105.435,77.0],[105.785,77.041],[105.737,77.061],[105.928,77.144],[104.142,77.089],[105.456,77.24],[105.758,77.369],[106.292,77.37],[105.977,77.425],[105.874,77.569],[105.334,77.541],[104.867,77.613],[104.752,77.706],[104.324,77.669],[104.257,77.685],[104.326,77.73],[104.061,77.736],[103.593,77.632],[103.197,77.659],[102.271,77.381],[102.076,77.391],[101.207,77.099],[101.206,76.986],[100.919,76.976],[100.858,76.873],[101.235,76.767],[101.126,76.733],[101.105,76.616],[100.878,76.555],[101.753,76.47],[102.25,76.383],[101.016,76.459],[100.851,76.54],[100.304,76.462],[98.818,76.494],[99.02,76.362],[99.591,76.272],[99.866,76.108],[99.825,76.024],[99.902,75.927],[99.571,75.78],[99.424,75.793],[99.679,75.876],[99.755,76.049],[99.468,76.109],[99.574,76.155],[99.09,76.164],[99.296,76.205],[99.235,76.224],[98.713,76.205],[98.816,76.267],[97.918,76.123],[98.22,76.103],[98.161,76.091],[97.548,76.054],[97.824,75.988],[97.185,75.931],[97.397,76.047],[97.251,76.043],[96.835,75.889],[96.461,75.872],[96.665,75.965],[96.48,76.016],[95.74,75.856],[95.575,75.889],[96.196,76.088],[95.873,76.138],[94.573,76.16],[94.739,76.116],[94.459,76.052],[94.374,76.121],[93.686,76.132],[93.636,76.123],[93.999,76.054],[93.427,76.012],[93.334,76.068],[93.43,76.107],[93.121,76.096],[93.231,76.054],[92.952,76.067],[92.827,75.965],[93.007,75.887],[93.108,75.911],[92.964,75.931],[93.277,75.982],[93.419,75.873],[93.546,75.953],[93.74,75.9],[94.163,75.944],[92.371,75.74],[91.7,75.736],[91.58,75.638],[90.887,75.671],[90.0,75.58258520900321],[90.0,81.10483865546219],[91.186,81.057],[91.574,81.136],[91.455,81.193],[90.0,81.17529019859066],[90.0,88.99395512875722],[160.187,89.0],[167.125,88.875],[172.736,89.0],[180.0,89.0],[180.0,71.536],[178.905,71.237]],[[96.283,76.309],[96.104,76.232],[95.35,76.289],[95.266,76.219],[96.345,76.105],[96.396,76.178],[96.246,76.205],[96.424,76.212],[96.347,76.255],[96.426,76.274],[96.596,76.157],[96.644,76.267],[96.283,76.309]],[[94.41,76.212],[94.5,76.19],[94.849,76.186],[94.999,76.273],[94.41,76.212]],[[95.327,76.664],[95.122,76.719],[94.821,76.643],[95.228,76.64],[95.327,76.664]],[[96.462,77.21],[95.232,77.006],[95.951,77.014],[95.684,76.952],[96.589,77.144],[96.462,77.21]],[[99.855,79.09],[99.035,79.296],[99.46,79.248],[99.667,79.312],[99.748,79.364],[99.686,79.474],[99.789,79.522],[99.707,79.569],[99.886,79.693],[99.817,79.742],[100.077,79.783],[99.502,79.953],[99.563,79.967],[99.158,80.015],[99.248,80.036],[99.199,80.05],[98.515,80.052],[98.439,80.015],[98.582,79.976],[98.377,79.878],[97.926,79.902],[97.706,79.763],[97.247,79.7],[97.192,79.707],[97.609,79.777],[97.521,79.809],[98.09,80.056],[97.592,80.175],[95.502,80.111],[95.242,80.022],[94.952,80.104],[94.225,79.899],[94.69,79.816],[94.169,79.775],[93.28,79.552],[92.854,79.556],[93.32,79.501],[93.114,79.467],[93.236,79.439],[93.882,79.604],[93.69,79.542],[93.991,79.494],[93.697,79.46],[94.312,79.479],[94.334,79.249],[95.018,79.039],[95.524,79.109],[95.67,79.069],[95.673,79.001],[96.799,78.989],[97.264,78.853],[97.603,78.843],[97.442,78.817],[98.58,78.782],[99.63,78.868],[99.947,78.97],[99.855,79.09]],[[92.424,80.031],[90.867,80.063],[91.114,80.049],[91.182,79.995],[91.018,79.967],[91.299,79.919],[91.073,79.851],[92.099,79.81],[92.353,79.734],[91.922,79.679],[92.625,79.673],[93.814,79.899],[92.424,80.031]],[[97.747,80.742],[97.884,80.769],[97.755,80.829],[96.766,80.95],[96.555,81.077],[95.777,81.289],[95.104,81.271],[95.034,81.249],[95.547,81.221],[93.053,80.995],[93.163,80.947],[92.677,80.879],[92.731,80.851],[92.497,80.776],[93.27,80.797],[92.825,80.651],[92.769,80.517],[91.888,80.46],[92.628,80.392],[91.662,80.385],[91.422,80.31],[93.244,80.31],[93.32,80.276],[92.107,80.29],[92.888,80.172],[92.066,80.172],[93.75,79.997],[94.53,80.131],[97.188,80.234],[97.423,80.327],[97.206,80.356],[97.149,80.487],[97.021,80.526],[97.192,80.645],[97.131,80.666],[97.973,80.721],[97.747,80.742]],[[161.518,68.98],[161.392,69.102],[161.292,69.414],[161.389,69.462],[161.375,69.546],[161.092,69.465],[161.169,69.325],[161.135,69.092],[161.422,69.022],[161.409,68.893],[161.518,68.98]],[[161.475,69.638],[161.395,69.592],[161.426,69.465],[161.361,69.414],[161.607,69.469],[161.632,69.58],[161.475,69.638]],[[169.372,69.885],[168.265,70.024],[167.754,69.832],[168.875,69.568],[169.235,69.592],[169.31,69.664],[169.278,69.76],[169.446,69.849],[169.372,69.885]],[[160.764,70.804],[160.674,70.914],[160.408,70.914],[160.553,70.885],[160.504,70.805],[160.764,70.804]],[[137.706,71.596],[136.992,71.518],[137.586,71.437],[137.966,71.511],[137.706,71.596]],[[128.653,72.676],[128.104,72.635],[128.383,72.553],[128.974,72.594],[128.653,72.676]],[[128.317,72.812],[129.207,72.762],[129.417,72.813],[129.22,72.926],[128.419,72.869],[128.317,72.812]],[[120.279,73.101],[120.022,73.168],[119.634,73.128],[119.747,73.033],[120.23,73.039],[120.279,73.101]],[[143.441,73.409],[143.537,73.444],[142.583,73.825],[142.045,73.917],[141.127,73.882],[140.899,73.801],[140.493,73.485],[139.767,73.418],[139.817,73.339],[139.965,73.327],[140.789,73.41],[143.526,73.208],[143.441,73.409]],[[135.354,74.259],[135.439,74.161],[136.156,73.879],[136.263,73.989],[135.354,74.259]],[[140.891,74.277],[140.222,74.22],[140.165,74.071],[140.438,73.908],[140.988,73.985],[141.058,74.234],[140.891,74.277]],[[113.314,74.48],[112.11,74.551],[112.007,74.538],[111.951,74.371],[111.459,74.314],[112.163,74.139],[112.775,74.088],[113.43,74.406],[113.314,74.48]],[[150.71,75.167],[150.5,75.094],[150.561,75.129],[150.163,75.157],[150.215,75.187],[150.129,75.226],[149.127,75.269],[148.61,75.216],[148.445,75.287],[148.58,75.383],[148.408,75.421],[147.374,75.44],[147.436,75.389],[147.272,75.406],[147.168,75.362],[147.325,75.35],[146.797,75.366],[146.634,75.438],[146.771,75.507],[146.436,75.597],[146.341,75.523],[146.407,75.471],[146.169,75.396],[146.173,75.291],[146.072,75.24],[148.172,74.804],[149.209,74.758],[150.609,74.894],[150.958,75.142],[150.71,75.167]],[[143.947,75.835],[142.547,75.863],[141.31,76.184],[141.625,76.013],[141.001,76.047],[140.909,75.984],[140.864,75.739],[141.062,75.65],[140.476,75.64],[140.51,75.79],[139.956,75.836],[139.799,75.886],[139.912,75.937],[139.825,75.97],[139.11,76.097],[138.897,76.219],[139.049,76.239],[138.533,76.186],[138.432,76.063],[138.328,76.136],[138.377,76.157],[137.433,75.953],[137.432,75.887],[137.743,75.749],[137.198,75.79],[137.068,75.726],[137.294,75.602],[137.181,75.551],[137.301,75.471],[137.143,75.41],[137.422,75.37],[136.862,75.362],[137.134,75.142],[137.794,74.975],[137.895,74.846],[139.127,74.652],[139.496,74.768],[139.645,74.889],[139.517,74.856],[139.459,74.931],[139.652,74.981],[139.85,74.965],[140.069,74.828],[141.844,74.999],[142.199,75.004],[142.365,74.931],[141.974,74.934],[142.514,74.817],[142.715,74.895],[143.708,74.947],[143.615,75.011],[142.669,75.088],[142.439,75.203],[142.163,75.379],[142.187,75.471],[142.081,75.535],[142.14,75.595],[142.008,75.623],[142.434,75.678],[142.338,75.726],[143.001,75.708],[143.014,75.602],[142.535,75.477],[142.494,75.376],[142.898,75.142],[143.361,75.071],[144.376,75.053],[144.688,75.16],[144.721,75.246],[144.941,75.273],[144.678,75.328],[144.782,75.447],[145.39,75.517],[143.947,75.835]],[[136.033,75.444],[135.959,75.502],[136.184,75.616],[135.865,75.705],[135.693,75.869],[135.539,75.678],[135.594,75.568],[135.45,75.376],[135.983,75.417],[136.033,75.444]],[[96.787,76.212],[97.075,76.308],[96.854,76.356],[96.726,76.26],[96.743,76.175],[97.041,76.239],[96.787,76.212]],[[112.714,76.52],[112.508,76.541],[112.57,76.555],[112.528,76.623],[112.367,76.658],[111.975,76.623],[112.463,76.455],[112.714,76.52]],[[97.596,76.602],[97.446,76.715],[97.288,76.692],[97.387,76.654],[97.315,76.61],[97.525,76.582],[97.596,76.602]],[[148.432,76.629],[148.594,76.622],[149.2,76.627],[149.453,76.769],[148.432,76.629]],[[107.395,77.36],[107.28,77.302],[107.457,77.281],[107.205,77.234],[107.722,77.27],[107.73,77.337],[107.395,77.36]],[[107.338,78.191],[106.395,78.131],[107.424,78.085],[107.704,78.137],[107.338,78.191]],[[106.766,78.308],[106.47,78.343],[106.011,78.232],[106.194,78.193],[106.766,78.308]],[[105.416,78.583],[105.175,78.809],[104.759,78.853],[104.725,78.791],[104.579,78.775],[104.655,78.83],[104.367,78.857],[104.525,78.885],[104.455,78.967],[104.073,79.005],[103.976,79.063],[104.001,79.128],[103.624,79.171],[102.921,79.058],[102.666,78.892],[102.379,78.822],[102.691,79.032],[102.825,79.227],[103.153,79.31],[102.303,79.433],[102.14,79.357],[102.246,79.242],[101.961,79.261],[101.818,79.371],[101.194,79.203],[100.988,79.063],[101.626,78.987],[100.907,78.985],[100.785,78.895],[100.824,78.809],[101.166,78.761],[100.385,78.752],[100.255,78.665],[100.276,78.58],[100.001,78.418],[100.05,78.343],[99.268,78.042],[99.426,77.987],[99.371,77.96],[99.871,77.952],[101.21,78.194],[102.607,78.226],[102.66,78.164],[103.016,78.256],[104.787,78.336],[105.357,78.506],[105.416,78.583]]],[[[90.058,75.52],[90.0,75.51635056179775],[90.0,75.55234615384616],[90.058,75.52]]],[[[113.291,75.551],[113.267,75.651],[112.814,75.557],[112.878,75.647],[112.748,75.698],[112.871,75.711],[112.337,75.848],[113.138,75.711],[113.068,75.683],[113.617,75.656],[113.426,75.54],[113.291,75.551]]],[[[24.811,77.852],[24.671,77.065],[24.542,76.757],[24.347,76.564],[23.733,76.461],[23.126,76.703],[22.51,77.259],[23.235,77.264],[23.354,77.377],[23.893,77.508],[24.407,77.865],[23.628,77.87],[23.12,77.986],[23.055,78.037],[23.105,78.088],[23.47,78.158],[22.966,78.256],[21.776,78.21],[22.271,78.268],[22.235,78.488],[22.085,78.595],[21.499,78.568],[21.36,78.699],[21.552,78.775],[21.541,78.847],[21.167,78.886],[20.498,79.463],[20.73,79.459],[20.817,79.378],[22.895,79.42],[22.645,79.31],[22.926,79.223],[24.053,79.189],[24.288,79.31],[24.761,79.368],[24.811,77.852]]],[[[22.282,77.55],[22.778,77.555],[22.422,77.431],[22.505,77.336],[22.282,77.55]]],[[[20.035,79.757],[22.347,79.789],[21.85,79.707],[20.476,79.686],[21.155,79.569],[20.253,79.63],[20.035,79.757]]]]},"properties":{"realm":6,"name":"Arctic","group":3,"group_name":"NE and NW Atlantic and Mediterranean, Arctic and North Pacific","pct_unique":19,"species":1907,"color":"#94e07b","area_km2":8510872}},{"type":"Feature","geometry":{"type":"MultiPolygon","coordinates":[[[[180.0,43.661],[179.43,43.957],[178.487,44.203],[174.197,44.712],[170.522,45.004],[165.998,45.196],[162.655,45.216],[159.326,45.004],[147.621,44.895],[147.654,44.995],[147.913,44.963],[148.278,45.223],[148.817,45.333],[148.856,45.464],[148.764,45.528],[148.312,45.275],[148.04,45.255],[147.951,45.431],[147.861,45.354],[147.895,45.224],[147.62,45.065],[147.511,45.087],[147.336,44.893],[142.679,44.85],[141.945,45.52],[141.823,45.423],[141.666,45.45],[141.584,45.251],[141.765,44.841],[136.444,44.792],[136.856,45.219],[137.145,45.375],[138.034,46.156],[138.202,46.454],[138.345,46.549],[138.563,47.03],[138.969,47.318],[139.262,47.788],[140.177,48.462],[140.213,48.767],[140.398,48.993],[140.219,49.014],[140.344,49.047],[140.295,49.088],[140.356,49.096],[140.39,49.275],[140.336,49.288],[140.436,49.294],[140.561,49.575],[140.535,49.777],[140.415,49.875],[140.691,50.08],[140.523,50.151],[140.545,50.344],[140.442,50.53],[140.53,50.862],[140.707,51.032],[140.686,51.313],[140.874,51.372],[140.896,51.429],[140.8,51.454],[140.901,51.494],[140.915,51.624],[141.109,51.679],[141.2,51.824],[141.426,51.925],[141.303,52.022],[141.355,52.106],[141.556,52.162],[141.128,52.423],[141.316,52.659],[141.201,52.777],[141.261,52.852],[140.707,53.111],[141.17,52.983],[141.432,53.159],[141.358,53.221],[141.407,53.304],[140.931,53.436],[141.098,53.475],[140.581,53.639],[140.257,53.869],[140.331,53.97],[140.241,54.057],[139.816,54.215],[139.768,54.304],[139.451,54.216],[138.644,54.297],[138.747,54.242],[138.665,54.077],[138.767,54.105],[138.772,54.016],[138.656,53.732],[138.439,53.514],[138.216,53.492],[138.58,53.828],[138.579,53.999],[138.366,53.909],[138.284,53.739],[138.15,53.673],[137.335,53.529],[137.218,53.601],[137.488,53.671],[137.609,53.834],[137.863,53.968],[137.591,53.956],[137.32,54.049],[137.308,54.118],[137.437,54.146],[137.484,54.085],[137.736,54.321],[137.395,54.308],[137.061,54.146],[137.157,54.044],[137.291,54.036],[137.186,53.851],[136.764,53.775],[136.659,53.935],[136.814,54.159],[136.752,54.284],[136.821,54.316],[136.739,54.414],[136.841,54.432],[136.807,54.516],[136.883,54.591],[136.823,54.648],[135.75,54.571],[135.67,54.661],[135.218,54.772],[135.184,54.859],[135.469,55.057],[136.162,55.318],[136.43,55.565],[137.391,55.946],[137.444,56.049],[137.724,56.136],[137.914,56.36],[138.223,56.424],[138.258,56.466],[138.115,56.528],[138.148,56.604],[138.548,56.835],[138.582,56.785],[138.567,56.846],[139.114,57.234],[139.79,57.483],[140.035,57.713],[140.496,57.845],[140.74,58.271],[141.584,58.618],[142.262,59.125],[143.165,59.381],[143.494,59.319],[143.937,59.405],[145.675,59.425],[145.809,59.367],[145.957,59.417],[145.825,59.241],[146.05,59.139],[146.323,59.18],[146.319,59.402],[146.459,59.453],[147.266,59.328],[147.455,59.217],[147.625,59.306],[147.826,59.27],[147.845,59.377],[148.219,59.409],[148.394,59.379],[148.437,59.262],[148.935,59.233],[148.99,59.375],[148.723,59.388],[148.815,59.534],[148.968,59.452],[149.212,59.469],[149.041,59.643],[149.598,59.758],[150.774,59.562],[150.504,59.489],[150.78,59.432],[150.942,59.461],[150.907,59.559],[151.432,59.564],[151.666,59.459],[151.77,59.35],[151.734,59.307],[152.137,59.296],[152.322,59.207],[151.088,59.102],[151.354,58.833],[152.02,58.875],[152.363,59.06],[152.557,58.95],[152.9,58.904],[153.007,59.061],[153.337,59.09],[153.284,59.149],[153.369,59.241],[154.049,59.053],[154.358,59.111],[154.333,59.192],[154.438,59.216],[154.791,59.131],[154.813,59.194],[155.194,59.176],[155.21,59.344],[154.963,59.496],[154.429,59.547],[154.537,59.423],[154.427,59.421],[154.402,59.535],[154.298,59.443],[154.138,59.457],[154.075,59.509],[154.22,59.664],[154.368,59.575],[154.229,59.73],[154.221,59.87],[154.473,59.879],[154.408,60.063],[154.564,60.094],[154.499,60.029],[154.479,59.973],[154.488,59.946],[154.692,60.201],[154.952,60.367],[155.83,60.729],[155.914,60.704],[155.943,60.923],[156.374,61.149],[156.655,61.197],[156.67,61.516],[156.924,61.552],[157.028,61.651],[157.365,61.685],[157.537,61.792],[158.08,61.734],[158.26,61.826],[159.365,61.89],[159.356,61.817],[159.478,61.764],[159.566,61.817],[159.512,61.7],[159.577,61.653],[159.881,61.705],[160.322,61.941],[160.285,61.554],[160.035,61.459],[160.107,61.43],[159.91,61.314],[159.996,61.284],[159.819,61.289],[159.776,61.242],[159.943,61.244],[160.0,61.106],[159.798,60.931],[160.202,61.038],[160.291,61.023],[160.287,60.917],[160.37,60.962],[160.17,60.825],[160.252,60.772],[160.22,60.665],[160.147,60.662],[160.186,60.578],[160.431,60.749],[160.792,60.718],[160.915,60.9],[161.567,61.184],[161.807,61.372],[161.89,61.336],[161.888,61.431],[161.986,61.373],[162.417,61.676],[162.775,61.594],[162.623,61.659],[162.839,61.708],[162.943,61.65],[162.86,61.603],[163.017,61.517],[163.112,61.616],[163.327,61.658],[163.343,61.706],[162.977,61.8],[163.193,62.067],[163.105,62.08],[163.091,62.227],[163.369,62.328],[163.168,62.432],[163.396,62.57],[164.324,62.668],[165.063,62.497],[165.287,62.366],[165.316,62.324],[164.64,62.463],[164.127,62.262],[164.045,61.683],[163.866,61.647],[163.751,61.443],[163.952,61.435],[164.029,61.347],[163.487,61.002],[163.774,60.919],[163.728,60.868],[163.436,60.832],[163.315,60.722],[163.325,60.805],[162.917,60.76],[162.754,60.646],[161.939,60.417],[161.897,60.203],[161.467,60.032],[160.847,59.618],[160.497,59.552],[160.336,59.361],[159.803,59.096],[159.728,58.883],[159.194,58.542],[159.237,58.468],[159.153,58.508],[158.229,58.039],[158.295,58.025],[158.338,57.953],[158.225,58.025],[157.64,58.025],[157.47,57.804],[157.242,57.77],[156.981,57.857],[156.749,57.73],[156.931,57.658],[157.001,57.426],[156.684,57.048],[156.552,57.109],[156.461,56.948],[156.064,56.716],[156.174,56.846],[156.125,56.832],[155.947,56.622],[155.686,56.039],[155.551,55.284],[156.111,52.935],[156.266,52.598],[156.447,52.511],[156.372,52.447],[156.282,52.529],[156.439,52.216],[156.524,51.312],[156.722,51.195],[156.762,51.078],[156.67,50.864],[157.476,51.361],[157.537,51.486],[157.913,51.631],[158.287,51.968],[158.39,52.226],[158.558,52.313],[158.543,52.421],[158.421,52.412],[158.53,52.488],[158.421,52.659],[158.565,52.647],[158.599,52.714],[158.5,52.779],[158.647,52.899],[158.436,52.92],[158.438,53.025],[158.592,53.062],[158.709,52.892],[159.164,53.135],[159.825,53.283],[159.771,53.204],[160.059,53.097],[160.018,53.265],[159.969,53.215],[159.915,53.269],[159.975,53.332],[159.791,53.516],[159.96,53.497],[159.931,53.645],[159.873,53.666],[159.915,53.591],[159.818,53.66],[159.902,53.982],[160.053,54.176],[160.741,54.535],[161.151,54.597],[161.312,54.49],[161.724,54.509],[162.128,54.76],[162.152,54.863],[161.813,55.179],[161.764,55.555],[162.057,56.069],[162.593,56.268],[162.414,56.384],[162.683,56.484],[162.91,56.426],[163.02,56.538],[163.116,56.501],[162.557,56.229],[163.051,56.005],[163.118,56.106],[163.366,56.181],[163.25,56.451],[163.239,56.733],[162.784,56.763],[162.86,57.051],[162.786,57.145],[162.8,57.346],[163.075,57.461],[163.33,57.709],[163.219,57.813],[162.69,57.97],[162.53,57.937],[162.522,57.754],[162.355,57.689],[162.456,57.784],[162.082,57.882],[161.993,58.087],[162.405,58.654],[162.788,58.832],[162.677,58.874],[162.89,58.979],[162.878,58.906],[163.069,58.968],[162.883,59.133],[163.074,59.142],[163.164,59.034],[163.262,59.081],[163.067,59.234],[163.313,59.288],[163.321,59.411],[163.18,59.558],[163.39,59.632],[163.362,59.827],[163.794,59.991],[163.683,59.974],[163.629,60.047],[164.205,59.998],[164.042,59.908],[164.19,59.854],[164.118,59.941],[164.489,60.111],[164.839,59.787],[165.212,59.991],[164.999,60.135],[165.192,60.17],[165.229,60.097],[165.445,60.259],[165.671,60.252],[166.212,60.457],[165.924,60.382],[166.013,60.44],[166.37,60.498],[166.313,60.393],[166.233,60.396],[166.285,60.197],[166.175,60.12],[166.103,59.909],[166.11,59.827],[166.199,59.826],[166.932,60.259],[166.898,60.3],[167.048,60.328],[167.025,60.428],[167.192,60.355],[167.374,60.406],[167.336,60.471],[167.592,60.445],[167.772,60.497],[167.768,60.553],[169.339,60.589],[169.248,60.567],[169.694,60.415],[169.755,60.276],[169.975,60.232],[169.844,60.211],[169.936,60.076],[170.265,59.92],[170.401,59.966],[170.502,60.273],[170.662,60.332],[170.516,60.451],[170.717,60.428],[170.811,60.498],[170.751,60.529],[171.179,60.559],[171.372,60.643],[171.396,60.783],[171.468,60.731],[171.413,60.69],[171.633,60.745],[171.537,60.807],[171.949,60.848],[171.958,60.953],[172.047,60.861],[172.201,60.976],[172.009,61.101],[172.373,61.013],[172.49,61.081],[172.263,61.115],[172.434,61.143],[172.338,61.211],[172.647,61.191],[172.767,61.263],[172.668,61.334],[172.955,61.314],[172.716,61.431],[172.897,61.472],[173.128,61.397],[173.331,61.547],[173.481,61.555],[173.59,61.755],[173.805,61.65],[174.107,61.78],[174.021,61.797],[174.073,61.842],[174.69,61.861],[174.73,61.896],[174.609,61.973],[174.765,61.917],[175.23,62.044],[175.255,62.111],[176.279,62.317],[176.662,62.535],[177.266,62.588],[177.05,62.584],[176.928,62.673],[177.042,62.769],[176.983,62.865],[177.189,62.71],[177.305,62.789],[177.384,62.77],[177.266,62.616],[177.307,62.582],[178.061,62.541],[179.09,62.29],[179.15,62.342],[179.116,62.472],[179.384,62.521],[179.609,62.706],[179.512,62.873],[179.25,62.985],[179.418,63.068],[179.407,63.141],[178.809,63.35],[178.848,63.404],[179.006,63.321],[178.777,63.595],[178.838,63.435],[178.699,63.386],[178.595,63.411],[178.72,63.476],[178.711,63.57],[178.372,63.522],[178.262,63.577],[178.733,63.608],[178.609,63.676],[178.763,63.643],[178.698,63.897],[178.643,64.001],[178.639,63.946],[178.383,63.973],[178.492,63.987],[178.383,64.001],[178.484,64.071],[178.589,64.035],[178.222,64.429],[178.283,64.354],[178.091,64.244],[177.804,64.258],[177.414,64.459],[177.364,64.563],[177.61,64.759],[177.978,64.672],[178.756,64.682],[178.486,64.611],[178.562,64.592],[179.479,64.823],[179.997,65.066],[180.0,43.661]],[[150.569,46.232],[150.245,46.191],[150.02,46.073],[149.811,45.88],[149.667,45.853],[149.437,45.587],[149.638,45.611],[150.569,46.232]],[[152.278,47.162],[151.712,46.807],[151.801,46.766],[152.278,47.162]],[[154.905,49.631],[154.837,49.65],[154.751,49.596],[154.606,49.293],[154.815,49.31],[154.803,49.479],[154.905,49.631]],[[142.537,54.297],[142.283,54.304],[142.708,53.948],[142.604,53.698],[142.739,53.846],[142.8,53.698],[142.498,53.658],[142.514,53.546],[142.687,53.529],[142.455,53.38],[142.264,53.38],[142.241,53.529],[141.769,53.372],[141.928,53.021],[141.844,52.591],[141.642,52.318],[141.7,52.166],[141.639,51.885],[141.823,51.744],[141.687,51.747],[142.079,51.471],[142.269,51.112],[142.097,50.822],[142.041,50.551],[142.174,50.086],[142.125,49.462],[141.967,48.862],[141.857,48.774],[142.133,48.334],[142.191,47.967],[141.966,47.612],[142.057,47.054],[141.814,46.538],[141.933,46.036],[142.085,45.901],[142.407,46.554],[142.618,46.719],[142.725,46.741],[142.797,46.594],[143.369,46.555],[143.431,46.025],[143.626,46.375],[143.558,46.396],[143.478,46.828],[143.197,46.841],[143.194,46.78],[143.39,46.708],[143.173,46.708],[143.084,46.813],[143.174,46.863],[143.098,46.876],[143.016,47.254],[142.714,47.437],[142.545,47.767],[142.537,48.01],[142.988,48.917],[143.009,49.123],[143.174,49.246],[143.667,49.315],[143.331,49.314],[143.259,49.393],[144.058,49.253],[144.504,48.949],[144.677,48.656],[144.757,48.643],[144.685,48.873],[144.385,49.073],[144.003,50.013],[143.79,50.309],[143.522,51.285],[143.495,51.309],[143.521,51.247],[143.483,51.214],[143.379,51.35],[143.475,51.343],[143.448,51.508],[143.365,51.645],[143.338,51.508],[143.224,51.522],[143.318,51.706],[143.125,51.967],[143.178,52.314],[143.119,52.338],[143.261,52.598],[143.194,52.337],[143.297,52.454],[143.361,52.871],[143.211,53.363],[143.094,53.382],[143.121,53.518],[142.988,53.563],[143.071,53.598],[142.907,53.767],[142.927,53.83],[143.002,53.701],[142.934,53.858],[142.852,53.872],[143.004,54.135],[142.723,54.426],[142.57,54.235],[142.537,54.297]],[[156.105,50.767],[155.978,50.747],[155.69,50.404],[155.202,50.294],[155.217,50.067],[155.396,49.996],[155.501,50.137],[155.885,50.254],[156.153,50.53],[156.105,50.767]],[[156.434,50.876],[156.166,50.713],[156.406,50.63],[156.482,50.732],[156.434,50.876]],[[179.472,51.371],[179.28,51.399],[178.92,51.612],[178.636,51.637],[178.96,51.542],[179.243,51.354],[179.472,51.371]],[[179.781,51.967],[179.664,52.029],[179.486,51.974],[179.567,51.885],[179.781,51.967]],[[177.684,52.105],[177.593,52.125],[177.508,51.995],[177.224,51.892],[177.324,51.827],[177.414,51.931],[177.568,51.912],[177.684,52.105]],[[173.767,52.509],[173.389,52.404],[173.661,52.351],[173.743,52.361],[173.767,52.509]],[[173.322,52.811],[173.442,52.858],[173.167,52.913],[173.127,52.995],[172.66,53.009],[172.476,52.927],[172.811,52.888],[172.763,52.796],[172.944,52.75],[173.322,52.811]],[[138.212,55.036],[137.883,55.003],[137.986,55.099],[137.952,55.147],[137.568,55.195],[137.226,54.778],[137.485,54.879],[137.719,54.624],[137.986,54.797],[138.048,54.941],[138.212,55.036]],[[137.171,55.12],[136.67,54.907],[137.049,54.923],[137.171,55.12]],[[166.664,54.68],[166.65,54.845],[166.25,55.152],[166.254,55.332],[165.94,55.365],[165.746,55.297],[165.993,55.222],[166.195,54.945],[166.664,54.68]],[[164.632,58.865],[164.734,59.023],[164.581,59.234],[163.717,59.006],[163.913,58.994],[163.611,58.607],[163.413,58.535],[163.49,58.445],[163.846,58.691],[164.632,58.865]]],[[[-118.542,30.134],[-119.808,30.3],[-121.248,30.744],[-122.326,31.299],[-123.002,31.889],[-124.016,33.042],[-125.326,35.046],[-125.902,35.738],[-126.557,36.23],[-128.414,37.206],[-129.39,38.165],[-129.775,38.79],[-129.995,39.382],[-129.865,40.814],[-129.92,41.256],[-130.224,41.754],[-130.884,42.486],[-132.158,43.364],[-134.543,44.496],[-136.28,45.143],[-138.178,45.652],[-139.565,45.874],[-141.099,45.98],[-142.812,45.972],[-144.911,45.852],[-149.316,45.508],[-151.058,45.292],[-152.491,44.977],[-154.581,44.253],[-155.573,44.072],[-156.799,44.02],[-160.314,44.114],[-166.361,43.539],[-174.351,43.595],[-178.372,43.246],[-179.226,43.343],[-180.0,43.661],[-180.0,65.066],[-179.663,65.141],[-179.524,65.235],[-179.499,65.396],[-179.261,65.532],[-179.321,65.575],[-179.277,65.63],[-179.75,65.799],[-179.829,65.947],[-179.768,66.103],[-179.682,66.188],[-179.575,66.111],[-179.309,66.126],[-179.218,66.182],[-179.273,66.219],[-178.709,66.0],[-178.978,66.049],[-178.628,65.729],[-178.424,65.713],[-178.532,65.523],[-178.461,65.473],[-177.416,65.441],[-176.977,65.608],[-175.977,65.435],[-175.735,65.147],[-175.865,64.999],[-175.775,64.939],[-175.368,64.847],[-175.457,64.797],[-175.411,64.771],[-174.988,64.766],[-174.952,64.861],[-174.723,64.807],[-174.653,64.898],[-174.592,64.817],[-174.652,64.725],[-174.306,64.666],[-174.042,64.528],[-173.989,64.412],[-173.505,64.344],[-173.366,64.422],[-173.415,64.617],[-173.36,64.596],[-173.264,64.446],[-173.368,64.285],[-172.924,64.264],[-172.945,64.339],[-172.771,64.225],[-171.841,63.544],[-171.759,63.39],[-171.592,63.35],[-169.869,61.959],[-169.347,61.63],[-168.6,61.326],[-167.713,61.117],[-164.896,60.868],[-165.031,60.787],[-165.023,60.697],[-165.431,60.553],[-165.222,60.499],[-164.986,60.547],[-165.143,60.451],[-164.989,60.341],[-164.649,60.334],[-164.644,60.248],[-164.413,60.092],[-164.115,60.005],[-164.212,59.955],[-164.129,59.843],[-163.615,59.801],[-162.526,59.998],[-162.45,60.191],[-162.703,60.266],[-162.552,60.267],[-162.608,60.334],[-162.416,60.382],[-162.276,60.613],[-162.123,60.659],[-162.158,60.717],[-161.882,60.704],[-162.224,60.588],[-162.459,60.295],[-162.317,60.113],[-162.229,60.146],[-162.3,60.18],[-162.29,60.242],[-162.149,60.245],[-162.251,60.201],[-162.204,60.153],[-162.21,60.025],[-161.714,59.501],[-161.947,59.388],[-161.983,59.254],[-162.039,59.289],[-161.974,59.131],[-161.896,59.075],[-161.847,59.067],[-161.841,59.121],[-161.569,59.115],[-161.856,59.034],[-161.775,58.771],[-161.677,58.774],[-161.891,58.654],[-162.176,58.645],[-161.763,58.591],[-161.765,58.645],[-161.708,58.561],[-161.301,58.682],[-161.376,58.687],[-161.263,58.777],[-161.311,58.789],[-161.306,58.813],[-161.18,58.783],[-160.889,58.884],[-160.834,58.813],[-160.352,59.071],[-160.255,58.99],[-160.329,58.941],[-159.997,58.874],[-159.906,58.765],[-159.753,58.841],[-159.738,58.928],[-159.617,58.931],[-159.661,58.839],[-159.483,58.816],[-159.051,58.425],[-158.882,58.4],[-158.709,58.492],[-158.915,58.775],[-158.788,58.77],[-158.825,58.977],[-158.746,58.995],[-158.729,58.874],[-158.462,59.053],[-158.544,59.176],[-158.442,59.087],[-158.14,59.036],[-157.995,58.908],[-158.173,59.013],[-158.383,59.039],[-158.498,58.994],[-158.421,58.977],[-158.558,58.806],[-158.203,58.613],[-157.084,58.887],[-156.89,59.013],[-156.865,59.111],[-156.783,59.155],[-157.078,58.757],[-156.941,58.738],[-157.436,58.522],[-157.562,58.364],[-157.483,58.23],[-157.348,58.239],[-157.187,58.205],[-157.139,58.168],[-157.384,58.207],[-157.606,58.105],[-157.71,57.653],[-157.602,57.624],[-157.595,57.493],[-157.414,57.497],[-157.455,57.552],[-157.392,57.566],[-157.414,57.49],[-157.657,57.484],[-157.681,57.572],[-157.758,57.564],[-158.058,57.367],[-158.312,57.315],[-158.682,57.022],[-158.64,56.764],[-158.945,56.843],[-159.025,56.797],[-158.889,56.89],[-159.263,56.709],[-159.209,56.695],[-159.746,56.579],[-160.189,56.387],[-160.369,56.277],[-160.58,55.99],[-160.566,55.928],[-160.251,55.852],[-160.319,55.825],[-160.244,55.777],[-160.792,55.887],[-160.69,55.698],[-161.023,55.891],[-160.86,55.935],[-160.874,55.993],[-161.368,55.956],[-161.155,56.017],[-161.8,55.89],[-162.227,55.698],[-162.605,55.43],[-162.621,55.407],[-162.529,55.448],[-162.497,55.374],[-162.642,55.38],[-162.962,55.169],[-163.077,55.181],[-163.025,55.246],[-163.335,55.12],[-163.246,54.97],[-163.348,54.941],[-163.28,54.914],[-163.39,54.859],[-163.341,54.811],[-163.05,54.942],[-163.206,55.019],[-163.183,55.139],[-162.878,54.939],[-162.753,54.945],[-162.649,55.053],[-162.56,54.961],[-162.643,55.071],[-162.614,55.166],[-162.718,55.218],[-162.645,55.3],[-162.361,55.105],[-162.517,55.115],[-162.449,55.04],[-162.202,55.04],[-162.231,55.113],[-162.101,55.168],[-162.128,55.103],[-162.001,55.093],[-161.957,55.126],[-162.046,55.236],[-161.902,55.218],[-161.621,55.613],[-161.408,55.636],[-161.145,55.535],[-161.389,55.572],[-161.518,55.383],[-161.279,55.355],[-160.925,55.519],[-160.683,55.465],[-160.768,55.545],[-160.613,55.606],[-160.495,55.486],[-160.366,55.606],[-160.442,55.647],[-160.164,55.657],[-160.155,55.737],[-160.065,55.701],[-160.038,55.797],[-159.857,55.79],[-159.846,55.851],[-159.625,55.813],[-159.71,55.668],[-159.617,55.635],[-159.757,55.599],[-159.627,55.578],[-159.504,55.767],[-159.545,55.89],[-159.47,55.9],[-159.422,55.79],[-159.356,55.879],[-158.928,55.921],[-158.859,56.013],[-158.683,55.958],[-158.702,56.147],[-158.565,56.168],[-158.64,56.202],[-158.479,56.191],[-158.605,56.052],[-158.428,56.007],[-158.503,56.102],[-158.408,56.078],[-158.41,56.181],[-158.36,56.127],[-158.119,56.236],[-158.414,56.202],[-158.208,56.284],[-158.473,56.343],[-158.537,56.25],[-158.646,56.271],[-158.416,56.446],[-158.126,56.517],[-157.877,56.478],[-157.869,56.569],[-158.133,56.53],[-157.773,56.684],[-157.483,56.62],[-157.606,56.722],[-157.406,56.764],[-157.468,56.829],[-157.42,56.867],[-157.189,56.776],[-157.191,56.85],[-156.941,56.915],[-156.961,56.977],[-156.809,56.907],[-156.785,57.049],[-156.55,56.983],[-156.645,57.059],[-156.376,57.143],[-156.447,57.23],[-156.34,57.285],[-156.545,57.323],[-156.215,57.476],[-156.061,57.43],[-156.105,57.532],[-156.02,57.577],[-155.742,57.552],[-155.771,57.645],[-155.591,57.676],[-155.605,57.792],[-155.31,57.74],[-155.337,57.833],[-155.069,57.897],[-155.125,57.957],[-155.023,58.026],[-154.566,58.034],[-154.611,58.121],[-154.47,58.09],[-154.494,58.203],[-154.353,58.082],[-154.337,58.162],[-154.247,58.126],[-154.302,58.196],[-154.121,58.28],[-154.364,58.285],[-154.0,58.386],[-154.11,58.477],[-153.942,58.503],[-153.899,58.617],[-153.609,58.644],[-153.259,58.869],[-153.712,59.071],[-154.187,59.035],[-154.248,59.169],[-153.953,59.361],[-154.145,59.381],[-153.751,59.44],[-153.741,59.498],[-153.877,59.546],[-153.586,59.567],[-153.706,59.632],[-153.623,59.695],[-153.491,59.65],[-153.453,59.793],[-153.322,59.718],[-153.425,59.649],[-153.055,59.71],[-153.014,59.832],[-153.288,59.82],[-152.738,59.908],[-152.579,60.07],[-153.083,60.3],[-152.616,60.224],[-152.416,60.298],[-152.246,60.396],[-152.33,60.492],[-152.051,60.673],[-151.87,60.759],[-151.711,60.726],[-151.806,60.837],[-151.747,60.917],[-151.177,61.054],[-150.54,61.369],[-150.5,61.262],[-149.984,61.246],[-149.757,61.453],[-149.246,61.499],[-149.683,61.399],[-150.067,61.156],[-149.358,60.934],[-149.169,60.947],[-149.026,60.855],[-149.753,60.974],[-150.225,60.937],[-150.387,61.047],[-151.071,60.785],[-151.397,60.738],[-151.283,60.537],[-151.306,60.387],[-151.725,60.025],[-151.872,59.749],[-151.781,59.692],[-151.411,59.608],[-151.473,59.636],[-150.993,59.779],[-151.174,59.6],[-151.441,59.532],[-151.382,59.445],[-151.652,59.486],[-151.894,59.413],[-151.815,59.354],[-151.987,59.293],[-151.893,59.221],[-151.683,59.163],[-151.418,59.259],[-151.097,59.233],[-151.243,59.318],[-151.043,59.297],[-150.959,59.204],[-150.918,59.327],[-150.609,59.439],[-150.657,59.552],[-150.493,59.601],[-150.553,59.536],[-150.479,59.467],[-150.224,59.715],[-150.348,59.47],[-150.088,59.595],[-150.119,59.7],[-150.013,59.628],[-149.916,59.718],[-150.032,59.799],[-149.746,59.667],[-149.868,59.848],[-149.766,59.84],[-149.725,59.964],[-149.636,59.745],[-149.527,59.718],[-149.628,59.828],[-149.389,59.998],[-149.409,60.124],[-149.293,60.012],[-149.286,59.875],[-149.103,60.058],[-149.039,60.053],[-149.107,59.969],[-148.646,59.923],[-148.546,60.032],[-148.435,59.959],[-148.333,60.17],[-148.189,60.135],[-148.1,60.221],[-148.21,60.156],[-148.226,60.26],[-148.443,60.184],[-148.391,60.277],[-148.241,60.298],[-148.255,60.379],[-148.142,60.355],[-148.182,60.416],[-147.936,60.461],[-148.084,60.605],[-148.238,60.457],[-148.47,60.546],[-148.69,60.457],[-148.488,60.582],[-148.337,60.541],[-148.197,60.629],[-148.255,60.719],[-148.231,60.773],[-148.43,60.629],[-148.375,60.78],[-148.667,60.675],[-148.45,60.8],[-148.704,60.793],[-148.333,60.819],[-148.396,60.862],[-148.307,60.853],[-148.333,60.971],[-148.252,60.955],[-148.149,61.06],[-148.45,60.992],[-148.361,61.047],[-148.409,61.06],[-148.146,61.118],[-148.049,61.027],[-147.73,61.28],[-147.765,61.218],[-147.702,61.213],[-148.05,60.95],[-147.938,60.909],[-147.87,60.838],[-147.755,60.841],[-147.813,60.876],[-147.703,60.951],[-147.73,60.889],[-147.599,60.869],[-147.665,61.015],[-147.561,61.156],[-147.484,61.074],[-147.542,60.913],[-147.469,61.0],[-147.423,61.012],[-147.45,60.903],[-147.365,60.891],[-147.257,60.938],[-147.288,61.007],[-147.165,60.951],[-146.984,61.006],[-147.032,60.958],[-146.977,60.946],[-146.609,61.131],[-146.278,61.123],[-146.236,61.094],[-146.648,61.074],[-146.57,61.031],[-146.7,60.977],[-146.586,60.945],[-146.753,60.955],[-146.628,60.827],[-146.223,60.893],[-146.093,60.841],[-146.696,60.745],[-146.482,60.687],[-146.043,60.801],[-146.026,60.745],[-146.263,60.654],[-145.629,60.679],[-145.939,60.456],[-145.27,60.357],[-144.756,60.684],[-144.623,60.717],[-144.761,60.673],[-144.887,60.485],[-144.791,60.465],[-144.942,60.307],[-144.571,60.191],[-144.196,60.206],[-144.253,60.155],[-144.003,60.04],[-144.25,60.032],[-143.919,59.997],[-142.798,60.112],[-141.673,59.961],[-141.393,60.022],[-141.478,60.111],[-141.378,60.142],[-141.267,59.956],[-141.454,59.882],[-140.323,59.701],[-139.849,59.819],[-139.521,60.051],[-139.239,59.878],[-139.028,59.862],[-138.897,59.813],[-139.28,59.834],[-139.226,59.621],[-139.29,59.576],[-139.343,59.601],[-139.267,59.621],[-139.342,59.72],[-139.305,59.865],[-139.473,59.994],[-139.621,59.89],[-139.48,59.704],[-139.645,59.573],[-139.857,59.546],[-138.63,59.142],[-138.449,59.192],[-138.61,59.128],[-138.288,59.081],[-137.671,58.633],[-137.438,58.656],[-137.631,58.606],[-137.112,58.395],[-136.861,58.382],[-136.677,58.306],[-136.665,58.22],[-136.561,58.258],[-136.621,58.354],[-136.371,58.3],[-136.41,58.379],[-136.561,58.374],[-136.506,58.443],[-136.328,58.409],[-136.273,58.313],[-136.027,58.388],[-136.083,58.516],[-136.211,58.525],[-136.128,58.571],[-136.293,58.669],[-136.328,58.6],[-136.526,58.614],[-136.343,58.692],[-136.516,58.702],[-136.65,58.82],[-136.485,58.8],[-136.588,58.848],[-136.995,58.893],[-137.13,58.826],[-137.013,58.923],[-136.904,58.932],[-137.059,59.064],[-136.633,58.892],[-136.712,59.026],[-136.574,58.916],[-136.492,58.971],[-136.475,58.837],[-136.26,58.826],[-136.382,58.806],[-136.21,58.751],[-136.1,58.854],[-136.118,58.933],[-136.225,58.923],[-136.141,58.955],[-136.157,59.038],[-136.047,58.861],[-135.964,58.923],[-135.773,58.905],[-136.074,58.813],[-135.821,58.6],[-135.89,58.58],[-135.848,58.47],[-135.95,58.463],[-135.876,58.463],[-135.909,58.381],[-135.628,58.426],[-135.478,58.374],[-135.485,58.484],[-135.35,58.277],[-135.094,58.237],[-135.057,58.352],[-135.226,58.612],[-135.163,58.635],[-135.386,58.954],[-135.375,59.087],[-135.554,59.23],[-135.307,59.087],[-135.36,59.214],[-135.554,59.32],[-135.414,59.301],[-135.348,59.471],[-135.362,59.271],[-135.23,59.126],[-135.149,58.844],[-135.026,58.738],[-134.95,58.82],[-134.916,58.656],[-134.991,58.683],[-134.756,58.382],[-134.498,58.354],[-134.158,58.204],[-133.977,58.505],[-133.772,58.525],[-134.005,58.409],[-134.06,58.072],[-133.864,57.987],[-133.758,58.135],[-133.682,58.155],[-133.765,58.062],[-133.669,58.018],[-133.691,57.942],[-133.861,57.957],[-133.686,57.791],[-133.554,57.929],[-133.206,57.895],[-133.124,57.857],[-133.552,57.915],[-133.529,57.751],[-133.004,57.518],[-133.648,57.703],[-133.591,57.575],[-133.313,57.593],[-133.497,57.532],[-133.454,57.432],[-133.336,57.438],[-133.456,57.381],[-133.42,57.344],[-133.038,57.367],[-133.472,57.282],[-133.552,57.181],[-133.317,57.102],[-133.168,57.17],[-133.165,57.086],[-132.878,57.021],[-132.795,57.093],[-132.768,56.97],[-132.922,56.983],[-132.761,56.846],[-132.515,56.755],[-132.399,56.825],[-132.36,56.818],[-132.54,56.631],[-132.305,56.64],[-132.345,56.529],[-132.203,56.471],[-132.161,56.38],[-131.98,56.366],[-131.908,56.233],[-131.489,56.222],[-131.963,56.157],[-131.95,55.972],[-132.057,55.945],[-132.046,55.817],[-132.169,55.802],[-132.168,55.723],[-132.266,55.756],[-132.172,55.589],[-131.961,55.501],[-131.929,55.589],[-132.004,55.668],[-131.881,55.599],[-131.867,55.729],[-131.764,55.797],[-131.915,55.859],[-131.414,56.01],[-131.342,55.961],[-131.01,56.113],[-131.196,55.971],[-130.92,55.81],[-130.862,55.312],[-130.656,55.352],[-130.612,55.297],[-130.925,55.294],[-131.057,55.126],[-130.811,55.147],[-130.76,55.097],[-130.462,55.332],[-130.72,55.081],[-130.987,55.044],[-130.934,54.824],[-130.832,54.765],[-130.736,54.832],[-130.753,54.969],[-130.718,54.773],[-130.58,54.806],[-130.365,54.907],[-129.989,55.284],[-130.174,55.749],[-130.01,55.928],[-130.131,55.736],[-129.949,55.293],[-130.167,55.085],[-130.125,55.005],[-129.786,55.357],[-129.825,55.619],[-129.713,55.421],[-129.647,55.459],[-129.478,55.483],[-129.639,55.441],[-130.001,55.022],[-129.641,54.99],[-129.989,54.92],[-130.022,54.974],[-130.174,54.845],[-130.05,54.893],[-130.202,54.729],[-129.88,54.621],[-130.234,54.711],[-130.372,54.664],[-130.101,54.426],[-130.064,54.502],[-129.981,54.515],[-130.085,54.392],[-129.959,54.322],[-130.053,54.337],[-130.431,54.633],[-130.38,54.461],[-130.483,54.374],[-130.349,54.334],[-130.249,54.406],[-130.195,54.263],[-130.281,54.214],[-130.176,54.195],[-130.125,54.161],[-129.886,54.235],[-129.492,54.251],[-129.927,54.187],[-129.9,54.129],[-129.745,54.009],[-129.715,53.954],[-129.961,54.167],[-130.05,54.156],[-130.105,53.947],[-129.29,53.385],[-129.228,53.633],[-129.033,53.749],[-129.064,53.81],[-128.973,53.778],[-129.009,53.899],[-128.906,53.845],[-128.933,53.776],[-128.682,54.001],[-128.598,54.03],[-128.694,53.899],[-128.474,53.841],[-128.775,53.798],[-128.808,53.615],[-128.529,53.434],[-128.374,53.504],[-128.111,53.488],[-127.933,53.338],[-127.871,53.228],[-127.977,53.342],[-128.104,53.338],[-128.127,53.451],[-128.352,53.482],[-128.508,53.413],[-128.482,53.398],[-128.494,53.344],[-128.789,53.57],[-128.974,53.557],[-128.918,53.459],[-128.831,53.488],[-128.849,53.279],[-128.481,53.146],[-128.557,53.129],[-128.443,52.828],[-128.248,52.803],[-128.138,52.927],[-128.029,52.917],[-128.132,52.873],[-128.226,52.461],[-128.392,52.296],[-128.297,52.276],[-128.092,52.513],[-127.878,52.584],[-128.053,52.485],[-128.016,52.347],[-127.903,52.385],[-127.926,52.447],[-127.888,52.515],[-127.847,52.371],[-127.933,52.316],[-127.872,52.22],[-127.737,52.354],[-127.755,52.282],[-127.617,52.299],[-126.987,52.711],[-127.076,52.885],[-126.97,52.829],[-126.932,52.713],[-127.228,52.523],[-127.225,52.456],[-127.144,52.349],[-126.753,52.393],[-126.939,52.306],[-126.672,52.047],[-126.672,51.987],[-126.998,52.298],[-127.173,52.316],[-127.452,52.182],[-127.43,52.089],[-127.624,52.029],[-127.467,52.125],[-127.547,52.143],[-127.638,52.084],[-127.666,51.96],[-127.85,51.92],[-127.874,51.673],[-127.796,51.528],[-127.659,51.515],[-127.762,51.494],[-127.714,51.458],[-127.467,51.662],[-127.646,51.7],[-127.493,51.699],[-127.35,51.87],[-127.423,51.672],[-127.35,51.714],[-126.699,51.665],[-126.666,51.803],[-126.603,51.714],[-126.677,51.646],[-127.492,51.621],[-127.552,51.471],[-127.78,51.331],[-127.282,51.302],[-127.117,51.399],[-127.127,51.339],[-127.221,51.289],[-127.736,51.258],[-127.777,51.167],[-127.481,51.11],[-127.531,51.004],[-127.042,50.823],[-126.922,50.872],[-127.156,50.915],[-127.166,50.939],[-126.674,50.878],[-126.535,50.942],[-126.515,51.076],[-126.459,50.952],[-126.173,50.939],[-126.499,50.922],[-126.547,50.837],[-126.184,50.868],[-126.179,50.781],[-126.035,50.795],[-126.187,50.672],[-125.767,50.706],[-125.648,50.782],[-125.679,50.87],[-125.542,50.939],[-125.637,51.104],[-125.507,50.939],[-125.645,50.855],[-125.608,50.781],[-125.706,50.682],[-126.277,50.626],[-125.96,50.646],[-126.281,50.519],[-126.008,50.472],[-125.787,50.532],[-125.703,50.438],[-125.618,50.471],[-125.556,50.666],[-125.455,50.72],[-125.577,50.471],[-125.357,50.543],[-125.128,50.437],[-124.908,50.627],[-124.9,50.735],[-124.986,50.808],[-124.814,50.927],[-124.91,50.794],[-124.824,50.735],[-124.87,50.583],[-125.057,50.477],[-125.082,50.325],[-124.995,50.36],[-125.007,50.432],[-124.952,50.328],[-124.83,50.318],[-124.672,50.431],[-124.349,50.497],[-124.713,50.331],[-124.603,50.24],[-124.705,50.103],[-124.685,49.986],[-124.82,50.071],[-124.764,49.977],[-124.43,49.772],[-124.102,49.798],[-124.037,49.925],[-123.978,49.809],[-123.911,49.87],[-123.993,50.011],[-123.808,50.103],[-123.971,50.214],[-123.755,50.094],[-123.954,49.99],[-123.884,49.901],[-123.928,49.764],[-123.795,49.644],[-123.534,49.705],[-123.76,49.61],[-123.777,49.505],[-124.006,49.741],[-124.066,49.644],[-123.964,49.521],[-123.516,49.392],[-123.503,49.505],[-123.256,49.593],[-123.171,49.705],[-123.27,49.335],[-122.938,49.326],[-122.86,49.45],[-122.961,49.282],[-123.247,49.275],[-123.138,49.196],[-123.212,49.13],[-123.041,49.151],[-123.143,49.061],[-123.088,48.972],[-122.868,49.08],[-122.741,48.977],[-122.808,48.935],[-122.66,48.723],[-122.509,48.756],[-122.44,48.581],[-122.567,48.585],[-122.481,48.464],[-122.633,48.516],[-122.702,48.498],[-122.683,48.43],[-122.559,48.434],[-122.386,48.304],[-122.401,48.235],[-122.534,48.25],[-122.51,48.147],[-122.348,48.054],[-122.469,48.177],[-122.376,48.213],[-122.34,48.09],[-122.192,48.026],[-122.404,47.798],[-122.328,47.357],[-122.433,47.265],[-122.538,47.316],[-122.572,47.209],[-122.686,47.104],[-122.853,47.165],[-122.893,47.047],[-122.935,47.13],[-122.965,47.09],[-123.01,47.083],[-122.93,47.174],[-123.079,47.13],[-122.806,47.398],[-122.773,47.173],[-122.633,47.405],[-122.686,47.301],[-122.569,47.264],[-122.508,47.52],[-122.553,47.583],[-122.682,47.528],[-122.697,47.623],[-122.592,47.583],[-122.661,47.73],[-122.468,47.757],[-122.553,47.921],[-122.613,47.946],[-122.571,47.82],[-122.624,47.847],[-122.764,47.669],[-122.949,47.597],[-123.114,47.391],[-122.839,47.432],[-123.161,47.357],[-122.839,47.747],[-122.856,47.826],[-122.806,47.843],[-122.8,47.68],[-122.62,47.878],[-122.792,48.083],[-122.77,48.141],[-122.878,48.107],[-122.825,48.035],[-122.841,48.006],[-122.873,47.994],[-122.927,48.095],[-123.008,48.039],[-123.161,48.152],[-123.108,48.184],[-123.247,48.115],[-123.971,48.166],[-124.73,48.372],[-124.661,48.32],[-124.735,48.17],[-124.672,47.991],[-124.423,47.742],[-124.2,47.187],[-124.178,46.926],[-124.106,46.933],[-124.117,47.043],[-123.813,46.959],[-124.047,46.891],[-124.021,46.832],[-124.127,46.899],[-124.093,46.743],[-123.9,46.747],[-123.764,46.678],[-123.956,46.623],[-123.936,46.472],[-123.841,46.416],[-123.958,46.378],[-124.014,46.385],[-124.063,46.655],[-124.08,46.272],[-123.693,46.305],[-123.456,46.267],[-123.298,46.152],[-123.18,46.179],[-123.256,46.133],[-123.386,46.146],[-123.519,46.235],[-123.865,46.186],[-123.778,46.143],[-123.799,46.102],[-124.023,46.231],[-123.923,46.014],[-123.981,45.76],[-123.938,45.661],[-123.917,45.704],[-123.871,45.698],[-123.958,45.576],[-123.891,45.475],[-123.949,45.557],[-123.918,45.418],[-124.002,45.344],[-123.971,45.154],[-124.078,44.675],[-124.005,44.616],[-124.084,44.498],[-124.018,44.41],[-124.114,44.307],[-124.203,43.681],[-124.149,43.748],[-124.07,43.712],[-124.21,43.657],[-124.335,43.365],[-124.209,43.452],[-124.14,43.375],[-124.233,43.424],[-124.317,43.3],[-124.401,43.31],[-124.445,43.03],[-124.567,42.834],[-124.4,42.616],[-124.433,42.329],[-124.36,42.113],[-124.204,41.971],[-124.263,41.776],[-124.159,41.737],[-124.068,41.539],[-124.164,41.132],[-124.11,41.015],[-124.233,40.767],[-124.155,40.862],[-124.082,40.844],[-124.226,40.686],[-124.24,40.759],[-124.386,40.51],[-124.364,40.261],[-123.854,39.834],[-123.769,39.564],[-123.825,39.347],[-123.689,39.028],[-123.726,38.919],[-123.129,38.449],[-122.832,38.096],[-122.996,38.243],[-122.95,38.144],[-123.027,37.994],[-122.963,37.992],[-122.979,38.015],[-122.936,38.031],[-122.948,38.061],[-122.92,38.065],[-122.528,37.816],[-122.439,37.882],[-122.503,37.925],[-122.445,37.985],[-122.502,38.114],[-122.397,38.153],[-122.13,38.042],[-122.055,38.134],[-121.898,38.053],[-121.683,38.147],[-121.779,38.036],[-121.742,38.029],[-121.68,38.093],[-121.604,38.106],[-121.487,38.045],[-121.445,38.004],[-121.613,38.021],[-121.607,38.099],[-121.69,38.009],[-122.366,38.012],[-122.43,37.964],[-122.314,37.886],[-122.332,37.782],[-122.217,37.758],[-122.032,37.463],[-122.374,37.604],[-122.409,37.81],[-122.515,37.781],[-122.52,37.531],[-122.339,37.119],[-122.135,36.966],[-121.906,36.969],[-121.804,36.836],[-121.764,36.722],[-121.981,36.584],[-121.9,36.304],[-121.507,36.003],[-121.288,35.665],[-120.887,35.433],[-120.831,35.336],[-120.877,35.224],[-120.645,35.139],[-120.637,34.563],[-120.454,34.443],[-119.563,34.415],[-119.129,34.101],[-118.807,33.999],[-118.544,34.039],[-118.391,33.836],[-118.412,33.742],[-118.291,33.703],[-118.277,33.757],[-118.222,33.771],[-118.091,33.731],[-117.362,33.166],[-117.255,32.691],[-117.237,32.67],[-117.238,32.707],[-117.175,32.727],[-117.119,32.671],[-117.115,32.6],[-117.168,32.699],[-117.226,32.697],[-117.025,32.277],[-116.923,32.219],[-116.842,31.987],[-116.612,31.843],[-116.644,31.734],[-116.75,31.752],[-116.648,31.659],[-116.676,31.553],[-116.342,31.22],[-116.335,30.956],[-116.058,30.802],[-116.049,30.48],[-116.005,30.359],[-115.989,30.497],[-115.975,30.401],[-115.807,30.284],[-115.809,29.987],[-118.542,30.134]],[[-177.8,51.796],[-177.647,51.821],[-177.622,51.857],[-177.841,51.837],[-177.952,51.925],[-178.214,51.876],[-177.955,51.764],[-178.101,51.665],[-177.907,51.598],[-177.917,51.665],[-177.807,51.703],[-177.8,51.796]],[[-176.416,51.755],[-176.428,51.834],[-176.641,51.857],[-176.546,51.98],[-176.759,51.953],[-176.706,51.86],[-176.78,51.829],[-176.704,51.788],[-176.905,51.808],[-176.82,51.769],[-176.978,51.6],[-176.827,51.72],[-176.814,51.616],[-176.71,51.617],[-176.71,51.686],[-176.416,51.755]],[[-177.173,51.936],[-177.292,51.783],[-177.705,51.7],[-177.157,51.7],[-177.067,51.867],[-177.173,51.936]],[[-172.956,52.09],[-174.059,52.125],[-173.49,52.022],[-172.956,52.09]],[[-174.203,52.213],[-173.992,52.313],[-174.19,52.418],[-174.436,52.323],[-174.228,52.268],[-174.339,52.186],[-175.341,52.015],[-174.49,52.035],[-174.525,52.097],[-174.411,52.043],[-174.374,52.104],[-174.43,52.11],[-174.1,52.141],[-174.203,52.213]],[[-167.85,53.385],[-167.795,53.502],[-168.008,53.57],[-168.365,53.468],[-168.433,53.33],[-168.361,53.271],[-168.623,53.274],[-168.775,53.171],[-168.871,52.954],[-169.111,52.824],[-168.49,53.042],[-168.226,53.26],[-167.85,53.385]],[[-166.278,53.724],[-166.346,53.783],[-166.555,53.687],[-166.493,53.77],[-166.542,53.79],[-166.247,53.886],[-166.26,53.968],[-166.349,53.947],[-166.37,54.008],[-166.61,53.831],[-166.635,54.005],[-167.022,53.961],[-167.151,53.824],[-166.706,53.721],[-166.829,53.708],[-166.802,53.632],[-167.028,53.705],[-166.994,53.618],[-167.134,53.632],[-167.144,53.557],[-166.96,53.536],[-167.85,53.31],[-167.508,53.26],[-167.007,53.453],[-166.752,53.451],[-166.795,53.57],[-166.659,53.491],[-166.713,53.55],[-166.637,53.533],[-166.665,53.598],[-166.596,53.536],[-166.278,53.724]],[[-165.657,54.125],[-165.946,54.222],[-166.123,54.118],[-166.041,54.036],[-165.657,54.125]],[[-163.051,54.664],[-163.144,54.77],[-163.354,54.777],[-163.526,55.044],[-163.757,55.06],[-164.225,54.895],[-164.478,54.919],[-164.701,54.678],[-164.958,54.585],[-164.845,54.423],[-164.653,54.392],[-164.406,54.436],[-164.133,54.623],[-163.623,54.612],[-163.369,54.765],[-163.051,54.664]],[[-165.541,59.985],[-165.726,60.066],[-165.684,60.3],[-166.076,60.334],[-166.157,60.437],[-166.152,60.381],[-166.761,60.304],[-166.82,60.218],[-167.453,60.217],[-167.122,60.001],[-166.182,59.756],[-166.082,59.779],[-166.247,59.854],[-165.571,59.919],[-165.541,59.985]],[[-172.209,60.313],[-172.812,60.478],[-172.925,60.607],[-173.058,60.498],[-172.6,60.33],[-172.209,60.313]],[[-159.826,55.181],[-159.917,55.157],[-159.887,55.297],[-159.954,55.176],[-160.065,55.201],[-160.018,55.105],[-160.195,55.122],[-160.093,55.051],[-160.237,54.889],[-159.826,55.181]],[[-160.463,55.188],[-160.58,55.236],[-160.545,55.386],[-160.679,55.307],[-160.696,55.407],[-160.854,55.332],[-160.819,55.12],[-160.683,55.211],[-160.463,55.188]],[[-152.885,57.15],[-153.212,57.134],[-153.244,57.211],[-153.412,57.079],[-153.272,56.999],[-152.885,57.15]],[[-152.147,57.623],[-152.426,57.614],[-152.397,57.689],[-152.551,57.703],[-152.363,57.847],[-152.625,57.933],[-152.624,57.861],[-152.844,57.845],[-152.886,57.729],[-152.891,57.874],[-152.808,57.908],[-153.284,58.01],[-153.048,57.833],[-153.24,57.902],[-153.199,57.857],[-153.179,57.71],[-153.211,57.786],[-153.449,57.847],[-153.321,57.731],[-153.499,57.761],[-153.44,57.699],[-153.528,57.723],[-153.507,57.627],[-153.574,57.84],[-153.665,57.895],[-153.925,57.81],[-153.906,57.711],[-153.699,57.682],[-153.585,57.617],[-153.885,57.648],[-153.678,57.545],[-153.851,57.577],[-153.809,57.518],[-153.811,57.412],[-153.631,57.271],[-153.891,57.408],[-153.935,57.535],[-154.11,57.545],[-153.973,57.572],[-154.019,57.647],[-154.22,57.676],[-154.615,57.527],[-154.727,57.429],[-154.707,57.34],[-154.81,57.347],[-154.783,57.273],[-154.602,57.259],[-154.529,56.992],[-154.328,56.93],[-154.305,56.856],[-154.104,57.114],[-154.413,57.05],[-154.495,57.114],[-153.96,57.12],[-154.11,57.038],[-154.1,56.965],[-153.806,57.154],[-153.74,57.134],[-153.973,56.963],[-153.775,56.997],[-154.15,56.751],[-153.987,56.744],[-153.56,56.987],[-153.761,57.052],[-153.498,57.074],[-153.542,57.176],[-153.455,57.117],[-153.391,57.209],[-152.959,57.257],[-153.173,57.305],[-153.175,57.351],[-152.882,57.352],[-152.837,57.271],[-152.596,57.374],[-152.832,57.476],[-153.042,57.429],[-152.911,57.49],[-152.973,57.518],[-152.486,57.429],[-152.147,57.623]],[[-153.295,58.146],[-153.418,58.066],[-152.891,57.998],[-153.295,58.146]],[[-152.001,58.352],[-152.144,58.234],[-152.117,58.401],[-152.212,58.354],[-152.349,58.421],[-152.42,58.323],[-152.5,58.463],[-152.633,58.485],[-152.883,58.409],[-152.76,58.36],[-152.767,58.258],[-153.11,58.271],[-152.905,58.168],[-153.188,58.22],[-153.23,58.169],[-152.805,57.992],[-152.767,58.08],[-152.644,58.072],[-152.577,58.207],[-152.548,58.086],[-152.274,58.135],[-152.37,58.203],[-152.295,58.197],[-152.304,58.258],[-152.117,58.148],[-151.993,58.225],[-152.001,58.352]],[[-161.078,58.639],[-161.172,58.691],[-161.086,58.553],[-160.966,58.55],[-160.688,58.819],[-161.078,58.639]],[[-133.45,55.407],[-133.581,55.426],[-133.689,55.311],[-133.607,55.236],[-133.45,55.407]],[[-133.483,56.092],[-133.681,56.069],[-133.795,55.944],[-133.703,55.903],[-133.3,56.012],[-133.285,56.147],[-133.581,56.132],[-133.483,56.092]],[[-133.826,56.442],[-133.92,56.505],[-133.847,56.565],[-133.923,56.617],[-133.736,56.567],[-133.78,56.686],[-133.717,56.771],[-133.862,56.81],[-133.871,56.715],[-133.994,56.639],[-133.905,56.761],[-134.013,56.885],[-134.265,56.942],[-134.108,56.846],[-134.306,56.898],[-134.281,56.793],[-134.406,56.853],[-134.358,56.677],[-134.086,56.647],[-134.306,56.565],[-134.034,56.486],[-134.039,56.373],[-134.155,56.366],[-134.178,56.441],[-134.282,56.363],[-134.293,56.298],[-134.16,56.312],[-134.265,56.26],[-134.129,55.999],[-134.086,56.092],[-134.19,56.178],[-134.09,56.193],[-134.052,56.319],[-134.039,56.113],[-133.949,56.092],[-133.892,56.23],[-133.975,56.351],[-133.847,56.298],[-133.888,56.44],[-133.826,56.442]],[[-134.616,56.728],[-134.833,57.247],[-134.998,57.347],[-134.909,57.34],[-135.204,57.429],[-135.18,57.481],[-135.396,57.443],[-135.279,57.511],[-135.381,57.554],[-135.609,57.388],[-135.475,57.354],[-135.675,57.359],[-135.529,57.237],[-135.334,57.25],[-135.413,57.158],[-135.266,57.161],[-135.375,57.093],[-135.165,57.042],[-135.35,56.97],[-135.295,56.892],[-135.368,56.829],[-135.122,56.832],[-135.188,56.677],[-134.999,56.762],[-135.11,56.602],[-134.985,56.715],[-134.961,56.627],[-134.847,56.689],[-135.053,56.538],[-134.667,56.17],[-134.616,56.728]],[[-135.546,57.141],[-135.628,57.237],[-135.554,57.23],[-135.844,57.325],[-135.855,57.223],[-135.711,57.168],[-135.841,56.99],[-135.642,57.008],[-135.546,57.141]],[[-134.085,57.256],[-134.176,57.388],[-133.958,57.304],[-133.865,57.355],[-133.893,57.435],[-134.101,57.476],[-133.84,57.463],[-133.938,57.619],[-134.289,57.837],[-134.317,57.997],[-134.224,57.97],[-134.307,58.098],[-133.963,57.692],[-133.789,57.589],[-134.177,58.164],[-134.693,58.168],[-134.949,58.409],[-134.908,58.201],[-134.784,58.111],[-134.775,58.171],[-134.731,58.179],[-134.806,58.055],[-134.654,57.598],[-134.567,57.511],[-134.354,57.545],[-134.569,57.492],[-134.464,57.394],[-134.306,57.394],[-134.368,57.374],[-134.313,57.332],[-134.556,57.398],[-134.457,57.312],[-134.583,57.269],[-134.526,57.216],[-134.633,57.224],[-134.615,57.01],[-134.085,57.256]],[[-135.707,57.367],[-135.546,57.466],[-135.578,57.555],[-135.656,57.552],[-135.605,57.607],[-135.807,57.641],[-135.704,57.676],[-135.813,57.764],[-135.057,57.467],[-134.847,57.469],[-134.914,57.756],[-135.364,57.726],[-135.372,57.805],[-135.89,57.99],[-135.014,57.786],[-134.93,57.813],[-135.204,57.943],[-134.916,57.847],[-134.925,58.027],[-135.389,58.141],[-135.656,57.949],[-135.793,57.984],[-135.625,58.013],[-135.783,58.042],[-135.627,58.041],[-135.485,58.162],[-135.785,58.276],[-135.965,58.164],[-136.137,58.223],[-136.165,58.102],[-136.101,58.059],[-136.356,58.22],[-136.273,58.107],[-136.38,58.14],[-136.41,58.08],[-136.033,57.847],[-136.312,57.996],[-136.416,57.826],[-136.225,57.785],[-136.088,57.689],[-136.115,57.622],[-135.95,57.621],[-136.074,57.607],[-135.78,57.435],[-135.977,57.497],[-135.707,57.367]],[[-136.337,58.007],[-136.475,58.098],[-136.561,58.018],[-136.471,57.881],[-136.337,58.007]],[[-146.922,60.313],[-147.081,60.28],[-147.011,60.348],[-147.19,60.362],[-147.201,60.242],[-147.703,59.998],[-147.915,59.793],[-147.492,59.862],[-147.328,60.07],[-146.922,60.313]],[[-147.875,60.333],[-147.78,60.315],[-147.909,60.293],[-147.792,60.238],[-147.799,60.17],[-147.625,60.39],[-147.737,60.396],[-147.614,60.437],[-147.708,60.507],[-147.875,60.333]],[[-146.079,60.402],[-146.588,60.484],[-146.723,60.386],[-146.49,60.361],[-146.682,60.286],[-146.6,60.245],[-146.079,60.402]],[[-131.148,52.213],[-131.052,52.169],[-131.01,52.227],[-131.181,52.235],[-131.085,52.276],[-131.163,52.32],[-131.318,52.282],[-131.36,52.344],[-131.255,52.355],[-131.304,52.376],[-131.248,52.447],[-131.408,52.358],[-131.469,52.508],[-131.661,52.542],[-131.73,52.701],[-131.84,52.714],[-131.853,52.768],[-131.661,52.806],[-131.829,52.803],[-131.874,52.885],[-131.984,52.878],[-131.922,52.94],[-131.8,52.875],[-131.613,52.927],[-131.626,52.998],[-131.837,53.05],[-131.922,52.987],[-132.004,53.064],[-131.596,53.042],[-131.784,53.166],[-131.798,53.256],[-132.066,53.161],[-132.373,53.133],[-132.566,53.146],[-132.489,53.032],[-132.114,53.001],[-132.141,52.933],[-132.342,52.942],[-132.134,52.755],[-132.086,52.858],[-131.939,52.773],[-132.086,52.734],[-131.512,52.409],[-131.586,52.389],[-131.558,52.33],[-131.28,52.132],[-131.277,52.241],[-131.175,52.124],[-131.148,52.213]],[[-129.743,53.235],[-129.929,53.433],[-130.515,53.63],[-130.527,53.553],[-130.338,53.516],[-130.414,53.499],[-130.315,53.393],[-130.094,53.323],[-129.928,53.164],[-129.743,53.235]],[[-130.196,53.917],[-130.291,53.838],[-130.215,53.817],[-130.076,53.638],[-129.946,53.664],[-129.872,53.639],[-130.058,53.608],[-129.913,53.611],[-129.897,53.478],[-129.585,53.224],[-129.483,53.224],[-129.513,53.311],[-129.43,53.336],[-129.329,53.263],[-129.337,53.361],[-129.639,53.482],[-129.516,53.488],[-130.196,53.917]],[[-132.443,53.146],[-131.984,53.261],[-131.908,53.358],[-131.933,53.619],[-131.661,54.167],[-131.916,54.04],[-132.182,54.044],[-132.079,53.892],[-132.194,53.774],[-132.159,53.7],[-132.484,53.577],[-132.353,53.673],[-132.607,53.632],[-132.658,53.691],[-132.241,53.777],[-132.117,53.872],[-132.161,54.008],[-132.284,54.108],[-132.407,54.099],[-132.661,53.941],[-132.576,54.118],[-133.053,54.183],[-133.073,54.167],[-133.038,54.044],[-133.144,53.897],[-132.891,53.62],[-132.977,53.557],[-132.826,53.523],[-132.862,53.467],[-132.671,53.491],[-132.4,53.33],[-132.703,53.378],[-132.758,53.317],[-132.538,53.327],[-132.698,53.279],[-132.443,53.146]],[[-130.406,53.687],[-130.092,53.57],[-130.125,53.696],[-130.277,53.804],[-130.406,53.687]],[[-130.489,53.899],[-130.447,53.982],[-130.338,53.995],[-130.491,53.878],[-130.397,53.836],[-130.229,53.954],[-130.422,54.1],[-130.674,53.989],[-130.724,53.92],[-130.715,53.858],[-130.628,53.843],[-130.701,53.92],[-130.489,53.899]],[[-130.777,54.55],[-130.757,54.634],[-130.931,54.623],[-130.968,54.47],[-130.777,54.55]],[[-130.462,54.832],[-130.438,54.795],[-130.27,54.832],[-130.158,54.948],[-130.182,55.032],[-130.462,54.832]],[[-132.671,54.677],[-133.087,55.092],[-132.956,55.064],[-133.107,55.249],[-133.182,55.236],[-133.217,55.154],[-133.121,55.099],[-133.217,55.099],[-133.148,54.954],[-132.908,54.838],[-132.956,54.804],[-132.843,54.694],[-132.671,54.677]],[[-131.48,55.006],[-131.357,55.033],[-131.373,55.201],[-131.552,55.277],[-131.517,55.134],[-131.625,55.017],[-131.534,55.087],[-131.48,55.006]],[[-131.633,55.263],[-131.85,55.416],[-131.805,55.181],[-131.723,55.14],[-131.764,55.249],[-131.686,55.23],[-131.633,55.263]],[[-131.949,54.79],[-132.047,54.899],[-131.976,54.908],[-131.963,55.03],[-132.223,54.989],[-132.001,55.104],[-131.994,55.268],[-132.24,55.197],[-132.243,55.256],[-132.095,55.267],[-132.155,55.366],[-132.484,55.407],[-132.277,55.453],[-132.401,55.517],[-132.682,55.455],[-132.515,55.547],[-132.524,55.625],[-132.151,55.449],[-132.158,55.497],[-132.371,55.668],[-132.435,55.627],[-132.463,55.777],[-132.736,55.997],[-133.093,56.069],[-133.14,56.119],[-133.025,56.172],[-133.167,56.325],[-133.312,56.277],[-133.615,56.353],[-133.573,56.185],[-133.265,56.147],[-133.26,55.945],[-133.14,55.877],[-133.237,55.745],[-133.382,55.723],[-133.379,55.63],[-132.908,55.633],[-133.126,55.484],[-132.846,55.352],[-133.207,55.384],[-133.265,55.345],[-133.213,55.279],[-132.91,55.285],[-133.035,55.226],[-132.949,55.208],[-132.799,55.27],[-132.696,55.147],[-132.62,55.153],[-132.656,55.219],[-132.641,55.256],[-132.558,55.168],[-132.613,55.064],[-132.56,55.124],[-132.465,55.051],[-132.572,55.044],[-132.593,54.968],[-132.49,55.003],[-132.444,54.963],[-132.501,54.914],[-132.436,54.917],[-132.38,55.023],[-132.394,54.935],[-132.265,54.845],[-132.36,54.804],[-132.216,54.804],[-132.278,54.715],[-132.004,54.694],[-132.01,54.784],[-131.949,54.79]],[[-130.969,55.701],[-131.28,55.965],[-131.579,55.907],[-131.47,55.832],[-131.688,55.832],[-131.483,55.783],[-131.709,55.74],[-131.517,55.729],[-131.687,55.684],[-131.699,55.616],[-131.62,55.595],[-131.82,55.464],[-131.526,55.299],[-131.466,55.372],[-131.506,55.499],[-131.421,55.53],[-131.462,55.332],[-131.325,55.447],[-131.351,55.646],[-131.271,55.447],[-131.463,55.293],[-131.298,55.277],[-131.21,55.406],[-131.311,55.236],[-131.192,55.186],[-131.056,55.274],[-131.027,55.41],[-130.972,55.385],[-130.969,55.701]],[[-132.703,56.222],[-132.705,56.117],[-132.449,56.065],[-132.336,55.918],[-132.133,55.929],[-132.202,56.092],[-132.092,56.106],[-132.359,56.218],[-132.484,56.195],[-132.39,56.236],[-132.394,56.339],[-132.703,56.222]],[[-131.928,56.211],[-132.004,56.339],[-132.152,56.352],[-132.375,56.488],[-132.338,56.258],[-132.072,56.119],[-131.928,56.211]],[[-132.613,56.401],[-132.703,56.462],[-132.947,56.446],[-133.055,56.345],[-132.869,56.243],[-132.668,56.275],[-132.613,56.401]],[[-132.963,56.8],[-132.881,56.64],[-132.937,56.518],[-132.533,56.58],[-132.752,56.759],[-132.963,56.8]],[[-132.98,56.935],[-133.299,57.01],[-133.263,56.925],[-133.465,57.025],[-134.011,57.055],[-133.738,56.894],[-133.863,56.868],[-133.753,56.807],[-133.679,56.854],[-133.659,56.464],[-133.173,56.456],[-133.079,56.53],[-133.168,56.606],[-133.107,56.621],[-133.242,56.634],[-133.222,56.732],[-133.305,56.735],[-133.346,56.838],[-133.025,56.613],[-132.941,56.627],[-132.963,56.8],[-132.98,56.935]],[[-123.281,48.448],[-123.346,48.523],[-123.399,48.682],[-123.472,48.685],[-123.437,48.65],[-123.535,48.54],[-123.527,48.678],[-123.651,48.753],[-123.573,48.746],[-123.58,48.822],[-123.835,49.0],[-123.751,49.028],[-123.813,49.119],[-123.931,49.144],[-123.978,49.241],[-124.178,49.26],[-124.109,49.28],[-124.159,49.31],[-124.795,49.473],[-124.976,49.668],[-124.882,49.725],[-125.178,49.925],[-125.454,50.329],[-126.864,50.53],[-127.882,50.867],[-128.417,50.772],[-128.278,50.669],[-128.32,50.61],[-128.06,50.453],[-127.593,50.544],[-127.635,50.58],[-127.799,50.589],[-127.878,50.63],[-127.419,50.603],[-127.562,50.521],[-127.447,50.377],[-127.591,50.486],[-127.926,50.462],[-127.968,50.342],[-127.747,50.243],[-127.898,50.114],[-127.463,50.187],[-127.467,50.09],[-127.363,50.033],[-127.283,50.062],[-127.285,50.151],[-127.19,50.096],[-127.097,50.151],[-127.238,49.962],[-127.142,49.867],[-126.936,49.867],[-126.919,49.973],[-126.839,49.888],[-126.844,49.973],[-126.65,49.898],[-126.573,49.707],[-126.467,49.792],[-126.411,49.778],[-126.453,49.674],[-126.092,49.67],[-126.563,49.587],[-126.528,49.379],[-126.448,49.471],[-126.297,49.363],[-126.255,49.451],[-126.055,49.445],[-126.014,49.322],[-125.912,49.438],[-126.028,49.274],[-125.844,49.267],[-125.775,49.37],[-125.747,49.148],[-125.613,49.206],[-125.872,49.09],[-125.489,48.919],[-125.343,49.041],[-125.24,48.955],[-124.888,49.014],[-124.808,49.247],[-124.847,49.02],[-125.185,48.801],[-125.094,48.73],[-123.654,48.314],[-123.551,48.313],[-123.437,48.445],[-123.281,48.448]],[[-126.618,49.631],[-126.691,49.857],[-126.978,49.829],[-126.856,49.78],[-126.974,49.736],[-126.679,49.592],[-126.618,49.631]],[[-125.398,50.308],[-125.212,50.322],[-125.136,50.232],[-125.142,50.126],[-125.048,50.206],[-125.171,50.391],[-125.288,50.437],[-125.398,50.308]],[[-126.618,50.672],[-126.288,50.655],[-126.179,50.751],[-126.272,50.83],[-126.618,50.672]],[[-127.876,51.474],[-128.01,51.724],[-128.139,51.658],[-128.086,51.487],[-127.918,51.421],[-127.876,51.474]],[[-128.138,51.864],[-128.135,51.747],[-128.018,51.772],[-127.953,52.049],[-128.159,52.035],[-128.245,51.892],[-128.138,51.864]],[[-128.228,52.213],[-128.447,52.238],[-128.522,52.158],[-128.358,52.145],[-128.34,52.079],[-128.228,52.213]],[[-127.207,52.351],[-127.241,52.426],[-127.751,52.25],[-127.902,51.968],[-127.718,51.988],[-127.642,52.138],[-127.207,52.351]],[[-128.551,52.665],[-128.583,52.6],[-128.739,52.591],[-128.7,52.522],[-128.817,52.522],[-128.699,52.518],[-128.485,52.443],[-128.551,52.665]],[[-128.466,52.383],[-128.282,52.489],[-128.372,52.796],[-128.447,52.741],[-128.411,52.439],[-128.466,52.383]],[[-128.93,52.614],[-129.275,52.825],[-129.276,52.727],[-128.981,52.454],[-128.93,52.614]],[[-128.76,52.669],[-128.749,52.913],[-128.664,52.971],[-128.755,52.604],[-128.595,52.614],[-128.522,52.933],[-128.622,53.156],[-129.078,53.303],[-129.177,52.937],[-129.1,52.903],[-128.94,53.022],[-128.865,53.036],[-129.015,53.146],[-128.838,53.036],[-129.071,52.893],[-129.017,52.859],[-129.125,52.868],[-129.052,52.745],[-128.76,52.669]],[[-129.331,53.132],[-129.14,53.105],[-129.174,53.303],[-129.276,53.331],[-129.331,53.132]],[[-128.906,53.391],[-128.997,53.544],[-129.148,53.364],[-128.928,53.328],[-128.906,53.391]],[[-129.166,53.385],[-129.094,53.509],[-128.981,53.585],[-128.884,53.576],[-128.824,53.708],[-129.136,53.649],[-129.166,53.385]],[[-120.044,34.037],[-120.249,34.001],[-120.124,33.895],[-119.971,33.953],[-120.044,34.037]],[[-122.381,48.016],[-122.514,48.091],[-122.536,48.006],[-122.581,48.188],[-122.724,48.234],[-122.518,48.294],[-122.657,48.385],[-122.744,48.206],[-122.607,48.154],[-122.562,47.987],[-122.387,47.905],[-122.381,48.016]],[[-124.439,49.612],[-124.123,49.5],[-124.348,49.704],[-124.658,49.801],[-124.439,49.612]]],[[[-164.07,60.795],[-163.409,60.752],[-163.78,60.58],[-163.816,60.755],[-163.986,60.776],[-164.42,60.554],[-164.218,60.69],[-164.271,60.788],[-164.691,60.85],[-164.07,60.795]]]]},"properties":{"realm":7,"name":"North Pacific","group":3,"group_name":"NE and NW Atlantic and Mediterranean, Arctic and North Pacific","pct_unique":27,"species":5535,"color":"#4b45d3","area_km2":11415520}},{"type":"Feature","geometry":{"type":"MultiPolygon","coordinates":[[[[-90.586,57.23],[-91.031,57.265],[-92.471,56.935],[-92.218,57.063],[-92.491,57.038],[-92.665,56.948],[-92.424,57.354],[-92.786,57.839],[-92.808,58.076],[-93.123,58.513],[-93.156,58.744],[-94.177,58.779],[-94.232,58.401],[-94.362,58.223],[-94.204,58.806],[-94.437,58.724],[-94.608,58.882],[-94.746,58.833],[-94.683,58.95],[-94.804,59.063],[-94.999,59.053],[-94.793,59.094],[-94.772,59.298],[-94.66,59.359],[-94.739,59.348],[-94.793,59.526],[-94.821,59.948],[-94.616,60.392],[-94.801,60.498],[-94.52,60.547],[-94.352,60.858],[-93.986,61.101],[-94.101,61.163],[-93.999,61.225],[-94.115,61.328],[-93.822,61.35],[-93.985,61.458],[-93.834,61.575],[-93.313,61.732],[-93.472,61.767],[-93.265,61.744],[-93.614,61.861],[-93.492,61.889],[-93.617,61.952],[-93.279,61.897],[-93.389,61.951],[-93.217,61.958],[-93.416,62.034],[-93.17,61.986],[-93.161,62.048],[-92.93,62.117],[-93.115,62.16],[-92.765,62.218],[-93.252,62.37],[-92.744,62.294],[-92.597,62.161],[-92.471,62.15],[-92.636,62.26],[-92.62,62.323],[-92.827,62.356],[-92.683,62.377],[-92.705,62.469],[-92.532,62.445],[-92.501,62.513],[-92.559,62.493],[-92.619,62.623],[-92.429,62.541],[-92.183,62.613],[-92.176,62.547],[-91.983,62.532],[-91.888,62.62],[-92.278,62.679],[-92.224,62.692],[-92.453,62.825],[-92.099,62.804],[-92.135,62.877],[-91.394,62.787],[-91.031,62.951],[-90.784,62.945],[-90.626,63.061],[-90.73,63.185],[-90.751,63.321],[-90.689,63.357],[-90.976,63.424],[-90.785,63.398],[-91.391,63.488],[-91.778,63.714],[-92.467,63.528],[-92.546,63.555],[-92.1,63.699],[-92.412,63.747],[-92.499,63.821],[-92.635,63.784],[-93.104,63.881],[-93.401,63.977],[-93.451,63.932],[-93.217,63.843],[-93.647,63.881],[-93.766,63.993],[-93.556,64.034],[-93.78,64.192],[-93.448,64.023],[-92.786,63.901],[-92.751,63.863],[-92.506,63.831],[-92.374,63.779],[-91.888,63.809],[-91.991,63.781],[-91.701,63.78],[-90.91,63.569],[-90.545,63.61],[-90.703,63.665],[-90.648,63.706],[-90.221,63.613],[-90.062,63.743],[-90.12,63.781],[-90.0,63.80593506493506],[-90.0,57.01742215088282],[-90.586,57.23]]],[[[-90.278,64.007],[-90.0,63.970531182795696],[-90.0,63.83414102564103],[-90.278,64.007]]],[[[-90.127,64.13],[-90.0,64.13473559322034],[-90.0,64.12153333333333],[-90.127,64.13]]],[[[-90.354,65.87],[-90.0,65.84146140651801],[-90.0,65.78866019417475],[-90.354,65.87]]],[[[-90.004,65.947],[-90.0,65.947],[-90.0,65.94608860759494],[-90.004,65.947]]],[[[-90.164,68.315],[-90.12,68.263],[-90.271,68.242],[-90.338,68.352],[-90.476,68.338],[-90.319,68.379],[-90.607,68.444],[-90.477,68.534],[-90.565,68.626],[-90.442,68.831],[-90.6,68.804],[-90.435,68.879],[-90.621,68.916],[-90.612,68.987],[-90.709,69.007],[-90.671,69.088],[-91.45,69.353],[-91.189,69.29],[-90.956,69.359],[-91.086,69.27],[-90.805,69.256],[-90.798,69.366],[-90.586,69.421],[-90.703,69.454],[-90.562,69.428],[-90.353,69.437],[-90.312,69.454],[-90.684,69.539],[-91.572,69.523],[-91.093,69.641],[-91.168,69.656],[-91.497,69.661],[-91.798,69.49],[-92.128,69.558],[-92.299,69.647],[-92.263,69.634],[-92.091,69.626],[-92.367,69.709],[-92.669,69.654],[-92.923,69.674],[-92.539,69.709],[-92.868,69.702],[-91.943,70.024],[-92.587,70.079],[-92.389,70.147],[-92.484,70.181],[-92.265,70.207],[-92.368,70.236],[-92.299,70.257],[-91.995,70.123],[-91.511,70.161],[-91.697,70.202],[-91.723,70.356],[-91.879,70.365],[-91.854,70.305],[-91.959,70.258],[-92.086,70.305],[-91.976,70.367],[-92.286,70.49],[-92.193,70.51],[-92.261,70.549],[-92.155,70.579],[-92.215,70.616],[-92.303,70.573],[-92.416,70.668],[-92.677,70.681],[-92.693,70.775],[-93.041,70.862],[-92.854,70.86],[-92.909,70.928],[-92.859,71.159],[-92.98,71.347],[-93.821,71.655],[-93.721,71.765],[-94.211,71.792],[-94.416,71.665],[-94.355,71.799],[-94.492,71.826],[-94.595,71.743],[-94.649,71.82],[-94.46,71.857],[-94.506,71.902],[-94.393,71.939],[-94.492,71.99],[-95.225,71.95],[-95.255,71.879],[-95.179,71.847],[-94.608,71.868],[-95.216,71.83],[-95.277,71.724],[-95.91,71.607],[-95.944,71.552],[-95.807,71.511],[-95.376,71.511],[-95.546,71.428],[-95.437,71.38],[-95.588,71.36],[-95.536,71.296],[-96.134,71.414],[-96.507,71.278],[-96.376,71.161],[-96.562,71.127],[-96.376,71.094],[-96.5,71.045],[-96.602,70.791],[-96.19,70.625],[-96.123,70.656],[-95.815,70.716],[-96.054,70.607],[-95.793,70.544],[-96.233,70.571],[-96.347,70.414],[-96.546,70.341],[-96.532,70.136],[-96.11,69.957],[-96.082,69.88],[-96.206,69.866],[-95.807,69.803],[-95.787,69.743],[-95.669,69.788],[-94.875,69.572],[-94.63,69.688],[-94.322,69.453],[-93.451,69.49],[-93.588,69.366],[-93.362,69.373],[-93.84,69.169],[-93.813,69.222],[-93.882,69.229],[-93.813,69.27],[-93.882,69.249],[-93.526,69.441],[-94.282,69.322],[-94.324,69.156],[-94.005,69.16],[-94.443,68.944],[-94.602,68.968],[-94.551,68.891],[-94.636,68.756],[-94.094,68.763],[-93.826,68.879],[-94.081,68.852],[-93.937,69.03],[-93.827,69.069],[-93.909,68.996],[-93.635,68.962],[-93.571,68.844],[-93.752,68.612],[-93.375,68.639],[-94.122,68.422],[-94.211,68.269],[-94.798,68.038],[-95.478,68.063],[-95.422,68.02],[-95.582,67.9],[-95.545,67.808],[-95.708,67.733],[-95.338,67.552],[-95.414,67.457],[-95.173,67.279],[-95.348,67.153],[-95.218,66.974],[-95.316,66.9],[-96.093,66.92],[-95.91,66.819],[-95.754,66.683],[-95.665,66.741],[-95.643,66.669],[-95.821,66.591],[-95.78,66.662],[-95.852,66.758],[-96.456,67.06],[-96.28,67.07],[-96.26,66.991],[-96.127,66.957],[-95.956,67.075],[-95.992,67.009],[-95.914,66.948],[-95.421,66.949],[-95.33,67.01],[-95.437,67.201],[-95.483,67.141],[-95.522,67.22],[-95.835,67.166],[-95.554,67.324],[-95.581,67.385],[-96.111,67.222],[-96.253,67.248],[-96.096,67.467],[-96.465,67.478],[-96.344,67.689],[-96.182,67.643],[-96.217,67.81],[-96.024,68.116],[-96.082,68.146],[-95.897,68.297],[-96.548,68.085],[-96.445,68.05],[-96.765,68.017],[-96.795,68.072],[-96.404,68.318],[-96.621,68.186],[-96.69,68.286],[-97.081,68.266],[-96.993,68.338],[-97.26,68.469],[-97.621,68.462],[-97.529,68.421],[-97.636,68.455],[-97.705,68.528],[-97.98,68.547],[-98.01,68.499],[-97.748,68.369],[-98.213,68.304],[-98.526,68.425],[-98.46,68.365],[-98.515,68.332],[-98.713,68.379],[-98.316,68.167],[-98.411,68.082],[-98.456,68.184],[-98.59,68.153],[-98.095,67.837],[-98.002,67.959],[-97.693,68.023],[-97.364,67.877],[-97.25,67.925],[-97.121,67.793],[-97.226,67.715],[-97.061,67.68],[-97.213,67.625],[-97.558,67.595],[-97.927,67.697],[-98.585,68.096],[-98.734,68.071],[-98.727,67.958],[-98.363,67.795],[-98.683,67.813],[-98.936,67.697],[-99.768,67.826],[-100.59,67.796],[-100.707,67.851],[-100.907,67.829],[-100.957,67.749],[-101.448,67.734],[-101.416,67.69],[-101.981,67.792],[-102.219,67.692],[-103.364,68.011],[-103.339,68.112],[-103.415,68.169],[-103.793,68.026],[-104.484,68.034],[-104.676,68.14],[-104.602,68.235],[-104.935,68.236],[-104.842,68.292],[-104.894,68.351],[-105.086,68.31],[-105.039,68.259],[-105.333,68.413],[-105.544,68.414],[-105.324,68.482],[-105.539,68.65],[-105.47,68.722],[-105.796,68.883],[-106.222,68.946],[-107.293,68.701],[-108.281,68.622],[-108.815,68.274],[-108.417,68.304],[-108.458,68.187],[-108.328,68.205],[-108.434,68.156],[-108.389,68.111],[-107.615,68.167],[-107.889,68.269],[-107.827,68.345],[-107.547,68.352],[-107.155,68.27],[-106.787,68.415],[-106.553,68.297],[-106.488,68.407],[-106.635,68.469],[-106.422,68.516],[-106.553,68.516],[-105.648,68.639],[-105.779,68.551],[-105.698,68.489],[-105.727,68.427],[-106.446,68.351],[-106.484,68.229],[-106.347,68.187],[-106.443,68.153],[-106.631,68.25],[-106.645,68.173],[-106.813,68.208],[-106.758,68.105],[-107.147,68.132],[-107.774,67.989],[-107.834,68.009],[-107.738,68.043],[-107.814,68.057],[-107.697,68.078],[-107.88,68.093],[-107.91,67.995],[-107.659,67.947],[-107.942,67.854],[-108.006,67.71],[-107.586,67.501],[-107.716,67.405],[-107.527,67.212],[-107.203,67.125],[-107.403,67.041],[-107.088,66.831],[-107.401,66.974],[-107.396,66.892],[-107.484,66.886],[-107.409,66.817],[-107.563,66.84],[-107.697,66.954],[-107.484,66.919],[-107.643,67.077],[-107.608,66.974],[-107.766,66.996],[-107.69,66.769],[-107.8,66.769],[-107.25,66.414],[-107.258,66.354],[-107.858,66.76],[-107.889,66.67],[-107.995,66.832],[-108.232,66.851],[-108.136,66.86],[-108.119,66.939],[-108.518,67.037],[-108.622,67.153],[-108.215,67.027],[-108.139,67.08],[-107.885,67.048],[-107.993,67.282],[-108.37,67.448],[-108.471,67.351],[-108.64,67.629],[-108.731,67.616],[-108.824,67.357],[-109.013,67.461],[-108.929,67.532],[-109.067,67.72],[-109.406,67.77],[-109.518,67.691],[-109.717,67.719],[-109.623,67.742],[-109.832,67.874],[-109.967,67.834],[-109.971,67.967],[-110.082,68.009],[-110.203,67.974],[-110.158,67.918],[-110.343,67.968],[-111.019,67.768],[-111.212,67.762],[-111.167,67.846],[-111.546,67.721],[-111.932,67.749],[-111.885,67.685],[-112.028,67.749],[-112.421,67.682],[-113.859,67.696],[-115.518,67.895],[-115.112,68.016],[-115.249,68.043],[-115.18,68.142],[-115.242,68.187],[-114.755,68.194],[-114.969,68.283],[-114.035,68.241],[-114.057,68.304],[-113.905,68.4],[-114.111,68.413],[-114.08,68.494],[-114.523,68.717],[-115.567,68.972],[-116.318,68.968],[-115.971,68.809],[-116.974,68.946],[-117.165,68.894],[-118.041,69.025],[-118.666,69.225],[-120.086,69.364],[-120.807,69.624],[-122.036,69.819],[-122.98,69.835],[-123.157,69.77],[-123.1,69.675],[-123.166,69.5],[-123.443,69.477],[-123.383,69.414],[-124.423,69.367],[-124.521,69.408],[-124.034,69.682],[-124.507,69.736],[-124.404,69.86],[-124.507,69.916],[-124.435,69.955],[-124.541,69.97],[-124.37,70.042],[-124.408,70.155],[-124.754,70.127],[-124.417,70.051],[-124.546,70.019],[-124.671,70.079],[-125.048,70.03],[-125.014,70.086],[-125.206,70.003],[-125.209,69.935],[-124.993,70.01],[-124.63,69.986],[-124.915,69.935],[-125.065,69.799],[-125.181,69.857],[-125.281,69.811],[-124.822,69.715],[-124.937,69.65],[-125.068,69.751],[-125.37,69.695],[-125.438,69.613],[-125.219,69.585],[-125.294,69.551],[-125.117,69.49],[-125.484,69.514],[-125.624,69.421],[-125.089,69.454],[-125.161,69.386],[-125.46,69.414],[-125.37,69.353],[-125.425,69.318],[-125.939,69.414],[-126.559,69.691],[-126.226,70.073],[-125.986,70.562],[-125.802,71.951],[-124.959,71.967],[-125.253,71.956],[-124.065,71.7],[-123.669,71.495],[-123.255,71.13],[-122.798,71.088],[-121.701,71.468],[-121.423,71.38],[-120.635,71.491],[-120.382,71.692],[-120.434,71.964],[-120.158,72.128],[-120.255,72.261],[-119.806,72.223],[-119.34,72.347],[-119.164,72.63],[-115.321,73.481],[-115.619,73.669],[-117.416,74.232],[-118.066,74.281],[-118.725,74.221],[-118.883,74.179],[-118.805,74.101],[-118.952,74.018],[-119.189,73.992],[-119.069,74.091],[-119.144,74.209],[-119.48,74.226],[-119.765,74.035],[-119.818,74.104],[-119.662,74.225],[-119.518,74.231],[-120.157,74.279],[-121.581,74.556],[-124.756,74.349],[-124.546,74.265],[-124.466,74.074],[-124.213,73.879],[-123.774,73.766],[-124.074,73.653],[-124.068,73.54],[-124.434,73.429],[-124.404,73.375],[-124.644,73.17],[-124.86,73.09],[-124.476,72.933],[-125.118,72.863],[-124.977,72.762],[-125.021,72.703],[-124.946,72.703],[-125.103,72.635],[-124.952,72.57],[-125.438,72.416],[-125.491,72.278],[-125.679,72.231],[-125.569,72.175],[-125.795,72.114],[-125.719,72.08],[-125.803,71.979],[-125.84,72.87],[-125.676,73.729],[-124.965,75.564],[-124.753,75.889],[-124.521,76.045],[-123.731,76.173],[-122.847,76.209],[-123.041,76.088],[-122.67,76.178],[-122.493,76.144],[-122.705,76.116],[-122.484,76.117],[-122.732,75.978],[-122.619,75.942],[-121.847,76.045],[-121.3,75.911],[-121.118,76.0],[-120.939,75.968],[-121.023,76.078],[-120.436,76.006],[-120.388,75.972],[-120.489,75.847],[-120.387,75.807],[-120.161,75.898],[-120.044,75.843],[-119.607,75.917],[-119.696,75.951],[-118.638,75.917],[-119.409,75.616],[-118.661,75.503],[-118.202,75.602],[-118.271,75.616],[-117.935,75.735],[-117.576,75.998],[-117.118,76.064],[-116.657,76.094],[-116.702,76.04],[-116.461,75.978],[-116.714,75.961],[-116.708,75.9],[-114.812,75.902],[-116.885,75.789],[-117.239,75.583],[-116.116,75.578],[-115.697,75.646],[-115.002,75.698],[-116.042,75.485],[-117.202,75.481],[-117.688,75.26],[-116.767,75.122],[-116.256,75.211],[-116.338,75.116],[-116.044,75.129],[-116.256,75.06],[-115.715,74.97],[-115.537,75.04],[-115.667,75.149],[-115.406,75.103],[-115.263,75.183],[-115.173,75.1],[-115.196,75.002],[-115.058,74.967],[-114.441,75.068],[-114.303,75.182],[-114.615,75.283],[-114.196,75.225],[-114.046,75.366],[-114.071,75.475],[-113.874,75.374],[-113.323,75.424],[-113.813,75.324],[-113.94,75.183],[-113.645,75.191],[-113.929,75.144],[-113.958,75.074],[-113.887,75.058],[-113.206,75.088],[-113.138,75.15],[-112.857,75.11],[-112.699,75.142],[-112.741,75.205],[-112.679,75.28],[-112.59,75.183],[-112.405,75.246],[-112.337,75.226],[-112.473,75.15],[-112.346,75.122],[-111.562,75.15],[-111.624,75.163],[-111.244,75.267],[-110.918,75.232],[-111.586,75.006],[-112.798,74.985],[-113.33,74.883],[-113.218,74.846],[-113.972,74.808],[-114.44,74.684],[-113.693,74.444],[-112.437,74.414],[-111.001,74.616],[-110.589,74.725],[-110.666,74.791],[-110.308,74.852],[-109.532,74.867],[-108.824,75.072],[-108.512,74.978],[-108.807,74.985],[-108.417,74.917],[-107.944,74.937],[-108.019,74.951],[-107.947,74.972],[-107.991,75.013],[-107.774,75.034],[-107.772,75.101],[-107.686,74.982],[-107.231,74.92],[-105.998,75.06],[-106.074,75.105],[-105.84,75.183],[-105.939,75.215],[-105.593,75.465],[-105.751,75.492],[-105.395,75.643],[-105.512,75.891],[-105.76,75.99],[-106.607,76.062],[-106.891,75.941],[-106.862,75.826],[-106.615,75.801],[-106.882,75.766],[-106.881,75.649],[-107.033,75.774],[-106.957,75.794],[-107.108,75.842],[-107.076,75.899],[-107.721,75.886],[-108.026,75.787],[-107.64,75.989],[-107.889,76.068],[-108.499,76.04],[-108.382,76.088],[-108.458,76.103],[-108.378,76.174],[-108.12,76.21],[-108.232,76.253],[-108.081,76.287],[-108.616,76.423],[-108.485,76.459],[-108.629,76.52],[-108.539,76.562],[-108.732,76.643],[-108.469,76.686],[-108.486,76.757],[-108.69,76.771],[-108.649,76.815],[-108.759,76.863],[-109.035,76.828],[-107.417,77.31],[-105.878,77.644],[-105.861,77.548],[-105.682,77.516],[-105.765,77.466],[-105.661,77.384],[-105.319,77.226],[-105.395,77.219],[-104.791,77.11],[-104.45,77.152],[-104.371,77.235],[-104.476,77.287],[-104.421,77.308],[-104.749,77.418],[-105.016,77.415],[-104.952,77.487],[-104.996,77.537],[-105.5,77.72],[-103.129,78.359],[-102.744,78.381],[-102.667,78.364],[-102.802,78.288],[-102.593,78.244],[-102.161,78.288],[-101.06,78.206],[-100.762,78.083],[-100.831,78.015],[-100.625,77.87],[-100.28,77.819],[-99.939,77.783],[-99.018,77.887],[-99.104,77.966],[-98.946,78.069],[-99.534,78.288],[-99.803,78.308],[-99.748,78.381],[-99.872,78.439],[-99.558,78.599],[-100.063,78.638],[-99.892,78.699],[-100.35,78.824],[-101.185,78.807],[-100.988,78.932],[-101.764,79.086],[-99.665,81.059],[-98.684,81.78],[-97.878,82.156],[-95.693,82.863],[-94.754,83.438],[-94.359,84.028],[-93.882,85.763],[-93.51,86.482],[-92.55,87.673],[-91.62,88.541],[-90.918,88.988],[-90.0,88.98797926618559],[-90.0,81.9107274472169],[-90.243,81.9],[-91.957,81.66],[-91.409,81.55],[-91.47,81.53],[-90.962,81.563],[-91.008,81.608],[-90.716,81.674],[-90.291,81.646],[-90.356,81.691],[-90.299,81.704],[-90.024,81.646],[-90.092,81.626],[-90.0,81.62709090909091],[-90.0,81.57188226059655],[-90.86,81.447],[-90.492,81.371],[-90.0,81.42136761284318],[-90.0,81.24670460704607],[-90.353,81.174],[-90.0,81.06615749525618],[-90.0,80.53965665236052],[-90.007,80.542],[-90.731,80.567],[-90.593,80.653],[-91.089,80.749],[-91.525,80.978],[-91.915,81.077],[-91.785,81.091],[-91.847,81.125],[-91.798,81.159],[-93.258,81.373],[-93.548,81.385],[-93.485,81.335],[-93.567,81.303],[-94.188,81.367],[-94.396,81.262],[-93.217,81.215],[-93.1,81.156],[-93.156,81.098],[-94.302,81.123],[-94.36,81.105],[-93.909,81.043],[-94.447,80.968],[-94.903,81.064],[-95.485,80.906],[-95.15,80.886],[-95.534,80.824],[-94.129,80.728],[-94.074,80.707],[-94.677,80.666],[-93.786,80.529],[-96.027,80.584],[-95.904,80.543],[-96.102,80.495],[-95.437,80.344],[-96.685,80.344],[-95.969,80.201],[-95.232,80.241],[-95.698,80.18],[-95.402,80.127],[-94.586,80.226],[-94.087,80.18],[-94.807,80.097],[-94.382,79.988],[-96.802,80.097],[-96.721,80.054],[-96.39,80.049],[-96.678,80.015],[-96.596,79.96],[-96.137,79.912],[-96.589,79.857],[-96.39,79.864],[-96.493,79.837],[-95.854,79.652],[-95.193,79.647],[-94.3,79.775],[-94.341,79.686],[-95.739,79.542],[-95.78,79.481],[-95.67,79.447],[-95.755,79.406],[-95.28,79.405],[-95.164,79.35],[-95.321,79.337],[-95.211,79.281],[-94.388,79.371],[-94.48,79.427],[-93.841,79.399],[-94.211,79.275],[-93.93,79.259],[-93.321,79.452],[-93.234,79.418],[-93.389,79.343],[-93.005,79.392],[-93.147,79.466],[-93.087,79.487],[-92.924,79.416],[-92.23,79.433],[-92.58,79.385],[-92.495,79.365],[-91.121,79.392],[-92.696,79.267],[-92.627,79.245],[-90.366,79.248],[-93.33,79.171],[-93.609,79.057],[-94.294,78.987],[-93.875,78.834],[-93.038,78.768],[-93.813,78.768],[-93.374,78.688],[-93.472,78.652],[-93.282,78.595],[-92.811,78.638],[-91.649,78.565],[-92.991,78.466],[-92.503,78.313],[-92.22,78.332],[-92.327,78.289],[-92.025,78.211],[-90.353,78.145],[-90.276,78.186],[-90.373,78.241],[-90.325,78.274],[-90.751,78.323],[-90.332,78.336],[-90.0,78.27088711516534],[-90.0,77.54666666666667],[-90.304,77.629],[-90.882,77.658],[-91.209,77.575],[-91.2,77.408],[-91.102,77.362],[-90.236,77.205],[-90.0,77.26010659898478],[-90.0,76.83932352941176],[-90.594,76.751],[-90.158,76.506],[-90.0,76.50632712215321],[-90.0,76.33362900505902],[-91.566,76.5],[-90.469,76.486],[-90.921,76.643],[-91.441,76.694],[-92.369,76.599],[-93.079,76.628],[-93.561,76.395],[-93.656,76.445],[-93.299,76.555],[-93.176,76.681],[-93.197,76.753],[-93.701,76.921],[-94.234,76.891],[-95.771,77.077],[-96.39,77.034],[-96.247,77.006],[-96.473,76.959],[-96.818,76.983],[-96.658,76.952],[-96.851,76.93],[-96.82,76.872],[-96.308,76.76],[-96.868,76.814],[-96.966,76.739],[-96.027,76.555],[-95.588,76.61],[-96.109,76.5],[-95.823,76.399],[-94.801,76.328],[-95.358,76.305],[-95.39,76.239],[-95.061,76.225],[-94.749,76.315],[-93.704,76.252],[-93.635,76.26],[-93.766,76.287],[-93.29,76.369],[-93.06,76.349],[-92.666,76.135],[-92.62,76.015],[-92.127,75.874],[-92.176,75.753],[-92.004,75.602],[-92.381,75.456],[-92.463,75.376],[-92.327,75.376],[-92.504,75.218],[-92.056,75.153],[-92.114,75.136],[-92.012,75.101],[-92.23,75.074],[-92.012,74.91],[-92.063,74.803],[-91.513,74.645],[-91.368,74.649],[-91.33,74.721],[-91.286,74.636],[-91.099,74.629],[-91.23,74.738],[-90.787,74.89],[-90.757,74.834],[-91.025,74.704],[-90.723,74.738],[-90.73,74.663],[-90.564,74.609],[-90.312,74.629],[-90.373,74.602],[-90.0,74.54038105726872],[-90.0,71.9885],[-90.119,71.929],[-90.0,71.86820249221184],[-90.0,71.6276072874494],[-90.045,71.597],[-90.0,71.56455813953488],[-90.0,71.46302222222224],[-90.004,71.456],[-90.0,71.45290066225165],[-90.0,68.40988963210702],[-90.164,68.315]],[[-104.681,68.579],[-105.086,68.551],[-104.715,68.415],[-104.429,68.445],[-104.681,68.579]],[[-101.98,68.826],[-102.352,68.687],[-101.845,68.571],[-101.825,68.653],[-101.694,68.654],[-101.708,68.788],[-101.98,68.826]],[[-100.959,69.925],[-100.927,70.017],[-101.022,70.186],[-101.529,70.113],[-101.647,70.204],[-101.595,70.277],[-102.192,70.333],[-102.851,70.516],[-102.86,70.597],[-103.087,70.677],[-103.161,70.661],[-103.125,70.576],[-102.928,70.499],[-103.572,70.606],[-103.998,70.762],[-104.203,70.955],[-104.591,71.073],[-104.648,71.12],[-104.441,71.249],[-104.487,71.348],[-104.281,71.35],[-104.408,71.511],[-104.365,71.577],[-105.025,72.073],[-104.966,72.194],[-105.305,72.457],[-105.196,72.484],[-105.319,72.559],[-105.29,72.654],[-105.511,72.779],[-105.319,72.738],[-105.367,72.792],[-105.85,73.06],[-106.234,73.087],[-106.873,73.316],[-107.088,73.286],[-107.129,73.244],[-107.011,73.197],[-107.073,73.178],[-108.088,73.354],[-108.013,73.313],[-108.157,73.306],[-108.119,73.269],[-107.868,73.19],[-108.165,73.206],[-108.298,73.134],[-108.157,73.052],[-108.235,73.043],[-108.136,72.985],[-108.084,72.76],[-107.958,72.642],[-108.013,72.621],[-107.875,72.573],[-107.985,72.518],[-107.786,72.463],[-107.872,72.435],[-107.718,72.303],[-107.865,72.296],[-107.779,72.141],[-107.252,71.902],[-107.472,71.87],[-107.252,71.806],[-107.834,71.71],[-107.741,71.618],[-108.246,71.723],[-108.17,71.754],[-108.287,71.799],[-108.294,71.881],[-108.192,71.963],[-108.341,71.936],[-108.293,71.976],[-108.417,71.99],[-108.402,72.149],[-108.54,72.149],[-108.663,72.361],[-108.59,72.504],[-108.633,72.566],[-109.047,72.573],[-108.946,72.674],[-109.752,72.881],[-109.623,72.916],[-110.736,73.001],[-110.529,72.849],[-110.173,72.791],[-110.255,72.739],[-109.773,72.717],[-110.294,72.676],[-110.062,72.651],[-109.788,72.504],[-110.259,72.559],[-109.78,72.436],[-110.058,72.44],[-110.35,72.559],[-110.534,72.504],[-110.334,72.427],[-110.603,72.504],[-110.486,72.558],[-110.704,72.579],[-110.836,72.525],[-110.788,72.477],[-111.086,72.408],[-111.028,72.285],[-111.377,72.354],[-111.205,72.463],[-111.295,72.471],[-111.59,72.382],[-111.418,72.347],[-111.753,72.207],[-111.659,72.36],[-111.888,72.368],[-111.289,72.566],[-111.22,72.724],[-113.015,73.016],[-113.391,72.912],[-113.604,72.778],[-113.443,72.752],[-113.44,72.685],[-113.66,72.613],[-113.734,72.614],[-113.509,72.703],[-114.546,72.568],[-114.604,72.607],[-114.248,72.689],[-114.337,72.756],[-113.981,72.809],[-114.057,72.889],[-113.958,73.14],[-114.265,73.336],[-114.584,73.385],[-117.369,72.918],[-118.19,72.635],[-118.593,72.429],[-118.174,72.338],[-118.128,72.227],[-118.678,72.142],[-119.076,71.919],[-119.138,71.774],[-119.051,71.627],[-118.889,71.583],[-118.833,71.663],[-118.461,71.653],[-118.429,71.58],[-118.076,71.665],[-117.695,71.668],[-117.969,71.622],[-117.672,71.559],[-118.308,71.47],[-118.162,71.379],[-117.551,71.374],[-117.483,71.421],[-117.632,71.463],[-117.565,71.504],[-117.381,71.452],[-117.39,71.387],[-115.824,71.548],[-115.057,71.525],[-116.19,71.445],[-115.729,71.387],[-117.798,71.17],[-118.421,70.991],[-117.585,70.606],[-116.233,70.64],[-115.561,70.579],[-113.988,70.716],[-112.172,70.503],[-111.964,70.375],[-111.487,70.332],[-111.59,70.312],[-111.446,70.29],[-111.716,70.262],[-112.261,70.309],[-112.138,70.277],[-112.586,70.2],[-114.509,70.315],[-116.965,70.129],[-117.442,69.989],[-117.236,69.756],[-116.859,69.654],[-116.906,69.593],[-116.596,69.564],[-116.558,69.496],[-116.633,69.462],[-115.975,69.3],[-114.255,69.284],[-113.541,69.191],[-113.693,69.195],[-113.55,69.044],[-113.638,69.03],[-113.572,68.965],[-113.672,68.91],[-113.619,68.845],[-113.668,68.815],[-113.35,68.592],[-113.039,68.495],[-113.298,68.491],[-113.244,68.454],[-111.251,68.52],[-111.205,68.551],[-111.418,68.579],[-110.845,68.595],[-111.042,68.564],[-110.98,68.548],[-110.569,68.619],[-110.376,68.576],[-109.029,68.727],[-108.565,68.876],[-108.539,68.947],[-107.335,69.026],[-106.937,69.216],[-106.963,69.363],[-106.751,69.38],[-106.584,69.504],[-106.318,69.401],[-106.274,69.288],[-106.412,69.188],[-104.918,69.075],[-105.278,68.955],[-105.123,68.896],[-104.594,68.864],[-104.264,68.948],[-104.1,68.858],[-102.966,68.799],[-102.714,68.84],[-102.749,68.899],[-102.523,68.866],[-102.407,68.955],[-101.847,68.988],[-101.756,69.16],[-101.927,69.262],[-102.09,69.182],[-102.222,69.229],[-102.038,69.288],[-102.173,69.353],[-101.939,69.421],[-102.283,69.504],[-102.843,69.385],[-103.198,69.12],[-103.208,69.201],[-103.024,69.28],[-103.017,69.482],[-103.085,69.523],[-103.126,69.44],[-103.221,69.555],[-103.51,69.619],[-103.49,69.695],[-102.57,69.549],[-102.487,69.691],[-102.673,69.769],[-102.395,69.818],[-102.336,69.767],[-102.225,69.92],[-101.673,69.647],[-101.439,69.909],[-101.472,69.832],[-101.329,69.679],[-100.925,69.7],[-100.886,69.887],[-100.959,69.925]],[[-104.56,73.595],[-105.381,73.771],[-106.6,73.711],[-107.039,73.484],[-106.121,73.293],[-106.196,73.286],[-106.046,73.224],[-106.108,73.197],[-105.894,73.162],[-105.285,72.851],[-105.203,72.867],[-105.36,72.95],[-105.016,73.014],[-104.762,73.173],[-104.573,73.332],[-104.49,73.532],[-104.56,73.595]],[[-103.747,75.239],[-103.821,75.367],[-104.403,75.433],[-104.702,75.333],[-104.771,75.28],[-104.689,75.267],[-104.93,75.141],[-104.229,75.019],[-103.586,75.177],[-103.747,75.239]],[[-121.023,75.823],[-121.293,75.76],[-121.059,75.739],[-120.868,75.883],[-120.998,75.931],[-121.023,75.823]],[[-102.605,75.773],[-102.389,75.89],[-101.981,75.952],[-102.49,75.969],[-103.387,75.766],[-102.605,75.773]],[[-102.319,76.044],[-103.113,76.05],[-103.932,75.927],[-103.692,75.889],[-102.319,76.044]],[[-103.236,76.047],[-102.531,76.157],[-102.585,76.184],[-102.542,76.231],[-102.727,76.316],[-104.312,76.212],[-104.478,76.147],[-104.395,76.081],[-103.811,76.034],[-103.236,76.047]],[[-104.462,76.397],[-104.333,76.369],[-104.378,76.325],[-103.336,76.332],[-103.01,76.423],[-103.796,76.623],[-104.058,76.568],[-103.925,76.64],[-104.025,76.67],[-104.681,76.602],[-104.572,76.492],[-104.398,76.469],[-104.462,76.397]],[[-101.791,77.679],[-100.932,77.745],[-101.725,77.906],[-102.398,77.889],[-102.517,77.795],[-102.449,77.733],[-101.791,77.679]],[[-103.284,78.161],[-103.087,78.122],[-102.784,78.207],[-103.024,78.27],[-103.284,78.161]],[[-100.125,68.907],[-100.404,69.03],[-100.631,68.996],[-100.603,68.756],[-100.221,68.77],[-100.125,68.907]],[[-100.051,69.107],[-100.139,69.147],[-100.25,69.069],[-100.198,68.982],[-100.022,68.94],[-99.986,69.03],[-100.051,69.107]],[[-95.828,68.876],[-96.048,69.23],[-96.155,69.164],[-96.123,69.033],[-96.226,69.054],[-96.22,69.314],[-96.893,69.498],[-97.284,69.697],[-97.391,69.6],[-97.493,69.674],[-97.342,69.709],[-97.925,69.896],[-98.284,69.757],[-98.37,69.606],[-98.024,69.435],[-98.549,69.585],[-98.591,69.52],[-98.419,69.476],[-98.611,69.449],[-98.41,69.308],[-98.653,69.301],[-98.713,69.202],[-99.007,69.139],[-99.461,69.135],[-99.597,69.027],[-99.192,68.83],[-98.97,68.955],[-98.82,68.928],[-98.863,68.834],[-98.522,68.75],[-98.364,68.858],[-98.119,68.675],[-97.789,68.66],[-97.464,68.535],[-97.159,68.518],[-97.102,68.59],[-96.52,68.448],[-95.842,68.62],[-95.796,68.737],[-95.595,68.756],[-95.53,68.678],[-95.215,68.862],[-95.828,68.876]],[[-90.66,69.381],[-90.771,69.345],[-90.777,69.277],[-90.656,69.35],[-90.685,69.229],[-90.489,69.215],[-90.58,69.362],[-90.66,69.381]],[[-90.202,69.448],[-90.507,69.367],[-90.355,69.246],[-90.154,69.36],[-90.202,69.448]],[[-96.232,69.363],[-96.143,69.353],[-96.101,69.467],[-96.169,69.571],[-96.74,69.585],[-96.232,69.363]],[[-95.885,69.344],[-95.78,69.469],[-95.835,69.558],[-95.695,69.541],[-95.712,69.322],[-95.413,69.386],[-95.369,69.496],[-95.777,69.636],[-95.994,69.499],[-95.992,69.359],[-95.885,69.344]],[[-101.381,69.538],[-101.187,69.482],[-101.304,69.448],[-101.243,69.374],[-101.002,69.448],[-101.173,69.572],[-101.381,69.538]],[[-100.262,70.456],[-100.392,70.585],[-100.194,70.579],[-100.486,70.682],[-100.715,70.681],[-100.656,70.552],[-100.262,70.456]],[[-96.452,72.642],[-96.589,72.697],[-96.538,72.752],[-97.194,72.615],[-97.026,72.729],[-97.419,72.861],[-97.274,72.879],[-97.256,72.962],[-97.985,73.044],[-98.446,72.873],[-98.494,73.018],[-97.733,73.306],[-97.15,73.395],[-97.254,73.436],[-97.165,73.45],[-97.22,73.477],[-97.632,73.46],[-97.644,73.54],[-97.22,73.556],[-96.938,73.687],[-97.194,73.847],[-97.836,73.868],[-97.774,73.919],[-98.097,73.818],[-99.129,73.752],[-99.18,73.691],[-99.789,73.868],[-99.803,73.937],[-100.303,73.861],[-99.846,73.888],[-100.023,73.738],[-100.415,73.844],[-100.886,73.832],[-101.119,73.724],[-100.858,73.669],[-100.875,73.619],[-100.549,73.601],[-100.604,73.499],[-100.42,73.419],[-100.919,73.603],[-101.23,73.606],[-101.626,73.491],[-100.858,73.263],[-100.337,73.326],[-100.406,73.368],[-100.363,73.4],[-100.054,73.245],[-99.769,73.211],[-100.039,73.194],[-100.351,73.293],[-100.556,73.231],[-100.467,73.203],[-100.611,73.148],[-100.53,73.093],[-100.315,73.142],[-100.228,73.134],[-100.323,73.101],[-100.173,73.08],[-100.228,73.052],[-100.111,72.998],[-100.18,72.991],[-100.035,72.944],[-100.305,72.875],[-100.269,72.96],[-100.417,72.978],[-100.31,73.033],[-100.467,73.019],[-100.502,72.964],[-100.392,72.95],[-100.447,72.922],[-100.317,72.806],[-100.448,72.738],[-101.334,72.725],[-101.413,72.752],[-101.277,72.779],[-101.469,72.806],[-101.598,72.908],[-101.544,72.922],[-101.739,72.928],[-101.817,72.971],[-101.735,72.971],[-101.763,73.019],[-101.948,73.093],[-102.485,73.041],[-102.756,72.812],[-102.614,72.661],[-101.934,72.487],[-101.92,72.408],[-101.776,72.395],[-101.893,72.395],[-101.782,72.309],[-101.449,72.242],[-101.216,72.335],[-100.968,72.175],[-100.637,72.186],[-99.385,71.586],[-99.235,71.35],[-98.968,71.383],[-98.73,71.272],[-98.215,71.409],[-98.042,71.531],[-98.5,71.723],[-98.295,71.902],[-98.213,71.881],[-98.359,71.734],[-98.253,71.67],[-97.685,71.618],[-97.212,71.666],[-96.74,71.852],[-96.678,71.84],[-96.738,71.799],[-96.589,71.821],[-96.501,71.931],[-96.767,71.922],[-96.541,71.955],[-96.493,72.028],[-96.869,72.045],[-96.5,72.093],[-96.534,72.244],[-96.877,72.326],[-96.306,72.437],[-96.452,72.642]],[[-96.772,72.724],[-96.651,72.779],[-96.727,72.898],[-97.014,72.779],[-96.772,72.724]],[[-97.141,73.059],[-96.973,72.93],[-96.71,72.942],[-96.568,73.052],[-96.651,73.142],[-96.759,73.115],[-96.748,73.178],[-97.044,73.156],[-97.141,73.059]],[[-91.572,74.033],[-92.334,73.943],[-92.271,73.992],[-92.43,74.062],[-93.273,74.178],[-93.73,74.161],[-93.757,74.077],[-93.919,74.14],[-94.721,74.101],[-95.249,74.01],[-95.331,73.917],[-95.155,73.827],[-94.958,73.841],[-95.116,73.814],[-94.622,73.656],[-95.412,73.776],[-95.719,73.691],[-95.54,73.581],[-95.705,73.56],[-95.636,73.528],[-95.685,73.463],[-95.602,73.389],[-95.65,73.334],[-95.582,73.162],[-95.513,73.134],[-95.652,73.119],[-95.717,72.997],[-95.623,72.93],[-95.669,72.802],[-95.513,72.738],[-95.593,72.699],[-95.363,72.64],[-95.136,72.463],[-95.235,72.44],[-95.164,72.354],[-95.177,72.155],[-94.79,72.16],[-95.201,72.111],[-95.089,72.1],[-95.211,71.994],[-94.345,72.026],[-94.06,71.984],[-94.027,72.066],[-94.234,72.032],[-93.464,72.463],[-93.817,72.645],[-93.787,72.741],[-94.321,72.765],[-93.301,72.818],[-92.385,72.71],[-92.096,72.746],[-91.376,73.203],[-91.634,73.231],[-91.258,73.272],[-90.921,73.498],[-90.983,73.56],[-90.786,73.557],[-90.196,73.902],[-91.572,74.033]],[[-98.763,73.817],[-98.143,73.878],[-97.643,74.072],[-98.173,74.098],[-99.44,73.909],[-98.763,73.817]],[[-95.256,74.519],[-95.563,74.643],[-95.87,74.581],[-95.718,74.533],[-95.256,74.519]],[[-93.642,75.04],[-93.492,75.074],[-93.462,75.135],[-93.58,75.205],[-93.499,75.268],[-93.8,75.307],[-93.649,75.328],[-94.394,75.604],[-94.9,75.645],[-95.842,75.465],[-95.705,75.403],[-96.156,75.408],[-95.78,75.383],[-96.171,75.307],[-95.904,75.293],[-96.094,75.261],[-95.986,75.252],[-96.469,75.194],[-96.616,74.992],[-96.329,75.004],[-96.404,74.937],[-96.267,74.91],[-96.065,75.024],[-96.143,74.958],[-96.033,74.951],[-96.137,74.937],[-95.898,74.826],[-95.515,74.814],[-95.511,74.744],[-95.305,74.805],[-94.724,74.632],[-93.608,74.654],[-93.44,74.789],[-93.431,74.967],[-93.642,75.04]],[[-96.552,75.517],[-96.424,75.581],[-96.206,75.458],[-95.91,75.561],[-96.375,75.66],[-96.436,75.588],[-97.055,75.499],[-96.987,75.397],[-96.503,75.462],[-96.552,75.517]],[[-97.409,75.472],[-97.378,75.68],[-97.939,75.746],[-97.57,75.865],[-97.655,75.982],[-97.507,76.191],[-97.789,76.322],[-97.665,76.486],[-98.368,76.571],[-98.151,76.589],[-98.455,76.682],[-98.857,76.678],[-98.487,76.657],[-98.752,76.582],[-99.029,76.602],[-99.056,76.541],[-98.851,76.438],[-99.139,76.455],[-99.07,76.404],[-99.257,76.469],[-99.164,76.513],[-99.687,76.602],[-99.549,76.61],[-99.641,76.637],[-100.333,76.645],[-100.988,76.507],[-100.675,76.381],[-100.139,76.383],[-99.844,76.287],[-100.178,76.318],[-100.077,76.273],[-100.479,76.234],[-99.419,76.164],[-100.221,76.136],[-99.864,75.937],[-99.491,75.983],[-99.44,75.972],[-99.947,75.875],[-100.354,76.066],[-100.625,76.081],[-100.42,76.123],[-100.741,76.096],[-100.625,76.123],[-101.132,76.245],[-101.057,76.328],[-101.322,76.415],[-102.035,76.413],[-101.955,76.369],[-102.195,76.294],[-102.058,76.28],[-102.168,76.239],[-101.385,76.253],[-101.903,76.106],[-101.71,75.99],[-101.304,76.021],[-101.589,75.925],[-101.551,75.87],[-101.372,75.852],[-101.359,75.78],[-100.913,75.815],[-101.276,75.746],[-101.833,75.906],[-102.262,75.87],[-102.374,75.81],[-102.119,75.8],[-102.236,75.746],[-102.009,75.705],[-102.562,75.726],[-102.688,75.678],[-102.633,75.616],[-102.882,75.618],[-102.633,75.498],[-101.449,75.608],[-98.894,75.7],[-99.823,75.656],[-99.864,75.616],[-99.666,75.616],[-100.283,75.527],[-99.954,75.499],[-100.039,75.48],[-100.31,75.479],[-100.041,75.457],[-100.721,75.438],[-100.427,75.383],[-100.782,75.355],[-99.987,75.239],[-100.549,75.205],[-100.399,75.163],[-100.369,75.023],[-99.645,74.976],[-99.426,74.992],[-99.501,75.032],[-99.306,75.131],[-99.406,74.999],[-98.954,75.009],[-98.9,75.067],[-98.75,74.988],[-97.976,75.014],[-97.973,75.112],[-98.151,75.17],[-98.103,75.226],[-97.813,75.113],[-97.569,75.15],[-97.802,75.198],[-97.733,75.211],[-97.898,75.305],[-98.001,75.28],[-97.931,75.34],[-98.117,75.298],[-98.123,75.369],[-97.88,75.374],[-98.035,75.416],[-97.774,75.424],[-98.042,75.485],[-97.774,75.46],[-97.856,75.548],[-97.724,75.572],[-97.479,75.492],[-97.493,75.438],[-97.281,75.403],[-97.409,75.472]],[[-94.91,75.937],[-94.744,75.762],[-94.295,75.776],[-94.532,75.998],[-94.91,75.937]],[[-101.338,76.561],[-100.248,76.739],[-100.972,76.736],[-101.687,76.589],[-101.338,76.561]],[[-93.608,77.781],[-95.355,77.74],[-95.506,77.811],[-96.235,77.706],[-96.329,77.61],[-95.988,77.479],[-93.958,77.438],[-93.546,77.445],[-93.375,77.589],[-93.101,77.664],[-93.608,77.781]],[[-96.496,77.906],[-95.061,77.973],[-94.889,78.109],[-95.403,78.233],[-94.828,78.364],[-95.461,78.511],[-96.274,78.535],[-96.157,78.62],[-97.451,78.797],[-98.362,78.766],[-98.316,78.646],[-98.025,78.553],[-98.407,78.488],[-97.767,78.247],[-97.92,78.22],[-96.869,78.137],[-97.774,78.042],[-96.993,77.925],[-97.124,77.877],[-96.861,77.789],[-96.496,77.906]],[[-100.18,79.912],[-100.07,79.878],[-99.584,79.899],[-99.312,79.848],[-99.33,79.768],[-98.84,79.67],[-98.651,79.792],[-98.775,79.905],[-98.706,79.967],[-99.063,80.125],[-99.779,80.151],[-100.194,80.032],[-100.18,79.912]]],[[[-90.519,75.899],[-90.428,75.972],[-90.798,75.999],[-91.129,75.836],[-91.148,75.903],[-90.947,75.943],[-91.072,75.993],[-90.943,76.006],[-91.161,76.021],[-90.188,76.068],[-90.867,76.068],[-90.668,76.116],[-91.409,76.15],[-91.258,76.202],[-91.613,76.267],[-90.094,76.125],[-90.456,76.178],[-90.0,76.18054275092936],[-90.0,76.00841081081082],[-90.519,75.899]]],[[[-90.099,78.562],[-90.006,78.614],[-90.0,78.61128870292887],[-90.0,78.46029999999999],[-90.099,78.562]]],[[[-0.61,88.581],[0.0,88.38756467315716],[0.0,65.89780423767849],[-0.927,66.347],[-1.684,66.515],[-3.33,66.308],[-4.458,65.967],[-5.456,65.365],[-6.311,64.38],[-6.966,64.236],[-7.928,64.337],[-12.267,65.282],[-13.811,65.355],[-13.671,65.378],[-13.61,65.514],[-13.806,65.529],[-13.871,65.619],[-14.298,65.659],[-14.562,65.501],[-14.358,65.656],[-14.274,65.673],[-14.395,65.722],[-14.329,65.782],[-14.844,65.735],[-14.788,65.796],[-14.891,65.761],[-14.65,65.888],[-14.617,65.998],[-14.719,66.07],[-15.076,66.05],[-15.179,66.111],[-14.952,66.193],[-14.991,66.286],[-14.564,66.385],[-14.925,66.385],[-15.331,66.261],[-15.38,66.15],[-15.699,66.234],[-15.775,66.289],[-15.68,66.344],[-15.707,66.396],[-15.938,66.424],[-15.891,66.495],[-16.023,66.537],[-16.564,66.495],[-16.422,66.287],[-16.487,66.19],[-16.426,66.145],[-16.624,66.166],[-16.531,66.199],[-16.686,66.166],[-16.597,66.098],[-16.923,66.111],[-17.146,66.221],[-17.352,66.097],[-17.413,65.961],[-17.452,65.995],[-17.611,65.994],[-17.495,65.988],[-17.578,65.974],[-17.55,65.912],[-17.913,66.152],[-18.297,66.18],[-18.297,66.015],[-18.068,65.831],[-18.064,65.645],[-18.218,65.868],[-18.54,65.974],[-18.545,66.083],[-18.827,66.203],[-19.069,66.165],[-19.058,66.07],[-19.438,66.067],[-19.414,66.008],[-19.511,65.96],[-19.399,65.837],[-19.456,65.729],[-19.88,65.905],[-20.092,66.131],[-20.408,66.091],[-20.449,66.029],[-20.27,65.665],[-20.388,65.529],[-20.411,65.597],[-20.531,65.577],[-20.428,65.549],[-20.476,65.495],[-20.646,65.556],[-20.675,65.694],[-20.918,65.601],[-20.987,65.507],[-20.915,65.343],[-21.099,65.445],[-21.09,65.166],[-21.212,65.438],[-21.477,65.447],[-21.32,65.522],[-21.321,65.602],[-21.483,65.563],[-21.401,65.624],[-21.628,65.648],[-21.778,65.769],[-21.579,65.693],[-21.332,65.741],[-21.477,65.769],[-21.328,65.809],[-21.302,65.936],[-21.607,65.961],[-21.349,66.021],[-21.535,66.026],[-21.549,66.098],[-21.668,66.022],[-21.75,66.186],[-22.217,66.268],[-22.202,66.337],[-22.431,66.465],[-23.105,66.443],[-23.025,66.392],[-23.096,66.359],[-24.204,67.154],[-24.775,67.858],[-25.284,69.139],[-24.992,69.167],[-25.281,69.238],[-25.102,69.304],[-24.636,69.256],[-24.766,69.29],[-24.615,69.318],[-24.735,69.434],[-24.448,69.362],[-24.368,69.448],[-24.094,69.428],[-24.156,69.476],[-24.084,69.475],[-24.099,69.534],[-24.334,69.606],[-23.814,69.512],[-23.58,69.626],[-23.93,69.756],[-23.244,69.753],[-23.389,69.853],[-23.334,69.862],[-22.999,69.766],[-22.909,69.813],[-23.279,69.86],[-23.047,69.874],[-23.094,69.92],[-23.038,69.945],[-22.806,69.88],[-22.929,69.931],[-22.38,69.971],[-22.081,70.138],[-23.863,70.134],[-25.001,70.366],[-25.325,70.278],[-25.273,70.359],[-25.396,70.359],[-25.204,70.398],[-25.305,70.413],[-26.326,70.198],[-26.884,70.257],[-27.185,70.168],[-27.305,69.98],[-27.524,69.981],[-27.553,70.06],[-27.901,70.019],[-28.154,70.079],[-28.32,70.134],[-27.819,70.099],[-26.972,70.329],[-26.699,70.29],[-26.321,70.38],[-26.743,70.484],[-28.233,70.372],[-28.349,70.434],[-28.281,70.511],[-29.111,70.394],[-29.234,70.448],[-28.31,70.564],[-28.24,70.6],[-28.336,70.626],[-28.15,70.648],[-27.921,70.868],[-28.398,70.981],[-27.618,70.954],[-27.907,71.14],[-27.771,71.147],[-27.506,70.942],[-26.828,70.935],[-25.602,71.17],[-25.78,71.257],[-25.513,71.216],[-25.41,71.354],[-25.805,71.491],[-27.22,71.481],[-27.329,71.518],[-27.123,71.572],[-27.651,71.613],[-27.908,71.57],[-28.494,71.566],[-27.408,71.642],[-27.331,71.719],[-28.034,71.879],[-27.802,71.874],[-27.862,71.908],[-28.457,71.939],[-28.36,72.007],[-28.706,72.093],[-28.587,72.132],[-28.206,71.998],[-27.931,72.01],[-26.785,71.547],[-26.5,71.56],[-26.401,71.642],[-26.276,71.571],[-25.622,71.539],[-25.096,71.305],[-24.638,71.362],[-24.669,71.272],[-24.196,71.012],[-24.208,70.861],[-24.066,70.69],[-23.345,70.441],[-22.633,70.445],[-22.566,70.572],[-22.649,70.723],[-22.479,70.855],[-22.381,70.449],[-22.023,70.499],[-21.94,70.39],[-21.538,70.497],[-21.477,70.545],[-21.771,70.59],[-21.579,70.675],[-21.764,70.709],[-21.546,70.709],[-21.792,70.736],[-21.639,70.801],[-21.823,70.777],[-21.929,70.812],[-21.744,70.8],[-21.7,70.836],[-21.757,70.866],[-21.572,70.956],[-21.99,70.969],[-21.675,71.066],[-22.333,71.059],[-21.716,71.12],[-21.847,71.195],[-21.713,71.138],[-21.661,71.189],[-21.739,71.254],[-21.963,71.27],[-21.607,71.326],[-21.856,71.349],[-21.668,71.401],[-21.874,71.449],[-21.765,71.508],[-22.132,71.491],[-22.306,71.415],[-22.355,71.27],[-22.477,71.264],[-22.507,71.552],[-22.148,71.59],[-22.1,71.613],[-22.217,71.635],[-21.895,71.743],[-22.214,71.756],[-22.596,71.574],[-22.655,71.668],[-22.416,71.797],[-23.123,71.632],[-22.503,71.901],[-23.62,72.156],[-23.821,72.114],[-23.711,72.217],[-24.546,72.423],[-25.181,72.365],[-25.507,72.124],[-25.496,72.231],[-25.289,72.391],[-25.91,72.416],[-25.132,72.436],[-24.601,72.552],[-24.724,72.587],[-24.717,72.686],[-25.256,72.811],[-25.523,72.84],[-26.178,72.726],[-26.469,72.577],[-26.307,72.73],[-26.72,72.704],[-26.781,72.717],[-26.397,72.771],[-26.7,72.833],[-27.15,72.804],[-27.388,72.846],[-26.783,72.872],[-26.083,72.782],[-25.74,72.896],[-25.136,72.94],[-24.984,73.026],[-25.053,73.084],[-26.444,73.197],[-26.652,73.103],[-27.26,73.127],[-27.328,72.968],[-27.483,72.926],[-27.364,73.003],[-27.404,73.111],[-27.726,73.134],[-27.089,73.19],[-26.713,73.135],[-26.397,73.238],[-27.459,73.444],[-27.332,73.498],[-26.826,73.343],[-25.965,73.242],[-25.453,73.346],[-25.424,73.395],[-25.499,73.403],[-25.292,73.474],[-24.68,73.525],[-25.551,73.811],[-25.739,73.93],[-25.691,73.957],[-24.999,73.717],[-24.942,73.612],[-24.457,73.541],[-24.375,73.56],[-24.472,73.656],[-24.341,73.779],[-24.06,73.82],[-23.517,73.711],[-24.033,73.697],[-23.968,73.589],[-23.45,73.436],[-22.314,73.25],[-21.572,73.395],[-21.62,73.457],[-21.543,73.49],[-20.543,73.449],[-20.382,73.518],[-20.521,73.556],[-20.463,73.635],[-20.52,73.729],[-20.298,73.791],[-20.278,73.875],[-21.785,74.053],[-21.915,73.978],[-21.758,73.866],[-21.703,73.697],[-21.827,73.652],[-21.813,73.848],[-21.989,73.999],[-22.488,74.081],[-22.176,74.113],[-22.34,74.163],[-22.059,74.232],[-22.069,74.294],[-22.347,74.286],[-22.471,74.314],[-22.052,74.321],[-21.769,74.415],[-22.082,74.603],[-21.629,74.447],[-21.255,74.474],[-20.373,74.448],[-20.201,74.28],[-19.627,74.239],[-19.366,74.269],[-18.975,74.484],[-19.386,74.561],[-19.27,74.649],[-19.403,74.689],[-19.718,74.587],[-20.155,74.677],[-20.701,74.648],[-21.12,74.667],[-20.61,74.735],[-20.764,74.841],[-20.682,74.898],[-20.714,74.98],[-20.626,75.06],[-20.677,75.074],[-21.116,75.091],[-21.769,74.96],[-22.41,75.155],[-21.927,75.083],[-21.761,74.985],[-21.182,75.122],[-20.517,75.142],[-21.429,75.432],[-22.461,75.509],[-22.506,75.54],[-21.408,75.458],[-22.263,75.67],[-21.669,75.593],[-20.714,75.299],[-20.14,75.336],[-19.948,75.28],[-20.051,75.226],[-20.003,75.186],[-19.589,75.142],[-19.402,75.253],[-19.342,75.411],[-19.396,75.56],[-19.612,75.684],[-19.345,75.733],[-19.935,75.934],[-21.845,75.958],[-21.984,75.993],[-21.924,76.048],[-21.655,75.972],[-20.269,75.992],[-19.715,76.062],[-19.671,76.136],[-19.938,76.258],[-20.489,76.224],[-21.024,76.317],[-21.086,76.294],[-20.421,76.136],[-20.655,76.124],[-20.558,76.15],[-21.121,76.285],[-21.652,76.238],[-21.704,76.256],[-21.585,76.443],[-22.19,76.411],[-22.504,76.451],[-21.7,76.47],[-22.038,76.466],[-21.675,76.527],[-22.086,76.555],[-21.805,76.589],[-22.145,76.646],[-22.34,76.589],[-22.323,76.515],[-22.509,76.604],[-22.487,76.654],[-22.744,76.698],[-22.306,76.753],[-22.47,76.836],[-22.196,76.857],[-21.624,76.646],[-21.668,76.684],[-21.195,76.78],[-21.286,76.808],[-20.777,76.842],[-21.73,76.891],[-20.792,76.87],[-20.513,76.946],[-19.063,76.838],[-18.628,76.702],[-18.626,76.776],[-18.511,76.741],[-18.266,76.921],[-18.259,77.1],[-18.324,77.208],[-18.536,77.281],[-19.083,77.318],[-19.063,77.187],[-19.275,77.189],[-19.728,77.341],[-20.502,77.362],[-20.168,77.404],[-20.926,77.522],[-20.468,77.474],[-20.277,77.53],[-20.822,77.654],[-20.092,77.701],[-19.358,77.526],[-18.979,77.617],[-19.127,77.684],[-20.937,77.974],[-21.374,77.777],[-21.409,77.713],[-21.293,77.675],[-21.562,77.553],[-21.447,77.663],[-21.967,77.679],[-21.815,77.85],[-21.557,77.899],[-21.63,77.998],[-21.322,78.077],[-21.366,78.144],[-21.24,78.184],[-21.295,78.3],[-20.848,78.593],[-21.208,78.633],[-20.842,78.715],[-20.971,78.779],[-20.568,78.777],[-20.651,78.831],[-20.442,78.861],[-19.881,78.837],[-19.766,78.898],[-19.879,79.032],[-18.955,79.149],[-19.001,79.207],[-18.879,79.225],[-19.241,79.273],[-19.277,79.392],[-19.321,79.291],[-19.604,79.18],[-19.466,79.315],[-19.566,79.386],[-19.352,79.551],[-19.385,79.624],[-19.208,79.708],[-19.486,79.774],[-19.967,79.679],[-20.101,79.821],[-20.423,79.84],[-20.077,79.99],[-20.228,80.024],[-19.966,80.083],[-20.171,80.104],[-19.474,80.26],[-17.873,80.161],[-16.447,80.219],[-16.327,80.262],[-16.375,80.326],[-16.27,80.29],[-15.755,80.419],[-16.896,80.584],[-18.055,80.492],[-19.488,80.635],[-20.353,80.461],[-20.38,80.535],[-20.845,80.557],[-19.472,80.665],[-18.322,80.558],[-17.24,80.722],[-17.063,80.663],[-15.42,80.648],[-15.321,80.715],[-14.295,80.784],[-14.132,80.886],[-14.553,80.991],[-13.355,81.02],[-11.377,81.476],[-12.57,81.696],[-15.29,81.839],[-16.485,81.749],[-16.54,81.685],[-16.461,81.63],[-17.02,81.585],[-16.813,81.537],[-17.22,81.481],[-17.147,81.413],[-17.546,81.389],[-17.852,81.467],[-17.855,81.404],[-18.524,81.506],[-19.461,81.375],[-19.279,81.541],[-18.984,81.61],[-19.633,81.632],[-19.708,81.696],[-20.051,81.587],[-19.851,81.543],[-20.951,81.236],[-21.187,81.287],[-21.959,81.021],[-22.972,80.88],[-22.914,80.824],[-23.102,80.784],[-23.093,80.728],[-23.865,80.584],[-23.226,80.823],[-23.267,80.896],[-22.271,81.15],[-21.257,81.517],[-21.033,81.745],[-21.057,81.913],[-21.388,82.083],[-23.195,82.022],[-23.312,81.965],[-23.266,81.919],[-23.362,81.874],[-23.308,81.793],[-23.406,81.719],[-23.766,81.746],[-26.387,81.428],[-26.506,81.458],[-26.477,81.512],[-26.723,81.531],[-24.706,81.781],[-24.617,81.841],[-24.698,81.925],[-24.62,81.987],[-27.762,82.062],[-29.039,82.0],[-29.55,81.89],[-29.788,81.948],[-31.68,81.835],[-32.148,81.681],[-32.667,81.677],[-32.813,81.794],[-32.563,81.883],[-29.905,82.098],[-31.582,82.22],[-29.852,82.139],[-23.887,82.279],[-22.437,82.34],[-22.196,82.393],[-22.306,82.427],[-21.323,82.618],[-23.384,82.852],[-24.025,82.763],[-23.881,82.798],[-24.025,82.872],[-23.84,82.893],[-23.933,82.916],[-25.583,82.769],[-25.904,82.784],[-25.149,82.853],[-24.754,82.998],[-24.98,83.078],[-24.841,83.113],[-25.221,83.168],[-28.143,83.048],[-30.097,83.126],[-31.392,83.021],[-31.666,82.932],[-31.827,82.995],[-33.603,82.945],[-33.736,82.907],[-33.688,82.835],[-33.885,82.795],[-33.935,82.798],[-33.816,82.87],[-34.024,82.92],[-34.951,82.905],[-35.289,82.855],[-35.471,82.746],[-35.552,82.767],[-35.298,82.893],[-35.62,82.907],[-32.48,83.044],[-33.44,83.16],[-32.162,83.061],[-30.736,83.137],[-26.075,83.208],[-25.65,83.298],[-28.925,83.476],[-28.514,83.489],[-28.63,83.522],[-29.148,83.478],[-30.647,83.602],[-32.303,83.571],[-32.208,83.613],[-32.491,83.634],[-34.085,83.565],[-33.743,83.489],[-33.83,83.462],[-34.363,83.603],[-34.521,83.542],[-34.702,83.606],[-36.901,83.496],[-36.535,83.451],[-36.484,83.435],[-36.696,83.414],[-36.45,83.362],[-37.585,83.508],[-38.06,83.435],[-37.738,83.373],[-37.813,83.36],[-38.868,83.427],[-38.697,83.318],[-38.862,83.257],[-38.683,83.208],[-36.881,83.154],[-38.801,83.058],[-37.272,83.01],[-39.15,82.982],[-38.743,82.834],[-38.477,82.831],[-38.615,82.746],[-39.006,82.9],[-39.438,82.962],[-40.69,82.987],[-41.67,83.14],[-41.932,83.092],[-41.706,83.174],[-42.666,83.281],[-43.323,83.243],[-42.891,83.208],[-44.001,83.202],[-42.85,83.1],[-44.647,83.175],[-44.748,83.154],[-44.673,83.14],[-44.724,83.105],[-45.131,83.167],[-45.518,83.123],[-43.364,82.921],[-45.105,82.935],[-45.971,83.097],[-46.701,83.003],[-45.982,82.921],[-46.893,82.962],[-45.974,82.843],[-44.865,82.866],[-45.063,82.913],[-40.977,82.774],[-39.953,82.693],[-39.869,82.619],[-40.01,82.564],[-39.759,82.502],[-39.876,82.468],[-39.769,82.376],[-39.931,82.373],[-40.082,82.427],[-40.006,82.489],[-40.228,82.568],[-41.578,82.747],[-41.898,82.729],[-41.631,82.653],[-41.674,82.585],[-41.555,82.534],[-41.615,82.48],[-41.873,82.555],[-41.801,82.612],[-41.861,82.661],[-42.172,82.709],[-42.048,82.756],[-45.769,82.77],[-43.727,82.407],[-43.885,82.373],[-43.835,82.342],[-43.076,82.297],[-42.302,82.215],[-44.563,82.293],[-44.794,82.192],[-44.399,82.105],[-44.94,82.044],[-44.926,81.995],[-44.514,81.983],[-44.461,81.968],[-44.727,81.94],[-44.173,81.838],[-44.663,81.754],[-46.05,81.954],[-45.948,81.976],[-46.008,82.036],[-47.564,82.168],[-47.611,82.232],[-48.735,82.358],[-49.011,82.455],[-51.107,82.51],[-50.581,82.154],[-49.436,81.928],[-49.829,81.871],[-51.066,81.934],[-49.614,81.646],[-49.921,81.612],[-51.386,81.905],[-52.964,82.036],[-53.024,82.008],[-52.93,81.865],[-53.541,81.672],[-53.465,81.563],[-53.65,81.543],[-53.472,81.509],[-53.683,81.526],[-53.808,81.588],[-53.822,81.701],[-53.51,81.91],[-53.623,82.026],[-53.557,82.116],[-54.441,82.373],[-55.603,82.283],[-55.255,82.275],[-55.113,82.157],[-55.325,82.204],[-55.272,82.25],[-55.959,82.273],[-56.261,82.166],[-56.736,82.225],[-59.468,82.003],[-58.486,81.879],[-58.138,81.667],[-57.748,81.651],[-56.453,81.338],[-56.541,81.336],[-57.241,81.436],[-57.179,81.475],[-57.645,81.591],[-58.681,81.684],[-58.755,81.74],[-58.667,81.769],[-58.838,81.862],[-60.067,81.947],[-61.281,81.815],[-61.454,81.745],[-60.773,81.492],[-61.311,81.365],[-60.893,81.166],[-61.546,81.066],[-62.196,81.199],[-62.977,81.228],[-63.373,81.159],[-63.184,80.952],[-62.78,80.759],[-63.655,81.149],[-63.929,81.057],[-64.79,80.99],[-64.71,80.94],[-65.017,80.895],[-64.984,80.851],[-65.075,80.793],[-65.708,80.704],[-65.525,80.663],[-66.758,80.552],[-66.698,80.522],[-66.788,80.464],[-67.486,80.323],[-67.519,80.266],[-67.437,80.235],[-67.506,80.207],[-67.081,80.145],[-67.05,80.061],[-66.433,80.117],[-65.863,80.012],[-64.926,80.073],[-64.473,80.106],[-64.223,80.256],[-64.159,80.163],[-63.779,80.152],[-65.044,80.024],[-64.95,79.96],[-65.047,79.899],[-64.998,79.864],[-65.129,79.85],[-64.943,79.783],[-65.032,79.755],[-64.909,79.707],[-65.012,79.659],[-64.836,79.612],[-64.831,79.527],[-65.909,79.151],[-65.786,79.138],[-67.506,79.138],[-67.759,79.038],[-68.04,79.077],[-69.172,78.925],[-68.781,78.837],[-69.148,78.881],[-69.359,78.799],[-70.746,78.695],[-70.802,78.599],[-71.555,78.643],[-72.59,78.521],[-72.673,78.439],[-72.604,78.404],[-72.851,78.315],[-72.461,78.289],[-73.057,78.158],[-72.297,78.056],[-72.351,78.015],[-72.242,77.939],[-71.213,77.87],[-71.44,77.8],[-71.313,77.77],[-70.679,77.781],[-70.412,77.863],[-69.973,77.836],[-70.676,77.68],[-69.507,77.76],[-69.518,77.687],[-70.288,77.575],[-69.223,77.453],[-68.611,77.518],[-68.815,77.658],[-68.73,77.669],[-68.37,77.567],[-68.356,77.5],[-67.592,77.524],[-67.25,77.575],[-67.141,77.672],[-66.663,77.719],[-66.724,77.68],[-66.281,77.618],[-66.053,77.493],[-66.125,77.433],[-66.663,77.418],[-66.226,77.253],[-67.436,77.384],[-68.369,77.377],[-69.103,77.274],[-66.637,77.154],[-66.17,77.199],[-66.451,77.144],[-66.362,77.116],[-69.733,77.239],[-70.903,77.191],[-70.699,77.151],[-71.193,77.137],[-71.384,77.024],[-71.097,76.932],[-70.679,76.939],[-70.987,76.897],[-70.521,76.787],[-69.757,77.011],[-69.542,77.006],[-70.103,76.801],[-69.24,76.677],[-67.986,76.684],[-68.095,76.657],[-67.986,76.623],[-68.031,76.584],[-68.867,76.57],[-68.815,76.555],[-69.637,76.383],[-68.792,76.167],[-68.471,76.163],[-68.57,76.117],[-68.433,76.079],[-66.488,75.91],[-67.035,76.064],[-67.057,76.14],[-67.308,76.164],[-66.927,76.267],[-66.414,76.086],[-66.207,76.278],[-65.74,76.279],[-65.552,76.239],[-65.772,76.212],[-65.69,76.198],[-65.889,76.103],[-65.354,76.027],[-65.3,76.075],[-65.343,76.176],[-64.988,76.106],[-65.025,76.178],[-64.594,76.136],[-64.683,76.157],[-64.575,76.175],[-64.69,76.253],[-64.381,76.26],[-64.429,76.349],[-64.169,76.322],[-64.191,76.211],[-64.031,76.136],[-63.729,76.178],[-63.497,76.369],[-63.367,76.377],[-62.849,76.304],[-62.792,76.198],[-62.267,76.29],[-62.167,76.222],[-60.924,76.166],[-60.832,76.144],[-60.907,76.081],[-60.745,76.001],[-60.501,76.067],[-60.124,76.032],[-59.993,75.929],[-59.756,75.972],[-59.591,75.917],[-59.773,75.801],[-59.272,75.88],[-59.14,75.842],[-59.303,75.815],[-59.222,75.801],[-59.283,75.766],[-59.099,75.775],[-59.042,75.701],[-58.406,75.719],[-58.594,75.68],[-58.31,75.643],[-58.426,75.566],[-58.19,75.534],[-58.207,75.444],[-58.7,75.348],[-58.248,75.403],[-58.439,75.314],[-57.923,75.163],[-58.142,75.052],[-57.058,74.922],[-56.795,74.814],[-57.115,74.801],[-57.158,74.738],[-56.473,74.649],[-56.603,74.608],[-56.145,74.492],[-56.795,74.451],[-56.13,74.389],[-56.713,74.348],[-56.302,74.306],[-57.314,74.103],[-56.124,74.28],[-56.316,74.121],[-56.199,74.121],[-56.412,74.067],[-55.971,74.027],[-56.124,74.012],[-55.645,73.875],[-55.945,73.861],[-55.613,73.721],[-55.963,73.766],[-55.911,73.724],[-56.041,73.691],[-55.843,73.683],[-56.068,73.653],[-55.773,73.627],[-55.519,73.473],[-55.09,73.368],[-55.25,73.392],[-55.459,73.265],[-55.142,73.19],[-55.43,73.196],[-55.335,73.183],[-55.695,73.07],[-55.268,73.052],[-55.167,73.011],[-55.016,73.071],[-55.029,72.998],[-54.781,72.998],[-54.849,72.971],[-54.603,72.834],[-54.924,72.786],[-54.527,72.779],[-54.754,72.738],[-54.589,72.697],[-54.883,72.676],[-54.636,72.622],[-54.91,72.607],[-55.011,72.522],[-54.801,72.552],[-54.294,72.484],[-55.459,72.526],[-55.651,72.45],[-55.483,72.395],[-55.317,72.47],[-55.224,72.362],[-55.022,72.424],[-54.883,72.429],[-54.973,72.408],[-54.685,72.367],[-54.952,72.36],[-54.883,72.251],[-55.61,71.99],[-55.268,71.927],[-54.642,72.019],[-54.529,72.177],[-54.383,72.223],[-54.555,72.034],[-54.853,71.913],[-55.33,71.883],[-55.37,71.826],[-55.26,71.778],[-55.464,71.803],[-55.905,71.682],[-55.569,71.641],[-55.676,71.63],[-55.514,71.449],[-55.288,71.381],[-55.118,71.388],[-55.244,71.496],[-54.787,71.354],[-53.952,71.438],[-53.849,71.545],[-54.102,71.635],[-54.047,71.672],[-54.102,71.71],[-53.766,71.64],[-53.769,71.72],[-53.918,71.737],[-53.399,71.846],[-53.959,72.326],[-53.87,72.357],[-53.554,72.36],[-53.852,72.331],[-53.698,72.126],[-53.4,72.042],[-53.321,71.857],[-53.364,71.778],[-52.985,71.847],[-53.017,71.93],[-52.683,72.011],[-52.908,71.914],[-52.896,71.836],[-53.266,71.71],[-52.166,71.613],[-51.646,71.718],[-51.782,71.603],[-52.701,71.526],[-52.992,71.421],[-52.426,71.372],[-51.682,71.51],[-51.361,71.494],[-52.258,71.366],[-52.259,71.273],[-52.558,71.179],[-52.424,71.152],[-51.642,71.367],[-51.69,71.347],[-51.529,71.274],[-52.243,71.127],[-51.223,71.148],[-51.485,71.07],[-50.915,71.024],[-51.208,70.962],[-51.832,71.069],[-51.957,71.024],[-51.124,70.844],[-50.847,70.873],[-50.915,70.816],[-50.632,70.739],[-51.251,70.814],[-51.438,70.747],[-51.208,70.693],[-51.08,70.764],[-51.1,70.661],[-50.915,70.689],[-50.624,70.628],[-50.97,70.639],[-50.737,70.545],[-50.909,70.572],[-50.886,70.511],[-51.195,70.628],[-51.347,70.572],[-50.943,70.47],[-51.059,70.439],[-50.772,70.421],[-50.494,70.513],[-50.683,70.401],[-50.532,70.359],[-50.659,70.326],[-51.549,70.432],[-52.791,70.757],[-53.98,70.83],[-54.326,70.798],[-54.63,70.654],[-54.019,70.413],[-52.61,70.217],[-52.321,70.051],[-51.55,70.03],[-51.573,69.983],[-51.439,69.966],[-51.221,70.074],[-50.861,70.024],[-51.26,69.963],[-50.471,70.058],[-50.21,70.017],[-50.593,69.928],[-50.333,69.89],[-50.189,69.763],[-50.594,69.791],[-50.796,69.72],[-50.408,69.606],[-50.775,69.65],[-50.881,69.508],[-50.203,69.523],[-50.868,69.462],[-50.833,69.345],[-50.988,69.33],[-50.868,69.284],[-51.115,69.212],[-50.593,69.215],[-50.543,69.258],[-50.6,69.277],[-50.43,69.347],[-50.367,69.339],[-50.47,69.304],[-50.452,69.196],[-50.137,69.221],[-50.299,69.123],[-50.69,69.127],[-50.259,69.08],[-50.175,69.03],[-50.222,68.96],[-50.299,69.065],[-50.351,68.996],[-50.489,69.013],[-50.334,68.908],[-50.523,68.951],[-50.525,69.03],[-50.634,69.072],[-50.991,69.037],[-50.749,69.121],[-51.08,69.133],[-51.135,69.044],[-51.087,68.951],[-51.19,68.886],[-50.964,68.934],[-51.292,68.749],[-50.655,68.831],[-50.991,68.736],[-50.806,68.681],[-50.862,68.62],[-51.074,68.701],[-51.036,68.584],[-51.149,68.564],[-52.616,68.526],[-52.389,68.51],[-53.088,68.318],[-53.389,68.332],[-53.34,68.272],[-52.588,68.351],[-52.938,68.263],[-52.714,68.215],[-52.629,68.242],[-52.795,68.277],[-52.512,68.291],[-52.562,68.264],[-52.445,68.181],[-51.223,68.297],[-51.649,68.413],[-50.848,68.507],[-50.772,68.495],[-51.167,68.414],[-51.156,68.295],[-51.382,68.256],[-50.956,68.189],[-51.437,68.201],[-50.178,67.92],[-50.605,67.909],[-51.168,68.065],[-51.932,68.047],[-52.554,68.187],[-52.799,68.176],[-52.389,68.078],[-52.446,68.069],[-53.153,68.201],[-53.458,68.153],[-53.112,68.178],[-53.163,68.126],[-52.755,67.987],[-52.059,67.975],[-52.589,67.943],[-53.177,68.046],[-53.259,67.989],[-52.889,67.982],[-53.314,67.914],[-53.054,67.886],[-53.286,67.859],[-53.184,67.838],[-53.314,67.842],[-53.379,67.9],[-53.486,67.879],[-53.278,67.806],[-53.688,67.812],[-53.541,67.72],[-53.697,67.646],[-53.56,67.653],[-53.753,67.603],[-53.667,67.503],[-53.004,67.758],[-52.237,67.902],[-51.607,67.977],[-52.342,67.822],[-51.63,67.777],[-51.848,67.735],[-51.77,67.699],[-51.495,67.728],[-51.326,67.824],[-51.573,67.934],[-51.039,67.982],[-50.976,67.887],[-51.368,67.886],[-51.169,67.762],[-50.649,67.851],[-50.888,67.859],[-50.784,67.911],[-50.265,67.845],[-51.32,67.715],[-50.902,67.659],[-51.012,67.625],[-50.286,67.745],[-50.106,67.741],[-49.936,67.7],[-50.282,67.738],[-50.874,67.605],[-50.552,67.51],[-50.072,67.516],[-50.693,67.494],[-51.348,67.68],[-51.864,67.636],[-52.554,67.769],[-52.979,67.715],[-53.108,67.659],[-52.91,67.687],[-53.704,67.461],[-53.822,67.406],[-53.883,67.262],[-53.767,67.207],[-53.188,67.343],[-53.232,67.296],[-53.114,67.28],[-52.149,67.406],[-51.115,67.426],[-51.522,67.35],[-51.182,67.145],[-50.525,67.228],[-50.347,67.187],[-51.176,67.125],[-51.553,67.331],[-52.191,67.372],[-53.841,67.176],[-53.965,67.078],[-53.398,67.112],[-53.829,67.064],[-53.218,66.995],[-53.828,66.984],[-53.647,66.912],[-52.8,66.892],[-52.45,66.982],[-52.499,66.919],[-52.293,66.9],[-52.464,66.878],[-52.232,66.845],[-53.002,66.855],[-53.108,66.772],[-52.649,66.801],[-53.204,66.748],[-52.581,66.707],[-53.458,66.638],[-53.226,66.552],[-52.82,66.577],[-52.416,66.543],[-53.623,66.509],[-53.643,66.418],[-53.566,66.468],[-53.499,66.474],[-53.695,66.359],[-53.626,66.252],[-53.122,66.289],[-53.53,66.233],[-53.663,66.139],[-53.486,66.159],[-53.486,66.152],[-53.65,66.124],[-53.006,66.2],[-52.719,66.349],[-52.14,66.518],[-51.971,66.662],[-51.175,66.928],[-50.896,66.993],[-50.743,67.003],[-50.594,67.042],[-50.319,67.079],[-50.634,67.015],[-49.997,66.982],[-50.683,67.009],[-51.012,66.906],[-50.364,66.829],[-51.283,66.845],[-51.525,66.742],[-51.445,66.708],[-51.875,66.642],[-52.025,66.536],[-51.978,66.488],[-52.361,66.44],[-52.739,66.262],[-53.465,66.036],[-53.108,66.022],[-53.472,65.981],[-53.359,65.933],[-52.875,66.022],[-53.228,65.907],[-54.305,66.003],[-55.545,65.753],[-56.422,65.0],[-57.243,63.626],[-58.084,61.725],[-58.417,60.654],[-59.599,57.81],[-60.37,55.561],[-60.455,55.503],[-60.4,55.613],[-60.525,55.617],[-60.335,55.782],[-60.508,55.804],[-60.681,55.565],[-60.602,55.82],[-60.749,55.737],[-60.944,55.73],[-60.729,55.825],[-61.099,55.848],[-61.193,55.88],[-61.079,55.893],[-61.139,55.972],[-61.503,56.01],[-61.235,56.044],[-61.455,56.058],[-61.339,56.111],[-61.409,56.132],[-61.345,56.222],[-61.935,56.217],[-62.078,56.298],[-61.606,56.284],[-61.814,56.403],[-62.147,56.455],[-61.668,56.503],[-61.712,56.575],[-62.243,56.62],[-61.914,56.627],[-62.479,56.77],[-61.688,56.62],[-61.82,56.709],[-61.695,56.73],[-61.887,56.702],[-61.905,56.794],[-61.664,56.809],[-61.643,56.884],[-61.502,56.979],[-61.345,56.956],[-61.359,57.09],[-61.696,57.158],[-61.62,57.23],[-61.784,57.155],[-62.012,57.243],[-61.88,57.278],[-61.928,57.367],[-61.805,57.367],[-61.9,57.415],[-62.377,57.429],[-62.534,57.496],[-62.349,57.458],[-61.887,57.638],[-62.007,57.781],[-62.119,57.797],[-62.141,57.833],[-62.066,57.899],[-62.141,57.978],[-62.324,57.909],[-62.339,57.984],[-62.421,57.871],[-62.421,57.964],[-62.675,57.936],[-62.305,58.031],[-62.429,58.086],[-62.377,58.113],[-62.517,58.059],[-62.462,58.182],[-62.926,58.133],[-63.12,58.005],[-63.279,57.987],[-63.011,58.141],[-63.079,58.155],[-62.579,58.223],[-62.668,58.271],[-62.908,58.214],[-62.623,58.309],[-62.654,58.415],[-62.558,58.477],[-63.063,58.452],[-63.162,58.368],[-63.086,58.456],[-63.264,58.47],[-63.532,58.32],[-63.34,58.463],[-63.524,58.477],[-63.442,58.525],[-63.168,58.505],[-62.845,58.685],[-63.045,58.71],[-62.915,58.751],[-63.052,58.861],[-63.015,58.897],[-63.155,58.826],[-63.168,58.882],[-63.326,58.861],[-63.162,58.922],[-63.23,58.943],[-63.183,58.984],[-63.306,58.943],[-63.222,59.005],[-63.34,59.032],[-63.132,59.062],[-63.812,59.046],[-63.882,58.962],[-63.895,59.06],[-64.04,59.018],[-63.974,59.079],[-63.442,59.121],[-63.361,59.198],[-63.463,59.193],[-63.449,59.245],[-63.381,59.279],[-63.629,59.217],[-63.524,59.323],[-63.652,59.368],[-63.73,59.265],[-63.826,59.245],[-63.71,59.368],[-64.061,59.387],[-63.795,59.422],[-63.728,59.52],[-63.874,59.573],[-63.981,59.506],[-63.864,59.611],[-64.007,59.624],[-64.121,59.518],[-64.032,59.645],[-63.922,59.656],[-64.148,59.683],[-64.265,59.765],[-64.126,59.907],[-64.258,59.875],[-64.183,59.916],[-64.299,59.944],[-64.148,59.984],[-64.183,60.032],[-64.326,60.06],[-64.224,59.998],[-64.306,59.998],[-64.369,59.927],[-64.518,59.903],[-64.402,59.941],[-64.54,60.011],[-64.393,60.014],[-64.377,60.13],[-64.452,60.066],[-64.828,59.991],[-64.463,60.088],[-64.395,60.217],[-64.566,60.176],[-64.463,60.238],[-64.759,60.238],[-64.637,60.293],[-64.381,60.245],[-64.464,60.291],[-64.86,60.361],[-64.957,60.259],[-64.874,60.204],[-65.129,60.047],[-65.08,59.93],[-65.23,59.892],[-64.984,59.765],[-65.323,59.848],[-65.498,59.793],[-65.546,59.731],[-65.412,59.518],[-65.181,59.476],[-64.984,59.381],[-65.56,59.491],[-65.382,59.402],[-65.447,59.367],[-65.358,59.282],[-65.559,59.377],[-65.492,59.258],[-65.603,59.257],[-65.594,59.189],[-65.739,59.271],[-65.718,59.158],[-65.642,59.073],[-65.542,59.109],[-65.32,59.046],[-65.594,59.046],[-65.507,58.988],[-65.683,59.053],[-65.793,59.005],[-65.689,58.974],[-65.677,58.929],[-65.885,59.008],[-65.862,58.943],[-65.982,58.917],[-65.796,58.863],[-66.019,58.861],[-66.109,58.779],[-65.828,58.58],[-65.98,58.49],[-65.923,58.443],[-65.997,58.416],[-66.019,58.491],[-65.944,58.621],[-66.382,58.854],[-66.595,58.677],[-66.669,58.54],[-66.615,58.498],[-66.807,58.498],[-66.852,58.425],[-66.947,58.498],[-67.087,58.363],[-67.484,58.276],[-67.662,58.116],[-67.642,58.049],[-67.703,57.945],[-67.649,58.252],[-67.732,58.285],[-67.675,58.423],[-67.739,58.469],[-67.863,58.237],[-68.13,58.083],[-67.863,58.309],[-67.89,58.499],[-68.006,58.58],[-68.174,58.491],[-68.338,58.09],[-68.469,58.02],[-68.645,57.996],[-68.709,58.015],[-68.345,58.132],[-68.206,58.434],[-68.191,58.546],[-68.349,58.6],[-68.41,58.824],[-68.773,58.922],[-69.256,58.899],[-69.727,58.673],[-69.912,58.874],[-69.798,58.837],[-69.898,58.963],[-69.863,59.06],[-69.672,58.927],[-69.684,58.805],[-69.565,58.806],[-69.452,58.895],[-69.504,59.073],[-69.43,59.025],[-69.342,59.094],[-69.543,59.17],[-69.233,59.241],[-69.255,59.325],[-69.423,59.362],[-69.755,59.318],[-69.632,59.385],[-69.749,59.516],[-69.516,59.649],[-69.658,59.703],[-69.548,59.765],[-69.612,59.784],[-69.562,59.865],[-69.768,59.916],[-69.735,59.97],[-70.578,59.977],[-71.02,60.07],[-69.822,59.989],[-69.826,60.072],[-69.628,60.077],[-69.602,60.225],[-69.765,60.317],[-69.72,60.376],[-69.829,60.526],[-69.667,60.567],[-69.72,60.684],[-69.381,60.8],[-69.37,60.917],[-69.537,61.08],[-69.651,61.064],[-69.662,60.885],[-69.777,60.92],[-69.916,60.81],[-70.151,60.882],[-70.09,60.961],[-70.155,61.088],[-70.426,61.088],[-70.426,61.027],[-70.527,61.065],[-70.535,61.012],[-71.213,61.167],[-71.372,61.129],[-71.498,61.231],[-71.573,61.156],[-71.597,61.259],[-71.727,61.287],[-71.666,61.334],[-71.823,61.355],[-71.583,61.41],[-71.892,61.431],[-71.748,61.479],[-71.857,61.534],[-71.556,61.561],[-71.581,61.614],[-71.957,61.711],[-71.979,61.604],[-72.303,61.568],[-71.995,61.677],[-72.224,61.75],[-72.132,61.801],[-72.232,61.881],[-72.605,61.944],[-72.602,61.813],[-72.666,61.883],[-72.796,61.835],[-72.608,61.972],[-72.629,62.117],[-72.947,62.123],[-72.899,62.143],[-73.21,62.313],[-73.671,62.482],[-74.755,62.214],[-74.558,62.109],[-75.328,62.317],[-75.894,62.164],[-75.592,62.273],[-77.472,62.594],[-78.024,62.392],[-78.155,62.297],[-78.165,62.167],[-78.005,61.732],[-77.477,61.54],[-77.641,61.56],[-77.545,61.485],[-77.785,61.455],[-77.693,61.207],[-78.197,60.793],[-77.919,60.835],[-77.97,60.793],[-77.86,60.793],[-77.895,60.752],[-77.511,60.841],[-77.744,60.767],[-77.607,60.759],[-77.83,60.649],[-77.686,60.558],[-77.415,60.547],[-77.742,60.426],[-77.408,60.135],[-77.634,60.066],[-77.189,60.06],[-77.425,59.919],[-77.292,59.8],[-77.545,59.745],[-77.313,59.567],[-77.778,59.71],[-77.73,59.549],[-77.915,59.419],[-77.675,59.402],[-78.107,59.21],[-78.131,59.108],[-78.285,59.053],[-78.32,58.991],[-78.244,58.998],[-78.316,58.926],[-78.566,58.958],[-78.469,58.706],[-78.566,58.621],[-78.32,58.546],[-78.409,58.63],[-78.031,58.388],[-77.471,58.212],[-76.95,57.828],[-76.533,57.115],[-76.515,56.438],[-76.682,56.043],[-77.189,55.682],[-77.089,55.714],[-77.138,55.658],[-77.782,55.274],[-78.392,55.028],[-79.766,54.66],[-79.525,54.591],[-79.601,54.557],[-79.45,54.42],[-79.464,54.31],[-79.286,54.256],[-79.382,54.194],[-79.046,54.18],[-79.293,54.091],[-78.98,54.019],[-79.135,53.961],[-78.992,53.913],[-79.108,53.906],[-79.066,53.858],[-78.971,53.855],[-78.902,53.817],[-79.052,53.838],[-79.049,53.726],[-79.156,53.708],[-79.019,53.694],[-79.066,53.598],[-78.923,53.567],[-79.115,53.509],[-78.992,53.454],[-78.895,53.269],[-78.977,53.07],[-78.916,53.064],[-78.984,53.028],[-78.786,52.982],[-78.902,52.927],[-78.855,52.884],[-78.69,52.885],[-78.85,52.757],[-78.69,52.598],[-78.765,52.57],[-78.516,52.477],[-78.553,52.268],[-78.408,52.248],[-78.547,52.247],[-78.591,52.106],[-78.893,51.947],[-78.841,51.842],[-79.039,51.769],[-78.792,51.611],[-78.813,51.515],[-78.69,51.487],[-78.882,51.403],[-78.827,51.35],[-78.92,51.233],[-78.847,51.164],[-78.953,51.219],[-79.012,51.467],[-79.276,51.532],[-79.245,51.631],[-79.323,51.667],[-79.697,51.399],[-79.726,51.122],[-79.409,50.87],[-79.34,50.792],[-79.334,50.727],[-79.745,51.124],[-80.136,51.301],[-80.41,51.34],[-81.012,51.036],[-80.43,51.357],[-80.595,51.711],[-80.979,52.002],[-81.355,52.104],[-81.512,52.239],[-81.883,52.194],[-81.479,52.303],[-81.564,52.456],[-82.042,52.843],[-82.301,52.968],[-82.251,53.213],[-82.114,53.289],[-82.219,53.604],[-82.126,53.812],[-82.243,54.065],[-82.431,54.228],[-82.444,54.365],[-82.199,54.856],[-82.273,54.938],[-82.252,55.118],[-82.331,55.163],[-82.321,55.071],[-82.529,55.168],[-82.952,55.113],[-82.898,55.174],[-82.976,55.239],[-83.713,55.277],[-83.583,55.232],[-83.558,55.185],[-83.561,55.133],[-83.611,55.232],[-83.929,55.327],[-84.613,55.245],[-85.054,55.294],[-85.214,55.229],[-85.128,55.35],[-85.439,55.428],[-85.696,55.604],[-86.954,55.928],[-87.365,55.948],[-87.355,56.004],[-87.501,56.045],[-87.619,56.003],[-87.589,56.08],[-87.98,56.443],[-88.311,56.538],[-88.879,56.86],[-89.963,57.004],[-90.0,57.01742215088282],[-90.0,63.80593506493506],[-89.966,63.813],[-90.0,63.83414102564103],[-90.0,63.970531182795696],[-89.813,63.946],[-89.914,64.001],[-89.853,64.028],[-89.932,64.117],[-90.0,64.12153333333333],[-90.0,64.13473559322034],[-89.832,64.141],[-89.887,64.206],[-89.786,64.25],[-89.736,64.148],[-89.826,64.11],[-89.707,64.032],[-89.483,63.953],[-89.546,64.08],[-89.049,63.946],[-89.291,64.137],[-89.003,63.993],[-88.735,63.972],[-88.113,64.141],[-87.982,64.192],[-88.042,64.257],[-87.9,64.333],[-87.81,64.516],[-87.578,64.57],[-87.496,64.743],[-87.3,64.764],[-86.938,65.142],[-87.047,65.238],[-87.373,65.275],[-89.04,65.328],[-89.736,65.728],[-90.0,65.78866019417475],[-90.0,65.84146140651801],[-89.771,65.823],[-89.767,65.893],[-90.0,65.94608860759494],[-90.0,65.947],[-89.688,65.947],[-89.109,65.728],[-88.414,65.632],[-88.831,65.645],[-88.064,65.359],[-87.381,65.33],[-86.55,65.672],[-86.426,65.898],[-85.974,66.036],[-85.857,66.163],[-86.621,66.314],[-86.808,66.446],[-86.632,66.44],[-86.783,66.522],[-85.783,66.5],[-85.465,66.574],[-85.322,66.48],[-85.242,66.27],[-85.118,66.33],[-84.378,66.173],[-84.637,66.344],[-84.537,66.405],[-84.349,66.278],[-84.204,66.324],[-83.971,66.204],[-83.785,66.211],[-83.857,66.159],[-83.691,66.199],[-83.863,66.317],[-83.894,66.432],[-84.211,66.595],[-84.145,66.687],[-84.452,66.721],[-84.322,66.776],[-84.747,66.9],[-84.603,66.94],[-84.975,66.929],[-84.911,66.901],[-85.128,66.838],[-85.227,66.886],[-85.005,66.968],[-84.637,66.982],[-84.939,67.056],[-84.371,66.974],[-84.583,66.982],[-84.24,66.838],[-84.439,66.831],[-84.268,66.782],[-84.269,66.728],[-84.098,66.719],[-83.918,66.886],[-83.885,66.817],[-83.959,66.748],[-83.857,66.687],[-83.984,66.708],[-84.014,66.632],[-83.678,66.525],[-83.529,66.397],[-83.658,66.419],[-83.561,66.349],[-83.369,66.35],[-82.999,66.555],[-82.591,66.571],[-82.373,66.728],[-82.157,66.714],[-82.176,66.781],[-81.955,66.977],[-81.503,67.001],[-81.238,67.461],[-82.102,67.91],[-82.178,68.009],[-81.994,68.215],[-82.175,68.125],[-82.315,68.147],[-82.273,68.292],[-82.442,68.284],[-82.507,68.318],[-82.349,68.338],[-82.651,68.434],[-82.497,68.464],[-82.612,68.53],[-82.177,68.488],[-82.274,68.537],[-81.954,68.431],[-81.815,68.53],[-81.65,68.508],[-81.267,68.639],[-81.233,68.774],[-81.379,68.868],[-82.062,68.879],[-81.273,69.099],[-81.345,69.195],[-81.753,69.268],[-82.27,69.238],[-82.143,69.298],[-82.39,69.4],[-82.225,69.394],[-82.282,69.419],[-83.294,69.54],[-82.516,69.494],[-82.754,69.578],[-82.554,69.6],[-82.616,69.647],[-82.253,69.641],[-83.731,69.709],[-84.34,69.86],[-84.863,69.862],[-85.056,69.777],[-85.563,69.858],[-85.333,69.791],[-85.514,69.77],[-85.44,69.712],[-85.544,69.654],[-85.385,69.564],[-85.48,69.564],[-85.534,69.463],[-85.344,69.441],[-85.508,69.408],[-85.337,69.318],[-85.488,69.326],[-85.474,69.277],[-85.207,69.188],[-85.27,69.138],[-85.012,69.18],[-85.138,69.127],[-84.528,69.024],[-84.953,69.019],[-84.796,68.937],[-85.119,68.964],[-85.001,68.886],[-85.193,68.869],[-84.809,68.814],[-84.788,68.736],[-85.563,68.784],[-85.46,68.756],[-85.668,68.727],[-85.743,68.625],[-85.741,68.479],[-85.665,68.454],[-85.844,68.324],[-85.789,68.222],[-85.887,68.193],[-85.902,68.054],[-86.131,68.016],[-86.529,67.687],[-86.453,67.606],[-86.502,67.379],[-87.078,67.358],[-86.961,67.255],[-87.071,67.263],[-87.114,67.179],[-87.228,67.228],[-87.289,67.098],[-87.372,67.18],[-87.516,67.119],[-87.363,67.267],[-88.141,67.671],[-88.374,67.976],[-88.283,68.126],[-88.398,68.291],[-88.199,68.383],[-88.18,68.245],[-87.944,68.201],[-87.792,68.331],[-88.023,68.809],[-89.036,69.267],[-89.332,69.249],[-89.743,68.968],[-89.716,68.646],[-89.771,68.626],[-89.794,68.715],[-89.901,68.66],[-89.946,68.604],[-89.821,68.545],[-89.865,68.488],[-90.0,68.40988963210702],[-90.0,71.45290066225165],[-89.853,71.339],[-88.081,71.21],[-87.864,71.275],[-87.749,71.141],[-87.002,70.997],[-87.893,70.935],[-89.558,71.093],[-89.188,70.963],[-89.449,70.908],[-88.907,70.545],[-87.904,70.329],[-88.263,70.332],[-87.853,70.238],[-87.612,70.284],[-87.78,70.332],[-86.974,70.29],[-87.01,70.374],[-87.249,70.394],[-86.975,70.473],[-86.902,70.385],[-86.742,70.387],[-86.883,70.336],[-86.639,70.325],[-86.664,70.38],[-86.371,70.527],[-86.297,70.477],[-86.591,70.367],[-86.55,70.236],[-85.783,69.995],[-85.235,69.996],[-85.875,70.072],[-84.812,70.119],[-84.834,70.036],[-84.695,70.007],[-83.673,69.946],[-83.052,70.01],[-82.138,69.786],[-81.712,69.935],[-83.048,70.312],[-81.568,69.97],[-80.951,69.715],[-80.77,69.782],[-81.193,70.001],[-81.762,70.123],[-79.906,69.983],[-79.681,69.849],[-78.8,69.88],[-78.665,70.014],[-78.925,70.302],[-79.591,70.411],[-79.231,70.559],[-79.347,70.449],[-79.213,70.421],[-79.003,70.619],[-79.155,70.632],[-78.84,70.636],[-78.717,70.552],[-78.882,70.601],[-79.101,70.503],[-78.897,70.417],[-78.892,70.48],[-78.745,70.456],[-78.582,70.314],[-78.536,70.357],[-78.388,70.339],[-78.539,70.312],[-78.408,70.216],[-77.892,70.264],[-77.704,70.201],[-77.683,69.825],[-77.614,69.743],[-77.442,69.791],[-77.634,69.825],[-76.976,69.942],[-77.313,69.842],[-76.777,69.836],[-76.901,69.777],[-76.795,69.722],[-77.203,69.647],[-76.703,69.565],[-76.517,69.668],[-76.622,69.689],[-76.182,69.668],[-76.47,69.658],[-76.63,69.546],[-76.391,69.405],[-75.962,69.373],[-75.596,69.229],[-75.621,69.088],[-75.99,69.011],[-76.638,69.016],[-76.645,68.917],[-76.534,68.881],[-76.673,68.766],[-76.625,68.682],[-75.607,68.886],[-75.497,68.934],[-75.57,68.987],[-75.486,69.022],[-75.116,68.893],[-75.052,69.009],[-74.809,69.083],[-74.64,69.024],[-74.941,68.998],[-75.024,68.955],[-74.859,68.968],[-75.044,68.934],[-74.845,68.94],[-75.044,68.907],[-74.703,68.938],[-74.685,68.88],[-74.983,68.811],[-74.574,68.842],[-74.721,68.736],[-74.22,68.516],[-73.885,68.555],[-74.188,68.729],[-73.756,68.687],[-73.708,68.66],[-73.825,68.62],[-73.722,68.616],[-73.817,68.571],[-73.739,68.519],[-73.947,68.413],[-73.584,68.304],[-73.688,68.277],[-73.619,68.25],[-73.317,68.4],[-73.214,68.379],[-73.495,68.277],[-72.995,68.236],[-72.899,68.023],[-72.944,67.932],[-72.608,67.786],[-72.663,67.685],[-72.482,67.618],[-72.426,67.543],[-72.508,67.502],[-72.37,67.331],[-72.193,67.276],[-72.351,67.119],[-72.738,67.068],[-73.006,66.818],[-72.949,66.735],[-73.345,66.659],[-73.456,66.551],[-74.472,66.149],[-74.012,65.855],[-73.718,65.775],[-73.474,65.46],[-74.118,65.537],[-74.551,65.333],[-74.715,65.44],[-75.105,65.396],[-75.084,65.303],[-75.193,65.256],[-75.949,65.322],[-75.562,65.169],[-75.363,65.008],[-75.199,65.106],[-75.263,64.957],[-75.393,64.982],[-75.572,64.884],[-75.346,64.925],[-75.373,64.836],[-75.294,64.751],[-75.379,64.722],[-75.538,64.781],[-75.46,64.843],[-75.581,64.858],[-75.668,64.946],[-75.425,64.972],[-75.441,65.066],[-75.798,65.232],[-77.392,65.473],[-77.292,65.381],[-77.514,65.326],[-77.313,65.2],[-78.121,64.974],[-78.073,64.816],[-78.299,64.707],[-78.156,64.699],[-78.197,64.651],[-78.128,64.59],[-78.182,64.58],[-77.97,64.466],[-78.011,64.428],[-77.832,64.422],[-77.909,64.405],[-77.854,64.37],[-77.511,64.357],[-77.546,64.315],[-77.405,64.328],[-77.45,64.295],[-77.351,64.241],[-77.133,64.301],[-76.689,64.192],[-76.711,64.305],[-76.455,64.27],[-76.38,64.288],[-76.49,64.315],[-76.188,64.301],[-76.353,64.362],[-75.736,64.372],[-75.922,64.487],[-75.633,64.46],[-75.815,64.531],[-75.82,64.622],[-75.219,64.434],[-75.157,64.494],[-74.681,64.378],[-74.506,64.462],[-74.646,64.535],[-74.469,64.562],[-74.989,64.802],[-74.731,64.772],[-74.743,64.858],[-74.646,64.905],[-74.487,64.837],[-74.708,64.74],[-74.394,64.577],[-74.345,64.597],[-74.42,64.666],[-74.3,64.683],[-74.242,64.583],[-74.215,64.679],[-74.05,64.726],[-74.084,64.641],[-74.003,64.583],[-74.167,64.57],[-73.955,64.515],[-74.126,64.542],[-74.044,64.446],[-74.174,64.466],[-74.079,64.421],[-74.174,64.37],[-74.078,64.329],[-73.996,64.329],[-73.962,64.48],[-73.783,64.48],[-73.922,64.609],[-73.752,64.542],[-73.646,64.576],[-73.646,64.666],[-73.427,64.603],[-73.464,64.508],[-73.314,64.538],[-73.303,64.666],[-73.167,64.59],[-73.482,64.405],[-73.341,64.405],[-73.266,64.37],[-73.386,64.281],[-73.283,64.26],[-73.243,64.336],[-73.104,64.281],[-73.078,64.183],[-72.906,64.166],[-72.934,64.055],[-72.734,63.97],[-72.659,63.987],[-72.706,64.017],[-72.663,64.084],[-72.67,64.017],[-72.591,64.028],[-72.666,63.856],[-72.378,63.783],[-72.242,63.959],[-72.09,63.911],[-72.365,63.761],[-72.318,63.679],[-72.214,63.678],[-72.201,63.78],[-72.042,63.671],[-71.953,63.723],[-71.93,63.655],[-71.844,63.761],[-72.008,63.754],[-71.923,63.82],[-71.776,63.746],[-71.755,63.692],[-71.698,63.753],[-71.656,63.658],[-71.646,63.72],[-71.535,63.712],[-71.583,63.654],[-71.488,63.63],[-71.562,63.581],[-71.419,63.637],[-71.403,63.569],[-71.289,63.619],[-71.227,63.602],[-71.614,63.427],[-72.142,63.448],[-71.781,63.414],[-71.769,63.26],[-71.649,63.264],[-71.762,63.233],[-71.659,63.198],[-71.713,63.178],[-71.409,63.123],[-71.402,63.056],[-71.216,63.009],[-70.926,63.173],[-70.933,63.117],[-70.864,63.14],[-70.823,63.13],[-71.158,62.994],[-70.946,63.033],[-70.94,62.973],[-71.042,62.959],[-70.24,62.754],[-69.939,62.801],[-69.761,62.733],[-69.835,62.829],[-69.699,62.746],[-69.39,62.767],[-69.587,62.658],[-69.377,62.534],[-69.281,62.624],[-69.315,62.541],[-69.197,62.445],[-68.554,62.25],[-67.581,62.181],[-67.338,62.14],[-67.317,62.073],[-66.746,62.013],[-66.54,61.903],[-66.063,61.875],[-65.949,61.909],[-66.204,62.117],[-66.04,62.075],[-66.053,62.145],[-65.93,62.198],[-65.987,62.242],[-66.059,62.228],[-66.265,62.267],[-66.155,62.248],[-66.225,62.35],[-66.363,62.332],[-66.344,62.271],[-66.474,62.337],[-66.337,62.381],[-66.352,62.447],[-66.512,62.424],[-66.48,62.505],[-66.76,62.684],[-67.006,62.657],[-66.91,62.698],[-67.053,62.692],[-67.015,62.737],[-67.122,62.76],[-67.122,62.829],[-67.245,62.815],[-67.198,62.877],[-67.369,62.856],[-67.245,62.89],[-67.424,62.979],[-67.677,62.929],[-67.537,63.045],[-67.773,62.959],[-67.801,63.014],[-67.611,63.097],[-67.986,63.076],[-67.917,63.143],[-68.23,63.199],[-68.5,63.431],[-68.444,63.445],[-68.863,63.61],[-68.815,63.637],[-68.993,63.761],[-68.529,63.746],[-68.287,63.637],[-68.289,63.699],[-68.23,63.597],[-67.698,63.37],[-67.924,63.768],[-67.201,63.288],[-67.012,63.288],[-67.038,63.343],[-66.974,63.396],[-66.951,63.291],[-67.02,63.239],[-66.834,63.151],[-66.846,63.252],[-66.807,63.275],[-66.769,63.091],[-66.55,62.996],[-66.684,63.102],[-66.56,63.082],[-66.601,63.212],[-66.739,63.294],[-66.644,63.375],[-66.688,63.281],[-66.564,63.216],[-66.397,63.0],[-66.104,62.952],[-66.283,63.137],[-66.029,62.986],[-65.834,63.033],[-65.963,62.937],[-65.788,62.873],[-65.827,62.928],[-65.712,63.051],[-65.752,62.925],[-65.604,62.825],[-65.399,62.829],[-65.345,62.926],[-65.327,62.918],[-65.341,62.856],[-65.252,62.835],[-65.375,62.787],[-65.245,62.78],[-65.355,62.685],[-65.265,62.698],[-65.17,62.568],[-64.929,62.644],[-65.19,62.877],[-65.272,63.007],[-64.887,62.869],[-64.628,62.911],[-64.847,62.973],[-64.765,63.055],[-64.868,63.096],[-64.751,63.102],[-65.06,63.178],[-64.978,63.228],[-65.149,63.288],[-64.902,63.239],[-64.946,63.36],[-65.121,63.404],[-65.047,63.439],[-65.149,63.431],[-65.06,63.452],[-65.099,63.55],[-64.987,63.603],[-65.302,63.813],[-64.943,63.633],[-64.717,63.281],[-64.537,63.255],[-64.484,63.288],[-64.628,63.321],[-64.511,63.314],[-64.522,63.377],[-64.635,63.418],[-64.508,63.422],[-64.587,63.602],[-64.522,63.669],[-64.991,63.828],[-64.647,63.975],[-64.666,64.033],[-64.964,63.973],[-64.923,64.014],[-65.193,64.022],[-65.053,64.069],[-65.196,64.076],[-65.114,64.11],[-65.252,64.179],[-65.395,64.151],[-65.245,64.199],[-65.344,64.253],[-65.567,64.254],[-65.435,64.305],[-65.656,64.301],[-65.526,64.329],[-65.227,64.301],[-65.178,64.347],[-65.265,64.384],[-65.073,64.449],[-65.176,64.48],[-65.114,64.515],[-65.238,64.487],[-65.211,64.541],[-65.408,64.445],[-65.341,64.528],[-65.707,64.49],[-65.752,64.59],[-65.56,64.713],[-65.647,64.773],[-65.71,64.692],[-65.717,64.844],[-65.952,64.885],[-65.807,64.637],[-65.957,64.768],[-66.041,64.719],[-66.019,64.858],[-66.218,64.692],[-66.211,64.761],[-66.342,64.774],[-66.19,64.781],[-66.15,64.871],[-66.682,65.044],[-66.636,64.781],[-66.705,64.769],[-66.725,64.918],[-66.834,64.946],[-66.743,64.968],[-66.759,65.069],[-66.851,65.036],[-66.917,65.049],[-66.811,65.063],[-66.725,65.186],[-66.906,65.071],[-67.109,65.062],[-66.962,65.11],[-66.937,65.241],[-67.112,65.203],[-67.17,65.227],[-67.081,65.247],[-67.169,65.269],[-67.122,65.316],[-67.417,65.351],[-67.06,65.424],[-67.459,65.501],[-67.259,65.535],[-67.341,65.577],[-67.273,65.645],[-67.736,65.638],[-68.033,65.487],[-67.951,65.563],[-68.061,65.569],[-67.869,65.645],[-67.958,65.741],[-67.814,65.816],[-68.205,65.796],[-68.082,65.833],[-68.191,65.864],[-68.147,65.933],[-68.312,65.913],[-68.191,65.953],[-68.348,66.04],[-68.116,65.967],[-68.212,66.008],[-68.083,65.981],[-68.027,66.076],[-68.261,66.081],[-68.485,66.193],[-68.85,66.193],[-68.497,66.213],[-68.514,66.303],[-68.399,66.187],[-68.274,66.227],[-67.973,66.083],[-68.033,66.001],[-67.923,65.903],[-67.704,65.898],[-67.746,65.966],[-67.187,65.916],[-67.314,66.001],[-67.163,66.042],[-67.753,66.255],[-67.704,66.293],[-67.763,66.366],[-67.993,66.509],[-67.629,66.446],[-67.399,66.296],[-67.146,66.303],[-67.41,66.433],[-67.156,66.368],[-67.143,66.44],[-67.286,66.526],[-67.746,66.57],[-67.528,66.624],[-67.129,66.487],[-67.081,66.512],[-67.163,66.528],[-66.883,66.57],[-67.06,66.646],[-66.725,66.591],[-66.862,66.543],[-66.785,66.442],[-66.677,66.46],[-66.766,66.385],[-66.443,66.414],[-66.574,66.371],[-66.472,66.35],[-66.521,66.219],[-66.15,66.289],[-66.257,66.224],[-66.012,66.117],[-65.682,66.191],[-65.477,66.392],[-65.539,66.324],[-65.471,66.317],[-65.639,66.173],[-65.96,66.053],[-65.899,65.954],[-64.964,66.076],[-64.71,66.283],[-64.354,66.35],[-64.717,66.225],[-64.854,66.036],[-64.738,65.974],[-64.938,66.007],[-65.336,65.921],[-65.505,65.755],[-65.385,65.788],[-65.454,65.679],[-65.184,65.657],[-65.067,65.713],[-64.792,65.728],[-65.341,65.583],[-64.991,65.548],[-64.853,65.661],[-64.71,65.659],[-64.929,65.529],[-65.17,65.487],[-65.01,65.369],[-64.409,65.481],[-64.915,65.343],[-64.682,65.343],[-64.909,65.303],[-64.649,65.254],[-64.731,65.159],[-64.617,65.192],[-64.641,65.124],[-64.557,65.093],[-64.446,65.32],[-64.237,65.432],[-64.409,65.288],[-64.338,65.295],[-64.374,65.179],[-64.079,65.2],[-64.278,65.104],[-64.11,65.052],[-63.809,65.186],[-63.871,65.045],[-63.655,65.042],[-63.826,64.987],[-63.613,65.003],[-63.655,64.918],[-63.535,64.899],[-63.34,65.145],[-63.518,65.193],[-63.313,65.21],[-63.456,65.241],[-63.34,65.303],[-63.524,65.385],[-63.388,65.398],[-63.655,65.467],[-63.291,65.432],[-63.62,65.549],[-63.367,65.538],[-63.367,65.633],[-63.721,65.679],[-63.347,65.673],[-63.51,65.937],[-63.196,65.634],[-62.96,65.59],[-62.897,65.641],[-62.932,65.761],[-62.82,65.61],[-62.657,65.589],[-62.598,65.675],[-62.846,65.769],[-62.572,65.763],[-62.826,65.843],[-62.871,65.908],[-62.645,65.811],[-62.291,65.823],[-62.456,65.926],[-62.387,65.933],[-62.429,65.979],[-62.823,66.022],[-62.928,66.124],[-63.066,66.124],[-62.924,66.151],[-62.785,66.038],[-62.319,65.981],[-61.954,66.02],[-62.113,66.056],[-62.01,66.076],[-62.17,66.121],[-62.106,66.145],[-62.699,66.198],[-62.894,66.337],[-62.664,66.22],[-62.319,66.303],[-62.499,66.408],[-62.615,66.387],[-62.716,66.412],[-62.627,66.44],[-61.935,66.289],[-61.565,66.344],[-61.462,66.371],[-61.99,66.412],[-61.582,66.478],[-61.822,66.629],[-62.188,66.632],[-61.999,66.699],[-61.438,66.547],[-61.268,66.632],[-61.506,66.805],[-61.73,66.831],[-61.606,66.872],[-62.008,66.88],[-61.754,66.951],[-62.106,66.919],[-62.004,67.037],[-62.09,67.06],[-62.271,67.047],[-62.284,66.946],[-62.425,66.928],[-62.311,66.728],[-62.555,66.938],[-62.747,66.943],[-62.75,66.788],[-62.902,66.638],[-62.823,66.801],[-62.865,66.969],[-63.349,66.891],[-63.428,66.708],[-63.442,66.911],[-63.528,66.818],[-63.82,66.817],[-63.237,66.974],[-63.281,67.111],[-62.977,67.222],[-63.164,67.338],[-63.771,66.96],[-63.449,67.228],[-63.888,67.242],[-63.962,67.188],[-64.497,67.139],[-64.7,67.009],[-64.609,67.14],[-63.963,67.276],[-64.773,67.198],[-64.231,67.296],[-64.8,67.351],[-63.908,67.307],[-64.005,67.331],[-63.942,67.361],[-63.997,67.454],[-64.327,67.454],[-64.443,67.481],[-64.042,67.537],[-64.103,67.551],[-64.076,67.618],[-64.285,67.625],[-64.207,67.654],[-64.312,67.735],[-64.375,67.7],[-64.641,67.667],[-64.368,67.759],[-64.503,67.807],[-64.759,67.824],[-64.826,67.694],[-64.816,67.783],[-64.913,67.794],[-65.195,67.644],[-65.164,67.736],[-65.012,67.793],[-65.149,67.796],[-65.109,67.867],[-64.943,67.914],[-65.067,67.934],[-64.75,68.001],[-65.025,68.057],[-65.419,67.914],[-65.55,67.793],[-65.38,67.719],[-65.361,67.598],[-65.614,67.789],[-65.452,67.999],[-65.81,67.975],[-65.771,67.898],[-65.959,67.817],[-66.012,67.637],[-65.944,67.9],[-66.032,67.961],[-65.855,68.081],[-65.928,68.165],[-65.956,68.042],[-66.279,67.961],[-66.389,67.781],[-66.746,67.879],[-66.414,67.869],[-66.328,67.975],[-66.183,68.016],[-66.248,68.085],[-66.478,68.078],[-66.314,68.129],[-66.581,68.148],[-66.668,68.008],[-66.739,67.989],[-66.693,68.145],[-66.971,68.037],[-66.788,68.249],[-67.065,68.296],[-67.294,68.242],[-67.275,68.195],[-67.38,68.129],[-67.602,68.167],[-67.385,68.154],[-67.239,68.297],[-67.033,68.327],[-67.404,68.355],[-67.561,68.256],[-67.682,68.242],[-67.527,68.345],[-67.876,68.283],[-67.403,68.397],[-67.022,68.362],[-66.664,68.441],[-67.129,68.482],[-67.125,68.413],[-67.341,68.413],[-67.191,68.434],[-67.549,68.492],[-67.606,68.384],[-67.63,68.493],[-67.492,68.53],[-67.664,68.565],[-67.859,68.55],[-67.896,68.434],[-67.958,68.4],[-67.933,68.56],[-68.904,68.605],[-68.644,68.665],[-68.106,68.63],[-68.171,68.674],[-68.048,68.687],[-68.973,68.742],[-68.96,68.797],[-69.398,68.858],[-68.62,68.786],[-68.493,68.797],[-68.583,68.85],[-67.773,68.784],[-68.493,68.899],[-67.999,68.856],[-68.089,68.907],[-68.04,68.948],[-68.551,68.984],[-67.704,69.024],[-68.373,69.18],[-68.864,69.092],[-68.933,68.996],[-69.018,68.968],[-68.925,69.106],[-69.07,69.114],[-68.507,69.201],[-68.964,69.223],[-68.083,69.22],[-68.952,69.339],[-69.261,69.277],[-69.014,69.359],[-68.198,69.311],[-67.678,69.177],[-66.742,69.137],[-66.649,69.222],[-66.788,69.34],[-67.228,69.464],[-68.005,69.462],[-68.587,69.591],[-69.291,69.509],[-70.022,69.537],[-68.349,69.633],[-68.013,69.776],[-67.115,69.729],[-67.225,69.948],[-67.809,70.264],[-68.157,70.318],[-68.349,70.189],[-68.191,70.127],[-68.565,70.053],[-68.649,69.943],[-69.103,69.92],[-69.391,69.784],[-69.747,69.804],[-69.982,69.618],[-69.788,69.832],[-69.408,69.829],[-68.644,70.147],[-68.707,70.209],[-69.1,70.22],[-69.014,70.189],[-69.683,70.14],[-69.802,70.068],[-69.758,69.973],[-70.473,69.845],[-70.144,69.97],[-69.832,69.983],[-69.951,70.059],[-70.18,70.02],[-69.808,70.167],[-68.72,70.322],[-68.591,70.467],[-68.459,70.373],[-68.281,70.518],[-68.362,70.584],[-69.473,70.791],[-70.041,70.597],[-70.394,70.615],[-70.31,70.503],[-70.494,70.483],[-70.401,70.528],[-70.449,70.635],[-69.957,70.735],[-69.774,70.856],[-69.915,70.88],[-70.985,70.634],[-71.056,70.552],[-70.987,70.531],[-71.07,70.518],[-71.248,70.222],[-71.542,70.024],[-71.275,70.27],[-71.323,70.318],[-71.169,70.535],[-71.515,70.579],[-71.672,70.373],[-71.824,70.294],[-71.73,70.425],[-71.967,70.421],[-71.748,70.449],[-71.576,70.613],[-71.212,70.582],[-70.806,70.724],[-70.521,70.914],[-70.621,71.069],[-70.862,71.109],[-71.202,71.007],[-71.289,70.908],[-71.174,70.857],[-71.591,70.873],[-72.211,70.765],[-72.328,70.675],[-72.571,70.613],[-72.625,70.634],[-72.365,70.689],[-72.165,70.84],[-72.776,70.818],[-72.356,70.879],[-72.045,71.085],[-71.86,71.079],[-71.471,71.066],[-71.117,71.27],[-71.544,71.505],[-72.549,71.665],[-72.639,71.545],[-72.838,71.511],[-72.755,71.436],[-72.995,71.408],[-72.96,71.336],[-72.995,71.254],[-73.169,71.227],[-73.287,71.072],[-73.4,71.045],[-73.379,70.983],[-73.455,71.032],[-73.29,71.1],[-73.276,71.223],[-73.05,71.27],[-73.441,71.347],[-73.622,71.233],[-73.694,71.086],[-73.9,71.059],[-73.748,71.09],[-73.662,71.267],[-73.379,71.387],[-73.461,71.442],[-73.639,71.361],[-73.564,71.558],[-73.866,71.535],[-74.003,71.326],[-74.186,71.22],[-74.242,71.203],[-74.097,71.283],[-74.181,71.313],[-74.072,71.337],[-74.03,71.442],[-74.318,71.415],[-73.996,71.462],[-73.975,71.545],[-73.625,71.719],[-73.621,71.773],[-73.996,71.754],[-74.217,71.621],[-74.146,71.539],[-74.249,71.609],[-74.108,71.738],[-74.523,71.663],[-74.743,71.514],[-74.631,71.39],[-75.046,71.187],[-75.099,71.195],[-74.705,71.395],[-74.928,71.456],[-74.844,71.523],[-75.153,71.47],[-74.732,71.583],[-74.649,71.679],[-75.414,71.525],[-74.94,71.662],[-75.352,71.7],[-74.215,71.837],[-74.118,71.967],[-74.242,72.08],[-75.063,72.128],[-75.196,72.024],[-75.551,71.984],[-75.671,71.817],[-75.866,71.708],[-76.1,71.696],[-75.805,71.758],[-75.585,72.004],[-75.222,72.069],[-75.658,72.124],[-76.005,72.059],[-76.358,71.856],[-76.415,71.861],[-76.029,72.089],[-75.639,72.145],[-75.246,72.128],[-74.942,72.257],[-75.198,72.498],[-75.94,72.592],[-76.103,72.48],[-76.17,72.591],[-76.652,72.639],[-76.784,72.729],[-77.601,72.756],[-78.427,72.594],[-78.555,72.445],[-76.997,72.134],[-77.59,72.183],[-77.6,72.125],[-77.661,72.1],[-77.691,72.217],[-78.409,72.329],[-78.471,72.319],[-78.428,72.179],[-78.604,72.358],[-78.805,72.338],[-78.751,72.285],[-78.875,72.231],[-78.429,72.12],[-78.295,71.977],[-78.125,71.977],[-77.696,71.812],[-77.748,71.752],[-78.154,71.972],[-78.308,71.95],[-77.909,71.771],[-78.209,71.824],[-78.504,72.1],[-78.83,72.173],[-78.914,72.014],[-78.504,71.874],[-79.231,71.976],[-79.039,72.073],[-78.957,72.283],[-79.332,72.402],[-79.546,72.292],[-79.482,72.263],[-79.45,72.196],[-79.546,72.275],[-79.768,72.222],[-79.594,72.341],[-79.819,72.506],[-80.17,72.326],[-79.676,72.128],[-80.245,72.3],[-80.307,72.257],[-80.238,72.21],[-80.483,72.181],[-80.365,72.111],[-80.397,72.05],[-80.985,71.888],[-80.8,72.018],[-81.088,72.053],[-81.026,72.093],[-80.567,72.082],[-80.972,72.203],[-80.512,72.382],[-80.506,72.498],[-80.889,72.436],[-81.242,72.261],[-81.383,72.244],[-80.245,72.738],[-80.64,72.928],[-80.55,73.095],[-80.62,73.16],[-81.188,73.265],[-81.229,73.54],[-81.528,73.716],[-82.831,73.737],[-84.008,73.505],[-83.665,73.456],[-83.605,73.301],[-83.781,73.436],[-84.182,73.478],[-84.658,73.395],[-84.343,73.231],[-84.797,73.391],[-85.113,73.322],[-85.193,73.231],[-83.795,73.047],[-83.638,72.985],[-85.175,73.149],[-85.227,73.131],[-85.125,73.052],[-85.464,73.112],[-85.536,73.026],[-85.118,73.033],[-83.953,72.758],[-85.318,72.963],[-85.571,72.972],[-85.682,72.894],[-85.706,72.638],[-85.474,72.58],[-85.618,72.545],[-85.515,72.463],[-85.132,72.354],[-84.78,72.462],[-84.873,72.374],[-84.432,72.382],[-84.939,72.292],[-84.165,72.025],[-84.207,71.939],[-84.271,72.025],[-84.862,72.22],[-85.476,72.266],[-85.419,72.217],[-85.542,72.237],[-85.508,72.175],[-85.399,72.134],[-85.542,72.128],[-85.498,72.08],[-86.051,72.015],[-85.556,71.902],[-85.438,71.815],[-85.583,71.792],[-85.258,71.668],[-84.622,71.666],[-84.645,71.584],[-84.528,71.473],[-84.761,71.408],[-84.799,71.288],[-84.665,71.223],[-84.797,71.185],[-84.799,70.928],[-84.968,70.924],[-84.96,71.079],[-85.145,71.086],[-84.982,71.108],[-84.878,71.072],[-84.857,71.16],[-84.973,71.196],[-85.769,71.149],[-86.285,71.006],[-86.663,70.976],[-86.824,70.991],[-85.945,71.181],[-85.406,71.197],[-85.472,71.23],[-85.193,71.299],[-84.838,71.287],[-84.948,71.423],[-85.497,71.514],[-86.111,71.784],[-86.408,72.006],[-86.432,72.277],[-86.242,72.423],[-86.738,72.731],[-86.03,73.302],[-84.837,73.745],[-85.106,73.812],[-87.134,73.803],[-87.764,73.717],[-88.687,73.423],[-88.859,73.334],[-88.619,73.286],[-89.051,73.252],[-88.887,73.217],[-89.148,73.186],[-89.312,73.052],[-89.215,73.013],[-89.361,72.98],[-89.298,72.921],[-89.414,72.831],[-89.277,72.758],[-89.578,72.792],[-89.567,72.7],[-89.468,72.669],[-89.735,72.621],[-89.791,72.475],[-89.888,72.449],[-89.788,72.424],[-89.913,72.426],[-89.833,72.403],[-89.951,72.334],[-89.901,72.19],[-89.578,72.162],[-89.993,72.072],[-89.997,71.99],[-90.0,71.9885],[-90.0,74.54038105726872],[-89.919,74.527],[-89.434,74.553],[-89.147,74.608],[-89.099,74.687],[-89.27,74.759],[-89.06,74.722],[-89.01,74.786],[-89.099,74.841],[-88.921,74.786],[-88.848,74.665],[-88.539,74.904],[-88.448,74.834],[-88.489,74.794],[-88.297,74.78],[-88.434,74.766],[-88.564,74.573],[-88.518,74.501],[-87.756,74.52],[-87.644,74.458],[-87.296,74.546],[-87.373,74.526],[-86.604,74.471],[-86.801,74.549],[-86.803,74.622],[-86.38,74.487],[-86.179,74.622],[-86.08,74.55],[-86.125,74.484],[-85.604,74.498],[-85.482,74.545],[-85.534,74.69],[-85.357,74.506],[-85.185,74.493],[-85.035,74.539],[-85.076,74.643],[-85.008,74.704],[-84.915,74.512],[-84.258,74.506],[-83.494,74.578],[-83.322,74.762],[-83.562,74.892],[-83.492,74.909],[-83.078,74.816],[-83.117,74.669],[-82.92,74.551],[-82.606,74.512],[-82.421,74.573],[-82.422,74.518],[-81.789,74.458],[-81.115,74.579],[-80.218,74.587],[-80.156,74.637],[-80.205,74.697],[-80.129,74.718],[-80.245,74.759],[-80.101,74.828],[-80.411,74.902],[-80.313,74.942],[-79.875,74.817],[-79.334,74.903],[-79.592,75.021],[-80.249,74.954],[-80.177,74.985],[-80.443,75.04],[-79.517,75.229],[-79.444,75.287],[-79.615,75.304],[-79.491,75.383],[-79.683,75.438],[-79.574,75.451],[-80.376,75.465],[-79.95,75.54],[-80.503,75.662],[-81.286,75.664],[-81.113,75.779],[-82.331,75.844],[-83.12,75.74],[-84.001,75.829],[-83.918,75.815],[-84.665,75.691],[-84.501,75.636],[-84.576,75.624],[-85.045,75.656],[-85.323,75.574],[-85.529,75.602],[-86.152,75.509],[-85.522,75.403],[-86.618,75.369],[-86.365,75.43],[-87.266,75.623],[-87.507,75.561],[-87.424,75.501],[-87.467,75.456],[-87.606,75.451],[-87.496,75.492],[-87.751,75.581],[-88.228,75.471],[-88.304,75.499],[-88.223,75.545],[-88.722,75.686],[-88.9,75.609],[-88.764,75.438],[-88.917,75.43],[-89.208,75.586],[-89.763,75.581],[-89.257,75.636],[-89.163,75.765],[-89.515,75.859],[-89.777,75.794],[-89.688,75.903],[-89.964,76.016],[-90.0,76.00841081081082],[-90.0,76.18054275092936],[-89.38,76.184],[-89.194,76.248],[-90.0,76.33362900505902],[-90.0,76.50632712215321],[-89.675,76.507],[-89.822,76.551],[-89.816,76.668],[-89.675,76.733],[-89.982,76.842],[-90.0,76.83932352941176],[-90.0,77.26010659898478],[-89.645,77.343],[-89.776,77.486],[-90.0,77.54666666666667],[-90.0,78.27088711516534],[-89.455,78.164],[-89.787,78.398],[-89.989,78.449],[-90.0,78.46029999999999],[-90.0,78.61128870292887],[-89.05,78.182],[-88.811,78.165],[-88.54,78.417],[-88.805,78.61],[-88.558,78.61],[-88.229,78.464],[-87.91,78.552],[-88.022,78.655],[-88.358,78.658],[-88.136,78.687],[-88.229,78.805],[-88.174,78.996],[-87.728,79.083],[-87.985,78.964],[-87.998,78.811],[-87.649,78.643],[-86.94,78.919],[-86.968,79.064],[-86.747,78.959],[-86.504,79.069],[-84.913,79.271],[-85.699,79.618],[-86.068,79.436],[-86.166,79.46],[-86.028,79.481],[-86.138,79.522],[-86.042,79.569],[-86.309,79.648],[-86.719,79.642],[-86.817,79.617],[-86.694,79.569],[-86.821,79.547],[-86.991,79.603],[-87.461,79.536],[-87.136,79.649],[-86.962,79.909],[-87.488,79.837],[-87.008,79.953],[-87.239,80.07],[-87.899,80.059],[-88.064,80.125],[-87.568,80.183],[-87.701,80.413],[-88.644,80.397],[-88.709,80.29],[-88.31,80.212],[-88.255,80.187],[-88.427,80.193],[-88.146,80.103],[-88.538,80.099],[-89.256,80.29],[-89.078,80.399],[-89.257,80.399],[-89.058,80.468],[-89.325,80.537],[-89.832,80.529],[-89.774,80.464],[-90.0,80.53965665236052],[-90.0,81.06615749525618],[-89.826,81.013],[-87.388,81.069],[-85.245,81.299],[-84.734,81.284],[-86.699,81.005],[-89.462,80.915],[-87.707,80.645],[-87.276,80.632],[-85.781,81.034],[-82.363,81.18],[-85.622,80.98],[-86.749,80.604],[-86.05,80.538],[-85.563,80.625],[-85.865,80.543],[-85.121,80.504],[-83.846,80.544],[-83.719,80.632],[-83.863,80.762],[-83.274,80.847],[-83.124,80.831],[-83.569,80.742],[-83.302,80.698],[-81.76,80.817],[-83.168,80.588],[-82.913,80.539],[-80.876,80.663],[-79.614,80.828],[-79.195,80.959],[-79.347,81.002],[-79.066,81.091],[-79.505,81.2],[-78.737,81.114],[-78.683,81.192],[-78.192,81.305],[-76.744,81.44],[-78.444,81.171],[-78.395,81.146],[-78.909,81.002],[-78.862,80.925],[-78.936,80.879],[-76.515,80.856],[-78.189,80.806],[-79.964,80.617],[-78.052,80.569],[-80.051,80.528],[-83.206,80.323],[-82.169,80.018],[-81.404,79.94],[-81.662,79.908],[-81.566,79.807],[-81.629,79.768],[-81.523,79.718],[-80.881,79.654],[-79.752,79.707],[-80.643,79.591],[-80.587,79.569],[-81.787,79.611],[-81.616,79.624],[-81.671,79.693],[-81.986,79.727],[-82.171,79.869],[-83.788,80.251],[-86.504,80.309],[-86.654,80.137],[-86.535,80.031],[-85.254,79.926],[-86.396,79.963],[-86.475,79.893],[-86.378,79.824],[-86.482,79.822],[-86.475,79.761],[-85.021,79.618],[-84.879,79.487],[-84.487,79.413],[-84.33,79.192],[-83.962,79.22],[-84.028,79.159],[-83.363,79.055],[-83.982,79.051],[-84.453,79.148],[-84.752,79.039],[-84.279,78.955],[-82.535,78.885],[-81.479,79.049],[-81.699,78.979],[-81.76,78.919],[-81.657,78.891],[-81.754,78.843],[-83.26,78.837],[-82.773,78.734],[-82.339,78.759],[-82.219,78.727],[-82.596,78.706],[-82.239,78.594],[-82.343,78.569],[-83.746,78.839],[-85.031,78.922],[-86.61,78.809],[-86.94,78.714],[-87.122,78.583],[-86.858,78.549],[-87.157,78.549],[-87.529,78.411],[-87.523,78.233],[-87.091,78.207],[-87.537,78.145],[-86.77,78.12],[-86.506,78.215],[-86.236,78.205],[-85.86,78.386],[-85.939,78.237],[-86.256,78.158],[-86.289,78.083],[-85.491,78.106],[-85.029,78.289],[-84.857,78.507],[-84.68,78.591],[-84.617,78.59],[-84.871,78.37],[-84.576,78.354],[-84.809,78.327],[-84.968,78.214],[-84.425,78.213],[-84.028,78.179],[-85.035,78.179],[-85.097,78.103],[-84.289,78.083],[-85.063,78.063],[-85.68,77.935],[-85.473,77.872],[-84.55,77.928],[-84.315,77.898],[-85.402,77.832],[-84.971,77.844],[-85.351,77.74],[-85.282,77.66],[-84.943,77.603],[-84.435,77.729],[-84.868,77.573],[-84.761,77.52],[-83.678,77.535],[-82.736,77.928],[-82.765,78.028],[-82.321,78.083],[-82.596,78.021],[-82.541,77.925],[-82.986,77.679],[-83.389,77.514],[-83.836,77.459],[-83.466,77.349],[-84.617,77.384],[-84.466,77.302],[-85.402,77.401],[-85.508,77.479],[-85.796,77.425],[-85.719,77.474],[-85.974,77.713],[-86.452,77.836],[-87.192,77.905],[-88.222,77.863],[-88.105,77.815],[-88.235,77.774],[-88.153,77.742],[-88.211,77.65],[-87.701,77.541],[-87.647,77.487],[-87.783,77.438],[-87.721,77.37],[-86.85,77.364],[-87.249,77.308],[-86.913,77.267],[-87.215,77.212],[-87.181,77.2],[-86.604,77.178],[-88.495,77.114],[-88.544,77.103],[-88.393,77.103],[-89.537,76.857],[-89.386,76.733],[-89.681,76.575],[-88.911,76.41],[-88.71,76.601],[-88.613,76.486],[-88.696,76.415],[-88.618,76.404],[-88.496,76.548],[-88.66,76.602],[-88.585,76.637],[-88.709,76.712],[-88.507,76.824],[-88.52,76.621],[-88.354,76.519],[-88.441,76.466],[-88.358,76.438],[-88.404,76.394],[-87.406,76.356],[-87.547,76.449],[-87.496,76.503],[-87.595,76.538],[-87.563,76.62],[-87.461,76.589],[-87.433,76.466],[-86.722,76.348],[-86.643,76.477],[-86.303,76.528],[-86.632,76.637],[-86.578,76.642],[-86.207,76.527],[-86.418,76.472],[-86.347,76.389],[-85.203,76.284],[-84.388,76.315],[-84.942,76.422],[-85.056,76.52],[-84.987,76.586],[-84.633,76.439],[-84.216,76.451],[-84.197,76.618],[-84.293,76.664],[-83.713,76.435],[-83.185,76.431],[-83.252,76.577],[-83.528,76.709],[-83.381,76.761],[-83.391,76.678],[-83.116,76.589],[-83.103,76.466],[-83.001,76.436],[-82.138,76.439],[-82.225,76.52],[-82.082,76.568],[-82.512,76.662],[-82.73,76.821],[-82.276,76.635],[-81.783,76.688],[-82.062,76.617],[-81.986,76.584],[-82.056,76.516],[-81.538,76.473],[-81.207,76.564],[-81.218,76.5],[-80.772,76.42],[-81.095,76.219],[-80.958,76.198],[-81.072,76.129],[-79.293,76.302],[-78.774,76.577],[-78.367,76.466],[-78.032,76.633],[-77.771,76.664],[-77.79,76.776],[-77.716,76.822],[-78.091,77.023],[-78.384,77.004],[-78.724,76.883],[-78.72,76.828],[-78.964,76.842],[-78.903,76.934],[-79.376,76.926],[-79.006,77.105],[-79.432,77.239],[-79.718,77.243],[-80.372,77.075],[-80.115,77.206],[-81.103,77.287],[-81.858,77.17],[-81.918,77.253],[-82.198,77.302],[-81.171,77.333],[-81.737,77.435],[-81.673,77.524],[-81.937,77.685],[-81.297,77.437],[-80.551,77.31],[-79.133,77.291],[-78.771,77.385],[-78.841,77.315],[-78.69,77.319],[-78.252,77.387],[-78.279,77.432],[-77.942,77.513],[-77.976,77.56],[-77.716,77.61],[-78.08,77.679],[-77.942,77.76],[-77.981,77.817],[-78.43,77.911],[-78.217,78.003],[-76.881,77.905],[-76.232,78.021],[-75.934,77.959],[-75.582,78.113],[-76.915,78.207],[-76.605,78.255],[-75.626,78.2],[-75.03,78.336],[-76.662,78.528],[-75.398,78.516],[-74.633,78.59],[-74.873,78.644],[-74.722,78.713],[-74.906,78.788],[-74.774,78.835],[-75.744,78.897],[-76.459,78.849],[-75.722,78.967],[-75.781,78.982],[-76.733,79.037],[-77.718,78.97],[-78.227,78.772],[-78.299,78.796],[-77.703,79.008],[-78.895,79.069],[-76.169,79.077],[-76.086,79.104],[-78.257,79.172],[-76.089,79.205],[-75.757,79.084],[-74.441,79.063],[-74.825,79.179],[-74.469,79.227],[-77.497,79.248],[-77.326,79.267],[-78.059,79.357],[-77.162,79.33],[-77.402,79.453],[-77.125,79.469],[-76.873,79.35],[-75.88,79.357],[-76.152,79.395],[-76.194,79.47],[-75.028,79.373],[-74.889,79.416],[-75.065,79.494],[-74.996,79.513],[-74.282,79.44],[-73.992,79.459],[-73.966,79.564],[-73.734,79.496],[-73.125,79.566],[-73.383,79.776],[-74.845,79.85],[-74.228,79.896],[-73.742,79.85],[-73.865,79.837],[-73.813,79.822],[-72.931,79.824],[-73.064,79.802],[-72.92,79.71],[-72.232,79.663],[-71.142,79.789],[-70.912,79.893],[-71.46,79.899],[-70.487,80.063],[-70.648,80.143],[-72.342,80.063],[-72.392,80.091],[-71.898,80.118],[-72.42,80.213],[-71.735,80.118],[-70.159,80.192],[-69.959,80.262],[-70.453,80.344],[-70.37,80.413],[-70.824,80.567],[-70.22,80.42],[-70.309,80.358],[-69.666,80.355],[-69.332,80.409],[-68.891,80.604],[-68.973,80.617],[-67.606,80.871],[-67.563,80.946],[-67.235,80.94],[-64.436,81.482],[-64.546,81.55],[-65.736,81.493],[-70.02,81.106],[-69.637,81.18],[-70.213,81.18],[-66.608,81.516],[-67.269,81.571],[-68.581,81.516],[-68.856,81.55],[-68.356,81.543],[-69.308,81.722],[-68.213,81.563],[-65.858,81.627],[-65.341,81.694],[-66.047,81.694],[-64.187,81.745],[-64.121,81.769],[-64.326,81.831],[-63.92,81.799],[-61.312,82.197],[-61.085,82.331],[-61.579,82.489],[-62.352,82.482],[-62.175,82.53],[-63.373,82.441],[-63.093,82.468],[-62.928,82.571],[-63.853,82.722],[-63.381,82.77],[-63.447,82.827],[-64.136,82.837],[-64.443,82.76],[-64.937,82.872],[-64.697,82.91],[-65.276,82.879],[-65.101,82.852],[-65.355,82.804],[-65.155,82.77],[-65.852,82.842],[-66.668,82.712],[-68.618,82.63],[-68.671,82.64],[-66.846,82.812],[-66.3,82.935],[-68.132,82.933],[-68.172,82.999],[-68.954,82.983],[-69.039,83.046],[-69.617,82.99],[-69.452,83.037],[-69.774,83.051],[-69.688,83.117],[-71.124,83.1],[-71.501,83.01],[-70.837,82.886],[-71.796,83.02],[-71.628,83.103],[-72.702,83.097],[-73.653,82.927],[-72.502,82.729],[-72.591,82.701],[-73.828,82.866],[-74.2,83.002],[-77.134,83.037],[-77.387,82.99],[-76.374,82.791],[-75.976,82.791],[-76.312,82.756],[-75.4,82.619],[-76.218,82.452],[-75.894,82.599],[-76.557,82.675],[-77.139,82.867],[-77.852,82.926],[-78.244,82.866],[-78.107,82.838],[-78.175,82.831],[-78.519,82.846],[-78.509,82.921],[-78.606,82.944],[-79.009,82.875],[-79.34,82.976],[-80.158,82.939],[-80.43,82.9],[-79.676,82.831],[-79.998,82.804],[-79.895,82.765],[-78.504,82.688],[-79.985,82.694],[-79.847,82.644],[-80.152,82.681],[-80.315,82.786],[-81.474,82.83],[-81.585,82.801],[-80.581,82.543],[-82.328,82.659],[-82.397,82.619],[-81.479,82.503],[-82.497,82.509],[-82.731,82.405],[-81.292,82.163],[-80.869,82.16],[-80.974,82.135],[-80.934,82.104],[-79.864,82.027],[-79.923,81.989],[-79.231,81.818],[-82.97,82.298],[-83.018,82.236],[-82.627,82.104],[-81.877,82.044],[-83.13,82.071],[-82.952,82.126],[-83.675,82.349],[-84.946,82.427],[-84.624,82.453],[-84.708,82.483],[-85.919,82.434],[-85.548,82.416],[-85.351,82.29],[-85.401,82.277],[-86.879,82.208],[-86.728,82.137],[-84.752,81.991],[-84.603,81.893],[-84.866,81.994],[-85.069,81.989],[-84.796,81.886],[-85.268,82.008],[-85.734,81.989],[-85.399,81.857],[-86.162,82.046],[-86.965,82.051],[-86.844,81.989],[-87.131,81.976],[-86.728,81.893],[-87.29,81.964],[-87.174,82.016],[-87.373,82.077],[-88.07,82.107],[-89.007,82.007],[-89.058,81.989],[-88.989,81.928],[-89.079,81.914],[-89.413,81.93],[-89.147,81.886],[-89.335,81.809],[-89.722,81.923],[-90.0,81.9107274472169],[-90.0,88.98797926618559],[-2.367,88.986],[-0.61,88.581]],[[-72.022,71.045],[-72.067,70.932],[-72.228,70.935],[-72.048,70.809],[-71.439,70.91],[-71.343,71.008],[-71.86,71.079],[-72.022,71.045]],[[-86.687,68.31],[-86.987,68.084],[-86.848,68.022],[-86.954,67.925],[-86.886,67.823],[-86.598,67.728],[-86.372,67.937],[-86.408,68.208],[-86.687,68.31]],[[-86.46,70.017],[-86.651,70.121],[-87.379,70.106],[-87.084,69.989],[-86.46,70.017]],[[-88.057,78.452],[-88.222,78.433],[-88.201,78.357],[-88.411,78.279],[-88.246,78.261],[-88.047,78.423],[-88.057,78.452]],[[-80.768,52.935],[-81.123,53.202],[-81.858,53.185],[-82.063,53.023],[-80.744,52.7],[-80.67,52.742],[-80.768,52.935]],[[-79.786,55.79],[-79.634,55.903],[-79.469,55.879],[-79.156,56.236],[-79.128,56.161],[-79.286,55.866],[-78.98,56.392],[-78.99,56.263],[-79.111,56.087],[-79.21,55.893],[-79.203,55.859],[-78.882,56.326],[-78.952,56.322],[-78.936,56.43],[-79.247,56.562],[-79.223,56.65],[-79.134,56.634],[-79.258,56.682],[-79.409,56.222],[-79.607,56.134],[-79.435,56.414],[-79.454,56.56],[-79.525,56.294],[-80.026,55.9],[-79.909,55.825],[-79.471,56.121],[-79.786,55.79]],[[-79.716,56.309],[-79.593,56.43],[-79.546,56.53],[-79.674,56.385],[-79.867,56.385],[-80.098,56.24],[-80.033,56.19],[-79.716,56.309]],[[-79.44,62.38],[-79.831,62.411],[-80.158,62.199],[-80.286,61.93],[-80.204,61.79],[-79.759,61.582],[-79.386,62.002],[-79.326,61.988],[-79.266,62.25],[-79.44,62.38]],[[-82.257,62.996],[-83.06,62.842],[-83.296,62.931],[-83.52,62.826],[-83.566,62.682],[-83.94,62.424],[-83.725,62.286],[-83.705,62.144],[-83.281,62.253],[-83.066,62.187],[-81.957,62.698],[-81.897,62.945],[-82.257,62.996]],[[-80.675,63.894],[-80.497,63.918],[-80.889,64.123],[-80.979,64.069],[-80.931,63.993],[-81.399,64.102],[-81.457,64.038],[-81.992,63.999],[-81.95,64.068],[-81.607,64.134],[-81.608,64.21],[-81.775,64.309],[-81.771,64.512],[-82.337,64.762],[-82.715,64.781],[-83.208,64.948],[-83.398,65.137],[-84.069,65.2],[-84.23,65.268],[-84.16,65.347],[-84.577,65.489],[-84.788,65.241],[-84.932,65.218],[-85.008,65.416],[-85.316,65.541],[-85.052,65.614],[-85.172,65.789],[-85.488,65.797],[-85.487,65.924],[-85.939,65.763],[-86.152,65.396],[-86.097,65.357],[-86.174,65.287],[-86.138,65.114],[-86.228,65.004],[-86.173,64.83],[-86.419,64.597],[-86.365,64.309],[-86.193,64.103],[-86.896,63.93],[-87.224,63.66],[-87.124,63.564],[-86.868,63.562],[-86.632,63.665],[-86.214,63.651],[-85.714,63.774],[-85.59,63.613],[-85.64,63.251],[-85.455,63.122],[-84.59,63.315],[-84.284,63.627],[-84.089,63.61],[-83.634,63.771],[-83.605,63.93],[-83.685,64.014],[-83.539,64.111],[-83.084,64.19],[-82.966,64.137],[-83.13,63.979],[-82.391,63.924],[-82.376,63.828],[-82.552,63.743],[-82.358,63.66],[-82.075,63.692],[-81.019,63.45],[-80.17,63.774],[-80.675,63.894]],[[-85.186,65.947],[-85.113,65.762],[-84.876,65.67],[-84.841,65.588],[-84.713,65.555],[-84.574,65.636],[-85.063,66.029],[-85.186,65.947]],[[-84.474,66.076],[-84.125,65.907],[-84.143,65.767],[-83.685,65.755],[-83.839,65.652],[-83.583,65.706],[-83.623,65.665],[-83.367,65.619],[-83.212,65.706],[-83.531,65.713],[-83.802,65.823],[-83.682,65.882],[-83.743,65.958],[-84.021,66.088],[-84.458,66.146],[-84.474,66.076]],[[-83.078,66.198],[-82.904,66.268],[-83.225,66.341],[-83.293,66.268],[-83.078,66.198]],[[-80.053,69.649],[-79.613,69.62],[-79.327,69.709],[-79.672,69.82],[-80.15,69.723],[-80.206,69.801],[-80.501,69.787],[-80.403,69.67],[-80.718,69.756],[-80.814,69.695],[-80.497,69.668],[-80.334,69.558],[-80.238,69.626],[-80.231,69.541],[-79.936,69.537],[-80.053,69.649]],[[-84.816,77.5],[-85.018,77.583],[-85.542,77.541],[-85.244,77.532],[-85.162,77.459],[-84.816,77.5]],[[-79.656,51.987],[-79.611,51.919],[-79.393,51.94],[-79.295,52.055],[-79.349,52.105],[-79.656,51.987]],[[-78.671,56.443],[-78.778,56.415],[-78.925,56.161],[-78.676,56.182],[-78.671,56.443]],[[-77.683,63.439],[-78.38,63.455],[-78.441,63.519],[-78.544,63.449],[-77.941,63.087],[-77.56,63.192],[-77.496,63.276],[-77.683,63.439]],[[-78.81,68.284],[-79.156,68.345],[-79.183,68.222],[-79.008,68.177],[-78.81,68.284]],[[-78.724,68.523],[-78.505,68.545],[-78.463,68.62],[-78.894,68.657],[-78.669,68.585],[-78.971,68.475],[-78.647,68.483],[-78.724,68.523]],[[-78.457,69.229],[-78.361,69.199],[-78.214,69.303],[-78.313,69.387],[-78.722,69.337],[-78.622,69.263],[-79.225,69.075],[-79.423,68.927],[-79.346,68.853],[-78.847,68.908],[-78.457,69.229]],[[-78.881,69.481],[-78.517,69.485],[-77.942,69.647],[-78.176,69.756],[-78.566,69.647],[-78.881,69.481]],[[-80.803,73.671],[-80.903,73.607],[-80.697,73.484],[-80.85,73.475],[-80.869,73.326],[-80.164,73.233],[-80.176,73.046],[-80.002,72.871],[-79.568,72.76],[-78.171,72.899],[-76.319,72.817],[-76.058,72.902],[-76.333,72.971],[-76.243,73.093],[-76.634,73.17],[-76.584,73.219],[-76.714,73.322],[-77.04,73.359],[-77.16,73.484],[-77.428,73.56],[-78.139,73.669],[-79.45,73.635],[-80.862,73.751],[-80.803,73.671]],[[-79.068,76.125],[-79.752,75.883],[-79.438,75.795],[-79.279,75.877],[-78.875,75.856],[-79.148,75.925],[-78.8,76.085],[-79.068,76.125]],[[-69.114,59.142],[-69.354,59.141],[-69.286,59.07],[-69.344,58.949],[-69.061,59.077],[-69.114,59.142]],[[-67.999,60.586],[-68.241,60.586],[-68.439,60.259],[-68.321,60.197],[-67.96,60.333],[-67.84,60.49],[-67.999,60.586]],[[-73.965,62.609],[-74.032,62.675],[-74.653,62.719],[-74.119,62.603],[-73.965,62.609]],[[-70.492,62.767],[-71.236,62.886],[-71.035,62.829],[-71.157,62.803],[-70.785,62.778],[-70.925,62.746],[-70.741,62.558],[-70.177,62.59],[-70.492,62.767]],[[-76.689,63.486],[-76.623,63.527],[-77.12,63.685],[-77.446,63.661],[-77.333,63.63],[-77.436,63.596],[-76.982,63.407],[-76.702,63.37],[-76.545,63.467],[-76.689,63.486]],[[-73.684,64.525],[-73.578,64.493],[-73.674,64.432],[-73.654,64.323],[-73.556,64.315],[-73.509,64.556],[-73.684,64.525]],[[-75.138,68.236],[-76.299,68.335],[-76.868,68.159],[-77.323,67.708],[-77.223,67.543],[-77.251,67.454],[-76.982,67.243],[-75.889,67.258],[-75.39,67.358],[-75.082,67.533],[-75.044,67.817],[-75.161,67.953],[-75.006,68.137],[-75.138,68.236]],[[-73.358,67.838],[-73.446,67.993],[-74.255,68.063],[-74.214,68.135],[-74.338,68.181],[-74.462,68.071],[-74.769,68.048],[-74.77,67.964],[-74.551,67.81],[-73.409,67.776],[-73.358,67.838]],[[-74.215,68.324],[-74.257,68.269],[-74.081,68.333],[-74.298,68.464],[-74.401,68.423],[-74.215,68.324]],[[-74.9,68.434],[-74.774,68.486],[-74.989,68.669],[-75.239,68.725],[-75.4,68.609],[-75.379,68.499],[-74.811,68.324],[-74.865,68.379],[-74.784,68.418],[-74.9,68.434]],[[-76.717,69.425],[-77.113,69.448],[-77.327,69.417],[-77.387,69.267],[-77.265,69.147],[-76.901,69.106],[-76.86,69.154],[-76.93,69.223],[-76.647,69.383],[-76.717,69.425]],[[-73.156,71.423],[-73.077,71.539],[-73.172,71.573],[-73.379,71.518],[-73.267,71.364],[-73.07,71.298],[-72.98,71.322],[-73.024,71.412],[-72.817,71.449],[-72.977,71.522],[-73.156,71.423]],[[-72.659,71.6],[-72.738,71.662],[-73.019,71.609],[-72.765,71.529],[-72.659,71.6]],[[-72.234,77.459],[-72.577,77.412],[-72.132,77.322],[-71.343,77.377],[-72.234,77.459]],[[-70.055,77.404],[-71.303,77.453],[-71.111,77.383],[-70.246,77.386],[-70.055,77.404]],[[-74.167,78.727],[-74.627,78.784],[-74.704,78.727],[-74.331,78.678],[-74.167,78.727]],[[-61.01,56.044],[-60.941,56.092],[-61.098,56.175],[-61.232,56.1],[-60.955,56.01],[-61.01,56.044]],[[-61.797,56.421],[-61.597,56.333],[-61.414,56.326],[-61.462,56.408],[-61.797,56.421]],[[-61.147,56.442],[-61.462,56.55],[-61.633,56.51],[-61.428,56.483],[-61.64,56.497],[-61.379,56.452],[-61.147,56.442]],[[-61.647,56.736],[-61.388,56.623],[-61.384,56.772],[-61.585,56.772],[-61.371,56.847],[-61.339,56.935],[-61.626,56.866],[-61.647,56.736]],[[-64.477,60.341],[-64.422,60.398],[-64.531,60.376],[-64.641,60.492],[-64.862,60.466],[-64.427,60.286],[-64.477,60.341]],[[-64.697,61.458],[-64.723,61.55],[-64.65,61.605],[-65.047,61.698],[-65.484,61.623],[-64.922,61.403],[-64.984,61.366],[-64.851,61.334],[-64.697,61.458]],[[-65.217,61.828],[-64.93,61.727],[-64.828,61.761],[-65.113,61.944],[-65.241,61.92],[-65.217,61.828]],[[-64.801,62.569],[-64.868,62.527],[-64.792,62.493],[-64.963,62.465],[-64.594,62.37],[-64.395,62.465],[-64.463,62.473],[-64.36,62.506],[-64.801,62.569]],[[-64.293,63.439],[-64.338,63.657],[-64.498,63.617],[-64.352,63.395],[-64.06,63.275],[-64.293,63.439]],[[-64.394,63.701],[-64.422,63.781],[-64.613,63.788],[-64.505,63.843],[-64.607,63.843],[-64.563,63.909],[-64.916,63.824],[-64.394,63.701]],[[-65.546,64.548],[-65.21,64.644],[-65.314,64.666],[-65.293,64.74],[-65.409,64.658],[-65.412,64.74],[-65.683,64.515],[-65.473,64.523],[-65.546,64.548]],[[-62.486,65.724],[-62.47,65.665],[-62.311,65.665],[-62.339,65.618],[-62.134,65.655],[-62.25,65.748],[-62.486,65.724]],[[-62.374,67.166],[-62.639,67.178],[-62.902,67.063],[-62.671,67.046],[-62.374,67.166]],[[-66.661,68.209],[-66.317,68.159],[-66.183,68.263],[-66.661,68.209]],[[-67.663,68.701],[-68.205,68.797],[-68.459,68.794],[-67.915,68.711],[-67.663,68.701]],[[-67.308,69.558],[-67.511,69.607],[-67.753,69.523],[-67.485,69.508],[-67.554,69.523],[-67.353,69.532],[-67.308,69.558]],[[-67.91,69.534],[-67.725,69.647],[-67.891,69.712],[-67.973,69.695],[-67.828,69.661],[-68.308,69.592],[-67.91,69.534]],[[-51.837,69.644],[-52.026,69.674],[-51.909,69.743],[-51.998,69.805],[-52.728,69.929],[-53.266,70.202],[-54.33,70.324],[-54.829,70.201],[-54.761,70.035],[-54.225,69.92],[-54.865,69.943],[-54.794,69.88],[-54.912,69.821],[-54.389,69.682],[-54.685,69.756],[-54.963,69.733],[-54.962,69.676],[-54.34,69.562],[-53.959,69.61],[-53.881,69.561],[-54.0,69.503],[-53.733,69.517],[-53.817,69.459],[-53.564,69.569],[-53.349,69.585],[-53.582,69.476],[-53.403,69.439],[-54.225,69.454],[-54.273,69.4],[-53.587,69.239],[-52.142,69.477],[-51.837,69.644]],[[-54.654,70.383],[-54.799,70.458],[-55.027,70.486],[-54.927,70.375],[-54.654,70.383]],[[-53.668,71.032],[-53.384,71.118],[-53.612,71.322],[-53.986,71.118],[-53.668,71.032]],[[-55.808,71.881],[-55.61,71.821],[-55.449,71.863],[-55.561,71.934],[-55.808,71.881]],[[-55.013,72.382],[-55.624,72.303],[-55.435,72.268],[-55.683,72.19],[-55.376,72.167],[-55.027,72.3],[-55.013,72.382]],[[-55.367,72.59],[-54.965,72.812],[-55.216,72.845],[-55.109,72.806],[-55.849,72.614],[-55.367,72.59]],[[-55.64,72.776],[-56.226,72.71],[-55.898,72.662],[-55.939,72.703],[-55.75,72.697],[-55.64,72.776]],[[-55.692,72.998],[-55.356,72.998],[-55.3,72.922],[-55.097,72.955],[-55.521,73.052],[-55.692,72.998]],[[-56.624,73.923],[-56.775,73.882],[-56.357,73.807],[-55.955,73.833],[-56.624,73.923]],[[-56.467,74.512],[-56.713,74.561],[-57.556,74.492],[-56.467,74.512]],[[-52.128,68.708],[-52.65,68.715],[-53.122,68.571],[-52.326,68.634],[-52.128,68.708]],[[-51.361,69.853],[-51.005,69.887],[-51.387,69.701],[-51.213,69.522],[-50.951,69.559],[-50.962,69.73],[-50.662,69.835],[-50.902,69.894],[-51.223,69.914],[-51.361,69.853]],[[-25.322,70.762],[-25.485,70.781],[-25.342,70.81],[-25.398,70.914],[-25.725,70.991],[-25.704,71.086],[-26.309,70.939],[-27.15,70.878],[-27.651,70.661],[-27.963,70.631],[-28.064,70.582],[-27.995,70.522],[-28.137,70.46],[-26.238,70.589],[-26.0,70.535],[-25.286,70.668],[-25.322,70.762]],[[-27.24,70.894],[-27.589,70.901],[-27.753,70.873],[-27.697,70.735],[-27.24,70.894]],[[-52.011,70.981],[-52.161,70.892],[-51.566,70.88],[-52.011,70.981]],[[-8.326,71.148],[-8.517,71.014],[-9.117,70.875],[-8.987,70.811],[-8.62,70.958],[-7.988,71.063],[-7.984,71.18],[-8.326,71.148]],[[-52.972,71.387],[-53.177,71.328],[-53.12,71.213],[-52.975,71.158],[-52.639,71.179],[-52.328,71.298],[-52.972,71.387]],[[-53.437,71.558],[-53.229,71.53],[-52.76,71.662],[-53.478,71.655],[-53.437,71.558]],[[-21.952,72.488],[-22.202,72.484],[-22.152,72.528],[-22.718,72.635],[-23.137,72.84],[-24.485,72.827],[-24.372,72.604],[-24.026,72.521],[-24.064,72.445],[-23.065,72.31],[-22.685,72.171],[-22.498,72.21],[-22.6,72.162],[-22.525,72.135],[-22.201,72.125],[-22.125,72.159],[-22.196,72.21],[-22.045,72.272],[-22.303,72.257],[-22.76,72.441],[-21.929,72.408],[-21.952,72.488]],[[-25.321,72.847],[-24.941,72.779],[-24.773,72.909],[-25.321,72.847]],[[-21.979,72.78],[-22.189,72.812],[-21.888,72.895],[-21.97,72.944],[-22.819,73.039],[-23.238,73.075],[-24.587,72.95],[-23.163,72.878],[-22.82,72.819],[-22.614,72.738],[-22.723,72.717],[-22.654,72.698],[-21.895,72.689],[-22.025,72.758],[-21.979,72.78]],[[-22.981,73.107],[-22.892,73.158],[-25.012,73.313],[-23.21,73.231],[-24.46,73.425],[-25.244,73.411],[-25.312,73.32],[-25.711,73.195],[-24.468,73.036],[-22.981,73.107]],[[-20.981,74.45],[-21.84,74.351],[-21.987,74.248],[-21.269,74.088],[-20.162,74.169],[-20.533,74.407],[-20.981,74.45]],[[-19.222,74.587],[-18.823,74.547],[-18.75,74.608],[-18.905,74.675],[-19.222,74.587]],[[-20.176,74.904],[-19.962,74.999],[-20.189,75.044],[-20.6,74.999],[-20.549,74.908],[-20.681,74.821],[-20.253,74.707],[-19.729,74.869],[-20.176,74.904]],[[-17.722,75.081],[-18.001,75.149],[-18.027,75.233],[-18.209,75.222],[-17.803,75.314],[-18.001,75.412],[-18.317,75.3],[-18.54,75.375],[-18.948,75.334],[-18.838,75.263],[-18.887,75.191],[-18.831,75.157],[-18.928,75.081],[-18.893,74.999],[-17.88,75.036],[-17.611,74.998],[-17.618,74.936],[-17.355,75.026],[-17.356,75.154],[-17.722,75.081]],[[-18.711,76.409],[-18.66,76.633],[-19.05,76.751],[-18.985,76.616],[-18.763,76.589],[-19.057,76.594],[-19.133,76.513],[-18.636,75.982],[-18.653,75.903],[-18.568,75.927],[-18.55,76.054],[-18.711,76.409]],[[-18.267,77.657],[-17.809,77.655],[-17.617,77.807],[-17.703,77.88],[-17.953,77.845],[-17.994,77.772],[-18.267,77.657]],[[-19.235,77.829],[-19.996,78.0],[-20.49,77.96],[-19.308,77.804],[-19.235,77.829]],[[-19.173,77.919],[-18.894,78.044],[-18.86,78.144],[-19.296,78.144],[-19.114,78.061],[-19.173,77.919]],[[-19.352,78.215],[-19.608,78.362],[-19.658,78.284],[-19.497,78.201],[-19.352,78.215]],[[-19.316,78.348],[-19.271,78.231],[-19.074,78.185],[-18.881,78.22],[-19.063,78.309],[-18.905,78.341],[-18.938,78.475],[-19.316,78.348]],[[-19.021,78.745],[-19.281,78.766],[-19.042,78.779],[-19.213,78.793],[-19.021,78.868],[-19.152,78.868],[-19.048,78.924],[-19.155,78.928],[-19.583,78.789],[-19.156,78.701],[-19.021,78.745]],[[-17.406,79.123],[-17.646,79.187],[-17.921,79.063],[-17.96,79.01],[-17.897,78.969],[-17.965,78.956],[-17.451,79.045],[-17.406,79.123]],[[-19.002,80.014],[-18.919,79.934],[-19.414,79.848],[-18.174,79.694],[-17.836,79.742],[-17.261,80.004],[-17.664,80.089],[-18.738,79.973],[-19.002,80.014]],[[-18.703,80.126],[-19.35,80.213],[-19.704,80.058],[-18.703,80.126]],[[-18.281,81.718],[-17.733,81.596],[-17.336,81.602],[-17.794,81.746],[-18.281,81.718]],[[-19.045,81.825],[-18.631,81.82],[-19.26,82.091],[-19.639,82.102],[-19.597,81.992],[-19.045,81.825]],[[-53.349,82.201],[-53.19,82.112],[-52.105,81.995],[-51.19,81.995],[-53.054,82.331],[-53.349,82.201]],[[-46.324,82.679],[-47.75,82.625],[-47.181,82.512],[-46.876,82.36],[-45.423,82.184],[-45.088,82.064],[-44.735,82.098],[-45.036,82.197],[-44.422,82.385],[-46.324,82.679]],[[-48.331,82.792],[-47.442,82.811],[-48.366,82.886],[-48.414,82.828],[-48.331,82.792]],[[-39.862,82.982],[-40.858,83.173],[-41.487,83.168],[-40.704,83.029],[-39.862,82.982]],[[-40.547,83.162],[-40.36,83.085],[-39.737,83.001],[-39.289,83.092],[-40.547,83.162]],[[-38.643,83.119],[-40.296,83.35],[-40.667,83.303],[-38.917,83.11],[-38.643,83.119]]],[[[-89.798,71.765],[-90.0,71.6276072874494],[-90.0,71.86820249221184],[-89.798,71.765]]],[[[-89.959,71.535],[-90.0,71.46302222222224],[-90.0,71.56455813953488],[-89.959,71.535]]],[[[-89.586,81.632],[-90.0,81.57188226059655],[-90.0,81.62709090909091],[-89.586,81.632]]],[[[-88.343,81.591],[-87.249,81.495],[-88.889,81.5],[-88.818,81.461],[-89.956,81.331],[-88.934,81.249],[-89.984,81.25],[-90.0,81.24670460704607],[-90.0,81.42136761284318],[-88.343,81.591]]],[[[0.828,88.125],[3.108,87.137],[4.412,86.449],[5.793,85.495],[6.721,84.711],[9.192,81.943],[10.023,79.94],[10.146,79.25],[10.158,77.284],[9.958,74.268],[10.163,71.933],[10.114,71.113],[9.972,70.62],[9.754,70.273],[9.315,70.0],[8.409,68.882],[4.67,65.632],[4.503,65.102],[4.268,64.9],[3.213,64.85],[2.256,64.942],[1.244,65.295],[0.0,65.89780423767849],[0.0,88.38756467315716],[0.828,88.125]]],[[[-77.189,79.508],[-77.134,79.549],[-76.194,79.47],[-77.189,79.508]]],[[[-22.464,65.157],[-22.034,65.115],[-21.734,65.194],[-21.826,65.035],[-22.38,65.061],[-22.464,65.157]]],[[[-22.672,65.53],[-22.566,65.543],[-22.546,65.634],[-22.479,65.508],[-22.107,65.597],[-22.387,65.492],[-22.254,65.434],[-22.114,65.529],[-21.976,65.44],[-21.695,65.453],[-22.511,65.225],[-22.672,65.53]]],[[[-22.84,66.022],[-23.064,66.315],[-22.608,66.371],[-22.71,66.296],[-22.368,66.275],[-22.978,66.234],[-22.381,66.098],[-22.484,66.029],[-22.361,65.92],[-22.432,65.846],[-22.422,65.926],[-22.517,65.976],[-22.648,65.834],[-22.577,65.973],[-22.683,66.056],[-22.764,66.049],[-22.819,65.912],[-22.823,66.005],[-22.869,65.961],[-22.84,66.022]]],[[[-110.382,76.409],[-110.328,76.341],[-110.384,76.301],[-109.91,76.197],[-109.695,76.225],[-109.273,76.054],[-110.055,75.896],[-108.858,75.7],[-108.937,75.678],[-108.835,75.623],[-108.855,75.561],[-109.034,75.554],[-108.937,75.477],[-110.514,75.573],[-111.251,75.522],[-111.411,75.616],[-111.37,75.733],[-111.596,75.815],[-111.459,75.842],[-112.227,75.815],[-111.727,75.917],[-112.142,76.015],[-110.382,76.409]]]]},"properties":{"realm":8,"name":"N Atlantic boreal & sub-Arctic, Canada to Greenland Sea","group":3,"group_name":"NE and NW Atlantic and Mediterranean, Arctic and North Pacific","pct_unique":31,"species":1492,"color":"#e09d7b","area_km2":5545751}},{"type":"Feature","geometry":{"type":"MultiPolygon","coordinates":[[[[165.033,10.661],[161.429,13.171],[150.638,20.31],[149.476,21.783],[148.581,22.777],[146.049,25.013],[155.0,39.305],[155.856,40.524],[158.611,43.316],[159.106,44.059],[159.352,44.76],[159.499,44.881],[160.07,45.042],[161.043,45.155],[164.143,45.231],[168.565,45.097],[173.439,44.779],[176.927,44.429],[179.1,44.077],[179.637,43.875],[180.0,43.185],[180.0,4.286],[165.033,10.661]]],[[[-140.471,45.952],[-139.115,45.817],[-137.97,45.606],[-136.478,45.209],[-134.378,44.426],[-132.385,43.486],[-131.314,42.834],[-130.604,42.211],[-129.95,41.33],[-129.865,40.837],[-130.008,39.763],[-129.987,39.341],[-129.705,38.655],[-129.27,38.016],[-128.326,37.147],[-126.609,36.26],[-126.023,35.85],[-125.371,35.109],[-124.118,33.172],[-122.981,31.868],[-122.296,31.279],[-120.952,30.632],[-120.715,30.365],[-120.55,30.005],[-120.515,29.505],[-121.155,25.601],[-121.218,24.55],[-121.172,23.671],[-121.006,22.795],[-120.669,21.856],[-120.32,21.31],[-119.566,20.476],[-119.409,19.884],[-119.346,19.128],[-119.42,17.877],[-119.665,16.624],[-119.958,15.834],[-120.437,15.174],[-121.892,13.855],[-123.456,12.983],[-125.63,12.237],[-127.999,11.582],[-129.473,11.262],[-131.15,11.01],[-133.007,10.838],[-141.635,10.558],[-143.68,10.4],[-145.503,10.157],[-147.495,9.739],[-151.776,8.538],[-153.124,8.344],[-156.178,8.067],[-157.53,7.844],[-158.983,7.456],[-162.312,6.331],[-163.834,5.902],[-166.379,5.395],[-169.968,4.854],[-174.185,3.858],[-175.881,3.543],[-177.231,3.435],[-178.347,3.519],[-179.264,3.8],[-179.994,4.28],[-180.0,43.658],[-179.19,43.334],[-178.33,43.247],[-174.255,43.598],[-168.235,43.503],[-166.041,43.548],[-160.106,44.123],[-155.921,44.042],[-154.672,44.229],[-152.294,45.032],[-150.529,45.372],[-145.131,45.838],[-141.968,45.988],[-140.471,45.952]],[[-154.825,19.527],[-154.99,19.727],[-155.085,19.727],[-155.168,19.947],[-155.88,20.252],[-155.835,19.976],[-156.06,19.731],[-155.887,19.36],[-155.878,19.029],[-155.675,18.906],[-155.503,19.138],[-154.875,19.413],[-154.825,19.527]],[[-156.002,20.8],[-156.243,20.942],[-156.482,20.904],[-156.598,21.033],[-156.677,20.988],[-156.685,20.882],[-156.464,20.781],[-156.408,20.587],[-156.048,20.651],[-156.002,20.8]],[[-156.893,20.914],[-157.055,20.911],[-156.962,20.732],[-156.81,20.795],[-156.893,20.914]],[[-157.26,21.222],[-157.304,21.11],[-156.87,21.053],[-156.706,21.157],[-157.26,21.222]],[[-157.726,21.459],[-157.842,21.461],[-157.97,21.709],[-158.121,21.586],[-158.279,21.575],[-158.099,21.295],[-157.981,21.319],[-157.991,21.391],[-157.947,21.303],[-157.684,21.273],[-157.726,21.459]],[[-159.339,22.213],[-159.559,22.233],[-159.717,22.158],[-159.787,22.019],[-159.437,21.869],[-159.319,22.058],[-159.339,22.213]]]]},"properties":{"realm":9,"name":"Mid-tropical North Pacific Ocean","group":4,"group_name":"Mid-tropical North Pacific Ocean","pct_unique":47,"species":2859,"color":"#45d39e","area_km2":32726106}},{"type":"Feature","geometry":{"type":"Polygon","coordinates":[[[-91.147,-9.829],[-89.082,-10.001],[-84.336,-9.946],[-79.202,-10.039],[-78.598,-9.98],[-78.338,-9.802],[-78.219,-10.137],[-77.671,-10.928],[-77.595,-11.165],[-77.647,-11.292],[-77.211,-11.646],[-77.175,-12.072],[-76.888,-12.284],[-76.206,-13.643],[-76.254,-13.851],[-76.362,-13.802],[-76.394,-13.908],[-76.293,-13.9],[-76.29,-14.167],[-76.149,-14.224],[-75.931,-14.649],[-75.507,-14.918],[-75.161,-15.393],[-74.047,-15.96],[-73.701,-16.245],[-73.42,-16.293],[-72.592,-16.659],[-72.118,-17.019],[-71.443,-17.388],[-71.384,-17.698],[-70.753,-18.092],[-70.322,-18.93],[-70.123,-20.0],[-70.214,-20.812],[-70.127,-20.935],[-70.171,-21.015],[-70.059,-21.433],[-70.192,-21.884],[-70.292,-22.902],[-70.397,-23.071],[-70.468,-23.096],[-70.509,-23.01],[-70.581,-23.108],[-70.632,-23.517],[-70.497,-23.469],[-70.391,-23.577],[-70.513,-23.859],[-70.549,-24.385],[-70.896,-24.673],[-71.298,-24.808],[-72.887,-24.782],[-73.422,-24.858],[-75.195,-25.796],[-76.785,-26.899],[-77.986,-28.127],[-79.982,-29.878],[-80.01,-38.981],[-79.901,-43.016],[-80.006,-45.742],[-80.395,-45.333],[-81.075,-45.206],[-81.654,-44.93],[-83.426,-44.68],[-84.698,-44.268],[-86.021,-44.04],[-87.38,-43.988],[-94.566,-44.054],[-100.877,-43.822],[-103.032,-43.966],[-106.417,-43.986],[-109.741,-44.262],[-119.995,-44.231],[-123.053,-44.408],[-125.907,-44.41],[-127.911,-44.571],[-131.236,-44.577],[-133.299,-44.736],[-135.434,-45.017],[-138.865,-45.209],[-141.763,-45.209],[-143.523,-45.454],[-150.229,-46.016],[-153.335,-46.718],[-152.863,-46.169],[-152.099,-45.548],[-150.193,-44.731],[-148.876,-43.861],[-146.582,-41.346],[-144.329,-38.513],[-143.3,-37.658],[-141.749,-36.659],[-141.039,-36.035],[-140.344,-35.557],[-138.88,-33.859],[-137.539,-32.923],[-134.391,-30.367],[-133.253,-29.22],[-130.344,-25.723],[-130.124,-25.256],[-130.007,-24.633],[-129.99,-21.818],[-129.668,-19.101],[-129.653,-18.194],[-129.728,-15.607],[-129.937,-12.549],[-130.051,-11.741],[-130.504,-9.926],[-124.567,-9.824],[-120.695,-9.908],[-118.203,-9.778],[-104.027,-9.869],[-99.204,-9.783],[-91.147,-9.829]]]},"properties":{"realm":10,"name":"South-east Pacific","group":5,"group_name":"South-east Pacific","pct_unique":59,"species":1618,"color":"#d87be0","area_km2":21942584}},{"type":"Feature","geometry":{"type":"MultiPolygon","coordinates":[[[[-70.346,39.861],[-70.667,39.587],[-71.009,38.984],[-71.109,38.297],[-70.926,36.782],[-70.943,36.158],[-71.142,35.349],[-71.921,33.103],[-72.213,31.578],[-72.372,30.2],[-72.369,28.407],[-72.091,26.859],[-71.56,25.312],[-70.007,21.599],[-69.585,20.907],[-69.038,20.288],[-68.353,19.682],[-67.677,19.282],[-66.576,18.896],[-64.061,18.369],[-63.011,18.053],[-62.08,17.581],[-60.247,16.239],[-59.399,15.756],[-58.475,15.425],[-57.531,15.196],[-55.739,15.076],[-55.235,14.83],[-54.54,14.309],[-53.901,13.568],[-52.587,11.44],[-50.918,9.754],[-50.134,8.321],[-49.647,6.684],[-49.59,6.035],[-49.703,5.723],[-49.942,5.396],[-50.708,4.801],[-51.764,4.516],[-51.896,4.665],[-51.955,4.488],[-52.06,4.73],[-52.232,4.875],[-52.34,4.725],[-52.279,4.931],[-52.389,4.896],[-52.965,5.444],[-53.944,5.745],[-54.061,5.437],[-54.171,5.348],[-53.986,5.746],[-54.02,5.83],[-54.774,5.985],[-55.144,5.974],[-55.105,5.909],[-54.89,5.883],[-54.863,5.856],[-55.086,5.883],[-55.101,5.83],[-55.13,5.821],[-55.148,5.908],[-55.336,5.963],[-55.868,5.97],[-55.951,5.882],[-55.9,5.842],[-55.915,5.822],[-55.884,5.742],[-55.898,5.677],[-55.936,5.805],[-56.957,6.012],[-57.102,5.886],[-57.142,5.654],[-57.183,5.731],[-57.144,5.989],[-57.207,6.151],[-57.466,6.338],[-57.529,6.266],[-57.599,6.427],[-58.006,6.792],[-58.398,6.883],[-58.611,6.629],[-58.562,6.927],[-58.485,7.011],[-58.472,7.345],[-59.105,8.014],[-59.78,8.407],[-59.761,8.355],[-59.492,8.201],[-59.434,8.13],[-60.157,8.613],[-60.372,8.635],[-60.479,8.532],[-60.718,8.602],[-60.76,8.636],[-60.605,8.671],[-60.676,8.763],[-60.807,8.674],[-60.686,8.789],[-60.732,8.892],[-61.022,8.847],[-60.855,9.016],[-60.933,9.019],[-61.039,8.86],[-61.08,8.892],[-60.852,9.096],[-61.113,8.919],[-60.959,9.183],[-61.112,9.041],[-61.067,9.132],[-60.785,9.314],[-60.961,9.539],[-61.206,9.577],[-61.439,9.818],[-61.503,9.84],[-61.422,9.736],[-61.637,9.899],[-61.593,9.782],[-61.828,9.827],[-61.731,9.694],[-61.743,9.596],[-61.78,9.759],[-61.846,9.651],[-61.831,9.792],[-62.196,10.02],[-62.221,9.952],[-62.136,9.941],[-62.027,9.874],[-62.195,9.933],[-62.16,9.85],[-62.164,9.68],[-62.222,9.938],[-62.257,9.974],[-62.279,9.753],[-62.442,9.933],[-62.558,10.213],[-62.62,10.224],[-62.607,10.11],[-62.639,10.074],[-62.801,10.055],[-62.627,10.131],[-62.747,10.387],[-62.88,10.371],[-62.942,10.405],[-62.932,10.286],[-63.004,10.275],[-62.995,10.408],[-62.831,10.407],[-62.857,10.532],[-63.011,10.454],[-62.923,10.531],[-62.662,10.567],[-62.335,10.53],[-62.253,10.632],[-61.962,10.652],[-61.846,10.741],[-62.154,10.686],[-63.162,10.735],[-63.553,10.629],[-63.812,10.714],[-63.915,10.631],[-64.271,10.673],[-64.234,10.515],[-64.032,10.59],[-63.655,10.495],[-64.189,10.478],[-64.463,10.333],[-64.377,10.311],[-64.468,10.249],[-64.717,10.228],[-64.765,10.097],[-65.08,10.061],[-65.868,10.31],[-65.718,10.22],[-65.769,10.221],[-65.821,10.232],[-66.118,10.498],[-66.047,10.576],[-66.276,10.652],[-67.012,10.611],[-67.865,10.452],[-68.13,10.488],[-68.287,10.658],[-68.332,10.83],[-68.239,10.885],[-68.377,10.919],[-68.278,10.925],[-68.403,11.2],[-68.863,11.453],[-69.27,11.536],[-69.624,11.468],[-69.747,11.632],[-69.835,12.015],[-70.018,12.199],[-70.206,12.112],[-70.302,11.858],[-70.208,11.774],[-70.212,11.609],[-69.816,11.694],[-69.744,11.503],[-69.795,11.437],[-70.162,11.569],[-70.037,11.441],[-70.154,11.47],[-70.231,11.352],[-71.501,10.96],[-71.412,10.919],[-71.446,10.796],[-71.583,10.809],[-71.5,10.628],[-71.542,10.565],[-71.035,9.74],[-71.274,9.194],[-71.76,9.125],[-71.745,9.238],[-71.817,9.233],[-71.735,9.385],[-71.905,9.385],[-71.844,9.439],[-71.919,9.5],[-71.995,9.459],[-71.988,9.61],[-71.947,9.541],[-71.999,9.655],[-72.124,9.826],[-71.969,10.106],[-71.63,10.454],[-71.576,10.721],[-71.769,11.015],[-71.626,11.015],[-71.857,11.217],[-71.971,11.555],[-71.378,11.758],[-71.107,12.075],[-71.262,12.342],[-71.676,12.468],[-71.741,12.42],[-71.631,12.427],[-71.694,12.365],[-71.733,12.41],[-71.961,12.283],[-71.871,12.256],[-71.938,12.166],[-72.015,12.194],[-71.97,12.255],[-72.162,12.243],[-72.139,12.105],[-72.263,11.886],[-72.741,11.708],[-73.292,11.294],[-74.153,11.344],[-74.395,10.749],[-74.51,10.845],[-74.5,10.765],[-74.564,10.831],[-74.598,10.782],[-74.597,10.868],[-74.482,10.851],[-74.492,10.979],[-74.362,10.972],[-74.298,10.991],[-74.844,11.11],[-75.267,10.795],[-75.25,10.707],[-75.52,10.576],[-75.489,10.501],[-75.493,10.435],[-75.503,10.488],[-75.578,10.398],[-75.524,10.392],[-75.516,10.319],[-75.704,10.134],[-75.531,10.241],[-75.705,9.701],[-75.576,9.621],[-75.621,9.453],[-75.812,9.392],[-75.944,9.441],[-76.096,9.333],[-76.316,8.948],[-76.931,8.571],[-76.774,8.415],[-77.058,8.286],[-77.352,8.669],[-77.532,8.703],[-78.037,9.236],[-78.561,9.438],[-79.058,9.458],[-78.971,9.573],[-79.63,9.608],[-79.793,9.349],[-79.871,9.404],[-79.919,9.303],[-79.979,9.363],[-80.13,9.206],[-80.579,9.081],[-81.08,8.805],[-81.53,8.809],[-81.883,9.18],[-81.933,9.129],[-81.776,8.94],[-82.042,8.939],[-82.253,9.112],[-82.171,9.2],[-82.315,9.185],[-82.394,9.262],[-82.343,9.433],[-82.788,9.673],[-83.246,10.184],[-83.859,11.234],[-83.851,11.411],[-83.652,11.619],[-83.7,11.85],[-83.768,11.805],[-83.836,11.871],[-83.76,11.947],[-83.804,12.06],[-83.713,12.126],[-83.778,12.177],[-83.698,12.135],[-83.724,12.075],[-83.671,11.988],[-83.617,12.348],[-83.676,12.28],[-83.775,12.534],[-83.589,12.632],[-83.646,12.787],[-83.564,12.813],[-83.555,12.636],[-83.638,12.565],[-83.638,12.386],[-83.482,12.417],[-83.559,13.416],[-83.431,13.957],[-83.187,14.348],[-83.299,14.771],[-83.425,14.804],[-83.322,14.914],[-83.294,14.804],[-83.13,14.997],[-83.284,15.068],[-83.356,15.23],[-83.703,15.402],[-83.53,15.301],[-83.482,15.216],[-83.621,15.176],[-83.528,15.284],[-83.623,15.296],[-83.76,15.202],[-83.814,15.322],[-84.027,15.409],[-83.822,15.271],[-83.922,15.248],[-84.213,15.551],[-83.73,15.402],[-84.295,15.811],[-84.642,15.863],[-84.453,15.796],[-84.66,15.774],[-84.677,15.876],[-85.0,15.988],[-85.489,15.87],[-85.703,15.976],[-86.008,16.031],[-85.919,16.004],[-85.933,15.937],[-86.375,15.771],[-86.917,15.76],[-87.345,15.85],[-87.479,15.786],[-87.591,15.935],[-87.951,15.867],[-88.117,15.698],[-88.605,15.97],[-88.489,15.847],[-88.558,15.853],[-88.637,15.714],[-88.911,15.894],[-88.923,15.987],[-88.728,16.236],[-88.537,16.271],[-88.386,16.49],[-88.393,16.552],[-88.366,16.552],[-88.386,16.559],[-88.338,16.649],[-88.311,16.662],[-88.335,16.635],[-88.366,16.521],[-88.349,16.515],[-88.217,16.955],[-88.296,17.238],[-88.242,17.487],[-88.167,17.512],[-88.288,17.604],[-88.095,18.103],[-88.092,18.328],[-88.146,18.309],[-88.092,18.372],[-88.358,18.304],[-88.317,18.375],[-88.391,18.371],[-88.151,18.699],[-88.248,18.696],[-88.127,18.73],[-88.036,18.875],[-88.002,18.69],[-88.078,18.499],[-87.935,18.443],[-87.845,18.197],[-87.461,19.321],[-87.639,19.221],[-87.676,19.311],[-87.458,19.455],[-87.413,19.578],[-87.44,19.636],[-87.529,19.588],[-87.426,19.592],[-87.441,19.554],[-87.674,19.506],[-87.741,19.672],[-87.667,19.634],[-87.455,19.889],[-87.478,19.965],[-87.444,19.913],[-87.48,19.784],[-87.434,19.889],[-87.43,20.221],[-86.943,20.762],[-86.744,21.155],[-86.815,21.205],[-86.828,21.433],[-86.919,21.44],[-87.026,21.592],[-87.111,21.623],[-87.413,21.534],[-87.138,21.563],[-87.257,21.441],[-87.985,21.603],[-88.448,21.575],[-88.879,21.413],[-89.786,21.285],[-90.332,21.032],[-90.49,20.534],[-90.478,19.922],[-90.684,19.753],[-90.769,19.309],[-91.505,18.817],[-91.237,18.958],[-91.415,18.814],[-91.266,18.736],[-91.299,18.629],[-91.182,18.657],[-91.504,18.512],[-91.486,18.436],[-91.798,18.491],[-91.814,18.389],[-91.902,18.581],[-91.97,18.594],[-91.888,18.506],[-92.053,18.547],[-91.95,18.63],[-91.867,18.598],[-91.948,18.691],[-92.405,18.671],[-92.696,18.616],[-92.669,18.429],[-92.717,18.592],[-92.856,18.466],[-93.138,18.429],[-93.088,18.393],[-93.128,18.341],[-93.156,18.443],[-93.552,18.429],[-93.782,18.353],[-93.84,18.319],[-93.576,18.412],[-93.781,18.273],[-94.467,18.144],[-94.581,18.19],[-94.787,18.512],[-95.024,18.564],[-95.19,18.705],[-95.584,18.722],[-95.733,18.8],[-95.568,18.683],[-95.862,18.723],[-95.807,18.752],[-95.959,18.856],[-95.753,18.8],[-96.29,19.333],[-96.456,19.869],[-97.198,20.739],[-97.497,21.401],[-97.489,21.481],[-97.658,21.637],[-97.781,22.096],[-97.625,21.794],[-97.37,21.538],[-97.472,21.438],[-97.419,21.273],[-97.316,21.561],[-97.61,21.836],[-97.761,22.096],[-97.834,22.67],[-97.893,22.61],[-97.742,22.972],[-97.722,23.739],[-97.761,23.652],[-97.822,23.788],[-97.725,23.806],[-97.651,24.516],[-97.459,25.179],[-97.165,25.723],[-97.138,25.975],[-97.152,26.075],[-97.256,25.999],[-97.212,26.091],[-97.311,26.123],[-97.562,26.838],[-97.481,26.878],[-97.563,26.994],[-97.481,27.022],[-97.426,27.264],[-97.761,27.279],[-97.668,27.311],[-97.774,27.468],[-97.63,27.3],[-97.487,27.4],[-97.542,27.29],[-97.411,27.335],[-97.26,27.695],[-97.391,27.846],[-97.487,27.835],[-97.521,27.873],[-97.184,27.837],[-97.021,28.1],[-97.149,28.006],[-97.218,28.075],[-97.173,28.159],[-97.014,28.209],[-96.973,28.134],[-96.91,28.264],[-96.945,28.126],[-96.88,28.151],[-96.782,28.242],[-96.844,28.416],[-96.767,28.411],[-96.793,28.48],[-96.654,28.319],[-96.404,28.435],[-96.548,28.469],[-96.493,28.511],[-96.609,28.579],[-96.651,28.73],[-96.447,28.636],[-96.493,28.579],[-96.37,28.627],[-96.445,28.764],[-96.346,28.635],[-96.188,28.691],[-96.215,28.629],[-96.137,28.627],[-96.226,28.587],[-95.988,28.645],[-96.219,28.489],[-95.719,28.715],[-95.94,28.626],[-95.952,28.689],[-95.602,28.764],[-95.159,29.046],[-95.171,29.209],[-95.116,29.175],[-94.821,29.374],[-95.024,29.542],[-94.986,29.675],[-95.052,29.75],[-94.92,29.655],[-94.734,29.782],[-94.693,29.696],[-94.779,29.53],[-94.486,29.566],[-94.701,29.463],[-94.763,29.367],[-94.102,29.671],[-93.876,29.675],[-93.938,29.806],[-93.854,29.987],[-93.76,29.961],[-93.894,29.791],[-93.831,29.7],[-93.2,29.773],[-92.314,29.534],[-92.025,29.627],[-92.107,29.62],[-92.1,29.71],[-92.172,29.696],[-92.202,29.764],[-91.848,29.831],[-91.858,29.719],[-91.638,29.742],[-91.559,29.538],[-91.429,29.566],[-91.299,29.484],[-91.228,29.608],[-91.263,29.469],[-91.122,29.338],[-91.113,29.271],[-91.223,29.38],[-91.328,29.295],[-90.884,29.134],[-90.641,29.141],[-90.603,29.308],[-90.434,29.357],[-90.394,29.243],[-90.339,29.311],[-90.261,29.269],[-90.229,29.087],[-90.018,29.298],[-90.024,29.429],[-90.21,29.515],[-90.182,29.579],[-89.816,29.474],[-89.744,29.37],[-89.818,29.316],[-89.455,29.25],[-89.384,29.088],[-89.276,29.16],[-89.414,28.928],[-89.248,29.106],[-89.134,28.996],[-89.023,29.147],[-89.097,29.16],[-89.01,29.175],[-89.197,29.353],[-89.54,29.398],[-89.524,29.47],[-89.757,29.634],[-89.62,29.627],[-89.702,29.71],[-89.483,29.634],[-89.601,29.735],[-89.483,29.833],[-89.345,29.792],[-89.332,29.88],[-89.435,29.929],[-89.37,29.951],[-89.455,29.976],[-89.366,30.049],[-89.486,30.076],[-89.665,29.875],[-89.84,30.011],[-89.718,30.033],[-89.667,30.164],[-90.168,30.024],[-90.414,30.107],[-90.344,30.267],[-89.596,30.156],[-88.599,30.395],[-88.471,30.324],[-88.304,30.401],[-88.138,30.32],[-88.053,30.653],[-87.978,30.683],[-87.917,30.423],[-87.821,30.405],[-87.764,30.28],[-88.03,30.224],[-87.59,30.275],[-87.612,30.36],[-87.474,30.359],[-87.427,30.483],[-87.346,30.428],[-87.529,30.278],[-87.329,30.32],[-87.157,30.475],[-87.181,30.585],[-87.077,30.45],[-87.03,30.607],[-86.894,30.439],[-87.194,30.36],[-86.783,30.422],[-86.602,30.418],[-86.488,30.524],[-86.408,30.461],[-86.207,30.505],[-86.108,30.387],[-86.511,30.408],[-85.721,30.134],[-85.854,30.265],[-85.587,30.326],[-85.555,30.285],[-85.721,30.196],[-85.395,30.056],[-85.68,30.134],[-85.357,29.889],[-85.321,29.693],[-85.413,29.851],[-85.346,29.678],[-85.004,29.716],[-84.873,29.805],[-84.875,29.733],[-84.508,29.922],[-84.377,29.887],[-84.343,29.947],[-84.454,30.005],[-84.346,29.97],[-84.391,30.024],[-84.261,30.1],[-84.024,30.107],[-83.409,29.667],[-83.405,29.532],[-83.041,29.18],[-82.801,29.175],[-82.634,28.888],[-82.63,28.784],[-82.685,28.805],[-82.64,28.755],[-82.632,28.695],[-82.664,28.448],[-82.842,27.829],[-82.719,27.66],[-82.815,27.832],[-82.654,27.695],[-82.562,27.886],[-82.719,27.928],[-82.644,27.969],[-82.691,28.038],[-82.541,27.943],[-82.527,27.825],[-82.422,27.917],[-82.39,27.811],[-82.637,27.524],[-82.589,27.503],[-82.729,27.515],[-82.574,27.395],[-82.314,26.849],[-82.15,26.803],[-82.274,27.016],[-82.155,26.928],[-82.005,26.983],[-82.097,26.909],[-82.063,26.561],[-81.952,26.544],[-81.894,26.654],[-81.893,26.586],[-82.009,26.485],[-81.856,26.449],[-81.801,26.099],[-81.664,25.981],[-81.732,25.92],[-81.623,25.947],[-81.348,25.817],[-81.141,25.385],[-80.981,25.318],[-80.924,25.264],[-80.917,25.246],[-80.927,25.224],[-80.945,25.212],[-81.006,25.214],[-80.985,25.235],[-81.078,25.273],[-81.13,25.344],[-81.177,25.228],[-81.102,25.125],[-80.711,25.145],[-80.566,25.246],[-80.402,25.186],[-80.307,25.618],[-80.141,25.901],[-80.129,25.775],[-80.038,26.811],[-80.149,27.138],[-80.314,27.243],[-80.197,27.18],[-80.738,28.373],[-80.848,28.791],[-80.752,28.742],[-80.766,28.612],[-80.6,28.6],[-80.62,28.207],[-80.581,28.085],[-80.451,27.866],[-80.592,28.208],[-80.528,28.473],[-80.627,28.651],[-80.922,29.068],[-81.178,29.586],[-81.41,30.456],[-81.5,30.551],[-81.489,30.621],[-81.438,30.524],[-81.429,30.682],[-81.499,30.704],[-81.533,30.847],[-81.451,30.964],[-81.52,30.977],[-81.451,31.022],[-81.514,31.093],[-81.424,31.025],[-81.404,31.121],[-81.43,31.073],[-81.496,31.126],[-81.455,31.206],[-81.386,31.142],[-81.268,31.259],[-81.459,31.345],[-81.326,31.349],[-81.331,31.552],[-81.199,31.699],[-81.262,31.772],[-81.106,31.743],[-81.04,31.827],[-81.143,31.855],[-81.118,31.908],[-80.958,31.879],[-80.937,31.976],[-80.836,32.003],[-80.895,32.059],[-80.788,32.236],[-80.821,32.108],[-80.678,32.215],[-80.799,32.32],[-80.77,32.385],[-80.667,32.305],[-80.684,32.464],[-80.657,32.463],[-80.626,32.263],[-80.46,32.337],[-80.43,32.41],[-80.547,32.347],[-80.458,32.423],[-80.587,32.457],[-80.478,32.478],[-80.626,32.526],[-80.331,32.486],[-80.204,32.561],[-80.266,32.621],[-80.177,32.567],[-80.005,32.612],[-79.871,32.708],[-79.968,32.785],[-79.944,32.851],[-79.799,32.773],[-79.581,32.922],[-79.585,33.014],[-79.387,33.017],[-79.371,33.064],[-79.293,33.109],[-79.34,33.156],[-79.183,33.184],[-79.291,33.278],[-79.277,33.359],[-79.19,33.437],[-79.272,33.317],[-79.183,33.218],[-79.133,33.417],[-78.763,33.779],[-78.375,33.951],[-78.018,33.896],[-77.963,34.191],[-77.942,33.93],[-77.833,34.207],[-77.73,34.316],[-77.536,34.469],[-77.379,34.527],[-77.45,34.609],[-77.382,34.632],[-77.417,34.738],[-77.337,34.561],[-77.137,34.682],[-77.132,34.762],[-77.093,34.677],[-76.702,34.726],[-76.771,34.753],[-76.685,34.801],[-76.633,34.709],[-76.616,34.816],[-76.513,34.734],[-76.346,34.883],[-76.27,34.973],[-76.353,35.027],[-76.325,34.976],[-76.462,34.941],[-76.454,35.073],[-76.49,34.973],[-76.569,34.993],[-76.54,34.932],[-76.632,34.987],[-76.757,34.91],[-76.984,35.033],[-76.764,34.989],[-76.561,35.124],[-76.675,35.171],[-76.473,35.277],[-76.685,35.352],[-76.579,35.404],[-76.615,35.462],[-76.571,35.549],[-76.463,35.541],[-76.575,35.497],[-76.498,35.391],[-76.418,35.465],[-76.374,35.343],[-76.355,35.413],[-76.15,35.347],[-75.886,35.637],[-75.839,35.569],[-75.74,35.633],[-75.722,35.829],[-75.853,35.98],[-75.825,35.932],[-75.908,35.938],[-75.861,35.881],[-75.99,35.887],[-76.031,35.651],[-76.141,35.699],[-76.037,35.699],[-76.124,35.795],[-76.056,35.793],[-76.029,35.969],[-76.403,35.977],[-76.312,36.096],[-76.352,36.143],[-76.195,36.104],[-76.292,36.213],[-76.168,36.131],[-76.057,36.169],[-76.219,36.288],[-76.199,36.323],[-75.908,36.165],[-75.963,36.206],[-75.962,36.307],[-75.786,36.082],[-75.919,36.429],[-75.928,36.364],[-76.037,36.501],[-76.045,36.59],[-75.901,36.496],[-75.914,36.576],[-75.968,36.552],[-75.958,36.719],[-75.719,36.01],[-75.524,35.794],[-75.786,36.282],[-75.989,36.912],[-76.246,36.954],[-76.361,37.383],[-76.281,37.321],[-76.245,37.45],[-76.393,37.533],[-76.284,37.57],[-76.518,37.615],[-76.656,37.817],[-76.505,37.657],[-76.469,37.709],[-76.321,37.624],[-76.325,37.849],[-76.25,37.823],[-76.248,37.903],[-76.531,38.025],[-76.615,38.15],[-76.768,38.165],[-76.774,38.236],[-76.517,38.132],[-76.456,38.207],[-76.324,38.044],[-76.373,38.299],[-76.451,38.293],[-76.674,38.486],[-76.681,38.679],[-76.636,38.474],[-76.454,38.324],[-76.393,38.354],[-76.512,38.528],[-76.552,38.776],[-76.493,38.899],[-76.569,38.953],[-76.452,38.944],[-76.569,39.066],[-76.394,39.025],[-76.516,39.076],[-76.42,39.09],[-76.536,39.248],[-76.449,39.195],[-76.397,39.238],[-76.483,39.311],[-76.401,39.256],[-76.431,39.318],[-76.333,39.351],[-76.401,39.393],[-76.312,39.403],[-76.284,39.311],[-76.232,39.475],[-76.21,39.365],[-76.068,39.458],[-76.083,39.558],[-75.935,39.604],[-76.001,39.453],[-75.832,39.584],[-75.894,39.509],[-75.839,39.461],[-76.034,39.393],[-75.839,39.371],[-76.175,39.316],[-76.273,39.168],[-76.243,39.033],[-76.065,39.146],[-76.198,38.979],[-76.315,39.029],[-76.375,38.842],[-76.247,38.951],[-76.106,38.878],[-76.188,38.847],[-76.109,38.801],[-76.173,38.757],[-76.253,38.855],[-76.305,38.823],[-76.341,38.673],[-76.288,38.776],[-75.97,38.607],[-76.277,38.625],[-76.286,38.563],[-76.172,38.566],[-76.319,38.474],[-76.216,38.317],[-76.21,38.392],[-76.038,38.232],[-75.99,38.362],[-75.963,38.248],[-75.843,38.404],[-75.907,38.271],[-75.819,38.234],[-75.941,38.135],[-75.743,38.111],[-75.875,37.951],[-75.633,37.96],[-75.743,37.912],[-75.661,37.843],[-75.787,37.809],[-75.935,37.576],[-76.017,37.258],[-75.949,37.125],[-75.887,37.357],[-75.796,37.406],[-75.819,37.454],[-75.104,38.316],[-75.18,38.408],[-75.063,38.457],[-75.079,38.337],[-75.045,38.425],[-75.06,38.613],[-75.208,38.57],[-75.099,38.638],[-75.139,38.688],[-75.065,38.633],[-75.084,38.796],[-75.195,38.815],[-75.394,39.056],[-75.398,39.249],[-75.588,39.463],[-75.592,39.649],[-75.392,39.84],[-75.024,40.016],[-75.144,39.875],[-75.406,39.803],[-75.558,39.613],[-75.532,39.478],[-75.146,39.187],[-74.906,39.18],[-74.955,38.926],[-74.803,38.988],[-74.551,39.283],[-74.642,39.307],[-74.413,39.357],[-74.469,39.399],[-74.448,39.447],[-74.384,39.471],[-74.407,39.557],[-74.297,39.509],[-74.328,39.576],[-74.168,39.699],[-74.061,40.062],[-74.093,39.776],[-73.979,40.449],[-74.283,40.497],[-74.21,40.634],[-74.032,40.714],[-73.918,40.931],[-73.966,41.3],[-73.875,41.153],[-73.894,40.804],[-73.798,40.813],[-73.604,41.023],[-73.108,41.149],[-72.91,41.305],[-72.892,41.245],[-72.508,41.256],[-72.351,41.29],[-72.392,41.366],[-72.288,41.283],[-71.498,41.366],[-71.426,41.469],[-71.447,41.677],[-71.364,41.712],[-71.391,41.819],[-71.26,41.651],[-71.111,41.797],[-71.207,41.646],[-71.186,41.469],[-71.062,41.564],[-71.04,41.507],[-70.948,41.536],[-70.905,41.64],[-70.845,41.592],[-70.71,41.748],[-70.624,41.729],[-70.659,41.521],[-70.418,41.64],[-69.939,41.674],[-69.98,41.797],[-69.925,41.838],[-70.081,42.058],[-70.192,42.086],[-70.247,42.061],[-70.1,42.037],[-70.069,41.893],[-69.987,41.921],[-70.0,41.816],[-70.07,41.773],[-70.335,41.719],[-70.275,41.736],[-70.504,41.79],[-70.545,41.941],[-70.715,42.003],[-70.648,42.065],[-70.591,42.017],[-70.742,42.236],[-70.899,42.318],[-70.867,42.265],[-70.955,42.243],[-71.047,42.322],[-70.892,42.428],[-70.878,42.538],[-70.597,42.634],[-70.632,42.695],[-70.757,42.657],[-70.864,42.826],[-70.708,43.045],[-70.733,43.12],[-70.66,43.094],[-70.571,43.298],[-70.322,43.453],[-70.344,43.539],[-70.205,43.561],[-70.287,43.65],[-70.183,43.757],[-69.986,43.863],[-70.027,43.74],[-69.926,43.829],[-69.993,43.726],[-69.985,43.726],[-69.869,43.87],[-69.828,43.698],[-69.82,43.956],[-69.745,43.759],[-69.759,43.886],[-69.67,43.994],[-69.592,43.808],[-69.595,43.911],[-69.545,44.012],[-69.513,43.835],[-69.364,44.061],[-69.369,43.973],[-69.219,44.008],[-69.227,43.935],[-69.065,44.068],[-69.041,44.22],[-68.815,44.409],[-68.718,44.446],[-68.821,44.315],[-68.732,44.328],[-68.541,44.237],[-68.574,44.411],[-68.465,44.39],[-68.478,44.493],[-68.409,44.405],[-68.355,44.466],[-68.273,44.452],[-68.308,44.529],[-68.222,44.466],[-68.202,44.525],[-68.061,44.328],[-67.972,44.404],[-68.029,44.469],[-67.968,44.501],[-67.937,44.409],[-67.928,44.468],[-67.902,44.487],[-67.902,44.397],[-67.791,44.6],[-67.714,44.501],[-67.569,44.539],[-67.554,44.644],[-67.454,44.605],[-67.435,44.659],[-67.409,44.596],[-67.396,44.699],[-67.196,44.644],[-66.977,44.816],[-67.059,44.897],[-67.044,44.834],[-67.088,44.888],[-67.149,44.816],[-67.203,44.905],[-67.04,44.973],[-67.19,45.233],[-67.04,45.076],[-66.943,45.19],[-66.848,45.128],[-66.889,45.061],[-66.491,45.156],[-66.454,45.077],[-66.259,45.162],[-66.31,45.205],[-66.202,45.159],[-66.06,45.258],[-66.197,45.334],[-66.01,45.464],[-66.136,45.313],[-65.909,45.21],[-65.427,45.403],[-65.219,44.963],[-65.723,44.727],[-65.742,44.668],[-65.447,44.781],[-65.429,44.778],[-65.692,44.621],[-65.786,44.696],[-66.18,44.434],[-65.84,44.573],[-66.095,44.374],[-66.21,44.086],[-66.122,43.744],[-65.98,43.706],[-65.997,43.854],[-65.971,43.78],[-65.862,43.806],[-65.778,43.568],[-65.669,43.497],[-65.566,43.574],[-65.484,43.472],[-65.45,43.56],[-65.402,43.504],[-65.457,43.6],[-65.341,43.545],[-65.368,43.744],[-65.25,43.673],[-65.238,43.806],[-65.129,43.675],[-65.087,43.758],[-65.017,43.727],[-65.039,43.832],[-64.949,43.775],[-64.967,43.874],[-64.845,43.833],[-64.931,42.86],[-65.188,42.199],[-65.806,41.451],[-66.733,40.73],[-67.641,40.247],[-68.709,39.919],[-70.346,39.861]],[[-97.166,26.103],[-97.225,26.399],[-97.376,26.932],[-97.377,27.208],[-97.398,26.831],[-97.166,26.103]],[[-96.412,28.398],[-96.808,28.188],[-96.836,28.071],[-96.412,28.398]],[[-91.84,29.484],[-91.714,29.574],[-91.917,29.648],[-92.012,29.614],[-91.84,29.484]],[[-86.742,20.596],[-86.968,20.506],[-86.995,20.261],[-86.742,20.596]],[[-82.541,21.596],[-82.603,21.758],[-82.704,21.893],[-82.859,21.934],[-82.989,21.948],[-83.075,21.843],[-83.073,21.761],[-82.946,21.605],[-82.959,21.562],[-83.192,21.63],[-83.069,21.465],[-82.836,21.445],[-82.541,21.596]],[[-74.142,20.183],[-74.16,20.273],[-74.393,20.287],[-74.751,20.62],[-75.241,20.725],[-75.313,20.665],[-75.414,20.741],[-75.551,20.684],[-75.633,20.781],[-75.763,20.716],[-75.77,20.836],[-75.573,20.798],[-75.551,20.822],[-75.743,20.889],[-75.578,21.013],[-75.704,21.119],[-76.037,21.075],[-76.388,21.284],[-76.526,21.282],[-76.456,21.226],[-76.537,21.185],[-76.613,21.226],[-76.56,21.235],[-76.545,21.288],[-76.735,21.286],[-76.671,21.356],[-76.806,21.39],[-76.829,21.314],[-76.887,21.307],[-76.812,21.398],[-77.088,21.606],[-77.162,21.48],[-77.258,21.476],[-77.255,21.567],[-77.364,21.612],[-77.154,21.555],[-77.134,21.664],[-77.556,21.929],[-77.614,21.884],[-77.449,21.802],[-77.347,21.639],[-77.43,21.658],[-77.456,21.777],[-77.752,21.805],[-77.849,21.911],[-77.806,21.966],[-77.888,21.87],[-78.065,22.087],[-78.708,22.387],[-78.735,22.316],[-78.782,22.391],[-79.342,22.413],[-79.652,22.759],[-79.857,22.821],[-79.793,22.898],[-79.916,22.849],[-80.046,22.959],[-80.432,22.95],[-80.557,23.007],[-80.61,23.158],[-80.663,23.09],[-81.04,23.111],[-81.149,23.035],[-81.286,23.124],[-81.149,23.212],[-81.529,23.047],[-81.581,23.158],[-82.219,23.194],[-82.964,22.973],[-83.061,23.02],[-83.169,22.93],[-83.226,23.002],[-83.393,22.877],[-84.048,22.718],[-84.145,22.569],[-84.213,22.583],[-84.446,22.205],[-84.289,22.021],[-84.521,22.048],[-84.95,21.877],[-84.84,21.823],[-84.496,21.934],[-84.508,21.767],[-84.24,21.911],[-84.029,21.92],[-83.925,22.172],[-83.671,22.172],[-83.575,22.247],[-83.415,22.186],[-82.76,22.706],[-81.878,22.68],[-81.643,22.573],[-81.652,22.488],[-82.164,22.397],[-81.824,22.189],[-81.524,22.205],[-81.338,22.089],[-81.239,22.151],[-81.205,22.06],[-81.194,22.282],[-81.088,22.086],[-80.471,22.041],[-80.538,22.164],[-80.484,22.192],[-80.389,22.082],[-80.448,22.05],[-80.003,21.721],[-79.895,21.76],[-79.851,21.68],[-79.652,21.692],[-79.209,21.548],[-78.745,21.637],[-78.498,21.27],[-78.488,21.039],[-78.066,20.712],[-77.343,20.718],[-77.195,20.637],[-77.24,20.563],[-77.082,20.465],[-77.113,20.368],[-77.586,20.089],[-77.706,19.83],[-76.202,19.992],[-75.285,19.888],[-75.092,20.061],[-75.137,19.893],[-74.813,20.037],[-74.267,20.068],[-74.142,20.183]],[[-80.612,28.569],[-80.629,28.599],[-80.74,28.517],[-80.715,28.37],[-80.65,28.225],[-80.612,28.569]],[[-76.188,17.915],[-76.351,18.156],[-76.783,18.278],[-76.895,18.409],[-77.862,18.525],[-77.97,18.443],[-78.231,18.444],[-78.375,18.266],[-78.05,18.185],[-77.731,17.855],[-77.418,17.862],[-77.179,17.704],[-77.141,17.765],[-77.216,17.772],[-77.142,17.881],[-76.942,17.834],[-76.85,17.992],[-76.603,17.868],[-76.188,17.915]],[[-78.413,22.469],[-78.43,22.419],[-78.278,22.449],[-78.396,22.56],[-78.696,22.541],[-78.413,22.469]],[[-77.608,24.218],[-77.71,24.044],[-77.744,24.035],[-77.758,24.173],[-77.631,24.249],[-77.675,24.303],[-77.942,24.097],[-77.833,24.022],[-77.799,23.857],[-77.661,23.885],[-77.765,23.823],[-77.72,23.785],[-77.576,23.847],[-77.778,23.747],[-77.545,23.788],[-77.608,24.218]],[[-78.327,24.711],[-78.443,24.624],[-78.226,24.465],[-78.134,24.502],[-78.027,24.273],[-77.719,24.5],[-77.737,24.7],[-78.045,25.183],[-78.214,25.185],[-78.158,25.0],[-78.304,24.728],[-78.197,24.618],[-78.238,24.557],[-78.272,24.631],[-78.331,24.594],[-78.327,24.711]],[[-77.963,26.893],[-77.534,26.863],[-77.33,26.605],[-77.161,26.564],[-77.25,26.313],[-77.223,26.146],[-77.408,26.03],[-77.227,25.885],[-77.165,26.245],[-77.015,26.316],[-77.05,26.516],[-77.554,26.898],[-77.963,26.893]],[[-77.929,26.639],[-77.915,26.776],[-78.32,26.687],[-78.52,26.729],[-78.594,26.811],[-78.642,26.715],[-78.574,26.684],[-78.714,26.571],[-78.998,26.701],[-78.767,26.508],[-77.929,26.639]],[[-68.329,18.617],[-68.74,18.964],[-69.63,19.108],[-69.603,19.229],[-69.232,19.189],[-69.158,19.285],[-69.247,19.3],[-69.231,19.363],[-69.336,19.293],[-69.528,19.342],[-69.733,19.287],[-69.868,19.425],[-69.947,19.679],[-70.281,19.652],[-70.434,19.775],[-70.624,19.767],[-71.001,19.938],[-71.172,19.834],[-71.661,19.894],[-71.771,19.785],[-71.72,19.697],[-71.837,19.717],[-71.821,19.657],[-72.219,19.787],[-72.334,19.719],[-72.385,19.81],[-72.776,19.944],[-73.167,19.938],[-73.42,19.821],[-73.365,19.814],[-73.458,19.672],[-73.002,19.603],[-72.699,19.446],[-72.773,19.376],[-72.714,19.293],[-72.803,19.232],[-72.707,19.119],[-72.814,19.053],[-72.55,18.786],[-72.33,18.683],[-72.354,18.53],[-72.597,18.561],[-72.716,18.438],[-72.904,18.434],[-73.652,18.501],[-73.715,18.547],[-73.586,18.579],[-73.803,18.539],[-74.256,18.67],[-74.419,18.617],[-74.489,18.429],[-74.372,18.298],[-74.105,18.248],[-73.873,18.026],[-73.794,18.029],[-73.827,18.142],[-73.646,18.259],[-73.66,18.21],[-73.377,18.258],[-72.886,18.141],[-72.072,18.238],[-71.684,17.99],[-71.679,17.765],[-71.532,17.755],[-71.417,17.605],[-71.061,18.142],[-71.084,18.304],[-70.932,18.262],[-70.682,18.436],[-70.579,18.386],[-70.553,18.204],[-70.172,18.231],[-69.884,18.471],[-68.923,18.412],[-68.743,18.205],[-68.647,18.215],[-68.589,18.382],[-68.456,18.358],[-68.329,18.617]],[[-73.215,18.837],[-72.809,18.72],[-72.846,18.827],[-73.266,18.961],[-73.215,18.837]],[[-73.668,21.115],[-73.652,20.914],[-73.226,20.952],[-73.13,20.994],[-73.005,21.314],[-73.255,21.135],[-73.39,21.233],[-73.668,21.115]],[[-74.031,22.624],[-73.886,22.576],[-73.88,22.503],[-74.084,22.391],[-74.277,22.172],[-73.865,22.48],[-73.9,22.698],[-73.845,22.72],[-73.941,22.696],[-74.031,22.624]],[[-74.284,22.695],[-74.091,22.658],[-74.016,22.72],[-74.31,22.843],[-74.284,22.695]],[[-74.84,22.86],[-74.845,23.0],[-75.06,23.142],[-75.094,23.305],[-75.195,23.514],[-75.331,23.686],[-75.068,23.117],[-75.23,23.171],[-74.978,23.073],[-74.84,22.86]],[[-76.131,25.148],[-76.352,25.339],[-76.689,25.488],[-76.675,25.557],[-76.702,25.564],[-76.737,25.564],[-76.784,25.426],[-76.372,25.322],[-76.165,25.13],[-76.182,24.849],[-76.336,24.815],[-76.161,24.645],[-76.131,25.148]],[[-75.525,35.244],[-75.491,35.336],[-75.452,35.583],[-75.517,35.781],[-75.516,35.291],[-75.736,35.188],[-75.525,35.244]],[[-71.857,41.072],[-72.109,41.001],[-72.322,41.036],[-72.481,40.898],[-72.625,40.908],[-72.438,40.984],[-72.412,41.065],[-72.247,41.156],[-72.628,40.984],[-73.235,40.908],[-73.402,40.954],[-73.358,40.9],[-73.486,40.946],[-73.48,40.877],[-73.72,40.866],[-73.758,40.771],[-73.909,40.789],[-74.04,40.62],[-73.988,40.569],[-73.769,40.619],[-73.939,40.542],[-73.582,40.584],[-73.711,40.61],[-72.651,40.797],[-72.724,40.77],[-71.857,41.072]],[[-68.194,12.214],[-68.4,12.304],[-68.254,12.024],[-68.194,12.214]],[[-68.74,12.053],[-69.166,12.388],[-69.16,12.293],[-68.945,12.106],[-68.74,12.053]],[[-65.621,18.389],[-65.905,18.456],[-67.102,18.523],[-67.271,18.362],[-67.152,18.203],[-67.195,17.936],[-66.774,18.002],[-66.163,17.929],[-65.887,17.988],[-65.738,18.183],[-65.604,18.215],[-65.621,18.389]],[[-70.507,41.363],[-70.517,41.414],[-70.605,41.474],[-70.846,41.354],[-70.507,41.363]],[[-68.241,44.295],[-68.177,44.328],[-68.316,44.437],[-68.435,44.3],[-68.341,44.224],[-68.314,44.308],[-68.241,44.295]],[[-66.826,44.788],[-66.906,44.606],[-66.69,44.62],[-66.735,44.759],[-66.826,44.788]],[[-61.033,10.684],[-60.907,10.837],[-61.616,10.742],[-61.656,10.69],[-61.472,10.595],[-61.462,10.282],[-61.929,10.056],[-60.996,10.138],[-60.961,10.33],[-61.033,10.684]],[[-63.881,11.179],[-64.032,10.996],[-64.22,11.092],[-64.371,11.062],[-64.409,10.967],[-64.176,10.967],[-64.06,10.858],[-63.82,10.954],[-63.881,11.179]],[[-61.606,12.223],[-61.671,12.236],[-61.791,12.008],[-61.616,12.077],[-61.606,12.223]],[[-59.427,13.16],[-59.613,13.345],[-59.646,13.16],[-59.529,13.055],[-59.427,13.16]],[[-60.883,13.981],[-60.933,14.112],[-61.078,13.806],[-60.955,13.715],[-60.883,13.981]],[[-60.856,14.409],[-60.81,14.462],[-60.937,14.666],[-60.879,14.777],[-61.211,14.854],[-61.16,14.667],[-60.996,14.565],[-61.106,14.517],[-61.07,14.467],[-60.856,14.409]],[[-61.374,15.205],[-61.277,15.25],[-61.258,15.473],[-61.308,15.579],[-61.469,15.634],[-61.374,15.205]],[[-61.552,16.286],[-61.756,16.361],[-61.797,16.251],[-61.695,15.949],[-61.558,16.086],[-61.552,16.286]],[[-61.503,16.213],[-61.164,16.253],[-61.366,16.349],[-61.463,16.513],[-61.534,16.449],[-61.503,16.213]]],[[[-79.638,7.887],[-80.48,8.089],[-80.478,8.202],[-80.386,8.311],[-80.196,8.313],[-79.774,8.58],[-79.697,8.649],[-79.826,8.639],[-79.747,8.698],[-79.752,8.816],[-79.564,8.893],[-79.566,8.96],[-79.512,8.898],[-79.427,9.013],[-79.116,8.994],[-79.119,9.083],[-79.052,9.131],[-78.977,9.145],[-79.108,9.083],[-79.087,8.994],[-78.652,8.708],[-78.614,8.775],[-78.416,8.356],[-78.361,8.394],[-78.384,8.426],[-78.408,8.548],[-78.367,8.425],[-78.257,8.5],[-78.223,8.438],[-78.223,8.542],[-78.203,8.425],[-78.241,8.384],[-78.157,8.466],[-78.094,8.411],[-78.134,8.562],[-78.023,8.29],[-77.881,8.243],[-77.737,8.13],[-78.003,8.237],[-78.142,8.404],[-78.2,8.274],[-78.306,8.254],[-78.252,8.117],[-78.431,8.077],[-78.358,7.873],[-79.638,7.887]]]]},"properties":{"realm":11,"name":"Tropical W Atlantic","group":6,"group_name":"Mid-Atlantic, Pacific and Indian Oceans, coastal tropics and warm-temperate areas","pct_unique":30,"species":13281,"color":"#b6d345","area_km2":7204904}},{"type":"Feature","geometry":{"type":"Polygon","coordinates":[[[-113.888,31.613],[-113.66,31.498],[-113.622,31.326],[-113.049,31.157],[-113.083,30.989],[-113.131,31.065],[-113.08,30.67],[-112.764,30.212],[-112.746,29.91],[-112.378,29.486],[-112.411,29.345],[-112.239,29.315],[-112.167,28.967],[-111.868,28.803],[-111.949,28.757],[-111.708,28.46],[-111.438,28.387],[-111.105,27.935],[-110.999,27.964],[-110.886,27.839],[-110.856,27.974],[-110.849,27.907],[-110.513,27.873],[-110.61,27.825],[-110.548,27.743],[-110.627,27.641],[-110.551,27.377],[-110.426,27.302],[-110.522,27.29],[-110.288,27.148],[-109.966,27.109],[-109.785,26.719],[-109.494,26.669],[-109.553,26.717],[-109.483,26.743],[-109.256,26.498],[-109.25,26.334],[-109.184,26.379],[-109.088,26.29],[-109.109,26.216],[-109.217,26.344],[-109.273,26.168],[-109.262,26.304],[-109.433,26.022],[-109.41,25.693],[-109.378,25.762],[-109.287,25.711],[-109.41,25.646],[-109.156,25.557],[-109.25,25.686],[-109.062,25.59],[-108.838,25.805],[-108.98,25.545],[-109.116,25.536],[-108.93,25.466],[-108.896,25.56],[-108.769,25.54],[-108.766,25.381],[-108.687,25.399],[-108.594,25.351],[-108.709,25.374],[-108.732,25.358],[-108.435,25.261],[-108.399,25.145],[-108.361,25.269],[-108.352,25.17],[-108.218,25.173],[-108.004,25.031],[-108.137,25.06],[-108.183,24.981],[-108.266,25.097],[-108.328,25.111],[-108.088,24.823],[-108.049,25.001],[-107.985,24.953],[-107.979,24.757],[-108.06,24.786],[-107.909,24.578],[-107.807,24.529],[-107.937,24.639],[-107.624,24.458],[-107.53,24.522],[-107.498,24.344],[-107.8,24.512],[-107.036,23.981],[-106.793,23.632],[-106.523,23.408],[-106.43,23.185],[-105.8,22.638],[-105.717,22.514],[-105.632,21.956],[-105.448,21.631],[-105.185,21.443],[-105.234,21.061],[-105.545,20.768],[-105.342,20.755],[-105.244,20.584],[-105.699,20.407],[-105.526,20.032],[-105.088,19.561],[-104.994,19.342],[-104.44,19.082],[-104.354,19.112],[-104.332,19.022],[-103.98,18.875],[-103.7,18.654],[-103.498,18.333],[-102.742,18.067],[-101.781,17.857],[-101.644,17.668],[-101.182,17.413],[-101.059,17.264],[-99.992,16.91],[-99.663,16.698],[-98.777,16.555],[-98.553,16.315],[-98.068,16.202],[-98.172,16.209],[-97.773,15.979],[-97.266,15.936],[-96.556,15.659],[-96.237,15.683],[-95.434,15.975],[-95.149,16.187],[-94.767,16.199],[-94.93,16.244],[-94.859,16.256],[-94.834,16.286],[-95.064,16.268],[-94.879,16.425],[-94.793,16.258],[-94.67,16.364],[-94.581,16.326],[-94.722,16.2],[-94.392,16.178],[-93.964,15.998],[-94.437,16.246],[-94.399,16.299],[-94.142,16.227],[-93.318,15.575],[-92.246,14.546],[-91.33,13.954],[-90.418,13.865],[-89.87,13.619],[-89.808,13.527],[-89.251,13.472],[-88.786,13.245],[-88.462,13.168],[-88.723,13.27],[-88.462,13.262],[-88.415,13.172],[-88.358,13.229],[-88.325,13.167],[-87.928,13.159],[-87.79,13.287],[-87.874,13.365],[-87.838,13.441],[-87.721,13.359],[-87.624,13.466],[-87.619,13.372],[-87.418,13.412],[-87.512,13.287],[-87.419,13.111],[-87.304,13.098],[-87.353,13.073],[-87.287,13.016],[-87.379,12.938],[-87.304,12.919],[-87.435,12.922],[-87.584,13.085],[-87.671,12.894],[-86.773,12.197],[-86.496,11.759],[-85.67,11.054],[-85.746,11.023],[-85.711,10.928],[-85.946,10.891],[-85.684,10.798],[-85.7,10.611],[-85.634,10.619],[-85.809,10.515],[-85.776,10.447],[-85.875,10.355],[-85.664,9.9],[-85.299,9.808],[-85.11,9.555],[-84.865,9.829],[-85.186,10.036],[-85.247,10.202],[-84.748,9.967],[-84.619,9.579],[-84.227,9.469],[-83.701,9.118],[-83.586,8.878],[-83.643,8.782],[-83.575,8.788],[-83.737,8.593],[-83.576,8.445],[-83.287,8.377],[-83.287,8.542],[-83.487,8.693],[-83.34,8.727],[-83.319,8.67],[-83.109,8.544],[-83.151,8.369],[-82.968,8.221],[-82.877,8.024],[-82.862,8.254],[-82.738,8.317],[-82.471,8.277],[-82.431,8.356],[-82.4,8.288],[-82.349,8.336],[-82.184,8.343],[-82.219,8.219],[-82.157,8.158],[-82.116,8.233],[-81.931,8.233],[-81.78,8.123],[-81.746,8.192],[-81.708,8.031],[-81.609,7.986],[-81.575,7.76],[-81.225,7.609],[-81.246,7.754],[-81.165,7.789],[-81.218,7.898],[-81.088,7.842],[-81.054,7.911],[-81.021,7.823],[-81.086,7.779],[-80.862,7.206],[-80.437,7.246],[-80.307,7.425],[-80.018,7.457],[-80.126,7.73],[-79.275,7.742],[-78.154,7.522],[-77.696,7.075],[-77.696,6.849],[-77.593,6.828],[-77.538,6.664],[-77.411,6.694],[-77.345,6.566],[-77.381,6.301],[-77.415,6.239],[-77.483,6.294],[-77.484,6.189],[-77.246,5.787],[-77.333,5.615],[-77.491,5.595],[-77.559,5.503],[-77.381,5.403],[-77.349,4.854],[-77.258,4.704],[-77.326,4.753],[-77.313,4.471],[-77.387,4.347],[-77.236,4.265],[-77.299,4.203],[-77.427,4.18],[-77.435,4.029],[-77.346,3.93],[-77.264,4.108],[-77.189,4.067],[-77.21,3.977],[-77.3,3.969],[-77.253,3.841],[-77.032,3.916],[-77.15,3.814],[-77.126,3.734],[-77.195,3.758],[-77.118,3.678],[-77.322,3.548],[-77.264,3.471],[-77.333,3.512],[-77.319,3.32],[-77.457,3.356],[-77.542,3.246],[-77.48,3.227],[-77.722,2.982],[-77.634,2.995],[-77.62,2.932],[-77.71,2.918],[-77.636,2.87],[-77.724,2.84],[-77.689,2.792],[-77.812,2.764],[-77.752,2.627],[-77.754,2.618],[-77.76,2.592],[-77.84,2.566],[-77.904,2.58],[-77.95,2.675],[-78.096,2.651],[-78.085,2.516],[-78.132,2.493],[-78.208,2.537],[-78.247,2.664],[-78.255,2.542],[-78.346,2.648],[-78.559,2.382],[-78.574,2.433],[-78.703,2.19],[-78.666,1.983],[-78.608,2.028],[-78.545,1.915],[-78.571,1.782],[-78.846,1.822],[-79.022,1.638],[-78.861,1.558],[-78.813,1.442],[-78.882,1.319],[-78.826,1.282],[-78.964,1.142],[-79.057,1.218],[-79.166,1.1],[-79.457,1.072],[-79.643,0.922],[-79.656,1.004],[-80.097,0.78],[-79.991,0.365],[-80.051,0.09],[-80.496,-0.381],[-80.392,-0.625],[-80.299,-0.662],[-80.449,-0.606],[-80.57,-0.912],[-80.816,-0.946],[-80.91,-1.045],[-80.744,-1.344],[-80.856,-1.588],[-80.737,-2.043],[-80.871,-2.203],[-81.013,-2.167],[-80.914,-2.319],[-80.657,-2.416],[-80.255,-2.73],[-80.28,-2.613],[-80.175,-2.587],[-80.013,-2.326],[-79.95,-2.307],[-80.034,-2.474],[-79.978,-2.457],[-79.93,-2.484],[-80.064,-2.577],[-79.896,-2.543],[-79.892,-2.116],[-79.766,-2.005],[-79.869,-2.161],[-79.726,-2.594],[-79.968,-3.215],[-80.04,-3.28],[-80.06,-3.204],[-80.145,-3.331],[-80.314,-3.376],[-80.307,-3.321],[-80.368,-3.466],[-80.536,-3.505],[-80.808,-3.739],[-81.264,-4.252],[-81.355,-4.688],[-81.083,-5.042],[-81.179,-5.074],[-81.204,-5.204],[-80.979,-5.414],[-80.873,-5.645],[-80.946,-5.85],[-81.075,-5.787],[-81.152,-5.856],[-81.175,-6.087],[-80.102,-6.664],[-79.715,-7.117],[-79.375,-7.875],[-78.995,-8.22],[-78.94,-8.436],[-78.763,-8.61],[-78.683,-8.987],[-78.56,-9.139],[-78.611,-9.177],[-78.553,-9.244],[-78.518,-9.177],[-78.198,-10.0],[-78.357,-9.799],[-78.58,-9.972],[-78.858,-10.024],[-80.179,-9.973],[-81.043,-9.71],[-81.993,-9.245],[-83.987,-7.936],[-86.389,-5.804],[-87.211,-5.304],[-89.923,-3.917],[-91.128,-3.003],[-92.138,-2.079],[-93.272,-0.705],[-94.486,1.398],[-94.498,2.592],[-94.793,3.657],[-94.967,6.097],[-95.239,7.123],[-95.653,7.834],[-96.233,8.589],[-96.935,9.339],[-97.623,9.916],[-99.312,10.927],[-101.864,12.017],[-103.024,12.339],[-105.924,12.89],[-107.317,13.388],[-108.606,14.208],[-111.104,16.326],[-112.242,17.135],[-113.601,17.784],[-116.632,18.765],[-117.865,19.278],[-118.904,19.94],[-120.2,21.165],[-120.574,21.679],[-120.822,22.223],[-121.069,23.05],[-121.195,23.904],[-121.138,25.755],[-120.569,28.908],[-120.513,29.573],[-120.537,29.955],[-120.686,30.328],[-120.947,30.631],[-119.953,30.331],[-119.063,30.184],[-115.805,29.988],[-115.7,29.898],[-115.698,29.756],[-115.187,29.429],[-114.972,29.378],[-114.043,28.458],[-114.125,28.256],[-114.04,28.028],[-114.121,28.023],[-114.106,27.928],[-114.134,28.084],[-114.276,27.901],[-114.153,27.945],[-114.141,27.731],[-114.052,27.72],[-114.059,27.801],[-113.919,27.719],[-113.953,27.656],[-114.075,27.69],[-114.103,27.602],[-114.282,27.736],[-114.316,27.875],[-114.499,27.774],[-115.084,27.851],[-115.002,27.716],[-114.862,27.69],[-114.734,27.521],[-114.506,27.406],[-114.421,27.166],[-114.182,27.14],[-114.005,26.977],[-113.816,26.949],[-113.598,26.71],[-113.471,26.805],[-113.271,26.752],[-113.146,26.97],[-113.216,26.744],[-113.119,26.794],[-113.061,26.599],[-112.689,26.323],[-112.403,26.24],[-112.179,25.955],[-112.104,25.504],[-112.081,25.721],[-112.084,25.481],[-112.031,25.474],[-112.166,24.954],[-112.145,24.874],[-112.097,25.0],[-112.078,24.762],[-112.036,24.84],[-112.025,24.756],[-111.967,24.744],[-112.008,24.875],[-111.813,24.506],[-111.679,24.586],[-111.36,24.29],[-111.444,24.324],[-110.307,23.541],[-109.978,22.882],[-109.851,22.9],[-109.454,23.202],[-109.468,23.555],[-109.696,23.666],[-109.828,24.063],[-109.988,24.046],[-110.007,24.159],[-110.246,24.35],[-110.332,24.329],[-110.306,24.177],[-110.417,24.109],[-110.432,24.174],[-110.325,24.176],[-110.562,24.213],[-110.682,24.361],[-110.739,24.621],[-110.657,24.807],[-110.904,25.143],[-111.019,25.515],[-111.124,25.53],[-111.307,25.779],[-111.442,26.518],[-111.565,26.558],[-111.56,26.696],[-111.818,26.896],[-111.815,26.715],[-111.677,26.582],[-111.784,26.572],[-111.9,26.715],[-111.871,26.828],[-112.017,26.979],[-111.95,27.093],[-112.165,27.167],[-112.355,27.547],[-112.704,27.755],[-112.786,28.196],[-112.872,28.284],[-112.846,28.441],[-113.103,28.505],[-113.196,28.792],[-113.354,28.8],[-113.388,28.94],[-113.525,28.892],[-113.636,29.282],[-114.208,29.745],[-114.392,29.783],[-114.62,30.116],[-114.706,30.927],[-114.823,30.991],[-114.881,31.152],[-114.781,31.656],[-115.0,31.931],[-114.209,31.512],[-113.991,31.518],[-113.888,31.613]],[[-115.215,28.378],[-115.358,28.083],[-115.182,28.028],[-115.215,28.378]],[[-118.221,29.015],[-118.274,29.19],[-118.369,29.114],[-118.251,28.885],[-118.221,29.015]],[[-113.169,29.276],[-113.37,29.31],[-113.395,29.459],[-113.571,29.54],[-113.589,29.41],[-113.496,29.285],[-113.115,28.984],[-113.169,29.276]],[[-112.136,24.633],[-112.116,24.689],[-112.214,24.848],[-112.177,24.872],[-112.138,25.265],[-112.305,24.792],[-112.176,24.763],[-112.176,24.654],[-112.057,24.554],[-112.136,24.633]],[[-112.253,28.769],[-112.196,29.021],[-112.264,29.247],[-112.465,29.182],[-112.486,28.972],[-112.583,28.875],[-112.253,28.769]],[[-89.257,-0.682],[-89.366,-0.69],[-89.63,-0.926],[-89.435,-0.929],[-89.257,-0.682]],[[-90.264,-0.483],[-90.488,-0.525],[-90.546,-0.669],[-90.355,-0.78],[-90.19,-0.64],[-90.264,-0.483]],[[-90.99,-0.579],[-90.956,-0.422],[-91.174,-0.228],[-91.324,0.139],[-91.497,0.106],[-91.603,-0.014],[-91.423,-0.029],[-91.375,-0.282],[-91.087,-0.582],[-91.466,-0.808],[-91.436,-0.997],[-90.929,-0.97],[-90.821,-0.77],[-90.99,-0.579]],[[-91.401,-0.453],[-91.467,-0.25],[-91.669,-0.285],[-91.538,-0.473],[-91.401,-0.453]],[[-90.552,-0.278],[-90.632,-0.201],[-90.827,-0.164],[-90.874,-0.271],[-90.818,-0.34],[-90.605,-0.37],[-90.552,-0.278]],[[-80.015,-2.664],[-80.211,-2.725],[-80.266,-3.018],[-80.131,-3.021],[-79.911,-2.739],[-80.015,-2.664]],[[-81.719,7.453],[-81.672,7.526],[-81.76,7.644],[-81.875,7.49],[-81.746,7.349],[-81.607,7.328],[-81.719,7.453]]]},"properties":{"realm":12,"name":"Tropical E Pacific","group":6,"group_name":"Mid-Atlantic, Pacific and Indian Oceans, coastal tropics and warm-temperate areas","pct_unique":30,"species":3279,"color":"#7bade0","area_km2":5938799}},{"type":"Feature","geometry":{"type":"MultiPolygon","coordinates":[[[[179.96,-11.372],[179.96,-11.845],[179.925,-11.807],[179.925,4.094],[179.96,3.77],[179.966,3.008],[179.96,-6.288],[179.96,-8.057],[179.966,-11.874],[179.96,-11.372]]],[[[89.371,8.062],[89.039,8.685],[88.561,8.997],[87.938,9.232],[87.226,9.347],[86.617,9.288],[86.02,9.011],[85.426,8.55],[85.246,8.219],[85.139,7.766],[84.992,5.458],[84.785,5.032],[84.415,4.777],[83.903,4.642],[83.235,4.614],[80.558,4.923],[79.583,4.937],[76.868,4.491],[76.254,4.275],[75.85,3.992],[75.583,3.526],[75.115,1.984],[74.945,0.382],[74.919,-2.508],[75.149,-6.524],[75.248,-7.19],[75.719,-8.869],[75.749,-9.32],[75.672,-9.69],[75.344,-10.192],[74.874,-10.624],[74.465,-10.813],[73.939,-10.873],[73.057,-10.772],[72.084,-10.523],[71.27,-10.151],[70.567,-9.665],[69.797,-8.852],[69.378,-8.069],[69.319,-7.459],[69.473,-6.064],[69.46,-5.467],[69.292,-4.81],[68.668,-3.164],[68.506,-2.011],[68.521,-0.761],[68.682,1.258],[69.52,5.142],[69.722,6.565],[69.856,9.96],[69.765,11.021],[69.56,11.927],[69.059,13.059],[68.538,13.782],[67.949,14.123],[66.568,14.489],[66.026,14.729],[65.659,15.045],[64.943,16.023],[64.756,16.733],[64.91,18.447],[64.8,19.454],[64.597,20.349],[64.247,20.917],[63.657,21.384],[63.061,21.553],[61.836,21.529],[60.873,21.257],[59.928,20.755],[58.611,19.842],[58.356,19.561],[57.987,18.828],[57.637,18.454],[56.381,17.501],[55.484,17.091],[55.209,16.854],[55.095,16.349],[55.237,14.934],[55.09,13.619],[55.258,10.982],[55.087,10.114],[54.918,9.822],[54.684,9.646],[53.47,9.052],[52.095,8.632],[51.614,8.287],[51.304,7.699],[50.945,6.186],[50.708,5.596],[50.39,5.216],[49.57,4.681],[49.329,4.34],[49.15,3.746],[49.11,3.045],[49.25,2.396],[49.694,1.951],[50.539,1.589],[52.676,1.025],[54.373,-0.121],[55.204,-0.802],[57.846,-3.972],[58.506,-5.069],[60.208,-7.113],[61.673,-8.366],[62.401,-9.281],[62.642,-9.847],[62.798,-10.538],[62.97,-13.002],[63.108,-13.894],[63.346,-14.624],[64.147,-16.434],[64.347,-17.512],[64.328,-18.546],[64.158,-19.553],[63.601,-21.235],[63.154,-22.217],[62.597,-22.982],[60.752,-24.741],[59.88,-25.151],[58.816,-25.356],[54.866,-25.303],[52.925,-25.608],[49.796,-25.912],[47.13,-26.369],[45.819,-26.445],[44.653,-26.283],[43.177,-25.698],[42.089,-25.438],[40.717,-25.313],[37.7,-25.317],[36.368,-25.236],[35.451,-25.056],[34.918,-24.69],[35.181,-24.531],[35.497,-24.101],[35.527,-23.803],[35.476,-23.782],[35.466,-23.88],[35.38,-23.844],[35.332,-23.965],[35.34,-23.676],[35.39,-23.748],[35.479,-23.177],[35.606,-22.915],[35.538,-22.947],[35.489,-22.69],[35.551,-22.179],[35.517,-22.31],[35.501,-22.106],[35.441,-22.12],[35.394,-22.488],[35.306,-22.389],[35.271,-21.644],[35.12,-21.377],[35.127,-21.179],[35.072,-21.322],[35.016,-21.111],[35.113,-20.946],[35.038,-20.938],[34.993,-20.73],[34.872,-20.713],[34.74,-20.524],[34.668,-20.541],[34.716,-20.467],[34.64,-20.376],[34.743,-20.226],[34.671,-20.189],[34.655,-20.151],[34.775,-20.152],[34.709,-19.884],[34.778,-19.815],[34.614,-19.612],[34.53,-19.616],[34.627,-19.596],[34.88,-19.863],[35.34,-19.521],[35.855,-18.951],[36.124,-18.801],[36.147,-18.9],[36.267,-18.891],[36.238,-18.694],[36.407,-18.785],[36.473,-18.556],[36.977,-18.047],[36.833,-17.878],[36.984,-18.012],[37.189,-17.739],[38.128,-17.286],[38.081,-17.191],[38.173,-17.288],[38.663,-17.026],[39.075,-16.991],[39.129,-16.868],[39.856,-16.43],[39.808,-16.389],[39.783,-16.302],[39.992,-16.222],[40.135,-15.987],[40.065,-15.989],[40.582,-15.492],[40.682,-15.233],[40.635,-15.165],[40.513,-15.182],[40.528,-15.131],[40.712,-15.073],[40.671,-14.977],[40.774,-14.998],[40.746,-14.922],[40.671,-14.922],[40.643,-14.854],[40.71,-14.895],[40.843,-14.793],[40.834,-14.539],[40.76,-14.526],[40.828,-14.434],[40.701,-14.432],[40.629,-14.566],[40.721,-14.205],[40.591,-14.263],[40.539,-14.164],[40.651,-14.032],[40.539,-13.636],[40.595,-13.565],[40.527,-13.511],[40.595,-12.976],[40.5,-12.948],[40.483,-13.022],[40.411,-12.942],[40.647,-12.755],[40.562,-12.53],[40.478,-12.501],[40.561,-12.387],[40.451,-12.264],[40.525,-12.205],[40.52,-11.839],[40.428,-11.65],[40.466,-11.385],[40.349,-11.317],[40.507,-11.187],[40.566,-11.014],[40.507,-11.037],[40.496,-10.956],[40.62,-10.841],[40.485,-10.762],[40.655,-10.687],[40.507,-10.566],[40.527,-10.488],[40.437,-10.475],[40.427,-10.3],[40.349,-10.358],[40.232,-10.2],[40.232,-10.297],[40.121,-10.271],[40.133,-10.17],[40.02,-10.133],[39.985,-10.221],[39.827,-9.99],[39.691,-10.043],[39.801,-9.824],[39.697,-9.745],[39.741,-9.667],[39.651,-9.445],[39.567,-9.448],[39.644,-9.189],[39.569,-9.093],[39.499,-9.124],[39.492,-8.938],[39.389,-8.899],[39.554,-8.922],[39.354,-8.714],[39.28,-8.309],[39.454,-8.01],[39.444,-7.833],[39.328,-7.726],[39.305,-7.792],[39.253,-7.823],[39.328,-7.309],[39.548,-7.118],[39.554,-7.001],[39.465,-6.858],[39.28,-6.83],[39.28,-6.727],[39.041,-6.47],[38.915,-6.437],[38.779,-6.055],[39.143,-5.096],[39.083,-5.061],[39.109,-4.917],[39.214,-4.856],[39.191,-4.678],[39.3,-4.595],[39.396,-4.629],[39.54,-4.43],[39.67,-4.088],[39.561,-4.04],[39.636,-4.017],[39.606,-3.97],[39.708,-4.038],[39.684,-3.917],[39.786,-3.917],[39.867,-3.695],[39.86,-3.633],[39.8,-3.635],[39.808,-3.609],[39.776,-3.6],[39.781,-3.567],[39.866,-3.616],[39.966,-3.321],[39.989,-3.373],[40.123,-3.267],[40.233,-2.982],[40.163,-2.934],[40.232,-2.669],[40.491,-2.528],[40.651,-2.539],[40.817,-2.398],[40.774,-2.279],[40.863,-2.231],[40.923,-2.314],[40.969,-2.279],[40.858,-2.008],[40.945,-2.073],[40.971,-1.929],[41.006,-1.902],[41.013,-2.042],[41.219,-1.922],[41.303,-1.956],[41.652,-1.565],[41.829,-1.169],[41.885,-1.21],[41.953,-0.894],[41.972,-1.0],[43.468,0.621],[44.55,1.559],[46.048,2.455],[47.948,4.457],[49.036,6.144],[49.247,6.811],[49.744,7.589],[49.824,7.934],[50.091,8.161],[50.44,8.888],[50.83,9.42],[50.927,10.328],[51.241,10.426],[51.376,10.368],[51.417,10.447],[51.176,10.563],[51.22,10.442],[51.01,10.434],[51.161,10.598],[51.115,10.993],[51.19,11.138],[51.086,11.188],[51.081,11.341],[51.293,11.833],[50.798,11.989],[50.576,11.921],[50.501,11.755],[50.268,11.589],[49.577,11.46],[49.24,11.3],[48.904,11.248],[48.637,11.329],[48.343,11.275],[48.13,11.137],[47.71,11.101],[47.49,11.193],[47.296,11.137],[46.551,13.225],[46.84,13.482],[47.398,13.655],[47.931,14.031],[48.189,13.969],[48.696,14.044],[49.004,14.325],[49.093,14.52],[49.578,14.737],[50.18,14.843],[50.554,15.049],[51.368,15.23],[52.228,15.616],[52.156,15.984],[52.221,16.161],[52.598,16.477],[53.339,16.735],[53.615,16.758],[54.085,17.011],[54.592,17.038],[54.792,16.951],[55.027,17.011],[55.26,17.234],[55.301,17.417],[55.228,17.539],[55.445,17.841],[56.356,17.94],[56.561,18.149],[56.641,18.559],[56.808,18.746],[57.208,18.91],[57.84,19.015],[57.689,19.728],[57.856,20.261],[58.206,20.613],[58.264,20.588],[58.203,20.405],[58.446,20.359],[58.519,20.417],[58.592,20.644],[58.728,20.767],[58.68,20.828],[59.054,21.277],[59.344,21.445],[59.825,22.281],[59.803,22.535],[59.516,22.562],[58.762,23.542],[58.584,23.647],[58.317,23.621],[57.184,23.934],[56.611,24.496],[56.405,24.897],[56.37,25.526],[56.267,25.673],[56.453,25.947],[56.38,26.038],[56.473,26.099],[56.336,26.112],[56.329,26.173],[56.48,26.146],[56.432,26.222],[56.487,26.235],[56.399,26.269],[56.509,26.324],[56.501,26.359],[56.364,26.386],[56.308,26.222],[56.368,26.244],[56.404,26.215],[56.295,26.194],[56.182,26.246],[55.952,25.772],[55.96,25.824],[55.626,25.536],[55.551,25.579],[55.304,25.283],[55.329,25.201],[55.282,25.261],[55.259,25.215],[55.159,25.099],[55.157,25.097],[55.082,25.017],[54.995,25.03],[54.996,24.968],[54.975,25.027],[54.993,24.966],[54.643,24.749],[54.582,24.508],[54.417,24.535],[54.571,24.473],[54.574,24.447],[54.486,24.447],[54.427,24.292],[54.123,24.145],[53.59,24.047],[53.165,24.17],[52.681,24.141],[52.6,24.21],[52.341,24.008],[51.929,23.965],[51.809,24.001],[51.779,24.262],[51.634,24.227],[51.594,24.385],[51.569,24.256],[51.282,24.303],[51.498,24.584],[51.395,24.631],[51.302,24.517],[51.306,24.611],[51.213,24.634],[51.339,24.646],[51.341,24.57],[51.611,25.022],[51.608,25.255],[51.519,25.297],[51.472,25.521],[51.549,25.631],[51.505,25.687],[51.59,25.712],[51.57,25.898],[51.404,25.954],[51.251,26.16],[50.984,25.981],[50.888,25.681],[50.978,25.646],[50.889,25.529],[50.871,25.639],[50.796,25.617],[50.847,25.467],[50.751,25.495],[50.86,24.796],[50.771,24.727],[50.562,25.055],[50.472,25.437],[50.149,25.7],[50.257,25.632],[50.101,25.989],[49.99,26.002],[50.032,26.201],[50.141,26.036],[50.217,26.324],[50.031,26.495],[49.988,26.724],[50.158,26.665],[49.699,26.958],[49.572,27.194],[49.375,27.149],[49.412,27.204],[49.323,27.206],[49.313,27.345],[49.223,27.331],[49.264,27.414],[49.12,27.441],[49.313,27.449],[49.24,27.545],[48.832,27.612],[48.873,27.612],[48.88,27.688],[48.779,27.72],[48.813,27.829],[48.839,27.729],[48.883,27.827],[48.744,27.961],[48.792,28.007],[48.652,28.046],[48.535,28.408],[48.524,28.414],[48.505,28.39],[48.469,28.387],[48.499,28.493],[48.158,29.017],[48.1,29.35],[47.705,29.364],[47.966,29.576],[48.177,29.542],[47.996,29.828],[47.935,30.107],[47.969,30.004],[48.119,30.045],[48.521,29.929],[48.651,29.975],[48.643,30.055],[48.897,30.029],[48.942,30.165],[48.862,30.346],[48.935,30.419],[49.037,30.433],[48.946,30.48],[49.034,30.519],[49.211,30.506],[49.263,30.433],[49.203,30.347],[48.921,30.381],[49.161,30.224],[49.221,30.265],[49.245,30.156],[49.48,30.156],[49.532,30.023],[50.059,30.205],[50.145,29.938],[50.655,29.449],[50.644,29.143],[50.84,29.141],[50.93,29.055],[50.899,28.949],[50.823,28.997],[50.805,28.934],[51.059,28.736],[51.081,28.534],[51.4,27.932],[51.683,27.831],[52.011,27.833],[52.46,27.633],[52.67,27.449],[52.601,27.353],[53.029,27.104],[53.444,26.976],[53.492,26.854],[53.716,26.709],[54.308,26.715],[54.389,26.605],[54.791,26.496],[55.271,26.793],[55.522,26.785],[55.666,26.995],[55.939,27.027],[56.124,27.161],[56.809,27.14],[56.865,27.012],[56.973,27.003],[56.926,26.955],[57.025,26.851],[57.08,26.415],[57.213,26.166],[57.167,26.083],[57.312,25.784],[57.756,25.743],[57.772,25.636],[57.925,25.701],[58.17,25.544],[58.419,25.612],[58.814,25.564],[59.044,25.4],[59.454,25.462],[59.904,25.33],[60.289,25.377],[60.467,25.29],[60.395,25.378],[60.55,25.447],[60.633,25.275],[61.412,25.059],[61.554,25.254],[61.78,25.191],[61.755,25.013],[61.881,25.103],[62.097,25.107],[62.059,25.162],[62.145,25.218],[62.297,25.185],[62.256,25.099],[62.381,25.088],[62.343,25.155],[62.477,25.259],[63.5,25.194],[63.469,25.289],[63.573,25.365],[64.06,25.345],[63.977,25.413],[64.045,25.45],[64.155,25.447],[64.084,25.427],[64.094,25.336],[64.439,25.235],[64.565,25.27],[64.655,25.166],[64.744,25.324],[65.155,25.296],[65.395,25.392],[65.652,25.344],[66.252,25.473],[66.498,25.399],[66.492,25.481],[66.336,25.553],[66.094,25.475],[66.204,25.593],[66.375,25.626],[66.531,25.518],[66.548,25.366],[66.737,25.181],[66.654,24.839],[66.965,24.844],[67.256,24.748],[67.152,24.616],[67.253,24.59],[67.184,24.59],[67.272,24.369],[67.362,24.344],[67.279,24.281],[67.341,24.086],[67.533,24.07],[67.451,23.988],[67.541,23.939],[67.479,23.892],[67.615,23.85],[67.65,23.933],[67.632,23.803],[67.716,23.792],[67.719,23.844],[67.832,23.81],[67.855,23.912],[68.014,23.769],[68.014,23.939],[68.102,23.816],[68.063,23.723],[68.149,23.695],[68.157,23.905],[68.168,23.747],[68.28,23.686],[68.143,23.613],[68.318,23.586],[68.428,23.714],[68.755,23.867],[68.409,23.621],[68.406,23.509],[68.481,23.525],[68.424,23.446],[68.603,23.333],[68.552,23.26],[68.866,23.02],[69.202,22.852],[69.716,22.747],[69.833,22.858],[70.135,22.93],[70.11,22.959],[70.131,22.994],[70.392,22.941],[70.399,23.069],[70.503,23.104],[70.505,22.98],[70.375,22.903],[70.178,22.562],[69.973,22.541],[69.795,22.419],[69.733,22.48],[69.616,22.356],[69.516,22.448],[69.48,22.342],[69.212,22.274],[69.202,22.415],[69.072,22.399],[69.074,22.482],[68.945,22.295],[70.054,21.153],[70.74,20.718],[70.982,20.71],[72.091,21.191],[72.299,21.634],[72.166,21.794],[72.001,21.788],[71.997,21.855],[72.105,21.836],[72.058,21.899],[72.169,21.841],[72.157,21.926],[72.029,21.939],[72.275,22.028],[72.308,22.223],[72.47,22.227],[72.633,22.21],[72.542,22.157],[72.507,21.962],[72.543,21.911],[72.623,21.967],[72.714,21.996],[72.735,21.987],[72.567,21.849],[72.535,21.673],[73.128,21.748],[72.823,21.644],[72.584,21.417],[72.738,21.483],[72.747,21.453],[72.565,21.386],[72.735,21.199],[72.615,21.106],[72.81,21.13],[72.85,21.048],[72.772,21.024],[72.888,20.983],[72.837,20.836],[72.9,20.868],[72.947,20.759],[72.649,19.852],[72.678,19.747],[72.733,19.78],[72.723,19.536],[72.879,19.532],[72.754,19.482],[72.763,19.38],[72.988,19.301],[73.05,19.218],[72.785,19.314],[72.77,18.948],[72.821,18.903],[72.975,19.163],[72.988,18.999],[73.057,19.015],[72.897,18.894],[72.982,18.871],[72.995,18.731],[72.927,18.827],[72.852,18.72],[73.015,18.47],[72.925,18.536],[72.891,18.429],[73.072,18.273],[73.072,18.204],[73.057,18.186],[72.94,18.286],[72.927,18.224],[73.043,18.067],[73.121,17.626],[73.201,17.586],[73.126,17.557],[73.249,17.285],[73.187,17.306],[73.371,16.61],[73.315,16.599],[73.379,16.518],[73.303,16.533],[73.447,16.114],[73.453,16.167],[73.488,16.189],[73.45,16.059],[73.718,15.627],[73.819,15.661],[73.737,15.572],[73.766,15.497],[73.857,15.533],[73.796,15.449],[73.908,15.405],[73.783,15.408],[73.891,15.343],[73.962,15.152],[73.913,15.079],[74.112,14.846],[74.208,14.901],[74.096,14.793],[74.253,14.719],[74.276,14.61],[74.339,14.613],[74.301,14.527],[74.359,14.571],[74.428,14.476],[74.352,14.53],[74.415,14.301],[74.509,14.25],[74.429,14.24],[74.495,14.031],[74.66,13.66],[74.688,13.712],[74.736,13.654],[74.667,13.633],[74.689,13.382],[74.818,12.862],[74.941,12.879],[74.828,12.825],[75.194,12.022],[75.393,11.975],[75.325,11.899],[75.736,11.372],[76.153,10.22],[76.24,10.239],[76.182,10.106],[76.394,9.843],[76.407,9.569],[76.503,9.535],[76.357,9.521],[76.394,9.679],[76.251,9.963],[76.363,9.325],[76.528,8.947],[76.668,9.007],[76.544,8.913],[76.996,8.368],[77.309,8.131],[77.511,8.076],[78.056,8.364],[78.115,8.658],[78.215,8.765],[78.162,8.753],[78.183,8.877],[78.412,9.1],[78.989,9.278],[79.454,9.159],[79.341,9.316],[79.075,9.3],[78.913,9.474],[79.279,10.036],[79.286,10.253],[79.587,10.344],[79.557,10.299],[79.857,10.293],[79.833,11.342],[79.676,11.296],[79.819,11.381],[79.752,11.577],[79.786,11.769],[80.005,12.242],[79.944,12.218],[80.18,12.533],[80.333,13.198],[80.327,13.43],[80.119,13.501],[80.053,13.619],[80.094,13.695],[80.136,13.619],[80.142,13.729],[80.314,13.441],[80.136,14.229],[80.047,14.207],[80.175,14.345],[80.197,14.565],[80.142,14.571],[80.053,15.093],[80.28,15.701],[80.67,15.908],[80.776,15.884],[80.807,15.716],[80.896,16.031],[80.91,15.853],[81.013,15.778],[81.26,16.333],[81.411,16.383],[81.763,16.323],[82.307,16.58],[82.281,16.621],[82.338,16.678],[82.366,16.812],[82.367,16.909],[82.349,16.956],[82.314,16.847],[82.253,16.929],[82.388,17.127],[83.239,17.593],[83.299,17.664],[83.247,17.716],[83.341,17.717],[83.452,17.923],[84.113,18.298],[84.741,19.028],[84.739,19.148],[84.791,19.121],[85.18,19.475],[85.577,19.691],[85.331,19.576],[85.391,19.691],[85.248,19.656],[85.124,19.478],[85.268,19.78],[85.44,19.896],[85.57,19.876],[85.577,19.746],[85.427,19.704],[85.48,19.666],[86.372,19.965],[86.168,20.073],[86.153,20.143],[86.209,20.067],[86.397,19.983],[86.426,19.999],[86.495,20.184],[86.628,20.235],[86.717,20.287],[86.755,20.314],[86.694,20.294],[86.768,20.343],[86.81,20.415],[86.72,20.368],[86.751,20.489],[87.004,20.657],[87.043,20.698],[86.879,20.781],[86.966,20.806],[86.844,21.082],[86.918,21.327],[87.201,21.552],[87.834,21.729],[88.164,22.09],[88.133,22.179],[87.965,22.245],[87.907,22.425],[88.009,22.24],[88.198,22.168],[88.147,21.959],[88.254,21.555],[88.306,21.572],[88.262,21.799],[88.31,21.61],[88.331,21.719],[88.393,21.6],[88.456,21.624],[88.496,21.952],[88.488,21.557],[88.572,21.558],[88.633,21.75],[88.565,21.767],[88.567,21.851],[88.66,22.205],[88.631,21.945],[88.69,21.946],[88.695,22.082],[88.763,22.131],[88.685,21.697],[88.728,21.56],[88.811,21.692],[88.859,21.637],[88.859,21.767],[88.892,21.654],[89.083,21.617],[88.905,21.969],[89.061,21.938],[89.044,22.137],[89.21,21.654],[89.298,21.678],[89.352,21.972],[89.406,21.717],[89.522,21.962],[89.476,22.295],[89.533,21.985],[89.549,22.205],[89.626,22.336],[89.527,21.813],[89.587,21.701],[89.701,21.785],[89.619,21.87],[89.647,21.925],[89.709,21.83],[89.88,21.884],[89.797,22.076],[89.871,22.092],[89.873,22.419],[90.0,22.48481751824817],[90.0,22.473834586466158],[89.877,22.275],[89.917,22.05],[89.968,21.975],[89.983,22.045],[90.0,22.071714285714283],[90.0,22.00800000000001],[89.996,22.0],[90.0,21.999214285714285],[90.0,7.463720390720387],[89.371,8.062]],[[43.813,-21.224],[43.507,-21.31],[43.473,-21.672],[43.336,-21.769],[43.247,-22.035],[43.302,-22.219],[43.223,-22.255],[43.361,-22.843],[43.583,-23.076],[43.631,-23.345],[43.761,-23.464],[43.625,-23.762],[43.673,-24.335],[43.918,-24.619],[44.029,-24.999],[44.405,-25.188],[44.296,-25.153],[44.369,-25.257],[44.835,-25.344],[45.146,-25.595],[45.492,-25.574],[46.238,-25.198],[46.77,-25.153],[47.087,-24.968],[47.106,-24.879],[47.126,-24.934],[47.325,-24.27],[47.569,-23.853],[47.575,-23.599],[47.738,-23.255],[47.901,-22.481],[48.202,-21.796],[48.782,-20.037],[48.75,-19.966],[49.441,-18.154],[49.51,-17.728],[49.431,-17.284],[49.608,-16.897],[49.84,-16.828],[49.725,-16.754],[49.854,-16.54],[49.85,-16.241],[49.69,-16.087],[49.734,-15.906],[49.638,-15.545],[49.718,-15.447],[49.901,-15.422],[49.97,-15.718],[50.168,-15.985],[50.337,-15.811],[50.483,-15.443],[50.49,-15.219],[50.21,-14.751],[50.143,-13.783],[49.942,-13.034],[49.744,-12.743],[49.655,-12.805],[49.563,-12.628],[49.586,-12.482],[49.49,-12.407],[49.539,-12.378],[49.456,-12.373],[49.381,-12.223],[49.349,-12.299],[49.23,-12.222],[49.264,-12.14],[49.373,-12.198],[49.278,-11.948],[49.182,-12.044],[49.223,-12.106],[49.161,-12.051],[49.093,-12.099],[49.202,-12.147],[48.985,-12.333],[48.946,-12.48],[48.853,-12.414],[48.73,-12.435],[48.887,-12.565],[48.955,-12.812],[48.78,-13.384],[48.605,-13.445],[48.482,-13.36],[48.534,-13.521],[48.333,-13.546],[48.299,-13.798],[48.192,-13.767],[48.068,-13.517],[47.904,-13.603],[47.876,-13.784],[48.017,-13.953],[47.941,-14.004],[48.048,-14.084],[48.034,-14.262],[47.983,-14.325],[48.014,-14.141],[47.92,-14.086],[47.944,-14.233],[47.791,-14.223],[47.702,-14.446],[47.753,-14.601],[47.804,-14.546],[48.013,-14.63],[48.0,-14.762],[47.969,-14.622],[47.921,-14.71],[47.797,-14.566],[47.428,-15.108],[47.517,-14.82],[47.445,-14.672],[47.284,-14.847],[47.372,-14.891],[47.056,-15.194],[47.232,-15.433],[46.958,-15.55],[47.075,-15.324],[46.949,-15.198],[46.333,-15.63],[46.299,-15.816],[46.444,-15.881],[46.469,-15.957],[46.386,-15.902],[46.331,-15.977],[46.207,-15.82],[46.236,-15.717],[46.144,-15.704],[46.016,-15.792],[46.071,-15.779],[46.066,-15.862],[45.949,-15.774],[45.661,-15.804],[45.605,-16.052],[45.57,-15.943],[45.379,-15.974],[45.406,-16.055],[45.298,-16.112],[45.266,-15.924],[44.868,-16.221],[44.445,-16.196],[44.431,-16.7],[43.924,-17.578],[44.036,-17.769],[44.05,-18.427],[44.257,-18.804],[44.234,-19.089],[44.48,-19.484],[44.371,-19.774],[44.479,-19.913],[43.902,-20.883],[43.813,-21.224]],[[45.091,-12.647],[45.043,-12.714],[45.136,-12.904],[45.065,-12.893],[45.07,-12.955],[45.173,-12.985],[45.225,-12.746],[45.091,-12.647]],[[44.467,-12.064],[44.374,-12.18],[44.206,-12.161],[44.523,-12.373],[44.467,-12.064]],[[43.277,-11.38],[43.218,-11.75],[43.473,-11.928],[43.395,-11.4],[43.277,-11.38]],[[39.896,-7.638],[39.587,-7.945],[39.687,-7.989],[39.839,-7.883],[39.909,-7.687],[39.896,-7.638]],[[39.57,-6.421],[39.516,-6.147],[39.417,-6.192],[39.313,-5.718],[39.28,-5.842],[39.193,-5.904],[39.177,-6.158],[39.264,-6.302],[39.3,-6.239],[39.376,-6.363],[39.414,-6.316],[39.472,-6.452],[39.57,-6.421]],[[39.739,-5.452],[39.856,-5.253],[39.828,-5.102],[39.878,-4.988],[39.856,-4.897],[39.822,-4.994],[39.684,-4.89],[39.746,-5.205],[39.65,-5.191],[39.781,-5.239],[39.643,-5.414],[39.739,-5.452]],[[54.119,12.701],[53.846,12.599],[53.5,12.712],[53.307,12.543],[53.731,12.3],[54.14,12.351],[54.54,12.55],[54.119,12.701]],[[50.469,26.237],[50.46,25.985],[50.565,25.79],[50.593,26.239],[50.469,26.237]],[[48.36,29.754],[48.162,29.996],[48.117,29.974],[48.197,29.925],[48.095,29.895],[48.079,29.774],[48.229,29.6],[48.36,29.754]],[[55.664,-20.905],[55.287,-20.912],[55.225,-21.048],[55.35,-21.271],[55.575,-21.368],[55.821,-21.325],[55.85,-21.138],[55.664,-20.905]],[[57.607,-19.979],[57.303,-20.431],[57.504,-20.517],[57.721,-20.411],[57.796,-20.223],[57.607,-19.979]],[[58.906,20.698],[58.648,20.369],[58.652,20.17],[58.954,20.52],[58.906,20.698]],[[55.898,26.907],[55.758,26.954],[55.774,26.797],[55.285,26.66],[55.285,26.56],[55.877,26.743],[55.947,26.696],[56.279,26.974],[55.898,26.907]],[[81.835,7.466],[81.808,7.41],[81.771,7.457],[81.749,7.623],[81.595,7.726],[81.713,7.712],[81.561,7.999],[81.464,8.116],[81.436,8.093],[81.396,8.137],[81.404,8.192],[81.448,8.128],[81.366,8.482],[81.134,8.501],[81.25,8.546],[81.232,8.651],[80.979,8.98],[80.915,8.944],[80.875,9.041],[80.958,9.018],[80.744,9.36],[80.247,9.826],[80.139,9.799],[80.248,9.755],[80.444,9.576],[80.13,9.777],[80.122,9.819],[79.971,9.815],[79.91,9.768],[79.958,9.686],[80.615,9.446],[80.427,9.5],[80.287,9.453],[80.053,9.596],[80.197,9.473],[80.053,9.392],[80.106,9.193],[80.048,9.026],[79.916,8.939],[79.942,8.642],[79.807,8.24],[79.81,7.987],[79.732,8.013],[79.779,8.35],[79.697,8.219],[79.863,6.807],[80.094,6.136],[80.341,5.971],[80.714,5.958],[81.362,6.225],[81.681,6.462],[81.817,6.737],[81.881,7.327],[81.835,7.466]]],[[[122.295,12.08],[122.295,12.076],[122.267,11.784],[121.964,11.934],[121.854,11.769],[122.084,11.725],[122.107,11.658],[121.93,10.467],[122.016,10.445],[122.163,10.595],[122.119,9.156],[122.191,7.891],[122.097,7.745],[122.146,7.589],[122.047,7.453],[122.051,7.308],[121.933,7.218],[121.899,7.057],[122.119,6.896],[122.28,7.293],[122.547,6.089],[123.225,4.181],[123.909,2.808],[124.835,1.469],[124.548,1.36],[124.594,1.196],[124.389,1.186],[124.29,1.017],[123.938,0.832],[123.187,0.974],[123.176,0.923],[122.968,0.963],[122.849,0.818],[122.454,1.021],[121.547,1.072],[121.45,1.167],[121.451,1.298],[121.265,1.23],[120.909,1.354],[120.821,1.31],[120.802,1.053],[120.662,0.969],[120.568,0.782],[120.346,0.856],[120.342,0.983],[120.278,0.994],[120.227,0.815],[120.046,0.734],[120.032,0.516],[119.912,0.474],[119.869,0.287],[119.785,0.239],[119.888,0.071],[119.847,-0.062],[119.675,0.03],[119.628,-0.018],[119.8,-0.124],[119.758,-0.47],[119.862,-0.834],[119.734,-0.634],[119.525,-0.86],[119.453,-1.096],[119.314,-1.246],[119.347,-1.959],[119.216,-2.01],[119.136,-2.454],[118.914,-2.648],[118.806,-2.63],[118.757,-2.776],[118.772,-2.862],[118.886,-2.87],[118.848,-3.068],[118.764,-3.091],[118.927,-3.566],[119.298,-3.428],[119.486,-3.483],[119.457,-3.715],[119.593,-4.026],[119.647,-3.978],[119.591,-4.564],[119.491,-4.754],[119.52,-4.917],[119.353,-5.356],[119.433,-5.588],[119.518,-5.558],[119.724,-5.704],[119.915,-5.569],[120.1,-5.596],[120.323,-5.51],[120.464,-5.62],[120.264,-5.15],[120.309,-4.871],[120.45,-4.647],[120.352,-4.1],[120.447,-3.729],[120.426,-3.256],[120.264,-3.142],[120.203,-2.958],[120.696,-2.642],[121.006,-2.661],[121.08,-2.759],[120.984,-2.824],[121.082,-2.872],[121.067,-3.194],[120.889,-3.389],[120.894,-3.539],[121.255,-3.816],[121.256,-3.903],[121.628,-4.087],[121.48,-4.581],[121.554,-4.744],[121.704,-4.835],[122.077,-4.842],[122.129,-4.8],[122.04,-4.663],[122.108,-4.52],[122.599,-4.397],[122.758,-4.485],[122.67,-4.315],[122.842,-4.438],[122.9,-4.389],[122.845,-4.058],[122.775,-4.048],[122.842,-4.129],[122.688,-4.138],[122.656,-4.007],[122.551,-3.971],[122.656,-3.889],[122.549,-3.879],[122.205,-3.594],[122.291,-3.471],[122.252,-3.376],[122.378,-3.439],[122.321,-3.257],[122.429,-3.246],[122.473,-3.151],[122.28,-3.04],[122.287,-2.889],[122.016,-2.694],[121.823,-2.287],[121.575,-2.163],[121.402,-1.909],[121.341,-1.991],[121.296,-1.817],[121.441,-1.814],[121.553,-1.929],[121.692,-1.908],[121.861,-1.67],[122.184,-1.614],[122.369,-1.493],[122.839,-0.899],[123.096,-0.835],[123.311,-1.051],[123.445,-0.833],[123.403,-0.643],[123.076,-0.556],[122.735,-0.648],[122.929,-0.759],[122.208,-0.765],[122.105,-0.926],[121.714,-0.935],[121.62,-0.8],[121.207,-1.191],[121.105,-1.406],[120.83,-1.34],[120.676,-1.395],[120.5,-0.975],[120.256,-0.899],[120.073,-0.614],[120.023,-0.071],[120.273,0.378],[120.503,0.529],[121.108,0.407],[121.602,0.552],[121.8,0.426],[123.074,0.516],[123.239,0.325],[123.632,0.267],[124.466,0.449],[124.664,0.806],[124.899,0.973],[125.05,1.22],[125.606,0.672],[126.094,0.374],[126.822,0.113],[127.686,-0.083],[127.708,-0.287],[128.266,-0.874],[128.441,-0.909],[128.096,-0.517],[127.944,-0.136],[130.036,-0.544],[131.883,-0.683],[131.243,-0.819],[131.254,-1.08],[131.182,-1.217],[131.03,-1.276],[130.96,-1.446],[131.206,-1.524],[131.337,-1.453],[131.277,-1.374],[131.428,-1.498],[131.704,-1.511],[131.723,-1.572],[131.791,-1.498],[131.805,-1.608],[131.982,-1.539],[131.887,-1.652],[132.024,-1.676],[131.942,-1.895],[132.027,-2.018],[132.127,-1.998],[132.048,-2.083],[132.306,-2.266],[132.56,-2.186],[132.689,-2.307],[133.296,-2.204],[133.646,-2.236],[133.71,-2.176],[133.858,-2.107],[133.94,-2.108],[133.792,-2.26],[133.929,-2.274],[133.95,-2.204],[133.95,-2.293],[133.867,-2.341],[134.005,-2.388],[133.866,-2.411],[133.908,-2.477],[133.747,-2.438],[133.82,-2.477],[133.817,-2.649],[133.713,-2.512],[133.682,-2.717],[133.634,-2.539],[133.519,-2.59],[133.473,-2.522],[133.473,-2.616],[133.45,-2.642],[133.446,-2.495],[133.381,-2.676],[133.39,-2.527],[133.24,-2.417],[133.034,-2.479],[132.728,-2.813],[132.312,-2.676],[131.958,-2.788],[132.044,-2.803],[131.976,-2.93],[132.326,-2.947],[132.553,-3.107],[132.671,-3.329],[132.812,-3.282],[132.821,-3.437],[132.932,-3.554],[132.731,-3.682],[132.902,-4.081],[133.251,-4.067],[133.453,-3.865],[133.409,-3.722],[133.592,-3.545],[133.514,-3.378],[133.628,-3.416],[133.668,-3.122],[133.861,-2.923],[133.929,-3.115],[133.846,-3.087],[133.683,-3.233],[133.641,-3.484],[133.703,-3.673],[133.829,-3.722],[133.838,-3.59],[133.988,-3.855],[134.127,-3.745],[134.193,-3.836],[134.141,-3.903],[134.315,-4.02],[134.334,-3.869],[134.525,-4.026],[134.676,-3.908],[134.968,-3.937],[134.688,-3.947],[134.648,-4.119],[135.063,-4.378],[132.452,-4.746],[131.056,-5.123],[130.022,-5.513],[129.265,-6.137],[127.897,-8.116],[127.766,-8.108],[127.832,-8.199],[127.641,-8.406],[127.11,-8.76],[126.111,-9.173],[125.248,-9.377],[125.593,-9.19],[126.472,-8.943],[126.583,-8.806],[127.021,-8.676],[127.306,-8.395],[126.967,-8.309],[126.549,-8.487],[126.412,-8.419],[125.164,-8.625],[124.954,-8.943],[124.604,-9.156],[123.991,-9.348],[123.884,-9.458],[122.625,-9.488],[120.657,-9.867],[120.478,-9.641],[120.271,-9.643],[120.229,-9.492],[120.094,-9.461],[119.959,-9.29],[119.799,-9.384],[119.268,-9.364],[119.025,-9.438],[118.935,-9.553],[119.083,-9.711],[119.634,-9.769],[120.052,-10.115],[119.788,-10.337],[119.461,-10.844],[113.573,-17.589],[110.638,-20.616],[109.547,-18.522],[108.26,-16.997],[107.781,-16.249],[104.095,-9.259],[103.199,-8.24],[100.847,-6.205],[100.005,-5.146],[99.682,-4.352],[99.26,-2.386],[98.976,-1.73],[99.244,-1.779],[99.2,-1.628],[99.274,-1.738],[99.287,-1.654],[98.938,-0.96],[98.883,-0.913],[98.65,-1.006],[94.887,2.684],[94.691,3.194],[94.132,3.876],[92.647,4.946],[90.0,7.463720390720387],[90.0,21.999214285714285],[90.052,21.989],[90.148,22.111],[90.206,22.133],[90.236,22.199],[90.216,22.123],[90.045,21.966],[90.024,21.862],[90.126,21.932],[90.093,21.83],[90.218,21.813],[90.413,22.178],[90.394,22.288],[90.439,22.076],[90.619,22.356],[90.56,22.562],[90.473,22.576],[90.442,22.494],[90.493,22.71],[90.373,22.761],[90.476,22.884],[90.54,22.897],[90.51,22.918],[90.468,22.996],[90.449,23.056],[90.454,23.072],[90.559,23.111],[90.572,23.082],[90.607,23.247],[90.428,23.326],[90.25,23.466],[90.552,23.385],[90.577,23.539],[90.486,23.566],[90.605,23.581],[90.603,23.495],[90.707,23.494],[90.6,23.45],[90.667,23.268],[90.629,23.064],[90.836,22.685],[90.985,22.574],[91.018,22.683],[91.089,22.544],[91.203,22.543],[91.264,22.641],[91.182,22.726],[91.317,22.697],[91.49,22.883],[91.462,22.762],[91.676,22.535],[91.787,22.238],[91.791,22.302],[91.863,22.35],[91.813,22.18],[91.95,21.884],[91.899,21.789],[91.99,21.795],[91.984,21.65],[92.029,21.705],[92.018,21.493],[91.95,21.458],[92.045,21.171],[92.326,20.739],[92.261,20.94],[92.265,21.061],[92.381,20.7],[92.731,20.259],[92.635,20.698],[92.769,20.455],[92.827,20.495],[92.943,20.321],[92.772,20.201],[92.898,20.136],[93.049,20.491],[93.043,20.365],[93.1,20.431],[92.99,20.155],[93.121,20.212],[92.97,20.129],[93.135,19.834],[93.132,20.007],[93.238,19.821],[93.128,20.095],[93.272,20.048],[93.341,20.102],[93.362,20.026],[93.382,20.089],[93.423,19.965],[93.526,19.999],[93.581,19.881],[93.74,19.925],[93.601,19.719],[93.752,19.766],[93.761,19.675],[93.807,19.746],[93.8,19.656],[93.731,19.633],[93.991,19.457],[93.981,19.372],[93.93,19.3],[93.797,19.235],[93.553,19.431],[93.483,19.351],[93.679,19.02],[93.93,18.859],[93.984,18.968],[93.91,19.191],[93.973,19.146],[94.033,19.205],[94.025,19.287],[94.067,19.389],[94.038,18.859],[94.149,18.868],[94.279,18.739],[94.149,18.731],[94.417,18.314],[94.328,18.259],[94.458,18.156],[94.447,17.973],[94.615,17.546],[94.56,17.582],[94.594,17.292],[94.546,17.32],[94.538,17.187],[94.454,17.18],[94.465,16.95],[94.382,16.901],[94.341,16.548],[94.268,16.527],[94.24,15.976],[94.428,16.074],[94.521,16.295],[94.63,16.344],[94.628,16.26],[94.677,16.532],[94.732,16.361],[94.663,16.08],[94.567,15.935],[94.794,16.162],[94.601,15.921],[94.721,15.857],[94.869,16.041],[94.855,16.16],[94.992,16.251],[94.863,16.128],[94.924,16.039],[94.835,15.949],[94.896,15.847],[94.847,15.791],[95.034,15.806],[95.071,16.075],[95.136,16.148],[95.226,16.12],[95.098,16.025],[95.126,15.818],[95.213,15.787],[95.362,16.148],[95.288,15.74],[95.416,15.723],[95.665,15.949],[95.725,16.223],[95.798,16.145],[96.068,16.31],[96.007,16.387],[96.119,16.322],[96.321,16.415],[96.171,16.772],[96.287,16.813],[96.226,16.761],[96.266,16.597],[96.436,16.478],[96.679,16.575],[96.911,17.025],[96.849,17.213],[96.911,17.317],[96.822,17.395],[96.87,17.435],[97.069,17.251],[97.131,17.079],[97.158,17.129],[97.261,17.107],[97.157,17.087],[97.183,16.922],[97.37,16.484],[97.423,16.523],[97.74,16.559],[97.637,16.477],[97.569,16.062],[97.727,15.843],[97.795,15.408],[97.726,15.34],[97.823,15.209],[97.795,14.88],[97.85,14.724],[97.95,14.799],[98.028,14.648],[97.886,14.684],[98.11,14.168],[98.062,14.01],[98.144,13.537],[98.192,14.065],[98.245,13.714],[98.578,13.187],[98.618,12.766],[98.693,12.725],[98.623,12.558],[98.71,12.512],[98.605,12.429],[98.707,12.348],[98.539,12.242],[98.703,12.238],[98.63,12.132],[98.721,11.998],[98.664,11.92],[98.549,11.879],[98.707,11.879],[98.604,11.804],[98.674,11.685],[98.809,11.851],[98.783,11.755],[98.844,11.729],[98.72,11.557],[98.759,11.269],[98.658,11.132],[98.712,10.924],[98.582,10.882],[98.631,10.851],[98.528,10.693],[98.459,10.715],[98.543,9.987],[98.746,10.329],[98.631,9.953],[98.513,9.837],[98.583,9.843],[98.463,9.604],[98.531,9.566],[98.457,9.549],[98.322,9.209],[98.382,9.072],[98.333,9.026],[98.391,9.035],[98.22,8.726],[98.247,8.515],[98.198,8.556],[98.281,8.226],[98.425,8.148],[98.428,8.317],[98.655,8.38],[98.624,8.281],[98.703,8.299],[98.77,8.024],[98.918,8.051],[99.07,7.925],[99.033,7.723],[99.091,7.692],[99.131,7.767],[99.293,7.621],[99.378,7.321],[99.471,7.28],[99.508,7.385],[99.55,7.302],[99.604,7.376],[99.558,7.197],[99.748,7.126],[99.686,6.877],[99.868,6.763],[100.063,6.507],[100.104,6.533],[100.349,6.013],[100.433,5.29],[100.365,5.084],[100.617,4.793],[100.604,4.666],[100.666,4.67],[100.594,4.611],[100.646,4.56],[100.565,4.319],[100.633,4.155],[100.871,4.019],[100.706,3.984],[100.709,3.883],[100.845,3.851],[100.812,3.787],[101.041,3.622],[101.298,3.275],[101.373,3.002],[101.286,2.85],[101.774,2.587],[101.865,2.395],[101.989,2.395],[102.154,2.236],[102.527,2.071],[102.699,1.859],[103.367,1.538],[103.516,1.27],[103.548,1.382],[103.698,1.451],[104.01,1.449],[103.966,1.648],[104.053,1.506],[104.148,1.545],[104.059,1.485],[104.114,1.368],[104.277,1.367],[104.295,1.447],[103.814,2.581],[103.638,2.672],[103.441,2.922],[103.482,3.512],[103.339,3.758],[103.496,4.306],[103.443,4.817],[103.028,5.486],[102.521,5.872],[102.338,6.177],[102.152,6.203],[101.808,6.465],[101.557,6.842],[101.292,6.955],[101.351,6.876],[100.998,6.857],[100.765,6.983],[100.585,7.224],[100.556,7.145],[100.424,7.171],[100.179,7.531],[100.145,7.719],[100.211,7.781],[100.321,7.708],[100.273,7.531],[100.406,7.528],[100.426,7.268],[100.575,7.209],[100.44,7.477],[100.22,8.449],[100.181,8.501],[100.131,8.515],[100.144,8.389],[99.967,8.606],[99.854,9.295],[99.689,9.316],[99.378,9.193],[99.234,9.278],[99.324,9.392],[99.148,9.767],[99.152,10.103],[99.255,10.234],[99.152,10.357],[99.285,10.364],[99.24,10.522],[99.443,10.87],[99.512,10.866],[99.496,11.133],[99.586,11.195],[99.642,11.523],[100.02,12.193],[99.96,12.668],[100.104,13.057],[99.967,13.259],[100.001,13.372],[100.275,13.517],[100.556,13.511],[100.583,13.574],[100.95,13.468],[100.858,12.653],[100.974,12.598],[101.088,12.681],[101.418,12.596],[101.766,12.706],[102.057,12.468],[102.009,12.565],[102.064,12.571],[102.228,12.324],[102.206,12.436],[102.296,12.413],[102.292,12.318],[102.352,12.367],[102.263,12.29],[102.29,12.194],[102.582,12.049],[102.572,12.208],[102.75,12.04],[102.955,11.57],[102.893,11.83],[102.982,11.714],[103.023,11.735],[103.076,11.714],[102.986,11.703],[102.969,11.638],[102.989,11.673],[103.043,11.625],[102.955,11.557],[103.03,11.543],[103.037,11.605],[103.174,11.426],[103.064,11.447],[103.152,11.318],[103.058,11.221],[103.127,10.881],[103.402,10.884],[103.501,11.146],[103.722,10.895],[103.689,10.741],[103.567,10.727],[103.502,10.617],[103.624,10.501],[103.821,10.544],[103.866,10.699],[103.946,10.588],[104.53,10.402],[104.613,10.144],[104.739,10.231],[105.003,10.092],[105.1,9.974],[105.113,9.857],[105.077,9.943],[104.872,9.793],[104.775,8.818],[104.922,8.809],[104.853,8.713],[104.963,8.719],[104.72,8.614],[104.856,8.566],[105.101,8.634],[105.539,9.129],[106.193,9.369],[106.197,9.541],[105.819,10.008],[106.385,9.548],[106.563,9.614],[106.575,9.739],[106.121,10.241],[106.638,9.826],[106.696,9.897],[106.462,10.036],[106.292,10.262],[106.649,9.974],[106.798,10.157],[106.422,10.317],[106.791,10.285],[106.741,10.468],[106.69,10.433],[106.656,10.474],[106.615,10.437],[106.597,10.433],[106.582,10.453],[106.733,10.522],[106.748,10.674],[106.882,10.652],[106.943,10.601],[106.964,10.467],[106.991,10.625],[106.998,10.549],[107.026,10.535],[107.002,10.617],[107.004,10.664],[107.021,10.66],[107.033,10.526],[106.991,10.481],[107.176,10.477],[107.272,10.378],[107.824,10.692],[107.998,10.699],[108.106,10.918],[108.3,10.913],[108.531,11.153],[108.729,11.182],[108.821,11.324],[109.018,11.356],[109.02,11.633],[109.136,11.57],[109.243,11.736],[109.205,11.868],[109.126,11.864],[109.208,11.977],[109.177,12.129],[109.219,12.016],[109.225,11.879],[109.294,11.871],[109.184,12.194],[109.242,12.305],[109.15,12.44],[109.297,12.351],[109.346,12.396],[109.205,12.646],[109.359,12.797],[109.342,12.66],[109.403,12.687],[109.44,12.565],[109.472,12.656],[109.369,12.825],[109.465,12.913],[109.307,13.133],[109.307,13.353],[109.232,13.393],[109.245,13.485],[109.307,13.407],[109.34,13.465],[109.21,13.631],[109.294,13.53],[109.237,13.865],[109.27,13.756],[109.303,13.831],[110.531,13.511],[111.192,13.439],[111.865,13.508],[113.186,13.96],[114.636,14.8],[114.986,15.153],[115.107,15.469],[115.301,15.703],[116.357,16.579],[117.566,17.368],[118.846,18.787],[119.284,19.167],[119.982,19.985],[120.443,20.401],[120.666,20.801],[122.198,22.773],[123.205,23.576],[125.274,24.833],[125.298,24.726],[124.602,23.326],[124.188,21.802],[124.138,20.782],[124.28,18.366],[124.162,17.304],[123.84,16.408],[122.754,14.33],[122.416,14.325],[122.3,14.092],[122.252,14.25],[122.163,14.168],[122.314,14.016],[122.183,13.989],[122.232,13.906],[121.936,13.995],[121.732,14.188],[121.608,14.63],[121.725,14.731],[121.379,15.308],[121.629,15.661],[121.578,15.932],[122.135,16.261],[121.998,16.031],[122.204,16.237],[122.204,16.435],[122.529,17.091],[122.417,17.146],[122.415,17.319],[122.251,17.36],[122.157,17.619],[122.17,18.1],[122.325,18.337],[122.235,18.515],[122.153,18.519],[122.112,18.393],[121.917,18.279],[121.645,18.369],[121.65,18.314],[121.107,18.643],[120.927,18.566],[120.813,18.645],[120.771,18.561],[120.591,18.522],[120.334,17.556],[120.444,17.388],[120.434,16.982],[120.276,16.612],[120.402,16.206],[120.363,16.055],[120.119,16.056],[120.088,16.157],[119.902,16.251],[119.916,16.381],[119.782,16.322],[119.756,15.945],[119.895,15.874],[119.867,15.743],[119.964,15.514],[119.888,15.429],[120.005,15.269],[120.08,14.804],[120.176,14.757],[120.209,14.88],[120.292,14.826],[120.253,14.699],[120.467,14.421],[120.598,14.506],[120.536,14.723],[120.586,14.903],[120.642,14.787],[120.902,14.719],[120.98,14.557],[120.573,14.175],[120.65,13.784],[120.705,13.927],[120.877,13.912],[120.887,13.694],[121.004,13.781],[121.039,13.633],[121.279,13.595],[121.464,13.695],[121.485,13.852],[121.725,13.969],[122.093,13.781],[122.468,13.412],[122.373,12.793],[122.335,12.473],[122.296,12.087],[122.296,12.085],[122.296,12.083],[122.295,12.08]],[[97.486,1.477],[97.35,1.545],[97.258,1.424],[97.064,1.415],[97.247,1.267],[97.395,0.945],[97.614,0.824],[97.704,0.573],[97.827,0.563],[97.939,0.986],[97.486,1.477]],[[96.424,2.511],[96.375,2.474],[96.158,2.68],[96.103,2.655],[96.126,2.734],[95.792,2.943],[95.693,2.813],[95.791,2.655],[96.043,2.592],[96.481,2.364],[96.424,2.511]],[[93.814,7.242],[93.676,7.182],[93.649,7.013],[93.765,6.924],[93.813,6.754],[93.903,6.808],[93.929,7.012],[93.814,7.242]],[[92.483,10.886],[92.377,10.784],[92.378,10.541],[92.513,10.508],[92.565,10.849],[92.483,10.886]],[[92.979,13.33],[93.078,13.397],[93.012,13.578],[92.847,13.345],[92.835,13.002],[92.737,12.807],[92.783,12.665],[92.718,12.362],[92.793,12.208],[92.682,12.22],[92.618,11.866],[92.571,11.933],[92.525,11.857],[92.717,11.494],[92.761,11.664],[92.684,11.65],[92.799,11.899],[92.762,11.94],[92.737,11.879],[92.757,12.077],[92.894,12.205],[92.915,12.338],[92.847,12.434],[92.936,12.42],[92.991,12.519],[92.964,12.865],[92.876,12.917],[92.953,12.971],[92.937,13.067],[92.998,13.044],[93.079,13.26],[92.979,13.33]],[[94.643,16.246],[94.39,16.001],[94.403,15.839],[94.63,16.075],[94.643,16.246]],[[97.504,16.508],[97.459,16.301],[97.571,16.223],[97.606,16.484],[97.504,16.508]],[[93.75,18.865],[93.484,18.875],[93.645,18.679],[93.747,18.709],[93.75,18.865]],[[93.688,19.559],[93.642,19.492],[93.774,19.299],[93.896,19.301],[93.971,19.417],[93.688,19.559]],[[91.936,21.781],[91.848,21.689],[91.895,21.507],[91.982,21.588],[91.936,21.781]],[[91.092,22.391],[91.005,22.117],[91.121,22.13],[91.181,22.284],[91.092,22.391]],[[90.855,22.435],[90.631,22.786],[90.559,22.603],[90.647,22.548],[90.688,22.378],[90.604,22.044],[90.682,22.103],[90.658,21.993],[90.828,22.152],[90.855,22.435]],[[102.394,-5.376],[102.172,-5.28],[102.099,-5.335],[102.39,-5.477],[102.394,-5.376]],[[100.381,-3.153],[100.465,-3.133],[100.468,-3.015],[100.227,-2.773],[100.189,-2.967],[100.478,-3.315],[100.381,-3.153]],[[99.984,-2.485],[100.008,-2.82],[100.139,-2.82],[100.201,-2.678],[99.984,-2.485]],[[99.694,-2.068],[99.565,-2.031],[99.528,-2.145],[99.604,-2.266],[99.858,-2.375],[99.694,-2.068]],[[98.429,-0.244],[98.275,-0.525],[98.494,-0.566],[98.507,-0.365],[98.429,-0.244]],[[100.813,2.04],[100.434,2.273],[100.211,2.706],[100.121,2.664],[100.126,2.53],[100.055,2.727],[99.974,2.703],[100.012,2.679],[100.008,2.603],[99.953,2.696],[99.98,2.948],[99.751,3.18],[98.797,3.725],[98.677,3.915],[98.306,4.08],[98.263,4.177],[98.179,4.108],[98.266,4.212],[98.276,4.425],[97.997,4.546],[97.909,4.89],[97.526,5.242],[97.227,5.146],[96.973,5.273],[96.407,5.217],[96.088,5.295],[95.888,5.512],[95.612,5.627],[95.432,5.655],[95.213,5.573],[95.199,5.293],[95.565,4.638],[96.198,4.121],[96.48,3.779],[96.884,3.682],[97.405,2.943],[97.603,2.866],[97.658,2.412],[97.744,2.281],[97.956,2.272],[98.535,1.936],[98.691,1.736],[98.774,1.749],[98.823,1.63],[98.71,1.564],[99.1,0.602],[99.138,0.263],[99.341,0.239],[99.747,-0.03],[99.824,-0.313],[100.301,-0.816],[100.416,-1.048],[100.406,-1.264],[100.569,-1.331],[100.654,-1.618],[100.858,-1.892],[100.834,-2.159],[100.923,-2.333],[101.105,-2.587],[101.327,-2.739],[101.611,-3.225],[102.222,-3.643],[102.313,-3.991],[103.415,-4.869],[103.705,-4.955],[103.891,-5.104],[103.901,-5.219],[104.561,-5.928],[104.716,-5.921],[104.551,-5.508],[104.681,-5.507],[105.163,-5.786],[105.18,-5.58],[105.28,-5.444],[105.73,-5.897],[105.83,-5.655],[105.91,-4.943],[105.906,-4.469],[105.813,-4.239],[105.952,-3.834],[105.82,-3.673],[105.9,-3.407],[106.073,-3.256],[106.028,-2.983],[105.81,-2.899],[105.778,-2.69],[105.618,-2.595],[105.624,-2.402],[104.98,-2.326],[104.929,-2.375],[104.883,-2.285],[104.731,-2.591],[104.531,-2.773],[104.713,-2.558],[104.71,-2.371],[104.606,-2.402],[104.757,-2.33],[104.883,-2.126],[104.815,-2.008],[104.589,-2.019],[104.637,-1.922],[104.564,-1.858],[104.497,-1.936],[104.538,-1.761],[104.377,-1.032],[104.212,-1.073],[103.956,-0.977],[103.829,-1.073],[103.346,-0.696],[103.416,-0.575],[103.373,-0.449],[103.418,-0.518],[103.598,-0.437],[103.346,-0.367],[103.489,-0.212],[103.271,-0.258],[103.576,-0.104],[103.577,-0.014],[103.802,-0.007],[103.743,0.277],[103.362,0.536],[102.903,0.268],[102.546,0.169],[102.43,0.246],[102.582,0.181],[103.075,0.442],[103.056,0.558],[102.877,0.726],[102.552,0.738],[102.425,0.804],[102.209,1.024],[102.118,1.387],[101.749,1.662],[101.427,1.709],[101.317,2.025],[101.05,2.291],[100.841,2.281],[100.823,2.116],[100.947,1.825],[100.813,2.04]],[[102.764,1.011],[102.622,1.002],[102.489,1.133],[102.501,0.953],[102.407,0.873],[102.558,0.78],[102.895,0.79],[103.003,0.698],[103.022,0.845],[102.764,1.011]],[[103.167,0.859],[103.037,1.045],[102.802,1.163],[102.625,1.022],[102.774,1.035],[103.086,0.841],[103.167,0.859]],[[102.217,1.409],[102.239,1.082],[102.369,0.935],[102.447,0.963],[102.473,1.242],[102.217,1.409]],[[103.832,1.447],[103.695,1.421],[103.64,1.322],[103.888,1.301],[104.003,1.374],[103.832,1.447]],[[102.51,1.277],[102.463,1.515],[102.008,1.615],[102.135,1.456],[102.315,1.421],[102.51,1.277]],[[101.682,2.109],[101.418,2.044],[101.397,1.909],[101.491,1.737],[101.715,1.778],[101.776,1.948],[101.682,2.109]],[[100.343,5.418],[100.293,5.463],[100.179,5.458],[100.195,5.272],[100.289,5.263],[100.343,5.418]],[[99.851,6.466],[99.645,6.436],[99.729,6.261],[99.916,6.332],[99.851,6.466]],[[98.439,8.083],[98.281,8.192],[98.292,7.777],[98.44,7.887],[98.439,8.083]],[[98.371,11.789],[98.432,11.567],[98.535,11.529],[98.544,11.799],[98.371,11.789]],[[98.391,12.362],[98.471,12.556],[98.316,12.687],[98.302,12.338],[98.391,12.362]],[[108.198,-2.678],[107.834,-2.525],[107.67,-2.561],[107.547,-2.917],[107.611,-2.918],[107.603,-3.229],[107.815,-3.167],[107.87,-3.052],[107.981,-3.24],[108.064,-3.231],[108.211,-3.136],[108.294,-2.848],[108.198,-2.678]],[[106.396,-2.482],[106.289,-2.393],[106.179,-1.888],[106.042,-1.584],[105.914,-1.494],[105.696,-1.532],[105.813,-1.793],[105.663,-1.74],[105.703,-1.655],[105.566,-1.532],[105.35,-1.649],[105.402,-1.783],[105.136,-1.966],[105.147,-2.08],[105.306,-2.135],[105.566,-2.067],[105.78,-2.151],[105.829,-2.395],[105.944,-2.499],[105.908,-2.675],[105.987,-2.821],[106.436,-2.971],[106.532,-3.106],[106.752,-3.074],[106.604,-2.91],[106.738,-2.614],[106.833,-2.567],[106.396,-2.482]],[[104.593,-0.448],[104.47,-0.332],[104.339,-0.428],[104.333,-0.346],[104.256,-0.476],[104.356,-0.662],[104.511,-0.614],[104.593,-0.448]],[[104.849,-0.14],[104.766,-0.188],[104.537,0.021],[104.447,-0.221],[104.541,-0.271],[104.713,-0.209],[104.935,-0.332],[105.011,-0.282],[104.849,-0.14]],[[104.232,1.093],[104.271,1.004],[104.485,1.034],[104.421,0.957],[104.487,0.937],[104.449,0.922],[104.484,0.893],[104.489,0.875],[104.483,0.859],[104.6,0.835],[104.616,0.906],[104.576,1.225],[104.232,1.093]],[[103.903,1.091],[103.956,1.01],[104.105,1.033],[104.116,1.187],[103.903,1.091]],[[103.993,10.45],[103.846,10.371],[104.051,10.008],[104.085,10.354],[103.993,10.45]],[[119.042,-8.63],[118.988,-8.309],[118.754,-8.326],[118.667,-8.547],[118.647,-8.289],[118.463,-8.249],[118.312,-8.371],[118.15,-8.134],[117.918,-8.086],[117.741,-8.148],[117.712,-8.241],[118.282,-8.642],[118.068,-8.656],[117.969,-8.748],[117.805,-8.72],[117.623,-8.438],[117.592,-8.515],[117.558,-8.405],[117.443,-8.411],[117.434,-8.481],[117.195,-8.358],[116.838,-8.508],[116.749,-8.667],[116.824,-8.799],[116.728,-8.963],[117.01,-9.107],[117.192,-9.024],[117.389,-9.054],[117.725,-8.912],[118.158,-8.868],[118.415,-8.583],[118.387,-8.796],[118.465,-8.865],[118.714,-8.8],[118.932,-8.846],[118.702,-8.748],[118.898,-8.688],[119.11,-8.754],[119.182,-8.688],[119.167,-8.56],[119.042,-8.63]],[[116.376,-8.202],[116.028,-8.445],[116.088,-8.737],[115.849,-8.725],[115.829,-8.792],[116.019,-8.908],[116.069,-8.856],[116.403,-8.954],[116.423,-8.836],[116.447,-8.92],[116.589,-8.863],[116.5,-8.803],[116.735,-8.353],[116.376,-8.202]],[[115.338,-8.104],[115.173,-8.055],[114.858,-8.193],[114.452,-8.095],[114.574,-8.362],[114.927,-8.467],[115.156,-8.662],[115.113,-8.845],[115.229,-8.83],[115.212,-8.728],[115.714,-8.375],[115.338,-8.104]],[[117.664,-8.148],[117.487,-8.183],[117.485,-8.35],[117.567,-8.364],[117.693,-8.184],[117.664,-8.148]],[[110.715,-8.193],[111.017,-8.255],[111.103,-8.207],[111.162,-8.282],[111.425,-8.269],[111.696,-8.371],[111.792,-8.257],[112.673,-8.447],[113.241,-8.281],[113.98,-8.62],[114.303,-8.612],[114.385,-8.665],[114.367,-8.741],[114.625,-8.741],[114.445,-8.603],[114.406,-8.447],[114.377,-8.519],[114.467,-7.831],[114.389,-7.758],[114.046,-7.612],[113.786,-7.726],[113.529,-7.7],[113.323,-7.786],[113.133,-7.728],[112.761,-7.531],[112.823,-7.263],[112.604,-7.193],[112.684,-7.175],[112.583,-6.871],[112.084,-6.906],[111.976,-6.785],[111.74,-6.782],[111.493,-6.623],[111.366,-6.712],[111.144,-6.692],[111.011,-6.421],[110.671,-6.5],[110.572,-6.836],[110.381,-6.976],[110.178,-6.856],[109.941,-6.923],[109.493,-6.802],[109.352,-6.876],[109.021,-6.789],[108.945,-6.849],[108.605,-6.762],[108.54,-6.487],[108.36,-6.246],[108.187,-6.231],[108.094,-6.327],[107.885,-6.187],[107.678,-6.238],[107.47,-6.145],[107.354,-5.976],[107.044,-5.914],[107.005,-6.072],[106.793,-6.104],[106.685,-6.012],[106.47,-6.034],[106.299,-5.945],[106.159,-6.01],[106.053,-5.881],[105.867,-6.11],[105.782,-6.512],[105.644,-6.482],[105.49,-6.809],[105.364,-6.665],[105.217,-6.772],[105.275,-6.849],[105.979,-6.818],[106.333,-7.001],[106.511,-6.964],[106.541,-7.055],[106.386,-7.231],[106.398,-7.378],[107.411,-7.496],[107.865,-7.745],[108.454,-7.819],[108.54,-7.692],[108.673,-7.721],[108.873,-7.611],[109.014,-7.733],[109.098,-7.687],[109.906,-7.838],[110.715,-8.193]],[[113.924,-6.865],[113.067,-6.881],[112.842,-6.909],[112.693,-7.059],[112.726,-7.159],[113.128,-7.231],[113.122,-7.139],[113.166,-7.22],[113.513,-7.248],[113.61,-7.129],[113.873,-7.129],[113.91,-7.048],[114.125,-6.982],[113.924,-6.865]],[[115.379,-6.835],[115.255,-6.838],[115.214,-6.928],[115.293,-7.008],[115.444,-6.91],[115.572,-6.931],[115.379,-6.835]],[[116.268,-3.219],[116.119,-3.324],[116.046,-3.497],[116.057,-4.041],[116.333,-3.75],[116.268,-3.219]],[[109.739,-0.999],[109.459,-0.985],[109.426,-1.267],[109.78,-1.132],[109.739,-0.999]],[[119.205,5.443],[118.948,5.389],[118.651,5.636],[118.565,5.526],[118.594,5.682],[118.365,5.814],[117.96,5.687],[117.908,5.785],[117.921,5.809],[118.125,5.864],[118.003,6.065],[117.774,5.908],[117.469,5.869],[117.669,5.973],[117.6,6.198],[117.723,6.255],[117.727,6.451],[117.534,6.621],[117.459,6.548],[117.296,6.636],[117.257,6.938],[117.15,7.003],[117.031,6.931],[116.974,6.708],[116.784,6.592],[116.859,6.818],[116.766,7.025],[116.503,6.495],[116.106,6.126],[116.051,5.842],[115.931,5.763],[115.849,5.56],[115.605,5.52],[115.605,5.636],[115.393,5.413],[115.365,5.307],[115.605,5.212],[115.557,5.067],[115.37,4.911],[115.211,4.96],[115.048,4.802],[114.982,4.889],[115.058,5.054],[114.327,4.607],[113.976,4.595],[113.947,4.274],[113.434,3.753],[113.008,3.162],[111.67,2.843],[111.447,2.695],[111.423,2.54],[111.521,2.491],[111.405,2.484],[111.493,2.346],[111.365,2.341],[111.221,2.416],[111.185,2.145],[111.378,2.162],[111.206,2.069],[111.096,1.774],[111.267,1.627],[111.095,1.688],[111.006,1.584],[111.065,1.463],[111.384,1.354],[111.142,1.372],[110.793,1.572],[110.763,1.48],[110.678,1.449],[110.727,1.547],[110.466,1.621],[110.508,1.741],[110.39,1.699],[110.329,1.803],[110.291,1.674],[109.928,1.692],[109.693,1.873],[109.645,2.083],[109.341,1.936],[109.272,1.694],[109.073,1.534],[108.986,1.216],[109.266,1.395],[109.143,1.251],[108.924,1.164],[108.981,0.956],[108.855,0.832],[108.921,0.34],[109.3,0.01],[109.157,0.02],[109.225,-0.237],[109.046,-0.246],[109.139,-0.529],[109.401,-0.597],[109.355,-0.648],[109.507,-0.716],[109.263,-0.667],[109.273,-0.854],[109.391,-0.912],[109.526,-0.862],[109.677,-0.984],[109.764,-0.871],[109.74,-0.968],[109.935,-1.113],[109.93,-1.223],[110.061,-1.346],[110.034,-1.646],[109.904,-1.826],[110.093,-1.95],[110.16,-2.436],[110.281,-2.518],[110.157,-2.621],[110.263,-3.003],[110.549,-2.868],[110.662,-3.081],[110.794,-2.944],[110.956,-2.879],[110.754,-3.026],[110.986,-3.087],[111.363,-2.923],[111.57,-3.016],[111.703,-2.944],[111.673,-2.895],[111.754,-2.739],[111.833,-3.062],[111.809,-3.533],[111.905,-3.572],[112.203,-3.33],[112.638,-3.417],[113.021,-3.163],[112.941,-3.106],[113.035,-2.923],[113.351,-3.272],[113.303,-3.163],[113.366,-3.253],[113.612,-3.174],[113.632,-3.457],[114.042,-3.356],[114.118,-3.19],[114.108,-3.347],[114.187,-3.382],[114.365,-3.212],[114.264,-3.398],[114.477,-3.501],[114.55,-3.348],[114.522,-3.519],[114.611,-3.684],[114.607,-4.132],[114.664,-4.184],[115.968,-3.609],[116.111,-3.246],[116.265,-3.137],[116.106,-2.998],[116.138,-2.823],[116.212,-2.93],[116.229,-3.002],[116.288,-2.987],[116.393,-2.574],[116.297,-2.608],[116.304,-2.526],[116.518,-2.554],[116.603,-2.224],[116.283,-2.169],[116.458,-2.042],[116.467,-1.907],[116.425,-1.766],[116.222,-1.79],[116.54,-1.623],[116.568,-1.447],[116.762,-1.365],[116.791,-1.244],[116.736,-1.221],[116.743,-1.025],[116.82,-1.261],[116.958,-1.24],[117.282,-0.809],[117.339,-0.901],[117.627,-0.771],[117.483,-0.7],[117.551,-0.69],[117.63,-0.419],[117.441,-0.525],[117.497,-0.35],[117.435,-0.24],[117.53,-0.032],[117.47,0.109],[117.743,0.741],[117.903,0.837],[118.033,0.8],[117.894,1.113],[118.097,0.909],[118.384,0.805],[118.798,0.805],[119.012,0.976],[118.613,1.351],[118.456,1.395],[118.425,1.486],[117.924,1.819],[117.873,1.99],[117.75,2.031],[117.9,2.05],[117.826,2.107],[117.915,2.093],[118.058,2.22],[118.082,2.337],[117.826,2.607],[117.784,2.758],[117.62,2.826],[117.736,2.902],[117.544,2.922],[117.685,2.963],[117.565,2.984],[117.617,3.086],[117.27,3.234],[117.36,3.244],[117.447,3.435],[117.243,3.491],[117.2,3.555],[117.199,3.616],[117.031,3.594],[117.091,3.646],[117.51,3.607],[117.469,3.792],[117.547,3.664],[117.761,3.644],[117.829,3.722],[117.702,3.779],[117.777,3.799],[117.523,3.936],[117.689,3.921],[117.373,4.17],[117.519,4.122],[117.627,4.176],[117.656,4.424],[117.983,4.231],[118.557,4.364],[118.646,4.437],[118.6,4.519],[118.497,4.508],[118.477,4.601],[118.278,4.695],[118.136,4.882],[118.357,5.039],[118.499,4.931],[119.267,5.201],[119.205,5.443]],[[108.225,4.245],[107.985,4.012],[108.062,3.856],[108.262,3.792],[108.28,3.732],[108.187,3.792],[108.094,3.696],[108.3,3.676],[108.404,3.936],[108.225,4.245]],[[117.896,4.181],[117.648,4.241],[117.839,4.04],[117.935,4.06],[117.896,4.181]],[[117.27,7.349],[117.068,7.28],[117.072,7.102],[117.262,7.202],[117.27,7.349]],[[116.962,8.062],[116.996,7.808],[117.086,7.921],[117.076,8.07],[116.962,8.062]],[[119.415,-8.443],[119.374,-8.734],[119.47,-8.741],[119.457,-8.597],[119.57,-8.498],[119.415,-8.443]],[[123.028,-8.297],[122.876,-8.07],[122.74,-8.222],[122.94,-8.193],[122.881,-8.286],[122.598,-8.395],[122.485,-8.484],[122.477,-8.595],[122.288,-8.634],[122.04,-8.515],[122.019,-8.426],[121.893,-8.493],[121.625,-8.467],[121.502,-8.602],[120.976,-8.337],[120.422,-8.227],[119.991,-8.447],[119.867,-8.413],[119.806,-8.741],[119.907,-8.872],[120.165,-8.769],[120.279,-8.829],[120.578,-8.79],[120.748,-8.871],[120.833,-8.817],[120.995,-8.941],[121.341,-8.918],[121.396,-8.794],[121.581,-8.818],[121.646,-8.906],[122.115,-8.732],[122.449,-8.734],[122.807,-8.611],[122.804,-8.438],[122.905,-8.447],[122.904,-8.363],[123.028,-8.297]],[[120.48,-5.764],[120.429,-6.186],[120.481,-6.477],[120.559,-6.023],[120.48,-5.764]],[[120.199,5.35],[119.822,5.131],[119.819,5.06],[120.121,5.218],[120.217,5.115],[120.199,5.35]],[[121.218,5.999],[121.115,6.095],[120.872,5.961],[120.934,5.886],[121.389,5.91],[121.403,5.999],[121.218,5.999]],[[119.591,10.672],[119.603,10.824],[119.505,10.885],[119.572,11.015],[119.502,11.423],[119.388,11.187],[119.415,11.056],[119.335,11.103],[119.32,11.001],[119.468,10.733],[119.292,10.933],[119.223,10.942],[119.345,10.724],[119.278,10.508],[119.135,10.388],[119.12,10.488],[119.002,10.398],[119.025,10.31],[118.816,10.189],[118.832,10.084],[118.779,10.056],[118.772,10.131],[118.134,9.343],[117.656,9.058],[117.264,8.61],[117.191,8.338],[117.513,8.507],[117.566,8.661],[117.755,8.69],[118.014,8.888],[118.137,9.131],[118.354,9.183],[118.498,9.314],[118.756,9.668],[118.701,9.776],[118.778,9.734],[118.774,9.934],[119.196,10.056],[119.356,10.329],[119.576,10.381],[119.725,10.519],[119.591,10.672]],[[119.85,10.645],[119.753,10.54],[119.806,10.446],[120.0,10.58],[119.85,10.645]],[[119.854,11.954],[119.929,11.776],[120.005,11.783],[119.967,11.664],[120.067,11.742],[120.031,11.924],[119.854,11.954]],[[120.23,12.219],[120.196,12.112],[119.885,12.323],[119.848,12.167],[119.895,12.208],[119.984,12.026],[120.263,11.998],[120.348,12.067],[120.23,12.219]],[[121.483,13.015],[121.553,13.111],[121.436,13.146],[121.197,13.441],[121.122,13.372],[120.977,13.53],[120.322,13.488],[120.328,13.397],[120.452,13.42],[120.515,13.231],[120.665,13.156],[120.798,12.729],[120.981,12.423],[121.143,12.31],[121.114,12.251],[121.245,12.214],[121.396,12.29],[121.547,12.637],[121.483,13.015]],[[123.642,-8.223],[123.589,-8.374],[123.518,-8.353],[123.568,-8.248],[123.414,-8.267],[123.37,-8.317],[123.486,-8.351],[123.227,-8.526],[123.583,-8.566],[123.572,-8.472],[123.939,-8.232],[123.642,-8.223]],[[124.27,-8.179],[124.109,-8.385],[124.044,-8.305],[123.907,-8.455],[124.019,-8.43],[124.108,-8.554],[124.3,-8.319],[124.27,-8.179]],[[123.349,-8.269],[123.142,-8.25],[123.021,-8.358],[123.289,-8.404],[123.349,-8.269]],[[125.134,-8.217],[124.952,-8.15],[124.603,-8.207],[124.475,-8.133],[124.392,-8.265],[124.548,-8.231],[124.334,-8.413],[124.428,-8.467],[125.123,-8.352],[125.134,-8.217]],[[126.627,-7.56],[126.328,-7.696],[125.969,-7.66],[125.774,-8.008],[126.054,-7.885],[126.466,-7.967],[126.713,-7.747],[126.84,-7.739],[126.627,-7.56]],[[121.916,-5.054],[121.807,-5.26],[121.997,-5.463],[122.064,-5.19],[121.916,-5.054]],[[123.047,-5.137],[122.95,-5.19],[122.964,-4.993],[123.052,-4.74],[123.15,-4.718],[123.211,-4.842],[123.217,-4.711],[123.041,-4.384],[122.855,-4.61],[122.834,-4.929],[122.753,-5.034],[122.804,-5.044],[122.758,-5.207],[122.815,-5.211],[122.567,-5.507],[122.654,-5.678],[122.736,-5.627],[122.813,-5.688],[122.918,-5.527],[122.876,-5.458],[123.218,-5.284],[123.047,-5.137]],[[122.691,-4.612],[122.327,-4.835],[122.403,-5.062],[122.28,-5.37],[122.451,-5.315],[122.407,-5.353],[122.469,-5.396],[122.511,-5.287],[122.543,-5.429],[122.598,-5.42],[122.661,-5.055],[122.781,-4.939],[122.691,-4.612]],[[123.234,-4.015],[123.016,-3.981],[122.951,-4.047],[123.009,-4.172],[123.169,-4.221],[123.234,-4.015]],[[128.035,-3.589],[127.912,-3.703],[127.986,-3.772],[128.221,-3.649],[128.129,-3.77],[128.331,-3.512],[128.035,-3.589]],[[127.269,-3.386],[127.063,-3.334],[127.084,-3.194],[126.72,-3.06],[126.017,-3.171],[126.007,-3.361],[126.203,-3.631],[126.697,-3.864],[127.243,-3.606],[127.269,-3.386]],[[126.076,-2.463],[125.933,-1.965],[125.863,-2.087],[125.985,-2.431],[126.076,-2.463]],[[126.345,-1.818],[125.402,-1.775],[125.335,-1.851],[125.432,-1.95],[126.272,-1.867],[126.345,-1.818]],[[125.298,-1.741],[125.208,-1.791],[125.131,-1.685],[125.048,-1.765],[124.527,-1.626],[124.385,-1.668],[124.329,-1.871],[124.453,-2.012],[125.318,-1.883],[125.298,-1.741]],[[128.159,-1.637],[127.714,-1.345],[127.428,-1.415],[127.379,-1.632],[127.433,-1.686],[128.091,-1.71],[128.159,-1.637]],[[123.407,-1.219],[123.232,-1.395],[123.183,-1.142],[122.899,-1.184],[122.807,-1.402],[122.896,-1.59],[123.152,-1.301],[123.185,-1.486],[123.111,-1.577],[123.243,-1.632],[123.289,-1.422],[123.408,-1.517],[123.529,-1.433],[123.551,-1.285],[123.407,-1.219]],[[127.653,-0.707],[127.604,-0.617],[127.688,-0.481],[127.579,-0.325],[127.517,-0.302],[127.446,-0.415],[127.317,-0.34],[127.295,-0.494],[127.47,-0.641],[127.458,-0.816],[127.626,-0.752],[127.787,-0.87],[127.898,-0.767],[127.653,-0.707]],[[121.752,-0.401],[121.642,-0.546],[121.875,-0.506],[121.896,-0.428],[121.752,-0.401]],[[127.297,-0.282],[127.11,-0.288],[127.124,-0.485],[127.252,-0.497],[127.297,-0.282]],[[122.075,6.74],[121.811,6.645],[121.962,6.405],[122.189,6.451],[122.329,6.614],[122.075,6.74]],[[121.996,12.593],[121.924,12.339],[122.012,12.105],[122.115,12.666],[121.996,12.593]],[[121.859,13.565],[121.817,13.342],[121.993,13.202],[122.122,13.448],[121.859,13.565]],[[122.058,14.983],[122.005,15.039],[121.833,15.035],[121.94,14.64],[122.024,14.723],[121.996,14.964],[122.005,14.99],[122.058,14.983]],[[130.817,-3.434],[130.667,-3.404],[130.588,-3.129],[130.345,-2.978],[129.965,-2.974],[129.541,-2.78],[129.4,-2.792],[129.177,-2.958],[129.053,-2.804],[128.175,-2.857],[128.07,-2.971],[128.104,-3.067],[127.842,-3.173],[127.93,-3.323],[127.926,-3.553],[128.166,-3.067],[128.179,-3.194],[128.484,-3.462],[128.678,-3.432],[128.877,-3.203],[128.982,-3.252],[128.961,-3.356],[129.486,-3.463],[129.563,-3.44],[129.51,-3.303],[129.89,-3.333],[130.002,-3.473],[130.825,-3.824],[130.873,-3.574],[130.817,-3.434]],[[130.344,-1.928],[130.44,-1.836],[130.343,-1.677],[129.715,-1.881],[130.126,-2.067],[130.338,-1.95],[130.434,-1.963],[130.344,-1.928]],[[130.892,-0.89],[130.65,-0.974],[130.758,-1.238],[130.983,-1.349],[131.053,-0.932],[130.892,-0.89]],[[130.804,-0.757],[130.818,-0.819],[130.479,-0.8],[130.4,-0.929],[130.884,-0.82],[130.925,-0.781],[130.804,-0.757]]],[[[90.01,22.49],[90.0,22.473834586466158],[90.0,22.48481751824817],[90.01,22.49]]],[[[90.053,22.155],[90.078,22.164],[90.0,22.00800000000001],[90.0,22.071714285714283],[90.053,22.155]]],[[[135.346,-0.415],[138.185,0.299],[138.681,0.558],[139.301,1.07],[139.678,1.48],[140.041,2.079],[140.389,2.987],[140.537,3.974],[140.259,5.757],[140.177,6.804],[140.158,8.36],[140.251,9.928],[140.646,12.777],[141.252,15.444],[141.686,16.991],[142.418,19.055],[144.142,22.927],[144.517,23.418],[145.826,24.564],[146.057,24.987],[147.719,23.589],[148.826,22.537],[150.558,20.362],[161.955,12.812],[165.117,10.606],[179.902,4.32],[179.925,-11.807],[179.987,-16.149],[179.856,-16.231],[179.764,-16.181],[179.52,-16.245],[179.404,-16.408],[178.917,-16.471],[178.801,-16.636],[178.534,-16.629],[178.586,-16.665],[178.479,-16.766],[178.636,-16.807],[178.734,-17.007],[178.91,-16.848],[179.027,-16.923],[179.065,-16.799],[179.266,-16.69],[179.351,-16.731],[179.297,-16.807],[179.582,-16.807],[179.726,-16.718],[179.911,-16.766],[179.95,-16.73],[179.849,-16.662],[179.939,-16.463],[179.548,-16.766],[179.479,-16.697],[179.987,-16.18],[179.985,-16.814],[179.89,-16.954],[179.985,-16.981],[179.985,-20.523],[179.724,-20.369],[179.408,-19.5],[179.124,-19.062],[178.895,-18.916],[178.059,-18.733],[177.42,-18.132],[177.894,-18.273],[178.168,-18.248],[178.39,-18.102],[178.589,-18.136],[178.711,-17.992],[178.595,-17.926],[178.591,-17.631],[178.348,-17.44],[178.245,-17.471],[178.286,-17.384],[178.19,-17.301],[177.956,-17.403],[177.82,-17.417],[177.83,-17.364],[177.663,-17.498],[177.631,-17.439],[177.389,-17.641],[177.435,-17.743],[177.362,-17.835],[177.27,-17.923],[177.219,-17.849],[176.932,-17.322],[176.651,-16.472],[176.499,-14.905],[176.192,-14.123],[174.805,-12.286],[174.336,-11.924],[173.902,-11.711],[172.363,-11.257],[171.642,-11.225],[171.308,-11.344],[170.938,-11.61],[170.47,-12.092],[170.249,-12.441],[170.124,-12.875],[170.099,-13.437],[170.392,-15.43],[170.423,-16.259],[170.29,-16.898],[169.664,-18.61],[169.626,-19.27],[169.743,-20.571],[169.194,-19.856],[168.522,-19.224],[167.212,-18.499],[166.771,-18.147],[166.276,-17.471],[165.313,-15.668],[164.75,-14.929],[163.983,-14.092],[163.122,-13.523],[160.827,-12.629],[158.963,-12.167],[157.964,-12.12],[155.761,-12.258],[154.858,-12.165],[154.255,-11.956],[153.667,-11.621],[153.778,-11.609],[153.706,-11.527],[152.657,-11.087],[150.471,-10.634],[150.693,-10.557],[150.647,-10.477],[150.362,-10.4],[150.366,-10.327],[150.653,-10.338],[150.874,-10.225],[150.627,-10.278],[150.602,-10.207],[149.855,-10.015],[149.731,-9.809],[150.049,-9.685],[149.441,-9.591],[149.227,-9.487],[149.183,-9.368],[149.334,-9.145],[149.309,-9.017],[149.142,-8.975],[148.758,-9.104],[148.586,-9.064],[148.445,-8.675],[148.23,-8.555],[148.146,-8.046],[147.727,-7.932],[147.487,-7.616],[147.188,-7.463],[147.073,-7.014],[146.956,-6.955],[146.963,-6.747],[147.854,-6.691],[147.827,-6.335],[147.449,-5.962],[147.116,-5.969],[146.461,-5.599],[145.76,-5.477],[145.801,-4.842],[145.346,-4.39],[145.078,-4.357],[144.868,-4.099],[144.558,-3.979],[144.513,-3.818],[144.31,-3.798],[144.239,-3.869],[144.021,-3.803],[143.523,-3.436],[142.063,-3.06],[142.01,-2.96],[141.885,-2.964],[141.193,-2.615],[140.724,-2.634],[140.745,-2.499],[140.608,-2.439],[140.377,-2.395],[140.332,-2.456],[140.158,-2.321],[139.781,-2.355],[137.883,-1.47],[137.124,-1.797],[137.102,-1.888],[137.234,-2.061],[137.178,-2.106],[136.749,-2.252],[136.533,-2.19],[136.381,-2.234],[136.266,-2.56],[136.023,-2.708],[135.927,-2.966],[135.505,-3.348],[135.002,-3.336],[134.819,-3.136],[134.851,-2.9],[134.701,-2.959],[134.638,-2.511],[134.546,-2.463],[134.484,-2.539],[134.533,-2.834],[134.464,-2.862],[134.165,-2.32],[134.087,-1.683],[134.282,-1.35],[134.036,-0.958],[134.172,-0.864],[133.977,-0.723],[133.573,-0.751],[133.317,-0.653],[135.346,-0.415]],[[150.848,-9.654],[150.841,-9.714],[150.931,-9.652],[150.798,-9.426],[150.506,-9.338],[150.424,-9.389],[150.514,-9.547],[150.43,-9.624],[150.848,-9.654]],[[150.334,-9.282],[150.19,-9.212],[150.108,-9.361],[150.252,-9.502],[150.335,-9.471],[150.334,-9.282]],[[148.072,-5.632],[147.782,-5.495],[147.805,-5.664],[148.025,-5.842],[148.072,-5.632]],[[147.206,-5.25],[147.134,-5.191],[147.018,-5.244],[147.099,-5.424],[147.215,-5.43],[147.206,-5.25]],[[152.412,-4.684],[152.361,-4.507],[152.412,-4.329],[152.186,-4.309],[152.178,-4.211],[152.246,-4.235],[152.185,-4.143],[152.009,-4.192],[151.965,-4.331],[151.817,-4.214],[151.54,-4.177],[151.679,-4.9],[151.612,-4.966],[151.369,-4.903],[151.083,-5.164],[151.013,-5.411],[150.917,-5.486],[150.81,-5.443],[150.634,-5.557],[150.474,-5.448],[150.307,-5.561],[150.161,-5.547],[150.032,-5.295],[150.202,-5.062],[150.113,-5.008],[150.013,-5.086],[150.026,-5.225],[149.917,-5.349],[149.985,-5.421],[149.911,-5.515],[149.718,-5.569],[149.67,-5.479],[149.499,-5.589],[149.224,-5.599],[148.978,-5.465],[148.848,-5.541],[148.652,-5.481],[148.556,-5.54],[148.43,-5.445],[148.329,-5.684],[148.386,-5.775],[148.764,-5.863],[148.868,-5.993],[149.053,-6.007],[149.053,-6.162],[149.321,-6.055],[149.488,-6.12],[149.635,-6.308],[150.421,-6.286],[150.796,-6.12],[150.821,-6.014],[151.183,-5.964],[151.533,-5.665],[151.464,-5.534],[151.834,-5.593],[152.099,-5.456],[152.147,-5.346],[151.978,-5.149],[151.974,-4.984],[152.232,-4.983],[152.412,-4.684]],[[150.447,-2.484],[150.208,-2.375],[149.959,-2.463],[150.177,-2.676],[150.458,-2.653],[150.447,-2.484]],[[147.431,-2.061],[147.442,-1.99],[147.381,-1.962],[147.416,-2.046],[146.658,-1.963],[146.581,-1.995],[146.617,-2.107],[146.52,-2.15],[146.572,-2.228],[146.728,-2.177],[146.702,-2.114],[147.206,-2.186],[147.327,-2.046],[147.431,-2.061]],[[136.899,-1.795],[136.191,-1.654],[135.422,-1.611],[136.266,-1.909],[136.899,-1.795]],[[149.793,-1.58],[149.725,-1.429],[149.581,-1.346],[149.547,-1.482],[149.793,-1.58]],[[136.385,-1.108],[136.196,-1.067],[135.869,-0.704],[135.778,-0.749],[135.37,-0.636],[135.459,-0.793],[135.661,-0.887],[135.765,-0.839],[135.885,-1.183],[136.201,-1.208],[136.385,-1.108]],[[144.952,13.587],[144.881,13.654],[144.624,13.431],[144.681,13.247],[144.952,13.587]],[[162.393,-10.827],[162.272,-10.814],[162.288,-10.692],[162.114,-10.456],[161.836,-10.447],[161.3,-10.207],[161.285,-10.324],[161.511,-10.365],[161.525,-10.564],[161.792,-10.735],[162.32,-10.84],[162.393,-10.827]],[[151.284,-9.928],[151.109,-10.037],[150.764,-9.703],[150.907,-9.997],[150.993,-9.994],[150.958,-10.105],[151.232,-10.2],[151.284,-9.928]],[[160.645,-9.937],[160.826,-9.837],[160.628,-9.582],[160.366,-9.413],[159.94,-9.433],[159.744,-9.26],[159.616,-9.295],[159.602,-9.522],[159.836,-9.794],[160.32,-9.815],[160.645,-9.937]],[[161.409,-9.466],[161.401,-9.67],[161.559,-9.789],[161.545,-9.605],[161.368,-9.351],[161.409,-9.466]],[[153.012,-9.149],[152.794,-9.003],[152.452,-8.945],[152.389,-8.991],[152.421,-9.084],[152.452,-8.965],[152.472,-9.045],[152.705,-9.145],[152.644,-9.183],[152.736,-9.26],[152.744,-9.181],[152.967,-9.257],[152.945,-9.175],[153.012,-9.149]],[[161.386,-9.622],[161.238,-9.292],[161.285,-9.186],[161.151,-8.95],[160.947,-8.814],[160.997,-8.604],[160.759,-8.317],[160.601,-8.325],[160.868,-9.152],[161.386,-9.622]],[[158.124,-8.53],[157.961,-8.522],[157.879,-8.683],[158.039,-8.757],[158.124,-8.53]],[[151.044,-8.727],[151.143,-8.831],[151.129,-8.419],[150.999,-8.518],[151.122,-8.583],[151.044,-8.727]],[[157.337,-8.582],[157.414,-8.498],[157.348,-8.413],[157.201,-8.566],[157.312,-8.696],[157.414,-8.727],[157.337,-8.582]],[[157.886,-8.583],[157.907,-8.491],[157.838,-8.337],[157.746,-8.229],[157.64,-8.241],[157.606,-8.008],[157.441,-7.98],[157.225,-8.218],[157.228,-8.317],[157.55,-8.261],[157.632,-8.388],[157.565,-8.324],[157.578,-8.436],[157.886,-8.583]],[[159.9,-8.551],[159.758,-8.398],[159.842,-8.326],[159.403,-7.982],[159.086,-7.904],[158.752,-7.593],[158.452,-7.532],[158.585,-7.669],[158.585,-7.754],[158.948,-8.049],[159.627,-8.358],[159.9,-8.551]],[[157.002,-8.087],[157.167,-8.136],[157.17,-7.91],[156.989,-7.888],[157.002,-8.087]],[[156.815,-7.735],[156.571,-7.569],[156.516,-7.72],[156.721,-7.932],[156.815,-7.735]],[[157.525,-7.31],[157.386,-7.323],[157.187,-7.179],[157.043,-6.897],[156.548,-6.611],[156.454,-6.631],[156.461,-6.733],[157.015,-7.283],[157.428,-7.418],[157.525,-7.31]],[[155.912,-6.809],[155.964,-6.702],[155.829,-6.386],[155.639,-6.178],[155.591,-6.22],[155.452,-6.137],[155.37,-5.957],[155.213,-5.87],[155.069,-5.552],[154.892,-5.555],[154.7,-5.431],[154.77,-5.559],[154.7,-5.767],[154.756,-5.948],[154.991,-6.209],[155.215,-6.317],[155.173,-6.528],[155.33,-6.72],[155.697,-6.877],[155.916,-6.727],[155.912,-6.809]],[[154.727,-5.211],[154.624,-5.013],[154.536,-5.137],[154.644,-5.449],[154.727,-5.211]],[[153.137,-4.269],[152.823,-3.871],[152.575,-3.821],[152.506,-3.657],[152.425,-3.657],[152.053,-3.247],[151.814,-3.187],[151.437,-2.909],[151.216,-2.869],[150.813,-2.556],[150.892,-2.698],[150.76,-2.711],[150.76,-2.769],[151.091,-2.833],[151.809,-3.361],[152.289,-3.57],[152.688,-4.164],[152.69,-4.548],[152.898,-4.848],[153.137,-4.269]],[[169.502,-19.528],[169.366,-19.47],[169.353,-19.328],[169.261,-19.328],[169.219,-19.49],[169.417,-19.655],[169.502,-19.528]],[[169.275,-18.999],[169.337,-18.935],[169.193,-18.787],[169.248,-18.734],[169.078,-18.618],[168.995,-18.67],[168.987,-18.877],[169.275,-18.999]],[[168.584,-17.684],[168.439,-17.537],[168.293,-17.538],[168.154,-17.706],[168.309,-17.731],[168.247,-17.787],[168.501,-17.807],[168.584,-17.684]],[[168.192,-16.814],[168.474,-16.848],[168.185,-16.575],[168.127,-16.652],[168.192,-16.814]],[[167.844,-16.458],[167.774,-16.46],[167.772,-16.336],[167.398,-16.087],[167.336,-15.909],[167.185,-15.891],[167.147,-16.083],[167.375,-16.193],[167.459,-16.568],[167.844,-16.458]],[[168.14,-16.362],[168.33,-16.306],[168.172,-16.08],[167.913,-16.233],[168.14,-16.362]],[[168.204,-15.534],[168.155,-15.463],[168.122,-15.702],[168.204,-15.992],[168.268,-15.949],[168.204,-15.534]],[[167.679,-15.461],[167.862,-15.477],[168.002,-15.282],[167.804,-15.32],[167.679,-15.461]],[[167.247,-15.498],[167.144,-15.128],[167.041,-15.025],[167.083,-14.929],[166.965,-14.951],[166.92,-15.156],[166.813,-15.16],[166.747,-14.82],[166.598,-14.625],[166.523,-14.832],[166.649,-15.218],[166.619,-15.395],[166.771,-15.645],[167.247,-15.498]],[[167.595,-14.179],[167.414,-14.186],[167.401,-14.305],[167.548,-14.313],[167.595,-14.179]],[[167.389,-13.804],[167.485,-13.942],[167.589,-13.848],[167.503,-13.717],[167.389,-13.804]],[[166.143,-10.669],[165.878,-10.657],[165.756,-10.812],[165.862,-10.869],[166.143,-10.669]]],[[[149.591,-10.408],[149.331,-10.307],[149.748,-10.338],[149.923,-10.488],[149.955,-10.426],[150.082,-10.461],[149.918,-10.506],[149.591,-10.408]]],[[[122.531,13.692],[122.518,13.626],[122.416,13.962],[122.594,13.904],[122.531,13.692]]]]},"properties":{"realm":13,"name":"Tropical Indo-Pacific (East Indies) & coastal Indian Ocean","group":6,"group_name":"Mid-Atlantic, Pacific and Indian Oceans, coastal tropics and warm-temperate areas","pct_unique":31,"species":16508,"color":"#d34563","area_km2":33307917}},{"type":"Feature","geometry":{"type":"Polygon","coordinates":[[[47.106,12.027],[47.257,11.442],[47.198,11.085],[46.646,10.748],[46.37,10.697],[46.238,10.792],[45.769,10.878],[44.962,10.416],[44.389,10.397],[43.83,10.803],[43.488,11.239],[43.489,11.381],[43.267,11.462],[43.152,11.612],[42.539,11.503],[42.527,11.582],[42.668,11.569],[42.777,11.732],[43.056,11.804],[43.399,12.03],[43.329,12.489],[43.162,12.643],[43.029,12.879],[42.928,12.79],[42.781,12.852],[42.73,13.033],[42.534,13.233],[42.379,13.223],[42.288,13.575],[42.185,13.667],[42.224,13.554],[42.107,13.644],[41.97,13.846],[41.677,13.94],[41.167,14.637],[40.766,14.695],[40.695,14.896],[40.513,15.017],[40.287,14.913],[40.159,14.982],[40.027,15.237],[40.08,15.341],[39.875,15.504],[39.773,15.391],[39.855,15.173],[39.811,15.079],[39.716,15.094],[39.611,15.5],[39.458,15.525],[39.437,15.812],[39.294,15.929],[39.056,17.034],[38.584,18.077],[38.391,18.224],[38.217,18.218],[38.276,18.242],[38.306,18.307],[38.152,18.249],[38.076,18.348],[38.122,18.413],[37.926,18.585],[37.758,18.629],[37.675,18.741],[37.54,18.716],[37.434,18.862],[37.244,19.576],[37.175,20.349],[37.228,20.565],[37.105,21.208],[37.23,21.128],[37.252,21.006],[37.313,21.058],[36.888,21.65],[36.84,21.966],[36.895,22.066],[36.44,22.356],[36.226,22.635],[35.848,22.763],[35.675,22.967],[35.575,23.213],[35.548,23.394],[35.489,23.497],[35.484,23.918],[35.514,23.977],[35.793,23.902],[35.494,24.109],[35.145,24.5],[34.547,25.725],[33.941,26.654],[33.948,26.831],[33.996,26.897],[33.837,27.121],[33.838,27.243],[33.496,27.647],[33.592,27.647],[33.473,27.823],[33.592,27.791],[33.554,27.896],[32.869,28.579],[32.807,28.778],[32.625,28.973],[32.591,29.35],[32.338,29.592],[32.494,29.951],[32.572,29.943],[32.557,29.976],[32.578,30.011],[32.715,29.456],[33.171,29.003],[33.229,28.569],[33.763,28.024],[34.25,27.729],[34.214,27.791],[34.435,27.976],[34.407,28.308],[34.625,28.736],[34.737,29.311],[34.997,29.534],[34.778,28.665],[34.804,28.527],[34.574,28.094],[34.613,28.03],[34.709,28.14],[34.805,28.071],[35.052,28.12],[35.216,28.054],[35.164,28.009],[36.032,26.907],[36.513,26.111],[36.696,26.022],[36.702,25.78],[36.936,25.646],[37.242,25.175],[37.257,24.871],[37.149,24.851],[37.457,24.441],[37.429,24.367],[37.866,24.15],[37.948,24.207],[37.935,24.139],[38.453,23.784],[38.798,23.15],[38.8,22.999],[39.013,22.767],[39.07,22.366],[39.143,22.403],[39.006,22.002],[38.931,22.006],[39.109,21.748],[39.171,21.404],[39.081,21.315],[39.174,21.109],[39.76,20.351],[39.941,20.259],[39.903,20.308],[40.084,20.279],[40.535,19.962],[40.657,19.76],[40.745,19.777],[40.76,19.609],[40.945,19.506],[41.069,19.125],[41.177,19.067],[41.136,18.937],[41.249,18.834],[41.21,18.698],[41.436,18.47],[41.493,18.224],[41.788,17.834],[42.302,17.454],[42.363,17.025],[42.357,17.182],[42.712,16.731],[42.843,16.052],[42.83,15.893],[42.692,15.702],[42.809,15.268],[42.795,15.209],[42.712,15.366],[42.683,15.246],[42.61,15.244],[42.864,15.136],[42.937,14.948],[42.946,14.811],[42.884,14.884],[43.021,14.442],[42.984,14.52],[42.959,14.513],[43.281,13.722],[43.226,13.284],[43.473,12.847],[43.468,12.684],[43.601,12.756],[43.946,12.598],[44.416,12.67],[44.611,12.82],[44.881,12.73],[44.872,12.804],[45.015,12.859],[44.979,12.782],[45.039,12.756],[45.118,12.962],[45.403,13.07],[45.666,13.342],[46.476,13.413],[47.106,12.027]],[[40.308,15.697],[40.164,15.644],[40.136,15.806],[40.096,15.785],[40.092,15.85],[39.951,15.894],[40.037,15.838],[39.93,15.74],[40.081,15.661],[39.937,15.702],[39.979,15.607],[40.394,15.572],[40.308,15.697]],[[42.104,16.792],[41.953,16.733],[41.757,16.896],[41.955,16.67],[42.086,16.694],[42.156,16.585],[42.104,16.792]]]},"properties":{"realm":14,"name":"Red Sea","group":6,"group_name":"Mid-Atlantic, Pacific and Indian Oceans, coastal tropics and warm-temperate areas","pct_unique":74,"species":997,"color":"#7be083","area_km2":564351}},{"type":"Feature","geometry":{"type":"MultiPolygon","coordinates":[[[[-180.0,-27.985],[-180.0,-21.722],[-179.404,-24.784],[-179.241,-26.515],[-179.288,-27.211],[-179.429,-27.764],[-179.666,-28.182],[-180.0,-28.466],[-180.0,-27.985]]],[[[180.0,-29.107],[178.377,-28.969],[176.652,-29.008],[173.282,-29.432],[170.923,-29.64],[170.32,-29.794],[169.709,-30.073],[168.514,-30.988],[166.637,-32.937],[165.006,-34.979],[164.362,-36.559],[162.979,-38.574],[162.062,-40.415],[161.143,-41.766],[160.766,-42.579],[160.193,-44.302],[159.848,-45.102],[159.469,-45.687],[158.641,-46.611],[158.068,-47.793],[157.938,-48.624],[157.967,-48.901],[158.134,-49.25],[157.273,-48.466],[155.888,-47.478],[155.161,-47.056],[153.489,-46.278],[151.995,-45.703],[150.036,-45.534],[149.937,-43.335],[150.018,-42.707],[150.195,-42.206],[150.592,-41.686],[151.415,-40.981],[153.46,-39.91],[153.818,-39.614],[154.305,-39.033],[154.656,-38.412],[154.887,-37.654],[154.83,-36.277],[154.892,-35.841],[155.191,-35.185],[155.68,-34.524],[156.27,-33.957],[156.87,-33.557],[157.315,-33.421],[158.643,-33.222],[159.572,-32.697],[159.967,-32.274],[160.754,-30.614],[161.542,-29.47],[162.573,-28.34],[164.011,-27.009],[165.961,-25.557],[166.174,-25.464],[166.945,-25.381],[168.031,-24.916],[168.659,-24.477],[169.165,-23.933],[169.659,-22.941],[169.802,-22.251],[169.865,-21.233],[169.645,-19.579],[169.66,-18.606],[170.406,-16.435],[170.376,-15.333],[170.099,-13.546],[170.144,-12.742],[170.313,-12.265],[170.882,-11.657],[171.358,-11.31],[171.705,-11.21],[172.079,-11.207],[172.983,-11.414],[174.182,-11.84],[174.82,-12.302],[175.884,-13.646],[176.405,-14.567],[176.528,-15.14],[176.631,-16.399],[176.95,-17.365],[177.307,-18.081],[178.085,-18.738],[178.511,-18.859],[178.499,-18.925],[178.531,-18.861],[178.77,-18.886],[179.058,-19.002],[179.396,-19.471],[179.729,-20.387],[179.976,-20.516],[180.0,-29.107]],[[178.337,-18.927],[177.951,-19.13],[178.179,-19.157],[178.195,-19.047],[178.307,-18.997],[178.417,-19.048],[178.475,-18.961],[178.337,-18.927]]]]},"properties":{"realm":15,"name":"Tasman Sea to SW Pacific","group":6,"group_name":"Mid-Atlantic, Pacific and Indian Oceans, coastal tropics and warm-temperate areas","pct_unique":57,"species":1468,"color":"#7b45d3","area_km2":3595694}},{"type":"Feature","geometry":{"type":"Polygon","coordinates":[[[142.7,-8.261],[142.958,-8.337],[143.629,-8.23],[143.56,-8.045],[143.364,-7.896],[143.506,-7.994],[143.898,-8.028],[143.804,-7.933],[143.941,-7.994],[143.941,-7.93],[143.746,-7.524],[143.681,-7.502],[143.639,-7.452],[143.646,-7.438],[143.766,-7.506],[143.851,-7.652],[144.215,-7.796],[144.276,-7.768],[144.229,-7.658],[144.334,-7.689],[144.311,-7.61],[144.367,-7.744],[144.508,-7.798],[144.407,-7.514],[144.514,-7.672],[144.522,-7.496],[144.604,-7.657],[144.654,-7.561],[144.825,-7.683],[144.852,-7.569],[144.88,-7.782],[145.184,-7.806],[145.442,-7.944],[145.791,-7.912],[145.798,-8.007],[146.1,-8.083],[146.363,-8.561],[146.606,-8.802],[146.548,-8.892],[146.602,-9.006],[146.873,-9.107],[146.975,-9.033],[146.888,-9.132],[146.895,-9.268],[147.07,-9.473],[147.122,-9.431],[147.31,-9.539],[147.717,-10.098],[147.868,-10.043],[147.977,-10.166],[148.155,-10.071],[148.402,-10.2],[148.639,-10.188],[148.689,-10.105],[148.748,-10.235],[149.368,-10.276],[149.509,-10.365],[149.748,-10.338],[149.923,-10.488],[149.955,-10.426],[150.082,-10.461],[149.855,-10.55],[150.211,-10.701],[150.43,-10.688],[150.685,-10.541],[150.866,-10.623],[150.774,-10.598],[150.793,-10.64],[150.882,-10.653],[150.891,-10.576],[150.984,-10.591],[150.924,-10.608],[150.924,-10.68],[151.073,-10.606],[151.074,-10.606],[152.32,-10.849],[153.09,-11.133],[154.358,-11.865],[155.062,-12.076],[156.023,-12.135],[158.359,-11.996],[159.495,-12.143],[161.334,-12.666],[163.391,-13.527],[164.253,-14.188],[165.26,-15.419],[166.334,-17.381],[166.764,-17.975],[167.215,-18.349],[168.539,-19.083],[169.207,-19.705],[169.624,-20.256],[169.854,-20.998],[169.805,-22.225],[169.676,-22.896],[169.274,-23.75],[168.917,-24.223],[168.065,-24.897],[166.96,-25.376],[166.174,-25.464],[165.961,-25.557],[164.123,-26.906],[162.573,-28.34],[161.562,-29.441],[160.775,-30.575],[160.152,-31.902],[159.785,-32.503],[159.22,-32.962],[158.832,-33.156],[158.258,-33.326],[157.189,-33.448],[156.646,-33.685],[155.661,-34.545],[155.002,-35.546],[155.008,-35.101],[154.83,-34.779],[154.252,-34.263],[153.691,-33.92],[152.415,-33.508],[151.918,-33.468],[151.398,-33.582],[151.315,-33.549],[151.429,-33.522],[151.504,-33.36],[151.454,-33.304],[151.569,-33.292],[151.799,-32.894],[152.185,-32.767],[152.061,-32.698],[152.219,-32.697],[152.295,-32.56],[152.54,-32.442],[152.546,-32.044],[152.747,-31.843],[153.06,-31.077],[153.089,-30.906],[152.988,-30.735],[153.295,-29.827],[153.351,-29.281],[153.606,-28.867],[153.591,-28.268],[153.404,-27.97],[153.446,-27.791],[153.065,-27.31],[153.117,-27.197],[153.038,-27.193],[153.21,-27.077],[153.074,-26.317],[153.206,-25.935],[153.122,-25.934],[153.084,-25.836],[153.062,-25.818],[153.021,-25.969],[153.021,-25.825],[152.884,-25.674],[152.966,-25.497],[152.962,-25.437],[152.87,-25.476],[152.914,-25.288],[152.568,-25.179],[152.637,-25.16],[152.47,-24.806],[152.123,-24.592],[151.78,-24.023],[151.721,-24.059],[151.641,-23.978],[151.692,-24.098],[151.551,-24.091],[151.187,-23.804],[151.011,-23.567],[150.814,-23.509],[150.882,-23.489],[150.737,-22.933],[150.826,-22.698],[150.773,-22.53],[150.732,-22.628],[150.678,-22.563],[150.76,-22.47],[150.678,-22.358],[150.664,-22.419],[150.618,-22.334],[150.544,-22.367],[150.609,-22.611],[150.194,-22.379],[150.054,-22.142],[149.924,-22.298],[150.047,-22.645],[149.813,-22.378],[149.663,-22.494],[149.697,-22.344],[149.588,-22.282],[149.435,-21.79],[149.487,-21.536],[149.429,-21.584],[149.395,-21.504],[149.292,-21.511],[149.341,-21.424],[149.197,-21.22],[149.231,-21.09],[149.027,-20.976],[149.056,-20.899],[148.827,-20.891],[148.844,-20.778],[148.66,-20.572],[148.701,-20.439],[148.937,-20.535],[148.782,-20.241],[148.683,-20.274],[148.648,-20.165],[148.611,-20.214],[148.56,-20.053],[148.444,-20.062],[148.464,-20.185],[148.402,-20.199],[148.265,-20.083],[148.279,-19.966],[147.929,-19.898],[147.824,-19.714],[147.751,-19.692],[147.785,-19.835],[147.684,-19.828],[147.565,-19.705],[147.559,-19.538],[147.445,-19.342],[147.402,-19.304],[147.421,-19.413],[147.134,-19.411],[147.024,-19.177],[146.905,-19.305],[146.333,-18.959],[146.271,-18.852],[146.339,-18.527],[146.209,-18.513],[146.183,-18.38],[146.01,-18.237],[146.148,-17.633],[145.882,-17.06],[145.955,-16.873],[145.839,-16.882],[145.774,-16.988],[145.723,-16.8],[145.4,-16.443],[145.462,-16.06],[145.244,-15.428],[145.349,-15.25],[145.236,-15.166],[145.346,-14.943],[145.223,-14.833],[145.031,-14.806],[144.901,-14.614],[144.678,-14.556],[144.633,-14.34],[144.58,-14.364],[144.486,-14.162],[144.304,-14.313],[144.201,-14.25],[144.162,-14.373],[143.941,-14.511],[143.783,-14.402],[143.687,-14.014],[143.53,-13.75],[143.598,-13.524],[143.503,-13.075],[143.544,-12.833],[143.359,-12.881],[143.434,-12.613],[143.295,-12.535],[143.253,-12.389],[143.077,-12.329],[143.086,-12.149],[143.249,-11.968],[142.992,-11.934],[142.862,-11.837],[142.872,-11.383],[142.778,-11.054],[142.742,-10.975],[142.666,-11.003],[142.615,-10.868],[142.502,-10.948],[142.615,-10.745],[142.449,-10.715],[142.34,-10.89],[142.151,-10.951],[142.132,-11.338],[141.948,-11.896],[142.033,-12.041],[141.92,-12.106],[141.913,-11.955],[141.831,-12.006],[141.753,-12.208],[141.81,-12.236],[141.717,-12.233],[141.591,-12.541],[141.7,-12.544],[141.659,-12.448],[141.745,-12.455],[141.694,-12.503],[141.798,-12.58],[141.931,-12.566],[141.974,-12.585],[141.823,-12.654],[142.008,-12.715],[141.905,-12.757],[141.939,-12.908],[141.81,-12.668],[141.584,-12.986],[141.694,-13.251],[141.468,-13.865],[141.598,-14.115],[141.522,-14.484],[141.659,-15.094],[141.44,-15.649],[141.378,-15.929],[141.431,-16.062],[141.293,-16.496],[140.947,-17.018],[140.845,-17.441],[140.507,-17.636],[140.117,-17.716],[139.24,-17.323],[139.158,-17.033],[139.008,-16.895],[138.184,-16.697],[137.746,-16.252],[137.361,-16.122],[136.992,-15.864],[136.926,-15.935],[136.716,-15.936],[136.595,-15.711],[136.273,-15.56],[136.225,-15.409],[135.448,-14.916],[135.368,-14.723],[135.523,-14.652],[135.759,-14.265],[135.909,-14.195],[135.923,-13.96],[136.078,-13.663],[135.887,-13.714],[135.855,-13.456],[135.969,-13.426],[135.883,-13.326],[136.008,-13.216],[136.053,-13.312],[136.148,-13.122],[136.159,-13.263],[136.249,-13.13],[136.308,-13.163],[136.333,-13.047],[136.388,-13.226],[136.322,-13.308],[136.472,-13.242],[136.567,-13.058],[136.497,-12.975],[136.657,-12.996],[136.472,-12.774],[136.559,-12.745],[136.611,-12.83],[136.608,-12.715],[136.69,-12.713],[136.761,-12.574],[136.74,-12.476],[136.806,-12.456],[136.771,-12.541],[136.984,-12.345],[136.761,-12.164],[136.686,-12.184],[136.679,-12.205],[136.745,-12.266],[136.664,-12.264],[136.47,-11.986],[136.578,-11.917],[136.572,-11.896],[136.177,-12.171],[136.363,-12.223],[136.285,-12.416],[136.034,-12.466],[135.985,-12.363],[136.06,-12.232],[135.935,-12.214],[136.053,-12.064],[135.732,-12.311],[135.652,-12.203],[135.916,-11.968],[135.717,-12.003],[135.903,-11.85],[135.9,-11.759],[135.775,-11.919],[135.593,-11.965],[135.581,-12.058],[135.712,-12.018],[135.588,-12.099],[135.366,-12.088],[135.223,-12.191],[135.338,-12.246],[135.17,-12.228],[135.218,-12.301],[134.861,-12.127],[134.769,-11.948],[134.594,-12.064],[134.285,-11.968],[134.186,-12.076],[134.138,-11.879],[134.087,-11.928],[134.056,-11.845],[133.943,-11.914],[133.844,-11.855],[133.916,-11.722],[133.532,-11.866],[133.532,-11.749],[133.167,-11.704],[132.911,-11.332],[132.895,-11.419],[132.674,-11.508],[132.475,-11.234],[132.378,-11.283],[132.343,-11.122],[132.285,-11.268],[132.148,-11.137],[132.236,-11.339],[132.175,-11.406],[132.115,-11.209],[131.986,-11.129],[131.983,-11.226],[131.882,-11.172],[131.768,-11.311],[131.976,-11.351],[132.106,-11.523],[132.37,-11.435],[132.495,-11.476],[132.696,-11.653],[132.593,-11.784],[132.635,-12.067],[132.758,-12.133],[132.564,-12.092],[132.44,-12.155],[132.449,-12.3],[132.388,-12.38],[132.38,-12.216],[132.278,-12.228],[132.251,-12.156],[132.058,-12.307],[131.897,-12.216],[131.448,-12.29],[131.296,-12.044],[131.257,-12.236],[131.026,-12.147],[131.051,-12.373],[130.907,-12.332],[130.825,-12.401],[130.969,-12.537],[130.874,-12.514],[130.969,-12.627],[130.9,-12.64],[130.811,-12.537],[130.79,-12.585],[130.784,-12.435],[130.578,-12.401],[130.618,-12.604],[130.56,-12.628],[130.693,-12.701],[130.586,-12.709],[130.507,-12.596],[130.516,-12.654],[130.354,-12.672],[130.319,-12.906],[130.13,-12.941],[130.123,-13.165],[130.332,-13.346],[130.254,-13.324],[129.969,-13.53],[129.891,-13.438],[129.816,-13.762],[129.716,-13.867],[129.736,-13.992],[129.606,-13.997],[129.585,-14.093],[129.482,-14.052],[129.373,-14.329],[129.358,-14.409],[129.535,-14.545],[129.789,-14.532],[129.588,-14.613],[129.712,-14.785],[129.963,-14.75],[129.825,-14.854],[129.649,-14.833],[129.612,-14.943],[129.73,-15.183],[129.585,-15.17],[129.477,-14.934],[129.229,-14.837],[129.263,-15.108],[129.214,-15.237],[129.221,-15.17],[129.153,-15.224],[129.184,-14.982],[129.102,-14.905],[128.532,-14.753],[128.388,-14.803],[128.439,-14.85],[128.45,-15.043],[128.418,-15.04],[128.365,-14.984],[128.35,-15.037],[128.313,-14.905],[128.196,-15.057],[128.289,-15.402],[128.125,-15.182],[128.101,-15.425],[128.024,-15.497],[128.118,-14.854],[128.231,-14.718],[127.947,-14.573],[127.418,-13.942],[127.237,-13.892],[127.197,-13.949],[127.165,-13.881],[127.13,-13.968],[127.02,-13.778],[126.864,-13.743],[126.843,-13.819],[126.747,-13.792],[126.857,-13.949],[126.707,-13.984],[126.734,-14.073],[126.693,-14.121],[126.652,-14.066],[126.604,-14.23],[126.528,-14.073],[126.453,-14.078],[126.528,-13.929],[126.329,-14.059],[126.289,-14.23],[126.166,-14.085],[126.22,-13.956],[126.111,-14.018],[126.152,-13.922],[126.086,-13.889],[126.017,-13.922],[126.096,-14.025],[125.973,-14.021],[126.134,-14.095],[126.145,-14.195],[126.063,-14.236],[126.061,-14.35],[125.98,-14.381],[126.041,-14.509],[125.925,-14.519],[125.918,-14.638],[125.833,-14.585],[125.85,-14.458],[125.733,-14.47],[125.733,-14.399],[125.638,-14.635],[125.658,-14.333],[125.733,-14.271],[125.618,-14.224],[125.589,-14.545],[125.494,-14.491],[125.439,-14.639],[125.391,-14.539],[125.343,-14.607],[125.348,-14.499],[125.233,-14.614],[125.301,-14.635],[125.136,-14.736],[125.309,-14.885],[125.187,-14.945],[125.43,-15.009],[125.366,-15.051],[125.432,-15.138],[125.288,-15.141],[125.165,-15.011],[125.165,-15.162],[125.072,-14.969],[125.0,-14.97],[125.021,-15.1],[124.842,-15.141],[124.87,-15.25],[125.055,-15.162],[124.885,-15.297],[125.144,-15.313],[125.073,-15.419],[125.185,-15.518],[124.98,-15.478],[124.92,-15.361],[124.664,-15.25],[124.67,-15.352],[124.733,-15.358],[124.683,-15.474],[124.64,-15.416],[124.63,-15.505],[124.376,-15.525],[124.404,-15.875],[124.438,-15.826],[124.493,-15.95],[124.486,-15.998],[124.61,-15.807],[124.733,-15.807],[124.61,-15.899],[124.596,-16.115],[124.52,-16.176],[124.434,-16.058],[124.402,-16.329],[124.904,-16.402],[124.223,-16.396],[124.126,-16.272],[123.911,-16.217],[123.993,-16.378],[123.892,-16.339],[123.863,-16.43],[123.863,-16.327],[123.733,-16.259],[123.807,-16.191],[123.57,-16.177],[123.54,-16.265],[123.712,-16.334],[123.632,-16.365],[123.712,-16.43],[123.506,-16.408],[123.643,-16.526],[123.424,-16.491],[123.609,-16.546],[123.51,-16.654],[123.708,-16.742],[123.792,-16.891],[123.952,-16.835],[123.842,-16.947],[123.863,-17.026],[123.795,-17.0],[123.913,-17.216],[123.595,-16.985],[123.644,-17.185],[123.571,-17.595],[123.143,-16.914],[123.132,-16.686],[123.043,-16.692],[122.96,-16.58],[123.054,-16.471],[123.02,-16.383],[122.916,-16.416],[122.759,-16.604],[122.821,-16.78],[122.582,-16.78],[122.526,-16.862],[122.595,-16.971],[122.473,-16.92],[122.172,-17.261],[122.17,-17.978],[122.344,-17.983],[122.347,-18.121],[121.91,-18.464],[121.811,-18.463],[121.732,-18.581],[121.769,-18.657],[121.613,-18.712],[121.643,-18.81],[121.519,-19.07],[121.128,-19.521],[120.369,-19.867],[119.734,-19.963],[119.59,-20.066],[119.095,-19.967],[118.806,-20.281],[118.151,-20.356],[117.736,-20.658],[117.354,-20.728],[117.154,-20.596],[116.855,-20.712],[116.784,-20.657],[116.845,-20.539],[116.791,-20.535],[116.452,-20.815],[116.196,-20.847],[116.152,-20.97],[115.937,-21.059],[115.479,-21.501],[114.647,-21.843],[114.55,-22.042],[114.496,-22.004],[114.498,-22.164],[114.337,-22.494],[114.287,-22.443],[114.122,-22.504],[114.171,-22.317],[114.11,-22.331],[114.077,-22.175],[114.172,-21.803],[114.011,-21.86],[113.647,-22.578],[113.659,-22.728],[113.807,-22.931],[113.769,-23.458],[113.46,-23.91],[113.391,-24.414],[113.604,-24.728],[113.692,-25.105],[114.155,-25.79],[114.259,-25.842],[114.269,-25.99],[114.187,-25.979],[114.234,-26.317],[114.104,-26.448],[114.022,-26.391],[113.855,-25.944],[113.848,-26.122],[113.728,-26.197],[113.757,-25.885],[113.515,-25.509],[113.421,-25.728],[113.577,-26.089],[113.885,-26.343],[113.87,-26.522],[113.67,-26.653],[113.625,-26.44],[113.566,-26.565],[113.544,-26.287],[113.487,-26.48],[113.363,-26.013],[113.384,-26.383],[113.306,-25.997],[113.276,-26.235],[113.157,-26.152],[114.013,-27.315],[114.144,-27.688],[114.098,-27.863],[114.166,-28.107],[114.531,-28.522],[114.604,-28.839],[114.842,-29.109],[114.979,-29.508],[114.985,-30.146],[113.433,-30.03],[111.851,-30.032],[110.888,-29.743],[110.418,-29.371],[110.221,-28.814],[110.207,-28.016],[110.771,-25.215],[110.8,-24.769],[110.715,-23.766],[110.364,-21.837],[110.381,-21.286],[110.512,-20.845],[110.697,-20.562],[112.113,-19.157],[115.0,-15.902],[120.02,-10.053],[120.156,-10.221],[120.47,-10.31],[120.711,-10.207],[120.84,-10.051],[120.606,-9.768],[120.878,-9.685],[122.603,-9.368],[124.056,-9.334],[123.677,-9.63],[123.577,-10.034],[123.765,-10.075],[123.515,-10.213],[123.472,-10.365],[123.799,-10.375],[124.122,-10.173],[124.418,-10.164],[124.971,-9.662],[125.031,-9.508],[125.379,-9.281],[127.012,-8.727],[127.425,-8.495],[127.796,-8.167],[128.042,-8.255],[128.124,-8.15],[127.854,-8.103],[128.533,-7.15],[128.677,-7.179],[128.686,-7.096],[128.573,-7.085],[128.974,-6.459],[129.461,-5.847],[129.951,-5.456],[130.747,-5.11],[132.027,-4.74],[133.213,-4.486],[134.315,-4.348],[134.964,-4.321],[135.228,-4.461],[135.95,-4.506],[136.822,-4.928],[137.102,-4.889],[137.09,-4.96],[137.219,-5.013],[137.279,-4.937],[137.268,-5.014],[137.378,-5.082],[137.808,-5.253],[137.814,-5.358],[137.925,-5.329],[137.999,-5.479],[138.071,-5.41],[138.071,-5.729],[138.363,-5.679],[138.158,-5.774],[138.404,-5.836],[138.262,-5.915],[138.466,-6.402],[138.829,-6.706],[138.682,-6.645],[138.683,-6.715],[139.0,-6.853],[139.176,-6.972],[138.931,-6.843],[138.74,-6.897],[138.613,-6.877],[138.572,-6.942],[138.762,-7.114],[139.038,-7.212],[139.24,-7.151],[139.157,-7.243],[138.667,-7.198],[139.093,-7.56],[138.994,-7.865],[138.915,-7.903],[138.925,-8.07],[138.843,-8.117],[138.914,-8.292],[139.224,-8.074],[139.219,-7.98],[139.255,-8.146],[139.395,-8.201],[139.974,-8.097],[140.061,-7.924],[140.152,-7.885],[140.061,-7.948],[139.988,-8.192],[140.363,-8.491],[140.857,-9.049],[141.153,-9.232],[141.346,-9.142],[141.621,-9.234],[142.211,-9.159],[142.653,-9.33],[143.053,-9.093],[143.396,-8.978],[143.395,-8.769],[143.132,-8.486],[142.728,-8.317],[142.453,-8.372],[142.7,-8.261]],[[113.219,-26.129],[112.959,-25.483],[112.954,-25.773],[113.219,-26.129]],[[123.417,-10.664],[123.386,-10.433],[123.049,-10.711],[122.813,-10.778],[122.821,-10.893],[123.209,-10.813],[123.417,-10.664]],[[121.996,-10.441],[121.902,-10.421],[121.69,-10.564],[121.953,-10.553],[121.996,-10.441]],[[130.575,-11.715],[130.448,-11.701],[130.345,-11.317],[130.147,-11.489],[130.185,-11.677],[130.072,-11.671],[130.017,-11.777],[130.617,-11.813],[130.575,-11.715]],[[131.528,-11.387],[131.414,-11.243],[131.29,-11.271],[131.274,-11.19],[131.205,-11.247],[131.219,-11.4],[131.153,-11.249],[131.023,-11.413],[130.921,-11.309],[130.696,-11.434],[130.658,-11.331],[130.566,-11.395],[130.587,-11.287],[130.373,-11.184],[130.497,-11.65],[130.941,-11.928],[131.293,-11.724],[131.387,-11.578],[131.474,-11.6],[131.528,-11.387]],[[131.182,-8.125],[130.926,-8.133],[130.763,-8.351],[131.182,-8.125]],[[129.845,-7.836],[129.601,-7.807],[129.594,-7.924],[129.776,-8.055],[129.845,-7.836]],[[131.743,-7.196],[131.638,-7.109],[131.242,-7.488],[131.181,-7.65],[131.25,-7.707],[131.115,-7.707],[131.116,-8.001],[131.283,-7.936],[131.317,-8.018],[131.633,-7.62],[131.709,-7.418],[131.646,-7.302],[131.743,-7.196]],[[132.489,-11.16],[132.599,-11.345],[132.599,-10.968],[132.468,-11.03],[132.489,-11.16]],[[134.521,-6.587],[134.461,-6.451],[134.33,-6.389],[134.112,-6.173],[134.12,-6.42],[134.21,-6.507],[134.111,-6.459],[134.073,-6.827],[134.207,-6.911],[134.359,-6.821],[134.402,-6.657],[134.521,-6.587]],[[134.561,-6.516],[134.602,-6.405],[134.429,-6.287],[134.35,-6.372],[134.464,-6.425],[134.561,-6.516]],[[134.234,-6.13],[134.271,-6.062],[134.155,-6.007],[134.162,-6.197],[134.381,-6.299],[134.234,-6.13]],[[134.758,-6.158],[134.691,-6.188],[134.772,-6.09],[134.601,-5.952],[134.736,-5.969],[134.758,-5.671],[134.635,-5.589],[134.697,-5.534],[134.628,-5.445],[134.508,-5.429],[134.505,-5.548],[134.352,-5.714],[134.202,-5.712],[134.378,-5.794],[134.288,-5.924],[134.368,-6.034],[134.277,-6.119],[134.608,-6.37],[134.758,-6.158]],[[132.811,-5.797],[132.698,-5.597],[132.62,-5.603],[132.67,-5.9],[132.742,-5.95],[132.811,-5.797]],[[133.156,-5.288],[132.842,-5.997],[132.975,-5.729],[133.113,-5.596],[133.156,-5.288]],[[139.583,-16.396],[139.288,-16.471],[139.164,-16.616],[139.145,-16.756],[139.178,-16.662],[139.238,-16.725],[139.445,-16.665],[139.553,-16.483],[139.611,-16.553],[139.719,-16.484],[139.583,-16.396]],[[137.083,-15.652],[136.995,-15.593],[136.935,-15.721],[137.073,-15.847],[137.083,-15.652]],[[136.979,-14.147],[136.872,-14.208],[136.705,-14.127],[136.903,-13.758],[136.814,-13.85],[136.732,-13.84],[136.718,-13.648],[136.572,-13.686],[136.595,-13.812],[136.41,-13.819],[136.437,-14.12],[136.324,-14.23],[136.903,-14.299],[136.979,-14.147]],[[143.644,-8.661],[143.475,-8.525],[143.179,-8.419],[143.617,-8.722],[143.644,-8.661]],[[138.7,-8.395],[138.91,-8.396],[138.785,-8.159],[138.552,-8.323],[138.7,-8.395]],[[139.076,-7.576],[138.923,-7.532],[138.805,-7.374],[138.244,-7.456],[137.895,-7.816],[137.638,-8.426],[138.412,-8.396],[138.661,-8.169],[138.904,-8.076],[138.891,-7.898],[139.076,-7.576]],[[151.239,-23.489],[150.98,-23.487],[151.214,-23.778],[151.281,-23.762],[151.239,-23.489]],[[146.302,-18.237],[146.097,-18.245],[146.199,-18.375],[146.223,-18.466],[146.32,-18.465],[146.302,-18.237]],[[153.374,-25.012],[153.281,-24.694],[153.137,-24.817],[153.24,-24.913],[153.226,-25.028],[153.014,-25.212],[153.069,-25.329],[152.946,-25.583],[153.055,-25.797],[153.374,-25.012]],[[168.137,-21.432],[168.008,-21.453],[167.988,-21.336],[167.808,-21.384],[167.864,-21.604],[168.114,-21.631],[168.137,-21.432]],[[166.939,-22.08],[166.685,-21.981],[166.37,-21.659],[165.623,-21.268],[165.218,-20.764],[164.948,-20.684],[164.496,-20.3],[164.306,-20.235],[164.317,-20.319],[163.992,-20.083],[164.056,-20.228],[163.995,-20.264],[164.167,-20.332],[164.123,-20.411],[164.404,-20.725],[164.375,-20.774],[164.657,-20.946],[164.712,-21.09],[164.791,-21.064],[164.951,-21.354],[164.986,-21.302],[165.291,-21.577],[165.678,-21.761],[165.733,-21.72],[165.811,-21.859],[166.003,-21.964],[166.061,-21.891],[166.163,-22.025],[166.109,-22.09],[166.328,-22.145],[166.344,-22.227],[166.432,-22.172],[166.437,-22.308],[166.546,-22.238],[166.778,-22.392],[166.84,-22.298],[166.916,-22.396],[167.027,-22.276],[166.939,-22.08]],[[167.459,-21.051],[167.282,-20.894],[167.301,-20.713],[167.059,-20.716],[167.044,-20.768],[167.191,-20.81],[167.021,-20.912],[167.067,-20.996],[167.331,-21.164],[167.459,-21.051]],[[166.678,-20.452],[166.59,-20.385],[166.494,-20.713],[166.63,-20.596],[166.611,-20.477],[166.678,-20.452]],[[153.696,-11.521],[153.206,-11.317],[153.322,-11.469],[153.288,-11.523],[153.384,-11.495],[153.373,-11.559],[153.555,-11.636],[153.762,-11.605],[153.696,-11.521]]]},"properties":{"realm":16,"name":"Tropical Australia & Coral Sea","group":6,"group_name":"Mid-Atlantic, Pacific and Indian Oceans, coastal tropics and warm-temperate areas","pct_unique":33,"species":10349,"color":"#e0be7b","area_km2":7187443}},{"type":"Feature","geometry":{"type":"MultiPolygon","coordinates":[[[[179.987,-18.587],[180.0,-16.963],[180.0,-26.527],[179.987,-18.587]]],[[[179.775,4.088],[180.0,4.547],[180.0,4.207],[180.0,3.867],[179.775,4.088]]],[[[-146.713,3.461],[-145.336,2.723],[-142.017,1.22],[-141.009,0.673],[-137.963,-1.219],[-136.587,-2.188],[-135.43,-3.122],[-134.504,-3.994],[-133.41,-5.188],[-132.364,-6.512],[-131.55,-7.792],[-130.777,-9.374],[-130.245,-10.892],[-130.01,-12.036],[-129.857,-13.501],[-129.643,-16.855],[-129.656,-18.875],[-129.927,-21.374],[-130.032,-24.432],[-130.083,-25.09],[-130.139,-25.31],[-130.72,-26.224],[-133.656,-29.662],[-134.764,-30.7],[-137.378,-32.847],[-138.932,-33.943],[-140.252,-35.491],[-140.768,-35.986],[-143.079,-37.514],[-143.792,-38.08],[-144.641,-38.991],[-146.641,-41.515],[-148.493,-43.498],[-149.49,-44.373],[-150.545,-44.975],[-151.926,-45.398],[-153.721,-45.677],[-155.462,-45.691],[-157.874,-45.345],[-159.815,-44.847],[-160.262,-44.633],[-161.091,-43.346],[-161.838,-40.832],[-162.024,-40.397],[-162.196,-40.193],[-162.914,-39.926],[-163.722,-39.742],[-167.254,-39.458],[-168.748,-39.098],[-169.709,-38.607],[-171.612,-37.331],[-173.368,-36.329],[-174.681,-35.316],[-175.034,-34.948],[-175.168,-34.484],[-175.629,-30.079],[-176.036,-27.749],[-176.482,-26.123],[-176.885,-25.369],[-177.151,-25.335],[-177.491,-25.406],[-178.072,-25.803],[-178.63,-26.622],[-179.411,-28.381],[-179.581,-28.509],[-179.739,-28.338],[-180.0,-27.52],[-180.0,-16.964],[-179.816,-16.772],[-179.877,-16.678],[-180.0,-16.787],[-180.0,-16.541],[-179.898,-16.436],[-180.0,-16.49],[-180.0,-16.17],[-179.939,-16.121],[-180.0,-16.149],[-180.0,4.292],[-179.554,3.959],[-178.411,3.526],[-177.318,3.44],[-176.12,3.509],[-175.123,3.681],[-171.073,4.647],[-166.51,5.375],[-163.742,5.924],[-158.528,7.591],[-156.471,8.04],[-155.248,8.161],[-154.588,8.091],[-153.152,7.762],[-152.199,7.321],[-146.713,3.461]],[[-171.438,-14.006],[-171.585,-13.884],[-171.792,-13.817],[-172.064,-13.885],[-171.753,-14.052],[-171.438,-14.006]],[[-172.322,-13.467],[-172.783,-13.52],[-172.523,-13.805],[-172.219,-13.805],[-172.181,-13.702],[-172.322,-13.467]],[[-149.156,-17.846],[-149.161,-17.757],[-149.304,-17.712],[-149.354,-17.54],[-149.475,-17.494],[-149.633,-17.553],[-149.588,-17.731],[-149.348,-17.718],[-149.276,-17.845],[-149.156,-17.846]],[[-157.179,1.754],[-157.348,1.861],[-157.31,1.973],[-157.424,2.02],[-157.509,2.025],[-157.354,1.932],[-157.475,1.881],[-157.429,1.839],[-157.537,1.866],[-157.53,1.931],[-157.566,1.864],[-157.179,1.754]],[[-138.892,-9.801],[-138.814,-9.74],[-139.015,-9.694],[-139.173,-9.774],[-139.071,-9.855],[-138.892,-9.801]],[[-140.028,-8.789],[-140.248,-8.787],[-140.194,-8.95],[-140.061,-8.9],[-140.028,-8.789]]]]},"properties":{"realm":17,"name":"Mid South Tropical Pacific","group":6,"group_name":"Mid-Atlantic, Pacific and Indian Oceans, coastal tropics and warm-temperate areas","pct_unique":44,"species":2818,"color":"#45d3ce","area_km2":23476726}},{"type":"Feature","geometry":{"type":"MultiPolygon","coordinates":[[[[-24.775,67.858],[-24.204,67.154],[-23.273,66.52],[-22.922,66.047],[-23.059,65.967],[-22.977,66.034],[-23.028,66.109],[-23.56,66.176],[-23.601,66.145],[-23.481,66.139],[-23.395,66.098],[-23.67,66.117],[-23.423,66.036],[-23.375,65.988],[-23.751,66.077],[-23.813,66.011],[-23.21,65.843],[-23.801,65.926],[-23.867,65.876],[-23.729,65.774],[-23.19,65.782],[-23.539,65.723],[-23.285,65.679],[-23.562,65.614],[-23.628,65.706],[-24.093,65.805],[-24.081,65.706],[-23.807,65.61],[-24.087,65.651],[-23.807,65.535],[-24.303,65.638],[-24.54,65.508],[-23.986,65.474],[-23.898,65.405],[-23.231,65.487],[-23.183,65.576],[-22.985,65.551],[-22.953,65.61],[-22.802,65.601],[-22.888,65.541],[-22.732,65.502],[-22.737,65.632],[-22.509,65.224],[-22.552,65.186],[-22.49,65.193],[-22.481,65.18],[-22.558,65.169],[-22.393,65.057],[-22.628,65.015],[-22.58,64.98],[-22.757,65.072],[-23.021,65.013],[-23.107,64.918],[-23.163,64.953],[-23.087,65.015],[-23.21,65.017],[-23.263,64.926],[-23.85,64.931],[-24.053,64.899],[-24.032,64.849],[-23.834,64.726],[-23.555,64.82],[-22.658,64.767],[-22.408,64.823],[-22.436,64.768],[-22.32,64.754],[-22.402,64.676],[-22.189,64.74],[-22.365,64.643],[-22.443,64.666],[-22.34,64.556],[-22.243,64.576],[-22.258,64.487],[-21.786,64.578],[-22.045,64.405],[-21.86,64.391],[-22.1,64.315],[-21.631,64.403],[-21.414,64.384],[-21.755,64.345],[-21.929,64.234],[-21.703,64.192],[-21.8,64.137],[-21.865,64.156],[-22.045,64.158],[-21.915,64.124],[-22.035,64.113],[-21.963,64.076],[-22.041,64.051],[-22.518,63.979],[-22.702,64.086],[-22.73,63.975],[-22.635,63.949],[-22.731,63.891],[-22.679,63.809],[-21.367,63.85],[-21.209,63.884],[-21.299,63.925],[-21.185,63.959],[-21.045,63.946],[-21.195,63.932],[-21.168,63.876],[-20.818,63.781],[-20.686,63.863],[-20.716,63.781],[-20.606,63.768],[-20.77,63.774],[-20.578,63.714],[-20.562,63.757],[-20.411,63.836],[-20.442,63.788],[-20.311,63.733],[-20.551,63.712],[-20.186,63.544],[-19.736,63.549],[-18.783,63.398],[-18.184,63.464],[-18.317,63.549],[-18.119,63.534],[-18.195,63.473],[-17.965,63.523],[-17.858,63.61],[-17.969,63.623],[-17.797,63.671],[-17.967,63.661],[-17.878,63.731],[-17.715,63.781],[-17.625,63.747],[-17.721,63.706],[-17.591,63.747],[-17.55,63.788],[-17.006,63.798],[-16.969,63.92],[-16.967,63.788],[-16.93,63.866],[-16.796,63.802],[-16.783,63.863],[-16.47,63.905],[-15.992,64.144],[-15.398,64.274],[-15.364,64.337],[-15.474,64.398],[-15.226,64.268],[-14.949,64.26],[-14.878,64.281],[-14.949,64.322],[-14.713,64.432],[-14.569,64.418],[-14.747,64.384],[-14.545,64.405],[-14.346,64.606],[-14.49,64.548],[-14.584,64.59],[-14.27,64.67],[-14.514,64.802],[-14.306,64.704],[-14.048,64.72],[-14.014,64.802],[-13.839,64.799],[-13.966,64.836],[-13.767,64.854],[-14.055,64.933],[-13.698,64.925],[-14.233,65.035],[-14.034,65.083],[-13.647,64.987],[-13.51,65.069],[-13.52,65.172],[-13.627,65.104],[-13.747,65.137],[-13.627,65.2],[-14.003,65.19],[-14.034,65.2],[-13.568,65.261],[-14.007,65.282],[-13.726,65.352],[-12.218,65.274],[-7.936,64.339],[-7.082,64.23],[-6.336,64.356],[-5.725,65.106],[-5.189,65.57],[-4.062,64.924],[-3.846,64.683],[-3.699,63.994],[-3.74,61.935],[-3.846,61.212],[-4.09,60.669],[-4.654,60.147],[-5.547,59.671],[-6.259,59.558],[-8.022,59.561],[-9.0,59.252],[-9.477,58.959],[-9.724,58.603],[-9.885,58.157],[-9.747,56.605],[-9.947,55.843],[-10.302,55.205],[-10.589,54.869],[-11.616,54.079],[-11.753,53.668],[-11.676,53.341],[-11.045,52.305],[-10.808,51.689],[-10.882,50.245],[-10.8,49.696],[-10.221,48.945],[-9.722,48.628],[-9.079,48.421],[-5.981,48.004],[-4.923,47.732],[-3.649,47.243],[-2.176,46.413],[-1.695,46.063],[-1.545,45.884],[-1.322,45.006],[-1.223,44.929],[-1.26,44.627],[-1.205,44.738],[-1.208,44.643],[-1.446,43.668],[-1.776,43.376],[-2.691,43.368],[-2.769,43.453],[-3.021,43.356],[-3.579,43.518],[-4.502,43.398],[-5.852,43.663],[-6.944,43.566],[-7.045,43.49],[-7.044,43.559],[-7.271,43.563],[-7.49,43.725],[-7.616,43.689],[-7.686,43.793],[-7.909,43.766],[-8.313,43.567],[-8.333,43.472],[-8.239,43.48],[-8.332,43.403],[-8.988,43.283],[-9.28,43.055],[-9.273,42.893],[-9.214,42.939],[-9.113,42.766],[-9.008,42.732],[-9.071,42.596],[-9.012,42.531],[-8.854,42.623],[-8.827,42.462],[-8.943,42.469],[-8.764,42.357],[-8.868,42.256],[-8.747,42.278],[-8.767,42.225],[-8.895,42.119],[-8.88,41.737],[-8.809,41.697],[-8.784,41.394],[-8.648,41.147],[-8.751,40.653],[-8.655,40.845],[-8.69,40.647],[-8.753,40.641],[-9.09,39.611],[-9.409,39.375],[-9.357,39.322],[-9.497,38.81],[-9.472,38.702],[-9.113,38.714],[-9.053,38.88],[-8.988,38.976],[-8.943,38.776],[-9.108,38.659],[-9.253,38.665],[-9.184,38.552],[-9.234,38.424],[-8.906,38.512],[-8.788,38.481],[-8.797,38.533],[-8.673,38.414],[-8.943,38.481],[-8.785,38.304],[-8.895,37.953],[-8.799,37.878],[-8.796,37.518],[-8.998,37.021],[-8.656,37.109],[-7.82,36.999],[-7.49,37.179],[-6.928,37.172],[-6.913,37.244],[-6.356,36.809],[-6.438,36.733],[-6.395,36.637],[-6.001,36.168],[-5.581,36.014],[-5.365,36.158],[-5.342,36.111],[-5.217,36.373],[-5.04,36.434],[-5.015,36.023],[-5.105,35.482],[-5.31,35.69],[-5.345,35.835],[-5.283,35.912],[-5.919,35.791],[-6.322,34.828],[-6.927,33.944],[-8.529,33.269],[-8.842,32.915],[-8.703,33.199],[-8.842,33.254],[-10.183,32.8],[-12.453,31.157],[-13.556,30.588],[-14.859,30.059],[-69.732,29.549],[-70.968,30.228],[-71.603,30.762],[-71.853,31.225],[-72.027,32.081],[-72.161,31.893],[-71.874,33.287],[-70.965,36.033],[-70.922,36.714],[-71.107,38.466],[-71.005,38.995],[-70.65,39.609],[-70.282,39.883],[-68.995,39.862],[-67.933,40.137],[-67.034,40.545],[-66.148,41.152],[-65.52,41.748],[-65.163,42.241],[-64.896,43.05],[-64.846,43.834],[-64.786,43.874],[-64.847,43.929],[-64.667,43.998],[-64.717,44.059],[-64.561,44.08],[-64.606,44.159],[-64.498,44.141],[-64.368,44.264],[-64.429,44.34],[-64.287,44.259],[-64.237,44.299],[-64.347,44.361],[-64.211,44.367],[-64.34,44.415],[-64.306,44.566],[-64.162,44.58],[-64.076,44.477],[-64.011,44.511],[-64.066,44.634],[-63.888,44.696],[-63.929,44.511],[-63.785,44.532],[-63.793,44.468],[-63.633,44.441],[-63.523,44.518],[-63.662,44.717],[-63.439,44.596],[-63.417,44.683],[-63.285,44.627],[-63.237,44.737],[-63.14,44.689],[-63.119,44.791],[-63.059,44.675],[-63.059,44.778],[-62.83,44.718],[-62.805,44.785],[-62.531,44.806],[-62.476,44.901],[-62.448,44.833],[-61.825,45.099],[-61.64,45.087],[-61.687,45.175],[-61.389,45.164],[-61.279,45.254],[-61.175,45.203],[-61.165,45.264],[-61.12,45.213],[-61.037,45.3],[-60.969,45.272],[-60.999,45.333],[-61.462,45.355],[-61.237,45.506],[-61.339,45.553],[-61.493,45.691],[-61.62,45.614],[-61.876,45.693],[-61.911,45.889],[-62.47,45.614],[-62.613,45.691],[-62.75,45.613],[-62.771,45.674],[-62.633,45.717],[-62.757,45.759],[-62.675,45.772],[-63.101,45.811],[-63.065,45.759],[-63.295,45.726],[-63.381,45.772],[-63.23,45.806],[-63.516,45.811],[-63.409,45.854],[-63.492,45.883],[-63.67,45.823],[-64.093,46.033],[-63.813,46.14],[-64.559,46.224],[-64.559,46.369],[-64.575,46.339],[-64.704,46.328],[-64.613,46.419],[-64.711,46.48],[-64.714,46.687],[-64.854,46.676],[-64.792,46.725],[-64.906,46.887],[-64.8,47.082],[-65.368,47.088],[-64.909,47.355],[-64.892,47.562],[-64.669,47.732],[-64.86,47.753],[-64.8,47.809],[-65.209,47.82],[-65.636,47.622],[-65.818,47.907],[-66.386,48.075],[-66.732,47.987],[-66.848,47.999],[-66.473,48.12],[-66.067,48.102],[-65.896,48.226],[-65.784,48.116],[-65.286,48.013],[-64.779,48.204],[-64.723,48.335],[-64.329,48.42],[-64.189,48.527],[-64.282,48.569],[-64.175,48.644],[-64.559,48.883],[-64.169,48.762],[-64.221,48.894],[-64.553,49.097],[-64.963,49.219],[-65.566,49.266],[-66.219,49.208],[-68.206,48.642],[-69.445,47.992],[-70.535,47.011],[-70.974,46.862],[-71.158,46.841],[-71.302,46.745],[-71.714,46.632],[-71.904,46.675],[-71.342,46.742],[-70.957,47.021],[-70.751,47.092],[-70.487,47.445],[-70.237,47.496],[-70.144,47.656],[-69.932,47.773],[-69.736,48.123],[-70.478,48.356],[-70.866,48.324],[-70.788,48.396],[-71.07,48.445],[-70.369,48.374],[-69.676,48.15],[-69.447,48.296],[-69.056,48.774],[-68.644,48.918],[-68.699,48.945],[-68.615,49.039],[-68.407,49.123],[-68.444,49.198],[-68.37,49.116],[-68.444,49.062],[-68.392,49.064],[-68.181,49.124],[-68.301,49.198],[-68.055,49.294],[-67.376,49.339],[-67.245,49.459],[-67.131,49.831],[-67.045,49.828],[-66.951,49.986],[-66.746,50.054],[-66.636,50.185],[-66.497,50.146],[-66.435,50.158],[-66.55,50.198],[-66.468,50.269],[-66.088,50.192],[-65.964,50.293],[-63.809,50.315],[-63.421,50.219],[-62.709,50.315],[-62.751,50.287],[-61.863,50.23],[-61.777,50.134],[-61.576,50.187],[-61.784,50.11],[-61.718,50.1],[-60.803,50.267],[-60.794,50.205],[-60.153,50.288],[-60.135,50.213],[-59.827,50.328],[-59.886,50.377],[-59.803,50.446],[-59.424,50.54],[-59.42,50.665],[-59.203,50.732],[-59.088,50.888],[-59.089,50.784],[-59.008,50.761],[-58.94,50.885],[-59.008,51.015],[-58.895,51.055],[-58.892,50.994],[-58.83,51.09],[-58.626,51.151],[-58.677,51.244],[-58.623,51.277],[-58.04,51.314],[-57.686,51.48],[-57.603,51.433],[-57.25,51.508],[-57.19,51.419],[-56.967,51.425],[-56.682,51.648],[-55.934,51.925],[-55.966,52.022],[-55.685,52.112],[-55.78,52.207],[-55.617,52.22],[-55.795,52.241],[-55.709,52.296],[-56.199,52.447],[-55.784,52.339],[-55.808,52.385],[-55.654,52.365],[-55.648,52.443],[-55.829,52.522],[-56.267,52.539],[-56.5,52.598],[-56.218,52.54],[-55.986,52.557],[-56.097,52.662],[-55.754,52.625],[-56.162,52.818],[-55.975,52.778],[-55.802,52.841],[-55.904,52.984],[-56.165,53.028],[-55.931,53.026],[-55.877,53.077],[-55.945,53.118],[-55.747,53.146],[-55.843,53.215],[-55.745,53.256],[-55.911,53.31],[-55.817,53.34],[-56.041,53.372],[-55.966,53.413],[-56.263,53.554],[-55.98,53.55],[-56.727,53.687],[-56.412,53.728],[-56.48,53.79],[-56.618,53.77],[-56.596,53.714],[-56.983,53.727],[-57.281,53.44],[-57.377,53.434],[-57.318,53.585],[-57.549,53.591],[-57.124,53.742],[-57.138,53.824],[-57.076,53.824],[-57.213,53.879],[-57.158,53.951],[-57.466,54.2],[-58.356,54.21],[-58.416,54.14],[-58.322,54.093],[-58.151,54.141],[-57.796,54.071],[-58.128,54.098],[-58.841,53.947],[-59.071,53.796],[-59.022,53.714],[-59.317,53.687],[-59.607,53.534],[-59.879,53.538],[-59.784,53.482],[-60.143,53.334],[-60.129,53.275],[-60.421,53.269],[-60.181,53.336],[-60.382,53.337],[-60.412,53.358],[-60.037,53.44],[-60.064,53.509],[-60.934,53.728],[-60.859,53.835],[-60.136,53.529],[-60.071,53.566],[-60.094,53.7],[-60.017,53.708],[-60.133,53.783],[-59.475,53.828],[-58.92,54.016],[-59.043,54.03],[-58.626,54.044],[-58.371,54.228],[-58.698,54.124],[-59.303,54.018],[-59.58,54.05],[-58.727,54.146],[-58.097,54.332],[-58.261,54.31],[-58.186,54.359],[-57.652,54.379],[-57.419,54.461],[-57.707,54.475],[-57.412,54.491],[-57.432,54.557],[-57.353,54.567],[-57.865,54.745],[-58.159,54.742],[-58.204,54.797],[-58.422,54.744],[-58.914,54.848],[-58.906,54.922],[-59.015,54.893],[-58.892,54.954],[-59.045,54.999],[-58.954,55.131],[-59.027,55.162],[-59.383,54.978],[-59.143,55.155],[-59.16,55.239],[-59.922,54.743],[-59.735,54.968],[-59.43,55.142],[-59.531,55.214],[-59.643,55.134],[-59.964,55.117],[-59.735,55.201],[-59.776,55.332],[-60.297,55.023],[-60.023,55.277],[-60.194,55.195],[-60.154,55.29],[-60.524,55.095],[-60.36,55.25],[-60.477,55.231],[-60.375,55.381],[-60.194,55.427],[-60.254,55.505],[-60.411,55.432],[-60.307,55.519],[-60.37,55.561],[-60.0,56.701],[-57.702,62.621],[-56.813,64.408],[-56.422,65.0],[-55.834,65.56],[-55.545,65.753],[-54.423,65.989],[-53.181,65.86],[-52.576,66.008],[-52.534,65.91],[-52.303,65.905],[-52.211,65.99],[-51.832,66.056],[-51.711,65.939],[-51.977,66.004],[-52.236,65.935],[-52.299,65.837],[-52.694,65.939],[-53.263,65.752],[-52.878,65.809],[-53.239,65.686],[-52.824,65.673],[-52.693,65.807],[-52.642,65.713],[-52.773,65.638],[-52.547,65.679],[-52.801,65.552],[-52.697,65.501],[-52.471,65.673],[-52.614,65.49],[-52.444,65.518],[-52.547,65.432],[-52.491,65.392],[-51.931,65.556],[-51.992,65.673],[-51.312,65.788],[-51.277,65.753],[-51.688,65.705],[-51.903,65.624],[-51.717,65.59],[-52.567,65.322],[-52.444,65.275],[-52.535,65.192],[-52.328,65.343],[-52.32,65.288],[-52.195,65.324],[-52.276,65.2],[-52.005,65.316],[-52.204,65.178],[-52.102,65.124],[-52.273,65.104],[-52.012,64.98],[-52.218,64.912],[-52.184,64.802],[-52.057,64.924],[-51.944,64.877],[-52.105,64.799],[-51.758,64.864],[-51.841,64.912],[-51.693,65.026],[-51.553,64.994],[-51.704,64.891],[-51.245,65.021],[-52.132,64.713],[-52.045,64.625],[-52.161,64.632],[-52.141,64.578],[-52.022,64.597],[-52.155,64.537],[-52.044,64.496],[-52.195,64.472],[-52.11,64.391],[-52.161,64.256],[-52.074,64.191],[-51.663,64.309],[-51.71,64.369],[-51.458,64.512],[-51.253,64.76],[-51.039,64.781],[-51.217,64.624],[-51.145,64.617],[-50.642,64.759],[-50.709,64.79],[-50.665,64.852],[-50.772,64.871],[-50.703,64.905],[-50.724,64.994],[-50.888,64.984],[-50.977,65.22],[-50.888,65.152],[-50.69,65.206],[-50.841,65.131],[-50.695,65.005],[-50.56,64.775],[-50.296,64.748],[-50.195,64.828],[-49.997,64.864],[-50.217,64.726],[-49.997,64.701],[-50.12,64.638],[-50.063,64.53],[-49.683,64.422],[-49.618,64.34],[-50.149,64.487],[-50.275,64.655],[-50.48,64.713],[-50.662,64.686],[-50.45,64.666],[-50.915,64.603],[-50.627,64.59],[-50.69,64.548],[-50.641,64.522],[-50.443,64.556],[-50.625,64.467],[-50.176,64.448],[-50.888,64.411],[-51.046,64.281],[-50.847,64.26],[-50.953,64.219],[-51.662,64.218],[-51.765,64.185],[-51.529,64.201],[-51.355,64.144],[-51.649,64.13],[-51.44,64.082],[-50.814,64.178],[-50.364,64.359],[-50.552,64.179],[-50.163,64.245],[-50.045,64.199],[-50.077,64.166],[-50.054,64.107],[-50.072,64.097],[-50.21,64.206],[-51.656,64.014],[-51.361,63.973],[-51.437,63.956],[-51.375,63.891],[-51.458,63.818],[-50.923,63.938],[-51.529,63.764],[-51.552,63.706],[-51.347,63.726],[-51.539,63.692],[-51.306,63.63],[-51.423,63.541],[-51.279,63.549],[-51.13,63.513],[-51.185,63.629],[-51.076,63.664],[-50.505,63.671],[-50.565,63.61],[-51.056,63.651],[-51.145,63.613],[-51.093,63.531],[-50.744,63.555],[-51.223,63.445],[-51.135,63.376],[-51.005,63.473],[-51.049,63.372],[-50.402,63.426],[-50.279,63.404],[-51.101,63.329],[-51.005,63.288],[-51.074,63.253],[-50.956,63.251],[-51.049,63.209],[-51.001,63.165],[-50.778,63.253],[-50.912,63.143],[-50.782,63.202],[-50.593,63.23],[-50.059,63.23],[-50.608,63.096],[-50.491,63.014],[-50.614,62.979],[-50.469,62.951],[-50.148,63.02],[-50.326,62.932],[-50.39,62.792],[-50.182,62.959],[-49.703,63.061],[-50.244,62.852],[-50.32,62.739],[-50.272,62.706],[-50.197,62.808],[-49.873,62.897],[-50.213,62.676],[-50.32,62.506],[-50.014,62.32],[-49.909,62.364],[-49.891,62.29],[-49.788,62.298],[-49.888,62.246],[-49.292,62.267],[-49.683,62.158],[-49.292,62.178],[-49.428,62.117],[-49.333,62.081],[-49.696,62.117],[-49.463,62.089],[-49.694,62.016],[-49.638,61.989],[-49.387,62.068],[-49.353,62.007],[-49.436,61.992],[-49.169,62.021],[-49.031,62.212],[-49.079,62.081],[-48.983,62.136],[-49.017,62.089],[-48.839,62.081],[-49.408,61.938],[-49.326,61.93],[-49.428,61.821],[-49.176,61.903],[-49.353,61.767],[-49.22,61.724],[-49.167,61.857],[-48.784,61.992],[-49.109,61.829],[-49.148,61.726],[-48.874,61.793],[-48.88,61.726],[-49.066,61.698],[-49.058,61.623],[-48.954,61.643],[-48.983,61.609],[-48.664,61.65],[-48.592,61.636],[-49.299,61.561],[-49.045,61.54],[-49.114,61.496],[-48.99,61.458],[-48.346,61.609],[-48.476,61.534],[-48.23,61.547],[-49.066,61.403],[-48.94,61.403],[-48.971,61.362],[-48.654,61.444],[-48.675,61.396],[-48.34,61.376],[-48.641,61.239],[-48.497,61.273],[-48.572,61.211],[-48.483,61.177],[-48.299,61.227],[-48.407,61.134],[-48.215,61.143],[-48.291,61.177],[-48.166,61.312],[-47.961,61.341],[-48.213,61.179],[-48.052,61.184],[-48.086,61.088],[-47.77,61.191],[-47.935,61.088],[-47.854,61.037],[-48.396,60.998],[-47.688,61.012],[-48.243,60.825],[-47.941,60.883],[-47.932,60.842],[-47.438,60.827],[-47.325,60.862],[-47.859,60.868],[-47.3,60.961],[-47.249,60.896],[-47.03,60.975],[-47.078,60.945],[-46.914,60.93],[-47.044,60.841],[-46.846,60.882],[-46.978,60.82],[-46.862,60.8],[-46.71,60.887],[-46.887,60.937],[-46.578,60.91],[-46.653,60.986],[-46.544,60.952],[-46.578,61.006],[-46.413,61.012],[-46.413,61.088],[-46.158,60.998],[-46.297,61.074],[-46.033,61.054],[-45.836,61.152],[-46.112,61.253],[-45.938,61.233],[-45.714,61.328],[-45.872,61.223],[-45.619,61.145],[-46.093,60.983],[-46.07,60.937],[-45.618,61.02],[-45.484,61.109],[-45.513,61.248],[-45.365,61.094],[-45.203,61.193],[-45.51,60.982],[-45.885,60.93],[-46.174,60.831],[-45.851,60.896],[-46.205,60.747],[-46.016,60.733],[-45.87,60.847],[-45.756,60.827],[-45.875,60.756],[-45.713,60.77],[-45.395,61.011],[-45.255,60.908],[-45.858,60.698],[-45.578,60.704],[-45.982,60.58],[-45.881,60.518],[-45.785,60.625],[-45.625,60.649],[-45.731,60.588],[-45.596,60.588],[-45.674,60.53],[-45.591,60.539],[-45.584,60.471],[-45.351,60.725],[-45.122,60.725],[-45.496,60.492],[-45.063,60.663],[-45.26,60.505],[-45.214,60.439],[-45.0,60.491],[-44.803,60.685],[-44.625,60.738],[-44.953,60.471],[-44.844,60.478],[-44.926,60.327],[-45.187,60.213],[-45.174,60.134],[-44.879,60.225],[-44.466,60.567],[-44.837,60.217],[-44.755,60.204],[-45.173,60.088],[-44.844,60.019],[-44.926,60.104],[-44.844,60.15],[-44.802,60.017],[-44.714,60.007],[-44.666,60.107],[-44.668,60.016],[-44.59,59.989],[-44.458,60.146],[-44.262,60.191],[-44.317,60.238],[-44.224,60.232],[-44.275,60.334],[-44.098,60.283],[-44.101,60.387],[-43.995,60.307],[-44.166,60.173],[-43.991,60.191],[-43.661,60.154],[-43.624,60.191],[-43.138,60.081],[-43.093,60.111],[-43.213,60.135],[-43.125,60.197],[-43.33,60.217],[-43.099,60.244],[-43.179,60.279],[-43.103,60.313],[-43.357,60.376],[-43.175,60.4],[-43.366,60.391],[-43.357,60.334],[-43.591,60.306],[-43.319,60.447],[-43.725,60.525],[-43.805,60.443],[-43.85,60.539],[-44.164,60.576],[-44.193,60.643],[-43.621,60.56],[-43.702,60.672],[-43.689,60.724],[-43.544,60.545],[-43.227,60.471],[-43.144,60.478],[-43.301,60.558],[-43.075,60.503],[-43.028,60.526],[-43.144,60.547],[-42.829,60.58],[-43.144,60.608],[-42.826,60.611],[-42.747,60.69],[-42.905,60.621],[-43.275,60.677],[-42.933,60.651],[-42.785,60.746],[-43.528,60.841],[-42.801,60.805],[-43.482,60.942],[-43.027,60.882],[-42.727,60.93],[-42.807,61.011],[-42.698,60.983],[-42.658,60.999],[-42.768,61.04],[-42.706,61.06],[-43.611,61.129],[-42.63,61.101],[-43.179,61.211],[-42.576,61.197],[-42.658,61.259],[-43.248,61.341],[-42.63,61.294],[-42.692,61.314],[-42.418,61.403],[-42.511,61.436],[-42.527,61.534],[-42.931,61.531],[-43.083,61.595],[-42.436,61.561],[-42.467,61.616],[-42.377,61.609],[-42.453,61.636],[-42.325,61.624],[-42.393,61.683],[-42.254,61.711],[-42.594,61.704],[-42.87,61.77],[-42.768,61.822],[-42.59,61.739],[-42.343,61.76],[-42.192,61.87],[-42.416,61.921],[-42.209,61.92],[-42.117,62.007],[-42.548,61.951],[-42.418,62.013],[-42.521,62.04],[-42.312,62.103],[-42.258,62.227],[-42.327,62.268],[-42.261,62.315],[-42.608,62.336],[-42.974,62.525],[-42.339,62.377],[-42.164,62.39],[-42.558,62.483],[-42.48,62.478],[-42.555,62.541],[-42.347,62.474],[-42.384,62.572],[-42.679,62.588],[-43.063,62.692],[-43.048,62.731],[-42.708,62.693],[-42.71,62.78],[-42.651,62.685],[-42.562,62.712],[-42.603,62.767],[-42.487,62.698],[-42.58,62.826],[-42.416,62.829],[-42.597,62.872],[-42.305,62.946],[-42.364,62.89],[-42.261,62.884],[-42.319,62.817],[-42.018,62.797],[-42.01,62.877],[-41.75,62.844],[-41.822,62.877],[-41.636,62.928],[-41.624,62.995],[-42.206,63.11],[-42.144,63.206],[-41.975,63.074],[-41.534,63.033],[-42.021,63.253],[-41.554,63.097],[-41.433,63.125],[-41.492,63.171],[-41.489,63.238],[-41.76,63.301],[-41.809,63.342],[-41.684,63.353],[-41.898,63.445],[-41.884,63.48],[-41.747,63.527],[-41.76,63.549],[-41.116,63.308],[-41.583,63.493],[-41.49,63.531],[-41.24,63.404],[-41.414,63.566],[-41.13,63.389],[-40.999,63.411],[-41.174,63.452],[-41.287,63.565],[-41.074,63.447],[-40.999,63.467],[-41.144,63.527],[-40.75,63.517],[-40.732,63.589],[-40.872,63.58],[-40.88,63.658],[-41.627,63.778],[-41.488,63.86],[-40.998,63.703],[-40.526,63.696],[-40.622,63.925],[-40.842,63.953],[-40.602,63.979],[-40.648,64.012],[-40.561,64.107],[-40.918,64.165],[-40.984,64.08],[-41.567,64.266],[-41.353,64.35],[-40.358,64.359],[-40.635,64.467],[-40.561,64.515],[-40.604,64.683],[-41.146,64.954],[-40.983,64.977],[-41.115,65.123],[-40.707,65.03],[-40.603,65.145],[-40.281,65.001],[-39.937,65.097],[-40.123,65.166],[-39.942,65.149],[-40.032,65.188],[-39.759,65.247],[-39.951,65.361],[-39.789,65.412],[-40.218,65.508],[-40.041,65.495],[-40.115,65.549],[-40.047,65.583],[-39.807,65.508],[-39.716,65.556],[-39.835,65.583],[-39.636,65.624],[-39.712,65.665],[-39.656,65.686],[-39.505,65.659],[-39.548,65.62],[-39.448,65.547],[-39.344,65.628],[-39.335,65.545],[-39.307,65.61],[-39.206,65.582],[-39.366,65.722],[-39.341,65.748],[-39.142,65.667],[-39.075,65.555],[-38.831,65.618],[-38.6,65.578],[-38.752,65.693],[-38.43,65.679],[-38.489,65.594],[-38.419,65.665],[-38.221,65.646],[-38.259,65.705],[-38.176,65.686],[-38.19,65.775],[-38.106,65.811],[-38.432,65.902],[-38.485,66.015],[-38.27,65.905],[-38.149,65.914],[-38.184,65.972],[-37.999,65.938],[-37.96,66.076],[-38.087,66.083],[-38.107,66.114],[-37.854,66.199],[-37.998,66.241],[-37.69,66.268],[-38.14,66.369],[-37.874,66.378],[-37.852,66.445],[-37.616,66.329],[-37.17,66.324],[-37.798,66.049],[-37.731,65.981],[-37.854,65.892],[-37.679,65.946],[-37.185,65.774],[-37.272,65.83],[-37.114,65.817],[-37.086,65.864],[-37.237,65.905],[-37.123,65.905],[-37.168,66.009],[-37.086,65.994],[-37.08,66.063],[-37.032,66.053],[-37.097,65.943],[-37.014,65.84],[-36.826,65.92],[-36.909,65.933],[-36.522,65.991],[-36.477,66.049],[-36.554,66.084],[-36.359,66.091],[-36.385,65.952],[-36.326,65.912],[-36.347,65.988],[-36.09,65.933],[-35.894,66.015],[-35.908,66.09],[-35.717,66.09],[-35.942,66.104],[-35.711,66.123],[-35.745,66.199],[-35.586,66.111],[-35.625,66.209],[-35.702,66.207],[-35.552,66.248],[-35.743,66.268],[-35.678,66.331],[-35.881,66.419],[-35.833,66.444],[-35.589,66.289],[-35.445,66.33],[-35.216,66.241],[-35.038,66.262],[-35.237,66.324],[-35.114,66.421],[-35.134,66.344],[-34.973,66.29],[-34.715,66.344],[-34.724,66.407],[-34.654,66.371],[-34.624,66.419],[-34.702,66.419],[-34.408,66.543],[-34.531,66.638],[-34.417,66.75],[-34.372,66.597],[-34.26,66.673],[-34.27,66.577],[-34.05,66.745],[-34.085,66.81],[-33.935,66.769],[-34.015,66.827],[-33.948,66.927],[-33.999,66.954],[-33.859,66.954],[-33.976,66.995],[-33.537,67.078],[-33.516,67.201],[-33.668,67.223],[-33.365,67.248],[-33.475,67.317],[-33.421,67.338],[-33.598,67.372],[-33.274,67.401],[-33.366,67.551],[-33.057,67.633],[-33.202,67.694],[-32.927,67.689],[-32.542,67.868],[-32.14,67.851],[-32.179,67.922],[-32.037,67.927],[-32.146,68.05],[-31.996,68.05],[-32.052,68.156],[-32.454,68.208],[-32.071,68.194],[-32.209,68.348],[-32.501,68.429],[-32.571,68.51],[-32.4,68.544],[-32.487,68.624],[-32.371,68.579],[-32.315,68.444],[-32.125,68.475],[-32.158,68.398],[-31.991,68.26],[-31.529,68.236],[-31.749,68.214],[-31.694,68.099],[-31.437,68.082],[-31.503,68.134],[-31.404,68.163],[-31.337,68.146],[-31.454,68.132],[-31.017,68.041],[-30.45,68.062],[-30.495,68.185],[-30.817,68.256],[-30.402,68.222],[-30.338,68.099],[-30.056,68.112],[-30.123,68.225],[-30.303,68.256],[-29.993,68.251],[-30.069,68.321],[-29.853,68.416],[-29.772,68.308],[-29.378,68.201],[-29.474,68.25],[-29.097,68.31],[-29.172,68.4],[-28.852,68.329],[-28.508,68.448],[-28.253,68.441],[-28.357,68.503],[-28.01,68.458],[-27.98,68.571],[-27.781,68.469],[-27.602,68.495],[-27.756,68.522],[-27.582,68.579],[-27.238,68.54],[-27.337,68.601],[-27.047,68.581],[-26.744,68.705],[-26.417,68.659],[-26.285,68.696],[-26.262,68.787],[-25.944,68.79],[-25.578,68.915],[-25.702,68.962],[-25.45,68.968],[-25.656,69.009],[-25.548,69.033],[-25.656,69.092],[-25.251,69.038],[-24.775,67.858]],[[-60.075,45.797],[-60.127,45.869],[-59.805,45.936],[-59.958,46.027],[-59.811,46.17],[-60.136,46.252],[-60.205,46.142],[-60.29,46.156],[-60.205,46.242],[-60.351,46.312],[-60.653,46.072],[-60.401,46.218],[-60.301,46.219],[-60.791,45.94],[-60.699,45.891],[-60.4,45.998],[-60.737,45.774],[-60.732,45.684],[-60.838,45.642],[-60.807,45.721],[-60.913,45.756],[-61.148,45.708],[-60.914,45.854],[-61.071,45.895],[-60.815,45.937],[-60.736,46.057],[-61.01,45.941],[-61.119,45.949],[-60.632,46.118],[-60.427,46.284],[-60.475,46.32],[-60.606,46.211],[-60.352,46.601],[-60.4,46.67],[-60.306,46.834],[-60.496,46.895],[-60.396,47.026],[-60.603,47.034],[-61.552,46.022],[-61.442,45.682],[-61.285,45.548],[-60.871,45.646],[-60.672,45.574],[-60.075,45.797]],[[-61.977,46.455],[-63.238,46.407],[-63.332,46.499],[-63.457,46.467],[-63.677,46.568],[-63.709,46.444],[-63.826,46.519],[-63.936,46.478],[-63.834,46.612],[-64.093,46.78],[-63.975,46.894],[-63.997,47.067],[-64.417,46.683],[-64.145,46.598],[-64.073,46.642],[-64.134,46.416],[-63.737,46.396],[-63.8,46.332],[-63.602,46.217],[-63.233,46.145],[-63.142,46.198],[-63.271,46.197],[-63.196,46.272],[-62.963,46.32],[-63.117,46.216],[-62.878,46.156],[-63.031,46.067],[-62.909,46.072],[-62.751,45.951],[-62.486,45.99],[-62.572,46.039],[-62.473,46.063],[-62.464,46.135],[-62.599,46.211],[-62.497,46.183],[-62.586,46.228],[-62.437,46.216],[-62.497,46.272],[-62.366,46.271],[-62.36,46.361],[-61.977,46.455]],[[-56.236,46.872],[-56.35,46.985],[-56.252,47.044],[-56.355,47.141],[-56.378,46.799],[-56.236,46.872]],[[-61.555,47.615],[-61.469,47.622],[-61.534,47.552],[-61.382,47.637],[-61.562,47.627],[-61.926,47.413],[-62.011,47.225],[-61.793,47.24],[-61.966,47.283],[-61.593,47.561],[-61.859,47.424],[-61.555,47.615]],[[-52.658,47.661],[-52.773,47.801],[-52.876,47.588],[-53.129,47.417],[-53.195,47.437],[-53.184,47.561],[-53.26,47.559],[-53.17,47.609],[-53.262,47.614],[-53.156,47.684],[-53.207,47.736],[-52.837,48.105],[-52.923,48.171],[-53.061,48.052],[-53.276,48.016],[-53.499,47.746],[-53.554,47.539],[-53.67,47.527],[-53.666,47.684],[-53.763,47.626],[-53.929,47.852],[-53.792,47.775],[-53.725,47.89],[-53.787,47.903],[-53.697,47.897],[-53.609,48.054],[-53.776,47.999],[-53.908,48.021],[-53.663,48.061],[-53.905,48.085],[-53.941,48.177],[-53.925,48.237],[-53.639,48.169],[-53.369,48.294],[-53.355,48.387],[-53.187,48.355],[-52.985,48.555],[-53.077,48.704],[-53.244,48.526],[-53.437,48.616],[-53.615,48.41],[-53.582,48.527],[-53.633,48.451],[-53.725,48.432],[-53.615,48.499],[-53.657,48.547],[-53.856,48.368],[-53.855,48.475],[-54.137,48.355],[-54.164,48.391],[-53.749,48.52],[-53.711,48.561],[-53.959,48.547],[-53.604,48.677],[-53.726,48.66],[-53.835,48.75],[-53.917,48.673],[-53.794,48.678],[-53.931,48.63],[-54.02,48.746],[-53.878,48.748],[-53.918,48.801],[-53.8,48.815],[-53.844,48.839],[-54.198,48.774],[-53.811,48.931],[-53.883,48.993],[-53.725,49.014],[-53.838,49.034],[-53.59,49.052],[-53.622,49.117],[-53.454,49.242],[-53.493,49.288],[-54.045,49.482],[-54.232,49.363],[-54.219,49.417],[-54.373,49.422],[-54.483,49.268],[-54.431,49.473],[-54.534,49.445],[-54.469,49.546],[-54.817,49.276],[-54.834,49.41],[-54.88,49.289],[-55.034,49.23],[-55.013,49.349],[-55.082,49.363],[-55.054,49.294],[-55.288,49.195],[-55.278,49.106],[-55.184,49.123],[-55.383,49.047],[-55.136,49.541],[-55.315,49.535],[-55.236,49.39],[-55.315,49.315],[-55.289,49.401],[-55.445,49.356],[-55.315,49.452],[-55.432,49.425],[-55.37,49.507],[-55.569,49.363],[-55.521,49.494],[-55.657,49.384],[-55.679,49.473],[-55.788,49.452],[-55.719,49.476],[-55.822,49.522],[-56.131,49.429],[-55.901,49.562],[-55.939,49.61],[-55.836,49.692],[-55.968,49.703],[-56.165,49.575],[-56.002,49.753],[-55.465,49.963],[-55.493,50.014],[-55.746,49.932],[-55.959,50.041],[-56.192,49.925],[-56.062,50.083],[-56.117,50.158],[-56.857,49.548],[-56.782,49.729],[-56.905,49.754],[-56.768,49.83],[-56.672,50.13],[-56.444,50.304],[-56.5,50.391],[-56.412,50.377],[-56.1,50.669],[-56.162,50.721],[-56.161,50.878],[-56.104,50.905],[-56.081,50.721],[-55.733,51.083],[-55.764,51.217],[-55.966,51.159],[-56.076,51.233],[-56.014,51.275],[-56.09,51.371],[-55.596,51.309],[-55.458,51.463],[-55.535,51.508],[-55.404,51.563],[-55.514,51.604],[-55.729,51.577],[-55.643,51.473],[-55.89,51.501],[-55.823,51.624],[-55.893,51.628],[-56.665,51.35],[-56.795,51.241],[-56.795,51.138],[-56.98,51.055],[-56.901,51.018],[-57.089,51.021],[-56.926,50.918],[-57.166,50.753],[-57.397,50.709],[-57.155,50.626],[-57.355,50.607],[-57.94,49.705],[-57.878,49.532],[-57.7,49.463],[-57.871,49.507],[-57.897,49.439],[-58.001,49.562],[-58.229,49.371],[-58.193,49.243],[-57.926,49.247],[-58.08,49.147],[-57.85,49.185],[-58.135,49.127],[-58.046,48.996],[-57.885,48.972],[-58.069,48.979],[-58.213,49.074],[-58.357,49.062],[-58.398,49.137],[-58.714,48.568],[-58.959,48.616],[-58.769,48.78],[-59.262,48.473],[-58.703,48.555],[-58.272,48.521],[-58.604,48.404],[-58.495,48.458],[-58.57,48.44],[-59.406,47.897],[-59.283,47.759],[-59.308,47.623],[-59.146,47.561],[-58.426,47.637],[-58.35,47.74],[-58.261,47.753],[-58.355,47.649],[-57.885,47.697],[-57.919,47.65],[-57.768,47.616],[-57.172,47.637],[-57.147,47.572],[-56.791,47.53],[-56.706,47.568],[-56.754,47.637],[-56.676,47.577],[-56.7,47.622],[-56.336,47.616],[-56.309,47.753],[-56.302,47.629],[-56.181,47.631],[-56.151,47.842],[-56.059,47.7],[-55.86,47.791],[-55.78,47.958],[-55.739,47.924],[-55.914,47.659],[-55.63,47.677],[-56.162,47.492],[-55.747,47.588],[-55.917,47.457],[-55.918,47.437],[-55.638,47.545],[-55.589,47.512],[-55.664,47.437],[-55.589,47.458],[-55.599,47.399],[-55.407,47.501],[-55.397,47.616],[-55.47,47.627],[-55.427,47.72],[-55.356,47.732],[-55.362,47.654],[-55.13,47.664],[-55.131,47.584],[-54.938,47.787],[-55.088,47.602],[-54.699,47.671],[-55.184,47.46],[-55.487,47.14],[-55.87,47.075],[-55.98,46.97],[-55.739,46.854],[-55.528,46.944],[-55.418,46.867],[-55.251,46.919],[-55.196,47.07],[-55.155,47.013],[-55.075,47.081],[-55.136,47.17],[-55.027,47.173],[-54.838,47.419],[-54.664,47.376],[-54.417,47.609],[-54.616,47.369],[-54.404,47.451],[-54.458,47.499],[-54.198,47.833],[-54.267,47.903],[-54.125,47.828],[-54.082,47.875],[-53.893,47.599],[-53.923,47.454],[-53.808,47.424],[-53.996,47.317],[-53.932,47.234],[-54.01,47.234],[-54.189,46.828],[-53.948,46.858],[-53.56,47.205],[-53.499,47.136],[-53.643,46.985],[-53.521,46.945],[-53.645,46.801],[-53.544,46.886],[-53.486,46.903],[-53.636,46.711],[-53.555,46.618],[-53.355,46.739],[-53.389,46.684],[-53.266,46.739],[-53.193,46.628],[-53.067,46.666],[-52.854,47.026],[-52.938,47.088],[-52.66,47.446],[-52.658,47.661]],[[-63.925,49.675],[-63.641,49.513],[-63.587,49.39],[-63.093,49.233],[-62.248,49.068],[-61.812,49.069],[-61.661,49.151],[-61.883,49.354],[-63.124,49.784],[-64.214,49.952],[-64.491,49.891],[-64.425,49.808],[-63.925,49.675]],[[-57.857,54.803],[-57.844,54.825],[-57.988,54.804],[-57.941,54.926],[-58.227,54.871],[-58.157,54.764],[-57.857,54.803]],[[-53.544,48.207],[-53.677,48.15],[-53.931,48.208],[-53.824,48.096],[-53.538,48.13],[-53.544,48.207]],[[-54.263,49.571],[-53.979,49.664],[-54.11,49.754],[-54.267,49.673],[-54.263,49.571]],[[-47.653,60.759],[-47.809,60.746],[-47.757,60.807],[-47.969,60.841],[-48.236,60.8],[-48.071,60.701],[-47.653,60.759]],[[-50.822,64.485],[-50.806,64.528],[-51.032,64.551],[-51.182,64.398],[-51.162,64.301],[-51.339,64.246],[-51.231,64.225],[-50.822,64.485]],[[-51.299,64.381],[-51.094,64.57],[-51.265,64.562],[-51.516,64.387],[-51.299,64.381]],[[-43.64,59.869],[-43.961,59.978],[-44.118,59.834],[-43.916,59.897],[-43.897,59.793],[-43.789,59.889],[-43.791,59.816],[-43.64,59.869]],[[-43.997,60.01],[-44.224,60.022],[-44.399,59.909],[-44.193,59.903],[-44.153,59.986],[-44.162,59.926],[-43.997,60.01]],[[-44.073,60.176],[-44.13,60.142],[-43.941,60.049],[-43.722,60.063],[-43.919,60.005],[-43.671,59.998],[-43.59,59.923],[-43.481,60.039],[-43.576,60.081],[-43.141,60.032],[-44.073,60.176]],[[-44.399,59.953],[-44.202,60.047],[-44.419,60.15],[-44.495,60.011],[-44.378,60.081],[-44.399,59.953]],[[-45.153,60.382],[-45.334,60.396],[-45.411,60.195],[-45.196,60.269],[-45.153,60.382]],[[-41.863,62.746],[-42.349,62.813],[-42.446,62.753],[-42.386,62.687],[-41.863,62.746]],[[-41.099,63.222],[-41.681,63.497],[-41.863,63.473],[-41.415,63.232],[-41.099,63.222]],[[-40.631,64.206],[-40.623,64.227],[-40.732,64.234],[-40.678,64.295],[-40.827,64.314],[-41.062,64.234],[-40.631,64.206]],[[-40.143,64.487],[-40.479,64.583],[-40.376,64.617],[-40.548,64.71],[-40.439,64.741],[-40.5,64.83],[-40.717,64.932],[-40.87,64.905],[-40.602,64.72],[-40.493,64.494],[-40.143,64.487]],[[-37.272,65.761],[-37.693,65.905],[-37.954,65.796],[-37.987,65.701],[-37.907,65.588],[-37.738,65.569],[-37.628,65.604],[-37.711,65.654],[-37.601,65.597],[-37.313,65.679],[-37.497,65.72],[-37.415,65.734],[-37.477,65.788],[-37.272,65.761]],[[-25.157,37.755],[-25.135,37.822],[-25.681,37.843],[-25.765,37.912],[-25.859,37.854],[-25.704,37.744],[-25.157,37.755]],[[-28.041,38.409],[-28.375,38.55],[-28.549,38.529],[-28.46,38.406],[-28.041,38.409]],[[-27.023,38.703],[-27.116,38.786],[-27.392,38.759],[-27.328,38.666],[-27.06,38.641],[-27.023,38.703]],[[-16.848,32.644],[-16.673,32.759],[-17.185,32.874],[-17.252,32.815],[-17.181,32.726],[-16.848,32.644]],[[-6.827,61.472],[-6.678,61.394],[-6.646,61.408],[-6.784,61.465],[-6.678,61.48],[-6.806,61.554],[-6.716,61.568],[-6.963,61.629],[-6.827,61.472]],[[-7.432,62.148],[-7.202,62.02],[-7.038,62.089],[-7.216,62.164],[-7.432,62.148]],[[-6.702,61.944],[-6.716,62.034],[-6.846,62.054],[-6.779,62.066],[-6.901,62.102],[-6.847,62.142],[-6.997,62.184],[-7.073,62.29],[-7.195,62.315],[-7.214,62.165],[-7.038,62.089],[-6.702,61.944]],[[-6.74,62.101],[-6.812,62.191],[-6.754,62.182],[-6.691,62.073],[-6.592,62.109],[-6.668,62.15],[-6.564,62.136],[-6.814,62.293],[-6.907,62.239],[-6.888,62.321],[-7.055,62.316],[-6.74,62.101]]],[[[-65.315,45.459],[-64.772,45.614],[-64.641,45.724],[-64.572,45.861],[-64.704,45.999],[-64.749,46.09],[-64.531,45.902],[-64.546,45.732],[-64.347,45.889],[-64.276,45.842],[-64.265,45.765],[-64.333,45.745],[-64.306,45.827],[-64.381,45.792],[-64.902,45.43],[-64.929,45.326],[-64.759,45.3],[-64.576,45.416],[-63.36,45.361],[-64.115,45.216],[-64.199,45.149],[-64.101,45.059],[-64.155,44.984],[-64.223,45.108],[-64.368,45.108],[-64.33,45.31],[-64.478,45.341],[-64.415,45.272],[-65.219,44.963],[-65.41,45.357],[-65.315,45.459]]]]},"properties":{"realm":18,"name":"Offshore & NW North Atlantic","group":6,"group_name":"Mid-Atlantic, Pacific and Indian Oceans, coastal tropics and warm-temperate areas","pct_unique":26,"species":7591,"color":"#e07bc6","area_km2":16347796}},{"type":"Feature","geometry":{"type":"MultiPolygon","coordinates":[[[[74.972,-10.445],[75.502,-9.91],[75.749,-9.411],[75.71,-8.807],[75.151,-6.613],[74.92,-2.312],[75.014,1.452],[75.587,3.542],[75.834,4.064],[76.167,4.346],[76.755,4.592],[79.64,5.084],[80.653,5.062],[83.166,4.76],[83.85,4.769],[84.356,4.879],[84.747,5.09],[84.945,5.349],[85.064,5.876],[85.161,7.902],[85.335,8.488],[85.607,8.823],[86.369,9.333],[87.116,9.49],[88.2,9.312],[88.957,8.93],[89.213,8.662],[89.398,8.206],[90.0,7.633401709401707],[90.0,-42.67669258373206],[88.627,-42.836],[87.046,-43.179],[85.662,-43.685],[84.03,-44.601],[82.482,-44.929],[79.603,-45.165],[75.648,-45.23],[74.581,-45.143],[72.269,-44.002],[71.733,-43.879],[69.089,-44.064],[65.827,-44.167],[62.295,-44.646],[61.25,-44.634],[59.873,-44.49],[58.257,-44.138],[54.749,-42.678],[53.517,-42.303],[50.798,-41.82],[49.594,-41.749],[44.815,-42.22],[42.325,-42.273],[39.589,-42.446],[35.948,-42.322],[34.87,-42.563],[32.795,-43.334],[29.353,-44.119],[27.269,-44.249],[25.039,-44.096],[24.995,-40.386],[25.056,-39.706],[26.434,-39.611],[28.548,-39.258],[31.108,-39.113],[39.302,-38.271],[42.263,-37.472],[44.629,-36.656],[47.089,-35.919],[48.435,-35.606],[49.953,-35.016],[50.111,-31.33],[50.023,-30.777],[50.069,-30.149],[49.996,-29.951],[49.117,-29.812],[45.174,-29.646],[41.418,-28.877],[39.578,-28.354],[36.127,-28.032],[35.747,-27.748],[35.236,-26.444],[35.076,-25.261],[35.192,-25.018],[35.492,-24.955],[37.242,-25.156],[40.253,-25.155],[41.776,-25.242],[43.081,-25.506],[44.842,-26.174],[45.931,-26.303],[47.418,-26.189],[49.875,-25.762],[52.683,-25.497],[54.946,-25.15],[58.924,-25.204],[59.978,-24.992],[60.845,-24.561],[62.669,-22.81],[63.238,-22.005],[63.748,-20.82],[64.222,-19.317],[64.352,-18.258],[64.355,-17.534],[64.157,-16.449],[63.355,-14.644],[63.108,-13.889],[62.965,-12.968],[62.801,-10.562],[62.558,-9.607],[62.353,-9.192],[61.439,-8.141],[60.074,-6.956],[58.511,-5.076],[57.847,-3.963],[55.203,-0.802],[54.37,-0.116],[52.678,1.027],[50.571,1.579],[49.713,1.936],[49.274,2.352],[49.112,2.994],[49.156,3.776],[49.287,4.282],[49.589,4.698],[50.281,5.127],[50.638,5.484],[50.924,6.121],[51.352,7.864],[51.647,8.421],[52.104,8.76],[53.482,9.184],[54.722,9.789],[54.958,9.967],[55.126,10.261],[55.225,10.535],[55.255,11.177],[55.091,13.228],[55.1,14.086],[55.236,15.03],[55.095,16.469],[55.232,16.985],[55.541,17.24],[56.46,17.663],[57.646,18.575],[58.048,19.001],[58.44,19.771],[58.86,20.144],[60.027,20.926],[60.942,21.411],[61.864,21.671],[63.034,21.706],[63.678,21.54],[64.271,21.095],[64.627,20.525],[64.822,19.756],[64.951,18.593],[64.806,16.773],[64.859,16.464],[65.042,16.098],[65.674,15.231],[66.049,14.885],[66.681,14.608],[68.033,14.252],[68.581,13.929],[69.052,13.291],[69.464,12.449],[69.783,11.314],[69.893,10.233],[69.772,6.808],[69.487,4.894],[68.737,1.475],[68.544,-1.478],[68.692,-2.944],[69.325,-4.641],[69.514,-5.408],[69.362,-7.249],[69.401,-7.853],[69.57,-8.293],[69.929,-8.824],[70.417,-9.349],[71.112,-9.888],[72.368,-10.46],[74.003,-10.729],[74.555,-10.654],[74.972,-10.445]]],[[[92.674,5.09],[94.111,4.085],[94.71,3.38],[94.915,2.826],[98.765,-0.955],[98.658,-0.963],[98.594,-1.198],[98.826,-1.612],[99.131,-1.797],[99.198,-1.946],[99.739,-4.269],[100.103,-5.094],[100.904,-6.076],[103.334,-8.185],[104.138,-9.112],[107.82,-16.104],[108.171,-16.698],[109.612,-18.411],[109.929,-19.128],[110.663,-20.395],[110.659,-20.577],[110.405,-21.162],[110.362,-21.648],[110.724,-23.837],[110.8,-24.769],[110.771,-25.215],[110.227,-27.848],[110.205,-28.688],[110.318,-29.179],[110.528,-29.513],[110.728,-29.661],[111.745,-30.009],[114.988,-30.142],[115.092,-30.598],[114.862,-30.629],[114.654,-30.864],[114.365,-31.549],[114.245,-32.725],[113.633,-34.425],[113.41,-35.992],[113.486,-37.325],[113.833,-38.759],[114.514,-43.03],[111.4,-42.83],[107.774,-42.964],[103.539,-42.631],[102.516,-42.646],[101.52,-42.77],[99.49,-43.373],[97.988,-43.502],[96.72,-43.399],[93.491,-42.811],[92.272,-42.668],[90.299,-42.642],[90.0,-42.67669258373206],[90.0,7.633401709401707],[92.674,5.09]]]]},"properties":{"realm":19,"name":"Offshore Indian Ocean","group":6,"group_name":"Mid-Atlantic, Pacific and Indian Oceans, coastal tropics and warm-temperate areas","pct_unique":43,"species":3486,"color":"#86d345","area_km2":31142809}},{"type":"Feature","geometry":{"type":"MultiPolygon","coordinates":[[[[159.42,44.837],[159.101,44.036],[158.613,43.316],[155.872,40.536],[155.016,39.318],[145.921,24.699],[144.315,23.205],[143.485,21.565],[142.573,19.455],[141.839,17.418],[141.218,15.228],[140.721,13.0],[140.354,10.57],[140.21,8.299],[140.275,6.29],[140.567,4.538],[140.579,3.892],[140.279,2.607],[139.65,1.469],[138.823,0.67],[137.962,0.237],[135.462,-0.368],[133.29,-0.63],[132.975,-0.445],[132.437,-0.347],[132.151,-0.436],[131.898,-0.655],[130.582,-0.577],[129.889,-0.494],[129.902,-0.408],[129.858,-0.49],[129.302,-0.4],[127.931,-0.102],[127.878,0.325],[127.96,0.483],[128.461,0.395],[128.9,0.208],[128.69,0.347],[128.681,0.555],[128.365,0.644],[128.214,0.774],[128.3,0.894],[128.701,1.071],[128.719,1.571],[128.437,1.539],[128.205,1.39],[128.092,1.257],[128.179,1.154],[127.994,1.083],[127.852,0.812],[127.628,0.937],[128.015,1.305],[128.015,1.719],[127.846,1.851],[128.047,2.204],[127.935,2.188],[127.63,1.835],[127.399,1.209],[127.404,1.043],[127.492,1.055],[127.495,0.905],[127.625,0.832],[127.527,0.561],[127.716,0.313],[127.686,-0.051],[127.46,-0.004],[127.452,0.14],[127.397,0.009],[126.434,0.268],[125.645,0.685],[125.063,1.258],[125.144,1.421],[125.249,1.485],[125.175,1.678],[125.005,1.741],[124.83,1.528],[124.197,2.399],[123.623,3.411],[122.795,5.398],[122.298,7.319],[122.479,7.54],[122.486,7.667],[122.66,7.788],[122.815,7.743],[122.807,7.466],[122.917,7.548],[123.007,7.472],[123.118,7.741],[123.187,7.626],[123.141,7.513],[123.28,7.52],[123.431,7.369],[123.354,7.572],[123.486,7.664],[123.457,7.811],[123.609,7.836],[123.959,7.674],[124.247,7.404],[123.975,6.965],[124.072,6.402],[124.229,6.197],[124.939,5.864],[125.069,5.862],[125.158,6.109],[125.251,6.093],[125.278,5.979],[125.181,5.798],[125.308,5.58],[125.403,5.581],[125.711,6.111],[125.59,6.499],[125.378,6.674],[125.668,7.257],[125.853,7.336],[125.983,6.921],[126.079,6.843],[126.095,6.514],[126.2,6.283],[126.257,6.745],[126.172,6.904],[126.243,6.919],[126.34,6.787],[126.324,6.978],[126.452,6.984],[126.618,7.277],[126.583,7.719],[126.383,7.886],[126.466,8.096],[126.459,8.24],[126.339,8.215],[126.405,8.493],[126.158,8.528],[126.111,8.607],[126.255,8.685],[126.345,8.853],[126.179,9.093],[126.22,9.306],[126.058,9.246],[125.994,9.398],[125.911,9.405],[125.967,9.447],[125.973,9.48],[125.644,9.611],[125.589,9.755],[125.459,9.823],[125.399,9.681],[125.527,9.026],[125.312,8.994],[125.209,9.086],[125.187,8.876],[125.106,8.83],[124.809,9.009],[124.753,8.5],[124.643,8.432],[124.657,8.515],[124.406,8.608],[124.232,8.213],[123.969,8.168],[123.676,7.963],[123.883,8.164],[123.845,8.452],[123.759,8.607],[123.617,8.671],[123.581,8.583],[123.411,8.726],[123.436,8.649],[123.318,8.534],[123.042,8.49],[122.945,8.162],[122.679,8.164],[122.212,7.918],[122.16,10.198],[122.183,10.609],[122.745,10.796],[122.789,10.976],[123.131,11.183],[123.175,11.467],[123.164,11.598],[122.901,11.438],[122.945,11.522],[122.83,11.605],[122.725,11.612],[122.622,11.509],[122.282,11.775],[122.48,13.396],[122.571,13.185],[122.692,13.237],[122.567,13.564],[122.636,13.537],[122.526,13.618],[122.604,13.902],[122.863,13.695],[122.859,13.606],[123.169,13.449],[123.301,13.236],[123.301,13.02],[123.441,13.037],[123.605,12.893],[123.698,12.931],[123.725,12.845],[123.893,12.975],[124.025,12.955],[124.002,12.88],[123.794,12.831],[123.983,12.547],[124.095,12.557],[124.129,12.677],[124.185,13.057],[124.082,13.01],[123.883,13.146],[123.746,13.064],[123.768,13.224],[123.856,13.229],[123.527,13.606],[123.57,13.723],[123.966,13.715],[123.938,13.784],[123.712,13.934],[123.681,13.885],[123.445,13.962],[123.417,13.906],[123.332,14.1],[123.218,13.993],[123.29,13.935],[123.335,13.982],[123.302,13.789],[123.108,13.722],[123.042,14.098],[122.76,14.324],[123.896,16.52],[124.241,17.53],[124.329,18.632],[124.19,21.396],[124.268,22.078],[124.486,22.914],[125.061,24.346],[125.298,24.726],[125.453,24.745],[125.345,24.794],[126.066,25.78],[126.397,26.382],[126.706,27.259],[126.988,28.499],[127.061,29.294],[127.026,30.266],[126.872,31.918],[126.627,33.255],[126.841,33.31],[126.954,33.465],[126.823,33.559],[126.566,33.528],[126.322,34.571],[126.54,34.563],[126.48,34.349],[126.603,34.3],[126.634,34.396],[126.761,34.479],[126.778,34.586],[126.81,34.451],[126.898,34.418],[127.01,34.612],[127.248,34.767],[127.358,34.698],[127.275,34.705],[127.247,34.584],[127.193,34.575],[127.213,34.637],[127.125,34.541],[127.344,34.445],[127.439,34.541],[127.396,34.563],[127.349,34.586],[127.504,34.591],[127.365,34.824],[127.517,34.891],[127.561,34.662],[127.641,34.618],[127.624,34.698],[127.742,34.726],[127.776,34.849],[127.657,34.812],[127.575,34.914],[127.719,34.99],[127.891,34.947],[128.069,35.082],[128.056,34.932],[128.335,34.947],[128.435,34.843],[128.488,35.051],[128.371,35.014],[128.478,35.099],[128.652,35.061],[128.578,35.179],[128.602,35.214],[128.7,35.096],[128.958,35.137],[129.0,35.046],[129.064,35.121],[129.194,35.156],[129.36,35.354],[129.587,36.017],[129.555,36.082],[129.453,35.993],[129.381,36.041],[129.474,36.731],[129.331,37.282],[128.632,38.145],[128.348,38.697],[128.015,38.858],[127.759,39.117],[127.393,39.202],[127.392,39.342],[127.473,39.348],[127.378,39.379],[127.495,39.433],[127.562,39.316],[127.521,39.747],[127.875,39.893],[128.007,40.045],[128.328,40.028],[128.665,40.201],[128.636,40.313],[129.078,40.473],[129.233,40.706],[129.717,40.835],[129.765,40.944],[129.712,41.123],[129.806,41.376],[129.649,41.549],[129.775,41.759],[129.852,41.765],[130.073,42.078],[130.401,42.242],[130.407,42.325],[130.704,42.295],[130.873,42.528],[130.73,42.579],[130.694,42.685],[130.95,42.653],[130.815,42.634],[130.89,42.6],[131.12,42.667],[131.22,42.555],[131.273,42.777],[131.472,42.873],[131.394,42.945],[131.565,42.996],[131.816,43.337],[131.968,43.271],[132.052,43.315],[131.85,43.1],[131.93,43.07],[132.346,43.298],[132.312,42.845],[132.404,42.942],[132.578,42.84],[132.763,42.908],[132.816,42.756],[132.99,42.827],[133.079,42.75],[133.024,42.699],[133.158,42.688],[133.593,42.853],[133.927,42.883],[134.194,43.08],[135.14,43.508],[135.224,43.645],[135.182,43.711],[135.426,43.763],[135.519,43.881],[135.464,43.95],[135.624,44.038],[135.656,44.169],[135.889,44.402],[136.165,44.497],[136.365,44.793],[141.759,44.863],[141.792,44.597],[141.655,44.277],[141.659,43.984],[141.337,43.713],[141.44,43.408],[141.397,43.28],[141.169,43.141],[141.011,43.229],[140.796,43.196],[140.473,43.374],[140.329,43.251],[140.521,42.996],[140.282,42.757],[140.183,42.81],[139.843,42.627],[139.787,42.247],[140.145,41.983],[139.984,41.56],[140.038,41.443],[140.209,41.401],[140.432,41.531],[140.453,41.681],[140.66,41.827],[140.708,41.746],[141.006,41.712],[141.2,41.799],[140.714,42.133],[140.549,42.106],[140.292,42.26],[140.325,42.433],[140.458,42.564],[140.734,42.564],[140.977,42.3],[141.428,42.564],[141.817,42.6],[143.242,41.928],[143.349,42.319],[143.886,42.844],[144.323,43.003],[144.742,42.924],[144.799,43.047],[145.014,42.989],[145.003,43.045],[145.168,43.079],[145.138,43.128],[145.531,43.169],[145.629,43.31],[145.825,43.374],[145.662,43.38],[145.517,43.229],[145.258,43.327],[145.394,43.305],[145.071,43.775],[145.372,44.249],[145.341,44.346],[144.788,43.922],[144.449,43.942],[144.448,43.942],[144.43,43.943],[144.243,44.119],[144.153,44.02],[144.119,44.129],[143.728,44.113],[143.68,44.182],[143.777,44.189],[143.405,44.317],[142.667,44.865],[147.363,44.903],[147.217,44.799],[147.109,44.827],[147.204,44.755],[147.129,44.647],[146.999,44.663],[147.001,44.566],[146.937,44.625],[146.858,44.462],[146.958,44.421],[147.642,44.907],[160.158,45.067],[159.42,44.837]],[[124.624,9.802],[124.55,9.862],[124.589,10.024],[124.331,10.162],[124.159,10.131],[123.801,9.758],[123.892,9.632],[124.065,9.595],[124.339,9.619],[124.624,9.802]],[[123.571,10.779],[123.535,10.905],[123.214,10.996],[123.003,10.913],[122.972,10.721],[122.815,10.515],[122.873,10.1],[122.708,9.986],[122.475,9.974],[122.395,9.843],[122.403,9.699],[122.552,9.491],[122.845,9.347],[123.033,9.035],[123.23,9.108],[123.318,9.257],[123.136,9.645],[123.571,10.779]],[[124.046,11.277],[123.723,10.494],[123.387,9.974],[123.328,9.408],[123.48,9.549],[123.653,10.064],[124.015,10.372],[124.046,11.277]],[[122.737,10.64],[122.67,10.762],[122.482,10.503],[122.537,10.419],[122.737,10.64]],[[125.26,10.261],[125.271,10.35],[125.194,10.603],[125.014,10.755],[125.054,11.011],[125.042,11.248],[124.966,11.294],[124.984,11.381],[124.846,11.433],[124.63,11.304],[124.301,11.543],[124.404,11.303],[124.396,10.934],[124.514,10.874],[124.622,11.002],[124.779,10.821],[124.78,10.152],[125.032,10.02],[124.991,10.381],[125.137,10.229],[125.26,10.261]],[[124.616,11.498],[124.556,11.66],[124.349,11.68],[124.486,11.488],[124.616,11.498]],[[125.761,11.023],[125.694,11.193],[125.555,11.212],[125.638,11.368],[125.466,11.612],[125.446,11.947],[125.525,12.057],[125.459,12.126],[125.538,12.183],[125.315,12.296],[125.35,12.399],[125.272,12.499],[125.166,12.578],[125.05,12.529],[124.877,12.591],[124.877,12.533],[124.679,12.516],[124.363,12.544],[124.283,12.571],[124.493,12.098],[124.68,12.03],[124.892,11.761],[125.044,11.758],[124.978,11.593],[124.828,11.509],[125.007,11.426],[125.001,11.29],[125.172,11.265],[125.247,11.092],[125.317,11.15],[125.528,11.09],[125.564,11.157],[125.761,11.023]],[[124.069,11.728],[124.0,12.008],[124.05,11.971],[123.89,12.208],[123.795,12.247],[123.794,12.187],[123.434,12.519],[123.326,12.438],[123.356,12.549],[123.235,12.593],[123.218,12.228],[123.295,12.217],[123.16,11.918],[123.485,12.218],[123.743,11.927],[124.069,11.728]],[[122.67,12.318],[122.649,12.473],[122.445,12.484],[122.432,12.41],[122.67,12.318]],[[123.733,12.591],[123.609,12.687],[123.583,12.624],[123.763,12.378],[123.733,12.591]],[[123.376,12.694],[122.992,13.154],[122.951,13.044],[123.376,12.694]],[[124.418,13.873],[124.308,13.906],[124.216,14.086],[124.137,14.078],[124.047,13.606],[124.188,13.523],[124.252,13.599],[124.335,13.558],[124.418,13.873]],[[125.644,3.515],[125.442,3.737],[125.507,3.463],[125.603,3.398],[125.644,3.515]],[[126.18,9.801],[126.071,10.059],[125.966,9.85],[126.093,9.761],[126.18,9.801]],[[125.715,9.881],[125.65,10.462],[125.522,10.317],[125.494,10.144],[125.715,9.881]],[[126.922,4.282],[126.796,4.55],[126.697,4.397],[126.711,4.264],[126.803,4.223],[126.665,4.034],[126.759,3.993],[126.922,4.282]],[[128.695,2.439],[128.566,2.634],[128.358,2.498],[128.197,2.266],[128.269,1.995],[128.567,2.11],[128.695,2.439]],[[128.255,26.886],[128.057,26.645],[127.878,26.695],[127.96,26.564],[127.723,26.43],[127.652,26.084],[127.797,26.14],[127.828,26.316],[127.92,26.31],[127.852,26.441],[128.138,26.554],[128.323,26.746],[128.255,26.886]],[[128.833,32.606],[128.901,32.646],[128.808,32.8],[128.661,32.783],[128.6,32.614],[128.773,32.572],[128.825,32.602],[128.826,32.599],[128.833,32.606]],[[129.343,34.293],[129.207,34.329],[129.172,34.107],[129.248,34.1],[129.343,34.293]],[[129.473,34.579],[129.465,34.701],[129.323,34.648],[129.229,34.356],[129.309,34.384],[129.368,34.307],[129.473,34.579]],[[128.07,34.815],[127.962,34.807],[127.873,34.924],[127.868,34.722],[128.052,34.729],[128.07,34.815]],[[128.721,35.027],[128.611,34.955],[128.646,34.891],[128.488,34.869],[128.605,34.835],[128.584,34.705],[128.734,34.788],[128.721,35.027]],[[129.673,28.51],[129.644,28.44],[129.264,28.329],[129.271,28.255],[129.146,28.25],[129.376,28.12],[129.447,28.291],[129.694,28.429],[129.673,28.51]],[[130.577,30.236],[130.675,30.375],[130.467,30.457],[130.376,30.394],[130.438,30.239],[130.577,30.236]],[[130.189,32.522],[130.003,32.533],[129.98,32.333],[130.064,32.307],[129.961,32.252],[129.995,32.191],[130.203,32.339],[130.189,32.522]],[[131.297,-0.159],[130.825,-0.004],[130.359,-0.127],[130.338,-0.08],[130.297,-0.165],[130.406,-0.127],[130.424,-0.199],[130.217,-0.201],[130.524,-0.258],[130.547,-0.436],[130.688,-0.291],[130.733,-0.442],[130.948,-0.367],[130.751,-0.288],[130.65,-0.08],[130.97,-0.358],[131.238,-0.389],[131.297,-0.159]],[[131.062,30.841],[130.851,30.47],[130.87,30.344],[130.962,30.373],[131.062,30.841]],[[131.737,32.492],[131.705,32.582],[131.882,32.783],[131.997,32.811],[131.995,32.904],[132.084,32.933],[131.903,32.983],[131.93,33.047],[132.009,33.051],[131.996,33.092],[131.81,33.128],[131.903,33.266],[131.51,33.273],[131.506,33.363],[131.596,33.349],[131.737,33.485],[131.667,33.667],[131.521,33.676],[131.368,33.575],[131.103,33.624],[130.962,33.816],[131.007,33.966],[130.897,33.889],[130.692,33.937],[130.489,33.855],[130.386,33.677],[130.294,33.689],[130.399,33.669],[130.391,33.605],[130.29,33.574],[130.208,33.665],[130.093,33.573],[130.168,33.534],[130.017,33.446],[129.853,33.553],[129.871,33.443],[129.787,33.455],[129.869,33.397],[129.852,33.28],[129.673,33.399],[129.58,33.371],[129.552,33.226],[129.653,33.19],[129.687,33.142],[129.667,33.101],[129.71,33.163],[129.746,33.066],[129.946,33.016],[130.003,32.845],[129.794,32.875],[129.823,32.98],[129.682,33.094],[129.638,32.927],[129.859,32.725],[129.74,32.568],[130.094,32.795],[130.208,32.752],[130.128,32.684],[130.166,32.593],[130.361,32.688],[130.339,32.857],[130.105,32.876],[130.222,32.975],[130.128,33.121],[130.241,33.188],[130.421,33.088],[130.441,32.924],[130.611,32.785],[130.626,32.704],[130.448,32.621],[130.668,32.649],[130.512,32.338],[130.32,32.118],[130.18,32.093],[130.235,31.82],[130.171,31.79],[130.334,31.562],[130.228,31.381],[130.119,31.409],[130.208,31.337],[130.222,31.246],[130.451,31.249],[130.586,31.155],[130.66,31.271],[130.563,31.334],[130.529,31.513],[130.645,31.715],[130.776,31.71],[130.759,31.564],[130.591,31.586],[130.696,31.546],[130.795,31.344],[130.658,31.003],[131.132,31.28],[131.014,31.363],[131.072,31.45],[131.338,31.373],[131.629,32.387],[131.737,32.492]],[[134.751,33.835],[134.646,33.853],[134.703,33.937],[134.6,34.009],[134.647,34.239],[134.44,34.208],[134.144,34.392],[134.081,34.348],[133.937,34.375],[133.701,34.231],[133.558,34.259],[133.641,34.079],[133.511,33.965],[133.127,33.933],[132.942,34.141],[132.897,34.123],[132.919,34.068],[132.712,33.905],[132.677,33.716],[132.011,33.349],[132.421,33.444],[132.379,33.319],[132.526,33.315],[132.548,33.227],[132.395,33.204],[132.49,33.133],[132.382,33.02],[132.471,33.041],[132.504,32.892],[132.709,32.909],[132.628,32.752],[132.915,32.778],[133.002,32.712],[133.002,32.987],[133.225,33.159],[133.292,33.365],[133.739,33.538],[133.925,33.494],[134.177,33.236],[134.312,33.573],[134.751,33.835]],[[135.003,34.608],[134.683,34.328],[134.729,34.191],[134.958,34.27],[135.003,34.608]],[[133.341,34.348],[133.43,34.473],[133.522,34.483],[133.47,34.424],[133.7,34.526],[133.794,34.443],[133.936,34.451],[134.046,34.582],[133.937,34.587],[134.148,34.597],[134.279,34.698],[134.209,34.728],[134.354,34.705],[134.491,34.787],[134.744,34.767],[135.046,34.625],[135.413,34.692],[135.373,34.485],[135.061,34.267],[135.19,34.15],[135.123,34.137],[135.162,34.025],[135.059,33.88],[135.392,33.714],[135.328,33.671],[135.445,33.551],[135.76,33.433],[135.809,33.505],[135.96,33.593],[136.105,33.891],[136.273,33.971],[136.219,34.075],[136.337,34.184],[136.707,34.334],[136.896,34.267],[136.916,34.434],[136.551,34.602],[136.52,34.681],[136.659,34.984],[136.83,35.079],[136.886,35.089],[136.823,34.955],[136.856,34.74],[136.971,34.696],[136.916,34.776],[136.979,34.924],[137.018,34.783],[137.28,34.808],[137.341,34.727],[137.073,34.665],[137.016,34.579],[137.547,34.677],[138.233,34.595],[138.216,34.712],[138.554,35.096],[138.803,35.122],[138.908,35.031],[138.762,34.98],[138.747,34.691],[138.835,34.596],[138.994,34.65],[139.141,34.871],[139.077,35.075],[139.184,35.263],[139.544,35.308],[139.616,35.134],[139.685,35.14],[139.745,35.249],[139.648,35.298],[139.642,35.454],[139.788,35.513],[139.765,35.654],[139.789,35.603],[139.984,35.669],[140.102,35.567],[139.781,35.318],[139.866,35.246],[139.87,34.999],[139.757,34.956],[139.926,34.907],[140.135,35.123],[140.378,35.176],[140.483,35.566],[140.879,35.721],[140.646,36.013],[140.564,36.283],[140.742,36.768],[140.96,36.966],[141.008,37.134],[141.022,37.727],[140.92,37.965],[140.967,38.17],[141.079,38.361],[141.132,38.372],[141.17,38.323],[141.304,38.408],[141.525,38.268],[141.549,38.385],[141.47,38.43],[141.548,38.519],[141.467,38.57],[141.535,38.632],[141.463,38.661],[141.566,38.704],[141.522,38.768],[141.589,38.882],[141.637,38.891],[141.674,38.852],[141.638,38.985],[141.73,38.951],[141.728,39.036],[141.847,39.022],[141.817,39.091],[141.913,39.098],[141.844,39.152],[141.981,39.351],[141.905,39.33],[142.058,39.466],[141.953,39.461],[142.07,39.55],[142.036,39.639],[141.96,39.612],[142.005,39.773],[141.95,39.997],[141.842,40.07],[141.83,40.251],[141.437,40.67],[141.386,41.03],[141.461,41.43],[141.276,41.353],[140.907,41.539],[140.766,41.145],[141.206,41.265],[141.278,41.155],[141.126,40.873],[140.889,41.011],[140.852,40.884],[140.703,40.853],[140.633,41.194],[140.462,41.184],[140.342,41.266],[140.248,41.123],[140.408,41.026],[140.322,41.027],[140.271,40.812],[140.046,40.768],[139.86,40.609],[140.024,40.355],[140.011,40.235],[139.867,39.984],[139.698,39.989],[139.76,39.858],[139.921,39.899],[140.028,39.825],[139.995,39.327],[139.774,38.817],[139.493,38.454],[139.425,38.151],[138.858,37.828],[138.551,37.378],[138.245,37.184],[137.448,36.934],[137.299,36.757],[137.006,36.836],[137.047,37.099],[136.861,37.077],[136.951,37.234],[137.014,37.185],[137.23,37.292],[137.351,37.506],[136.784,37.374],[136.67,37.15],[136.768,36.981],[136.69,36.731],[136.382,36.391],[136.124,36.253],[135.963,36.0],[136.099,35.776],[136.069,35.662],[136.02,35.765],[135.956,35.728],[135.981,35.63],[135.812,35.643],[135.834,35.534],[135.53,35.493],[135.463,35.603],[135.319,35.447],[135.248,35.592],[135.188,35.545],[135.306,35.672],[135.227,35.772],[134.927,35.641],[134.537,35.672],[134.238,35.547],[133.58,35.534],[133.4,35.454],[133.265,35.496],[133.309,35.577],[133.091,35.601],[132.635,35.441],[132.639,35.295],[131.858,34.715],[131.597,34.66],[131.414,34.424],[131.209,34.369],[131.281,34.408],[131.171,34.43],[131.173,34.368],[130.959,34.427],[131.034,34.382],[130.893,34.343],[130.879,33.938],[131.036,34.048],[131.258,33.925],[131.39,34.04],[131.441,33.979],[131.741,34.056],[131.823,34.027],[131.78,33.97],[131.852,33.998],[132.099,33.872],[132.056,33.777],[132.162,33.842],[132.223,34.239],[132.346,34.349],[132.518,34.353],[132.566,34.192],[133.093,34.39],[133.168,34.355],[133.076,34.26],[133.186,34.281],[133.247,34.426],[133.315,34.366],[133.27,34.339],[133.341,34.348]],[[138.575,38.035],[138.438,38.064],[138.514,38.323],[138.253,38.09],[138.248,37.979],[138.343,37.967],[138.215,37.81],[138.5,37.907],[138.575,38.035]],[[146.572,44.45],[146.363,44.422],[146.119,44.506],[145.729,44.044],[145.411,43.836],[145.443,43.725],[145.552,43.716],[145.556,43.653],[145.589,43.848],[145.778,43.933],[145.931,44.121],[146.139,44.266],[146.529,44.373],[146.572,44.45]]],[[[126.252,34.845],[126.36,34.859],[126.297,34.918],[126.248,34.86],[126.195,35.06],[126.261,35.025],[126.11,35.407],[125.924,36.531],[125.962,37.911],[126.158,37.733],[126.158,37.83],[126.379,37.89],[126.593,37.774],[126.692,37.837],[126.679,37.686],[126.755,37.638],[126.661,37.672],[126.649,37.765],[126.531,37.755],[126.644,37.504],[126.596,37.44],[126.871,37.268],[126.672,37.262],[126.668,37.162],[126.871,37.175],[126.751,37.07],[126.849,37.037],[126.89,37.096],[126.911,37.014],[126.824,37.003],[126.913,36.93],[127.042,36.994],[126.86,36.87],[126.851,36.754],[126.796,36.956],[126.682,36.995],[126.631,36.912],[126.626,36.996],[126.501,37.055],[126.583,36.898],[126.519,36.948],[126.484,36.841],[126.445,37.003],[126.353,37.0],[126.419,36.922],[126.329,36.847],[126.357,36.789],[126.283,36.804],[126.309,36.967],[126.275,36.875],[126.192,36.886],[126.213,36.781],[126.128,36.761],[126.133,36.704],[126.213,36.727],[126.178,36.673],[126.274,36.72],[126.295,36.583],[126.343,36.74],[126.424,36.607],[126.48,36.747],[126.498,36.448],[126.617,36.473],[126.499,36.42],[126.583,36.353],[126.514,36.323],[126.603,36.172],[126.531,36.174],[126.497,36.16],[126.493,36.131],[126.589,36.131],[126.692,36.0],[126.871,36.062],[126.744,35.99],[126.521,35.971],[126.612,35.89],[126.837,35.893],[126.703,35.848],[126.791,35.791],[126.782,35.76],[126.662,35.793],[126.468,35.64],[126.67,35.589],[126.692,35.534],[126.493,35.525],[126.459,35.345],[126.309,35.233],[126.452,35.1],[126.425,35.02],[126.343,35.157],[126.254,35.123],[126.374,35.017],[126.315,34.938],[126.436,34.981],[126.374,34.791],[126.513,34.782],[126.568,34.901],[126.576,34.822],[126.665,34.808],[126.364,34.749],[126.624,34.63],[126.379,34.711],[126.453,34.584],[126.285,34.718],[126.252,34.845]],[[126.542,37.631],[126.425,37.824],[126.37,37.785],[126.41,37.602],[126.542,37.631]]]]},"properties":{"realm":20,"name":"Offshore W Pacific","group":6,"group_name":"Mid-Atlantic, Pacific and Indian Oceans, coastal tropics and warm-temperate areas","pct_unique":40,"species":4678,"color":"#7b8be0","area_km2":9602589}},{"type":"Feature","geometry":{"type":"MultiPolygon","coordinates":[[[[-16.591,14.044],[-16.576,13.989],[-16.747,13.951],[-16.7,13.769],[-16.487,14.003],[-16.487,13.805],[-16.576,13.839],[-16.64,13.696],[-16.579,13.66],[-16.509,13.74],[-16.576,13.64],[-16.522,13.359],[-16.322,13.343],[-16.16,13.451],[-15.556,13.528],[-15.297,13.489],[-16.161,13.429],[-16.227,13.334],[-16.151,13.276],[-16.228,13.256],[-16.258,13.325],[-16.44,13.276],[-16.378,13.215],[-16.419,13.208],[-16.679,13.496],[-16.83,13.339],[-16.748,13.04],[-16.796,12.715],[-16.734,12.751],[-16.699,12.736],[-16.773,12.583],[-16.647,12.632],[-16.651,12.705],[-16.597,12.797],[-16.635,12.669],[-16.508,12.625],[-16.501,12.708],[-16.371,12.565],[-16.324,12.61],[-16.077,12.639],[-16.022,12.729],[-15.913,12.601],[-15.768,12.625],[-15.641,12.559],[-15.542,12.649],[-15.549,12.794],[-15.453,12.831],[-15.407,12.822],[-15.392,12.838],[-15.407,12.8],[-15.535,12.783],[-15.51,12.636],[-15.645,12.537],[-15.73,12.591],[-15.84,12.557],[-16.03,12.633],[-16.371,12.55],[-16.533,12.565],[-16.58,12.633],[-16.803,12.444],[-16.491,12.19],[-16.35,12.197],[-16.316,12.283],[-16.306,12.214],[-16.228,12.283],[-16.155,12.3],[-16.108,12.345],[-16.063,12.351],[-16.32,12.172],[-16.348,12.068],[-17.768,11.685],[-18.802,11.65],[-19.899,11.099],[-20.385,10.615],[-20.759,9.615],[-21.146,9.161],[-21.215,8.676],[-21.059,7.446],[-20.771,6.557],[-20.313,5.73],[-19.492,4.905],[-18.444,4.331],[-17.692,4.168],[-14.994,3.946],[-14.416,3.795],[-13.757,3.493],[-12.308,2.561],[-11.998,2.209],[-11.496,1.28],[-11.079,0.739],[-10.604,0.311],[-10.017,0.005],[-8.712,-0.199],[-5.164,-0.369],[-1.927,-0.252],[-0.596,-0.308],[0.0,-0.4270849420849421],[0.0,-41.556760661444734],[-3.59,-41.977],[-7.221,-42.299],[-8.768,-42.602],[-11.133,-43.232],[-12.262,-43.4],[-13.195,-43.352],[-15.508,-42.938],[-16.687,-42.852],[-17.555,-42.891],[-20.712,-43.475],[-22.984,-43.599],[-26.577,-43.547],[-34.202,-42.971],[-37.223,-43.039],[-38.23,-43.194],[-40.674,-43.755],[-41.714,-44.122],[-42.278,-44.512],[-43.865,-46.288],[-44.864,-47.063],[-45.978,-47.58],[-48.499,-48.263],[-50.141,-49.006],[-52.96,-50.642],[-53.734,-51.241],[-54.811,-52.239],[-54.468,-51.643],[-54.079,-50.646],[-53.432,-47.727],[-53.179,-46.912],[-52.682,-46.101],[-51.393,-44.575],[-50.843,-43.526],[-50.216,-41.233],[-50.003,-39.307],[-50.004,-36.447],[-49.929,-35.436],[-50.099,-34.939],[-50.701,-34.783],[-52.968,-34.725],[-54.126,-34.617],[-53.765,-34.39],[-53.415,-33.764],[-52.635,-33.127],[-52.318,-32.397],[-52.091,-32.166],[-52.087,-32.067],[-52.169,-32.101],[-52.081,-32.032],[-52.256,-32.053],[-52.134,-31.931],[-52.24,-31.858],[-52.219,-31.741],[-52.077,-31.681],[-52.048,-31.566],[-52.008,-31.646],[-51.964,-31.332],[-51.638,-31.257],[-51.624,-31.135],[-51.443,-31.081],[-51.486,-30.967],[-51.362,-30.879],[-51.377,-30.642],[-51.27,-30.782],[-51.25,-30.462],[-51.091,-30.352],[-51.188,-30.36],[-51.327,-30.225],[-51.284,-30.007],[-51.233,-30.19],[-51.023,-30.264],[-51.034,-30.376],[-50.936,-30.432],[-50.913,-30.317],[-50.672,-30.289],[-50.615,-30.186],[-50.54,-30.268],[-50.565,-30.45],[-50.608,-30.485],[-50.726,-30.363],[-50.693,-30.726],[-50.978,-30.893],[-50.976,-31.131],[-51.014,-31.063],[-51.162,-31.078],[-51.245,-31.464],[-51.423,-31.485],[-51.448,-31.613],[-51.499,-31.575],[-51.836,-31.855],[-52.087,-31.828],[-52.012,-31.951],[-52.077,-32.167],[-51.864,-31.932],[-51.152,-31.482],[-50.721,-31.045],[-50.316,-30.462],[-49.811,-29.443],[-49.343,-28.924],[-48.756,-28.528],[-48.855,-28.475],[-48.874,-28.346],[-48.761,-28.487],[-48.636,-28.23],[-48.566,-27.86],[-48.647,-27.48],[-48.552,-27.387],[-48.62,-27.247],[-48.476,-27.154],[-48.607,-27.104],[-48.578,-26.777],[-48.683,-26.662],[-48.608,-26.437],[-48.774,-26.307],[-48.796,-26.068],[-48.734,-26.225],[-48.593,-26.184],[-48.563,-25.866],[-48.769,-25.867],[-48.583,-25.855],[-48.62,-25.818],[-48.579,-25.797],[-48.541,-25.845],[-48.361,-25.571],[-48.711,-25.496],[-48.725,-25.376],[-48.473,-25.476],[-48.414,-25.41],[-48.449,-25.273],[-48.367,-25.305],[-48.325,-25.229],[-48.333,-25.358],[-48.127,-25.28],[-48.222,-25.339],[-48.209,-25.458],[-47.887,-25.057],[-47.95,-25.08],[-48.032,-25.063],[-48.052,-25.037],[-47.961,-25.05],[-47.826,-24.894],[-47.634,-24.756],[-47.015,-24.423],[-46.937,-24.273],[-46.376,-24.025],[-46.454,-23.926],[-46.385,-23.873],[-46.299,-23.925],[-46.276,-23.982],[-46.317,-24.016],[-46.288,-24.021],[-46.166,-23.982],[-46.112,-23.865],[-46.197,-23.916],[-46.235,-23.913],[-46.146,-23.844],[-45.864,-23.756],[-45.427,-23.831],[-45.413,-23.618],[-45.07,-23.515],[-45.043,-23.406],[-44.584,-23.353],[-44.501,-23.296],[-44.708,-23.215],[-44.655,-23.043],[-44.347,-22.919],[-44.353,-22.999],[-44.186,-23.049],[-43.85,-22.892],[-43.604,-23.008],[-43.892,-23.021],[-44.004,-23.091],[-43.22,-22.995],[-43.151,-22.933],[-43.27,-22.747],[-43.072,-22.668],[-43.025,-22.736],[-43.131,-22.92],[-43.031,-22.974],[-42.014,-22.982],[-41.99,-22.826],[-41.87,-22.752],[-41.993,-22.7],[-41.966,-22.535],[-41.666,-22.282],[-40.973,-21.987],[-41.057,-21.484],[-40.758,-20.864],[-40.583,-20.802],[-40.349,-20.5],[-40.26,-20.321],[-40.366,-20.323],[-40.369,-20.233],[-40.233,-20.267],[-40.027,-19.764],[-39.786,-19.602],[-39.701,-19.376],[-39.745,-18.682],[-39.659,-18.274],[-39.45,-17.948],[-39.275,-17.867],[-39.137,-17.68],[-39.209,-17.162],[-38.862,-15.854],[-39.067,-14.675],[-38.924,-14.004],[-38.93,-13.898],[-38.99,-13.931],[-38.957,-14.066],[-39.063,-14.11],[-39.04,-14.175],[-39.075,-14.141],[-39.071,-14.076],[-38.98,-14.061],[-39.075,-13.894],[-38.994,-13.863],[-39.101,-13.765],[-39.105,-13.709],[-38.98,-13.836],[-39.012,-13.497],[-39.06,-13.495],[-39.077,-13.59],[-39.087,-13.604],[-39.11,-13.598],[-39.04,-13.332],[-38.955,-13.372],[-38.948,-13.247],[-38.807,-13.144],[-38.895,-13.081],[-38.724,-12.873],[-38.854,-12.851],[-38.924,-12.737],[-38.862,-12.654],[-38.807,-12.835],[-38.691,-12.571],[-38.626,-12.702],[-38.509,-12.723],[-38.533,-13.017],[-38.32,-12.935],[-37.655,-12.05],[-37.361,-11.455],[-37.415,-11.503],[-37.492,-11.516],[-37.396,-11.437],[-37.454,-11.404],[-37.47,-11.359],[-37.415,-11.406],[-37.299,-11.195],[-37.402,-11.4],[-37.33,-11.421],[-37.149,-11.187],[-37.275,-11.023],[-37.138,-11.126],[-36.903,-10.773],[-36.408,-10.502],[-35.883,-9.856],[-35.8,-9.621],[-35.778,-9.7],[-35.696,-9.673],[-35.305,-9.193],[-34.939,-8.347],[-34.925,-8.035],[-34.851,-8.069],[-34.812,-7.933],[-34.894,-7.805],[-34.892,-7.763],[-34.866,-7.718],[-34.907,-7.734],[-34.874,-7.618],[-34.83,-7.681],[-34.805,-7.623],[-34.917,-7.555],[-34.805,-7.514],[-34.826,-6.984],[-34.915,-7.131],[-34.86,-6.915],[-34.982,-6.391],[-35.041,-6.23],[-35.139,-6.196],[-35.107,-5.986],[-35.421,-5.212],[-35.997,-5.048],[-36.58,-5.081],[-36.544,-5.128],[-36.899,-4.938],[-37.183,-4.911],[-37.293,-4.718],[-37.607,-4.608],[-37.769,-4.396],[-38.03,-4.237],[-38.477,-3.697],[-38.66,-3.676],[-38.985,-3.396],[-39.986,-2.848],[-40.5,-2.786],[-41.083,-2.917],[-41.257,-2.875],[-41.315,-2.903],[-41.245,-3.015],[-41.343,-2.92],[-41.686,-2.876],[-41.839,-2.729],[-42.01,-2.727],[-41.944,-2.838],[-42.239,-2.834],[-42.264,-2.759],[-42.453,-2.752],[-42.7,-2.564],[-43.426,-2.338],[-43.487,-2.395],[-43.412,-2.457],[-43.453,-2.553],[-43.537,-2.436],[-43.542,-2.525],[-43.645,-2.477],[-43.721,-2.56],[-43.724,-2.477],[-43.878,-2.635],[-43.923,-2.547],[-44.068,-2.795],[-44.106,-2.75],[-44.2,-2.869],[-44.187,-2.759],[-44.349,-2.81],[-44.137,-2.67],[-44.034,-2.415],[-44.293,-2.481],[-44.289,-2.58],[-44.368,-2.55],[-44.433,-2.95],[-44.743,-3.207],[-44.762,-3.306],[-44.796,-3.3],[-44.782,-3.197],[-44.622,-3.051],[-44.686,-2.917],[-44.54,-2.538],[-44.66,-2.608],[-44.656,-2.593],[-44.522,-2.5],[-44.551,-2.391],[-44.395,-2.402],[-44.364,-2.334],[-44.399,-2.197],[-44.497,-2.148],[-44.644,-2.291],[-44.653,-2.429],[-44.664,-2.357],[-44.721,-2.402],[-44.66,-2.283],[-44.733,-2.253],[-44.494,-2.046],[-44.617,-2.039],[-44.488,-1.987],[-44.591,-1.902],[-44.53,-1.834],[-44.66,-1.84],[-44.598,-1.745],[-44.81,-1.813],[-44.708,-1.717],[-44.822,-1.759],[-44.773,-1.724],[-44.837,-1.566],[-44.83,-1.635],[-44.934,-1.655],[-44.868,-1.421],[-44.967,-1.594],[-45.022,-1.601],[-44.967,-1.546],[-45.063,-1.429],[-45.163,-1.483],[-45.324,-1.745],[-45.401,-1.56],[-45.296,-1.416],[-45.326,-1.313],[-45.461,-1.546],[-45.543,-1.491],[-45.416,-1.288],[-45.53,-1.416],[-45.544,-1.27],[-45.676,-1.366],[-45.722,-1.135],[-45.811,-1.326],[-45.838,-1.203],[-45.9,-1.258],[-45.867,-1.063],[-45.948,-1.251],[-45.979,-1.055],[-46.016,-1.094],[-46.032,-1.201],[-46.05,-1.21],[-46.102,-1.073],[-46.146,-1.176],[-46.139,-1.114],[-46.262,-1.183],[-46.2,-0.908],[-46.279,-0.986],[-46.248,-1.094],[-46.297,-1.032],[-46.325,-1.107],[-46.365,-1.008],[-46.475,-1.045],[-46.428,-0.869],[-46.749,-1.019],[-46.599,-0.867],[-46.656,-0.802],[-46.633,-0.863],[-46.689,-0.826],[-46.698,-0.881],[-46.749,-0.943],[-46.715,-0.878],[-46.756,-0.819],[-46.783,-0.901],[-46.831,-0.805],[-46.797,-0.765],[-46.819,-0.712],[-46.947,-0.901],[-46.969,-0.696],[-47.057,-0.867],[-47.078,-0.666],[-47.14,-0.799],[-47.161,-0.682],[-47.236,-0.716],[-47.198,-0.652],[-47.256,-0.676],[-47.294,-0.593],[-47.366,-0.682],[-47.462,-0.593],[-47.393,-0.813],[-47.585,-0.578],[-47.611,-0.694],[-47.729,-0.757],[-47.809,-0.565],[-47.802,-0.69],[-47.962,-0.782],[-48.038,-0.662],[-48.154,-0.782],[-48.14,-0.901],[-48.187,-1.019],[-48.292,-1.044],[-48.223,-1.114],[-48.335,-1.314],[-48.425,-1.297],[-48.436,-1.219],[-48.483,-1.281],[-48.497,-1.461],[-48.325,-1.47],[-48.483,-1.511],[-48.428,-1.662],[-48.657,-1.383],[-48.929,-1.788],[-49.033,-1.847],[-48.856,-1.559],[-48.966,-1.6],[-49.232,-1.948],[-49.483,-2.557],[-49.669,-2.641],[-49.546,-2.517],[-49.381,-1.991],[-49.37,-1.905],[-49.435,-1.88],[-49.454,-1.856],[-49.451,-1.825],[-49.422,-1.779],[-49.655,-1.895],[-49.593,-1.964],[-49.593,-2.012],[-49.676,-1.909],[-49.847,-1.902],[-49.812,-2.108],[-49.888,-2.087],[-49.869,-1.889],[-49.977,-1.826],[-50.313,-1.909],[-50.416,-2.073],[-50.443,-1.936],[-50.484,-1.978],[-50.611,-1.814],[-50.844,-1.955],[-50.88,-1.852],[-50.788,-1.897],[-50.737,-1.738],[-50.655,-1.738],[-50.819,-1.436],[-50.82,-1.232],[-50.956,-1.129],[-50.827,-1.045],[-50.84,-0.913],[-50.997,-0.922],[-51.003,-1.014],[-51.283,-1.231],[-52.204,-1.69],[-52.26,-1.695],[-52.279,-1.518],[-52.708,-1.6],[-52.238,-1.346],[-52.066,-1.405],[-51.935,-1.34],[-51.929,-1.178],[-51.715,-1.028],[-51.714,-0.793],[-51.532,-0.552],[-51.58,-0.525],[-51.454,-0.487],[-51.251,-0.127],[-51.327,-0.08],[-51.081,-0.033],[-50.98,0.12],[-50.791,0.17],[-50.453,0.664],[-49.888,1.175],[-50.15,1.221],[-49.883,1.308],[-49.951,1.721],[-50.165,1.816],[-50.467,1.815],[-50.62,2.105],[-50.78,2.071],[-50.793,2.162],[-50.679,2.172],[-51.017,3.036],[-51.093,3.376],[-51.08,3.882],[-51.176,3.648],[-51.187,4.079],[-51.516,4.441],[-51.547,4.255],[-51.437,3.93],[-51.572,4.235],[-51.683,4.039],[-51.651,4.19],[-51.764,4.506],[-51.022,4.674],[-50.493,4.924],[-49.899,5.445],[-49.602,5.968],[-49.586,6.373],[-49.84,7.445],[-50.101,8.24],[-50.531,9.157],[-51.122,10.007],[-52.592,11.436],[-54.098,13.841],[-54.573,14.337],[-55.325,14.886],[-55.91,15.115],[-57.047,15.128],[-57.63,15.215],[-59.219,15.681],[-60.072,16.124],[-61.934,17.486],[-63.011,18.053],[-63.018,18.122],[-63.09,18.083],[-64.421,18.449],[-64.326,18.512],[-64.436,18.452],[-66.183,18.8],[-67.339,19.138],[-68.167,19.553],[-69.327,20.586],[-69.793,21.216],[-70.235,22.085],[-71.671,25.598],[-72.168,27.149],[-72.371,28.408],[-72.403,29.508],[-72.299,30.958],[-72.108,32.037],[-72.047,32.09],[-71.995,32.031],[-71.869,31.271],[-71.568,30.726],[-70.911,30.209],[-69.732,29.549],[-15.24,30.055],[-15.008,30.0],[-13.697,30.515],[-12.522,31.117],[-10.283,32.749],[-9.181,33.166],[-8.746,33.232],[-8.709,33.141],[-8.943,32.83],[-9.279,32.546],[-9.278,32.197],[-9.848,31.402],[-9.813,30.827],[-9.889,30.648],[-9.7,30.543],[-9.607,30.378],[-9.82,29.839],[-10.451,29.092],[-11.063,28.752],[-11.486,28.326],[-12.061,28.089],[-12.968,27.915],[-13.171,27.685],[-13.561,26.749],[-14.466,26.194],[-14.514,25.937],[-14.819,25.33],[-14.896,24.706],[-15.871,23.869],[-16.01,23.655],[-15.775,23.912],[-15.773,23.788],[-16.213,23.094],[-16.163,22.993],[-16.29,22.9],[-16.467,22.377],[-16.707,22.275],[-16.921,21.931],[-17.1,20.838],[-17.057,20.767],[-16.918,21.159],[-16.673,20.678],[-16.542,20.561],[-16.529,20.739],[-16.409,20.675],[-16.467,20.65],[-16.202,20.233],[-16.261,20.136],[-16.222,20.004],[-16.313,19.89],[-16.248,19.903],[-16.234,19.794],[-16.423,19.544],[-16.465,19.413],[-16.365,19.539],[-16.391,19.464],[-16.285,19.529],[-16.359,19.416],[-16.535,19.381],[-16.205,18.983],[-16.069,18.484],[-16.049,17.667],[-16.459,16.644],[-16.539,15.774],[-17.139,14.928],[-17.536,14.757],[-17.44,14.654],[-17.417,14.738],[-17.224,14.69],[-16.957,14.39],[-16.786,14.06],[-16.775,13.839],[-16.728,14.065],[-16.652,14.1],[-16.721,14.016],[-16.632,14.01],[-16.453,14.201],[-16.371,14.164],[-16.591,14.044]],[[-51.238,-0.538],[-51.32,-0.521],[-51.382,-0.655],[-51.347,-0.532],[-51.505,-0.607],[-51.676,-0.847],[-51.684,-1.097],[-51.884,-1.256],[-51.944,-1.456],[-51.786,-1.45],[-51.435,-1.187],[-51.271,-1.018],[-51.15,-0.659],[-51.238,-0.538]],[[-48.427,-0.26],[-49.206,-0.14],[-49.387,-0.185],[-49.387,-0.258],[-49.653,-0.241],[-50.35,-0.099],[-50.583,-0.192],[-50.696,-0.36],[-50.683,-0.624],[-50.548,-0.678],[-50.684,-0.64],[-50.737,-0.552],[-50.793,-1.019],[-50.664,-1.095],[-50.528,-1.025],[-50.477,-1.039],[-50.617,-1.12],[-50.56,-1.183],[-50.793,-1.086],[-50.803,-1.435],[-50.56,-1.799],[-50.297,-1.803],[-50.367,-1.772],[-50.285,-1.755],[-50.307,-1.655],[-50.265,-1.745],[-50.292,-1.597],[-50.258,-1.484],[-50.225,-1.739],[-50.155,-1.779],[-50.028,-1.655],[-50.002,-1.746],[-49.8,-1.817],[-49.73,-1.753],[-49.764,-1.645],[-49.744,-1.58],[-49.688,-1.769],[-49.552,-1.721],[-49.531,-1.498],[-49.372,-1.647],[-49.415,-1.542],[-49.387,-1.484],[-49.294,-1.618],[-49.223,-1.621],[-49.168,-1.587],[-49.23,-1.574],[-49.198,-1.388],[-49.066,-1.532],[-48.839,-1.45],[-48.99,-1.374],[-48.964,-1.283],[-48.839,-1.416],[-48.802,-1.34],[-48.921,-1.142],[-48.819,-1.203],[-48.643,-1.084],[-48.665,-1.001],[-48.528,-0.873],[-48.572,-0.682],[-48.497,-0.744],[-48.37,-0.361],[-48.427,-0.26]],[[-51.066,-0.676],[-51.11,-0.807],[-50.872,-0.722],[-50.841,-0.559],[-51.066,-0.676]],[[-51.405,-0.46],[-51.201,-0.344],[-51.134,-0.161],[-51.233,-0.179],[-51.405,-0.46]],[[-50.923,-0.33],[-50.627,-0.086],[-50.818,0.035],[-50.947,-0.012],[-51.038,-0.236],[-50.923,-0.33]],[[-49.492,-0.133],[-49.349,-0.031],[-49.442,0.076],[-49.628,0.058],[-49.832,-0.103],[-49.492,-0.133]],[[-50.447,-0.015],[-50.47,0.145],[-50.647,0.139],[-50.588,0.012],[-50.447,-0.015]],[[-50.367,0.215],[-50.38,0.111],[-50.298,0.012],[-49.867,-0.011],[-49.529,0.301],[-49.56,0.386],[-50.107,0.222],[-50.367,0.215]],[[-50.367,0.62],[-50.516,0.243],[-50.415,0.177],[-50.317,0.309],[-50.367,0.62]],[[-50.025,0.541],[-50.066,0.647],[-50.256,0.57],[-50.281,0.357],[-50.025,0.541]],[[-50.521,2.032],[-50.419,1.863],[-50.312,1.947],[-50.387,2.097],[-50.504,2.096],[-50.521,2.032]],[[-48.517,-27.428],[-48.564,-27.817],[-48.377,-27.458],[-48.427,-27.389],[-48.517,-27.428]],[[-48.548,-26.167],[-48.703,-26.312],[-48.583,-26.421],[-48.489,-26.236],[-48.548,-26.167]],[[-47.832,-24.913],[-47.9,-25.037],[-47.448,-24.687],[-47.613,-24.754],[-47.832,-24.913]],[[-45.317,-23.721],[-45.447,-23.913],[-45.218,-23.949],[-45.228,-23.772],[-45.317,-23.721]],[[-44.235,-23.069],[-44.367,-23.165],[-44.328,-23.221],[-44.108,-23.18],[-44.113,-23.115],[-44.235,-23.069]],[[-44.576,-2.8],[-44.598,-3.06],[-44.497,-2.949],[-44.481,-2.704],[-44.576,-2.8]],[[-25.03,17.175],[-25.356,17.07],[-25.311,16.926],[-24.979,17.087],[-25.03,17.175]],[[-24.489,14.991],[-24.507,14.885],[-24.334,14.832],[-24.329,15.029],[-24.489,14.991]],[[-23.78,15.312],[-23.793,15.086],[-23.715,14.968],[-23.539,14.908],[-23.448,14.996],[-23.703,15.313],[-23.78,15.312]],[[-22.916,16.244],[-22.964,16.052],[-22.806,15.986],[-22.676,16.082],[-22.724,16.213],[-22.916,16.244]],[[-24.033,16.597],[-24.431,16.639],[-24.325,16.483],[-24.233,16.602],[-24.033,16.562],[-24.033,16.597]],[[-18.16,27.722],[-17.979,27.643],[-17.885,27.798],[-17.934,27.852],[-18.16,27.722]],[[-15.706,28.167],[-15.821,27.922],[-15.578,27.734],[-15.378,27.852],[-15.405,28.178],[-15.706,28.167]],[[-17.339,28.171],[-17.258,28.025],[-17.098,28.101],[-17.213,28.205],[-17.339,28.171]],[[-16.118,28.572],[-16.316,28.572],[-16.507,28.424],[-16.916,28.355],[-16.693,28.0],[-16.546,28.024],[-16.356,28.381],[-16.118,28.572]],[[-13.989,28.727],[-14.224,28.219],[-14.507,28.071],[-14.343,28.051],[-13.934,28.244],[-13.821,28.637],[-13.865,28.744],[-13.989,28.727]],[[-17.997,28.78],[-17.837,28.455],[-17.751,28.7],[-17.801,28.849],[-17.997,28.78]],[[-13.537,29.138],[-13.781,29.065],[-13.867,28.865],[-13.775,28.84],[-13.51,28.977],[-13.432,29.172],[-13.483,29.24],[-13.537,29.138]]],[[[0.44,-0.515],[2.119,-1.143],[2.899,-1.647],[3.591,-2.385],[3.867,-2.909],[4.465,-4.506],[5.184,-5.43],[6.651,-6.588],[8.358,-7.489],[9.036,-8.062],[9.596,-8.833],[9.755,-9.588],[9.705,-10.551],[9.241,-12.626],[9.351,-14.129],[9.253,-14.602],[9.464,-14.983],[9.988,-15.042],[9.996,-15.283],[8.883,-18.885],[8.521,-20.729],[8.23,-23.175],[8.179,-25.906],[8.304,-27.602],[8.615,-29.535],[9.153,-31.431],[9.961,-33.36],[10.138,-34.603],[10.271,-35.044],[10.666,-35.638],[11.916,-36.749],[13.478,-38.337],[14.371,-39.458],[15.146,-40.056],[15.896,-40.123],[18.135,-40.016],[21.552,-40.054],[24.358,-39.991],[25.0,-39.763],[25.002,-44.191],[22.765,-44.013],[20.781,-43.993],[17.632,-43.465],[16.964,-43.45],[15.662,-43.597],[14.818,-43.534],[13.52,-43.167],[11.357,-42.222],[9.837,-41.756],[7.718,-41.373],[5.532,-41.222],[3.431,-41.266],[1.006,-41.439],[0.0,-41.556760661444734],[0.0,-0.4270849420849421],[0.44,-0.515]]]]},"properties":{"realm":21,"name":"Offshore S Atlantic","group":6,"group_name":"Mid-Atlantic, Pacific and Indian Oceans, coastal tropics and warm-temperate areas","pct_unique":33,"species":5512,"color":"#d35745","area_km2":41249048}},{"type":"Feature","geometry":{"type":"Polygon","coordinates":[[[-102.885,12.308],[-101.647,11.935],[-98.778,10.652],[-97.878,10.098],[-97.106,9.497],[-95.97,8.268],[-95.226,7.098],[-94.967,6.102],[-94.813,3.949],[-94.476,2.539],[-94.541,1.805],[-94.489,1.47],[-93.509,-0.253],[-92.354,-1.795],[-90.851,-3.147],[-89.966,-3.808],[-86.448,-5.704],[-85.59,-6.386],[-84.017,-7.855],[-82.315,-9.053],[-80.973,-9.741],[-80.074,-9.992],[-89.08,-10.019],[-91.234,-9.845],[-96.062,-9.792],[-104.566,-9.887],[-118.104,-9.796],[-120.87,-9.932],[-124.811,-9.843],[-130.398,-9.977],[-130.597,-9.829],[-131.147,-8.567],[-131.829,-7.319],[-132.766,-5.98],[-134.607,-3.893],[-136.471,-2.274],[-138.903,-0.601],[-141.487,0.93],[-142.462,1.451],[-145.468,2.786],[-146.76,3.489],[-152.339,7.401],[-153.233,7.784],[-154.536,8.082],[-155.215,8.159],[-153.088,8.347],[-151.7,8.553],[-147.289,9.795],[-144.46,10.322],[-141.461,10.575],[-133.702,10.782],[-130.264,11.127],[-128.058,11.569],[-124.439,12.606],[-123.125,13.125],[-121.944,13.821],[-121.26,14.363],[-120.424,15.186],[-120.057,15.662],[-119.594,16.802],[-119.42,17.959],[-119.376,19.696],[-119.591,20.547],[-118.63,19.734],[-117.605,19.153],[-116.572,18.744],[-113.779,17.85],[-112.506,17.287],[-111.298,16.479],[-108.951,14.48],[-107.971,13.762],[-106.86,13.185],[-105.434,12.778],[-102.885,12.308]]]},"properties":{"realm":22,"name":"Offshore mid-E Pacific","group":6,"group_name":"Mid-Atlantic, Pacific and Indian Oceans, coastal tropics and warm-temperate areas","pct_unique":36,"species":1217,"color":"#7be0a5","area_km2":13874230}},{"type":"Feature","geometry":{"type":"Polygon","coordinates":[[[-14.732,10.966],[-14.82,10.912],[-14.809,10.823],[-14.74,10.872],[-14.76,10.699],[-14.651,10.81],[-14.7,10.643],[-14.573,10.812],[-14.518,10.829],[-14.665,10.512],[-14.535,10.508],[-14.463,10.225],[-14.244,10.182],[-14.222,10.106],[-14.138,10.179],[-14.13,10.049],[-14.089,10.138],[-14.0,10.2],[-14.058,10.025],[-13.828,9.855],[-13.685,9.946],[-13.729,9.744],[-13.651,9.843],[-13.561,9.788],[-13.722,9.506],[-13.588,9.569],[-13.547,9.5],[-13.487,9.569],[-13.514,9.45],[-13.397,9.439],[-13.408,9.287],[-13.301,9.357],[-13.315,9.182],[-13.233,9.267],[-13.26,9.196],[-13.158,9.185],[-13.322,9.083],[-13.288,8.969],[-12.986,8.857],[-13.24,8.826],[-13.203,8.585],[-13.144,8.517],[-13.158,8.671],[-13.027,8.651],[-13.062,8.583],[-12.876,8.685],[-12.931,8.583],[-12.87,8.569],[-13.116,8.473],[-13.034,8.377],[-13.211,8.493],[-13.287,8.5],[-13.287,8.425],[-13.164,8.171],[-12.972,8.254],[-12.821,7.917],[-12.959,7.911],[-12.76,7.822],[-12.766,7.747],[-12.602,7.684],[-12.472,7.788],[-12.544,7.654],[-12.464,7.562],[-12.184,7.603],[-12.428,7.534],[-12.489,7.445],[-12.369,7.39],[-12.507,7.39],[-11.567,6.993],[-11.382,6.837],[-11.353,6.701],[-10.759,6.404],[-10.788,6.293],[-10.334,6.136],[-9.105,5.032],[-7.713,4.362],[-7.457,4.344],[-6.903,4.662],[-5.851,5.03],[-5.002,5.129],[-5.228,5.204],[-5.187,5.164],[-5.309,5.118],[-5.358,5.124],[-5.399,5.142],[-5.322,5.23],[-5.01,5.216],[-4.893,5.129],[-3.996,5.232],[-4.184,5.28],[-4.809,5.18],[-4.673,5.314],[-4.687,5.232],[-4.564,5.3],[-4.454,5.259],[-4.275,5.312],[-3.989,5.269],[-3.906,5.348],[-3.744,5.274],[-3.805,5.376],[-3.729,5.267],[-4.002,5.267],[-3.312,5.12],[-3.262,5.341],[-3.134,5.367],[-3.205,5.219],[-3.139,5.142],[-2.844,5.149],[-2.971,5.081],[-3.234,5.163],[-3.276,5.118],[-2.357,4.92],[-2.097,4.738],[-1.981,4.752],[-1.618,5.022],[-0.8,5.215],[0.243,5.756],[0.955,5.791],[1.048,5.993],[1.271,6.134],[2.307,6.331],[3.385,6.398],[3.37,6.45],[3.402,6.552],[3.481,6.602],[3.528,6.528],[3.774,6.622],[3.858,6.602],[3.385,6.445],[4.406,6.359],[4.748,6.139],[5.045,5.767],[5.29,5.91],[5.089,5.709],[5.18,5.583],[5.331,5.725],[5.326,5.605],[5.428,5.656],[5.502,5.617],[5.214,5.575],[5.263,5.437],[5.434,5.396],[5.424,5.437],[5.617,5.528],[5.534,5.476],[5.578,5.382],[5.346,5.357],[5.366,5.163],[5.451,5.19],[5.496,5.142],[5.386,5.126],[5.567,4.675],[5.946,4.335],[5.989,4.416],[6.062,4.295],[6.055,4.42],[6.097,4.278],[6.217,4.291],[6.243,4.498],[6.263,4.396],[6.333,4.437],[6.271,4.293],[6.57,4.335],[6.581,4.508],[6.613,4.337],[6.688,4.337],[6.654,4.512],[6.695,4.423],[6.702,4.543],[6.736,4.608],[6.716,4.355],[6.871,4.361],[6.716,4.834],[6.785,4.817],[6.88,4.388],[7.022,4.388],[6.903,4.667],[6.989,4.608],[6.963,4.731],[7.044,4.643],[7.044,4.437],[7.178,4.501],[7.072,4.758],[7.281,4.505],[7.333,4.529],[7.281,4.601],[7.502,4.573],[7.545,4.711],[7.558,4.525],[8.289,4.549],[8.354,4.649],[8.234,4.928],[8.358,4.797],[8.422,4.847],[8.476,4.709],[8.592,4.82],[8.526,4.512],[8.723,4.513],[8.645,4.684],[8.655,4.738],[8.769,4.553],[8.799,4.601],[8.868,4.545],[8.84,4.643],[8.902,4.587],[8.971,4.101],[9.211,3.964],[9.326,4.032],[9.314,3.931],[9.464,3.91],[9.429,4.027],[9.532,3.989],[9.479,4.111],[9.579,4.013],[9.692,4.111],[9.619,3.96],[9.764,3.957],[9.676,3.909],[9.75,3.83],[9.621,3.875],[9.589,3.81],[9.663,3.751],[9.552,3.796],[9.626,3.6],[9.788,3.637],[9.82,3.628],[9.642,3.539],[9.929,3.272],[9.956,3.05],[9.767,2.31],[9.81,1.935],[9.607,1.644],[9.744,1.6],[9.594,1.572],[9.347,1.182],[9.584,1.043],[9.642,1.062],[9.676,1.105],[9.699,1.125],[9.718,1.133],[9.848,1.072],[9.792,0.969],[9.745,1.06],[9.566,0.983],[9.608,0.469],[9.573,0.599],[9.464,0.599],[9.559,0.622],[9.539,0.681],[9.316,0.626],[9.306,0.544],[9.498,0.291],[9.792,0.181],[9.945,0.209],[9.759,0.126],[9.812,0.024],[9.712,0.135],[9.587,0.112],[9.504,0.188],[9.488,0.098],[9.424,0.208],[9.36,0.181],[9.345,0.356],[9.306,-0.332],[9.101,-0.6],[9.011,-0.875],[8.929,-0.687],[8.844,-0.8],[8.696,-0.587],[8.84,-0.922],[8.936,-0.963],[8.867,-0.977],[9.033,-1.193],[9.03,-1.299],[9.186,-1.411],[9.323,-1.371],[9.326,-1.278],[9.335,-1.283],[9.334,-1.399],[9.249,-1.482],[9.287,-1.566],[9.457,-1.47],[9.56,-1.608],[9.28,-1.675],[9.265,-1.535],[9.159,-1.468],[9.019,-1.305],[8.984,-1.231],[9.017,-1.316],[9.22,-1.58],[9.255,-1.835],[9.341,-1.888],[9.375,-1.819],[9.518,-1.926],[9.543,-2.071],[9.467,-1.922],[9.271,-1.877],[9.566,-2.193],[9.62,-2.382],[9.703,-2.436],[9.718,-2.375],[9.752,-2.47],[9.875,-2.409],[9.984,-2.56],[10.137,-2.527],[9.977,-2.629],[9.84,-2.457],[9.795,-2.501],[9.703,-2.443],[9.902,-2.7],[10.635,-3.314],[10.646,-3.452],[10.964,-3.691],[11.07,-3.909],[11.806,-4.577],[11.82,-4.785],[11.994,-5.006],[12.132,-5.006],[12.101,-5.08],[12.023,-5.046],[12.232,-5.48],[12.162,-5.681],[12.397,-6.006],[12.672,-6.0],[12.859,-5.82],[13.142,-5.876],[12.817,-6.032],[12.334,-6.078],[12.279,-6.148],[12.62,-6.735],[12.834,-6.912],[12.85,-7.266],[13.379,-8.347],[13.38,-8.755],[13.198,-8.823],[13.224,-8.774],[13.013,-9.084],[13.137,-8.871],[13.086,-8.892],[12.996,-9.094],[13.167,-9.387],[13.191,-9.69],[13.317,-9.976],[13.528,-10.407],[13.765,-10.662],[13.731,-10.764],[13.848,-10.982],[13.792,-11.791],[13.64,-12.249],[13.393,-12.57],[13.179,-12.602],[12.939,-12.817],[12.945,-12.982],[12.522,-13.411],[12.502,-13.855],[12.416,-13.879],[12.329,-14.092],[12.273,-14.751],[12.139,-15.03],[9.769,-15.034],[9.365,-14.877],[9.252,-14.594],[9.354,-14.04],[9.237,-12.604],[9.649,-10.803],[9.763,-9.876],[9.724,-9.261],[9.564,-8.768],[9.128,-8.172],[8.58,-7.636],[6.807,-6.694],[5.786,-5.954],[5.049,-5.286],[4.454,-4.481],[3.627,-2.437],[3.109,-1.839],[2.524,-1.373],[1.793,-0.998],[0.646,-0.572],[-0.62,-0.301],[-1.864,-0.251],[-5.181,-0.362],[-8.856,-0.18],[-9.965,-0.011],[-10.538,0.271],[-11.158,0.823],[-11.969,2.163],[-12.295,2.55],[-13.755,3.495],[-14.403,3.798],[-15.057,3.967],[-17.48,4.147],[-18.336,4.303],[-19.038,4.605],[-19.914,5.269],[-20.391,5.851],[-20.776,6.576],[-21.049,7.409],[-21.189,8.285],[-21.17,9.113],[-20.784,9.561],[-20.336,10.686],[-19.898,11.104],[-19.566,11.219],[-18.884,11.642],[-17.791,11.684],[-16.347,12.068],[-16.125,11.885],[-15.864,12.029],[-15.714,12.016],[-15.865,11.972],[-15.959,11.735],[-15.796,11.885],[-15.734,11.858],[-15.83,11.748],[-15.426,11.961],[-15.215,11.91],[-15.007,11.978],[-15.07,11.861],[-14.975,11.753],[-15.08,11.821],[-15.067,11.94],[-15.189,11.871],[-15.439,11.885],[-15.518,11.793],[-15.542,11.683],[-15.426,11.694],[-15.469,11.606],[-15.439,11.557],[-15.226,11.755],[-15.228,11.659],[-15.131,11.708],[-15.172,11.66],[-15.007,11.612],[-15.123,11.545],[-15.116,11.618],[-15.281,11.625],[-15.24,11.577],[-15.474,11.494],[-15.503,11.337],[-15.353,11.463],[-15.343,11.378],[-15.268,11.433],[-15.426,11.287],[-15.358,11.144],[-15.234,11.123],[-15.235,11.216],[-15.207,11.234],[-15.23,10.995],[-15.001,11.217],[-15.117,10.984],[-15.015,10.96],[-15.081,10.878],[-15.014,10.783],[-14.948,10.788],[-14.919,11.029],[-14.732,10.966]],[[-12.601,7.638],[-12.952,7.575],[-12.606,7.479],[-12.55,7.39],[-12.499,7.52],[-12.601,7.638]],[[6.642,0.411],[6.498,0.313],[6.527,0.024],[6.66,0.107],[6.757,0.311],[6.642,0.411]],[[8.908,3.758],[8.702,3.761],[8.58,3.463],[8.442,3.421],[8.45,3.273],[8.686,3.197],[8.962,3.66],[8.908,3.758]]]},"properties":{"realm":23,"name":"Tropical E Atlantic","group":6,"group_name":"Mid-Atlantic, Pacific and Indian Oceans, coastal tropics and warm-temperate areas","pct_unique":57,"species":992,"color":"#aa45d3","area_km2":3114440}},{"type":"Feature","geometry":{"type":"Polygon","coordinates":[[[-50.716,-34.771],[-50.192,-34.86],[-50.0,-35.089],[-49.929,-35.507],[-50.004,-36.429],[-50.007,-39.247],[-50.243,-41.346],[-50.607,-42.835],[-51.097,-44.128],[-51.538,-44.786],[-52.747,-46.187],[-53.172,-46.917],[-53.487,-47.953],[-54.028,-50.467],[-54.456,-51.621],[-55.381,-52.97],[-56.822,-54.384],[-57.484,-54.781],[-58.398,-55.027],[-61.563,-55.019],[-63.208,-55.197],[-63.964,-55.369],[-64.759,-55.692],[-66.533,-56.927],[-67.133,-57.095],[-68.192,-57.207],[-69.202,-57.146],[-70.334,-56.947],[-73.992,-55.873],[-76.995,-55.354],[-78.008,-54.961],[-78.64,-54.394],[-79.149,-53.567],[-79.663,-52.116],[-79.766,-51.218],[-79.695,-49.999],[-75.545,-49.974],[-74.242,-50.08],[-74.175,-50.199],[-73.858,-50.289],[-74.194,-50.26],[-74.348,-50.086],[-74.695,-50.183],[-74.482,-50.249],[-74.536,-50.296],[-74.439,-50.357],[-74.283,-50.265],[-74.321,-50.384],[-74.253,-50.441],[-74.084,-50.357],[-74.016,-50.364],[-74.129,-50.423],[-73.88,-50.543],[-74.15,-50.483],[-74.126,-50.591],[-74.208,-50.464],[-74.297,-50.481],[-74.147,-50.729],[-74.06,-50.712],[-74.126,-50.762],[-74.061,-50.814],[-73.823,-50.758],[-73.759,-50.516],[-73.564,-50.405],[-73.728,-50.548],[-73.53,-50.704],[-73.773,-50.671],[-73.742,-50.82],[-73.88,-50.834],[-73.803,-50.961],[-73.927,-50.864],[-74.256,-50.939],[-74.232,-51.036],[-74.071,-50.954],[-74.153,-51.061],[-74.13,-51.188],[-74.03,-51.208],[-74.023,-51.111],[-73.879,-51.238],[-73.77,-51.118],[-73.694,-51.139],[-73.683,-51.276],[-73.783,-51.235],[-73.692,-51.414],[-73.598,-51.433],[-73.66,-51.495],[-73.612,-51.625],[-73.814,-51.392],[-73.934,-51.406],[-73.909,-51.527],[-73.817,-51.537],[-73.9,-51.625],[-73.715,-51.639],[-73.812,-51.689],[-73.719,-51.776],[-73.655,-51.689],[-73.461,-51.687],[-73.589,-51.75],[-73.4,-52.016],[-73.621,-51.812],[-73.564,-52.04],[-73.293,-52.166],[-73.386,-51.653],[-73.224,-52.091],[-73.145,-51.94],[-72.919,-51.859],[-73.207,-51.879],[-73.05,-51.831],[-73.106,-51.745],[-72.995,-51.79],[-73.07,-51.725],[-73.224,-51.711],[-73.28,-51.606],[-72.724,-51.838],[-72.552,-51.758],[-72.989,-51.527],[-73.098,-51.605],[-73.044,-51.512],[-73.245,-51.465],[-73.082,-51.446],[-72.713,-51.582],[-72.467,-51.79],[-72.469,-51.929],[-72.67,-51.961],[-72.467,-52.204],[-72.497,-52.315],[-72.638,-52.398],[-72.522,-52.448],[-72.931,-52.448],[-72.602,-52.339],[-72.536,-52.222],[-72.803,-51.937],[-72.947,-52.05],[-72.884,-52.198],[-72.755,-52.057],[-72.866,-52.257],[-72.995,-52.187],[-73.079,-52.237],[-72.998,-52.065],[-73.204,-52.108],[-73.303,-52.222],[-73.496,-52.132],[-73.55,-52.187],[-73.735,-52.03],[-73.581,-52.208],[-73.563,-52.323],[-73.666,-52.424],[-73.495,-52.476],[-73.688,-52.598],[-73.571,-52.632],[-73.7,-52.715],[-73.616,-52.749],[-73.397,-52.636],[-73.394,-52.544],[-73.269,-52.674],[-73.16,-52.564],[-73.235,-52.496],[-73.195,-52.43],[-72.906,-52.496],[-73.092,-52.494],[-73.004,-52.558],[-73.122,-52.55],[-73.307,-52.715],[-73.233,-52.791],[-73.564,-52.797],[-73.214,-52.888],[-73.242,-52.962],[-73.456,-52.987],[-73.198,-53.105],[-73.177,-53.015],[-73.14,-53.099],[-72.98,-53.055],[-72.954,-52.893],[-73.016,-52.842],[-72.674,-52.653],[-72.819,-52.587],[-72.988,-52.704],[-72.858,-52.502],[-72.57,-52.557],[-72.39,-52.508],[-72.549,-52.592],[-72.419,-52.653],[-72.282,-52.514],[-71.535,-52.58],[-71.478,-52.646],[-71.629,-52.684],[-72.161,-52.652],[-72.431,-52.857],[-72.588,-52.796],[-72.715,-52.869],[-72.611,-52.774],[-72.703,-52.708],[-72.96,-52.825],[-72.876,-53.036],[-72.934,-53.105],[-72.714,-53.106],[-72.653,-53.153],[-72.796,-53.173],[-72.689,-53.24],[-72.72,-53.293],[-72.956,-53.161],[-73.303,-53.153],[-72.795,-53.44],[-72.763,-53.388],[-72.532,-53.542],[-72.365,-53.537],[-72.483,-53.409],[-72.559,-53.418],[-72.645,-53.318],[-72.522,-53.366],[-72.536,-53.27],[-72.412,-53.256],[-72.538,-53.197],[-72.191,-53.181],[-72.367,-53.068],[-72.563,-53.079],[-72.286,-53.03],[-72.022,-53.125],[-71.906,-53.011],[-71.399,-52.832],[-71.399,-52.728],[-71.352,-52.807],[-71.169,-52.813],[-71.119,-52.92],[-71.339,-53.103],[-71.742,-53.223],[-71.754,-53.462],[-71.814,-53.521],[-72.008,-53.554],[-71.789,-53.441],[-71.856,-53.225],[-72.022,-53.247],[-72.015,-53.393],[-72.105,-53.426],[-72.242,-53.435],[-72.091,-53.383],[-72.115,-53.257],[-72.423,-53.324],[-72.453,-53.407],[-72.284,-53.581],[-71.645,-53.824],[-71.285,-53.886],[-70.996,-53.787],[-70.939,-53.592],[-70.993,-53.383],[-70.812,-52.979],[-70.889,-52.914],[-70.739,-52.784],[-70.797,-52.726],[-70.208,-52.651],[-69.847,-52.487],[-69.672,-52.531],[-69.428,-52.25],[-69.235,-52.203],[-68.418,-52.386],[-68.366,-52.306],[-68.974,-51.62],[-69.219,-51.687],[-69.157,-51.635],[-69.568,-51.618],[-68.963,-51.56],[-69.168,-50.978],[-69.4,-51.066],[-69.137,-50.903],[-69.077,-50.56],[-68.876,-50.331],[-68.35,-50.149],[-68.583,-49.97],[-69.013,-50.008],[-68.674,-49.968],[-68.564,-49.867],[-68.342,-50.118],[-67.895,-49.997],[-67.732,-49.781],[-67.608,-49.265],[-67.725,-49.391],[-67.831,-49.38],[-67.712,-49.316],[-67.557,-49.016],[-67.198,-48.818],[-67.114,-48.674],[-66.341,-48.353],[-66.109,-48.123],[-65.917,-48.114],[-65.927,-47.941],[-65.762,-47.949],[-65.902,-47.77],[-66.28,-47.864],[-66.032,-47.74],[-65.846,-47.742],[-65.736,-47.51],[-65.745,-47.204],[-65.98,-47.066],[-66.786,-47.007],[-67.13,-46.707],[-67.423,-46.567],[-67.622,-46.164],[-67.578,-45.993],[-67.365,-45.787],[-67.332,-45.613],[-66.929,-45.257],[-66.524,-45.216],[-66.588,-45.139],[-66.473,-45.169],[-66.497,-45.088],[-66.2,-44.993],[-65.691,-45.063],[-65.521,-44.932],[-65.727,-44.81],[-65.643,-44.668],[-65.279,-44.516],[-65.332,-44.461],[-65.217,-44.366],[-65.309,-44.2],[-65.187,-44.036],[-65.272,-43.964],[-65.331,-43.663],[-64.944,-43.239],[-64.302,-42.981],[-64.997,-42.785],[-64.946,-42.654],[-64.438,-42.507],[-64.202,-42.635],[-64.251,-42.775],[-64.108,-42.884],[-63.62,-42.751],[-63.598,-42.3],[-63.769,-42.078],[-64.34,-42.237],[-64.068,-42.27],[-64.104,-42.428],[-64.445,-42.447],[-64.602,-42.422],[-64.481,-42.255],[-64.857,-42.194],[-65.005,-42.093],[-65.075,-41.951],[-64.991,-41.524],[-65.147,-41.181],[-65.132,-40.842],[-64.909,-40.77],[-64.982,-40.723],[-64.796,-40.723],[-64.745,-40.797],[-64.911,-40.824],[-63.622,-41.161],[-63.054,-41.147],[-62.338,-40.873],[-62.182,-40.627],[-62.33,-40.669],[-62.264,-40.552],[-62.49,-40.308],[-62.36,-40.192],[-62.305,-39.811],[-62.119,-39.838],[-62.051,-39.475],[-62.284,-39.311],[-62.023,-39.377],[-62.326,-39.255],[-62.257,-39.256],[-62.358,-39.102],[-62.274,-38.955],[-62.374,-38.9],[-62.358,-38.787],[-62.157,-38.81],[-62.027,-38.938],[-61.518,-39.011],[-59.797,-38.838],[-58.331,-38.493],[-57.594,-38.153],[-57.487,-37.832],[-57.056,-37.413],[-56.665,-36.851],[-56.741,-36.317],[-56.939,-36.385],[-57.248,-36.17],[-57.366,-35.988],[-57.353,-35.728],[-57.128,-35.441],[-57.35,-35.15],[-57.791,-34.884],[-57.642,-34.71],[-56.714,-34.707],[-56.376,-34.783],[-56.403,-34.855],[-56.156,-34.941],[-55.859,-34.793],[-55.602,-34.772],[-55.377,-34.801],[-55.26,-34.898],[-55.06,-34.888],[-54.959,-34.973],[-54.288,-34.695],[-54.345,-34.644],[-50.716,-34.771]],[[-74.594,-52.395],[-74.544,-52.246],[-74.9,-52.19],[-74.755,-52.365],[-74.594,-52.395]],[[-74.695,-51.988],[-74.598,-51.837],[-74.751,-51.834],[-74.845,-51.997],[-74.783,-52.009],[-74.896,-52.113],[-74.695,-51.988]],[[-74.763,-51.783],[-74.865,-51.618],[-74.922,-51.656],[-74.832,-51.837],[-74.958,-51.816],[-75.037,-51.921],[-74.969,-51.927],[-75.071,-51.982],[-74.975,-52.036],[-75.014,-52.104],[-74.948,-52.057],[-74.964,-52.118],[-74.763,-51.783]],[[-75.102,-51.296],[-75.155,-51.364],[-75.142,-51.264],[-75.22,-51.305],[-75.187,-51.375],[-75.313,-51.629],[-75.142,-51.565],[-75.161,-51.427],[-75.116,-51.473],[-74.997,-51.375],[-75.102,-51.296]],[[-74.783,-51.427],[-74.687,-51.283],[-74.594,-51.4],[-74.544,-51.365],[-74.626,-51.262],[-74.556,-51.25],[-74.793,-51.211],[-74.964,-51.344],[-74.798,-51.33],[-75.024,-51.456],[-74.783,-51.427]],[[-74.4,-50.844],[-74.66,-50.728],[-74.558,-50.817],[-74.643,-50.848],[-74.625,-50.925],[-74.903,-50.885],[-74.966,-50.95],[-74.838,-50.974],[-74.893,-51.049],[-74.832,-51.076],[-74.775,-50.993],[-74.681,-51.008],[-74.725,-51.105],[-74.475,-50.995],[-74.395,-51.063],[-74.4,-50.844]],[[-74.959,-50.728],[-74.859,-50.824],[-74.931,-50.851],[-74.693,-50.89],[-74.673,-50.81],[-74.718,-50.862],[-74.777,-50.803],[-74.715,-50.803],[-74.742,-50.707],[-74.901,-50.676],[-74.845,-50.748],[-74.959,-50.728]],[[-74.181,-50.808],[-74.223,-50.722],[-74.427,-50.653],[-74.239,-50.676],[-74.366,-50.474],[-74.552,-50.424],[-74.673,-50.474],[-74.42,-50.528],[-74.581,-50.634],[-74.397,-50.791],[-74.181,-50.808]],[[-75.097,-50.497],[-75.404,-50.46],[-75.469,-50.494],[-75.359,-50.591],[-75.514,-50.657],[-75.407,-50.674],[-75.462,-50.762],[-75.308,-50.789],[-75.263,-50.666],[-75.346,-50.561],[-75.097,-50.497]],[[-74.811,-50.214],[-74.8,-50.125],[-75.071,-50.186],[-74.953,-50.08],[-75.052,-50.125],[-75.157,-50.021],[-75.395,-50.032],[-75.305,-50.125],[-75.12,-50.139],[-75.179,-50.256],[-75.353,-50.201],[-75.268,-50.159],[-75.39,-50.162],[-75.455,-50.364],[-75.195,-50.303],[-75.323,-50.4],[-75.246,-50.44],[-74.811,-50.214]],[[-71.657,-53.983],[-71.596,-54.088],[-71.7,-54.166],[-71.652,-54.232],[-71.55,-54.182],[-71.597,-54.229],[-71.542,-54.27],[-71.508,-54.14],[-71.417,-54.11],[-71.411,-54.233],[-71.213,-54.229],[-71.358,-54.297],[-71.208,-54.369],[-70.992,-54.272],[-70.997,-54.175],[-71.062,-54.202],[-71.029,-54.086],[-71.112,-54.07],[-71.155,-54.155],[-71.18,-54.086],[-71.221,-54.185],[-71.302,-53.991],[-71.399,-53.976],[-71.396,-54.063],[-71.456,-53.946],[-71.657,-53.983]],[[-72.34,-54.07],[-72.393,-54.094],[-72.297,-54.114],[-72.39,-54.129],[-72.345,-54.16],[-72.515,-54.202],[-72.32,-54.257],[-72.231,-54.129],[-72.34,-54.07]],[[-72.111,-54.154],[-71.905,-54.229],[-71.988,-54.318],[-71.83,-54.331],[-71.871,-54.284],[-71.744,-54.231],[-71.952,-54.015],[-71.766,-54.164],[-71.652,-54.089],[-71.769,-54.051],[-71.701,-53.985],[-71.792,-53.998],[-71.653,-53.926],[-71.793,-53.897],[-71.852,-53.974],[-71.946,-53.853],[-72.065,-53.984],[-72.259,-53.93],[-72.205,-54.092],[-72.104,-54.058],[-72.042,-54.114],[-72.124,-54.133],[-72.06,-54.134],[-72.111,-54.154]],[[-72.543,-54.1],[-72.515,-53.983],[-72.343,-54.044],[-72.324,-53.989],[-72.42,-53.969],[-72.42,-53.897],[-72.344,-53.91],[-72.392,-53.845],[-72.251,-53.878],[-72.139,-53.798],[-72.373,-53.688],[-72.453,-53.742],[-72.485,-53.674],[-72.397,-53.633],[-72.464,-53.575],[-72.673,-53.537],[-72.63,-53.66],[-72.679,-53.673],[-72.734,-53.517],[-72.858,-53.453],[-72.817,-53.565],[-72.884,-53.681],[-72.913,-53.427],[-73.016,-53.407],[-73.002,-53.493],[-73.038,-53.386],[-73.175,-53.421],[-73.077,-53.531],[-73.42,-53.479],[-73.262,-53.558],[-73.259,-53.635],[-73.029,-53.585],[-73.081,-53.648],[-72.953,-53.664],[-73.204,-53.666],[-73.435,-53.563],[-73.615,-53.614],[-73.485,-53.701],[-73.592,-53.756],[-73.245,-53.716],[-73.31,-53.742],[-73.236,-53.897],[-73.309,-53.974],[-73.098,-54.038],[-73.036,-53.986],[-73.104,-53.934],[-73.056,-53.813],[-73.007,-53.874],[-72.802,-53.817],[-72.645,-53.86],[-72.851,-53.955],[-72.762,-54.03],[-73.027,-54.075],[-72.843,-54.134],[-72.623,-54.037],[-72.543,-54.1]],[[-73.392,-53.407],[-73.593,-53.386],[-73.575,-53.491],[-73.803,-53.422],[-73.507,-53.569],[-73.392,-53.531],[-73.486,-53.471],[-73.392,-53.407]],[[-73.366,-53.271],[-73.312,-53.239],[-73.46,-53.133],[-73.516,-53.261],[-73.623,-53.06],[-73.629,-53.147],[-74.075,-52.948],[-74.359,-52.948],[-74.371,-52.873],[-74.674,-52.721],[-74.75,-52.756],[-74.318,-53.097],[-74.249,-53.037],[-74.086,-53.105],[-73.88,-53.058],[-73.495,-53.291],[-73.584,-53.318],[-73.42,-53.283],[-73.108,-53.369],[-73.366,-53.271]],[[-73.749,-52.628],[-73.787,-52.554],[-73.677,-52.485],[-73.725,-52.405],[-74.03,-52.43],[-73.944,-52.483],[-74.184,-52.587],[-74.123,-52.707],[-73.872,-52.55],[-73.982,-52.633],[-73.845,-52.598],[-73.955,-52.708],[-73.749,-52.628]],[[-74.123,-52.398],[-73.936,-52.325],[-74.287,-52.089],[-74.417,-52.129],[-74.146,-52.194],[-74.222,-52.187],[-74.105,-52.248],[-74.207,-52.226],[-74.226,-52.326],[-74.123,-52.398]],[[-73.784,-52.06],[-74.094,-51.927],[-74.044,-52.009],[-74.112,-51.995],[-73.707,-52.238],[-73.784,-52.06]],[[-73.901,-51.804],[-73.979,-51.839],[-73.738,-52.011],[-73.709,-51.883],[-73.901,-51.804]],[[-74.242,-51.941],[-74.096,-51.877],[-74.503,-51.707],[-74.242,-51.941]],[[-74.082,-51.538],[-74.071,-51.605],[-74.241,-51.699],[-73.933,-51.779],[-74.082,-51.538]],[[-67.965,-55.593],[-68.101,-55.528],[-68.057,-55.469],[-68.177,-55.462],[-68.146,-55.404],[-68.603,-55.36],[-68.562,-55.326],[-68.746,-55.271],[-68.209,-55.263],[-68.787,-55.165],[-69.062,-55.045],[-68.616,-55.152],[-68.603,-55.066],[-68.335,-55.062],[-68.441,-54.94],[-69.528,-55.032],[-69.541,-55.145],[-69.582,-55.154],[-69.587,-55.041],[-70.031,-55.148],[-69.843,-55.168],[-69.925,-55.223],[-69.848,-55.258],[-69.5,-55.175],[-69.674,-55.26],[-69.569,-55.271],[-69.788,-55.306],[-69.416,-55.353],[-69.521,-55.394],[-69.437,-55.491],[-69.363,-55.389],[-69.339,-55.475],[-69.162,-55.514],[-69.137,-55.442],[-69.301,-55.428],[-69.28,-55.319],[-69.459,-55.306],[-69.48,-55.237],[-69.267,-55.23],[-69.288,-55.168],[-69.439,-55.162],[-69.24,-55.127],[-69.134,-55.248],[-69.123,-55.148],[-68.987,-55.265],[-68.801,-55.189],[-68.971,-55.377],[-68.76,-55.333],[-68.966,-55.408],[-68.865,-55.505],[-68.768,-55.493],[-68.801,-55.421],[-68.603,-55.462],[-68.617,-55.408],[-68.253,-55.525],[-68.29,-55.61],[-68.153,-55.596],[-68.098,-55.712],[-67.965,-55.593]],[[-67.739,-55.237],[-67.883,-55.244],[-67.801,-55.264],[-67.444,-55.182],[-67.451,-55.272],[-67.271,-55.307],[-67.053,-55.094],[-67.302,-54.929],[-68.361,-54.931],[-68.186,-54.978],[-68.135,-55.219],[-67.885,-55.179],[-67.739,-55.237]],[[-70.267,-55.113],[-70.343,-55.069],[-70.295,-55.031],[-70.73,-55.005],[-70.525,-54.997],[-70.316,-54.901],[-71.013,-54.965],[-70.919,-54.991],[-71.007,-55.045],[-70.729,-55.054],[-70.716,-55.123],[-70.59,-55.05],[-70.514,-55.107],[-70.564,-55.14],[-70.548,-55.214],[-70.538,-55.154],[-70.494,-55.21],[-70.37,-55.162],[-70.418,-55.079],[-70.267,-55.113]],[[-69.918,-55.038],[-69.164,-54.956],[-69.728,-54.865],[-69.704,-54.946],[-69.836,-54.872],[-69.928,-54.898],[-69.843,-54.948],[-69.916,-54.946],[-69.918,-55.038]],[[-64.364,-54.706],[-64.384,-54.784],[-64.542,-54.716],[-64.523,-54.782],[-64.759,-54.832],[-64.624,-54.904],[-64.311,-54.778],[-64.245,-54.837],[-63.98,-54.757],[-63.978,-54.816],[-63.834,-54.74],[-64.364,-54.706]],[[-70.463,-53.576],[-70.536,-53.56],[-70.713,-53.701],[-70.606,-53.865],[-70.882,-53.842],[-70.884,-54.027],[-70.686,-54.188],[-70.514,-54.215],[-70.67,-53.95],[-70.385,-54.05],[-70.336,-54.007],[-70.463,-53.576]],[[-65.142,-54.647],[-65.844,-54.647],[-66.482,-54.466],[-66.767,-54.25],[-67.572,-53.908],[-67.558,-53.836],[-67.984,-53.601],[-68.111,-53.344],[-68.551,-53.239],[-68.521,-53.121],[-68.35,-53.016],[-68.226,-53.102],[-68.311,-52.912],[-68.595,-52.654],[-68.779,-52.548],[-69.14,-52.684],[-69.418,-52.451],[-69.604,-52.521],[-69.591,-52.642],[-69.911,-52.848],[-70.129,-52.732],[-70.416,-52.758],[-70.283,-52.798],[-70.301,-52.915],[-70.089,-52.911],[-70.243,-53.062],[-70.335,-53.051],[-70.315,-52.968],[-70.419,-53.012],[-70.474,-53.309],[-70.203,-53.469],[-69.353,-53.356],[-69.361,-53.522],[-70.137,-53.739],[-70.178,-53.833],[-70.014,-54.114],[-68.995,-54.468],[-69.157,-54.453],[-69.17,-54.578],[-69.269,-54.532],[-69.377,-54.682],[-69.417,-54.623],[-69.24,-54.441],[-69.523,-54.337],[-69.559,-54.436],[-69.859,-54.28],[-69.741,-54.478],[-69.775,-54.555],[-70.034,-54.257],[-70.199,-54.321],[-70.075,-54.37],[-70.137,-54.428],[-70.933,-54.114],[-70.823,-54.195],[-70.899,-54.182],[-70.843,-54.263],[-70.578,-54.275],[-70.428,-54.438],[-70.131,-54.545],[-70.302,-54.497],[-70.249,-54.575],[-70.585,-54.391],[-70.697,-54.495],[-70.634,-54.6],[-70.764,-54.6],[-70.727,-54.428],[-70.61,-54.339],[-70.801,-54.316],[-70.953,-54.339],[-70.972,-54.469],[-71.145,-54.435],[-71.09,-54.511],[-71.365,-54.373],[-71.433,-54.401],[-71.323,-54.428],[-71.389,-54.457],[-71.614,-54.411],[-71.494,-54.476],[-71.563,-54.511],[-71.851,-54.415],[-71.583,-54.545],[-71.748,-54.511],[-71.672,-54.572],[-71.974,-54.449],[-71.94,-54.511],[-72.008,-54.505],[-72.001,-54.572],[-71.89,-54.568],[-71.981,-54.613],[-71.944,-54.655],[-71.754,-54.593],[-71.645,-54.655],[-71.598,-54.581],[-71.583,-54.655],[-71.494,-54.593],[-71.488,-54.687],[-71.336,-54.606],[-71.412,-54.579],[-71.347,-54.517],[-71.234,-54.531],[-71.256,-54.614],[-71.193,-54.627],[-71.29,-54.676],[-70.952,-54.616],[-71.028,-54.777],[-70.945,-54.672],[-70.774,-54.682],[-70.922,-54.713],[-70.816,-54.75],[-70.453,-54.634],[-70.837,-54.788],[-70.759,-54.841],[-70.581,-54.779],[-70.365,-54.835],[-70.245,-54.689],[-70.309,-54.839],[-70.087,-54.779],[-70.093,-54.849],[-69.993,-54.835],[-69.97,-54.677],[-69.967,-54.778],[-69.842,-54.821],[-69.791,-54.721],[-69.731,-54.803],[-69.716,-54.689],[-69.679,-54.765],[-69.627,-54.692],[-69.648,-54.823],[-69.13,-54.942],[-68.738,-54.896],[-68.929,-54.778],[-68.568,-54.878],[-68.7,-54.768],[-68.52,-54.852],[-68.302,-54.792],[-67.031,-54.905],[-66.541,-55.051],[-65.993,-54.972],[-65.966,-54.902],[-65.669,-54.972],[-65.463,-54.884],[-65.359,-54.927],[-65.142,-54.647]],[[-60.887,-51.934],[-60.855,-51.767],[-60.955,-51.854],[-61.033,-51.867],[-60.944,-51.814],[-60.987,-51.776],[-61.153,-51.845],[-60.887,-51.934]],[[-57.734,-51.687],[-57.899,-51.68],[-57.768,-51.642],[-57.812,-51.606],[-58.145,-51.543],[-57.778,-51.543],[-57.906,-51.377],[-58.291,-51.423],[-58.359,-51.505],[-58.217,-51.526],[-58.173,-51.612],[-58.237,-51.593],[-58.231,-51.653],[-58.421,-51.549],[-58.422,-51.478],[-58.522,-51.491],[-58.505,-51.395],[-58.334,-51.428],[-58.407,-51.324],[-58.954,-51.248],[-58.865,-51.358],[-59.099,-51.413],[-59.008,-51.557],[-59.112,-51.502],[-59.168,-51.574],[-58.991,-51.647],[-58.99,-51.804],[-59.043,-51.817],[-59.056,-51.687],[-59.207,-51.707],[-59.488,-51.845],[-59.488,-51.934],[-59.605,-51.921],[-59.523,-51.961],[-59.631,-52.007],[-59.57,-52.057],[-59.722,-52.108],[-59.339,-52.342],[-59.456,-52.142],[-59.049,-52.212],[-59.098,-52.174],[-59.039,-52.136],[-59.153,-52.144],[-59.077,-52.098],[-59.27,-51.99],[-58.641,-52.108],[-58.632,-51.968],[-58.81,-51.952],[-58.969,-51.854],[-58.94,-51.797],[-58.758,-51.891],[-58.419,-51.892],[-58.145,-51.79],[-58.261,-51.756],[-57.734,-51.687]],[[-59.214,-51.414],[-59.405,-51.338],[-59.393,-51.433],[-59.491,-51.456],[-59.585,-51.44],[-59.488,-51.393],[-59.802,-51.447],[-60.017,-51.375],[-60.084,-51.446],[-59.989,-51.468],[-60.153,-51.487],[-60.646,-51.351],[-60.389,-51.484],[-60.49,-51.526],[-60.077,-51.694],[-60.625,-51.67],[-60.551,-51.79],[-60.338,-51.709],[-60.18,-51.707],[-60.184,-51.761],[-60.298,-51.75],[-60.339,-51.859],[-60.372,-51.769],[-60.444,-51.783],[-60.479,-51.915],[-60.606,-51.927],[-60.4,-51.917],[-60.532,-52.0],[-60.845,-51.955],[-60.742,-52.009],[-61.037,-52.047],[-60.797,-52.172],[-60.722,-52.174],[-60.818,-52.104],[-60.689,-52.109],[-60.593,-52.237],[-60.496,-52.187],[-60.55,-52.112],[-60.451,-52.166],[-60.28,-52.094],[-60.26,-51.985],[-59.872,-51.949],[-59.214,-51.414]]]},"properties":{"realm":24,"name":"Argentina","group":6,"group_name":"Mid-Atlantic, Pacific and Indian Oceans, coastal tropics and warm-temperate areas","pct_unique":45,"species":1651,"color":"#e0e07b","area_km2":2474253}},{"type":"Feature","geometry":{"type":"Polygon","coordinates":[[[-70.447,-25.35],[-70.647,-25.522],[-70.74,-25.829],[-70.636,-25.975],[-70.635,-26.33],[-70.822,-26.866],[-70.789,-26.996],[-70.96,-27.161],[-70.912,-27.622],[-71.039,-27.666],[-71.189,-28.405],[-71.522,-28.94],[-71.487,-29.212],[-71.309,-29.409],[-71.283,-29.88],[-71.412,-29.992],[-71.399,-30.177],[-71.542,-30.285],[-71.638,-30.241],[-71.703,-30.509],[-71.666,-31.17],[-71.501,-31.89],[-71.542,-32.205],[-71.435,-32.351],[-71.521,-32.897],[-71.573,-33.01],[-71.762,-33.102],[-71.647,-33.626],[-72.019,-34.141],[-71.989,-34.355],[-72.231,-35.116],[-72.647,-35.567],[-72.584,-35.771],[-72.8,-35.978],[-72.826,-36.287],[-72.986,-36.521],[-72.982,-36.69],[-73.07,-36.714],[-73.119,-36.597],[-73.132,-36.736],[-73.207,-36.775],[-73.145,-36.834],[-73.209,-37.16],[-73.461,-37.242],[-73.608,-37.155],[-73.68,-37.348],[-73.599,-37.448],[-73.667,-37.726],[-73.463,-38.051],[-73.521,-38.522],[-73.21,-39.194],[-73.242,-39.49],[-73.406,-39.695],[-73.379,-39.9],[-73.458,-39.834],[-73.711,-39.969],[-73.66,-40.11],[-73.783,-40.425],[-73.728,-40.544],[-73.841,-40.667],[-73.855,-40.916],[-73.947,-40.973],[-73.807,-41.556],[-73.615,-41.6],[-73.499,-41.521],[-73.76,-41.749],[-73.201,-41.785],[-73.059,-41.697],[-73.104,-41.577],[-72.947,-41.483],[-72.584,-41.71],[-72.416,-41.658],[-72.339,-41.372],[-72.3,-41.405],[-72.303,-41.648],[-72.495,-41.717],[-72.645,-41.723],[-72.889,-41.911],[-72.737,-42.014],[-72.464,-41.976],[-72.42,-42.44],[-72.595,-42.182],[-72.844,-42.278],[-72.539,-42.558],[-72.84,-42.525],[-72.865,-42.751],[-72.747,-42.91],[-72.734,-43.08],[-72.865,-43.019],[-72.934,-43.098],[-72.912,-43.235],[-73.085,-43.316],[-73.111,-43.461],[-73.026,-43.587],[-72.906,-43.608],[-73.055,-43.716],[-72.897,-43.753],[-72.847,-43.679],[-72.825,-43.808],[-73.013,-43.772],[-73.139,-43.985],[-73.116,-44.086],[-73.202,-44.061],[-73.29,-44.152],[-73.128,-44.146],[-73.184,-44.248],[-72.94,-44.307],[-72.722,-44.501],[-72.591,-44.341],[-72.616,-44.509],[-72.728,-44.759],[-73.117,-44.948],[-73.386,-44.974],[-73.304,-45.145],[-73.463,-45.246],[-73.216,-45.259],[-72.831,-45.418],[-73.014,-45.445],[-73.226,-45.301],[-73.511,-45.452],[-73.592,-45.78],[-73.327,-45.619],[-73.189,-45.672],[-73.402,-45.702],[-73.56,-45.83],[-73.523,-45.876],[-73.661,-45.976],[-73.619,-46.102],[-73.688,-46.322],[-73.43,-46.03],[-73.345,-46.027],[-73.524,-46.175],[-73.568,-46.27],[-73.489,-46.301],[-73.691,-46.373],[-73.742,-46.534],[-73.787,-46.497],[-73.852,-46.595],[-73.989,-46.56],[-73.773,-46.321],[-73.882,-46.142],[-74.019,-46.204],[-73.845,-46.342],[-74.078,-46.322],[-74.05,-46.191],[-74.342,-46.261],[-74.49,-46.189],[-74.313,-46.25],[-73.971,-46.084],[-74.061,-45.981],[-74.076,-46.096],[-74.167,-46.136],[-74.084,-46.03],[-74.167,-46.006],[-74.059,-45.93],[-74.193,-45.882],[-74.103,-45.837],[-74.36,-45.79],[-74.462,-45.815],[-74.4,-45.93],[-74.453,-46.016],[-74.56,-45.826],[-74.666,-45.823],[-74.701,-46.033],[-74.821,-46.112],[-74.777,-46.212],[-74.88,-46.147],[-74.928,-46.274],[-75.091,-46.216],[-75.139,-46.314],[-75.03,-46.342],[-75.106,-46.347],[-75.196,-46.298],[-75.222,-46.404],[-75.345,-46.395],[-75.708,-46.655],[-75.65,-46.873],[-75.411,-46.932],[-75.346,-46.867],[-75.434,-46.863],[-75.422,-46.714],[-75.661,-46.767],[-75.415,-46.633],[-75.202,-46.63],[-74.934,-46.438],[-75.083,-46.641],[-75.006,-46.754],[-74.815,-46.768],[-74.681,-46.884],[-74.479,-46.902],[-74.435,-46.856],[-74.673,-46.849],[-74.64,-46.78],[-74.478,-46.772],[-74.592,-46.726],[-74.267,-46.782],[-74.243,-46.865],[-74.126,-46.829],[-74.209,-46.894],[-74.153,-46.967],[-73.941,-47.028],[-74.057,-47.157],[-73.99,-47.167],[-73.974,-47.255],[-74.016,-47.177],[-74.115,-47.193],[-74.112,-47.336],[-74.178,-47.205],[-74.325,-47.219],[-74.529,-47.432],[-74.394,-47.447],[-74.454,-47.481],[-74.314,-47.596],[-74.057,-47.534],[-74.14,-47.586],[-74.044,-47.609],[-74.304,-47.678],[-74.205,-47.757],[-74.345,-47.671],[-74.482,-47.699],[-74.345,-47.637],[-74.557,-47.55],[-74.632,-47.621],[-74.551,-47.664],[-74.568,-47.681],[-74.657,-47.644],[-74.736,-47.719],[-73.924,-47.843],[-73.773,-47.779],[-73.776,-47.589],[-73.721,-47.527],[-73.666,-47.616],[-73.732,-47.743],[-73.55,-47.808],[-73.619,-47.864],[-73.481,-47.963],[-73.235,-47.987],[-73.499,-47.98],[-73.653,-47.898],[-73.482,-48.123],[-73.375,-48.163],[-73.282,-48.079],[-73.351,-48.219],[-73.486,-48.173],[-73.556,-48.247],[-73.601,-48.13],[-73.804,-48.108],[-73.77,-48.028],[-73.88,-48.096],[-73.891,-48.022],[-74.331,-48.0],[-74.206,-48.231],[-74.345,-48.021],[-74.517,-47.959],[-74.625,-48.004],[-74.588,-48.08],[-74.469,-48.028],[-74.512,-48.09],[-74.318,-48.212],[-74.27,-48.336],[-74.107,-48.306],[-74.238,-48.351],[-73.893,-48.411],[-74.029,-48.448],[-73.993,-48.597],[-74.197,-48.473],[-74.392,-48.599],[-74.306,-48.728],[-74.169,-48.703],[-74.057,-48.74],[-74.335,-48.755],[-74.372,-48.719],[-74.453,-48.831],[-74.366,-48.932],[-74.467,-49.05],[-74.372,-49.187],[-74.423,-49.385],[-74.241,-49.528],[-74.146,-49.302],[-74.193,-49.208],[-74.036,-49.145],[-74.057,-49.012],[-73.889,-49.007],[-73.822,-49.042],[-74.044,-49.083],[-73.985,-49.273],[-73.845,-49.35],[-74.074,-49.262],[-74.124,-49.423],[-74.091,-49.497],[-73.88,-49.528],[-73.74,-49.745],[-73.941,-49.56],[-74.023,-49.618],[-74.054,-49.539],[-74.234,-49.566],[-74.316,-49.719],[-74.071,-49.741],[-74.348,-49.792],[-74.325,-49.871],[-74.036,-49.965],[-73.906,-49.857],[-73.88,-49.919],[-74.008,-49.991],[-73.899,-50.018],[-74.328,-49.928],[-74.313,-50.047],[-74.617,-50.037],[-74.536,-49.995],[-74.612,-49.912],[-74.485,-49.953],[-74.523,-49.857],[-74.436,-49.841],[-74.536,-49.747],[-74.424,-49.745],[-74.444,-49.642],[-74.605,-49.714],[-74.504,-49.587],[-74.445,-49.213],[-74.53,-49.028],[-74.475,-48.946],[-74.564,-48.901],[-74.526,-48.723],[-74.598,-48.736],[-74.612,-48.843],[-74.667,-48.857],[-74.623,-48.723],[-74.756,-48.678],[-74.795,-48.747],[-74.83,-48.69],[-75.01,-48.774],[-74.942,-48.829],[-75.058,-48.817],[-74.873,-48.843],[-75.015,-48.892],[-74.969,-48.987],[-74.824,-48.95],[-74.818,-49.007],[-74.955,-49.007],[-74.805,-49.104],[-74.893,-49.364],[-75.092,-49.2],[-75.037,-49.26],[-75.187,-49.288],[-75.092,-49.37],[-75.323,-49.264],[-75.167,-49.501],[-75.383,-49.28],[-75.469,-49.322],[-75.335,-49.511],[-75.256,-49.494],[-75.297,-49.633],[-75.149,-49.843],[-75.01,-49.899],[-74.953,-49.641],[-75.011,-49.676],[-75.044,-49.59],[-74.988,-49.479],[-74.945,-49.542],[-74.749,-49.425],[-74.811,-49.378],[-74.646,-49.35],[-74.743,-49.519],[-74.887,-49.535],[-74.708,-49.638],[-74.892,-49.614],[-74.883,-49.797],[-74.774,-49.768],[-74.838,-49.836],[-74.729,-49.843],[-74.911,-49.933],[-74.735,-49.899],[-74.66,-49.953],[-74.74,-49.922],[-74.856,-49.991],[-74.837,-50.027],[-79.695,-49.999],[-79.745,-46.999],[-79.803,-46.396],[-80.006,-45.741],[-79.9,-43.085],[-80.0,-39.452],[-79.964,-29.853],[-77.996,-28.141],[-77.346,-27.404],[-76.464,-26.631],[-75.407,-25.921],[-73.759,-24.997],[-73.058,-24.791],[-71.267,-24.802],[-70.885,-24.667],[-70.549,-24.385],[-70.576,-24.732],[-70.447,-25.35]],[[-75.366,-49.72],[-75.34,-49.86],[-75.181,-49.905],[-75.355,-49.61],[-75.495,-49.557],[-75.614,-49.636],[-75.511,-49.718],[-75.627,-49.756],[-75.617,-49.864],[-75.366,-49.72]],[[-74.89,-49.095],[-74.972,-49.032],[-75.126,-49.021],[-75.23,-49.117],[-74.936,-49.28],[-74.89,-49.095]],[[-75.494,-49.263],[-75.287,-49.087],[-75.394,-48.998],[-75.65,-49.205],[-75.494,-49.263]],[[-75.208,-49.035],[-75.306,-48.865],[-75.647,-48.891],[-75.624,-48.98],[-75.469,-48.953],[-75.499,-49.039],[-75.317,-48.954],[-75.276,-49.063],[-75.208,-49.035]],[[-75.194,-48.996],[-75.064,-48.948],[-75.137,-48.929],[-75.079,-48.895],[-75.121,-48.85],[-75.308,-48.795],[-75.194,-48.996]],[[-75.508,-48.718],[-75.642,-48.701],[-75.648,-48.779],[-75.297,-48.727],[-75.341,-48.646],[-75.508,-48.718]],[[-75.322,-48.6],[-75.344,-48.427],[-75.656,-48.485],[-75.626,-48.632],[-75.441,-48.611],[-75.61,-48.668],[-75.322,-48.6]],[[-74.487,-48.59],[-74.599,-48.564],[-74.673,-48.418],[-74.585,-48.377],[-74.738,-48.126],[-74.814,-48.343],[-74.717,-48.454],[-74.946,-48.418],[-75.033,-48.504],[-75.011,-48.587],[-74.514,-48.666],[-74.487,-48.59]],[[-75.083,-48.613],[-75.15,-48.483],[-75.099,-48.466],[-75.187,-48.411],[-75.351,-48.004],[-75.505,-48.031],[-75.585,-48.086],[-75.566,-48.171],[-75.531,-48.231],[-75.434,-48.199],[-75.554,-48.308],[-75.346,-48.301],[-75.554,-48.397],[-75.318,-48.349],[-75.253,-48.666],[-75.083,-48.613]],[[-75.031,-48.444],[-74.841,-48.359],[-74.805,-48.174],[-75.256,-48.069],[-75.031,-48.444]],[[-75.255,-48.039],[-75.052,-47.986],[-74.727,-48.106],[-74.835,-48.008],[-74.788,-47.812],[-75.168,-47.894],[-75.255,-48.039]],[[-75.192,-47.808],[-75.227,-47.855],[-75.024,-47.803],[-75.123,-47.782],[-75.059,-47.75],[-75.092,-47.68],[-75.334,-47.759],[-75.192,-47.808]],[[-74.721,-45.81],[-74.971,-45.863],[-74.884,-45.929],[-75.097,-45.867],[-75.03,-45.965],[-75.079,-45.985],[-74.859,-45.999],[-75.106,-46.047],[-74.92,-46.104],[-74.721,-45.81]],[[-74.534,-48.336],[-74.373,-48.253],[-74.558,-48.122],[-74.604,-48.235],[-74.544,-48.199],[-74.534,-48.336]],[[-74.503,-47.918],[-74.318,-47.981],[-73.837,-47.954],[-73.809,-47.887],[-74.245,-47.806],[-74.331,-47.822],[-74.249,-47.877],[-74.503,-47.918]],[[-74.44,-45.777],[-74.208,-45.636],[-74.29,-45.622],[-74.222,-45.601],[-74.274,-45.495],[-74.404,-45.447],[-74.48,-45.621],[-74.44,-45.777]],[[-74.188,-44.869],[-74.364,-44.997],[-73.913,-44.95],[-74.188,-44.869]],[[-73.878,-44.681],[-74.026,-44.603],[-74.413,-44.653],[-74.28,-44.804],[-73.878,-44.681]],[[-74.421,-44.547],[-74.42,-44.505],[-74.223,-44.467],[-74.306,-44.394],[-74.541,-44.454],[-74.421,-44.547]],[[-73.975,-47.048],[-74.167,-47.013],[-74.231,-47.102],[-74.146,-47.171],[-73.975,-47.048]],[[-73.825,-45.452],[-74.064,-45.423],[-74.143,-45.575],[-73.833,-45.513],[-73.825,-45.452]],[[-73.824,-45.266],[-73.986,-45.271],[-74.07,-45.204],[-74.167,-45.253],[-74.119,-45.328],[-73.828,-45.348],[-73.824,-45.266]],[[-73.702,-45.136],[-73.846,-45.001],[-74.235,-45.072],[-74.229,-45.16],[-74.084,-45.14],[-73.99,-45.246],[-73.843,-45.24],[-73.79,-45.274],[-73.702,-45.136]],[[-74.117,-43.81],[-74.166,-43.873],[-73.996,-43.937],[-73.906,-43.909],[-73.975,-43.868],[-73.928,-43.841],[-73.762,-43.889],[-73.865,-43.763],[-74.117,-43.81]],[[-74.363,-43.292],[-74.085,-43.402],[-73.93,-43.365],[-73.847,-43.423],[-73.669,-43.364],[-73.776,-43.118],[-73.502,-43.128],[-73.708,-42.867],[-73.51,-42.878],[-73.492,-42.819],[-73.809,-42.609],[-73.824,-42.514],[-73.762,-42.457],[-73.754,-42.534],[-73.611,-42.512],[-73.689,-42.453],[-73.666,-42.354],[-73.385,-42.293],[-73.386,-42.196],[-73.502,-42.117],[-73.456,-42.044],[-73.578,-41.945],[-73.502,-41.84],[-73.691,-41.809],[-73.77,-41.902],[-74.006,-41.845],[-73.896,-41.843],[-73.917,-41.783],[-74.064,-41.806],[-74.009,-41.888],[-74.053,-42.13],[-74.16,-42.241],[-74.19,-42.432],[-74.162,-42.86],[-74.363,-43.292]],[[-73.687,-46.073],[-73.837,-46.013],[-73.941,-46.068],[-73.792,-46.197],[-73.687,-46.073]],[[-73.603,-45.458],[-73.722,-45.458],[-73.742,-45.609],[-73.818,-45.643],[-73.654,-45.753],[-73.611,-45.691],[-73.68,-45.622],[-73.611,-45.629],[-73.603,-45.458]],[[-73.468,-44.643],[-73.393,-44.789],[-73.3,-44.759],[-73.207,-44.793],[-73.408,-44.822],[-73.257,-44.94],[-72.838,-44.71],[-72.981,-44.601],[-72.813,-44.636],[-72.721,-44.528],[-72.872,-44.437],[-72.981,-44.512],[-72.926,-44.437],[-73.002,-44.361],[-73.091,-44.402],[-73.036,-44.485],[-73.21,-44.409],[-73.261,-44.477],[-73.132,-44.556],[-73.259,-44.533],[-73.232,-44.633],[-73.468,-44.643]],[[-73.68,-44.545],[-73.821,-44.579],[-73.753,-44.741],[-73.603,-44.716],[-73.68,-44.545]]]},"properties":{"realm":25,"name":"Chile","group":6,"group_name":"Mid-Atlantic, Pacific and Indian Oceans, coastal tropics and warm-temperate areas","pct_unique":68,"species":584,"color":"#45a9d3","area_km2":1625546}},{"type":"Feature","geometry":{"type":"Polygon","coordinates":[[[152.054,-33.468],[153.123,-33.691],[154.006,-34.096],[154.771,-34.712],[154.963,-34.979],[155.026,-35.234],[154.833,-36.181],[154.906,-37.512],[154.79,-38.067],[154.565,-38.609],[154.228,-39.14],[153.781,-39.65],[153.214,-40.059],[151.589,-40.859],[150.715,-41.567],[150.269,-42.079],[150.048,-42.588],[149.942,-43.245],[150.036,-45.534],[146.992,-45.548],[143.129,-45.239],[139.704,-45.31],[138.603,-45.162],[136.408,-44.65],[134.546,-44.415],[128.949,-44.097],[114.527,-43.053],[113.846,-38.782],[113.528,-37.606],[113.423,-36.909],[113.416,-35.797],[113.575,-34.643],[114.214,-32.844],[114.383,-31.487],[114.692,-30.824],[114.96,-30.589],[115.098,-30.621],[115.701,-31.691],[115.757,-32.186],[115.674,-32.273],[115.769,-32.602],[115.659,-32.629],[115.714,-32.78],[115.64,-32.657],[115.701,-32.513],[115.601,-32.662],[115.702,-33.297],[115.367,-33.631],[115.195,-33.645],[114.989,-33.521],[115.018,-34.262],[115.119,-34.363],[115.263,-34.299],[115.508,-34.387],[115.916,-34.702],[115.979,-34.836],[116.376,-34.917],[116.388,-34.858],[116.5,-34.929],[116.375,-34.933],[116.465,-35.001],[117.341,-35.018],[117.62,-35.138],[117.667,-35.049],[117.933,-35.12],[118.001,-35.088],[117.835,-35.031],[118.199,-35.017],[118.161,-34.945],[118.398,-34.901],[118.443,-34.74],[118.725,-34.636],[118.727,-34.558],[118.888,-34.5],[118.84,-34.453],[119.364,-34.495],[119.408,-34.37],[119.559,-34.384],[119.469,-34.313],[119.613,-34.103],[120.002,-33.926],[120.394,-33.974],[120.562,-33.893],[121.334,-33.815],[121.794,-33.897],[122.006,-33.821],[122.095,-34.019],[122.258,-34.022],[122.35,-33.915],[122.56,-33.959],[122.607,-33.895],[123.023,-33.861],[123.155,-34.009],[123.383,-33.891],[123.527,-33.939],[123.952,-33.567],[124.201,-33.038],[124.834,-32.868],[126.008,-32.273],[127.289,-32.273],[128.219,-32.018],[128.99,-31.691],[130.157,-31.574],[130.79,-31.608],[131.135,-31.475],[131.783,-31.728],[132.234,-32.033],[132.776,-31.951],[133.271,-32.219],[133.649,-32.102],[133.95,-32.389],[133.869,-32.433],[133.864,-32.547],[134.148,-32.457],[134.298,-32.678],[134.214,-32.806],[134.217,-32.726],[134.074,-32.714],[134.133,-32.836],[134.069,-32.929],[134.191,-32.946],[134.149,-33.028],[134.334,-33.205],[134.478,-33.157],[134.628,-33.247],[134.582,-33.146],[134.706,-33.173],[134.677,-33.233],[134.861,-33.479],[134.841,-33.631],[135.19,-33.893],[135.389,-34.569],[135.504,-34.612],[135.371,-34.628],[135.21,-34.432],[135.108,-34.596],[135.288,-34.592],[135.633,-34.953],[135.783,-34.858],[135.965,-35.008],[136.016,-34.744],[135.799,-34.805],[135.883,-34.768],[135.937,-34.535],[136.069,-34.482],[136.101,-34.535],[136.115,-34.384],[136.607,-33.903],[136.965,-33.753],[136.883,-33.755],[136.946,-33.682],[137.02,-33.73],[137.225,-33.653],[137.452,-33.14],[137.632,-32.962],[137.778,-32.983],[137.774,-32.52],[138.04,-33.082],[137.81,-33.26],[137.931,-33.616],[137.602,-33.877],[137.549,-34.087],[137.452,-34.156],[137.484,-34.355],[137.414,-34.472],[137.479,-34.466],[137.513,-34.618],[137.446,-34.917],[137.02,-34.901],[136.837,-35.241],[136.874,-35.295],[137.426,-35.118],[137.671,-35.181],[137.75,-35.131],[137.892,-34.526],[138.078,-34.128],[138.551,-34.782],[138.494,-34.792],[138.438,-35.343],[138.107,-35.621],[138.531,-35.646],[138.746,-35.539],[138.993,-35.548],[138.794,-35.484],[139.031,-35.518],[138.961,-35.414],[139.178,-35.315],[139.363,-35.377],[139.361,-35.49],[139.219,-35.507],[139.356,-35.593],[139.338,-35.687],[139.23,-35.689],[139.234,-35.548],[139.155,-35.503],[139.041,-35.604],[139.475,-35.896],[139.672,-36.228],[139.565,-36.05],[139.448,-35.927],[139.001,-35.585],[138.918,-35.577],[139.567,-36.075],[139.857,-36.635],[139.842,-36.846],[139.672,-36.953],[139.788,-37.126],[139.742,-37.181],[139.988,-37.487],[140.114,-37.518],[140.398,-37.92],[140.69,-38.068],[141.134,-38.128],[141.391,-38.306],[141.41,-38.407],[141.648,-38.403],[141.632,-38.309],[141.762,-38.262],[142.175,-38.399],[142.502,-38.374],[142.81,-38.578],[143.537,-38.858],[144.402,-38.301],[144.653,-38.286],[144.705,-38.146],[144.373,-38.118],[144.517,-38.112],[144.935,-37.868],[145.119,-38.159],[144.983,-38.341],[144.677,-38.333],[144.945,-38.51],[145.229,-38.413],[145.256,-38.241],[145.464,-38.235],[145.557,-38.385],[145.421,-38.427],[145.373,-38.537],[145.6,-38.68],[145.809,-38.65],[145.854,-38.701],[145.757,-38.66],[145.921,-38.907],[146.092,-38.82],[146.182,-38.868],[146.394,-39.145],[146.483,-39.065],[146.477,-38.81],[146.286,-38.91],[146.182,-38.756],[146.224,-38.714],[146.848,-38.685],[147.758,-37.985],[148.306,-37.823],[149.491,-37.783],[149.678,-37.691],[149.766,-37.584],[149.718,-37.516],[149.985,-37.496],[149.951,-37.284],[150.054,-37.269],[149.876,-37.096],[149.942,-37.062],[149.91,-36.906],[150.142,-36.32],[150.143,-36.114],[150.082,-36.084],[150.239,-35.833],[150.191,-35.727],[150.292,-35.723],[150.554,-35.214],[150.759,-35.179],[150.696,-35.026],[150.845,-35.077],[150.727,-34.874],[150.917,-34.603],[150.801,-34.548],[150.919,-34.486],[150.969,-34.263],[151.231,-34.04],[151.106,-34.001],[151.267,-33.982],[151.337,-33.611],[152.054,-33.468]],[[144.109,-39.666],[143.945,-39.579],[143.852,-39.756],[143.886,-40.107],[144.112,-40.031],[144.109,-39.666]],[[138.13,-35.816],[138.007,-35.74],[137.813,-35.811],[137.778,-35.74],[137.602,-35.744],[137.623,-35.582],[137.335,-35.583],[136.598,-35.758],[136.533,-35.912],[136.716,-36.063],[137.228,-35.98],[137.459,-36.083],[137.602,-36.026],[137.629,-35.91],[138.13,-35.816]],[[147.304,-43.262],[147.168,-43.368],[147.179,-43.454],[147.086,-43.43],[147.168,-43.502],[147.216,-43.415],[147.304,-43.509],[147.364,-43.379],[147.304,-43.262]],[[147.999,-43.23],[147.95,-43.073],[148.005,-42.909],[147.845,-42.866],[147.953,-42.72],[147.889,-42.545],[148.006,-42.514],[148.031,-42.332],[147.964,-42.34],[148.093,-42.1],[148.217,-42.093],[148.131,-42.062],[148.181,-41.947],[148.242,-42.007],[148.162,-42.059],[148.32,-42.119],[148.258,-42.244],[148.322,-42.278],[148.364,-42.204],[148.261,-41.8],[148.354,-41.291],[148.258,-41.347],[148.322,-41.268],[148.272,-41.045],[148.331,-41.002],[148.209,-40.841],[147.984,-40.737],[147.849,-40.889],[147.651,-40.829],[147.445,-41.008],[147.343,-40.942],[147.018,-40.977],[146.819,-41.075],[146.95,-41.161],[146.808,-41.157],[146.744,-41.066],[146.586,-41.18],[145.81,-41.027],[145.524,-40.846],[145.332,-40.838],[145.269,-40.72],[145.119,-40.821],[144.699,-40.66],[144.704,-40.871],[144.606,-40.997],[144.75,-41.414],[144.92,-41.703],[145.207,-41.967],[145.229,-42.196],[145.346,-42.147],[145.463,-42.327],[145.558,-42.342],[145.472,-42.513],[145.435,-42.379],[145.189,-42.196],[145.265,-42.604],[145.832,-43.293],[145.926,-43.289],[145.869,-43.273],[145.917,-43.196],[146.025,-43.325],[146.23,-43.32],[146.161,-43.416],[145.943,-43.365],[146.024,-43.553],[146.238,-43.485],[146.514,-43.534],[146.555,-43.469],[146.711,-43.629],[146.927,-43.612],[146.902,-43.532],[147.018,-43.478],[146.922,-43.43],[147.055,-43.356],[146.963,-43.34],[147.1,-43.299],[146.973,-43.131],[147.061,-43.202],[147.107,-43.155],[147.164,-43.27],[147.258,-43.254],[147.254,-43.027],[147.333,-43.043],[147.36,-42.925],[147.284,-42.778],[147.477,-42.909],[147.436,-43.046],[147.559,-42.977],[147.534,-42.837],[147.84,-42.902],[147.875,-43.041],[147.763,-43.038],[147.715,-42.937],[147.621,-43.023],[147.792,-43.244],[147.895,-43.169],[147.999,-43.23]],[[148.43,-40.373],[148.323,-40.304],[147.999,-40.418],[148.327,-40.436],[148.341,-40.504],[148.469,-40.441],[148.43,-40.373]],[[148.075,-40.255],[148.327,-40.223],[148.299,-40.099],[148.224,-40.126],[148.299,-39.962],[148.167,-39.936],[147.953,-39.712],[147.758,-39.879],[147.881,-39.895],[147.885,-40.031],[148.075,-40.255]]]},"properties":{"realm":26,"name":"S Australia","group":6,"group_name":"Mid-Atlantic, Pacific and Indian Oceans, coastal tropics and warm-temperate areas","pct_unique":40,"species":2158,"color":"#e07ba5","area_km2":3568511}},{"type":"Feature","geometry":{"type":"Polygon","coordinates":[[[35.141,-26.028],[35.277,-26.585],[35.75,-27.754],[36.138,-28.036],[39.522,-28.348],[41.431,-28.88],[45.169,-29.643],[49.019,-29.806],[49.987,-29.945],[50.068,-30.126],[50.024,-30.788],[50.111,-31.344],[49.938,-35.052],[48.452,-35.6],[46.17,-36.187],[41.271,-37.789],[39.4,-38.285],[30.707,-39.169],[28.527,-39.281],[26.367,-39.645],[25.032,-39.741],[24.417,-39.984],[18.077,-40.017],[15.861,-40.121],[15.098,-40.039],[14.374,-39.448],[13.499,-38.36],[11.888,-36.723],[10.777,-35.752],[10.385,-35.265],[10.158,-34.704],[9.966,-33.378],[9.117,-31.335],[8.577,-29.334],[8.319,-27.732],[8.187,-26.036],[8.18,-24.244],[8.3,-22.407],[8.507,-20.806],[8.806,-19.273],[9.234,-17.677],[9.976,-15.493],[9.993,-15.031],[12.153,-14.992],[12.005,-15.594],[11.736,-15.857],[11.807,-16.019],[11.823,-16.679],[11.718,-17.546],[11.834,-18.098],[12.032,-18.505],[12.45,-18.905],[13.037,-20.059],[13.178,-20.189],[13.398,-20.849],[14.509,-22.548],[14.529,-22.9],[14.459,-22.995],[14.435,-22.88],[14.41,-22.971],[14.492,-23.309],[14.434,-23.415],[14.514,-23.892],[14.459,-24.098],[14.853,-25.064],[14.84,-25.752],[14.979,-26.059],[14.966,-26.335],[15.106,-26.421],[15.169,-26.592],[15.145,-26.675],[15.084,-26.652],[15.117,-26.796],[15.229,-26.946],[15.295,-27.322],[15.679,-27.943],[16.347,-28.556],[16.487,-28.573],[16.6,-28.858],[16.824,-29.101],[17.282,-30.348],[17.745,-31.129],[18.214,-31.731],[18.349,-32.26],[18.311,-32.573],[18.119,-32.773],[17.967,-32.704],[17.843,-32.823],[17.902,-33.037],[18.023,-33.014],[18.127,-33.197],[17.955,-33.102],[18.432,-33.697],[18.489,-33.863],[18.372,-33.925],[18.314,-34.145],[18.47,-34.347],[18.478,-34.107],[18.8,-34.09],[18.858,-34.15],[18.818,-34.377],[19.14,-34.294],[19.119,-34.401],[19.29,-34.409],[19.36,-34.5],[19.297,-34.618],[19.399,-34.602],[19.642,-34.772],[19.858,-34.75],[19.999,-34.822],[20.524,-34.454],[20.841,-34.465],[20.805,-34.398],[20.961,-34.356],[21.306,-34.425],[21.538,-34.349],[21.789,-34.381],[21.947,-34.224],[22.148,-34.178],[22.169,-34.083],[22.564,-33.997],[23.408,-34.11],[23.387,-34.031],[23.636,-33.98],[24.834,-34.206],[24.953,-33.985],[25.698,-34.035],[25.634,-33.855],[25.785,-33.744],[26.476,-33.764],[27.101,-33.525],[28.549,-32.562],[29.412,-31.678],[30.01,-31.292],[31.05,-29.909],[31.006,-29.876],[31.365,-29.333],[31.769,-28.922],[32.012,-28.866],[32.07,-28.806],[32.017,-28.785],[32.392,-28.535],[32.865,-27.017],[32.955,-26.106],[32.842,-26.289],[32.477,-25.985],[32.687,-25.886],[32.845,-25.573],[33.319,-25.252],[33.277,-25.297],[34.918,-24.69],[35.264,-24.97],[35.078,-25.169],[35.141,-26.028]]]},"properties":{"realm":27,"name":"S Africa","group":6,"group_name":"Mid-Atlantic, Pacific and Indian Oceans, coastal tropics and warm-temperate areas","pct_unique":45,"species":6700,"color":"#56d345","area_km2":4202656}},{"type":"Feature","geometry":{"type":"MultiPolygon","coordinates":[[[[177.531,-49.995],[176.651,-50.065],[176.318,-50.173],[175.984,-50.435],[175.292,-51.263],[174.277,-52.842],[173.813,-53.358],[172.211,-54.443],[170.719,-54.974],[169.446,-55.086],[166.316,-54.986],[162.427,-55.041],[161.55,-54.919],[160.58,-54.626],[160.166,-54.19],[160.023,-53.68],[160.005,-52.107],[159.864,-51.344],[159.648,-50.992],[158.761,-50.172],[158.138,-49.248],[157.967,-48.901],[157.938,-48.628],[158.067,-47.796],[158.644,-46.606],[159.465,-45.692],[159.826,-45.143],[161.031,-41.973],[162.083,-40.376],[162.957,-38.614],[164.367,-36.55],[164.988,-35.006],[166.225,-33.415],[167.65,-31.84],[168.923,-30.626],[169.858,-29.994],[170.446,-29.753],[171.111,-29.609],[173.329,-29.427],[176.341,-29.033],[178.183,-28.964],[180.0,-29.107],[180.0,-49.969],[177.531,-49.995]],[[166.288,-50.543],[166.096,-50.536],[166.079,-50.676],[165.925,-50.754],[165.897,-50.851],[166.021,-50.836],[166.04,-50.752],[166.061,-50.831],[166.24,-50.851],[166.233,-50.755],[166.123,-50.707],[166.226,-50.694],[166.164,-50.687],[166.288,-50.543]],[[168.23,-46.972],[167.967,-46.973],[168.008,-46.895],[168.179,-46.864],[167.968,-46.7],[167.81,-46.692],[167.758,-46.807],[167.809,-46.922],[167.515,-47.254],[167.672,-47.261],[167.727,-47.205],[167.635,-47.226],[167.617,-47.212],[167.765,-47.137],[167.902,-47.188],[168.252,-47.088],[168.23,-46.972]],[[172.811,-43.169],[173.287,-42.954],[173.559,-42.491],[173.723,-42.437],[173.704,-42.379],[174.215,-41.857],[174.292,-41.73],[174.051,-41.437],[174.326,-41.216],[174.199,-41.265],[173.935,-41.28],[174.216,-41.189],[174.167,-41.116],[174.257,-41.127],[174.326,-41.009],[174.207,-41.071],[174.183,-40.973],[173.999,-40.969],[173.949,-41.011],[174.046,-41.093],[173.976,-41.147],[173.949,-41.079],[173.896,-41.192],[174.134,-41.175],[173.774,-41.284],[173.956,-41.059],[173.779,-41.108],[173.781,-41.011],[173.918,-41.002],[174.035,-40.934],[173.992,-40.9],[173.707,-40.994],[173.748,-41.037],[173.675,-41.106],[173.589,-41.056],[173.104,-41.308],[172.997,-41.017],[173.058,-40.963],[173.017,-40.797],[172.856,-40.844],[172.66,-40.648],[172.742,-40.521],[172.997,-40.524],[172.84,-40.502],[172.596,-40.528],[172.593,-40.604],[172.507,-40.589],[172.107,-40.887],[172.14,-41.291],[172.071,-41.414],[171.855,-41.665],[171.468,-41.766],[171.225,-42.451],[170.858,-42.843],[170.289,-43.107],[170.239,-43.238],[170.105,-43.258],[169.718,-43.574],[169.42,-43.651],[168.804,-43.997],[168.371,-44.039],[167.836,-44.505],[167.933,-44.697],[167.752,-44.603],[167.595,-44.698],[167.679,-44.765],[167.549,-44.734],[167.595,-44.793],[167.568,-44.882],[167.555,-44.786],[167.458,-44.789],[167.514,-44.993],[167.386,-44.842],[167.199,-44.964],[167.336,-45.037],[167.152,-45.008],[167.275,-45.094],[167.192,-45.136],[167.119,-45.039],[167.055,-45.102],[167.171,-45.185],[167.012,-45.133],[167.048,-45.27],[167.247,-45.253],[167.309,-45.313],[167.048,-45.327],[167.2,-45.446],[167.206,-45.479],[167.097,-45.382],[167.011,-45.426],[167.048,-45.362],[166.891,-45.283],[166.826,-45.317],[166.952,-45.437],[166.768,-45.41],[166.715,-45.576],[167.055,-45.492],[166.992,-45.575],[166.782,-45.594],[166.778,-45.657],[166.891,-45.65],[166.774,-45.719],[167.021,-45.698],[166.89,-45.776],[166.49,-45.808],[166.469,-45.983],[166.744,-45.861],[166.691,-45.94],[166.809,-45.93],[166.616,-46.088],[166.952,-45.944],[166.671,-46.154],[166.762,-46.22],[167.295,-46.274],[167.406,-46.251],[167.453,-46.15],[167.575,-46.157],[167.713,-46.198],[167.839,-46.393],[168.199,-46.342],[168.302,-46.478],[168.387,-46.441],[168.268,-46.526],[168.378,-46.62],[168.366,-46.54],[168.591,-46.614],[168.618,-46.547],[168.845,-46.56],[168.889,-46.656],[169.036,-46.682],[169.635,-46.578],[169.756,-46.5],[169.659,-46.492],[169.849,-46.468],[169.899,-46.345],[170.217,-46.173],[170.334,-45.982],[170.779,-45.876],[170.777,-45.78],[170.557,-45.896],[170.759,-45.777],[170.627,-45.706],[170.866,-45.482],[170.926,-45.238],[171.203,-44.906],[171.174,-44.547],[171.346,-44.279],[172.376,-43.864],[172.417,-43.737],[172.648,-43.783],[172.423,-43.855],[172.763,-43.793],[172.817,-43.881],[172.966,-43.905],[172.949,-43.751],[172.997,-43.889],[173.093,-43.854],[173.065,-43.648],[172.681,-43.639],[172.832,-43.602],[172.748,-43.567],[172.811,-43.169]],[[176.904,-39.413],[177.065,-39.199],[177.413,-39.059],[177.764,-39.081],[177.866,-39.097],[177.841,-39.229],[177.912,-39.256],[177.999,-39.13],[177.883,-39.086],[177.932,-38.702],[178.08,-38.709],[178.3,-38.532],[178.348,-38.013],[178.551,-37.681],[178.278,-37.559],[177.992,-37.543],[177.739,-37.676],[177.557,-37.914],[177.131,-38.022],[176.217,-37.618],[176.214,-37.719],[175.997,-37.632],[175.943,-37.522],[176.169,-37.625],[175.975,-37.47],[175.851,-36.841],[175.714,-36.875],[175.852,-36.718],[175.628,-36.764],[175.532,-36.508],[175.354,-36.491],[175.498,-36.631],[175.537,-36.786],[175.436,-36.865],[175.61,-37.252],[175.563,-37.18],[175.367,-37.207],[175.241,-36.942],[175.093,-36.97],[175.027,-36.875],[174.963,-36.934],[174.935,-36.837],[174.891,-36.958],[174.876,-36.851],[174.68,-36.907],[174.683,-36.803],[174.621,-36.796],[174.704,-36.758],[174.819,-36.824],[174.723,-36.631],[174.857,-36.611],[174.723,-36.594],[174.717,-36.412],[174.779,-36.487],[174.751,-36.354],[174.881,-36.351],[174.497,-35.988],[174.504,-35.83],[174.353,-35.842],[174.36,-35.713],[174.386,-35.789],[174.607,-35.844],[174.477,-35.643],[174.57,-35.594],[174.333,-35.329],[174.422,-35.374],[174.34,-35.312],[174.353,-35.199],[174.155,-35.275],[174.252,-35.323],[174.151,-35.37],[174.094,-35.22],[174.015,-35.217],[174.058,-35.152],[174.155,-35.182],[174.128,-35.136],[173.99,-35.119],[173.891,-35.001],[173.76,-35.097],[173.784,-35.008],[173.588,-34.928],[173.586,-35.015],[173.459,-34.981],[173.404,-34.903],[173.503,-34.87],[173.444,-34.796],[173.369,-34.967],[173.267,-35.008],[173.298,-34.909],[173.123,-34.81],[173.189,-34.836],[173.036,-34.552],[173.007,-34.651],[172.997,-34.562],[172.907,-34.541],[172.97,-34.467],[173.038,-34.522],[173.079,-34.412],[172.703,-34.412],[172.674,-34.48],[173.157,-34.945],[173.198,-35.109],[173.093,-35.207],[173.257,-35.281],[173.202,-35.323],[173.249,-35.371],[173.318,-35.302],[173.272,-35.391],[173.37,-35.517],[173.407,-35.391],[173.566,-35.361],[173.565,-35.275],[173.661,-35.313],[173.542,-35.453],[173.458,-35.438],[173.407,-35.571],[174.08,-36.4],[174.203,-36.348],[174.007,-36.149],[173.88,-35.96],[173.908,-35.87],[173.901,-35.96],[174.075,-36.168],[174.261,-36.268],[174.319,-36.241],[174.182,-36.145],[174.285,-36.118],[174.333,-36.228],[174.394,-36.124],[174.45,-36.163],[174.305,-36.282],[174.525,-36.241],[174.271,-36.338],[174.466,-36.373],[174.431,-36.666],[174.257,-36.447],[174.182,-36.453],[174.5,-37.032],[174.833,-36.943],[174.786,-37.008],[174.948,-37.102],[174.717,-37.153],[174.805,-37.166],[174.74,-37.244],[174.667,-37.07],[174.558,-37.063],[174.706,-37.348],[174.838,-37.299],[174.718,-37.412],[174.85,-37.765],[174.977,-37.75],[174.792,-37.872],[174.788,-37.985],[174.888,-37.967],[174.792,-38.085],[174.943,-38.097],[174.847,-38.154],[174.71,-38.105],[174.594,-38.819],[174.415,-38.963],[173.853,-39.134],[173.759,-39.301],[173.851,-39.464],[174.319,-39.614],[174.568,-39.827],[174.967,-39.916],[175.184,-40.134],[175.239,-40.296],[175.141,-40.674],[174.842,-41.044],[174.866,-41.104],[174.609,-41.292],[174.81,-41.334],[174.785,-41.249],[174.89,-41.225],[174.866,-41.42],[175.182,-41.418],[175.237,-41.62],[175.967,-41.247],[176.425,-40.604],[176.628,-40.462],[176.682,-40.275],[176.862,-40.141],[177.119,-39.667],[176.99,-39.637],[176.904,-39.413]],[[175.531,-36.176],[175.375,-36.066],[175.334,-36.224],[175.523,-36.352],[175.531,-36.176]]],[[[-175.256,-33.847],[-175.076,-34.85],[-174.475,-35.5],[-173.364,-36.327],[-171.636,-37.311],[-169.666,-38.625],[-168.59,-39.161],[-167.27,-39.452],[-163.825,-39.721],[-162.92,-39.918],[-162.185,-40.196],[-161.855,-40.775],[-161.08,-43.365],[-160.395,-44.487],[-160.021,-44.77],[-157.595,-45.398],[-155.561,-45.682],[-153.464,-45.649],[-151.694,-45.345],[-152.536,-45.888],[-153.359,-46.765],[-154.83,-47.091],[-157.37,-47.247],[-161.247,-47.932],[-162.398,-47.969],[-163.748,-47.861],[-164.858,-48.033],[-165.675,-48.063],[-166.469,-48.243],[-167.785,-48.817],[-169.748,-48.748],[-171.487,-49.319],[-174.945,-48.956],[-175.306,-49.011],[-176.035,-49.351],[-178.111,-49.775],[-178.895,-49.683],[-179.716,-49.388],[-180.0,-49.462],[-180.0,-27.515],[-179.744,-28.325],[-179.535,-28.501],[-179.227,-28.001],[-178.637,-26.626],[-178.182,-25.925],[-177.575,-25.435],[-177.218,-25.336],[-176.903,-25.352],[-176.608,-25.795],[-176.22,-26.981],[-175.629,-30.072],[-175.629,-30.075],[-175.256,-33.847]],[[-176.169,-43.731],[-176.581,-43.703],[-176.855,-43.82],[-176.566,-43.838],[-176.516,-43.922],[-176.664,-44.019],[-176.6,-44.12],[-176.3,-44.043],[-176.457,-43.95],[-176.502,-43.864],[-176.423,-43.806],[-176.535,-43.756],[-176.372,-43.766],[-176.402,-43.899],[-176.169,-43.731]]]]},"properties":{"realm":28,"name":"New Zealand","group":6,"group_name":"Mid-Atlantic, Pacific and Indian Oceans, coastal tropics and warm-temperate areas","pct_unique":33,"species":3126,"color":"#8c7be0","area_km2":6015978}},{"type":"Feature","geometry":{"type":"MultiPolygon","coordinates":[[[[125.343,39.434],[125.459,39.385],[125.411,39.214],[125.287,39.152],[125.335,39.083],[125.199,38.986],[125.137,38.804],[125.188,38.739],[125.241,38.793],[125.278,38.703],[125.448,38.777],[125.658,38.631],[125.463,38.707],[125.123,38.666],[125.128,38.58],[124.984,38.592],[125.016,38.498],[124.88,38.345],[124.872,38.258],[124.993,38.227],[124.667,38.126],[125.265,38.078],[125.246,38.02],[125.107,38.035],[125.175,37.97],[125.062,37.979],[124.98,37.925],[125.177,37.868],[125.26,37.933],[125.308,37.878],[125.24,37.823],[125.308,37.809],[125.51,37.894],[125.524,37.818],[125.39,37.796],[125.445,37.774],[125.364,37.761],[125.348,37.676],[125.528,37.796],[125.62,37.765],[125.631,37.925],[125.685,37.899],[125.74,37.925],[125.597,38.032],[125.799,37.993],[125.945,37.843],[125.92,36.492],[126.322,34.534],[126.248,34.575],[126.103,34.403],[126.156,34.353],[126.352,34.418],[126.576,33.529],[126.311,33.464],[126.161,33.301],[126.27,33.198],[126.637,33.262],[126.819,32.223],[127.037,29.899],[127.012,28.786],[126.822,27.771],[126.45,26.571],[125.987,25.628],[125.356,24.891],[123.205,23.576],[122.198,22.773],[120.691,20.833],[120.467,20.433],[120.007,20.017],[119.309,19.199],[118.871,18.818],[117.577,17.399],[116.368,16.61],[115.312,15.735],[114.924,15.089],[114.682,14.846],[113.302,14.03],[111.732,13.506],[110.695,13.519],[109.307,13.872],[109.061,14.564],[109.086,14.715],[108.862,15.152],[108.952,15.25],[108.827,15.429],[108.773,15.325],[108.697,15.49],[108.629,15.456],[108.683,15.518],[108.279,15.996],[108.266,16.107],[108.348,16.135],[108.245,16.162],[108.259,16.011],[108.198,16.004],[108.228,16.09],[108.142,16.148],[108.204,16.217],[108.054,16.236],[108.043,16.346],[107.824,16.305],[107.841,16.38],[107.663,16.552],[107.443,16.648],[107.474,16.653],[107.596,16.591],[107.635,16.587],[107.216,16.908],[107.142,16.868],[107.204,16.919],[107.112,17.088],[106.764,17.336],[106.504,17.683],[106.285,17.772],[106.498,17.711],[106.436,17.882],[106.525,17.95],[106.435,18.124],[106.347,18.059],[106.271,18.204],[106.093,18.259],[105.63,18.922],[105.625,19.028],[105.809,19.28],[105.791,19.603],[105.956,19.925],[106.107,20.033],[106.107,19.965],[106.176,19.992],[106.381,20.212],[106.57,20.232],[106.498,20.308],[106.593,20.275],[106.594,20.448],[106.519,20.437],[106.58,20.547],[106.519,20.541],[106.625,20.595],[106.587,20.663],[106.806,20.678],[106.7,20.883],[106.755,20.939],[106.676,20.959],[106.642,21.02],[106.798,21.025],[106.772,20.957],[106.868,20.883],[106.943,20.91],[106.854,20.992],[107.001,20.951],[107.026,21.034],[107.149,21.041],[107.066,20.959],[107.197,20.938],[107.374,21.028],[107.361,21.239],[107.415,21.329],[107.591,21.294],[107.786,21.458],[107.752,21.514],[107.897,21.532],[107.971,21.432],[108.081,21.486],[107.991,21.548],[108.238,21.644],[108.211,21.501],[108.341,21.726],[108.471,21.671],[108.39,21.575],[108.471,21.562],[108.565,21.679],[108.463,21.74],[108.505,21.788],[108.449,21.866],[108.478,21.945],[108.463,21.863],[108.553,21.952],[108.636,21.89],[108.569,21.794],[108.629,21.746],[108.677,21.815],[108.649,21.733],[108.725,21.746],[108.711,21.65],[108.745,21.603],[108.861,21.644],[108.78,21.726],[108.844,21.745],[108.801,21.818],[108.924,21.767],[108.855,21.685],[108.928,21.615],[109.136,21.603],[109.143,21.51],[109.04,21.45],[109.139,21.402],[109.239,21.486],[109.245,21.432],[109.531,21.492],[109.573,21.582],[109.465,21.664],[109.568,21.76],[109.608,21.575],[109.677,21.623],[109.65,21.52],[109.773,21.486],[109.748,21.545],[109.773,21.582],[109.814,21.458],[109.944,21.493],[109.924,21.363],[109.766,21.356],[109.661,20.928],[109.718,20.808],[109.704,20.842],[109.76,20.855],[109.787,20.691],[109.86,20.715],[109.752,20.674],[109.848,20.596],[109.822,20.517],[110.01,20.434],[109.982,20.352],[109.863,20.406],[109.917,20.239],[110.038,20.302],[110.28,20.253],[110.534,20.478],[110.301,20.657],[110.342,20.822],[110.356,20.732],[110.409,20.751],[110.369,20.849],[110.157,20.849],[110.196,21.071],[110.399,21.177],[110.358,21.436],[110.434,21.309],[110.486,21.336],[110.431,21.191],[110.481,21.217],[110.589,21.226],[110.575,21.247],[110.636,21.23],[110.616,21.301],[110.636,21.381],[110.76,21.445],[110.636,21.37],[110.651,21.26],[110.768,21.398],[110.993,21.425],[111.069,21.473],[110.98,21.445],[111.028,21.541],[111.088,21.473],[111.301,21.499],[111.267,21.439],[111.438,21.534],[111.432,21.603],[111.476,21.514],[111.582,21.582],[111.63,21.53],[111.788,21.616],[111.678,21.781],[111.835,21.767],[111.868,21.677],[112.0,21.774],[111.904,21.815],[111.89,21.925],[111.969,21.824],[112.041,21.884],[112.028,21.797],[112.193,21.843],[112.182,21.753],[112.286,21.709],[112.402,21.801],[112.357,21.98],[112.397,22.069],[112.391,21.956],[112.494,21.966],[112.426,21.845],[112.551,21.773],[112.826,21.966],[112.912,21.856],[113.026,21.949],[113.085,22.208],[113.157,22.025],[113.303,22.183],[113.402,22.18],[113.16,22.488],[113.165,22.576],[113.484,22.155],[113.523,22.213],[113.524,22.213],[113.525,22.174],[113.539,22.221],[113.561,22.234],[113.588,22.238],[113.599,22.575],[113.378,22.767],[113.494,22.775],[113.213,22.905],[113.484,22.924],[113.502,23.02],[113.417,23.097],[113.509,23.062],[113.542,23.086],[113.703,23.158],[113.813,23.13],[113.83,23.117],[113.536,23.063],[113.576,22.939],[113.617,23.035],[113.597,22.918],[113.617,23.008],[113.638,23.035],[113.592,22.889],[113.654,22.759],[113.758,22.753],[113.89,22.453],[113.964,22.538],[114.082,22.529],[113.914,22.376],[114.105,22.37],[114.172,22.289],[114.256,22.322],[114.297,22.258],[114.258,22.362],[114.319,22.389],[114.358,22.332],[114.4,22.436],[114.324,22.48],[114.209,22.399],[114.167,22.448],[114.335,22.506],[114.289,22.505],[114.255,22.551],[114.209,22.524],[114.21,22.534],[114.409,22.612],[114.516,22.453],[114.618,22.514],[114.495,22.562],[114.59,22.644],[114.507,22.647],[114.522,22.706],[114.695,22.793],[114.817,22.8],[114.744,22.609],[114.896,22.548],[114.967,22.676],[114.863,22.763],[114.985,22.689],[115.304,22.903],[115.233,22.788],[115.411,22.788],[115.374,22.694],[115.575,22.668],[115.527,22.767],[115.612,22.864],[115.559,22.836],[115.468,22.849],[115.406,22.925],[115.561,22.849],[115.73,22.934],[115.684,22.878],[115.81,22.746],[116.076,22.868],[116.042,22.933],[116.145,22.848],[116.281,22.958],[116.214,22.983],[116.495,22.939],[116.605,23.21],[116.509,23.234],[116.612,23.239],[116.647,23.163],[116.715,23.244],[116.667,23.281],[116.784,23.212],[116.805,23.236],[116.749,23.326],[116.573,23.324],[116.523,23.419],[116.773,23.349],[116.917,23.663],[117.068,23.651],[117.084,23.551],[117.23,23.693],[117.257,23.616],[117.277,23.782],[117.49,23.833],[117.417,23.947],[117.571,23.903],[117.592,23.737],[117.695,23.954],[117.667,24.063],[117.798,24.022],[117.738,23.951],[117.748,23.908],[117.894,24.028],[117.907,24.186],[118.126,24.262],[118.091,24.341],[118.016,24.327],[118.043,24.407],[117.907,24.385],[117.791,24.467],[118.022,24.446],[118.058,24.516],[117.975,24.553],[118.11,24.584],[118.16,24.693],[118.219,24.541],[118.405,24.607],[118.431,24.7],[118.554,24.518],[118.62,24.545],[118.642,24.679],[118.763,24.763],[118.638,24.772],[118.572,24.885],[118.671,24.875],[118.668,24.953],[118.716,24.844],[118.952,24.871],[118.912,24.953],[118.977,24.934],[119.018,24.96],[119.004,25.05],[118.954,25.003],[118.849,25.074],[118.975,25.183],[118.876,25.244],[119.027,25.278],[118.969,25.226],[119.069,25.217],[119.029,25.141],[119.099,25.111],[119.116,25.214],[119.256,25.176],[119.344,25.242],[119.278,25.33],[119.201,25.26],[119.203,25.358],[119.103,25.42],[119.305,25.605],[119.381,25.591],[119.447,25.439],[119.507,25.474],[119.483,25.371],[119.576,25.467],[119.579,25.344],[119.655,25.358],[119.579,25.585],[119.492,25.565],[119.449,25.687],[119.59,25.687],[119.566,25.872],[119.695,26.003],[119.519,26.045],[119.459,25.982],[119.654,26.272],[119.95,26.365],[119.826,26.427],[119.682,26.317],[119.648,26.437],[119.573,26.438],[119.654,26.498],[119.762,26.407],[119.819,26.453],[119.742,26.609],[119.554,26.615],[119.576,26.788],[119.725,26.698],[119.686,26.812],[119.756,26.738],[119.782,26.829],[119.846,26.852],[119.792,26.688],[119.857,26.654],[119.925,26.792],[120.08,26.797],[119.847,26.524],[120.134,26.646],[120.128,26.797],[120.032,26.9],[120.219,26.915],[120.149,26.982],[120.255,26.997],[120.244,27.133],[120.422,27.147],[120.347,27.243],[120.182,27.217],[120.196,27.298],[120.312,27.318],[120.303,27.242],[120.347,27.249],[120.376,27.236],[120.429,27.174],[120.518,27.202],[120.505,27.345],[120.635,27.38],[120.682,27.482],[120.597,27.57],[120.676,27.66],[120.635,27.763],[120.723,27.716],[120.868,27.883],[120.835,27.956],[120.589,28.027],[120.561,28.113],[120.606,28.042],[120.965,27.987],[121.125,28.236],[121.025,28.305],[121.13,28.306],[121.169,28.385],[121.265,28.366],[121.225,28.239],[121.262,28.226],[121.33,28.148],[121.409,28.305],[121.608,28.27],[121.656,28.339],[121.608,28.477],[121.512,28.489],[121.582,28.505],[121.51,28.657],[121.258,28.675],[121.299,28.723],[121.16,28.814],[121.142,28.846],[121.351,28.712],[121.606,28.725],[121.67,28.825],[121.498,28.95],[121.684,28.915],[121.69,29.017],[121.532,29.02],[121.621,29.113],[121.402,29.107],[121.456,29.134],[121.409,29.161],[121.574,29.305],[121.629,29.188],[121.64,29.307],[121.652,29.183],[121.724,29.182],[121.787,29.374],[121.841,29.319],[121.785,29.168],[121.991,29.257],[121.9,29.299],[121.971,29.449],[121.916,29.641],[121.748,29.563],[121.845,29.536],[121.778,29.469],[121.711,29.539],[121.485,29.391],[121.505,29.484],[121.443,29.415],[121.428,29.468],[121.484,29.545],[121.704,29.572],[121.873,29.754],[122.129,29.904],[121.936,29.887],[121.722,29.961],[121.377,30.325],[121.185,30.338],[120.893,30.17],[120.751,30.226],[120.646,30.127],[120.784,30.089],[120.792,30.066],[120.632,30.122],[120.734,30.232],[120.622,30.373],[120.45,30.369],[120.385,30.25],[120.186,30.226],[120.258,30.298],[120.379,30.274],[120.43,30.39],[120.479,30.404],[120.698,30.394],[120.811,30.297],[121.02,30.571],[121.543,30.816],[121.977,30.915],[121.725,31.282],[121.144,31.685],[120.731,31.814],[120.825,31.829],[120.75,31.978],[120.469,32.025],[120.23,31.909],[120.006,31.95],[119.772,32.127],[119.789,32.199],[119.606,32.197],[119.685,32.292],[119.613,32.355],[119.842,32.299],[119.992,32.016],[120.131,31.943],[120.491,32.082],[120.634,32.077],[120.811,32.023],[120.978,31.814],[121.115,31.796],[121.286,31.891],[121.676,31.724],[121.93,31.727],[121.822,31.952],[121.443,32.114],[121.361,32.232],[121.419,32.25],[121.389,32.385],[120.83,32.698],[120.896,33.014],[120.484,33.65],[120.257,34.312],[119.648,34.534],[119.442,34.746],[119.192,34.718],[119.193,35.0],[119.358,35.097],[119.424,35.313],[119.552,35.38],[119.648,35.584],[119.905,35.625],[119.908,35.745],[120.003,35.728],[120.097,35.901],[120.299,35.973],[120.175,35.994],[120.097,36.226],[120.285,36.176],[120.306,36.274],[120.362,36.192],[120.292,36.062],[120.354,36.041],[120.628,36.117],[120.705,36.156],[120.644,36.322],[120.722,36.331],[120.714,36.429],[120.807,36.464],[120.867,36.377],[120.95,36.459],[120.964,36.548],[120.85,36.605],[121.024,36.584],[121.402,36.712],[121.459,36.829],[121.607,36.845],[121.496,36.774],[121.625,36.74],[121.637,36.831],[121.95,36.939],[121.926,36.994],[122.049,36.98],[122.033,36.898],[122.166,37.014],[122.266,36.898],[122.185,36.85],[122.32,36.823],[122.436,36.871],[122.406,36.922],[122.507,36.898],[122.54,37.028],[122.402,37.021],[122.454,37.154],[122.629,37.193],[122.55,37.32],[122.688,37.41],[122.183,37.418],[122.122,37.563],[121.988,37.426],[121.635,37.481],[121.587,37.454],[121.676,37.439],[121.57,37.429],[121.394,37.622],[121.172,37.577],[121.138,37.701],[120.738,37.834],[120.216,37.684],[120.323,37.632],[119.859,37.36],[119.897,37.249],[119.771,37.152],[119.146,37.179],[118.961,37.296],[118.97,37.593],[119.069,37.741],[119.26,37.716],[118.95,38.097],[118.065,38.143],[117.716,38.379],[117.544,38.621],[117.702,38.995],[117.775,38.981],[117.715,39.111],[118.028,39.22],[118.326,39.031],[118.874,39.214],[118.97,39.193],[118.926,39.131],[119.279,39.384],[119.281,39.575],[119.209,39.57],[119.531,39.815],[119.536,39.891],[120.472,40.214],[120.591,40.367],[120.546,40.402],[120.825,40.674],[121.021,40.719],[120.94,40.741],[120.982,40.827],[121.361,40.94],[121.74,40.849],[121.778,40.935],[121.868,40.996],[121.851,40.832],[122.159,40.702],[122.15,40.604],[122.302,40.502],[121.827,40.023],[121.874,39.991],[121.471,39.81],[121.533,39.622],[121.223,39.529],[121.436,39.509],[121.526,39.365],[121.943,39.399],[121.59,39.264],[121.674,39.088],[121.118,38.943],[121.153,38.728],[121.696,38.863],[121.587,38.94],[121.725,39.03],[121.86,38.945],[121.827,39.036],[122.042,39.06],[122.29,39.351],[123.009,39.68],[123.223,39.68],[123.245,39.814],[123.417,39.825],[123.428,39.727],[123.591,39.784],[123.657,39.92],[123.773,39.818],[124.118,39.833],[124.294,39.934],[124.37,40.098],[124.5,40.023],[124.406,40.028],[124.37,39.94],[124.322,39.913],[124.564,39.814],[124.637,39.59],[124.744,39.644],[124.746,39.783],[125.117,39.566],[125.411,39.567],[125.343,39.434]],[[111.035,19.642],[110.935,19.995],[110.788,20.01],[110.678,20.164],[110.566,20.07],[110.606,19.923],[110.383,20.081],[110.418,19.923],[110.345,20.058],[110.157,20.067],[109.99,19.906],[109.943,19.991],[109.835,19.931],[109.719,20.011],[109.527,19.951],[109.582,19.856],[109.304,19.922],[109.163,19.725],[109.273,19.794],[109.307,19.711],[109.211,19.725],[108.632,19.286],[108.685,18.515],[109.136,18.361],[109.163,18.288],[109.44,18.289],[109.479,18.193],[109.561,18.259],[109.561,18.169],[109.709,18.207],[109.739,18.259],[109.67,18.273],[109.732,18.273],[109.746,18.396],[110.021,18.451],[109.969,18.39],[110.04,18.382],[110.034,18.512],[110.534,18.786],[110.503,18.882],[110.493,18.793],[110.431,18.821],[110.513,18.906],[110.582,19.15],[110.555,19.087],[110.479,19.169],[110.58,19.155],[110.806,19.613],[110.859,19.535],[111.035,19.642]],[[119.799,25.516],[119.875,25.557],[119.73,25.646],[119.693,25.594],[119.778,25.522],[119.678,25.501],[119.693,25.438],[119.847,25.461],[119.799,25.516]],[[121.823,24.855],[122.005,25.002],[121.581,25.283],[121.436,25.241],[121.443,25.136],[121.059,25.05],[120.184,23.764],[120.165,23.362],[120.055,23.044],[120.166,23.032],[120.334,22.526],[120.285,22.58],[120.331,22.52],[120.381,22.484],[120.512,22.425],[120.621,22.295],[120.714,21.937],[120.84,21.905],[120.948,22.527],[121.4,23.145],[121.607,24.077],[121.882,24.598],[121.823,24.855]],[[122.29,30.067],[121.963,30.142],[122.011,30.0],[122.099,30.014],[122.3,29.952],[122.29,30.067]],[[121.978,31.478],[121.98,31.54],[121.386,31.812],[121.181,31.796],[121.314,31.656],[121.783,31.466],[121.978,31.478]],[[123.934,24.367],[123.777,24.42],[123.668,24.297],[123.851,24.257],[123.934,24.367]]],[[[119.441,25.964],[119.33,25.944],[119.247,25.967],[119.094,26.146],[119.216,26.1],[119.277,26.053],[119.415,26.009],[119.436,25.981],[119.459,25.982],[119.441,25.964]]]]},"properties":{"realm":29,"name":"North West Pacific","group":7,"group_name":"North West Pacific","pct_unique":47,"species":2551,"color":"#d38745","area_km2":2051125}},{"type":"Feature","geometry":{"type":"MultiPolygon","coordinates":[[[[-90.161,-73.14],[-90.534,-73.28],[-91.077,-73.337],[-91.844,-73.255],[-91.954,-73.185],[-92.801,-73.143],[-93.572,-73.175],[-94.131,-73.313],[-95.194,-73.209],[-95.747,-73.255],[-95.843,-73.331],[-96.475,-73.299],[-97.419,-73.125],[-97.981,-73.169],[-97.717,-73.025],[-99.854,-72.996],[-100.318,-73.069],[-100.766,-72.976],[-101.96,-73.056],[-102.077,-72.978],[-102.717,-72.998],[-102.189,-72.894],[-102.094,-72.772],[-103.041,-72.708],[-103.43,-72.849],[-103.261,-73.007],[-103.307,-73.147],[-102.874,-73.308],[-99.768,-73.364],[-99.715,-73.468],[-99.406,-73.487],[-99.588,-73.523],[-98.814,-73.632],[-99.497,-73.619],[-99.586,-73.635],[-99.472,-73.676],[-99.585,-73.707],[-100.632,-73.782],[-101.164,-73.771],[-101.385,-73.667],[-102.999,-73.61],[-102.978,-73.682],[-102.804,-73.717],[-102.923,-73.858],[-102.849,-73.922],[-101.589,-74.0],[-101.365,-74.199],[-101.426,-74.28],[-101.295,-74.275],[-101.429,-74.374],[-101.377,-74.426],[-101.463,-74.476],[-101.396,-74.503],[-100.927,-74.551],[-100.131,-74.473],[-99.801,-74.537],[-100.113,-74.631],[-100.018,-74.644],[-100.11,-74.716],[-99.919,-74.77],[-100.083,-74.846],[-100.544,-74.874],[-99.855,-74.923],[-100.413,-75.084],[-101.589,-75.235],[-101.564,-75.147],[-101.761,-75.083],[-104.551,-75.161],[-105.026,-75.108],[-105.142,-75.181],[-106.591,-75.379],[-109.662,-75.147],[-110.173,-75.239],[-111.619,-75.197],[-110.675,-74.829],[-110.294,-74.782],[-110.242,-74.723],[-110.317,-74.655],[-110.103,-74.549],[-110.193,-74.432],[-110.446,-74.409],[-110.248,-74.372],[-110.555,-74.244],[-110.797,-74.327],[-111.593,-74.172],[-111.905,-74.282],[-111.741,-74.41],[-111.326,-74.476],[-111.926,-74.551],[-111.71,-74.721],[-111.515,-74.74],[-111.543,-74.802],[-112.918,-74.873],[-114.239,-75.053],[-114.27,-75.004],[-113.97,-74.885],[-113.827,-74.713],[-114.357,-74.696],[-113.622,-74.581],[-113.225,-74.402],[-113.801,-74.452],[-113.748,-74.411],[-113.805,-74.343],[-113.685,-74.297],[-113.948,-74.256],[-113.422,-74.175],[-113.44,-74.1],[-113.611,-74.025],[-114.242,-74.078],[-113.952,-73.915],[-114.21,-73.863],[-114.797,-73.939],[-115.125,-74.095],[-115.068,-74.256],[-114.842,-74.385],[-114.874,-74.482],[-115.649,-74.531],[-115.888,-74.456],[-115.907,-74.385],[-116.084,-74.419],[-116.05,-74.497],[-116.693,-74.558],[-117.786,-74.518],[-117.883,-74.47],[-117.809,-74.415],[-117.978,-74.4],[-117.841,-74.338],[-117.971,-74.258],[-118.975,-74.404],[-119.138,-74.503],[-118.617,-74.522],[-118.867,-74.602],[-121.773,-74.786],[-124.051,-74.811],[-124.366,-74.707],[-126.113,-74.761],[-126.939,-74.677],[-129.487,-74.863],[-132.287,-74.761],[-134.412,-74.858],[-134.373,-74.812],[-134.586,-74.736],[-134.519,-74.643],[-135.42,-74.565],[-135.7,-74.678],[-135.648,-74.713],[-135.702,-74.747],[-136.225,-74.701],[-136.834,-74.76],[-136.864,-74.965],[-137.01,-75.01],[-136.344,-75.122],[-137.095,-75.18],[-137.742,-75.061],[-139.567,-75.148],[-140.277,-75.433],[-141.327,-75.527],[-140.646,-75.807],[-141.527,-75.768],[-141.861,-75.521],[-142.467,-75.432],[-142.578,-75.451],[-142.537,-75.537],[-142.679,-75.562],[-144.357,-75.624],[-143.972,-75.696],[-144.203,-75.719],[-144.16,-75.804],[-144.221,-75.821],[-146.209,-75.915],[-146.5,-76.087],[-145.539,-76.316],[-145.355,-76.435],[-146.251,-76.424],[-146.494,-76.327],[-146.598,-76.36],[-148.197,-76.087],[-148.689,-76.161],[-148.54,-76.228],[-149.546,-76.3],[-149.714,-76.398],[-148.453,-76.506],[-147.082,-76.433],[-146.391,-76.559],[-146.47,-76.593],[-146.11,-76.709],[-145.463,-76.752],[-145.398,-76.779],[-145.964,-76.858],[-145.409,-77.018],[-146.319,-76.99],[-146.381,-77.003],[-145.728,-77.115],[-146.794,-77.298],[-147.264,-77.26],[-147.233,-77.314],[-147.687,-77.349],[-147.643,-77.404],[-147.698,-77.41],[-147.847,-77.264],[-148.77,-77.105],[-148.971,-77.227],[-148.803,-77.234],[-149.056,-77.32],[-147.965,-77.441],[-150.352,-77.725],[-151.421,-77.509],[-151.466,-77.487],[-151.371,-77.451],[-151.515,-77.416],[-152.097,-77.391],[-152.351,-77.303],[-152.485,-77.319],[-152.476,-77.408],[-152.615,-77.439],[-152.575,-77.502],[-153.862,-77.443],[-153.942,-77.416],[-153.317,-77.338],[-153.534,-77.254],[-154.894,-77.104],[-155.475,-77.168],[-155.866,-77.06],[-156.324,-77.066],[-156.834,-77.188],[-156.467,-77.261],[-157.022,-77.359],[-157.925,-77.056],[-158.301,-77.106],[-158.177,-77.206],[-158.329,-77.343],[-158.14,-77.428],[-158.286,-77.514],[-158.118,-77.556],[-158.64,-77.849],[-158.344,-77.974],[-157.2,-78.253],[-156.625,-78.143],[-156.348,-78.2],[-155.043,-78.154],[-154.978,-78.207],[-155.252,-78.205],[-155.12,-78.257],[-154.396,-78.136],[-154.21,-78.222],[-153.815,-78.233],[-154.137,-78.248],[-154.291,-78.389],[-154.582,-78.417],[-154.523,-78.434],[-156.053,-78.494],[-156.088,-78.557],[-156.499,-78.594],[-156.528,-78.664],[-154.97,-79.035],[-152.935,-79.17],[-151.72,-79.084],[-152.414,-79.264],[-151.698,-79.252],[-152.004,-79.342],[-150.447,-79.559],[-147.773,-79.779],[-148.141,-79.811],[-147.585,-79.875],[-147.897,-79.901],[-147.067,-79.909],[-147.977,-79.938],[-149.0,-79.861],[-148.194,-79.971],[-148.95,-79.973],[-147.555,-80.051],[-148.834,-80.131],[-150.37,-80.075],[-150.134,-80.186],[-150.803,-80.246],[-150.572,-80.306],[-150.726,-80.32],[-149.968,-80.394],[-151.012,-80.429],[-150.422,-80.43],[-150.085,-80.496],[-150.322,-80.515],[-150.236,-80.528],[-149.503,-80.569],[-149.68,-80.59],[-148.258,-80.636],[-149.19,-80.627],[-149.248,-80.643],[-149.036,-80.661],[-149.446,-80.683],[-148.885,-80.701],[-149.462,-80.719],[-148.407,-80.746],[-148.452,-80.782],[-147.548,-80.887],[-147.628,-80.92],[-156.45,-81.149],[-157.143,-81.309],[-154.997,-81.489],[-153.816,-81.681],[-153.692,-81.747],[-154.839,-81.945],[-152.897,-82.374],[-152.543,-82.548],[-155.059,-82.802],[-155.592,-83.046],[-158.497,-83.118],[-158.558,-83.133],[-156.918,-83.23],[-157.555,-83.39],[-159.0,-83.457],[-159.193,-83.544],[-160.07,-83.479],[-162.169,-83.525],[-162.457,-83.474],[-162.26,-83.45],[-162.37,-83.424],[-163.134,-83.316],[-164.166,-83.396],[-164.114,-83.506],[-164.177,-83.527],[-164.617,-83.507],[-164.986,-83.356],[-164.854,-83.25],[-165.086,-83.202],[-169.735,-83.244],[-169.535,-83.302],[-169.6,-83.31],[-170.719,-83.197],[-170.93,-83.064],[-171.408,-82.954],[-172.512,-82.87],[-173.181,-82.916],[-174.37,-82.779],[-174.028,-82.915],[-170.957,-83.262],[-171.741,-83.227],[-168.78,-83.476],[-169.076,-83.489],[-168.583,-83.53],[-168.534,-83.573],[-168.61,-83.622],[-168.337,-83.693],[-167.677,-83.744],[-168.26,-83.744],[-167.989,-83.767],[-168.083,-83.78],[-167.3,-83.838],[-167.195,-83.825],[-167.679,-83.77],[-164.98,-83.796],[-163.994,-83.939],[-163.89,-83.964],[-164.039,-83.991],[-163.703,-84.05],[-165.01,-84.057],[-165.154,-84.138],[-163.001,-84.363],[-166.423,-84.37],[-163.66,-84.429],[-163.265,-84.492],[-164.097,-84.481],[-163.863,-84.55],[-158.25,-84.767],[-158.384,-84.789],[-155.643,-84.828],[-155.589,-84.841],[-156.11,-84.885],[-155.788,-84.905],[-157.637,-84.897],[-155.504,-85.126],[-156.927,-85.195],[-156.008,-85.222],[-158.163,-85.165],[-158.565,-85.099],[-158.466,-85.155],[-158.871,-85.076],[-162.849,-84.883],[-167.442,-84.867],[-168.057,-84.771],[-168.255,-84.648],[-172.199,-84.444],[-175.178,-84.415],[-175.225,-84.44],[-175.143,-84.452],[-175.249,-84.497],[-175.881,-84.547],[-176.511,-84.435],[-176.064,-84.396],[-177.705,-84.418],[-178.298,-84.308],[-180.0,-84.353],[-180.0,-49.39],[-179.872,-49.317],[-179.588,-49.347],[-178.89,-49.613],[-178.204,-49.71],[-176.039,-49.28],[-175.339,-48.953],[-175.039,-48.893],[-171.491,-49.253],[-169.726,-48.676],[-167.806,-48.75],[-166.511,-48.194],[-165.827,-48.015],[-164.849,-47.965],[-163.739,-47.793],[-162.201,-47.906],[-160.842,-47.814],[-157.368,-47.181],[-154.637,-46.994],[-151.425,-46.182],[-149.536,-45.887],[-143.001,-45.323],[-141.663,-45.134],[-139.248,-45.155],[-135.53,-44.98],[-131.573,-44.536],[-128.461,-44.539],[-125.551,-44.357],[-122.512,-44.354],[-119.988,-44.175],[-110.654,-44.223],[-106.722,-43.938],[-103.752,-43.94],[-100.375,-43.76],[-92.953,-44.02],[-90.0,-44.02044140508222],[-90.0,-72.97283050847459],[-90.006,-72.977],[-90.336,-72.987],[-90.219,-73.084],[-90.0,-73.08689245283018],[-90.0,-73.13498496240602],[-90.161,-73.14]],[[-171.901,-82.842],[-169.863,-83.147],[-168.787,-83.214],[-171.901,-82.842]],[[-162.482,-82.877],[-163.811,-82.847],[-163.261,-83.081],[-162.402,-83.148],[-161.576,-83.024],[-162.482,-82.877]],[[-159.019,-81.788],[-158.037,-82.076],[-158.099,-82.096],[-157.809,-82.039],[-159.019,-81.788]],[[-160.414,-81.574],[-160.685,-81.515],[-160.629,-81.497],[-160.676,-81.463],[-162.984,-81.27],[-163.851,-81.319],[-163.99,-81.403],[-163.277,-81.498],[-160.571,-81.599],[-160.414,-81.574]],[[-162.687,-79.815],[-163.163,-79.74],[-163.038,-79.777],[-163.4,-79.783],[-162.783,-79.842],[-162.687,-79.815]],[[-163.243,-78.706],[-163.834,-78.907],[-163.779,-78.93],[-164.178,-79.004],[-164.305,-79.22],[-164.223,-79.286],[-164.327,-79.287],[-163.482,-79.49],[-160.713,-79.855],[-158.953,-79.77],[-159.526,-79.462],[-162.144,-78.792],[-163.243,-78.706]],[[-148.919,-77.385],[-149.336,-77.283],[-149.625,-77.296],[-149.392,-77.382],[-148.919,-77.385]],[[-150.985,-77.222],[-151.511,-77.271],[-150.35,-77.345],[-150.985,-77.222]],[[-154.562,-77.114],[-154.187,-77.154],[-154.049,-77.1],[-154.284,-77.064],[-154.562,-77.114]],[[-149.224,-77.118],[-149.84,-76.878],[-150.395,-76.878],[-150.801,-76.99],[-150.422,-77.09],[-149.308,-77.14],[-149.224,-77.118]],[[-148.435,-76.974],[-149.305,-76.912],[-149.239,-76.996],[-148.94,-77.028],[-148.435,-76.974]],[[-146.25,-76.881],[-147.072,-76.824],[-147.13,-76.882],[-147.031,-77.005],[-146.386,-76.891],[-146.119,-76.95],[-146.25,-76.881]],[[-148.309,-76.766],[-149.31,-76.714],[-149.491,-76.767],[-148.927,-76.85],[-148.357,-76.794],[-148.309,-76.766]],[[-150.602,-76.797],[-150.078,-76.738],[-150.875,-76.74],[-150.602,-76.797]],[[-147.16,-76.505],[-147.298,-76.517],[-147.26,-76.572],[-147.365,-76.617],[-146.951,-76.717],[-146.84,-76.701],[-147.064,-76.628],[-146.786,-76.649],[-146.816,-76.581],[-147.16,-76.505]],[[-147.46,-76.098],[-147.062,-76.247],[-146.661,-76.276],[-146.886,-76.124],[-147.345,-76.062],[-147.46,-76.098]],[[-145.409,-75.59],[-145.724,-75.518],[-146.16,-75.57],[-145.201,-75.686],[-145.409,-75.59]],[[-127.13,-74.467],[-127.236,-74.423],[-128.189,-74.316],[-128.088,-74.489],[-127.552,-74.644],[-127.174,-74.554],[-127.234,-74.531],[-127.13,-74.467]],[[-131.671,-74.321],[-132.181,-74.424],[-131.846,-74.554],[-131.206,-74.607],[-130.957,-74.514],[-130.969,-74.413],[-131.671,-74.321]],[[-132.899,-74.426],[-132.59,-74.501],[-132.368,-74.427],[-132.497,-74.385],[-132.899,-74.426]],[[-120.735,-73.879],[-120.378,-73.831],[-120.54,-73.753],[-123.066,-73.675],[-123.35,-73.839],[-122.327,-73.916],[-122.737,-74.0],[-122.946,-74.135],[-122.729,-74.216],[-123.028,-74.248],[-122.904,-74.337],[-122.243,-74.413],[-121.099,-74.348],[-120.944,-74.309],[-121.072,-74.276],[-121.027,-74.156],[-120.244,-73.989],[-120.286,-73.917],[-120.735,-73.879]],[[-116.141,-73.903],[-116.403,-73.867],[-117.4,-74.133],[-117.196,-74.2],[-116.486,-74.081],[-116.65,-74.066],[-116.141,-73.903]],[[-119.5,-74.107],[-118.871,-73.886],[-119.123,-73.781],[-119.904,-73.825],[-119.768,-73.851],[-119.858,-73.877],[-119.636,-74.001],[-119.93,-74.085],[-119.5,-74.107]],[[-127.166,-73.603],[-127.251,-73.729],[-127.005,-73.74],[-126.873,-73.647],[-126.547,-73.67],[-126.406,-73.778],[-126.475,-73.842],[-125.109,-74.123],[-125.203,-74.163],[-123.928,-74.262],[-123.806,-74.215],[-123.899,-74.178],[-123.754,-74.073],[-124.209,-73.934],[-124.027,-73.855],[-124.534,-73.728],[-124.903,-73.796],[-124.992,-73.882],[-125.261,-73.792],[-125.865,-73.781],[-125.878,-73.705],[-125.27,-73.699],[-125.213,-73.64],[-125.606,-73.517],[-125.599,-73.429],[-126.104,-73.296],[-127.149,-73.277],[-127.495,-73.43],[-127.421,-73.493],[-127.473,-73.55],[-127.166,-73.603]],[[-104.959,-72.943],[-105.155,-73.005],[-104.859,-73.207],[-104.533,-73.174],[-104.959,-72.943]],[[-90.758,-72.697],[-90.915,-72.562],[-91.687,-72.61],[-91.333,-72.898],[-91.449,-72.952],[-91.506,-73.198],[-91.025,-73.15],[-90.761,-72.98],[-90.74,-72.864],[-90.931,-72.848],[-90.758,-72.697]],[[-94.4,-72.607],[-94.55,-72.466],[-95.274,-72.652],[-94.505,-72.633],[-94.4,-72.607]],[[-95.515,-72.402],[-95.429,-72.334],[-95.976,-72.259],[-96.416,-72.29],[-95.503,-72.152],[-95.719,-72.103],[-95.593,-72.077],[-95.658,-72.048],[-96.724,-72.264],[-97.0,-72.214],[-96.382,-72.057],[-96.51,-72.014],[-96.139,-72.014],[-96.065,-71.914],[-96.36,-71.835],[-96.99,-71.847],[-97.394,-72.208],[-97.618,-72.096],[-97.365,-71.98],[-97.623,-71.95],[-97.472,-71.908],[-97.603,-71.888],[-97.892,-71.911],[-97.764,-72.143],[-97.952,-72.164],[-97.853,-72.117],[-98.069,-72.078],[-98.353,-72.156],[-98.229,-72.045],[-98.291,-71.974],[-97.982,-71.86],[-98.532,-71.757],[-98.856,-71.765],[-99.153,-71.916],[-98.785,-72.002],[-98.634,-72.098],[-98.686,-72.107],[-99.499,-71.93],[-99.861,-72.049],[-99.945,-71.979],[-100.452,-71.998],[-99.944,-71.894],[-100.133,-71.822],[-102.087,-71.974],[-102.324,-72.064],[-101.967,-72.193],[-99.186,-72.375],[-99.468,-72.461],[-99.397,-72.498],[-98.535,-72.464],[-98.673,-72.542],[-98.58,-72.573],[-97.259,-72.507],[-96.936,-72.58],[-96.715,-72.517],[-95.944,-72.546],[-96.097,-72.461],[-96.023,-72.436],[-95.515,-72.402]]],[[[-0.851,-71.488],[-0.813,-71.378],[-1.138,-71.255],[-1.311,-71.32],[-1.306,-71.403],[-1.395,-71.443],[-1.972,-71.423],[-2.107,-71.485],[-2.677,-71.257],[-2.992,-71.281],[-2.991,-71.361],[-3.29,-71.287],[-3.338,-71.425],[-3.469,-71.438],[-3.492,-71.523],[-3.937,-71.294],[-3.99,-71.316],[-3.938,-71.367],[-6.15,-71.366],[-6.281,-71.311],[-6.058,-71.219],[-6.1,-71.157],[-6.044,-71.118],[-5.722,-71.03],[-5.567,-70.842],[-5.675,-70.733],[-6.014,-70.68],[-6.43,-70.738],[-6.618,-70.924],[-7.284,-70.791],[-7.912,-70.844],[-7.962,-70.873],[-7.876,-70.99],[-7.564,-71.151],[-7.569,-71.335],[-7.779,-71.494],[-7.589,-71.612],[-8.091,-71.658],[-8.163,-71.577],[-8.429,-71.73],[-8.746,-71.701],[-8.687,-71.64],[-8.83,-71.533],[-8.751,-71.474],[-8.824,-71.428],[-9.127,-71.416],[-8.988,-71.277],[-9.055,-71.207],[-9.885,-71.084],[-9.976,-71.029],[-9.943,-70.945],[-10.07,-70.912],[-10.45,-70.991],[-9.989,-71.119],[-10.653,-71.325],[-10.733,-71.41],[-10.6,-71.527],[-10.758,-71.577],[-11.651,-71.41],[-11.717,-71.329],[-11.66,-71.276],[-12.349,-71.356],[-12.368,-71.451],[-12.15,-71.636],[-10.847,-71.781],[-10.981,-71.981],[-11.118,-72.038],[-11.032,-72.049],[-11.383,-72.172],[-11.24,-72.177],[-11.41,-72.302],[-11.325,-72.328],[-11.388,-72.418],[-12.579,-72.585],[-13.379,-72.836],[-14.391,-72.713],[-13.895,-72.987],[-14.015,-73.066],[-13.917,-73.106],[-14.441,-73.165],[-14.883,-73.042],[-15.567,-73.079],[-15.898,-73.15],[-15.993,-73.215],[-15.976,-73.304],[-16.544,-73.469],[-16.583,-73.686],[-15.826,-73.789],[-16.517,-73.885],[-15.686,-73.949],[-14.718,-73.781],[-14.362,-73.858],[-14.525,-73.976],[-15.302,-74.221],[-15.32,-74.319],[-15.196,-74.361],[-15.639,-74.431],[-16.597,-74.307],[-17.571,-74.37],[-17.623,-74.585],[-17.966,-74.638],[-17.802,-74.777],[-18.258,-74.988],[-18.509,-75.023],[-18.546,-75.147],[-18.874,-75.249],[-18.345,-75.444],[-18.987,-75.443],[-18.967,-75.515],[-19.24,-75.548],[-20.399,-75.472],[-20.73,-75.542],[-20.665,-75.621],[-21.27,-75.714],[-22.533,-75.642],[-24.214,-75.756],[-25.948,-75.933],[-26.985,-76.17],[-28.859,-76.353],[-30.153,-76.635],[-30.661,-76.852],[-31.696,-76.977],[-31.915,-77.151],[-32.501,-77.126],[-34.321,-77.466],[-34.774,-77.687],[-34.459,-77.822],[-34.5,-77.852],[-35.313,-77.844],[-35.491,-78.051],[-35.621,-78.082],[-35.581,-78.15],[-36.013,-78.211],[-36.441,-78.611],[-36.411,-78.754],[-36.251,-78.852],[-34.152,-79.118],[-34.218,-79.138],[-32.82,-79.244],[-30.239,-79.034],[-30.139,-79.074],[-30.196,-79.104],[-29.942,-79.111],[-30.541,-79.275],[-29.541,-79.28],[-30.673,-79.588],[-26.939,-79.71],[-27.273,-80.137],[-29.761,-80.176],[-29.864,-80.215],[-29.721,-80.262],[-31.319,-80.309],[-30.35,-80.5],[-32.031,-80.435],[-32.932,-80.542],[-33.465,-80.498],[-33.178,-80.555],[-33.476,-80.615],[-35.358,-80.615],[-35.467,-80.648],[-35.215,-80.695],[-36.033,-80.921],[-36.817,-80.975],[-37.212,-81.088],[-38.791,-80.86],[-40.398,-81.17],[-41.047,-81.181],[-41.588,-81.34],[-41.84,-81.449],[-41.941,-81.611],[-43.166,-81.886],[-43.256,-82.048],[-43.16,-82.125],[-44.011,-82.391],[-44.153,-82.389],[-44.014,-82.263],[-44.137,-82.245],[-44.537,-82.38],[-45.52,-82.527],[-45.719,-82.444],[-46.054,-82.555],[-46.518,-82.503],[-46.453,-82.471],[-46.689,-82.405],[-45.949,-82.126],[-46.046,-82.143],[-46.013,-82.094],[-46.279,-81.91],[-47.256,-82.072],[-47.585,-82.02],[-47.264,-81.97],[-47.38,-81.924],[-48.188,-81.892],[-50.763,-81.959],[-52.643,-82.16],[-54.303,-82.192],[-53.925,-82.206],[-55.015,-82.352],[-55.225,-82.518],[-55.85,-82.462],[-56.338,-82.645],[-57.699,-82.91],[-59.031,-83.334],[-61.464,-83.249],[-61.113,-83.165],[-60.978,-82.975],[-61.294,-82.887],[-61.62,-83.063],[-61.833,-82.992],[-62.181,-83.034],[-61.932,-82.972],[-62.539,-82.721],[-62.495,-82.682],[-62.795,-82.52],[-61.12,-82.344],[-60.401,-82.17],[-62.073,-82.288],[-63.189,-82.258],[-63.333,-82.341],[-63.842,-82.302],[-64.44,-82.41],[-64.526,-82.378],[-64.457,-82.354],[-65.092,-82.403],[-65.233,-82.257],[-66.03,-82.312],[-66.08,-82.292],[-65.863,-82.245],[-66.062,-82.195],[-65.944,-82.096],[-65.63,-81.987],[-66.256,-81.948],[-63.476,-81.837],[-63.541,-81.829],[-63.479,-81.78],[-65.625,-81.784],[-65.692,-81.711],[-64.617,-81.619],[-64.513,-81.639],[-64.713,-81.698],[-64.199,-81.688],[-63.878,-81.601],[-64.084,-81.689],[-63.391,-81.632],[-63.295,-81.649],[-63.461,-81.701],[-62.207,-81.693],[-62.084,-81.646],[-62.414,-81.558],[-65.174,-81.512],[-68.372,-81.11],[-68.421,-81.088],[-68.057,-81.038],[-68.449,-80.977],[-69.174,-81.03],[-69.976,-80.976],[-70.034,-80.893],[-70.397,-80.823],[-70.402,-80.668],[-70.821,-80.61],[-72.462,-80.75],[-72.584,-80.832],[-72.589,-80.961],[-74.104,-80.796],[-74.838,-80.919],[-75.554,-80.891],[-75.771,-80.838],[-74.949,-80.77],[-75.712,-80.638],[-75.414,-80.489],[-75.965,-80.275],[-76.095,-80.294],[-76.254,-80.184],[-76.274,-80.081],[-78.273,-80.178],[-79.687,-79.983],[-77.419,-80.014],[-76.632,-79.939],[-76.149,-79.769],[-75.939,-79.569],[-76.216,-79.392],[-76.533,-79.313],[-80.429,-79.258],[-80.537,-79.324],[-80.545,-79.414],[-80.386,-79.508],[-80.492,-79.578],[-81.216,-79.404],[-81.239,-79.24],[-81.106,-79.203],[-81.239,-79.194],[-81.09,-78.705],[-80.295,-78.847],[-77.754,-78.736],[-77.329,-78.598],[-77.413,-78.42],[-80.827,-77.967],[-80.79,-77.794],[-80.657,-77.725],[-80.763,-77.671],[-79.424,-77.878],[-77.685,-77.93],[-75.218,-78.145],[-75.047,-78.232],[-73.466,-78.015],[-72.805,-77.699],[-72.722,-77.576],[-75.08,-77.437],[-75.527,-77.541],[-75.872,-77.35],[-77.0,-77.036],[-76.822,-77.005],[-77.524,-76.73],[-77.508,-76.63],[-77.693,-76.488],[-77.426,-76.627],[-77.509,-76.556],[-77.385,-76.545],[-77.457,-76.48],[-76.708,-76.674],[-76.77,-76.579],[-76.542,-76.517],[-75.81,-76.638],[-75.593,-76.608],[-75.667,-76.561],[-75.21,-76.565],[-73.767,-76.719],[-73.937,-76.653],[-71.709,-76.763],[-70.014,-76.694],[-69.942,-76.667],[-70.094,-76.675],[-69.827,-76.614],[-70.1,-76.565],[-69.816,-76.522],[-69.998,-76.52],[-67.949,-76.216],[-68.104,-76.148],[-66.219,-76.011],[-63.162,-75.409],[-63.085,-75.352],[-64.434,-75.318],[-64.159,-75.224],[-63.041,-75.147],[-63.278,-75.015],[-64.086,-74.999],[-63.61,-74.937],[-63.573,-74.871],[-63.077,-74.908],[-63.293,-74.72],[-63.266,-74.668],[-62.701,-74.678],[-62.588,-74.774],[-62.591,-74.951],[-62.526,-74.997],[-62.132,-74.952],[-61.792,-74.779],[-61.788,-74.712],[-62.364,-74.403],[-61.543,-74.544],[-60.978,-74.497],[-60.906,-74.449],[-60.978,-74.421],[-60.682,-74.325],[-60.691,-74.239],[-61.279,-74.33],[-61.885,-74.325],[-61.978,-74.244],[-61.554,-74.175],[-61.404,-74.249],[-61.133,-74.164],[-61.056,-74.073],[-61.859,-74.03],[-61.582,-73.97],[-61.791,-73.907],[-61.692,-73.886],[-61.008,-73.962],[-60.735,-73.716],[-61.146,-73.738],[-60.8,-73.578],[-61.452,-73.478],[-61.688,-73.536],[-61.935,-73.372],[-61.568,-73.353],[-62.002,-73.231],[-61.646,-73.252],[-62.065,-73.13],[-61.23,-73.202],[-61.083,-73.347],[-60.95,-73.343],[-60.878,-73.242],[-60.835,-73.385],[-60.734,-73.398],[-60.599,-73.185],[-60.378,-73.322],[-60.027,-73.279],[-59.975,-73.238],[-60.03,-73.121],[-59.904,-72.993],[-59.954,-72.888],[-60.06,-72.869],[-60.276,-73.046],[-60.552,-72.981],[-60.764,-73.074],[-60.492,-72.791],[-60.552,-72.656],[-61.004,-72.687],[-61.137,-72.783],[-61.42,-72.646],[-61.215,-72.638],[-61.276,-72.526],[-61.471,-72.498],[-61.366,-72.466],[-61.465,-72.407],[-60.643,-72.43],[-60.998,-72.356],[-60.674,-72.325],[-60.687,-72.231],[-61.072,-72.191],[-60.689,-72.12],[-60.694,-71.998],[-61.174,-72.067],[-61.167,-72.17],[-61.674,-72.047],[-62.254,-72.135],[-62.349,-72.098],[-62.112,-72.01],[-62.437,-71.924],[-61.092,-71.871],[-61.027,-71.832],[-61.163,-71.719],[-61.097,-71.708],[-60.772,-71.76],[-60.835,-71.712],[-60.778,-71.677],[-60.98,-71.661],[-60.946,-71.619],[-61.141,-71.533],[-61.557,-71.691],[-62.112,-71.64],[-61.725,-71.605],[-61.726,-71.533],[-61.542,-71.506],[-61.554,-71.447],[-61.129,-71.415],[-61.417,-71.323],[-60.984,-71.367],[-60.924,-71.339],[-61.277,-71.224],[-60.925,-71.22],[-61.209,-71.101],[-61.177,-71.033],[-61.371,-71.016],[-61.267,-70.931],[-61.305,-70.856],[-61.97,-70.925],[-62.044,-70.886],[-62.006,-70.793],[-62.138,-70.771],[-61.688,-70.707],[-61.625,-70.67],[-61.681,-70.619],[-61.354,-70.561],[-61.445,-70.494],[-62.185,-70.537],[-62.134,-70.469],[-62.207,-70.416],[-62.196,-70.243],[-62.015,-70.293],[-61.869,-70.208],[-62.184,-70.004],[-62.173,-69.637],[-62.129,-69.718],[-61.978,-69.719],[-61.876,-69.593],[-61.92,-69.538],[-61.734,-69.486],[-62.17,-69.195],[-62.259,-67.57],[-62.489,-66.211],[-61.97,-66.198],[-61.785,-66.475],[-61.669,-66.392],[-61.78,-66.213],[-61.494,-66.26],[-61.469,-66.114],[-61.187,-66.181],[-61.146,-66.332],[-60.995,-66.341],[-60.876,-66.188],[-61.024,-66.083],[-60.84,-66.045],[-60.708,-66.131],[-60.7,-66.042],[-60.547,-65.958],[-61.007,-65.913],[-61.031,-66.036],[-61.276,-65.913],[-61.355,-65.932],[-61.309,-66.087],[-61.647,-66.034],[-61.596,-66.166],[-62.023,-66.112],[-62.372,-65.916],[-62.362,-65.814],[-62.09,-65.712],[-62.08,-65.596],[-61.701,-65.546],[-62.067,-65.477],[-62.095,-65.403],[-62.032,-65.372],[-62.198,-65.304],[-61.961,-65.191],[-61.628,-65.241],[-61.556,-65.158],[-61.739,-65.088],[-61.729,-64.969],[-61.381,-65.053],[-61.052,-65.011],[-60.666,-64.709],[-60.361,-64.644],[-60.422,-64.525],[-60.262,-64.566],[-60.01,-64.468],[-60.007,-64.398],[-59.77,-64.425],[-59.769,-64.567],[-59.591,-64.588],[-59.551,-64.545],[-59.649,-64.52],[-59.662,-64.392],[-59.464,-64.311],[-59.331,-64.44],[-59.014,-64.43],[-58.991,-64.514],[-58.816,-64.543],[-58.78,-64.432],[-58.949,-64.357],[-58.755,-64.293],[-59.108,-64.227],[-58.82,-64.219],[-58.705,-63.995],[-58.098,-63.664],[-57.604,-63.602],[-57.766,-63.587],[-57.716,-63.554],[-57.421,-63.562],[-57.445,-63.444],[-57.127,-63.504],[-57.097,-63.559],[-57.176,-63.597],[-57.124,-63.654],[-56.776,-63.604],[-56.991,-63.46],[-56.944,-63.399],[-57.048,-63.416],[-57.029,-63.281],[-57.287,-63.215],[-57.863,-63.307],[-58.033,-63.413],[-58.17,-63.377],[-58.165,-63.463],[-58.899,-63.54],[-58.936,-63.669],[-59.352,-63.709],[-59.429,-63.91],[-59.77,-63.86],[-59.807,-63.772],[-59.97,-63.958],[-60.306,-63.915],[-60.729,-64.011],[-60.773,-64.085],[-60.986,-64.065],[-60.841,-64.164],[-60.963,-64.156],[-60.942,-64.282],[-61.096,-64.303],[-61.091,-64.386],[-61.295,-64.432],[-61.456,-64.368],[-61.583,-64.443],[-61.445,-64.465],[-61.432,-64.546],[-61.606,-64.532],[-61.491,-64.615],[-61.579,-64.662],[-61.785,-64.493],[-61.844,-64.518],[-61.795,-64.583],[-61.916,-64.575],[-61.971,-64.69],[-62.22,-64.738],[-62.142,-64.785],[-62.369,-64.749],[-62.311,-64.657],[-62.444,-64.595],[-62.521,-64.612],[-62.472,-64.631],[-62.574,-64.657],[-62.497,-64.732],[-62.674,-64.777],[-62.407,-64.877],[-62.584,-64.911],[-62.794,-64.813],[-62.868,-64.921],[-63.125,-64.938],[-63.291,-64.85],[-63.177,-64.713],[-63.337,-64.795],[-63.448,-64.789],[-63.679,-65.06],[-63.827,-65.03],[-64.08,-65.165],[-64.055,-65.262],[-64.11,-65.268],[-63.984,-65.37],[-64.09,-65.413],[-64.008,-65.444],[-64.065,-65.515],[-64.227,-65.553],[-64.13,-65.597],[-64.196,-65.681],[-64.479,-65.631],[-64.335,-65.717],[-64.396,-65.809],[-64.658,-65.737],[-64.694,-65.841],[-64.488,-65.95],[-64.572,-66.03],[-64.887,-65.928],[-65.26,-65.957],[-65.319,-66.038],[-65.091,-66.15],[-65.596,-66.098],[-65.705,-66.15],[-65.641,-66.215],[-65.872,-66.299],[-65.55,-66.4],[-65.663,-66.434],[-65.688,-66.586],[-65.767,-66.602],[-65.646,-66.653],[-65.785,-66.716],[-66.092,-66.591],[-66.548,-66.65],[-66.552,-66.811],[-66.42,-66.882],[-66.614,-67.038],[-66.444,-67.085],[-66.527,-67.114],[-66.463,-67.337],[-66.709,-67.191],[-66.786,-67.311],[-66.981,-67.276],[-66.888,-67.168],[-66.951,-66.939],[-67.104,-66.928],[-67.119,-67.017],[-67.217,-66.973],[-67.303,-67.099],[-67.476,-67.054],[-67.608,-67.178],[-67.444,-67.189],[-67.555,-67.264],[-67.483,-67.329],[-67.661,-67.483],[-67.519,-67.507],[-67.611,-67.547],[-66.993,-67.469],[-66.51,-67.528],[-66.534,-67.609],[-66.767,-67.589],[-66.968,-67.693],[-66.78,-67.696],[-66.738,-67.731],[-67.08,-67.78],[-66.767,-67.775],[-66.891,-67.829],[-66.832,-67.87],[-66.851,-67.914],[-67.269,-67.969],[-67.065,-68.041],[-67.211,-68.075],[-66.946,-68.223],[-66.689,-68.19],[-66.625,-68.247],[-66.766,-68.314],[-67.157,-68.302],[-66.861,-68.368],[-67.175,-68.525],[-67.015,-68.615],[-66.959,-68.748],[-67.481,-68.842],[-67.273,-68.943],[-66.845,-68.973],[-66.945,-69.05],[-66.759,-69.071],[-66.956,-69.122],[-66.845,-69.175],[-66.894,-69.232],[-67.253,-69.273],[-67.339,-69.395],[-67.274,-69.444],[-67.392,-69.503],[-68.279,-69.281],[-68.309,-69.404],[-68.825,-69.431],[-68.362,-69.683],[-68.484,-70.053],[-67.949,-70.312],[-67.674,-70.64],[-67.643,-70.855],[-67.411,-70.993],[-67.401,-71.07],[-67.514,-71.111],[-67.458,-71.19],[-67.545,-71.207],[-67.444,-71.239],[-67.623,-71.433],[-67.481,-71.587],[-66.925,-71.89],[-67.591,-72.363],[-68.309,-72.744],[-69.064,-73.028],[-69.86,-73.214],[-70.358,-73.287],[-71.062,-73.266],[-72.417,-73.436],[-72.369,-73.461],[-73.073,-73.444],[-73.174,-73.505],[-74.433,-73.561],[-74.361,-73.46],[-74.552,-73.387],[-74.555,-73.317],[-74.758,-73.303],[-74.508,-73.252],[-74.219,-72.991],[-74.31,-72.921],[-75.404,-72.822],[-75.776,-72.894],[-75.036,-73.039],[-75.525,-73.113],[-75.858,-73.048],[-76.126,-73.159],[-75.875,-73.347],[-74.78,-73.576],[-76.937,-73.667],[-76.699,-73.548],[-76.88,-73.459],[-77.501,-73.467],[-78.845,-73.609],[-78.861,-73.52],[-78.743,-73.413],[-78.782,-73.338],[-79.647,-73.039],[-80.493,-72.953],[-80.646,-72.997],[-80.651,-73.084],[-80.197,-73.402],[-81.235,-73.248],[-81.355,-73.324],[-81.328,-73.48],[-81.086,-73.594],[-81.185,-73.704],[-82.137,-73.89],[-82.934,-73.71],[-83.809,-73.741],[-83.882,-73.667],[-83.76,-73.635],[-83.752,-73.56],[-85.101,-73.487],[-85.532,-73.385],[-85.665,-73.255],[-85.58,-73.2],[-85.679,-73.178],[-86.947,-73.384],[-87.358,-73.256],[-87.35,-73.17],[-88.407,-73.271],[-88.714,-73.12],[-88.419,-73.021],[-88.406,-72.918],[-88.109,-72.843],[-88.173,-72.732],[-89.349,-72.635],[-89.425,-72.643],[-89.111,-72.764],[-89.119,-72.903],[-89.054,-72.929],[-89.28,-73.038],[-89.23,-73.111],[-90.0,-73.13498496240602],[-90.0,-73.08689245283018],[-89.689,-73.091],[-89.331,-72.928],[-89.829,-72.854],[-90.0,-72.97283050847459],[-90.0,-44.02044140508222],[-86.263,-44.021],[-84.9,-44.218],[-83.423,-44.68],[-81.734,-44.907],[-81.049,-45.216],[-80.406,-45.327],[-80.042,-45.678],[-79.837,-46.261],[-79.74,-47.091],[-79.676,-49.463],[-79.763,-51.242],[-79.686,-52.0],[-79.414,-52.901],[-79.043,-53.744],[-78.667,-54.319],[-78.226,-54.734],[-77.723,-55.019],[-77.091,-55.238],[-74.03,-55.774],[-70.466,-56.821],[-69.298,-57.036],[-68.114,-57.086],[-67.229,-56.996],[-66.519,-56.789],[-64.901,-55.645],[-63.761,-55.215],[-61.751,-54.94],[-58.488,-54.912],[-57.444,-54.641],[-56.569,-54.048],[-54.452,-51.81],[-53.451,-50.939],[-52.66,-50.368],[-50.445,-49.092],[-49.073,-48.416],[-47.815,-47.958],[-45.97,-47.499],[-44.993,-47.062],[-43.91,-46.252],[-42.306,-44.457],[-41.692,-44.028],[-40.782,-43.707],[-37.897,-43.054],[-36.353,-42.901],[-34.427,-42.897],[-26.597,-43.448],[-23.222,-43.533],[-20.358,-43.351],[-19.007,-43.138],[-17.565,-42.803],[-16.805,-42.751],[-15.569,-42.86],[-13.086,-43.29],[-12.231,-43.324],[-11.073,-43.163],[-8.584,-42.478],[-7.392,-42.257],[0.0,-41.49303590978761],[0.0,-71.37392141756548],[-0.851,-71.488]],[[-59.52,-80.112],[-59.961,-80.084],[-59.784,-80.058],[-59.847,-79.944],[-59.626,-79.906],[-59.863,-79.903],[-59.854,-79.838],[-59.656,-79.85],[-59.854,-79.817],[-59.799,-79.774],[-60.487,-79.738],[-60.077,-79.656],[-61.523,-79.893],[-61.236,-79.98],[-61.808,-80.058],[-61.516,-80.242],[-61.185,-80.253],[-61.75,-80.368],[-65.918,-80.395],[-66.203,-80.344],[-66.167,-80.218],[-66.24,-80.194],[-66.805,-80.329],[-66.701,-80.412],[-64.285,-80.751],[-63.792,-80.606],[-63.141,-80.592],[-62.958,-80.775],[-62.522,-80.865],[-60.653,-80.96],[-59.685,-80.664],[-59.884,-80.646],[-59.467,-80.491],[-59.847,-80.528],[-59.731,-80.414],[-59.757,-80.336],[-59.575,-80.286],[-59.593,-80.214],[-59.28,-80.215],[-59.52,-80.112]],[[-67.84,-79.559],[-66.812,-79.792],[-67.026,-79.898],[-66.419,-79.96],[-66.31,-80.081],[-65.45,-79.952],[-65.901,-79.84],[-65.566,-79.813],[-65.554,-79.777],[-66.701,-79.668],[-65.789,-79.625],[-67.84,-79.559]],[[-67.469,-79.308],[-68.572,-79.437],[-67.468,-79.506],[-67.242,-79.456],[-67.511,-79.397],[-67.048,-79.265],[-67.613,-79.212],[-68.447,-79.324],[-67.469,-79.308]],[[-66.993,-78.307],[-67.578,-78.372],[-70.593,-78.886],[-71.6,-79.2],[-71.816,-79.479],[-71.444,-79.653],[-70.342,-79.697],[-69.647,-79.604],[-69.736,-79.567],[-69.492,-79.533],[-69.822,-79.458],[-69.503,-79.415],[-69.665,-79.412],[-68.946,-79.097],[-66.606,-78.364],[-66.993,-78.307]],[[-73.887,-73.12],[-73.875,-73.19],[-74.159,-73.308],[-74.015,-73.406],[-73.708,-73.292],[-73.523,-73.13],[-73.887,-73.12]],[[-74.401,-70.975],[-73.547,-70.716],[-73.884,-70.571],[-74.131,-70.565],[-74.101,-70.659],[-74.463,-70.577],[-74.47,-70.751],[-74.596,-70.794],[-74.954,-70.585],[-75.2,-70.777],[-76.382,-70.888],[-76.543,-70.966],[-76.451,-71.084],[-76.13,-71.138],[-74.401,-70.975]],[[-72.408,-72.674],[-70.923,-72.651],[-70.743,-72.559],[-70.646,-72.667],[-70.07,-72.635],[-69.218,-72.543],[-69.14,-72.502],[-69.227,-72.427],[-68.915,-72.361],[-68.763,-72.223],[-68.436,-72.241],[-68.342,-72.057],[-68.483,-71.897],[-68.221,-71.858],[-68.161,-71.606],[-68.274,-71.437],[-68.227,-71.341],[-68.299,-70.869],[-68.481,-70.81],[-68.33,-70.8],[-68.72,-70.369],[-69.285,-69.923],[-69.317,-69.626],[-69.739,-69.294],[-70.108,-69.301],[-70.142,-69.237],[-70.022,-69.192],[-70.094,-69.136],[-69.994,-69.094],[-70.107,-69.001],[-70.106,-68.891],[-70.47,-68.781],[-72.013,-68.955],[-72.197,-69.082],[-72.104,-69.162],[-72.159,-69.227],[-72.042,-69.296],[-72.098,-69.313],[-71.616,-69.455],[-71.741,-69.567],[-71.723,-69.641],[-71.912,-69.708],[-71.835,-69.8],[-71.932,-69.941],[-71.811,-70.028],[-71.059,-70.224],[-70.698,-70.115],[-70.196,-70.14],[-70.232,-70.235],[-69.588,-70.393],[-70.118,-70.33],[-70.999,-70.466],[-71.267,-70.68],[-70.701,-70.832],[-69.787,-70.853],[-69.838,-71.152],[-69.997,-71.152],[-70.208,-70.988],[-70.411,-70.945],[-71.344,-70.966],[-71.36,-71.069],[-71.69,-71.159],[-72.786,-71.063],[-73.125,-71.144],[-72.315,-71.289],[-72.189,-71.373],[-73.63,-71.335],[-73.66,-71.411],[-73.336,-71.537],[-73.525,-71.606],[-74.222,-71.382],[-74.437,-71.451],[-74.29,-71.658],[-75.079,-71.534],[-75.414,-71.661],[-75.177,-71.753],[-75.438,-71.837],[-75.356,-71.924],[-74.816,-72.065],[-74.358,-72.044],[-74.005,-72.174],[-73.501,-72.012],[-73.879,-71.864],[-72.859,-71.921],[-72.712,-71.861],[-72.683,-71.74],[-72.549,-71.748],[-72.339,-71.613],[-71.832,-71.799],[-71.83,-71.899],[-71.394,-71.833],[-70.72,-71.906],[-70.77,-71.99],[-72.055,-72.158],[-71.367,-72.288],[-70.458,-72.14],[-70.116,-72.239],[-70.71,-72.396],[-72.18,-72.362],[-72.677,-72.271],[-73.164,-72.431],[-72.8,-72.594],[-72.432,-72.553],[-72.515,-72.639],[-72.408,-72.674]],[[-71.319,-70.299],[-71.817,-70.296],[-71.744,-70.399],[-71.535,-70.436],[-71.319,-70.299]],[[-75.693,-70.113],[-74.873,-70.184],[-74.602,-70.104],[-74.628,-69.985],[-74.397,-69.962],[-74.718,-69.763],[-74.963,-69.717],[-75.436,-69.769],[-75.23,-69.842],[-75.726,-69.891],[-75.832,-70.016],[-75.693,-70.113]],[[-72.799,-69.64],[-71.97,-69.752],[-72.018,-69.711],[-71.957,-69.67],[-72.399,-69.465],[-72.833,-69.426],[-72.982,-69.514],[-72.799,-69.64]],[[-67.122,-67.643],[-67.496,-67.589],[-67.766,-67.668],[-67.644,-67.684],[-67.751,-67.732],[-67.392,-67.781],[-67.122,-67.643]],[[-68.885,-67.762],[-68.559,-67.741],[-68.39,-67.549],[-68.123,-67.569],[-67.965,-67.395],[-68.251,-67.369],[-67.677,-67.148],[-67.985,-67.063],[-67.923,-66.997],[-68.026,-66.941],[-67.659,-66.649],[-67.86,-66.626],[-68.378,-66.821],[-69.169,-67.499],[-69.165,-67.579],[-68.885,-67.762]],[[-67.381,-66.902],[-67.241,-66.831],[-67.407,-66.737],[-67.603,-66.88],[-67.381,-66.902]],[[-66.774,-66.227],[-66.911,-66.302],[-66.602,-66.209],[-66.605,-66.066],[-66.774,-66.107],[-66.774,-66.227]],[[-65.814,-65.84],[-65.913,-65.706],[-65.666,-65.66],[-65.625,-65.535],[-65.96,-65.553],[-66.074,-65.664],[-66.038,-65.739],[-66.163,-65.766],[-66.175,-65.872],[-65.814,-65.84]],[[-62.995,-64.516],[-63.28,-64.577],[-63.09,-64.459],[-63.242,-64.478],[-63.111,-64.398],[-63.36,-64.436],[-63.151,-64.308],[-63.353,-64.24],[-63.575,-64.265],[-63.691,-64.349],[-63.657,-64.418],[-63.931,-64.459],[-63.855,-64.503],[-64.2,-64.592],[-64.301,-64.7],[-63.682,-64.853],[-63.509,-64.76],[-63.558,-64.732],[-63.352,-64.764],[-62.83,-64.57],[-62.995,-64.516]],[[-62.378,-64.463],[-62.049,-64.214],[-62.211,-64.178],[-62.009,-64.142],[-62.267,-64.099],[-62.315,-64.016],[-62.56,-64.046],[-62.488,-64.089],[-62.623,-64.131],[-62.464,-64.237],[-62.671,-64.396],[-62.586,-64.454],[-62.788,-64.484],[-62.378,-64.463]],[[-52.523,-80.199],[-52.28,-80.078],[-52.89,-80.177],[-53.407,-80.108],[-53.424,-80.193],[-54.097,-80.558],[-54.378,-80.577],[-54.408,-80.74],[-54.162,-80.877],[-49.798,-80.791],[-49.696,-80.768],[-49.719,-80.686],[-43.532,-80.2],[-43.438,-80.109],[-43.857,-79.996],[-43.137,-79.952],[-42.982,-79.787],[-42.936,-79.522],[-43.07,-79.356],[-43.348,-79.239],[-43.134,-79.182],[-43.453,-79.111],[-43.46,-78.955],[-43.739,-78.801],[-45.37,-78.786],[-45.225,-78.736],[-45.303,-78.68],[-43.92,-78.596],[-43.725,-78.395],[-43.819,-78.248],[-44.515,-78.042],[-45.934,-77.817],[-47.223,-77.773],[-49.072,-78.042],[-49.278,-78.201],[-50.204,-78.593],[-50.431,-78.813],[-50.214,-78.833],[-50.561,-78.96],[-50.453,-79.004],[-50.484,-79.129],[-50.74,-79.284],[-50.389,-79.331],[-50.246,-79.443],[-50.264,-79.536],[-52.396,-80.185],[-52.523,-80.199]],[[-60.957,-70.977],[-60.531,-71.051],[-60.539,-70.954],[-60.914,-70.942],[-60.957,-70.977]],[[-60.448,-70.55],[-60.956,-70.538],[-60.982,-70.621],[-60.858,-70.709],[-60.544,-70.671],[-60.448,-70.55]],[[-61.105,-69.964],[-61.268,-69.852],[-61.4,-69.906],[-61.33,-69.976],[-61.105,-69.964]],[[-59.842,-65.127],[-59.649,-65.22],[-59.435,-65.234],[-59.771,-65.086],[-59.842,-65.127]],[[-57.417,-64.443],[-57.456,-64.518],[-57.219,-64.565],[-56.968,-64.455],[-56.878,-64.336],[-57.417,-64.443]],[[-57.565,-64.287],[-57.07,-64.16],[-57.4,-64.146],[-57.155,-64.085],[-57.533,-64.021],[-57.494,-63.926],[-57.744,-64.03],[-57.718,-64.075],[-57.864,-64.067],[-57.818,-64.004],[-57.888,-63.976],[-57.755,-63.896],[-57.795,-63.791],[-58.304,-63.925],[-58.46,-64.086],[-58.131,-64.102],[-58.183,-64.213],[-58.013,-64.239],[-58.313,-64.321],[-58.23,-64.38],[-57.962,-64.316],[-57.907,-64.338],[-57.968,-64.399],[-57.866,-64.42],[-57.803,-64.381],[-57.855,-64.299],[-57.685,-64.289],[-57.727,-64.394],[-57.296,-64.371],[-57.565,-64.287]],[[-57.695,-63.817],[-57.244,-63.902],[-57.089,-63.839],[-57.402,-63.839],[-57.37,-63.788],[-57.695,-63.817]],[[-60.628,-63.859],[-60.699,-63.81],[-60.553,-63.699],[-60.802,-63.666],[-60.665,-63.722],[-60.8,-63.754],[-60.787,-63.835],[-60.972,-63.84],[-60.74,-63.904],[-60.628,-63.859]],[[-55.719,-63.499],[-55.806,-63.407],[-56.24,-63.479],[-55.965,-63.581],[-55.719,-63.499]],[[-55.086,-63.222],[-55.443,-63.208],[-55.576,-63.129],[-56.245,-63.192],[-56.554,-63.367],[-56.355,-63.44],[-55.792,-63.286],[-55.109,-63.344],[-55.043,-63.283],[-55.086,-63.222]],[[-56.336,-63.175],[-56.035,-63.058],[-56.493,-62.987],[-56.618,-63.051],[-56.336,-63.175]],[[-61.056,-62.683],[-60.379,-62.61],[-60.324,-62.629],[-60.434,-62.716],[-60.298,-62.682],[-60.291,-62.758],[-59.803,-62.611],[-60.025,-62.627],[-60.08,-62.564],[-60.011,-62.526],[-60.129,-62.46],[-60.491,-62.577],[-60.802,-62.469],[-60.815,-62.57],[-61.194,-62.594],[-61.056,-62.683]],[[-58.634,-62.178],[-58.476,-62.07],[-58.279,-62.083],[-58.379,-62.106],[-58.243,-62.182],[-58.123,-62.14],[-58.155,-62.059],[-57.59,-62.025],[-57.67,-61.914],[-58.414,-61.933],[-58.699,-62.012],[-59.011,-62.22],[-58.825,-62.169],[-58.447,-62.205],[-58.634,-62.178]],[[-55.449,-61.115],[-55.247,-61.267],[-55.035,-61.156],[-54.652,-61.107],[-55.449,-61.115]],[[-45.789,-60.584],[-45.141,-60.736],[-45.191,-60.633],[-45.477,-60.546],[-45.988,-60.569],[-45.994,-60.622],[-45.789,-60.584]],[[-30.647,-79.74],[-30.797,-79.65],[-30.929,-79.684],[-30.226,-79.837],[-31.095,-79.811],[-31.645,-79.637],[-32.162,-79.71],[-31.879,-79.754],[-32.089,-79.809],[-31.719,-79.81],[-31.872,-79.847],[-31.542,-79.899],[-30.679,-79.956],[-30.529,-79.903],[-30.278,-79.976],[-30.472,-79.989],[-30.366,-80.018],[-29.989,-79.966],[-30.252,-79.886],[-29.613,-79.91],[-30.647,-79.74]],[[-32.169,-79.669],[-32.206,-79.627],[-31.913,-79.573],[-32.294,-79.522],[-32.601,-79.661],[-32.169,-79.669]],[[-33.916,-79.313],[-35.503,-79.09],[-36.66,-79.223],[-36.59,-79.276],[-36.938,-79.181],[-36.726,-79.298],[-34.071,-79.362],[-33.916,-79.313]],[[-20.379,-74.361],[-20.693,-74.102],[-20.496,-73.794],[-20.611,-73.595],[-20.89,-73.679],[-21.145,-73.95],[-22.04,-74.106],[-21.122,-74.143],[-20.981,-74.211],[-20.843,-74.463],[-20.378,-74.449],[-20.379,-74.361]],[[-16.103,-72.687],[-16.391,-72.454],[-16.517,-72.57],[-16.382,-72.69],[-16.199,-72.709],[-16.103,-72.687]],[[-12.49,-72.167],[-12.81,-72.001],[-12.967,-72.056],[-12.654,-72.199],[-12.49,-72.167]],[[-2.945,-71.225],[-3.228,-71.053],[-3.409,-71.067],[-3.398,-71.15],[-3.037,-71.237],[-2.945,-71.225]],[[-2.718,-70.82],[-2.505,-70.732],[-2.618,-70.698],[-3.526,-70.682],[-3.586,-70.738],[-2.667,-70.994],[-2.862,-71.053],[-2.8,-71.168],[-2.304,-71.016],[-2.081,-70.826],[-2.718,-70.82]],[[-5.966,-70.498],[-5.94,-70.423],[-6.454,-70.444],[-6.174,-70.606],[-5.885,-70.549],[-5.966,-70.498]],[[-2.83,-70.524],[-2.676,-70.436],[-2.719,-70.314],[-2.834,-70.281],[-3.296,-70.35],[-3.51,-70.514],[-2.83,-70.524]],[[-35.887,-54.551],[-36.07,-54.567],[-36.016,-54.495],[-36.257,-54.37],[-36.261,-54.285],[-36.394,-54.243],[-36.354,-54.359],[-36.497,-54.346],[-36.492,-54.235],[-36.676,-54.277],[-36.491,-54.185],[-36.717,-54.174],[-36.655,-54.106],[-37.018,-54.12],[-37.005,-54.052],[-37.149,-54.114],[-37.121,-54.03],[-37.224,-54.069],[-37.464,-54.03],[-37.382,-53.983],[-37.738,-53.973],[-38.032,-54.01],[-37.615,-54.038],[-37.725,-54.092],[-37.656,-54.099],[-37.69,-54.174],[-37.237,-54.148],[-37.409,-54.182],[-37.319,-54.229],[-37.414,-54.255],[-37.153,-54.258],[-36.885,-54.336],[-36.81,-54.449],[-36.499,-54.511],[-36.116,-54.885],[-35.922,-54.852],[-36.106,-54.765],[-35.784,-54.765],[-35.936,-54.689],[-35.887,-54.551]]],[[[17.576,-43.385],[20.814,-43.924],[22.902,-43.948],[26.427,-44.239],[28.027,-44.26],[29.423,-44.11],[31.7,-43.617],[33.409,-43.145],[34.873,-42.562],[35.813,-42.367],[36.77,-42.331],[39.702,-42.478],[41.917,-42.312],[45.491,-42.189],[49.571,-41.764],[51.691,-41.971],[53.653,-42.362],[54.909,-42.78],[58.07,-44.065],[59.838,-44.51],[62.491,-44.659],[65.694,-44.184],[69.934,-44.03],[71.591,-43.894],[72.439,-44.12],[74.379,-45.092],[75.132,-45.268],[80.244,-45.148],[81.976,-45.01],[83.347,-44.796],[84.043,-44.612],[85.56,-43.755],[86.689,-43.291],[88.079,-42.924],[89.603,-42.701],[90.0,-42.68275945945946],[90.0,-66.64194479927008],[88.709,-66.639],[86.62,-66.745],[86.676,-66.72],[86.516,-66.667],[86.294,-66.688],[86.23,-66.73],[86.287,-66.773],[85.858,-66.814],[85.345,-66.719],[85.259,-66.766],[85.358,-66.868],[83.062,-67.228],[80.477,-67.929],[78.747,-68.262],[78.467,-68.476],[78.54,-68.59],[74.776,-69.909],[74.717,-69.835],[74.303,-69.92],[74.317,-69.807],[74.075,-69.713],[73.705,-69.862],[73.406,-69.798],[73.249,-69.859],[73.231,-69.979],[72.766,-70.069],[72.639,-70.16],[72.853,-70.445],[72.646,-70.468],[72.346,-70.675],[71.796,-70.716],[71.727,-70.774],[71.859,-70.81],[71.828,-70.867],[71.542,-70.96],[71.342,-71.182],[71.536,-71.246],[71.202,-71.335],[71.253,-71.388],[71.16,-71.473],[71.269,-71.52],[69.906,-71.963],[69.924,-71.909],[69.774,-71.897],[69.72,-72.008],[69.591,-72.037],[68.85,-72.165],[68.726,-72.089],[68.549,-72.2],[67.929,-72.241],[67.316,-72.228],[67.332,-72.129],[67.252,-72.107],[67.507,-71.993],[67.449,-71.896],[67.611,-71.827],[67.533,-71.797],[67.871,-71.682],[67.833,-71.539],[68.055,-71.355],[68.67,-71.204],[68.548,-71.181],[68.896,-71.036],[69.205,-70.693],[69.257,-70.432],[69.168,-70.317],[68.924,-70.305],[68.688,-70.354],[68.563,-70.472],[68.422,-70.402],[67.961,-70.452],[67.658,-70.323],[67.746,-70.287],[67.563,-70.279],[67.496,-70.124],[67.571,-70.025],[67.865,-70.002],[68.057,-69.894],[68.177,-69.72],[68.573,-70.021],[69.022,-69.949],[69.207,-69.798],[68.883,-69.741],[69.355,-69.617],[68.733,-69.551],[68.898,-69.455],[68.742,-69.389],[68.921,-69.309],[69.26,-69.368],[69.74,-69.296],[69.726,-69.17],[69.304,-69.047],[69.858,-68.872],[69.281,-68.831],[69.672,-68.714],[69.605,-68.719],[69.675,-68.633],[69.573,-68.622],[69.632,-68.589],[70.18,-68.495],[69.635,-68.122],[69.595,-68.043],[69.683,-67.864],[69.611,-67.751],[69.352,-67.73],[69.107,-67.846],[68.377,-67.895],[67.129,-67.759],[66.725,-67.792],[64.721,-67.653],[63.651,-67.503],[63.113,-67.534],[62.617,-67.66],[62.117,-67.562],[61.243,-67.591],[61.129,-67.541],[61.167,-67.505],[60.467,-67.37],[59.657,-67.397],[59.655,-67.511],[59.509,-67.524],[59.593,-67.594],[59.513,-67.606],[59.265,-67.484],[58.986,-67.487],[59.127,-67.425],[58.681,-67.343],[58.549,-67.23],[58.989,-67.31],[59.094,-67.245],[58.916,-67.178],[58.27,-67.148],[58.047,-67.225],[58.136,-67.098],[57.594,-66.99],[57.309,-67.043],[57.359,-67.088],[56.968,-67.046],[56.558,-67.11],[56.171,-67.409],[56.088,-67.348],[56.153,-67.196],[55.732,-67.264],[56.367,-67.01],[56.154,-66.952],[56.322,-66.909],[56.272,-66.876],[56.707,-66.9],[56.392,-66.832],[56.542,-66.792],[56.381,-66.806],[56.51,-66.744],[56.17,-66.711],[55.992,-66.586],[56.497,-66.686],[56.565,-66.613],[56.622,-66.681],[57.015,-66.729],[57.281,-66.709],[57.276,-66.581],[56.808,-66.405],[56.447,-66.397],[56.399,-66.463],[55.861,-66.12],[55.183,-65.931],[53.79,-65.845],[51.772,-66.037],[51.352,-66.222],[50.424,-66.338],[50.194,-66.57],[50.24,-66.743],[50.83,-66.775],[50.428,-66.963],[50.524,-66.995],[50.459,-67.069],[50.719,-67.084],[50.41,-67.174],[50.148,-67.115],[49.698,-67.289],[49.883,-67.078],[49.16,-67.001],[49.348,-66.955],[49.216,-66.819],[48.342,-67.036],[48.37,-67.143],[48.585,-67.209],[49.068,-67.151],[49.405,-67.223],[49.313,-67.222],[49.328,-67.289],[49.175,-67.377],[48.606,-67.461],[48.588,-67.556],[47.289,-67.453],[47.441,-67.409],[46.992,-67.346],[46.914,-67.267],[46.48,-67.275],[46.265,-67.348],[46.275,-67.462],[45.269,-67.633],[44.219,-67.975],[42.829,-68.096],[42.56,-68.224],[42.536,-68.38],[41.544,-68.472],[41.015,-68.596],[40.752,-68.751],[40.524,-68.719],[39.858,-68.83],[39.709,-69.021],[39.815,-69.28],[39.702,-69.307],[39.848,-69.385],[39.74,-69.49],[39.796,-69.526],[39.686,-69.541],[39.779,-69.611],[39.161,-69.727],[39.136,-69.83],[39.246,-69.851],[39.164,-69.902],[38.186,-69.912],[38.02,-69.849],[38.241,-69.767],[37.786,-69.757],[37.786,-69.682],[37.281,-69.728],[37.193,-69.782],[37.24,-69.832],[37.036,-69.887],[36.751,-69.637],[36.416,-69.607],[36.161,-69.705],[36.08,-69.637],[35.244,-69.736],[35.079,-69.671],[35.229,-69.537],[35.105,-69.46],[35.2,-69.294],[35.125,-69.26],[34.62,-69.071],[34.362,-69.133],[33.604,-69.052],[34.371,-68.806],[34.301,-68.688],[33.216,-68.67],[32.506,-68.903],[32.488,-69.082],[32.967,-69.387],[32.996,-69.625],[32.838,-69.785],[32.865,-69.934],[30.089,-70.208],[25.675,-71.0],[24.555,-70.847],[24.265,-70.679],[24.455,-70.615],[24.409,-70.534],[24.109,-70.409],[23.752,-70.403],[23.293,-70.821],[22.327,-70.759],[22.367,-70.695],[21.826,-70.655],[22.481,-70.61],[22.579,-70.54],[21.746,-70.226],[21.209,-70.576],[21.187,-70.798],[18.928,-70.67],[19.297,-70.368],[19.174,-70.274],[19.291,-70.248],[18.942,-70.171],[18.253,-70.326],[18.498,-70.503],[18.094,-70.542],[16.505,-70.454],[16.65,-70.221],[16.577,-70.131],[15.963,-70.19],[15.827,-70.378],[15.037,-70.291],[13.849,-70.348],[13.343,-70.273],[12.969,-70.046],[12.445,-70.07],[13.041,-70.234],[12.322,-70.37],[12.088,-70.545],[12.082,-70.674],[11.854,-70.782],[11.238,-70.757],[9.979,-70.454],[9.657,-70.343],[9.656,-70.248],[9.415,-70.109],[9.183,-70.071],[8.887,-70.216],[9.151,-70.29],[9.137,-70.375],[8.837,-70.354],[8.55,-70.472],[7.93,-70.472],[7.834,-70.366],[7.894,-70.177],[7.479,-70.19],[7.414,-70.221],[7.439,-70.337],[7.668,-70.518],[5.021,-70.637],[4.224,-70.784],[2.52,-70.901],[0.447,-71.314],[0.0,-71.37392141756548],[0.0,-41.49303590978761],[1.742,-41.313],[5.185,-41.152],[7.565,-41.284],[9.725,-41.659],[11.19,-42.091],[14.231,-43.329],[15.535,-43.529],[17.576,-43.385]],[[3.262,-70.438],[3.139,-70.374],[2.581,-70.524],[2.744,-70.629],[3.158,-70.563],[3.262,-70.438]],[[4.574,-70.276],[4.297,-70.237],[4.049,-70.303],[4.205,-70.469],[4.546,-70.473],[4.622,-70.353],[4.574,-70.276]],[[26.59,-70.075],[26.269,-70.079],[25.912,-70.285],[26.057,-70.391],[26.458,-70.45],[26.84,-70.412],[26.88,-70.319],[26.59,-70.075]],[[0.94,-70.105],[1.164,-70.417],[1.462,-70.152],[1.361,-70.025],[0.94,-70.105]],[[15.972,-69.718],[15.555,-69.873],[16.172,-70.073],[16.272,-69.862],[16.637,-69.743],[15.972,-69.718]],[[48.809,-66.767],[48.725,-66.703],[48.281,-66.752],[48.312,-66.81],[48.809,-66.767]],[[72.22,-70.63],[72.201,-70.541],[71.913,-70.43],[71.761,-70.264],[71.623,-70.355],[71.787,-70.608],[72.084,-70.654],[72.22,-70.63]],[[73.236,-52.982],[73.364,-53.037],[73.507,-53.193],[73.812,-53.119],[73.236,-52.982]],[[70.556,-49.267],[70.522,-49.096],[70.336,-49.054],[70.194,-49.157],[69.956,-49.159],[69.802,-49.288],[69.582,-49.302],[69.726,-49.247],[69.411,-49.275],[69.534,-49.247],[69.381,-49.183],[69.472,-49.152],[69.282,-49.184],[69.4,-49.114],[69.644,-49.124],[69.59,-48.953],[69.472,-49.081],[69.438,-49.015],[69.215,-49.121],[69.106,-48.993],[69.068,-49.111],[69.007,-49.048],[69.189,-48.773],[68.908,-48.894],[69.116,-48.727],[69.075,-48.658],[68.957,-48.671],[68.897,-48.823],[68.792,-48.846],[68.903,-48.975],[68.813,-48.965],[68.827,-49.054],[68.749,-49.077],[68.931,-49.145],[68.764,-49.189],[68.836,-49.303],[68.924,-49.288],[68.806,-49.366],[68.902,-49.431],[68.778,-49.592],[68.791,-49.71],[69.067,-49.691],[69.085,-49.54],[69.151,-49.624],[69.144,-49.514],[69.232,-49.573],[69.227,-49.488],[69.47,-49.631],[69.664,-49.665],[69.715,-49.582],[69.637,-49.505],[69.739,-49.499],[69.856,-49.679],[70.244,-49.685],[70.165,-49.618],[70.324,-49.574],[70.296,-49.53],[70.049,-49.52],[70.137,-49.618],[69.814,-49.532],[69.692,-49.404],[69.898,-49.443],[69.925,-49.391],[69.822,-49.35],[70.14,-49.339],[70.288,-49.439],[70.466,-49.439],[70.336,-49.352],[70.464,-49.357],[70.556,-49.267]]],[[[91.083,-42.633],[92.551,-42.702],[96.682,-43.393],[98.114,-43.503],[99.637,-43.344],[101.721,-42.755],[103.128,-42.658],[105.102,-42.738],[107.901,-42.974],[109.765,-42.845],[112.448,-42.901],[129.225,-44.114],[133.823,-44.357],[136.226,-44.62],[138.622,-45.166],[139.79,-45.315],[143.166,-45.239],[147.298,-45.56],[151.371,-45.543],[151.996,-45.633],[152.586,-45.819],[155.144,-46.976],[156.211,-47.62],[157.436,-48.527],[158.245,-49.31],[158.821,-50.181],[159.813,-51.153],[159.999,-51.98],[160.034,-53.691],[160.289,-54.317],[160.581,-54.565],[160.744,-54.564],[161.36,-54.811],[162.746,-54.997],[166.44,-54.927],[169.653,-55.023],[170.447,-54.962],[171.126,-54.807],[172.432,-54.251],[173.861,-53.255],[174.329,-52.707],[175.31,-51.176],[175.952,-50.408],[176.312,-50.116],[176.643,-50.005],[177.559,-49.934],[180.0,-49.929],[180.0,-78.233],[179.942,-78.974],[180.0,-83.629],[179.731,-83.99],[179.184,-84.118],[175.302,-83.938],[175.443,-83.903],[174.974,-83.83],[173.409,-83.878],[173.291,-83.856],[173.721,-83.764],[172.821,-83.668],[172.001,-83.717],[171.915,-83.688],[172.047,-83.658],[171.866,-83.644],[171.96,-83.62],[170.924,-83.534],[171.577,-83.5],[171.193,-83.446],[170.223,-83.484],[170.103,-83.405],[169.63,-83.369],[169.466,-83.447],[169.364,-83.422],[169.427,-83.371],[169.383,-83.337],[168.661,-83.397],[167.058,-83.226],[166.999,-83.199],[168.415,-83.267],[168.534,-83.234],[168.077,-83.184],[168.869,-83.146],[168.593,-82.999],[168.119,-82.961],[167.657,-83.062],[167.107,-82.97],[167.408,-82.925],[167.167,-82.9],[167.351,-82.844],[167.306,-82.817],[166.538,-82.782],[166.43,-82.75],[166.53,-82.703],[166.227,-82.644],[165.373,-82.606],[165.305,-82.58],[165.559,-82.493],[165.23,-82.393],[164.673,-82.339],[163.165,-82.449],[163.439,-82.545],[161.449,-82.498],[161.155,-82.392],[163.917,-82.19],[162.902,-81.95],[163.035,-81.94],[162.61,-81.912],[163.102,-81.874],[162.894,-81.807],[162.768,-81.848],[162.237,-81.825],[162.62,-81.754],[162.446,-81.727],[162.531,-81.719],[162.479,-81.689],[161.011,-81.549],[161.519,-81.452],[161.454,-81.424],[160.89,-81.471],[160.842,-81.428],[161.073,-81.385],[160.35,-81.393],[160.403,-81.326],[160.591,-81.324],[160.626,-81.317],[160.132,-81.204],[161.142,-81.244],[160.609,-81.193],[160.814,-81.19],[160.542,-81.119],[160.824,-81.098],[160.547,-81.007],[160.907,-80.993],[160.641,-80.934],[160.876,-80.915],[159.498,-80.843],[159.578,-80.768],[161.346,-80.784],[161.009,-80.759],[161.18,-80.638],[160.26,-80.679],[159.878,-80.65],[159.754,-80.571],[160.665,-80.53],[160.557,-80.474],[161.04,-80.498],[160.775,-80.383],[159.227,-80.448],[159.164,-80.213],[161.471,-79.902],[160.851,-79.957],[160.329,-79.861],[159.822,-79.926],[159.496,-79.82],[160.841,-79.618],[159.875,-79.662],[159.635,-79.526],[160.141,-79.579],[160.624,-79.45],[161.034,-79.475],[160.662,-79.405],[160.729,-79.341],[160.46,-79.303],[160.52,-79.24],[160.387,-79.168],[160.747,-79.075],[160.695,-79.038],[161.098,-79.06],[161.198,-78.962],[161.004,-78.934],[161.349,-78.915],[161.493,-79.02],[162.065,-79.069],[161.633,-78.871],[161.755,-78.839],[161.521,-78.795],[161.556,-78.75],[161.336,-78.581],[161.507,-78.516],[161.824,-78.481],[161.875,-78.523],[161.761,-78.61],[162.126,-78.76],[162.482,-78.779],[162.453,-78.878],[162.622,-78.945],[162.911,-78.882],[162.901,-78.814],[163.065,-78.737],[163.485,-78.782],[164.41,-78.604],[166.09,-78.567],[166.547,-78.712],[167.228,-78.669],[167.058,-78.509],[165.73,-78.4],[165.709,-78.271],[165.337,-78.199],[165.604,-78.122],[165.494,-78.019],[165.227,-78.118],[165.156,-78.166],[165.235,-78.193],[165.097,-78.254],[164.64,-78.326],[163.842,-78.227],[164.401,-78.086],[164.34,-78.03],[164.534,-77.987],[164.557,-77.89],[163.729,-77.879],[164.243,-77.782],[163.44,-77.669],[163.719,-77.615],[163.505,-77.569],[163.801,-77.528],[163.824,-77.431],[163.536,-77.363],[163.377,-77.177],[163.124,-77.084],[163.163,-77.044],[162.87,-77.018],[162.776,-76.832],[162.9,-76.841],[162.975,-76.79],[162.942,-76.721],[162.677,-76.652],[162.615,-76.541],[162.884,-76.439],[162.7,-76.308],[162.787,-76.259],[162.435,-76.234],[162.385,-76.15],[162.448,-76.128],[162.345,-76.086],[162.736,-76.074],[162.707,-75.981],[162.541,-75.922],[162.793,-75.907],[162.9,-75.823],[162.082,-75.591],[162.307,-75.529],[162.191,-75.388],[162.029,-75.387],[162.033,-75.26],[162.619,-75.21],[162.656,-75.167],[162.546,-75.101],[162.786,-74.99],[162.49,-74.944],[162.364,-74.842],[162.583,-74.85],[162.591,-74.75],[162.771,-74.713],[162.813,-74.604],[162.938,-74.605],[163.045,-74.708],[163.271,-74.542],[163.099,-74.419],[163.47,-74.342],[163.556,-74.36],[163.533,-74.456],[163.672,-74.474],[163.685,-74.616],[164.341,-74.502],[164.848,-74.585],[165.177,-74.526],[165.435,-74.629],[165.458,-74.494],[164.86,-74.209],[164.813,-74.146],[164.894,-74.12],[164.818,-74.04],[164.411,-73.943],[165.309,-74.03],[164.89,-73.947],[164.952,-73.891],[164.72,-73.784],[165.228,-73.676],[165.192,-73.83],[165.261,-73.893],[165.793,-73.872],[165.583,-73.805],[165.67,-73.797],[166.144,-73.813],[166.294,-73.726],[165.817,-73.578],[166.219,-73.566],[166.14,-73.482],[166.59,-73.59],[166.747,-73.486],[166.849,-73.591],[167.033,-73.566],[167.077,-73.513],[166.989,-73.465],[167.435,-73.503],[167.224,-73.477],[167.25,-73.405],[167.716,-73.447],[167.623,-73.359],[167.929,-73.359],[167.095,-73.252],[166.74,-73.329],[167.262,-73.152],[168.334,-73.165],[168.403,-73.103],[168.335,-72.97],[168.753,-73.077],[168.715,-73.12],[168.975,-73.091],[168.894,-73.223],[169.215,-73.276],[169.25,-73.191],[169.172,-73.103],[169.582,-73.08],[169.584,-72.962],[169.932,-72.736],[169.47,-72.682],[169.366,-72.606],[169.619,-72.506],[170.271,-72.589],[170.341,-72.431],[170.266,-72.319],[169.858,-72.413],[170.01,-72.288],[169.845,-72.208],[170.016,-72.171],[170.089,-72.084],[170.046,-72.02],[170.169,-72.038],[170.256,-71.951],[170.138,-71.932],[170.334,-71.801],[170.585,-72.007],[170.966,-71.835],[170.814,-71.7],[170.664,-71.681],[170.282,-71.299],[170.209,-71.314],[170.362,-71.544],[170.183,-71.674],[169.977,-71.563],[169.516,-71.515],[169.135,-71.335],[168.761,-71.276],[168.67,-71.183],[167.76,-71.228],[167.868,-71.132],[168.101,-71.108],[167.878,-71.014],[167.14,-70.996],[167.87,-70.924],[167.701,-70.791],[166.426,-70.733],[166.837,-70.677],[166.724,-70.618],[166.369,-70.584],[165.926,-70.684],[165.427,-70.565],[164.167,-70.494],[164.028,-70.532],[164.2,-70.639],[164.063,-70.72],[163.862,-70.699],[163.846,-70.623],[163.479,-70.658],[163.17,-70.588],[162.92,-70.503],[162.896,-70.409],[162.656,-70.276],[162.094,-70.314],[162.009,-70.411],[159.908,-69.879],[160.341,-69.828],[159.754,-69.502],[159.235,-69.428],[159.1,-69.513],[158.817,-69.316],[158.549,-69.351],[157.905,-69.17],[157.533,-69.232],[157.505,-69.35],[157.646,-69.382],[157.425,-69.435],[157.14,-69.161],[156.35,-69.202],[156.001,-69.111],[155.775,-68.947],[155.537,-68.984],[155.757,-69.101],[155.511,-69.107],[155.289,-69.036],[155.387,-69.01],[155.337,-68.905],[155.011,-68.899],[154.795,-68.711],[154.518,-68.804],[154.588,-68.726],[154.45,-68.626],[154.769,-68.622],[154.719,-68.528],[153.878,-68.279],[153.708,-68.3],[153.682,-68.376],[153.865,-68.494],[153.7,-68.546],[153.845,-68.76],[153.382,-68.769],[153.32,-68.859],[153.093,-68.879],[152.526,-68.715],[152.157,-68.736],[151.924,-68.667],[151.573,-68.693],[151.567,-68.917],[151.285,-68.829],[151.164,-68.878],[151.025,-68.777],[150.971,-68.717],[151.114,-68.456],[150.957,-68.343],[150.378,-68.44],[149.684,-68.369],[149.884,-68.464],[149.785,-68.487],[149.39,-68.384],[149.208,-68.46],[149.154,-68.403],[148.857,-68.454],[148.692,-68.403],[148.435,-68.473],[148.241,-68.414],[148.001,-68.464],[147.662,-68.357],[147.06,-68.423],[147.108,-68.294],[146.718,-68.303],[147.055,-68.135],[147.065,-68.039],[146.602,-68.178],[146.558,-68.143],[146.873,-67.938],[146.41,-67.952],[146.529,-67.77],[146.442,-67.731],[146.301,-67.851],[146.11,-67.75],[146.229,-67.687],[146.075,-67.592],[145.733,-67.593],[145.616,-67.737],[145.444,-67.515],[145.28,-67.516],[144.905,-67.738],[144.452,-67.807],[144.101,-67.675],[144.192,-67.581],[144.086,-67.425],[144.177,-67.347],[144.301,-67.417],[144.514,-67.235],[144.321,-67.172],[144.556,-67.196],[144.662,-67.117],[144.512,-67.016],[144.227,-67.024],[144.115,-67.177],[144.069,-67.086],[143.751,-67.139],[143.879,-67.074],[143.861,-66.92],[143.508,-66.845],[142.822,-67.02],[142.477,-67.026],[141.982,-66.8],[141.578,-66.78],[141.281,-66.862],[140.902,-66.753],[140.411,-66.766],[138.641,-66.523],[138.145,-66.605],[138.142,-66.499],[137.458,-66.345],[136.736,-66.349],[136.656,-66.4],[136.636,-66.456],[136.732,-66.477],[136.657,-66.541],[136.545,-66.41],[136.128,-66.236],[135.63,-66.347],[135.647,-66.278],[135.494,-66.115],[135.343,-66.101],[135.298,-66.216],[135.167,-66.261],[135.178,-66.331],[134.767,-66.338],[134.35,-66.52],[134.109,-66.505],[134.427,-66.311],[133.792,-66.105],[133.276,-66.08],[132.827,-66.19],[132.478,-66.151],[131.758,-66.243],[130.705,-66.15],[130.563,-66.262],[130.103,-66.277],[129.722,-66.438],[129.475,-66.691],[129.585,-66.729],[129.393,-66.858],[129.445,-66.959],[129.065,-67.174],[128.764,-67.026],[128.521,-67.146],[128.164,-67.101],[128.075,-67.022],[127.401,-67.068],[127.364,-66.931],[127.185,-66.988],[127.081,-67.135],[127.083,-66.956],[126.999,-66.933],[127.063,-66.849],[126.682,-66.845],[126.681,-66.757],[126.819,-66.691],[126.57,-66.666],[126.854,-66.449],[126.553,-66.443],[126.43,-66.355],[126.372,-66.562],[126.328,-66.47],[126.176,-66.47],[125.941,-66.302],[125.41,-66.418],[125.148,-66.66],[124.717,-66.759],[124.34,-66.718],[124.371,-66.658],[124.261,-66.595],[124.015,-66.589],[123.558,-66.749],[122.244,-66.845],[121.802,-66.975],[121.864,-67.019],[120.77,-67.17],[119.713,-67.116],[120.446,-66.978],[120.352,-66.935],[118.869,-67.187],[118.253,-67.148],[118.428,-67.032],[117.714,-67.172],[117.545,-67.083],[116.883,-67.137],[116.943,-66.948],[116.559,-67.096],[115.885,-66.905],[115.709,-66.848],[115.781,-66.788],[115.599,-66.593],[114.425,-66.406],[114.309,-66.357],[114.416,-66.217],[113.204,-65.765],[110.711,-65.967],[109.872,-66.197],[108.346,-66.767],[108.136,-66.625],[107.71,-66.848],[107.702,-66.738],[107.879,-66.633],[107.779,-66.552],[106.346,-66.433],[103.908,-65.979],[103.611,-66.01],[102.714,-65.861],[102.338,-65.951],[101.336,-65.944],[101.169,-66.029],[101.476,-66.058],[100.855,-66.38],[100.471,-66.397],[100.644,-66.458],[100.5,-66.519],[100.28,-66.431],[99.56,-66.672],[99.53,-66.557],[99.169,-66.753],[99.017,-66.695],[98.826,-66.91],[98.705,-66.774],[98.818,-66.728],[98.716,-66.643],[99.069,-66.49],[98.54,-66.623],[98.537,-66.454],[98.248,-66.448],[97.695,-66.679],[97.081,-66.492],[96.61,-66.615],[96.109,-66.57],[95.556,-66.711],[95.345,-66.637],[95.279,-66.527],[94.917,-66.475],[93.739,-66.747],[93.683,-66.652],[93.731,-66.604],[93.624,-66.583],[93.021,-66.562],[92.76,-66.634],[91.96,-66.498],[90.901,-66.644],[90.0,-66.64194479927008],[90.0,-42.68275945945946],[91.083,-42.633]],[[167.603,-78.03],[167.456,-77.996],[166.796,-78.212],[165.986,-78.11],[166.194,-78.299],[167.406,-78.249],[167.666,-78.131],[167.603,-78.03]],[[168.22,-77.372],[167.568,-77.413],[167.139,-77.342],[167.029,-77.204],[166.827,-77.161],[166.452,-77.212],[166.4,-77.267],[166.676,-77.36],[166.166,-77.535],[166.896,-77.676],[166.453,-77.71],[166.891,-77.712],[166.615,-77.836],[166.677,-77.86],[167.408,-77.644],[168.401,-77.696],[169.359,-77.498],[168.22,-77.372]],[[163.688,-74.726],[163.963,-74.866],[164.038,-74.806],[163.926,-74.772],[164.107,-74.736],[164.038,-74.636],[164.302,-74.553],[163.688,-74.726]],[[169.752,-73.32],[169.459,-73.555],[169.666,-73.631],[169.962,-73.514],[169.752,-73.32]],[[164.657,-67.261],[164.657,-67.538],[164.76,-67.57],[164.914,-67.404],[164.657,-67.261]],[[98.589,-66.388],[98.731,-66.482],[98.94,-66.431],[98.712,-66.364],[98.589,-66.388]],[[162.298,-66.255],[162.349,-66.36],[162.29,-66.398],[162.479,-66.511],[162.626,-66.462],[162.298,-66.255]],[[97.031,-66.141],[96.917,-66.054],[96.596,-66.036],[96.418,-66.067],[96.297,-66.184],[96.908,-66.211],[97.031,-66.141]],[[100.607,-65.778],[100.4,-65.855],[100.759,-65.882],[101.026,-65.813],[100.607,-65.778]],[[92.672,-65.749],[92.35,-65.695],[92.236,-65.751],[92.579,-65.818],[92.672,-65.749]],[[101.252,-65.494],[101.127,-65.412],[100.73,-65.38],[100.482,-65.431],[100.268,-65.595],[100.33,-65.673],[100.558,-65.704],[101.025,-65.665],[101.231,-65.574],[101.252,-65.494]],[[103.198,-65.356],[103.151,-65.198],[102.839,-65.128],[102.752,-65.178],[103.104,-65.305],[103.14,-65.445],[103.419,-65.435],[103.198,-65.356]]],[[[-65.53,-68.144],[-65.761,-68.166],[-65.781,-68.095],[-65.529,-68.047],[-65.53,-68.144]]]]},"properties":{"realm":30,"name":"Southern Ocean","group":8,"group_name":"Southern Ocean","pct_unique":17,"species":4256,"color":"#7be0c7","area_km2":60696490}}]}