{"type":"FeatureCollection","generated_at":"2026-09-21T10:08:02Z","source":{"id":"neon-vectors","name":"NSF NEON ticks and mosquitoes","licence":"CC BY 4.0 (NEON data licence from 2026-06-30)","products":{"ticks":"DP1.10093.001","mosquitoes":"DP1.10043.001"},"url":"https://data.neonscience.org/data-products/DP1.10093.001","url_mosquitoes":"https://data.neonscience.org/data-products/DP1.10043.001","citation":"NEON (National Ecological Observatory Network). Ticks sampled using drag cloths (DP1.10093.001) and Mosquitoes sampled from CO2 traps (DP1.10043.001), provisional and released data. Dataset accessed from https://data.neonscience.org on 2026-09-21.","note":"Ticks per 1000 m\u00b2 dragged (lab-identified counts; months awaiting identification are pending) and mosquitoes per trap-night of 24 trap-hours (identified count scaled by the sorted proportion), each within one site over time; sites differ in habitat and effort and are not ranked against each other. PROVISIONAL months may be revised by NEON."},"today":"2026-09-21","months":{"ticks":["2026-09","2026-08","2026-07","2026-06","2026-05","2026-04","2026-03","2026-02","2025-12","2025-11","2025-10","2025-09"],"mosquitoes":["2026-09","2026-08","2026-07","2026-06","2026-05","2026-04","2026-03","2026-02","2026-01","2025-12","2025-11","2025-10"]},"counts":{"sites":47,"site_months":598,"pending":237,"provisional":598,"empty":67,"ticks":136057,"mosquitoes":534192},"features":[{"type":"Feature","geometry":{"type":"Point","coordinates":[-122.33032,45.76244]},"properties":{"site":"ABBY","name":"Abby Road NEON","site_type":"GRADIENT","stages":{"adult":10,"nymph":4},"genera":{"ticks":{"Ixodes":13,"Haemaphysalis":1},"mosquitoes":{"Aedes":26,"Culiseta":20,"Culex":1}},"ticks":[{"m":"2026-08","release":"PROVISIONAL","drags":6,"area_m2":928,"count":null,"per1000":null,"stages":{},"genera":{},"pending":true},{"m":"2026-07","release":"PROVISIONAL","drags":12,"area_m2":1845,"count":null,"per1000":null,"stages":{},"genera":{},"pending":true},{"m":"2026-06","release":"PROVISIONAL","drags":12,"area_m2":1860,"count":null,"per1000":null,"stages":{},"genera":{},"pending":true},{"m":"2026-05","release":"PROVISIONAL","drags":6,"area_m2":924,"count":null,"per1000":null,"stages":{},"genera":{},"pending":true},{"m":"2026-04","release":"PROVISIONAL","drags":12,"area_m2":1849,"count":null,"per1000":null,"stages":{},"genera":{},"pending":true},{"m":"2025-09","release":"PROVISIONAL","drags":6,"area_m2":933,"count":14,"per1000":15.01,"stages":{"adult":10,"nymph":4},"genera":{"Ixodes":13,"Haemaphysalis":1},"pending":false}],"mosquitoes":[{"m":"2026-08","release":"PROVISIONAL","traps":20,"trap_hours":233.9,"count":9,"per_trapnight":0.92,"genera":{"Culiseta":6,"Aedes":3},"pending":false},{"m":"2026-07","release":"PROVISIONAL","traps":20,"trap_hours":234.1,"count":3,"per_trapnight":0.31,"genera":{"Culex":1,"Aedes":1,"Culiseta":1},"pending":false},{"m":"2026-06","release":"PROVISIONAL","traps":20,"trap_hours":240.0,"count":15,"per_trapnight":1.5,"genera":{"Aedes":13,"Culiseta":2},"pending":false},{"m":"2026-05","release":"PROVISIONAL","traps":20,"trap_hours":237.0,"count":12,"per_trapnight":1.22,"genera":{"Aedes":9,"Culiseta":3},"pending":false},{"m":"2026-04","release":"PROVISIONAL","traps":20,"trap_hours":240.1,"count":7,"per_trapnight":0.7,"genera":{"Culiseta":7},"pending":false},{"m":"2026-03","release":"PROVISIONAL","traps":17,"trap_hours":185.0,"count":0,"per_trapnight":0.0,"genera":{},"pending":false},{"m":"2025-11","release":"PROVISIONAL","traps":19,"trap_hours":239.6,"count":0,"per_trapnight":0.0,"genera":{},"pending":false},{"m":"2025-10","release":"PROVISIONAL","traps":20,"trap_hours":239.4,"count":1,"per_trapnight":0.1,"genera":{"Culiseta":1},"pending":false}]}},{"type":"Feature","geometry":{"type":"Point","coordinates":[-156.61936,71.28241]},"properties":{"site":"BARR","name":"Utqia\u0121vik NEON","site_type":"GRADIENT","stages":{},"genera":{"ticks":{},"mosquitoes":{}},"ticks":[{"m":"2026-08","release":"PROVISIONAL","drags":6,"area_m2":854,"count":null,"per1000":null,"stages":{},"genera":{},"pending":true},{"m":"2026-07","release":"PROVISIONAL","drags":6,"area_m2":900,"count":null,"per1000":null,"stages":{},"genera":{},"pending":true}],"mosquitoes":[{"m":"2026-08","release":"PROVISIONAL","traps":19,"trap_hours":230.5,"count":null,"per_trapnight":null,"genera":{},"pending":true},{"m":"2026-07","release":"PROVISIONAL","traps":28,"trap_hours":329.8,"count":null,"per_trapnight":null,"genera":{},"pending":true}]}},{"type":"Feature","geometry":{"type":"Point","coordinates":[-71.28737,44.06389]},"properties":{"site":"BART","name":"Bartlett Experimental Forest NEON","site_type":"GRADIENT","stages":{"larva":7,"adult":1,"nymph":1},"genera":{"ticks":{"unidentified":7,"Dermacentor":1,"Ixodes":1},"mosquitoes":{"Aedes":2408,"Coquillettidia":97,"Anopheles":8,"Culex":4,"Psorophora":3}},"ticks":[{"m":"2026-08","release":"PROVISIONAL","drags":5,"area_m2":755,"count":null,"per1000":null,"stages":{},"genera":{},"pending":true},{"m":"2026-07","release":"PROVISIONAL","drags":5,"area_m2":751,"count":null,"per1000":null,"stages":{},"genera":{},"pending":true},{"m":"2026-06","release":"PROVISIONAL","drags":11,"area_m2":1699,"count":null,"per1000":null,"stages":{},"genera":{},"pending":true},{"m":"2026-05","release":"PROVISIONAL","drags":6,"area_m2":866,"count":1,"per1000":1.15,"stages":{"adult":1},"genera":{"Dermacentor":1},"pending":false},{"m":"2026-04","release":"PROVISIONAL","drags":6,"area_m2":922,"count":null,"per1000":null,"stages":{},"genera":{},"pending":true},{"m":"2025-09","release":"PROVISIONAL","drags":12,"area_m2":1787,"count":8,"per1000":4.48,"stages":{"larva":7,"nymph":1},"genera":{"unidentified":7,"Ixodes":1},"pending":false}],"mosquitoes":[{"m":"2026-08","release":"PROVISIONAL","traps":20,"trap_hours":237.6,"count":101,"per_trapnight":10.2,"genera":{"Aedes":92,"Anopheles":6,"Coquillettidia":3},"pending":false},{"m":"2026-07","release":"PROVISIONAL","traps":40,"trap_hours":472.5,"count":1388,"per_trapnight":70.5,"genera":{"Aedes":1288,"Coquillettidia":94,"Culex":3,"Psorophora":3},"pending":false},{"m":"2026-06","release":"PROVISIONAL","traps":20,"trap_hours":234.0,"count":1030,"per_trapnight":105.67,"genera":{"Aedes":1028,"Anopheles":1,"Culex":1},"pending":false},{"m":"2026-05","release":"PROVISIONAL","traps":12,"trap_hours":144.0,"count":null,"per_trapnight":null,"genera":{},"pending":true},{"m":"2025-10","release":"PROVISIONAL","traps":20,"trap_hours":238.3,"count":1,"per_trapnight":0.1,"genera":{"Anopheles":1},"pending":false}]}},{"type":"Feature","geometry":{"type":"Point","coordinates":[-78.04179,39.0337]},"properties":{"site":"BLAN","name":"Blandy Experimental Farm NEON","site_type":"GRADIENT","stages":{"larva":1878,"nymph":164,"adult":14},"genera":{"ticks":{"unidentified":1878,"Ixodes":78,"Haemaphysalis":67,"Amblyomma":23,"Dermacentor":10},"mosquitoes":{"Aedes":97,"Psorophora":19,"Culex":9,"Anopheles":4}},"ticks":[{"m":"2026-09","release":"PROVISIONAL","drags":3,"area_m2":463,"count":null,"per1000":null,"stages":{},"genera":{},"pending":true},{"m":"2026-08","release":"PROVISIONAL","drags":9,"area_m2":1351,"count":null,"per1000":null,"stages":{},"genera":{},"pending":true},{"m":"2026-07","release":"PROVISIONAL","drags":12,"area_m2":1677,"count":1145,"per1000":682.77,"stages":{"larva":1126,"nymph":14,"adult":5},"genera":{"unidentified":1126,"Ixodes":8,"Dermacentor":5,"Amblyomma":4,"Haemaphysalis":2},"pending":false},{"m":"2026-06","release":"PROVISIONAL","drags":6,"area_m2":924,"count":47,"per1000":50.87,"stages":{"nymph":42,"adult":4,"larva":1},"genera":{"Ixodes":17,"Haemaphysalis":15,"Amblyomma":10,"Dermacentor":4,"unidentified":1},"pending":false},{"m":"2026-05","release":"PROVISIONAL","drags":6,"area_m2":942,"count":132,"per1000":140.13,"stages":{"larva":73,"nymph":57,"adult":2},"genera":{"unidentified":73,"Ixodes":35,"Haemaphysalis":18,"Amblyomma":6},"pending":false},{"m":"2026-04","release":"PROVISIONAL","drags":12,"area_m2":1866,"count":142,"per1000":76.1,"stages":{"larva":102,"nymph":37,"adult":3},"genera":{"unidentified":102,"Haemaphysalis":24,"Ixodes":13,"Amblyomma":2,"Dermacentor":1},"pending":false},{"m":"2026-03","release":"PROVISIONAL","drags":6,"area_m2":924,"count":1,"per1000":1.08,"stages":{"nymph":1},"genera":{"Haemaphysalis":1},"pending":false},{"m":"2025-09","release":"PROVISIONAL","drags":6,"area_m2":927,"count":589,"per1000":635.38,"stages":{"larva":576,"nymph":13},"genera":{"unidentified":576,"Haemaphysalis":7,"Ixodes":5,"Amblyomma":1},"pending":false}],"mosquitoes":[{"m":"2026-09","release":"PROVISIONAL","traps":20,"trap_hours":241.1,"count":null,"per_trapnight":null,"genera":{},"pending":true},{"m":"2026-08","release":"PROVISIONAL","traps":20,"trap_hours":237.4,"count":32,"per_trapnight":3.24,"genera":{"Psorophora":15,"Aedes":12,"Culex":4,"Anopheles":1},"pending":false},{"m":"2026-07","release":"PROVISIONAL","traps":20,"trap_hours":236.8,"count":23,"per_trapnight":2.33,"genera":{"Aedes":22,"Psorophora":1},"pending":false},{"m":"2026-06","release":"PROVISIONAL","traps":20,"trap_hours":239.2,"count":61,"per_trapnight":6.12,"genera":{"Aedes":56,"Culex":2,"Psorophora":2,"Anopheles":1},"pending":false},{"m":"2026-05","release":"PROVISIONAL","traps":20,"trap_hours":239.9,"count":1,"per_trapnight":0.1,"genera":{"Anopheles":1},"pending":false},{"m":"2026-04","release":"PROVISIONAL","traps":20,"trap_hours":238.4,"count":4,"per_trapnight":0.4,"genera":{"Culex":3,"Aedes":1},"pending":false},{"m":"2026-03","release":"PROVISIONAL","traps":20,"trap_hours":238.3,"count":null,"per_trapnight":null,"genera":{},"pending":true},{"m":"2025-11","release":"PROVISIONAL","traps":6,"trap_hours":71.1,"count":null,"per_trapnight":null,"genera":{},"pending":true},{"m":"2025-10","release":"PROVISIONAL","traps":26,"trap_hours":314.2,"count":8,"per_trapnight":0.61,"genera":{"Aedes":6,"Psorophora":1,"Anopheles":1},"pending":false}]}},{"type":"Feature","geometry":{"type":"Point","coordinates":[-147.50258,65.15401]},"properties":{"site":"BONA","name":"Caribou-Poker Creeks Research Watershed NEON","site_type":"CORE","stages":{},"genera":{"ticks":{},"mosquitoes":{"Aedes":111339,"Culiseta":15326,"Anopheles":9,"Culex":1}},"ticks":[{"m":"2026-07","release":"PROVISIONAL","drags":6,"area_m2":960,"count":null,"per1000":null,"stages":{},"genera":{},"pending":true},{"m":"2026-06","release":"PROVISIONAL","drags":6,"area_m2":960,"count":null,"per1000":null,"stages":{},"genera":{},"pending":true},{"m":"2026-05","release":"PROVISIONAL","drags":3,"area_m2":480,"count":null,"per1000":null,"stages":{},"genera":{},"pending":true},{"m":"2025-09","release":"PROVISIONAL","drags":6,"area_m2":960,"count":null,"per1000":null,"stages":{},"genera":{},"pending":true}],"mosquitoes":[{"m":"2026-08","release":"PROVISIONAL","traps":40,"trap_hours":476.7,"count":null,"per_trapnight":null,"genera":{},"pending":true},{"m":"2026-07","release":"PROVISIONAL","traps":59,"trap_hours":706.3,"count":27071,"per_trapnight":919.88,"genera":{"Aedes":26363,"Culiseta":708},"pending":false},{"m":"2026-06","release":"PROVISIONAL","traps":40,"trap_hours":484.1,"count":92841,"per_trapnight":4602.76,"genera":{"Aedes":84976,"Culiseta":7857,"Anopheles":7,"Culex":1},"pending":false},{"m":"2026-05","release":"PROVISIONAL","traps":22,"trap_hours":268.5,"count":6761,"per_trapnight":604.33,"genera":{"Culiseta":6759,"Anopheles":2},"pending":false},{"m":"2026-04","release":"PROVISIONAL","traps":5,"trap_hours":79.0,"count":2,"per_trapnight":0.61,"genera":{"Culiseta":2},"pending":false},{"m":"2025-10","release":"PROVISIONAL","traps":20,"trap_hours":241.0,"count":null,"per_trapnight":null,"genera":{},"pending":true}]}},{"type":"Feature","geometry":{"type":"Point","coordinates":[-97.57,33.40123]},"properties":{"site":"CLBJ","name":"Lyndon B. Johnson National Grassland NEON","site_type":"CORE","stages":{"nymph":5,"adult":1},"genera":{"ticks":{"Amblyomma":5,"Dermacentor":1},"mosquitoes":{"Psorophora":1245,"Aedes":335,"Culex":324,"Culiseta":248,"Anopheles":69,"Coquillettidia":2,"Uranotaenia":2}},"ticks":[{"m":"2026-08","release":"PROVISIONAL","drags":12,"area_m2":1753,"count":null,"per1000":null,"stages":{},"genera":{},"pending":true},{"m":"2026-07","release":"PROVISIONAL","drags":6,"area_m2":917,"count":null,"per1000":null,"stages":{},"genera":{},"pending":true},{"m":"2026-06","release":"PROVISIONAL","drags":12,"area_m2":1790,"count":3,"per1000":1.68,"stages":{"nymph":2,"adult":1},"genera":{"Amblyomma":2,"Dermacentor":1},"pending":false},{"m":"2026-05","release":"PROVISIONAL","drags":6,"area_m2":884,"count":1,"per1000":1.13,"stages":{"nymph":1},"genera":{"Amblyomma":1},"pending":false},{"m":"2026-04","release":"PROVISIONAL","drags":12,"area_m2":1801,"count":1,"per1000":0.56,"stages":{"nymph":1},"genera":{"Amblyomma":1},"pending":false},{"m":"2026-03","release":"PROVISIONAL","drags":6,"area_m2":888,"count":null,"per1000":null,"stages":{},"genera":{},"pending":true},{"m":"2025-09","release":"PROVISIONAL","drags":6,"area_m2":887,"count":1,"per1000":1.13,"stages":{"nymph":1},"genera":{"Amblyomma":1},"pending":false}],"mosquitoes":[{"m":"2026-08","release":"PROVISIONAL","traps":40,"trap_hours":472.6,"count":null,"per_trapnight":null,"genera":{},"pending":true},{"m":"2026-07","release":"PROVISIONAL","traps":40,"trap_hours":475.7,"count":null,"per_trapnight":null,"genera":{},"pending":true},{"m":"2026-06","release":"PROVISIONAL","traps":60,"trap_hours":720.5,"count":938,"per_trapnight":31.24,"genera":{"Psorophora":632,"Culex":151,"Aedes":147,"Anopheles":8},"pending":false},{"m":"2026-05","release":"PROVISIONAL","traps":40,"trap_hours":466.1,"count":90,"per_trapnight":4.63,"genera":{"Aedes":37,"Psorophora":28,"Culex":22,"Anopheles":2,"Coquillettidia":1},"pending":false},{"m":"2026-04","release":"PROVISIONAL","traps":40,"trap_hours":472.2,"count":108,"per_trapnight":5.49,"genera":{"Aedes":72,"Psorophora":22,"Culex":9,"Anopheles":4,"Coquillettidia":1},"pending":false},{"m":"2026-03","release":"PROVISIONAL","traps":40,"trap_hours":475.9,"count":61,"per_trapnight":3.08,"genera":{"Aedes":35,"Culex":26},"pending":false},{"m":"2026-02","release":"PROVISIONAL","traps":40,"trap_hours":461.2,"count":15,"per_trapnight":0.78,"genera":{"Culiseta":15},"pending":false},{"m":"2026-01","release":"PROVISIONAL","traps":20,"trap_hours":236.6,"count":21,"per_trapnight":2.13,"genera":{"Culiseta":21},"pending":false},{"m":"2025-12","release":"PROVISIONAL","traps":60,"trap_hours":714.9,"count":48,"per_trapnight":1.61,"genera":{"Culiseta":48},"pending":false},{"m":"2025-11","release":"PROVISIONAL","traps":40,"trap_hours":490.0,"count":220,"per_trapnight":10.78,"genera":{"Culiseta":156,"Anopheles":24,"Culex":20,"Aedes":15,"Psorophora":3,"Uranotaenia":2},"pending":false},{"m":"2025-10","release":"PROVISIONAL","traps":40,"trap_hours":473.7,"count":724,"per_trapnight":36.68,"genera":{"Psorophora":560,"Culex":96,"Anopheles":31,"Aedes":29,"Culiseta":8},"pending":false}]}},{"type":"Feature","geometry":{"type":"Point","coordinates":[-104.74559,40.81554]},"properties":{"site":"CPER","name":"Central Plains Experimental Range NEON","site_type":"CORE","stages":{},"genera":{"ticks":{},"mosquitoes":{"Aedes":274,"Psorophora":184,"Culex":5,"Culiseta":1}},"ticks":[{"m":"2026-07","release":"PROVISIONAL","drags":3,"area_m2":480,"count":null,"per1000":null,"stages":{},"genera":{},"pending":true},{"m":"2026-05","release":"PROVISIONAL","drags":6,"area_m2":966,"count":null,"per1000":null,"stages":{},"genera":{},"pending":true},{"m":"2026-03","release":"PROVISIONAL","drags":6,"area_m2":967,"count":null,"per1000":null,"stages":{},"genera":{},"pending":true}],"mosquitoes":[{"m":"2026-08","release":"PROVISIONAL","traps":32,"trap_hours":382.4,"count":null,"per_trapnight":null,"genera":{},"pending":true},{"m":"2026-07","release":"PROVISIONAL","traps":57,"trap_hours":681.0,"count":323,"per_trapnight":11.38,"genera":{"Psorophora":182,"Aedes":137,"Culex":4},"pending":false},{"m":"2026-06","release":"PROVISIONAL","traps":35,"trap_hours":436.8,"count":135,"per_trapnight":7.42,"genera":{"Aedes":132,"Psorophora":2,"Culex":1},"pending":false},{"m":"2026-05","release":"PROVISIONAL","traps":8,"trap_hours":188.0,"count":1,"per_trapnight":0.13,"genera":{"Culiseta":1},"pending":false},{"m":"2026-04","release":"PROVISIONAL","traps":14,"trap_hours":242.0,"count":null,"per_trapnight":null,"genera":{},"pending":true},{"m":"2026-03","release":"PROVISIONAL","traps":12,"trap_hours":219.4,"count":null,"per_trapnight":null,"genera":{},"pending":true},{"m":"2026-02","release":"PROVISIONAL","traps":3,"trap_hours":58.5,"count":null,"per_trapnight":null,"genera":{},"pending":true},{"m":"2025-12","release":"PROVISIONAL","traps":3,"trap_hours":60.1,"count":null,"per_trapnight":null,"genera":{},"pending":true},{"m":"2025-11","release":"PROVISIONAL","traps":33,"trap_hours":453.5,"count":null,"per_trapnight":null,"genera":{},"pending":true},{"m":"2025-10","release":"PROVISIONAL","traps":39,"trap_hours":458.2,"count":5,"per_trapnight":0.26,"genera":{"Aedes":5},"pending":false}]}},{"type":"Feature","geometry":{"type":"Point","coordinates":[-99.10656,47.16165]},"properties":{"site":"DCFS","name":"Dakota Coteau Field Site NEON","site_type":"GRADIENT","stages":{"adult":79},"genera":{"ticks":{"Dermacentor":79},"mosquitoes":{}},"ticks":[{"m":"2026-08","release":"PROVISIONAL","drags":6,"area_m2":960,"count":null,"per1000":null,"stages":{},"genera":{},"pending":true},{"m":"2026-07","release":"PROVISIONAL","drags":11,"area_m2":1769,"count":21,"per1000":11.87,"stages":{"adult":21},"genera":{"Dermacentor":21},"pending":false},{"m":"2026-06","release":"PROVISIONAL","drags":6,"area_m2":960,"count":14,"per1000":14.58,"stages":{"adult":14},"genera":{"Dermacentor":14},"pending":false},{"m":"2026-05","release":"PROVISIONAL","drags":12,"area_m2":1930,"count":44,"per1000":22.8,"stages":{"adult":44},"genera":{"Dermacentor":44},"pending":false}],"mosquitoes":[{"m":"2026-09","release":"PROVISIONAL","traps":20,"trap_hours":235.6,"count":null,"per_trapnight":null,"genera":{},"pending":true},{"m":"2026-08","release":"PROVISIONAL","traps":20,"trap_hours":234.6,"count":null,"per_trapnight":null,"genera":{},"pending":true},{"m":"2026-07","release":"PROVISIONAL","traps":19,"trap_hours":220.7,"count":null,"per_trapnight":null,"genera":{},"pending":true},{"m":"2025-10","release":"PROVISIONAL","traps":20,"trap_hours":235.1,"count":null,"per_trapnight":null,"genera":{},"pending":true}]}},{"type":"Feature","geometry":{"type":"Point","coordinates":[-145.75136,63.88112]},"properties":{"site":"DEJU","name":"Delta Junction NEON","site_type":"GRADIENT","stages":{},"genera":{"ticks":{},"mosquitoes":{"Aedes":2518,"Culiseta":314}},"ticks":[{"m":"2026-08","release":"PROVISIONAL","drags":1,"area_m2":160,"count":null,"per1000":null,"stages":{},"genera":{},"pending":true},{"m":"2026-07","release":"PROVISIONAL","drags":5,"area_m2":800,"count":null,"per1000":null,"stages":{},"genera":{},"pending":true},{"m":"2026-06","release":"PROVISIONAL","drags":6,"area_m2":960,"count":null,"per1000":null,"stages":{},"genera":{},"pending":true},{"m":"2026-05","release":"PROVISIONAL","drags":5,"area_m2":801,"count":null,"per1000":null,"stages":{},"genera":{},"pending":true},{"m":"2025-09","release":"PROVISIONAL","drags":6,"area_m2":960,"count":null,"per1000":null,"stages":{},"genera":{},"pending":true}],"mosquitoes":[{"m":"2026-08","release":"PROVISIONAL","traps":18,"trap_hours":214.9,"count":null,"per_trapnight":null,"genera":{},"pending":true},{"m":"2026-07","release":"PROVISIONAL","traps":18,"trap_hours":212.4,"count":null,"per_trapnight":null,"genera":{},"pending":true},{"m":"2026-06","release":"PROVISIONAL","traps":18,"trap_hours":212.6,"count":2832,"per_trapnight":319.73,"genera":{"Aedes":2518,"Culiseta":314},"pending":false},{"m":"2026-05","release":"PROVISIONAL","traps":9,"trap_hours":70.2,"count":0,"per_trapnight":0.0,"genera":{},"pending":false}]}},{"type":"Feature","geometry":{"type":"Point","coordinates":[-87.80388,32.54173]},"properties":{"site":"DELA","name":"Dead Lake NEON","site_type":"GRADIENT","stages":{"nymph":4,"larva":4},"genera":{"ticks":{"Amblyomma":4,"unidentified":4},"mosquitoes":{"Aedes":976,"Culex":95,"Anopheles":20,"Culiseta":6,"Mansonia":1}},"ticks":[{"m":"2025-09","release":"PROVISIONAL","drags":6,"area_m2":948,"count":8,"per1000":8.44,"stages":{"nymph":4,"larva":4},"genera":{"Amblyomma":4,"unidentified":4},"pending":false}],"mosquitoes":[{"m":"2025-12","release":"PROVISIONAL","traps":12,"trap_hours":140.8,"count":172,"per_trapnight":29.32,"genera":{"Aedes":135,"Culex":18,"Anopheles":17,"Culiseta":2},"pending":false},{"m":"2025-11","release":"PROVISIONAL","traps":10,"trap_hours":113.8,"count":833,"per_trapnight":175.7,"genera":{"Aedes":752,"Culex":73,"Culiseta":4,"Anopheles":2,"Mansonia":1},"pending":false},{"m":"2025-10","release":"PROVISIONAL","traps":6,"trap_hours":71.8,"count":94,"per_trapnight":31.42,"genera":{"Aedes":89,"Culex":4,"Anopheles":1},"pending":false}]}},{"type":"Feature","geometry":{"type":"Point","coordinates":[-81.43619,28.12505]},"properties":{"site":"DSNY","name":"Disney Wilderness Preserve NEON","site_type":"GRADIENT","stages":{"adult":1},"genera":{"ticks":{"Dermacentor":1},"mosquitoes":{"Culex":10319,"Anopheles":7887,"Coquillettidia":7867,"Mansonia":1210,"Culiseta":985,"Psorophora":648,"Aedes":624}},"ticks":[{"m":"2026-08","release":"PROVISIONAL","drags":7,"area_m2":1095,"count":null,"per1000":null,"stages":{},"genera":{},"pending":true},{"m":"2026-07","release":"PROVISIONAL","drags":6,"area_m2":898,"count":null,"per1000":null,"stages":{},"genera":{},"pending":true},{"m":"2026-06","release":"PROVISIONAL","drags":12,"area_m2":1905,"count":null,"per1000":null,"stages":{},"genera":{},"pending":true},{"m":"2026-05","release":"PROVISIONAL","drags":6,"area_m2":933,"count":null,"per1000":null,"stages":{},"genera":{},"pending":true},{"m":"2026-04","release":"PROVISIONAL","drags":6,"area_m2":972,"count":null,"per1000":null,"stages":{},"genera":{},"pending":true},{"m":"2026-03","release":"PROVISIONAL","drags":12,"area_m2":1932,"count":1,"per1000":0.52,"stages":{"adult":1},"genera":{"Dermacentor":1},"pending":false}],"mosquitoes":[{"m":"2026-09","release":"PROVISIONAL","traps":20,"trap_hours":240.4,"count":null,"per_trapnight":null,"genera":{},"pending":true},{"m":"2026-08","release":"PROVISIONAL","traps":20,"trap_hours":233.7,"count":null,"per_trapnight":null,"genera":{},"pending":true},{"m":"2026-07","release":"PROVISIONAL","traps":20,"trap_hours":226.9,"count":1294,"per_trapnight":136.82,"genera":{"Culex":789,"Aedes":203,"Psorophora":143,"Coquillettidia":109,"Mansonia":26,"Anopheles":15,"Culiseta":9},"pending":false},{"m":"2026-06","release":"PROVISIONAL","traps":20,"trap_hours":232.8,"count":3423,"per_trapnight":352.92,"genera":{"Coquillettidia":2194,"Anopheles":390,"Culex":354,"Psorophora":302,"Aedes":85,"Mansonia":52,"Culiseta":47},"pending":false},{"m":"2026-05","release":"PROVISIONAL","traps":20,"trap_hours":235.8,"count":4070,"per_trapnight":414.22,"genera":{"Coquillettidia":1886,"Culex":1268,"Anopheles":439,"Culiseta":364,"Aedes":80,"Mansonia":33},"pending":false},{"m":"2026-04","release":"PROVISIONAL","traps":20,"trap_hours":235.9,"count":8327,"per_trapnight":847.21,"genera":{"Culex":3054,"Coquillettidia":3024,"Anopheles":1633,"Culiseta":443,"Psorophora":100,"Mansonia":44,"Aedes":28},"pending":false},{"m":"2026-03","release":"PROVISIONAL","traps":19,"trap_hours":215.1,"count":2202,"per_trapnight":245.67,"genera":{"Culex":1403,"Anopheles":616,"Aedes":77,"Coquillettidia":74,"Psorophora":24,"Mansonia":4,"Culiseta":4},"pending":false},{"m":"2026-02","release":"PROVISIONAL","traps":20,"trap_hours":239.1,"count":697,"per_trapnight":70.01,"genera":{"Anopheles":623,"Culex":49,"Culiseta":26},"pending":false},{"m":"2026-01","release":"PROVISIONAL","traps":20,"trap_hours":230.6,"count":7,"per_trapnight":0.73,"genera":{"Anopheles":7},"pending":false},{"m":"2025-12","release":"PROVISIONAL","traps":20,"trap_hours":240.1,"count":1386,"per_trapnight":138.53,"genera":{"Anopheles":838,"Culex":365,"Mansonia":153,"Culiseta":29,"Coquillettidia":1},"pending":false},{"m":"2025-11","release":"PROVISIONAL","traps":20,"trap_hours":240.8,"count":3196,"per_trapnight":318.53,"genera":{"Anopheles":2232,"Mansonia":382,"Culex":362,"Coquillettidia":159,"Culiseta":51,"Aedes":10},"pending":false},{"m":"2025-10","release":"PROVISIONAL","traps":20,"trap_hours":235.5,"count":4937,"per_trapnight":503.12,"genera":{"Culex":2675,"Anopheles":1094,"Mansonia":516,"Coquillettidia":420,"Aedes":141,"Psorophora":79,"Culiseta":12},"pending":false}]}},{"type":"Feature","geometry":{"type":"Point","coordinates":[-83.50195,35.68896]},"properties":{"site":"GRSM","name":"Great Smoky Mountains National Park NEON","site_type":"GRADIENT","stages":{"adult":11,"nymph":1,"larva":1},"genera":{"ticks":{"Dermacentor":11,"Haemaphysalis":1,"unidentified":1},"mosquitoes":{"Aedes":34,"Culex":10,"Anopheles":5}},"ticks":[{"m":"2026-08","release":"PROVISIONAL","drags":6,"area_m2":809,"count":2,"per1000":2.47,"stages":{"adult":2},"genera":{"Dermacentor":2},"pending":false},{"m":"2026-06","release":"PROVISIONAL","drags":6,"area_m2":961,"count":6,"per1000":6.24,"stages":{"adult":6},"genera":{"Dermacentor":6},"pending":false},{"m":"2026-05","release":"PROVISIONAL","drags":6,"area_m2":961,"count":2,"per1000":2.08,"stages":{"adult":2},"genera":{"Dermacentor":2},"pending":false},{"m":"2026-04","release":"PROVISIONAL","drags":5,"area_m2":801,"count":3,"per1000":3.75,"stages":{"nymph":1,"adult":1,"larva":1},"genera":{"Haemaphysalis":1,"Dermacentor":1,"unidentified":1},"pending":false},{"m":"2025-09","release":"PROVISIONAL","drags":6,"area_m2":957,"count":null,"per1000":null,"stages":{},"genera":{},"pending":true}],"mosquitoes":[{"m":"2026-08","release":"PROVISIONAL","traps":20,"trap_hours":233.6,"count":21,"per_trapnight":2.16,"genera":{"Aedes":19,"Culex":2},"pending":false},{"m":"2026-07","release":"PROVISIONAL","traps":20,"trap_hours":233.3,"count":10,"per_trapnight":1.03,"genera":{"Aedes":9,"Culex":1},"pending":false},{"m":"2026-06","release":"PROVISIONAL","traps":20,"trap_hours":229.4,"count":4,"per_trapnight":0.42,"genera":{"Aedes":2,"Anopheles":2},"pending":false},{"m":"2026-05","release":"PROVISIONAL","traps":20,"trap_hours":235.6,"count":1,"per_trapnight":0.1,"genera":{"Aedes":1},"pending":false},{"m":"2026-04","release":"PROVISIONAL","traps":20,"trap_hours":234.3,"count":3,"per_trapnight":0.31,"genera":{"Anopheles":2,"Aedes":1},"pending":false},{"m":"2026-03","release":"PROVISIONAL","traps":20,"trap_hours":226.7,"count":10,"per_trapnight":1.06,"genera":{"Culex":7,"Aedes":2,"Anopheles":1},"pending":false},{"m":"2025-11","release":"PROVISIONAL","traps":16,"trap_hours":179.2,"count":null,"per_trapnight":null,"genera":{},"pending":true}]}},{"type":"Feature","geometry":{"type":"Point","coordinates":[-66.8687,17.96955]},"properties":{"site":"GUAN","name":"Gu\u00e1nica Forest NEON","site_type":"CORE","stages":{},"genera":{"ticks":{},"mosquitoes":{"Aedes":6002,"Culex":3753,"Wyeomyia":486,"Psorophora":91,"Mansonia":5,"Anopheles":3}},"ticks":[{"m":"2026-08","release":"PROVISIONAL","drags":6,"area_m2":869,"count":null,"per1000":null,"stages":{},"genera":{},"pending":true},{"m":"2026-07","release":"PROVISIONAL","drags":6,"area_m2":869,"count":null,"per1000":null,"stages":{},"genera":{},"pending":true},{"m":"2026-05","release":"PROVISIONAL","drags":5,"area_m2":747,"count":null,"per1000":null,"stages":{},"genera":{},"pending":true},{"m":"2026-04","release":"PROVISIONAL","drags":4,"area_m2":596,"count":null,"per1000":null,"stages":{},"genera":{},"pending":true},{"m":"2026-02","release":"PROVISIONAL","drags":4,"area_m2":594,"count":null,"per1000":null,"stages":{},"genera":{},"pending":true},{"m":"2025-10","release":"PROVISIONAL","drags":2,"area_m2":320,"count":null,"per1000":null,"stages":{},"genera":{},"pending":true},{"m":"2025-09","release":"PROVISIONAL","drags":2,"area_m2":320,"count":null,"per1000":null,"stages":{},"genera":{},"pending":true}],"mosquitoes":[{"m":"2026-09","release":"PROVISIONAL","traps":19,"trap_hours":231.7,"count":null,"per_trapnight":null,"genera":{},"pending":true},{"m":"2026-08","release":"PROVISIONAL","traps":40,"trap_hours":468.9,"count":null,"per_trapnight":null,"genera":{},"pending":true},{"m":"2026-07","release":"PROVISIONAL","traps":38,"trap_hours":451.3,"count":244,"per_trapnight":12.98,"genera":{"Aedes":243,"Culex":1},"pending":false},{"m":"2026-06","release":"PROVISIONAL","traps":39,"trap_hours":469.1,"count":51,"per_trapnight":2.61,"genera":{"Wyeomyia":22,"Aedes":18,"Culex":11},"pending":false},{"m":"2026-05","release":"PROVISIONAL","traps":26,"trap_hours":303.3,"count":184,"per_trapnight":14.56,"genera":{"Aedes":150,"Culex":32,"Wyeomyia":2},"pending":false},{"m":"2026-04","release":"PROVISIONAL","traps":59,"trap_hours":706.7,"count":3726,"per_trapnight":126.53,"genera":{"Aedes":2758,"Culex":938,"Wyeomyia":22,"Psorophora":4,"Anopheles":3},"pending":false},{"m":"2026-03","release":"PROVISIONAL","traps":36,"trap_hours":425.8,"count":795,"per_trapnight":44.81,"genera":{"Culex":437,"Aedes":314,"Wyeomyia":44},"pending":false},{"m":"2026-02","release":"PROVISIONAL","traps":36,"trap_hours":429.4,"count":1514,"per_trapnight":84.6,"genera":{"Aedes":892,"Culex":567,"Wyeomyia":53,"Psorophora":2},"pending":false},{"m":"2026-01","release":"PROVISIONAL","traps":36,"trap_hours":426.7,"count":776,"per_trapnight":43.65,"genera":{"Culex":583,"Wyeomyia":130,"Aedes":62,"Mansonia":1},"pending":false},{"m":"2025-12","release":"PROVISIONAL","traps":40,"trap_hours":478.7,"count":1101,"per_trapnight":55.2,"genera":{"Culex":784,"Wyeomyia":192,"Aedes":125},"pending":false},{"m":"2025-11","release":"PROVISIONAL","traps":20,"trap_hours":237.4,"count":1166,"per_trapnight":117.9,"genera":{"Aedes":954,"Culex":208,"Mansonia":3,"Wyeomyia":1},"pending":false},{"m":"2025-10","release":"PROVISIONAL","traps":39,"trap_hours":468.8,"count":784,"per_trapnight":40.14,"genera":{"Aedes":486,"Culex":192,"Psorophora":85,"Wyeomyia":20,"Mansonia":1},"pending":false}]}},{"type":"Feature","geometry":{"type":"Point","coordinates":[-72.17265,42.53691]},"properties":{"site":"HARV","name":"Harvard Forest & Quabbin Watershed NEON","site_type":"CORE","stages":{"larva":105,"adult":21,"nymph":15},"genera":{"ticks":{"unidentified":105,"Ixodes":29,"Dermacentor":7},"mosquitoes":{"Coquillettidia":4887,"Aedes":2108,"Anopheles":191,"Psorophora":109,"Culiseta":29,"Culex":29}},"ticks":[{"m":"2026-08","release":"PROVISIONAL","drags":12,"area_m2":1723,"count":null,"per1000":null,"stages":{},"genera":{},"pending":true},{"m":"2026-07","release":"PROVISIONAL","drags":6,"area_m2":901,"count":null,"per1000":null,"stages":{},"genera":{},"pending":true},{"m":"2026-06","release":"PROVISIONAL","drags":11,"area_m2":1718,"count":null,"per1000":null,"stages":{},"genera":{},"pending":true},{"m":"2026-05","release":"PROVISIONAL","drags":4,"area_m2":633,"count":13,"per1000":20.54,"stages":{"adult":9,"nymph":4},"genera":{"Ixodes":8,"Dermacentor":5},"pending":false},{"m":"2026-04","release":"PROVISIONAL","drags":6,"area_m2":934,"count":12,"per1000":12.85,"stages":{"adult":12},"genera":{"Ixodes":10,"Dermacentor":2},"pending":false},{"m":"2025-09","release":"PROVISIONAL","drags":6,"area_m2":965,"count":116,"per1000":120.21,"stages":{"larva":105,"nymph":11},"genera":{"unidentified":105,"Ixodes":11},"pending":false}],"mosquitoes":[{"m":"2026-09","release":"PROVISIONAL","traps":20,"trap_hours":233.9,"count":null,"per_trapnight":null,"genera":{},"pending":true},{"m":"2026-08","release":"PROVISIONAL","traps":40,"trap_hours":479.7,"count":2161,"per_trapnight":108.1,"genera":{"Coquillettidia":1506,"Aedes":487,"Psorophora":108,"Anopheles":40,"Culiseta":19},"pending":false},{"m":"2026-07","release":"PROVISIONAL","traps":40,"trap_hours":476.8,"count":3168,"per_trapnight":159.48,"genera":{"Coquillettidia":2854,"Aedes":218,"Anopheles":85,"Culiseta":6,"Culex":3,"Psorophora":1},"pending":false},{"m":"2026-06","release":"PROVISIONAL","traps":18,"trap_hours":215.2,"count":769,"per_trapnight":85.76,"genera":{"Coquillettidia":525,"Aedes":229,"Anopheles":13,"Culiseta":2},"pending":false},{"m":"2026-05","release":"PROVISIONAL","traps":40,"trap_hours":473.0,"count":1232,"per_trapnight":62.51,"genera":{"Aedes":1174,"Anopheles":36,"Culex":21,"Coquillettidia":1},"pending":false},{"m":"2026-04","release":"PROVISIONAL","traps":40,"trap_hours":474.8,"count":11,"per_trapnight":0.56,"genera":{"Anopheles":6,"Culex":5},"pending":false},{"m":"2025-11","release":"PROVISIONAL","traps":20,"trap_hours":239.4,"count":null,"per_trapnight":null,"genera":{},"pending":true},{"m":"2025-10","release":"PROVISIONAL","traps":59,"trap_hours":696.4,"count":14,"per_trapnight":0.48,"genera":{"Anopheles":11,"Culiseta":2,"Coquillettidia":1},"pending":false}]}},{"type":"Feature","geometry":{"type":"Point","coordinates":[-149.21335,63.8758]},"properties":{"site":"HEAL","name":"Healy NEON","site_type":"GRADIENT","stages":{},"genera":{"ticks":{},"mosquitoes":{"Aedes":35440,"Culiseta":1009}},"ticks":[{"m":"2026-08","release":"PROVISIONAL","drags":3,"area_m2":450,"count":null,"per1000":null,"stages":{},"genera":{},"pending":true},{"m":"2026-07","release":"PROVISIONAL","drags":3,"area_m2":480,"count":null,"per1000":null,"stages":{},"genera":{},"pending":true},{"m":"2026-06","release":"PROVISIONAL","drags":5,"area_m2":800,"count":null,"per1000":null,"stages":{},"genera":{},"pending":true},{"m":"2025-09","release":"PROVISIONAL","drags":6,"area_m2":960,"count":null,"per1000":null,"stages":{},"genera":{},"pending":true}],"mosquitoes":[{"m":"2026-09","release":"PROVISIONAL","traps":20,"trap_hours":231.2,"count":null,"per_trapnight":null,"genera":{},"pending":true},{"m":"2026-08","release":"PROVISIONAL","traps":18,"trap_hours":214.2,"count":null,"per_trapnight":null,"genera":{},"pending":true},{"m":"2026-07","release":"PROVISIONAL","traps":20,"trap_hours":236.3,"count":4285,"per_trapnight":435.24,"genera":{"Aedes":4235,"Culiseta":50},"pending":false},{"m":"2026-06","release":"PROVISIONAL","traps":20,"trap_hours":237.4,"count":32101,"per_trapnight":3245.21,"genera":{"Aedes":31205,"Culiseta":896},"pending":false},{"m":"2026-05","release":"PROVISIONAL","traps":18,"trap_hours":211.7,"count":63,"per_trapnight":7.14,"genera":{"Culiseta":63},"pending":false}]}},{"type":"Feature","geometry":{"type":"Point","coordinates":[-84.46862,31.19484]},"properties":{"site":"JERC","name":"The Jones Center At Ichauway NEON","site_type":"GRADIENT","stages":{},"genera":{"ticks":{},"mosquitoes":{"Psorophora":1868,"Culex":1103,"Aedes":815,"Anopheles":113,"Coquillettidia":3,"Culiseta":1}},"ticks":[{"m":"2026-08","release":"PROVISIONAL","drags":6,"area_m2":938,"count":null,"per1000":null,"stages":{},"genera":{},"pending":true},{"m":"2026-07","release":"PROVISIONAL","drags":4,"area_m2":596,"count":null,"per1000":null,"stages":{},"genera":{},"pending":true},{"m":"2026-05","release":"PROVISIONAL","drags":6,"area_m2":934,"count":null,"per1000":null,"stages":{},"genera":{},"pending":true},{"m":"2026-04","release":"PROVISIONAL","drags":6,"area_m2":952,"count":null,"per1000":null,"stages":{},"genera":{},"pending":true}],"mosquitoes":[{"m":"2026-08","release":"PROVISIONAL","traps":19,"trap_hours":230.6,"count":null,"per_trapnight":null,"genera":{},"pending":true},{"m":"2026-07","release":"PROVISIONAL","traps":20,"trap_hours":237.0,"count":null,"per_trapnight":null,"genera":{},"pending":true},{"m":"2026-06","release":"PROVISIONAL","traps":20,"trap_hours":237.5,"count":3297,"per_trapnight":333.13,"genera":{"Psorophora":1826,"Culex":1008,"Aedes":436,"Anopheles":27},"pending":false},{"m":"2026-05","release":"PROVISIONAL","traps":20,"trap_hours":239.1,"count":170,"per_trapnight":17.06,"genera":{"Aedes":113,"Culex":34,"Psorophora":22,"Coquillettidia":1},"pending":false},{"m":"2026-04","release":"PROVISIONAL","traps":40,"trap_hours":470.5,"count":323,"per_trapnight":16.48,"genera":{"Aedes":219,"Anopheles":64,"Psorophora":20,"Culex":18,"Coquillettidia":2},"pending":false},{"m":"2026-03","release":"PROVISIONAL","traps":20,"trap_hours":229.4,"count":28,"per_trapnight":2.93,"genera":{"Culex":14,"Aedes":13,"Anopheles":1},"pending":false},{"m":"2026-02","release":"PROVISIONAL","traps":10,"trap_hours":65.9,"count":null,"per_trapnight":null,"genera":{},"pending":true},{"m":"2026-01","release":"PROVISIONAL","traps":20,"trap_hours":239.9,"count":21,"per_trapnight":2.1,"genera":{"Culex":8,"Aedes":7,"Anopheles":6},"pending":false},{"m":"2025-12","release":"PROVISIONAL","traps":20,"trap_hours":236.9,"count":1,"per_trapnight":0.1,"genera":{"Anopheles":1},"pending":false},{"m":"2025-11","release":"PROVISIONAL","traps":20,"trap_hours":236.0,"count":1,"per_trapnight":0.1,"genera":{"Culiseta":1},"pending":false},{"m":"2025-10","release":"PROVISIONAL","traps":20,"trap_hours":232.2,"count":62,"per_trapnight":6.41,"genera":{"Aedes":27,"Culex":21,"Anopheles":14},"pending":false}]}},{"type":"Feature","geometry":{"type":"Point","coordinates":[-106.84254,32.59069]},"properties":{"site":"JORN","name":"Jornada Experimental Range NEON","site_type":"GRADIENT","stages":{},"genera":{"ticks":{},"mosquitoes":{"Aedes":670,"Psorophora":207,"Anopheles":10,"Culex":7,"Culiseta":6}},"ticks":[{"m":"2026-07","release":"PROVISIONAL","drags":6,"area_m2":762,"count":null,"per1000":null,"stages":{},"genera":{},"pending":true},{"m":"2026-06","release":"PROVISIONAL","drags":6,"area_m2":750,"count":null,"per1000":null,"stages":{},"genera":{},"pending":true},{"m":"2026-05","release":"PROVISIONAL","drags":2,"area_m2":261,"count":null,"per1000":null,"stages":{},"genera":{},"pending":true},{"m":"2026-03","release":"PROVISIONAL","drags":6,"area_m2":743,"count":null,"per1000":null,"stages":{},"genera":{},"pending":true},{"m":"2025-09","release":"PROVISIONAL","drags":6,"area_m2":772,"count":null,"per1000":null,"stages":{},"genera":{},"pending":true}],"mosquitoes":[{"m":"2026-08","release":"PROVISIONAL","traps":20,"trap_hours":233.4,"count":null,"per_trapnight":null,"genera":{},"pending":true},{"m":"2026-07","release":"PROVISIONAL","traps":20,"trap_hours":237.7,"count":693,"per_trapnight":69.97,"genera":{"Aedes":609,"Psorophora":84},"pending":false},{"m":"2026-06","release":"PROVISIONAL","traps":38,"trap_hours":428.2,"count":37,"per_trapnight":2.07,"genera":{"Aedes":21,"Psorophora":13,"Culex":2,"Anopheles":1},"pending":false},{"m":"2026-04","release":"PROVISIONAL","traps":20,"trap_hours":227.6,"count":null,"per_trapnight":null,"genera":{},"pending":true},{"m":"2026-03","release":"PROVISIONAL","traps":19,"trap_hours":209.1,"count":0,"per_trapnight":0.0,"genera":{},"pending":false},{"m":"2026-01","release":"PROVISIONAL","traps":12,"trap_hours":140.9,"count":null,"per_trapnight":null,"genera":{},"pending":true},{"m":"2025-12","release":"PROVISIONAL","traps":19,"trap_hours":222.1,"count":null,"per_trapnight":null,"genera":{},"pending":true},{"m":"2025-11","release":"PROVISIONAL","traps":20,"trap_hours":238.0,"count":6,"per_trapnight":0.61,"genera":{"Culiseta":3,"Anopheles":2,"Psorophora":1},"pending":false},{"m":"2025-10","release":"PROVISIONAL","traps":29,"trap_hours":289.9,"count":164,"per_trapnight":13.58,"genera":{"Psorophora":109,"Aedes":40,"Anopheles":7,"Culex":5,"Culiseta":3},"pending":false}]}},{"type":"Feature","geometry":{"type":"Point","coordinates":[-96.61293,39.11045]},"properties":{"site":"KONA","name":"Konza Prairie Agroecosystem NEON","site_type":"GRADIENT","stages":{"nymph":42,"adult":6},"genera":{"ticks":{"Amblyomma":48},"mosquitoes":{"Psorophora":3886,"Culex":286,"Aedes":252,"Anopheles":37,"Culiseta":22}},"ticks":[{"m":"2026-08","release":"PROVISIONAL","drags":12,"area_m2":1826,"count":null,"per1000":null,"stages":{},"genera":{},"pending":true},{"m":"2026-07","release":"PROVISIONAL","drags":6,"area_m2":960,"count":22,"per1000":22.92,"stages":{"nymph":22},"genera":{"Amblyomma":22},"pending":false},{"m":"2026-06","release":"PROVISIONAL","drags":12,"area_m2":1910,"count":26,"per1000":13.61,"stages":{"nymph":20,"adult":6},"genera":{"Amblyomma":26},"pending":false},{"m":"2026-04","release":"PROVISIONAL","drags":10,"area_m2":1365,"count":null,"per1000":null,"stages":{},"genera":{},"pending":true},{"m":"2026-03","release":"PROVISIONAL","drags":1,"area_m2":160,"count":null,"per1000":null,"stages":{},"genera":{},"pending":true},{"m":"2025-09","release":"PROVISIONAL","drags":5,"area_m2":800,"count":null,"per1000":null,"stages":{},"genera":{},"pending":true}],"mosquitoes":[{"m":"2026-08","release":"PROVISIONAL","traps":20,"trap_hours":242.8,"count":null,"per_trapnight":null,"genera":{},"pending":true},{"m":"2026-07","release":"PROVISIONAL","traps":18,"trap_hours":198.9,"count":4083,"per_trapnight":492.67,"genera":{"Psorophora":3798,"Culex":192,"Aedes":56,"Anopheles":37},"pending":false},{"m":"2026-06","release":"PROVISIONAL","traps":10,"trap_hours":127.7,"count":328,"per_trapnight":61.64,"genera":{"Aedes":158,"Psorophora":88,"Culex":82},"pending":false},{"m":"2026-05","release":"PROVISIONAL","traps":20,"trap_hours":231.4,"count":9,"per_trapnight":0.93,"genera":{"Culex":7,"Aedes":2},"pending":false},{"m":"2025-11","release":"PROVISIONAL","traps":20,"trap_hours":226.8,"count":6,"per_trapnight":0.63,"genera":{"Culex":4,"Culiseta":2},"pending":false},{"m":"2025-10","release":"PROVISIONAL","traps":18,"trap_hours":208.0,"count":57,"per_trapnight":6.58,"genera":{"Aedes":36,"Culiseta":20,"Culex":1},"pending":false}]}},{"type":"Feature","geometry":{"type":"Point","coordinates":[-96.56307,39.10077]},"properties":{"site":"KONZ","name":"Konza Prairie Biological Station NEON","site_type":"CORE","stages":{"larva":742,"nymph":225,"adult":68},"genera":{"ticks":{"unidentified":742,"Amblyomma":291,"Dermacentor":2},"mosquitoes":{"Aedes":385,"Psorophora":111,"Culex":95,"Culiseta":11,"Anopheles":7}},"ticks":[{"m":"2026-08","release":"PROVISIONAL","drags":5,"area_m2":730,"count":null,"per1000":null,"stages":{},"genera":{},"pending":true},{"m":"2026-07","release":"PROVISIONAL","drags":3,"area_m2":495,"count":159,"per1000":321.21,"stages":{"larva":133,"nymph":20,"adult":6},"genera":{"unidentified":133,"Amblyomma":24,"Dermacentor":2},"pending":false},{"m":"2026-06","release":"PROVISIONAL","drags":4,"area_m2":650,"count":74,"per1000":113.85,"stages":{"nymph":54,"adult":20},"genera":{"Amblyomma":74},"pending":false},{"m":"2026-05","release":"PROVISIONAL","drags":6,"area_m2":965,"count":156,"per1000":161.66,"stages":{"nymph":121,"adult":35},"genera":{"Amblyomma":156},"pending":false},{"m":"2026-04","release":"PROVISIONAL","drags":6,"area_m2":958,"count":34,"per1000":35.49,"stages":{"nymph":27,"adult":7},"genera":{"Amblyomma":34},"pending":false},{"m":"2025-09","release":"PROVISIONAL","drags":6,"area_m2":969,"count":612,"per1000":631.58,"stages":{"larva":609,"nymph":3},"genera":{"unidentified":609,"Amblyomma":3},"pending":false}],"mosquitoes":[{"m":"2026-08","release":"PROVISIONAL","traps":36,"trap_hours":416.4,"count":null,"per_trapnight":null,"genera":{},"pending":true},{"m":"2026-07","release":"PROVISIONAL","traps":29,"trap_hours":333.5,"count":82,"per_trapnight":5.9,"genera":{"Psorophora":41,"Aedes":25,"Culex":10,"Anopheles":6},"pending":false},{"m":"2026-06","release":"PROVISIONAL","traps":10,"trap_hours":134.4,"count":390,"per_trapnight":69.64,"genera":{"Aedes":306,"Psorophora":50,"Culex":34},"pending":false},{"m":"2026-05","release":"PROVISIONAL","traps":35,"trap_hours":414.6,"count":82,"per_trapnight":4.75,"genera":{"Aedes":36,"Culex":26,"Psorophora":20},"pending":false},{"m":"2026-04","release":"PROVISIONAL","traps":3,"trap_hours":41.1,"count":3,"per_trapnight":1.75,"genera":{"Culiseta":2,"Culex":1},"pending":false},{"m":"2026-02","release":"PROVISIONAL","traps":6,"trap_hours":69.8,"count":null,"per_trapnight":null,"genera":{},"pending":true},{"m":"2025-12","release":"PROVISIONAL","traps":20,"trap_hours":217.4,"count":1,"per_trapnight":0.11,"genera":{"Culiseta":1},"pending":false},{"m":"2025-11","release":"PROVISIONAL","traps":20,"trap_hours":233.4,"count":2,"per_trapnight":0.21,"genera":{"Culex":1,"Culiseta":1},"pending":false},{"m":"2025-10","release":"PROVISIONAL","traps":58,"trap_hours":709.0,"count":49,"per_trapnight":1.66,"genera":{"Culex":23,"Aedes":18,"Culiseta":7,"Anopheles":1},"pending":false}]}},{"type":"Feature","geometry":{"type":"Point","coordinates":[-67.07689,18.02126]},"properties":{"site":"LAJA","name":"Lajas Experimental Station NEON","site_type":"GRADIENT","stages":{},"genera":{"ticks":{},"mosquitoes":{"Culex":3417,"Psorophora":751,"Mansonia":276,"Anopheles":233,"Aedes":170,"Uranotaenia":2,"unidentified":1,"Culiseta":1}},"ticks":[{"m":"2026-08","release":"PROVISIONAL","drags":6,"area_m2":960,"count":null,"per1000":null,"stages":{},"genera":{},"pending":true},{"m":"2026-07","release":"PROVISIONAL","drags":6,"area_m2":960,"count":null,"per1000":null,"stages":{},"genera":{},"pending":true},{"m":"2026-05","release":"PROVISIONAL","drags":5,"area_m2":800,"count":null,"per1000":null,"stages":{},"genera":{},"pending":true},{"m":"2026-04","release":"PROVISIONAL","drags":5,"area_m2":800,"count":null,"per1000":null,"stages":{},"genera":{},"pending":true},{"m":"2026-03","release":"PROVISIONAL","drags":3,"area_m2":480,"count":null,"per1000":null,"stages":{},"genera":{},"pending":true},{"m":"2025-10","release":"PROVISIONAL","drags":1,"area_m2":120,"count":null,"per1000":null,"stages":{},"genera":{},"pending":true},{"m":"2025-09","release":"PROVISIONAL","drags":4,"area_m2":640,"count":null,"per1000":null,"stages":{},"genera":{},"pending":true}],"mosquitoes":[{"m":"2026-08","release":"PROVISIONAL","traps":20,"trap_hours":238.9,"count":null,"per_trapnight":null,"genera":{},"pending":true},{"m":"2026-07","release":"PROVISIONAL","traps":20,"trap_hours":237.1,"count":67,"per_trapnight":6.78,"genera":{"Mansonia":41,"Culex":13,"Psorophora":10,"Anopheles":2,"unidentified":1},"pending":false},{"m":"2026-06","release":"PROVISIONAL","traps":20,"trap_hours":239.9,"count":27,"per_trapnight":2.7,"genera":{"Mansonia":15,"Culex":8,"Psorophora":2,"Aedes":1,"Anopheles":1},"pending":false},{"m":"2026-05","release":"PROVISIONAL","traps":20,"trap_hours":234.0,"count":80,"per_trapnight":8.21,"genera":{"Culex":56,"Mansonia":22,"Aedes":1,"Anopheles":1},"pending":false},{"m":"2026-04","release":"PROVISIONAL","traps":20,"trap_hours":234.8,"count":551,"per_trapnight":56.32,"genera":{"Psorophora":300,"Culex":138,"Aedes":71,"Mansonia":33,"Anopheles":9},"pending":false},{"m":"2026-03","release":"PROVISIONAL","traps":20,"trap_hours":232.3,"count":218,"per_trapnight":22.52,"genera":{"Culex":162,"Mansonia":29,"Anopheles":20,"Aedes":5,"Psorophora":2},"pending":false},{"m":"2026-02","release":"PROVISIONAL","traps":20,"trap_hours":236.1,"count":890,"per_trapnight":90.47,"genera":{"Culex":571,"Psorophora":264,"Anopheles":35,"Mansonia":12,"Aedes":8},"pending":false},{"m":"2026-01","release":"PROVISIONAL","traps":20,"trap_hours":237.8,"count":402,"per_trapnight":40.57,"genera":{"Culex":208,"Anopheles":89,"Psorophora":49,"Mansonia":39,"Aedes":17},"pending":false},{"m":"2025-12","release":"PROVISIONAL","traps":38,"trap_hours":449.8,"count":411,"per_trapnight":21.93,"genera":{"Culex":273,"Anopheles":66,"Mansonia":44,"Psorophora":24,"Uranotaenia":2,"Aedes":1,"Culiseta":1},"pending":false},{"m":"2025-11","release":"PROVISIONAL","traps":20,"trap_hours":230.3,"count":2204,"per_trapnight":229.63,"genera":{"Culex":1988,"Psorophora":100,"Aedes":66,"Mansonia":41,"Anopheles":10},"pending":false}]}},{"type":"Feature","geometry":{"type":"Point","coordinates":[-88.16118,31.85386]},"properties":{"site":"LENO","name":"Lenoir Landing NEON","site_type":"GRADIENT","stages":{"larva":14,"nymph":7,"adult":1},"genera":{"ticks":{"unidentified":14,"Amblyomma":8},"mosquitoes":{"Culex":13116,"Coquillettidia":8386,"Aedes":6179,"Mansonia":4946,"Psorophora":4704,"Anopheles":4258,"Uranotaenia":62,"Culiseta":2}},"ticks":[{"m":"2026-09","release":"PROVISIONAL","drags":6,"area_m2":863,"count":null,"per1000":null,"stages":{},"genera":{},"pending":true},{"m":"2026-08","release":"PROVISIONAL","drags":6,"area_m2":874,"count":2,"per1000":2.29,"stages":{"nymph":2},"genera":{"Amblyomma":2},"pending":false},{"m":"2026-07","release":"PROVISIONAL","drags":6,"area_m2":849,"count":null,"per1000":null,"stages":{},"genera":{},"pending":true},{"m":"2026-06","release":"PROVISIONAL","drags":10,"area_m2":1363,"count":1,"per1000":0.73,"stages":{"nymph":1},"genera":{"Amblyomma":1},"pending":false},{"m":"2026-05","release":"PROVISIONAL","drags":5,"area_m2":771,"count":null,"per1000":null,"stages":{},"genera":{},"pending":true},{"m":"2026-04","release":"PROVISIONAL","drags":11,"area_m2":1646,"count":2,"per1000":1.22,"stages":{"nymph":2},"genera":{"Amblyomma":2},"pending":false},{"m":"2026-03","release":"PROVISIONAL","drags":5,"area_m2":643,"count":2,"per1000":3.11,"stages":{"nymph":1,"adult":1},"genera":{"Amblyomma":2},"pending":false},{"m":"2025-09","release":"PROVISIONAL","drags":12,"area_m2":1773,"count":15,"per1000":8.46,"stages":{"larva":14,"nymph":1},"genera":{"unidentified":14,"Amblyomma":1},"pending":false}],"mosquitoes":[{"m":"2026-08","release":"PROVISIONAL","traps":20,"trap_hours":230.8,"count":null,"per_trapnight":null,"genera":{},"pending":true},{"m":"2026-07","release":"PROVISIONAL","traps":20,"trap_hours":234.2,"count":13172,"per_trapnight":1349.84,"genera":{"Culex":5588,"Aedes":2884,"Psorophora":2609,"Coquillettidia":1193,"Mansonia":817,"Anopheles":82},"pending":false},{"m":"2026-06","release":"PROVISIONAL","traps":20,"trap_hours":252.3,"count":6538,"per_trapnight":621.96,"genera":{"Culex":3057,"Psorophora":1413,"Coquillettidia":1032,"Aedes":856,"Mansonia":117,"Anopheles":64},"pending":false},{"m":"2026-05","release":"PROVISIONAL","traps":17,"trap_hours":179.5,"count":3925,"per_trapnight":524.76,"genera":{"Aedes":1353,"Coquillettidia":1225,"Culex":642,"Psorophora":617,"Mansonia":51,"Anopheles":37},"pending":false},{"m":"2026-04","release":"PROVISIONAL","traps":20,"trap_hours":235.7,"count":9114,"per_trapnight":927.98,"genera":{"Coquillettidia":4745,"Culex":2049,"Anopheles":1604,"Aedes":638,"Psorophora":57,"Mansonia":20},"pending":false},{"m":"2026-03","release":"PROVISIONAL","traps":40,"trap_hours":467.6,"count":1801,"per_trapnight":92.43,"genera":{"Anopheles":800,"Culex":781,"Aedes":218,"Culiseta":2},"pending":false},{"m":"2026-01","release":"PROVISIONAL","traps":20,"trap_hours":241.4,"count":595,"per_trapnight":59.15,"genera":{"Anopheles":527,"Culex":34,"Aedes":34},"pending":false},{"m":"2025-12","release":"PROVISIONAL","traps":20,"trap_hours":231.7,"count":80,"per_trapnight":8.29,"genera":{"Anopheles":75,"Aedes":4,"Culex":1},"pending":false},{"m":"2025-11","release":"PROVISIONAL","traps":20,"trap_hours":240.0,"count":368,"per_trapnight":36.8,"genera":{"Anopheles":290,"Aedes":54,"Mansonia":22,"Culex":2},"pending":false},{"m":"2025-10","release":"PROVISIONAL","traps":20,"trap_hours":240.8,"count":6058,"per_trapnight":603.79,"genera":{"Mansonia":3919,"Culex":962,"Anopheles":779,"Coquillettidia":191,"Aedes":138,"Uranotaenia":62,"Psorophora":8},"pending":false}]}},{"type":"Feature","geometry":{"type":"Point","coordinates":[-80.52485,37.37831]},"properties":{"site":"MLBS","name":"Mountain Lake Biological Station NEON","site_type":"GRADIENT","stages":{"larva":466,"nymph":26,"adult":6},"genera":{"ticks":{"unidentified":466,"Ixodes":30,"Dermacentor":1,"Haemaphysalis":1},"mosquitoes":{"Aedes":38,"Anopheles":8,"Culex":2,"Coquillettidia":1}},"ticks":[{"m":"2026-08","release":"PROVISIONAL","drags":5,"area_m2":806,"count":197,"per1000":244.42,"stages":{"larva":191,"nymph":6},"genera":{"unidentified":191,"Ixodes":6},"pending":false},{"m":"2026-07","release":"PROVISIONAL","drags":7,"area_m2":1133,"count":37,"per1000":32.66,"stages":{"larva":27,"nymph":9,"adult":1},"genera":{"unidentified":27,"Ixodes":9,"Dermacentor":1},"pending":false},{"m":"2026-06","release":"PROVISIONAL","drags":6,"area_m2":965,"count":13,"per1000":13.47,"stages":{"larva":7,"nymph":6},"genera":{"unidentified":7,"Ixodes":6},"pending":false},{"m":"2026-05","release":"PROVISIONAL","drags":4,"area_m2":646,"count":4,"per1000":6.19,"stages":{"larva":3,"nymph":1},"genera":{"unidentified":3,"Haemaphysalis":1},"pending":false},{"m":"2026-04","release":"PROVISIONAL","drags":6,"area_m2":966,"count":5,"per1000":5.18,"stages":{"adult":4,"larva":1},"genera":{"Ixodes":4,"unidentified":1},"pending":false},{"m":"2025-10","release":"PROVISIONAL","drags":6,"area_m2":951,"count":59,"per1000":62.04,"stages":{"larva":56,"nymph":2,"adult":1},"genera":{"unidentified":56,"Ixodes":3},"pending":false},{"m":"2025-09","release":"PROVISIONAL","drags":6,"area_m2":963,"count":183,"per1000":190.03,"stages":{"larva":181,"nymph":2},"genera":{"unidentified":181,"Ixodes":2},"pending":false}],"mosquitoes":[{"m":"2026-09","release":"PROVISIONAL","traps":10,"trap_hours":140.7,"count":null,"per_trapnight":null,"genera":{},"pending":true},{"m":"2026-08","release":"PROVISIONAL","traps":20,"trap_hours":235.0,"count":27,"per_trapnight":2.76,"genera":{"Aedes":19,"Anopheles":5,"Culex":2,"Coquillettidia":1},"pending":false},{"m":"2026-07","release":"PROVISIONAL","traps":20,"trap_hours":231.0,"count":11,"per_trapnight":1.14,"genera":{"Aedes":10,"Anopheles":1},"pending":false},{"m":"2026-06","release":"PROVISIONAL","traps":20,"trap_hours":232.3,"count":11,"per_trapnight":1.14,"genera":{"Aedes":9,"Anopheles":2},"pending":false},{"m":"2026-05","release":"PROVISIONAL","traps":20,"trap_hours":229.6,"count":null,"per_trapnight":null,"genera":{},"pending":true},{"m":"2026-04","release":"PROVISIONAL","traps":20,"trap_hours":231.3,"count":null,"per_trapnight":null,"genera":{},"pending":true},{"m":"2025-10","release":"PROVISIONAL","traps":20,"trap_hours":224.7,"count":0,"per_trapnight":0.0,"genera":{},"pending":false}]}},{"type":"Feature","geometry":{"type":"Point","coordinates":[-109.38827,38.24828]},"properties":{"site":"MOAB","name":"Moab NEON","site_type":"GRADIENT","stages":{},"genera":{"ticks":{},"mosquitoes":{"Psorophora":404,"unidentified":54,"Aedes":36,"Culex":28,"Culiseta":14}},"ticks":[{"m":"2026-08","release":"PROVISIONAL","drags":6,"area_m2":961,"count":null,"per1000":null,"stages":{},"genera":{},"pending":true},{"m":"2026-07","release":"PROVISIONAL","drags":6,"area_m2":965,"count":null,"per1000":null,"stages":{},"genera":{},"pending":true},{"m":"2026-05","release":"PROVISIONAL","drags":5,"area_m2":668,"count":null,"per1000":null,"stages":{},"genera":{},"pending":true},{"m":"2025-09","release":"PROVISIONAL","drags":6,"area_m2":960,"count":null,"per1000":null,"stages":{},"genera":{},"pending":true}],"mosquitoes":[{"m":"2026-08","release":"PROVISIONAL","traps":19,"trap_hours":227.0,"count":null,"per_trapnight":null,"genera":{},"pending":true},{"m":"2026-07","release":"PROVISIONAL","traps":19,"trap_hours":224.4,"count":493,"per_trapnight":52.68,"genera":{"Psorophora":399,"unidentified":54,"Culex":20,"Aedes":19},"pending":false},{"m":"2026-06","release":"PROVISIONAL","traps":20,"trap_hours":236.2,"count":21,"per_trapnight":2.13,"genera":{"Aedes":14,"Culex":6,"Psorophora":1},"pending":false},{"m":"2026-05","release":"PROVISIONAL","traps":20,"trap_hours":236.0,"count":1,"per_trapnight":0.1,"genera":{"Culex":1},"pending":false},{"m":"2026-04","release":"PROVISIONAL","traps":20,"trap_hours":228.3,"count":14,"per_trapnight":1.47,"genera":{"Culiseta":13,"Culex":1},"pending":false},{"m":"2025-12","release":"PROVISIONAL","traps":20,"trap_hours":238.3,"count":null,"per_trapnight":null,"genera":{},"pending":true},{"m":"2025-11","release":"PROVISIONAL","traps":19,"trap_hours":225.6,"count":null,"per_trapnight":null,"genera":{},"pending":true},{"m":"2025-10","release":"PROVISIONAL","traps":40,"trap_hours":453.1,"count":8,"per_trapnight":0.42,"genera":{"Psorophora":4,"Aedes":3,"Culiseta":1},"pending":false}]}},{"type":"Feature","geometry":{"type":"Point","coordinates":[-105.58237,40.05425]},"properties":{"site":"NIWO","name":"Niwot Ridge NEON","site_type":"CORE","stages":{},"genera":{"ticks":{},"mosquitoes":{"Aedes":296,"Culiseta":124,"Culex":3}},"ticks":[{"m":"2026-08","release":"PROVISIONAL","drags":4,"area_m2":660,"count":null,"per1000":null,"stages":{},"genera":{},"pending":true},{"m":"2026-07","release":"PROVISIONAL","drags":3,"area_m2":480,"count":null,"per1000":null,"stages":{},"genera":{},"pending":true},{"m":"2026-05","release":"PROVISIONAL","drags":2,"area_m2":331,"count":null,"per1000":null,"stages":{},"genera":{},"pending":true},{"m":"2025-09","release":"PROVISIONAL","drags":3,"area_m2":463,"count":null,"per1000":null,"stages":{},"genera":{},"pending":true}],"mosquitoes":[{"m":"2026-08","release":"PROVISIONAL","traps":40,"trap_hours":480.1,"count":null,"per_trapnight":null,"genera":{},"pending":true},{"m":"2026-07","release":"PROVISIONAL","traps":36,"trap_hours":435.6,"count":139,"per_trapnight":7.66,"genera":{"Aedes":82,"Culiseta":55,"Culex":2},"pending":false},{"m":"2026-06","release":"PROVISIONAL","traps":12,"trap_hours":194.4,"count":284,"per_trapnight":35.06,"genera":{"Aedes":214,"Culiseta":69,"Culex":1},"pending":false},{"m":"2026-05","release":"PROVISIONAL","traps":3,"trap_hours":48.7,"count":null,"per_trapnight":null,"genera":{},"pending":true},{"m":"2025-10","release":"PROVISIONAL","traps":20,"trap_hours":235.3,"count":0,"per_trapnight":0.0,"genera":{},"pending":false}]}},{"type":"Feature","geometry":{"type":"Point","coordinates":[-100.91535,46.76972]},"properties":{"site":"NOGP","name":"Northern Great Plains Research Laboratory NEON","site_type":"GRADIENT","stages":{"adult":6},"genera":{"ticks":{"Dermacentor":6},"mosquitoes":{"Aedes":447,"Culiseta":2}},"ticks":[{"m":"2026-08","release":"PROVISIONAL","drags":12,"area_m2":1920,"count":null,"per1000":null,"stages":{},"genera":{},"pending":true},{"m":"2026-07","release":"PROVISIONAL","drags":6,"area_m2":965,"count":1,"per1000":1.04,"stages":{"adult":1},"genera":{"Dermacentor":1},"pending":false},{"m":"2026-06","release":"PROVISIONAL","drags":12,"area_m2":1865,"count":2,"per1000":1.07,"stages":{"adult":2},"genera":{"Dermacentor":2},"pending":false},{"m":"2026-05","release":"PROVISIONAL","drags":6,"area_m2":961,"count":3,"per1000":3.12,"stages":{"adult":3},"genera":{"Dermacentor":3},"pending":false},{"m":"2026-04","release":"PROVISIONAL","drags":6,"area_m2":967,"count":null,"per1000":null,"stages":{},"genera":{},"pending":true},{"m":"2025-09","release":"PROVISIONAL","drags":6,"area_m2":965,"count":null,"per1000":null,"stages":{},"genera":{},"pending":true}],"mosquitoes":[{"m":"2026-08","release":"PROVISIONAL","traps":19,"trap_hours":217.1,"count":null,"per_trapnight":null,"genera":{},"pending":true},{"m":"2026-07","release":"PROVISIONAL","traps":18,"trap_hours":209.4,"count":null,"per_trapnight":null,"genera":{},"pending":true},{"m":"2026-06","release":"PROVISIONAL","traps":20,"trap_hours":241.4,"count":null,"per_trapnight":null,"genera":{},"pending":true},{"m":"2026-05","release":"PROVISIONAL","traps":20,"trap_hours":245.0,"count":447,"per_trapnight":43.79,"genera":{"Aedes":447},"pending":false},{"m":"2026-04","release":"PROVISIONAL","traps":20,"trap_hours":237.2,"count":2,"per_trapnight":0.2,"genera":{"Culiseta":2},"pending":false}]}},{"type":"Feature","geometry":{"type":"Point","coordinates":[-99.05878,35.4106]},"properties":{"site":"OAES","name":"Marvin Klemme Range Research Station NEON","site_type":"GRADIENT","stages":{"larva":383,"nymph":14,"adult":13},"genera":{"ticks":{"unidentified":383,"Amblyomma":20,"Dermacentor":7},"mosquitoes":{"Aedes":88,"Culex":53,"Psorophora":20,"Anopheles":7,"Culiseta":1}},"ticks":[{"m":"2026-08","release":"PROVISIONAL","drags":12,"area_m2":1908,"count":null,"per1000":null,"stages":{},"genera":{},"pending":true},{"m":"2026-07","release":"PROVISIONAL","drags":6,"area_m2":948,"count":null,"per1000":null,"stages":{},"genera":{},"pending":true},{"m":"2026-06","release":"PROVISIONAL","drags":6,"area_m2":943,"count":4,"per1000":4.24,"stages":{"adult":3,"nymph":1},"genera":{"Dermacentor":3,"Amblyomma":1},"pending":false},{"m":"2026-05","release":"PROVISIONAL","drags":6,"area_m2":952,"count":12,"per1000":12.61,"stages":{"adult":7,"nymph":5},"genera":{"Amblyomma":10,"Dermacentor":2},"pending":false},{"m":"2026-04","release":"PROVISIONAL","drags":3,"area_m2":403,"count":null,"per1000":null,"stages":{},"genera":{},"pending":true},{"m":"2026-03","release":"PROVISIONAL","drags":12,"area_m2":1762,"count":5,"per1000":2.84,"stages":{"adult":3,"larva":2},"genera":{"Amblyomma":2,"unidentified":2,"Dermacentor":1},"pending":false},{"m":"2025-10","release":"PROVISIONAL","drags":6,"area_m2":948,"count":2,"per1000":2.11,"stages":{"larva":1,"nymph":1},"genera":{"unidentified":1,"Dermacentor":1},"pending":false},{"m":"2025-09","release":"PROVISIONAL","drags":12,"area_m2":1840,"count":387,"per1000":210.33,"stages":{"larva":380,"nymph":7},"genera":{"unidentified":380,"Amblyomma":7},"pending":false}],"mosquitoes":[{"m":"2026-08","release":"PROVISIONAL","traps":20,"trap_hours":233.2,"count":null,"per_trapnight":null,"genera":{},"pending":true},{"m":"2026-07","release":"PROVISIONAL","traps":20,"trap_hours":240.4,"count":null,"per_trapnight":null,"genera":{},"pending":true},{"m":"2026-06","release":"PROVISIONAL","traps":20,"trap_hours":240.1,"count":5,"per_trapnight":0.5,"genera":{"Psorophora":3,"Anopheles":1,"Aedes":1},"pending":false},{"m":"2026-05","release":"PROVISIONAL","traps":20,"trap_hours":235.8,"count":8,"per_trapnight":0.81,"genera":{"Culex":7,"Aedes":1},"pending":false},{"m":"2026-04","release":"PROVISIONAL","traps":39,"trap_hours":451.0,"count":23,"per_trapnight":1.22,"genera":{"Culex":13,"Psorophora":5,"Aedes":5},"pending":false},{"m":"2026-03","release":"PROVISIONAL","traps":20,"trap_hours":232.1,"count":1,"per_trapnight":0.1,"genera":{"Culiseta":1},"pending":false},{"m":"2026-01","release":"PROVISIONAL","traps":20,"trap_hours":237.5,"count":1,"per_trapnight":0.1,"genera":{"Psorophora":1},"pending":false},{"m":"2025-11","release":"PROVISIONAL","traps":16,"trap_hours":154.6,"count":null,"per_trapnight":null,"genera":{},"pending":true},{"m":"2025-10","release":"PROVISIONAL","traps":20,"trap_hours":229.7,"count":131,"per_trapnight":13.69,"genera":{"Aedes":81,"Culex":33,"Psorophora":11,"Anopheles":6},"pending":false}]}},{"type":"Feature","geometry":{"type":"Point","coordinates":[-112.45245,40.1776]},"properties":{"site":"ONAQ","name":"Onaqui NEON","site_type":"CORE","stages":{},"genera":{"ticks":{},"mosquitoes":{"Aedes":52,"Culiseta":25,"Culex":13}},"ticks":[{"m":"2026-07","release":"PROVISIONAL","drags":5,"area_m2":800,"count":null,"per1000":null,"stages":{},"genera":{},"pending":true},{"m":"2026-06","release":"PROVISIONAL","drags":6,"area_m2":1024,"count":null,"per1000":null,"stages":{},"genera":{},"pending":true},{"m":"2026-05","release":"PROVISIONAL","drags":1,"area_m2":159,"count":null,"per1000":null,"stages":{},"genera":{},"pending":true},{"m":"2026-04","release":"PROVISIONAL","drags":5,"area_m2":806,"count":null,"per1000":null,"stages":{},"genera":{},"pending":true},{"m":"2026-03","release":"PROVISIONAL","drags":5,"area_m2":799,"count":null,"per1000":null,"stages":{},"genera":{},"pending":true}],"mosquitoes":[{"m":"2026-08","release":"PROVISIONAL","traps":40,"trap_hours":471.8,"count":null,"per_trapnight":null,"genera":{},"pending":true},{"m":"2026-07","release":"PROVISIONAL","traps":20,"trap_hours":233.1,"count":1,"per_trapnight":0.1,"genera":{"Culex":1},"pending":false},{"m":"2026-06","release":"PROVISIONAL","traps":37,"trap_hours":441.1,"count":1,"per_trapnight":0.05,"genera":{"Culex":1},"pending":false},{"m":"2026-05","release":"PROVISIONAL","traps":30,"trap_hours":364.2,"count":49,"per_trapnight":3.23,"genera":{"Aedes":36,"Culex":9,"Culiseta":4},"pending":false},{"m":"2026-04","release":"PROVISIONAL","traps":49,"trap_hours":657.9,"count":17,"per_trapnight":0.62,"genera":{"Aedes":15,"Culex":1,"Culiseta":1},"pending":false},{"m":"2026-03","release":"PROVISIONAL","traps":9,"trap_hours":155.4,"count":2,"per_trapnight":0.31,"genera":{"Culiseta":1,"Culex":1},"pending":false},{"m":"2026-02","release":"PROVISIONAL","traps":3,"trap_hours":55.5,"count":null,"per_trapnight":null,"genera":{},"pending":true},{"m":"2025-12","release":"PROVISIONAL","traps":20,"trap_hours":238.0,"count":3,"per_trapnight":0.3,"genera":{"Culiseta":3},"pending":false},{"m":"2025-11","release":"PROVISIONAL","traps":20,"trap_hours":241.7,"count":14,"per_trapnight":1.39,"genera":{"Culiseta":14},"pending":false},{"m":"2025-10","release":"PROVISIONAL","traps":50,"trap_hours":547.7,"count":3,"per_trapnight":0.13,"genera":{"Culiseta":2,"Aedes":1},"pending":false}]}},{"type":"Feature","geometry":{"type":"Point","coordinates":[-84.28259,35.96413]},"properties":{"site":"ORNL","name":"Oak Ridge NEON","site_type":"CORE","stages":{"larva":5293,"nymph":249,"adult":47},"genera":{"ticks":{"unidentified":5293,"Amblyomma":234,"Ixodes":32,"Dermacentor":29,"Haemaphysalis":1},"mosquitoes":{"Culex":953,"Aedes":141,"Anopheles":83,"Psorophora":19,"Coquillettidia":18,"Orthopodomyia":1,"Culiseta":1}},"ticks":[{"m":"2026-08","release":"PROVISIONAL","drags":6,"area_m2":949,"count":null,"per1000":null,"stages":{},"genera":{},"pending":true},{"m":"2026-07","release":"PROVISIONAL","drags":12,"area_m2":1931,"count":3459,"per1000":1791.3,"stages":{"larva":3360,"nymph":79,"adult":20},"genera":{"unidentified":3360,"Amblyomma":78,"Dermacentor":18,"Ixodes":3},"pending":false},{"m":"2026-06","release":"PROVISIONAL","drags":6,"area_m2":965,"count":261,"per1000":270.47,"stages":{"larva":196,"nymph":57,"adult":8},"genera":{"unidentified":196,"Amblyomma":50,"Ixodes":10,"Dermacentor":4,"Haemaphysalis":1},"pending":false},{"m":"2026-05","release":"PROVISIONAL","drags":11,"area_m2":1681,"count":155,"per1000":92.21,"stages":{"nymph":83,"larva":55,"adult":17},"genera":{"Amblyomma":78,"unidentified":55,"Ixodes":16,"Dermacentor":6},"pending":false},{"m":"2026-04","release":"PROVISIONAL","drags":6,"area_m2":960,"count":35,"per1000":36.46,"stages":{"nymph":18,"larva":16,"adult":1},"genera":{"Amblyomma":17,"unidentified":16,"Ixodes":2},"pending":false},{"m":"2026-03","release":"PROVISIONAL","drags":6,"area_m2":968,"count":3,"per1000":3.1,"stages":{"nymph":3},"genera":{"Amblyomma":2,"Ixodes":1},"pending":false},{"m":"2025-09","release":"PROVISIONAL","drags":6,"area_m2":959,"count":1676,"per1000":1747.65,"stages":{"larva":1666,"nymph":9,"adult":1},"genera":{"unidentified":1666,"Amblyomma":9,"Dermacentor":1},"pending":false}],"mosquitoes":[{"m":"2026-08","release":"PROVISIONAL","traps":40,"trap_hours":472.9,"count":364,"per_trapnight":18.47,"genera":{"Culex":333,"Aedes":18,"Anopheles":8,"Psorophora":5},"pending":false},{"m":"2026-07","release":"PROVISIONAL","traps":60,"trap_hours":709.2,"count":540,"per_trapnight":18.29,"genera":{"Culex":467,"Aedes":51,"Coquillettidia":11,"Psorophora":6,"Anopheles":5},"pending":false},{"m":"2026-06","release":"PROVISIONAL","traps":40,"trap_hours":475.0,"count":146,"per_trapnight":7.38,"genera":{"Culex":80,"Aedes":39,"Anopheles":15,"Psorophora":8,"Coquillettidia":3,"Orthopodomyia":1},"pending":false},{"m":"2026-05","release":"PROVISIONAL","traps":40,"trap_hours":483.6,"count":36,"per_trapnight":1.79,"genera":{"Anopheles":22,"Aedes":7,"Coquillettidia":4,"Culex":3},"pending":false},{"m":"2026-04","release":"PROVISIONAL","traps":40,"trap_hours":478.5,"count":35,"per_trapnight":1.76,"genera":{"Anopheles":26,"Aedes":6,"Culex":3},"pending":false},{"m":"2026-03","release":"PROVISIONAL","traps":26,"trap_hours":326.9,"count":15,"per_trapnight":1.1,"genera":{"Culex":11,"Anopheles":3,"Aedes":1},"pending":false},{"m":"2026-02","release":"PROVISIONAL","traps":6,"trap_hours":98.6,"count":null,"per_trapnight":null,"genera":{},"pending":true},{"m":"2026-01","release":"PROVISIONAL","traps":6,"trap_hours":100.7,"count":null,"per_trapnight":null,"genera":{},"pending":true},{"m":"2025-12","release":"PROVISIONAL","traps":20,"trap_hours":242.0,"count":null,"per_trapnight":null,"genera":{},"pending":true},{"m":"2025-11","release":"PROVISIONAL","traps":40,"trap_hours":477.3,"count":11,"per_trapnight":0.55,"genera":{"Aedes":6,"Culex":3,"Anopheles":2},"pending":false},{"m":"2025-10","release":"PROVISIONAL","traps":40,"trap_hours":469.6,"count":69,"per_trapnight":3.53,"genera":{"Culex":53,"Aedes":13,"Anopheles":2,"Culiseta":1},"pending":false}]}},{"type":"Feature","geometry":{"type":"Point","coordinates":[-81.99343,29.68928]},"properties":{"site":"OSBS","name":"Ordway-Swisher Biological Station NEON","site_type":"CORE","stages":{"larva":3969,"nymph":405,"adult":150},"genera":{"ticks":{"unidentified":3969,"Amblyomma":550,"Ixodes":3,"Dermacentor":2},"mosquitoes":{"Culex":3583,"Anopheles":3212,"Aedes":616,"Coquillettidia":278,"Psorophora":87,"Mansonia":42,"Culiseta":13,"Orthopodomyia":2}},"ticks":[{"m":"2026-08","release":"PROVISIONAL","drags":7,"area_m2":1122,"count":null,"per1000":null,"stages":{},"genera":{},"pending":true},{"m":"2026-07","release":"PROVISIONAL","drags":11,"area_m2":1766,"count":1059,"per1000":599.66,"stages":{"larva":984,"nymph":52,"adult":23},"genera":{"unidentified":984,"Amblyomma":75},"pending":false},{"m":"2026-06","release":"PROVISIONAL","drags":6,"area_m2":967,"count":750,"per1000":775.59,"stages":{"larva":686,"nymph":40,"adult":24},"genera":{"unidentified":686,"Amblyomma":63,"Dermacentor":1},"pending":false},{"m":"2026-05","release":"PROVISIONAL","drags":12,"area_m2":1933,"count":736,"per1000":380.76,"stages":{"larva":592,"nymph":102,"adult":42},"genera":{"unidentified":592,"Amblyomma":143,"Dermacentor":1},"pending":false},{"m":"2026-04","release":"PROVISIONAL","drags":6,"area_m2":959,"count":225,"per1000":234.62,"stages":{"larva":125,"nymph":74,"adult":26},"genera":{"unidentified":125,"Amblyomma":100},"pending":false},{"m":"2026-03","release":"PROVISIONAL","drags":6,"area_m2":979,"count":192,"per1000":196.12,"stages":{"larva":121,"nymph":43,"adult":28},"genera":{"unidentified":121,"Amblyomma":70,"Ixodes":1},"pending":false},{"m":"2026-02","release":"PROVISIONAL","drags":6,"area_m2":945,"count":984,"per1000":1041.27,"stages":{"larva":976,"adult":4,"nymph":4},"genera":{"unidentified":976,"Amblyomma":6,"Ixodes":2},"pending":false},{"m":"2025-09","release":"PROVISIONAL","drags":6,"area_m2":960,"count":578,"per1000":602.08,"stages":{"larva":485,"nymph":90,"adult":3},"genera":{"unidentified":485,"Amblyomma":93},"pending":false}],"mosquitoes":[{"m":"2026-08","release":"PROVISIONAL","traps":40,"trap_hours":482.0,"count":null,"per_trapnight":null,"genera":{},"pending":true},{"m":"2026-07","release":"PROVISIONAL","traps":39,"trap_hours":471.8,"count":165,"per_trapnight":8.39,"genera":{"Culex":109,"Aedes":17,"Psorophora":16,"Anopheles":14,"Coquillettidia":5,"Mansonia":3,"Orthopodomyia":1},"pending":false},{"m":"2026-06","release":"PROVISIONAL","traps":59,"trap_hours":707.7,"count":678,"per_trapnight":22.99,"genera":{"Culex":451,"Aedes":116,"Coquillettidia":39,"Anopheles":39,"Psorophora":30,"Uranotaenia":1,"Culiseta":1,"Mansonia":1},"pending":false},{"m":"2026-05","release":"PROVISIONAL","traps":39,"trap_hours":466.5,"count":498,"per_trapnight":25.62,"genera":{"Culex":232,"Anopheles":190,"Coquillettidia":64,"Aedes":11,"Culiseta":1},"pending":false},{"m":"2026-04","release":"PROVISIONAL","traps":40,"trap_hours":478.6,"count":328,"per_trapnight":16.45,"genera":{"Anopheles":208,"Coquillettidia":55,"Culex":44,"Aedes":19,"Culiseta":1,"Mansonia":1},"pending":false},{"m":"2026-03","release":"PROVISIONAL","traps":40,"trap_hours":482.3,"count":1798,"per_trapnight":89.48,"genera":{"Anopheles":1067,"Culex":676,"Aedes":41,"Coquillettidia":13,"Mansonia":1},"pending":false},{"m":"2026-02","release":"PROVISIONAL","traps":40,"trap_hours":488.7,"count":175,"per_trapnight":8.59,"genera":{"Anopheles":144,"Culex":29,"Culiseta":2},"pending":false},{"m":"2026-01","release":"PROVISIONAL","traps":40,"trap_hours":477.6,"count":80,"per_trapnight":4.02,"genera":{"Anopheles":76,"Culex":4},"pending":false},{"m":"2025-12","release":"PROVISIONAL","traps":59,"trap_hours":708.7,"count":477,"per_trapnight":16.15,"genera":{"Anopheles":363,"Culex":87,"Aedes":23,"Culiseta":3,"Orthopodomyia":1},"pending":false},{"m":"2025-11","release":"PROVISIONAL","traps":40,"trap_hours":481.3,"count":1061,"per_trapnight":52.91,"genera":{"Anopheles":704,"Aedes":188,"Culex":151,"Mansonia":12,"Coquillettidia":3,"Culiseta":2,"Psorophora":1},"pending":false},{"m":"2025-10","release":"PROVISIONAL","traps":40,"trap_hours":478.9,"count":2575,"per_trapnight":129.06,"genera":{"Culex":1800,"Anopheles":407,"Aedes":201,"Coquillettidia":99,"Psorophora":40,"Mansonia":24,"Culiseta":3,"Uranotaenia":1},"pending":false}]}},{"type":"Feature","geometry":{"type":"Point","coordinates":[-155.31731,19.55309]},"properties":{"site":"PUUM","name":"Puu Makaala Natural Area Reserve NEON","site_type":"CORE","stages":{},"genera":{"ticks":{},"mosquitoes":{"Culex":10}},"ticks":[],"mosquitoes":[{"m":"2026-08","release":"PROVISIONAL","traps":18,"trap_hours":377.3,"count":null,"per_trapnight":null,"genera":{},"pending":true},{"m":"2026-07","release":"PROVISIONAL","traps":30,"trap_hours":321.9,"count":null,"per_trapnight":null,"genera":{},"pending":true},{"m":"2026-06","release":"PROVISIONAL","traps":30,"trap_hours":389.8,"count":null,"per_trapnight":null,"genera":{},"pending":true},{"m":"2026-05","release":"PROVISIONAL","traps":20,"trap_hours":236.9,"count":null,"per_trapnight":null,"genera":{},"pending":true},{"m":"2026-04","release":"PROVISIONAL","traps":20,"trap_hours":236.4,"count":5,"per_trapnight":0.51,"genera":{"Culex":5},"pending":false},{"m":"2026-03","release":"PROVISIONAL","traps":20,"trap_hours":239.6,"count":1,"per_trapnight":0.1,"genera":{"Culex":1},"pending":false},{"m":"2026-02","release":"PROVISIONAL","traps":20,"trap_hours":241.1,"count":1,"per_trapnight":0.1,"genera":{"Culex":1},"pending":false},{"m":"2026-01","release":"PROVISIONAL","traps":20,"trap_hours":227.1,"count":3,"per_trapnight":0.32,"genera":{"Culex":3},"pending":false},{"m":"2025-12","release":"PROVISIONAL","traps":20,"trap_hours":236.1,"count":null,"per_trapnight":null,"genera":{},"pending":true},{"m":"2025-11","release":"PROVISIONAL","traps":20,"trap_hours":229.6,"count":null,"per_trapnight":null,"genera":{},"pending":true},{"m":"2025-10","release":"PROVISIONAL","traps":18,"trap_hours":202.8,"count":null,"per_trapnight":null,"genera":{},"pending":true}]}},{"type":"Feature","geometry":{"type":"Point","coordinates":[-105.54596,40.2759]},"properties":{"site":"RMNP","name":"Rocky Mountains NEON","site_type":"GRADIENT","stages":{},"genera":{"ticks":{},"mosquitoes":{"Aedes":22,"Culiseta":20,"Culex":3}},"ticks":[{"m":"2026-07","release":"PROVISIONAL","drags":4,"area_m2":570,"count":null,"per1000":null,"stages":{},"genera":{},"pending":true},{"m":"2026-06","release":"PROVISIONAL","drags":3,"area_m2":500,"count":null,"per1000":null,"stages":{},"genera":{},"pending":true},{"m":"2025-09","release":"PROVISIONAL","drags":5,"area_m2":800,"count":null,"per1000":null,"stages":{},"genera":{},"pending":true}],"mosquitoes":[{"m":"2026-07","release":"PROVISIONAL","traps":22,"trap_hours":260.1,"count":8,"per_trapnight":0.74,"genera":{"Culex":3,"Aedes":3,"Culiseta":2},"pending":false},{"m":"2026-06","release":"PROVISIONAL","traps":36,"trap_hours":426.1,"count":37,"per_trapnight":2.08,"genera":{"Aedes":19,"Culiseta":18},"pending":false}]}},{"type":"Feature","geometry":{"type":"Point","coordinates":[-78.13949,38.89292]},"properties":{"site":"SCBI","name":"Smithsonian Conservation Biology Institute NEON","site_type":"CORE","stages":{"larva":1823,"nymph":296,"adult":31},"genera":{"ticks":{"unidentified":1823,"Haemaphysalis":173,"Ixodes":81,"Amblyomma":59,"Dermacentor":14},"mosquitoes":{"Aedes":63,"Culex":52,"Coquillettidia":16,"Anopheles":16,"Orthopodomyia":1,"Uranotaenia":1}},"ticks":[{"m":"2026-08","release":"PROVISIONAL","drags":6,"area_m2":874,"count":null,"per1000":null,"stages":{},"genera":{},"pending":true},{"m":"2026-07","release":"PROVISIONAL","drags":12,"area_m2":1686,"count":486,"per1000":288.26,"stages":{"larva":435,"nymph":42,"adult":9},"genera":{"unidentified":435,"Haemaphysalis":16,"Amblyomma":14,"Ixodes":12,"Dermacentor":9},"pending":false},{"m":"2026-06","release":"PROVISIONAL","drags":6,"area_m2":863,"count":99,"per1000":114.72,"stages":{"nymph":88,"larva":8,"adult":3},"genera":{"Haemaphysalis":54,"Amblyomma":20,"Ixodes":16,"unidentified":8,"Dermacentor":1},"pending":false},{"m":"2026-05","release":"PROVISIONAL","drags":12,"area_m2":1806,"count":295,"per1000":163.34,"stages":{"larva":167,"nymph":122,"adult":6},"genera":{"unidentified":167,"Haemaphysalis":60,"Ixodes":45,"Amblyomma":21,"Dermacentor":2},"pending":false},{"m":"2026-04","release":"PROVISIONAL","drags":7,"area_m2":1037,"count":46,"per1000":44.36,"stages":{"nymph":34,"larva":6,"adult":6},"genera":{"Haemaphysalis":33,"unidentified":6,"Ixodes":3,"Dermacentor":2,"Amblyomma":2},"pending":false},{"m":"2026-03","release":"PROVISIONAL","drags":5,"area_m2":777,"count":19,"per1000":24.45,"stages":{"nymph":9,"adult":7,"larva":3},"genera":{"Haemaphysalis":9,"Ixodes":5,"unidentified":3,"Amblyomma":2},"pending":false},{"m":"2025-09","release":"PROVISIONAL","drags":6,"area_m2":863,"count":1205,"per1000":1396.29,"stages":{"larva":1204,"nymph":1},"genera":{"unidentified":1204,"Haemaphysalis":1},"pending":false}],"mosquitoes":[{"m":"2026-08","release":"PROVISIONAL","traps":40,"trap_hours":470.3,"count":43,"per_trapnight":2.19,"genera":{"Culex":21,"Aedes":20,"Coquillettidia":2},"pending":false},{"m":"2026-07","release":"PROVISIONAL","traps":40,"trap_hours":482.5,"count":37,"per_trapnight":1.84,"genera":{"Aedes":18,"Coquillettidia":12,"Culex":5,"Orthopodomyia":1,"Anopheles":1},"pending":false},{"m":"2026-06","release":"PROVISIONAL","traps":56,"trap_hours":674.3,"count":27,"per_trapnight":0.96,"genera":{"Aedes":15,"Culex":6,"Anopheles":4,"Coquillettidia":2},"pending":false},{"m":"2026-05","release":"PROVISIONAL","traps":20,"trap_hours":234.1,"count":9,"per_trapnight":0.92,"genera":{"Anopheles":9},"pending":false},{"m":"2026-04","release":"PROVISIONAL","traps":40,"trap_hours":480.4,"count":0,"per_trapnight":0.0,"genera":{},"pending":false},{"m":"2026-03","release":"PROVISIONAL","traps":6,"trap_hours":98.8,"count":1,"per_trapnight":0.24,"genera":{"Anopheles":1},"pending":false},{"m":"2026-02","release":"PROVISIONAL","traps":3,"trap_hours":49.9,"count":null,"per_trapnight":null,"genera":{},"pending":true},{"m":"2026-01","release":"PROVISIONAL","traps":3,"trap_hours":50.5,"count":null,"per_trapnight":null,"genera":{},"pending":true},{"m":"2025-12","release":"PROVISIONAL","traps":6,"trap_hours":96.4,"count":null,"per_trapnight":null,"genera":{},"pending":true},{"m":"2025-11","release":"PROVISIONAL","traps":40,"trap_hours":490.0,"count":2,"per_trapnight":0.1,"genera":{"Culex":1,"Aedes":1},"pending":false},{"m":"2025-10","release":"PROVISIONAL","traps":40,"trap_hours":483.2,"count":30,"per_trapnight":1.49,"genera":{"Culex":19,"Aedes":9,"Uranotaenia":1,"Anopheles":1},"pending":false}]}},{"type":"Feature","geometry":{"type":"Point","coordinates":[-76.56001,38.89013]},"properties":{"site":"SERC","name":"Smithsonian Environmental Research Center NEON","site_type":"GRADIENT","stages":{"larva":334,"nymph":216,"adult":34},"genera":{"ticks":{"unidentified":334,"Amblyomma":186,"Ixodes":62,"Dermacentor":2},"mosquitoes":{"Culex":2204,"Aedes":641,"Anopheles":61,"Coquillettidia":33,"Psorophora":32,"Uranotaenia":5,"Orthopodomyia":1,"Culiseta":1}},"ticks":[{"m":"2026-08","release":"PROVISIONAL","drags":12,"area_m2":1921,"count":null,"per1000":null,"stages":{},"genera":{},"pending":true},{"m":"2026-07","release":"PROVISIONAL","drags":6,"area_m2":966,"count":216,"per1000":223.6,"stages":{"larva":178,"nymph":36,"adult":2},"genera":{"unidentified":178,"Amblyomma":31,"Ixodes":6,"Dermacentor":1},"pending":false},{"m":"2026-06","release":"PROVISIONAL","drags":12,"area_m2":1932,"count":156,"per1000":80.75,"stages":{"nymph":131,"larva":14,"adult":11},"genera":{"Amblyomma":110,"Ixodes":31,"unidentified":14,"Dermacentor":1},"pending":false},{"m":"2026-05","release":"PROVISIONAL","drags":6,"area_m2":950,"count":61,"per1000":64.21,"stages":{"nymph":38,"larva":16,"adult":7},"genera":{"Amblyomma":29,"Ixodes":16,"unidentified":16},"pending":false},{"m":"2026-04","release":"PROVISIONAL","drags":6,"area_m2":953,"count":18,"per1000":18.89,"stages":{"adult":9,"nymph":7,"larva":2},"genera":{"Amblyomma":11,"Ixodes":5,"unidentified":2},"pending":false},{"m":"2026-03","release":"PROVISIONAL","drags":6,"area_m2":956,"count":13,"per1000":13.6,"stages":{"larva":5,"adult":5,"nymph":3},"genera":{"unidentified":5,"Ixodes":4,"Amblyomma":4},"pending":false},{"m":"2025-09","release":"PROVISIONAL","drags":6,"area_m2":800,"count":120,"per1000":150.0,"stages":{"larva":119,"nymph":1},"genera":{"unidentified":119,"Amblyomma":1},"pending":false}],"mosquitoes":[{"m":"2026-08","release":"PROVISIONAL","traps":20,"trap_hours":238.9,"count":1766,"per_trapnight":177.38,"genera":{"Culex":1335,"Aedes":362,"Anopheles":33,"Psorophora":20,"Coquillettidia":15},"pending":false},{"m":"2026-07","release":"PROVISIONAL","traps":20,"trap_hours":265.1,"count":309,"per_trapnight":27.97,"genera":{"Aedes":152,"Culex":141,"Psorophora":12,"Anopheles":3,"Coquillettidia":1},"pending":false},{"m":"2026-06","release":"PROVISIONAL","traps":20,"trap_hours":234.8,"count":560,"per_trapnight":57.24,"genera":{"Culex":517,"Aedes":28,"Coquillettidia":11,"Anopheles":3,"Orthopodomyia":1},"pending":false},{"m":"2026-05","release":"PROVISIONAL","traps":20,"trap_hours":232.3,"count":209,"per_trapnight":21.59,"genera":{"Culex":154,"Aedes":48,"Coquillettidia":6,"Culiseta":1},"pending":false},{"m":"2026-04","release":"PROVISIONAL","traps":40,"trap_hours":469.5,"count":79,"per_trapnight":4.04,"genera":{"Culex":38,"Aedes":26,"Anopheles":15},"pending":false},{"m":"2025-11","release":"PROVISIONAL","traps":20,"trap_hours":234.6,"count":null,"per_trapnight":null,"genera":{},"pending":true},{"m":"2025-10","release":"PROVISIONAL","traps":20,"trap_hours":245.8,"count":56,"per_trapnight":5.47,"genera":{"Aedes":25,"Culex":19,"Anopheles":7,"Uranotaenia":5},"pending":false}]}},{"type":"Feature","geometry":{"type":"Point","coordinates":[-119.73228,37.10878]},"properties":{"site":"SJER","name":"San Joaquin Experimental Range NEON","site_type":"CORE","stages":{},"genera":{"ticks":{},"mosquitoes":{"Anopheles":141,"Culiseta":76,"Culex":28,"Aedes":22}},"ticks":[{"m":"2026-04","release":"PROVISIONAL","drags":6,"area_m2":890,"count":null,"per1000":null,"stages":{},"genera":{},"pending":true},{"m":"2026-03","release":"PROVISIONAL","drags":6,"area_m2":865,"count":null,"per1000":null,"stages":{},"genera":{},"pending":true},{"m":"2026-02","release":"PROVISIONAL","drags":6,"area_m2":938,"count":null,"per1000":null,"stages":{},"genera":{},"pending":true},{"m":"2025-11","release":"PROVISIONAL","drags":6,"area_m2":996,"count":null,"per1000":null,"stages":{},"genera":{},"pending":true},{"m":"2025-10","release":"PROVISIONAL","drags":4,"area_m2":606,"count":null,"per1000":null,"stages":{},"genera":{},"pending":true}],"mosquitoes":[{"m":"2026-08","release":"PROVISIONAL","traps":20,"trap_hours":237.3,"count":null,"per_trapnight":null,"genera":{},"pending":true},{"m":"2026-07","release":"PROVISIONAL","traps":25,"trap_hours":279.3,"count":null,"per_trapnight":null,"genera":{},"pending":true},{"m":"2026-06","release":"PROVISIONAL","traps":23,"trap_hours":319.3,"count":91,"per_trapnight":6.84,"genera":{"Anopheles":91},"pending":false},{"m":"2026-05","release":"PROVISIONAL","traps":18,"trap_hours":208.4,"count":29,"per_trapnight":3.34,"genera":{"Anopheles":15,"Culex":5,"Aedes":5,"Culiseta":4},"pending":false},{"m":"2026-04","release":"PROVISIONAL","traps":4,"trap_hours":30.9,"count":null,"per_trapnight":null,"genera":{},"pending":true},{"m":"2026-03","release":"PROVISIONAL","traps":16,"trap_hours":202.9,"count":63,"per_trapnight":7.45,"genera":{"Culiseta":23,"Culex":20,"Aedes":17,"Anopheles":3},"pending":false},{"m":"2026-02","release":"PROVISIONAL","traps":37,"trap_hours":446.5,"count":10,"per_trapnight":0.54,"genera":{"Culiseta":10},"pending":false},{"m":"2026-01","release":"PROVISIONAL","traps":39,"trap_hours":477.0,"count":10,"per_trapnight":0.5,"genera":{"Culiseta":9,"Culex":1},"pending":false},{"m":"2025-12","release":"PROVISIONAL","traps":40,"trap_hours":478.7,"count":1,"per_trapnight":0.05,"genera":{"Culiseta":1},"pending":false},{"m":"2025-11","release":"PROVISIONAL","traps":40,"trap_hours":482.9,"count":19,"per_trapnight":0.94,"genera":{"Culiseta":11,"Anopheles":7,"Culex":1},"pending":false},{"m":"2025-10","release":"PROVISIONAL","traps":40,"trap_hours":477.2,"count":44,"per_trapnight":2.21,"genera":{"Anopheles":25,"Culiseta":18,"Culex":1},"pending":false}]}},{"type":"Feature","geometry":{"type":"Point","coordinates":[-119.26219,37.03337]},"properties":{"site":"SOAP","name":"Soaproot Saddle NEON","site_type":"GRADIENT","stages":{},"genera":{"ticks":{},"mosquitoes":{"Culiseta":384,"Aedes":76,"Culex":16,"Anopheles":4}},"ticks":[{"m":"2026-09","release":"PROVISIONAL","drags":2,"area_m2":325,"count":null,"per1000":null,"stages":{},"genera":{},"pending":true},{"m":"2026-08","release":"PROVISIONAL","drags":4,"area_m2":640,"count":null,"per1000":null,"stages":{},"genera":{},"pending":true},{"m":"2026-07","release":"PROVISIONAL","drags":6,"area_m2":935,"count":null,"per1000":null,"stages":{},"genera":{},"pending":true},{"m":"2026-06","release":"PROVISIONAL","drags":6,"area_m2":904,"count":null,"per1000":null,"stages":{},"genera":{},"pending":true},{"m":"2026-05","release":"PROVISIONAL","drags":6,"area_m2":932,"count":null,"per1000":null,"stages":{},"genera":{},"pending":true},{"m":"2026-04","release":"PROVISIONAL","drags":11,"area_m2":1707,"count":null,"per1000":null,"stages":{},"genera":{},"pending":true}],"mosquitoes":[{"m":"2026-09","release":"PROVISIONAL","traps":20,"trap_hours":237.4,"count":null,"per_trapnight":null,"genera":{},"pending":true},{"m":"2026-08","release":"PROVISIONAL","traps":18,"trap_hours":209.7,"count":null,"per_trapnight":null,"genera":{},"pending":true},{"m":"2026-07","release":"PROVISIONAL","traps":20,"trap_hours":238.9,"count":21,"per_trapnight":2.11,"genera":{"Aedes":10,"Culex":8,"Anopheles":2,"Culiseta":1},"pending":false},{"m":"2026-06","release":"PROVISIONAL","traps":8,"trap_hours":103.1,"count":39,"per_trapnight":9.08,"genera":{"Culiseta":22,"Aedes":14,"Culex":2,"Anopheles":1},"pending":false},{"m":"2026-05","release":"PROVISIONAL","traps":20,"trap_hours":236.5,"count":81,"per_trapnight":8.22,"genera":{"Aedes":49,"Culiseta":28,"Culex":4},"pending":false},{"m":"2026-04","release":"PROVISIONAL","traps":20,"trap_hours":229.5,"count":161,"per_trapnight":16.84,"genera":{"Culiseta":159,"Culex":2},"pending":false},{"m":"2026-01","release":"PROVISIONAL","traps":20,"trap_hours":238.2,"count":15,"per_trapnight":1.51,"genera":{"Culiseta":15},"pending":false},{"m":"2025-12","release":"PROVISIONAL","traps":20,"trap_hours":241.3,"count":44,"per_trapnight":4.38,"genera":{"Culiseta":44},"pending":false},{"m":"2025-10","release":"PROVISIONAL","traps":29,"trap_hours":414.1,"count":119,"per_trapnight":6.9,"genera":{"Culiseta":115,"Aedes":3,"Anopheles":1},"pending":false}]}},{"type":"Feature","geometry":{"type":"Point","coordinates":[-110.83549,31.91068]},"properties":{"site":"SRER","name":"Santa Rita Experimental Range NEON","site_type":"CORE","stages":{},"genera":{"ticks":{},"mosquitoes":{"Psorophora":47,"Culex":28,"Anopheles":8,"Aedes":7,"Culiseta":6}},"ticks":[{"m":"2026-08","release":"PROVISIONAL","drags":5,"area_m2":670,"count":null,"per1000":null,"stages":{},"genera":{},"pending":true},{"m":"2026-06","release":"PROVISIONAL","drags":4,"area_m2":588,"count":null,"per1000":null,"stages":{},"genera":{},"pending":true},{"m":"2026-05","release":"PROVISIONAL","drags":5,"area_m2":682,"count":null,"per1000":null,"stages":{},"genera":{},"pending":true},{"m":"2025-10","release":"PROVISIONAL","drags":6,"area_m2":784,"count":null,"per1000":null,"stages":{},"genera":{},"pending":true}],"mosquitoes":[{"m":"2026-08","release":"PROVISIONAL","traps":32,"trap_hours":385.9,"count":null,"per_trapnight":null,"genera":{},"pending":true},{"m":"2026-07","release":"PROVISIONAL","traps":38,"trap_hours":426.3,"count":42,"per_trapnight":2.36,"genera":{"Psorophora":42},"pending":false},{"m":"2026-06","release":"PROVISIONAL","traps":40,"trap_hours":482.8,"count":2,"per_trapnight":0.1,"genera":{"Psorophora":2},"pending":false},{"m":"2026-05","release":"PROVISIONAL","traps":20,"trap_hours":241.0,"count":null,"per_trapnight":null,"genera":{},"pending":true},{"m":"2026-04","release":"PROVISIONAL","traps":51,"trap_hours":659.5,"count":6,"per_trapnight":0.22,"genera":{"Culex":6},"pending":false},{"m":"2026-03","release":"PROVISIONAL","traps":49,"trap_hours":535.8,"count":1,"per_trapnight":0.04,"genera":{"Culex":1},"pending":false},{"m":"2026-02","release":"PROVISIONAL","traps":40,"trap_hours":466.1,"count":10,"per_trapnight":0.51,"genera":{"Culex":7,"Culiseta":3},"pending":false},{"m":"2026-01","release":"PROVISIONAL","traps":19,"trap_hours":223.3,"count":5,"per_trapnight":0.54,"genera":{"Culex":5},"pending":false},{"m":"2025-12","release":"PROVISIONAL","traps":49,"trap_hours":610.4,"count":12,"per_trapnight":0.47,"genera":{"Culex":6,"Culiseta":3,"Anopheles":3},"pending":false},{"m":"2025-11","release":"PROVISIONAL","traps":20,"trap_hours":246.5,"count":5,"per_trapnight":0.49,"genera":{"Anopheles":2,"Aedes":2,"Culex":1},"pending":false},{"m":"2025-10","release":"PROVISIONAL","traps":40,"trap_hours":476.7,"count":13,"per_trapnight":0.65,"genera":{"Aedes":5,"Psorophora":3,"Anopheles":3,"Culex":2},"pending":false}]}},{"type":"Feature","geometry":{"type":"Point","coordinates":[-89.58637,45.50894]},"properties":{"site":"STEI","name":"Steigerwaldt-Chequamegon NEON","site_type":"GRADIENT","stages":{"larva":50,"nymph":17,"adult":10},"genera":{"ticks":{"unidentified":50,"Ixodes":15,"Dermacentor":6,"Haemaphysalis":6},"mosquitoes":{"Aedes":5750,"Coquillettidia":124,"Anopheles":31,"Culiseta":31,"Culex":3}},"ticks":[{"m":"2026-09","release":"PROVISIONAL","drags":3,"area_m2":469,"count":null,"per1000":null,"stages":{},"genera":{},"pending":true},{"m":"2026-08","release":"PROVISIONAL","drags":6,"area_m2":959,"count":null,"per1000":null,"stages":{},"genera":{},"pending":true},{"m":"2026-07","release":"PROVISIONAL","drags":6,"area_m2":956,"count":5,"per1000":5.23,"stages":{"nymph":4,"larva":1},"genera":{"Ixodes":4,"unidentified":1},"pending":false},{"m":"2026-06","release":"PROVISIONAL","drags":9,"area_m2":1473,"count":57,"per1000":38.7,"stages":{"larva":47,"adult":8,"nymph":2},"genera":{"unidentified":47,"Ixodes":5,"Dermacentor":5},"pending":false},{"m":"2026-05","release":"PROVISIONAL","drags":6,"area_m2":947,"count":2,"per1000":2.11,"stages":{"adult":2},"genera":{"Dermacentor":1,"Ixodes":1},"pending":false},{"m":"2025-09","release":"PROVISIONAL","drags":6,"area_m2":1015,"count":13,"per1000":12.81,"stages":{"nymph":11,"larva":2},"genera":{"Haemaphysalis":6,"Ixodes":5,"unidentified":2},"pending":false}],"mosquitoes":[{"m":"2026-08","release":"PROVISIONAL","traps":20,"trap_hours":237.2,"count":null,"per_trapnight":null,"genera":{},"pending":true},{"m":"2026-06","release":"PROVISIONAL","traps":20,"trap_hours":243.3,"count":5898,"per_trapnight":581.75,"genera":{"Aedes":5741,"Coquillettidia":124,"Anopheles":26,"Culiseta":4,"Culex":3},"pending":false},{"m":"2026-04","release":"PROVISIONAL","traps":16,"trap_hours":204.0,"count":32,"per_trapnight":3.76,"genera":{"Culiseta":27,"Anopheles":5},"pending":false},{"m":"2025-10","release":"PROVISIONAL","traps":20,"trap_hours":233.3,"count":9,"per_trapnight":0.93,"genera":{"Aedes":9},"pending":false}]}},{"type":"Feature","geometry":{"type":"Point","coordinates":[-103.02929,40.46189]},"properties":{"site":"STER","name":"North Sterling NEON","site_type":"GRADIENT","stages":{},"genera":{"ticks":{},"mosquitoes":{"Aedes":157,"Psorophora":59,"Culex":43,"Culiseta":5}},"ticks":[{"m":"2026-08","release":"PROVISIONAL","drags":6,"area_m2":960,"count":null,"per1000":null,"stages":{},"genera":{},"pending":true},{"m":"2026-07","release":"PROVISIONAL","drags":6,"area_m2":960,"count":null,"per1000":null,"stages":{},"genera":{},"pending":true},{"m":"2026-04","release":"PROVISIONAL","drags":3,"area_m2":480,"count":null,"per1000":null,"stages":{},"genera":{},"pending":true}],"mosquitoes":[{"m":"2026-08","release":"PROVISIONAL","traps":19,"trap_hours":227.0,"count":null,"per_trapnight":null,"genera":{},"pending":true},{"m":"2026-07","release":"PROVISIONAL","traps":17,"trap_hours":205.9,"count":203,"per_trapnight":23.66,"genera":{"Aedes":126,"Psorophora":57,"Culex":20},"pending":false},{"m":"2025-10","release":"PROVISIONAL","traps":39,"trap_hours":458.5,"count":61,"per_trapnight":3.19,"genera":{"Aedes":31,"Culex":23,"Culiseta":5,"Psorophora":2},"pending":false}]}},{"type":"Feature","geometry":{"type":"Point","coordinates":[-87.39326,32.95047]},"properties":{"site":"TALL","name":"Talladega National Forest NEON","site_type":"CORE","stages":{"larva":366,"nymph":97,"adult":14},"genera":{"ticks":{"unidentified":366,"Amblyomma":111},"mosquitoes":{"Aedes":2109,"Culex":689,"Coquillettidia":681,"Anopheles":437,"Psorophora":295,"Culiseta":67,"Mansonia":3,"Uranotaenia":1}},"ticks":[{"m":"2026-08","release":"PROVISIONAL","drags":12,"area_m2":1888,"count":10,"per1000":5.3,"stages":{"nymph":10},"genera":{"Amblyomma":10},"pending":false},{"m":"2026-07","release":"PROVISIONAL","drags":6,"area_m2":855,"count":25,"per1000":29.24,"stages":{"larva":17,"nymph":7,"adult":1},"genera":{"unidentified":17,"Amblyomma":8},"pending":false},{"m":"2026-06","release":"PROVISIONAL","drags":11,"area_m2":1701,"count":38,"per1000":22.34,"stages":{"nymph":18,"larva":11,"adult":9},"genera":{"Amblyomma":27,"unidentified":11},"pending":false},{"m":"2026-05","release":"PROVISIONAL","drags":6,"area_m2":778,"count":19,"per1000":24.42,"stages":{"nymph":18,"adult":1},"genera":{"Amblyomma":19},"pending":false},{"m":"2026-04","release":"PROVISIONAL","drags":6,"area_m2":949,"count":26,"per1000":27.4,"stages":{"nymph":23,"adult":3},"genera":{"Amblyomma":26},"pending":false},{"m":"2026-03","release":"PROVISIONAL","drags":6,"area_m2":949,"count":6,"per1000":6.32,"stages":{"nymph":6},"genera":{"Amblyomma":6},"pending":false},{"m":"2025-09","release":"PROVISIONAL","drags":6,"area_m2":934,"count":353,"per1000":377.94,"stages":{"larva":338,"nymph":15},"genera":{"unidentified":338,"Amblyomma":15},"pending":false}],"mosquitoes":[{"m":"2026-08","release":"PROVISIONAL","traps":40,"trap_hours":479.2,"count":44,"per_trapnight":2.2,"genera":{"Aedes":17,"Culex":16,"Coquillettidia":7,"Psorophora":2,"Anopheles":2},"pending":false},{"m":"2026-07","release":"PROVISIONAL","traps":40,"trap_hours":474.1,"count":581,"per_trapnight":29.41,"genera":{"Aedes":444,"Coquillettidia":54,"Culex":40,"Psorophora":35,"Anopheles":8},"pending":false},{"m":"2026-06","release":"PROVISIONAL","traps":60,"trap_hours":727.8,"count":1716,"per_trapnight":56.57,"genera":{"Aedes":1149,"Coquillettidia":252,"Psorophora":248,"Culex":40,"Anopheles":24,"Culiseta":3},"pending":false},{"m":"2026-05","release":"PROVISIONAL","traps":40,"trap_hours":480.5,"count":875,"per_trapnight":43.72,"genera":{"Aedes":427,"Coquillettidia":334,"Anopheles":96,"Psorophora":10,"Culex":6,"Culiseta":2},"pending":false},{"m":"2026-04","release":"PROVISIONAL","traps":40,"trap_hours":485.4,"count":117,"per_trapnight":5.78,"genera":{"Anopheles":75,"Aedes":20,"Culex":13,"Coquillettidia":9},"pending":false},{"m":"2026-03","release":"PROVISIONAL","traps":40,"trap_hours":472.5,"count":606,"per_trapnight":30.78,"genera":{"Culex":541,"Anopheles":62,"Aedes":2,"Culiseta":1},"pending":false},{"m":"2026-02","release":"PROVISIONAL","traps":34,"trap_hours":413.2,"count":15,"per_trapnight":0.87,"genera":{"Anopheles":10,"Culiseta":5},"pending":false},{"m":"2026-01","release":"PROVISIONAL","traps":20,"trap_hours":240.5,"count":1,"per_trapnight":0.1,"genera":{"Culex":1},"pending":false},{"m":"2025-12","release":"PROVISIONAL","traps":60,"trap_hours":738.4,"count":20,"per_trapnight":0.65,"genera":{"Anopheles":16,"Aedes":2,"Culex":1,"Culiseta":1},"pending":false},{"m":"2025-11","release":"PROVISIONAL","traps":40,"trap_hours":473.8,"count":166,"per_trapnight":8.41,"genera":{"Anopheles":87,"Culiseta":54,"Aedes":17,"Culex":7,"Uranotaenia":1},"pending":false},{"m":"2025-10","release":"PROVISIONAL","traps":40,"trap_hours":474.1,"count":142,"per_trapnight":7.19,"genera":{"Anopheles":57,"Aedes":31,"Coquillettidia":25,"Culex":24,"Mansonia":3,"Orthopodomyia":1,"Culiseta":1},"pending":false}]}},{"type":"Feature","geometry":{"type":"Point","coordinates":[-119.00602,37.00583]},"properties":{"site":"TEAK","name":"Lower Teakettle NEON","site_type":"GRADIENT","stages":{},"genera":{"ticks":{},"mosquitoes":{"Aedes":110,"Culiseta":68,"Culex":2}},"ticks":[{"m":"2026-07","release":"PROVISIONAL","drags":4,"area_m2":655,"count":null,"per1000":null,"stages":{},"genera":{},"pending":true},{"m":"2026-06","release":"PROVISIONAL","drags":2,"area_m2":332,"count":null,"per1000":null,"stages":{},"genera":{},"pending":true}],"mosquitoes":[{"m":"2026-08","release":"PROVISIONAL","traps":20,"trap_hours":238.2,"count":null,"per_trapnight":null,"genera":{},"pending":true},{"m":"2026-07","release":"PROVISIONAL","traps":12,"trap_hours":144.9,"count":41,"per_trapnight":6.79,"genera":{"Culiseta":24,"Aedes":16,"Culex":1},"pending":false},{"m":"2026-06","release":"PROVISIONAL","traps":13,"trap_hours":150.9,"count":139,"per_trapnight":22.11,"genera":{"Aedes":94,"Culiseta":44,"Culex":1},"pending":false},{"m":"2026-05","release":"PROVISIONAL","traps":5,"trap_hours":66.5,"count":null,"per_trapnight":null,"genera":{},"pending":true}]}},{"type":"Feature","geometry":{"type":"Point","coordinates":[-149.37047,68.66109]},"properties":{"site":"TOOL","name":"Toolik Field Station NEON","site_type":"CORE","stages":{},"genera":{"ticks":{},"mosquitoes":{"Aedes":85761,"Culiseta":11}},"ticks":[{"m":"2026-08","release":"PROVISIONAL","drags":6,"area_m2":957,"count":null,"per1000":null,"stages":{},"genera":{},"pending":true},{"m":"2026-07","release":"PROVISIONAL","drags":6,"area_m2":949,"count":null,"per1000":null,"stages":{},"genera":{},"pending":true}],"mosquitoes":[{"m":"2026-09","release":"PROVISIONAL","traps":20,"trap_hours":227.1,"count":null,"per_trapnight":null,"genera":{},"pending":true},{"m":"2026-08","release":"PROVISIONAL","traps":40,"trap_hours":468.6,"count":null,"per_trapnight":null,"genera":{},"pending":true},{"m":"2026-07","release":"PROVISIONAL","traps":40,"trap_hours":483.5,"count":78467,"per_trapnight":3894.95,"genera":{"Aedes":78467},"pending":false},{"m":"2026-06","release":"PROVISIONAL","traps":19,"trap_hours":236.1,"count":7306,"per_trapnight":742.65,"genera":{"Aedes":7294,"Culiseta":11},"pending":false}]}},{"type":"Feature","geometry":{"type":"Point","coordinates":[-89.58571,45.49369]},"properties":{"site":"TREE","name":"Treehaven NEON","site_type":"GRADIENT","stages":{"larva":1527,"nymph":155,"adult":70},"genera":{"ticks":{"unidentified":1527,"Ixodes":215,"Dermacentor":10},"mosquitoes":{"Aedes":5325,"Coquillettidia":2834,"Anopheles":18,"Culiseta":17,"Culex":15,"Psorophora":1}},"ticks":[{"m":"2026-08","release":"PROVISIONAL","drags":6,"area_m2":948,"count":null,"per1000":null,"stages":{},"genera":{},"pending":true},{"m":"2026-07","release":"PROVISIONAL","drags":3,"area_m2":486,"count":348,"per1000":716.05,"stages":{"larva":322,"nymph":25,"adult":1},"genera":{"unidentified":322,"Ixodes":25,"Dermacentor":1},"pending":false},{"m":"2026-06","release":"PROVISIONAL","drags":11,"area_m2":1756,"count":1324,"per1000":753.99,"stages":{"larva":1175,"nymph":119,"adult":30},"genera":{"unidentified":1175,"Ixodes":143,"Dermacentor":6},"pending":false},{"m":"2026-05","release":"PROVISIONAL","drags":6,"area_m2":924,"count":15,"per1000":16.23,"stages":{"adult":15},"genera":{"Ixodes":13,"Dermacentor":2},"pending":false},{"m":"2026-04","release":"PROVISIONAL","drags":6,"area_m2":1000,"count":23,"per1000":23.0,"stages":{"adult":23},"genera":{"Ixodes":23},"pending":false},{"m":"2025-09","release":"PROVISIONAL","drags":6,"area_m2":963,"count":42,"per1000":43.61,"stages":{"larva":30,"nymph":11,"adult":1},"genera":{"unidentified":30,"Ixodes":11,"Dermacentor":1},"pending":false}],"mosquitoes":[{"m":"2026-07","release":"PROVISIONAL","traps":40,"trap_hours":465.0,"count":3763,"per_trapnight":194.21,"genera":{"Coquillettidia":2832,"Aedes":902,"Culiseta":14,"Anopheles":10,"Culex":4,"Psorophora":1},"pending":false},{"m":"2026-06","release":"PROVISIONAL","traps":20,"trap_hours":235.7,"count":4446,"per_trapnight":452.72,"genera":{"Aedes":4423,"Culex":11,"Anopheles":8,"Culiseta":2,"Coquillettidia":2},"pending":false},{"m":"2026-05","release":"PROVISIONAL","traps":16,"trap_hours":163.1,"count":1,"per_trapnight":0.15,"genera":{"Culiseta":1},"pending":false},{"m":"2025-10","release":"PROVISIONAL","traps":20,"trap_hours":232.3,"count":null,"per_trapnight":null,"genera":{},"pending":true}]}},{"type":"Feature","geometry":{"type":"Point","coordinates":[-95.19215,39.04043]},"properties":{"site":"UKFS","name":"KU Field Station NEON","site_type":"GRADIENT","stages":{"larva":114995,"nymph":1288,"adult":220},"genera":{"ticks":{"unidentified":114995,"Amblyomma":1500,"Dermacentor":6,"Ixodes":2},"mosquitoes":{"Aedes":6525,"Culex":2946,"Psorophora":203,"Coquillettidia":71,"Anopheles":62,"Culiseta":19,"Uranotaenia":1}},"ticks":[{"m":"2026-08","release":"PROVISIONAL","drags":8,"area_m2":1210,"count":null,"per1000":null,"stages":{},"genera":{},"pending":true},{"m":"2026-07","release":"PROVISIONAL","drags":6,"area_m2":923,"count":215,"per1000":232.94,"stages":{"nymph":196,"adult":19},"genera":{"Amblyomma":212,"Dermacentor":2,"Ixodes":1},"pending":false},{"m":"2026-05","release":"PROVISIONAL","drags":12,"area_m2":1915,"count":1072,"per1000":559.79,"stages":{"nymph":899,"adult":154,"larva":19},"genera":{"Amblyomma":1049,"unidentified":19,"Dermacentor":3,"Ixodes":1},"pending":false},{"m":"2026-04","release":"PROVISIONAL","drags":5,"area_m2":796,"count":152,"per1000":190.95,"stages":{"nymph":88,"adult":39,"larva":25},"genera":{"Amblyomma":127,"unidentified":25},"pending":false},{"m":"2026-03","release":"PROVISIONAL","drags":6,"area_m2":975,"count":10,"per1000":10.26,"stages":{"adult":7,"nymph":3},"genera":{"Amblyomma":10},"pending":false},{"m":"2025-09","release":"PROVISIONAL","drags":6,"area_m2":946,"count":115054,"per1000":121621.56,"stages":{"larva":114951,"nymph":102,"adult":1},"genera":{"unidentified":114951,"Amblyomma":102,"Dermacentor":1},"pending":false}],"mosquitoes":[{"m":"2026-08","release":"PROVISIONAL","traps":18,"trap_hours":210.7,"count":6201,"per_trapnight":706.34,"genera":{"Aedes":3375,"Culex":2604,"Psorophora":150,"Coquillettidia":54,"Anopheles":18},"pending":false},{"m":"2026-07","release":"PROVISIONAL","traps":17,"trap_hours":207.5,"count":272,"per_trapnight":31.46,"genera":{"Culex":224,"Aedes":32,"Anopheles":10,"Coquillettidia":5,"Psorophora":1},"pending":false},{"m":"2026-06","release":"PROVISIONAL","traps":20,"trap_hours":232.1,"count":2165,"per_trapnight":223.92,"genera":{"Aedes":2029,"Culex":61,"Psorophora":50,"Anopheles":13,"Coquillettidia":12},"pending":false},{"m":"2026-05","release":"PROVISIONAL","traps":20,"trap_hours":235.1,"count":983,"per_trapnight":100.4,"genera":{"Aedes":961,"Culex":15,"Anopheles":7},"pending":false},{"m":"2025-12","release":"PROVISIONAL","traps":18,"trap_hours":209.5,"count":null,"per_trapnight":null,"genera":{},"pending":true},{"m":"2025-11","release":"PROVISIONAL","traps":20,"trap_hours":235.6,"count":21,"per_trapnight":2.14,"genera":{"Culiseta":18,"Aedes":2,"Anopheles":1},"pending":false},{"m":"2025-10","release":"PROVISIONAL","traps":19,"trap_hours":216.6,"count":185,"per_trapnight":20.5,"genera":{"Aedes":126,"Culex":42,"Anopheles":13,"Psorophora":2,"Culiseta":1,"Uranotaenia":1},"pending":false}]}},{"type":"Feature","geometry":{"type":"Point","coordinates":[-89.53725,46.23391]},"properties":{"site":"UNDE","name":"University of Notre Dame Environmental Research Center NEON","site_type":"CORE","stages":{"nymph":6,"larva":3,"adult":3},"genera":{"ticks":{"Ixodes":9,"unidentified":3},"mosquitoes":{"Aedes":81086,"Coquillettidia":44840,"Anopheles":550,"Culiseta":200,"Culex":29,"unidentified":1}},"ticks":[{"m":"2026-08","release":"PROVISIONAL","drags":5,"area_m2":789,"count":null,"per1000":null,"stages":{},"genera":{},"pending":true},{"m":"2026-07","release":"PROVISIONAL","drags":9,"area_m2":1318,"count":7,"per1000":5.31,"stages":{"nymph":4,"larva":3},"genera":{"Ixodes":4,"unidentified":3},"pending":false},{"m":"2026-06","release":"PROVISIONAL","drags":2,"area_m2":264,"count":1,"per1000":3.79,"stages":{"nymph":1},"genera":{"Ixodes":1},"pending":false},{"m":"2026-05","release":"PROVISIONAL","drags":10,"area_m2":1429,"count":4,"per1000":2.8,"stages":{"adult":3,"nymph":1},"genera":{"Ixodes":4},"pending":false},{"m":"2025-09","release":"PROVISIONAL","drags":6,"area_m2":899,"count":null,"per1000":null,"stages":{},"genera":{},"pending":true}],"mosquitoes":[{"m":"2026-09","release":"PROVISIONAL","traps":20,"trap_hours":236.7,"count":null,"per_trapnight":null,"genera":{},"pending":true},{"m":"2026-08","release":"PROVISIONAL","traps":40,"trap_hours":461.1,"count":5423,"per_trapnight":282.28,"genera":{"Coquillettidia":2599,"Aedes":2534,"Anopheles":264,"Culiseta":23,"Culex":3},"pending":false},{"m":"2026-07","release":"PROVISIONAL","traps":30,"trap_hours":381.6,"count":42513,"per_trapnight":2673.78,"genera":{"Coquillettidia":28365,"Aedes":13920,"Anopheles":171,"Culiseta":44,"Culex":15},"pending":false},{"m":"2026-06","release":"PROVISIONAL","traps":40,"trap_hours":471.7,"count":46016,"per_trapnight":2341.31,"genera":{"Aedes":31951,"Coquillettidia":13876,"Culiseta":117,"Anopheles":69,"Culex":2},"pending":false},{"m":"2026-05","release":"PROVISIONAL","traps":41,"trap_hours":489.5,"count":32305,"per_trapnight":1583.91,"genera":{"Aedes":32255,"Anopheles":40,"Culex":9,"Culiseta":2},"pending":false},{"m":"2026-04","release":"PROVISIONAL","traps":22,"trap_hours":266.5,"count":2,"per_trapnight":0.18,"genera":{"Anopheles":2},"pending":false},{"m":"2025-10","release":"PROVISIONAL","traps":60,"trap_hours":693.5,"count":445,"per_trapnight":15.4,"genera":{"Aedes":426,"Culiseta":14,"Anopheles":4,"unidentified":1},"pending":false}]}},{"type":"Feature","geometry":{"type":"Point","coordinates":[-99.24133,47.1282]},"properties":{"site":"WOOD","name":"Chase Lake National Wildlife Refuge NEON","site_type":"CORE","stages":{"adult":39},"genera":{"ticks":{"Dermacentor":39},"mosquitoes":{"Anopheles":661,"Aedes":531,"Culiseta":18,"Coquillettidia":4,"Culex":1}},"ticks":[{"m":"2026-09","release":"PROVISIONAL","drags":6,"area_m2":960,"count":null,"per1000":null,"stages":{},"genera":{},"pending":true},{"m":"2026-08","release":"PROVISIONAL","drags":6,"area_m2":960,"count":null,"per1000":null,"stages":{},"genera":{},"pending":true},{"m":"2026-07","release":"PROVISIONAL","drags":8,"area_m2":1280,"count":1,"per1000":0.78,"stages":{"adult":1},"genera":{"Dermacentor":1},"pending":false},{"m":"2026-06","release":"PROVISIONAL","drags":9,"area_m2":1369,"count":7,"per1000":5.11,"stages":{"adult":7},"genera":{"Dermacentor":7},"pending":false},{"m":"2026-05","release":"PROVISIONAL","drags":6,"area_m2":958,"count":31,"per1000":32.36,"stages":{"adult":31},"genera":{"Dermacentor":31},"pending":false},{"m":"2025-09","release":"PROVISIONAL","drags":12,"area_m2":1920,"count":null,"per1000":null,"stages":{},"genera":{},"pending":true}],"mosquitoes":[{"m":"2026-08","release":"PROVISIONAL","traps":40,"trap_hours":476.8,"count":null,"per_trapnight":null,"genera":{},"pending":true},{"m":"2026-07","release":"PROVISIONAL","traps":59,"trap_hours":719.0,"count":null,"per_trapnight":null,"genera":{},"pending":true},{"m":"2026-06","release":"PROVISIONAL","traps":36,"trap_hours":429.6,"count":1161,"per_trapnight":64.88,"genera":{"Anopheles":654,"Aedes":492,"Culiseta":10,"Coquillettidia":4,"Culex":1},"pending":false},{"m":"2026-05","release":"PROVISIONAL","traps":30,"trap_hours":391.2,"count":null,"per_trapnight":null,"genera":{},"pending":true},{"m":"2026-04","release":"PROVISIONAL","traps":21,"trap_hours":250.9,"count":8,"per_trapnight":0.77,"genera":{"Culiseta":8},"pending":false},{"m":"2026-03","release":"PROVISIONAL","traps":3,"trap_hours":45.5,"count":null,"per_trapnight":null,"genera":{},"pending":true},{"m":"2025-10","release":"PROVISIONAL","traps":40,"trap_hours":478.2,"count":46,"per_trapnight":2.31,"genera":{"Aedes":39,"Anopheles":7},"pending":false}]}},{"type":"Feature","geometry":{"type":"Point","coordinates":[-121.95191,45.82049]},"properties":{"site":"WREF","name":"Wind River Experimental Forest NEON","site_type":"CORE","stages":{},"genera":{"ticks":{},"mosquitoes":{"Aedes":177,"Culiseta":39,"Coquillettidia":1,"Anopheles":1}},"ticks":[{"m":"2026-08","release":"PROVISIONAL","drags":6,"area_m2":925,"count":null,"per1000":null,"stages":{},"genera":{},"pending":true},{"m":"2026-07","release":"PROVISIONAL","drags":12,"area_m2":1853,"count":null,"per1000":null,"stages":{},"genera":{},"pending":true},{"m":"2026-06","release":"PROVISIONAL","drags":6,"area_m2":929,"count":null,"per1000":null,"stages":{},"genera":{},"pending":true},{"m":"2026-05","release":"PROVISIONAL","drags":12,"area_m2":1875,"count":null,"per1000":null,"stages":{},"genera":{},"pending":true},{"m":"2026-03","release":"PROVISIONAL","drags":5,"area_m2":789,"count":null,"per1000":null,"stages":{},"genera":{},"pending":true},{"m":"2025-09","release":"PROVISIONAL","drags":6,"area_m2":901,"count":null,"per1000":null,"stages":{},"genera":{},"pending":true}],"mosquitoes":[{"m":"2026-08","release":"PROVISIONAL","traps":40,"trap_hours":473.8,"count":13,"per_trapnight":0.66,"genera":{"Aedes":13},"pending":false},{"m":"2026-07","release":"PROVISIONAL","traps":30,"trap_hours":359.0,"count":54,"per_trapnight":3.61,"genera":{"Aedes":48,"Culiseta":5,"Coquillettidia":1},"pending":false},{"m":"2026-06","release":"PROVISIONAL","traps":30,"trap_hours":360.5,"count":79,"per_trapnight":5.26,"genera":{"Aedes":66,"Culiseta":13},"pending":false},{"m":"2026-05","release":"PROVISIONAL","traps":40,"trap_hours":480.0,"count":70,"per_trapnight":3.5,"genera":{"Aedes":50,"Culiseta":20},"pending":false},{"m":"2026-04","release":"PROVISIONAL","traps":46,"trap_hours":532.0,"count":1,"per_trapnight":0.05,"genera":{"Culiseta":1},"pending":false},{"m":"2026-03","release":"PROVISIONAL","traps":15,"trap_hours":210.6,"count":1,"per_trapnight":0.11,"genera":{"Anopheles":1},"pending":false},{"m":"2025-11","release":"PROVISIONAL","traps":23,"trap_hours":285.2,"count":null,"per_trapnight":null,"genera":{},"pending":true},{"m":"2025-10","release":"PROVISIONAL","traps":49,"trap_hours":551.2,"count":null,"per_trapnight":null,"genera":{},"pending":true}]}},{"type":"Feature","geometry":{"type":"Point","coordinates":[-110.53914,44.95348]},"properties":{"site":"YELL","name":"Yellowstone National Park NEON","site_type":"CORE","stages":{"adult":4},"genera":{"ticks":{"Dermacentor":4},"mosquitoes":{"Aedes":628,"Culiseta":25,"Culex":7,"Coquillettidia":5}},"ticks":[{"m":"2026-09","release":"PROVISIONAL","drags":3,"area_m2":487,"count":null,"per1000":null,"stages":{},"genera":{},"pending":true},{"m":"2026-08","release":"PROVISIONAL","drags":6,"area_m2":960,"count":null,"per1000":null,"stages":{},"genera":{},"pending":true},{"m":"2026-07","release":"PROVISIONAL","drags":2,"area_m2":320,"count":1,"per1000":3.12,"stages":{"adult":1},"genera":{"Dermacentor":1},"pending":false},{"m":"2026-06","release":"PROVISIONAL","drags":10,"area_m2":1623,"count":null,"per1000":null,"stages":{},"genera":{},"pending":true},{"m":"2026-05","release":"PROVISIONAL","drags":5,"area_m2":809,"count":3,"per1000":3.71,"stages":{"adult":3},"genera":{"Dermacentor":3},"pending":false},{"m":"2025-09","release":"PROVISIONAL","drags":6,"area_m2":965,"count":null,"per1000":null,"stages":{},"genera":{},"pending":true}],"mosquitoes":[{"m":"2026-08","release":"PROVISIONAL","traps":32,"trap_hours":372.7,"count":null,"per_trapnight":null,"genera":{},"pending":true},{"m":"2026-07","release":"PROVISIONAL","traps":25,"trap_hours":295.2,"count":311,"per_trapnight":25.28,"genera":{"Aedes":296,"Culiseta":8,"Coquillettidia":5,"Culex":2},"pending":false},{"m":"2026-06","release":"PROVISIONAL","traps":38,"trap_hours":455.8,"count":348,"per_trapnight":18.32,"genera":{"Aedes":328,"Culiseta":16,"Culex":4},"pending":false},{"m":"2026-05","release":"PROVISIONAL","traps":21,"trap_hours":250.7,"count":6,"per_trapnight":0.57,"genera":{"Aedes":4,"Culiseta":1,"Culex":1},"pending":false}]}}]}