{"type":"FeatureCollection","generated_at":"2026-10-06T11:35:33Z","source":{"id":"phenology","name":"USA National Phenology Network, Nature's Notebook status reports","url":"https://www.usanpn.org/data/observational","api":"https://services.usanpn.org/npn_portal/observations/getObservations.json","doi":"https://doi.org/10.5066/F78S4N1V","licence":"CC BY 4.0 (USA-NPN Data Use Policy)","note":"Data were provided by the USA National Phenology Network and the many participants who contribute to its Nature's Notebook program. Status reports are observer visits, not a census: a site with no dot for a class was not checked for it, and effort differs between sites and weeks.","citation":"USA National Phenology Network. 2026. Plant and Animal Phenology Data. Data type: Status and Intensity. 2026-08-12 to 2026-10-06. USA-NPN, Tucson, Arizona, USA. Data set accessed 2026-10-06 at https://doi.org/10.5066/F78S4N1V"},"today":"2026-10-06","since":"2026-08-12","newest":"2026-10-05","weeks":["2026-10-06","2026-09-29","2026-09-22","2026-09-15","2026-09-08","2026-09-01","2026-08-25","2026-08-18"],"classes":{"leaves":"Leaves","flowers":"Flowers","fruits":"Fruits","insects":"Insect activity/emergence","birds":"Birds present/active"},"counts":{"in_window":372174,"uncertain":4253,"sites":833,"sites_with_yes":818,"yes_leaves":49487,"yes_flowers":6160,"yes_fruits":24969,"yes_insects":1360,"yes_birds":3375,"raw":{"plants:leaves":143557,"plants:leaves:unclassed":0,"plants:flowers":86076,"plants:flowers:unclassed":0,"plants:fruits":106862,"plants:fruits:unclassed":0,"animals:activity":42492,"animals:activity:unclassed":6567,"animals:development":30999,"animals:development:unclassed":26992}},"features":[{"type":"Feature","geometry":{"type":"Point","coordinates":[-70.69133,43.08535]},"properties":{"site":2,"st":"ME","n":248,"classes":{"leaves":180,"flowers":14,"fruits":54},"weeks":[{"w":"2026-10-06","yes":{"leaves":38,"flowers":6,"fruits":9},"obs":{"leaves":70,"flowers":36,"fruits":35},"sp":{"leaves":{"common winterberry":6,"sugar maple":6,"forsythia":6,"black oak":3,"northern red oak":3},"flowers":{"forsythia":4,"American witchhazel":2},"fruits":{"common winterberry":3,"northern red oak":3,"American witchhazel":2,"black oak":1}}},{"w":"2026-09-29","yes":{"leaves":34,"flowers":2,"fruits":7},"obs":{"leaves":70,"flowers":36,"fruits":35},"sp":{"leaves":{"sugar maple":6,"forsythia":6,"common winterberry":4,"common serviceberry":3,"northern red oak":3},"flowers":{"American witchhazel":2},"fruits":{"common winterberry":3,"northern red oak":2,"black oak":1,"American witchhazel":1}}},{"w":"2026-09-22","yes":{"leaves":33,"flowers":3,"fruits":9},"obs":{"leaves":70,"flowers":36,"fruits":36},"sp":{"leaves":{"forsythia":6,"sugar maple":5,"common winterberry":4,"northern red oak":3,"paper birch":3},"flowers":{"forsythia":2,"American witchhazel":1},"fruits":{"common winterberry":3,"northern red oak":3,"black oak":1,"sugar maple":1,"American witchhazel":1}}},{"w":"2026-09-08","yes":{"leaves":30,"flowers":1,"fruits":9},"obs":{"leaves":70,"flowers":36,"fruits":35},"sp":{"leaves":{"forsythia":5,"sugar maple":4,"common winterberry":4,"common serviceberry":3,"northern red oak":3},"flowers":{"American witchhazel":1},"fruits":{"sugar maple":3,"northern red oak":2,"common winterberry":2,"American witchhazel":1,"black oak":1}}},{"w":"2026-08-25","yes":{"leaves":26,"flowers":1,"fruits":9},"obs":{"leaves":77,"flowers":41,"fruits":40},"sp":{"leaves":{"sugar maple":4,"forsythia":4,"common serviceberry":3,"northern red oak":3,"paper birch":3},"flowers":{"American witchhazel":1},"fruits":{"sugar maple":4,"American witchhazel":2,"common winterberry":1,"black oak":1,"northern red oak":1}}},{"w":"2026-08-18","yes":{"leaves":19,"flowers":1,"fruits":11},"obs":{"leaves":77,"flowers":41,"fruits":42},"sp":{"leaves":{"sugar maple":3,"forsythia":3,"common serviceberry":3,"Virginia strawberry":2,"common winterberry":2},"flowers":{"American witchhazel":1},"fruits":{"sugar maple":6,"mayapple":1,"common winterberry":1,"black oak":1,"northern red oak":1}}}]}},{"type":"Feature","geometry":{"type":"Point","coordinates":[-110.80113,32.21687]},"properties":{"site":30,"st":"AZ","n":40,"classes":{"leaves":16,"flowers":10,"fruits":14},"weeks":[{"w":"2026-10-06","yes":{"leaves":2},"obs":{"leaves":4,"flowers":2},"sp":{"leaves":{"desert willow":2}}},{"w":"2026-09-29","yes":{"leaves":4,"flowers":6,"fruits":8},"obs":{"leaves":5,"flowers":10,"fruits":12},"sp":{"leaves":{"citrus":3,"Texas barometer bush":1},"flowers":{"citrus":6},"fruits":{"citrus":8}}},{"w":"2026-09-01","yes":{"leaves":5,"fruits":1},"obs":{"leaves":7,"flowers":4,"fruits":7},"sp":{"leaves":{"desert willow":3,"ocotillo":2},"fruits":{"desert willow":1}}},{"w":"2026-08-18","yes":{"leaves":5,"flowers":4,"fruits":5},"obs":{"leaves":8,"flowers":14,"fruits":16},"sp":{"leaves":{"citrus":2,"desert willow":2,"Texas barometer bush":1},"flowers":{"candy barrelcactus":2,"desert willow":2},"fruits":{"citrus":3,"candy barrelcactus":2}}}]}},{"type":"Feature","geometry":{"type":"Point","coordinates":[-114.47144,41.03333]},"properties":{"site":171,"st":"NV","n":1,"classes":{"flowers":1},"weeks":[{"w":"2026-10-06","yes":{"flowers":1},"obs":{"leaves":2,"flowers":3},"sp":{"flowers":{"common lilac":1}}}]}},{"type":"Feature","geometry":{"type":"Point","coordinates":[-74.21788,43.97008]},"properties":{"site":177,"st":"NY","n":12,"classes":{"leaves":12},"weeks":[{"w":"2026-10-06","yes":{"leaves":8},"obs":{"leaves":15,"flowers":9,"fruits":8},"sp":{"leaves":{"sugar maple":8}}},{"w":"2026-09-29","yes":{"leaves":2},"obs":{"leaves":5,"flowers":3,"fruits":3},"sp":{"leaves":{"sugar maple":2}}},{"w":"2026-09-22","yes":{"leaves":2},"obs":{"leaves":5,"flowers":3,"fruits":3},"sp":{"leaves":{"sugar maple":2}}}]}},{"type":"Feature","geometry":{"type":"Point","coordinates":[-83.00993,40.05961]},"properties":{"site":859,"st":"OH","n":60,"classes":{"leaves":32,"flowers":9,"fruits":19},"weeks":[{"w":"2026-10-06","yes":{"leaves":9,"flowers":1,"fruits":3},"obs":{"leaves":23,"flowers":15,"fruits":21},"sp":{"leaves":{"flowering dogwood":3,"red maple":2,"eastern redbud":2,"swamp milkweed":1,"California poppy":1},"flowers":{"flowering dogwood":1},"fruits":{"eastern redbud":2,"California poppy":1}}},{"w":"2026-09-29","yes":{"leaves":9,"flowers":3,"fruits":6},"obs":{"leaves":23,"flowers":15,"fruits":21},"sp":{"leaves":{"flowering dogwood":3,"California poppy":2,"butterfly milkweed":1,"red maple":1,"swamp milkweed":1},"flowers":{"California poppy":2,"flowering dogwood":1},"fruits":{"California poppy":3,"eastern redbud":3}}},{"w":"2026-09-01","yes":{"leaves":7,"flowers":3,"fruits":6},"obs":{"leaves":23,"flowers":15,"fruits":21},"sp":{"leaves":{"flowering dogwood":2,"butterfly milkweed":1,"red maple":1,"swamp milkweed":1,"California poppy":1},"flowers":{"California poppy":2,"flowering dogwood":1},"fruits":{"California poppy":3,"eastern redbud":3}}},{"w":"2026-08-18","yes":{"leaves":7,"flowers":2,"fruits":4},"obs":{"leaves":23,"flowers":15,"fruits":21},"sp":{"leaves":{"flowering dogwood":2,"red maple":1,"swamp milkweed":1,"California poppy":1,"eastern redbud":1},"flowers":{"California poppy":2},"fruits":{"California poppy":3,"eastern redbud":1}}}]}},{"type":"Feature","geometry":{"type":"Point","coordinates":[-108.76728,44.75078]},"properties":{"site":1109,"st":"WY","n":50,"classes":{"leaves":50},"weeks":[{"w":"2026-10-06","yes":{"leaves":5},"obs":{"leaves":10,"flowers":5,"fruits":6},"sp":{"leaves":{"green ash":3,"chokecherry":2}}},{"w":"2026-09-29","yes":{"leaves":15},"obs":{"leaves":30,"flowers":15,"fruits":18},"sp":{"leaves":{"green ash":9,"chokecherry":6}}},{"w":"2026-09-22","yes":{"leaves":9},"obs":{"leaves":20,"flowers":10,"fruits":12},"sp":{"leaves":{"green ash":5,"chokecherry":4}}},{"w":"2026-09-15","yes":{"leaves":3},"obs":{"leaves":10,"flowers":5,"fruits":6},"sp":{"leaves":{"chokecherry":2,"green ash":1}}},{"w":"2026-09-08","yes":{"leaves":3},"obs":{"leaves":10,"flowers":5,"fruits":6},"sp":{"leaves":{"chokecherry":2,"green ash":1}}},{"w":"2026-09-01","yes":{"leaves":6},"obs":{"leaves":20,"flowers":10,"fruits":12},"sp":{"leaves":{"chokecherry":4,"green ash":2}}},{"w":"2026-08-25","yes":{"leaves":7},"obs":{"leaves":30,"flowers":15,"fruits":18},"sp":{"leaves":{"chokecherry":4,"green ash":3}}},{"w":"2026-08-18","yes":{"leaves":2},"obs":{"leaves":10,"flowers":5,"fruits":6},"sp":{"leaves":{"green ash":1,"chokecherry":1}}}]}},{"type":"Feature","geometry":{"type":"Point","coordinates":[-122.35797,47.75495]},"properties":{"site":1274,"st":"WA","n":60,"classes":{"leaves":43,"fruits":15,"flowers":2},"weeks":[{"w":"2026-10-06","yes":{"leaves":7,"fruits":2},"obs":{"leaves":18,"flowers":9,"fruits":12},"sp":{"leaves":{"vine maple":2,"chokecherry":2,"common snowberry":2,"bunchberry dogwood":1},"fruits":{"vine maple":2}}},{"w":"2026-09-29","yes":{"leaves":7,"fruits":2},"obs":{"leaves":18,"flowers":9,"fruits":12},"sp":{"leaves":{"chokecherry":2,"common snowberry":2,"vine maple":2,"bunchberry dogwood":1},"fruits":{"vine maple":2}}},{"w":"2026-09-22","yes":{"leaves":7,"fruits":2},"obs":{"leaves":18,"flowers":9,"fruits":12},"sp":{"leaves":{"chokecherry":2,"common snowberry":2,"vine maple":2,"bunchberry dogwood":1},"fruits":{"vine maple":2}}},{"w":"2026-09-08","yes":{"leaves":6,"fruits":1},"obs":{"leaves":18,"flowers":9,"fruits":12},"sp":{"leaves":{"common snowberry":2,"vine maple":2,"bunchberry dogwood":1,"chokecherry":1},"fruits":{"vine maple":1}}},{"w":"2026-09-01","yes":{"leaves":6,"fruits":2},"obs":{"leaves":18,"flowers":9,"fruits":12},"sp":{"leaves":{"common snowberry":2,"vine maple":2,"bunchberry dogwood":1,"chokecherry":1},"fruits":{"common snowberry":1,"vine maple":1}}},{"w":"2026-08-25","yes":{"leaves":6,"fruits":3},"obs":{"leaves":18,"flowers":9,"fruits":12},"sp":{"leaves":{"common snowberry":2,"vine maple":2,"bunchberry dogwood":1,"chokecherry":1},"fruits":{"common snowberry":2,"vine maple":1}}},{"w":"2026-08-18","yes":{"leaves":4,"flowers":2,"fruits":3},"obs":{"leaves":18,"flowers":9,"fruits":12},"sp":{"leaves":{"vine maple":1,"bunchberry dogwood":1,"chokecherry":1,"common snowberry":1},"flowers":{"bunchberry dogwood":2},"fruits":{"common snowberry":2,"vine maple":1}}}]}},{"type":"Feature","geometry":{"type":"Point","coordinates":[-88.5033,42.01117]},"properties":{"site":1419,"st":"IL","n":5,"classes":{"leaves":3,"fruits":2},"weeks":[{"w":"2026-08-18","yes":{"leaves":3,"fruits":2},"obs":{"leaves":17,"flowers":11,"fruits":8,"insects":3,"birds":113},"sp":{"leaves":{"forsythia":1,"bur oak":1,"red maple":1},"fruits":{"bur oak":2}}}]}},{"type":"Feature","geometry":{"type":"Point","coordinates":[-122.37742,47.77624]},"properties":{"site":1484,"st":"WA","n":56,"classes":{"leaves":19,"flowers":15,"fruits":22},"weeks":[{"w":"2026-10-06","yes":{"leaves":3,"flowers":1,"fruits":3},"obs":{"leaves":14,"flowers":9,"fruits":12},"sp":{"leaves":{"redosier dogwood":2,"common snowberry":1},"flowers":{"kinnikinnick":1},"fruits":{"kinnikinnick":2,"common snowberry":1}}},{"w":"2026-09-29","yes":{"leaves":2,"flowers":1,"fruits":3},"obs":{"leaves":14,"flowers":9,"fruits":12},"sp":{"leaves":{"redosier dogwood":1,"common snowberry":1},"flowers":{"kinnikinnick":1},"fruits":{"kinnikinnick":2,"common snowberry":1}}},{"w":"2026-09-22","yes":{"leaves":2,"flowers":1,"fruits":3},"obs":{"leaves":14,"flowers":9,"fruits":12},"sp":{"leaves":{"redosier dogwood":1,"common snowberry":1},"flowers":{"kinnikinnick":1},"fruits":{"kinnikinnick":2,"common snowberry":1}}},{"w":"2026-09-08","yes":{"leaves":3,"flowers":3,"fruits":3},"obs":{"leaves":14,"flowers":9,"fruits":12},"sp":{"leaves":{"redosier dogwood":2,"common snowberry":1},"flowers":{"common snowberry":2,"kinnikinnick":1},"fruits":{"kinnikinnick":2,"common snowberry":1}}},{"w":"2026-09-01","yes":{"leaves":3,"flowers":3,"fruits":4},"obs":{"leaves":14,"flowers":9,"fruits":12},"sp":{"leaves":{"redosier dogwood":2,"common snowberry":1},"flowers":{"common snowberry":2,"kinnikinnick":1},"fruits":{"kinnikinnick":2,"common snowberry":2}}},{"w":"2026-08-25","yes":{"leaves":3,"flowers":3,"fruits":4},"obs":{"leaves":14,"flowers":9,"fruits":12},"sp":{"leaves":{"redosier dogwood":2,"common snowberry":1},"flowers":{"common snowberry":2,"kinnikinnick":1},"fruits":{"kinnikinnick":2,"common snowberry":2}}},{"w":"2026-08-18","yes":{"leaves":3,"flowers":3,"fruits":2},"obs":{"leaves":14,"flowers":9,"fruits":12},"sp":{"leaves":{"redosier dogwood":2,"common snowberry":1},"flowers":{"common snowberry":2,"kinnikinnick":1},"fruits":{"kinnikinnick":2}}}]}},{"type":"Feature","geometry":{"type":"Point","coordinates":[-73.87572,40.86628]},"properties":{"site":1668,"st":"NY","n":298,"classes":{"leaves":253,"flowers":7,"fruits":38},"weeks":[{"w":"2026-09-22","yes":{"leaves":28},"obs":{"leaves":92,"flowers":50,"fruits":57},"sp":{"leaves":{"white ash":6,"tuliptree":6,"black oak":4,"red maple":3,"American elm":2}}},{"w":"2026-09-15","yes":{"leaves":75,"flowers":2,"fruits":12},"obs":{"leaves":317,"flowers":167,"fruits":200},"sp":{"leaves":{"black oak":10,"red maple":8,"white ash":7,"sweetgum":6,"sweet birch":5},"flowers":{"white wood aster":2},"fruits":{"black oak":3,"sweetgum":3,"tuliptree":3,"American beech":2,"blackhaw":1}}},{"w":"2026-09-08","yes":{"leaves":48,"flowers":1,"fruits":12},"obs":{"leaves":225,"flowers":115,"fruits":143},"sp":{"leaves":{"black oak":5,"sweetgum":4,"red maple":4,"sugar maple":3,"sassafras":3},"flowers":{"white wood aster":1},"fruits":{"black oak":4,"sweetgum":3,"tuliptree":3,"American beech":1,"blackhaw":1}}},{"w":"2026-09-01","yes":{"leaves":44,"flowers":1,"fruits":6},"obs":{"leaves":223,"flowers":114,"fruits":141},"sp":{"leaves":{"black oak":5,"sweetgum":4,"red maple":4,"white ash":3,"sassafras":3},"flowers":{"white wood aster":1},"fruits":{"sweetgum":3,"tuliptree":2,"blackhaw":1}}},{"w":"2026-08-25","yes":{"leaves":58,"flowers":3,"fruits":8},"obs":{"leaves":273,"flowers":139,"fruits":169},"sp":{"leaves":{"black oak":7,"sweetgum":5,"tuliptree":5,"American beech":4,"red maple":4},"flowers":{"sweet birch":2,"white wood aster":1},"fruits":{"sweetgum":3,"tuliptree":3,"mapleleaf viburnum":1,"blackhaw":1}}}]}},{"type":"Feature","geometry":{"type":"Point","coordinates":[-93.431,47.14321]},"properties":{"site":1904,"st":"MN","n":453,"classes":{"leaves":334,"flowers":12,"fruits":107},"weeks":[{"w":"2026-09-29","yes":{"leaves":58,"flowers":3,"fruits":5},"obs":{"leaves":122,"flowers":68,"fruits":82},"sp":{"leaves":{"red maple":6,"common winterberry":3,"alternateleaf dogwood":3,"silver maple":3,"red elderberry":3},"flowers":{"New England aster":3},"fruits":{"common winterberry":2,"staghorn sumac":2,"gray alder":1}}},{"w":"2026-09-22","yes":{"leaves":82,"flowers":2,"fruits":20},"obs":{"leaves":224,"flowers":130,"fruits":155},"sp":{"leaves":{"alternateleaf dogwood":6,"red maple":5,"American hazelnut":5,"gray alder":4,"quaking aspen":4},"flowers":{"New England aster":2},"fruits":{"common winterberry":6,"tamarack":3,"leatherleaf":3,"northern red oak":3,"staghorn sumac":2}}},{"w":"2026-09-15","yes":{"leaves":71,"flowers":2,"fruits":22},"obs":{"leaves":224,"flowers":131,"fruits":152},"sp":{"leaves":{"red maple":5,"alternateleaf dogwood":5,"common winterberry":4,"American hazelnut":4,"quaking aspen":4},"flowers":{"New England aster":2},"fruits":{"common winterberry":6,"northern red oak":3,"balsam fir":2,"staghorn sumac":2,"tamarack":2}}},{"w":"2026-09-01","yes":{"leaves":54,"flowers":1,"fruits":19},"obs":{"leaves":195,"flowers":114,"fruits":136},"sp":{"leaves":{"alternateleaf dogwood":6,"common winterberry":4,"red elderberry":3,"American hazelnut":3,"red maple":2},"flowers":{"flat-top goldentop":1},"fruits":{"common winterberry":5,"northern red oak":3,"gray alder":2,"staghorn sumac":2,"leatherleaf":2}}},{"w":"2026-08-25","yes":{"leaves":49,"flowers":2,"fruits":25},"obs":{"leaves":224,"flowers":131,"fruits":156},"sp":{"leaves":{"quaking aspen":4,"common winterberry":3,"alternateleaf dogwood":3,"red maple":2,"New England aster":2},"flowers":{"flat-top goldentop":2},"fruits":{"common winterberry":3,"black cherry":3,"black chokeberry":3,"tamarack":3,"American mountain ash":2}}},{"w":"2026-08-18","yes":{"leaves":20,"flowers":2,"fruits":16},"obs":{"leaves":98,"flowers":59,"fruits":69},"sp":{"leaves":{"quaking aspen":2,"tamarack":2,"American hazelnut":2,"common winterberry":2,"pussy willow":2},"flowers":{"flat-top goldentop":2},"fruits":{"alternateleaf dogwood":3,"tamarack":2,"American hazelnut":2,"beaked hazelnut":2,"common winterberry":2}}}]}},{"type":"Feature","geometry":{"type":"Point","coordinates":[-73.87519,40.86222]},"properties":{"site":2119,"st":"NY","n":135,"classes":{"leaves":101,"flowers":12,"fruits":22},"weeks":[{"w":"2026-10-06","yes":{"leaves":15,"flowers":3,"fruits":3},"obs":{"leaves":37,"flowers":21,"fruits":24},"sp":{"leaves":{"pignut hickory":4,"northern spicebush":3,"shagbark hickory":2,"American beech":2,"red maple":2},"flowers":{"white wood aster":2,"white oak":1},"fruits":{"white oak":3}}},{"w":"2026-09-29","yes":{"leaves":1},"obs":{"leaves":5,"flowers":3,"fruits":3},"sp":{"leaves":{"red maple":1}}},{"w":"2026-09-22","yes":{"leaves":28,"flowers":3,"fruits":8},"obs":{"leaves":138,"flowers":75,"fruits":90},"sp":{"leaves":{"pignut hickory":6,"red maple":4,"flowering dogwood":2,"northern spicebush":2,"black cherry":2},"flowers":{"white wood aster":2,"American witchhazel":1},"fruits":{"sweetgum":3,"American witchhazel":2,"pignut hickory":2,"American beech":1}}},{"w":"2026-08-25","yes":{"leaves":30,"flowers":3,"fruits":6},"obs":{"leaves":138,"flowers":75,"fruits":90},"sp":{"leaves":{"pignut hickory":5,"red maple":4,"black cherry":2,"American beech":2,"sweetgum":2},"flowers":{"white wood aster":2,"American witchhazel":1},"fruits":{"sweetgum":3,"American beech":2,"American witchhazel":1}}},{"w":"2026-08-18","yes":{"leaves":27,"flowers":3,"fruits":5},"obs":{"leaves":138,"flowers":75,"fruits":90},"sp":{"leaves":{"pignut hickory":5,"red maple":4,"black cherry":2,"American beech":2,"sweetgum":2},"flowers":{"white wood aster":2,"American witchhazel":1},"fruits":{"sweetgum":3,"American witchhazel":2}}}]}},{"type":"Feature","geometry":{"type":"Point","coordinates":[-73.87666,40.86344]},"properties":{"site":2120,"st":"NY","n":418,"classes":{"leaves":329,"flowers":7,"fruits":82},"weeks":[{"w":"2026-10-06","yes":{"leaves":31,"flowers":7,"fruits":1},"obs":{"leaves":60,"flowers":37,"fruits":42},"sp":{"leaves":{"sugar maple":11,"pignut hickory":10,"northern red oak":4,"black cherry":3,"white wood aster":3},"flowers":{"white wood aster":4,"northern red oak":1,"pignut hickory":1,"sugar maple":1},"fruits":{"pignut hickory":1}}},{"w":"2026-09-29","yes":{"leaves":18,"fruits":9},"obs":{"leaves":89,"flowers":47,"fruits":55},"sp":{"leaves":{"northern red oak":3,"black cherry":3,"sugar maple":3,"pignut hickory":2,"flowering dogwood":2},"fruits":{"pignut hickory":3,"sweetgum":2,"white oak":2,"flowering dogwood":1,"blackhaw":1}}},{"w":"2026-09-22","yes":{"leaves":55,"fruits":15},"obs":{"leaves":187,"flowers":100,"fruits":119},"sp":{"leaves":{"black cherry":11,"pignut hickory":10,"northern red oak":7,"blackhaw":6,"sugar maple":6},"fruits":{"blackhaw":4,"flowering dogwood":4,"pignut hickory":3,"white oak":3,"sweetgum":1}}},{"w":"2026-09-15","yes":{"leaves":52,"fruits":15},"obs":{"leaves":187,"flowers":100,"fruits":120},"sp":{"leaves":{"black cherry":11,"pignut hickory":8,"northern red oak":8,"blackhaw":7,"sugar maple":6},"fruits":{"pignut hickory":6,"flowering dogwood":3,"blackhaw":3,"white oak":2,"sweetgum":1}}},{"w":"2026-09-08","yes":{"leaves":29,"fruits":5},"obs":{"leaves":94,"flowers":50,"fruits":60},"sp":{"leaves":{"black cherry":7,"blackhaw":4,"northern red oak":3,"sweetgum":3,"sugar maple":3},"fruits":{"flowering dogwood":2,"sugar maple":1,"blackhaw":1,"pignut hickory":1}}},{"w":"2026-09-01","yes":{"leaves":45,"fruits":10},"obs":{"leaves":94,"flowers":50,"fruits":60},"sp":{"leaves":{"blackhaw":8,"pignut hickory":7,"northern red oak":7,"black cherry":6,"sugar maple":6},"fruits":{"pignut hickory":4,"sweetgum":3,"flowering dogwood":2,"blackhaw":1}}},{"w":"2026-08-25","yes":{"leaves":64,"fruits":19},"obs":{"leaves":188,"flowers":100,"fruits":120},"sp":{"leaves":{"northern red oak":11,"sugar maple":11,"black cherry":10,"pignut hickory":9,"blackhaw":7},"fruits":{"pignut hickory":6,"sweetgum":5,"blackhaw":4,"northern red oak":2,"black cherry":1}}},{"w":"2026-08-18","yes":{"leaves":35,"fruits":8},"obs":{"leaves":94,"flowers":50,"fruits":60},"sp":{"leaves":{"sugar maple":7,"blackhaw":7,"northern red oak":5,"black cherry":4,"pignut hickory":4},"fruits":{"sweetgum":3,"pignut hickory":2,"blackhaw":2,"flowering dogwood":1}}}]}},{"type":"Feature","geometry":{"type":"Point","coordinates":[-73.45637,41.25575]},"properties":{"site":2540,"st":"CT","n":307,"classes":{"leaves":173,"flowers":19,"fruits":102,"insects":13},"weeks":[{"w":"2026-10-06","yes":{"leaves":26,"flowers":3,"fruits":12,"insects":2},"obs":{"leaves":55,"flowers":45,"fruits":26,"insects":6},"sp":{"leaves":{"sugar maple":21,"common lilac":4,"red columbine":1},"flowers":{"common lilac":3},"fruits":{"sugar maple":10,"mountain laurel":2},"insects":{"bumblebee":2}}},{"w":"2026-09-29","yes":{"leaves":32,"flowers":4,"fruits":17,"insects":2},"obs":{"leaves":73,"flowers":58,"fruits":49,"insects":6},"sp":{"leaves":{"sugar maple":22,"common lilac":5,"red columbine":2,"mountain laurel":1,"bloodroot":1},"flowers":{"common lilac":3,"jack in the pulpit":1},"fruits":{"sugar maple":14,"mountain laurel":3},"insects":{"bumblebee":2}}},{"w":"2026-09-22","yes":{"leaves":25,"flowers":2,"fruits":18,"insects":4},"obs":{"leaves":73,"flowers":58,"fruits":47,"insects":7},"sp":{"leaves":{"sugar maple":18,"common lilac":5,"red columbine":2},"flowers":{"common lilac":2},"fruits":{"sugar maple":15,"mountain laurel":3},"insects":{"bumblebee":4}}},{"w":"2026-09-15","yes":{"leaves":21,"flowers":2,"fruits":19,"insects":2},"obs":{"leaves":54,"flowers":44,"fruits":42,"insects":6},"sp":{"leaves":{"sugar maple":15,"common lilac":4,"red columbine":2},"flowers":{"common lilac":2},"fruits":{"sugar maple":18,"mountain laurel":1},"insects":{"bumblebee":2}}},{"w":"2026-09-08","yes":{"leaves":23,"flowers":3,"fruits":16},"obs":{"leaves":77,"flowers":65,"fruits":63,"insects":3},"sp":{"leaves":{"sugar maple":13,"common lilac":4,"red columbine":3,"bloodroot":2,"jack in the pulpit":1},"flowers":{"common lilac":3},"fruits":{"sugar maple":10,"mountain laurel":3,"red columbine":3}}},{"w":"2026-09-01","yes":{"leaves":16,"flowers":2,"fruits":6,"insects":1},"obs":{"leaves":53,"flowers":36,"fruits":29,"insects":4},"sp":{"leaves":{"sugar maple":9,"common lilac":3,"red columbine":2,"bloodroot":1,"mountain laurel":1},"flowers":{"common lilac":2},"fruits":{"mountain laurel":4,"sugar maple":2},"insects":{"bumblebee":1}}},{"w":"2026-08-25","yes":{"leaves":19,"flowers":2,"fruits":8},"obs":{"leaves":54,"flowers":44,"fruits":42,"insects":3},"sp":{"leaves":{"sugar maple":11,"common lilac":3,"mountain laurel":2,"red columbine":2,"bloodroot":1},"flowers":{"common lilac":2},"fruits":{"sugar maple":7,"mountain laurel":1}}},{"w":"2026-08-18","yes":{"leaves":11,"flowers":1,"fruits":6,"insects":2},"obs":{"leaves":44,"flowers":33,"fruits":32,"insects":6},"sp":{"leaves":{"sugar maple":9,"red columbine":1,"common lilac":1},"flowers":{"common lilac":1},"fruits":{"sugar maple":4,"mountain laurel":2},"insects":{"bumblebee":2}}}]}},{"type":"Feature","geometry":{"type":"Point","coordinates":[-116.03961,34.12822]},"properties":{"site":5442,"st":"CA","n":102,"classes":{"leaves":48,"fruits":53,"flowers":1},"weeks":[{"w":"2026-09-29","yes":{"leaves":9,"fruits":6},"obs":{"leaves":25,"flowers":25,"fruits":30},"sp":{"leaves":{"creosote bush":5,"honey mesquite":4},"fruits":{"creosote bush":6}}},{"w":"2026-09-22","yes":{"leaves":11,"flowers":1,"fruits":11},"obs":{"leaves":25,"flowers":25,"fruits":30},"sp":{"leaves":{"honey mesquite":7,"creosote bush":4},"flowers":{"honey mesquite":1},"fruits":{"creosote bush":11}}},{"w":"2026-09-15","yes":{"leaves":10,"fruits":10},"obs":{"leaves":25,"flowers":25,"fruits":30},"sp":{"leaves":{"honey mesquite":6,"creosote bush":4},"fruits":{"creosote bush":10}}},{"w":"2026-09-08","yes":{"leaves":9,"fruits":12},"obs":{"leaves":25,"flowers":25,"fruits":30},"sp":{"leaves":{"honey mesquite":5,"creosote bush":4},"fruits":{"creosote bush":12}}},{"w":"2026-08-18","yes":{"leaves":9,"fruits":14},"obs":{"leaves":25,"flowers":25,"fruits":30},"sp":{"leaves":{"honey mesquite":5,"creosote bush":4},"fruits":{"creosote bush":14}}}]}},{"type":"Feature","geometry":{"type":"Point","coordinates":[-70.27042,43.69234]},"properties":{"site":5523,"st":"ME","n":70,"classes":{"leaves":70},"weeks":[{"w":"2026-10-06","yes":{"leaves":10},"obs":{"leaves":20,"flowers":12,"fruits":12},"sp":{"leaves":{"red maple":6,"white oak":2,"northern red oak":2}}},{"w":"2026-09-29","yes":{"leaves":18},"obs":{"leaves":40,"flowers":24,"fruits":24},"sp":{"leaves":{"red maple":12,"white oak":3,"northern red oak":3}}},{"w":"2026-09-22","yes":{"leaves":16},"obs":{"leaves":40,"flowers":24,"fruits":24},"sp":{"leaves":{"red maple":12,"white oak":2,"northern red oak":2}}},{"w":"2026-09-15","yes":{"leaves":8},"obs":{"leaves":20,"flowers":12,"fruits":12},"sp":{"leaves":{"red maple":6,"white oak":1,"northern red oak":1}}},{"w":"2026-09-08","yes":{"leaves":13},"obs":{"leaves":40,"flowers":24,"fruits":24},"sp":{"leaves":{"red maple":9,"white oak":2,"northern red oak":2}}},{"w":"2026-09-01","yes":{"leaves":5},"obs":{"leaves":20,"flowers":12,"fruits":12},"sp":{"leaves":{"red maple":3,"white oak":1,"northern red oak":1}}}]}},{"type":"Feature","geometry":{"type":"Point","coordinates":[-118.82494,36.49133]},"properties":{"site":6291,"st":"CA","n":2,"classes":{"leaves":2},"weeks":[{"w":"2026-08-18","yes":{"leaves":2},"obs":{"leaves":6,"flowers":3,"fruits":3},"sp":{"leaves":{"blue oak":2}}}]}},{"type":"Feature","geometry":{"type":"Point","coordinates":[-122.12955,37.98884]},"properties":{"site":6398,"st":"CA","n":14,"classes":{"leaves":12,"fruits":2},"weeks":[{"w":"2026-08-25","yes":{"leaves":12,"fruits":2},"obs":{"leaves":42,"flowers":31,"fruits":36},"sp":{"leaves":{"California buckeye":9,"blue oak":3},"fruits":{"California laurel":2}}}]}},{"type":"Feature","geometry":{"type":"Point","coordinates":[-122.12646,37.97836]},"properties":{"site":6399,"st":"CA","n":723,"classes":{"leaves":490,"flowers":66,"fruits":167},"weeks":[{"w":"2026-09-22","yes":{"leaves":79,"flowers":9,"fruits":26},"obs":{"leaves":160,"flowers":92,"fruits":110},"sp":{"leaves":{"common snowberry":17,"California wildrose":12,"narrowleaf willow":12,"California buckeye":11,"black elderberry":11},"flowers":{"coyotebrush":6,"common snowberry":3},"fruits":{"common snowberry":9,"California buckeye":6,"California wildrose":6,"California live oak":3,"valley oak":2}}},{"w":"2026-09-15","yes":{"leaves":83,"flowers":9,"fruits":24},"obs":{"leaves":162,"flowers":94,"fruits":110},"sp":{"leaves":{"common snowberry":18,"California buckeye":14,"valley oak":12,"narrowleaf willow":12,"California wildrose":11},"flowers":{"coyotebrush":4,"common snowberry":4,"California live oak":1},"fruits":{"common snowberry":8,"California buckeye":6,"California wildrose":4,"valley oak":2,"black elderberry":2}}},{"w":"2026-09-08","yes":{"leaves":81,"flowers":8,"fruits":26},"obs":{"leaves":162,"flowers":94,"fruits":108},"sp":{"leaves":{"California buckeye":17,"common snowberry":16,"narrowleaf willow":12,"black elderberry":11,"California wildrose":10},"flowers":{"coyotebrush":4,"California buckeye":2,"common snowberry":2},"fruits":{"common snowberry":8,"California buckeye":6,"California wildrose":4,"black elderberry":4,"California live oak":2}}},{"w":"2026-09-01","yes":{"leaves":84,"flowers":10,"fruits":29},"obs":{"leaves":159,"flowers":91,"fruits":104},"sp":{"leaves":{"common snowberry":17,"California buckeye":17,"narrowleaf willow":12,"black elderberry":12,"valley oak":11},"flowers":{"coyotebrush":4,"California wildrose":2,"California buckeye":2,"common snowberry":2},"fruits":{"common snowberry":10,"California buckeye":6,"California wildrose":5,"black elderberry":4,"California live oak":2}}},{"w":"2026-08-25","yes":{"leaves":77,"flowers":12,"fruits":29},"obs":{"leaves":162,"flowers":94,"fruits":104},"sp":{"leaves":{"California buckeye":15,"common snowberry":15,"narrowleaf willow":12,"black elderberry":12,"California wildrose":10},"flowers":{"coyotebrush":4,"California buckeye":4,"common snowberry":4},"fruits":{"common snowberry":10,"California buckeye":7,"California wildrose":6,"black elderberry":3,"California live oak":2}}},{"w":"2026-08-18","yes":{"leaves":86,"flowers":18,"fruits":33},"obs":{"leaves":161,"flowers":94,"fruits":102},"sp":{"leaves":{"California buckeye":18,"common snowberry":18,"black elderberry":12,"narrowleaf willow":12,"valley oak":10},"flowers":{"common snowberry":8,"coyotebrush":4,"California buckeye":4,"California wildrose":2},"fruits":{"common snowberry":10,"California buckeye":7,"black elderberry":6,"California wildrose":6,"valley oak":2}}}]}},{"type":"Feature","geometry":{"type":"Point","coordinates":[-83.07463,35.587]},"properties":{"site":8182,"st":"NC","n":35,"classes":{"leaves":35},"weeks":[{"w":"2026-09-08","yes":{"leaves":35},"obs":{"leaves":98},"sp":{"leaves":{"yellow buckeye":12,"black cherry":6,"red maple":6,"Allegheny serviceberry":5,"northern red oak":4}}}]}},{"type":"Feature","geometry":{"type":"Point","coordinates":[-73.45164,41.25951]},"properties":{"site":8205,"st":"CT","n":144,"classes":{"leaves":80,"fruits":34,"flowers":21,"birds":9},"weeks":[{"w":"2026-10-06","yes":{"leaves":6,"fruits":2},"obs":{"leaves":23,"flowers":14,"fruits":23,"birds":48},"sp":{"leaves":{"common buttonbush":3,"coastal sweetpepperbush":2,"Canadian lousewort":1},"fruits":{"mountain laurel":2}}},{"w":"2026-09-29","yes":{"leaves":12,"flowers":2,"fruits":4},"obs":{"leaves":49,"flowers":29,"fruits":47,"birds":64},"sp":{"leaves":{"common buttonbush":4,"Canadian lousewort":3,"coastal sweetpepperbush":3,"marsh blue violet":2},"flowers":{"coastal sweetpepperbush":1,"common buttonbush":1},"fruits":{"mountain laurel":3,"common buttonbush":1}}},{"w":"2026-09-22","yes":{"leaves":10,"flowers":2,"fruits":7},"obs":{"leaves":41,"flowers":24,"fruits":41,"birds":48},"sp":{"leaves":{"coastal sweetpepperbush":3,"common buttonbush":3,"Canadian lousewort":2,"jack in the pulpit":1,"marsh blue violet":1},"flowers":{"coastal sweetpepperbush":1,"common buttonbush":1},"fruits":{"mountain laurel":4,"coastal sweetpepperbush":2,"common buttonbush":1}}},{"w":"2026-09-15","yes":{"leaves":12,"flowers":4,"fruits":5},"obs":{"leaves":45,"flowers":26,"fruits":41,"birds":64},"sp":{"leaves":{"Canadian lousewort":3,"coastal sweetpepperbush":3,"common buttonbush":3,"marsh blue violet":2,"jack in the pulpit":1},"flowers":{"coastal sweetpepperbush":2,"common buttonbush":2},"fruits":{"mountain laurel":3,"coastal sweetpepperbush":1,"common buttonbush":1}}},{"w":"2026-09-08","yes":{"leaves":12,"flowers":5,"fruits":6,"birds":2},"obs":{"leaves":60,"flowers":37,"fruits":58,"birds":64},"sp":{"leaves":{"Canadian lousewort":3,"marsh blue violet":3,"coastal sweetpepperbush":3,"common buttonbush":3},"flowers":{"common buttonbush":3,"coastal sweetpepperbush":2},"fruits":{"mountain laurel":5,"common buttonbush":1},"birds":{"American black duck":2}}},{"w":"2026-09-01","yes":{"leaves":6,"flowers":1,"fruits":4,"birds":2},"obs":{"leaves":28,"flowers":19,"fruits":23,"birds":32},"sp":{"leaves":{"Canadian lousewort":2,"marsh blue violet":2,"coastal sweetpepperbush":1,"common buttonbush":1},"flowers":{"common buttonbush":1},"fruits":{"mountain laurel":3,"common buttonbush":1},"birds":{"wood duck":2}}},{"w":"2026-08-25","yes":{"leaves":12,"flowers":3,"fruits":2,"birds":5},"obs":{"leaves":49,"flowers":30,"fruits":43,"birds":48},"sp":{"leaves":{"marsh blue violet":3,"Canadian lousewort":3,"coastal sweetpepperbush":3,"common buttonbush":2,"skunk cabbage":1},"flowers":{"common buttonbush":2,"coastal sweetpepperbush":1},"fruits":{"common buttonbush":1,"mountain laurel":1},"birds":{"mallard":3,"wood duck":2}}},{"w":"2026-08-18","yes":{"leaves":10,"flowers":4,"fruits":4},"obs":{"leaves":39,"flowers":26,"fruits":31,"birds":48},"sp":{"leaves":{"marsh blue violet":3,"Canadian lousewort":3,"skunk cabbage":2,"coastal sweetpepperbush":1,"common buttonbush":1},"flowers":{"coastal sweetpepperbush":2,"common buttonbush":2},"fruits":{"mountain laurel":4}}}]}},{"type":"Feature","geometry":{"type":"Point","coordinates":[-73.45732,41.25615]},"properties":{"site":8208,"st":"CT","n":203,"classes":{"leaves":131,"fruits":72},"weeks":[{"w":"2026-10-06","yes":{"leaves":19,"fruits":10},"obs":{"leaves":57,"flowers":39,"fruits":29},"sp":{"leaves":{"red maple":19},"fruits":{"garlic mustard":6,"mountain laurel":4}}},{"w":"2026-09-29","yes":{"leaves":27,"fruits":12},"obs":{"leaves":78,"flowers":54,"fruits":45},"sp":{"leaves":{"red maple":25,"common cinquefoil":1,"garlic mustard":1},"fruits":{"mountain laurel":6,"garlic mustard":6}}},{"w":"2026-09-22","yes":{"leaves":19,"fruits":10},"obs":{"leaves":59,"flowers":41,"fruits":42},"sp":{"leaves":{"red maple":18,"common cinquefoil":1},"fruits":{"garlic mustard":6,"mountain laurel":4}}},{"w":"2026-09-15","yes":{"leaves":17,"fruits":8},"obs":{"leaves":59,"flowers":40,"fruits":39},"sp":{"leaves":{"red maple":16,"common cinquefoil":1},"fruits":{"garlic mustard":5,"mountain laurel":3}}},{"w":"2026-09-08","yes":{"leaves":18,"fruits":11},"obs":{"leaves":80,"flowers":56,"fruits":59},"sp":{"leaves":{"red maple":16,"common cinquefoil":1,"garlic mustard":1},"fruits":{"mountain laurel":7,"garlic mustard":4}}},{"w":"2026-09-01","yes":{"leaves":9,"fruits":6},"obs":{"leaves":41,"flowers":28,"fruits":26},"sp":{"leaves":{"red maple":7,"garlic mustard":1,"common cinquefoil":1},"fruits":{"garlic mustard":3,"mountain laurel":3}}},{"w":"2026-08-25","yes":{"leaves":13,"fruits":5},"obs":{"leaves":59,"flowers":41,"fruits":43},"sp":{"leaves":{"red maple":11,"common cinquefoil":1,"garlic mustard":1},"fruits":{"garlic mustard":3,"mountain laurel":2}}},{"w":"2026-08-18","yes":{"leaves":9,"fruits":10},"obs":{"leaves":57,"flowers":39,"fruits":34},"sp":{"leaves":{"red maple":9},"fruits":{"garlic mustard":6,"mountain laurel":4}}}]}},{"type":"Feature","geometry":{"type":"Point","coordinates":[-73.45558,41.25634]},"properties":{"site":8211,"st":"CT","n":56,"classes":{"leaves":22,"fruits":25,"flowers":9},"weeks":[{"w":"2026-10-06","yes":{"leaves":2,"fruits":2},"obs":{"leaves":13,"flowers":8,"fruits":14},"sp":{"leaves":{"common buttonbush":2},"fruits":{"mountain laurel":2}}},{"w":"2026-09-29","yes":{"leaves":3,"flowers":1,"fruits":3},"obs":{"leaves":22,"flowers":13,"fruits":21},"sp":{"leaves":{"common buttonbush":3},"flowers":{"common buttonbush":1},"fruits":{"mountain laurel":3}}},{"w":"2026-09-22","yes":{"leaves":3,"flowers":1,"fruits":3},"obs":{"leaves":20,"flowers":12,"fruits":19},"sp":{"leaves":{"common buttonbush":3},"flowers":{"common buttonbush":1},"fruits":{"mountain laurel":2,"common buttonbush":1}}},{"w":"2026-09-15","yes":{"leaves":2,"flowers":1,"fruits":4},"obs":{"leaves":22,"flowers":13,"fruits":21},"sp":{"leaves":{"common buttonbush":2},"flowers":{"common buttonbush":1},"fruits":{"mountain laurel":3,"common buttonbush":1}}},{"w":"2026-09-08","yes":{"leaves":4,"flowers":2,"fruits":7},"obs":{"leaves":29,"flowers":17,"fruits":29},"sp":{"leaves":{"common buttonbush":3,"skunk cabbage":1},"flowers":{"common buttonbush":2},"fruits":{"mountain laurel":5,"common buttonbush":2}}},{"w":"2026-09-01","yes":{"leaves":1,"fruits":3},"obs":{"leaves":11,"flowers":7,"fruits":11},"sp":{"leaves":{"common buttonbush":1},"fruits":{"mountain laurel":3}}},{"w":"2026-08-25","yes":{"leaves":4,"flowers":2,"fruits":1},"obs":{"leaves":18,"flowers":10,"fruits":17},"sp":{"leaves":{"skunk cabbage":2,"common buttonbush":2},"flowers":{"common buttonbush":2},"fruits":{"common buttonbush":1}}},{"w":"2026-08-18","yes":{"leaves":3,"flowers":2,"fruits":2},"obs":{"leaves":18,"flowers":10,"fruits":14},"sp":{"leaves":{"common buttonbush":2,"skunk cabbage":1},"flowers":{"common buttonbush":2},"fruits":{"mountain laurel":2}}}]}},{"type":"Feature","geometry":{"type":"Point","coordinates":[-94.87395,32.36376]},"properties":{"site":8418,"st":"TX","n":363,"classes":{"leaves":149,"flowers":25,"fruits":49,"insects":6,"birds":134},"weeks":[{"w":"2026-09-08","yes":{"leaves":80,"flowers":10,"fruits":25,"insects":2,"birds":59},"obs":{"leaves":270,"flowers":148,"fruits":198,"insects":50,"birds":543},"sp":{"leaves":{"eastern redbud":10,"Japanese honeysuckle":6,"winged elm":5,"white oak":5,"rose of Sharon":4},"flowers":{"trumpet creeper":4,"rose of Sharon":3,"bloodflower":2,"tuliptree":1},"fruits":{"eastern redbud":8,"American pokeweed":6,"American beautyberry":4,"bloodflower":3,"trumpet creeper":2},"insects":{"eastern tent caterpillar":2},"birds":{"ruby-throated hummingbird":9,"northern cardinal":8,"tufted titmouse":8,"American robin":6,"blue jay":6}}},{"w":"2026-08-18","yes":{"leaves":69,"flowers":15,"fruits":24,"insects":4,"birds":75},"obs":{"leaves":270,"flowers":148,"fruits":198,"insects":50,"birds":544},"sp":{"leaves":{"eastern redbud":6,"tuliptree":6,"Japanese honeysuckle":5,"English ivy":4,"white oak":4},"flowers":{"trumpet creeper":4,"bloodflower":4,"rose of Sharon":4,"trumpet honeysuckle":3},"fruits":{"eastern redbud":8,"American pokeweed":4,"bloodflower":4,"American beautyberry":4,"trumpet creeper":2},"insects":{"bumblebee":2,"eastern tent caterpillar":2},"birds":{"red-headed woodpecker":9,"ruby-throated hummingbird":7,"Carolina chickadee":6,"blue jay":6,"northern cardinal":6}}}]}},{"type":"Feature","geometry":{"type":"Point","coordinates":[-112.123,36.05413]},"properties":{"site":8683,"st":"AZ","n":52,"classes":{"leaves":37,"fruits":15},"weeks":[{"w":"2026-09-29","yes":{"leaves":5,"fruits":2},"obs":{"leaves":16,"fruits":12},"sp":{"leaves":{"Gambel oak":5},"fruits":{"Gambel oak":2}}},{"w":"2026-09-22","yes":{"leaves":4,"fruits":1},"obs":{"leaves":16,"fruits":12},"sp":{"leaves":{"Gambel oak":4},"fruits":{"Gambel oak":1}}},{"w":"2026-09-08","yes":{"leaves":4,"fruits":2},"obs":{"leaves":17,"fruits":12},"sp":{"leaves":{"Gambel oak":4},"fruits":{"Gambel oak":2}}},{"w":"2026-09-01","yes":{"leaves":8,"fruits":3},"obs":{"leaves":32,"fruits":24},"sp":{"leaves":{"Gambel oak":8},"fruits":{"Gambel oak":3}}},{"w":"2026-08-25","yes":{"leaves":8,"fruits":3},"obs":{"leaves":32,"fruits":24},"sp":{"leaves":{"Gambel oak":8},"fruits":{"Gambel oak":3}}},{"w":"2026-08-18","yes":{"leaves":8,"fruits":4},"obs":{"leaves":32,"fruits":24},"sp":{"leaves":{"Gambel oak":8},"fruits":{"Gambel oak":4}}}]}},{"type":"Feature","geometry":{"type":"Point","coordinates":[-77.12351,40.14739]},"properties":{"site":8757,"st":"PA","n":0,"classes":{},"weeks":[{"w":"2026-09-29","yes":{},"obs":{"leaves":5,"flowers":3,"fruits":3},"sp":{}}]}},{"type":"Feature","geometry":{"type":"Point","coordinates":[-122.73594,37.92985]},"properties":{"site":8768,"st":"CA","n":97,"classes":{"leaves":48,"flowers":23,"fruits":26},"weeks":[{"w":"2026-10-06","yes":{"leaves":6,"flowers":3,"fruits":4},"obs":{"leaves":15,"flowers":13,"fruits":12},"sp":{"leaves":{"orange bush monkeyflower":3,"California blackberry":2,"Douglas-fir":1},"flowers":{"coyotebrush":3},"fruits":{"coyotebrush":2,"Douglas-fir":1,"orange bush monkeyflower":1}}},{"w":"2026-09-29","yes":{"leaves":6,"flowers":3,"fruits":2},"obs":{"leaves":15,"flowers":13,"fruits":12},"sp":{"leaves":{"orange bush monkeyflower":3,"California blackberry":2,"Douglas-fir":1},"flowers":{"coyotebrush":3},"fruits":{"orange bush monkeyflower":1,"Douglas-fir":1}}},{"w":"2026-09-22","yes":{"leaves":6,"flowers":3,"fruits":2},"obs":{"leaves":15,"flowers":13,"fruits":13},"sp":{"leaves":{"orange bush monkeyflower":3,"California blackberry":2,"Douglas-fir":1},"flowers":{"coyotebrush":3},"fruits":{"Douglas-fir":1,"orange bush monkeyflower":1}}},{"w":"2026-09-15","yes":{"leaves":6,"flowers":4,"fruits":1},"obs":{"leaves":15,"flowers":11,"fruits":12},"sp":{"leaves":{"orange bush monkeyflower":3,"California blackberry":2,"Douglas-fir":1},"flowers":{"coyotebrush":3,"Douglas-fir":1},"fruits":{"Douglas-fir":1}}},{"w":"2026-09-01","yes":{"leaves":8,"flowers":3,"fruits":4},"obs":{"leaves":15,"flowers":13,"fruits":13},"sp":{"leaves":{"orange bush monkeyflower":3,"California blackberry":3,"Douglas-fir":2},"flowers":{"coyotebrush":3},"fruits":{"Douglas-fir":2,"coyotebrush":2}}},{"w":"2026-08-25","yes":{"leaves":7,"flowers":3,"fruits":6},"obs":{"leaves":15,"flowers":12,"fruits":14},"sp":{"leaves":{"orange bush monkeyflower":3,"California blackberry":3,"Douglas-fir":1},"flowers":{"coyotebrush":2,"orange bush monkeyflower":1},"fruits":{"coyotebrush":3,"Douglas-fir":2,"Pacific poison oak":1}}},{"w":"2026-08-18","yes":{"leaves":9,"flowers":4,"fruits":7},"obs":{"leaves":14,"flowers":13,"fruits":13},"sp":{"leaves":{"orange bush monkeyflower":3,"California blackberry":3,"Pacific poison oak":2,"Douglas-fir":1},"flowers":{"orange bush monkeyflower":2,"coyotebrush":2},"fruits":{"Pacific poison oak":3,"Douglas-fir":2,"coyotebrush":2}}}]}},{"type":"Feature","geometry":{"type":"Point","coordinates":[-122.73553,37.93004]},"properties":{"site":8769,"st":"CA","n":78,"classes":{"leaves":38,"flowers":21,"fruits":19},"weeks":[{"w":"2026-10-06","yes":{"leaves":5,"flowers":3,"fruits":2},"obs":{"leaves":12,"flowers":13,"fruits":11},"sp":{"leaves":{"orange bush monkeyflower":3,"California blackberry":2},"flowers":{"coyotebrush":3},"fruits":{"orange bush monkeyflower":1,"California live oak":1}}},{"w":"2026-09-29","yes":{"leaves":5,"flowers":3,"fruits":3},"obs":{"leaves":12,"flowers":13,"fruits":11},"sp":{"leaves":{"orange bush monkeyflower":3,"California blackberry":2},"flowers":{"coyotebrush":3},"fruits":{"California live oak":2,"orange bush monkeyflower":1}}},{"w":"2026-09-22","yes":{"leaves":5,"flowers":4,"fruits":4},"obs":{"leaves":12,"flowers":13,"fruits":12},"sp":{"leaves":{"orange bush monkeyflower":3,"California blackberry":2},"flowers":{"orange bush monkeyflower":2,"coyotebrush":2},"fruits":{"California live oak":3,"orange bush monkeyflower":1}}},{"w":"2026-09-15","yes":{"leaves":5,"flowers":4,"fruits":3},"obs":{"leaves":12,"flowers":13,"fruits":11},"sp":{"leaves":{"orange bush monkeyflower":3,"California blackberry":2},"flowers":{"orange bush monkeyflower":2,"coyotebrush":2},"fruits":{"California live oak":2,"orange bush monkeyflower":1}}},{"w":"2026-09-01","yes":{"leaves":6,"flowers":3,"fruits":3},"obs":{"leaves":12,"flowers":13,"fruits":12},"sp":{"leaves":{"orange bush monkeyflower":3,"California blackberry":3},"flowers":{"orange bush monkeyflower":2,"coyotebrush":1},"fruits":{"California live oak":3}}},{"w":"2026-08-25","yes":{"leaves":6,"flowers":2,"fruits":2},"obs":{"leaves":12,"flowers":13,"fruits":15},"sp":{"leaves":{"orange bush monkeyflower":3,"California blackberry":3},"flowers":{"orange bush monkeyflower":2},"fruits":{"California live oak":2}}},{"w":"2026-08-18","yes":{"leaves":6,"flowers":2,"fruits":2},"obs":{"leaves":12,"flowers":13,"fruits":15},"sp":{"leaves":{"orange bush monkeyflower":3,"California blackberry":3},"flowers":{"orange bush monkeyflower":2},"fruits":{"California live oak":2}}}]}},{"type":"Feature","geometry":{"type":"Point","coordinates":[-83.68903,35.64062]},"properties":{"site":8806,"st":"TN","n":43,"classes":{"leaves":40,"fruits":3},"weeks":[{"w":"2026-09-08","yes":{"leaves":40,"fruits":3},"obs":{"leaves":144,"flowers":77,"fruits":84,"birds":55},"sp":{"leaves":{"American hornbeam":18,"tuliptree":6,"sweetgum":4,"flowering dogwood":3,"American basswood":2},"fruits":{"American hornbeam":2,"sweetgum":1}}}]}},{"type":"Feature","geometry":{"type":"Point","coordinates":[-83.5376,35.6866]},"properties":{"site":8836,"st":"TN","n":406,"classes":{"leaves":406},"weeks":[{"w":"2026-10-06","yes":{"leaves":38},"obs":{"leaves":100,"flowers":48,"fruits":60},"sp":{"leaves":{"tuliptree":12,"American hornbeam":6,"American sycamore":4,"sweetgum":4,"sweet birch":4}}},{"w":"2026-09-29","yes":{"leaves":76},"obs":{"leaves":200,"flowers":96,"fruits":120},"sp":{"leaves":{"tuliptree":24,"American hornbeam":12,"sweetgum":8,"American sycamore":8,"sweet birch":8}}},{"w":"2026-09-22","yes":{"leaves":74},"obs":{"leaves":200,"flowers":96,"fruits":120},"sp":{"leaves":{"tuliptree":24,"American hornbeam":12,"American sycamore":8,"sweet birch":8,"sweetgum":7}}},{"w":"2026-09-15","yes":{"leaves":66},"obs":{"leaves":200,"flowers":96,"fruits":120},"sp":{"leaves":{"tuliptree":22,"American hornbeam":10,"American sycamore":8,"sweet birch":8,"pawpaw":4}}},{"w":"2026-09-08","yes":{"leaves":38},"obs":{"leaves":200,"flowers":96,"fruits":120},"sp":{"leaves":{"tuliptree":12,"American hornbeam":6,"sweetgum":4,"sweet birch":4,"American sycamore":4}}},{"w":"2026-09-01","yes":{"leaves":38},"obs":{"leaves":200,"flowers":96,"fruits":120},"sp":{"leaves":{"tuliptree":12,"American hornbeam":6,"American sycamore":4,"sweetgum":4,"sweet birch":4}}},{"w":"2026-08-25","yes":{"leaves":38},"obs":{"leaves":200,"flowers":96,"fruits":120},"sp":{"leaves":{"tuliptree":12,"American hornbeam":6,"sweetgum":4,"sweet birch":4,"American sycamore":4}}},{"w":"2026-08-18","yes":{"leaves":38},"obs":{"leaves":200,"flowers":96,"fruits":120},"sp":{"leaves":{"tuliptree":12,"American hornbeam":6,"sweetgum":4,"sweet birch":4,"American sycamore":4}}}]}},{"type":"Feature","geometry":{"type":"Point","coordinates":[-83.42343,35.61047]},"properties":{"site":8899,"st":"NC","n":131,"classes":{"leaves":131},"weeks":[{"w":"2026-10-06","yes":{"leaves":41},"obs":{"leaves":100,"flowers":48,"fruits":60},"sp":{"leaves":{"American beech":14,"sugar maple":10,"yellow buckeye":9,"yellow birch":6,"Allegheny serviceberry":2}}},{"w":"2026-09-15","yes":{"leaves":40},"obs":{"leaves":105,"flowers":51,"fruits":63},"sp":{"leaves":{"American beech":14,"sugar maple":9,"yellow buckeye":9,"yellow birch":5,"Allegheny serviceberry":3}}},{"w":"2026-09-01","yes":{"leaves":25},"obs":{"leaves":105,"flowers":51,"fruits":63},"sp":{"leaves":{"yellow buckeye":8,"American beech":7,"sugar maple":5,"yellow birch":4,"Allegheny serviceberry":1}}},{"w":"2026-08-18","yes":{"leaves":25},"obs":{"leaves":105,"flowers":51,"fruits":63},"sp":{"leaves":{"yellow buckeye":8,"American beech":7,"sugar maple":5,"yellow birch":4,"Allegheny serviceberry":1}}}]}},{"type":"Feature","geometry":{"type":"Point","coordinates":[-83.47006,35.59062]},"properties":{"site":8901,"st":"TN","n":148,"classes":{"leaves":146,"birds":2},"weeks":[{"w":"2026-10-06","yes":{"leaves":40},"obs":{"leaves":100,"flowers":56,"fruits":60,"birds":7},"sp":{"leaves":{"yellow birch":28,"American mountain ash":4,"mountain maple":4,"pin cherry":4}}},{"w":"2026-09-15","yes":{"leaves":58},"obs":{"leaves":98,"flowers":56,"fruits":60,"birds":7},"sp":{"leaves":{"yellow birch":40,"American mountain ash":6,"mountain maple":6,"pin cherry":6}}},{"w":"2026-09-01","yes":{"leaves":26,"birds":2},"obs":{"leaves":100,"flowers":56,"fruits":60,"birds":4},"sp":{"leaves":{"yellow birch":15,"pin cherry":4,"American mountain ash":4,"mountain maple":3},"birds":{"black-capped chickadee":2}}},{"w":"2026-08-18","yes":{"leaves":22},"obs":{"leaves":100,"flowers":56,"fruits":60,"birds":7},"sp":{"leaves":{"yellow birch":14,"pin cherry":4,"American mountain ash":2,"mountain maple":2}}}]}},{"type":"Feature","geometry":{"type":"Point","coordinates":[-83.30988,35.52093]},"properties":{"site":8902,"st":"NC","n":27,"classes":{"leaves":27},"weeks":[{"w":"2026-09-15","yes":{"leaves":27},"obs":{"leaves":100},"sp":{"leaves":{"tuliptree":6,"American beech":5,"northern red oak":3,"black oak":3,"red maple":2}}}]}},{"type":"Feature","geometry":{"type":"Point","coordinates":[-83.30332,35.51071]},"properties":{"site":8904,"st":"NC","n":28,"classes":{"leaves":28},"weeks":[{"w":"2026-09-15","yes":{"leaves":28},"obs":{"leaves":62,"flowers":3},"sp":{"leaves":{"hophornbeam":8,"yellow buckeye":7,"tuliptree":5,"American basswood":4,"black cherry":3}}}]}},{"type":"Feature","geometry":{"type":"Point","coordinates":[-120.0374,34.68122]},"properties":{"site":8957,"st":"CA","n":60,"classes":{"leaves":8,"fruits":36,"flowers":16},"weeks":[{"w":"2026-10-06","yes":{"leaves":1,"fruits":4},"obs":{"leaves":9,"flowers":11,"fruits":15},"sp":{"leaves":{"Eastern Mojave buckwheat":1},"fruits":{"toyon":3,"Eastern Mojave buckwheat":1}}},{"w":"2026-09-29","yes":{"leaves":1,"fruits":3},"obs":{"leaves":9,"flowers":11,"fruits":15},"sp":{"leaves":{"Eastern Mojave buckwheat":1},"fruits":{"toyon":3}}},{"w":"2026-09-22","yes":{"leaves":1,"fruits":4},"obs":{"leaves":9,"flowers":11,"fruits":14},"sp":{"leaves":{"Eastern Mojave buckwheat":1},"fruits":{"toyon":3,"Eastern Mojave buckwheat":1}}},{"w":"2026-09-15","yes":{"leaves":1,"fruits":5},"obs":{"leaves":9,"flowers":11,"fruits":14},"sp":{"leaves":{"Eastern Mojave buckwheat":1},"fruits":{"toyon":3,"Eastern Mojave buckwheat":2}}},{"w":"2026-09-08","yes":{"leaves":1,"flowers":4,"fruits":5},"obs":{"leaves":9,"flowers":11,"fruits":14},"sp":{"leaves":{"Eastern Mojave buckwheat":1},"flowers":{"Eastern Mojave buckwheat":2,"toyon":2},"fruits":{"toyon":3,"Eastern Mojave buckwheat":2}}},{"w":"2026-09-01","yes":{"leaves":1,"flowers":4,"fruits":5},"obs":{"leaves":9,"flowers":11,"fruits":14},"sp":{"leaves":{"Eastern Mojave buckwheat":1},"flowers":{"Eastern Mojave buckwheat":2,"toyon":2},"fruits":{"toyon":3,"Eastern Mojave buckwheat":2}}},{"w":"2026-08-25","yes":{"leaves":1,"flowers":4,"fruits":5},"obs":{"leaves":9,"flowers":11,"fruits":14},"sp":{"leaves":{"Eastern Mojave buckwheat":1},"flowers":{"Eastern Mojave buckwheat":2,"toyon":2},"fruits":{"toyon":3,"Eastern Mojave buckwheat":2}}},{"w":"2026-08-18","yes":{"leaves":1,"flowers":4,"fruits":5},"obs":{"leaves":9,"flowers":11,"fruits":14},"sp":{"leaves":{"Eastern Mojave buckwheat":1},"flowers":{"toyon":4},"fruits":{"toyon":3,"Eastern Mojave buckwheat":2}}}]}},{"type":"Feature","geometry":{"type":"Point","coordinates":[-120.04069,34.67545]},"properties":{"site":8959,"st":"CA","n":157,"classes":{"leaves":66,"flowers":23,"fruits":68},"weeks":[{"w":"2026-10-06","yes":{"leaves":7,"flowers":4,"fruits":15},"obs":{"leaves":40,"flowers":29,"fruits":33},"sp":{"leaves":{"valley oak":4,"blue elderberry":2,"toyon":1},"flowers":{"coyotebrush":4},"fruits":{"valley oak":12,"coyotebrush":1,"California live oak":1,"toyon":1}}},{"w":"2026-09-29","yes":{"leaves":9,"flowers":5,"fruits":11},"obs":{"leaves":40,"flowers":29,"fruits":33},"sp":{"leaves":{"blue elderberry":4,"valley oak":4,"toyon":1},"flowers":{"coyotebrush":5},"fruits":{"valley oak":9,"California live oak":1,"toyon":1}}},{"w":"2026-09-22","yes":{"leaves":12,"flowers":4,"fruits":12},"obs":{"leaves":38,"flowers":29,"fruits":33},"sp":{"leaves":{"blue elderberry":7,"valley oak":4,"toyon":1},"flowers":{"coyotebrush":4},"fruits":{"valley oak":10,"California live oak":1,"toyon":1}}},{"w":"2026-09-15","yes":{"leaves":5,"flowers":3,"fruits":8},"obs":{"leaves":40,"flowers":29,"fruits":33},"sp":{"leaves":{"valley oak":4,"blue elderberry":1},"flowers":{"coyotebrush":3},"fruits":{"valley oak":6,"California live oak":1,"toyon":1}}},{"w":"2026-09-08","yes":{"leaves":8,"flowers":2,"fruits":6},"obs":{"leaves":40,"flowers":29,"fruits":33},"sp":{"leaves":{"valley oak":4,"blue elderberry":3,"toyon":1},"flowers":{"coyotebrush":2},"fruits":{"valley oak":4,"California live oak":1,"toyon":1}}},{"w":"2026-09-01","yes":{"leaves":5,"fruits":5},"obs":{"leaves":35,"flowers":26,"fruits":30},"sp":{"leaves":{"blue elderberry":2,"valley oak":2,"toyon":1},"fruits":{"valley oak":3,"California live oak":1,"toyon":1}}},{"w":"2026-08-25","yes":{"leaves":12,"flowers":3,"fruits":6},"obs":{"leaves":40,"flowers":29,"fruits":33},"sp":{"leaves":{"blue elderberry":8,"valley oak":4},"flowers":{"coyotebrush":2,"toyon":1},"fruits":{"valley oak":4,"California live oak":1,"toyon":1}}},{"w":"2026-08-18","yes":{"leaves":8,"flowers":2,"fruits":5},"obs":{"leaves":40,"flowers":29,"fruits":33},"sp":{"leaves":{"blue elderberry":4,"valley oak":4},"flowers":{"coyotebrush":2},"fruits":{"valley oak":4,"toyon":1}}}]}},{"type":"Feature","geometry":{"type":"Point","coordinates":[-83.40663,35.72907]},"properties":{"site":8981,"st":"TN","n":389,"classes":{"leaves":389},"weeks":[{"w":"2026-09-29","yes":{"leaves":68},"obs":{"leaves":190,"flowers":96,"fruits":114},"sp":{"leaves":{"tuliptree":31,"sweet birch":23,"hophornbeam":4,"red maple":4,"American hornbeam":4}}},{"w":"2026-09-22","yes":{"leaves":47},"obs":{"leaves":94,"flowers":45,"fruits":54},"sp":{"leaves":{"tuliptree":24,"sweet birch":14,"hophornbeam":3,"red maple":3,"American hornbeam":2}}},{"w":"2026-09-15","yes":{"leaves":133},"obs":{"leaves":379,"flowers":192,"fruits":228},"sp":{"leaves":{"tuliptree":66,"sweet birch":37,"hophornbeam":8,"red maple":8,"American hornbeam":8}}},{"w":"2026-09-08","yes":{"leaves":32},"obs":{"leaves":95,"flowers":48,"fruits":57},"sp":{"leaves":{"tuliptree":16,"sweet birch":9,"red maple":2,"American hornbeam":2,"hophornbeam":2}}},{"w":"2026-09-01","yes":{"leaves":34},"obs":{"leaves":190,"flowers":96,"fruits":114},"sp":{"leaves":{"tuliptree":17,"sweet birch":9,"hophornbeam":3,"American hornbeam":2,"red maple":2}}},{"w":"2026-08-25","yes":{"leaves":30},"obs":{"leaves":95,"flowers":48,"fruits":57},"sp":{"leaves":{"tuliptree":14,"sweet birch":9,"red maple":2,"American hornbeam":2,"hophornbeam":2}}},{"w":"2026-08-18","yes":{"leaves":45},"obs":{"leaves":190,"flowers":96,"fruits":114},"sp":{"leaves":{"tuliptree":20,"sweet birch":13,"red maple":4,"hophornbeam":3,"American hornbeam":3}}}]}},{"type":"Feature","geometry":{"type":"Point","coordinates":[-106.1062,35.56669]},"properties":{"site":9024,"st":"NM","n":597,"classes":{"leaves":299,"flowers":83,"fruits":215},"weeks":[{"w":"2026-10-06","yes":{"leaves":33,"flowers":7,"fruits":20},"obs":{"leaves":56,"flowers":44,"fruits":54},"sp":{"leaves":{"eastern cottonwood":10,"rubber rabbitbrush":6,"golden currant":6,"stretchberry":5,"horsetail milkweed":2},"flowers":{"rubber rabbitbrush":4,"blue grama":2,"oneseed juniper":1},"fruits":{"rubber rabbitbrush":6,"horsetail milkweed":6,"oneseed juniper":3,"tree cholla":3,"blue grama":2}}},{"w":"2026-09-29","yes":{"leaves":103,"flowers":34,"fruits":71},"obs":{"leaves":179,"flowers":168,"fruits":201},"sp":{"leaves":{"eastern cottonwood":29,"rubber rabbitbrush":18,"golden currant":18,"stretchberry":18,"broadleaf milkweed":6},"flowers":{"blue grama":15,"rubber rabbitbrush":12,"oneseed juniper":6,"tree cholla":1},"fruits":{"horsetail milkweed":18,"oneseed juniper":18,"rubber rabbitbrush":17,"tree cholla":15,"blue grama":3}}},{"w":"2026-09-22","yes":{"leaves":29,"flowers":9,"fruits":21},"obs":{"leaves":60,"flowers":57,"fruits":66},"sp":{"leaves":{"eastern cottonwood":7,"golden currant":6,"rubber rabbitbrush":5,"stretchberry":4,"broadleaf milkweed":2},"flowers":{"blue grama":5,"rubber rabbitbrush":4},"fruits":{"horsetail milkweed":6,"oneseed juniper":6,"tree cholla":5,"rubber rabbitbrush":4}}},{"w":"2026-09-15","yes":{"leaves":27,"flowers":7,"fruits":21},"obs":{"leaves":53,"flowers":56,"fruits":68},"sp":{"leaves":{"eastern cottonwood":7,"golden currant":5,"rubber rabbitbrush":4,"stretchberry":4,"broadleaf milkweed":2},"flowers":{"rubber rabbitbrush":4,"blue grama":3},"fruits":{"horsetail milkweed":6,"oneseed juniper":5,"tree cholla":4,"rubber rabbitbrush":3,"stretchberry":3}}},{"w":"2026-09-08","yes":{"leaves":55,"flowers":16,"fruits":45},"obs":{"leaves":111,"flowers":116,"fruits":137},"sp":{"leaves":{"eastern cottonwood":15,"golden currant":10,"stretchberry":8,"rubber rabbitbrush":8,"broadleaf milkweed":4},"flowers":{"rubber rabbitbrush":8,"horsetail milkweed":4,"blue grama":4},"fruits":{"horsetail milkweed":11,"oneseed juniper":10,"rubber rabbitbrush":10,"tree cholla":8,"stretchberry":6}}},{"w":"2026-09-01","yes":{"leaves":52,"flowers":10,"fruits":37},"obs":{"leaves":117,"flowers":115,"fruits":138},"sp":{"leaves":{"eastern cottonwood":16,"golden currant":12,"stretchberry":6,"broadleaf milkweed":4,"horsetail milkweed":4},"flowers":{"rubber rabbitbrush":6,"horsetail milkweed":4},"fruits":{"oneseed juniper":10,"tree cholla":10,"horsetail milkweed":7,"stretchberry":6,"rubber rabbitbrush":4}}}]}},{"type":"Feature","geometry":{"type":"Point","coordinates":[-71.25047,44.25567]},"properties":{"site":9175,"st":"NH","n":112,"classes":{"leaves":86,"fruits":26},"weeks":[{"w":"2026-09-29","yes":{"leaves":17,"fruits":3},"obs":{"leaves":31,"flowers":22,"fruits":27},"sp":{"leaves":{"yellow birch":6,"red maple":6,"starflower":1,"bluebead":1,"bunchberry dogwood":1},"fruits":{"Canada mayflower":3}}},{"w":"2026-09-22","yes":{"leaves":14,"fruits":3},"obs":{"leaves":31,"flowers":22,"fruits":27},"sp":{"leaves":{"red maple":5,"yellow birch":4,"bluebead":1,"bunchberry dogwood":1,"Canada mayflower":1},"fruits":{"Canada mayflower":3}}},{"w":"2026-09-15","yes":{"leaves":13,"fruits":3},"obs":{"leaves":31,"flowers":22,"fruits":27},"sp":{"leaves":{"yellow birch":4,"red maple":4,"starflower":1,"bluebead":1,"bunchberry dogwood":1},"fruits":{"Canada mayflower":3}}},{"w":"2026-09-08","yes":{"leaves":12,"fruits":3},"obs":{"leaves":31,"flowers":22,"fruits":27},"sp":{"leaves":{"yellow birch":4,"red maple":3,"starflower":1,"bluebead":1,"bunchberry dogwood":1},"fruits":{"Canada mayflower":3}}},{"w":"2026-09-01","yes":{"leaves":12,"fruits":3},"obs":{"leaves":31,"flowers":22,"fruits":27},"sp":{"leaves":{"red maple":4,"yellow birch":3,"bluebead":1,"bunchberry dogwood":1,"Canada mayflower":1},"fruits":{"Canada mayflower":3}}},{"w":"2026-08-25","yes":{"leaves":9,"fruits":4},"obs":{"leaves":31,"flowers":22,"fruits":27},"sp":{"leaves":{"yellow birch":2,"red maple":2,"bluebead":1,"bunchberry dogwood":1,"Canada mayflower":1},"fruits":{"Canada mayflower":3,"painted trillium":1}}},{"w":"2026-08-18","yes":{"leaves":9,"fruits":7},"obs":{"leaves":31,"flowers":22,"fruits":26},"sp":{"leaves":{"yellow birch":2,"red maple":2,"bluebead":1,"bunchberry dogwood":1,"Canada mayflower":1},"fruits":{"painted trillium":3,"Canada mayflower":2,"starflower":2}}}]}},{"type":"Feature","geometry":{"type":"Point","coordinates":[-120.04069,34.67545]},"properties":{"site":9241,"st":"CA","n":91,"classes":{"leaves":16,"fruits":51,"flowers":24},"weeks":[{"w":"2026-10-06","yes":{"leaves":2,"fruits":4},"obs":{"leaves":12,"flowers":10,"fruits":12},"sp":{"leaves":{"Eastern Mojave buckwheat":2},"fruits":{"Eastern Mojave buckwheat":2,"California live oak":2}}},{"w":"2026-09-29","yes":{"leaves":2,"flowers":2,"fruits":5},"obs":{"leaves":12,"flowers":10,"fruits":11},"sp":{"leaves":{"Eastern Mojave buckwheat":2},"flowers":{"Eastern Mojave buckwheat":2},"fruits":{"Eastern Mojave buckwheat":3,"California live oak":2}}},{"w":"2026-09-22","yes":{"leaves":2,"flowers":2,"fruits":8},"obs":{"leaves":12,"flowers":10,"fruits":12},"sp":{"leaves":{"Eastern Mojave buckwheat":2},"flowers":{"Eastern Mojave buckwheat":2},"fruits":{"Eastern Mojave buckwheat":6,"California live oak":2}}},{"w":"2026-09-15","yes":{"leaves":2,"flowers":4,"fruits":8},"obs":{"leaves":12,"flowers":10,"fruits":12},"sp":{"leaves":{"Eastern Mojave buckwheat":2},"flowers":{"Eastern Mojave buckwheat":4},"fruits":{"Eastern Mojave buckwheat":6,"California live oak":2}}},{"w":"2026-09-08","yes":{"leaves":2,"flowers":4,"fruits":6},"obs":{"leaves":12,"flowers":10,"fruits":10},"sp":{"leaves":{"Eastern Mojave buckwheat":2},"flowers":{"Eastern Mojave buckwheat":4},"fruits":{"Eastern Mojave buckwheat":4,"California live oak":2}}},{"w":"2026-09-01","yes":{"leaves":2,"flowers":4,"fruits":7},"obs":{"leaves":12,"flowers":10,"fruits":11},"sp":{"leaves":{"Eastern Mojave buckwheat":2},"flowers":{"Eastern Mojave buckwheat":4},"fruits":{"Eastern Mojave buckwheat":5,"California live oak":2}}},{"w":"2026-08-25","yes":{"leaves":2,"flowers":4,"fruits":6},"obs":{"leaves":12,"flowers":10,"fruits":10},"sp":{"leaves":{"Eastern Mojave buckwheat":2},"flowers":{"Eastern Mojave buckwheat":4},"fruits":{"Eastern Mojave buckwheat":4,"California live oak":2}}},{"w":"2026-08-18","yes":{"leaves":2,"flowers":4,"fruits":7},"obs":{"leaves":12,"flowers":10,"fruits":11},"sp":{"leaves":{"Eastern Mojave buckwheat":2},"flowers":{"Eastern Mojave buckwheat":4},"fruits":{"Eastern Mojave buckwheat":5,"California live oak":2}}}]}},{"type":"Feature","geometry":{"type":"Point","coordinates":[-120.04069,34.67545]},"properties":{"site":9242,"st":"CA","n":43,"classes":{"leaves":18,"flowers":22,"fruits":3},"weeks":[{"w":"2026-10-06","yes":{"leaves":3,"flowers":5,"fruits":1},"obs":{"leaves":7,"flowers":8,"fruits":9},"sp":{"leaves":{"blue elderberry":3},"flowers":{"coyotebrush":5},"fruits":{"coyotebrush":1}}},{"w":"2026-09-29","yes":{"leaves":3,"flowers":3,"fruits":1},"obs":{"leaves":7,"flowers":8,"fruits":9},"sp":{"leaves":{"blue elderberry":3},"flowers":{"coyotebrush":3},"fruits":{"coyotebrush":1}}},{"w":"2026-09-22","yes":{"leaves":2,"flowers":3},"obs":{"leaves":7,"flowers":8,"fruits":9},"sp":{"leaves":{"blue elderberry":2},"flowers":{"coyotebrush":3}}},{"w":"2026-09-15","yes":{"leaves":2,"flowers":3},"obs":{"leaves":7,"flowers":8,"fruits":9},"sp":{"leaves":{"blue elderberry":2},"flowers":{"coyotebrush":3}}},{"w":"2026-09-08","yes":{"leaves":3,"flowers":2},"obs":{"leaves":7,"flowers":8,"fruits":9},"sp":{"leaves":{"blue elderberry":3},"flowers":{"coyotebrush":2}}},{"w":"2026-09-01","yes":{"leaves":2,"flowers":2},"obs":{"leaves":7,"flowers":8,"fruits":9},"sp":{"leaves":{"blue elderberry":2},"flowers":{"coyotebrush":2}}},{"w":"2026-08-25","yes":{"leaves":2,"flowers":2},"obs":{"leaves":7,"flowers":8,"fruits":9},"sp":{"leaves":{"blue elderberry":2},"flowers":{"coyotebrush":2}}},{"w":"2026-08-18","yes":{"leaves":1,"flowers":2,"fruits":1},"obs":{"leaves":7,"flowers":8,"fruits":9},"sp":{"leaves":{"blue elderberry":1},"flowers":{"coyotebrush":2},"fruits":{"blue elderberry":1}}}]}},{"type":"Feature","geometry":{"type":"Point","coordinates":[-83.69881,35.6374]},"properties":{"site":9339,"st":"TN","n":27,"classes":{"leaves":27},"weeks":[{"w":"2026-09-15","yes":{"leaves":27},"obs":{"leaves":166,"flowers":88,"fruits":114,"birds":55},"sp":{"leaves":{"tuliptree":6,"Carolina silverbell":5,"sugar maple":4,"striped maple":3,"red maple":2}}}]}},{"type":"Feature","geometry":{"type":"Point","coordinates":[-83.68772,35.63987]},"properties":{"site":9341,"st":"TN","n":20,"classes":{"leaves":20},"weeks":[{"w":"2026-09-15","yes":{"leaves":20},"obs":{"leaves":102,"flowers":60,"fruits":72,"birds":55},"sp":{"leaves":{"sugar maple":4,"striped maple":2,"Carolina silverbell":1,"sweet birch":1,"American basswood":1}}}]}},{"type":"Feature","geometry":{"type":"Point","coordinates":[-83.69591,35.6428]},"properties":{"site":9343,"st":"TN","n":72,"classes":{"leaves":72},"weeks":[{"w":"2026-08-25","yes":{"leaves":36},"obs":{"leaves":126,"flowers":69,"fruits":87},"sp":{"leaves":{"yellow buckeye":11,"sweetgum":5,"sweet birch":3,"red maple":3,"Kentucky yellowwood":2}}},{"w":"2026-08-18","yes":{"leaves":36},"obs":{"leaves":125,"flowers":69,"fruits":86},"sp":{"leaves":{"yellow buckeye":8,"sweetgum":6,"red maple":4,"sweet birch":3,"American basswood":2}}}]}},{"type":"Feature","geometry":{"type":"Point","coordinates":[-83.69286,35.64037]},"properties":{"site":9344,"st":"TN","n":35,"classes":{"leaves":32,"birds":3},"weeks":[{"w":"2026-09-22","yes":{"leaves":11},"obs":{"leaves":33,"flowers":13,"fruits":18},"sp":{"leaves":{"yellow buckeye":6,"tuliptree":4,"striped maple":1}}},{"w":"2026-09-01","yes":{"leaves":21,"birds":3},"obs":{"leaves":79,"flowers":36,"fruits":48,"birds":55},"sp":{"leaves":{"yellow buckeye":9,"tuliptree":3,"sweetgum":2,"American witchhazel":2,"red maple":2},"birds":{"Carolina wren":3}}}]}},{"type":"Feature","geometry":{"type":"Point","coordinates":[-94.15575,44.76825]},"properties":{"site":9652,"st":"MN","n":199,"classes":{"leaves":1,"insects":82,"birds":116},"weeks":[{"w":"2026-09-15","yes":{"leaves":1,"insects":11,"birds":24},"obs":{"leaves":5,"flowers":3,"fruits":3,"insects":30,"birds":42},"sp":{"leaves":{"silver maple":1},"insects":{"bumblebee":4,"monarch":4,"cabbage white":2,"Apache cicada":1},"birds":{"American goldfinch":8,"northern cardinal":8,"blue jay":4,"black-capped chickadee":4}}},{"w":"2026-09-08","yes":{"insects":19,"birds":22},"obs":{"insects":49,"birds":42},"sp":{"insects":{"monarch":8,"cabbage white":6,"bumblebee":4,"Apache cicada":1},"birds":{"American goldfinch":12,"blue jay":6,"black-capped chickadee":4}}},{"w":"2026-09-01","yes":{"insects":16,"birds":16},"obs":{"insects":36,"birds":32},"sp":{"insects":{"monarch":7,"cabbage white":4,"bumblebee":4,"Apache cicada":1},"birds":{"American goldfinch":8,"northern cardinal":4,"common nighthawk":2,"blue jay":2}}},{"w":"2026-08-25","yes":{"insects":31,"birds":46},"obs":{"insects":68,"birds":83},"sp":{"insects":{"monarch":20,"cabbage white":6,"Apache cicada":3,"bumblebee":2},"birds":{"northern cardinal":16,"American goldfinch":16,"common nighthawk":10,"blue jay":4}}},{"w":"2026-08-18","yes":{"insects":5,"birds":8},"obs":{"insects":11,"birds":18},"sp":{"insects":{"monarch":4,"Apache cicada":1},"birds":{"northern cardinal":4,"common nighthawk":2,"blue jay":2}}}]}},{"type":"Feature","geometry":{"type":"Point","coordinates":[-122.1422,37.79121]},"properties":{"site":10142,"st":"CA","n":19,"classes":{"leaves":3,"flowers":4,"fruits":12},"weeks":[{"w":"2026-08-18","yes":{"leaves":3,"flowers":4,"fruits":12},"obs":{"leaves":25,"flowers":29,"fruits":36},"sp":{"leaves":{"orange bush monkeyflower":3},"flowers":{"orange bush monkeyflower":2,"California laurel":2},"fruits":{"eltrot":4,"California live oak":3,"orange bush monkeyflower":2,"California laurel":2,"toyon":1}}}]}},{"type":"Feature","geometry":{"type":"Point","coordinates":[-105.12402,39.57948]},"properties":{"site":10143,"st":"CO","n":31,"classes":{"leaves":31},"weeks":[{"w":"2026-10-06","yes":{"leaves":12},"obs":{"leaves":27,"flowers":16,"fruits":15},"sp":{"leaves":{"peach":3,"American plum":3,"American hazelnut":3,"paper birch":2,"white ash":1}}},{"w":"2026-09-22","yes":{"leaves":10},"obs":{"leaves":27,"flowers":16,"fruits":15},"sp":{"leaves":{"peach":3,"American plum":3,"American hazelnut":2,"paper birch":1,"white ash":1}}},{"w":"2026-09-15","yes":{"leaves":9},"obs":{"leaves":27,"flowers":16,"fruits":15},"sp":{"leaves":{"peach":3,"American hazelnut":2,"American plum":2,"white ash":1,"paper birch":1}}}]}},{"type":"Feature","geometry":{"type":"Point","coordinates":[-83.25099,42.60254]},"properties":{"site":10145,"st":"MI","n":494,"classes":{"insects":155,"birds":339},"weeks":[{"w":"2026-10-06","yes":{"insects":10,"birds":27},"obs":{"insects":220,"birds":800},"sp":{"insects":{"cabbage white":5,"orange sulphur":3,"bumblebee":1,"mourning cloak":1},"birds":{"blue jay":4,"red-bellied woodpecker":3,"Carolina wren":3,"American robin":3,"black-capped chickadee":2}}},{"w":"2026-09-29","yes":{"insects":23,"birds":51},"obs":{"insects":241,"birds":940},"sp":{"insects":{"orange sulphur":6,"cabbage white":6,"honeybee":3,"common green darner":2,"bumblebee":2},"birds":{"Carolina wren":8,"blue jay":7,"house sparrow":4,"Canada goose":4,"white-breasted nuthatch":4}}},{"w":"2026-09-22","yes":{"insects":8,"birds":34},"obs":{"insects":386,"birds":1326},"sp":{"insects":{"cabbage white":4,"bumblebee":3,"orange sulphur":1},"birds":{"blue jay":6,"red-tailed hawk":4,"Carolina wren":3,"mourning dove":3,"American crow":2}}},{"w":"2026-09-15","yes":{"insects":23,"birds":35},"obs":{"insects":336,"birds":1140},"sp":{"insects":{"bumblebee":5,"cabbage white":5,"honeybee":5,"orange sulphur":4,"monarch":3},"birds":{"red-bellied woodpecker":5,"blue jay":5,"house sparrow":5,"mourning dove":4,"Canada goose":3}}},{"w":"2026-09-08","yes":{"insects":20,"birds":52},"obs":{"insects":294,"birds":1137},"sp":{"insects":{"cabbage white":6,"bumblebee":4,"honeybee":4,"monarch":3,"orange sulphur":2},"birds":{"ruby-throated hummingbird":7,"Canada goose":4,"blue jay":4,"Carolina wren":4,"house sparrow":3}}},{"w":"2026-09-01","yes":{"insects":21,"birds":39},"obs":{"insects":276,"birds":1123},"sp":{"insects":{"honeybee":7,"cabbage white":5,"orange sulphur":3,"monarch":3,"bumblebee":2},"birds":{"house sparrow":4,"American robin":4,"blue jay":4,"mourning dove":3,"northern cardinal":3}}},{"w":"2026-08-25","yes":{"insects":23,"birds":49},"obs":{"insects":322,"birds":1302},"sp":{"insects":{"orange sulphur":7,"cabbage white":6,"monarch":4,"honeybee":2,"bumblebee":2},"birds":{"house sparrow":6,"blue jay":6,"Canada goose":4,"American robin":4,"American crow":3}}},{"w":"2026-08-18","yes":{"insects":27,"birds":52},"obs":{"insects":322,"birds":1302},"sp":{"insects":{"cabbage white":7,"orange sulphur":6,"monarch":6,"bumblebee":3,"honeybee":2},"birds":{"American robin":7,"house sparrow":6,"American goldfinch":5,"Canada goose":4,"cedar waxwing":4}}}]}},{"type":"Feature","geometry":{"type":"Point","coordinates":[-81.69315,41.43369]},"properties":{"site":10585,"st":"OH","n":1315,"classes":{"leaves":425,"flowers":211,"fruits":679},"weeks":[{"w":"2026-10-06","yes":{"leaves":54,"flowers":17,"fruits":93},"obs":{"leaves":128,"flowers":100,"fruits":150},"sp":{"leaves":{"redosier dogwood":2,"red columbine":2,"bride's feathers":2,"Japanese meadowsweet":2,"Manchurian lilac":2},"flowers":{"New England aster":2,"Japanese thimbleweed":2,"smooth blue aster":2,"woodland sage":2,"American pokeweed":1},"fruits":{"swamp verbena":3,"American pokeweed":3,"swamp milkweed":3,"wild bergamot":3,"eastern purple coneflower":3}}},{"w":"2026-09-29","yes":{"leaves":54,"flowers":19,"fruits":92},"obs":{"leaves":130,"flowers":102,"fruits":153},"sp":{"leaves":{"redosier dogwood":2,"red columbine":2,"Japanese meadowsweet":2,"Manchurian lilac":2,"white baneberry":1},"flowers":{"American pokeweed":2,"New England aster":2,"Japanese thimbleweed":2,"common boneset":2,"smooth blue aster":2},"fruits":{"western blue-eyed grass":3,"swamp milkweed":3,"wild bergamot":3,"American pokeweed":3,"eastern purple coneflower":3}}},{"w":"2026-09-22","yes":{"leaves":53,"flowers":21,"fruits":90},"obs":{"leaves":134,"flowers":106,"fruits":159},"sp":{"leaves":{"red columbine":2,"redosier dogwood":2,"Japanese meadowsweet":2,"swamp verbena":1,"foxglove beardtongue":1},"flowers":{"American pokeweed":2,"New England aster":2,"Japanese thimbleweed":2,"common boneset":2,"smooth blue aster":2},"fruits":{"swamp verbena":3,"fall phlox":3,"American pokeweed":3,"swamp milkweed":3,"wild bergamot":3}}},{"w":"2026-09-15","yes":{"leaves":52,"flowers":24,"fruits":89},"obs":{"leaves":138,"flowers":110,"fruits":165},"sp":{"leaves":{"red columbine":2,"swamp verbena":1,"great blue lobelia":1,"common milkweed":1,"pinnate prairie coneflower":1},"flowers":{"Japanese thimbleweed":2,"common boneset":2,"smooth blue aster":2,"woodland sage":2,"cardinalflower":2},"fruits":{"swamp verbena":3,"great blue lobelia":3,"pinnate prairie coneflower":3,"blackeyed Susan":3,"golden zizia":3}}},{"w":"2026-09-08","yes":{"leaves":53,"flowers":28,"fruits":84},"obs":{"leaves":138,"flowers":110,"fruits":165},"sp":{"leaves":{"red columbine":2,"common milkweed":1,"purple giant hyssop":1,"common boneset":1,"button eryngo":1},"flowers":{"purple giant hyssop":2,"common boneset":2,"smooth blue aster":2,"woodland sage":2,"Japanese thimbleweed":2},"fruits":{"button eryngo":3,"sweetscented joe pye weed":3,"clustered mountainmint":3,"Culver's root":3,"woodland sage":3}}},{"w":"2026-09-01","yes":{"leaves":53,"flowers":30,"fruits":80},"obs":{"leaves":136,"flowers":108,"fruits":162},"sp":{"leaves":{"red columbine":2,"swamp verbena":1,"great blue lobelia":1,"white baneberry":1,"western blue-eyed grass":1},"flowers":{"scarlet beebalm":2,"cardinalflower":2,"New England aster":2,"American pokeweed":2,"Japanese thimbleweed":2},"fruits":{"swamp verbena":3,"great blue lobelia":3,"western blue-eyed grass":3,"bride's feathers":3,"eastern purple coneflower":3}}},{"w":"2026-08-25","yes":{"leaves":53,"flowers":34,"fruits":80},"obs":{"leaves":136,"flowers":108,"fruits":162},"sp":{"leaves":{"red columbine":2,"swamp verbena":1,"white baneberry":1,"western blue-eyed grass":1,"smooth Solomon's seal":1},"flowers":{"scarlet beebalm":2,"cardinalflower":2,"New England aster":2,"American pokeweed":2,"fall phlox":2},"fruits":{"swamp verbena":3,"western blue-eyed grass":3,"bride's feathers":3,"eastern purple coneflower":3,"scarlet beebalm":3}}},{"w":"2026-08-18","yes":{"leaves":53,"flowers":38,"fruits":71},"obs":{"leaves":134,"flowers":106,"fruits":159},"sp":{"leaves":{"red columbine":2,"fall phlox":1,"foxglove beardtongue":1,"blue wild indigo":1,"smooth Solomon's seal":1},"flowers":{"fall phlox":2,"scarlet beebalm":2,"butterfly milkweed":2,"cardinalflower":2,"New England aster":2},"fruits":{"bride's feathers":3,"eastern purple coneflower":3,"scarlet beebalm":3,"redosier dogwood":3,"dense blazing star":3}}}]}},{"type":"Feature","geometry":{"type":"Point","coordinates":[-111.24661,38.28566]},"properties":{"site":10717,"st":"UT","n":18,"classes":{"leaves":12,"flowers":6},"weeks":[{"w":"2026-09-29","yes":{"leaves":3,"flowers":2},"obs":{"leaves":9,"flowers":5,"fruits":6,"insects":7,"birds":7},"sp":{"leaves":{"Fremont cottonwood":2,"rubber rabbitbrush":1},"flowers":{"rubber rabbitbrush":2}}},{"w":"2026-09-15","yes":{"leaves":3,"flowers":1},"obs":{"leaves":9,"flowers":5,"fruits":6,"insects":7,"birds":7},"sp":{"leaves":{"Fremont cottonwood":2,"rubber rabbitbrush":1},"flowers":{"rubber rabbitbrush":1}}},{"w":"2026-09-08","yes":{"leaves":2,"flowers":1},"obs":{"leaves":9,"flowers":5,"fruits":6,"insects":7,"birds":7},"sp":{"leaves":{"Fremont cottonwood":1,"rubber rabbitbrush":1},"flowers":{"rubber rabbitbrush":1}}},{"w":"2026-08-25","yes":{"leaves":4,"flowers":2},"obs":{"leaves":18,"flowers":10,"fruits":12,"insects":14,"birds":14},"sp":{"leaves":{"Fremont cottonwood":2,"rubber rabbitbrush":2},"flowers":{"rubber rabbitbrush":2}}}]}},{"type":"Feature","geometry":{"type":"Point","coordinates":[-112.122,36.0551]},"properties":{"site":10878,"st":"AZ","n":39,"classes":{"leaves":21,"fruits":18},"weeks":[{"w":"2026-09-29","yes":{"leaves":4,"fruits":2},"obs":{"leaves":8,"fruits":6},"sp":{"leaves":{"Gambel oak":4},"fruits":{"Gambel oak":2}}},{"w":"2026-09-22","yes":{"leaves":3,"fruits":2},"obs":{"leaves":8,"fruits":6},"sp":{"leaves":{"Gambel oak":3},"fruits":{"Gambel oak":2}}},{"w":"2026-09-08","yes":{"leaves":2,"fruits":2},"obs":{"leaves":8,"fruits":6},"sp":{"leaves":{"Gambel oak":2},"fruits":{"Gambel oak":2}}},{"w":"2026-09-01","yes":{"leaves":4,"fruits":4},"obs":{"leaves":16,"fruits":12},"sp":{"leaves":{"Gambel oak":4},"fruits":{"Gambel oak":4}}},{"w":"2026-08-25","yes":{"leaves":4,"fruits":4},"obs":{"leaves":16,"fruits":12},"sp":{"leaves":{"Gambel oak":4},"fruits":{"Gambel oak":4}}},{"w":"2026-08-18","yes":{"leaves":4,"fruits":4},"obs":{"leaves":16,"fruits":12},"sp":{"leaves":{"Gambel oak":4},"fruits":{"Gambel oak":4}}}]}},{"type":"Feature","geometry":{"type":"Point","coordinates":[-112.108,36.06107]},"properties":{"site":10959,"st":"AZ","n":75,"classes":{"leaves":56,"fruits":19},"weeks":[{"w":"2026-09-29","yes":{"leaves":8},"obs":{"leaves":24,"fruits":18},"sp":{"leaves":{"Gambel oak":8}}},{"w":"2026-09-22","yes":{"leaves":6,"fruits":3},"obs":{"leaves":24,"fruits":18},"sp":{"leaves":{"Gambel oak":6},"fruits":{"Gambel oak":3}}},{"w":"2026-09-08","yes":{"leaves":6,"fruits":4},"obs":{"leaves":24,"fruits":18},"sp":{"leaves":{"Gambel oak":6},"fruits":{"Gambel oak":4}}},{"w":"2026-09-01","yes":{"leaves":12,"fruits":4},"obs":{"leaves":48,"fruits":36},"sp":{"leaves":{"Gambel oak":12},"fruits":{"Gambel oak":4}}},{"w":"2026-08-25","yes":{"leaves":12,"fruits":3},"obs":{"leaves":48,"fruits":36},"sp":{"leaves":{"Gambel oak":12},"fruits":{"Gambel oak":3}}},{"w":"2026-08-18","yes":{"leaves":12,"fruits":5},"obs":{"leaves":48,"fruits":36},"sp":{"leaves":{"Gambel oak":12},"fruits":{"Gambel oak":5}}}]}},{"type":"Feature","geometry":{"type":"Point","coordinates":[-112.108,36.06092]},"properties":{"site":10960,"st":"AZ","n":67,"classes":{"leaves":38,"fruits":29},"weeks":[{"w":"2026-09-29","yes":{"leaves":6,"fruits":4},"obs":{"leaves":16,"fruits":12},"sp":{"leaves":{"Gambel oak":6},"fruits":{"Gambel oak":4}}},{"w":"2026-09-22","yes":{"leaves":4,"fruits":4},"obs":{"leaves":16,"fruits":12},"sp":{"leaves":{"Gambel oak":4},"fruits":{"Gambel oak":4}}},{"w":"2026-09-08","yes":{"leaves":4,"fruits":4},"obs":{"leaves":16,"fruits":12},"sp":{"leaves":{"Gambel oak":4},"fruits":{"Gambel oak":4}}},{"w":"2026-09-01","yes":{"leaves":8,"fruits":4},"obs":{"leaves":32,"fruits":24},"sp":{"leaves":{"Gambel oak":8},"fruits":{"Gambel oak":4}}},{"w":"2026-08-25","yes":{"leaves":8,"fruits":5},"obs":{"leaves":32,"fruits":24},"sp":{"leaves":{"Gambel oak":8},"fruits":{"Gambel oak":5}}},{"w":"2026-08-18","yes":{"leaves":8,"fruits":8},"obs":{"leaves":32,"fruits":24},"sp":{"leaves":{"Gambel oak":8},"fruits":{"Gambel oak":8}}}]}},{"type":"Feature","geometry":{"type":"Point","coordinates":[-81.79128,36.63465]},"properties":{"site":11052,"st":"VA","n":6,"classes":{"leaves":2,"fruits":4},"weeks":[{"w":"2026-09-15","yes":{"leaves":2,"fruits":4},"obs":{"leaves":10,"flowers":4,"fruits":6},"sp":{"leaves":{"flowering dogwood":2},"fruits":{"flowering dogwood":4}}}]}},{"type":"Feature","geometry":{"type":"Point","coordinates":[-92.6463,44.20135]},"properties":{"site":11313,"st":"MN","n":3,"classes":{"leaves":3},"weeks":[{"w":"2026-08-25","yes":{"leaves":3},"obs":{"leaves":17,"flowers":12,"fruits":9,"birds":49},"sp":{"leaves":{"northern red oak":1,"sugar maple":1,"American basswood":1}}}]}},{"type":"Feature","geometry":{"type":"Point","coordinates":[-111.94462,33.46244]},"properties":{"site":11587,"st":"AZ","n":85,"classes":{"leaves":49,"flowers":22,"fruits":14},"weeks":[{"w":"2026-09-29","yes":{"leaves":13,"flowers":6,"fruits":6},"obs":{"leaves":24,"flowers":16,"fruits":24},"sp":{"leaves":{"rush-desert-milkweed":11,"Arizona milkweed":2},"flowers":{"rush-desert-milkweed":6},"fruits":{"rush-desert-milkweed":6}}},{"w":"2026-09-01","yes":{"leaves":19,"flowers":9,"fruits":6},"obs":{"leaves":27,"flowers":18,"fruits":27},"sp":{"leaves":{"rush-desert-milkweed":16,"Arizona milkweed":3},"flowers":{"rush-desert-milkweed":7,"Arizona milkweed":2},"fruits":{"rush-desert-milkweed":6}}},{"w":"2026-08-25","yes":{"leaves":17,"flowers":7,"fruits":2},"obs":{"leaves":27,"flowers":18,"fruits":27},"sp":{"leaves":{"rush-desert-milkweed":14,"Arizona milkweed":3},"flowers":{"rush-desert-milkweed":7},"fruits":{"rush-desert-milkweed":2}}}]}},{"type":"Feature","geometry":{"type":"Point","coordinates":[-83.783,35.60341]},"properties":{"site":11999,"st":"TN","n":230,"classes":{"leaves":230},"weeks":[{"w":"2026-09-29","yes":{"leaves":38},"obs":{"leaves":100,"flowers":52,"fruits":60},"sp":{"leaves":{"tuliptree":12,"black cherry":9,"red maple":8,"white oak":5,"American sycamore":3}}},{"w":"2026-09-15","yes":{"leaves":30},"obs":{"leaves":100,"flowers":52,"fruits":60},"sp":{"leaves":{"red maple":10,"white oak":5,"tuliptree":5,"black cherry":4,"pignut hickory":3}}},{"w":"2026-09-08","yes":{"leaves":103},"obs":{"leaves":300,"flowers":156,"fruits":180},"sp":{"leaves":{"tuliptree":31,"black cherry":22,"white oak":19,"red maple":19,"American sycamore":8}}},{"w":"2026-09-01","yes":{"leaves":33},"obs":{"leaves":100,"flowers":52,"fruits":60},"sp":{"leaves":{"tuliptree":8,"red maple":8,"white oak":7,"black cherry":7,"American sycamore":2}}},{"w":"2026-08-25","yes":{"leaves":26},"obs":{"leaves":100,"flowers":52,"fruits":60},"sp":{"leaves":{"tuliptree":7,"white oak":6,"red maple":6,"black cherry":4,"American sycamore":2}}}]}},{"type":"Feature","geometry":{"type":"Point","coordinates":[-83.94109,35.63341]},"properties":{"site":12002,"st":"TN","n":51,"classes":{"leaves":49,"flowers":2},"weeks":[{"w":"2026-09-15","yes":{"leaves":35},"obs":{"leaves":100,"flowers":58,"fruits":60},"sp":{"leaves":{"white oak":11,"chestnut oak":9,"mockernut hickory":8,"black oak":3,"red maple":2}}},{"w":"2026-09-08","yes":{"leaves":14,"flowers":2},"obs":{"leaves":25,"flowers":15,"fruits":15},"sp":{"leaves":{"chestnut oak":6,"mockernut hickory":5,"red maple":3},"flowers":{"chestnut oak":1,"red maple":1}}}]}},{"type":"Feature","geometry":{"type":"Point","coordinates":[-83.59095,35.66443]},"properties":{"site":12003,"st":"TN","n":397,"classes":{"leaves":395,"fruits":2},"weeks":[{"w":"2026-10-06","yes":{"leaves":53},"obs":{"leaves":150,"flowers":40,"fruits":45},"sp":{"leaves":{"sweet birch":20,"tuliptree":14,"red maple":12,"flowering dogwood":5,"sourwood":2}}},{"w":"2026-09-29","yes":{"leaves":105},"obs":{"leaves":300,"flowers":120,"fruits":135},"sp":{"leaves":{"sweet birch":44,"tuliptree":28,"red maple":20,"flowering dogwood":9,"sourwood":4}}},{"w":"2026-09-22","yes":{"leaves":41,"fruits":2},"obs":{"leaves":150,"flowers":40,"fruits":45},"sp":{"leaves":{"sweet birch":14,"tuliptree":12,"red maple":8,"flowering dogwood":5,"sourwood":2},"fruits":{"flowering dogwood":2}}},{"w":"2026-09-15","yes":{"leaves":69},"obs":{"leaves":300,"flowers":120,"fruits":135},"sp":{"leaves":{"sweet birch":24,"red maple":17,"tuliptree":15,"flowering dogwood":9,"sourwood":4}}},{"w":"2026-09-08","yes":{"leaves":52},"obs":{"leaves":202,"flowers":65,"fruits":70},"sp":{"leaves":{"sweet birch":19,"tuliptree":13,"red maple":12,"flowering dogwood":5,"sourwood":3}}},{"w":"2026-09-01","yes":{"leaves":30},"obs":{"leaves":150,"flowers":40,"fruits":45},"sp":{"leaves":{"sweet birch":12,"red maple":8,"tuliptree":6,"sourwood":2,"flowering dogwood":2}}},{"w":"2026-08-25","yes":{"leaves":15},"obs":{"leaves":75,"flowers":1},"sp":{"leaves":{"sweet birch":6,"red maple":4,"tuliptree":3,"sourwood":1,"flowering dogwood":1}}},{"w":"2026-08-18","yes":{"leaves":30},"obs":{"leaves":150,"flowers":80,"fruits":90},"sp":{"leaves":{"sweet birch":12,"red maple":8,"tuliptree":6,"sourwood":2,"flowering dogwood":2}}}]}},{"type":"Feature","geometry":{"type":"Point","coordinates":[-110.90958,32.24846]},"properties":{"site":12064,"st":"AZ","n":114,"classes":{"leaves":61,"flowers":12,"fruits":25,"insects":9,"birds":7},"weeks":[{"w":"2026-09-29","yes":{"leaves":24,"flowers":4,"fruits":5,"insects":6,"birds":5},"obs":{"leaves":36,"flowers":30,"fruits":42,"insects":36,"birds":27},"sp":{"leaves":{"ocotillo":6,"velvet mesquite":6,"blue paloverde":5,"desert willow":5,"creosote bush":2},"flowers":{"creosote bush":4},"fruits":{"creosote bush":4,"desert willow":1},"insects":{"queen":3,"gulf fritillary":3},"birds":{"Anna's hummingbird":3,"white-winged dove":2}}},{"w":"2026-09-01","yes":{"leaves":21,"flowers":2,"fruits":8},"obs":{"leaves":36,"flowers":30,"fruits":42,"insects":36,"birds":27},"sp":{"leaves":{"velvet mesquite":6,"ocotillo":6,"blue paloverde":5,"desert willow":4},"flowers":{"creosote bush":2},"fruits":{"velvet mesquite":3,"jojoba":2,"desert willow":1,"blue paloverde":1,"creosote bush":1}}},{"w":"2026-08-25","yes":{"leaves":8,"flowers":3,"fruits":7,"insects":3,"birds":2},"obs":{"leaves":32,"flowers":28,"fruits":39,"insects":36,"birds":27},"sp":{"leaves":{"blue paloverde":2,"velvet mesquite":2,"ocotillo":2,"jojoba":1,"desert willow":1},"flowers":{"desert willow":2,"jojoba":1},"fruits":{"velvet mesquite":4,"creosote bush":2,"blue paloverde":1},"insects":{"monarch":3},"birds":{"white-winged dove":1,"verdin":1}}},{"w":"2026-08-18","yes":{"leaves":8,"flowers":3,"fruits":5},"obs":{"leaves":32,"flowers":28,"fruits":39,"insects":36,"birds":27},"sp":{"leaves":{"velvet mesquite":2,"blue paloverde":2,"ocotillo":2,"desert willow":1,"jojoba":1},"flowers":{"desert willow":2,"jojoba":1},"fruits":{"creosote bush":2,"velvet mesquite":2,"blue paloverde":1}}}]}},{"type":"Feature","geometry":{"type":"Point","coordinates":[-76.557,42.51842]},"properties":{"site":12249,"st":"NY","n":65,"classes":{"leaves":51,"fruits":14},"weeks":[{"w":"2026-09-29","yes":{"leaves":13,"fruits":5},"obs":{"leaves":25,"flowers":14,"fruits":15},"sp":{"leaves":{"sugar maple":3,"American basswood":3,"bur oak":3,"eastern redbud":2,"bitternut hickory":2},"fruits":{"bur oak":3,"eastern redbud":2}}},{"w":"2026-09-22","yes":{"leaves":14,"fruits":4},"obs":{"leaves":25,"flowers":14,"fruits":14},"sp":{"leaves":{"sugar maple":3,"eastern redbud":3,"American basswood":3,"bur oak":3,"bitternut hickory":2},"fruits":{"bur oak":3,"eastern redbud":1}}},{"w":"2026-09-15","yes":{"leaves":14,"fruits":2},"obs":{"leaves":25,"flowers":14,"fruits":14},"sp":{"leaves":{"sugar maple":3,"eastern redbud":3,"American basswood":3,"bur oak":3,"bitternut hickory":2},"fruits":{"eastern redbud":1,"bur oak":1}}},{"w":"2026-08-25","yes":{"leaves":10,"fruits":3},"obs":{"leaves":25,"flowers":14,"fruits":14},"sp":{"leaves":{"eastern redbud":3,"bur oak":3,"sugar maple":2,"bitternut hickory":1,"American basswood":1},"fruits":{"bur oak":2,"eastern redbud":1}}}]}},{"type":"Feature","geometry":{"type":"Point","coordinates":[-124.0061,40.02119]},"properties":{"site":12693,"st":"CA","n":71,"classes":{"leaves":20,"fruits":51},"weeks":[{"w":"2026-09-29","yes":{"leaves":6,"fruits":8},"obs":{"leaves":16,"flowers":11,"fruits":15},"sp":{"leaves":{"red elderberry":3,"beaked hazelnut":2,"California huckleberry":1},"fruits":{"Cascade barberry":3,"California buckthorn":3,"California huckleberry":2}}},{"w":"2026-09-08","yes":{"leaves":4,"fruits":12},"obs":{"leaves":16,"flowers":11,"fruits":15},"sp":{"leaves":{"red elderberry":3,"beaked hazelnut":1},"fruits":{"beaked hazelnut":3,"California huckleberry":3,"California buckthorn":3,"Cascade barberry":3}}},{"w":"2026-09-01","yes":{"leaves":4,"fruits":12},"obs":{"leaves":15,"flowers":11,"fruits":14},"sp":{"leaves":{"red elderberry":3,"beaked hazelnut":1},"fruits":{"beaked hazelnut":3,"California huckleberry":3,"California buckthorn":3,"Cascade barberry":3}}},{"w":"2026-08-25","yes":{"leaves":4,"fruits":11},"obs":{"leaves":16,"flowers":11,"fruits":15},"sp":{"leaves":{"red elderberry":3,"beaked hazelnut":1},"fruits":{"Cascade barberry":3,"California huckleberry":3,"California buckthorn":3,"beaked hazelnut":2}}},{"w":"2026-08-18","yes":{"leaves":2,"fruits":8},"obs":{"leaves":16,"flowers":11,"fruits":13},"sp":{"leaves":{"red elderberry":1,"beaked hazelnut":1},"fruits":{"California huckleberry":3,"Cascade barberry":2,"California buckthorn":2,"beaked hazelnut":1}}}]}},{"type":"Feature","geometry":{"type":"Point","coordinates":[-71.19523,44.25947]},"properties":{"site":16190,"st":"NH","n":23,"classes":{"leaves":7,"fruits":16},"weeks":[{"w":"2026-09-29","yes":{"leaves":2,"fruits":4},"obs":{"leaves":9,"flowers":10,"fruits":15},"sp":{"leaves":{"starflower":1,"bluebead":1},"fruits":{"bluebead":3,"threeleaf goldthread":1}}},{"w":"2026-09-08","yes":{"leaves":2,"fruits":6},"obs":{"leaves":9,"flowers":10,"fruits":15},"sp":{"leaves":{"starflower":1,"bluebead":1},"fruits":{"bluebead":3,"threeleaf goldthread":2,"starflower":1}}},{"w":"2026-09-01","yes":{"leaves":3,"fruits":6},"obs":{"leaves":9,"flowers":10,"fruits":13},"sp":{"leaves":{"starflower":1,"bluebead":1,"Canada mayflower":1},"fruits":{"threeleaf goldthread":2,"bluebead":2,"starflower":1,"Canada mayflower":1}}}]}},{"type":"Feature","geometry":{"type":"Point","coordinates":[-71.19504,44.25955]},"properties":{"site":16191,"st":"NH","n":10,"classes":{"leaves":5,"fruits":5},"weeks":[{"w":"2026-09-29","yes":{"leaves":2,"fruits":3},"obs":{"leaves":5,"flowers":4,"fruits":6},"sp":{"leaves":{"bunchberry dogwood":1,"Canada mayflower":1},"fruits":{"Canada mayflower":3}}},{"w":"2026-09-08","yes":{"leaves":1},"obs":{"leaves":2,"flowers":2,"fruits":3},"sp":{"leaves":{"Canada mayflower":1}}},{"w":"2026-09-01","yes":{"leaves":2,"fruits":2},"obs":{"leaves":7,"flowers":6,"fruits":7},"sp":{"leaves":{"bunchberry dogwood":1,"Canada mayflower":1},"fruits":{"bunchberry dogwood":2}}}]}},{"type":"Feature","geometry":{"type":"Point","coordinates":[-71.196,44.26165]},"properties":{"site":16192,"st":"NH","n":36,"classes":{"leaves":17,"fruits":19},"weeks":[{"w":"2026-09-29","yes":{"leaves":5,"fruits":6},"obs":{"leaves":12,"flowers":8,"fruits":12},"sp":{"leaves":{"hobblebush":3,"bluebead":1,"bunchberry dogwood":1},"fruits":{"bluebead":3,"hobblebush":3}}},{"w":"2026-09-08","yes":{"leaves":6,"fruits":9},"obs":{"leaves":12,"flowers":8,"fruits":12},"sp":{"leaves":{"hobblebush":3,"bluebead":1,"bunchberry dogwood":1,"Canada mayflower":1},"fruits":{"bluebead":3,"Canada mayflower":3,"hobblebush":3}}},{"w":"2026-09-01","yes":{"leaves":6,"fruits":4},"obs":{"leaves":12,"flowers":8,"fruits":8},"sp":{"leaves":{"hobblebush":3,"bluebead":1,"bunchberry dogwood":1,"Canada mayflower":1},"fruits":{"bluebead":2,"Canada mayflower":1,"hobblebush":1}}}]}},{"type":"Feature","geometry":{"type":"Point","coordinates":[-71.652,44.16107]},"properties":{"site":16196,"st":"NH","n":26,"classes":{"leaves":8,"fruits":18},"weeks":[{"w":"2026-09-22","yes":{"leaves":4,"fruits":11},"obs":{"leaves":12,"flowers":11,"fruits":14},"sp":{"leaves":{"bog blueberry":3,"Bigelow's sedge":1},"fruits":{"bog blueberry":3,"Bigelow's sedge":3,"shrubby fivefingers":2,"lingonberry":2,"pincushion plant":1}}},{"w":"2026-09-01","yes":{"leaves":4,"fruits":7},"obs":{"leaves":12,"flowers":11,"fruits":15},"sp":{"leaves":{"bog blueberry":3,"Bigelow's sedge":1},"fruits":{"bog blueberry":2,"Bigelow's sedge":2,"lingonberry":2,"shrubby fivefingers":1}}}]}},{"type":"Feature","geometry":{"type":"Point","coordinates":[-71.6445,44.16095]},"properties":{"site":16199,"st":"NH","n":21,"classes":{"leaves":6,"fruits":13,"flowers":2},"weeks":[{"w":"2026-09-22","yes":{"leaves":4,"fruits":4},"obs":{"leaves":12,"flowers":11,"fruits":15},"sp":{"leaves":{"bog blueberry":3,"Bigelow's sedge":1},"fruits":{"Bigelow's sedge":3,"pincushion plant":1}}},{"w":"2026-09-01","yes":{"leaves":2,"flowers":2,"fruits":9},"obs":{"leaves":10,"flowers":8,"fruits":12},"sp":{"leaves":{"bog blueberry":2},"flowers":{"shrubby fivefingers":2},"fruits":{"pincushion plant":3,"shrubby fivefingers":3,"lingonberry":2,"bog blueberry":1}}}]}},{"type":"Feature","geometry":{"type":"Point","coordinates":[-71.57,44.187]},"properties":{"site":16201,"st":"NH","n":5,"classes":{"leaves":4,"fruits":1},"weeks":[{"w":"2026-09-15","yes":{"leaves":1,"fruits":1},"obs":{"leaves":5,"flowers":4,"fruits":6},"sp":{"leaves":{"bunchberry dogwood":1},"fruits":{"bunchberry dogwood":1}}},{"w":"2026-08-25","yes":{"leaves":3},"obs":{"leaves":5,"flowers":4,"fruits":6},"sp":{"leaves":{"starflower":2,"bunchberry dogwood":1}}}]}},{"type":"Feature","geometry":{"type":"Point","coordinates":[-71.5731,44.18501]},"properties":{"site":16202,"st":"NH","n":8,"classes":{"leaves":8},"weeks":[{"w":"2026-09-15","yes":{"leaves":4},"obs":{"leaves":7,"flowers":8,"fruits":12},"sp":{"leaves":{"starflower":1,"threeleaf goldthread":1,"bluebead":1,"Canada mayflower":1}}},{"w":"2026-08-25","yes":{"leaves":4},"obs":{"leaves":7,"flowers":8,"fruits":12},"sp":{"leaves":{"threeleaf goldthread":1,"bluebead":1,"Canada mayflower":1,"starflower":1}}}]}},{"type":"Feature","geometry":{"type":"Point","coordinates":[-71.5717,44.18563]},"properties":{"site":16205,"st":"NH","n":11,"classes":{"leaves":9,"fruits":2},"weeks":[{"w":"2026-09-15","yes":{"leaves":4},"obs":{"leaves":9,"flowers":8,"fruits":12},"sp":{"leaves":{"starflower":1,"bluebead":1,"bunchberry dogwood":1,"Canada mayflower":1}}},{"w":"2026-08-25","yes":{"leaves":5,"fruits":2},"obs":{"leaves":10,"flowers":10,"fruits":15},"sp":{"leaves":{"threeleaf goldthread":1,"bluebead":1,"bunchberry dogwood":1,"Canada mayflower":1,"starflower":1},"fruits":{"bluebead":2}}}]}},{"type":"Feature","geometry":{"type":"Point","coordinates":[-71.5687,44.18803]},"properties":{"site":16207,"st":"NH","n":14,"classes":{"leaves":6,"fruits":8},"weeks":[{"w":"2026-09-15","yes":{"leaves":3,"fruits":4},"obs":{"leaves":7,"flowers":6,"fruits":8},"sp":{"leaves":{"starflower":1,"bunchberry dogwood":1,"Canada mayflower":1},"fruits":{"bunchberry dogwood":2,"Canada mayflower":2}}},{"w":"2026-08-25","yes":{"leaves":3,"fruits":4},"obs":{"leaves":7,"flowers":6,"fruits":8},"sp":{"leaves":{"Canada mayflower":1,"starflower":1,"bunchberry dogwood":1},"fruits":{"bunchberry dogwood":3,"Canada mayflower":1}}}]}},{"type":"Feature","geometry":{"type":"Point","coordinates":[-71.4176,44.22103]},"properties":{"site":16208,"st":"NH","n":48,"classes":{"leaves":35,"fruits":13},"weeks":[{"w":"2026-09-29","yes":{"leaves":5},"obs":{"leaves":12,"flowers":8,"fruits":11},"sp":{"leaves":{"hobblebush":2,"starflower":1,"bunchberry dogwood":1,"Canada mayflower":1}}},{"w":"2026-09-22","yes":{"leaves":5,"fruits":3},"obs":{"leaves":12,"flowers":8,"fruits":12},"sp":{"leaves":{"hobblebush":2,"starflower":1,"bunchberry dogwood":1,"Canada mayflower":1},"fruits":{"Canada mayflower":3}}},{"w":"2026-09-15","yes":{"leaves":4,"fruits":3},"obs":{"leaves":10,"flowers":6,"fruits":9},"sp":{"leaves":{"hobblebush":2,"bunchberry dogwood":1,"Canada mayflower":1},"fruits":{"Canada mayflower":3}}},{"w":"2026-09-08","yes":{"leaves":5,"fruits":3},"obs":{"leaves":12,"flowers":8,"fruits":12},"sp":{"leaves":{"hobblebush":2,"starflower":1,"bunchberry dogwood":1,"Canada mayflower":1},"fruits":{"Canada mayflower":3}}},{"w":"2026-09-01","yes":{"leaves":5,"fruits":2},"obs":{"leaves":12,"flowers":8,"fruits":11},"sp":{"leaves":{"hobblebush":2,"starflower":1,"bunchberry dogwood":1,"Canada mayflower":1},"fruits":{"Canada mayflower":2}}},{"w":"2026-08-25","yes":{"leaves":6,"fruits":1},"obs":{"leaves":12,"flowers":8,"fruits":12},"sp":{"leaves":{"bunchberry dogwood":2,"hobblebush":2,"starflower":1,"Canada mayflower":1},"fruits":{"Canada mayflower":1}}},{"w":"2026-08-18","yes":{"leaves":5,"fruits":1},"obs":{"leaves":12,"flowers":8,"fruits":12},"sp":{"leaves":{"hobblebush":2,"starflower":1,"bunchberry dogwood":1,"Canada mayflower":1},"fruits":{"Canada mayflower":1}}}]}},{"type":"Feature","geometry":{"type":"Point","coordinates":[-71.4183,44.22201]},"properties":{"site":16209,"st":"NH","n":67,"classes":{"leaves":37,"fruits":30},"weeks":[{"w":"2026-09-29","yes":{"leaves":6,"fruits":5},"obs":{"leaves":11,"flowers":8,"fruits":11},"sp":{"leaves":{"hobblebush":3,"threeleaf goldthread":1,"bunchberry dogwood":1,"Canada mayflower":1},"fruits":{"bunchberry dogwood":3,"Canada mayflower":2}}},{"w":"2026-09-22","yes":{"leaves":6,"fruits":5},"obs":{"leaves":11,"flowers":8,"fruits":12},"sp":{"leaves":{"hobblebush":3,"threeleaf goldthread":1,"bunchberry dogwood":1,"Canada mayflower":1},"fruits":{"Canada mayflower":3,"bunchberry dogwood":2}}},{"w":"2026-09-15","yes":{"leaves":6,"fruits":5},"obs":{"leaves":13,"flowers":10,"fruits":14},"sp":{"leaves":{"hobblebush":2,"bunchberry dogwood":1,"Canada mayflower":1,"threeleaf goldthread":1,"starflower":1},"fruits":{"bunchberry dogwood":3,"Canada mayflower":2}}},{"w":"2026-09-08","yes":{"leaves":5,"fruits":4},"obs":{"leaves":11,"flowers":8,"fruits":10},"sp":{"leaves":{"hobblebush":2,"threeleaf goldthread":1,"bunchberry dogwood":1,"Canada mayflower":1},"fruits":{"bunchberry dogwood":2,"Canada mayflower":2}}},{"w":"2026-09-01","yes":{"leaves":5,"fruits":5},"obs":{"leaves":11,"flowers":8,"fruits":11},"sp":{"leaves":{"hobblebush":2,"threeleaf goldthread":1,"bunchberry dogwood":1,"Canada mayflower":1},"fruits":{"bunchberry dogwood":3,"Canada mayflower":2}}},{"w":"2026-08-25","yes":{"leaves":5,"fruits":3},"obs":{"leaves":12,"flowers":8,"fruits":11},"sp":{"leaves":{"hobblebush":2,"starflower":1,"bunchberry dogwood":1,"Canada mayflower":1},"fruits":{"bunchberry dogwood":2,"Canada mayflower":1}}},{"w":"2026-08-18","yes":{"leaves":4,"fruits":3},"obs":{"leaves":12,"flowers":8,"fruits":11},"sp":{"leaves":{"hobblebush":2,"bunchberry dogwood":1,"Canada mayflower":1},"fruits":{"bunchberry dogwood":2,"Canada mayflower":1}}}]}},{"type":"Feature","geometry":{"type":"Point","coordinates":[-71.4179,44.22248]},"properties":{"site":16210,"st":"NH","n":62,"classes":{"leaves":35,"fruits":27},"weeks":[{"w":"2026-09-29","yes":{"leaves":5,"fruits":3},"obs":{"leaves":8,"flowers":8,"fruits":11},"sp":{"leaves":{"bog Labrador tea":2,"threeleaf goldthread":1,"bunchberry dogwood":1,"Canada mayflower":1},"fruits":{"bog Labrador tea":3}}},{"w":"2026-09-22","yes":{"leaves":5,"fruits":5},"obs":{"leaves":8,"flowers":8,"fruits":11},"sp":{"leaves":{"bog Labrador tea":2,"bunchberry dogwood":1,"Canada mayflower":1,"threeleaf goldthread":1},"fruits":{"bog Labrador tea":3,"Canada mayflower":2}}},{"w":"2026-09-15","yes":{"leaves":5,"fruits":5},"obs":{"leaves":8,"flowers":8,"fruits":12},"sp":{"leaves":{"bog Labrador tea":2,"bunchberry dogwood":1,"Canada mayflower":1,"threeleaf goldthread":1},"fruits":{"bog Labrador tea":3,"Canada mayflower":2}}},{"w":"2026-09-08","yes":{"leaves":5,"fruits":4},"obs":{"leaves":8,"flowers":8,"fruits":10},"sp":{"leaves":{"bog Labrador tea":2,"threeleaf goldthread":1,"bunchberry dogwood":1,"Canada mayflower":1},"fruits":{"Canada mayflower":2,"bog Labrador tea":2}}},{"w":"2026-09-01","yes":{"leaves":5,"fruits":4},"obs":{"leaves":8,"flowers":8,"fruits":11},"sp":{"leaves":{"bog Labrador tea":2,"threeleaf goldthread":1,"bunchberry dogwood":1,"Canada mayflower":1},"fruits":{"Canada mayflower":3,"bog Labrador tea":1}}},{"w":"2026-08-25","yes":{"leaves":5,"fruits":4},"obs":{"leaves":8,"flowers":8,"fruits":12},"sp":{"leaves":{"bog Labrador tea":2,"threeleaf goldthread":1,"bunchberry dogwood":1,"Canada mayflower":1},"fruits":{"bog Labrador tea":3,"Canada mayflower":1}}},{"w":"2026-08-18","yes":{"leaves":5,"fruits":2},"obs":{"leaves":8,"flowers":8,"fruits":11},"sp":{"leaves":{"bog Labrador tea":2,"bunchberry dogwood":1,"Canada mayflower":1,"threeleaf goldthread":1},"fruits":{"Canada mayflower":1,"bog Labrador tea":1}}}]}},{"type":"Feature","geometry":{"type":"Point","coordinates":[-71.4151,44.22143]},"properties":{"site":16211,"st":"NH","n":108,"classes":{"leaves":42,"fruits":66},"weeks":[{"w":"2026-09-29","yes":{"leaves":6,"fruits":9},"obs":{"leaves":12,"flowers":10,"fruits":15},"sp":{"leaves":{"Canada mayflower":2,"hobblebush":2,"starflower":1,"threeleaf goldthread":1},"fruits":{"Canada mayflower":3,"hobblebush":3,"starflower":2,"threeleaf goldthread":1}}},{"w":"2026-09-22","yes":{"leaves":6,"fruits":10},"obs":{"leaves":12,"flowers":10,"fruits":15},"sp":{"leaves":{"Canada mayflower":2,"hobblebush":2,"starflower":1,"threeleaf goldthread":1},"fruits":{"Canada mayflower":3,"hobblebush":3,"starflower":2,"threeleaf goldthread":2}}},{"w":"2026-09-15","yes":{"leaves":6,"fruits":11},"obs":{"leaves":12,"flowers":10,"fruits":15},"sp":{"leaves":{"Canada mayflower":2,"hobblebush":2,"starflower":1,"threeleaf goldthread":1},"fruits":{"Canada mayflower":3,"hobblebush":3,"threeleaf goldthread":3,"starflower":2}}},{"w":"2026-09-08","yes":{"leaves":6,"fruits":12},"obs":{"leaves":12,"flowers":10,"fruits":14},"sp":{"leaves":{"Canada mayflower":2,"hobblebush":2,"starflower":1,"threeleaf goldthread":1},"fruits":{"Canada mayflower":5,"threeleaf goldthread":3,"starflower":2,"hobblebush":2}}},{"w":"2026-09-01","yes":{"leaves":6,"fruits":9},"obs":{"leaves":12,"flowers":10,"fruits":12},"sp":{"leaves":{"Canada mayflower":2,"hobblebush":2,"starflower":1,"threeleaf goldthread":1},"fruits":{"Canada mayflower":4,"starflower":2,"hobblebush":2,"threeleaf goldthread":1}}},{"w":"2026-08-25","yes":{"leaves":6,"fruits":8},"obs":{"leaves":12,"flowers":10,"fruits":14},"sp":{"leaves":{"Canada mayflower":2,"hobblebush":2,"starflower":1,"threeleaf goldthread":1},"fruits":{"Canada mayflower":3,"starflower":2,"hobblebush":2,"threeleaf goldthread":1}}},{"w":"2026-08-18","yes":{"leaves":6,"fruits":7},"obs":{"leaves":12,"flowers":10,"fruits":13},"sp":{"leaves":{"Canada mayflower":2,"hobblebush":2,"starflower":1,"threeleaf goldthread":1},"fruits":{"Canada mayflower":2,"hobblebush":2,"starflower":2,"threeleaf goldthread":1}}}]}},{"type":"Feature","geometry":{"type":"Point","coordinates":[-71.253,44.25866]},"properties":{"site":16212,"st":"NH","n":189,"classes":{"leaves":151,"fruits":38},"weeks":[{"w":"2026-09-29","yes":{"leaves":25,"fruits":3},"obs":{"leaves":49,"flowers":29,"fruits":36},"sp":{"leaves":{"yellow birch":8,"American beech":8,"red maple":4,"hobblebush":2,"starflower":1},"fruits":{"Canada mayflower":3}}},{"w":"2026-09-22","yes":{"leaves":38,"fruits":10},"obs":{"leaves":79,"flowers":51,"fruits":57},"sp":{"leaves":{"yellow birch":12,"American beech":11,"red maple":4,"hobblebush":4,"bluebead":2},"fruits":{"Canada mayflower":6,"starflower":4}}},{"w":"2026-09-15","yes":{"leaves":26,"fruits":5},"obs":{"leaves":53,"flowers":31,"fruits":39},"sp":{"leaves":{"yellow birch":9,"American beech":8,"red maple":3,"hobblebush":2,"starflower":1},"fruits":{"Canada mayflower":3,"starflower":2}}},{"w":"2026-09-08","yes":{"leaves":19,"fruits":3},"obs":{"leaves":51,"flowers":29,"fruits":36},"sp":{"leaves":{"yellow birch":6,"American beech":6,"hobblebush":2,"red maple":2,"starflower":1},"fruits":{"Canada mayflower":3}}},{"w":"2026-09-01","yes":{"leaves":15,"fruits":7},"obs":{"leaves":53,"flowers":31,"fruits":39},"sp":{"leaves":{"yellow birch":4,"American beech":3,"hobblebush":2,"red maple":2,"bluebead":1},"fruits":{"Canada mayflower":3,"red trillium":2,"starflower":2}}},{"w":"2026-08-25","yes":{"leaves":14,"fruits":6},"obs":{"leaves":53,"flowers":31,"fruits":38},"sp":{"leaves":{"yellow birch":3,"American beech":3,"hobblebush":2,"red maple":2,"starflower":1},"fruits":{"starflower":3,"Canada mayflower":2,"red trillium":1}}},{"w":"2026-08-18","yes":{"leaves":14,"fruits":4},"obs":{"leaves":53,"flowers":31,"fruits":38},"sp":{"leaves":{"yellow birch":3,"American beech":3,"red maple":2,"hobblebush":2,"red trillium":1},"fruits":{"starflower":2,"red trillium":1,"Canada mayflower":1}}}]}},{"type":"Feature","geometry":{"type":"Point","coordinates":[-71.253,44.26144]},"properties":{"site":16213,"st":"NH","n":180,"classes":{"leaves":144,"fruits":36},"weeks":[{"w":"2026-09-29","yes":{"leaves":21,"fruits":1},"obs":{"leaves":40,"flowers":25,"fruits":29},"sp":{"leaves":{"yellow birch":8,"red maple":6,"hobblebush":2,"American beech":2,"starflower":1},"fruits":{"Canada mayflower":1}}},{"w":"2026-09-22","yes":{"leaves":42,"fruits":8},"obs":{"leaves":85,"flowers":51,"fruits":61},"sp":{"leaves":{"yellow birch":15,"red maple":7,"hobblebush":6,"American beech":4,"bluebead":2},"fruits":{"Canada mayflower":5,"starflower":3}}},{"w":"2026-09-15","yes":{"leaves":19,"fruits":5},"obs":{"leaves":45,"flowers":29,"fruits":36},"sp":{"leaves":{"yellow birch":6,"red maple":4,"hobblebush":2,"American beech":2,"starflower":1},"fruits":{"Canada mayflower":3,"starflower":2}}},{"w":"2026-09-08","yes":{"leaves":16,"fruits":5},"obs":{"leaves":43,"flowers":27,"fruits":32},"sp":{"leaves":{"yellow birch":5,"red maple":4,"hobblebush":2,"starflower":1,"bluebead":1},"fruits":{"Canada mayflower":3,"starflower":2}}},{"w":"2026-09-01","yes":{"leaves":16,"fruits":5},"obs":{"leaves":45,"flowers":29,"fruits":36},"sp":{"leaves":{"red maple":4,"yellow birch":4,"hobblebush":2,"bluebead":1,"Canada mayflower":1},"fruits":{"Canada mayflower":3,"starflower":2}}},{"w":"2026-08-25","yes":{"leaves":16,"fruits":6},"obs":{"leaves":45,"flowers":29,"fruits":35},"sp":{"leaves":{"red maple":4,"yellow birch":4,"hobblebush":2,"starflower":1,"bluebead":1},"fruits":{"starflower":3,"Canada mayflower":2,"painted trillium":1}}},{"w":"2026-08-18","yes":{"leaves":14,"fruits":6},"obs":{"leaves":45,"flowers":29,"fruits":35},"sp":{"leaves":{"yellow birch":3,"red maple":3,"hobblebush":2,"American beech":1,"bluebead":1},"fruits":{"starflower":3,"painted trillium":2,"Canada mayflower":1}}}]}},{"type":"Feature","geometry":{"type":"Point","coordinates":[-71.253,44.2629]},"properties":{"site":16214,"st":"NH","n":152,"classes":{"leaves":133,"fruits":19},"weeks":[{"w":"2026-09-29","yes":{"leaves":21,"fruits":2},"obs":{"leaves":42,"flowers":26,"fruits":32},"sp":{"leaves":{"yellow birch":6,"American beech":5,"red maple":4,"hobblebush":2,"starflower":1},"fruits":{"Canada mayflower":2}}},{"w":"2026-09-22","yes":{"leaves":37,"fruits":6},"obs":{"leaves":80,"flowers":52,"fruits":61},"sp":{"leaves":{"American beech":9,"red maple":8,"yellow birch":8,"hobblebush":4,"bluebead":2},"fruits":{"Canada mayflower":6}}},{"w":"2026-09-15","yes":{"leaves":17,"fruits":2},"obs":{"leaves":45,"flowers":28,"fruits":35},"sp":{"leaves":{"yellow birch":4,"American beech":4,"red maple":3,"starflower":1,"bluebead":1},"fruits":{"Canada mayflower":2}}},{"w":"2026-09-08","yes":{"leaves":16,"fruits":3},"obs":{"leaves":45,"flowers":28,"fruits":36},"sp":{"leaves":{"yellow birch":4,"red maple":3,"American beech":2,"hobblebush":2,"starflower":1},"fruits":{"Canada mayflower":3}}},{"w":"2026-09-01","yes":{"leaves":17,"fruits":3},"obs":{"leaves":45,"flowers":28,"fruits":36},"sp":{"leaves":{"yellow birch":4,"red maple":3,"American beech":3,"hobblebush":2,"bluebead":1},"fruits":{"Canada mayflower":3}}},{"w":"2026-08-25","yes":{"leaves":14,"fruits":2},"obs":{"leaves":45,"flowers":28,"fruits":35},"sp":{"leaves":{"yellow birch":3,"American beech":3,"red maple":2,"starflower":1,"bluebead":1},"fruits":{"Canada mayflower":2}}},{"w":"2026-08-18","yes":{"leaves":11,"fruits":1},"obs":{"leaves":43,"flowers":26,"fruits":32},"sp":{"leaves":{"yellow birch":2,"American beech":2,"red maple":2,"bluebead":1,"Canada mayflower":1},"fruits":{"Canada mayflower":1}}}]}},{"type":"Feature","geometry":{"type":"Point","coordinates":[-71.25,44.26504]},"properties":{"site":16215,"st":"NH","n":131,"classes":{"leaves":126,"fruits":5},"weeks":[{"w":"2026-09-29","yes":{"leaves":21},"obs":{"leaves":44,"flowers":24,"fruits":30},"sp":{"leaves":{"sugar maple":6,"yellow birch":6,"American beech":5,"hobblebush":2,"red trillium":1}}},{"w":"2026-09-22","yes":{"leaves":34},"obs":{"leaves":84,"flowers":46,"fruits":63},"sp":{"leaves":{"sugar maple":8,"yellow birch":8,"American beech":7,"hobblebush":5,"painted trillium":2}}},{"w":"2026-09-15","yes":{"leaves":18},"obs":{"leaves":46,"flowers":26,"fruits":33},"sp":{"leaves":{"yellow birch":6,"sugar maple":5,"hobblebush":2,"American beech":2,"painted trillium":1}}},{"w":"2026-09-08","yes":{"leaves":15,"fruits":1},"obs":{"leaves":46,"flowers":26,"fruits":33},"sp":{"leaves":{"sugar maple":4,"yellow birch":4,"hobblebush":2,"American beech":2,"painted trillium":1},"fruits":{"red trillium":1}}},{"w":"2026-09-01","yes":{"leaves":13,"fruits":2},"obs":{"leaves":46,"flowers":26,"fruits":33},"sp":{"leaves":{"sugar maple":4,"hobblebush":2,"yellow birch":2,"American beech":2,"painted trillium":1},"fruits":{"red trillium":2}}},{"w":"2026-08-25","yes":{"leaves":13,"fruits":1},"obs":{"leaves":46,"flowers":26,"fruits":33},"sp":{"leaves":{"sugar maple":4,"hobblebush":2,"yellow birch":2,"American beech":2,"painted trillium":1},"fruits":{"red trillium":1}}},{"w":"2026-08-18","yes":{"leaves":12,"fruits":1},"obs":{"leaves":48,"flowers":28,"fruits":35},"sp":{"leaves":{"sugar maple":3,"hobblebush":2,"yellow birch":2,"American beech":2,"painted trillium":1},"fruits":{"red trillium":1}}}]}},{"type":"Feature","geometry":{"type":"Point","coordinates":[-71.3186,44.25554]},"properties":{"site":16219,"st":"NH","n":17,"classes":{"leaves":2,"fruits":15},"weeks":[{"w":"2026-08-25","yes":{"leaves":2,"fruits":15},"obs":{"leaves":16,"flowers":15,"fruits":21},"sp":{"leaves":{"bog blueberry":1,"Bigelow's sedge":1},"fruits":{"mountain avens":3,"bog blueberry":3,"Bigelow's sedge":3,"shrubby fivefingers":2,"lingonberry":2}}}]}},{"type":"Feature","geometry":{"type":"Point","coordinates":[-71.3186,44.25758]},"properties":{"site":16220,"st":"NH","n":23,"classes":{"leaves":6,"fruits":17},"weeks":[{"w":"2026-09-01","yes":{"leaves":3,"fruits":8},"obs":{"leaves":11,"flowers":9,"fruits":12},"sp":{"leaves":{"bog blueberry":2,"Bigelow's sedge":1},"fruits":{"Bigelow's sedge":3,"pincushion plant":3,"lingonberry":2}}},{"w":"2026-08-25","yes":{"leaves":3,"fruits":9},"obs":{"leaves":12,"flowers":11,"fruits":15},"sp":{"leaves":{"bog blueberry":2,"Bigelow's sedge":1},"fruits":{"shrubby fivefingers":3,"bog blueberry":2,"Bigelow's sedge":2,"lingonberry":2}}}]}},{"type":"Feature","geometry":{"type":"Point","coordinates":[-71.3186,44.25864]},"properties":{"site":16221,"st":"NH","n":24,"classes":{"leaves":6,"fruits":18},"weeks":[{"w":"2026-09-01","yes":{"leaves":3,"fruits":9},"obs":{"leaves":12,"flowers":11,"fruits":15},"sp":{"leaves":{"bog blueberry":2,"Bigelow's sedge":1},"fruits":{"bog blueberry":3,"pincushion plant":2,"lingonberry":2,"Bigelow's sedge":1,"shrubby fivefingers":1}}},{"w":"2026-08-25","yes":{"leaves":3,"fruits":9},"obs":{"leaves":12,"flowers":11,"fruits":15},"sp":{"leaves":{"bog blueberry":2,"Bigelow's sedge":1},"fruits":{"shrubby fivefingers":2,"bog blueberry":2,"Bigelow's sedge":2,"lingonberry":2,"pincushion plant":1}}}]}},{"type":"Feature","geometry":{"type":"Point","coordinates":[-71.3182,44.25842]},"properties":{"site":16222,"st":"NH","n":7,"classes":{"leaves":3,"fruits":4},"weeks":[{"w":"2026-09-01","yes":{"leaves":3,"fruits":4},"obs":{"leaves":12,"flowers":11,"fruits":15},"sp":{"leaves":{"bog blueberry":2,"Bigelow's sedge":1},"fruits":{"pincushion plant":3,"shrubby fivefingers":1}}}]}},{"type":"Feature","geometry":{"type":"Point","coordinates":[-71.3179,44.2589]},"properties":{"site":16223,"st":"NH","n":20,"classes":{"leaves":5,"fruits":14,"flowers":1},"weeks":[{"w":"2026-09-01","yes":{"leaves":2,"fruits":8},"obs":{"leaves":12,"flowers":10,"fruits":15},"sp":{"leaves":{"mountain avens":1,"bog blueberry":1},"fruits":{"mountain avens":3,"bog blueberry":2,"lingonberry":2,"shrubby fivefingers":1}}},{"w":"2026-08-25","yes":{"leaves":3,"flowers":1,"fruits":6},"obs":{"leaves":12,"flowers":10,"fruits":15},"sp":{"leaves":{"bog blueberry":2,"mountain avens":1},"flowers":{"mountain avens":1},"fruits":{"shrubby fivefingers":2,"mountain avens":2,"lingonberry":2}}}]}},{"type":"Feature","geometry":{"type":"Point","coordinates":[-71.7035,44.13785]},"properties":{"site":16224,"st":"NH","n":5,"classes":{"leaves":1,"fruits":4},"weeks":[{"w":"2026-08-18","yes":{"leaves":1,"fruits":4},"obs":{"leaves":3,"flowers":4,"fruits":6},"sp":{"leaves":{"painted trillium":1},"fruits":{"painted trillium":2,"threeleaf goldthread":2}}}]}},{"type":"Feature","geometry":{"type":"Point","coordinates":[-71.7027,44.1386]},"properties":{"site":16225,"st":"NH","n":6,"classes":{"leaves":2,"fruits":4},"weeks":[{"w":"2026-08-18","yes":{"leaves":2,"fruits":4},"obs":{"leaves":5,"flowers":6,"fruits":9},"sp":{"leaves":{"Canada mayflower":1,"painted trillium":1},"fruits":{"painted trillium":2,"threeleaf goldthread":2}}}]}},{"type":"Feature","geometry":{"type":"Point","coordinates":[-71.7026,44.13753]},"properties":{"site":16226,"st":"NH","n":15,"classes":{"leaves":8,"fruits":7},"weeks":[{"w":"2026-08-18","yes":{"leaves":8,"fruits":7},"obs":{"leaves":15,"flowers":12,"fruits":18},"sp":{"leaves":{"hobblebush":4,"bluebead":1,"bunchberry dogwood":1,"Canada mayflower":1,"painted trillium":1},"fruits":{"bunchberry dogwood":2,"painted trillium":2,"threeleaf goldthread":2,"hobblebush":1}}}]}},{"type":"Feature","geometry":{"type":"Point","coordinates":[-71.2841,44.32541]},"properties":{"site":16227,"st":"NH","n":34,"classes":{"leaves":9,"fruits":25},"weeks":[{"w":"2026-09-15","yes":{"leaves":3,"fruits":7},"obs":{"leaves":15,"flowers":13,"fruits":18},"sp":{"leaves":{"mountain avens":1,"bog blueberry":1,"Bigelow's sedge":1},"fruits":{"bog blueberry":3,"lingonberry":3,"Bigelow's sedge":1}}},{"w":"2026-09-08","yes":{"leaves":3,"fruits":6},"obs":{"leaves":15,"flowers":13,"fruits":18},"sp":{"leaves":{"mountain avens":1,"bog blueberry":1,"Bigelow's sedge":1},"fruits":{"bog blueberry":2,"Bigelow's sedge":2,"lingonberry":2}}},{"w":"2026-08-18","yes":{"leaves":3,"fruits":12},"obs":{"leaves":15,"flowers":13,"fruits":18},"sp":{"leaves":{"bog blueberry":2,"mountain avens":1},"fruits":{"lingonberry":3,"bog blueberry":3,"Bigelow's sedge":2,"bog Labrador tea":2,"mountain avens":2}}}]}},{"type":"Feature","geometry":{"type":"Point","coordinates":[-71.2838,44.32575]},"properties":{"site":16228,"st":"NH","n":28,"classes":{"leaves":6,"fruits":22},"weeks":[{"w":"2026-09-15","yes":{"leaves":2,"fruits":6},"obs":{"leaves":13,"flowers":11,"fruits":15},"sp":{"leaves":{"bog blueberry":1,"Bigelow's sedge":1},"fruits":{"bog blueberry":3,"lingonberry":3}}},{"w":"2026-09-08","yes":{"leaves":2,"fruits":7},"obs":{"leaves":13,"flowers":11,"fruits":15},"sp":{"leaves":{"bog blueberry":1,"Bigelow's sedge":1},"fruits":{"lingonberry":3,"bog blueberry":2,"Bigelow's sedge":2}}},{"w":"2026-08-18","yes":{"leaves":2,"fruits":9},"obs":{"leaves":13,"flowers":11,"fruits":15},"sp":{"leaves":{"bog blueberry":2},"fruits":{"lingonberry":3,"bog blueberry":2,"Bigelow's sedge":2,"bog Labrador tea":2}}}]}},{"type":"Feature","geometry":{"type":"Point","coordinates":[-71.2831,44.32814]},"properties":{"site":16229,"st":"NH","n":24,"classes":{"leaves":3,"fruits":19,"flowers":2},"weeks":[{"w":"2026-09-15","yes":{"leaves":1,"fruits":6},"obs":{"leaves":12,"flowers":10,"fruits":15},"sp":{"leaves":{"bog blueberry":1},"fruits":{"bog blueberry":3,"lingonberry":3}}},{"w":"2026-09-08","yes":{"leaves":1,"fruits":6},"obs":{"leaves":12,"flowers":10,"fruits":15},"sp":{"leaves":{"bog blueberry":1},"fruits":{"bog blueberry":3,"lingonberry":3}}},{"w":"2026-08-18","yes":{"leaves":1,"flowers":2,"fruits":7},"obs":{"leaves":12,"flowers":10,"fruits":15},"sp":{"leaves":{"bog blueberry":1},"flowers":{"shrubby fivefingers":2},"fruits":{"bog blueberry":3,"bog Labrador tea":2,"lingonberry":2}}}]}},{"type":"Feature","geometry":{"type":"Point","coordinates":[-71.2835,44.32798]},"properties":{"site":16230,"st":"NH","n":15,"classes":{"fruits":11,"leaves":2,"flowers":2},"weeks":[{"w":"2026-09-15","yes":{"fruits":2},"obs":{"leaves":5,"flowers":7,"fruits":8},"sp":{"fruits":{"lingonberry":2}}},{"w":"2026-09-08","yes":{"leaves":1,"fruits":5},"obs":{"leaves":5,"flowers":7,"fruits":9},"sp":{"leaves":{"Bigelow's sedge":1},"fruits":{"lingonberry":3,"Bigelow's sedge":2}}},{"w":"2026-08-18","yes":{"leaves":1,"flowers":2,"fruits":4},"obs":{"leaves":5,"flowers":7,"fruits":9},"sp":{"leaves":{"Bigelow's sedge":1},"flowers":{"shrubby fivefingers":2},"fruits":{"Bigelow's sedge":2,"lingonberry":2}}}]}},{"type":"Feature","geometry":{"type":"Point","coordinates":[-71.37,44.22164]},"properties":{"site":16232,"st":"NH","n":87,"classes":{"leaves":30,"fruits":57},"weeks":[{"w":"2026-09-22","yes":{"leaves":4,"fruits":7},"obs":{"leaves":13,"flowers":12,"fruits":18},"sp":{"leaves":{"painted trillium":1,"bunchberry dogwood":1,"bluebead":1,"starflower":1},"fruits":{"painted trillium":3,"bog Labrador tea":3,"bluebead":1}}},{"w":"2026-09-15","yes":{"leaves":5,"fruits":11},"obs":{"leaves":13,"flowers":12,"fruits":18},"sp":{"leaves":{"painted trillium":1,"bunchberry dogwood":1,"bluebead":1,"starflower":1,"lingonberry":1},"fruits":{"bluebead":3,"bog Labrador tea":3,"painted trillium":2,"bunchberry dogwood":1,"starflower":1}}},{"w":"2026-09-08","yes":{"leaves":7,"fruits":11},"obs":{"leaves":13,"flowers":12,"fruits":18},"sp":{"leaves":{"bog Labrador tea":2,"lingonberry":1,"painted trillium":1,"bunchberry dogwood":1,"bluebead":1},"fruits":{"bog Labrador tea":3,"lingonberry":2,"painted trillium":2,"bluebead":2,"starflower":2}}},{"w":"2026-09-01","yes":{"leaves":7,"fruits":13},"obs":{"leaves":13,"flowers":12,"fruits":17},"sp":{"leaves":{"bog Labrador tea":2,"painted trillium":1,"bunchberry dogwood":1,"bluebead":1,"starflower":1},"fruits":{"starflower":3,"bog Labrador tea":3,"lingonberry":3,"painted trillium":2,"bluebead":2}}},{"w":"2026-08-25","yes":{"leaves":7,"fruits":15},"obs":{"leaves":13,"flowers":12,"fruits":18},"sp":{"leaves":{"bog Labrador tea":2,"lingonberry":1,"painted trillium":1,"bunchberry dogwood":1,"bluebead":1},"fruits":{"bog Labrador tea":3,"lingonberry":3,"bluebead":3,"painted trillium":2,"bunchberry dogwood":2}}}]}},{"type":"Feature","geometry":{"type":"Point","coordinates":[-71.3703,44.22258]},"properties":{"site":16233,"st":"NH","n":19,"classes":{"fruits":12,"leaves":7},"weeks":[{"w":"2026-09-15","yes":{"fruits":3},"obs":{"leaves":4,"flowers":4,"fruits":6},"sp":{"fruits":{"bog Labrador tea":3}}},{"w":"2026-09-08","yes":{"leaves":2,"fruits":3},"obs":{"leaves":4,"flowers":4,"fruits":6},"sp":{"leaves":{"bog Labrador tea":2},"fruits":{"bog Labrador tea":3}}},{"w":"2026-09-01","yes":{"leaves":2,"fruits":3},"obs":{"leaves":4,"flowers":4,"fruits":6},"sp":{"leaves":{"bog Labrador tea":2},"fruits":{"bog Labrador tea":3}}},{"w":"2026-08-25","yes":{"leaves":3,"fruits":3},"obs":{"leaves":4,"flowers":4,"fruits":6},"sp":{"leaves":{"bog Labrador tea":2,"lingonberry":1},"fruits":{"bog Labrador tea":3}}}]}},{"type":"Feature","geometry":{"type":"Point","coordinates":[-71.3701,44.22279]},"properties":{"site":16234,"st":"NH","n":60,"classes":{"leaves":25,"fruits":35},"weeks":[{"w":"2026-09-22","yes":{"leaves":2,"fruits":6},"obs":{"leaves":11,"flowers":8,"fruits":12},"sp":{"leaves":{"bog blueberry":2},"fruits":{"bog Labrador tea":3,"lingonberry":3}}},{"w":"2026-09-15","yes":{"leaves":4,"fruits":6},"obs":{"leaves":11,"flowers":8,"fruits":12},"sp":{"leaves":{"bog blueberry":2,"pincushion plant":1,"lingonberry":1},"fruits":{"bog Labrador tea":3,"lingonberry":3}}},{"w":"2026-09-08","yes":{"leaves":7,"fruits":7},"obs":{"leaves":11,"flowers":8,"fruits":12},"sp":{"leaves":{"bog blueberry":4,"bog Labrador tea":2,"lingonberry":1},"fruits":{"bog Labrador tea":3,"lingonberry":3,"pincushion plant":1}}},{"w":"2026-09-01","yes":{"leaves":7,"fruits":8},"obs":{"leaves":11,"flowers":8,"fruits":11},"sp":{"leaves":{"bog blueberry":3,"bog Labrador tea":2,"pincushion plant":1,"lingonberry":1},"fruits":{"bog Labrador tea":3,"lingonberry":3,"bog blueberry":1,"pincushion plant":1}}},{"w":"2026-08-25","yes":{"leaves":5,"fruits":8},"obs":{"leaves":10,"flowers":8,"fruits":12},"sp":{"leaves":{"bog blueberry":2,"bog Labrador tea":2,"lingonberry":1},"fruits":{"bog Labrador tea":3,"lingonberry":3,"bog blueberry":2}}}]}},{"type":"Feature","geometry":{"type":"Point","coordinates":[-71.2517,44.25615]},"properties":{"site":16235,"st":"NH","n":48,"classes":{"leaves":29,"fruits":19},"weeks":[{"w":"2026-09-29","yes":{"leaves":4,"fruits":1},"obs":{"leaves":10,"flowers":6,"fruits":9},"sp":{"leaves":{"hobblebush":2,"bluebead":1,"bunchberry dogwood":1},"fruits":{"bunchberry dogwood":1}}},{"w":"2026-09-22","yes":{"leaves":4,"fruits":3},"obs":{"leaves":10,"flowers":6,"fruits":9},"sp":{"leaves":{"hobblebush":2,"bluebead":1,"bunchberry dogwood":1},"fruits":{"bunchberry dogwood":3}}},{"w":"2026-09-15","yes":{"leaves":4,"fruits":3},"obs":{"leaves":10,"flowers":6,"fruits":9},"sp":{"leaves":{"hobblebush":2,"bluebead":1,"bunchberry dogwood":1},"fruits":{"bunchberry dogwood":3}}},{"w":"2026-09-08","yes":{"leaves":4,"fruits":3},"obs":{"leaves":10,"flowers":6,"fruits":9},"sp":{"leaves":{"hobblebush":2,"bluebead":1,"bunchberry dogwood":1},"fruits":{"bunchberry dogwood":3}}},{"w":"2026-09-01","yes":{"leaves":4,"fruits":3},"obs":{"leaves":10,"flowers":6,"fruits":9},"sp":{"leaves":{"hobblebush":2,"bluebead":1,"bunchberry dogwood":1},"fruits":{"bunchberry dogwood":3}}},{"w":"2026-08-25","yes":{"leaves":5,"fruits":4},"obs":{"leaves":12,"flowers":8,"fruits":12},"sp":{"leaves":{"hobblebush":2,"bluebead":1,"bunchberry dogwood":1,"Canada mayflower":1},"fruits":{"bunchberry dogwood":3,"Canada mayflower":1}}},{"w":"2026-08-18","yes":{"leaves":4,"fruits":2},"obs":{"leaves":10,"flowers":6,"fruits":8},"sp":{"leaves":{"hobblebush":2,"bluebead":1,"bunchberry dogwood":1},"fruits":{"bunchberry dogwood":2}}}]}},{"type":"Feature","geometry":{"type":"Point","coordinates":[-71.252,44.25413]},"properties":{"site":16236,"st":"NH","n":9,"classes":{"leaves":9},"weeks":[{"w":"2026-09-29","yes":{"leaves":1},"obs":{"leaves":2,"flowers":2,"fruits":3},"sp":{"leaves":{"painted trillium":1}}},{"w":"2026-09-22","yes":{"leaves":1},"obs":{"leaves":2,"flowers":2,"fruits":3},"sp":{"leaves":{"painted trillium":1}}},{"w":"2026-09-15","yes":{"leaves":1},"obs":{"leaves":2,"flowers":2,"fruits":3},"sp":{"leaves":{"painted trillium":1}}},{"w":"2026-09-08","yes":{"leaves":1},"obs":{"leaves":2,"flowers":2,"fruits":3},"sp":{"leaves":{"painted trillium":1}}},{"w":"2026-09-01","yes":{"leaves":1},"obs":{"leaves":2,"flowers":2,"fruits":3},"sp":{"leaves":{"painted trillium":1}}},{"w":"2026-08-25","yes":{"leaves":2},"obs":{"leaves":4,"flowers":4,"fruits":6},"sp":{"leaves":{"Canada mayflower":1,"painted trillium":1}}},{"w":"2026-08-18","yes":{"leaves":2},"obs":{"leaves":4,"flowers":4,"fruits":5},"sp":{"leaves":{"Canada mayflower":1,"painted trillium":1}}}]}},{"type":"Feature","geometry":{"type":"Point","coordinates":[-71.2515,44.25525]},"properties":{"site":16237,"st":"NH","n":40,"classes":{"leaves":30,"fruits":10},"weeks":[{"w":"2026-09-29","yes":{"leaves":5},"obs":{"leaves":12,"flowers":8,"fruits":12},"sp":{"leaves":{"hobblebush":2,"starflower":1,"bluebead":1,"bunchberry dogwood":1}}},{"w":"2026-09-22","yes":{"leaves":4},"obs":{"leaves":12,"flowers":8,"fruits":12},"sp":{"leaves":{"bluebead":1,"bunchberry dogwood":1,"hobblebush":1,"starflower":1}}},{"w":"2026-09-15","yes":{"leaves":5,"fruits":2},"obs":{"leaves":12,"flowers":8,"fruits":11},"sp":{"leaves":{"hobblebush":2,"starflower":1,"bluebead":1,"bunchberry dogwood":1},"fruits":{"bluebead":2}}},{"w":"2026-09-08","yes":{"leaves":4,"fruits":2},"obs":{"leaves":12,"flowers":8,"fruits":11},"sp":{"leaves":{"starflower":1,"bluebead":1,"bunchberry dogwood":1,"hobblebush":1},"fruits":{"bluebead":2}}},{"w":"2026-09-01","yes":{"leaves":4,"fruits":2},"obs":{"leaves":12,"flowers":8,"fruits":12},"sp":{"leaves":{"bluebead":1,"bunchberry dogwood":1,"hobblebush":1,"starflower":1},"fruits":{"bluebead":2}}},{"w":"2026-08-25","yes":{"leaves":4,"fruits":2},"obs":{"leaves":12,"flowers":8,"fruits":11},"sp":{"leaves":{"bluebead":1,"bunchberry dogwood":1,"hobblebush":1,"starflower":1},"fruits":{"bluebead":2}}},{"w":"2026-08-18","yes":{"leaves":4,"fruits":2},"obs":{"leaves":12,"flowers":8,"fruits":11},"sp":{"leaves":{"bluebead":1,"bunchberry dogwood":1,"hobblebush":1,"starflower":1},"fruits":{"bluebead":2}}}]}},{"type":"Feature","geometry":{"type":"Point","coordinates":[-71.2517,44.2523]},"properties":{"site":16238,"st":"NH","n":76,"classes":{"leaves":34,"fruits":42},"weeks":[{"w":"2026-09-29","yes":{"leaves":5,"fruits":3},"obs":{"leaves":11,"flowers":8,"fruits":11},"sp":{"leaves":{"hobblebush":2,"bluebead":1,"starflower":1,"Canada mayflower":1},"fruits":{"Canada mayflower":3}}},{"w":"2026-09-22","yes":{"leaves":5,"fruits":6},"obs":{"leaves":11,"flowers":8,"fruits":11},"sp":{"leaves":{"hobblebush":2,"Canada mayflower":1,"starflower":1,"bluebead":1},"fruits":{"Canada mayflower":3,"hobblebush":3}}},{"w":"2026-09-15","yes":{"leaves":5,"fruits":7},"obs":{"leaves":11,"flowers":8,"fruits":10},"sp":{"leaves":{"hobblebush":2,"bluebead":1,"starflower":1,"Canada mayflower":1},"fruits":{"hobblebush":3,"bluebead":2,"Canada mayflower":2}}},{"w":"2026-09-08","yes":{"leaves":5,"fruits":9},"obs":{"leaves":11,"flowers":8,"fruits":11},"sp":{"leaves":{"hobblebush":2,"bluebead":1,"starflower":1,"Canada mayflower":1},"fruits":{"Canada mayflower":3,"bluebead":2,"starflower":2,"hobblebush":2}}},{"w":"2026-09-01","yes":{"leaves":5,"fruits":7},"obs":{"leaves":11,"flowers":8,"fruits":11},"sp":{"leaves":{"hobblebush":2,"Canada mayflower":1,"starflower":1,"bluebead":1},"fruits":{"hobblebush":3,"Canada mayflower":2,"bluebead":2}}},{"w":"2026-08-25","yes":{"leaves":5,"fruits":6},"obs":{"leaves":11,"flowers":8,"fruits":11},"sp":{"leaves":{"hobblebush":2,"Canada mayflower":1,"starflower":1,"bluebead":1},"fruits":{"bluebead":3,"Canada mayflower":2,"hobblebush":1}}},{"w":"2026-08-18","yes":{"leaves":4,"fruits":4},"obs":{"leaves":11,"flowers":8,"fruits":11},"sp":{"leaves":{"hobblebush":2,"bluebead":1,"starflower":1},"fruits":{"hobblebush":2,"bluebead":2}}}]}},{"type":"Feature","geometry":{"type":"Point","coordinates":[-71.2535,44.25832]},"properties":{"site":16239,"st":"NH","n":163,"classes":{"leaves":138,"fruits":25},"weeks":[{"w":"2026-09-29","yes":{"leaves":23,"fruits":3},"obs":{"leaves":44,"flowers":28,"fruits":33},"sp":{"leaves":{"red maple":9,"yellow birch":7,"hobblebush":2,"American beech":2,"starflower":1},"fruits":{"Canada mayflower":3}}},{"w":"2026-09-22","yes":{"leaves":38,"fruits":6},"obs":{"leaves":85,"flowers":47,"fruits":56},"sp":{"leaves":{"yellow birch":12,"red maple":11,"American beech":5,"hobblebush":4,"bluebead":2},"fruits":{"Canada mayflower":6}}},{"w":"2026-09-15","yes":{"leaves":19,"fruits":3},"obs":{"leaves":46,"flowers":28,"fruits":33},"sp":{"leaves":{"red maple":6,"yellow birch":6,"hobblebush":2,"American beech":2,"starflower":1},"fruits":{"Canada mayflower":3}}},{"w":"2026-09-08","yes":{"leaves":18,"fruits":3},"obs":{"leaves":46,"flowers":28,"fruits":33},"sp":{"leaves":{"yellow birch":6,"red maple":5,"hobblebush":2,"American beech":2,"starflower":1},"fruits":{"Canada mayflower":3}}},{"w":"2026-09-01","yes":{"leaves":15,"fruits":4},"obs":{"leaves":46,"flowers":28,"fruits":33},"sp":{"leaves":{"red maple":5,"yellow birch":4,"hobblebush":2,"bluebead":1,"Canada mayflower":1},"fruits":{"Canada mayflower":3,"starflower":1}}},{"w":"2026-08-25","yes":{"leaves":14,"fruits":4},"obs":{"leaves":46,"flowers":28,"fruits":32},"sp":{"leaves":{"red maple":5,"yellow birch":3,"hobblebush":2,"starflower":1,"bluebead":1},"fruits":{"starflower":2,"Canada mayflower":2}}},{"w":"2026-08-18","yes":{"leaves":11,"fruits":2},"obs":{"leaves":46,"flowers":28,"fruits":33},"sp":{"leaves":{"red maple":3,"yellow birch":3,"American beech":1,"bluebead":1,"Canada mayflower":1},"fruits":{"Canada mayflower":2}}}]}},{"type":"Feature","geometry":{"type":"Point","coordinates":[-71.2537,44.25872]},"properties":{"site":16240,"st":"NH","n":124,"classes":{"leaves":103,"fruits":21},"weeks":[{"w":"2026-09-29","yes":{"leaves":15,"fruits":3},"obs":{"leaves":30,"flowers":20,"fruits":24},"sp":{"leaves":{"yellow birch":7,"red maple":3,"hobblebush":2,"starflower":1,"bluebead":1},"fruits":{"Canada mayflower":3}}},{"w":"2026-09-22","yes":{"leaves":27,"fruits":5},"obs":{"leaves":59,"flowers":39,"fruits":41},"sp":{"leaves":{"yellow birch":11,"red maple":6,"hobblebush":4,"bluebead":2,"Canada mayflower":2},"fruits":{"Canada mayflower":5}}},{"w":"2026-09-15","yes":{"leaves":15,"fruits":3},"obs":{"leaves":33,"flowers":22,"fruits":27},"sp":{"leaves":{"yellow birch":7,"hobblebush":2,"red maple":2,"starflower":1,"painted trillium":1},"fruits":{"Canada mayflower":3}}},{"w":"2026-09-08","yes":{"leaves":13,"fruits":3},"obs":{"leaves":31,"flowers":20,"fruits":24},"sp":{"leaves":{"yellow birch":6,"hobblebush":2,"red maple":2,"starflower":1,"bluebead":1},"fruits":{"Canada mayflower":3}}},{"w":"2026-09-01","yes":{"leaves":12,"fruits":3},"obs":{"leaves":33,"flowers":22,"fruits":27},"sp":{"leaves":{"yellow birch":4,"hobblebush":2,"red maple":2,"painted trillium":1,"bluebead":1},"fruits":{"Canada mayflower":3}}},{"w":"2026-08-25","yes":{"leaves":11,"fruits":1},"obs":{"leaves":33,"flowers":22,"fruits":26},"sp":{"leaves":{"yellow birch":3,"hobblebush":2,"red maple":2,"starflower":1,"painted trillium":1},"fruits":{"Canada mayflower":1}}},{"w":"2026-08-18","yes":{"leaves":10,"fruits":3},"obs":{"leaves":33,"flowers":22,"fruits":27},"sp":{"leaves":{"yellow birch":3,"hobblebush":2,"red maple":1,"bluebead":1,"Canada mayflower":1},"fruits":{"bluebead":1,"Canada mayflower":1,"painted trillium":1}}}]}},{"type":"Feature","geometry":{"type":"Point","coordinates":[-71.2536,44.26109]},"properties":{"site":16241,"st":"NH","n":124,"classes":{"leaves":105,"fruits":19},"weeks":[{"w":"2026-09-29","yes":{"leaves":17,"fruits":2},"obs":{"leaves":31,"flowers":19,"fruits":24},"sp":{"leaves":{"yellow birch":9,"American beech":3,"hobblebush":2,"starflower":1,"bluebead":1},"fruits":{"Canada mayflower":2}}},{"w":"2026-09-22","yes":{"leaves":31,"fruits":6},"obs":{"leaves":64,"flowers":41,"fruits":50},"sp":{"leaves":{"yellow birch":12,"American beech":8,"hobblebush":4,"Canada mayflower":2,"painted trillium":2},"fruits":{"Canada mayflower":6}}},{"w":"2026-09-15","yes":{"leaves":13,"fruits":2},"obs":{"leaves":33,"flowers":21,"fruits":26},"sp":{"leaves":{"yellow birch":6,"hobblebush":2,"starflower":1,"bluebead":1,"Canada mayflower":1},"fruits":{"Canada mayflower":2}}},{"w":"2026-09-08","yes":{"leaves":13,"fruits":3},"obs":{"leaves":33,"flowers":21,"fruits":27},"sp":{"leaves":{"yellow birch":6,"hobblebush":2,"starflower":1,"bluebead":1,"Canada mayflower":1},"fruits":{"Canada mayflower":3}}},{"w":"2026-09-01","yes":{"leaves":11,"fruits":1},"obs":{"leaves":33,"flowers":21,"fruits":26},"sp":{"leaves":{"yellow birch":4,"hobblebush":2,"bluebead":1,"Canada mayflower":1,"painted trillium":1},"fruits":{"Canada mayflower":1}}},{"w":"2026-08-25","yes":{"leaves":10,"fruits":1},"obs":{"leaves":33,"flowers":21,"fruits":26},"sp":{"leaves":{"yellow birch":3,"hobblebush":2,"starflower":1,"bluebead":1,"Canada mayflower":1},"fruits":{"Canada mayflower":1}}},{"w":"2026-08-18","yes":{"leaves":10,"fruits":4},"obs":{"leaves":33,"flowers":21,"fruits":26},"sp":{"leaves":{"yellow birch":3,"hobblebush":2,"American beech":1,"bluebead":1,"Canada mayflower":1},"fruits":{"starflower":3,"Canada mayflower":1}}}]}},{"type":"Feature","geometry":{"type":"Point","coordinates":[-71.4944,44.19555]},"properties":{"site":16242,"st":"NH","n":32,"classes":{"leaves":17,"fruits":15},"weeks":[{"w":"2026-09-22","yes":{"leaves":3,"fruits":2},"obs":{"leaves":11,"flowers":10,"fruits":15},"sp":{"leaves":{"starflower":1,"bunchberry dogwood":1,"mountain avens":1},"fruits":{"bunchberry dogwood":2}}},{"w":"2026-09-15","yes":{"leaves":3,"fruits":2},"obs":{"leaves":11,"flowers":10,"fruits":15},"sp":{"leaves":{"starflower":1,"bunchberry dogwood":1,"mountain avens":1},"fruits":{"bunchberry dogwood":2}}},{"w":"2026-09-08","yes":{"leaves":3,"fruits":2},"obs":{"leaves":11,"flowers":10,"fruits":15},"sp":{"leaves":{"starflower":1,"bunchberry dogwood":1,"mountain avens":1},"fruits":{"bunchberry dogwood":2}}},{"w":"2026-09-01","yes":{"leaves":4,"fruits":4},"obs":{"leaves":9,"flowers":8,"fruits":12},"sp":{"leaves":{"starflower":1,"mountain avens":1,"bunchberry dogwood":1,"lingonberry":1},"fruits":{"bunchberry dogwood":3,"mountain avens":1}}},{"w":"2026-08-25","yes":{"leaves":4,"fruits":5},"obs":{"leaves":11,"flowers":10,"fruits":15},"sp":{"leaves":{"starflower":1,"mountain avens":1,"bunchberry dogwood":1,"Canada mayflower":1},"fruits":{"bunchberry dogwood":3,"lingonberry":2}}}]}},{"type":"Feature","geometry":{"type":"Point","coordinates":[-71.4958,44.19546]},"properties":{"site":16243,"st":"NH","n":28,"classes":{"leaves":25,"fruits":3},"weeks":[{"w":"2026-09-22","yes":{"leaves":5},"obs":{"leaves":17,"flowers":14,"fruits":21},"sp":{"leaves":{"hobblebush":3,"starflower":1,"bunchberry dogwood":1}}},{"w":"2026-09-15","yes":{"leaves":5},"obs":{"leaves":17,"flowers":14,"fruits":21},"sp":{"leaves":{"hobblebush":3,"starflower":1,"bunchberry dogwood":1}}},{"w":"2026-09-08","yes":{"leaves":5},"obs":{"leaves":17,"flowers":14,"fruits":21},"sp":{"leaves":{"hobblebush":2,"starflower":1,"bluebead":1,"bunchberry dogwood":1}}},{"w":"2026-09-01","yes":{"leaves":5,"fruits":1},"obs":{"leaves":17,"flowers":14,"fruits":20},"sp":{"leaves":{"hobblebush":3,"starflower":1,"bunchberry dogwood":1},"fruits":{"bunchberry dogwood":1}}},{"w":"2026-08-25","yes":{"leaves":5,"fruits":2},"obs":{"leaves":17,"flowers":14,"fruits":21},"sp":{"leaves":{"hobblebush":2,"bluebead":1,"bunchberry dogwood":1,"starflower":1},"fruits":{"bunchberry dogwood":2}}}]}},{"type":"Feature","geometry":{"type":"Point","coordinates":[-71.493,44.19563]},"properties":{"site":16245,"st":"NH","n":19,"classes":{"leaves":19},"weeks":[{"w":"2026-09-22","yes":{"leaves":3},"obs":{"leaves":12,"flowers":8,"fruits":12},"sp":{"leaves":{"hobblebush":2,"bunchberry dogwood":1}}},{"w":"2026-09-15","yes":{"leaves":3},"obs":{"leaves":12,"flowers":8,"fruits":12},"sp":{"leaves":{"hobblebush":2,"bunchberry dogwood":1}}},{"w":"2026-09-08","yes":{"leaves":4},"obs":{"leaves":12,"flowers":8,"fruits":12},"sp":{"leaves":{"hobblebush":2,"bluebead":1,"bunchberry dogwood":1}}},{"w":"2026-09-01","yes":{"leaves":5},"obs":{"leaves":12,"flowers":8,"fruits":12},"sp":{"leaves":{"hobblebush":3,"bluebead":1,"bunchberry dogwood":1}}},{"w":"2026-08-25","yes":{"leaves":4},"obs":{"leaves":12,"flowers":8,"fruits":12},"sp":{"leaves":{"hobblebush":2,"bluebead":1,"bunchberry dogwood":1}}}]}},{"type":"Feature","geometry":{"type":"Point","coordinates":[-71.4904,44.19567]},"properties":{"site":16246,"st":"NH","n":12,"classes":{"leaves":12},"weeks":[{"w":"2026-09-22","yes":{"leaves":2},"obs":{"leaves":9,"flowers":6,"fruits":9},"sp":{"leaves":{"hobblebush":2}}},{"w":"2026-09-15","yes":{"leaves":2},"obs":{"leaves":9,"flowers":6,"fruits":9},"sp":{"leaves":{"hobblebush":2}}},{"w":"2026-09-08","yes":{"leaves":3},"obs":{"leaves":9,"flowers":6,"fruits":9},"sp":{"leaves":{"hobblebush":2,"bluebead":1}}},{"w":"2026-09-01","yes":{"leaves":2},"obs":{"leaves":9,"flowers":6,"fruits":9},"sp":{"leaves":{"bluebead":1,"hobblebush":1}}},{"w":"2026-08-25","yes":{"leaves":3},"obs":{"leaves":9,"flowers":6,"fruits":9},"sp":{"leaves":{"hobblebush":2,"bluebead":1}}}]}},{"type":"Feature","geometry":{"type":"Point","coordinates":[-73.82689,41.21102]},"properties":{"site":16257,"st":"NY","n":119,"classes":{"leaves":101,"fruits":12,"flowers":6},"weeks":[{"w":"2026-09-15","yes":{"leaves":31,"fruits":3},"obs":{"leaves":145,"flowers":81,"fruits":95},"sp":{"leaves":{"American witchhazel":5,"sweet birch":5,"sugar maple":4,"tuliptree":3,"northern red oak":3},"fruits":{"American witchhazel":2,"tuliptree":1}}},{"w":"2026-08-25","yes":{"leaves":36,"fruits":2},"obs":{"leaves":165,"flowers":92,"fruits":108},"sp":{"leaves":{"sweet birch":5,"American beech":5,"American witchhazel":5,"sugar maple":4,"northern red oak":4},"fruits":{"American witchhazel":2}}},{"w":"2026-08-18","yes":{"leaves":34,"flowers":6,"fruits":7},"obs":{"leaves":140,"flowers":80,"fruits":93},"sp":{"leaves":{"sweet birch":8,"American beech":5,"American witchhazel":5,"northern red oak":3,"sugar maple":3},"flowers":{"American witchhazel":5,"sweet birch":1},"fruits":{"American witchhazel":6,"Canada mayflower":1}}}]}},{"type":"Feature","geometry":{"type":"Point","coordinates":[-124.07787,40.04561]},"properties":{"site":16312,"st":"CA","n":54,"classes":{"leaves":30,"flowers":14,"fruits":10},"weeks":[{"w":"2026-09-29","yes":{"leaves":3,"flowers":2,"fruits":1},"obs":{"leaves":11,"flowers":7,"fruits":9},"sp":{"leaves":{"redflower currant":2,"toyon":1},"flowers":{"toyon":2},"fruits":{"toyon":1}}},{"w":"2026-09-22","yes":{"leaves":3,"flowers":2,"fruits":1},"obs":{"leaves":11,"flowers":7,"fruits":9},"sp":{"leaves":{"redflower currant":2,"toyon":1},"flowers":{"toyon":2},"fruits":{"toyon":1}}},{"w":"2026-09-15","yes":{"leaves":6,"flowers":4,"fruits":2},"obs":{"leaves":22,"flowers":14,"fruits":18},"sp":{"leaves":{"redflower currant":4,"toyon":2},"flowers":{"toyon":4},"fruits":{"toyon":2}}},{"w":"2026-09-01","yes":{"leaves":6,"flowers":2,"fruits":1},"obs":{"leaves":11,"flowers":7,"fruits":9},"sp":{"leaves":{"Pacific poison oak":3,"redflower currant":2,"toyon":1},"flowers":{"toyon":2},"fruits":{"Pacific poison oak":1}}},{"w":"2026-08-25","yes":{"leaves":6,"flowers":2,"fruits":2},"obs":{"leaves":11,"flowers":7,"fruits":9},"sp":{"leaves":{"Pacific poison oak":3,"redflower currant":2,"toyon":1},"flowers":{"toyon":2},"fruits":{"redflower currant":2}}},{"w":"2026-08-18","yes":{"leaves":6,"flowers":2,"fruits":3},"obs":{"leaves":11,"flowers":7,"fruits":9},"sp":{"leaves":{"Pacific poison oak":3,"redflower currant":2,"toyon":1},"flowers":{"toyon":2},"fruits":{"redflower currant":2,"Pacific poison oak":1}}}]}},{"type":"Feature","geometry":{"type":"Point","coordinates":[-73.89555,41.66741]},"properties":{"site":16454,"st":"NY","n":328,"classes":{"leaves":215,"fruits":104,"flowers":9},"weeks":[{"w":"2026-10-06","yes":{"leaves":18,"fruits":10},"obs":{"leaves":37,"flowers":27,"fruits":31},"sp":{"leaves":{"sugar maple":6,"northern red oak":5,"Japanese barberry":2,"northern spicebush":2,"common milkweed":1},"fruits":{"common milkweed":3,"Japanese barberry":2,"sugar maple":2,"eastern redcedar":2,"northern red oak":1}}},{"w":"2026-09-29","yes":{"leaves":66,"flowers":6,"fruits":36},"obs":{"leaves":219,"flowers":145,"fruits":186},"sp":{"leaves":{"red maple":10,"Japanese barberry":10,"northern red oak":8,"northern spicebush":8,"sugar maple":7},"flowers":{"New York ironweed":4,"wild bergamot":2},"fruits":{"common milkweed":10,"Amur honeysuckle":9,"Japanese barberry":7,"eastern redcedar":4,"sugar maple":4}}},{"w":"2026-09-22","yes":{"leaves":54,"flowers":2,"fruits":20},"obs":{"leaves":183,"flowers":119,"fruits":149},"sp":{"leaves":{"red maple":11,"Japanese barberry":8,"Amur honeysuckle":7,"northern red oak":5,"northern spicebush":5},"flowers":{"New York ironweed":2},"fruits":{"Amur honeysuckle":8,"Japanese barberry":6,"common milkweed":3,"eastern redcedar":2,"northern red oak":1}}},{"w":"2026-09-08","yes":{"leaves":4,"fruits":6},"obs":{"leaves":16,"flowers":12,"fruits":15},"sp":{"leaves":{"sugar maple":1,"common milkweed":1,"wild bergamot":1,"northern red oak":1},"fruits":{"sugar maple":3,"common milkweed":2,"wild bergamot":1}}},{"w":"2026-08-25","yes":{"leaves":39,"flowers":1,"fruits":16},"obs":{"leaves":184,"flowers":118,"fruits":152},"sp":{"leaves":{"red maple":6,"Japanese barberry":4,"northern red oak":4,"sugar maple":3,"common milkweed":3},"flowers":{"New York ironweed":1},"fruits":{"sugar maple":4,"Japanese barberry":4,"common milkweed":3,"Amur honeysuckle":2,"northern red oak":2}}},{"w":"2026-08-18","yes":{"leaves":34,"fruits":16},"obs":{"leaves":174,"flowers":114,"fruits":150},"sp":{"leaves":{"red maple":5,"northern red oak":4,"Japanese barberry":4,"common yarrow":3,"common milkweed":3},"fruits":{"Japanese barberry":4,"northern red oak":3,"common milkweed":3,"sugar maple":3,"Amur honeysuckle":2}}}]}},{"type":"Feature","geometry":{"type":"Point","coordinates":[-122.13203,37.99137]},"properties":{"site":16610,"st":"CA","n":36,"classes":{"leaves":18,"fruits":18},"weeks":[{"w":"2026-08-25","yes":{"leaves":18,"fruits":18},"obs":{"leaves":91,"flowers":43,"fruits":60},"sp":{"leaves":{"peach":3,"wine grape":3,"common pear":3,"quince":3,"American plum":2},"fruits":{"wine grape":9,"peach":3,"olive":3,"quince":3}}}]}},{"type":"Feature","geometry":{"type":"Point","coordinates":[-106.68459,35.09563]},"properties":{"site":16776,"st":"NM","n":34,"classes":{"leaves":23,"fruits":11},"weeks":[{"w":"2026-09-22","yes":{"leaves":5,"fruits":3},"obs":{"leaves":13,"flowers":8,"fruits":8},"sp":{"leaves":{"Siberian elm":2,"eastern cottonwood":2,"stretchberry":1},"fruits":{"stretchberry":3}}},{"w":"2026-09-08","yes":{"leaves":5,"fruits":2},"obs":{"leaves":14,"flowers":8,"fruits":9},"sp":{"leaves":{"eastern cottonwood":2,"Siberian elm":2,"stretchberry":1},"fruits":{"stretchberry":2}}},{"w":"2026-09-01","yes":{"leaves":5,"fruits":2},"obs":{"leaves":13,"flowers":8,"fruits":9},"sp":{"leaves":{"eastern cottonwood":2,"Siberian elm":2,"stretchberry":1},"fruits":{"stretchberry":2}}},{"w":"2026-08-25","yes":{"leaves":5,"fruits":2},"obs":{"leaves":13,"flowers":8,"fruits":9},"sp":{"leaves":{"eastern cottonwood":2,"Siberian elm":2,"stretchberry":1},"fruits":{"stretchberry":2}}},{"w":"2026-08-18","yes":{"leaves":3,"fruits":2},"obs":{"leaves":14,"flowers":8,"fruits":9},"sp":{"leaves":{"stretchberry":1,"Siberian elm":1,"eastern cottonwood":1},"fruits":{"stretchberry":2}}}]}},{"type":"Feature","geometry":{"type":"Point","coordinates":[-106.68489,35.09625]},"properties":{"site":16785,"st":"NM","n":74,"classes":{"leaves":37,"fruits":35,"flowers":2},"weeks":[{"w":"2026-09-22","yes":{"leaves":8,"fruits":8},"obs":{"leaves":12,"flowers":15,"fruits":16},"sp":{"leaves":{"screwbean mesquite":3,"stretchberry":2,"fourwing saltbush":2,"gilia beardtongue":1},"fruits":{"screwbean mesquite":3,"gilia beardtongue":2,"tree cholla":2,"fourwing saltbush":1}}},{"w":"2026-09-08","yes":{"leaves":8,"fruits":8},"obs":{"leaves":12,"flowers":15,"fruits":18},"sp":{"leaves":{"screwbean mesquite":3,"stretchberry":2,"fourwing saltbush":2,"gilia beardtongue":1},"fruits":{"screwbean mesquite":3,"gilia beardtongue":2,"tree cholla":2,"fourwing saltbush":1}}},{"w":"2026-09-01","yes":{"leaves":7,"fruits":7},"obs":{"leaves":12,"flowers":15,"fruits":17},"sp":{"leaves":{"fourwing saltbush":2,"stretchberry":2,"screwbean mesquite":2,"gilia beardtongue":1},"fruits":{"screwbean mesquite":3,"tree cholla":2,"fourwing saltbush":1,"gilia beardtongue":1}}},{"w":"2026-08-25","yes":{"leaves":7,"fruits":7},"obs":{"leaves":12,"flowers":15,"fruits":17},"sp":{"leaves":{"stretchberry":2,"screwbean mesquite":2,"fourwing saltbush":2,"gilia beardtongue":1},"fruits":{"tree cholla":3,"screwbean mesquite":2,"gilia beardtongue":1,"fourwing saltbush":1}}},{"w":"2026-08-18","yes":{"leaves":7,"flowers":2,"fruits":5},"obs":{"leaves":12,"flowers":15,"fruits":18},"sp":{"leaves":{"stretchberry":2,"screwbean mesquite":2,"fourwing saltbush":2,"gilia beardtongue":1},"flowers":{"fourwing saltbush":2},"fruits":{"tree cholla":2,"screwbean mesquite":1,"fourwing saltbush":1,"gilia beardtongue":1}}}]}},{"type":"Feature","geometry":{"type":"Point","coordinates":[-106.68578,35.09612]},"properties":{"site":16786,"st":"NM","n":73,"classes":{"leaves":56,"flowers":5,"fruits":12},"weeks":[{"w":"2026-09-22","yes":{"leaves":14,"flowers":1,"fruits":3},"obs":{"leaves":33,"flowers":19,"fruits":24},"sp":{"leaves":{"eastern cottonwood":5,"stretchberry":4,"rubber rabbitbrush":4,"Siberian elm":1},"flowers":{"rubber rabbitbrush":1},"fruits":{"stretchberry":3}}},{"w":"2026-09-08","yes":{"leaves":11,"flowers":1,"fruits":3},"obs":{"leaves":33,"flowers":19,"fruits":24},"sp":{"leaves":{"rubber rabbitbrush":4,"stretchberry":3,"eastern cottonwood":3,"Siberian elm":1},"flowers":{"rubber rabbitbrush":1},"fruits":{"stretchberry":3}}},{"w":"2026-09-01","yes":{"leaves":12,"flowers":1,"fruits":2},"obs":{"leaves":33,"flowers":19,"fruits":24},"sp":{"leaves":{"eastern cottonwood":4,"rubber rabbitbrush":4,"stretchberry":3,"Siberian elm":1},"flowers":{"rubber rabbitbrush":1},"fruits":{"stretchberry":2}}},{"w":"2026-08-25","yes":{"leaves":11,"flowers":1,"fruits":2},"obs":{"leaves":33,"flowers":19,"fruits":24},"sp":{"leaves":{"rubber rabbitbrush":4,"stretchberry":3,"eastern cottonwood":3,"Siberian elm":1},"flowers":{"rubber rabbitbrush":1},"fruits":{"stretchberry":2}}},{"w":"2026-08-18","yes":{"leaves":8,"flowers":1,"fruits":2},"obs":{"leaves":33,"flowers":19,"fruits":24},"sp":{"leaves":{"rubber rabbitbrush":3,"stretchberry":2,"eastern cottonwood":2,"Siberian elm":1},"flowers":{"rubber rabbitbrush":1},"fruits":{"stretchberry":2}}}]}},{"type":"Feature","geometry":{"type":"Point","coordinates":[-74.11939,41.74554]},"properties":{"site":16876,"st":"NY","n":1287,"classes":{"leaves":739,"flowers":30,"fruits":468,"insects":50},"weeks":[{"w":"2026-10-06","yes":{"leaves":71,"flowers":6,"fruits":47,"insects":4},"obs":{"leaves":160,"flowers":98,"fruits":126,"insects":9},"sp":{"leaves":{"red maple":21,"sugar maple":12,"flowering dogwood":12,"highbush blueberry":10,"common winterberry":10},"flowers":{"New England aster":4,"eastern redcedar":2},"fruits":{"common winterberry":14,"common milkweed":12,"jack in the pulpit":6,"eastern redcedar":6,"sugar maple":4},"insects":{"monarch":4}}},{"w":"2026-09-29","yes":{"leaves":36,"flowers":3,"fruits":21},"obs":{"leaves":79,"flowers":47,"fruits":62,"insects":7},"sp":{"leaves":{"red maple":12,"flowering dogwood":6,"highbush blueberry":6,"sugar maple":5,"common winterberry":4},"flowers":{"New England aster":2,"eastern redcedar":1},"fruits":{"common winterberry":6,"common milkweed":5,"flowering dogwood":5,"jack in the pulpit":2,"eastern redcedar":2}}},{"w":"2026-09-22","yes":{"leaves":97,"flowers":7,"fruits":63},"obs":{"leaves":235,"flowers":145,"fruits":189,"insects":14},"sp":{"leaves":{"red maple":25,"highbush blueberry":18,"flowering dogwood":18,"sugar maple":15,"common winterberry":12},"flowers":{"New England aster":4,"eastern redcedar":3},"fruits":{"common winterberry":18,"flowering dogwood":15,"common milkweed":14,"jack in the pulpit":7,"eastern redcedar":4}}},{"w":"2026-09-15","yes":{"leaves":104,"flowers":6,"fruits":70,"insects":1},"obs":{"leaves":317,"flowers":193,"fruits":254,"insects":21},"sp":{"leaves":{"red maple":30,"flowering dogwood":21,"common winterberry":16,"highbush blueberry":13,"sugar maple":10},"flowers":{"eastern redcedar":4,"New England aster":2},"fruits":{"common winterberry":19,"flowering dogwood":19,"common milkweed":11,"jack in the pulpit":9,"eastern redcedar":6},"insects":{"monarch":1}}},{"w":"2026-09-08","yes":{"leaves":74,"flowers":4,"fruits":54,"insects":9},"obs":{"leaves":246,"flowers":150,"fruits":194,"insects":17},"sp":{"leaves":{"red maple":20,"flowering dogwood":14,"common winterberry":12,"highbush blueberry":10,"common milkweed":6},"flowers":{"eastern redcedar":4},"fruits":{"flowering dogwood":15,"common winterberry":12,"jack in the pulpit":8,"common milkweed":6,"Canada mayflower":6},"insects":{"monarch":9}}},{"w":"2026-09-01","yes":{"leaves":82,"flowers":2,"fruits":51,"insects":6},"obs":{"leaves":243,"flowers":153,"fruits":197,"insects":10},"sp":{"leaves":{"red maple":21,"flowering dogwood":19,"common winterberry":11,"sugar maple":10,"highbush blueberry":9},"flowers":{"eastern redcedar":2},"fruits":{"flowering dogwood":15,"common winterberry":9,"common milkweed":6,"jack in the pulpit":6,"sugar maple":4},"insects":{"monarch":6}}},{"w":"2026-08-25","yes":{"leaves":122,"flowers":1,"fruits":71,"insects":11},"obs":{"leaves":391,"flowers":242,"fruits":313,"insects":23},"sp":{"leaves":{"red maple":38,"common winterberry":20,"flowering dogwood":20,"highbush blueberry":15,"common milkweed":9},"flowers":{"eastern redcedar":1},"fruits":{"common winterberry":15,"eastern redcedar":14,"common milkweed":10,"flowering dogwood":10,"sugar maple":7},"insects":{"monarch":11}}},{"w":"2026-08-18","yes":{"leaves":153,"flowers":1,"fruits":91,"insects":19},"obs":{"leaves":487,"flowers":302,"fruits":393,"insects":34},"sp":{"leaves":{"red maple":46,"flowering dogwood":29,"common winterberry":22,"highbush blueberry":20,"sugar maple":12},"flowers":{"common milkweed":1},"fruits":{"common winterberry":17,"eastern redcedar":16,"sugar maple":13,"flowering dogwood":13,"common milkweed":12},"insects":{"monarch":19}}}]}},{"type":"Feature","geometry":{"type":"Point","coordinates":[-122.50813,38.37602]},"properties":{"site":16902,"st":"CA","n":153,"classes":{"leaves":87,"fruits":66},"weeks":[{"w":"2026-10-06","yes":{"leaves":12,"fruits":11},"obs":{"leaves":20,"flowers":8,"fruits":12},"sp":{"leaves":{"toringo crab":12},"fruits":{"toringo crab":11}}},{"w":"2026-09-22","yes":{"leaves":26,"fruits":17},"obs":{"leaves":58,"flowers":22,"fruits":34},"sp":{"leaves":{"date plum":12,"star magnolia":9,"Kousa dogwood":5},"fruits":{"Kousa dogwood":7,"star magnolia":7,"date plum":3}}},{"w":"2026-09-15","yes":{"leaves":12,"fruits":10},"obs":{"leaves":20,"flowers":8,"fruits":12},"sp":{"leaves":{"toringo crab":12},"fruits":{"toringo crab":10}}},{"w":"2026-09-08","yes":{"leaves":15,"fruits":8},"obs":{"leaves":44,"flowers":20,"fruits":24},"sp":{"leaves":{"blue oak":11,"Kousa dogwood":4},"fruits":{"Kousa dogwood":5,"blue oak":3}}},{"w":"2026-08-25","yes":{"leaves":10,"fruits":7},"obs":{"leaves":40,"flowers":16,"fruits":24},"sp":{"leaves":{"date plum":6,"Kousa dogwood":4},"fruits":{"Kousa dogwood":4,"date plum":3}}},{"w":"2026-08-18","yes":{"leaves":12,"fruits":13},"obs":{"leaves":35,"flowers":14,"fruits":21},"sp":{"leaves":{"toringo crab":8,"star magnolia":4},"fruits":{"star magnolia":8,"toringo crab":5}}}]}},{"type":"Feature","geometry":{"type":"Point","coordinates":[-77.10355,40.2593]},"properties":{"site":17299,"st":"PA","n":3,"classes":{"leaves":1,"fruits":2},"weeks":[{"w":"2026-09-29","yes":{"leaves":1,"fruits":2},"obs":{"leaves":5,"flowers":2,"fruits":3},"sp":{"leaves":{"northern red oak":1},"fruits":{"northern red oak":2}}}]}},{"type":"Feature","geometry":{"type":"Point","coordinates":[-73.87734,40.85999]},"properties":{"site":17311,"st":"NY","n":131,"classes":{"leaves":71,"flowers":16,"fruits":44},"weeks":[{"w":"2026-09-22","yes":{"leaves":7,"flowers":2,"fruits":2},"obs":{"leaves":29,"flowers":15,"fruits":21},"sp":{"leaves":{"American witchhazel":2,"coastal sweetpepperbush":1,"northern spicebush":1,"sweetgum":1,"mapleleaf viburnum":1},"flowers":{"jewelweed":2},"fruits":{"eastern hemlock":2}}},{"w":"2026-09-01","yes":{"leaves":17,"flowers":2,"fruits":12},"obs":{"leaves":29,"flowers":15,"fruits":21},"sp":{"leaves":{"northern spicebush":5,"mapleleaf viburnum":3,"American witchhazel":3,"coastal sweetpepperbush":3,"sweetgum":2},"flowers":{"jewelweed":2},"fruits":{"eastern hemlock":3,"mapleleaf viburnum":2,"northern spicebush":2,"sweetgum":2,"jewelweed":1}}},{"w":"2026-08-25","yes":{"leaves":25,"flowers":4,"fruits":14},"obs":{"leaves":58,"flowers":30,"fruits":41},"sp":{"leaves":{"northern spicebush":6,"American witchhazel":6,"coastal sweetpepperbush":4,"sweetgum":4,"mapleleaf viburnum":3},"flowers":{"jewelweed":4},"fruits":{"northern spicebush":4,"eastern hemlock":4,"sweetgum":2,"American witchhazel":2,"coastal sweetpepperbush":1}}},{"w":"2026-08-18","yes":{"leaves":22,"flowers":8,"fruits":16},"obs":{"leaves":58,"flowers":30,"fruits":42},"sp":{"leaves":{"sweetgum":5,"American witchhazel":4,"coastal sweetpepperbush":4,"northern spicebush":4,"mapleleaf viburnum":3},"flowers":{"jewelweed":4,"coastal sweetpepperbush":4},"fruits":{"eastern hemlock":5,"American witchhazel":3,"sweetgum":3,"northern spicebush":2,"jewelweed":2}}}]}},{"type":"Feature","geometry":{"type":"Point","coordinates":[-106.68462,35.09566]},"properties":{"site":17404,"st":"NM","n":51,"classes":{"leaves":32,"flowers":10,"fruits":9},"weeks":[{"w":"2026-09-22","yes":{"leaves":6,"flowers":3,"fruits":2},"obs":{"leaves":14,"flowers":15,"fruits":18},"sp":{"leaves":{"fourwing saltbush":3,"winterfat":2,"showy milkweed":1},"flowers":{"winterfat":2,"showy milkweed":1},"fruits":{"winterfat":1,"fourwing saltbush":1}}},{"w":"2026-09-08","yes":{"leaves":6,"flowers":3,"fruits":1},"obs":{"leaves":14,"flowers":15,"fruits":18},"sp":{"leaves":{"fourwing saltbush":3,"winterfat":2,"showy milkweed":1},"flowers":{"winterfat":2,"showy milkweed":1},"fruits":{"fourwing saltbush":1}}},{"w":"2026-09-01","yes":{"leaves":6,"flowers":2,"fruits":2},"obs":{"leaves":14,"flowers":14,"fruits":17},"sp":{"leaves":{"fourwing saltbush":3,"winterfat":2,"showy milkweed":1},"flowers":{"showy milkweed":1,"winterfat":1},"fruits":{"golden currant":1,"fourwing saltbush":1}}},{"w":"2026-08-25","yes":{"leaves":6,"flowers":1,"fruits":2},"obs":{"leaves":14,"flowers":14,"fruits":18},"sp":{"leaves":{"fourwing saltbush":3,"winterfat":2,"showy milkweed":1},"flowers":{"winterfat":1},"fruits":{"fourwing saltbush":2}}},{"w":"2026-08-18","yes":{"leaves":8,"flowers":1,"fruits":2},"obs":{"leaves":14,"flowers":15,"fruits":18},"sp":{"leaves":{"fourwing saltbush":3,"golden currant":2,"winterfat":2,"showy milkweed":1},"flowers":{"showy milkweed":1},"fruits":{"fourwing saltbush":2}}}]}},{"type":"Feature","geometry":{"type":"Point","coordinates":[-73.43345,42.93615]},"properties":{"site":17414,"st":"NY","n":155,"classes":{"insects":35,"leaves":64,"fruits":33,"birds":23},"weeks":[{"w":"2026-10-06","yes":{"insects":2},"obs":{"insects":7},"sp":{"insects":{"monarch":2}}},{"w":"2026-09-29","yes":{"leaves":10,"fruits":2,"insects":2},"obs":{"leaves":29,"flowers":17,"fruits":21,"insects":7,"birds":19},"sp":{"leaves":{"northern red oak":2,"quaking aspen":2,"gray dogwood":2,"red maple":2,"alternateleaf dogwood":1},"fruits":{"northern red oak":2},"insects":{"monarch":2}}},{"w":"2026-09-22","yes":{"leaves":8,"fruits":3,"insects":2},"obs":{"leaves":29,"flowers":17,"fruits":21,"insects":7,"birds":19},"sp":{"leaves":{"gray dogwood":2,"red maple":2,"northern red oak":1,"quaking aspen":1,"alternateleaf dogwood":1},"fruits":{"northern red oak":3},"insects":{"monarch":2}}},{"w":"2026-09-15","yes":{"leaves":11,"fruits":4,"insects":5,"birds":4},"obs":{"leaves":34,"flowers":20,"fruits":24,"insects":14,"birds":38},"sp":{"leaves":{"red maple":4,"northern red oak":2,"gray dogwood":2,"bloodroot":1,"quaking aspen":1},"fruits":{"northern red oak":3,"gray dogwood":1},"insects":{"monarch":5},"birds":{"ruby-throated hummingbird":4}}},{"w":"2026-09-08","yes":{"leaves":9,"fruits":5,"insects":7,"birds":9},"obs":{"leaves":34,"flowers":20,"fruits":24,"insects":21,"birds":57},"sp":{"leaves":{"red maple":4,"gray dogwood":1,"alternateleaf dogwood":1,"northern red oak":1,"quaking aspen":1},"fruits":{"northern red oak":3,"gray dogwood":2},"insects":{"monarch":7},"birds":{"ruby-throated hummingbird":7,"common yellowthroat":2}}},{"w":"2026-09-01","yes":{"leaves":7,"fruits":5,"insects":8,"birds":4},"obs":{"leaves":29,"flowers":17,"fruits":21,"insects":14,"birds":38},"sp":{"leaves":{"gray dogwood":2,"alternateleaf dogwood":1,"northern red oak":1,"quaking aspen":1,"bloodroot":1},"fruits":{"northern red oak":3,"gray dogwood":2},"insects":{"monarch":8},"birds":{"ruby-throated hummingbird":4}}},{"w":"2026-08-25","yes":{"leaves":13,"fruits":9,"insects":6,"birds":4},"obs":{"leaves":58,"flowers":34,"fruits":42,"insects":14,"birds":38},"sp":{"leaves":{"gray dogwood":3,"alternateleaf dogwood":2,"red maple":2,"bloodroot":2,"northern red oak":2},"fruits":{"northern red oak":5,"gray dogwood":4},"insects":{"monarch":6},"birds":{"ruby-throated hummingbird":4}}},{"w":"2026-08-18","yes":{"leaves":6,"fruits":5,"insects":3,"birds":2},"obs":{"leaves":29,"flowers":17,"fruits":21,"insects":7,"birds":19},"sp":{"leaves":{"northern red oak":1,"quaking aspen":1,"gray dogwood":1,"alternateleaf dogwood":1,"red maple":1},"fruits":{"northern red oak":3,"gray dogwood":2},"insects":{"monarch":3},"birds":{"ruby-throated hummingbird":2}}}]}},{"type":"Feature","geometry":{"type":"Point","coordinates":[-73.731,41.78577]},"properties":{"site":17562,"st":"NY","n":298,"classes":{"leaves":181,"flowers":49,"fruits":68},"weeks":[{"w":"2026-10-06","yes":{"leaves":20,"flowers":5,"fruits":10},"obs":{"leaves":78,"flowers":54,"fruits":81},"sp":{"leaves":{"red maple":5,"northern spicebush":5,"American witchhazel":4,"jewelweed":2,"sharplobe hepatica":1},"flowers":{"American witchhazel":3,"jewelweed":2},"fruits":{"northern spicebush":4,"Canada mayflower":3,"jewelweed":3}}},{"w":"2026-09-29","yes":{"leaves":16,"flowers":4,"fruits":9},"obs":{"leaves":78,"flowers":54,"fruits":81},"sp":{"leaves":{"northern spicebush":5,"red maple":4,"American witchhazel":2,"swamp milkweed":1,"jack in the pulpit":1},"flowers":{"American witchhazel":2,"jewelweed":2},"fruits":{"northern spicebush":4,"jewelweed":3,"Canada mayflower":2}}},{"w":"2026-09-22","yes":{"leaves":38,"flowers":10,"fruits":20},"obs":{"leaves":156,"flowers":108,"fruits":162},"sp":{"leaves":{"northern spicebush":10,"red maple":9,"jack in the pulpit":4,"jewelweed":4,"American witchhazel":4},"flowers":{"jewelweed":6,"American witchhazel":4},"fruits":{"jewelweed":10,"northern spicebush":5,"Canada mayflower":5}}},{"w":"2026-09-15","yes":{"leaves":18,"flowers":6,"fruits":8},"obs":{"leaves":78,"flowers":54,"fruits":81},"sp":{"leaves":{"red maple":4,"northern spicebush":4,"jack in the pulpit":2,"jewelweed":2,"American witchhazel":2},"flowers":{"jewelweed":4,"American witchhazel":2},"fruits":{"jewelweed":4,"northern spicebush":2,"Canada mayflower":2}}},{"w":"2026-09-08","yes":{"leaves":22,"flowers":6,"fruits":6},"obs":{"leaves":78,"flowers":54,"fruits":81},"sp":{"leaves":{"red maple":5,"northern spicebush":4,"jack in the pulpit":3,"jewelweed":2,"American witchhazel":2},"flowers":{"jewelweed":4,"American witchhazel":2},"fruits":{"jewelweed":3,"Canada mayflower":2,"northern spicebush":1}}},{"w":"2026-09-01","yes":{"leaves":22,"flowers":6,"fruits":6},"obs":{"leaves":78,"flowers":54,"fruits":80},"sp":{"leaves":{"red maple":6,"northern spicebush":3,"jack in the pulpit":2,"Canada mayflower":2,"jewelweed":2},"flowers":{"jewelweed":4,"American witchhazel":2},"fruits":{"northern spicebush":2,"Canada mayflower":2,"jewelweed":2}}},{"w":"2026-08-25","yes":{"leaves":22,"flowers":6,"fruits":5},"obs":{"leaves":78,"flowers":54,"fruits":81},"sp":{"leaves":{"red maple":4,"jack in the pulpit":3,"northern spicebush":3,"American skunkcabbage":2,"jewelweed":2},"flowers":{"jewelweed":4,"American witchhazel":2},"fruits":{"jewelweed":2,"Canada mayflower":2,"northern spicebush":1}}},{"w":"2026-08-18","yes":{"leaves":23,"flowers":6,"fruits":4},"obs":{"leaves":78,"flowers":54,"fruits":81},"sp":{"leaves":{"jack in the pulpit":3,"northern spicebush":3,"red maple":3,"American skunkcabbage":2,"jewelweed":2},"flowers":{"jewelweed":4,"American witchhazel":2},"fruits":{"Canada mayflower":3,"northern spicebush":1}}}]}},{"type":"Feature","geometry":{"type":"Point","coordinates":[-73.88159,40.86305]},"properties":{"site":17574,"st":"NY","n":124,"classes":{"leaves":62,"flowers":12,"fruits":50},"weeks":[{"w":"2026-09-29","yes":{"leaves":13,"flowers":2,"fruits":13},"obs":{"leaves":35,"flowers":17,"fruits":24},"sp":{"leaves":{"Kousa dogwood":2,"rugosa rose":2,"hardy orange":2,"red buckeye":2,"bur oak":2},"flowers":{"rugosa rose":2},"fruits":{"Carolina silverbell":3,"hardy orange":3,"red buckeye":3,"Kousa dogwood":2,"southern magnolia":1}}},{"w":"2026-09-22","yes":{"leaves":14,"flowers":3,"fruits":10},"obs":{"leaves":35,"flowers":17,"fruits":22},"sp":{"leaves":{"Carolina silverbell":3,"bur oak":3,"southern magnolia":2,"rugosa rose":2,"hardy orange":2},"flowers":{"rugosa rose":2,"Kousa dogwood":1},"fruits":{"Carolina silverbell":3,"hardy orange":3,"Kousa dogwood":1,"southern magnolia":1,"rugosa rose":1}}},{"w":"2026-09-08","yes":{"leaves":10,"flowers":1,"fruits":9},"obs":{"leaves":35,"flowers":17,"fruits":24},"sp":{"leaves":{"rugosa rose":2,"hardy orange":2,"southern magnolia":1,"cherry laurel":1,"Carolina silverbell":1},"flowers":{"rugosa rose":1},"fruits":{"red buckeye":2,"Kousa dogwood":2,"Carolina silverbell":1,"southern magnolia":1,"rugosa rose":1}}},{"w":"2026-09-01","yes":{"leaves":12,"flowers":2,"fruits":9},"obs":{"leaves":35,"flowers":17,"fruits":23},"sp":{"leaves":{"rugosa rose":2,"Carolina silverbell":2,"hardy orange":2,"Kousa dogwood":2,"southern magnolia":1},"flowers":{"rugosa rose":2},"fruits":{"rugosa rose":2,"bur oak":2,"Carolina silverbell":1,"southern magnolia":1,"hardy orange":1}}},{"w":"2026-08-18","yes":{"leaves":13,"flowers":4,"fruits":9},"obs":{"leaves":35,"flowers":17,"fruits":24},"sp":{"leaves":{"hardy orange":3,"southern magnolia":2,"rugosa rose":2,"Carolina silverbell":2,"cherry laurel":1},"flowers":{"rugosa rose":2,"Kousa dogwood":2},"fruits":{"Carolina silverbell":2,"red buckeye":2,"southern magnolia":1,"rugosa rose":1,"hardy orange":1}}}]}},{"type":"Feature","geometry":{"type":"Point","coordinates":[-71.38765,44.16858]},"properties":{"site":17753,"st":"NH","n":67,"classes":{"leaves":67},"weeks":[{"w":"2026-09-29","yes":{"leaves":16},"obs":{"leaves":30,"flowers":15,"fruits":18},"sp":{"leaves":{"American beech":9,"sugar maple":7}}},{"w":"2026-09-22","yes":{"leaves":14},"obs":{"leaves":30,"flowers":15,"fruits":18},"sp":{"leaves":{"American beech":8,"sugar maple":6}}},{"w":"2026-09-15","yes":{"leaves":11},"obs":{"leaves":30,"flowers":15,"fruits":18},"sp":{"leaves":{"sugar maple":6,"American beech":5}}},{"w":"2026-09-08","yes":{"leaves":7},"obs":{"leaves":30,"flowers":15,"fruits":18},"sp":{"leaves":{"American beech":4,"sugar maple":3}}},{"w":"2026-09-01","yes":{"leaves":7},"obs":{"leaves":30,"flowers":15,"fruits":18},"sp":{"leaves":{"American beech":4,"sugar maple":3}}},{"w":"2026-08-25","yes":{"leaves":6},"obs":{"leaves":30,"flowers":15,"fruits":18},"sp":{"leaves":{"sugar maple":3,"American beech":3}}},{"w":"2026-08-18","yes":{"leaves":6},"obs":{"leaves":30,"flowers":15,"fruits":18},"sp":{"leaves":{"sugar maple":3,"American beech":3}}}]}},{"type":"Feature","geometry":{"type":"Point","coordinates":[-71.38585,44.16708]},"properties":{"site":17754,"st":"NH","n":121,"classes":{"leaves":104,"fruits":17},"weeks":[{"w":"2026-09-29","yes":{"leaves":21,"fruits":3},"obs":{"leaves":43,"flowers":27,"fruits":30},"sp":{"leaves":{"sugar maple":7,"yellow birch":5,"red maple":5,"American beech":2,"Canada mayflower":1},"fruits":{"Canada mayflower":3}}},{"w":"2026-09-22","yes":{"leaves":19,"fruits":3},"obs":{"leaves":43,"flowers":27,"fruits":30},"sp":{"leaves":{"yellow birch":6,"sugar maple":5,"red maple":4,"American beech":2,"Canada mayflower":1},"fruits":{"Canada mayflower":3}}},{"w":"2026-09-15","yes":{"leaves":17,"fruits":3},"obs":{"leaves":44,"flowers":27,"fruits":30},"sp":{"leaves":{"yellow birch":5,"sugar maple":4,"red maple":4,"American beech":2,"Canada mayflower":1},"fruits":{"Canada mayflower":3}}},{"w":"2026-09-08","yes":{"leaves":14,"fruits":3},"obs":{"leaves":44,"flowers":27,"fruits":30},"sp":{"leaves":{"yellow birch":4,"red maple":4,"sugar maple":3,"Canada mayflower":1,"starflower":1},"fruits":{"Canada mayflower":3}}},{"w":"2026-09-01","yes":{"leaves":11,"fruits":3},"obs":{"leaves":44,"flowers":27,"fruits":30},"sp":{"leaves":{"sugar maple":3,"red maple":3,"yellow birch":2,"Canada mayflower":1,"starflower":1},"fruits":{"Canada mayflower":3}}},{"w":"2026-08-25","yes":{"leaves":12,"fruits":1},"obs":{"leaves":44,"flowers":27,"fruits":30},"sp":{"leaves":{"sugar maple":4,"red maple":3,"yellow birch":2,"Canada mayflower":1,"starflower":1},"fruits":{"Canada mayflower":1}}},{"w":"2026-08-18","yes":{"leaves":10,"fruits":1},"obs":{"leaves":44,"flowers":27,"fruits":30},"sp":{"leaves":{"sugar maple":3,"red maple":2,"yellow birch":2,"American beech":1,"Canada mayflower":1},"fruits":{"Canada mayflower":1}}}]}},{"type":"Feature","geometry":{"type":"Point","coordinates":[-71.38613,44.1711]},"properties":{"site":17755,"st":"NH","n":83,"classes":{"leaves":83},"weeks":[{"w":"2026-09-29","yes":{"leaves":18},"obs":{"leaves":36,"flowers":20,"fruits":24},"sp":{"leaves":{"sugar maple":10,"American beech":5,"hobblebush":2,"starflower":1}}},{"w":"2026-09-22","yes":{"leaves":16},"obs":{"leaves":38,"flowers":22,"fruits":27},"sp":{"leaves":{"sugar maple":8,"American beech":4,"hobblebush":2,"Canada mayflower":1,"starflower":1}}},{"w":"2026-09-15","yes":{"leaves":12},"obs":{"leaves":39,"flowers":22,"fruits":27},"sp":{"leaves":{"sugar maple":6,"American beech":3,"hobblebush":1,"Canada mayflower":1,"starflower":1}}},{"w":"2026-09-08","yes":{"leaves":11},"obs":{"leaves":39,"flowers":22,"fruits":27},"sp":{"leaves":{"sugar maple":6,"American beech":2,"starflower":1,"hobblebush":1,"Canada mayflower":1}}},{"w":"2026-09-01","yes":{"leaves":9},"obs":{"leaves":39,"flowers":22,"fruits":27},"sp":{"leaves":{"sugar maple":4,"American beech":2,"starflower":1,"hobblebush":1,"Canada mayflower":1}}},{"w":"2026-08-25","yes":{"leaves":8},"obs":{"leaves":37,"flowers":20,"fruits":24},"sp":{"leaves":{"sugar maple":4,"American beech":2,"starflower":1,"hobblebush":1}}},{"w":"2026-08-18","yes":{"leaves":9},"obs":{"leaves":39,"flowers":22,"fruits":27},"sp":{"leaves":{"sugar maple":4,"American beech":2,"hobblebush":1,"Canada mayflower":1,"starflower":1}}}]}},{"type":"Feature","geometry":{"type":"Point","coordinates":[-71.38548,44.17188]},"properties":{"site":17756,"st":"NH","n":105,"classes":{"leaves":90,"fruits":15},"weeks":[{"w":"2026-09-29","yes":{"leaves":17,"fruits":2},"obs":{"leaves":35,"flowers":20,"fruits":23},"sp":{"leaves":{"red maple":6,"American beech":6,"hobblebush":2,"sugar maple":2,"Canada mayflower":1},"fruits":{"Canada mayflower":2}}},{"w":"2026-09-22","yes":{"leaves":16,"fruits":3},"obs":{"leaves":39,"flowers":22,"fruits":27},"sp":{"leaves":{"red maple":6,"American beech":4,"hobblebush":2,"sugar maple":2,"Canada mayflower":1},"fruits":{"Canada mayflower":3}}},{"w":"2026-09-15","yes":{"leaves":12,"fruits":3},"obs":{"leaves":39,"flowers":22,"fruits":27},"sp":{"leaves":{"red maple":6,"American beech":2,"sugar maple":1,"hobblebush":1,"Canada mayflower":1},"fruits":{"Canada mayflower":3}}},{"w":"2026-09-08","yes":{"leaves":12,"fruits":3},"obs":{"leaves":39,"flowers":22,"fruits":27},"sp":{"leaves":{"red maple":6,"American beech":2,"starflower":1,"sugar maple":1,"hobblebush":1},"fruits":{"Canada mayflower":3}}},{"w":"2026-09-01","yes":{"leaves":12,"fruits":2},"obs":{"leaves":39,"flowers":22,"fruits":26},"sp":{"leaves":{"red maple":6,"American beech":2,"starflower":1,"sugar maple":1,"hobblebush":1},"fruits":{"Canada mayflower":2}}},{"w":"2026-08-25","yes":{"leaves":12,"fruits":1},"obs":{"leaves":39,"flowers":22,"fruits":27},"sp":{"leaves":{"red maple":5,"hobblebush":2,"American beech":2,"starflower":1,"Canada mayflower":1},"fruits":{"Canada mayflower":1}}},{"w":"2026-08-18","yes":{"leaves":9,"fruits":1},"obs":{"leaves":39,"flowers":22,"fruits":27},"sp":{"leaves":{"red maple":3,"American beech":2,"sugar maple":1,"hobblebush":1,"Canada mayflower":1},"fruits":{"Canada mayflower":1}}}]}},{"type":"Feature","geometry":{"type":"Point","coordinates":[-71.38432,44.17213]},"properties":{"site":17757,"st":"NH","n":77,"classes":{"leaves":69,"fruits":8},"weeks":[{"w":"2026-09-29","yes":{"leaves":16,"fruits":2},"obs":{"leaves":32,"flowers":16,"fruits":20},"sp":{"leaves":{"American beech":9,"sugar maple":4,"hobblebush":2,"Canada mayflower":1},"fruits":{"Canada mayflower":2}}},{"w":"2026-09-22","yes":{"leaves":13},"obs":{"leaves":31,"flowers":16,"fruits":21},"sp":{"leaves":{"American beech":6,"sugar maple":4,"hobblebush":2,"Canada mayflower":1}}},{"w":"2026-09-15","yes":{"leaves":11,"fruits":2},"obs":{"leaves":32,"flowers":16,"fruits":20},"sp":{"leaves":{"American beech":6,"sugar maple":3,"Canada mayflower":1,"hobblebush":1},"fruits":{"Canada mayflower":2}}},{"w":"2026-09-08","yes":{"leaves":8,"fruits":1},"obs":{"leaves":32,"flowers":16,"fruits":20},"sp":{"leaves":{"American beech":4,"sugar maple":2,"Canada mayflower":1,"hobblebush":1},"fruits":{"Canada mayflower":1}}},{"w":"2026-09-01","yes":{"leaves":7,"fruits":1},"obs":{"leaves":32,"flowers":16,"fruits":21},"sp":{"leaves":{"American beech":3,"sugar maple":2,"Canada mayflower":1,"hobblebush":1},"fruits":{"Canada mayflower":1}}},{"w":"2026-08-25","yes":{"leaves":7,"fruits":1},"obs":{"leaves":32,"flowers":16,"fruits":21},"sp":{"leaves":{"American beech":3,"sugar maple":2,"Canada mayflower":1,"hobblebush":1},"fruits":{"Canada mayflower":1}}},{"w":"2026-08-18","yes":{"leaves":7,"fruits":1},"obs":{"leaves":32,"flowers":16,"fruits":21},"sp":{"leaves":{"American beech":3,"sugar maple":2,"Canada mayflower":1,"hobblebush":1},"fruits":{"Canada mayflower":1}}}]}},{"type":"Feature","geometry":{"type":"Point","coordinates":[-71.24758,44.25645]},"properties":{"site":17758,"st":"NH","n":112,"classes":{"leaves":88,"fruits":24},"weeks":[{"w":"2026-09-29","yes":{"leaves":18,"fruits":2},"obs":{"leaves":32,"flowers":20,"fruits":23},"sp":{"leaves":{"sugar maple":9,"yellow birch":3,"hobblebush":2,"American beech":2,"starflower":1},"fruits":{"starflower":2}}},{"w":"2026-09-22","yes":{"leaves":14,"fruits":4},"obs":{"leaves":35,"flowers":22,"fruits":25},"sp":{"leaves":{"sugar maple":6,"American beech":2,"yellow birch":2,"bluebead":1,"hobblebush":1},"fruits":{"hobblebush":2,"starflower":2}}},{"w":"2026-09-15","yes":{"leaves":15,"fruits":5},"obs":{"leaves":36,"flowers":22,"fruits":27},"sp":{"leaves":{"sugar maple":6,"American beech":2,"yellow birch":2,"hobblebush":2,"starflower":1},"fruits":{"hobblebush":3,"starflower":2}}},{"w":"2026-09-08","yes":{"leaves":13,"fruits":3},"obs":{"leaves":36,"flowers":22,"fruits":26},"sp":{"leaves":{"sugar maple":5,"yellow birch":2,"hobblebush":2,"starflower":1,"American beech":1},"fruits":{"starflower":2,"hobblebush":1}}},{"w":"2026-09-01","yes":{"leaves":10,"fruits":2},"obs":{"leaves":36,"flowers":22,"fruits":27},"sp":{"leaves":{"sugar maple":3,"yellow birch":2,"bluebead":1,"hobblebush":1,"red trillium":1},"fruits":{"hobblebush":1,"starflower":1}}},{"w":"2026-08-25","yes":{"leaves":9,"fruits":4},"obs":{"leaves":36,"flowers":22,"fruits":27},"sp":{"leaves":{"sugar maple":3,"American beech":1,"yellow birch":1,"bluebead":1,"hobblebush":1},"fruits":{"starflower":2,"hobblebush":1,"red trillium":1}}},{"w":"2026-08-18","yes":{"leaves":9,"fruits":4},"obs":{"leaves":36,"flowers":22,"fruits":27},"sp":{"leaves":{"sugar maple":3,"American beech":1,"yellow birch":1,"bluebead":1,"hobblebush":1},"fruits":{"starflower":2,"hobblebush":1,"red trillium":1}}}]}},{"type":"Feature","geometry":{"type":"Point","coordinates":[-93.17504,45.03146]},"properties":{"site":17768,"st":"MN","n":17,"classes":{"leaves":17},"weeks":[{"w":"2026-09-29","yes":{"leaves":7},"obs":{"leaves":27,"flowers":18,"fruits":15},"sp":{"leaves":{"sugar maple":2,"paper birch":2,"red maple":1,"silver maple":1,"quaking aspen":1}}},{"w":"2026-09-22","yes":{"leaves":5},"obs":{"leaves":22,"flowers":15,"fruits":12},"sp":{"leaves":{"sugar maple":2,"paper birch":1,"red maple":1,"silver maple":1}}},{"w":"2026-08-25","yes":{"leaves":5},"obs":{"leaves":27,"flowers":18,"fruits":15},"sp":{"leaves":{"red maple":1,"silver maple":1,"sugar maple":1,"quaking aspen":1,"paper birch":1}}}]}},{"type":"Feature","geometry":{"type":"Point","coordinates":[-74.14008,42.5153]},"properties":{"site":18132,"st":"NY","n":392,"classes":{"leaves":367,"flowers":17,"fruits":8},"weeks":[{"w":"2026-10-06","yes":{"leaves":52},"obs":{"leaves":164,"flowers":102,"fruits":111},"sp":{"leaves":{"northern red oak":9,"sugar maple":8,"hophornbeam":6,"white ash":5,"yellow birch":5}}},{"w":"2026-09-29","yes":{"leaves":49,"flowers":2},"obs":{"leaves":169,"flowers":105,"fruits":114},"sp":{"leaves":{"white ash":7,"sugar maple":7,"American basswood":6,"hophornbeam":5,"northern red oak":5},"flowers":{"jewelweed":2}}},{"w":"2026-09-22","yes":{"leaves":74,"flowers":4,"fruits":5},"obs":{"leaves":207,"flowers":128,"fruits":144,"insects":37,"birds":82},"sp":{"leaves":{"sugar maple":12,"northern red oak":11,"white ash":10,"American basswood":9,"hophornbeam":8},"flowers":{"jewelweed":2,"American witchhazel":2},"fruits":{"jewelweed":2,"eastern hemlock":2,"striped maple":1}}},{"w":"2026-09-15","yes":{"leaves":88,"flowers":4,"fruits":2},"obs":{"leaves":328,"flowers":203,"fruits":231},"sp":{"leaves":{"American basswood":10,"sugar maple":10,"northern red oak":10,"hophornbeam":9,"white ash":8},"flowers":{"jewelweed":4},"fruits":{"Virginia strawberry":2}}},{"w":"2026-09-08","yes":{"leaves":36,"flowers":2,"fruits":1},"obs":{"leaves":168,"flowers":102,"fruits":114},"sp":{"leaves":{"northern red oak":5,"sugar maple":4,"jack in the pulpit":4,"hophornbeam":3,"yellow birch":3},"flowers":{"jewelweed":2},"fruits":{"Virginia strawberry":1}}},{"w":"2026-09-01","yes":{"leaves":34,"flowers":2},"obs":{"leaves":162,"flowers":101,"fruits":114},"sp":{"leaves":{"northern red oak":5,"sugar maple":4,"Virginia strawberry":3,"white ash":3,"yellow birch":3},"flowers":{"jewelweed":2}}},{"w":"2026-08-18","yes":{"leaves":34,"flowers":3},"obs":{"leaves":177,"flowers":110,"fruits":126},"sp":{"leaves":{"northern red oak":5,"sugar maple":4,"jack in the pulpit":4,"American basswood":3,"yellow birch":3},"flowers":{"jewelweed":2,"Virginia strawberry":1}}}]}},{"type":"Feature","geometry":{"type":"Point","coordinates":[-71.70262,44.13923]},"properties":{"site":18356,"st":"NH","n":10,"classes":{"leaves":5,"fruits":5},"weeks":[{"w":"2026-08-18","yes":{"leaves":5,"fruits":5},"obs":{"leaves":8,"flowers":8,"fruits":12},"sp":{"leaves":{"bog Labrador tea":2,"bunchberry dogwood":1,"painted trillium":1,"threeleaf goldthread":1},"fruits":{"bog Labrador tea":3,"threeleaf goldthread":2}}}]}},{"type":"Feature","geometry":{"type":"Point","coordinates":[-73.87847,40.86033]},"properties":{"site":18524,"st":"NY","n":128,"classes":{"leaves":109,"flowers":6,"fruits":13},"weeks":[{"w":"2026-10-06","yes":{"leaves":24,"flowers":1,"fruits":2},"obs":{"leaves":55,"flowers":28,"fruits":32},"sp":{"leaves":{"apple":6,"American hornbeam":3,"red maple":3,"pin oak":3,"blackgum":3},"flowers":{"American witchhazel":1},"fruits":{"pin oak":2}}},{"w":"2026-09-29","yes":{"leaves":19,"flowers":1,"fruits":1},"obs":{"leaves":45,"flowers":23,"fruits":27},"sp":{"leaves":{"apple":3,"American hornbeam":3,"red maple":3,"pin oak":3,"bigtooth aspen":2},"flowers":{"American witchhazel":1},"fruits":{"pin oak":1}}},{"w":"2026-09-15","yes":{"leaves":21,"flowers":1,"fruits":2},"obs":{"leaves":55,"flowers":28,"fruits":33},"sp":{"leaves":{"apple":6,"American hornbeam":3,"red maple":3,"blackgum":3,"bigtooth aspen":1},"flowers":{"American witchhazel":1},"fruits":{"pin oak":2}}},{"w":"2026-09-08","yes":{"leaves":17,"flowers":1,"fruits":3},"obs":{"leaves":55,"flowers":28,"fruits":33},"sp":{"leaves":{"apple":5,"American hornbeam":3,"bigtooth aspen":2,"American beech":1,"red maple":1},"flowers":{"American witchhazel":1},"fruits":{"apple":2,"pin oak":1}}},{"w":"2026-09-01","yes":{"leaves":15,"flowers":1,"fruits":1},"obs":{"leaves":55,"flowers":28,"fruits":32},"sp":{"leaves":{"apple":6,"bigtooth aspen":1,"American beech":1,"American hornbeam":1,"red maple":1},"flowers":{"American witchhazel":1},"fruits":{"pin oak":1}}},{"w":"2026-08-18","yes":{"leaves":13,"flowers":1,"fruits":4},"obs":{"leaves":55,"flowers":28,"fruits":33},"sp":{"leaves":{"apple":4,"bigtooth aspen":1,"American beech":1,"American hornbeam":1,"red maple":1},"flowers":{"American witchhazel":1},"fruits":{"apple":2,"pin oak":1,"black oak":1}}}]}},{"type":"Feature","geometry":{"type":"Point","coordinates":[-73.87847,40.86039]},"properties":{"site":18525,"st":"NY","n":168,"classes":{"leaves":109,"flowers":14,"fruits":45},"weeks":[{"w":"2026-10-06","yes":{"leaves":10,"flowers":1,"fruits":2},"obs":{"leaves":32,"flowers":17,"fruits":19},"sp":{"leaves":{"sweetgum":3,"apple":2,"white heath aster":1,"white oak":1,"quaking aspen":1},"flowers":{"pink azalea":1},"fruits":{"sweetgum":1,"apple":1}}},{"w":"2026-09-29","yes":{"leaves":9,"flowers":1,"fruits":2},"obs":{"leaves":32,"flowers":17,"fruits":19},"sp":{"leaves":{"northern red oak":3,"apple":1,"quaking aspen":1,"pink azalea":1,"sweetgum":1},"flowers":{"pink azalea":1},"fruits":{"apple":1,"sweetgum":1}}},{"w":"2026-09-15","yes":{"leaves":11,"flowers":1,"fruits":3},"obs":{"leaves":32,"flowers":17,"fruits":20},"sp":{"leaves":{"quaking aspen":3,"northern red oak":2,"sweetgum":2,"apple":1,"pink azalea":1},"flowers":{"pink azalea":1},"fruits":{"sweetgum":2,"apple":1}}},{"w":"2026-09-08","yes":{"leaves":10,"flowers":1,"fruits":3},"obs":{"leaves":32,"flowers":17,"fruits":21},"sp":{"leaves":{"apple":3,"quaking aspen":2,"sweetgum":1,"white heath aster":1,"white oak":1},"flowers":{"pink azalea":1},"fruits":{"sweetgum":1,"pink azalea":1,"apple":1}}},{"w":"2026-09-01","yes":{"leaves":25,"flowers":5,"fruits":12},"obs":{"leaves":64,"flowers":34,"fruits":42},"sp":{"leaves":{"apple":5,"quaking aspen":5,"northern red oak":4,"pink azalea":4,"white oak":3},"flowers":{"white heath aster":4,"pink azalea":1},"fruits":{"sweetgum":4,"apple":3,"white heath aster":2,"white oak":2,"pink azalea":1}}},{"w":"2026-08-25","yes":{"leaves":18,"flowers":2,"fruits":9},"obs":{"leaves":32,"flowers":17,"fruits":21},"sp":{"leaves":{"apple":5,"quaking aspen":3,"northern red oak":3,"pink azalea":3,"sweetgum":2},"flowers":{"white heath aster":2},"fruits":{"sweetgum":3,"apple":2,"white heath aster":2,"pink azalea":1,"white oak":1}}},{"w":"2026-08-18","yes":{"leaves":26,"flowers":3,"fruits":14},"obs":{"leaves":64,"flowers":34,"fruits":42},"sp":{"leaves":{"apple":6,"quaking aspen":4,"pink azalea":4,"white oak":4,"northern red oak":3},"flowers":{"white heath aster":2,"pink azalea":1},"fruits":{"sweetgum":4,"apple":3,"pink azalea":2,"white heath aster":2,"white oak":2}}}]}},{"type":"Feature","geometry":{"type":"Point","coordinates":[-73.87901,40.86107]},"properties":{"site":18535,"st":"NY","n":87,"classes":{"leaves":60,"flowers":6,"fruits":21},"weeks":[{"w":"2026-09-01","yes":{"leaves":22,"flowers":2,"fruits":7},"obs":{"leaves":39,"flowers":20,"fruits":24},"sp":{"leaves":{"blackgum":4,"American sycamore":4,"white oak":3,"maidenhair tree":3,"sweetbay":2},"flowers":{"American sycamore":2},"fruits":{"sweetbay":2,"white oak":2,"sweetgum":1,"American sycamore":1,"dawn redwood":1}}},{"w":"2026-08-25","yes":{"leaves":19,"flowers":2,"fruits":6},"obs":{"leaves":39,"flowers":20,"fruits":24},"sp":{"leaves":{"American sycamore":4,"blackgum":3,"sweetgum":3,"white oak":3,"maidenhair tree":3},"flowers":{"American sycamore":2},"fruits":{"white oak":2,"American sycamore":2,"sweetbay":1,"dawn redwood":1}}},{"w":"2026-08-18","yes":{"leaves":19,"flowers":2,"fruits":8},"obs":{"leaves":39,"flowers":20,"fruits":24},"sp":{"leaves":{"American sycamore":4,"blackgum":3,"maidenhair tree":3,"sweetbay":2,"sweetgum":2},"flowers":{"American sycamore":2},"fruits":{"sweetgum":2,"white oak":2,"American sycamore":2,"sweetbay":1,"dawn redwood":1}}}]}},{"type":"Feature","geometry":{"type":"Point","coordinates":[-73.87934,40.86612]},"properties":{"site":18536,"st":"NY","n":552,"classes":{"leaves":348,"fruits":198,"flowers":6},"weeks":[{"w":"2026-10-06","yes":{"leaves":39,"fruits":19},"obs":{"leaves":77,"flowers":39,"fruits":45},"sp":{"leaves":{"Yoshino cherry":3,"sweetgum":3,"white oak":3,"tuliptree":3,"river birch":3},"fruits":{"sweetgum":3,"white oak":3,"shingle oak":3,"maidenhair tree":2,"umbrella-tree":2}}},{"w":"2026-09-29","yes":{"leaves":30,"flowers":1,"fruits":24},"obs":{"leaves":98,"flowers":50,"fruits":63},"sp":{"leaves":{"American sycamore":4,"Autumn Brilliance serviceberry":4,"maidenhair tree":3,"river birch":3,"Yoshino cherry":2},"flowers":{"river birch":1},"fruits":{"maidenhair tree":4,"white oak":4,"shingle oak":3,"umbrella-tree":3,"English holly":2}}},{"w":"2026-09-22","yes":{"leaves":93,"flowers":1,"fruits":57},"obs":{"leaves":221,"flowers":113,"fruits":137},"sp":{"leaves":{"Autumn Brilliance serviceberry":10,"maidenhair tree":9,"American sycamore":9,"common hackberry":8,"Yoshino cherry":8},"flowers":{"river birch":1},"fruits":{"white oak":8,"flowering dogwood":7,"umbrella-tree":7,"pin oak":7,"shingle oak":6}}},{"w":"2026-09-15","yes":{"leaves":36,"fruits":20},"obs":{"leaves":68,"flowers":34,"fruits":45},"sp":{"leaves":{"maidenhair tree":3,"shingle oak":3,"Autumn Brilliance serviceberry":3,"flowering dogwood":3,"common hackberry":3},"fruits":{"flowering dogwood":3,"white oak":3,"maidenhair tree":2,"shingle oak":2,"common hackberry":2}}},{"w":"2026-09-08","yes":{"leaves":56,"flowers":1,"fruits":28},"obs":{"leaves":144,"flowers":73,"fruits":89},"sp":{"leaves":{"Autumn Brilliance serviceberry":7,"river birch":6,"maidenhair tree":6,"American sycamore":5,"Yoshino cherry":4},"flowers":{"river birch":1},"fruits":{"white oak":5,"flowering dogwood":4,"common hackberry":3,"umbrella-tree":3,"English holly":2}}},{"w":"2026-09-01","yes":{"leaves":25,"flowers":1,"fruits":13},"obs":{"leaves":72,"flowers":37,"fruits":44},"sp":{"leaves":{"Autumn Brilliance serviceberry":4,"river birch":3,"Yoshino cherry":2,"silver maple":2,"English holly":2},"flowers":{"river birch":1},"fruits":{"flowering dogwood":2,"common hackberry":2,"English holly":1,"sweetgum":1,"white oak":1}}},{"w":"2026-08-25","yes":{"leaves":28,"flowers":1,"fruits":13},"obs":{"leaves":72,"flowers":37,"fruits":45},"sp":{"leaves":{"Autumn Brilliance serviceberry":3,"common hackberry":3,"river birch":3,"Yoshino cherry":3,"sweetgum":3},"flowers":{"flowering dogwood":1},"fruits":{"flowering dogwood":2,"common hackberry":2,"maidenhair tree":1,"shingle oak":1,"umbrella-tree":1}}},{"w":"2026-08-18","yes":{"leaves":41,"flowers":1,"fruits":24},"obs":{"leaves":144,"flowers":74,"fruits":89},"sp":{"leaves":{"Autumn Brilliance serviceberry":5,"river birch":4,"maidenhair tree":4,"common hackberry":4,"umbrella-tree":4},"flowers":{"river birch":1},"fruits":{"common hackberry":3,"umbrella-tree":3,"maidenhair tree":2,"shingle oak":2,"flowering dogwood":2}}}]}},{"type":"Feature","geometry":{"type":"Point","coordinates":[-73.87829,40.86404]},"properties":{"site":18537,"st":"NY","n":127,"classes":{"leaves":57,"fruits":67,"flowers":3},"weeks":[{"w":"2026-09-29","yes":{"leaves":2,"fruits":1},"obs":{"leaves":17,"flowers":9,"fruits":13},"sp":{"leaves":{"sourwood":1,"American hornbeam":1},"fruits":{"cranberry":1}}},{"w":"2026-09-22","yes":{"leaves":7,"flowers":1,"fruits":2},"obs":{"leaves":36,"flowers":21,"fruits":27},"sp":{"leaves":{"pignut hickory":3,"eastern redbud":1,"sourwood":1,"American hornbeam":1,"mountain magnolia":1},"flowers":{"sourwood":1},"fruits":{"cranberry":1,"mountain laurel":1}}},{"w":"2026-09-15","yes":{"leaves":18,"flowers":1,"fruits":22},"obs":{"leaves":75,"flowers":45,"fruits":61},"sp":{"leaves":{"sourwood":4,"pignut hickory":3,"eastern redbud":2,"striped maple":2,"American hornbeam":2},"flowers":{"great laurel":1},"fruits":{"pignut hickory":4,"cranberry":4,"great laurel":3,"eastern redbud":3,"mountain laurel":2}}},{"w":"2026-09-08","yes":{"leaves":9,"fruits":17},"obs":{"leaves":47,"flowers":29,"fruits":38},"sp":{"leaves":{"mountain magnolia":2,"pignut hickory":1,"eastern redbud":1,"striped maple":1,"sourwood":1},"fruits":{"eastern redbud":3,"pignut hickory":2,"striped maple":2,"sweetbay":2,"great laurel":2}}},{"w":"2026-09-01","yes":{"leaves":8,"fruits":13},"obs":{"leaves":46,"flowers":27,"fruits":35},"sp":{"leaves":{"flowering dogwood":1,"pignut hickory":1,"eastern redbud":1,"striped maple":1,"sourwood":1},"fruits":{"striped maple":2,"sweetbay":2,"mountain magnolia":2,"great laurel":1,"cranberry":1}}},{"w":"2026-08-25","yes":{"leaves":13,"flowers":1,"fruits":12},"obs":{"leaves":78,"flowers":46,"fruits":63},"sp":{"leaves":{"mountain magnolia":3,"eastern redbud":2,"sourwood":2,"American hornbeam":2,"pignut hickory":1},"flowers":{"sourwood":1},"fruits":{"striped maple":3,"mountain laurel":2,"cranberry":2,"pignut hickory":1,"eastern redbud":1}}}]}},{"type":"Feature","geometry":{"type":"Point","coordinates":[-77.61739,39.47077]},"properties":{"site":18907,"st":"MD","n":5,"classes":{"leaves":2,"flowers":1,"fruits":2},"weeks":[{"w":"2026-09-29","yes":{"leaves":2,"flowers":1,"fruits":2},"obs":{"leaves":5,"flowers":2,"fruits":3},"sp":{"leaves":{"flowering dogwood":2},"flowers":{"flowering dogwood":1},"fruits":{"flowering dogwood":2}}}]}},{"type":"Feature","geometry":{"type":"Point","coordinates":[-73.96568,40.66879]},"properties":{"site":19585,"st":"NY","n":12,"classes":{"leaves":10,"fruits":2},"weeks":[{"w":"2026-09-08","yes":{"leaves":3},"obs":{"leaves":5,"flowers":2,"fruits":3},"sp":{"leaves":{"blackgum":3}}},{"w":"2026-09-01","yes":{"leaves":3},"obs":{"leaves":5,"flowers":2,"fruits":3},"sp":{"leaves":{"blackgum":3}}},{"w":"2026-08-25","yes":{"leaves":2,"fruits":1},"obs":{"leaves":5,"flowers":2,"fruits":3},"sp":{"leaves":{"blackgum":2},"fruits":{"blackgum":1}}},{"w":"2026-08-18","yes":{"leaves":2,"fruits":1},"obs":{"leaves":5,"flowers":2,"fruits":3},"sp":{"leaves":{"blackgum":2},"fruits":{"blackgum":1}}}]}},{"type":"Feature","geometry":{"type":"Point","coordinates":[-73.96594,40.6695]},"properties":{"site":19586,"st":"NY","n":174,"classes":{"leaves":125,"fruits":49},"weeks":[{"w":"2026-09-08","yes":{"leaves":38,"fruits":13},"obs":{"leaves":110,"flowers":54,"fruits":65},"sp":{"leaves":{"northern spicebush":7,"sugar maple":6,"American beech":5,"northern red oak":4,"blackgum":3},"fruits":{"sugar maple":6,"flowering dogwood":3,"sweetgum":2,"tuliptree":1,"American witchhazel":1}}},{"w":"2026-09-01","yes":{"leaves":31,"fruits":12},"obs":{"leaves":110,"flowers":54,"fruits":64},"sp":{"leaves":{"northern spicebush":6,"sugar maple":5,"American beech":4,"northern red oak":3,"sweet birch":2},"fruits":{"sugar maple":4,"northern spicebush":2,"sweetgum":2,"flowering dogwood":2,"tuliptree":1}}},{"w":"2026-08-25","yes":{"leaves":31,"fruits":12},"obs":{"leaves":110,"flowers":54,"fruits":64},"sp":{"leaves":{"northern spicebush":6,"sugar maple":5,"American beech":4,"northern red oak":3,"sweet birch":2},"fruits":{"sugar maple":4,"northern spicebush":2,"sweetgum":2,"flowering dogwood":2,"tuliptree":1}}},{"w":"2026-08-18","yes":{"leaves":25,"fruits":12},"obs":{"leaves":110,"flowers":54,"fruits":66},"sp":{"leaves":{"sugar maple":4,"American beech":3,"northern red oak":3,"northern spicebush":3,"tuliptree":3},"fruits":{"sugar maple":4,"northern spicebush":3,"sweetgum":2,"tuliptree":1,"American witchhazel":1}}}]}},{"type":"Feature","geometry":{"type":"Point","coordinates":[-70.17017,41.29191]},"properties":{"site":19650,"st":"MA","n":198,"classes":{"leaves":175,"fruits":23},"weeks":[{"w":"2026-09-29","yes":{"leaves":42},"obs":{"leaves":78,"flowers":33,"fruits":45},"sp":{"leaves":{"lowbush blueberry":9,"northern bayberry":9,"black cherry":8,"bear oak":8,"black huckleberry":8}}},{"w":"2026-09-22","yes":{"leaves":30},"obs":{"leaves":78,"flowers":33,"fruits":45},"sp":{"leaves":{"lowbush blueberry":6,"black cherry":6,"northern bayberry":6,"bear oak":6,"black huckleberry":6}}},{"w":"2026-09-15","yes":{"leaves":24},"obs":{"leaves":60,"flowers":33,"fruits":45},"sp":{"leaves":{"black huckleberry":6,"lowbush blueberry":6,"northern bayberry":5,"black cherry":4,"bear oak":3}}},{"w":"2026-09-08","yes":{"leaves":23,"fruits":2},"obs":{"leaves":60,"flowers":33,"fruits":45},"sp":{"leaves":{"black huckleberry":6,"lowbush blueberry":5,"northern bayberry":5,"black cherry":4,"bear oak":3},"fruits":{"bear oak":1,"black cherry":1}}},{"w":"2026-09-01","yes":{"leaves":33,"fruits":14},"obs":{"leaves":120,"flowers":58,"fruits":90},"sp":{"leaves":{"black cherry":9,"lowbush blueberry":6,"northern bayberry":6,"bear oak":6,"black huckleberry":6},"fruits":{"black cherry":8,"bear oak":6}}},{"w":"2026-08-18","yes":{"leaves":23,"fruits":7},"obs":{"leaves":59,"flowers":27,"fruits":43},"sp":{"leaves":{"black cherry":6,"lowbush blueberry":5,"northern bayberry":5,"black huckleberry":4,"bear oak":3},"fruits":{"black cherry":4,"bear oak":3}}}]}},{"type":"Feature","geometry":{"type":"Point","coordinates":[-70.17071,41.2904]},"properties":{"site":19651,"st":"MA","n":104,"classes":{"leaves":100,"fruits":4},"weeks":[{"w":"2026-09-22","yes":{"leaves":24},"obs":{"leaves":62,"flowers":24,"fruits":36},"sp":{"leaves":{"southern arrowwood":6,"black huckleberry":6,"lowbush blueberry":6,"northern bayberry":6}}},{"w":"2026-09-15","yes":{"leaves":21},"obs":{"leaves":53,"flowers":24,"fruits":36},"sp":{"leaves":{"black huckleberry":6,"southern arrowwood":6,"northern bayberry":5,"lowbush blueberry":4}}},{"w":"2026-09-08","yes":{"leaves":14},"obs":{"leaves":49,"flowers":24,"fruits":36},"sp":{"leaves":{"southern arrowwood":5,"black huckleberry":3,"lowbush blueberry":3,"northern bayberry":3}}},{"w":"2026-09-01","yes":{"leaves":12,"fruits":1},"obs":{"leaves":48,"flowers":24,"fruits":36},"sp":{"leaves":{"southern arrowwood":3,"black huckleberry":3,"lowbush blueberry":3,"northern bayberry":3},"fruits":{"northern bayberry":1}}},{"w":"2026-08-25","yes":{"leaves":12,"fruits":1},"obs":{"leaves":48,"flowers":24,"fruits":36},"sp":{"leaves":{"black huckleberry":3,"lowbush blueberry":3,"northern bayberry":3,"southern arrowwood":3},"fruits":{"northern bayberry":1}}},{"w":"2026-08-18","yes":{"leaves":17,"fruits":2},"obs":{"leaves":48,"flowers":18,"fruits":35},"sp":{"leaves":{"southern arrowwood":6,"lowbush blueberry":5,"black huckleberry":3,"northern bayberry":3},"fruits":{"northern bayberry":2}}}]}},{"type":"Feature","geometry":{"type":"Point","coordinates":[-70.17102,41.29044]},"properties":{"site":19652,"st":"MA","n":116,"classes":{"leaves":99,"fruits":17},"weeks":[{"w":"2026-09-22","yes":{"leaves":27,"fruits":2},"obs":{"leaves":63,"flowers":27,"fruits":32},"sp":{"leaves":{"lowbush blueberry":9,"black huckleberry":6,"northern bayberry":6,"bear oak":6},"fruits":{"bear oak":2}}},{"w":"2026-09-15","yes":{"leaves":19,"fruits":2},"obs":{"leaves":60,"flowers":27,"fruits":32},"sp":{"leaves":{"northern bayberry":6,"black huckleberry":6,"lowbush blueberry":4,"bear oak":3},"fruits":{"bear oak":2}}},{"w":"2026-09-08","yes":{"leaves":15,"fruits":3},"obs":{"leaves":49,"flowers":27,"fruits":36},"sp":{"leaves":{"black huckleberry":6,"northern bayberry":3,"lowbush blueberry":3,"bear oak":3},"fruits":{"bear oak":3}}},{"w":"2026-09-01","yes":{"leaves":14,"fruits":3},"obs":{"leaves":54,"flowers":27,"fruits":36},"sp":{"leaves":{"lowbush blueberry":4,"bear oak":4,"black huckleberry":3,"northern bayberry":3},"fruits":{"bear oak":3}}},{"w":"2026-08-25","yes":{"leaves":12,"fruits":3},"obs":{"leaves":54,"flowers":27,"fruits":36},"sp":{"leaves":{"northern bayberry":3,"lowbush blueberry":3,"bear oak":3,"black huckleberry":3},"fruits":{"bear oak":3}}},{"w":"2026-08-18","yes":{"leaves":12,"fruits":4},"obs":{"leaves":49,"flowers":21,"fruits":36},"sp":{"leaves":{"black huckleberry":3,"northern bayberry":3,"lowbush blueberry":3,"bear oak":3},"fruits":{"bear oak":3,"lowbush blueberry":1}}}]}},{"type":"Feature","geometry":{"type":"Point","coordinates":[-70.17476,41.28916]},"properties":{"site":19653,"st":"MA","n":210,"classes":{"leaves":127,"fruits":83},"weeks":[{"w":"2026-09-22","yes":{"leaves":27,"fruits":5},"obs":{"leaves":78,"flowers":33,"fruits":39},"sp":{"leaves":{"northern bayberry":6,"black huckleberry":6,"bear oak":6,"black cherry":6,"beach plum":3},"fruits":{"bear oak":3,"beach plum":2}}},{"w":"2026-09-15","yes":{"leaves":27,"fruits":19},"obs":{"leaves":76,"flowers":33,"fruits":40},"sp":{"leaves":{"beach plum":6,"black cherry":6,"northern bayberry":6,"black huckleberry":6,"bear oak":3},"fruits":{"black cherry":9,"beach plum":6,"bear oak":4}}},{"w":"2026-09-08","yes":{"leaves":21,"fruits":18},"obs":{"leaves":60,"flowers":33,"fruits":45},"sp":{"leaves":{"beach plum":6,"black huckleberry":6,"black cherry":3,"northern bayberry":3,"bear oak":3},"fruits":{"black cherry":9,"beach plum":6,"bear oak":3}}},{"w":"2026-09-01","yes":{"leaves":34,"fruits":28},"obs":{"leaves":121,"flowers":66,"fruits":88},"sp":{"leaves":{"beach plum":10,"black cherry":6,"northern bayberry":6,"black huckleberry":6,"bear oak":6},"fruits":{"black cherry":16,"bear oak":6,"beach plum":6}}},{"w":"2026-08-18","yes":{"leaves":18,"fruits":13},"obs":{"leaves":61,"flowers":33,"fruits":42},"sp":{"leaves":{"beach plum":6,"black cherry":3,"northern bayberry":3,"black huckleberry":3,"bear oak":3},"fruits":{"black cherry":6,"beach plum":4,"bear oak":3}}}]}},{"type":"Feature","geometry":{"type":"Point","coordinates":[-70.17658,41.29038]},"properties":{"site":19654,"st":"MA","n":164,"classes":{"leaves":106,"fruits":58},"weeks":[{"w":"2026-09-22","yes":{"leaves":24,"fruits":3},"obs":{"leaves":63,"flowers":24,"fruits":36},"sp":{"leaves":{"northern bayberry":6,"black huckleberry":6,"beach plum":6,"black cherry":6},"fruits":{"northern bayberry":3}}},{"w":"2026-09-15","yes":{"leaves":19,"fruits":7},"obs":{"leaves":63,"flowers":24,"fruits":36},"sp":{"leaves":{"beach plum":6,"black huckleberry":6,"northern bayberry":4,"black cherry":3},"fruits":{"northern bayberry":4,"black cherry":3}}},{"w":"2026-09-08","yes":{"leaves":18,"fruits":10},"obs":{"leaves":48,"flowers":24,"fruits":36},"sp":{"leaves":{"black huckleberry":6,"beach plum":5,"northern bayberry":4,"black cherry":3},"fruits":{"northern bayberry":7,"black cherry":3}}},{"w":"2026-09-01","yes":{"leaves":15,"fruits":13},"obs":{"leaves":48,"flowers":24,"fruits":36},"sp":{"leaves":{"beach plum":6,"northern bayberry":3,"black huckleberry":3,"black cherry":3},"fruits":{"northern bayberry":9,"black cherry":4}}},{"w":"2026-08-25","yes":{"leaves":15,"fruits":15},"obs":{"leaves":48,"flowers":24,"fruits":36},"sp":{"leaves":{"beach plum":6,"black cherry":3,"northern bayberry":3,"black huckleberry":3},"fruits":{"northern bayberry":9,"black cherry":6}}},{"w":"2026-08-18","yes":{"leaves":15,"fruits":10},"obs":{"leaves":48,"flowers":22,"fruits":35},"sp":{"leaves":{"beach plum":6,"northern bayberry":3,"black huckleberry":3,"black cherry":3},"fruits":{"northern bayberry":6,"black cherry":4}}}]}},{"type":"Feature","geometry":{"type":"Point","coordinates":[-112.49746,34.57578]},"properties":{"site":19711,"st":"AZ","n":317,"classes":{"leaves":159,"flowers":32,"fruits":126},"weeks":[{"w":"2026-09-22","yes":{"leaves":24,"flowers":5,"fruits":20},"obs":{"leaves":65,"flowers":66,"fruits":81},"sp":{"leaves":{"alderleaf mountain-mahogany":9,"Emory oak":8,"fragrant sumac":7},"flowers":{"Wright's silktassel":2,"pointleaf manzanita":1,"alderleaf mountain-mahogany":1,"fragrant sumac":1},"fruits":{"alderleaf mountain-mahogany":9,"alligator juniper":8,"Wright's silktassel":2,"twoneedle pinyon":1}}},{"w":"2026-09-15","yes":{"leaves":23,"flowers":6,"fruits":21},"obs":{"leaves":69,"flowers":70,"fruits":87},"sp":{"leaves":{"alderleaf mountain-mahogany":9,"fragrant sumac":8,"Emory oak":6},"flowers":{"alderleaf mountain-mahogany":2,"Wright's silktassel":2,"pointleaf manzanita":1,"fragrant sumac":1},"fruits":{"alderleaf mountain-mahogany":8,"alligator juniper":8,"Wright's silktassel":2,"Emory oak":1,"twoneedle pinyon":1}}},{"w":"2026-09-08","yes":{"leaves":28,"flowers":8,"fruits":27},"obs":{"leaves":69,"flowers":70,"fruits":87},"sp":{"leaves":{"alderleaf mountain-mahogany":14,"fragrant sumac":8,"Emory oak":5,"pointleaf manzanita":1},"flowers":{"alderleaf mountain-mahogany":3,"Wright's silktassel":2,"pointleaf manzanita":2,"fragrant sumac":1},"fruits":{"alligator juniper":9,"alderleaf mountain-mahogany":9,"Emory oak":4,"Wright's silktassel":2,"fragrant sumac":2}}},{"w":"2026-09-01","yes":{"leaves":26,"flowers":4,"fruits":21},"obs":{"leaves":69,"flowers":67,"fruits":84},"sp":{"leaves":{"alderleaf mountain-mahogany":11,"Emory oak":6,"fragrant sumac":6,"pointleaf manzanita":2,"twoneedle pinyon":1},"flowers":{"Wright's silktassel":2,"pointleaf manzanita":1,"alderleaf mountain-mahogany":1},"fruits":{"alligator juniper":8,"alderleaf mountain-mahogany":6,"fragrant sumac":2,"Wright's silktassel":2,"Emory oak":2}}},{"w":"2026-08-25","yes":{"leaves":28,"flowers":4,"fruits":21},"obs":{"leaves":69,"flowers":70,"fruits":87},"sp":{"leaves":{"alderleaf mountain-mahogany":13,"Emory oak":6,"fragrant sumac":6,"pointleaf manzanita":2,"twoneedle pinyon":1},"flowers":{"Wright's silktassel":2,"pointleaf manzanita":1,"alderleaf mountain-mahogany":1},"fruits":{"alligator juniper":6,"Emory oak":4,"alderleaf mountain-mahogany":4,"fragrant sumac":4,"Wright's silktassel":2}}},{"w":"2026-08-18","yes":{"leaves":30,"flowers":5,"fruits":16},"obs":{"leaves":61,"flowers":63,"fruits":77},"sp":{"leaves":{"alderleaf mountain-mahogany":15,"fragrant sumac":7,"Emory oak":5,"pointleaf manzanita":2,"twoneedle pinyon":1},"flowers":{"Wright's silktassel":2,"pointleaf manzanita":2,"alderleaf mountain-mahogany":1},"fruits":{"alligator juniper":6,"alderleaf mountain-mahogany":3,"fragrant sumac":3,"Wright's silktassel":2,"twoneedle pinyon":1}}}]}},{"type":"Feature","geometry":{"type":"Point","coordinates":[-117.84306,33.66478]},"properties":{"site":19944,"st":"CA","n":29,"classes":{"birds":29},"weeks":[{"w":"2026-09-15","yes":{"birds":18},"obs":{"birds":40},"sp":{"birds":{"Anna's hummingbird":5,"common yellowthroat":4,"spotted sandpiper":3,"black phoebe":2,"cliff swallow":2}}},{"w":"2026-09-01","yes":{"birds":11},"obs":{"birds":40},"sp":{"birds":{"black phoebe":4,"common yellowthroat":4,"Anna's hummingbird":1,"killdeer":1,"osprey":1}}}]}},{"type":"Feature","geometry":{"type":"Point","coordinates":[-71.12393,42.30192]},"properties":{"site":20206,"st":"MA","n":39,"classes":{"leaves":39},"weeks":[{"w":"2026-10-06","yes":{"leaves":12},"obs":{"leaves":20,"flowers":12,"fruits":12},"sp":{"leaves":{"yellow birch":6,"river birch":6}}},{"w":"2026-09-22","yes":{"leaves":12},"obs":{"leaves":20,"flowers":12,"fruits":12},"sp":{"leaves":{"yellow birch":6,"river birch":6}}},{"w":"2026-09-08","yes":{"leaves":9},"obs":{"leaves":20,"flowers":12,"fruits":12},"sp":{"leaves":{"river birch":5,"yellow birch":4}}},{"w":"2026-08-25","yes":{"leaves":6},"obs":{"leaves":20,"flowers":12,"fruits":12},"sp":{"leaves":{"river birch":4,"yellow birch":2}}}]}},{"type":"Feature","geometry":{"type":"Point","coordinates":[-71.12805,42.29642]},"properties":{"site":20223,"st":"MA","n":129,"classes":{"leaves":78,"flowers":8,"fruits":43},"weeks":[{"w":"2026-09-15","yes":{"leaves":20,"flowers":2,"fruits":11},"obs":{"leaves":55,"flowers":31,"fruits":32},"sp":{"leaves":{"eastern cottonwood":14,"American basswood":2,"possumhaw":1,"white oak":1,"yellow buckeye":1},"flowers":{"possumhaw":2},"fruits":{"American basswood":6,"yellow buckeye":3,"possumhaw":2}}},{"w":"2026-09-08","yes":{"leaves":21,"flowers":2,"fruits":10},"obs":{"leaves":55,"flowers":31,"fruits":33},"sp":{"leaves":{"eastern cottonwood":15,"American basswood":2,"white oak":1,"yellow buckeye":1,"sugar maple":1},"flowers":{"possumhaw":2},"fruits":{"American basswood":6,"yellow buckeye":3,"possumhaw":1}}},{"w":"2026-09-01","yes":{"leaves":19,"flowers":2,"fruits":12},"obs":{"leaves":55,"flowers":31,"fruits":31},"sp":{"leaves":{"eastern cottonwood":13,"American basswood":2,"possumhaw":1,"sugar maple":1,"yellow buckeye":1},"flowers":{"possumhaw":2},"fruits":{"American basswood":6,"possumhaw":3,"yellow buckeye":3}}},{"w":"2026-08-18","yes":{"leaves":18,"flowers":2,"fruits":10},"obs":{"leaves":55,"flowers":31,"fruits":32},"sp":{"leaves":{"eastern cottonwood":12,"American basswood":2,"sugar maple":1,"yellow buckeye":1,"white oak":1},"flowers":{"possumhaw":2},"fruits":{"American basswood":6,"possumhaw":2,"sugar maple":1,"yellow buckeye":1}}}]}},{"type":"Feature","geometry":{"type":"Point","coordinates":[-71.12245,42.30516]},"properties":{"site":20229,"st":"MA","n":56,"classes":{"leaves":32,"fruits":24},"weeks":[{"w":"2026-09-22","yes":{"leaves":11,"fruits":7},"obs":{"leaves":20,"flowers":10,"fruits":12},"sp":{"leaves":{"American basswood":6,"yellow buckeye":5},"fruits":{"American basswood":4,"yellow buckeye":3}}},{"w":"2026-09-08","yes":{"leaves":11,"fruits":9},"obs":{"leaves":20,"flowers":10,"fruits":12},"sp":{"leaves":{"American basswood":6,"yellow buckeye":5},"fruits":{"American basswood":6,"yellow buckeye":3}}},{"w":"2026-08-25","yes":{"leaves":10,"fruits":8},"obs":{"leaves":20,"flowers":10,"fruits":11},"sp":{"leaves":{"yellow buckeye":5,"American basswood":5},"fruits":{"American basswood":5,"yellow buckeye":3}}}]}},{"type":"Feature","geometry":{"type":"Point","coordinates":[-71.12213,42.29807]},"properties":{"site":20238,"st":"MA","n":18,"classes":{"leaves":18},"weeks":[{"w":"2026-10-06","yes":{"leaves":6},"obs":{"leaves":10,"flowers":4,"fruits":6},"sp":{"leaves":{"American beech":6}}},{"w":"2026-09-22","yes":{"leaves":6},"obs":{"leaves":10,"flowers":4,"fruits":6},"sp":{"leaves":{"American beech":6}}},{"w":"2026-09-08","yes":{"leaves":3},"obs":{"leaves":10,"flowers":4,"fruits":6},"sp":{"leaves":{"American beech":3}}},{"w":"2026-08-25","yes":{"leaves":3},"obs":{"leaves":10,"flowers":4,"fruits":6},"sp":{"leaves":{"American beech":3}}}]}},{"type":"Feature","geometry":{"type":"Point","coordinates":[-71.12606,42.30024]},"properties":{"site":20240,"st":"MA","n":140,"classes":{"leaves":72,"fruits":68},"weeks":[{"w":"2026-10-06","yes":{"leaves":11,"fruits":6},"obs":{"leaves":20,"flowers":12,"fruits":12},"sp":{"leaves":{"pignut hickory":6,"shagbark hickory":5},"fruits":{"pignut hickory":6}}},{"w":"2026-09-22","yes":{"leaves":19,"fruits":18},"obs":{"leaves":70,"flowers":42,"fruits":42},"sp":{"leaves":{"shagbark hickory":10,"pignut hickory":9},"fruits":{"pignut hickory":12,"shagbark hickory":6}}},{"w":"2026-09-15","yes":{"leaves":10,"fruits":16},"obs":{"leaves":50,"flowers":30,"fruits":30},"sp":{"leaves":{"pignut hickory":5,"shagbark hickory":5},"fruits":{"shagbark hickory":11,"pignut hickory":5}}},{"w":"2026-09-08","yes":{"leaves":17,"fruits":16},"obs":{"leaves":70,"flowers":42,"fruits":42},"sp":{"leaves":{"shagbark hickory":9,"pignut hickory":8},"fruits":{"pignut hickory":8,"shagbark hickory":8}}},{"w":"2026-08-25","yes":{"leaves":5,"fruits":2},"obs":{"leaves":20,"flowers":12,"fruits":12},"sp":{"leaves":{"shagbark hickory":3,"pignut hickory":2},"fruits":{"pignut hickory":1,"shagbark hickory":1}}},{"w":"2026-08-18","yes":{"leaves":10,"fruits":10},"obs":{"leaves":50,"flowers":30,"fruits":30},"sp":{"leaves":{"pignut hickory":5,"shagbark hickory":5},"fruits":{"pignut hickory":5,"shagbark hickory":5}}}]}},{"type":"Feature","geometry":{"type":"Point","coordinates":[-71.12477,42.30028]},"properties":{"site":20343,"st":"MA","n":9,"classes":{"leaves":9},"weeks":[{"w":"2026-10-06","yes":{"leaves":3},"obs":{"leaves":10,"flowers":6,"fruits":6},"sp":{"leaves":{"northern red oak":2,"white oak":1}}},{"w":"2026-09-22","yes":{"leaves":2},"obs":{"leaves":10,"flowers":6,"fruits":6},"sp":{"leaves":{"northern red oak":1,"white oak":1}}},{"w":"2026-09-08","yes":{"leaves":2},"obs":{"leaves":10,"flowers":6,"fruits":6},"sp":{"leaves":{"northern red oak":1,"white oak":1}}},{"w":"2026-08-25","yes":{"leaves":2},"obs":{"leaves":10,"flowers":6,"fruits":6},"sp":{"leaves":{"northern red oak":1,"white oak":1}}}]}},{"type":"Feature","geometry":{"type":"Point","coordinates":[-70.17202,41.29001]},"properties":{"site":20905,"st":"MA","n":236,"classes":{"leaves":125,"fruits":111},"weeks":[{"w":"2026-09-22","yes":{"leaves":31,"fruits":13},"obs":{"leaves":78,"flowers":33,"fruits":41},"sp":{"leaves":{"lowbush blueberry":9,"northern bayberry":6,"bear oak":6,"black cherry":6,"southern arrowwood":4},"fruits":{"bear oak":5,"black cherry":5,"northern bayberry":3}}},{"w":"2026-09-15","yes":{"leaves":23,"fruits":20},"obs":{"leaves":72,"flowers":33,"fruits":41},"sp":{"leaves":{"northern bayberry":6,"lowbush blueberry":6,"bear oak":5,"black cherry":3,"southern arrowwood":3},"fruits":{"black cherry":9,"northern bayberry":6,"bear oak":5}}},{"w":"2026-09-08","yes":{"leaves":20,"fruits":21},"obs":{"leaves":60,"flowers":33,"fruits":45},"sp":{"leaves":{"lowbush blueberry":7,"northern bayberry":4,"black cherry":3,"southern arrowwood":3,"bear oak":3},"fruits":{"black cherry":9,"northern bayberry":9,"bear oak":3}}},{"w":"2026-09-01","yes":{"leaves":16,"fruits":21},"obs":{"leaves":62,"flowers":33,"fruits":45},"sp":{"leaves":{"southern arrowwood":4,"northern bayberry":3,"lowbush blueberry":3,"bear oak":3,"black cherry":3},"fruits":{"northern bayberry":9,"black cherry":9,"bear oak":3}}},{"w":"2026-08-25","yes":{"leaves":15,"fruits":21},"obs":{"leaves":60,"flowers":33,"fruits":45},"sp":{"leaves":{"black cherry":3,"southern arrowwood":3,"northern bayberry":3,"lowbush blueberry":3,"bear oak":3},"fruits":{"black cherry":9,"northern bayberry":9,"bear oak":3}}},{"w":"2026-08-18","yes":{"leaves":20,"fruits":15},"obs":{"leaves":60,"flowers":33,"fruits":42},"sp":{"leaves":{"bear oak":6,"lowbush blueberry":5,"northern bayberry":3,"black cherry":3,"southern arrowwood":3},"fruits":{"northern bayberry":6,"black cherry":6,"bear oak":3}}}]}},{"type":"Feature","geometry":{"type":"Point","coordinates":[-70.17126,41.29136]},"properties":{"site":20906,"st":"MA","n":191,"classes":{"leaves":142,"fruits":49},"weeks":[{"w":"2026-09-22","yes":{"leaves":39,"fruits":2},"obs":{"leaves":93,"flowers":39,"fruits":50},"sp":{"leaves":{"lowbush blueberry":9,"northern bayberry":6,"black huckleberry":6,"bear oak":6,"black cherry":6},"fruits":{"bear oak":2}}},{"w":"2026-09-15","yes":{"leaves":24,"fruits":4},"obs":{"leaves":93,"flowers":39,"fruits":50},"sp":{"leaves":{"black huckleberry":6,"lowbush blueberry":5,"beach plum":4,"black cherry":3,"northern bayberry":3},"fruits":{"beach plum":2,"bear oak":2}}},{"w":"2026-09-08","yes":{"leaves":21,"fruits":9},"obs":{"leaves":74,"flowers":39,"fruits":54},"sp":{"leaves":{"black huckleberry":6,"black cherry":3,"beach plum":3,"northern bayberry":3,"bear oak":3},"fruits":{"beach plum":6,"bear oak":2,"black cherry":1}}},{"w":"2026-09-01","yes":{"leaves":40,"fruits":24},"obs":{"leaves":145,"flowers":78,"fruits":108},"sp":{"leaves":{"bear oak":8,"beach plum":7,"lowbush blueberry":7,"black cherry":6,"northern bayberry":6},"fruits":{"beach plum":12,"black cherry":8,"bear oak":4}}},{"w":"2026-08-18","yes":{"leaves":18,"fruits":10},"obs":{"leaves":72,"flowers":39,"fruits":52},"sp":{"leaves":{"northern bayberry":3,"black huckleberry":3,"bear oak":3,"lowbush blueberry":3,"black cherry":3},"fruits":{"black cherry":4,"beach plum":4,"bear oak":2}}}]}},{"type":"Feature","geometry":{"type":"Point","coordinates":[-70.16903,41.2924]},"properties":{"site":20907,"st":"MA","n":64,"classes":{"leaves":49,"fruits":15},"weeks":[{"w":"2026-09-22","yes":{"leaves":12},"obs":{"leaves":28,"flowers":12,"fruits":18},"sp":{"leaves":{"black huckleberry":6,"black cherry":6}}},{"w":"2026-09-15","yes":{"leaves":10},"obs":{"leaves":24,"flowers":12,"fruits":18},"sp":{"leaves":{"black huckleberry":6,"black cherry":4}}},{"w":"2026-09-08","yes":{"leaves":6},"obs":{"leaves":24,"flowers":12,"fruits":18},"sp":{"leaves":{"black huckleberry":3,"black cherry":3}}},{"w":"2026-09-01","yes":{"leaves":6,"fruits":3},"obs":{"leaves":24,"flowers":12,"fruits":18},"sp":{"leaves":{"black cherry":3,"black huckleberry":3},"fruits":{"black cherry":3}}},{"w":"2026-08-25","yes":{"leaves":6,"fruits":5},"obs":{"leaves":24,"flowers":12,"fruits":18},"sp":{"leaves":{"black cherry":3,"black huckleberry":3},"fruits":{"black cherry":5}}},{"w":"2026-08-18","yes":{"leaves":9,"fruits":7},"obs":{"leaves":24,"flowers":12,"fruits":16},"sp":{"leaves":{"black cherry":6,"black huckleberry":3},"fruits":{"black cherry":7}}}]}},{"type":"Feature","geometry":{"type":"Point","coordinates":[-112.42873,34.57585]},"properties":{"site":20974,"st":"AZ","n":504,"classes":{"leaves":365,"flowers":34,"fruits":105},"weeks":[{"w":"2026-10-06","yes":{"leaves":27,"flowers":3,"fruits":2},"obs":{"leaves":90,"flowers":54,"fruits":54},"sp":{"leaves":{"narrowleaf willow":7,"Fremont cottonwood":6,"Arizona walnut":6,"arroyo willow":5,"netleaf hackberry":3},"flowers":{"narrowleaf willow":3},"fruits":{"netleaf hackberry":2}}},{"w":"2026-09-29","yes":{"leaves":65,"fruits":5},"obs":{"leaves":175,"flowers":108,"fruits":107},"sp":{"leaves":{"narrowleaf willow":18,"Arizona walnut":13,"arroyo willow":13,"Fremont cottonwood":13,"netleaf hackberry":8},"fruits":{"netleaf hackberry":5}}},{"w":"2026-09-22","yes":{"leaves":58,"flowers":3,"fruits":9},"obs":{"leaves":177,"flowers":108,"fruits":106},"sp":{"leaves":{"narrowleaf willow":16,"Arizona walnut":12,"Fremont cottonwood":11,"arroyo willow":10,"netleaf hackberry":9},"flowers":{"narrowleaf willow":3},"fruits":{"netleaf hackberry":6,"narrowleaf willow":3}}},{"w":"2026-09-15","yes":{"leaves":38,"fruits":15},"obs":{"leaves":89,"flowers":54,"fruits":53},"sp":{"leaves":{"narrowleaf willow":10,"arroyo willow":8,"Fremont cottonwood":8,"Arizona walnut":7,"netleaf hackberry":5},"fruits":{"narrowleaf willow":12,"netleaf hackberry":3}}},{"w":"2026-09-08","yes":{"leaves":57,"flowers":6,"fruits":25},"obs":{"leaves":180,"flowers":108,"fruits":105},"sp":{"leaves":{"narrowleaf willow":16,"Fremont cottonwood":13,"arroyo willow":12,"netleaf hackberry":8,"Arizona walnut":8},"flowers":{"narrowleaf willow":6},"fruits":{"narrowleaf willow":12,"netleaf hackberry":9,"Arizona walnut":4}}},{"w":"2026-09-01","yes":{"leaves":50,"flowers":8,"fruits":19},"obs":{"leaves":177,"flowers":105,"fruits":106},"sp":{"leaves":{"Fremont cottonwood":13,"narrowleaf willow":12,"arroyo willow":11,"netleaf hackberry":7,"Arizona walnut":7},"flowers":{"narrowleaf willow":8},"fruits":{"narrowleaf willow":10,"netleaf hackberry":7,"Arizona walnut":2}}},{"w":"2026-08-25","yes":{"leaves":28,"flowers":9,"fruits":10},"obs":{"leaves":88,"flowers":49,"fruits":53},"sp":{"leaves":{"narrowleaf willow":8,"arroyo willow":7,"Fremont cottonwood":6,"Arizona walnut":4,"netleaf hackberry":3},"flowers":{"narrowleaf willow":6,"arroyo willow":3},"fruits":{"Arizona walnut":4,"narrowleaf willow":3,"netleaf hackberry":3}}},{"w":"2026-08-18","yes":{"leaves":42,"flowers":5,"fruits":20},"obs":{"leaves":180,"flowers":103,"fruits":105},"sp":{"leaves":{"narrowleaf willow":12,"arroyo willow":9,"Fremont cottonwood":9,"netleaf hackberry":6,"Arizona walnut":6},"flowers":{"narrowleaf willow":4,"arroyo willow":1},"fruits":{"Arizona walnut":9,"netleaf hackberry":7,"narrowleaf willow":4}}}]}},{"type":"Feature","geometry":{"type":"Point","coordinates":[-112.43627,34.57208]},"properties":{"site":20978,"st":"AZ","n":337,"classes":{"leaves":201,"flowers":89,"fruits":47},"weeks":[{"w":"2026-10-06","yes":{"leaves":26,"flowers":11,"fruits":11},"obs":{"leaves":72,"flowers":49,"fruits":54},"sp":{"leaves":{"red willow":9,"boxelder":6,"wax currant":5,"sideoats grama":3,"deergrass":3},"flowers":{"deergrass":8,"sideoats grama":3},"fruits":{"sideoats grama":7,"deergrass":3,"boxelder":1}}},{"w":"2026-09-29","yes":{"leaves":21,"flowers":14,"fruits":8},"obs":{"leaves":72,"flowers":48,"fruits":53},"sp":{"leaves":{"red willow":9,"sideoats grama":3,"deergrass":3,"wax currant":3,"boxelder":3},"flowers":{"deergrass":8,"sideoats grama":6},"fruits":{"sideoats grama":4,"deergrass":3,"boxelder":1}}},{"w":"2026-09-22","yes":{"leaves":19,"flowers":13,"fruits":8},"obs":{"leaves":72,"flowers":48,"fruits":53},"sp":{"leaves":{"red willow":7,"sideoats grama":3,"deergrass":3,"wax currant":3,"boxelder":3},"flowers":{"sideoats grama":7,"deergrass":6},"fruits":{"sideoats grama":4,"deergrass":3,"boxelder":1}}},{"w":"2026-09-15","yes":{"leaves":19,"flowers":13,"fruits":7},"obs":{"leaves":72,"flowers":49,"fruits":51},"sp":{"leaves":{"red willow":7,"sideoats grama":3,"deergrass":3,"wax currant":3,"boxelder":3},"flowers":{"sideoats grama":9,"deergrass":4},"fruits":{"sideoats grama":4,"deergrass":2,"boxelder":1}}},{"w":"2026-09-08","yes":{"leaves":22,"flowers":13,"fruits":5},"obs":{"leaves":72,"flowers":49,"fruits":52},"sp":{"leaves":{"red willow":7,"wax currant":6,"sideoats grama":3,"boxelder":3,"deergrass":3},"flowers":{"sideoats grama":9,"deergrass":4},"fruits":{"sideoats grama":3,"deergrass":1,"boxelder":1}}},{"w":"2026-09-01","yes":{"leaves":19,"flowers":10,"fruits":4},"obs":{"leaves":72,"flowers":50,"fruits":54},"sp":{"leaves":{"red willow":6,"wax currant":4,"sideoats grama":3,"boxelder":3,"deergrass":3},"flowers":{"sideoats grama":7,"deergrass":3},"fruits":{"sideoats grama":2,"deergrass":1,"boxelder":1}}},{"w":"2026-08-25","yes":{"leaves":36,"flowers":10,"fruits":4},"obs":{"leaves":72,"flowers":46,"fruits":54},"sp":{"leaves":{"red willow":11,"boxelder":7,"sideoats grama":6,"deergrass":6,"wax currant":6},"flowers":{"sideoats grama":7,"deergrass":3},"fruits":{"sideoats grama":3,"deergrass":1}}},{"w":"2026-08-18","yes":{"leaves":39,"flowers":5},"obs":{"leaves":72,"flowers":51,"fruits":54},"sp":{"leaves":{"red willow":12,"boxelder":8,"wax currant":7,"sideoats grama":6,"deergrass":6},"flowers":{"sideoats grama":3,"deergrass":2}}}]}},{"type":"Feature","geometry":{"type":"Point","coordinates":[-122.17606,37.81554]},"properties":{"site":21131,"st":"CA","n":1,"classes":{"leaves":1},"weeks":[{"w":"2026-09-22","yes":{},"obs":{"leaves":16,"flowers":20,"fruits":24},"sp":{}},{"w":"2026-09-08","yes":{},"obs":{"leaves":16,"flowers":20,"fruits":24},"sp":{}},{"w":"2026-08-25","yes":{"leaves":1},"obs":{"leaves":16,"flowers":20,"fruits":24},"sp":{"leaves":{"California laurel":1}}}]}},{"type":"Feature","geometry":{"type":"Point","coordinates":[-122.17559,37.81376]},"properties":{"site":21132,"st":"CA","n":0,"classes":{},"weeks":[{"w":"2026-09-22","yes":{},"obs":{"leaves":4,"flowers":5,"fruits":6},"sp":{}},{"w":"2026-09-08","yes":{},"obs":{"leaves":4,"flowers":5,"fruits":6},"sp":{}},{"w":"2026-08-25","yes":{},"obs":{"leaves":4,"flowers":5,"fruits":6},"sp":{}}]}},{"type":"Feature","geometry":{"type":"Point","coordinates":[-122.17587,37.81368]},"properties":{"site":21133,"st":"CA","n":0,"classes":{},"weeks":[{"w":"2026-09-22","yes":{},"obs":{"leaves":16,"flowers":20,"fruits":24},"sp":{}},{"w":"2026-09-08","yes":{},"obs":{"leaves":16,"flowers":20,"fruits":24},"sp":{}},{"w":"2026-08-25","yes":{},"obs":{"leaves":16,"flowers":20,"fruits":24},"sp":{}}]}},{"type":"Feature","geometry":{"type":"Point","coordinates":[-122.17572,37.81486]},"properties":{"site":21134,"st":"CA","n":0,"classes":{},"weeks":[{"w":"2026-09-22","yes":{},"obs":{"leaves":16,"flowers":20,"fruits":24},"sp":{}},{"w":"2026-09-08","yes":{},"obs":{"leaves":16,"flowers":20,"fruits":24},"sp":{}},{"w":"2026-08-25","yes":{},"obs":{"leaves":16,"flowers":20,"fruits":24},"sp":{}}]}},{"type":"Feature","geometry":{"type":"Point","coordinates":[-122.15299,37.80936]},"properties":{"site":21140,"st":"CA","n":4,"classes":{"fruits":4},"weeks":[{"w":"2026-09-15","yes":{"fruits":2},"obs":{"leaves":16,"flowers":16,"fruits":24},"sp":{"fruits":{"California laurel":2}}},{"w":"2026-08-25","yes":{"fruits":2},"obs":{"leaves":16,"flowers":16,"fruits":24},"sp":{"fruits":{"California laurel":2}}}]}},{"type":"Feature","geometry":{"type":"Point","coordinates":[-122.15549,37.81063]},"properties":{"site":21141,"st":"CA","n":4,"classes":{"leaves":4},"weeks":[{"w":"2026-09-15","yes":{"leaves":2},"obs":{"leaves":10,"flowers":10,"fruits":15},"sp":{"leaves":{"Pacific trillium":2}}},{"w":"2026-08-18","yes":{"leaves":2},"obs":{"leaves":10,"flowers":10,"fruits":15},"sp":{"leaves":{"Pacific trillium":2}}}]}},{"type":"Feature","geometry":{"type":"Point","coordinates":[-122.15585,37.81084]},"properties":{"site":21142,"st":"CA","n":5,"classes":{"leaves":5},"weeks":[{"w":"2026-09-15","yes":{"leaves":2},"obs":{"leaves":20,"flowers":20,"fruits":30},"sp":{"leaves":{"Pacific trillium":2}}},{"w":"2026-08-25","yes":{"leaves":3},"obs":{"leaves":20,"flowers":20,"fruits":30},"sp":{"leaves":{"Pacific trillium":3}}}]}},{"type":"Feature","geometry":{"type":"Point","coordinates":[-122.15688,37.81154]},"properties":{"site":21143,"st":"CA","n":0,"classes":{},"weeks":[{"w":"2026-09-15","yes":{},"obs":{"leaves":14,"flowers":14,"fruits":21},"sp":{}},{"w":"2026-08-25","yes":{},"obs":{"leaves":14,"flowers":14,"fruits":21},"sp":{}}]}},{"type":"Feature","geometry":{"type":"Point","coordinates":[-122.15937,37.81344]},"properties":{"site":21144,"st":"CA","n":0,"classes":{},"weeks":[{"w":"2026-09-15","yes":{},"obs":{"leaves":14,"flowers":14,"fruits":21},"sp":{}},{"w":"2026-08-25","yes":{},"obs":{"leaves":14,"flowers":14,"fruits":21},"sp":{}}]}},{"type":"Feature","geometry":{"type":"Point","coordinates":[-71.12031,42.30382]},"properties":{"site":21276,"st":"MA","n":23,"classes":{"leaves":23},"weeks":[{"w":"2026-09-22","yes":{"leaves":9},"obs":{"leaves":25,"flowers":15,"fruits":15},"sp":{"leaves":{"red maple":5,"sugar maple":4}}},{"w":"2026-09-08","yes":{"leaves":8},"obs":{"leaves":25,"flowers":15,"fruits":15},"sp":{"leaves":{"red maple":4,"sugar maple":4}}},{"w":"2026-08-25","yes":{"leaves":6},"obs":{"leaves":24,"flowers":15,"fruits":15},"sp":{"leaves":{"red maple":3,"sugar maple":3}}}]}},{"type":"Feature","geometry":{"type":"Point","coordinates":[-81.57577,36.64981]},"properties":{"site":22018,"st":"VA","n":23,"classes":{"leaves":19,"flowers":3,"fruits":1},"weeks":[{"w":"2026-09-22","yes":{"leaves":9,"flowers":2},"obs":{"leaves":27,"flowers":15,"fruits":18},"sp":{"leaves":{"yellow buckeye":2,"white snakeroot":2,"pin cherry":2,"sugar maple":2,"red maple":1},"flowers":{"white snakeroot":2}}},{"w":"2026-09-01","yes":{"leaves":10,"flowers":1,"fruits":1},"obs":{"leaves":27,"flowers":15,"fruits":18},"sp":{"leaves":{"sugar maple":2,"red maple":2,"yellow buckeye":2,"white snakeroot":2,"pin cherry":2},"flowers":{"white snakeroot":1},"fruits":{"yellow buckeye":1}}}]}},{"type":"Feature","geometry":{"type":"Point","coordinates":[-87.72034,41.91382]},"properties":{"site":22259,"st":"IL","n":221,"classes":{"leaves":216,"flowers":5},"weeks":[{"w":"2026-10-06","yes":{"leaves":42,"flowers":1},"obs":{"leaves":72,"flowers":31,"fruits":42},"sp":{"leaves":{"Autumn Brilliance serviceberry":42},"flowers":{"Red Rothomagensis lilac":1}}},{"w":"2026-09-29","yes":{"leaves":41,"flowers":1},"obs":{"leaves":72,"flowers":31,"fruits":42},"sp":{"leaves":{"Autumn Brilliance serviceberry":41},"flowers":{"Red Rothomagensis lilac":1}}},{"w":"2026-09-15","yes":{"leaves":40},"obs":{"leaves":72,"flowers":31,"fruits":42},"sp":{"leaves":{"Autumn Brilliance serviceberry":40}}},{"w":"2026-09-08","yes":{"leaves":33,"flowers":1},"obs":{"leaves":72,"flowers":31,"fruits":42},"sp":{"leaves":{"Autumn Brilliance serviceberry":33},"flowers":{"Red Rothomagensis lilac":1}}},{"w":"2026-08-25","yes":{"leaves":31,"flowers":1},"obs":{"leaves":72,"flowers":31,"fruits":42},"sp":{"leaves":{"Autumn Brilliance serviceberry":31},"flowers":{"Red Rothomagensis lilac":1}}},{"w":"2026-08-18","yes":{"leaves":29,"flowers":1},"obs":{"leaves":72,"flowers":31,"fruits":42},"sp":{"leaves":{"Autumn Brilliance serviceberry":29},"flowers":{"Red Rothomagensis lilac":1}}}]}},{"type":"Feature","geometry":{"type":"Point","coordinates":[-110.98173,32.33926]},"properties":{"site":22311,"st":"AZ","n":3,"classes":{"flowers":2,"fruits":1},"weeks":[{"w":"2026-09-08","yes":{"flowers":2,"fruits":1},"obs":{"flowers":2,"fruits":1},"sp":{"flowers":{"saguaro":2},"fruits":{"saguaro":1}}}]}},{"type":"Feature","geometry":{"type":"Point","coordinates":[-72.55856,42.07752]},"properties":{"site":22580,"st":"MA","n":346,"classes":{"leaves":151,"flowers":60,"fruits":102,"insects":13,"birds":20},"weeks":[{"w":"2026-10-06","yes":{"leaves":26,"flowers":7,"fruits":16,"insects":2,"birds":2},"obs":{"leaves":56,"flowers":34,"fruits":39,"insects":2,"birds":7},"sp":{"leaves":{"white oak":3,"red maple":3,"Canadian serviceberry":3,"paper birch":2,"American hazelnut":2},"flowers":{"wrinkleleaf goldenrod":2,"trumpet honeysuckle":2,"blackeyed Susan":2,"American hazelnut":1},"fruits":{"common milkweed":3,"American hazelnut":2,"trumpet honeysuckle":2,"flowering dogwood":2,"blackeyed Susan":2},"insects":{"bumblebee":2},"birds":{"blue jay":2}}},{"w":"2026-09-29","yes":{"leaves":21,"flowers":7,"fruits":17,"insects":2,"birds":3},"obs":{"leaves":57,"flowers":34,"fruits":42,"insects":2,"birds":7},"sp":{"leaves":{"red maple":3,"Canadian serviceberry":3,"white oak":2,"trumpet honeysuckle":2,"paper birch":2},"flowers":{"blackeyed Susan":2,"trumpet honeysuckle":2,"wrinkleleaf goldenrod":2,"American hazelnut":1},"fruits":{"white oak":3,"common milkweed":3,"blackeyed Susan":2,"flowering dogwood":2,"eastern redbud":2},"insects":{"bumblebee":2},"birds":{"blue jay":3}}},{"w":"2026-09-22","yes":{"leaves":21,"flowers":6,"fruits":16,"insects":2,"birds":2},"obs":{"leaves":59,"flowers":34,"fruits":42,"insects":2,"birds":7},"sp":{"leaves":{"trumpet honeysuckle":3,"Canadian serviceberry":3,"paper birch":2,"American witchhazel":2,"red maple":2},"flowers":{"trumpet honeysuckle":2,"wrinkleleaf goldenrod":2,"blackeyed Susan":2},"fruits":{"white oak":3,"trumpet honeysuckle":2,"American hazelnut":2,"common milkweed":2,"flowering dogwood":2},"insects":{"bumblebee":2},"birds":{"blue jay":2}}},{"w":"2026-09-15","yes":{"leaves":19,"flowers":7,"fruits":13,"birds":2},"obs":{"leaves":60,"flowers":34,"fruits":41,"insects":3,"birds":7},"sp":{"leaves":{"Canadian serviceberry":3,"white oak":2,"trumpet honeysuckle":2,"red maple":2,"blackeyed Susan":1},"flowers":{"trumpet honeysuckle":2,"blackeyed Susan":2,"wrinkleleaf goldenrod":2,"American hazelnut":1},"fruits":{"white oak":3,"trumpet honeysuckle":2,"eastern redbud":2,"American hazelnut":2,"common milkweed":2},"birds":{"blue jay":2}}},{"w":"2026-09-08","yes":{"leaves":18,"flowers":7,"fruits":14,"insects":1,"birds":2},"obs":{"leaves":60,"flowers":34,"fruits":40,"insects":1,"birds":7},"sp":{"leaves":{"Canadian serviceberry":3,"red maple":2,"trumpet honeysuckle":2,"eastern redbud":1,"blackeyed Susan":1},"flowers":{"blackeyed Susan":2,"wrinkleleaf goldenrod":2,"butterfly milkweed":2,"American hazelnut":1},"fruits":{"butterfly milkweed":3,"white oak":3,"eastern redbud":2,"American hazelnut":2,"trumpet honeysuckle":2},"insects":{"bumblebee":1},"birds":{"blue jay":2}}},{"w":"2026-09-01","yes":{"leaves":15,"flowers":8,"fruits":9,"insects":2,"birds":3},"obs":{"leaves":59,"flowers":34,"fruits":41,"insects":2,"birds":7},"sp":{"leaves":{"red maple":2,"flowering dogwood":1,"blackeyed Susan":1,"eastern redbud":1,"American hazelnut":1},"flowers":{"blackeyed Susan":2,"butterfly milkweed":2,"wrinkleleaf goldenrod":2,"trumpet honeysuckle":2},"fruits":{"white oak":3,"trumpet honeysuckle":2,"flowering dogwood":1,"eastern redbud":1,"American hazelnut":1},"insects":{"bumblebee":2},"birds":{"blue jay":3}}},{"w":"2026-08-25","yes":{"leaves":15,"flowers":9,"fruits":7,"insects":2,"birds":3},"obs":{"leaves":59,"flowers":34,"fruits":42,"insects":2,"birds":7},"sp":{"leaves":{"Canadian serviceberry":2,"red maple":2,"American hazelnut":1,"American witchhazel":1,"common milkweed":1},"flowers":{"butterfly milkweed":2,"trumpet honeysuckle":2,"blackeyed Susan":2,"wild bergamot":2,"wrinkleleaf goldenrod":1},"fruits":{"trumpet honeysuckle":2,"American hazelnut":1,"common milkweed":1,"white oak":1,"flowering dogwood":1},"insects":{"bumblebee":2},"birds":{"blue jay":3}}},{"w":"2026-08-18","yes":{"leaves":16,"flowers":9,"fruits":10,"insects":2,"birds":3},"obs":{"leaves":59,"flowers":34,"fruits":40,"insects":2,"birds":7},"sp":{"leaves":{"Canadian serviceberry":2,"red maple":2,"black cherry":1,"American hazelnut":1,"American witchhazel":1},"flowers":{"butterfly milkweed":2,"blackeyed Susan":2,"wild bergamot":2,"trumpet honeysuckle":2,"wrinkleleaf goldenrod":1},"fruits":{"wild bergamot":2,"white oak":2,"trumpet honeysuckle":2,"American hazelnut":1,"common milkweed":1},"insects":{"bumblebee":2},"birds":{"blue jay":3}}}]}},{"type":"Feature","geometry":{"type":"Point","coordinates":[-110.98173,32.33926]},"properties":{"site":22613,"st":"AZ","n":65,"classes":{"insects":41,"birds":24},"weeks":[{"w":"2026-10-06","yes":{"insects":8,"birds":4},"obs":{"insects":117,"birds":93},"sp":{"insects":{"queen":3,"flame skimmer":1,"pipevine swallowtail":1,"fatal metalmark":1,"giant swallowtail":1},"birds":{"verdin":1,"phainopepla":1,"northern cardinal":1,"Costa's hummingbird":1}}},{"w":"2026-09-22","yes":{"insects":8,"birds":3},"obs":{"insects":117,"birds":93},"sp":{"insects":{"queen":2,"fatal metalmark":2,"flame skimmer":1,"common green darner":1,"pipevine swallowtail":1},"birds":{"Costa's hummingbird":1,"verdin":1,"mourning dove":1}}},{"w":"2026-09-15","yes":{"insects":6,"birds":2},"obs":{"insects":117,"birds":93},"sp":{"insects":{"queen":2,"fatal metalmark":2,"gulf fritillary":1,"common green darner":1},"birds":{"verdin":1,"Costa's hummingbird":1}}},{"w":"2026-09-08","yes":{"insects":7,"birds":4},"obs":{"insects":117,"birds":93},"sp":{"insects":{"queen":2,"fatal metalmark":2,"Lyside sulphur":2,"gulf fritillary":1},"birds":{"verdin":2,"Costa's hummingbird":2}}},{"w":"2026-09-01","yes":{"insects":6,"birds":7},"obs":{"insects":117,"birds":93},"sp":{"insects":{"queen":3,"common green darner":1,"fatal metalmark":1,"pipevine swallowtail":1},"birds":{"verdin":2,"Costa's hummingbird":2,"Gambel's quail":1,"mourning dove":1,"Anna's hummingbird":1}}},{"w":"2026-08-25","yes":{"insects":6,"birds":4},"obs":{"insects":117,"birds":93},"sp":{"insects":{"queen":2,"Reakirt's blue":2,"pipevine swallowtail":1,"flame skimmer":1},"birds":{"verdin":2,"Gambel's quail":1,"Costa's hummingbird":1}}}]}},{"type":"Feature","geometry":{"type":"Point","coordinates":[-71.05186,42.4701]},"properties":{"site":22721,"st":"MA","n":40,"classes":{"leaves":38,"fruits":2},"weeks":[{"w":"2026-10-06","yes":{"leaves":10,"fruits":2},"obs":{"leaves":25,"flowers":15,"fruits":15},"sp":{"leaves":{"eastern cottonwood":6,"Norway maple":2,"red maple":1,"northern red oak":1},"fruits":{"northern red oak":2}}},{"w":"2026-09-29","yes":{"leaves":10},"obs":{"leaves":25,"flowers":15,"fruits":15},"sp":{"leaves":{"eastern cottonwood":6,"Norway maple":2,"red maple":1,"northern red oak":1}}},{"w":"2026-09-15","yes":{"leaves":18},"obs":{"leaves":44,"flowers":24,"fruits":24},"sp":{"leaves":{"eastern cottonwood":10,"Norway maple":4,"red maple":2,"northern red oak":2}}}]}},{"type":"Feature","geometry":{"type":"Point","coordinates":[-110.91423,32.23729]},"properties":{"site":22728,"st":"AZ","n":116,"classes":{"leaves":71,"flowers":19,"fruits":26},"weeks":[{"w":"2026-10-06","yes":{"leaves":8,"flowers":4,"fruits":2},"obs":{"leaves":26,"flowers":21,"fruits":27},"sp":{"leaves":{"desert ironwood":3,"velvet mesquite":3,"creosote bush":2},"flowers":{"creosote bush":4},"fruits":{"creosote bush":2}}},{"w":"2026-09-29","yes":{"leaves":13,"flowers":4,"fruits":5},"obs":{"leaves":26,"flowers":21,"fruits":27},"sp":{"leaves":{"desert ironwood":6,"velvet mesquite":5,"creosote bush":2},"flowers":{"creosote bush":4},"fruits":{"creosote bush":3,"velvet mesquite":2}}},{"w":"2026-09-22","yes":{"leaves":11,"flowers":4},"obs":{"leaves":26,"flowers":21,"fruits":27},"sp":{"leaves":{"desert ironwood":5,"velvet mesquite":4,"creosote bush":2},"flowers":{"creosote bush":4}}},{"w":"2026-09-08","yes":{"leaves":10,"flowers":5,"fruits":2},"obs":{"leaves":26,"flowers":21,"fruits":27},"sp":{"leaves":{"velvet mesquite":5,"desert ironwood":3,"creosote bush":2},"flowers":{"creosote bush":4,"velvet mesquite":1},"fruits":{"creosote bush":2}}},{"w":"2026-09-01","yes":{"leaves":11,"flowers":1,"fruits":5},"obs":{"leaves":26,"flowers":21,"fruits":27},"sp":{"leaves":{"desert ironwood":6,"velvet mesquite":4,"creosote bush":1},"flowers":{"velvet mesquite":1},"fruits":{"velvet mesquite":3,"creosote bush":2}}},{"w":"2026-08-25","yes":{"leaves":8,"fruits":5},"obs":{"leaves":26,"flowers":21,"fruits":26},"sp":{"leaves":{"desert ironwood":3,"velvet mesquite":3,"creosote bush":2},"fruits":{"velvet mesquite":3,"creosote bush":2}}},{"w":"2026-08-18","yes":{"leaves":10,"flowers":1,"fruits":7},"obs":{"leaves":26,"flowers":21,"fruits":27},"sp":{"leaves":{"desert ironwood":6,"velvet mesquite":4},"flowers":{"creosote bush":1},"fruits":{"creosote bush":4,"velvet mesquite":3}}}]}},{"type":"Feature","geometry":{"type":"Point","coordinates":[-122.37149,38.09404]},"properties":{"site":22858,"st":"CA","n":94,"classes":{"birds":94},"weeks":[{"w":"2026-09-29","yes":{"birds":20},"obs":{"birds":47},"sp":{"birds":{"red-winged blackbird":5,"Anna's hummingbird":4,"song sparrow":4,"green-winged teal":3,"mallard":2}}},{"w":"2026-09-15","yes":{"birds":16},"obs":{"birds":47},"sp":{"birds":{"song sparrow":5,"red-winged blackbird":4,"mallard":3,"green-winged teal":2,"Anna's hummingbird":2}}},{"w":"2026-09-08","yes":{"birds":18},"obs":{"birds":47},"sp":{"birds":{"Anna's hummingbird":5,"song sparrow":4,"red-winged blackbird":4,"green-winged teal":2,"mallard":2}}},{"w":"2026-09-01","yes":{"birds":13},"obs":{"birds":47},"sp":{"birds":{"red-winged blackbird":4,"Anna's hummingbird":3,"mallard":2,"green-winged teal":2,"red-tailed hawk":2}}},{"w":"2026-08-25","yes":{"birds":14},"obs":{"birds":47},"sp":{"birds":{"song sparrow":4,"red-winged blackbird":4,"Anna's hummingbird":3,"mallard":2,"green-winged teal":1}}},{"w":"2026-08-18","yes":{"birds":13},"obs":{"birds":47},"sp":{"birds":{"red-winged blackbird":4,"western bluebird":3,"mallard":3,"Anna's hummingbird":3}}}]}},{"type":"Feature","geometry":{"type":"Point","coordinates":[-110.95146,32.23038]},"properties":{"site":22976,"st":"AZ","n":1,"classes":{"leaves":1},"weeks":[{"w":"2026-09-22","yes":{"leaves":1},"obs":{"leaves":3,"flowers":2,"fruits":3},"sp":{"leaves":{"blue paloverde":1}}}]}},{"type":"Feature","geometry":{"type":"Point","coordinates":[-93.26781,41.55644]},"properties":{"site":22979,"st":"IA","n":121,"classes":{"leaves":82,"fruits":27,"insects":8,"flowers":4},"weeks":[{"w":"2026-10-06","yes":{"leaves":8,"fruits":2},"obs":{"leaves":25,"flowers":19,"fruits":24,"insects":7,"birds":8},"sp":{"leaves":{"bur oak":6,"bluebill":2},"fruits":{"bur oak":2}}},{"w":"2026-09-22","yes":{"leaves":18,"fruits":9,"insects":4},"obs":{"leaves":50,"flowers":38,"fruits":48,"insects":14,"birds":16},"sp":{"leaves":{"bur oak":12,"bloodroot":4,"bluebill":2},"fruits":{"bur oak":9},"insects":{"monarch":4}}},{"w":"2026-09-15","yes":{"leaves":21,"fruits":3,"insects":3},"obs":{"leaves":100,"flowers":76,"fruits":96,"insects":22,"birds":32},"sp":{"leaves":{"bur oak":13,"bloodroot":8},"fruits":{"bur oak":3},"insects":{"monarch":3}}},{"w":"2026-09-08","yes":{"leaves":9,"fruits":4},"obs":{"leaves":25,"flowers":19,"fruits":24,"insects":7,"birds":8},"sp":{"leaves":{"bur oak":5,"bluebill":2,"bloodroot":2},"fruits":{"bur oak":4}}},{"w":"2026-09-01","yes":{"leaves":5,"fruits":3,"insects":1},"obs":{"leaves":25,"flowers":19,"fruits":24,"insects":7},"sp":{"leaves":{"bloodroot":3,"bur oak":2},"fruits":{"bur oak":3},"insects":{"monarch":1}}},{"w":"2026-08-18","yes":{"leaves":21,"flowers":4,"fruits":6},"obs":{"leaves":75,"flowers":57,"fruits":72,"insects":21,"birds":24},"sp":{"leaves":{"bur oak":9,"bluebill":6,"bloodroot":6},"flowers":{"bluebill":4},"fruits":{"bur oak":5,"bloodroot":1}}}]}},{"type":"Feature","geometry":{"type":"Point","coordinates":[-93.27835,41.55953]},"properties":{"site":22981,"st":"IA","n":65,"classes":{"leaves":30,"flowers":19,"fruits":10,"insects":6},"weeks":[{"w":"2026-10-06","yes":{"leaves":5,"flowers":2,"fruits":7},"obs":{"leaves":16,"flowers":16,"fruits":24,"insects":7},"sp":{"leaves":{"tall blazing star":2,"prairie violet":2,"butterfly milkweed":1},"flowers":{"tall blazing star":2},"fruits":{"tall blazing star":6,"butterfly milkweed":1}}},{"w":"2026-09-22","yes":{"leaves":8,"flowers":6,"fruits":1,"insects":4},"obs":{"leaves":32,"flowers":32,"fruits":48,"insects":8},"sp":{"leaves":{"tall blazing star":4,"prairie violet":3,"butterfly milkweed":1},"flowers":{"tall blazing star":6},"fruits":{"butterfly milkweed":1},"insects":{"monarch":4}}},{"w":"2026-09-15","yes":{"leaves":3,"flowers":2},"obs":{"leaves":16,"flowers":16,"fruits":24,"insects":7},"sp":{"leaves":{"butterfly milkweed":1,"prairie violet":1,"tall blazing star":1},"flowers":{"tall blazing star":2}}},{"w":"2026-09-08","yes":{"leaves":6,"flowers":4,"fruits":1},"obs":{"leaves":16,"flowers":16,"fruits":23,"insects":7},"sp":{"leaves":{"tall blazing star":2,"butterfly milkweed":2,"prairie violet":2},"flowers":{"tall blazing star":4},"fruits":{"butterfly milkweed":1}}},{"w":"2026-09-01","yes":{"leaves":1,"flowers":2,"insects":1},"obs":{"leaves":32,"flowers":32,"fruits":48,"insects":7},"sp":{"leaves":{"prairie violet":1},"flowers":{"tall blazing star":2},"insects":{"monarch":1}}},{"w":"2026-08-18","yes":{"leaves":7,"flowers":3,"fruits":1,"insects":1},"obs":{"leaves":32,"flowers":32,"fruits":48,"insects":14},"sp":{"leaves":{"prairie violet":3,"butterfly milkweed":2,"tall blazing star":2},"flowers":{"tall blazing star":3},"fruits":{"butterfly milkweed":1},"insects":{"monarch":1}}}]}},{"type":"Feature","geometry":{"type":"Point","coordinates":[-71.25109,44.2555]},"properties":{"site":23532,"st":"NH","n":24,"classes":{"leaves":22,"fruits":2},"weeks":[{"w":"2026-09-29","yes":{"leaves":3},"obs":{"leaves":7,"flowers":6,"fruits":9},"sp":{"leaves":{"bluebead":1,"bunchberry dogwood":1,"painted trillium":1}}},{"w":"2026-09-22","yes":{"leaves":3},"obs":{"leaves":7,"flowers":6,"fruits":9},"sp":{"leaves":{"bluebead":1,"bunchberry dogwood":1,"painted trillium":1}}},{"w":"2026-09-15","yes":{"leaves":3},"obs":{"leaves":7,"flowers":6,"fruits":9},"sp":{"leaves":{"bluebead":1,"bunchberry dogwood":1,"painted trillium":1}}},{"w":"2026-09-08","yes":{"leaves":3},"obs":{"leaves":7,"flowers":6,"fruits":9},"sp":{"leaves":{"bluebead":1,"bunchberry dogwood":1,"painted trillium":1}}},{"w":"2026-09-01","yes":{"leaves":3},"obs":{"leaves":7,"flowers":6,"fruits":9},"sp":{"leaves":{"bluebead":1,"bunchberry dogwood":1,"painted trillium":1}}},{"w":"2026-08-25","yes":{"leaves":4},"obs":{"leaves":9,"flowers":8,"fruits":11},"sp":{"leaves":{"bluebead":1,"bunchberry dogwood":1,"Canada mayflower":1,"painted trillium":1}}},{"w":"2026-08-18","yes":{"leaves":3,"fruits":2},"obs":{"leaves":7,"flowers":6,"fruits":6},"sp":{"leaves":{"bluebead":1,"bunchberry dogwood":1,"painted trillium":1},"fruits":{"bunchberry dogwood":2}}}]}},{"type":"Feature","geometry":{"type":"Point","coordinates":[-71.25046,44.25589]},"properties":{"site":23533,"st":"NH","n":62,"classes":{"leaves":49,"fruits":13},"weeks":[{"w":"2026-09-29","yes":{"leaves":8},"obs":{"leaves":15,"flowers":8,"fruits":9},"sp":{"leaves":{"yellow birch":3,"red maple":3,"hobblebush":2}}},{"w":"2026-09-22","yes":{"leaves":7},"obs":{"leaves":17,"flowers":10,"fruits":12},"sp":{"leaves":{"hobblebush":2,"yellow birch":2,"red maple":2,"starflower":1}}},{"w":"2026-09-15","yes":{"leaves":8,"fruits":2},"obs":{"leaves":17,"flowers":10,"fruits":11},"sp":{"leaves":{"yellow birch":3,"red maple":2,"hobblebush":2,"starflower":1},"fruits":{"hobblebush":2}}},{"w":"2026-09-08","yes":{"leaves":6,"fruits":1},"obs":{"leaves":17,"flowers":10,"fruits":12},"sp":{"leaves":{"yellow birch":2,"hobblebush":2,"starflower":1,"red maple":1},"fruits":{"hobblebush":1}}},{"w":"2026-09-01","yes":{"leaves":6,"fruits":2},"obs":{"leaves":17,"flowers":10,"fruits":12},"sp":{"leaves":{"hobblebush":2,"yellow birch":2,"starflower":1,"red maple":1},"fruits":{"hobblebush":1,"starflower":1}}},{"w":"2026-08-25","yes":{"leaves":8,"fruits":5},"obs":{"leaves":19,"flowers":12,"fruits":15},"sp":{"leaves":{"hobblebush":2,"yellow birch":2,"red maple":2,"red trillium":1,"starflower":1},"fruits":{"red trillium":2,"starflower":2,"hobblebush":1}}},{"w":"2026-08-18","yes":{"leaves":6,"fruits":3},"obs":{"leaves":21,"flowers":14,"fruits":18},"sp":{"leaves":{"hobblebush":2,"red trillium":1,"starflower":1,"yellow birch":1,"red maple":1},"fruits":{"starflower":2,"red trillium":1}}}]}},{"type":"Feature","geometry":{"type":"Point","coordinates":[-105.92779,35.66492]},"properties":{"site":23738,"st":"NM","n":283,"classes":{"leaves":224,"fruits":55,"flowers":4},"weeks":[{"w":"2026-09-29","yes":{"leaves":25,"fruits":4},"obs":{"leaves":52,"flowers":28,"fruits":34},"sp":{"leaves":{"bigtooth maple":4,"stretchberry":4,"silver buffaloberry":3,"wax currant":3,"fragrant sumac":3},"fruits":{"tree cholla":2,"fragrant sumac":2}}},{"w":"2026-09-22","yes":{"leaves":26,"fruits":5},"obs":{"leaves":53,"flowers":28,"fruits":35},"sp":{"leaves":{"bigtooth maple":4,"stretchberry":4,"wax currant":3,"Gambel oak":3,"fragrant sumac":3},"fruits":{"fragrant sumac":2,"tree cholla":2,"silver buffaloberry":1}}},{"w":"2026-09-15","yes":{"leaves":48,"fruits":8},"obs":{"leaves":102,"flowers":56,"fruits":69},"sp":{"leaves":{"stretchberry":10,"fragrant sumac":6,"bigtooth maple":5,"silver buffaloberry":5,"alderleaf mountain-mahogany":5},"fruits":{"fragrant sumac":5,"silver buffaloberry":2,"tree cholla":1}}},{"w":"2026-09-08","yes":{"leaves":22,"fruits":6},"obs":{"leaves":53,"flowers":28,"fruits":33},"sp":{"leaves":{"stretchberry":4,"bigtooth maple":3,"fragrant sumac":3,"alderleaf mountain-mahogany":2,"eastern redbud":2},"fruits":{"tree cholla":2,"silver buffaloberry":2,"fragrant sumac":2}}},{"w":"2026-09-01","yes":{"leaves":46,"flowers":4,"fruits":12},"obs":{"leaves":106,"flowers":55,"fruits":70},"sp":{"leaves":{"stretchberry":10,"bigtooth maple":7,"alderleaf mountain-mahogany":5,"wax currant":5,"fragrant sumac":5},"flowers":{"silver buffaloberry":2,"eastern redbud":1,"eastern cottonwood":1},"fruits":{"fragrant sumac":4,"tree cholla":3,"Gambel oak":3,"silver buffaloberry":2}}},{"w":"2026-08-25","yes":{"leaves":21,"fruits":8},"obs":{"leaves":54,"flowers":28,"fruits":31},"sp":{"leaves":{"stretchberry":4,"bigtooth maple":3,"fragrant sumac":3,"alderleaf mountain-mahogany":2,"silver buffaloberry":2},"fruits":{"Gambel oak":3,"tree cholla":1,"silver buffaloberry":1,"fragrant sumac":1,"stretchberry":1}}},{"w":"2026-08-18","yes":{"leaves":36,"fruits":12},"obs":{"leaves":102,"flowers":54,"fruits":66},"sp":{"leaves":{"stretchberry":6,"fragrant sumac":5,"wax currant":4,"bigtooth maple":4,"eastern cottonwood":4},"fruits":{"fragrant sumac":4,"tree cholla":3,"Gambel oak":2,"stretchberry":2,"silver buffaloberry":1}}}]}},{"type":"Feature","geometry":{"type":"Point","coordinates":[-123.08236,39.00066]},"properties":{"site":23812,"st":"CA","n":14,"classes":{"leaves":11,"flowers":1,"fruits":2},"weeks":[{"w":"2026-08-25","yes":{"leaves":11,"flowers":1,"fruits":2},"obs":{"leaves":39,"flowers":36,"fruits":42},"sp":{"leaves":{"blue elderberry":6,"Oregon white oak":3,"California buckeye":2},"flowers":{"toyon":1},"fruits":{"Oregon white oak":1,"toyon":1}}}]}},{"type":"Feature","geometry":{"type":"Point","coordinates":[-81.05629,35.16935]},"properties":{"site":23828,"st":"NC","n":174,"classes":{"leaves":70,"flowers":35,"fruits":69},"weeks":[{"w":"2026-09-08","yes":{"leaves":12,"flowers":6,"fruits":11},"obs":{"leaves":71,"flowers":80,"fruits":117},"sp":{"leaves":{"white crownbeard":3,"bloodroot":2,"common comfrey":2,"star chickweed":1,"Canadian wildginger":1},"flowers":{"white crownbeard":6},"fruits":{"white crownbeard":9,"striped prince's pine":2}}},{"w":"2026-09-01","yes":{"leaves":11,"flowers":6,"fruits":5},"obs":{"leaves":69,"flowers":74,"fruits":108},"sp":{"leaves":{"white crownbeard":3,"striped prince's pine":2,"Canadian wildginger":2,"bloodroot":2,"Virginia heartleaf":1},"flowers":{"white crownbeard":6},"fruits":{"white crownbeard":5}}},{"w":"2026-08-25","yes":{"leaves":33,"flowers":18,"fruits":44},"obs":{"leaves":217,"flowers":243,"fruits":354},"sp":{"leaves":{"white crownbeard":9,"common comfrey":6,"Canadian wildginger":5,"striped prince's pine":5,"star chickweed":3},"flowers":{"white crownbeard":18},"fruits":{"white crownbeard":20,"common comfrey":18,"striped prince's pine":6}}},{"w":"2026-08-18","yes":{"leaves":14,"flowers":5,"fruits":9},"obs":{"leaves":70,"flowers":77,"fruits":113},"sp":{"leaves":{"white crownbeard":3,"star chickweed":2,"bloodroot":2,"common comfrey":2,"striped prince's pine":2},"flowers":{"white crownbeard":5},"fruits":{"white crownbeard":4,"common comfrey":3,"striped prince's pine":2}}}]}},{"type":"Feature","geometry":{"type":"Point","coordinates":[-123.0918,39.01812]},"properties":{"site":23838,"st":"CA","n":10,"classes":{"leaves":7,"fruits":3},"weeks":[{"w":"2026-08-25","yes":{"leaves":7,"fruits":3},"obs":{"leaves":22,"flowers":10,"fruits":12},"sp":{"leaves":{"California buckeye":4,"blue oak":3},"fruits":{"blue oak":2,"California buckeye":1}}}]}},{"type":"Feature","geometry":{"type":"Point","coordinates":[-123.09103,39.02097]},"properties":{"site":23985,"st":"CA","n":17,"classes":{"leaves":5,"flowers":2,"fruits":10},"weeks":[{"w":"2026-08-25","yes":{"leaves":5,"flowers":2,"fruits":10},"obs":{"leaves":19,"flowers":22,"fruits":31},"sp":{"leaves":{"orange bush monkeyflower":4,"California laurel":1},"flowers":{"California laurel":2},"fruits":{"orange bush monkeyflower":4,"toyon":3,"chamise":3}}}]}},{"type":"Feature","geometry":{"type":"Point","coordinates":[-73.96343,40.66508]},"properties":{"site":24164,"st":"NY","n":170,"classes":{"leaves":96,"fruits":74},"weeks":[{"w":"2026-09-08","yes":{"leaves":28,"fruits":22},"obs":{"leaves":80,"flowers":40,"fruits":48},"sp":{"leaves":{"American hornbeam":5,"hophornbeam":3,"northern spicebush":3,"American witchhazel":3,"red maple":2},"fruits":{"American hornbeam":5,"sugar maple":4,"eastern redbud":3,"hophornbeam":2,"northern spicebush":2}}},{"w":"2026-09-01","yes":{"leaves":24,"fruits":20},"obs":{"leaves":76,"flowers":38,"fruits":46},"sp":{"leaves":{"American hornbeam":4,"hophornbeam":3,"northern spicebush":3,"red maple":2,"sugar maple":2},"fruits":{"American hornbeam":5,"northern spicebush":3,"black locust":3,"hophornbeam":2,"sugar maple":2}}},{"w":"2026-08-25","yes":{"leaves":21,"fruits":17},"obs":{"leaves":80,"flowers":40,"fruits":46},"sp":{"leaves":{"American hornbeam":4,"sugar maple":2,"northern spicebush":2,"red maple":2,"American witchhazel":2},"fruits":{"sugar maple":4,"American hornbeam":3,"northern spicebush":2,"hophornbeam":2,"eastern redbud":1}}},{"w":"2026-08-18","yes":{"leaves":23,"fruits":15},"obs":{"leaves":80,"flowers":40,"fruits":48},"sp":{"leaves":{"American hornbeam":4,"red maple":3,"sugar maple":2,"northern spicebush":2,"American witchhazel":2},"fruits":{"sugar maple":4,"black locust":2,"hophornbeam":2,"eastern redbud":1,"northern spicebush":1}}}]}},{"type":"Feature","geometry":{"type":"Point","coordinates":[-111.84223,33.76149]},"properties":{"site":24702,"st":"AZ","n":218,"classes":{"leaves":66,"flowers":68,"fruits":82,"birds":2},"weeks":[{"w":"2026-10-06","yes":{"leaves":13,"flowers":12,"fruits":15},"obs":{"leaves":22,"flowers":51,"fruits":69,"birds":5},"sp":{"leaves":{"Coues' cassia":6,"velvet mesquite":4,"jojoba":3},"flowers":{"Coues' cassia":6,"California barrel cactus":3,"jojoba":3},"fruits":{"California barrel cactus":6,"Coues' cassia":6,"velvet mesquite":2,"buck-horn cholla":1}}},{"w":"2026-09-08","yes":{"leaves":12,"flowers":9,"fruits":16},"obs":{"leaves":21,"flowers":51,"fruits":71},"sp":{"leaves":{"velvet mesquite":6,"Coues' cassia":4,"jojoba":2},"flowers":{"California barrel cactus":5,"jojoba":3,"velvet mesquite":1},"fruits":{"Coues' cassia":6,"California barrel cactus":5,"jojoba":3,"velvet mesquite":1,"buck-horn cholla":1}}},{"w":"2026-09-01","yes":{"leaves":14,"flowers":17,"fruits":23,"birds":1},"obs":{"leaves":23,"flowers":55,"fruits":77,"birds":5},"sp":{"leaves":{"Coues' cassia":6,"velvet mesquite":5,"jojoba":3},"flowers":{"California barrel cactus":7,"jojoba":4,"Coues' cassia":3,"velvet mesquite":3},"fruits":{"California barrel cactus":10,"Coues' cassia":6,"buck-horn cholla":3,"jojoba":3,"velvet mesquite":1},"birds":{"white-winged dove":1}}},{"w":"2026-08-18","yes":{"leaves":27,"flowers":30,"fruits":28,"birds":1},"obs":{"leaves":44,"flowers":102,"fruits":143,"birds":5},"sp":{"leaves":{"velvet mesquite":11,"Coues' cassia":9,"jojoba":7},"flowers":{"Coues' cassia":11,"California barrel cactus":9,"velvet mesquite":5,"jojoba":3,"buck-horn cholla":2},"fruits":{"California barrel cactus":18,"Coues' cassia":5,"jojoba":5},"birds":{"white-winged dove":1}}}]}},{"type":"Feature","geometry":{"type":"Point","coordinates":[-111.85854,33.64935]},"properties":{"site":24703,"st":"AZ","n":198,"classes":{"leaves":15,"flowers":88,"fruits":95},"weeks":[{"w":"2026-10-06","yes":{"leaves":11,"flowers":22,"fruits":20},"obs":{"leaves":12,"flowers":89,"fruits":112,"birds":15},"sp":{"leaves":{"jojoba":11},"flowers":{"California barrel cactus":16,"jojoba":6},"fruits":{"California barrel cactus":20}}},{"w":"2026-09-29","yes":{"leaves":4,"flowers":11,"fruits":11},"obs":{"leaves":8,"flowers":60,"fruits":73,"birds":10},"sp":{"leaves":{"jojoba":4},"flowers":{"California barrel cactus":10,"jojoba":1},"fruits":{"California barrel cactus":11}}},{"w":"2026-09-22","yes":{"flowers":10,"fruits":12},"obs":{"leaves":8,"flowers":60,"fruits":73,"birds":10},"sp":{"flowers":{"California barrel cactus":10},"fruits":{"California barrel cactus":12}}},{"w":"2026-09-15","yes":{"flowers":6,"fruits":5},"obs":{"leaves":4,"flowers":30,"fruits":34,"birds":5},"sp":{"flowers":{"California barrel cactus":6},"fruits":{"California barrel cactus":5}}},{"w":"2026-09-08","yes":{"flowers":9,"fruits":14},"obs":{"leaves":8,"flowers":60,"fruits":68,"birds":10},"sp":{"flowers":{"California barrel cactus":9},"fruits":{"California barrel cactus":14}}},{"w":"2026-09-01","yes":{"flowers":10,"fruits":12},"obs":{"leaves":8,"flowers":60,"fruits":72,"birds":10},"sp":{"flowers":{"California barrel cactus":10},"fruits":{"California barrel cactus":12}}},{"w":"2026-08-25","yes":{"flowers":20,"fruits":21},"obs":{"leaves":12,"flowers":90,"fruits":113,"birds":15},"sp":{"flowers":{"California barrel cactus":18,"jojoba":2},"fruits":{"California barrel cactus":21}}}]}},{"type":"Feature","geometry":{"type":"Point","coordinates":[-111.81187,33.60045]},"properties":{"site":24705,"st":"AZ","n":216,"classes":{"leaves":42,"flowers":45,"fruits":127,"birds":2},"weeks":[{"w":"2026-10-06","yes":{"leaves":14,"flowers":11,"fruits":27},"obs":{"leaves":33,"flowers":75,"fruits":108,"birds":5},"sp":{"leaves":{"ocotillo":8,"jojoba":6},"flowers":{"California barrel cactus":9,"buck-horn cholla":2},"fruits":{"California barrel cactus":25,"buck-horn cholla":2}}},{"w":"2026-09-29","yes":{"leaves":3,"flowers":6,"fruits":9,"birds":1},"obs":{"leaves":17,"flowers":38,"fruits":50,"birds":1},"sp":{"leaves":{"ocotillo":2,"jojoba":1},"flowers":{"California barrel cactus":4,"jojoba":2},"fruits":{"California barrel cactus":7,"buck-horn cholla":2},"birds":{"white-winged dove":1}}},{"w":"2026-09-22","yes":{"leaves":4,"flowers":5,"fruits":12},"obs":{"leaves":16,"flowers":38,"fruits":56},"sp":{"leaves":{"ocotillo":4},"flowers":{"California barrel cactus":5},"fruits":{"California barrel cactus":12}}},{"w":"2026-09-15","yes":{"leaves":4,"flowers":2,"fruits":14},"obs":{"leaves":17,"flowers":38,"fruits":50,"birds":5},"sp":{"leaves":{"ocotillo":4},"flowers":{"California barrel cactus":2},"fruits":{"California barrel cactus":12,"buck-horn cholla":2}}},{"w":"2026-09-08","yes":{"leaves":4,"flowers":3,"fruits":13},"obs":{"leaves":17,"flowers":38,"fruits":55},"sp":{"leaves":{"ocotillo":4},"flowers":{"California barrel cactus":3},"fruits":{"California barrel cactus":12,"buck-horn cholla":1}}},{"w":"2026-09-01","yes":{"leaves":7,"flowers":9,"fruits":25},"obs":{"leaves":34,"flowers":76,"fruits":99,"birds":10},"sp":{"leaves":{"ocotillo":7},"flowers":{"California barrel cactus":9},"fruits":{"California barrel cactus":20,"buck-horn cholla":5}}},{"w":"2026-08-25","yes":{"leaves":4,"flowers":6,"fruits":15},"obs":{"leaves":17,"flowers":38,"fruits":56},"sp":{"leaves":{"ocotillo":4},"flowers":{"California barrel cactus":6},"fruits":{"California barrel cactus":14,"buck-horn cholla":1}}},{"w":"2026-08-18","yes":{"leaves":2,"flowers":3,"fruits":12,"birds":1},"obs":{"leaves":17,"flowers":38,"fruits":50,"birds":1},"sp":{"leaves":{"ocotillo":2},"flowers":{"California barrel cactus":3},"fruits":{"California barrel cactus":10,"buck-horn cholla":2},"birds":{"white-winged dove":1}}}]}},{"type":"Feature","geometry":{"type":"Point","coordinates":[-78.92394,38.42603]},"properties":{"site":25041,"st":"VA","n":88,"classes":{"leaves":23,"flowers":9,"birds":34,"fruits":12,"insects":10},"weeks":[{"w":"2026-10-06","yes":{"leaves":3,"flowers":2,"birds":6},"obs":{"leaves":11,"flowers":9,"fruits":9,"insects":16,"birds":68},"sp":{"leaves":{"American witchhazel":3},"flowers":{"American witchhazel":2},"birds":{"northern mockingbird":2,"blue jay":2,"northern cardinal":2}}},{"w":"2026-09-29","yes":{"leaves":3,"flowers":2,"fruits":1,"birds":4},"obs":{"leaves":13,"flowers":12,"fruits":9,"insects":16,"birds":68},"sp":{"leaves":{"American witchhazel":3},"flowers":{"American witchhazel":2},"fruits":{"common milkweed":1},"birds":{"American goldfinch":2,"blue jay":2}}},{"w":"2026-09-15","yes":{"leaves":4,"flowers":2,"fruits":2,"insects":2,"birds":7},"obs":{"leaves":13,"flowers":12,"fruits":9,"insects":16,"birds":68},"sp":{"leaves":{"American witchhazel":3,"common milkweed":1},"flowers":{"American witchhazel":2},"fruits":{"common milkweed":2},"insects":{"monarch":2},"birds":{"American goldfinch":2,"blue jay":2,"American crow":2,"mourning dove":1}}},{"w":"2026-09-08","yes":{"leaves":4,"flowers":2,"fruits":2,"insects":2,"birds":5},"obs":{"leaves":13,"flowers":12,"fruits":9,"insects":16,"birds":68},"sp":{"leaves":{"American witchhazel":3,"common milkweed":1},"flowers":{"American witchhazel":2},"fruits":{"common milkweed":2},"insects":{"monarch":2},"birds":{"northern cardinal":2,"American goldfinch":2,"blue jay":1}}},{"w":"2026-09-01","yes":{"leaves":4,"flowers":1,"fruits":3,"insects":2,"birds":3},"obs":{"leaves":13,"flowers":12,"fruits":9,"insects":16,"birds":68},"sp":{"leaves":{"American witchhazel":3,"common milkweed":1},"flowers":{"American witchhazel":1},"fruits":{"common milkweed":2,"American witchhazel":1},"insects":{"monarch":2},"birds":{"blue jay":2,"northern mockingbird":1}}},{"w":"2026-08-25","yes":{"leaves":5,"fruits":4,"insects":4,"birds":9},"obs":{"leaves":13,"flowers":12,"fruits":9,"insects":16,"birds":68},"sp":{"leaves":{"American witchhazel":3,"common milkweed":2},"fruits":{"common milkweed":3,"American witchhazel":1},"insects":{"monarch":4},"birds":{"northern cardinal":3,"American goldfinch":2,"blue jay":2,"northern mockingbird":1,"European starling":1}}}]}},{"type":"Feature","geometry":{"type":"Point","coordinates":[-89.93688,30.32165]},"properties":{"site":25151,"st":"LA","n":28,"classes":{"leaves":28},"weeks":[{"w":"2026-09-29","yes":{"leaves":14},"obs":{"leaves":35,"flowers":21,"fruits":21},"sp":{"leaves":{"red maple":14}}},{"w":"2026-09-08","yes":{"leaves":6},"obs":{"leaves":30,"flowers":18,"fruits":18},"sp":{"leaves":{"red maple":6}}},{"w":"2026-08-25","yes":{"leaves":8},"obs":{"leaves":35,"flowers":21,"fruits":21},"sp":{"leaves":{"red maple":8}}}]}},{"type":"Feature","geometry":{"type":"Point","coordinates":[-88.4276,30.4311]},"properties":{"site":25160,"st":"MS","n":40,"classes":{"leaves":27,"flowers":13},"weeks":[{"w":"2026-10-06","yes":{"leaves":6,"flowers":5},"obs":{"leaves":20,"flowers":21,"fruits":30,"birds":15},"sp":{"leaves":{"variableleaf sunflower":3,"little bluestem":2,"Le Conte's thistle":1},"flowers":{"variableleaf sunflower":3,"Le Conte's thistle":2}}},{"w":"2026-09-29","yes":{"leaves":8,"flowers":5},"obs":{"leaves":21,"flowers":23,"fruits":30,"birds":15},"sp":{"leaves":{"variableleaf sunflower":4,"Le Conte's thistle":2,"little bluestem":2},"flowers":{"little bluestem":2,"variableleaf sunflower":2,"Le Conte's thistle":1}}},{"w":"2026-09-08","yes":{"leaves":8,"flowers":1},"obs":{"leaves":21,"flowers":23,"fruits":30,"birds":24},"sp":{"leaves":{"variableleaf sunflower":4,"little bluestem":2,"Le Conte's thistle":2},"flowers":{"Le Conte's thistle":1}}},{"w":"2026-09-01","yes":{"leaves":5,"flowers":2},"obs":{"leaves":20,"flowers":23,"fruits":30,"birds":15},"sp":{"leaves":{"variableleaf sunflower":2,"little bluestem":2,"Le Conte's thistle":1},"flowers":{"little bluestem":1,"Le Conte's thistle":1}}}]}},{"type":"Feature","geometry":{"type":"Point","coordinates":[-89.93597,30.32005]},"properties":{"site":25168,"st":"LA","n":11,"classes":{"leaves":5,"fruits":6},"weeks":[{"w":"2026-09-29","yes":{"leaves":3,"fruits":2},"obs":{"leaves":11,"flowers":8,"fruits":11},"sp":{"leaves":{"black cherry":3},"fruits":{"southern magnolia":2}}},{"w":"2026-09-08","yes":{"leaves":1,"fruits":2},"obs":{"leaves":11,"flowers":8,"fruits":12},"sp":{"leaves":{"black cherry":1},"fruits":{"southern magnolia":2}}},{"w":"2026-08-25","yes":{"leaves":1,"fruits":2},"obs":{"leaves":11,"flowers":8,"fruits":12},"sp":{"leaves":{"black cherry":1},"fruits":{"southern magnolia":2}}}]}},{"type":"Feature","geometry":{"type":"Point","coordinates":[-88.43063,30.4291]},"properties":{"site":25174,"st":"MS","n":10,"classes":{"leaves":8,"flowers":2},"weeks":[{"w":"2026-10-06","yes":{"leaves":1,"flowers":1},"obs":{"leaves":10,"flowers":6,"fruits":5,"birds":18},"sp":{"leaves":{"eastern baccharis":1},"flowers":{"eastern baccharis":1}}},{"w":"2026-09-29","yes":{"leaves":1,"flowers":1},"obs":{"leaves":5,"flowers":3,"fruits":3,"birds":23},"sp":{"leaves":{"eastern baccharis":1},"flowers":{"eastern baccharis":1}}},{"w":"2026-09-08","yes":{"leaves":4},"obs":{"leaves":30,"flowers":15,"fruits":21,"birds":65},"sp":{"leaves":{"eastern baccharis":4}}},{"w":"2026-09-01","yes":{"leaves":2},"obs":{"leaves":10,"flowers":5,"fruits":5,"birds":23},"sp":{"leaves":{"eastern baccharis":2}}}]}},{"type":"Feature","geometry":{"type":"Point","coordinates":[-87.69919,41.91392]},"properties":{"site":25183,"st":"IL","n":40,"classes":{"leaves":38,"flowers":2},"weeks":[{"w":"2026-08-18","yes":{"leaves":38,"flowers":2},"obs":{"leaves":79,"flowers":36,"fruits":45},"sp":{"leaves":{"Autumn Brilliance serviceberry":36,"Red Rothomagensis lilac":2},"flowers":{"Red Rothomagensis lilac":2}}}]}},{"type":"Feature","geometry":{"type":"Point","coordinates":[-87.70707,41.9138]},"properties":{"site":25194,"st":"IL","n":71,"classes":{"leaves":71},"weeks":[{"w":"2026-10-06","yes":{"leaves":18},"obs":{"leaves":60,"flowers":24,"fruits":36},"sp":{"leaves":{"Autumn Brilliance serviceberry":18}}},{"w":"2026-09-22","yes":{"leaves":12},"obs":{"leaves":60,"flowers":24,"fruits":36},"sp":{"leaves":{"Autumn Brilliance serviceberry":12}}},{"w":"2026-09-08","yes":{"leaves":15},"obs":{"leaves":60,"flowers":23,"fruits":34},"sp":{"leaves":{"Autumn Brilliance serviceberry":15}}},{"w":"2026-08-25","yes":{"leaves":12},"obs":{"leaves":60,"flowers":24,"fruits":36},"sp":{"leaves":{"Autumn Brilliance serviceberry":12}}},{"w":"2026-08-18","yes":{"leaves":14},"obs":{"leaves":60,"flowers":24,"fruits":36},"sp":{"leaves":{"Autumn Brilliance serviceberry":14}}}]}},{"type":"Feature","geometry":{"type":"Point","coordinates":[-87.70285,41.9138]},"properties":{"site":25196,"st":"IL","n":69,"classes":{"leaves":66,"flowers":3},"weeks":[{"w":"2026-09-15","yes":{"leaves":28,"flowers":1},"obs":{"leaves":52,"flowers":23,"fruits":30},"sp":{"leaves":{"Autumn Brilliance serviceberry":27,"Red Rothomagensis lilac":1},"flowers":{"Red Rothomagensis lilac":1}}},{"w":"2026-09-08","yes":{"leaves":20,"flowers":1},"obs":{"leaves":52,"flowers":23,"fruits":30},"sp":{"leaves":{"Autumn Brilliance serviceberry":19,"Red Rothomagensis lilac":1},"flowers":{"Red Rothomagensis lilac":1}}},{"w":"2026-08-25","yes":{"leaves":18,"flowers":1},"obs":{"leaves":52,"flowers":23,"fruits":30},"sp":{"leaves":{"Autumn Brilliance serviceberry":17,"Red Rothomagensis lilac":1},"flowers":{"Red Rothomagensis lilac":1}}}]}},{"type":"Feature","geometry":{"type":"Point","coordinates":[-87.69563,41.91385]},"properties":{"site":25426,"st":"IL","n":71,"classes":{"leaves":65,"flowers":6},"weeks":[{"w":"2026-10-06","yes":{"leaves":29,"flowers":3},"obs":{"leaves":71,"flowers":35,"fruits":39},"sp":{"leaves":{"Autumn Brilliance serviceberry":26,"Red Rothomagensis lilac":3},"flowers":{"Red Rothomagensis lilac":3}}},{"w":"2026-08-18","yes":{"leaves":36,"flowers":3},"obs":{"leaves":71,"flowers":35,"fruits":39},"sp":{"leaves":{"Autumn Brilliance serviceberry":33,"Red Rothomagensis lilac":3},"flowers":{"Red Rothomagensis lilac":3}}}]}},{"type":"Feature","geometry":{"type":"Point","coordinates":[-87.68881,41.91392]},"properties":{"site":25427,"st":"IL","n":129,"classes":{"leaves":115,"flowers":14},"weeks":[{"w":"2026-10-06","yes":{"leaves":21,"flowers":2},"obs":{"leaves":49,"flowers":24,"fruits":27},"sp":{"leaves":{"Autumn Brilliance serviceberry":19,"Red Rothomagensis lilac":2},"flowers":{"Red Rothomagensis lilac":2}}},{"w":"2026-09-29","yes":{"leaves":22,"flowers":2},"obs":{"leaves":54,"flowers":26,"fruits":30},"sp":{"leaves":{"Autumn Brilliance serviceberry":20,"Red Rothomagensis lilac":2},"flowers":{"Red Rothomagensis lilac":2}}},{"w":"2026-09-22","yes":{"leaves":20,"flowers":2},"obs":{"leaves":54,"flowers":26,"fruits":30},"sp":{"leaves":{"Autumn Brilliance serviceberry":18,"Red Rothomagensis lilac":2},"flowers":{"Red Rothomagensis lilac":2}}},{"w":"2026-09-15","yes":{"leaves":13,"flowers":2},"obs":{"leaves":54,"flowers":26,"fruits":30},"sp":{"leaves":{"Autumn Brilliance serviceberry":11,"Red Rothomagensis lilac":2},"flowers":{"Red Rothomagensis lilac":2}}},{"w":"2026-09-08","yes":{"leaves":15,"flowers":2},"obs":{"leaves":54,"flowers":26,"fruits":30},"sp":{"leaves":{"Autumn Brilliance serviceberry":13,"Red Rothomagensis lilac":2},"flowers":{"Red Rothomagensis lilac":2}}},{"w":"2026-09-01","yes":{"leaves":12,"flowers":2},"obs":{"leaves":50,"flowers":24,"fruits":27},"sp":{"leaves":{"Autumn Brilliance serviceberry":10,"Red Rothomagensis lilac":2},"flowers":{"Red Rothomagensis lilac":2}}},{"w":"2026-08-18","yes":{"leaves":12,"flowers":2},"obs":{"leaves":53,"flowers":24,"fruits":30},"sp":{"leaves":{"Autumn Brilliance serviceberry":10,"Red Rothomagensis lilac":2},"flowers":{"Red Rothomagensis lilac":2}}}]}},{"type":"Feature","geometry":{"type":"Point","coordinates":[-87.68326,41.91399]},"properties":{"site":25428,"st":"IL","n":204,"classes":{"leaves":190,"flowers":14},"weeks":[{"w":"2026-09-29","yes":{"leaves":25,"flowers":2},"obs":{"leaves":64,"flowers":30,"fruits":36},"sp":{"leaves":{"Autumn Brilliance serviceberry":25},"flowers":{"Red Rothomagensis lilac":2}}},{"w":"2026-09-22","yes":{"leaves":22,"flowers":2},"obs":{"leaves":64,"flowers":30,"fruits":36},"sp":{"leaves":{"Autumn Brilliance serviceberry":22},"flowers":{"Red Rothomagensis lilac":2}}},{"w":"2026-09-15","yes":{"leaves":28,"flowers":2},"obs":{"leaves":64,"flowers":30,"fruits":36},"sp":{"leaves":{"Autumn Brilliance serviceberry":28},"flowers":{"Red Rothomagensis lilac":2}}},{"w":"2026-09-08","yes":{"leaves":27,"flowers":2},"obs":{"leaves":64,"flowers":30,"fruits":36},"sp":{"leaves":{"Autumn Brilliance serviceberry":27},"flowers":{"Red Rothomagensis lilac":2}}},{"w":"2026-09-01","yes":{"leaves":57,"flowers":4},"obs":{"leaves":128,"flowers":60,"fruits":72},"sp":{"leaves":{"Autumn Brilliance serviceberry":57},"flowers":{"Red Rothomagensis lilac":4}}},{"w":"2026-08-25","yes":{"leaves":31,"flowers":2},"obs":{"leaves":64,"flowers":30,"fruits":36},"sp":{"leaves":{"Autumn Brilliance serviceberry":29,"Red Rothomagensis lilac":2},"flowers":{"Red Rothomagensis lilac":2}}}]}},{"type":"Feature","geometry":{"type":"Point","coordinates":[-87.6779,41.91426]},"properties":{"site":25431,"st":"IL","n":100,"classes":{"leaves":100},"weeks":[{"w":"2026-09-29","yes":{"leaves":21},"obs":{"leaves":55,"flowers":22,"fruits":33},"sp":{"leaves":{"Autumn Brilliance serviceberry":21}}},{"w":"2026-09-22","yes":{"leaves":11},"obs":{"leaves":55,"flowers":22,"fruits":33},"sp":{"leaves":{"Autumn Brilliance serviceberry":11}}},{"w":"2026-09-08","yes":{"leaves":28},"obs":{"leaves":55,"flowers":22,"fruits":33},"sp":{"leaves":{"Autumn Brilliance serviceberry":28}}},{"w":"2026-09-01","yes":{"leaves":14},"obs":{"leaves":55,"flowers":22,"fruits":33},"sp":{"leaves":{"Autumn Brilliance serviceberry":14}}},{"w":"2026-08-25","yes":{"leaves":15},"obs":{"leaves":45,"flowers":18,"fruits":27},"sp":{"leaves":{"Autumn Brilliance serviceberry":15}}},{"w":"2026-08-18","yes":{"leaves":11},"obs":{"leaves":55,"flowers":22,"fruits":33},"sp":{"leaves":{"Autumn Brilliance serviceberry":11}}}]}},{"type":"Feature","geometry":{"type":"Point","coordinates":[-87.67603,41.91417]},"properties":{"site":25432,"st":"IL","n":73,"classes":{"leaves":68,"flowers":5},"weeks":[{"w":"2026-10-06","yes":{"leaves":21,"flowers":1},"obs":{"leaves":57,"flowers":25,"fruits":33},"sp":{"leaves":{"Autumn Brilliance serviceberry":21},"flowers":{"Red Rothomagensis lilac":1}}},{"w":"2026-09-29","yes":{"leaves":12,"flowers":1},"obs":{"leaves":57,"flowers":25,"fruits":33},"sp":{"leaves":{"Autumn Brilliance serviceberry":12},"flowers":{"Red Rothomagensis lilac":1}}},{"w":"2026-09-22","yes":{"leaves":12,"flowers":1},"obs":{"leaves":57,"flowers":25,"fruits":33},"sp":{"leaves":{"Autumn Brilliance serviceberry":12},"flowers":{"Red Rothomagensis lilac":1}}},{"w":"2026-09-08","yes":{"leaves":11,"flowers":1},"obs":{"leaves":57,"flowers":25,"fruits":33},"sp":{"leaves":{"Autumn Brilliance serviceberry":11},"flowers":{"Red Rothomagensis lilac":1}}},{"w":"2026-09-01","yes":{"leaves":12,"flowers":1},"obs":{"leaves":57,"flowers":25,"fruits":33},"sp":{"leaves":{"Autumn Brilliance serviceberry":11,"Red Rothomagensis lilac":1},"flowers":{"Red Rothomagensis lilac":1}}}]}},{"type":"Feature","geometry":{"type":"Point","coordinates":[-87.67196,41.91423]},"properties":{"site":25433,"st":"IL","n":137,"classes":{"leaves":132,"flowers":5},"weeks":[{"w":"2026-09-29","yes":{"leaves":23,"flowers":1},"obs":{"leaves":62,"flowers":27,"fruits":36},"sp":{"leaves":{"Autumn Brilliance serviceberry":22,"Red Rothomagensis lilac":1},"flowers":{"Red Rothomagensis lilac":1}}},{"w":"2026-09-22","yes":{"leaves":17,"flowers":1},"obs":{"leaves":72,"flowers":31,"fruits":42},"sp":{"leaves":{"Autumn Brilliance serviceberry":16,"Red Rothomagensis lilac":1},"flowers":{"Red Rothomagensis lilac":1}}},{"w":"2026-09-15","yes":{"leaves":29,"flowers":1},"obs":{"leaves":134,"flowers":58,"fruits":78},"sp":{"leaves":{"Autumn Brilliance serviceberry":27,"Red Rothomagensis lilac":2},"flowers":{"Red Rothomagensis lilac":1}}},{"w":"2026-09-01","yes":{"leaves":16},"obs":{"leaves":67,"flowers":29,"fruits":39},"sp":{"leaves":{"Autumn Brilliance serviceberry":15,"Red Rothomagensis lilac":1}}},{"w":"2026-08-25","yes":{"leaves":19,"flowers":1},"obs":{"leaves":72,"flowers":31,"fruits":42},"sp":{"leaves":{"Autumn Brilliance serviceberry":18,"Red Rothomagensis lilac":1},"flowers":{"Red Rothomagensis lilac":1}}},{"w":"2026-08-18","yes":{"leaves":28,"flowers":1},"obs":{"leaves":134,"flowers":57,"fruits":78},"sp":{"leaves":{"Autumn Brilliance serviceberry":26,"Red Rothomagensis lilac":2},"flowers":{"Red Rothomagensis lilac":1}}}]}},{"type":"Feature","geometry":{"type":"Point","coordinates":[-87.66895,41.91427]},"properties":{"site":25434,"st":"IL","n":105,"classes":{"leaves":100,"flowers":5},"weeks":[{"w":"2026-10-06","yes":{"leaves":34,"flowers":2},"obs":{"leaves":89,"flowers":39,"fruits":51},"sp":{"leaves":{"Autumn Brilliance serviceberry":34},"flowers":{"Red Rothomagensis lilac":2}}},{"w":"2026-09-22","yes":{"leaves":12,"flowers":1},"obs":{"leaves":61,"flowers":27,"fruits":36},"sp":{"leaves":{"Autumn Brilliance serviceberry":12},"flowers":{"Red Rothomagensis lilac":1}}},{"w":"2026-09-15","yes":{"leaves":14},"obs":{"leaves":62,"flowers":27,"fruits":36},"sp":{"leaves":{"Autumn Brilliance serviceberry":14}}},{"w":"2026-09-08","yes":{"leaves":25,"flowers":1},"obs":{"leaves":62,"flowers":27,"fruits":36},"sp":{"leaves":{"Autumn Brilliance serviceberry":24,"Red Rothomagensis lilac":1},"flowers":{"Red Rothomagensis lilac":1}}},{"w":"2026-08-18","yes":{"leaves":15,"flowers":1},"obs":{"leaves":62,"flowers":27,"fruits":36},"sp":{"leaves":{"Autumn Brilliance serviceberry":15},"flowers":{"Red Rothomagensis lilac":1}}}]}},{"type":"Feature","geometry":{"type":"Point","coordinates":[-77.35706,38.92087]},"properties":{"site":25686,"st":"VA","n":30,"classes":{"leaves":14,"fruits":16},"weeks":[{"w":"2026-09-22","yes":{"leaves":6,"fruits":6},"obs":{"leaves":10,"flowers":4,"fruits":6},"sp":{"leaves":{"flowering dogwood":6},"fruits":{"flowering dogwood":6}}},{"w":"2026-09-15","yes":{"leaves":4,"fruits":6},"obs":{"leaves":12,"flowers":7,"fruits":6},"sp":{"leaves":{"flowering dogwood":4},"fruits":{"flowering dogwood":6}}},{"w":"2026-08-25","yes":{"leaves":4,"fruits":4},"obs":{"leaves":12,"flowers":7,"fruits":6},"sp":{"leaves":{"flowering dogwood":3,"Red Rothomagensis lilac":1},"fruits":{"flowering dogwood":4}}}]}},{"type":"Feature","geometry":{"type":"Point","coordinates":[-82.44621,35.6084]},"properties":{"site":25886,"st":"NC","n":452,"classes":{"leaves":341,"flowers":6,"fruits":105},"weeks":[{"w":"2026-09-29","yes":{"leaves":89,"flowers":2,"fruits":27},"obs":{"leaves":200,"flowers":98,"fruits":114},"sp":{"leaves":{"black cherry":12,"hophornbeam":9,"American hornbeam":9,"common serviceberry":8,"northern spicebush":8},"flowers":{"flowering dogwood":1,"northern spicebush":1},"fruits":{"hophornbeam":5,"boxelder":4,"northern spicebush":4,"American basswood":3,"American hornbeam":3}}},{"w":"2026-09-22","yes":{"leaves":105,"flowers":3,"fruits":26},"obs":{"leaves":205,"flowers":102,"fruits":121},"sp":{"leaves":{"black cherry":15,"hophornbeam":9,"red maple":9,"common serviceberry":9,"American hornbeam":9},"flowers":{"northern spicebush":2,"flowering dogwood":1},"fruits":{"American hornbeam":5,"yellow buckeye":4,"boxelder":4,"northern spicebush":4,"blackhaw":3}}},{"w":"2026-09-15","yes":{"leaves":78,"flowers":1,"fruits":30},"obs":{"leaves":195,"flowers":100,"fruits":120},"sp":{"leaves":{"common serviceberry":9,"black cherry":8,"hophornbeam":8,"American hornbeam":7,"red maple":7},"flowers":{"northern spicebush":1},"fruits":{"American hornbeam":6,"boxelder":4,"black cherry":4,"yellow buckeye":4,"blackhaw":3}}},{"w":"2026-09-08","yes":{"leaves":69,"fruits":22},"obs":{"leaves":205,"flowers":102,"fruits":123},"sp":{"leaves":{"black cherry":9,"hophornbeam":9,"common serviceberry":7,"American hornbeam":6,"tuliptree":5},"fruits":{"American hornbeam":6,"northern spicebush":5,"yellow buckeye":4,"blackhaw":3,"boxelder":2}}}]}},{"type":"Feature","geometry":{"type":"Point","coordinates":[-89.88049,30.05377]},"properties":{"site":25901,"st":"LA","n":61,"classes":{"leaves":46,"flowers":7,"fruits":7,"insects":1},"weeks":[{"w":"2026-09-29","yes":{"leaves":46,"flowers":7,"fruits":7,"insects":1},"obs":{"leaves":134,"flowers":76,"fruits":81,"insects":14,"birds":14},"sp":{"leaves":{"red maple":12,"bald cypress":7,"American elm":6,"common hackberry":6,"sweetgum":4},"flowers":{"eastern baccharis":3,"sweetgum":2,"bald cypress":2},"fruits":{"sweetgum":2,"bald cypress":2,"common hackberry":2,"common persimmon":1},"insects":{"gulf fritillary":1}}}]}},{"type":"Feature","geometry":{"type":"Point","coordinates":[-88.65552,30.45158]},"properties":{"site":26079,"st":"MS","n":34,"classes":{"leaves":25,"flowers":3,"fruits":2,"birds":4},"weeks":[{"w":"2026-10-06","yes":{"leaves":8,"flowers":1,"fruits":1},"obs":{"leaves":45,"flowers":27,"fruits":36},"sp":{"leaves":{"sweetbay":2,"red maple":2,"mountain azalea":2,"yellow trumpets":1,"eastern baccharis":1},"flowers":{"eastern baccharis":1},"fruits":{"yaupon":1}}},{"w":"2026-09-22","yes":{"leaves":9,"flowers":2,"fruits":1,"birds":2},"obs":{"leaves":47,"flowers":29,"fruits":39,"birds":21},"sp":{"leaves":{"sweetbay":2,"red maple":2,"mountain azalea":2,"yellow trumpets":1,"eastern baccharis":1},"flowers":{"tall blazing star":2},"fruits":{"yaupon":1},"birds":{"eastern bluebird":1,"sandhill crane":1}}},{"w":"2026-09-01","yes":{"leaves":8,"birds":2},"obs":{"leaves":45,"flowers":27,"fruits":36,"birds":23},"sp":{"leaves":{"red maple":2,"mountain azalea":2,"sweetbay":2,"yellow trumpets":1,"eastern baccharis":1},"birds":{"sandhill crane":2}}}]}},{"type":"Feature","geometry":{"type":"Point","coordinates":[-74.36138,41.67063]},"properties":{"site":26843,"st":"NY","n":54,"classes":{"leaves":34,"flowers":3,"fruits":17},"weeks":[{"w":"2026-09-29","yes":{"leaves":22,"flowers":3,"fruits":8},"obs":{"leaves":68,"flowers":43,"fruits":57},"sp":{"leaves":{"American witchhazel":6,"highbush blueberry":6,"red maple":5,"American mountain ash":3,"sheep laurel":2},"flowers":{"American witchhazel":3},"fruits":{"pitch pine":4,"sheep laurel":2,"mountain laurel":1,"highbush blueberry":1}}},{"w":"2026-09-08","yes":{"leaves":12,"fruits":9},"obs":{"leaves":56,"flowers":38,"fruits":48},"sp":{"leaves":{"highbush blueberry":5,"red maple":4,"common milkweed":1,"American witchhazel":1,"American mountain ash":1},"fruits":{"pitch pine":4,"highbush blueberry":3,"sheep laurel":2}}}]}},{"type":"Feature","geometry":{"type":"Point","coordinates":[-75.34051,40.12861]},"properties":{"site":26897,"st":"PA","n":799,"classes":{"leaves":102,"fruits":197,"insects":196,"birds":234,"flowers":70},"weeks":[{"w":"2026-10-06","yes":{"leaves":11,"fruits":19,"insects":21,"birds":11},"obs":{"leaves":16,"fruits":23,"insects":27,"birds":39},"sp":{"leaves":{"eastern redbud":7,"eastern purple coneflower":4},"fruits":{"eastern redbud":10,"eastern purple coneflower":9},"insects":{"bumblebee":12,"cabbage white":5,"eastern carpenter bee":4},"birds":{"American crow":6,"blue jay":3,"northern cardinal":2}}},{"w":"2026-09-29","yes":{"leaves":12,"fruits":26,"insects":5,"birds":8},"obs":{"leaves":23,"fruits":29,"insects":9,"birds":27},"sp":{"leaves":{"eastern redbud":7,"eastern purple coneflower":5},"fruits":{"eastern redbud":14,"eastern purple coneflower":12},"insects":{"bumblebee":2,"eastern carpenter bee":2,"cabbage white":1},"birds":{"blue jay":4,"ruby-throated hummingbird":2,"American crow":2}}},{"w":"2026-09-22","yes":{"leaves":9,"fruits":20,"insects":19,"birds":24},"obs":{"leaves":22,"flowers":6,"fruits":27,"insects":22,"birds":80},"sp":{"leaves":{"eastern redbud":5,"eastern purple coneflower":4},"fruits":{"eastern redbud":12,"eastern purple coneflower":8},"insects":{"bumblebee":9,"cabbage white":7,"eastern carpenter bee":3},"birds":{"blue jay":10,"Carolina wren":6,"American crow":4,"northern cardinal":2,"mourning dove":1}}},{"w":"2026-09-15","yes":{"leaves":14,"flowers":14,"fruits":28,"insects":31,"birds":30},"obs":{"leaves":33,"flowers":14,"fruits":42,"insects":39,"birds":92},"sp":{"leaves":{"eastern purple coneflower":7,"eastern redbud":7},"flowers":{"eastern purple coneflower":14},"fruits":{"eastern purple coneflower":14,"eastern redbud":14},"insects":{"bumblebee":17,"cabbage white":9,"eastern carpenter bee":5},"birds":{"blue jay":10,"northern cardinal":8,"American crow":4,"song sparrow":3,"ruby-throated hummingbird":3}}},{"w":"2026-09-08","yes":{"leaves":14,"flowers":14,"fruits":30,"insects":28,"birds":36},"obs":{"leaves":28,"flowers":14,"fruits":40,"insects":35,"birds":119},"sp":{"leaves":{"eastern redbud":7,"eastern purple coneflower":7},"flowers":{"eastern purple coneflower":14},"fruits":{"eastern redbud":15,"eastern purple coneflower":15},"insects":{"bumblebee":17,"cabbage white":7,"eastern carpenter bee":2,"monarch":2},"birds":{"northern cardinal":12,"blue jay":8,"American crow":4,"American goldfinch":3,"Carolina wren":3}}},{"w":"2026-09-01","yes":{"leaves":14,"flowers":14,"fruits":29,"insects":37,"birds":25},"obs":{"leaves":28,"flowers":14,"fruits":42,"insects":50,"birds":70},"sp":{"leaves":{"eastern purple coneflower":7,"eastern redbud":7},"flowers":{"eastern purple coneflower":14},"fruits":{"eastern redbud":15,"eastern purple coneflower":14},"insects":{"bumblebee":17,"eastern carpenter bee":16,"cabbage white":4},"birds":{"American crow":8,"northern cardinal":4,"mourning dove":3,"Carolina wren":3,"blue jay":2}}},{"w":"2026-08-25","yes":{"leaves":14,"flowers":14,"fruits":24,"insects":30,"birds":40},"obs":{"leaves":28,"flowers":14,"fruits":33,"insects":46,"birds":109},"sp":{"leaves":{"eastern purple coneflower":7,"eastern redbud":7},"flowers":{"eastern purple coneflower":14},"fruits":{"eastern purple coneflower":15,"eastern redbud":9},"insects":{"bumblebee":13,"eastern carpenter bee":12,"cabbage white":4,"monarch":1},"birds":{"American crow":9,"song sparrow":8,"mourning dove":6,"northern cardinal":6,"blue jay":4}}},{"w":"2026-08-18","yes":{"leaves":14,"flowers":14,"fruits":21,"insects":25,"birds":60},"obs":{"leaves":28,"flowers":14,"fruits":31,"insects":41,"birds":146},"sp":{"leaves":{"eastern purple coneflower":7,"eastern redbud":7},"flowers":{"eastern purple coneflower":14},"fruits":{"eastern purple coneflower":14,"eastern redbud":7},"insects":{"bumblebee":10,"cabbage white":8,"eastern carpenter bee":4,"monarch":3},"birds":{"northern cardinal":20,"American crow":13,"Carolina wren":9,"mourning dove":6,"song sparrow":5}}}]}},{"type":"Feature","geometry":{"type":"Point","coordinates":[-70.81021,43.41359]},"properties":{"site":27026,"st":"ME","n":21,"classes":{"insects":4,"birds":17},"weeks":[{"w":"2026-09-22","yes":{"insects":4,"birds":17},"obs":{"leaves":4,"flowers":6,"insects":7,"birds":36},"sp":{"insects":{"monarch":4},"birds":{"ruby-throated hummingbird":7,"northern cardinal":6,"American robin":4}}}]}},{"type":"Feature","geometry":{"type":"Point","coordinates":[-70.81021,43.41359]},"properties":{"site":27030,"st":"ME","n":3,"classes":{"fruits":3},"weeks":[{"w":"2026-09-22","yes":{"fruits":3},"obs":{"leaves":2,"flowers":2,"fruits":3},"sp":{"fruits":{"whorled milkweed":3}}}]}},{"type":"Feature","geometry":{"type":"Point","coordinates":[-122.39472,38.03709]},"properties":{"site":27407,"st":"CA","n":118,"classes":{"birds":118},"weeks":[{"w":"2026-09-29","yes":{"birds":29},"obs":{"birds":59},"sp":{"birds":{"Anna's hummingbird":4,"white-crowned sparrow":4,"lesser goldfinch":4,"black phoebe":4,"black-bellied plover":3}}},{"w":"2026-09-15","yes":{"birds":21},"obs":{"birds":59},"sp":{"birds":{"black phoebe":4,"killdeer":3,"mallard":3,"black-bellied plover":3,"belted kingfisher":3}}},{"w":"2026-09-08","yes":{"birds":19},"obs":{"birds":59},"sp":{"birds":{"black phoebe":4,"killdeer":3,"mallard":3,"black-bellied plover":2,"willet":2}}},{"w":"2026-09-01","yes":{"birds":20},"obs":{"birds":59},"sp":{"birds":{"black phoebe":4,"black-bellied plover":3,"belted kingfisher":3,"killdeer":3,"willet":2}}},{"w":"2026-08-25","yes":{"birds":18},"obs":{"birds":59},"sp":{"birds":{"black phoebe":4,"killdeer":3,"mallard":3,"black-bellied plover":3,"belted kingfisher":2}}},{"w":"2026-08-18","yes":{"birds":11},"obs":{"birds":59},"sp":{"birds":{"black-bellied plover":3,"willet":3,"mallard":3,"belted kingfisher":1,"mourning dove":1}}}]}},{"type":"Feature","geometry":{"type":"Point","coordinates":[-83.86659,35.95719]},"properties":{"site":27567,"st":"TN","n":44,"classes":{"leaves":44},"weeks":[{"w":"2026-10-06","yes":{"leaves":20},"obs":{"leaves":35,"flowers":19,"fruits":21},"sp":{"leaves":{"American basswood":3,"mockernut hickory":3,"common hackberry":3,"northern spicebush":3,"Carolina silverbell":3}}},{"w":"2026-09-29","yes":{"leaves":10},"obs":{"leaves":35,"flowers":19,"fruits":21},"sp":{"leaves":{"northern spicebush":2,"Carolina silverbell":2,"sugar maple":2,"American basswood":1,"mockernut hickory":1}}},{"w":"2026-09-22","yes":{"leaves":7},"obs":{"leaves":35,"flowers":19,"fruits":21},"sp":{"leaves":{"American basswood":1,"mockernut hickory":1,"common hackberry":1,"northern spicebush":1,"white oak":1}}},{"w":"2026-09-01","yes":{"leaves":7},"obs":{"leaves":35,"flowers":19,"fruits":21},"sp":{"leaves":{"American basswood":1,"mockernut hickory":1,"common hackberry":1,"northern spicebush":1,"white oak":1}}}]}},{"type":"Feature","geometry":{"type":"Point","coordinates":[-83.87024,35.95714]},"properties":{"site":27570,"st":"TN","n":44,"classes":{"leaves":38,"fruits":6},"weeks":[{"w":"2026-09-29","yes":{"leaves":11,"fruits":2},"obs":{"leaves":33,"flowers":19,"fruits":19},"sp":{"leaves":{"sugar maple":3,"mockernut hickory":2,"American beech":2,"tuliptree":2,"northern red oak":1},"fruits":{"tuliptree":2}}},{"w":"2026-09-22","yes":{"leaves":13,"fruits":1},"obs":{"leaves":34,"flowers":15,"fruits":13},"sp":{"leaves":{"sugar maple":4,"mockernut hickory":2,"northern red oak":2,"American beech":2,"tuliptree":2},"fruits":{"northern red oak":1}}},{"w":"2026-09-08","yes":{"leaves":7,"fruits":1},"obs":{"leaves":35,"flowers":14,"fruits":19},"sp":{"leaves":{"sugar maple":2,"mockernut hickory":1,"northern red oak":1,"American beech":1,"tuliptree":1},"fruits":{"northern red oak":1}}},{"w":"2026-08-25","yes":{"leaves":7,"fruits":2},"obs":{"leaves":35,"flowers":4,"fruits":16},"sp":{"leaves":{"sugar maple":2,"shagbark hickory":1,"mockernut hickory":1,"northern red oak":1,"American beech":1},"fruits":{"northern red oak":1,"American beech":1}}}]}},{"type":"Feature","geometry":{"type":"Point","coordinates":[-103.87935,44.44026]},"properties":{"site":27856,"st":"SD","n":69,"classes":{"leaves":27,"fruits":31,"birds":11},"weeks":[{"w":"2026-10-06","yes":{"leaves":7,"fruits":7,"birds":1},"obs":{"leaves":28,"flowers":22,"fruits":23,"birds":60},"sp":{"leaves":{"bur oak":2,"paper birch":2,"American hornbeam":2,"quaking aspen":1},"fruits":{"ponderosa pine":2,"bur oak":2,"eastern purple coneflower":2,"American hornbeam":1},"birds":{"turkey vulture":1}}},{"w":"2026-09-22","yes":{"leaves":6,"fruits":6,"birds":3},"obs":{"leaves":28,"flowers":22,"fruits":22,"birds":40},"sp":{"leaves":{"paper birch":2,"American hornbeam":2,"bur oak":1,"quaking aspen":1},"fruits":{"ponderosa pine":2,"bur oak":2,"eastern purple coneflower":2},"birds":{"dark-eyed junco":2,"turkey vulture":1}}},{"w":"2026-09-15","yes":{"leaves":6,"fruits":7,"birds":4},"obs":{"leaves":27,"flowers":22,"fruits":21,"birds":63},"sp":{"leaves":{"paper birch":2,"American hornbeam":2,"quaking aspen":1,"bur oak":1},"fruits":{"cheatgrass":2,"ponderosa pine":2,"eastern purple coneflower":1,"American hornbeam":1,"bur oak":1},"birds":{"dark-eyed junco":2,"turkey vulture":1,"American robin":1}}},{"w":"2026-09-08","yes":{"leaves":5,"fruits":4,"birds":2},"obs":{"leaves":28,"flowers":22,"fruits":23,"birds":63},"sp":{"leaves":{"American hornbeam":2,"eastern purple coneflower":1,"quaking aspen":1,"bur oak":1},"fruits":{"eastern purple coneflower":1,"cheatgrass":1,"ponderosa pine":1,"bur oak":1},"birds":{"mourning dove":2}}},{"w":"2026-08-25","yes":{"fruits":1},"obs":{"leaves":2,"flowers":3,"fruits":3},"sp":{"fruits":{"ponderosa pine":1}}},{"w":"2026-08-18","yes":{"leaves":3,"fruits":6,"birds":1},"obs":{"leaves":28,"flowers":22,"fruits":22,"birds":53},"sp":{"leaves":{"bur oak":1,"quaking aspen":1,"paper birch":1},"fruits":{"cheatgrass":2,"eastern purple coneflower":2,"bur oak":1,"American hornbeam":1},"birds":{"turkey vulture":1}}}]}},{"type":"Feature","geometry":{"type":"Point","coordinates":[-88.8334,30.43057]},"properties":{"site":27985,"st":"MS","n":2,"classes":{"leaves":1,"flowers":1},"weeks":[{"w":"2026-09-08","yes":{"leaves":1,"flowers":1},"obs":{"leaves":1,"flowers":2},"sp":{"leaves":{"wax myrtle":1},"flowers":{"wax myrtle":1}}}]}},{"type":"Feature","geometry":{"type":"Point","coordinates":[-79.42245,37.80261]},"properties":{"site":28192,"st":"VA","n":69,"classes":{"leaves":30,"flowers":8,"fruits":31},"weeks":[{"w":"2026-09-29","yes":{"leaves":16,"flowers":5,"fruits":16},"obs":{"leaves":48,"flowers":24,"fruits":29},"sp":{"leaves":{"flowering dogwood":8,"northern red oak":6,"eastern redbud":2},"flowers":{"flowering dogwood":4,"northern red oak":1},"fruits":{"flowering dogwood":8,"northern red oak":6,"eastern redbud":2}}},{"w":"2026-09-01","yes":{"leaves":14,"flowers":3,"fruits":15},"obs":{"leaves":47,"flowers":23,"fruits":25},"sp":{"leaves":{"flowering dogwood":5,"eastern redbud":5,"northern red oak":4},"flowers":{"northern red oak":3},"fruits":{"northern red oak":9,"flowering dogwood":6}}}]}},{"type":"Feature","geometry":{"type":"Point","coordinates":[-68.38486,44.35888]},"properties":{"site":28259,"st":"ME","n":11,"classes":{"leaves":10,"flowers":1},"weeks":[{"w":"2026-09-29","yes":{"leaves":3},"obs":{"leaves":4},"sp":{"leaves":{"coastal sweetpepperbush":3}}},{"w":"2026-09-22","yes":{"leaves":3},"obs":{"leaves":3},"sp":{"leaves":{"coastal sweetpepperbush":3}}},{"w":"2026-09-15","yes":{"leaves":2,"flowers":1},"obs":{"leaves":2,"flowers":2},"sp":{"leaves":{"coastal sweetpepperbush":2},"flowers":{"coastal sweetpepperbush":1}}},{"w":"2026-09-08","yes":{"leaves":2},"obs":{"leaves":3},"sp":{"leaves":{"coastal sweetpepperbush":2}}}]}},{"type":"Feature","geometry":{"type":"Point","coordinates":[-68.3856,44.35993]},"properties":{"site":28272,"st":"ME","n":1,"classes":{"leaves":1},"weeks":[{"w":"2026-09-01","yes":{"leaves":1},"obs":{"leaves":1},"sp":{"leaves":{"coastal sweetpepperbush":1}}}]}},{"type":"Feature","geometry":{"type":"Point","coordinates":[-88.54182,30.41472]},"properties":{"site":28357,"st":"MS","n":137,"classes":{"leaves":64,"flowers":2,"fruits":63,"insects":3,"birds":5},"weeks":[{"w":"2026-09-29","yes":{"leaves":14,"flowers":1,"fruits":15,"insects":3,"birds":2},"obs":{"leaves":44,"flowers":22,"fruits":30,"insects":10,"birds":30},"sp":{"leaves":{"red buckeye":9,"American beautyberry":3,"red mulberry":1,"eastern baccharis":1},"flowers":{"eastern baccharis":1},"fruits":{"American beautyberry":6,"southern magnolia":6,"common buttonbush":3},"insects":{"gulf fritillary":3},"birds":{"ruby-throated hummingbird":2}}},{"w":"2026-09-15","yes":{"leaves":19,"flowers":1,"fruits":15},"obs":{"leaves":44,"flowers":22,"fruits":30,"insects":14,"birds":35},"sp":{"leaves":{"red buckeye":9,"American beautyberry":4,"red mulberry":3,"common buttonbush":2,"eastern baccharis":1},"flowers":{"eastern baccharis":1},"fruits":{"southern magnolia":6,"red buckeye":3,"American beautyberry":3,"common buttonbush":3}}},{"w":"2026-09-08","yes":{"leaves":16,"fruits":18,"birds":3},"obs":{"leaves":44,"flowers":22,"fruits":30,"insects":14,"birds":35},"sp":{"leaves":{"red buckeye":9,"American beautyberry":3,"red mulberry":2,"eastern baccharis":1,"common buttonbush":1},"fruits":{"American beautyberry":6,"southern magnolia":6,"red buckeye":3,"common buttonbush":3},"birds":{"ruby-throated hummingbird":3}}},{"w":"2026-08-25","yes":{"leaves":15,"fruits":15},"obs":{"leaves":44,"flowers":22,"fruits":30,"insects":14,"birds":35},"sp":{"leaves":{"red buckeye":9,"American beautyberry":2,"red mulberry":2,"common buttonbush":1,"eastern baccharis":1},"fruits":{"southern magnolia":6,"American beautyberry":4,"red buckeye":3,"common buttonbush":2}}}]}},{"type":"Feature","geometry":{"type":"Point","coordinates":[-88.4289,30.42938]},"properties":{"site":28745,"st":"MS","n":131,"classes":{"leaves":95,"flowers":10,"fruits":26},"weeks":[{"w":"2026-10-06","yes":{"leaves":24,"flowers":4,"fruits":9},"obs":{"leaves":74,"flowers":50,"fruits":63,"insects":10,"birds":15},"sp":{"leaves":{"common persimmon":9,"red maple":6,"bald cypress":4,"yaupon":3,"wax myrtle":1},"flowers":{"eastern baccharis":2,"yaupon":1,"bald cypress":1},"fruits":{"redbay":6,"bald cypress":2,"yaupon":1}}},{"w":"2026-09-29","yes":{"leaves":24,"flowers":2,"fruits":7},"obs":{"leaves":78,"flowers":50,"fruits":66,"insects":10,"birds":15},"sp":{"leaves":{"common persimmon":7,"red maple":6,"bald cypress":4,"yaupon":4,"wax myrtle":2},"flowers":{"eastern baccharis":1,"yaupon":1},"fruits":{"redbay":4,"bald cypress":2,"yaupon":1}}},{"w":"2026-09-08","yes":{"leaves":26,"flowers":3,"fruits":5},"obs":{"leaves":102,"flowers":69,"fruits":85,"insects":10,"birds":15},"sp":{"leaves":{"common persimmon":9,"red maple":5,"yaupon":5,"wax myrtle":3,"eastern baccharis":2},"flowers":{"yaupon":2,"eastern baccharis":1},"fruits":{"redbay":2,"bald cypress":2,"yaupon":1}}},{"w":"2026-09-01","yes":{"leaves":21,"flowers":1,"fruits":5},"obs":{"leaves":77,"flowers":49,"fruits":66,"insects":10,"birds":15},"sp":{"leaves":{"red maple":5,"yaupon":4,"common persimmon":4,"wax myrtle":3,"bald cypress":2},"flowers":{"yaupon":1},"fruits":{"redbay":2,"bald cypress":2,"yaupon":1}}}]}},{"type":"Feature","geometry":{"type":"Point","coordinates":[-89.66679,30.50215]},"properties":{"site":28830,"st":"MS","n":37,"classes":{"leaves":24,"fruits":13},"weeks":[{"w":"2026-09-08","yes":{"leaves":10,"fruits":6},"obs":{"leaves":50,"flowers":41,"fruits":57},"sp":{"leaves":{"Elliott's blueberry":4,"yellow trumpets":2,"red maple":2,"giant blue iris":2},"fruits":{"wax myrtle":3,"yaupon":2,"redbay":1}}},{"w":"2026-08-25","yes":{"leaves":14,"fruits":7},"obs":{"leaves":72,"flowers":51,"fruits":69,"insects":7},"sp":{"leaves":{"Elliott's blueberry":4,"giant blue iris":3,"mountain azalea":3,"yellow trumpets":2,"red maple":2},"fruits":{"wax myrtle":2,"yellow trumpets":2,"yaupon":2,"redbay":1}}}]}},{"type":"Feature","geometry":{"type":"Point","coordinates":[-88.6451,30.40065]},"properties":{"site":29265,"st":"MS","n":24,"classes":{"leaves":11,"fruits":13},"weeks":[{"w":"2026-09-22","yes":{"leaves":11,"fruits":13},"obs":{"leaves":47,"flowers":31,"fruits":39},"sp":{"leaves":{"red maple":5,"Chinese tallow":4,"eastern baccharis":1,"wax myrtle":1},"fruits":{"redbay":5,"Chinese tallow":4,"wax myrtle":2,"yaupon":2}}}]}},{"type":"Feature","geometry":{"type":"Point","coordinates":[-122.61472,45.46417]},"properties":{"site":29409,"st":"OR","n":145,"classes":{"leaves":79,"fruits":56,"flowers":10},"weeks":[{"w":"2026-09-29","yes":{"leaves":14,"fruits":11},"obs":{"leaves":35,"flowers":15,"fruits":21},"sp":{"leaves":{"common snowberry":2,"bigleaf maple":2,"Indian plum":2,"red elderberry":2,"Pacific ninebark":2},"fruits":{"common snowberry":3,"bigleaf maple":3,"Pacific ninebark":3,"Nootka rose":2}}},{"w":"2026-09-22","yes":{"leaves":14,"fruits":7},"obs":{"leaves":32,"flowers":13,"fruits":20},"sp":{"leaves":{"common snowberry":2,"Nootka rose":2,"bigleaf maple":2,"Indian plum":2,"red elderberry":2},"fruits":{"bigleaf maple":3,"common snowberry":2,"Pacific ninebark":2}}},{"w":"2026-09-15","yes":{"leaves":13,"flowers":2,"fruits":8},"obs":{"leaves":26,"flowers":8,"fruits":14},"sp":{"leaves":{"bigleaf maple":2,"Indian plum":2,"red elderberry":2,"Pacific ninebark":2,"salmonberry":2},"flowers":{"common snowberry":2},"fruits":{"bigleaf maple":2,"Pacific ninebark":2,"common snowberry":2,"Nootka rose":2}}},{"w":"2026-09-08","yes":{"leaves":14,"flowers":2,"fruits":8},"obs":{"leaves":35,"flowers":15,"fruits":21},"sp":{"leaves":{"bigleaf maple":3,"Nootka rose":2,"Indian plum":2,"red elderberry":2,"Pacific ninebark":2},"flowers":{"common snowberry":2},"fruits":{"bigleaf maple":3,"common snowberry":2,"Pacific ninebark":2,"Nootka rose":1}}},{"w":"2026-09-01","yes":{"leaves":10,"flowers":2,"fruits":8},"obs":{"leaves":35,"flowers":15,"fruits":21},"sp":{"leaves":{"Nootka rose":2,"Indian plum":2,"salmonberry":2,"common snowberry":1,"red elderberry":1},"flowers":{"common snowberry":2},"fruits":{"Nootka rose":3,"Pacific ninebark":2,"bigleaf maple":2,"common snowberry":1}}},{"w":"2026-08-25","yes":{"leaves":7,"flowers":2,"fruits":7},"obs":{"leaves":31,"flowers":13,"fruits":18},"sp":{"leaves":{"common snowberry":1,"Indian plum":1,"red elderberry":1,"Pacific ninebark":1,"salmonberry":1},"flowers":{"common snowberry":2},"fruits":{"common snowberry":2,"Pacific ninebark":2,"Nootka rose":2,"bigleaf maple":1}}},{"w":"2026-08-18","yes":{"leaves":7,"flowers":2,"fruits":7},"obs":{"leaves":35,"flowers":15,"fruits":21},"sp":{"leaves":{"common snowberry":1,"Nootka rose":1,"bigleaf maple":1,"Indian plum":1,"red elderberry":1},"flowers":{"common snowberry":2},"fruits":{"common snowberry":2,"Nootka rose":2,"Pacific ninebark":2,"bigleaf maple":1}}}]}},{"type":"Feature","geometry":{"type":"Point","coordinates":[-104.6831,40.50983]},"properties":{"site":29887,"st":"CO","n":63,"classes":{"leaves":27,"flowers":9,"fruits":27},"weeks":[{"w":"2026-09-29","yes":{"leaves":5,"flowers":1,"fruits":6},"obs":{"leaves":5,"flowers":5,"fruits":9},"sp":{"leaves":{"eastern cottonwood":3,"showy milkweed":1,"wild bergamot":1},"flowers":{"Rocky Mountain juniper":1},"fruits":{"wild bergamot":3,"showy milkweed":2,"Rocky Mountain juniper":1}}},{"w":"2026-09-22","yes":{"leaves":7,"flowers":1,"fruits":9},"obs":{"leaves":9,"flowers":9,"fruits":12},"sp":{"leaves":{"wild bergamot":2,"eastern cottonwood":2,"Fremont cottonwood":2,"showy milkweed":1},"flowers":{"Rocky Mountain juniper":1},"fruits":{"wild bergamot":6,"showy milkweed":2,"Rocky Mountain juniper":1}}},{"w":"2026-09-15","yes":{"leaves":6,"flowers":1,"fruits":5},"obs":{"leaves":8,"flowers":4,"fruits":9},"sp":{"leaves":{"Fremont cottonwood":2,"eastern cottonwood":2,"showy milkweed":1,"wild bergamot":1},"flowers":{"Rocky Mountain juniper":1},"fruits":{"wild bergamot":3,"showy milkweed":1,"Rocky Mountain juniper":1}}},{"w":"2026-09-08","yes":{"leaves":5,"flowers":3,"fruits":4},"obs":{"leaves":8,"flowers":5,"fruits":9},"sp":{"leaves":{"eastern cottonwood":2,"wild bergamot":1,"Fremont cottonwood":1,"showy milkweed":1},"flowers":{"wild bergamot":2,"Rocky Mountain juniper":1},"fruits":{"wild bergamot":2,"showy milkweed":1,"Rocky Mountain juniper":1}}},{"w":"2026-08-18","yes":{"leaves":4,"flowers":3,"fruits":3},"obs":{"leaves":8,"flowers":5,"fruits":9},"sp":{"leaves":{"Fremont cottonwood":1,"showy milkweed":1,"wild bergamot":1,"eastern cottonwood":1},"flowers":{"wild bergamot":2,"Rocky Mountain juniper":1},"fruits":{"Rocky Mountain juniper":1,"showy milkweed":1,"wild bergamot":1}}}]}},{"type":"Feature","geometry":{"type":"Point","coordinates":[-84.67267,44.47875]},"properties":{"site":30051,"st":"MI","n":142,"classes":{"leaves":87,"flowers":34,"fruits":21},"weeks":[{"w":"2026-10-06","yes":{"leaves":33,"flowers":11,"fruits":10},"obs":{"leaves":85,"flowers":60,"fruits":72},"sp":{"leaves":{"red maple":6,"pin oak":3,"honeylocust":2,"lowbush blueberry":2,"Red Rothomagensis lilac":2},"flowers":{"New England aster":4,"eastern purple coneflower":3,"Red Rothomagensis lilac":2,"Canada goldenrod":1,"common lilac":1},"fruits":{"eastern purple coneflower":4,"common yarrow":2,"Canada goldenrod":1,"pin oak":1,"common milkweed":1}}},{"w":"2026-09-15","yes":{"leaves":31,"flowers":11,"fruits":5},"obs":{"leaves":85,"flowers":60,"fruits":72},"sp":{"leaves":{"red maple":4,"honeylocust":2,"Red Rothomagensis lilac":2,"eastern purple coneflower":2,"common yarrow":2},"flowers":{"Red Rothomagensis lilac":2,"eastern purple coneflower":2,"common yarrow":2,"New England aster":2,"Canada goldenrod":1},"fruits":{"eastern purple coneflower":2,"common yarrow":2,"common milkweed":1}}},{"w":"2026-08-25","yes":{"leaves":23,"flowers":12,"fruits":6},"obs":{"leaves":85,"flowers":60,"fruits":72},"sp":{"leaves":{"red maple":2,"common yarrow":2,"eastern purple coneflower":2,"Canada goldenrod":1,"honeylocust":1},"flowers":{"eastern purple coneflower":3,"Canada goldenrod":2,"Red Rothomagensis lilac":2,"beach pea":2,"common yarrow":2},"fruits":{"pin oak":2,"American red raspberry":2,"black elderberry":1,"common milkweed":1}}}]}},{"type":"Feature","geometry":{"type":"Point","coordinates":[-73.87572,40.86441]},"properties":{"site":30178,"st":"NY","n":0,"classes":{},"weeks":[{"w":"2026-10-06","yes":{},"obs":{"leaves":2,"flowers":2,"fruits":3},"sp":{}}]}},{"type":"Feature","geometry":{"type":"Point","coordinates":[-94.1438,45.55326]},"properties":{"site":30414,"st":"MN","n":51,"classes":{"leaves":22,"fruits":19,"insects":10},"weeks":[{"w":"2026-10-06","yes":{"leaves":3},"obs":{"leaves":7,"flowers":4,"fruits":6,"insects":7},"sp":{"leaves":{"black walnut":3}}},{"w":"2026-09-29","yes":{"leaves":3,"fruits":3},"obs":{"leaves":7,"flowers":4,"fruits":6,"insects":7},"sp":{"leaves":{"black walnut":3},"fruits":{"jack in the pulpit":3}}},{"w":"2026-09-22","yes":{"leaves":3,"fruits":2},"obs":{"leaves":7,"flowers":4,"fruits":6,"insects":7},"sp":{"leaves":{"black walnut":3},"fruits":{"jack in the pulpit":2}}},{"w":"2026-09-15","yes":{"leaves":3,"fruits":3,"insects":2},"obs":{"leaves":7,"flowers":4,"fruits":6,"insects":7},"sp":{"leaves":{"black walnut":3},"fruits":{"jack in the pulpit":3},"insects":{"monarch":2}}},{"w":"2026-09-08","yes":{"leaves":3,"fruits":3,"insects":2},"obs":{"leaves":7,"flowers":4,"fruits":6,"insects":7},"sp":{"leaves":{"black walnut":3},"fruits":{"jack in the pulpit":3},"insects":{"monarch":2}}},{"w":"2026-09-01","yes":{"leaves":3,"fruits":3,"insects":2},"obs":{"leaves":7,"flowers":4,"fruits":6,"insects":7},"sp":{"leaves":{"black walnut":3},"fruits":{"jack in the pulpit":3},"insects":{"monarch":2}}},{"w":"2026-08-25","yes":{"leaves":2,"fruits":3,"insects":2},"obs":{"leaves":6,"flowers":4,"fruits":6,"insects":7},"sp":{"leaves":{"black walnut":2},"fruits":{"jack in the pulpit":3},"insects":{"monarch":2}}},{"w":"2026-08-18","yes":{"leaves":2,"fruits":2,"insects":2},"obs":{"leaves":7,"flowers":4,"fruits":6,"insects":7},"sp":{"leaves":{"black walnut":1,"jack in the pulpit":1},"fruits":{"jack in the pulpit":2},"insects":{"monarch":2}}}]}},{"type":"Feature","geometry":{"type":"Point","coordinates":[-85.88371,39.0356]},"properties":{"site":30466,"st":"IN","n":70,"classes":{"leaves":31,"fruits":25,"insects":11,"flowers":2,"birds":1},"weeks":[{"w":"2026-09-29","yes":{"leaves":10,"fruits":9,"insects":2},"obs":{"leaves":33,"flowers":19,"fruits":27,"insects":20,"birds":14},"sp":{"leaves":{"apple":3,"southern arrowwood":2,"black maple":2,"eastern purple coneflower":1,"bloodflower":1},"fruits":{"common milkweed":3,"eastern purple coneflower":3,"garden asparagus":3},"insects":{"cabbage white":2}}},{"w":"2026-09-08","yes":{"leaves":9,"fruits":8,"insects":8},"obs":{"leaves":33,"flowers":19,"fruits":27,"insects":20,"birds":14},"sp":{"leaves":{"apple":2,"southern arrowwood":2,"black maple":1,"common milkweed":1,"bloodflower":1},"fruits":{"eastern purple coneflower":3,"apple":2,"common milkweed":2,"garden asparagus":1},"insects":{"cabbage white":3,"monarch":3,"eastern carpenter bee":2}}},{"w":"2026-08-18","yes":{"leaves":12,"flowers":2,"fruits":8,"insects":1,"birds":1},"obs":{"leaves":33,"flowers":19,"fruits":27,"insects":20,"birds":14},"sp":{"leaves":{"apple":4,"black maple":2,"southern arrowwood":2,"eastern purple coneflower":1,"bloodflower":1},"flowers":{"eastern purple coneflower":2},"fruits":{"eastern purple coneflower":3,"apple":3,"common milkweed":1,"garden asparagus":1},"insects":{"cabbage white":1},"birds":{"American goldfinch":1}}}]}},{"type":"Feature","geometry":{"type":"Point","coordinates":[-73.06467,40.90039]},"properties":{"site":30518,"st":"NY","n":7,"classes":{"leaves":3,"fruits":2,"birds":2},"weeks":[{"w":"2026-08-25","yes":{"leaves":3,"fruits":2,"birds":2},"obs":{"leaves":15,"flowers":6,"fruits":9,"birds":5},"sp":{"leaves":{"apple":3},"fruits":{"apple":2},"birds":{"mourning dove":2}}}]}},{"type":"Feature","geometry":{"type":"Point","coordinates":[-73.91444,40.88368]},"properties":{"site":30559,"st":"NY","n":14,"classes":{"leaves":12,"fruits":2},"weeks":[{"w":"2026-09-22","yes":{"leaves":4},"obs":{"leaves":20,"flowers":9,"fruits":12},"sp":{"leaves":{"sweetgum":2,"flowering dogwood":1,"sugar maple":1}}},{"w":"2026-08-25","yes":{"leaves":4,"fruits":1},"obs":{"leaves":20,"flowers":9,"fruits":12},"sp":{"leaves":{"sweetgum":2,"flowering dogwood":1,"sugar maple":1},"fruits":{"flowering dogwood":1}}},{"w":"2026-08-18","yes":{"leaves":4,"fruits":1},"obs":{"leaves":20,"flowers":9,"fruits":12},"sp":{"leaves":{"sweetgum":2,"flowering dogwood":1,"sugar maple":1},"fruits":{"flowering dogwood":1}}}]}},{"type":"Feature","geometry":{"type":"Point","coordinates":[-89.93816,30.32059]},"properties":{"site":30648,"st":"LA","n":69,"classes":{"leaves":33,"fruits":36},"weeks":[{"w":"2026-09-29","yes":{"leaves":18,"fruits":12},"obs":{"leaves":56,"flowers":32,"fruits":48},"sp":{"leaves":{"Elliott's blueberry":9,"American beautyberry":6,"black cherry":3},"fruits":{"American beautyberry":8,"yaupon":2,"black cherry":2}}},{"w":"2026-09-08","yes":{"leaves":7,"fruits":11},"obs":{"leaves":56,"flowers":32,"fruits":48,"insects":7},"sp":{"leaves":{"American beautyberry":4,"Elliott's blueberry":2,"black cherry":1},"fruits":{"American beautyberry":8,"yaupon":2,"redbay":1}}},{"w":"2026-08-25","yes":{"leaves":8,"fruits":13},"obs":{"leaves":56,"flowers":32,"fruits":48,"insects":7},"sp":{"leaves":{"American beautyberry":4,"Elliott's blueberry":3,"black cherry":1},"fruits":{"American beautyberry":9,"yaupon":2,"redbay":2}}}]}},{"type":"Feature","geometry":{"type":"Point","coordinates":[-71.12573,42.30228]},"properties":{"site":30701,"st":"MA","n":115,"classes":{"leaves":62,"flowers":8,"fruits":45},"weeks":[{"w":"2026-10-06","yes":{"leaves":18,"flowers":4,"fruits":6},"obs":{"leaves":29,"flowers":12,"fruits":18},"sp":{"leaves":{"highbush blueberry":6,"American witchhazel":6,"possumhaw":6},"flowers":{"American witchhazel":4},"fruits":{"possumhaw":6}}},{"w":"2026-09-22","yes":{"leaves":16,"flowers":2,"fruits":12},"obs":{"leaves":30,"flowers":12,"fruits":18},"sp":{"leaves":{"highbush blueberry":6,"American witchhazel":6,"possumhaw":4},"flowers":{"American witchhazel":2},"fruits":{"American witchhazel":6,"possumhaw":6}}},{"w":"2026-09-15","yes":{"leaves":5,"fruits":8},"obs":{"leaves":20,"flowers":8,"fruits":12},"sp":{"leaves":{"possumhaw":5},"fruits":{"possumhaw":8}}},{"w":"2026-09-08","yes":{"leaves":12,"flowers":2,"fruits":12},"obs":{"leaves":30,"flowers":12,"fruits":18},"sp":{"leaves":{"highbush blueberry":6,"American witchhazel":4,"possumhaw":2},"flowers":{"American witchhazel":2},"fruits":{"American witchhazel":6,"possumhaw":6}}},{"w":"2026-08-25","yes":{"leaves":11,"fruits":7},"obs":{"leaves":30,"flowers":12,"fruits":16},"sp":{"leaves":{"highbush blueberry":4,"American witchhazel":4,"possumhaw":3},"fruits":{"American witchhazel":4,"possumhaw":3}}}]}},{"type":"Feature","geometry":{"type":"Point","coordinates":[-71.10832,42.38651]},"properties":{"site":30725,"st":"MA","n":195,"classes":{"leaves":122,"flowers":5,"fruits":68},"weeks":[{"w":"2026-09-29","yes":{"leaves":23,"flowers":1,"fruits":12},"obs":{"leaves":51,"flowers":29,"fruits":27},"sp":{"leaves":{"tuliptree":3,"black walnut":3,"sugar maple":3,"Kousa dogwood":3,"flowering dogwood":3},"flowers":{"common lilac":1},"fruits":{"black walnut":3,"Kousa dogwood":3,"pin oak":3,"flowering dogwood":2,"northern red oak":1}}},{"w":"2026-09-15","yes":{"leaves":42,"flowers":2,"fruits":24},"obs":{"leaves":109,"flowers":61,"fruits":58},"sp":{"leaves":{"sugar maple":6,"flowering dogwood":6,"black walnut":6,"tuliptree":5,"pin oak":5},"flowers":{"common lilac":2},"fruits":{"northern red oak":7,"Kousa dogwood":6,"black walnut":5,"flowering dogwood":4,"pin oak":2}}},{"w":"2026-09-08","yes":{"leaves":21,"flowers":1,"fruits":11},"obs":{"leaves":52,"flowers":29,"fruits":29},"sp":{"leaves":{"black walnut":3,"sugar maple":3,"Kousa dogwood":3,"red maple":3,"flowering dogwood":3},"flowers":{"common lilac":1},"fruits":{"Kousa dogwood":3,"northern red oak":3,"black walnut":2,"flowering dogwood":2,"pin oak":1}}},{"w":"2026-08-25","yes":{"leaves":36,"flowers":1,"fruits":21},"obs":{"leaves":103,"flowers":58,"fruits":58},"sp":{"leaves":{"sugar maple":6,"pin oak":5,"Kousa dogwood":5,"flowering dogwood":5,"tuliptree":5},"flowers":{"common lilac":1},"fruits":{"black walnut":6,"Kousa dogwood":5,"northern red oak":5,"flowering dogwood":3,"pin oak":2}}}]}},{"type":"Feature","geometry":{"type":"Point","coordinates":[-71.10705,42.43138]},"properties":{"site":30835,"st":"MA","n":206,"classes":{"leaves":141,"fruits":65},"weeks":[{"w":"2026-10-06","yes":{"leaves":14,"fruits":5},"obs":{"leaves":30,"flowers":16,"fruits":18},"sp":{"leaves":{"flowering dogwood":3,"sweet birch":3,"northern red oak":2,"red maple":2,"mapleleaf viburnum":2},"fruits":{"northern red oak":3,"mapleleaf viburnum":1,"flowering dogwood":1}}},{"w":"2026-09-29","yes":{"leaves":14,"fruits":7},"obs":{"leaves":30,"flowers":16,"fruits":18},"sp":{"leaves":{"flowering dogwood":3,"sweet birch":3,"mapleleaf viburnum":2,"northern red oak":2,"red maple":2},"fruits":{"mapleleaf viburnum":3,"northern red oak":3,"flowering dogwood":1}}},{"w":"2026-09-22","yes":{"leaves":25,"fruits":15},"obs":{"leaves":60,"flowers":32,"fruits":33},"sp":{"leaves":{"sweet birch":6,"flowering dogwood":5,"shagbark hickory":4,"mapleleaf viburnum":4,"red maple":4},"fruits":{"mapleleaf viburnum":6,"northern red oak":5,"flowering dogwood":4}}},{"w":"2026-09-15","yes":{"leaves":32,"fruits":16},"obs":{"leaves":75,"flowers":40,"fruits":45},"sp":{"leaves":{"flowering dogwood":9,"red maple":6,"sweet birch":6,"shagbark hickory":4,"mapleleaf viburnum":4},"fruits":{"flowering dogwood":6,"northern red oak":6,"mapleleaf viburnum":4}}},{"w":"2026-09-08","yes":{"leaves":21,"fruits":12},"obs":{"leaves":60,"flowers":32,"fruits":36},"sp":{"leaves":{"flowering dogwood":6,"sweet birch":5,"shagbark hickory":4,"mapleleaf viburnum":2,"northern red oak":2},"fruits":{"flowering dogwood":4,"mapleleaf viburnum":4,"northern red oak":4}}},{"w":"2026-09-01","yes":{"leaves":9,"fruits":3},"obs":{"leaves":30,"flowers":16,"fruits":18},"sp":{"leaves":{"flowering dogwood":3,"sweet birch":2,"red maple":1,"northern red oak":1,"shagbark hickory":1},"fruits":{"northern red oak":1,"flowering dogwood":1,"mapleleaf viburnum":1}}},{"w":"2026-08-25","yes":{"leaves":18,"fruits":5},"obs":{"leaves":60,"flowers":32,"fruits":36},"sp":{"leaves":{"flowering dogwood":6,"sweet birch":4,"northern red oak":2,"shagbark hickory":2,"red maple":2},"fruits":{"mapleleaf viburnum":3,"flowering dogwood":2}}},{"w":"2026-08-18","yes":{"leaves":8,"fruits":2},"obs":{"leaves":30,"flowers":16,"fruits":18},"sp":{"leaves":{"sweet birch":2,"flowering dogwood":2,"northern red oak":1,"shagbark hickory":1,"mapleleaf viburnum":1},"fruits":{"flowering dogwood":1,"mapleleaf viburnum":1}}}]}},{"type":"Feature","geometry":{"type":"Point","coordinates":[-71.10628,42.43584]},"properties":{"site":30979,"st":"MA","n":424,"classes":{"leaves":300,"fruits":124},"weeks":[{"w":"2026-10-06","yes":{"leaves":26,"fruits":10},"obs":{"leaves":60,"flowers":34,"fruits":36,"insects":5},"sp":{"leaves":{"bear oak":5,"Saul's oak":4,"sweet birch":3,"shagbark hickory":2,"American beech":2},"fruits":{"sweet birch":3,"northern red oak":3,"bear oak":3,"pignut hickory":1}}},{"w":"2026-09-29","yes":{"leaves":27,"fruits":10},"obs":{"leaves":60,"flowers":34,"fruits":36,"insects":5},"sp":{"leaves":{"bear oak":5,"Saul's oak":4,"pignut hickory":3,"sweet birch":3,"lowbush blueberry":2},"fruits":{"northern red oak":3,"bear oak":3,"sweet birch":3,"pignut hickory":1}}},{"w":"2026-09-22","yes":{"leaves":57,"fruits":18},"obs":{"leaves":120,"flowers":68,"fruits":69,"insects":10},"sp":{"leaves":{"bear oak":12,"Saul's oak":8,"pignut hickory":6,"sweet birch":6,"lowbush blueberry":5},"fruits":{"bear oak":10,"northern red oak":4,"pignut hickory":2,"sweet birch":2}}},{"w":"2026-09-15","yes":{"leaves":56,"fruits":24},"obs":{"leaves":120,"flowers":68,"fruits":69,"insects":10},"sp":{"leaves":{"bear oak":10,"Saul's oak":8,"sweet birch":6,"lowbush blueberry":6,"pignut hickory":6},"fruits":{"bear oak":10,"pignut hickory":4,"northern red oak":4,"sweet birch":2,"chestnut oak":2}}},{"w":"2026-09-08","yes":{"leaves":46,"fruits":29},"obs":{"leaves":117,"flowers":68,"fruits":72,"insects":10},"sp":{"leaves":{"Saul's oak":8,"bear oak":8,"sweet birch":6,"chestnut oak":4,"lowbush blueberry":4},"fruits":{"bear oak":10,"white oak":6,"northern red oak":6,"sweet birch":3,"chestnut oak":2}}},{"w":"2026-09-01","yes":{"leaves":25,"fruits":11},"obs":{"leaves":59,"flowers":34,"fruits":36,"insects":5},"sp":{"leaves":{"bear oak":4,"Saul's oak":4,"sweet birch":3,"shagbark hickory":2,"American beech":2},"fruits":{"bear oak":4,"northern red oak":3,"sweet birch":1,"pignut hickory":1,"chestnut oak":1}}},{"w":"2026-08-25","yes":{"leaves":42,"fruits":15},"obs":{"leaves":120,"flowers":68,"fruits":72,"insects":10},"sp":{"leaves":{"Saul's oak":8,"bear oak":8,"northern red oak":4,"white oak":4,"lowbush blueberry":4},"fruits":{"bear oak":4,"sweet birch":4,"northern red oak":3,"pignut hickory":2,"chestnut oak":2}}},{"w":"2026-08-18","yes":{"leaves":21,"fruits":7},"obs":{"leaves":60,"flowers":34,"fruits":36,"insects":5},"sp":{"leaves":{"Saul's oak":4,"bear oak":4,"lowbush blueberry":2,"pignut hickory":2,"chestnut oak":2},"fruits":{"sweet birch":2,"bear oak":2,"pignut hickory":1,"chestnut oak":1,"northern red oak":1}}}]}},{"type":"Feature","geometry":{"type":"Point","coordinates":[-71.64728,44.16153]},"properties":{"site":31095,"st":"NH","n":29,"classes":{"leaves":7,"fruits":20,"flowers":2},"weeks":[{"w":"2026-09-22","yes":{"leaves":4,"fruits":11},"obs":{"leaves":12,"flowers":11,"fruits":13},"sp":{"leaves":{"bog blueberry":3,"Bigelow's sedge":1},"fruits":{"lingonberry":3,"bog blueberry":3,"Bigelow's sedge":2,"shrubby fivefingers":2,"pincushion plant":1}}},{"w":"2026-09-01","yes":{"leaves":3,"flowers":2,"fruits":9},"obs":{"leaves":10,"flowers":8,"fruits":12},"sp":{"leaves":{"bog blueberry":3},"flowers":{"shrubby fivefingers":2},"fruits":{"pincushion plant":3,"lingonberry":2,"bog blueberry":2,"shrubby fivefingers":2}}}]}},{"type":"Feature","geometry":{"type":"Point","coordinates":[-71.12351,42.45524]},"properties":{"site":31139,"st":"MA","n":643,"classes":{"leaves":412,"flowers":72,"fruits":159},"weeks":[{"w":"2026-10-06","yes":{"leaves":51,"flowers":12,"fruits":17},"obs":{"leaves":120,"flowers":60,"fruits":69},"sp":{"leaves":{"American witchhazel":11,"gray birch":10,"sassafras":9,"white oak":8,"black oak":5},"flowers":{"American witchhazel":8,"gray birch":4},"fruits":{"gray birch":6,"American witchhazel":5,"sassafras":4,"black oak":2}}},{"w":"2026-09-22","yes":{"leaves":84,"flowers":12,"fruits":36},"obs":{"leaves":180,"flowers":90,"fruits":108},"sp":{"leaves":{"American witchhazel":18,"gray birch":15,"sassafras":15,"white oak":9,"lowbush blueberry":9},"flowers":{"gray birch":6,"American witchhazel":6},"fruits":{"gray birch":15,"American witchhazel":6,"sassafras":6,"white oak":6,"black oak":3}}},{"w":"2026-09-15","yes":{"leaves":28,"flowers":4,"fruits":10},"obs":{"leaves":60,"flowers":30,"fruits":36},"sp":{"leaves":{"American witchhazel":6,"gray birch":5,"sassafras":4,"white oak":4,"pignut hickory":3},"flowers":{"gray birch":2,"American witchhazel":2},"fruits":{"gray birch":3,"sassafras":3,"American witchhazel":2,"black oak":1,"white oak":1}}},{"w":"2026-09-08","yes":{"leaves":87,"flowers":12,"fruits":27},"obs":{"leaves":180,"flowers":90,"fruits":108},"sp":{"leaves":{"American witchhazel":18,"gray birch":15,"sassafras":15,"white oak":12,"lowbush blueberry":9},"flowers":{"gray birch":6,"American witchhazel":6},"fruits":{"sassafras":9,"gray birch":6,"American witchhazel":6,"white oak":3,"black oak":3}}},{"w":"2026-09-01","yes":{"leaves":79,"flowers":12,"fruits":27},"obs":{"leaves":175,"flowers":86,"fruits":97},"sp":{"leaves":{"gray birch":16,"sassafras":15,"American witchhazel":14,"white oak":13,"black oak":6},"flowers":{"gray birch":6,"American witchhazel":5,"white oak":1},"fruits":{"sassafras":9,"American witchhazel":6,"gray birch":6,"white oak":4,"black oak":2}}},{"w":"2026-08-25","yes":{"leaves":41,"flowers":8,"fruits":18},"obs":{"leaves":120,"flowers":60,"fruits":72},"sp":{"leaves":{"American witchhazel":10,"gray birch":8,"sassafras":7,"lowbush blueberry":6,"white oak":4},"flowers":{"gray birch":4,"American witchhazel":4},"fruits":{"sassafras":6,"gray birch":4,"American witchhazel":4,"white oak":2,"black oak":2}}},{"w":"2026-08-18","yes":{"leaves":42,"flowers":12,"fruits":24},"obs":{"leaves":180,"flowers":90,"fruits":108},"sp":{"leaves":{"sassafras":9,"American witchhazel":9,"gray birch":6,"white oak":6,"lowbush blueberry":3},"flowers":{"gray birch":6,"American witchhazel":6},"fruits":{"gray birch":6,"American witchhazel":6,"lowbush blueberry":3,"black oak":3,"sassafras":3}}}]}},{"type":"Feature","geometry":{"type":"Point","coordinates":[-71.09806,42.38314]},"properties":{"site":31287,"st":"MA","n":192,"classes":{"leaves":61,"flowers":51,"fruits":80},"weeks":[{"w":"2026-09-29","yes":{"leaves":10,"flowers":5,"fruits":12},"obs":{"leaves":22,"flowers":24,"fruits":24},"sp":{"leaves":{"blue giant hyssop":1,"eastern purple coneflower":1,"Pennsylvania sedge":1,"little bluestem":1,"narrowleaf mountainmint":1},"flowers":{"narrowleaf mountainmint":2,"common boneset":2,"eastern purple coneflower":1},"fruits":{"blue giant hyssop":3,"eastern purple coneflower":3,"wild bergamot":3,"narrowleaf mountainmint":1,"common milkweed":1}}},{"w":"2026-09-22","yes":{"leaves":10,"flowers":6,"fruits":14},"obs":{"leaves":22,"flowers":24,"fruits":29},"sp":{"leaves":{"blue giant hyssop":1,"eastern purple coneflower":1,"Pennsylvania sedge":1,"little bluestem":1,"narrowleaf mountainmint":1},"flowers":{"narrowleaf mountainmint":2,"New England aster":2,"common boneset":2},"fruits":{"blue giant hyssop":3,"eastern purple coneflower":3,"wild bergamot":3,"narrowleaf mountainmint":2,"common milkweed":1}}},{"w":"2026-09-15","yes":{"leaves":10,"flowers":6,"fruits":15},"obs":{"leaves":22,"flowers":24,"fruits":31},"sp":{"leaves":{"blue giant hyssop":1,"eastern purple coneflower":1,"Pennsylvania sedge":1,"little bluestem":1,"narrowleaf mountainmint":1},"flowers":{"butterfly milkweed":2,"New England aster":2,"common boneset":2},"fruits":{"blue giant hyssop":3,"eastern purple coneflower":3,"narrowleaf mountainmint":3,"wild bergamot":3,"little bluestem":1}}},{"w":"2026-09-08","yes":{"leaves":10,"flowers":12,"fruits":15},"obs":{"leaves":22,"flowers":24,"fruits":33},"sp":{"leaves":{"blue giant hyssop":1,"eastern purple coneflower":1,"Pennsylvania sedge":1,"little bluestem":1,"narrowleaf mountainmint":1},"flowers":{"blue giant hyssop":2,"eastern purple coneflower":2,"narrowleaf mountainmint":2,"butterfly milkweed":2,"New England aster":2},"fruits":{"blue giant hyssop":3,"eastern purple coneflower":3,"narrowleaf mountainmint":3,"wild bergamot":3,"little bluestem":1}}},{"w":"2026-09-01","yes":{"leaves":10,"flowers":10,"fruits":12},"obs":{"leaves":22,"flowers":23,"fruits":31},"sp":{"leaves":{"blue giant hyssop":1,"eastern purple coneflower":1,"Pennsylvania sedge":1,"little bluestem":1,"narrowleaf mountainmint":1},"flowers":{"little bluestem":2,"narrowleaf mountainmint":2,"butterfly milkweed":2,"common boneset":2,"eastern purple coneflower":1},"fruits":{"blue giant hyssop":3,"eastern purple coneflower":3,"wild bergamot":3,"narrowleaf mountainmint":1,"common milkweed":1}}},{"w":"2026-08-25","yes":{"leaves":11,"flowers":12,"fruits":12},"obs":{"leaves":22,"flowers":23,"fruits":30},"sp":{"leaves":{"blue giant hyssop":1,"eastern purple coneflower":1,"Pennsylvania sedge":1,"little bluestem":1,"narrowleaf mountainmint":1},"flowers":{"blue giant hyssop":2,"eastern purple coneflower":2,"little bluestem":2,"butterfly milkweed":2,"wild bergamot":2},"fruits":{"blue giant hyssop":3,"eastern purple coneflower":3,"wild bergamot":3,"narrowleaf mountainmint":1,"common milkweed":1}}}]}},{"type":"Feature","geometry":{"type":"Point","coordinates":[-71.12426,42.4546]},"properties":{"site":31289,"st":"MA","n":221,"classes":{"leaves":151,"fruits":57,"insects":3,"flowers":10},"weeks":[{"w":"2026-10-06","yes":{"leaves":24,"fruits":14},"obs":{"leaves":44,"flowers":26,"fruits":30,"insects":10},"sp":{"leaves":{"white oak":6,"American chestnut":6,"coastal sweetpepperbush":6,"red maple":6},"fruits":{"American chestnut":6,"coastal sweetpepperbush":6,"white oak":2}}},{"w":"2026-09-22","yes":{"leaves":33,"fruits":12},"obs":{"leaves":66,"flowers":39,"fruits":45,"insects":10},"sp":{"leaves":{"American chestnut":9,"coastal sweetpepperbush":9,"red maple":9,"white oak":6},"fruits":{"American chestnut":6,"coastal sweetpepperbush":3,"white oak":3}}},{"w":"2026-09-15","yes":{"leaves":11,"fruits":3},"obs":{"leaves":22,"flowers":13,"fruits":15,"insects":5},"sp":{"leaves":{"coastal sweetpepperbush":3,"American chestnut":3,"white oak":3,"red maple":2},"fruits":{"coastal sweetpepperbush":1,"American chestnut":1,"white oak":1}}},{"w":"2026-09-08","yes":{"leaves":26,"fruits":6},"obs":{"leaves":48,"flowers":26,"fruits":31,"insects":10},"sp":{"leaves":{"red maple":8,"coastal sweetpepperbush":7,"American chestnut":6,"white oak":5},"fruits":{"white oak":2,"coastal sweetpepperbush":2,"American chestnut":2}}},{"w":"2026-09-01","yes":{"leaves":25,"fruits":11,"insects":3},"obs":{"leaves":66,"flowers":39,"fruits":41,"insects":15},"sp":{"leaves":{"coastal sweetpepperbush":8,"red maple":6,"American chestnut":5,"white oak":3,"eastern hemlock":3},"fruits":{"American chestnut":5,"white oak":3,"coastal sweetpepperbush":3},"insects":{"hemlock woolly adelgid":3}}},{"w":"2026-08-25","yes":{"leaves":14,"flowers":4,"fruits":5},"obs":{"leaves":44,"flowers":26,"fruits":28,"insects":10},"sp":{"leaves":{"coastal sweetpepperbush":4,"red maple":4,"white oak":2,"American chestnut":2,"eastern hemlock":2},"flowers":{"coastal sweetpepperbush":4},"fruits":{"American chestnut":3,"white oak":2}}},{"w":"2026-08-18","yes":{"leaves":18,"flowers":6,"fruits":6},"obs":{"leaves":66,"flowers":39,"fruits":42,"insects":15},"sp":{"leaves":{"red maple":6,"eastern hemlock":3,"American chestnut":3,"coastal sweetpepperbush":3,"white oak":3},"flowers":{"coastal sweetpepperbush":6},"fruits":{"American chestnut":3,"white oak":3}}}]}},{"type":"Feature","geometry":{"type":"Point","coordinates":[-110.86328,32.22505]},"properties":{"site":31467,"st":"AZ","n":42,"classes":{"leaves":6,"flowers":10,"fruits":8,"birds":18},"weeks":[{"w":"2026-09-08","yes":{"leaves":2,"flowers":4,"fruits":4,"birds":7},"obs":{"leaves":2,"flowers":6,"fruits":6,"birds":16},"sp":{"leaves":{"creosote bush":2},"flowers":{"creosote bush":4},"fruits":{"creosote bush":4},"birds":{"curve-billed thrasher":3,"white-winged dove":2,"Cooper's hawk":2}}},{"w":"2026-09-01","yes":{"leaves":2,"flowers":4,"fruits":4,"birds":5},"obs":{"leaves":2,"flowers":6,"fruits":6,"birds":16},"sp":{"leaves":{"creosote bush":2},"flowers":{"creosote bush":4},"fruits":{"creosote bush":2,"Christmas cactus":2},"birds":{"curve-billed thrasher":3,"white-winged dove":2}}},{"w":"2026-08-25","yes":{"leaves":2,"flowers":2,"birds":6},"obs":{"leaves":2,"flowers":6,"fruits":6,"birds":16},"sp":{"leaves":{"creosote bush":2},"flowers":{"creosote bush":2},"birds":{"curve-billed thrasher":3,"white-winged dove":2,"Cooper's hawk":1}}}]}},{"type":"Feature","geometry":{"type":"Point","coordinates":[-72.56959,44.26299]},"properties":{"site":31664,"st":"VT","n":3,"classes":{"leaves":2,"fruits":1},"weeks":[{"w":"2026-09-01","yes":{"leaves":2,"fruits":1},"obs":{"leaves":2,"fruits":1},"sp":{"leaves":{"apple":2},"fruits":{"apple":1}}}]}},{"type":"Feature","geometry":{"type":"Point","coordinates":[-70.55073,43.33838]},"properties":{"site":31819,"st":"ME","n":7,"classes":{"leaves":7},"weeks":[{"w":"2026-09-22","yes":{"leaves":3},"obs":{"leaves":12,"flowers":6,"fruits":9,"insects":7},"sp":{"leaves":{"beach plum":1,"common milkweed":1,"eastern redbud":1}}},{"w":"2026-09-15","yes":{"leaves":2},"obs":{"leaves":12,"flowers":6,"fruits":9,"insects":7},"sp":{"leaves":{"beach plum":1,"eastern redbud":1}}},{"w":"2026-09-08","yes":{"leaves":2},"obs":{"leaves":12,"flowers":6,"fruits":9,"insects":7},"sp":{"leaves":{"eastern redbud":1,"beach plum":1}}}]}},{"type":"Feature","geometry":{"type":"Point","coordinates":[-89.32233,43.79658]},"properties":{"site":31911,"st":"WI","n":4,"classes":{"leaves":2,"fruits":2},"weeks":[{"w":"2026-09-29","yes":{"leaves":2,"fruits":2},"obs":{"leaves":3,"flowers":3,"fruits":3},"sp":{"leaves":{"pin oak":2},"fruits":{"pin oak":2}}}]}},{"type":"Feature","geometry":{"type":"Point","coordinates":[-122.27908,38.18477]},"properties":{"site":31964,"st":"CA","n":79,"classes":{"birds":79},"weeks":[{"w":"2026-09-29","yes":{"birds":15},"obs":{"birds":47},"sp":{"birds":{"red-winged blackbird":4,"common raven":3,"black-crowned night-heron":3,"yellow-rumped warbler":2,"song sparrow":2}}},{"w":"2026-09-15","yes":{"birds":15},"obs":{"birds":47},"sp":{"birds":{"song sparrow":6,"red-winged blackbird":5,"common moorhen":2,"black-crowned night-heron":1,"turkey vulture":1}}},{"w":"2026-09-08","yes":{"birds":14},"obs":{"birds":47},"sp":{"birds":{"red-winged blackbird":5,"song sparrow":4,"black-crowned night-heron":2,"common moorhen":2,"turkey vulture":1}}},{"w":"2026-09-01","yes":{"birds":17},"obs":{"birds":47},"sp":{"birds":{"song sparrow":4,"red-winged blackbird":4,"common moorhen":3,"black-crowned night-heron":3,"common raven":2}}},{"w":"2026-08-25","yes":{"birds":9},"obs":{"birds":47},"sp":{"birds":{"red-winged blackbird":3,"black-crowned night-heron":3,"song sparrow":2,"turkey vulture":1}}},{"w":"2026-08-18","yes":{"birds":9},"obs":{"birds":47},"sp":{"birds":{"song sparrow":4,"common moorhen":2,"common raven":2,"black-crowned night-heron":1}}}]}},{"type":"Feature","geometry":{"type":"Point","coordinates":[-92.08034,46.82204]},"properties":{"site":32040,"st":"MN","n":546,"classes":{"leaves":297,"fruits":245,"flowers":4},"weeks":[{"w":"2026-09-29","yes":{"leaves":41,"fruits":18},"obs":{"leaves":102,"flowers":72,"fruits":66},"sp":{"leaves":{"sugar maple":11,"paper birch":11,"tamarack":8,"redosier dogwood":7,"green ash":4},"fruits":{"tamarack":6,"paper birch":6,"balsam fir":3,"redosier dogwood":2,"green ash":1}}},{"w":"2026-09-22","yes":{"leaves":38,"fruits":23},"obs":{"leaves":101,"flowers":72,"fruits":62},"sp":{"leaves":{"paper birch":12,"tamarack":8,"sugar maple":7,"redosier dogwood":7,"green ash":4},"fruits":{"paper birch":11,"tamarack":8,"balsam fir":3,"green ash":1}}},{"w":"2026-09-15","yes":{"leaves":69,"fruits":51},"obs":{"leaves":202,"flowers":144,"fruits":127},"sp":{"leaves":{"paper birch":20,"redosier dogwood":15,"sugar maple":13,"tamarack":13,"green ash":8},"fruits":{"paper birch":20,"tamarack":16,"balsam fir":7,"redosier dogwood":5,"green ash":2}}},{"w":"2026-09-08","yes":{"leaves":61,"fruits":41},"obs":{"leaves":206,"flowers":144,"fruits":126},"sp":{"leaves":{"paper birch":17,"sugar maple":17,"tamarack":10,"redosier dogwood":9,"green ash":8},"fruits":{"paper birch":18,"tamarack":14,"balsam fir":6,"green ash":2,"sugar maple":1}}},{"w":"2026-09-01","yes":{"leaves":26,"fruits":29},"obs":{"leaves":104,"flowers":72,"fruits":62},"sp":{"leaves":{"paper birch":7,"sugar maple":6,"tamarack":5,"redosier dogwood":4,"green ash":4},"fruits":{"paper birch":12,"tamarack":8,"redosier dogwood":5,"balsam fir":2,"sugar maple":1}}},{"w":"2026-08-25","yes":{"leaves":42,"flowers":4,"fruits":57},"obs":{"leaves":207,"flowers":142,"fruits":126},"sp":{"leaves":{"paper birch":10,"redosier dogwood":8,"sugar maple":8,"tamarack":8,"green ash":8},"flowers":{"redosier dogwood":4},"fruits":{"paper birch":21,"tamarack":16,"redosier dogwood":7,"balsam fir":6,"sugar maple":5}}},{"w":"2026-08-18","yes":{"leaves":20,"fruits":26},"obs":{"leaves":104,"flowers":72,"fruits":65},"sp":{"leaves":{"green ash":4,"paper birch":4,"redosier dogwood":4,"sugar maple":4,"tamarack":4},"fruits":{"paper birch":12,"tamarack":8,"redosier dogwood":4,"green ash":1,"balsam fir":1}}}]}},{"type":"Feature","geometry":{"type":"Point","coordinates":[-79.42196,37.80196]},"properties":{"site":32118,"st":"VA","n":14,"classes":{"leaves":5,"flowers":1,"fruits":8},"weeks":[{"w":"2026-09-01","yes":{"leaves":5,"flowers":1,"fruits":8},"obs":{"leaves":15,"flowers":9,"fruits":9},"sp":{"leaves":{"flowering dogwood":4,"American common reed":1},"flowers":{"American common reed":1},"fruits":{"flowering dogwood":5,"American common reed":3}}}]}},{"type":"Feature","geometry":{"type":"Point","coordinates":[-70.54581,43.33521]},"properties":{"site":32187,"st":"ME","n":13,"classes":{"leaves":6,"flowers":1,"fruits":6},"weeks":[{"w":"2026-09-08","yes":{"leaves":6,"flowers":1,"fruits":6},"obs":{"leaves":23,"flowers":14,"fruits":12},"sp":{"leaves":{"highbush blueberry":3,"lowbush blueberry":2,"skunk cabbage":1},"flowers":{"skunk cabbage":1},"fruits":{"highbush blueberry":4,"skunk cabbage":2}}}]}},{"type":"Feature","geometry":{"type":"Point","coordinates":[-86.17591,39.90163]},"properties":{"site":32443,"st":"IN","n":1824,"classes":{"leaves":889,"fruits":571,"flowers":364},"weeks":[{"w":"2026-10-06","yes":{"leaves":3,"fruits":3},"obs":{"leaves":3,"fruits":3},"sp":{"leaves":{"flowering dogwood":3},"fruits":{"flowering dogwood":3}}},{"w":"2026-09-29","yes":{"leaves":254,"flowers":63,"fruits":190},"obs":{"leaves":381,"flowers":114,"fruits":293},"sp":{"leaves":{"Allegheny serviceberry":6,"American sycamore":6,"black chokeberry":6,"black walnut":6,"alternateleaf dogwood":5},"flowers":{"lanceleaf tickseed":8,"blue mistflower":4,"browneyed Susan":4,"sneezeweed":4,"white turtlehead":4},"fruits":{"lanceleaf tickseed":12,"Virginia mountainmint":6,"common evening primrose":6,"Culver's root":6,"eastern purple coneflower":6}}},{"w":"2026-09-15","yes":{"leaves":135,"flowers":47,"fruits":88},"obs":{"leaves":196,"flowers":71,"fruits":143},"sp":{"leaves":{"pawpaw":3,"Allegheny serviceberry":3,"river birch":3,"blackhaw":3,"black walnut":3},"flowers":{"lanceleaf tickseed":4,"blue mistflower":2,"browneyed Susan":2,"Canada goldenrod":2,"common yarrow":2},"fruits":{"lanceleaf tickseed":6,"Columbian larkspur":3,"blue wild indigo":3,"wild bergamot":3,"eastern purple coneflower":3}}},{"w":"2026-09-08","yes":{"leaves":131,"flowers":53,"fruits":84},"obs":{"leaves":190,"flowers":76,"fruits":137},"sp":{"leaves":{"Allegheny serviceberry":3,"dwarf chinquapin oak":2,"flowering dogwood":2,"American black elderberry":2,"lanceleaf tickseed":2},"flowers":{"lanceleaf tickseed":4,"New England aster":2,"eastern purple coneflower":2,"cardinalflower":2,"common boneset":2},"fruits":{"lanceleaf tickseed":6,"eastern purple coneflower":3,"largebract ticktrefoil":3,"pinnate prairie coneflower":3,"common yarrow":3}}},{"w":"2026-09-01","yes":{"leaves":123,"flowers":57,"fruits":68},"obs":{"leaves":165,"flowers":82,"fruits":117},"sp":{"leaves":{"northern spicebush":2,"Allegheny serviceberry":2,"American witchhazel":2,"river birch":2,"swamp milkweed":2},"flowers":{"lanceleaf tickseed":4,"blackeyed Susan":2,"common evening primrose":2,"jewelweed":2,"common boneset":2},"fruits":{"lanceleaf tickseed":6,"eastern purple coneflower":3,"spotted joe pye weed":3,"largebract ticktrefoil":3,"black walnut":3}}},{"w":"2026-08-25","yes":{"leaves":122,"flowers":77,"fruits":70},"obs":{"leaves":153,"flowers":104,"fruits":127},"sp":{"leaves":{"Allegheny serviceberry":3,"cutleaf coneflower":2,"eastern redbud":2,"American witchhazel":2,"river birch":2},"flowers":{"cutleaf coneflower":4,"lanceleaf tickseed":4,"New England aster":2,"whorled milkweed":2,"dense blazing star":2},"fruits":{"lanceleaf tickseed":6,"eastern purple coneflower":3,"redosier dogwood":3,"blue wild indigo":3,"cup plant":3}}},{"w":"2026-08-18","yes":{"leaves":121,"flowers":67,"fruits":68},"obs":{"leaves":156,"flowers":102,"fruits":117},"sp":{"leaves":{"northern spicebush":2,"common boneset":2,"purple prairie clover":2,"Allegheny serviceberry":2,"American witchhazel":2},"flowers":{"lanceleaf tickseed":4,"blackeyed Susan":2,"Virginia mountainmint":2,"common evening primrose":2,"jewelweed":2},"fruits":{"lanceleaf tickseed":6,"eastern purple coneflower":3,"pinnate prairie coneflower":3,"scarlet beebalm":3,"black walnut":3}}}]}},{"type":"Feature","geometry":{"type":"Point","coordinates":[-88.39029,44.34732]},"properties":{"site":32577,"st":"WI","n":2,"classes":{"leaves":1,"flowers":1},"weeks":[{"w":"2026-08-25","yes":{"leaves":1,"flowers":1},"obs":{"leaves":1,"flowers":1},"sp":{"leaves":{"eastern purple coneflower":1},"flowers":{"eastern purple coneflower":1}}}]}},{"type":"Feature","geometry":{"type":"Point","coordinates":[-73.99733,40.73082]},"properties":{"site":32789,"st":"NY","n":524,"classes":{"leaves":355,"flowers":10,"fruits":159},"weeks":[{"w":"2026-10-06","yes":{"leaves":35,"flowers":1,"fruits":9},"obs":{"leaves":77,"flowers":33,"fruits":41},"sp":{"leaves":{"sweetgum":5,"flowering dogwood":4,"white oak":3,"star magnolia":3,"Yoshino cherry":3},"flowers":{"American witchhazel":1},"fruits":{"sweetgum":2,"littleleaf linden":2,"eastern redbud":2,"maidenhair tree":2,"northern catalpa":1}}},{"w":"2026-09-29","yes":{"leaves":65,"flowers":5,"fruits":33},"obs":{"leaves":118,"flowers":48,"fruits":74},"sp":{"leaves":{"tuliptree":25,"sweetgum":8,"American witchhazel":5,"swamp white oak":3,"white oak":3},"flowers":{"American witchhazel":2,"star magnolia":1,"Japanese flowering cherry":1,"eastern redbud":1},"fruits":{"tuliptree":8,"sweetgum":7,"maidenhair tree":6,"flowering dogwood":3,"swamp white oak":2}}},{"w":"2026-09-22","yes":{"leaves":80,"fruits":40},"obs":{"leaves":152,"flowers":58,"fruits":97},"sp":{"leaves":{"flowering dogwood":14,"eastern redbud":11,"northern catalpa":9,"American witchhazel":8,"tuliptree":8},"fruits":{"flowering dogwood":12,"eastern redbud":7,"northern catalpa":6,"maidenhair tree":6,"tuliptree":4}}},{"w":"2026-09-15","yes":{"leaves":104,"flowers":4,"fruits":40},"obs":{"leaves":149,"flowers":38,"fruits":100},"sp":{"leaves":{"Yoshino cherry":19,"eastern redbud":12,"tuliptree":10,"Japanese flowering cherry":9,"flowering dogwood":8},"flowers":{"flowering dogwood":2,"northern catalpa":1,"star magnolia":1},"fruits":{"eastern redbud":12,"tuliptree":9,"flowering dogwood":6,"littleleaf linden":4,"sweetgum":3}}},{"w":"2026-09-08","yes":{"leaves":20,"fruits":22},"obs":{"leaves":32,"flowers":4,"fruits":34},"sp":{"leaves":{"star magnolia":4,"eastern redbud":3,"red maple":3,"flowering dogwood":3,"northern catalpa":2},"fruits":{"flowering dogwood":6,"eastern redbud":4,"tuliptree":3,"northern catalpa":2,"Kousa dogwood":2}}},{"w":"2026-09-01","yes":{"leaves":1,"fruits":1},"obs":{"leaves":3,"flowers":2,"fruits":2},"sp":{"leaves":{"flowering dogwood":1},"fruits":{"flowering dogwood":1}}},{"w":"2026-08-25","yes":{"leaves":15,"fruits":3},"obs":{"leaves":18,"flowers":2,"fruits":6},"sp":{"leaves":{"flowering dogwood":5,"eastern redbud":4,"littleleaf linden":2,"Kousa dogwood":2,"Japanese flowering cherry":2},"fruits":{"eastern redbud":2,"flowering dogwood":1}}},{"w":"2026-08-18","yes":{"leaves":35,"fruits":11},"obs":{"leaves":81,"flowers":45,"fruits":58},"sp":{"leaves":{"flowering dogwood":5,"tuliptree":3,"red maple":3,"American witchhazel":3,"Japanese flowering cherry":3},"fruits":{"tuliptree":3,"sweetgum":2,"northern catalpa":1,"maidenhair tree":1,"littleleaf linden":1}}}]}},{"type":"Feature","geometry":{"type":"Point","coordinates":[-85.95519,38.59569]},"properties":{"site":32877,"st":"IN","n":127,"classes":{"leaves":69,"fruits":50,"flowers":8},"weeks":[{"w":"2026-09-29","yes":{"leaves":10,"fruits":6},"obs":{"leaves":24,"flowers":12,"fruits":18,"insects":3},"sp":{"leaves":{"eastern redbud":3,"burningbush":3,"flowering dogwood":2,"rose of Sharon":1,"common milkweed":1},"fruits":{"eastern redbud":2,"burningbush":2,"flowering dogwood":2}}},{"w":"2026-09-22","yes":{"leaves":9,"fruits":6},"obs":{"leaves":24,"flowers":12,"fruits":18,"insects":3},"sp":{"leaves":{"eastern redbud":3,"burningbush":2,"flowering dogwood":2,"rose of Sharon":1,"common milkweed":1},"fruits":{"eastern redbud":2,"burningbush":2,"flowering dogwood":2}}},{"w":"2026-09-15","yes":{"leaves":11,"fruits":9},"obs":{"leaves":24,"flowers":12,"fruits":18,"insects":3},"sp":{"leaves":{"eastern redbud":3,"burningbush":3,"rose of Sharon":2,"flowering dogwood":2,"common milkweed":1},"fruits":{"rose of Sharon":3,"eastern redbud":2,"burningbush":2,"flowering dogwood":1,"common milkweed":1}}},{"w":"2026-09-08","yes":{"leaves":11,"flowers":2,"fruits":8},"obs":{"leaves":24,"flowers":12,"fruits":18,"insects":3},"sp":{"leaves":{"eastern redbud":3,"burningbush":3,"flowering dogwood":2,"rose of Sharon":2,"common milkweed":1},"flowers":{"rose of Sharon":2},"fruits":{"rose of Sharon":3,"eastern redbud":2,"burningbush":2,"common milkweed":1}}},{"w":"2026-09-01","yes":{"leaves":10,"flowers":2,"fruits":8},"obs":{"leaves":22,"flowers":10,"fruits":17,"insects":3},"sp":{"leaves":{"burningbush":3,"eastern redbud":2,"rose of Sharon":2,"flowering dogwood":2,"common milkweed":1},"flowers":{"rose of Sharon":2},"fruits":{"garden asparagus":2,"eastern redbud":2,"rose of Sharon":2,"burningbush":1,"common milkweed":1}}},{"w":"2026-08-25","yes":{"leaves":9,"flowers":2,"fruits":7},"obs":{"leaves":22,"flowers":10,"fruits":17,"insects":3},"sp":{"leaves":{"eastern redbud":2,"burningbush":2,"rose of Sharon":2,"flowering dogwood":2,"common milkweed":1},"flowers":{"rose of Sharon":2},"fruits":{"garden asparagus":2,"eastern redbud":2,"burningbush":1,"rose of Sharon":1,"common milkweed":1}}},{"w":"2026-08-18","yes":{"leaves":9,"flowers":2,"fruits":6},"obs":{"leaves":24,"flowers":12,"fruits":18,"insects":3},"sp":{"leaves":{"eastern redbud":2,"burningbush":2,"flowering dogwood":2,"rose of Sharon":2,"common milkweed":1},"flowers":{"rose of Sharon":2},"fruits":{"garden asparagus":2,"eastern redbud":1,"burningbush":1,"rose of Sharon":1,"common milkweed":1}}}]}},{"type":"Feature","geometry":{"type":"Point","coordinates":[-77.09515,39.00968]},"properties":{"site":32985,"st":"MD","n":62,"classes":{"leaves":34,"fruits":24,"flowers":4},"weeks":[{"w":"2026-10-06","yes":{"leaves":17,"fruits":12},"obs":{"leaves":49,"flowers":29,"fruits":39},"sp":{"leaves":{"flowering dogwood":3,"northern spicebush":2,"forsythia":2,"redosier dogwood":2,"pawpaw":1},"fruits":{"eastern purple coneflower":3,"eastern redbud":3,"foxglove beardtongue":2,"pawpaw":1,"northern spicebush":1}}},{"w":"2026-09-15","yes":{"leaves":17,"flowers":4,"fruits":12},"obs":{"leaves":50,"flowers":29,"fruits":37},"sp":{"leaves":{"northern spicebush":4,"flowering dogwood":2,"redosier dogwood":2,"pawpaw":1,"white fringetree":1},"flowers":{"eastern purple coneflower":2,"little bluestem":2},"fruits":{"eastern redbud":3,"eastern purple coneflower":3,"foxglove beardtongue":2,"northern spicebush":2,"pawpaw":1}}}]}},{"type":"Feature","geometry":{"type":"Point","coordinates":[-69.62257,43.86423]},"properties":{"site":32986,"st":"ME","n":147,"classes":{"leaves":58,"flowers":31,"fruits":58},"weeks":[{"w":"2026-09-08","yes":{"leaves":16,"flowers":5,"fruits":19},"obs":{"leaves":40,"flowers":32,"fruits":42},"sp":{"leaves":{"rugosa rose":3,"Autumn Brilliance serviceberry":3,"American mountain ash":2,"swamp milkweed":1,"butterfly milkweed":1},"flowers":{"wrinkleleaf goldenrod":2,"Japanese knotweed":2,"rugosa rose":1},"fruits":{"eastern purple coneflower":3,"rugosa rose":3,"American mountain ash":3,"common milkweed":3,"blackeyed Susan":2}}},{"w":"2026-09-01","yes":{"leaves":14,"flowers":8,"fruits":15},"obs":{"leaves":40,"flowers":32,"fruits":42},"sp":{"leaves":{"Autumn Brilliance serviceberry":3,"rugosa rose":2,"common milkweed":1,"American mountain ash":1,"red maple":1},"flowers":{"rugosa rose":2,"wrinkleleaf goldenrod":2,"blackeyed Susan":2,"Japanese knotweed":2},"fruits":{"American mountain ash":3,"rugosa rose":3,"eastern purple coneflower":2,"blackeyed Susan":2,"common milkweed":1}}},{"w":"2026-08-25","yes":{"leaves":14,"flowers":9,"fruits":12},"obs":{"leaves":40,"flowers":32,"fruits":42},"sp":{"leaves":{"Autumn Brilliance serviceberry":3,"rugosa rose":2,"American mountain ash":1,"common milkweed":1,"red maple":1},"flowers":{"rugosa rose":2,"eastern purple coneflower":2,"blackeyed Susan":2,"Japanese knotweed":2,"wrinkleleaf goldenrod":1},"fruits":{"American mountain ash":2,"rugosa rose":2,"blackeyed Susan":2,"common milkweed":1,"red spruce":1}}},{"w":"2026-08-18","yes":{"leaves":14,"flowers":9,"fruits":12},"obs":{"leaves":40,"flowers":32,"fruits":42},"sp":{"leaves":{"Autumn Brilliance serviceberry":3,"rugosa rose":2,"red maple":1,"blackeyed Susan":1,"Japanese knotweed":1},"flowers":{"rugosa rose":2,"blackeyed Susan":2,"Japanese knotweed":2,"eastern purple coneflower":2,"wrinkleleaf goldenrod":1},"fruits":{"rugosa rose":2,"blackeyed Susan":2,"American mountain ash":2,"eastern white pine":1,"red spruce":1}}}]}},{"type":"Feature","geometry":{"type":"Point","coordinates":[-93.63814,42.01136]},"properties":{"site":33012,"st":"IA","n":92,"classes":{"leaves":36,"flowers":21,"fruits":35},"weeks":[{"w":"2026-08-25","yes":{"leaves":17,"flowers":8,"fruits":18},"obs":{"leaves":54,"flowers":35,"fruits":42},"sp":{"leaves":{"Ohio buckeye":3,"swamp white oak":1,"common buttonbush":1,"button eryngo":1,"little bluestem":1},"flowers":{"common buttonbush":2,"little bluestem":2,"butterfly milkweed":2,"eastern purple coneflower":2},"fruits":{"blue wild indigo":3,"Ohio buckeye":3,"eastern purple coneflower":2,"swamp white oak":1,"common buttonbush":1}}},{"w":"2026-08-18","yes":{"leaves":19,"flowers":13,"fruits":17},"obs":{"leaves":54,"flowers":35,"fruits":42},"sp":{"leaves":{"Ohio buckeye":3,"hawthorn":3,"river birch":1,"eastern redbud":1,"tuliptree":1},"flowers":{"butterfly milkweed":2,"eastern purple coneflower":2,"red columbine":2,"common buttonbush":2,"button eryngo":2},"fruits":{"blue wild indigo":3,"Ohio buckeye":2,"hawthorn":2,"red columbine":2,"eastern redbud":1}}}]}},{"type":"Feature","geometry":{"type":"Point","coordinates":[-122.45406,48.73075]},"properties":{"site":33127,"st":"WA","n":38,"classes":{"leaves":30,"fruits":8},"weeks":[{"w":"2026-10-06","yes":{"leaves":6},"obs":{"leaves":10,"flowers":5,"fruits":6},"sp":{"leaves":{"Indian plum":3,"vine maple":3}}},{"w":"2026-09-29","yes":{"leaves":4,"fruits":2},"obs":{"leaves":10,"flowers":5,"fruits":6},"sp":{"leaves":{"Indian plum":3,"vine maple":1},"fruits":{"vine maple":2}}},{"w":"2026-09-22","yes":{"leaves":4},"obs":{"leaves":10,"flowers":5,"fruits":6},"sp":{"leaves":{"Indian plum":3,"vine maple":1}}},{"w":"2026-09-15","yes":{"leaves":4,"fruits":2},"obs":{"leaves":10,"flowers":5,"fruits":6},"sp":{"leaves":{"Indian plum":3,"vine maple":1},"fruits":{"vine maple":2}}},{"w":"2026-09-01","yes":{"leaves":4,"fruits":2},"obs":{"leaves":10,"flowers":5,"fruits":6},"sp":{"leaves":{"Indian plum":3,"vine maple":1},"fruits":{"vine maple":2}}},{"w":"2026-08-25","yes":{"leaves":4,"fruits":2},"obs":{"leaves":10,"flowers":5,"fruits":6},"sp":{"leaves":{"Indian plum":3,"vine maple":1},"fruits":{"vine maple":2}}},{"w":"2026-08-18","yes":{"leaves":4},"obs":{"leaves":10,"flowers":5,"fruits":6},"sp":{"leaves":{"Indian plum":3,"vine maple":1}}}]}},{"type":"Feature","geometry":{"type":"Point","coordinates":[-122.4531,48.72331]},"properties":{"site":33133,"st":"WA","n":29,"classes":{"leaves":17,"fruits":12},"weeks":[{"w":"2026-10-06","yes":{"leaves":3},"obs":{"leaves":5,"flowers":3,"fruits":3},"sp":{"leaves":{"bigleaf maple":3}}},{"w":"2026-09-29","yes":{"leaves":3,"fruits":2},"obs":{"leaves":5,"flowers":3,"fruits":3},"sp":{"leaves":{"bigleaf maple":3},"fruits":{"bigleaf maple":2}}},{"w":"2026-09-22","yes":{"leaves":3,"fruits":2},"obs":{"leaves":5,"flowers":3,"fruits":3},"sp":{"leaves":{"bigleaf maple":3},"fruits":{"bigleaf maple":2}}},{"w":"2026-09-15","yes":{"leaves":3,"fruits":2},"obs":{"leaves":5,"flowers":3,"fruits":3},"sp":{"leaves":{"bigleaf maple":3},"fruits":{"bigleaf maple":2}}},{"w":"2026-09-01","yes":{"leaves":3,"fruits":2},"obs":{"leaves":5,"flowers":3,"fruits":3},"sp":{"leaves":{"bigleaf maple":3},"fruits":{"bigleaf maple":2}}},{"w":"2026-08-25","yes":{"leaves":1,"fruits":2},"obs":{"leaves":5,"flowers":3,"fruits":3},"sp":{"leaves":{"bigleaf maple":1},"fruits":{"bigleaf maple":2}}},{"w":"2026-08-18","yes":{"leaves":1,"fruits":2},"obs":{"leaves":5,"flowers":3,"fruits":3},"sp":{"leaves":{"bigleaf maple":1},"fruits":{"bigleaf maple":2}}}]}},{"type":"Feature","geometry":{"type":"Point","coordinates":[-122.45232,48.72901]},"properties":{"site":33134,"st":"WA","n":7,"classes":{"leaves":7},"weeks":[{"w":"2026-10-06","yes":{"leaves":1},"obs":{"leaves":2,"flowers":2,"fruits":3},"sp":{"leaves":{"white trillium":1}}},{"w":"2026-09-29","yes":{"leaves":1},"obs":{"leaves":2,"flowers":2,"fruits":3},"sp":{"leaves":{"white trillium":1}}},{"w":"2026-09-22","yes":{"leaves":1},"obs":{"leaves":2,"flowers":2,"fruits":3},"sp":{"leaves":{"white trillium":1}}},{"w":"2026-09-15","yes":{"leaves":1},"obs":{"leaves":2,"flowers":2,"fruits":3},"sp":{"leaves":{"white trillium":1}}},{"w":"2026-09-01","yes":{"leaves":1},"obs":{"leaves":2,"flowers":2,"fruits":3},"sp":{"leaves":{"white trillium":1}}},{"w":"2026-08-25","yes":{"leaves":1},"obs":{"leaves":2,"flowers":2,"fruits":3},"sp":{"leaves":{"white trillium":1}}},{"w":"2026-08-18","yes":{"leaves":1},"obs":{"leaves":2,"flowers":2,"fruits":3},"sp":{"leaves":{"white trillium":1}}}]}},{"type":"Feature","geometry":{"type":"Point","coordinates":[-122.45204,48.72952]},"properties":{"site":33135,"st":"WA","n":15,"classes":{"leaves":7,"fruits":8},"weeks":[{"w":"2026-10-06","yes":{"leaves":1},"obs":{"leaves":2,"flowers":2,"fruits":3},"sp":{"leaves":{"American skunkcabbage":1}}},{"w":"2026-09-29","yes":{"leaves":1},"obs":{"leaves":2,"flowers":2,"fruits":3},"sp":{"leaves":{"American skunkcabbage":1}}},{"w":"2026-09-22","yes":{"leaves":1},"obs":{"leaves":2,"flowers":2,"fruits":3},"sp":{"leaves":{"American skunkcabbage":1}}},{"w":"2026-09-15","yes":{"leaves":1,"fruits":2},"obs":{"leaves":2,"flowers":2,"fruits":3},"sp":{"leaves":{"American skunkcabbage":1},"fruits":{"American skunkcabbage":2}}},{"w":"2026-09-01","yes":{"leaves":1,"fruits":2},"obs":{"leaves":2,"flowers":2,"fruits":3},"sp":{"leaves":{"American skunkcabbage":1},"fruits":{"American skunkcabbage":2}}},{"w":"2026-08-25","yes":{"leaves":1,"fruits":2},"obs":{"leaves":2,"flowers":2,"fruits":3},"sp":{"leaves":{"American skunkcabbage":1},"fruits":{"American skunkcabbage":2}}},{"w":"2026-08-18","yes":{"leaves":1,"fruits":2},"obs":{"leaves":2,"flowers":2,"fruits":3},"sp":{"leaves":{"American skunkcabbage":1},"fruits":{"American skunkcabbage":2}}}]}},{"type":"Feature","geometry":{"type":"Point","coordinates":[-122.45349,48.72843]},"properties":{"site":33136,"st":"WA","n":12,"classes":{"birds":12},"weeks":[{"w":"2026-10-06","yes":{"birds":4},"obs":{"birds":8},"sp":{"birds":{"barred owl":2,"common raven":2}}},{"w":"2026-09-29","yes":{"birds":2},"obs":{"birds":8},"sp":{"birds":{"common raven":2}}},{"w":"2026-09-22","yes":{"birds":3},"obs":{"birds":8},"sp":{"birds":{"common raven":3}}},{"w":"2026-09-15","yes":{"birds":2},"obs":{"birds":8},"sp":{"birds":{"common raven":2}}},{"w":"2026-09-01","yes":{},"obs":{"birds":8},"sp":{}},{"w":"2026-08-25","yes":{},"obs":{"birds":8},"sp":{}},{"w":"2026-08-18","yes":{"birds":1},"obs":{"birds":8},"sp":{"birds":{"barred owl":1}}}]}},{"type":"Feature","geometry":{"type":"Point","coordinates":[-122.45071,48.73044]},"properties":{"site":33137,"st":"WA","n":33,"classes":{"leaves":7,"fruits":26},"weeks":[{"w":"2026-10-06","yes":{"leaves":1,"fruits":2},"obs":{"leaves":7,"flowers":4,"fruits":6},"sp":{"leaves":{"oceanspray":1},"fruits":{"oceanspray":2}}},{"w":"2026-09-29","yes":{"leaves":1,"fruits":2},"obs":{"leaves":7,"flowers":4,"fruits":6},"sp":{"leaves":{"oceanspray":1},"fruits":{"oceanspray":2}}},{"w":"2026-09-22","yes":{"leaves":1,"fruits":4},"obs":{"leaves":7,"flowers":4,"fruits":6},"sp":{"leaves":{"oceanspray":1},"fruits":{"oceanspray":2,"creeping barberry":2}}},{"w":"2026-09-15","yes":{"leaves":1,"fruits":5},"obs":{"leaves":7,"flowers":4,"fruits":6},"sp":{"leaves":{"oceanspray":1},"fruits":{"creeping barberry":3,"oceanspray":2}}},{"w":"2026-09-01","yes":{"leaves":1,"fruits":4},"obs":{"leaves":7,"flowers":4,"fruits":6},"sp":{"leaves":{"oceanspray":1},"fruits":{"oceanspray":2,"creeping barberry":2}}},{"w":"2026-08-25","yes":{"leaves":1,"fruits":5},"obs":{"leaves":7,"flowers":4,"fruits":6},"sp":{"leaves":{"oceanspray":1},"fruits":{"oceanspray":3,"creeping barberry":2}}},{"w":"2026-08-18","yes":{"leaves":1,"fruits":4},"obs":{"leaves":7,"flowers":4,"fruits":6},"sp":{"leaves":{"oceanspray":1},"fruits":{"oceanspray":2,"creeping barberry":2}}}]}},{"type":"Feature","geometry":{"type":"Point","coordinates":[-122.45377,48.73768]},"properties":{"site":33169,"st":"WA","n":68,"classes":{"birds":68},"weeks":[{"w":"2026-10-06","yes":{"birds":9},"obs":{"birds":14},"sp":{"birds":{"Steller's jay":6,"Anna's hummingbird":3}}},{"w":"2026-09-29","yes":{"birds":9},"obs":{"birds":14},"sp":{"birds":{"Steller's jay":5,"Anna's hummingbird":4}}},{"w":"2026-09-22","yes":{"birds":11},"obs":{"birds":14},"sp":{"birds":{"Steller's jay":7,"Anna's hummingbird":4}}},{"w":"2026-09-15","yes":{"birds":10},"obs":{"birds":14},"sp":{"birds":{"Steller's jay":6,"Anna's hummingbird":4}}},{"w":"2026-09-01","yes":{"birds":11},"obs":{"birds":14},"sp":{"birds":{"Steller's jay":7,"Anna's hummingbird":4}}},{"w":"2026-08-25","yes":{"birds":9},"obs":{"birds":14},"sp":{"birds":{"Steller's jay":5,"Anna's hummingbird":4}}},{"w":"2026-08-18","yes":{"birds":9},"obs":{"birds":14},"sp":{"birds":{"Steller's jay":5,"Anna's hummingbird":4}}}]}},{"type":"Feature","geometry":{"type":"Point","coordinates":[-77.35712,38.92084]},"properties":{"site":33267,"st":"VA","n":1,"classes":{"leaves":1},"weeks":[{"w":"2026-09-22","yes":{},"obs":{"leaves":2,"flowers":3},"sp":{}},{"w":"2026-09-15","yes":{},"obs":{"leaves":2,"flowers":3},"sp":{}},{"w":"2026-08-25","yes":{"leaves":1},"obs":{"leaves":2,"flowers":3},"sp":{"leaves":{"Red Rothomagensis lilac":1}}}]}},{"type":"Feature","geometry":{"type":"Point","coordinates":[-90.09421,30.00475]},"properties":{"site":33401,"st":"LA","n":121,"classes":{"leaves":74,"fruits":45,"flowers":2},"weeks":[{"w":"2026-10-06","yes":{"leaves":29,"fruits":12},"obs":{"leaves":61,"flowers":34,"fruits":37},"sp":{"leaves":{"American sycamore":6,"bald cypress":4,"live oak":3,"common hackberry":3,"black willow":3},"fruits":{"American sycamore":6,"common buttonbush":3,"bald cypress":1,"live oak":1,"sweetgum":1}}},{"w":"2026-09-22","yes":{"leaves":27,"fruits":15},"obs":{"leaves":61,"flowers":34,"fruits":36},"sp":{"leaves":{"American sycamore":6,"bald cypress":4,"sweetgum":3,"black willow":3,"honeylocust":3},"fruits":{"American sycamore":6,"American beautyberry":3,"common buttonbush":2,"live oak":1,"common hackberry":1}}},{"w":"2026-09-01","yes":{"leaves":18,"flowers":2,"fruits":18},"obs":{"leaves":60,"flowers":34,"fruits":38},"sp":{"leaves":{"American sycamore":6,"bald cypress":3,"common buttonbush":2,"live oak":1,"common hackberry":1},"flowers":{"common buttonbush":2},"fruits":{"American sycamore":6,"common hackberry":3,"common buttonbush":2,"American beautyberry":2,"honeylocust":2}}}]}},{"type":"Feature","geometry":{"type":"Point","coordinates":[-92.18715,47.03539]},"properties":{"site":33435,"st":"MN","n":370,"classes":{"leaves":228,"fruits":138,"flowers":4},"weeks":[{"w":"2026-10-06","yes":{"leaves":30,"fruits":10},"obs":{"leaves":50,"flowers":30,"fruits":30},"sp":{"leaves":{"redosier dogwood":12,"mountain maple":12,"green ash":6},"fruits":{"mountain maple":6,"green ash":2,"redosier dogwood":2}}},{"w":"2026-09-22","yes":{"leaves":62,"fruits":26},"obs":{"leaves":150,"flowers":90,"fruits":84},"sp":{"leaves":{"redosier dogwood":24,"mountain maple":24,"green ash":14},"fruits":{"mountain maple":14,"green ash":10,"redosier dogwood":2}}},{"w":"2026-09-15","yes":{"leaves":38,"fruits":22},"obs":{"leaves":100,"flowers":60,"fruits":60},"sp":{"leaves":{"redosier dogwood":15,"mountain maple":15,"green ash":8},"fruits":{"mountain maple":10,"green ash":7,"redosier dogwood":5}}},{"w":"2026-09-08","yes":{"leaves":13,"fruits":11},"obs":{"leaves":50,"flowers":30,"fruits":29},"sp":{"leaves":{"mountain maple":6,"redosier dogwood":4,"green ash":3},"fruits":{"mountain maple":7,"green ash":3,"redosier dogwood":1}}},{"w":"2026-09-01","yes":{"leaves":28,"fruits":18},"obs":{"leaves":100,"flowers":60,"fruits":60},"sp":{"leaves":{"mountain maple":16,"redosier dogwood":8,"green ash":4},"fruits":{"mountain maple":8,"green ash":6,"redosier dogwood":4}}},{"w":"2026-08-25","yes":{"leaves":46,"flowers":4,"fruits":38},"obs":{"leaves":150,"flowers":88,"fruits":84},"sp":{"leaves":{"mountain maple":23,"redosier dogwood":16,"green ash":7},"flowers":{"redosier dogwood":4},"fruits":{"mountain maple":14,"redosier dogwood":14,"green ash":10}}},{"w":"2026-08-18","yes":{"leaves":11,"fruits":13},"obs":{"leaves":50,"flowers":30,"fruits":28},"sp":{"leaves":{"mountain maple":5,"redosier dogwood":4,"green ash":2},"fruits":{"redosier dogwood":7,"mountain maple":3,"green ash":3}}}]}},{"type":"Feature","geometry":{"type":"Point","coordinates":[-92.17973,47.04601]},"properties":{"site":33436,"st":"MN","n":572,"classes":{"leaves":190,"fruits":381,"flowers":1},"weeks":[{"w":"2026-10-06","yes":{"leaves":27,"fruits":30},"obs":{"leaves":56,"flowers":47,"fruits":42},"sp":{"leaves":{"paper birch":12,"tamarack":9,"green ash":6},"fruits":{"balsam fir":12,"paper birch":8,"tamarack":6,"green ash":4}}},{"w":"2026-09-22","yes":{"leaves":55,"fruits":92},"obs":{"leaves":157,"flowers":123,"fruits":106},"sp":{"leaves":{"paper birch":22,"tamarack":19,"green ash":14},"fruits":{"paper birch":30,"balsam fir":30,"tamarack":18,"green ash":14}}},{"w":"2026-09-15","yes":{"leaves":29,"fruits":58},"obs":{"leaves":107,"flowers":84,"fruits":79},"sp":{"leaves":{"paper birch":12,"tamarack":9,"green ash":8},"fruits":{"paper birch":18,"balsam fir":18,"tamarack":14,"green ash":8}}},{"w":"2026-09-08","yes":{"leaves":13,"fruits":33},"obs":{"leaves":51,"flowers":39,"fruits":38},"sp":{"leaves":{"tamarack":5,"paper birch":5,"green ash":3},"fruits":{"paper birch":12,"balsam fir":11,"tamarack":6,"green ash":4}}},{"w":"2026-09-01","yes":{"leaves":20,"flowers":1,"fruits":61},"obs":{"leaves":105,"flowers":81,"fruits":67},"sp":{"leaves":{"paper birch":8,"tamarack":8,"green ash":4},"flowers":{"balsam fir":1},"fruits":{"paper birch":24,"balsam fir":16,"green ash":11,"tamarack":10}}},{"w":"2026-08-25","yes":{"leaves":35,"fruits":81},"obs":{"leaves":161,"flowers":126,"fruits":109},"sp":{"leaves":{"paper birch":15,"tamarack":14,"green ash":6},"fruits":{"paper birch":32,"balsam fir":20,"green ash":15,"tamarack":14}}},{"w":"2026-08-18","yes":{"leaves":11,"fruits":26},"obs":{"leaves":54,"flowers":42,"fruits":36},"sp":{"leaves":{"tamarack":5,"paper birch":4,"green ash":2},"fruits":{"paper birch":11,"balsam fir":6,"tamarack":5,"green ash":4}}}]}},{"type":"Feature","geometry":{"type":"Point","coordinates":[-70.55213,43.34002]},"properties":{"site":33569,"st":"ME","n":143,"classes":{"leaves":71,"fruits":66,"insects":6},"weeks":[{"w":"2026-09-29","yes":{"leaves":9,"fruits":8},"obs":{"leaves":33,"flowers":26,"fruits":27},"sp":{"leaves":{"red maple":6,"northern red oak":3},"fruits":{"northern red oak":4,"common milkweed":3,"eastern white pine":1}}},{"w":"2026-09-22","yes":{"leaves":12,"fruits":13,"insects":2},"obs":{"leaves":38,"flowers":28,"fruits":30,"insects":7},"sp":{"leaves":{"red maple":6,"northern red oak":5,"common milkweed":1},"fruits":{"northern red oak":7,"common milkweed":6},"insects":{"monarch":2}}},{"w":"2026-09-15","yes":{"leaves":16,"fruits":14},"obs":{"leaves":65,"flowers":52,"fruits":53,"insects":14},"sp":{"leaves":{"red maple":12,"northern red oak":3,"common milkweed":1},"fruits":{"northern red oak":8,"common milkweed":4,"eastern white pine":2}}},{"w":"2026-09-08","yes":{"leaves":16,"fruits":11},"obs":{"leaves":65,"flowers":52,"fruits":51},"sp":{"leaves":{"red maple":11,"northern red oak":3,"common milkweed":2},"fruits":{"northern red oak":7,"common milkweed":2,"eastern white pine":2}}},{"w":"2026-09-01","yes":{"leaves":7,"fruits":6},"obs":{"leaves":31,"flowers":26,"fruits":26},"sp":{"leaves":{"red maple":4,"northern red oak":2,"common milkweed":1},"fruits":{"northern red oak":4,"common milkweed":1,"eastern white pine":1}}},{"w":"2026-08-25","yes":{"leaves":5,"fruits":9,"insects":2},"obs":{"leaves":19,"flowers":13,"fruits":14,"insects":14},"sp":{"leaves":{"common milkweed":2,"northern red oak":2,"red maple":1},"fruits":{"northern red oak":6,"common milkweed":3},"insects":{"monarch":2}}},{"w":"2026-08-18","yes":{"leaves":6,"fruits":5,"insects":2},"obs":{"leaves":33,"flowers":26,"fruits":27,"insects":7},"sp":{"leaves":{"red maple":3,"northern red oak":2,"common milkweed":1},"fruits":{"northern red oak":3,"eastern white pine":1,"common milkweed":1},"insects":{"monarch":2}}}]}},{"type":"Feature","geometry":{"type":"Point","coordinates":[-92.0817,46.79715]},"properties":{"site":33579,"st":"MN","n":41,"classes":{"leaves":26,"flowers":2,"fruits":13},"weeks":[{"w":"2026-08-18","yes":{"leaves":26,"flowers":2,"fruits":13},"obs":{"leaves":103,"flowers":65,"fruits":65},"sp":{"leaves":{"redosier dogwood":6,"American mountain ash":6,"paper birch":6,"boxelder":4,"green ash":4},"flowers":{"redosier dogwood":2},"fruits":{"redosier dogwood":4,"American mountain ash":4,"green ash":3,"boxelder":2}}}]}},{"type":"Feature","geometry":{"type":"Point","coordinates":[-68.9324,45.91391]},"properties":{"site":33695,"st":"ME","n":31,"classes":{"leaves":7,"fruits":24},"weeks":[{"w":"2026-09-01","yes":{"leaves":4,"fruits":10},"obs":{"leaves":12,"flowers":13,"fruits":13},"sp":{"leaves":{"bog blueberry":2,"Bigelow's sedge":1,"lingonberry":1},"fruits":{"Bigelow's sedge":2,"bog blueberry":2,"pincushion plant":2,"lingonberry":2,"shrubby fivefingers":2}}},{"w":"2026-08-25","yes":{"leaves":3,"fruits":14},"obs":{"leaves":10,"flowers":11,"fruits":15},"sp":{"leaves":{"bog blueberry":2,"Bigelow's sedge":1},"fruits":{"shrubby fivefingers":3,"Bigelow's sedge":3,"bog blueberry":3,"pincushion plant":3,"lingonberry":2}}}]}},{"type":"Feature","geometry":{"type":"Point","coordinates":[-68.93233,45.91256]},"properties":{"site":33696,"st":"ME","n":43,"classes":{"leaves":14,"flowers":3,"fruits":26},"weeks":[{"w":"2026-09-22","yes":{"leaves":10,"flowers":2,"fruits":17},"obs":{"leaves":22,"flowers":20,"fruits":29},"sp":{"leaves":{"bog blueberry":6,"Bigelow's sedge":2,"bog Labrador tea":2},"flowers":{"bog Labrador tea":2},"fruits":{"bog blueberry":6,"lingonberry":6,"pincushion plant":5}}},{"w":"2026-09-01","yes":{"leaves":4,"flowers":1,"fruits":9},"obs":{"leaves":11,"flowers":11,"fruits":12},"sp":{"leaves":{"Bigelow's sedge":1,"bog blueberry":1,"lingonberry":1,"bog Labrador tea":1},"flowers":{"bog Labrador tea":1},"fruits":{"bog Labrador tea":3,"bog blueberry":2,"pincushion plant":2,"lingonberry":2}}}]}},{"type":"Feature","geometry":{"type":"Point","coordinates":[-68.92934,45.90866]},"properties":{"site":33697,"st":"ME","n":70,"classes":{"leaves":25,"flowers":1,"fruits":44},"weeks":[{"w":"2026-09-29","yes":{"leaves":5,"flowers":1,"fruits":4},"obs":{"leaves":13,"flowers":11,"fruits":13},"sp":{"leaves":{"bog blueberry":3,"pincushion plant":2},"flowers":{"bog blueberry":1},"fruits":{"Bigelow's sedge":2,"pincushion plant":2}}},{"w":"2026-09-22","yes":{"leaves":8,"fruits":18},"obs":{"leaves":20,"flowers":22,"fruits":29},"sp":{"leaves":{"bog blueberry":6,"Bigelow's sedge":2},"fruits":{"Bigelow's sedge":6,"bog blueberry":6,"pincushion plant":6}}},{"w":"2026-09-08","yes":{"leaves":4,"fruits":8},"obs":{"leaves":11,"flowers":11,"fruits":15},"sp":{"leaves":{"bog blueberry":3,"Bigelow's sedge":1},"fruits":{"Bigelow's sedge":3,"pincushion plant":3,"bog blueberry":2}}},{"w":"2026-08-25","yes":{"leaves":4,"fruits":7},"obs":{"leaves":11,"flowers":11,"fruits":15},"sp":{"leaves":{"bog blueberry":3,"Bigelow's sedge":1},"fruits":{"bog blueberry":3,"pincushion plant":3,"Bigelow's sedge":1}}},{"w":"2026-08-18","yes":{"leaves":4,"fruits":7},"obs":{"leaves":11,"flowers":11,"fruits":14},"sp":{"leaves":{"bog blueberry":3,"Bigelow's sedge":1},"fruits":{"pincushion plant":3,"Bigelow's sedge":2,"bog blueberry":2}}}]}},{"type":"Feature","geometry":{"type":"Point","coordinates":[-68.9339,45.90622]},"properties":{"site":33698,"st":"ME","n":112,"classes":{"leaves":32,"flowers":7,"fruits":73},"weeks":[{"w":"2026-09-29","yes":{"leaves":7,"flowers":1,"fruits":9},"obs":{"leaves":13,"flowers":11,"fruits":11},"sp":{"leaves":{"bog blueberry":3,"pincushion plant":2,"lingonberry":2},"flowers":{"lingonberry":1},"fruits":{"lingonberry":3,"Bigelow's sedge":2,"pincushion plant":2,"bog Labrador tea":2}}},{"w":"2026-09-22","yes":{"leaves":10,"flowers":2,"fruits":24},"obs":{"leaves":20,"flowers":20,"fruits":28},"sp":{"leaves":{"bog blueberry":6,"Bigelow's sedge":2,"bog Labrador tea":2},"flowers":{"bog Labrador tea":2},"fruits":{"Bigelow's sedge":6,"bog blueberry":6,"pincushion plant":5,"lingonberry":5,"bog Labrador tea":2}}},{"w":"2026-09-08","yes":{"leaves":5,"flowers":1,"fruits":15},"obs":{"leaves":11,"flowers":11,"fruits":15},"sp":{"leaves":{"bog blueberry":3,"Bigelow's sedge":1,"bog Labrador tea":1},"flowers":{"bog Labrador tea":1},"fruits":{"Bigelow's sedge":3,"bog blueberry":3,"pincushion plant":3,"lingonberry":3,"bog Labrador tea":3}}},{"w":"2026-08-25","yes":{"leaves":5,"flowers":1,"fruits":15},"obs":{"leaves":11,"flowers":11,"fruits":15},"sp":{"leaves":{"bog blueberry":2,"Bigelow's sedge":1,"lingonberry":1,"bog Labrador tea":1},"flowers":{"bog Labrador tea":1},"fruits":{"Bigelow's sedge":3,"bog blueberry":3,"pincushion plant":3,"lingonberry":3,"bog Labrador tea":3}}},{"w":"2026-08-18","yes":{"leaves":5,"flowers":2,"fruits":10},"obs":{"leaves":11,"flowers":11,"fruits":15},"sp":{"leaves":{"bog blueberry":2,"Bigelow's sedge":1,"lingonberry":1,"bog Labrador tea":1},"flowers":{"Bigelow's sedge":1,"bog Labrador tea":1},"fruits":{"Bigelow's sedge":3,"bog blueberry":2,"pincushion plant":2,"lingonberry":2,"bog Labrador tea":1}}}]}},{"type":"Feature","geometry":{"type":"Point","coordinates":[-68.93659,45.89834]},"properties":{"site":33699,"st":"ME","n":105,"classes":{"leaves":39,"flowers":5,"fruits":61},"weeks":[{"w":"2026-09-29","yes":{"leaves":7,"flowers":1,"fruits":3},"obs":{"leaves":13,"flowers":11,"fruits":13},"sp":{"leaves":{"bog blueberry":3,"pincushion plant":2,"lingonberry":2},"flowers":{"lingonberry":1},"fruits":{"pincushion plant":2,"bog Labrador tea":1}}},{"w":"2026-09-22","yes":{"leaves":15,"flowers":3,"fruits":26},"obs":{"leaves":35,"flowers":33,"fruits":43},"sp":{"leaves":{"bog blueberry":9,"Bigelow's sedge":2,"bog Labrador tea":2,"lingonberry":2},"flowers":{"pincushion plant":1,"lingonberry":1,"bog Labrador tea":1},"fruits":{"Bigelow's sedge":9,"pincushion plant":7,"bog blueberry":6,"lingonberry":4}}},{"w":"2026-09-08","yes":{"leaves":6,"fruits":12},"obs":{"leaves":11,"flowers":11,"fruits":15},"sp":{"leaves":{"bog blueberry":3,"Bigelow's sedge":1,"lingonberry":1,"bog Labrador tea":1},"fruits":{"Bigelow's sedge":3,"bog blueberry":3,"pincushion plant":3,"lingonberry":3}}},{"w":"2026-08-25","yes":{"leaves":5,"fruits":12},"obs":{"leaves":11,"flowers":11,"fruits":15},"sp":{"leaves":{"bog blueberry":2,"Bigelow's sedge":1,"lingonberry":1,"bog Labrador tea":1},"fruits":{"Bigelow's sedge":3,"bog blueberry":3,"pincushion plant":3,"lingonberry":3}}},{"w":"2026-08-18","yes":{"leaves":6,"flowers":1,"fruits":8},"obs":{"leaves":11,"flowers":11,"fruits":15},"sp":{"leaves":{"bog blueberry":2,"bog Labrador tea":2,"Bigelow's sedge":1,"lingonberry":1},"flowers":{"Bigelow's sedge":1},"fruits":{"pincushion plant":3,"Bigelow's sedge":2,"bog blueberry":2,"lingonberry":1}}}]}},{"type":"Feature","geometry":{"type":"Point","coordinates":[-83.48231,35.64131]},"properties":{"site":34051,"st":"TN","n":77,"classes":{"leaves":74,"fruits":3},"weeks":[{"w":"2026-09-15","yes":{"leaves":30,"fruits":3},"obs":{"leaves":100,"flowers":50,"fruits":58},"sp":{"leaves":{"yellow buckeye":10,"sugar maple":10,"Carolina silverbell":4,"black cherry":2,"tuliptree":2},"fruits":{"yellow buckeye":3}}},{"w":"2026-09-01","yes":{"leaves":23},"obs":{"leaves":100,"flowers":50,"fruits":60},"sp":{"leaves":{"sugar maple":9,"yellow buckeye":8,"Carolina silverbell":2,"American basswood":2,"black cherry":1}}},{"w":"2026-08-18","yes":{"leaves":21},"obs":{"leaves":100,"flowers":50,"fruits":60},"sp":{"leaves":{"sugar maple":9,"yellow buckeye":7,"Carolina silverbell":2,"black cherry":1,"tuliptree":1}}}]}},{"type":"Feature","geometry":{"type":"Point","coordinates":[-110.98173,32.33926]},"properties":{"site":34234,"st":"AZ","n":254,"classes":{"leaves":110,"flowers":61,"fruits":83},"weeks":[{"w":"2026-10-06","yes":{"leaves":15,"flowers":8,"fruits":10},"obs":{"leaves":59,"flowers":44,"fruits":60},"sp":{"leaves":{"jojoba":2,"yellow paloverde":1,"desert ironwood":1,"ocotillo":1,"desert willow":1},"flowers":{"desert willow":2,"desert zinnia":2,"jojoba":2,"pineneedle milkweed":2},"fruits":{"netleaf hackberry":3,"desert willow":2,"blue paloverde":2,"candy barrelcactus":2,"Arizona walnut":1}}},{"w":"2026-09-22","yes":{"leaves":13,"flowers":8,"fruits":10},"obs":{"leaves":55,"flowers":41,"fruits":57},"sp":{"leaves":{"yellow paloverde":1,"desert ironwood":1,"ocotillo":1,"desert willow":1,"brittlebush":1},"flowers":{"desert willow":2,"desert zinnia":2,"jojoba":2,"pineneedle milkweed":2},"fruits":{"netleaf hackberry":3,"desert willow":2,"blue paloverde":2,"Arizona walnut":2,"candy barrelcactus":1}}},{"w":"2026-09-15","yes":{"leaves":15,"flowers":8,"fruits":11},"obs":{"leaves":59,"flowers":44,"fruits":60},"sp":{"leaves":{"jojoba":2,"yellow paloverde":1,"desert ironwood":1,"ocotillo":1,"desert willow":1},"flowers":{"desert willow":2,"desert zinnia":2,"jojoba":2,"pineneedle milkweed":2},"fruits":{"netleaf hackberry":3,"desert willow":2,"blue paloverde":2,"candy barrelcactus":2,"Arizona walnut":2}}},{"w":"2026-09-08","yes":{"leaves":15,"flowers":13,"fruits":12},"obs":{"leaves":59,"flowers":44,"fruits":60},"sp":{"leaves":{"jojoba":2,"yellow paloverde":1,"desert ironwood":1,"ocotillo":1,"desert willow":1},"flowers":{"creosote bush":2,"desert willow":2,"desert zinnia":2,"jojoba":2,"whitethorn acacia":2},"fruits":{"Arizona walnut":3,"desert willow":2,"blue paloverde":2,"candy barrelcactus":2,"netleaf hackberry":2}}},{"w":"2026-09-01","yes":{"leaves":15,"flowers":9,"fruits":10},"obs":{"leaves":59,"flowers":44,"fruits":60},"sp":{"leaves":{"jojoba":2,"yellow paloverde":1,"desert ironwood":1,"ocotillo":1,"desert willow":1},"flowers":{"desert willow":2,"desert zinnia":2,"jojoba":2,"pineneedle milkweed":2,"candy barrelcactus":1},"fruits":{"desert willow":2,"blue paloverde":2,"candy barrelcactus":2,"Arizona walnut":2,"netleaf hackberry":2}}},{"w":"2026-08-25","yes":{"leaves":14,"flowers":9,"fruits":11},"obs":{"leaves":59,"flowers":44,"fruits":60},"sp":{"leaves":{"jojoba":2,"desert ironwood":1,"ocotillo":1,"desert willow":1,"brittlebush":1},"flowers":{"desert willow":2,"desert zinnia":2,"jojoba":2,"pineneedle milkweed":2,"candy barrelcactus":1},"fruits":{"Arizona walnut":3,"desert willow":2,"blue paloverde":2,"candy barrelcactus":2,"netleaf hackberry":2}}},{"w":"2026-08-18","yes":{"leaves":23,"flowers":6,"fruits":19},"obs":{"leaves":49,"flowers":38,"fruits":51},"sp":{"leaves":{"desert ironwood":3,"desert zinnia":3,"blue paloverde":3,"Arizona walnut":3,"jojoba":2},"flowers":{"desert willow":2,"whitethorn acacia":2,"desert zinnia":1,"jojoba":1},"fruits":{"desert ironwood":3,"soaptree yucca":3,"blue paloverde":3,"honey mesquite":3,"netleaf hackberry":3}}}]}},{"type":"Feature","geometry":{"type":"Point","coordinates":[-110.35474,31.71828]},"properties":{"site":34260,"st":"AZ","n":36,"classes":{"flowers":36},"weeks":[{"w":"2026-09-29","yes":{"flowers":4},"obs":{"flowers":6,"fruits":9},"sp":{"flowers":{"Palmer's century plant":4}}},{"w":"2026-09-22","yes":{"flowers":4},"obs":{"flowers":6,"fruits":9},"sp":{"flowers":{"Palmer's century plant":4}}},{"w":"2026-09-15","yes":{"flowers":4},"obs":{"flowers":8,"fruits":12},"sp":{"flowers":{"Palmer's century plant":4}}},{"w":"2026-09-08","yes":{"flowers":6},"obs":{"flowers":6,"fruits":9},"sp":{"flowers":{"Palmer's century plant":6}}},{"w":"2026-09-01","yes":{"flowers":6},"obs":{"flowers":6,"fruits":9},"sp":{"flowers":{"Palmer's century plant":6}}},{"w":"2026-08-25","yes":{"flowers":6},"obs":{"flowers":6,"fruits":9},"sp":{"flowers":{"Palmer's century plant":6}}},{"w":"2026-08-18","yes":{"flowers":6},"obs":{"flowers":6,"fruits":9},"sp":{"flowers":{"Palmer's century plant":6}}}]}},{"type":"Feature","geometry":{"type":"Point","coordinates":[-78.78306,43.00829]},"properties":{"site":34270,"st":"NY","n":1809,"classes":{"leaves":1508,"flowers":69,"fruits":229,"birds":3},"weeks":[{"w":"2026-10-06","yes":{"leaves":217,"flowers":2,"fruits":25},"obs":{"leaves":360,"flowers":166,"fruits":205},"sp":{"leaves":{"sugar maple":31,"red maple":26,"staghorn sumac":22,"American basswood":21,"apple":20},"flowers":{"paper birch":1,"sugar maple":1},"fruits":{"sugar maple":6,"staghorn sumac":6,"northern red oak":3,"black oak":3,"eastern cottonwood":3}}},{"w":"2026-09-29","yes":{"leaves":369,"flowers":13,"fruits":45},"obs":{"leaves":735,"flowers":359,"fruits":428,"birds":8},"sp":{"leaves":{"sugar maple":61,"red maple":56,"black locust":55,"northern red oak":33,"staghorn sumac":24},"flowers":{"black locust":5,"staghorn sumac":4,"sugar maple":2,"red maple":2},"fruits":{"staghorn sumac":15,"sugar maple":12,"apple":4,"northern red oak":4,"black oak":4}}},{"w":"2026-09-22","yes":{"leaves":477,"flowers":25,"fruits":92,"birds":3},"obs":{"leaves":940,"flowers":452,"fruits":531,"birds":16},"sp":{"leaves":{"sugar maple":80,"staghorn sumac":68,"red maple":64,"apple":54,"black locust":46},"flowers":{"staghorn sumac":11,"sugar maple":4,"black locust":4,"apple":2,"eastern cottonwood":1},"fruits":{"staghorn sumac":35,"sugar maple":30,"apple":10,"paper birch":4,"eastern cottonwood":3},"birds":{"Canada goose":3}}},{"w":"2026-09-15","yes":{"leaves":333,"flowers":22,"fruits":46},"obs":{"leaves":757,"flowers":351,"fruits":428},"sp":{"leaves":{"sugar maple":46,"black locust":41,"red maple":35,"river birch":32,"staghorn sumac":28},"flowers":{"American basswood":5,"river birch":5,"staghorn sumac":4,"black locust":4,"sugar maple":3},"fruits":{"staghorn sumac":13,"northern red oak":8,"paper birch":6,"black locust":6,"black oak":5}}},{"w":"2026-09-08","yes":{"leaves":112,"flowers":7,"fruits":21},"obs":{"leaves":280,"flowers":145,"fruits":171,"birds":8},"sp":{"leaves":{"American basswood":16,"maidenhair tree":15,"red maple":15,"paper birch":12,"apple":12},"flowers":{"staghorn sumac":5,"American basswood":1,"sugar maple":1},"fruits":{"staghorn sumac":12,"sugar maple":6,"apple":2,"northern red oak":1}}}]}},{"type":"Feature","geometry":{"type":"Point","coordinates":[-76.67464,38.91875]},"properties":{"site":34834,"st":"MD","n":3,"classes":{"leaves":1,"fruits":2},"weeks":[{"w":"2026-08-25","yes":{"leaves":1,"fruits":2},"obs":{"leaves":5,"flowers":2,"fruits":3},"sp":{"leaves":{"eastern redbud":1},"fruits":{"eastern redbud":2}}}]}},{"type":"Feature","geometry":{"type":"Point","coordinates":[-74.01135,41.41312]},"properties":{"site":35433,"st":"NY","n":359,"classes":{"leaves":236,"flowers":61,"fruits":56,"birds":6},"weeks":[{"w":"2026-10-06","yes":{"leaves":19,"flowers":4,"fruits":7},"obs":{"leaves":61,"flowers":34,"fruits":42},"sp":{"leaves":{"American witchhazel":5,"lowbush blueberry":4,"northern red oak":4,"red maple":4,"white wood aster":2},"flowers":{"American witchhazel":2,"white wood aster":2},"fruits":{"white wood aster":6,"American witchhazel":1}}},{"w":"2026-09-29","yes":{"leaves":42,"flowers":12,"fruits":18},"obs":{"leaves":132,"flowers":72,"fruits":90,"birds":16},"sp":{"leaves":{"lowbush blueberry":14,"northern red oak":8,"red maple":8,"American witchhazel":6,"white wood aster":6},"flowers":{"white wood aster":12},"fruits":{"white wood aster":12,"American witchhazel":6}}},{"w":"2026-09-22","yes":{"leaves":20,"flowers":5,"fruits":4},"obs":{"leaves":66,"flowers":36,"fruits":45},"sp":{"leaves":{"red maple":5,"lowbush blueberry":5,"American witchhazel":4,"northern red oak":3,"white wood aster":3},"flowers":{"white wood aster":5},"fruits":{"white wood aster":4}}},{"w":"2026-09-15","yes":{"leaves":34,"flowers":12,"fruits":15},"obs":{"leaves":132,"flowers":72,"fruits":90,"birds":16},"sp":{"leaves":{"lowbush blueberry":10,"northern red oak":6,"American witchhazel":6,"red maple":6,"white wood aster":6},"flowers":{"white wood aster":12},"fruits":{"white wood aster":9,"American witchhazel":6}}},{"w":"2026-09-08","yes":{"leaves":47,"flowers":17,"fruits":6},"obs":{"leaves":198,"flowers":108,"fruits":135,"birds":16},"sp":{"leaves":{"lowbush blueberry":11,"northern red oak":9,"American witchhazel":9,"red maple":9,"white wood aster":9},"flowers":{"white wood aster":17},"fruits":{"American witchhazel":6}}},{"w":"2026-09-01","yes":{"leaves":46,"flowers":8,"fruits":6,"birds":6},"obs":{"leaves":198,"flowers":108,"fruits":135,"birds":16},"sp":{"leaves":{"red maple":10,"northern red oak":9,"American witchhazel":9,"white wood aster":9,"lowbush blueberry":9},"flowers":{"white wood aster":8},"fruits":{"American witchhazel":6},"birds":{"scarlet tanager":6}}},{"w":"2026-08-25","yes":{"leaves":14,"flowers":3},"obs":{"leaves":64,"flowers":34,"fruits":42},"sp":{"leaves":{"lowbush blueberry":3,"northern red oak":3,"American witchhazel":3,"red maple":3,"white wood aster":2},"flowers":{"white wood aster":3}}},{"w":"2026-08-18","yes":{"leaves":14},"obs":{"leaves":66,"flowers":36,"fruits":45},"sp":{"leaves":{"northern red oak":3,"American witchhazel":3,"red maple":3,"lowbush blueberry":3,"white wood aster":2}}}]}},{"type":"Feature","geometry":{"type":"Point","coordinates":[-83.86534,35.95032]},"properties":{"site":35767,"st":"TN","n":59,"classes":{"leaves":55,"fruits":4},"weeks":[{"w":"2026-09-29","yes":{"leaves":14,"fruits":2},"obs":{"leaves":35,"flowers":21,"fruits":21},"sp":{"leaves":{"sugar maple":3,"boxelder":3,"American elm":3,"American sycamore":3,"common hackberry":1},"fruits":{"American sycamore":2}}},{"w":"2026-09-15","yes":{"leaves":14},"obs":{"leaves":35,"flowers":21,"fruits":21},"sp":{"leaves":{"sugar maple":3,"boxelder":3,"American elm":3,"American sycamore":3,"common hackberry":1}}},{"w":"2026-09-08","yes":{"leaves":11},"obs":{"leaves":35,"flowers":21,"fruits":21},"sp":{"leaves":{"American elm":3,"American sycamore":3,"boxelder":2,"sugar maple":1,"common hackberry":1}}},{"w":"2026-08-25","yes":{"leaves":10,"fruits":1},"obs":{"leaves":35,"flowers":21,"fruits":21},"sp":{"leaves":{"boxelder":3,"American elm":2,"American sycamore":2,"sugar maple":1,"common hackberry":1},"fruits":{"American sycamore":1}}},{"w":"2026-08-18","yes":{"leaves":6,"fruits":1},"obs":{"leaves":35,"flowers":21,"fruits":21},"sp":{"leaves":{"sugar maple":1,"common hackberry":1,"silver maple":1,"boxelder":1,"American elm":1},"fruits":{"American sycamore":1}}}]}},{"type":"Feature","geometry":{"type":"Point","coordinates":[-83.86607,35.94849]},"properties":{"site":35768,"st":"TN","n":112,"classes":{"leaves":99,"fruits":13},"weeks":[{"w":"2026-10-06","yes":{"leaves":17,"fruits":3},"obs":{"leaves":35,"flowers":18,"fruits":21},"sp":{"leaves":{"black walnut":3,"blackgum":3,"sugar maple":3,"winged elm":3,"black locust":2},"fruits":{"black walnut":3}}},{"w":"2026-09-22","yes":{"leaves":16,"fruits":2},"obs":{"leaves":35,"flowers":18,"fruits":21},"sp":{"leaves":{"black walnut":3,"northern spicebush":3,"sugar maple":3,"winged elm":3,"blackgum":2},"fruits":{"black walnut":2}}},{"w":"2026-09-15","yes":{"leaves":14,"fruits":2},"obs":{"leaves":35,"flowers":18,"fruits":21},"sp":{"leaves":{"black walnut":3,"blackgum":3,"winged elm":3,"northern spicebush":2,"black locust":1},"fruits":{"black walnut":2}}},{"w":"2026-09-08","yes":{"leaves":13,"fruits":1},"obs":{"leaves":35,"flowers":18,"fruits":21},"sp":{"leaves":{"blackgum":3,"winged elm":3,"black walnut":2,"northern spicebush":2,"black locust":1},"fruits":{"black walnut":1}}},{"w":"2026-09-01","yes":{"leaves":15,"fruits":2},"obs":{"leaves":35,"flowers":18,"fruits":21},"sp":{"leaves":{"blackgum":3,"northern spicebush":3,"winged elm":3,"black walnut":2,"sugar maple":2},"fruits":{"black walnut":2}}},{"w":"2026-08-25","yes":{"leaves":14,"fruits":1},"obs":{"leaves":35,"flowers":18,"fruits":21},"sp":{"leaves":{"northern spicebush":3,"winged elm":3,"black walnut":2,"blackgum":2,"sugar maple":2},"fruits":{"black walnut":1}}},{"w":"2026-08-18","yes":{"leaves":10,"fruits":2},"obs":{"leaves":35,"flowers":18,"fruits":21},"sp":{"leaves":{"blackgum":2,"northern spicebush":2,"winged elm":2,"black walnut":1,"black locust":1},"fruits":{"black walnut":2}}}]}},{"type":"Feature","geometry":{"type":"Point","coordinates":[-83.87048,35.94458]},"properties":{"site":35769,"st":"TN","n":113,"classes":{"leaves":111,"fruits":2},"weeks":[{"w":"2026-10-06","yes":{"leaves":11},"obs":{"leaves":35,"flowers":20,"fruits":21},"sp":{"leaves":{"northern red oak":3,"sugar maple":2,"black cherry":2,"chestnut oak":2,"mockernut hickory":1}}},{"w":"2026-09-29","yes":{"leaves":14},"obs":{"leaves":35,"flowers":20,"fruits":21},"sp":{"leaves":{"black cherry":3,"chestnut oak":3,"sugar maple":2,"mockernut hickory":2,"northern red oak":2}}},{"w":"2026-09-22","yes":{"leaves":19,"fruits":1},"obs":{"leaves":70,"flowers":40,"fruits":42},"sp":{"leaves":{"sugar maple":4,"black cherry":4,"chestnut oak":4,"northern red oak":3,"mockernut hickory":2},"fruits":{"mockernut hickory":1}}},{"w":"2026-09-15","yes":{"leaves":22},"obs":{"leaves":70,"flowers":40,"fruits":42},"sp":{"leaves":{"black cherry":6,"northern red oak":5,"sugar maple":3,"chestnut oak":3,"mockernut hickory":3}}},{"w":"2026-09-08","yes":{"leaves":16},"obs":{"leaves":70,"flowers":40,"fruits":42},"sp":{"leaves":{"black cherry":4,"chestnut oak":3,"northern red oak":3,"sugar maple":2,"mockernut hickory":2}}},{"w":"2026-09-01","yes":{"leaves":15,"fruits":1},"obs":{"leaves":70,"flowers":40,"fruits":42},"sp":{"leaves":{"black cherry":4,"northern red oak":3,"sugar maple":2,"chestnut oak":2,"mockernut hickory":2},"fruits":{"northern red oak":1}}},{"w":"2026-08-25","yes":{"leaves":7},"obs":{"leaves":35,"flowers":20,"fruits":21},"sp":{"leaves":{"sugar maple":1,"black cherry":1,"chestnut oak":1,"mockernut hickory":1,"white oak":1}}},{"w":"2026-08-18","yes":{"leaves":7},"obs":{"leaves":35,"flowers":20,"fruits":21},"sp":{"leaves":{"sugar maple":1,"black cherry":1,"chestnut oak":1,"mockernut hickory":1,"white oak":1}}}]}},{"type":"Feature","geometry":{"type":"Point","coordinates":[-124.15273,40.76075]},"properties":{"site":36139,"st":"CA","n":33,"classes":{"leaves":18,"flowers":2,"fruits":13},"weeks":[{"w":"2026-08-25","yes":{"leaves":18,"flowers":2,"fruits":13},"obs":{"leaves":40,"flowers":19,"fruits":24},"sp":{"leaves":{"redflower currant":6,"beaked hazelnut":6,"western redbud":3,"redosier dogwood":2,"Pacific dogwood":1},"flowers":{"beaked hazelnut":2},"fruits":{"redflower currant":6,"beaked hazelnut":5,"western redbud":2}}}]}},{"type":"Feature","geometry":{"type":"Point","coordinates":[-110.98173,32.33926]},"properties":{"site":36284,"st":"AZ","n":3,"classes":{"leaves":3},"weeks":[{"w":"2026-09-01","yes":{"leaves":3},"obs":{"leaves":13,"flowers":8,"fruits":12},"sp":{"leaves":{"yellow paloverde":1,"desert ironwood":1,"ocotillo":1}}}]}},{"type":"Feature","geometry":{"type":"Point","coordinates":[-71.12463,42.45567]},"properties":{"site":36700,"st":"MA","n":430,"classes":{"leaves":294,"fruits":126,"flowers":10},"weeks":[{"w":"2026-10-06","yes":{"leaves":45,"fruits":10},"obs":{"leaves":90,"flowers":46,"fruits":55},"sp":{"leaves":{"red maple":12,"highbush blueberry":7,"black cherry":6,"coastal sweetpepperbush":6,"American beech":6},"fruits":{"coastal sweetpepperbush":4,"mapleleaf viburnum":4,"white oak":1,"highbush blueberry":1}}},{"w":"2026-09-22","yes":{"leaves":61,"fruits":27},"obs":{"leaves":141,"flowers":72,"fruits":90},"sp":{"leaves":{"highbush blueberry":18,"red maple":15,"American beech":8,"white oak":6,"coastal sweetpepperbush":6},"fruits":{"coastal sweetpepperbush":9,"mapleleaf viburnum":9,"white oak":3,"highbush blueberry":3,"American beech":3}}},{"w":"2026-09-15","yes":{"leaves":21,"fruits":9},"obs":{"leaves":47,"flowers":24,"fruits":30},"sp":{"leaves":{"highbush blueberry":6,"red maple":4,"American beech":3,"coastal sweetpepperbush":3,"black cherry":2},"fruits":{"mapleleaf viburnum":2,"American beech":2,"coastal sweetpepperbush":2,"highbush blueberry":2,"white oak":1}}},{"w":"2026-09-08","yes":{"leaves":66,"fruits":29},"obs":{"leaves":141,"flowers":71,"fruits":89},"sp":{"leaves":{"highbush blueberry":18,"red maple":12,"black cherry":9,"American beech":9,"coastal sweetpepperbush":9},"fruits":{"highbush blueberry":9,"mapleleaf viburnum":6,"coastal sweetpepperbush":6,"American beech":5,"white oak":3}}},{"w":"2026-09-01","yes":{"leaves":51,"fruits":15},"obs":{"leaves":141,"flowers":72,"fruits":87},"sp":{"leaves":{"highbush blueberry":15,"red maple":9,"American beech":9,"black cherry":6,"coastal sweetpepperbush":6},"fruits":{"white oak":3,"coastal sweetpepperbush":3,"highbush blueberry":3,"mapleleaf viburnum":3,"American beech":3}}},{"w":"2026-08-25","yes":{"leaves":23,"flowers":4,"fruits":12},"obs":{"leaves":94,"flowers":48,"fruits":60},"sp":{"leaves":{"highbush blueberry":7,"red maple":4,"American beech":4,"black cherry":2,"white oak":2},"flowers":{"coastal sweetpepperbush":4},"fruits":{"white oak":2,"black cherry":2,"coastal sweetpepperbush":2,"highbush blueberry":2,"mapleleaf viburnum":2}}},{"w":"2026-08-18","yes":{"leaves":27,"flowers":6,"fruits":24},"obs":{"leaves":141,"flowers":72,"fruits":90},"sp":{"leaves":{"red maple":6,"highbush blueberry":6,"mapleleaf viburnum":3,"American beech":3,"coastal sweetpepperbush":3},"flowers":{"coastal sweetpepperbush":6},"fruits":{"highbush blueberry":6,"black cherry":6,"mapleleaf viburnum":3,"American beech":3,"coastal sweetpepperbush":3}}}]}},{"type":"Feature","geometry":{"type":"Point","coordinates":[-88.06882,41.81397]},"properties":{"site":37197,"st":"IL","n":67,"classes":{"leaves":58,"fruits":9},"weeks":[{"w":"2026-09-22","yes":{"leaves":20,"fruits":2},"obs":{"leaves":58,"flowers":32,"fruits":39},"sp":{"leaves":{"red maple":6,"eastern redbud":5,"maidenhair tree":3,"bur oak":3,"northern red oak":2},"fruits":{"northern red oak":2}}},{"w":"2026-09-01","yes":{"leaves":23,"fruits":3},"obs":{"leaves":57,"flowers":33,"fruits":39},"sp":{"leaves":{"maidenhair tree":7,"eastern redbud":6,"red maple":4,"bur oak":3,"white oak":2},"fruits":{"northern red oak":1,"white oak":1,"bur oak":1}}},{"w":"2026-08-25","yes":{"leaves":15,"fruits":4},"obs":{"leaves":59,"flowers":33,"fruits":39},"sp":{"leaves":{"maidenhair tree":5,"red maple":4,"eastern redbud":3,"northern red oak":1,"white oak":1},"fruits":{"northern red oak":3,"bur oak":1}}}]}},{"type":"Feature","geometry":{"type":"Point","coordinates":[-91.9744,32.58424]},"properties":{"site":37410,"st":"LA","n":18,"classes":{"leaves":10,"fruits":8},"weeks":[{"w":"2026-09-15","yes":{"leaves":10,"fruits":8},"obs":{"leaves":35,"flowers":15,"fruits":20},"sp":{"leaves":{"American beautyberry":4,"common buttonbush":3,"white fringetree":2,"willow oak":1},"fruits":{"American beautyberry":6,"common buttonbush":2}}}]}},{"type":"Feature","geometry":{"type":"Point","coordinates":[-88.09229,41.81448]},"properties":{"site":37509,"st":"IL","n":36,"classes":{"fruits":24,"leaves":11,"flowers":1},"weeks":[{"w":"2026-09-22","yes":{"fruits":2},"obs":{"leaves":2,"flowers":2,"fruits":2},"sp":{"fruits":{"wild bergamot":2}}},{"w":"2026-09-15","yes":{"leaves":1,"fruits":2},"obs":{"leaves":2,"flowers":2,"fruits":2},"sp":{"leaves":{"wild bergamot":1},"fruits":{"wild bergamot":2}}},{"w":"2026-09-08","yes":{"leaves":3,"flowers":1,"fruits":8},"obs":{"leaves":8,"flowers":8,"fruits":11},"sp":{"leaves":{"wild bergamot":2,"compassplant":1},"flowers":{"compassplant":1},"fruits":{"wild bergamot":6,"compassplant":1,"New Jersey tea":1}}},{"w":"2026-08-25","yes":{"leaves":3,"fruits":7},"obs":{"leaves":12,"flowers":6,"fruits":8},"sp":{"leaves":{"New Jersey tea":2,"wild bergamot":1},"fruits":{"New Jersey tea":6,"wild bergamot":1}}},{"w":"2026-08-18","yes":{"leaves":4,"fruits":5},"obs":{"leaves":14,"flowers":8,"fruits":12},"sp":{"leaves":{"New Jersey tea":2,"wild bergamot":1,"compassplant":1},"fruits":{"New Jersey tea":4,"compassplant":1}}}]}},{"type":"Feature","geometry":{"type":"Point","coordinates":[-70.54669,43.33059]},"properties":{"site":37695,"st":"ME","n":27,"classes":{"leaves":19,"flowers":3,"fruits":5},"weeks":[{"w":"2026-09-15","yes":{"leaves":11,"flowers":3,"fruits":2},"obs":{"leaves":30,"flowers":15,"fruits":18},"sp":{"leaves":{"common serviceberry":6,"gray alder":5},"flowers":{"gray alder":3},"fruits":{"gray alder":2}}},{"w":"2026-09-08","yes":{"leaves":8,"fruits":3},"obs":{"leaves":30,"flowers":15,"fruits":18},"sp":{"leaves":{"gray alder":5,"common serviceberry":3},"fruits":{"gray alder":3}}}]}},{"type":"Feature","geometry":{"type":"Point","coordinates":[-78.2852,44.8636]},"properties":{"site":38032,"st":"ON","n":86,"classes":{"leaves":72,"fruits":14},"weeks":[{"w":"2026-09-29","yes":{"leaves":30,"fruits":3},"obs":{"leaves":88,"flowers":52,"fruits":55},"sp":{"leaves":{"forsythia":8,"red maple":8,"gray birch":8,"pin cherry":6},"fruits":{"pitch pine":2,"forsythia":1}}},{"w":"2026-09-15","yes":{"leaves":18,"fruits":4},"obs":{"leaves":44,"flowers":26,"fruits":27},"sp":{"leaves":{"pin cherry":6,"forsythia":4,"red maple":4,"gray birch":4},"fruits":{"forsythia":2,"pitch pine":2}}},{"w":"2026-09-08","yes":{"leaves":17,"fruits":3},"obs":{"leaves":43,"flowers":26,"fruits":27},"sp":{"leaves":{"pin cherry":6,"forsythia":4,"gray birch":4,"red maple":3},"fruits":{"pitch pine":2,"forsythia":1}}},{"w":"2026-09-01","yes":{"leaves":6,"fruits":1},"obs":{"leaves":15,"flowers":7,"fruits":8},"sp":{"leaves":{"pin cherry":3,"gray birch":2,"forsythia":1},"fruits":{"forsythia":1}}},{"w":"2026-08-18","yes":{"leaves":1,"fruits":3},"obs":{"leaves":7,"flowers":5,"fruits":6},"sp":{"leaves":{"pin cherry":1},"fruits":{"pin cherry":2,"pitch pine":1}}}]}},{"type":"Feature","geometry":{"type":"Point","coordinates":[-111.00216,32.39724]},"properties":{"site":38493,"st":"AZ","n":219,"classes":{"leaves":84,"flowers":54,"fruits":67,"birds":12,"insects":2},"weeks":[{"w":"2026-10-06","yes":{"leaves":8,"flowers":4,"fruits":6,"birds":2},"obs":{"leaves":37,"flowers":33,"fruits":48,"insects":20,"birds":52},"sp":{"leaves":{"desert zinnia":1,"lotebush":1,"brittlebush":1,"whitethorn acacia":1,"catclaw acacia":1},"flowers":{"desert zinnia":2,"creosote bush":2},"fruits":{"whitethorn acacia":3,"creosote bush":2,"candy barrelcactus":1},"birds":{"verdin":2}}},{"w":"2026-09-29","yes":{"leaves":8,"flowers":4,"fruits":9,"insects":1,"birds":2},"obs":{"leaves":37,"flowers":33,"fruits":48,"insects":20,"birds":52},"sp":{"leaves":{"brittlebush":1,"whitethorn acacia":1,"catclaw acacia":1,"Berlandier's wolfberry":1,"yellow paloverde":1},"flowers":{"creosote bush":2,"desert zinnia":2},"fruits":{"whitethorn acacia":2,"catclaw acacia":2,"velvet mesquite":2,"creosote bush":2,"candy barrelcactus":1},"insects":{"queen":1},"birds":{"verdin":2}}},{"w":"2026-09-22","yes":{"leaves":8,"flowers":4,"fruits":7,"birds":2},"obs":{"leaves":37,"flowers":33,"fruits":48,"insects":20,"birds":52},"sp":{"leaves":{"desert zinnia":1,"lotebush":1,"brittlebush":1,"whitethorn acacia":1,"catclaw acacia":1},"flowers":{"desert zinnia":2,"creosote bush":2},"fruits":{"whitethorn acacia":2,"catclaw acacia":2,"velvet mesquite":2,"candy barrelcactus":1},"birds":{"verdin":2}}},{"w":"2026-09-15","yes":{"leaves":19,"flowers":10,"fruits":18,"birds":2},"obs":{"leaves":74,"flowers":66,"fruits":96,"insects":40,"birds":104},"sp":{"leaves":{"whitethorn acacia":3,"catclaw acacia":3,"lotebush":3,"Berlandier's wolfberry":2,"yellow paloverde":2},"flowers":{"desert zinnia":4,"whitethorn acacia":2,"creosote bush":2,"candy barrelcactus":2},"fruits":{"mormon tea":4,"whitethorn acacia":4,"velvet mesquite":4,"creosote bush":3,"catclaw acacia":2},"birds":{"verdin":2}}},{"w":"2026-09-08","yes":{"leaves":8,"flowers":6,"fruits":6,"insects":1,"birds":2},"obs":{"leaves":37,"flowers":33,"fruits":48,"insects":20,"birds":52},"sp":{"leaves":{"brittlebush":1,"whitethorn acacia":1,"catclaw acacia":1,"Berlandier's wolfberry":1,"yellow paloverde":1},"flowers":{"candy barrelcactus":2,"creosote bush":2,"desert zinnia":2},"fruits":{"velvet mesquite":2,"candy barrelcactus":2,"whitethorn acacia":1,"catclaw acacia":1},"insects":{"queen":1},"birds":{"verdin":2}}},{"w":"2026-09-01","yes":{"leaves":18,"flowers":14,"fruits":13},"obs":{"leaves":78,"flowers":68,"fruits":99,"insects":40,"birds":104},"sp":{"leaves":{"catclaw acacia":3,"yellow paloverde":3,"desert zinnia":3,"whitethorn acacia":2,"Berlandier's wolfberry":2},"flowers":{"creosote bush":4,"desert zinnia":4,"whitethorn acacia":2,"catclaw acacia":2,"candy barrelcactus":2},"fruits":{"mormon tea":4,"velvet mesquite":4,"creosote bush":2,"whitethorn acacia":1,"yellow paloverde":1}}},{"w":"2026-08-25","yes":{"leaves":8,"flowers":7,"fruits":5},"obs":{"leaves":37,"flowers":33,"fruits":48,"insects":20,"birds":52},"sp":{"leaves":{"desert zinnia":1,"brittlebush":1,"whitethorn acacia":1,"catclaw acacia":1,"Berlandier's wolfberry":1},"flowers":{"desert zinnia":2,"catclaw acacia":2,"velvet mesquite":2,"candy barrelcactus":1},"fruits":{"velvet mesquite":2,"creosote bush":2,"candy barrelcactus":1}}},{"w":"2026-08-18","yes":{"leaves":7,"flowers":5,"fruits":3,"birds":2},"obs":{"leaves":37,"flowers":33,"fruits":48,"insects":20,"birds":52},"sp":{"leaves":{"lotebush":1,"brittlebush":1,"whitethorn acacia":1,"catclaw acacia":1,"Berlandier's wolfberry":1},"flowers":{"catclaw acacia":2,"desert zinnia":2,"candy barrelcactus":1},"fruits":{"candy barrelcactus":2,"velvet mesquite":1},"birds":{"verdin":2}}}]}},{"type":"Feature","geometry":{"type":"Point","coordinates":[-85.41402,40.19952]},"properties":{"site":38501,"st":"IN","n":36,"classes":{"leaves":12,"fruits":24},"weeks":[{"w":"2026-09-22","yes":{"leaves":4,"fruits":6},"obs":{"leaves":14,"flowers":9,"fruits":12},"sp":{"leaves":{"white oak":3,"northern spicebush":1},"fruits":{"northern spicebush":3,"white oak":3}}},{"w":"2026-09-15","yes":{"leaves":4,"fruits":6},"obs":{"leaves":14,"flowers":9,"fruits":12},"sp":{"leaves":{"white oak":3,"northern spicebush":1},"fruits":{"northern spicebush":3,"white oak":3}}},{"w":"2026-09-01","yes":{"leaves":2,"fruits":6},"obs":{"leaves":14,"flowers":9,"fruits":12},"sp":{"leaves":{"northern spicebush":1,"white oak":1},"fruits":{"northern spicebush":3,"white oak":3}}},{"w":"2026-08-18","yes":{"leaves":2,"fruits":6},"obs":{"leaves":14,"flowers":9,"fruits":12},"sp":{"leaves":{"white oak":1,"northern spicebush":1},"fruits":{"white oak":3,"northern spicebush":3}}}]}},{"type":"Feature","geometry":{"type":"Point","coordinates":[-85.41614,40.19912]},"properties":{"site":38508,"st":"IN","n":78,"classes":{"leaves":11,"flowers":10,"fruits":32,"insects":12,"birds":13},"weeks":[{"w":"2026-09-22","yes":{"leaves":3,"flowers":2,"fruits":8,"insects":2,"birds":3},"obs":{"leaves":6,"flowers":6,"fruits":9,"insects":7,"birds":7},"sp":{"leaves":{"common milkweed":1,"eastern purple coneflower":1,"wild bergamot":1},"flowers":{"eastern purple coneflower":2},"fruits":{"wild bergamot":3,"eastern purple coneflower":3,"common milkweed":2},"insects":{"monarch":2},"birds":{"American goldfinch":3}}},{"w":"2026-09-15","yes":{"leaves":3,"flowers":2,"fruits":8,"insects":4,"birds":4},"obs":{"leaves":6,"flowers":6,"fruits":9,"insects":7,"birds":7},"sp":{"leaves":{"common milkweed":1,"eastern purple coneflower":1,"wild bergamot":1},"flowers":{"eastern purple coneflower":2},"fruits":{"wild bergamot":3,"eastern purple coneflower":3,"common milkweed":2},"insects":{"monarch":4},"birds":{"American goldfinch":4}}},{"w":"2026-09-01","yes":{"leaves":3,"flowers":2,"fruits":8,"insects":3,"birds":3},"obs":{"leaves":6,"flowers":6,"fruits":9,"insects":7,"birds":7},"sp":{"leaves":{"common milkweed":1,"eastern purple coneflower":1,"wild bergamot":1},"flowers":{"eastern purple coneflower":2},"fruits":{"wild bergamot":3,"eastern purple coneflower":3,"common milkweed":2},"insects":{"monarch":3},"birds":{"American goldfinch":3}}},{"w":"2026-08-18","yes":{"leaves":2,"flowers":4,"fruits":8,"insects":3,"birds":3},"obs":{"leaves":6,"flowers":6,"fruits":9,"insects":7,"birds":7},"sp":{"leaves":{"common milkweed":1,"wild bergamot":1},"flowers":{"eastern purple coneflower":2,"wild bergamot":2},"fruits":{"eastern purple coneflower":3,"wild bergamot":3,"common milkweed":2},"insects":{"monarch":3},"birds":{"American goldfinch":3}}}]}},{"type":"Feature","geometry":{"type":"Point","coordinates":[-70.54728,43.33725]},"properties":{"site":38614,"st":"ME","n":5,"classes":{"leaves":3,"fruits":2},"weeks":[{"w":"2026-09-08","yes":{"leaves":3,"fruits":2},"obs":{"leaves":7,"flowers":3,"fruits":5},"sp":{"leaves":{"red maple":3},"fruits":{"eastern white pine":2}}}]}},{"type":"Feature","geometry":{"type":"Point","coordinates":[-122.51541,45.55147]},"properties":{"site":38725,"st":"OR","n":81,"classes":{"leaves":36,"fruits":45},"weeks":[{"w":"2026-10-06","yes":{"leaves":9,"fruits":11},"obs":{"leaves":25,"flowers":11,"fruits":15},"sp":{"leaves":{"common snowberry":3,"vine maple":3,"flowering dogwood":3},"fruits":{"common snowberry":6,"vine maple":3,"flowering dogwood":2}}},{"w":"2026-09-29","yes":{"leaves":9,"fruits":12},"obs":{"leaves":25,"flowers":11,"fruits":15},"sp":{"leaves":{"flowering dogwood":3,"common snowberry":3,"vine maple":3},"fruits":{"common snowberry":6,"flowering dogwood":3,"vine maple":3}}},{"w":"2026-09-22","yes":{"leaves":9,"fruits":11},"obs":{"leaves":25,"flowers":11,"fruits":15},"sp":{"leaves":{"flowering dogwood":3,"vine maple":3,"common snowberry":3},"fruits":{"common snowberry":6,"vine maple":3,"flowering dogwood":2}}},{"w":"2026-09-15","yes":{"leaves":9,"fruits":11},"obs":{"leaves":25,"flowers":11,"fruits":15},"sp":{"leaves":{"flowering dogwood":3,"vine maple":3,"common snowberry":3},"fruits":{"common snowberry":6,"vine maple":3,"flowering dogwood":2}}}]}},{"type":"Feature","geometry":{"type":"Point","coordinates":[-93.20863,44.93638]},"properties":{"site":39847,"st":"MN","n":104,"classes":{"leaves":19,"flowers":30,"fruits":55},"weeks":[{"w":"2026-10-06","yes":{"leaves":2,"flowers":4,"fruits":6},"obs":{"leaves":16,"flowers":12,"fruits":15},"sp":{"leaves":{"white oak":1,"Norway maple":1},"flowers":{"common sunflower":2,"New England aster":2},"fruits":{"spotted joe pye weed":2,"common sunflower":2,"New England aster":2}}},{"w":"2026-09-29","yes":{"leaves":2,"flowers":4,"fruits":9},"obs":{"leaves":16,"flowers":12,"fruits":15},"sp":{"leaves":{"white oak":1,"Norway maple":1},"flowers":{"common sunflower":2,"New England aster":2},"fruits":{"Norway maple":3,"spotted joe pye weed":2,"common sunflower":2,"New England aster":2}}},{"w":"2026-09-15","yes":{"leaves":1,"flowers":4,"fruits":12},"obs":{"leaves":16,"flowers":12,"fruits":15},"sp":{"leaves":{"common sunflower":1},"flowers":{"common sunflower":2,"New England aster":2},"fruits":{"white oak":3,"Norway maple":3,"spotted joe pye weed":2,"common sunflower":2,"New England aster":2}}},{"w":"2026-09-01","yes":{"leaves":4,"flowers":6,"fruits":12},"obs":{"leaves":16,"flowers":12,"fruits":15},"sp":{"leaves":{"spotted joe pye weed":1,"common sunflower":1,"New England aster":1,"Norway maple":1},"flowers":{"spotted joe pye weed":2,"common sunflower":2,"New England aster":2},"fruits":{"white oak":3,"Norway maple":3,"spotted joe pye weed":2,"common sunflower":2,"New England aster":2}}},{"w":"2026-08-25","yes":{"leaves":5,"flowers":6,"fruits":9},"obs":{"leaves":16,"flowers":12,"fruits":15},"sp":{"leaves":{"white oak":1,"Norway maple":1,"spotted joe pye weed":1,"common sunflower":1,"New England aster":1},"flowers":{"spotted joe pye weed":2,"common sunflower":2,"New England aster":2},"fruits":{"white oak":3,"Norway maple":3,"New England aster":2,"common sunflower":1}}},{"w":"2026-08-18","yes":{"leaves":5,"flowers":6,"fruits":7},"obs":{"leaves":16,"flowers":12,"fruits":15},"sp":{"leaves":{"white oak":1,"Norway maple":1,"spotted joe pye weed":1,"common sunflower":1,"New England aster":1},"flowers":{"spotted joe pye weed":2,"common sunflower":2,"New England aster":2},"fruits":{"white oak":3,"Norway maple":3,"common sunflower":1}}}]}},{"type":"Feature","geometry":{"type":"Point","coordinates":[-110.96838,32.37423]},"properties":{"site":40165,"st":"AZ","n":183,"classes":{"leaves":78,"flowers":28,"fruits":57,"birds":16,"insects":4},"weeks":[{"w":"2026-10-06","yes":{"leaves":8,"flowers":2,"fruits":6,"birds":2},"obs":{"leaves":35,"flowers":29,"fruits":42,"insects":20,"birds":58},"sp":{"leaves":{"yellow paloverde":1,"blue paloverde":1,"velvet mesquite":1,"desert willow":1,"ocotillo":1},"flowers":{"candy barrelcactus":2},"fruits":{"tree cholla":2,"candy barrelcactus":2,"desert willow":2},"birds":{"verdin":2}}},{"w":"2026-09-29","yes":{"leaves":8,"flowers":4,"fruits":6,"insects":1,"birds":4},"obs":{"leaves":35,"flowers":29,"fruits":42,"insects":20,"birds":58},"sp":{"leaves":{"yellow paloverde":1,"blue paloverde":1,"velvet mesquite":1,"desert willow":1,"ocotillo":1},"flowers":{"creosote bush":2,"candy barrelcactus":2},"fruits":{"tree cholla":2,"candy barrelcactus":2,"desert willow":2},"insects":{"pipevine swallowtail":1},"birds":{"verdin":2,"Anna's hummingbird":2}}},{"w":"2026-09-22","yes":{"leaves":23,"flowers":5,"fruits":13,"insects":1,"birds":2},"obs":{"leaves":70,"flowers":58,"fruits":84,"insects":40,"birds":116},"sp":{"leaves":{"yellow paloverde":3,"blue paloverde":3,"ocotillo":3,"brittlebush":3,"lotebush":3},"flowers":{"desert willow":2,"candy barrelcactus":2,"creosote bush":1},"fruits":{"desert willow":4,"blue paloverde":3,"tree cholla":3,"candy barrelcactus":2,"creosote bush":1},"insects":{"pipevine swallowtail":1},"birds":{"verdin":2}}},{"w":"2026-09-15","yes":{"leaves":8,"flowers":3,"fruits":8,"birds":2},"obs":{"leaves":35,"flowers":29,"fruits":42,"insects":20,"birds":58},"sp":{"leaves":{"yellow paloverde":1,"blue paloverde":1,"velvet mesquite":1,"desert willow":1,"ocotillo":1},"flowers":{"creosote bush":2,"candy barrelcactus":1},"fruits":{"creosote bush":2,"tree cholla":2,"candy barrelcactus":2,"desert willow":2},"birds":{"verdin":2}}},{"w":"2026-09-08","yes":{"leaves":8,"flowers":5,"fruits":6,"insects":1,"birds":2},"obs":{"leaves":35,"flowers":29,"fruits":42,"insects":20,"birds":58},"sp":{"leaves":{"yellow paloverde":1,"blue paloverde":1,"velvet mesquite":1,"desert willow":1,"ocotillo":1},"flowers":{"creosote bush":2,"desert willow":2,"candy barrelcactus":1},"fruits":{"tree cholla":2,"candy barrelcactus":2,"desert willow":2},"insects":{"queen":1},"birds":{"verdin":2}}},{"w":"2026-09-01","yes":{"leaves":8,"flowers":3,"fruits":6},"obs":{"leaves":35,"flowers":29,"fruits":42,"insects":20,"birds":58},"sp":{"leaves":{"yellow paloverde":1,"blue paloverde":1,"velvet mesquite":1,"desert willow":1,"ocotillo":1},"flowers":{"desert willow":2,"candy barrelcactus":1},"fruits":{"tree cholla":2,"candy barrelcactus":2,"desert willow":2}}},{"w":"2026-08-25","yes":{"leaves":8,"flowers":3,"fruits":6,"birds":2},"obs":{"leaves":35,"flowers":29,"fruits":42,"insects":20,"birds":58},"sp":{"leaves":{"yellow paloverde":1,"blue paloverde":1,"velvet mesquite":1,"desert willow":1,"ocotillo":1},"flowers":{"desert willow":2,"candy barrelcactus":1},"fruits":{"tree cholla":2,"candy barrelcactus":2,"desert willow":2},"birds":{"verdin":2}}},{"w":"2026-08-18","yes":{"leaves":7,"flowers":3,"fruits":6,"insects":1,"birds":2},"obs":{"leaves":35,"flowers":29,"fruits":42,"insects":20,"birds":58},"sp":{"leaves":{"yellow paloverde":1,"velvet mesquite":1,"desert willow":1,"ocotillo":1,"brittlebush":1},"flowers":{"desert willow":2,"candy barrelcactus":1},"fruits":{"tree cholla":2,"candy barrelcactus":2,"desert willow":2},"insects":{"queen":1},"birds":{"verdin":2}}}]}},{"type":"Feature","geometry":{"type":"Point","coordinates":[-110.94264,32.28244]},"properties":{"site":41244,"st":"AZ","n":501,"classes":{"leaves":262,"flowers":120,"fruits":119},"weeks":[{"w":"2026-10-06","yes":{"leaves":17,"flowers":8,"fruits":6},"obs":{"leaves":30,"flowers":27,"fruits":36,"insects":7,"birds":5},"sp":{"leaves":{"brittlebush":3,"ocotillo":3,"screwbean mesquite":3,"whitethorn acacia":2,"rush-desert-milkweed":2},"flowers":{"candy barrelcactus":2,"whitethorn acacia":2,"Florida hopbush":2,"rush-desert-milkweed":2},"fruits":{"candy barrelcactus":2,"Florida hopbush":2,"screwbean mesquite":2}}},{"w":"2026-09-29","yes":{"leaves":29,"flowers":16,"fruits":9},"obs":{"leaves":57,"flowers":52,"fruits":72,"insects":14,"birds":10},"sp":{"leaves":{"velvet mesquite":6,"desert ironwood":4,"desert willow":4,"blue paloverde":4,"ocotillo":2},"flowers":{"desert willow":4,"candy barrelcactus":2,"whitethorn acacia":2,"velvet mesquite":2,"blue paloverde":2},"fruits":{"candy barrelcactus":5,"screwbean mesquite":2,"Santa Rita pricklypear":2}}},{"w":"2026-09-22","yes":{"leaves":67,"flowers":29,"fruits":27},"obs":{"leaves":97,"flowers":86,"fruits":112,"insects":7,"birds":5},"sp":{"leaves":{"desert willow":16,"blue paloverde":11,"velvet mesquite":10,"desert ironwood":8,"ocotillo":7},"flowers":{"desert willow":10,"candy barrelcactus":4,"creosote bush":3,"fourwing saltbush":3,"whitethorn acacia":2},"fruits":{"blue paloverde":9,"candy barrelcactus":5,"Santa Rita pricklypear":3,"whitethorn acacia":2,"velvet mesquite":2}}},{"w":"2026-09-15","yes":{"leaves":46,"flowers":17,"fruits":22},"obs":{"leaves":99,"flowers":86,"fruits":117,"insects":21,"birds":15},"sp":{"leaves":{"ocotillo":6,"desert ironwood":4,"desert willow":4,"velvet mesquite":4,"blue paloverde":4},"flowers":{"candy barrelcactus":5,"whitethorn acacia":4,"Florida hopbush":4,"desert willow":3,"creosote bush":1},"fruits":{"candy barrelcactus":6,"netleaf hackberry":4,"screwbean mesquite":4,"honey mesquite":4,"Santa Rita pricklypear":2}}},{"w":"2026-09-08","yes":{"leaves":11,"flowers":8,"fruits":13},"obs":{"leaves":40,"flowers":31,"fruits":42,"insects":7,"birds":5},"sp":{"leaves":{"ocotillo":5,"brittlebush":1,"whitethorn acacia":1,"honey mesquite":1,"velvet mesquite":1},"flowers":{"candy barrelcactus":2,"whitethorn acacia":2,"screwbean mesquite":2,"ocotillo":2},"fruits":{"netleaf hackberry":3,"screwbean mesquite":3,"ocotillo":3,"candy barrelcactus":2,"jojoba":2}}},{"w":"2026-09-01","yes":{"leaves":16,"flowers":5,"fruits":9},"obs":{"leaves":31,"flowers":28,"fruits":39,"insects":7,"birds":5},"sp":{"leaves":{"velvet mesquite":5,"desert willow":4,"desert ironwood":3,"blue paloverde":2,"Parry's beardtongue":1},"flowers":{"desert willow":4,"candy barrelcactus":1},"fruits":{"velvet mesquite":3,"candy barrelcactus":2,"blue paloverde":2,"Santa Rita pricklypear":2}}},{"w":"2026-08-25","yes":{"leaves":21,"flowers":5,"fruits":7},"obs":{"leaves":30,"flowers":28,"fruits":37},"sp":{"leaves":{"velvet mesquite":6,"desert willow":5,"desert ironwood":4,"blue paloverde":4,"Parry's beardtongue":1},"flowers":{"desert willow":3,"candy barrelcactus":2},"fruits":{"candy barrelcactus":2,"Santa Rita pricklypear":2,"creosote bush":2,"blue paloverde":1}}},{"w":"2026-08-18","yes":{"leaves":55,"flowers":32,"fruits":26},"obs":{"leaves":97,"flowers":83,"fruits":114,"insects":14,"birds":10},"sp":{"leaves":{"ocotillo":10,"desert willow":10,"velvet mesquite":7,"blue paloverde":6,"screwbean mesquite":4},"flowers":{"screwbean mesquite":6,"desert willow":6,"candy barrelcactus":5,"rush-desert-milkweed":4,"whitethorn acacia":4},"fruits":{"screwbean mesquite":6,"velvet mesquite":4,"netleaf hackberry":4,"candy barrelcactus":4,"blue paloverde":4}}}]}},{"type":"Feature","geometry":{"type":"Point","coordinates":[-123.02004,44.93792]},"properties":{"site":41410,"st":"OR","n":79,"classes":{"leaves":37,"fruits":42},"weeks":[{"w":"2026-09-29","yes":{"leaves":13,"fruits":15},"obs":{"leaves":45,"flowers":24,"fruits":27},"sp":{"leaves":{"vine maple":8,"Pacific ninebark":3,"common snowberry":2},"fruits":{"vine maple":13,"common snowberry":2}}},{"w":"2026-09-15","yes":{"leaves":14,"fruits":14},"obs":{"leaves":45,"flowers":24,"fruits":27},"sp":{"leaves":{"vine maple":9,"Pacific ninebark":3,"common snowberry":2},"fruits":{"vine maple":12,"common snowberry":2}}},{"w":"2026-08-25","yes":{"leaves":10,"fruits":13},"obs":{"leaves":45,"flowers":24,"fruits":27},"sp":{"leaves":{"vine maple":7,"Pacific ninebark":2,"common snowberry":1},"fruits":{"vine maple":11,"common snowberry":2}}}]}},{"type":"Feature","geometry":{"type":"Point","coordinates":[-110.9213,32.20813]},"properties":{"site":41741,"st":"AZ","n":84,"classes":{"leaves":20,"flowers":28,"fruits":13,"insects":23},"weeks":[{"w":"2026-09-29","yes":{"leaves":5,"flowers":4,"fruits":1,"insects":5},"obs":{"leaves":10,"flowers":6,"fruits":9,"insects":28},"sp":{"leaves":{"rush-desert-milkweed":2,"Arizona milkweed":2,"pineneedle milkweed":1},"flowers":{"rush-desert-milkweed":2,"Arizona milkweed":2},"fruits":{"Arizona milkweed":1},"insects":{"queen":3,"honeybee":2}}},{"w":"2026-09-22","yes":{"leaves":2,"flowers":3,"fruits":3,"insects":3},"obs":{"leaves":10,"flowers":6,"fruits":9,"insects":28},"sp":{"leaves":{"pineneedle milkweed":1,"rush-desert-milkweed":1},"flowers":{"Arizona milkweed":2,"rush-desert-milkweed":1},"fruits":{"Arizona milkweed":2,"rush-desert-milkweed":1},"insects":{"queen":3}}},{"w":"2026-09-15","yes":{"leaves":3,"flowers":6,"fruits":2,"insects":3},"obs":{"leaves":10,"flowers":6,"fruits":9,"insects":28},"sp":{"leaves":{"Arizona milkweed":1,"pineneedle milkweed":1,"rush-desert-milkweed":1},"flowers":{"Arizona milkweed":2,"pineneedle milkweed":2,"rush-desert-milkweed":2},"fruits":{"Arizona milkweed":1,"rush-desert-milkweed":1},"insects":{"queen":3}}},{"w":"2026-09-08","yes":{"leaves":3,"flowers":6,"fruits":3,"insects":3},"obs":{"leaves":10,"flowers":6,"fruits":9,"insects":28},"sp":{"leaves":{"pineneedle milkweed":1,"rush-desert-milkweed":1,"Arizona milkweed":1},"flowers":{"pineneedle milkweed":2,"rush-desert-milkweed":2,"Arizona milkweed":2},"fruits":{"Arizona milkweed":2,"rush-desert-milkweed":1},"insects":{"queen":3}}},{"w":"2026-09-01","yes":{"leaves":3,"flowers":3,"fruits":2,"insects":3},"obs":{"leaves":13,"flowers":8,"fruits":12,"insects":28},"sp":{"leaves":{"Arizona milkweed":1,"pineneedle milkweed":1,"rush-desert-milkweed":1},"flowers":{"Arizona milkweed":2,"rush-desert-milkweed":1},"fruits":{"Arizona milkweed":1,"rush-desert-milkweed":1},"insects":{"queen":3}}},{"w":"2026-08-25","yes":{"leaves":3,"flowers":4,"fruits":1,"insects":3},"obs":{"leaves":10,"flowers":6,"fruits":9,"insects":28},"sp":{"leaves":{"Arizona milkweed":1,"pineneedle milkweed":1,"rush-desert-milkweed":1},"flowers":{"Arizona milkweed":2,"rush-desert-milkweed":2},"fruits":{"Arizona milkweed":1},"insects":{"queen":3}}},{"w":"2026-08-18","yes":{"leaves":1,"flowers":2,"fruits":1,"insects":3},"obs":{"leaves":10,"flowers":6,"fruits":9,"insects":28},"sp":{"leaves":{"Arizona milkweed":1},"flowers":{"Arizona milkweed":1,"rush-desert-milkweed":1},"fruits":{"Arizona milkweed":1},"insects":{"queen":3}}}]}},{"type":"Feature","geometry":{"type":"Point","coordinates":[-123.2208,45.64084]},"properties":{"site":41890,"st":"OR","n":15,"classes":{"leaves":15},"weeks":[{"w":"2026-09-29","yes":{"leaves":3},"obs":{"leaves":15,"flowers":9,"fruits":9},"sp":{"leaves":{"vine maple":3}}},{"w":"2026-09-15","yes":{"leaves":3},"obs":{"leaves":15,"flowers":9,"fruits":9},"sp":{"leaves":{"vine maple":3}}},{"w":"2026-09-01","yes":{"leaves":3},"obs":{"leaves":15,"flowers":9,"fruits":9},"sp":{"leaves":{"vine maple":3}}},{"w":"2026-08-25","yes":{"leaves":3},"obs":{"leaves":15,"flowers":9,"fruits":9},"sp":{"leaves":{"vine maple":3}}},{"w":"2026-08-18","yes":{"leaves":3},"obs":{"leaves":15,"flowers":9,"fruits":9},"sp":{"leaves":{"vine maple":3}}}]}},{"type":"Feature","geometry":{"type":"Point","coordinates":[-118.31084,46.0588]},"properties":{"site":42019,"st":"WA","n":41,"classes":{"leaves":33,"fruits":8},"weeks":[{"w":"2026-09-29","yes":{"leaves":13,"fruits":3},"obs":{"leaves":25,"flowers":14,"fruits":15},"sp":{"leaves":{"silver maple":3,"paper birch":3,"horse chestnut":3,"vine maple":2,"quaking aspen":2},"fruits":{"horse chestnut":3}}},{"w":"2026-09-22","yes":{"leaves":12},"obs":{"leaves":22,"flowers":14,"fruits":15},"sp":{"leaves":{"vine maple":3,"silver maple":3,"paper birch":3,"horse chestnut":3}}},{"w":"2026-08-25","yes":{"leaves":8,"fruits":5},"obs":{"leaves":25,"flowers":14,"fruits":15},"sp":{"leaves":{"silver maple":3,"vine maple":2,"paper birch":1,"horse chestnut":1,"quaking aspen":1},"fruits":{"paper birch":3,"horse chestnut":2}}}]}},{"type":"Feature","geometry":{"type":"Point","coordinates":[-110.97675,32.39733]},"properties":{"site":42213,"st":"AZ","n":209,"classes":{"leaves":88,"flowers":18,"fruits":93,"birds":9,"insects":1},"weeks":[{"w":"2026-10-06","yes":{"leaves":11,"flowers":1,"fruits":10,"birds":2},"obs":{"leaves":45,"flowers":46,"fruits":66,"insects":20,"birds":52},"sp":{"leaves":{"blue paloverde":2,"catclaw acacia":2,"velvet mesquite":2,"brittlebush":2,"lotebush":2},"flowers":{"candy barrelcactus":1},"fruits":{"blue paloverde":4,"tree cholla":4,"candy barrelcactus":2},"birds":{"verdin":2}}},{"w":"2026-09-29","yes":{"leaves":11,"flowers":2,"fruits":11,"birds":2},"obs":{"leaves":45,"flowers":46,"fruits":66,"insects":20,"birds":52},"sp":{"leaves":{"blue paloverde":2,"catclaw acacia":2,"velvet mesquite":2,"brittlebush":2,"lotebush":2},"flowers":{"candy barrelcactus":2},"fruits":{"blue paloverde":4,"tree cholla":4,"candy barrelcactus":3},"birds":{"verdin":2}}},{"w":"2026-09-22","yes":{"leaves":11,"flowers":2,"fruits":9},"obs":{"leaves":45,"flowers":46,"fruits":66,"insects":20,"birds":52},"sp":{"leaves":{"blue paloverde":2,"catclaw acacia":2,"velvet mesquite":2,"brittlebush":2,"lotebush":2},"flowers":{"candy barrelcactus":2},"fruits":{"tree cholla":4,"candy barrelcactus":3,"blue paloverde":2}}},{"w":"2026-09-15","yes":{"leaves":11,"flowers":1,"fruits":12,"insects":1,"birds":3},"obs":{"leaves":45,"flowers":46,"fruits":66,"insects":20,"birds":52},"sp":{"leaves":{"blue paloverde":2,"catclaw acacia":2,"velvet mesquite":2,"brittlebush":2,"lotebush":2},"flowers":{"candy barrelcactus":1},"fruits":{"blue paloverde":4,"candy barrelcactus":4,"tree cholla":4},"insects":{"queen":1},"birds":{"verdin":2,"Anna's hummingbird":1}}},{"w":"2026-09-08","yes":{"leaves":11,"flowers":5,"fruits":14},"obs":{"leaves":45,"flowers":46,"fruits":66,"insects":20,"birds":52},"sp":{"leaves":{"blue paloverde":2,"catclaw acacia":2,"velvet mesquite":2,"brittlebush":2,"lotebush":2},"flowers":{"candy barrelcactus":3,"creosote bush":2},"fruits":{"blue paloverde":4,"candy barrelcactus":4,"tree cholla":4,"creosote bush":2}}},{"w":"2026-09-01","yes":{"leaves":11,"flowers":2,"fruits":12},"obs":{"leaves":45,"flowers":46,"fruits":66,"insects":20,"birds":52},"sp":{"leaves":{"blue paloverde":2,"catclaw acacia":2,"velvet mesquite":2,"brittlebush":2,"lotebush":2},"flowers":{"candy barrelcactus":2},"fruits":{"candy barrelcactus":4,"tree cholla":4,"blue paloverde":2,"creosote bush":2}}},{"w":"2026-08-25","yes":{"leaves":11,"flowers":1,"fruits":12,"birds":2},"obs":{"leaves":45,"flowers":46,"fruits":66,"insects":20,"birds":52},"sp":{"leaves":{"blue paloverde":2,"catclaw acacia":2,"velvet mesquite":2,"brittlebush":2,"lotebush":2},"flowers":{"candy barrelcactus":1},"fruits":{"candy barrelcactus":4,"tree cholla":4,"velvet mesquite":2,"creosote bush":2},"birds":{"Anna's hummingbird":1,"verdin":1}}},{"w":"2026-08-18","yes":{"leaves":11,"flowers":4,"fruits":13},"obs":{"leaves":45,"flowers":46,"fruits":66,"insects":20,"birds":52},"sp":{"leaves":{"blue paloverde":2,"catclaw acacia":2,"velvet mesquite":2,"brittlebush":2,"lotebush":2},"flowers":{"candy barrelcactus":2,"tree cholla":2},"fruits":{"candy barrelcactus":5,"blue paloverde":4,"tree cholla":4}}}]}},{"type":"Feature","geometry":{"type":"Point","coordinates":[-71.09789,42.38322]},"properties":{"site":42341,"st":"MA","n":211,"classes":{"leaves":140,"flowers":21,"fruits":50},"weeks":[{"w":"2026-09-29","yes":{"leaves":24,"flowers":5,"fruits":10},"obs":{"leaves":49,"flowers":28,"fruits":28},"sp":{"leaves":{"American witchhazel":3,"American basswood":3,"paper birch":3,"American hornbeam":3,"yellow birch":3},"flowers":{"American witchhazel":2,"pussy willow":1,"paper birch":1,"American hornbeam":1},"fruits":{"American basswood":3,"paper birch":3,"American hornbeam":3,"American witchhazel":1}}},{"w":"2026-09-22","yes":{"leaves":24,"flowers":3,"fruits":9},"obs":{"leaves":50,"flowers":28,"fruits":28},"sp":{"leaves":{"American basswood":3,"paper birch":3,"American hornbeam":3,"yellow birch":3,"American witchhazel":3},"flowers":{"paper birch":1,"pussy willow":1,"American witchhazel":1},"fruits":{"American hornbeam":3,"American basswood":2,"paper birch":2,"American witchhazel":2}}},{"w":"2026-09-15","yes":{"leaves":23,"flowers":4,"fruits":10},"obs":{"leaves":50,"flowers":28,"fruits":30},"sp":{"leaves":{"paper birch":3,"American hornbeam":3,"American basswood":3,"American witchhazel":3,"pussy willow":3},"flowers":{"paper birch":1,"American hornbeam":1,"American witchhazel":1,"pussy willow":1},"fruits":{"American hornbeam":3,"American basswood":3,"American witchhazel":3,"paper birch":1}}},{"w":"2026-09-08","yes":{"leaves":24,"flowers":3,"fruits":7},"obs":{"leaves":50,"flowers":28,"fruits":26},"sp":{"leaves":{"yellow birch":3,"American basswood":3,"paper birch":3,"Canadian serviceberry":3,"American hornbeam":3},"flowers":{"paper birch":1,"American witchhazel":1,"pussy willow":1},"fruits":{"American hornbeam":3,"paper birch":2,"American basswood":1,"American witchhazel":1}}},{"w":"2026-09-01","yes":{"leaves":24,"flowers":3,"fruits":6},"obs":{"leaves":49,"flowers":28,"fruits":29},"sp":{"leaves":{"paper birch":3,"Canadian serviceberry":3,"American hornbeam":3,"American basswood":3,"American witchhazel":3},"flowers":{"paper birch":1,"American witchhazel":1,"pussy willow":1},"fruits":{"American witchhazel":2,"paper birch":1,"American hornbeam":1,"American basswood":1,"northern red oak":1}}},{"w":"2026-08-25","yes":{"leaves":21,"flowers":3,"fruits":8},"obs":{"leaves":48,"flowers":28,"fruits":28},"sp":{"leaves":{"paper birch":3,"American hornbeam":3,"American witchhazel":3,"chestnut oak":2,"Canadian serviceberry":2},"flowers":{"paper birch":1,"pussy willow":1,"American witchhazel":1},"fruits":{"American witchhazel":3,"paper birch":2,"American hornbeam":1,"American basswood":1,"northern red oak":1}}}]}},{"type":"Feature","geometry":{"type":"Point","coordinates":[-79.80026,36.071]},"properties":{"site":42543,"st":"NC","n":178,"classes":{"leaves":52,"fruits":126},"weeks":[{"w":"2026-10-06","yes":{"leaves":21,"fruits":24},"obs":{"leaves":29,"flowers":5,"fruits":34},"sp":{"leaves":{"flowering dogwood":21},"fruits":{"flowering dogwood":24}}},{"w":"2026-09-29","yes":{"leaves":10,"fruits":29},"obs":{"leaves":24,"fruits":36},"sp":{"leaves":{"flowering dogwood":10},"fruits":{"flowering dogwood":29}}},{"w":"2026-09-22","yes":{"leaves":7,"fruits":18},"obs":{"leaves":24,"fruits":36},"sp":{"leaves":{"flowering dogwood":7},"fruits":{"flowering dogwood":18}}},{"w":"2026-09-15","yes":{"fruits":6},"obs":{"leaves":12,"fruits":18},"sp":{"fruits":{"flowering dogwood":6}}},{"w":"2026-09-08","yes":{"leaves":9,"fruits":25},"obs":{"leaves":38,"fruits":57},"sp":{"leaves":{"flowering dogwood":9},"fruits":{"flowering dogwood":25}}},{"w":"2026-09-01","yes":{"leaves":5,"fruits":24},"obs":{"leaves":40,"flowers":3,"fruits":59},"sp":{"leaves":{"flowering dogwood":5},"fruits":{"flowering dogwood":24}}}]}},{"type":"Feature","geometry":{"type":"Point","coordinates":[-92.24239,46.82698]},"properties":{"site":43068,"st":"MN","n":27,"classes":{"leaves":27},"weeks":[{"w":"2026-10-06","yes":{"leaves":9},"obs":{"leaves":15,"flowers":9,"fruits":9},"sp":{"leaves":{"paper birch":9}}},{"w":"2026-09-29","yes":{"leaves":5},"obs":{"leaves":10,"flowers":6,"fruits":6},"sp":{"leaves":{"paper birch":5}}},{"w":"2026-09-22","yes":{"leaves":5},"obs":{"leaves":10,"flowers":6,"fruits":6},"sp":{"leaves":{"paper birch":5}}},{"w":"2026-09-15","yes":{"leaves":8},"obs":{"leaves":15,"flowers":9,"fruits":9},"sp":{"leaves":{"paper birch":8}}}]}},{"type":"Feature","geometry":{"type":"Point","coordinates":[-92.24257,46.82719]},"properties":{"site":43069,"st":"MN","n":8,"classes":{"leaves":8},"weeks":[{"w":"2026-10-06","yes":{"leaves":3},"obs":{"leaves":5,"flowers":3,"fruits":3},"sp":{"leaves":{"sugar maple":3}}},{"w":"2026-09-29","yes":{"leaves":2},"obs":{"leaves":5,"flowers":3,"fruits":3},"sp":{"leaves":{"sugar maple":2}}},{"w":"2026-09-22","yes":{"leaves":2},"obs":{"leaves":5,"flowers":3,"fruits":3},"sp":{"leaves":{"sugar maple":2}}},{"w":"2026-09-15","yes":{"leaves":1},"obs":{"leaves":5,"flowers":3,"fruits":3},"sp":{"leaves":{"sugar maple":1}}}]}},{"type":"Feature","geometry":{"type":"Point","coordinates":[-92.24091,46.82667]},"properties":{"site":43072,"st":"MN","n":8,"classes":{"leaves":8},"weeks":[{"w":"2026-09-22","yes":{"leaves":2},"obs":{"leaves":5,"flowers":3,"fruits":3},"sp":{"leaves":{"sugar maple":2}}},{"w":"2026-09-15","yes":{"leaves":6},"obs":{"leaves":10,"flowers":6,"fruits":6},"sp":{"leaves":{"sugar maple":6}}}]}},{"type":"Feature","geometry":{"type":"Point","coordinates":[-92.24056,46.82692]},"properties":{"site":43073,"st":"MN","n":7,"classes":{"leaves":7},"weeks":[{"w":"2026-10-06","yes":{"leaves":2},"obs":{"leaves":5,"flowers":3,"fruits":3},"sp":{"leaves":{"quaking aspen":2}}},{"w":"2026-09-29","yes":{"leaves":2},"obs":{"leaves":5,"flowers":3,"fruits":3},"sp":{"leaves":{"quaking aspen":2}}},{"w":"2026-09-22","yes":{"leaves":1},"obs":{"leaves":5,"flowers":3,"fruits":3},"sp":{"leaves":{"quaking aspen":1}}},{"w":"2026-09-15","yes":{"leaves":2},"obs":{"leaves":10,"flowers":6,"fruits":6},"sp":{"leaves":{"quaking aspen":2}}}]}},{"type":"Feature","geometry":{"type":"Point","coordinates":[-123.2918,44.57147]},"properties":{"site":43119,"st":"OR","n":330,"classes":{"leaves":90,"flowers":16,"fruits":89,"birds":135},"weeks":[{"w":"2026-10-06","yes":{"leaves":12,"flowers":2,"fruits":13},"obs":{"leaves":40,"flowers":21,"fruits":24},"sp":{"leaves":{"Indian plum":3,"vine maple":3,"quaking aspen":3,"common snowberry":1,"Pacific ninebark":1},"flowers":{"common snowberry":2},"fruits":{"vine maple":9,"common snowberry":2,"Pacific ninebark":2}}},{"w":"2026-09-29","yes":{"leaves":15,"flowers":2,"fruits":13},"obs":{"leaves":40,"flowers":21,"fruits":23},"sp":{"leaves":{"vine maple":5,"Indian plum":3,"quaking aspen":3,"common snowberry":2,"Pacific ninebark":1},"flowers":{"common snowberry":2},"fruits":{"vine maple":9,"common snowberry":2,"Pacific ninebark":2}}},{"w":"2026-09-22","yes":{"leaves":11,"flowers":2,"fruits":12,"birds":32},"obs":{"leaves":39,"flowers":21,"fruits":23,"birds":127},"sp":{"leaves":{"vine maple":3,"Indian plum":3,"quaking aspen":2,"common snowberry":1,"Pacific ninebark":1},"flowers":{"common snowberry":2},"fruits":{"vine maple":9,"Pacific ninebark":2,"common snowberry":1},"birds":{"California scrub-jay":6,"black-capped chickadee":5,"Anna's hummingbird":5,"lesser goldfinch":5,"downy woodpecker":4}}},{"w":"2026-09-15","yes":{"leaves":11,"flowers":2,"fruits":11},"obs":{"leaves":40,"flowers":21,"fruits":22},"sp":{"leaves":{"vine maple":3,"Indian plum":3,"quaking aspen":2,"common snowberry":1,"Pacific ninebark":1},"flowers":{"common snowberry":2},"fruits":{"vine maple":9,"Pacific ninebark":2}}},{"w":"2026-09-08","yes":{"leaves":11,"flowers":2,"fruits":12,"birds":28},"obs":{"leaves":40,"flowers":21,"fruits":21,"birds":125},"sp":{"leaves":{"vine maple":3,"Indian plum":3,"quaking aspen":2,"common snowberry":1,"Pacific ninebark":1},"flowers":{"common snowberry":2},"fruits":{"vine maple":8,"common snowberry":2,"Pacific ninebark":2},"birds":{"California scrub-jay":6,"black-capped chickadee":5,"acorn woodpecker":4,"Anna's hummingbird":4,"lesser goldfinch":4}}},{"w":"2026-09-01","yes":{"leaves":10,"flowers":2,"fruits":10,"birds":27},"obs":{"leaves":40,"flowers":21,"fruits":23,"birds":129},"sp":{"leaves":{"vine maple":3,"Indian plum":3,"common snowberry":1,"Pacific ninebark":1,"Oregon white oak":1},"flowers":{"common snowberry":2},"fruits":{"vine maple":6,"common snowberry":2,"Pacific ninebark":2},"birds":{"California scrub-jay":6,"black-capped chickadee":5,"Anna's hummingbird":4,"lesser goldfinch":4,"downy woodpecker":4}}},{"w":"2026-08-25","yes":{"leaves":10,"flowers":2,"fruits":11,"birds":24},"obs":{"leaves":40,"flowers":21,"fruits":24,"birds":125},"sp":{"leaves":{"vine maple":3,"Indian plum":3,"common snowberry":1,"Pacific ninebark":1,"Oregon white oak":1},"flowers":{"common snowberry":2},"fruits":{"vine maple":8,"Pacific ninebark":2,"common snowberry":1},"birds":{"California scrub-jay":5,"lesser goldfinch":5,"Anna's hummingbird":4,"downy woodpecker":4,"black-capped chickadee":4}}},{"w":"2026-08-18","yes":{"leaves":10,"flowers":2,"fruits":7,"birds":24},"obs":{"leaves":40,"flowers":21,"fruits":23,"birds":129},"sp":{"leaves":{"vine maple":3,"Indian plum":3,"quaking aspen":1,"common snowberry":1,"Pacific ninebark":1},"flowers":{"common snowberry":2},"fruits":{"vine maple":5,"common snowberry":1,"Pacific ninebark":1},"birds":{"dark-eyed junco":5,"black-capped chickadee":5,"California scrub-jay":5,"Anna's hummingbird":4,"lesser goldfinch":4}}}]}},{"type":"Feature","geometry":{"type":"Point","coordinates":[-71.14423,42.37524]},"properties":{"site":43308,"st":"MA","n":1214,"classes":{"leaves":738,"fruits":476},"weeks":[{"w":"2026-09-29","yes":{"leaves":207,"fruits":101},"obs":{"leaves":368,"flowers":190,"fruits":165},"sp":{"leaves":{"paper birch":34,"northern red oak":32,"flowering dogwood":27,"sugar maple":26,"maidenhair tree":23},"fruits":{"paper birch":30,"northern red oak":16,"white oak":13,"flowering dogwood":12,"sweetgum":12}}},{"w":"2026-09-22","yes":{"leaves":74,"fruits":46},"obs":{"leaves":125,"flowers":64,"fruits":73},"sp":{"leaves":{"paper birch":12,"northern red oak":11,"maidenhair tree":9,"sugar maple":9,"flowering dogwood":9},"fruits":{"paper birch":12,"flowering dogwood":7,"northern red oak":7,"sweetgum":6,"white oak":6}}},{"w":"2026-09-15","yes":{"leaves":74,"fruits":50},"obs":{"leaves":130,"flowers":66,"fruits":72},"sp":{"leaves":{"maidenhair tree":12,"northern red oak":12,"paper birch":12,"sugar maple":9,"flowering dogwood":9},"fruits":{"paper birch":12,"northern red oak":9,"flowering dogwood":9,"sweetgum":6,"white oak":6}}},{"w":"2026-09-08","yes":{"leaves":135,"fruits":100},"obs":{"leaves":250,"flowers":128,"fruits":147},"sp":{"leaves":{"paper birch":20,"northern red oak":19,"maidenhair tree":18,"sugar maple":18,"flowering dogwood":18},"fruits":{"paper birch":24,"northern red oak":23,"flowering dogwood":18,"sweetgum":10,"white oak":8}}},{"w":"2026-09-01","yes":{"leaves":68,"fruits":49},"obs":{"leaves":125,"flowers":64,"fruits":75},"sp":{"leaves":{"northern red oak":11,"paper birch":10,"sugar maple":9,"maidenhair tree":8,"flowering dogwood":8},"fruits":{"northern red oak":12,"paper birch":12,"flowering dogwood":9,"sweetgum":6,"white oak":4}}},{"w":"2026-08-25","yes":{"leaves":128,"fruits":88},"obs":{"leaves":250,"flowers":128,"fruits":146},"sp":{"leaves":{"paper birch":18,"flowering dogwood":18,"maidenhair tree":18,"sugar maple":17,"northern red oak":15},"fruits":{"paper birch":24,"northern red oak":22,"flowering dogwood":15,"sweetgum":9,"sugar maple":6}}},{"w":"2026-08-18","yes":{"leaves":52,"fruits":42},"obs":{"leaves":125,"flowers":64,"fruits":74},"sp":{"leaves":{"maidenhair tree":9,"flowering dogwood":8,"northern red oak":7,"tuliptree":6,"sugar maple":5},"fruits":{"paper birch":12,"northern red oak":11,"flowering dogwood":7,"sweetgum":4,"sugar maple":3}}}]}},{"type":"Feature","geometry":{"type":"Point","coordinates":[-71.146,42.3869]},"properties":{"site":43327,"st":"MA","n":186,"classes":{"leaves":132,"flowers":11,"fruits":43},"weeks":[{"w":"2026-09-22","yes":{"leaves":28,"flowers":2,"fruits":12},"obs":{"leaves":50,"flowers":29,"fruits":30},"sp":{"leaves":{"swamp white oak":6,"red maple":3,"river birch":3,"blackgum":3,"pussy willow":3},"flowers":{"river birch":1,"pussy willow":1},"fruits":{"swamp white oak":4,"blackgum":3,"pin oak":3,"boxelder":2}}},{"w":"2026-09-15","yes":{"leaves":28,"flowers":2,"fruits":10},"obs":{"leaves":50,"flowers":29,"fruits":30},"sp":{"leaves":{"swamp white oak":6,"pin oak":3,"river birch":3,"blackgum":3,"pussy willow":3},"flowers":{"river birch":1,"pussy willow":1},"fruits":{"pin oak":3,"blackgum":3,"swamp white oak":2,"boxelder":2}}},{"w":"2026-09-08","yes":{"leaves":23,"flowers":2,"fruits":6},"obs":{"leaves":50,"flowers":29,"fruits":29},"sp":{"leaves":{"swamp white oak":4,"pin oak":3,"river birch":3,"pussy willow":3,"boxelder":2},"flowers":{"river birch":1,"pussy willow":1},"fruits":{"swamp white oak":2,"pin oak":2,"boxelder":1,"blackgum":1}}},{"w":"2026-09-01","yes":{"leaves":21,"flowers":2,"fruits":5},"obs":{"leaves":50,"flowers":29,"fruits":30},"sp":{"leaves":{"swamp white oak":4,"river birch":3,"blackgum":3,"pussy willow":3,"white oak":2},"flowers":{"river birch":1,"pussy willow":1},"fruits":{"swamp white oak":2,"pin oak":1,"boxelder":1,"blackgum":1}}},{"w":"2026-08-25","yes":{"leaves":18,"flowers":2,"fruits":5},"obs":{"leaves":50,"flowers":29,"fruits":30},"sp":{"leaves":{"swamp white oak":3,"river birch":3,"red maple":2,"blackgum":2,"pussy willow":2},"flowers":{"river birch":1,"pussy willow":1},"fruits":{"swamp white oak":2,"blackgum":1,"pin oak":1,"boxelder":1}}},{"w":"2026-08-18","yes":{"leaves":14,"flowers":1,"fruits":5},"obs":{"leaves":50,"flowers":29,"fruits":29},"sp":{"leaves":{"swamp white oak":2,"river birch":2,"blackgum":2,"pussy willow":2,"boxelder":2},"flowers":{"river birch":1},"fruits":{"swamp white oak":2,"blackgum":1,"pin oak":1,"boxelder":1}}}]}},{"type":"Feature","geometry":{"type":"Point","coordinates":[-73.70417,42.36978]},"properties":{"site":43365,"st":"NY","n":281,"classes":{"leaves":197,"flowers":12,"fruits":72},"weeks":[{"w":"2026-10-06","yes":{"leaves":48,"flowers":2,"fruits":14},"obs":{"leaves":86,"flowers":51,"fruits":48},"sp":{"leaves":{"sugar maple":7,"apple":6,"black cherry":6,"American basswood":6,"red maple":6},"flowers":{"common lilac":2},"fruits":{"apple":6,"American basswood":4,"American sycamore":4}}},{"w":"2026-09-29","yes":{"leaves":44,"flowers":2,"fruits":15},"obs":{"leaves":85,"flowers":51,"fruits":48},"sp":{"leaves":{"apple":6,"black cherry":6,"American basswood":6,"American sycamore":6,"sugar maple":5},"flowers":{"common lilac":2},"fruits":{"apple":6,"American basswood":5,"American sycamore":4}}},{"w":"2026-09-22","yes":{"leaves":38,"flowers":2,"fruits":13},"obs":{"leaves":86,"flowers":51,"fruits":49},"sp":{"leaves":{"apple":6,"black cherry":6,"American sycamore":5,"sugar maple":5,"American basswood":4},"flowers":{"common lilac":2},"fruits":{"apple":6,"American basswood":4,"American sycamore":3}}},{"w":"2026-09-15","yes":{"leaves":29,"flowers":2,"fruits":5},"obs":{"leaves":84,"flowers":51,"fruits":42},"sp":{"leaves":{"apple":6,"black cherry":4,"American basswood":4,"sugar maple":3,"red maple":3},"flowers":{"common lilac":2},"fruits":{"apple":4,"American basswood":1}}},{"w":"2026-08-25","yes":{"leaves":19,"flowers":2,"fruits":14},"obs":{"leaves":89,"flowers":51,"fruits":47},"sp":{"leaves":{"sugar maple":3,"apple":2,"black cherry":2,"American basswood":2,"red maple":2},"flowers":{"common lilac":2},"fruits":{"apple":6,"black cherry":5,"American basswood":2,"American sycamore":1}}},{"w":"2026-08-18","yes":{"leaves":19,"flowers":2,"fruits":11},"obs":{"leaves":94,"flowers":54,"fruits":53},"sp":{"leaves":{"sugar maple":3,"American elm":2,"red maple":2,"apple":2,"black cherry":2},"flowers":{"common lilac":2},"fruits":{"apple":6,"black cherry":2,"American basswood":2,"American sycamore":1}}}]}},{"type":"Feature","geometry":{"type":"Point","coordinates":[-93.14811,44.90164]},"properties":{"site":44054,"st":"MN","n":63,"classes":{"leaves":63},"weeks":[{"w":"2026-10-06","yes":{"leaves":7},"obs":{"leaves":20,"flowers":12,"fruits":12},"sp":{"leaves":{"eastern cottonwood":6,"black willow":1}}},{"w":"2026-09-29","yes":{"leaves":6},"obs":{"leaves":20,"flowers":12,"fruits":12},"sp":{"leaves":{"eastern cottonwood":5,"black willow":1}}},{"w":"2026-09-22","yes":{"leaves":7},"obs":{"leaves":20,"flowers":12,"fruits":12},"sp":{"leaves":{"eastern cottonwood":5,"black willow":2}}},{"w":"2026-09-15","yes":{"leaves":7},"obs":{"leaves":13,"flowers":9,"fruits":9},"sp":{"leaves":{"eastern cottonwood":4,"black willow":3}}},{"w":"2026-09-08","yes":{"leaves":9},"obs":{"leaves":15,"flowers":9,"fruits":9},"sp":{"leaves":{"eastern cottonwood":6,"black willow":3}}},{"w":"2026-09-01","yes":{"leaves":9},"obs":{"leaves":15,"flowers":9,"fruits":9},"sp":{"leaves":{"eastern cottonwood":6,"black willow":3}}},{"w":"2026-08-25","yes":{"leaves":9},"obs":{"leaves":15,"flowers":9,"fruits":9},"sp":{"leaves":{"eastern cottonwood":6,"black willow":3}}},{"w":"2026-08-18","yes":{"leaves":9},"obs":{"leaves":15,"flowers":9,"fruits":9},"sp":{"leaves":{"eastern cottonwood":6,"black willow":3}}}]}},{"type":"Feature","geometry":{"type":"Point","coordinates":[-93.14706,44.90189]},"properties":{"site":44055,"st":"MN","n":142,"classes":{"leaves":142},"weeks":[{"w":"2026-09-22","yes":{"leaves":39},"obs":{"leaves":105,"flowers":63,"fruits":63},"sp":{"leaves":{"silver maple":10,"American elm":8,"river birch":6,"swamp white oak":6,"bur oak":4}}},{"w":"2026-09-15","yes":{"leaves":23},"obs":{"leaves":115,"flowers":69,"fruits":69},"sp":{"leaves":{"silver maple":6,"American elm":3,"bur oak":3,"river birch":3,"black willow":3}}},{"w":"2026-09-01","yes":{"leaves":26},"obs":{"leaves":115,"flowers":69,"fruits":69},"sp":{"leaves":{"silver maple":6,"American elm":4,"river birch":4,"swamp white oak":4,"bur oak":3}}},{"w":"2026-08-25","yes":{"leaves":32},"obs":{"leaves":115,"flowers":69,"fruits":69},"sp":{"leaves":{"silver maple":12,"swamp white oak":4,"eastern cottonwood":4,"black willow":4,"American elm":3}}},{"w":"2026-08-18","yes":{"leaves":22},"obs":{"leaves":114,"flowers":68,"fruits":69},"sp":{"leaves":{"silver maple":6,"American elm":3,"bur oak":3,"river birch":3,"black willow":3}}}]}},{"type":"Feature","geometry":{"type":"Point","coordinates":[-93.14784,44.90158]},"properties":{"site":44073,"st":"MN","n":0,"classes":{},"weeks":[{"w":"2026-10-06","yes":{},"obs":{"leaves":15,"flowers":7,"fruits":9},"sp":{}},{"w":"2026-09-29","yes":{},"obs":{"leaves":15,"flowers":7,"fruits":9},"sp":{}},{"w":"2026-09-22","yes":{},"obs":{"leaves":15,"flowers":7,"fruits":9},"sp":{}},{"w":"2026-09-15","yes":{},"obs":{"leaves":15,"flowers":7,"fruits":9},"sp":{}},{"w":"2026-09-08","yes":{},"obs":{"leaves":15,"flowers":7,"fruits":9},"sp":{}},{"w":"2026-09-01","yes":{},"obs":{"leaves":15,"flowers":7,"fruits":9},"sp":{}},{"w":"2026-08-25","yes":{},"obs":{"leaves":15,"flowers":7,"fruits":9},"sp":{}},{"w":"2026-08-18","yes":{},"obs":{"leaves":15,"flowers":7,"fruits":9},"sp":{}}]}},{"type":"Feature","geometry":{"type":"Point","coordinates":[-93.16597,44.89752]},"properties":{"site":44076,"st":"MN","n":344,"classes":{"leaves":344},"weeks":[{"w":"2026-10-06","yes":{"leaves":47},"obs":{"leaves":90,"flowers":54,"fruits":54},"sp":{"leaves":{"river birch":9,"common hackberry":9,"American elm":9,"silver maple":9,"swamp white oak":8}}},{"w":"2026-09-29","yes":{"leaves":42},"obs":{"leaves":90,"flowers":54,"fruits":54},"sp":{"leaves":{"river birch":9,"silver maple":8,"American elm":8,"common hackberry":8,"swamp white oak":7}}},{"w":"2026-09-22","yes":{"leaves":38},"obs":{"leaves":90,"flowers":54,"fruits":54},"sp":{"leaves":{"river birch":9,"swamp white oak":9,"silver maple":6,"American elm":6,"common hackberry":6}}},{"w":"2026-09-15","yes":{"leaves":41},"obs":{"leaves":83,"flowers":51,"fruits":51},"sp":{"leaves":{"river birch":9,"American elm":9,"silver maple":8,"common hackberry":7,"swamp white oak":6}}},{"w":"2026-09-08","yes":{"leaves":47},"obs":{"leaves":83,"flowers":51,"fruits":51},"sp":{"leaves":{"swamp white oak":11,"river birch":9,"silver maple":9,"American elm":8,"common hackberry":7}}},{"w":"2026-09-01","yes":{"leaves":45},"obs":{"leaves":82,"flowers":51,"fruits":51},"sp":{"leaves":{"swamp white oak":9,"river birch":9,"silver maple":8,"American elm":8,"common hackberry":8}}},{"w":"2026-08-25","yes":{"leaves":43},"obs":{"leaves":83,"flowers":51,"fruits":51},"sp":{"leaves":{"American elm":9,"river birch":9,"silver maple":8,"swamp white oak":7,"common hackberry":7}}},{"w":"2026-08-18","yes":{"leaves":41},"obs":{"leaves":84,"flowers":51,"fruits":51},"sp":{"leaves":{"river birch":9,"common hackberry":9,"silver maple":8,"American elm":7,"swamp white oak":5}}}]}},{"type":"Feature","geometry":{"type":"Point","coordinates":[-76.32304,40.10125]},"properties":{"site":44146,"st":"PA","n":107,"classes":{"leaves":55,"fruits":52},"weeks":[{"w":"2026-09-22","yes":{"leaves":9,"fruits":7},"obs":{"leaves":15,"flowers":6,"fruits":9},"sp":{"leaves":{"eastern redbud":9},"fruits":{"eastern redbud":7}}},{"w":"2026-09-15","yes":{"leaves":9,"fruits":7},"obs":{"leaves":15,"flowers":6,"fruits":9},"sp":{"leaves":{"eastern redbud":9},"fruits":{"eastern redbud":7}}},{"w":"2026-09-08","yes":{"leaves":28,"fruits":24},"obs":{"leaves":63,"flowers":24,"fruits":36},"sp":{"leaves":{"eastern redbud":28},"fruits":{"eastern redbud":24}}},{"w":"2026-09-01","yes":{"leaves":5,"fruits":9},"obs":{"leaves":20,"flowers":8,"fruits":12},"sp":{"leaves":{"eastern redbud":5},"fruits":{"eastern redbud":9}}},{"w":"2026-08-25","yes":{"leaves":4,"fruits":5},"obs":{"leaves":20,"flowers":8,"fruits":12},"sp":{"leaves":{"eastern redbud":4},"fruits":{"eastern redbud":5}}}]}},{"type":"Feature","geometry":{"type":"Point","coordinates":[-76.73043,40.32868]},"properties":{"site":44174,"st":"PA","n":57,"classes":{"leaves":24,"fruits":33},"weeks":[{"w":"2026-10-06","yes":{"leaves":8,"fruits":12},"obs":{"leaves":40,"flowers":16,"fruits":24},"sp":{"leaves":{"eastern redbud":8},"fruits":{"eastern redbud":12}}},{"w":"2026-09-08","yes":{"leaves":8,"fruits":12},"obs":{"leaves":40,"flowers":16,"fruits":24},"sp":{"leaves":{"eastern redbud":8},"fruits":{"eastern redbud":12}}},{"w":"2026-08-25","yes":{"leaves":8,"fruits":9},"obs":{"leaves":40,"flowers":16,"fruits":24},"sp":{"leaves":{"eastern redbud":8},"fruits":{"eastern redbud":9}}}]}},{"type":"Feature","geometry":{"type":"Point","coordinates":[-110.95014,32.24595]},"properties":{"site":44181,"st":"AZ","n":40,"classes":{"insects":28,"birds":12},"weeks":[{"w":"2026-10-06","yes":{"insects":2,"birds":2},"obs":{"insects":5,"birds":4},"sp":{"insects":{"pipevine swallowtail":2},"birds":{"greater roadrunner":2}}},{"w":"2026-09-29","yes":{"insects":15,"birds":10},"obs":{"insects":31,"birds":13},"sp":{"insects":{"queen":9,"pipevine swallowtail":3,"gulf fritillary":3},"birds":{"curve-billed thrasher":5,"greater roadrunner":3,"American kestrel":2}}},{"w":"2026-09-15","yes":{"insects":8},"obs":{"insects":12},"sp":{"insects":{"orange sulphur":5,"queen":3}}},{"w":"2026-09-08","yes":{"insects":3},"obs":{"insects":6},"sp":{"insects":{"queen":3}}}]}},{"type":"Feature","geometry":{"type":"Point","coordinates":[-93.14758,44.9018]},"properties":{"site":44192,"st":"MN","n":219,"classes":{"leaves":219},"weeks":[{"w":"2026-10-06","yes":{"leaves":30},"obs":{"leaves":95,"flowers":57,"fruits":57},"sp":{"leaves":{"silver maple":12,"American sycamore":8,"pecan":4,"red maple":3,"river birch":3}}},{"w":"2026-09-29","yes":{"leaves":29},"obs":{"leaves":95,"flowers":57,"fruits":57},"sp":{"leaves":{"silver maple":12,"American sycamore":8,"pecan":3,"red maple":3,"river birch":3}}},{"w":"2026-09-22","yes":{"leaves":29},"obs":{"leaves":95,"flowers":57,"fruits":57},"sp":{"leaves":{"silver maple":12,"American sycamore":8,"pecan":3,"red maple":3,"river birch":3}}},{"w":"2026-09-15","yes":{"leaves":26},"obs":{"leaves":95,"flowers":57,"fruits":57},"sp":{"leaves":{"silver maple":12,"American sycamore":6,"pecan":3,"red maple":3,"river birch":2}}},{"w":"2026-09-08","yes":{"leaves":30},"obs":{"leaves":95,"flowers":57,"fruits":57},"sp":{"leaves":{"silver maple":12,"American sycamore":9,"pecan":3,"red maple":3,"river birch":3}}},{"w":"2026-09-01","yes":{"leaves":26},"obs":{"leaves":95,"flowers":57,"fruits":57},"sp":{"leaves":{"silver maple":12,"American sycamore":6,"pecan":3,"red maple":3,"river birch":2}}},{"w":"2026-08-25","yes":{"leaves":25},"obs":{"leaves":95,"flowers":57,"fruits":57},"sp":{"leaves":{"silver maple":10,"American sycamore":7,"pecan":3,"red maple":3,"river birch":2}}},{"w":"2026-08-18","yes":{"leaves":24},"obs":{"leaves":95,"flowers":57,"fruits":57},"sp":{"leaves":{"silver maple":10,"American sycamore":6,"pecan":3,"red maple":3,"river birch":2}}}]}},{"type":"Feature","geometry":{"type":"Point","coordinates":[-93.15025,44.90081]},"properties":{"site":44241,"st":"MN","n":137,"classes":{"leaves":137},"weeks":[{"w":"2026-10-06","yes":{"leaves":30},"obs":{"leaves":90,"flowers":54,"fruits":54},"sp":{"leaves":{"American elm":9,"swamp white oak":6,"river birch":6,"silver maple":4,"common hackberry":3}}},{"w":"2026-09-29","yes":{"leaves":27},"obs":{"leaves":90,"flowers":54,"fruits":54},"sp":{"leaves":{"American elm":6,"river birch":6,"swamp white oak":6,"common hackberry":4,"silver maple":3}}},{"w":"2026-09-22","yes":{"leaves":16},"obs":{"leaves":90,"flowers":54,"fruits":54},"sp":{"leaves":{"river birch":3,"common hackberry":3,"American elm":3,"swamp white oak":3,"silver maple":2}}},{"w":"2026-09-15","yes":{"leaves":16},"obs":{"leaves":90,"flowers":54,"fruits":54},"sp":{"leaves":{"American elm":3,"river birch":3,"common hackberry":3,"swamp white oak":3,"eastern cottonwood":2}}},{"w":"2026-09-01","yes":{"leaves":16},"obs":{"leaves":90,"flowers":54,"fruits":54},"sp":{"leaves":{"swamp white oak":3,"river birch":3,"common hackberry":3,"American elm":3,"silver maple":2}}},{"w":"2026-08-25","yes":{"leaves":16},"obs":{"leaves":80,"flowers":48,"fruits":48},"sp":{"leaves":{"swamp white oak":3,"river birch":3,"common hackberry":3,"American elm":3,"silver maple":2}}},{"w":"2026-08-18","yes":{"leaves":16},"obs":{"leaves":90,"flowers":54,"fruits":54},"sp":{"leaves":{"river birch":3,"common hackberry":3,"American elm":3,"swamp white oak":3,"silver maple":2}}}]}},{"type":"Feature","geometry":{"type":"Point","coordinates":[-93.15001,44.90083]},"properties":{"site":44245,"st":"MN","n":136,"classes":{"leaves":136},"weeks":[{"w":"2026-09-29","yes":{"leaves":32},"obs":{"leaves":100,"flowers":60,"fruits":60},"sp":{"leaves":{"American sycamore":9,"silver maple":6,"red maple":5,"pin oak":5,"pecan":4}}},{"w":"2026-09-15","yes":{"leaves":22},"obs":{"leaves":100,"flowers":60,"fruits":60},"sp":{"leaves":{"American sycamore":7,"silver maple":5,"red maple":4,"pecan":3,"pin oak":2}}},{"w":"2026-09-08","yes":{"leaves":22},"obs":{"leaves":114,"flowers":67,"fruits":69},"sp":{"leaves":{"silver maple":7,"red maple":4,"pin oak":4,"pecan":3,"American sycamore":3}}},{"w":"2026-09-01","yes":{"leaves":24},"obs":{"leaves":100,"flowers":60,"fruits":60},"sp":{"leaves":{"silver maple":8,"red maple":4,"pin oak":4,"American sycamore":4,"pecan":3}}},{"w":"2026-08-25","yes":{"leaves":19},"obs":{"leaves":95,"flowers":57,"fruits":57},"sp":{"leaves":{"red maple":4,"pin oak":4,"silver maple":4,"pecan":3,"American sycamore":3}}},{"w":"2026-08-18","yes":{"leaves":17},"obs":{"leaves":90,"flowers":53,"fruits":54},"sp":{"leaves":{"pin oak":5,"red maple":4,"pecan":3,"silver maple":3,"American sycamore":1}}}]}},{"type":"Feature","geometry":{"type":"Point","coordinates":[-93.1479,44.90138]},"properties":{"site":44254,"st":"MN","n":478,"classes":{"leaves":478},"weeks":[{"w":"2026-10-06","yes":{"leaves":68},"obs":{"leaves":135,"flowers":81,"fruits":81},"sp":{"leaves":{"silver maple":16,"American elm":15,"river birch":11,"swamp white oak":9,"bur oak":7}}},{"w":"2026-09-29","yes":{"leaves":65},"obs":{"leaves":135,"flowers":81,"fruits":81},"sp":{"leaves":{"silver maple":16,"American elm":13,"river birch":11,"swamp white oak":8,"bur oak":7}}},{"w":"2026-09-22","yes":{"leaves":58},"obs":{"leaves":135,"flowers":81,"fruits":81},"sp":{"leaves":{"silver maple":14,"American elm":12,"river birch":10,"swamp white oak":8,"bur oak":6}}},{"w":"2026-09-15","yes":{"leaves":61},"obs":{"leaves":135,"flowers":81,"fruits":81},"sp":{"leaves":{"silver maple":15,"American elm":12,"river birch":10,"swamp white oak":8,"bur oak":6}}},{"w":"2026-09-08","yes":{"leaves":64},"obs":{"leaves":135,"flowers":81,"fruits":81},"sp":{"leaves":{"silver maple":15,"American elm":14,"river birch":12,"swamp white oak":6,"black willow":6}}},{"w":"2026-09-01","yes":{"leaves":59},"obs":{"leaves":135,"flowers":81,"fruits":81},"sp":{"leaves":{"silver maple":15,"American elm":12,"river birch":11,"swamp white oak":6,"black willow":6}}},{"w":"2026-08-25","yes":{"leaves":52},"obs":{"leaves":135,"flowers":81,"fruits":81},"sp":{"leaves":{"silver maple":12,"American elm":11,"river birch":10,"black willow":6,"eastern cottonwood":5}}},{"w":"2026-08-18","yes":{"leaves":51},"obs":{"leaves":135,"flowers":81,"fruits":81},"sp":{"leaves":{"silver maple":12,"river birch":10,"American elm":10,"black willow":6,"eastern cottonwood":5}}}]}},{"type":"Feature","geometry":{"type":"Point","coordinates":[-93.14804,44.90261]},"properties":{"site":44255,"st":"MN","n":273,"classes":{"leaves":273},"weeks":[{"w":"2026-10-06","yes":{"leaves":44},"obs":{"leaves":115,"flowers":69,"fruits":69},"sp":{"leaves":{"silver maple":9,"American elm":9,"swamp white oak":9,"bur oak":6,"river birch":6}}},{"w":"2026-09-29","yes":{"leaves":36},"obs":{"leaves":115,"flowers":69,"fruits":69},"sp":{"leaves":{"silver maple":9,"swamp white oak":8,"American elm":6,"bur oak":5,"river birch":4}}},{"w":"2026-09-22","yes":{"leaves":38},"obs":{"leaves":115,"flowers":69,"fruits":69},"sp":{"leaves":{"silver maple":9,"swamp white oak":8,"American elm":7,"bur oak":5,"river birch":5}}},{"w":"2026-09-15","yes":{"leaves":39},"obs":{"leaves":115,"flowers":69,"fruits":69},"sp":{"leaves":{"silver maple":9,"swamp white oak":8,"American elm":7,"bur oak":5,"river birch":5}}},{"w":"2026-09-08","yes":{"leaves":31},"obs":{"leaves":115,"flowers":69,"fruits":69},"sp":{"leaves":{"silver maple":8,"swamp white oak":6,"American elm":6,"river birch":4,"bur oak":3}}},{"w":"2026-09-01","yes":{"leaves":31},"obs":{"leaves":115,"flowers":69,"fruits":69},"sp":{"leaves":{"silver maple":7,"swamp white oak":6,"American elm":6,"river birch":5,"bur oak":3}}},{"w":"2026-08-25","yes":{"leaves":28},"obs":{"leaves":115,"flowers":69,"fruits":69},"sp":{"leaves":{"silver maple":6,"river birch":6,"American elm":5,"swamp white oak":4,"bur oak":3}}},{"w":"2026-08-18","yes":{"leaves":26},"obs":{"leaves":115,"flowers":69,"fruits":69},"sp":{"leaves":{"silver maple":5,"American elm":5,"river birch":5,"swamp white oak":4,"bur oak":3}}}]}},{"type":"Feature","geometry":{"type":"Point","coordinates":[-93.14818,44.90229]},"properties":{"site":44256,"st":"MN","n":197,"classes":{"leaves":197},"weeks":[{"w":"2026-10-06","yes":{"leaves":37},"obs":{"leaves":90,"flowers":54,"fruits":54},"sp":{"leaves":{"river birch":9,"common hackberry":9,"American elm":9,"silver maple":6,"swamp white oak":4}}},{"w":"2026-09-22","yes":{"leaves":36},"obs":{"leaves":89,"flowers":54,"fruits":54},"sp":{"leaves":{"river birch":9,"common hackberry":9,"American elm":8,"silver maple":6,"swamp white oak":4}}},{"w":"2026-09-15","yes":{"leaves":32},"obs":{"leaves":90,"flowers":54,"fruits":54},"sp":{"leaves":{"river birch":9,"common hackberry":7,"American elm":7,"silver maple":6,"swamp white oak":3}}},{"w":"2026-09-08","yes":{"leaves":28},"obs":{"leaves":90,"flowers":54,"fruits":54},"sp":{"leaves":{"river birch":8,"American elm":7,"common hackberry":6,"silver maple":4,"swamp white oak":3}}},{"w":"2026-09-01","yes":{"leaves":26},"obs":{"leaves":90,"flowers":54,"fruits":54},"sp":{"leaves":{"American elm":9,"river birch":8,"silver maple":4,"common hackberry":3,"swamp white oak":2}}},{"w":"2026-08-25","yes":{"leaves":15},"obs":{"leaves":88,"flowers":54,"fruits":54},"sp":{"leaves":{"American elm":5,"common hackberry":3,"river birch":3,"swamp white oak":2,"silver maple":2}}},{"w":"2026-08-18","yes":{"leaves":23},"obs":{"leaves":90,"flowers":54,"fruits":54},"sp":{"leaves":{"river birch":6,"American elm":6,"silver maple":5,"common hackberry":3,"swamp white oak":3}}}]}},{"type":"Feature","geometry":{"type":"Point","coordinates":[-93.14833,44.90235]},"properties":{"site":44257,"st":"MN","n":175,"classes":{"leaves":175},"weeks":[{"w":"2026-10-06","yes":{"leaves":33},"obs":{"leaves":80,"flowers":48,"fruits":48},"sp":{"leaves":{"pecan":10,"silver maple":10,"American sycamore":9,"red maple":4}}},{"w":"2026-09-22","yes":{"leaves":31},"obs":{"leaves":80,"flowers":48,"fruits":48},"sp":{"leaves":{"silver maple":12,"American sycamore":9,"pecan":8,"red maple":2}}},{"w":"2026-09-15","yes":{"leaves":31},"obs":{"leaves":80,"flowers":48,"fruits":48},"sp":{"leaves":{"silver maple":13,"American sycamore":9,"pecan":7,"red maple":2}}},{"w":"2026-09-08","yes":{"leaves":22},"obs":{"leaves":80,"flowers":48,"fruits":48},"sp":{"leaves":{"American sycamore":9,"silver maple":6,"pecan":5,"red maple":2}}},{"w":"2026-09-01","yes":{"leaves":23},"obs":{"leaves":80,"flowers":48,"fruits":48},"sp":{"leaves":{"silver maple":9,"American sycamore":7,"pecan":5,"red maple":2}}},{"w":"2026-08-25","yes":{"leaves":17},"obs":{"leaves":80,"flowers":48,"fruits":48},"sp":{"leaves":{"silver maple":6,"American sycamore":5,"pecan":4,"red maple":2}}},{"w":"2026-08-18","yes":{"leaves":18},"obs":{"leaves":80,"flowers":48,"fruits":48},"sp":{"leaves":{"silver maple":6,"American sycamore":6,"pecan":4,"red maple":2}}}]}},{"type":"Feature","geometry":{"type":"Point","coordinates":[-110.30061,31.47343]},"properties":{"site":44289,"st":"AZ","n":17,"classes":{"fruits":7,"flowers":10},"weeks":[{"w":"2026-09-29","yes":{"fruits":2},"obs":{"flowers":2,"fruits":3},"sp":{"fruits":{"Palmer's century plant":2}}},{"w":"2026-09-08","yes":{"flowers":2,"fruits":1},"obs":{"flowers":2,"fruits":3},"sp":{"flowers":{"Palmer's century plant":2},"fruits":{"Palmer's century plant":1}}},{"w":"2026-09-01","yes":{"flowers":4,"fruits":2},"obs":{"flowers":4,"fruits":6},"sp":{"flowers":{"Palmer's century plant":4},"fruits":{"Palmer's century plant":2}}},{"w":"2026-08-25","yes":{"flowers":2,"fruits":1},"obs":{"flowers":2,"fruits":3},"sp":{"flowers":{"Palmer's century plant":2},"fruits":{"Palmer's century plant":1}}},{"w":"2026-08-18","yes":{"flowers":2,"fruits":1},"obs":{"flowers":2,"fruits":3},"sp":{"flowers":{"Palmer's century plant":2},"fruits":{"Palmer's century plant":1}}}]}},{"type":"Feature","geometry":{"type":"Point","coordinates":[-110.29422,31.47805]},"properties":{"site":44304,"st":"AZ","n":12,"classes":{"fruits":4,"flowers":8},"weeks":[{"w":"2026-09-29","yes":{"fruits":1},"obs":{"flowers":2,"fruits":3},"sp":{"fruits":{"Palmer's century plant":1}}},{"w":"2026-09-01","yes":{"flowers":4,"fruits":1},"obs":{"flowers":4,"fruits":6},"sp":{"flowers":{"Palmer's century plant":4},"fruits":{"Palmer's century plant":1}}},{"w":"2026-08-25","yes":{"flowers":2,"fruits":1},"obs":{"flowers":2,"fruits":3},"sp":{"flowers":{"Palmer's century plant":2},"fruits":{"Palmer's century plant":1}}},{"w":"2026-08-18","yes":{"flowers":2,"fruits":1},"obs":{"flowers":2,"fruits":3},"sp":{"flowers":{"Palmer's century plant":2},"fruits":{"Palmer's century plant":1}}}]}},{"type":"Feature","geometry":{"type":"Point","coordinates":[-110.29637,31.47692]},"properties":{"site":44350,"st":"AZ","n":9,"classes":{"fruits":5,"flowers":4},"weeks":[{"w":"2026-09-29","yes":{"fruits":1},"obs":{"flowers":2,"fruits":3},"sp":{"fruits":{"Palmer's century plant":1}}},{"w":"2026-09-01","yes":{"fruits":2},"obs":{"flowers":4,"fruits":6},"sp":{"fruits":{"Palmer's century plant":2}}},{"w":"2026-08-25","yes":{"flowers":2,"fruits":1},"obs":{"flowers":2,"fruits":3},"sp":{"flowers":{"Palmer's century plant":2},"fruits":{"Palmer's century plant":1}}},{"w":"2026-08-18","yes":{"flowers":2,"fruits":1},"obs":{"flowers":2,"fruits":3},"sp":{"flowers":{"Palmer's century plant":2},"fruits":{"Palmer's century plant":1}}}]}},{"type":"Feature","geometry":{"type":"Point","coordinates":[-71.15862,42.46135]},"properties":{"site":44360,"st":"MA","n":579,"classes":{"leaves":339,"flowers":28,"fruits":212},"weeks":[{"w":"2026-10-06","yes":{"leaves":73,"flowers":4,"fruits":40},"obs":{"leaves":130,"flowers":76,"fruits":76,"insects":10},"sp":{"leaves":{"northern red oak":23,"pignut hickory":12,"bear oak":12,"gray birch":9,"black cherry":6},"flowers":{"gray birch":4},"fruits":{"northern red oak":19,"bear oak":9,"black oak":6,"pignut hickory":4,"gray birch":2}}},{"w":"2026-09-29","yes":{"leaves":35,"flowers":2,"fruits":18},"obs":{"leaves":65,"flowers":38,"fruits":38,"insects":5},"sp":{"leaves":{"northern red oak":11,"pignut hickory":6,"gray birch":6,"bear oak":5,"black cherry":3},"flowers":{"gray birch":2},"fruits":{"northern red oak":8,"bear oak":3,"black oak":3,"pignut hickory":2,"dwarf chinquapin oak":1}}},{"w":"2026-09-22","yes":{"leaves":36,"flowers":2,"fruits":20},"obs":{"leaves":65,"flowers":38,"fruits":39,"insects":5},"sp":{"leaves":{"northern red oak":11,"pignut hickory":6,"gray birch":6,"bear oak":5,"dwarf chinquapin oak":3},"flowers":{"gray birch":2},"fruits":{"northern red oak":6,"bear oak":4,"pignut hickory":3,"dwarf chinquapin oak":3,"black oak":3}}},{"w":"2026-09-15","yes":{"leaves":57,"flowers":4,"fruits":29},"obs":{"leaves":130,"flowers":76,"fruits":78,"insects":10},"sp":{"leaves":{"northern red oak":17,"gray birch":10,"pignut hickory":9,"bear oak":8,"black cherry":5},"flowers":{"gray birch":4},"fruits":{"northern red oak":9,"bear oak":6,"pignut hickory":5,"dwarf chinquapin oak":4,"black oak":3}}},{"w":"2026-09-08","yes":{"leaves":26,"flowers":2,"fruits":11},"obs":{"leaves":65,"flowers":38,"fruits":39,"insects":5},"sp":{"leaves":{"northern red oak":6,"gray birch":6,"pignut hickory":4,"bear oak":3,"black cherry":3},"flowers":{"gray birch":2},"fruits":{"northern red oak":4,"pignut hickory":2,"bear oak":2,"dwarf chinquapin oak":1,"gray birch":1}}},{"w":"2026-09-01","yes":{"leaves":37,"flowers":4,"fruits":25},"obs":{"leaves":130,"flowers":76,"fruits":78,"insects":10},"sp":{"leaves":{"gray birch":10,"northern red oak":9,"pignut hickory":7,"bear oak":4,"black cherry":3},"flowers":{"gray birch":4},"fruits":{"northern red oak":8,"pignut hickory":4,"bear oak":4,"black cherry":3,"black oak":2}}},{"w":"2026-08-25","yes":{"leaves":15,"flowers":2,"fruits":14},"obs":{"leaves":65,"flowers":38,"fruits":39,"insects":5},"sp":{"leaves":{"northern red oak":4,"gray birch":3,"black cherry":2,"pignut hickory":2,"bear oak":2},"flowers":{"gray birch":2},"fruits":{"northern red oak":4,"black cherry":3,"pignut hickory":2,"bear oak":2,"dwarf chinquapin oak":1}}},{"w":"2026-08-18","yes":{"leaves":60,"flowers":8,"fruits":55},"obs":{"leaves":260,"flowers":152,"fruits":156,"insects":20},"sp":{"leaves":{"northern red oak":16,"gray birch":12,"pignut hickory":8,"bear oak":8,"black cherry":8},"flowers":{"gray birch":8},"fruits":{"northern red oak":16,"black cherry":11,"pignut hickory":8,"bear oak":8,"black oak":4}}}]}},{"type":"Feature","geometry":{"type":"Point","coordinates":[-93.19598,44.92636]},"properties":{"site":44365,"st":"MN","n":8,"classes":{"leaves":7,"flowers":1},"weeks":[{"w":"2026-10-06","yes":{"leaves":2},"obs":{"leaves":2,"flowers":2,"fruits":3},"sp":{"leaves":{"Bohemian knotweed":2}}},{"w":"2026-09-29","yes":{"leaves":1},"obs":{"leaves":2,"flowers":2,"fruits":3},"sp":{"leaves":{"Bohemian knotweed":1}}},{"w":"2026-09-22","yes":{"leaves":2},"obs":{"leaves":2,"flowers":2,"fruits":3},"sp":{"leaves":{"Bohemian knotweed":2}}},{"w":"2026-09-08","yes":{},"obs":{"leaves":2,"flowers":2,"fruits":3},"sp":{}},{"w":"2026-09-01","yes":{},"obs":{"leaves":2,"flowers":2,"fruits":3},"sp":{}},{"w":"2026-08-25","yes":{"leaves":2,"flowers":1},"obs":{"leaves":4,"flowers":4,"fruits":6},"sp":{"leaves":{"Bohemian knotweed":2},"flowers":{"Bohemian knotweed":1}}}]}},{"type":"Feature","geometry":{"type":"Point","coordinates":[-122.15738,38.08913]},"properties":{"site":44383,"st":"CA","n":32,"classes":{"birds":32},"weeks":[{"w":"2026-10-06","yes":{"birds":5},"obs":{"birds":62},"sp":{"birds":{"yellow-rumped warbler":3,"western bluebird":1,"lesser goldfinch":1}}},{"w":"2026-09-29","yes":{"birds":8},"obs":{"birds":62},"sp":{"birds":{"white-crowned sparrow":3,"lesser goldfinch":2,"yellow-rumped warbler":2,"western bluebird":1}}},{"w":"2026-09-22","yes":{"birds":1},"obs":{"birds":62},"sp":{"birds":{"western bluebird":1}}},{"w":"2026-09-15","yes":{"birds":9},"obs":{"birds":62},"sp":{"birds":{"lesser goldfinch":4,"western bluebird":3,"yellow-rumped warbler":2}}},{"w":"2026-09-08","yes":{"birds":7},"obs":{"birds":62},"sp":{"birds":{"lesser goldfinch":4,"western bluebird":3}}},{"w":"2026-09-01","yes":{"birds":2},"obs":{"birds":62},"sp":{"birds":{"western bluebird":2}}},{"w":"2026-08-25","yes":{},"obs":{"birds":62},"sp":{}},{"w":"2026-08-18","yes":{},"obs":{"birds":62},"sp":{}}]}},{"type":"Feature","geometry":{"type":"Point","coordinates":[-122.15608,38.08345]},"properties":{"site":44384,"st":"CA","n":113,"classes":{"birds":113},"weeks":[{"w":"2026-10-06","yes":{"birds":14},"obs":{"birds":58},"sp":{"birds":{"black phoebe":4,"Anna's hummingbird":3,"red-winged blackbird":3,"song sparrow":2,"white-crowned sparrow":2}}},{"w":"2026-09-29","yes":{"birds":17},"obs":{"birds":58},"sp":{"birds":{"Anna's hummingbird":4,"black phoebe":4,"red-winged blackbird":4,"song sparrow":2,"white-crowned sparrow":2}}},{"w":"2026-09-22","yes":{"birds":19},"obs":{"birds":58},"sp":{"birds":{"red-winged blackbird":4,"white-crowned sparrow":4,"black phoebe":3,"song sparrow":3,"Anna's hummingbird":2}}},{"w":"2026-09-15","yes":{"birds":13},"obs":{"birds":58},"sp":{"birds":{"black phoebe":4,"mourning dove":2,"Anna's hummingbird":2,"song sparrow":2,"spotted towhee":2}}},{"w":"2026-09-08","yes":{"birds":13},"obs":{"birds":58},"sp":{"birds":{"black phoebe":4,"song sparrow":4,"red-winged blackbird":3,"Anna's hummingbird":2}}},{"w":"2026-09-01","yes":{"birds":15},"obs":{"birds":58},"sp":{"birds":{"black phoebe":4,"song sparrow":4,"Anna's hummingbird":3,"red-winged blackbird":3,"mourning dove":1}}},{"w":"2026-08-25","yes":{"birds":10},"obs":{"birds":58},"sp":{"birds":{"song sparrow":4,"red-winged blackbird":3,"Anna's hummingbird":2,"black phoebe":1}}},{"w":"2026-08-18","yes":{"birds":12},"obs":{"birds":58},"sp":{"birds":{"black phoebe":4,"song sparrow":4,"Anna's hummingbird":2,"red-winged blackbird":1,"mourning dove":1}}}]}},{"type":"Feature","geometry":{"type":"Point","coordinates":[-122.15335,38.09111]},"properties":{"site":44385,"st":"CA","n":39,"classes":{"birds":39},"weeks":[{"w":"2026-10-06","yes":{"birds":4},"obs":{"birds":33},"sp":{"birds":{"common raven":2,"great blue heron":1,"red-tailed hawk":1}}},{"w":"2026-09-29","yes":{"birds":5},"obs":{"birds":33},"sp":{"birds":{"great blue heron":2,"red-tailed hawk":2,"mallard":1}}},{"w":"2026-09-22","yes":{"birds":8},"obs":{"birds":33},"sp":{"birds":{"common raven":2,"killdeer":2,"cliff swallow":2,"great blue heron":1,"red-tailed hawk":1}}},{"w":"2026-09-15","yes":{"birds":6},"obs":{"birds":33},"sp":{"birds":{"great blue heron":2,"killdeer":2,"mallard":2}}},{"w":"2026-09-08","yes":{"birds":7},"obs":{"birds":33},"sp":{"birds":{"great blue heron":4,"common raven":2,"mallard":1}}},{"w":"2026-09-01","yes":{"birds":2},"obs":{"birds":33},"sp":{"birds":{"great blue heron":1,"mallard":1}}},{"w":"2026-08-25","yes":{},"obs":{"birds":33},"sp":{}},{"w":"2026-08-18","yes":{"birds":7},"obs":{"birds":33},"sp":{"birds":{"cliff swallow":3,"killdeer":2,"great blue heron":1,"mallard":1}}}]}},{"type":"Feature","geometry":{"type":"Point","coordinates":[-75.60586,38.34741]},"properties":{"site":44581,"st":"MD","n":280,"classes":{"leaves":199,"flowers":1,"fruits":80},"weeks":[{"w":"2026-10-06","yes":{"leaves":34,"flowers":1,"fruits":11},"obs":{"leaves":74,"flowers":37,"fruits":48},"sp":{"leaves":{"red maple":9,"eastern redbud":9,"willow oak":8,"flowering dogwood":4,"pin oak":4},"flowers":{"pin oak":1},"fruits":{"willow oak":6,"red maple":2,"flowering dogwood":2,"eastern redbud":1}}},{"w":"2026-09-29","yes":{"leaves":94,"fruits":37},"obs":{"leaves":188,"flowers":83,"fruits":127},"sp":{"leaves":{"flowering dogwood":30,"willow oak":24,"eastern redbud":20,"red maple":14,"pin oak":6},"fruits":{"flowering dogwood":19,"willow oak":9,"eastern redbud":9}}},{"w":"2026-09-22","yes":{"leaves":71,"fruits":32},"obs":{"leaves":146,"flowers":72,"fruits":90},"sp":{"leaves":{"red maple":18,"eastern redbud":17,"willow oak":15,"flowering dogwood":12,"pin oak":9},"fruits":{"flowering dogwood":12,"willow oak":10,"eastern redbud":5,"pin oak":3,"red maple":2}}}]}},{"type":"Feature","geometry":{"type":"Point","coordinates":[-75.60644,38.34553]},"properties":{"site":44587,"st":"MD","n":417,"classes":{"leaves":254,"flowers":18,"fruits":145},"weeks":[{"w":"2026-10-06","yes":{"leaves":39,"flowers":2,"fruits":35},"obs":{"leaves":100,"flowers":51,"fruits":60},"sp":{"leaves":{"flowering dogwood":13,"willow oak":7,"pin oak":6,"silver maple":6,"red maple":5},"flowers":{"flowering dogwood":2},"fruits":{"flowering dogwood":10,"willow oak":10,"eastern redbud":6,"pin oak":6,"red maple":2}}},{"w":"2026-09-29","yes":{"leaves":99,"flowers":7,"fruits":52},"obs":{"leaves":235,"flowers":121,"fruits":141},"sp":{"leaves":{"flowering dogwood":36,"silver maple":26,"red maple":15,"pin oak":11,"willow oak":8},"flowers":{"flowering dogwood":7},"fruits":{"flowering dogwood":21,"willow oak":10,"eastern redbud":9,"pin oak":6,"silver maple":4}}},{"w":"2026-09-22","yes":{"leaves":114,"flowers":9,"fruits":58},"obs":{"leaves":290,"flowers":156,"fruits":173},"sp":{"leaves":{"flowering dogwood":43,"silver maple":22,"red maple":21,"pin oak":14,"willow oak":8},"flowers":{"flowering dogwood":9},"fruits":{"flowering dogwood":30,"willow oak":10,"pin oak":9,"silver maple":4,"eastern redbud":3}}},{"w":"2026-09-15","yes":{"leaves":2},"obs":{"leaves":5,"flowers":3,"fruits":3},"sp":{"leaves":{"silver maple":2}}}]}},{"type":"Feature","geometry":{"type":"Point","coordinates":[-110.98315,32.40986]},"properties":{"site":44604,"st":"AZ","n":254,"classes":{"leaves":80,"flowers":61,"fruits":95,"insects":4,"birds":14},"weeks":[{"w":"2026-10-06","yes":{"leaves":10,"flowers":8,"fruits":10,"insects":1,"birds":2},"obs":{"leaves":39,"flowers":31,"fruits":45,"insects":20,"birds":52},"sp":{"leaves":{"yellow paloverde":2,"whitethorn acacia":2,"Coues' cassia":1,"velvet mesquite":1,"catclaw acacia":1},"flowers":{"Coues' cassia":2,"candy barrelcactus":2,"creosote bush":2,"desert zinnia":2},"fruits":{"whitethorn acacia":4,"candy barrelcactus":4,"tree cholla":2},"insects":{"queen":1},"birds":{"verdin":2}}},{"w":"2026-09-29","yes":{"leaves":10,"flowers":8,"fruits":12,"insects":1,"birds":2},"obs":{"leaves":39,"flowers":31,"fruits":45,"insects":20,"birds":52},"sp":{"leaves":{"yellow paloverde":2,"whitethorn acacia":2,"desert zinnia":1,"velvet mesquite":1,"catclaw acacia":1},"flowers":{"candy barrelcactus":4,"Coues' cassia":2,"desert zinnia":2},"fruits":{"whitethorn acacia":4,"candy barrelcactus":4,"tree cholla":2,"creosote bush":2},"insects":{"queen":1},"birds":{"verdin":2}}},{"w":"2026-09-22","yes":{"leaves":10,"flowers":7,"fruits":15,"insects":1,"birds":2},"obs":{"leaves":39,"flowers":31,"fruits":45,"insects":20,"birds":52},"sp":{"leaves":{"yellow paloverde":2,"whitethorn acacia":2,"desert zinnia":1,"Coues' cassia":1,"velvet mesquite":1},"flowers":{"candy barrelcactus":4,"desert zinnia":2,"Coues' cassia":1},"fruits":{"whitethorn acacia":4,"candy barrelcactus":4,"tree cholla":2,"catclaw acacia":2,"creosote bush":2},"insects":{"pipevine swallowtail":1},"birds":{"verdin":2}}},{"w":"2026-09-15","yes":{"leaves":10,"flowers":8,"fruits":11,"insects":1,"birds":2},"obs":{"leaves":39,"flowers":30,"fruits":45,"insects":20,"birds":52},"sp":{"leaves":{"yellow paloverde":2,"whitethorn acacia":2,"desert zinnia":1,"Coues' cassia":1,"velvet mesquite":1},"flowers":{"candy barrelcactus":4,"Coues' cassia":2,"desert zinnia":2},"fruits":{"whitethorn acacia":4,"candy barrelcactus":3,"tree cholla":2,"creosote bush":2},"insects":{"queen":1},"birds":{"verdin":2}}},{"w":"2026-09-08","yes":{"leaves":10,"flowers":8,"fruits":11},"obs":{"leaves":39,"flowers":31,"fruits":45,"insects":20,"birds":52},"sp":{"leaves":{"yellow paloverde":2,"whitethorn acacia":2,"Coues' cassia":1,"velvet mesquite":1,"catclaw acacia":1},"flowers":{"candy barrelcactus":4,"whitethorn acacia":2,"desert zinnia":2},"fruits":{"whitethorn acacia":4,"tree cholla":2,"candy barrelcactus":2,"creosote bush":2,"Coues' cassia":1}}},{"w":"2026-09-01","yes":{"leaves":10,"flowers":6,"fruits":13,"birds":2},"obs":{"leaves":39,"flowers":31,"fruits":45,"insects":20,"birds":52},"sp":{"leaves":{"yellow paloverde":2,"whitethorn acacia":2,"Coues' cassia":1,"desert zinnia":1,"velvet mesquite":1},"flowers":{"candy barrelcactus":4,"desert zinnia":2},"fruits":{"whitethorn acacia":4,"candy barrelcactus":4,"tree cholla":2,"creosote bush":2,"Coues' cassia":1},"birds":{"verdin":2}}},{"w":"2026-08-25","yes":{"leaves":10,"flowers":8,"fruits":12,"birds":2},"obs":{"leaves":39,"flowers":31,"fruits":45,"insects":20,"birds":52},"sp":{"leaves":{"yellow paloverde":2,"whitethorn acacia":2,"Coues' cassia":1,"desert zinnia":1,"velvet mesquite":1},"flowers":{"candy barrelcactus":4,"Coues' cassia":2,"desert zinnia":2},"fruits":{"candy barrelcactus":4,"whitethorn acacia":3,"tree cholla":2,"creosote bush":2,"desert zinnia":1},"birds":{"verdin":2}}},{"w":"2026-08-18","yes":{"leaves":10,"flowers":8,"fruits":11,"birds":2},"obs":{"leaves":39,"flowers":31,"fruits":45,"insects":20,"birds":52},"sp":{"leaves":{"yellow paloverde":2,"whitethorn acacia":2,"Coues' cassia":1,"velvet mesquite":1,"catclaw acacia":1},"flowers":{"candy barrelcactus":4,"whitethorn acacia":2,"desert zinnia":2},"fruits":{"whitethorn acacia":4,"tree cholla":2,"candy barrelcactus":2,"creosote bush":2,"Coues' cassia":1},"birds":{"verdin":2}}}]}},{"type":"Feature","geometry":{"type":"Point","coordinates":[-75.60585,38.34381]},"properties":{"site":44683,"st":"MD","n":198,"classes":{"leaves":156,"fruits":39,"flowers":3},"weeks":[{"w":"2026-10-06","yes":{"leaves":42,"fruits":6},"obs":{"leaves":84,"flowers":39,"fruits":49},"sp":{"leaves":{"flowering dogwood":17,"eastern redbud":10,"willow oak":6,"sugar maple":5,"sassafras":2},"fruits":{"flowering dogwood":5,"sugar maple":1}}},{"w":"2026-09-29","yes":{"leaves":60,"flowers":1,"fruits":15},"obs":{"leaves":123,"flowers":56,"fruits":75},"sp":{"leaves":{"flowering dogwood":23,"eastern redbud":13,"willow oak":13,"sugar maple":6,"sassafras":5},"flowers":{"flowering dogwood":1},"fruits":{"flowering dogwood":5,"willow oak":5,"sugar maple":4,"eastern redbud":1}}},{"w":"2026-09-22","yes":{"leaves":54,"flowers":2,"fruits":18},"obs":{"leaves":153,"flowers":72,"fruits":93},"sp":{"leaves":{"flowering dogwood":14,"willow oak":12,"eastern redbud":10,"sugar maple":9,"sassafras":8},"flowers":{"flowering dogwood":2},"fruits":{"flowering dogwood":7,"willow oak":5,"sugar maple":4,"eastern redbud":2}}}]}},{"type":"Feature","geometry":{"type":"Point","coordinates":[-109.5519,31.33645]},"properties":{"site":44833,"st":"AZ","n":0,"classes":{},"weeks":[{"w":"2026-09-29","yes":{},"obs":{"leaves":5,"flowers":3,"fruits":3,"birds":8},"sp":{}}]}},{"type":"Feature","geometry":{"type":"Point","coordinates":[-78.69194,35.79826]},"properties":{"site":44974,"st":"NC","n":244,"classes":{"leaves":119,"fruits":125},"weeks":[{"w":"2026-10-06","yes":{"leaves":21,"fruits":23},"obs":{"leaves":50,"flowers":29,"fruits":30},"sp":{"leaves":{"willow oak":13,"American sycamore":3,"red maple":3,"sweetgum":2},"fruits":{"willow oak":18,"sweetgum":3,"American sycamore":2}}},{"w":"2026-09-29","yes":{"leaves":41,"fruits":43},"obs":{"leaves":100,"flowers":58,"fruits":60},"sp":{"leaves":{"willow oak":23,"red maple":8,"American sycamore":6,"sweetgum":4},"fruits":{"willow oak":33,"sweetgum":6,"American sycamore":4}}},{"w":"2026-09-22","yes":{"leaves":29,"fruits":33},"obs":{"leaves":100,"flowers":58,"fruits":60},"sp":{"leaves":{"willow oak":18,"American sycamore":5,"red maple":4,"sweetgum":2},"fruits":{"willow oak":23,"sweetgum":6,"American sycamore":4}}},{"w":"2026-09-15","yes":{"leaves":28,"fruits":26},"obs":{"leaves":100,"flowers":58,"fruits":60},"sp":{"leaves":{"willow oak":15,"red maple":6,"American sycamore":4,"sweetgum":3},"fruits":{"willow oak":18,"sweetgum":6,"American sycamore":2}}}]}},{"type":"Feature","geometry":{"type":"Point","coordinates":[-78.68993,35.79814]},"properties":{"site":44975,"st":"NC","n":294,"classes":{"leaves":170,"fruits":124},"weeks":[{"w":"2026-10-06","yes":{"leaves":25,"fruits":22},"obs":{"leaves":50,"flowers":27,"fruits":30},"sp":{"leaves":{"pin oak":12,"flowering dogwood":8,"post oak":3,"white oak":2},"fruits":{"pin oak":15,"flowering dogwood":4,"white oak":3}}},{"w":"2026-09-29","yes":{"leaves":51,"fruits":41},"obs":{"leaves":100,"flowers":54,"fruits":58},"sp":{"leaves":{"pin oak":24,"flowering dogwood":17,"post oak":6,"white oak":4},"fruits":{"pin oak":27,"flowering dogwood":10,"white oak":4}}},{"w":"2026-09-22","yes":{"leaves":46,"fruits":36},"obs":{"leaves":100,"flowers":54,"fruits":60},"sp":{"leaves":{"pin oak":22,"flowering dogwood":14,"white oak":7,"post oak":3},"fruits":{"pin oak":21,"flowering dogwood":11,"white oak":4}}},{"w":"2026-09-15","yes":{"leaves":48,"fruits":25},"obs":{"leaves":99,"flowers":54,"fruits":60},"sp":{"leaves":{"pin oak":20,"flowering dogwood":18,"post oak":6,"white oak":4},"fruits":{"pin oak":17,"flowering dogwood":6,"white oak":2}}}]}},{"type":"Feature","geometry":{"type":"Point","coordinates":[-78.68914,35.79924]},"properties":{"site":44977,"st":"NC","n":266,"classes":{"leaves":123,"fruits":143},"weeks":[{"w":"2026-10-06","yes":{"leaves":17,"fruits":26},"obs":{"leaves":49,"flowers":29,"fruits":29},"sp":{"leaves":{"white oak":9,"willow oak":7,"flowering dogwood":1},"fruits":{"white oak":13,"willow oak":12,"flowering dogwood":1}}},{"w":"2026-09-29","yes":{"leaves":43,"fruits":47},"obs":{"leaves":100,"flowers":57,"fruits":57},"sp":{"leaves":{"white oak":23,"willow oak":16,"flowering dogwood":4},"fruits":{"willow oak":23,"white oak":22,"flowering dogwood":2}}},{"w":"2026-09-22","yes":{"leaves":31,"fruits":41},"obs":{"leaves":100,"flowers":57,"fruits":60},"sp":{"leaves":{"willow oak":15,"white oak":14,"flowering dogwood":2},"fruits":{"willow oak":23,"white oak":16,"flowering dogwood":2}}},{"w":"2026-09-15","yes":{"leaves":32,"fruits":29},"obs":{"leaves":100,"flowers":58,"fruits":60},"sp":{"leaves":{"willow oak":15,"white oak":15,"flowering dogwood":2},"fruits":{"white oak":15,"willow oak":12,"flowering dogwood":2}}}]}},{"type":"Feature","geometry":{"type":"Point","coordinates":[-78.68824,35.7993]},"properties":{"site":44978,"st":"NC","n":215,"classes":{"leaves":120,"fruits":94,"flowers":1},"weeks":[{"w":"2026-10-06","yes":{"leaves":19,"fruits":18},"obs":{"leaves":50,"flowers":27,"fruits":29},"sp":{"leaves":{"willow oak":7,"maidenhair tree":4,"red maple":4,"northern red oak":2,"tuliptree":2},"fruits":{"willow oak":12,"northern red oak":3,"maidenhair tree":2,"tuliptree":1}}},{"w":"2026-09-29","yes":{"leaves":39,"flowers":1,"fruits":34},"obs":{"leaves":100,"flowers":54,"fruits":59},"sp":{"leaves":{"willow oak":16,"red maple":9,"maidenhair tree":6,"northern red oak":4,"tuliptree":4},"flowers":{"maidenhair tree":1},"fruits":{"willow oak":18,"maidenhair tree":8,"northern red oak":6,"tuliptree":2}}},{"w":"2026-09-22","yes":{"leaves":32,"fruits":25},"obs":{"leaves":99,"flowers":54,"fruits":59},"sp":{"leaves":{"willow oak":15,"red maple":6,"northern red oak":4,"maidenhair tree":4,"tuliptree":3},"fruits":{"willow oak":16,"northern red oak":6,"maidenhair tree":2,"tuliptree":1}}},{"w":"2026-09-15","yes":{"leaves":30,"fruits":17},"obs":{"leaves":100,"flowers":54,"fruits":60},"sp":{"leaves":{"willow oak":13,"tuliptree":6,"red maple":5,"maidenhair tree":4,"northern red oak":2},"fruits":{"willow oak":12,"northern red oak":3,"tuliptree":1,"maidenhair tree":1}}}]}},{"type":"Feature","geometry":{"type":"Point","coordinates":[-123.06255,44.88133]},"properties":{"site":45302,"st":"OR","n":24,"classes":{"leaves":24},"weeks":[{"w":"2026-10-06","yes":{"leaves":2},"obs":{"leaves":5,"flowers":3,"fruits":3},"sp":{"leaves":{"Oregon white oak":2}}},{"w":"2026-09-29","yes":{"leaves":4},"obs":{"leaves":10,"flowers":6,"fruits":6},"sp":{"leaves":{"Oregon white oak":2,"vine maple":2}}},{"w":"2026-09-22","yes":{"leaves":4},"obs":{"leaves":10,"flowers":6,"fruits":6},"sp":{"leaves":{"Oregon white oak":2,"vine maple":2}}},{"w":"2026-09-15","yes":{"leaves":8},"obs":{"leaves":20,"flowers":12,"fruits":11},"sp":{"leaves":{"Oregon white oak":4,"vine maple":4}}},{"w":"2026-09-01","yes":{"leaves":2},"obs":{"leaves":10,"flowers":6,"fruits":6},"sp":{"leaves":{"Oregon white oak":1,"vine maple":1}}},{"w":"2026-08-25","yes":{"leaves":2},"obs":{"leaves":10,"flowers":6,"fruits":4},"sp":{"leaves":{"Oregon white oak":1,"vine maple":1}}},{"w":"2026-08-18","yes":{"leaves":2},"obs":{"leaves":10,"flowers":6,"fruits":6},"sp":{"leaves":{"Oregon white oak":1,"vine maple":1}}}]}},{"type":"Feature","geometry":{"type":"Point","coordinates":[-84.97804,41.63096]},"properties":{"site":45482,"st":"IN","n":45,"classes":{"leaves":22,"flowers":2,"fruits":21},"weeks":[{"w":"2026-09-01","yes":{"leaves":22,"flowers":2,"fruits":21},"obs":{"leaves":88,"flowers":58,"fruits":69},"sp":{"leaves":{"Virginia creeper":3,"common milkweed":2,"shagbark hickory":2,"American basswood":2,"sugar maple":2},"flowers":{"white snakeroot":2},"fruits":{"wild bergamot":6,"shagbark hickory":3,"American basswood":3,"black walnut":3,"black cherry":3}}}]}},{"type":"Feature","geometry":{"type":"Point","coordinates":[-81.05687,35.16766]},"properties":{"site":46201,"st":"NC","n":277,"classes":{"leaves":205,"fruits":72},"weeks":[{"w":"2026-09-29","yes":{"leaves":33,"fruits":10},"obs":{"leaves":119,"flowers":71,"fruits":84},"sp":{"leaves":{"flowering dogwood":7,"tuliptree":6,"winged elm":6,"American hornbeam":5,"American beech":3},"fruits":{"loblolly pine":5,"willow oak":5}}},{"w":"2026-09-22","yes":{"leaves":30,"fruits":13},"obs":{"leaves":119,"flowers":71,"fruits":84},"sp":{"leaves":{"winged elm":6,"American hornbeam":6,"tuliptree":5,"flowering dogwood":4,"American beech":3},"fruits":{"willow oak":7,"loblolly pine":6}}},{"w":"2026-09-15","yes":{"leaves":44,"fruits":9},"obs":{"leaves":118,"flowers":71,"fruits":84},"sp":{"leaves":{"tuliptree":9,"flowering dogwood":9,"willow oak":6,"winged elm":6,"American hornbeam":6},"fruits":{"loblolly pine":5,"sugar maple":4}}},{"w":"2026-09-08","yes":{"leaves":26,"fruits":10},"obs":{"leaves":119,"flowers":71,"fruits":84},"sp":{"leaves":{"flowering dogwood":5,"American hornbeam":5,"winged elm":4,"tuliptree":3,"American beech":3},"fruits":{"willow oak":5,"loblolly pine":4,"tuliptree":1}}},{"w":"2026-09-01","yes":{"leaves":26,"fruits":14},"obs":{"leaves":119,"flowers":71,"fruits":84},"sp":{"leaves":{"flowering dogwood":5,"American hornbeam":5,"winged elm":4,"tuliptree":3,"American beech":3},"fruits":{"loblolly pine":7,"willow oak":4,"sugar maple":3}}},{"w":"2026-08-25","yes":{"leaves":27,"fruits":9},"obs":{"leaves":119,"flowers":71,"fruits":84},"sp":{"leaves":{"tuliptree":6,"American hornbeam":5,"flowering dogwood":4,"American beech":3,"willow oak":3},"fruits":{"willow oak":4,"loblolly pine":3,"sugar maple":2}}},{"w":"2026-08-18","yes":{"leaves":19,"fruits":7},"obs":{"leaves":119,"flowers":71,"fruits":84},"sp":{"leaves":{"tuliptree":3,"willow oak":3,"winged elm":3,"flowering dogwood":3,"American hornbeam":3},"fruits":{"loblolly pine":4,"willow oak":2,"sugar maple":1}}}]}},{"type":"Feature","geometry":{"type":"Point","coordinates":[-81.05687,35.16766]},"properties":{"site":46202,"st":"NC","n":297,"classes":{"leaves":204,"fruits":93},"weeks":[{"w":"2026-09-29","yes":{"leaves":46,"fruits":17},"obs":{"leaves":132,"flowers":63,"fruits":90},"sp":{"leaves":{"eastern redbud":8,"sweetgum":8,"common persimmon":8,"mockernut hickory":7,"pawpaw":6},"fruits":{"sweetgum":7,"eastern redbud":6,"mockernut hickory":4}}},{"w":"2026-09-15","yes":{"leaves":35,"fruits":7},"obs":{"leaves":122,"flowers":59,"fruits":84},"sp":{"leaves":{"black cherry":6,"eastern redbud":6,"sweetgum":6,"common persimmon":5,"pawpaw":4},"fruits":{"eastern redbud":6,"sweetgum":1}}},{"w":"2026-09-08","yes":{"leaves":41,"fruits":15},"obs":{"leaves":132,"flowers":63,"fruits":90},"sp":{"leaves":{"common persimmon":7,"eastern redbud":7,"mockernut hickory":6,"pawpaw":5,"sweetgum":5},"fruits":{"eastern redbud":8,"sweetgum":5,"mockernut hickory":2}}},{"w":"2026-09-01","yes":{"leaves":32,"fruits":18},"obs":{"leaves":132,"flowers":63,"fruits":90},"sp":{"leaves":{"common persimmon":6,"mockernut hickory":5,"eastern redbud":5,"pawpaw":4,"umbrella-tree":3},"fruits":{"eastern redbud":9,"sweetgum":6,"mockernut hickory":2,"pawpaw":1}}},{"w":"2026-08-25","yes":{"leaves":26,"fruits":18},"obs":{"leaves":132,"flowers":63,"fruits":90},"sp":{"leaves":{"mockernut hickory":4,"common persimmon":4,"umbrella-tree":3,"pawpaw":3,"black cherry":3},"fruits":{"eastern redbud":9,"mockernut hickory":3,"sweetgum":3,"red buckeye":2,"pawpaw":1}}},{"w":"2026-08-18","yes":{"leaves":24,"fruits":18},"obs":{"leaves":132,"flowers":63,"fruits":90},"sp":{"leaves":{"umbrella-tree":3,"pawpaw":3,"black cherry":3,"mockernut hickory":3,"eastern redbud":3},"fruits":{"eastern redbud":9,"mockernut hickory":4,"sweetgum":3,"pawpaw":1,"red buckeye":1}}}]}},{"type":"Feature","geometry":{"type":"Point","coordinates":[-77.14274,38.88425]},"properties":{"site":46327,"st":"VA","n":14,"classes":{"leaves":5,"fruits":9},"weeks":[{"w":"2026-09-22","yes":{"leaves":3,"fruits":3},"obs":{"leaves":5,"flowers":2,"fruits":3},"sp":{"leaves":{"eastern redbud":3},"fruits":{"eastern redbud":3}}},{"w":"2026-09-15","yes":{"leaves":1,"fruits":3},"obs":{"leaves":5,"flowers":2,"fruits":3},"sp":{"leaves":{"eastern redbud":1},"fruits":{"eastern redbud":3}}},{"w":"2026-08-25","yes":{"leaves":1,"fruits":3},"obs":{"leaves":5,"flowers":2,"fruits":3},"sp":{"leaves":{"eastern redbud":1},"fruits":{"eastern redbud":3}}}]}},{"type":"Feature","geometry":{"type":"Point","coordinates":[-97.02572,30.38376]},"properties":{"site":46335,"st":"TX","n":48,"classes":{"leaves":24,"fruits":24},"weeks":[{"w":"2026-10-06","yes":{"leaves":3,"fruits":3},"obs":{"leaves":5,"flowers":2,"fruits":3},"sp":{"leaves":{"eastern redbud":3},"fruits":{"eastern redbud":3}}},{"w":"2026-09-29","yes":{"leaves":3,"fruits":3},"obs":{"leaves":5,"flowers":2,"fruits":3},"sp":{"leaves":{"eastern redbud":3},"fruits":{"eastern redbud":3}}},{"w":"2026-09-22","yes":{"leaves":3,"fruits":3},"obs":{"leaves":5,"flowers":2,"fruits":3},"sp":{"leaves":{"eastern redbud":3},"fruits":{"eastern redbud":3}}},{"w":"2026-09-15","yes":{"leaves":3,"fruits":3},"obs":{"leaves":5,"flowers":2,"fruits":3},"sp":{"leaves":{"eastern redbud":3},"fruits":{"eastern redbud":3}}},{"w":"2026-09-08","yes":{"leaves":3,"fruits":3},"obs":{"leaves":5,"flowers":2,"fruits":3},"sp":{"leaves":{"eastern redbud":3},"fruits":{"eastern redbud":3}}},{"w":"2026-09-01","yes":{"leaves":3,"fruits":3},"obs":{"leaves":5,"flowers":2,"fruits":3},"sp":{"leaves":{"eastern redbud":3},"fruits":{"eastern redbud":3}}},{"w":"2026-08-25","yes":{"leaves":3,"fruits":3},"obs":{"leaves":5,"flowers":2,"fruits":3},"sp":{"leaves":{"eastern redbud":3},"fruits":{"eastern redbud":3}}},{"w":"2026-08-18","yes":{"leaves":3,"fruits":3},"obs":{"leaves":5,"flowers":2,"fruits":3},"sp":{"leaves":{"eastern redbud":3},"fruits":{"eastern redbud":3}}}]}},{"type":"Feature","geometry":{"type":"Point","coordinates":[-77.10696,38.88336]},"properties":{"site":46581,"st":"VA","n":127,"classes":{"leaves":47,"fruits":68,"flowers":12},"weeks":[{"w":"2026-10-06","yes":{"leaves":7,"fruits":9},"obs":{"leaves":22,"flowers":11,"fruits":15},"sp":{"leaves":{"eastern redbud":2,"northern red oak":2,"common buttonbush":2,"golden zizia":1},"fruits":{"eastern redbud":3,"common buttonbush":3,"golden zizia":3}}},{"w":"2026-09-29","yes":{"leaves":7,"fruits":8},"obs":{"leaves":22,"flowers":11,"fruits":13},"sp":{"leaves":{"common buttonbush":4,"golden zizia":1,"northern red oak":1,"eastern redbud":1},"fruits":{"common buttonbush":4,"golden zizia":2,"eastern redbud":2}}},{"w":"2026-09-15","yes":{"leaves":10,"flowers":2,"fruits":17},"obs":{"leaves":48,"flowers":26,"fruits":31},"sp":{"leaves":{"common buttonbush":4,"eastern redbud":2,"northern red oak":2,"golden zizia":2},"flowers":{"common buttonbush":2},"fruits":{"common buttonbush":8,"eastern redbud":5,"golden zizia":4}}},{"w":"2026-09-08","yes":{"leaves":8,"flowers":2,"fruits":7},"obs":{"leaves":24,"flowers":13,"fruits":18},"sp":{"leaves":{"common buttonbush":3,"swamp milkweed":2,"golden zizia":1,"eastern redbud":1,"northern red oak":1},"flowers":{"common buttonbush":2},"fruits":{"golden zizia":3,"eastern redbud":3,"common buttonbush":1}}},{"w":"2026-09-01","yes":{"leaves":5,"flowers":2,"fruits":9},"obs":{"leaves":22,"flowers":11,"fruits":12},"sp":{"leaves":{"common buttonbush":2,"northern red oak":1,"eastern redbud":1,"golden zizia":1},"flowers":{"common buttonbush":2},"fruits":{"common buttonbush":5,"eastern redbud":2,"golden zizia":2}}},{"w":"2026-08-25","yes":{"leaves":5,"flowers":2,"fruits":9},"obs":{"leaves":22,"flowers":11,"fruits":13},"sp":{"leaves":{"common buttonbush":2,"eastern redbud":1,"northern red oak":1,"golden zizia":1},"flowers":{"common buttonbush":2},"fruits":{"common buttonbush":4,"eastern redbud":3,"golden zizia":2}}},{"w":"2026-08-18","yes":{"leaves":5,"flowers":4,"fruits":9},"obs":{"leaves":24,"flowers":13,"fruits":17},"sp":{"leaves":{"common buttonbush":2,"eastern redbud":1,"northern red oak":1,"golden zizia":1},"flowers":{"common buttonbush":2,"swamp milkweed":2},"fruits":{"eastern redbud":3,"common buttonbush":3,"golden zizia":2,"swamp milkweed":1}}}]}},{"type":"Feature","geometry":{"type":"Point","coordinates":[-77.10883,38.9157]},"properties":{"site":46582,"st":"VA","n":95,"classes":{"leaves":36,"flowers":21,"fruits":38},"weeks":[{"w":"2026-09-29","yes":{"leaves":6,"flowers":4,"fruits":8},"obs":{"leaves":18,"flowers":13,"fruits":18},"sp":{"leaves":{"cardinalflower":2,"eastern redbud":1,"red maple":1,"swamp milkweed":1,"butterfly milkweed":1},"flowers":{"cardinalflower":4},"fruits":{"cardinalflower":4,"eastern redbud":2,"butterfly milkweed":2}}},{"w":"2026-09-22","yes":{"leaves":4,"flowers":2,"fruits":6},"obs":{"leaves":18,"flowers":13,"fruits":17},"sp":{"leaves":{"eastern redbud":1,"red maple":1,"cardinalflower":1,"butterfly milkweed":1},"flowers":{"cardinalflower":2},"fruits":{"cardinalflower":4,"eastern redbud":2}}},{"w":"2026-09-15","yes":{"leaves":5,"flowers":4,"fruits":2},"obs":{"leaves":16,"flowers":11,"fruits":15},"sp":{"leaves":{"cardinalflower":2,"butterfly milkweed":1,"red maple":1,"eastern redbud":1},"flowers":{"cardinalflower":4},"fruits":{"eastern redbud":2}}},{"w":"2026-09-01","yes":{"leaves":11,"flowers":4,"fruits":12},"obs":{"leaves":35,"flowers":26,"fruits":35},"sp":{"leaves":{"cardinalflower":4,"swamp milkweed":2,"red maple":2,"eastern redbud":2,"butterfly milkweed":1},"flowers":{"cardinalflower":4},"fruits":{"cardinalflower":4,"eastern redbud":4,"butterfly milkweed":4}}},{"w":"2026-08-25","yes":{"leaves":5,"flowers":4,"fruits":6},"obs":{"leaves":18,"flowers":13,"fruits":18},"sp":{"leaves":{"cardinalflower":2,"red maple":1,"eastern redbud":1,"butterfly milkweed":1},"flowers":{"cardinalflower":4},"fruits":{"butterfly milkweed":3,"eastern redbud":2,"cardinalflower":1}}},{"w":"2026-08-18","yes":{"leaves":5,"flowers":3,"fruits":4},"obs":{"leaves":16,"flowers":11,"fruits":15},"sp":{"leaves":{"cardinalflower":2,"butterfly milkweed":1,"eastern redbud":1,"red maple":1},"flowers":{"cardinalflower":3},"fruits":{"butterfly milkweed":2,"eastern redbud":2}}}]}},{"type":"Feature","geometry":{"type":"Point","coordinates":[-77.10849,38.91138]},"properties":{"site":46583,"st":"VA","n":74,"classes":{"leaves":52,"fruits":22},"weeks":[{"w":"2026-09-29","yes":{"leaves":10,"fruits":3},"obs":{"leaves":29,"flowers":17,"fruits":18},"sp":{"leaves":{"northern red oak":3,"silver maple":3,"eastern redbud":2,"white oak":1,"sugar maple":1},"fruits":{"eastern redbud":2,"white oak":1}}},{"w":"2026-09-22","yes":{"leaves":8,"fruits":4},"obs":{"leaves":29,"flowers":17,"fruits":17},"sp":{"leaves":{"northern red oak":2,"silver maple":2,"eastern redbud":2,"sugar maple":1,"white oak":1},"fruits":{"eastern redbud":3,"white oak":1}}},{"w":"2026-09-15","yes":{"leaves":6,"fruits":4},"obs":{"leaves":30,"flowers":17,"fruits":18},"sp":{"leaves":{"northern red oak":2,"sugar maple":1,"eastern redbud":1,"white oak":1,"silver maple":1},"fruits":{"eastern redbud":3,"white oak":1}}},{"w":"2026-09-01","yes":{"leaves":15,"fruits":5},"obs":{"leaves":60,"flowers":34,"fruits":35},"sp":{"leaves":{"northern red oak":4,"eastern redbud":4,"white oak":3,"sugar maple":2,"silver maple":2},"fruits":{"eastern redbud":4,"white oak":1}}},{"w":"2026-08-25","yes":{"leaves":7,"fruits":3},"obs":{"leaves":29,"flowers":17,"fruits":16},"sp":{"leaves":{"eastern redbud":2,"northern red oak":2,"sugar maple":1,"white oak":1,"silver maple":1},"fruits":{"eastern redbud":3}}},{"w":"2026-08-18","yes":{"leaves":6,"fruits":3},"obs":{"leaves":30,"flowers":17,"fruits":18},"sp":{"leaves":{"northern red oak":2,"eastern redbud":1,"sugar maple":1,"white oak":1,"silver maple":1},"fruits":{"eastern redbud":2,"white oak":1}}}]}},{"type":"Feature","geometry":{"type":"Point","coordinates":[-76.31625,40.10182]},"properties":{"site":46682,"st":"PA","n":64,"classes":{"leaves":32,"fruits":32},"weeks":[{"w":"2026-09-22","yes":{"leaves":8,"fruits":6},"obs":{"leaves":20,"flowers":8,"fruits":12},"sp":{"leaves":{"eastern redbud":8},"fruits":{"eastern redbud":6}}},{"w":"2026-09-15","yes":{"leaves":8,"fruits":7},"obs":{"leaves":20,"flowers":8,"fruits":12},"sp":{"leaves":{"eastern redbud":8},"fruits":{"eastern redbud":7}}},{"w":"2026-09-08","yes":{"leaves":5,"fruits":8},"obs":{"leaves":20,"flowers":8,"fruits":12},"sp":{"leaves":{"eastern redbud":5},"fruits":{"eastern redbud":8}}},{"w":"2026-09-01","yes":{"leaves":6,"fruits":7},"obs":{"leaves":20,"flowers":8,"fruits":12},"sp":{"leaves":{"eastern redbud":6},"fruits":{"eastern redbud":7}}},{"w":"2026-08-25","yes":{"leaves":5,"fruits":4},"obs":{"leaves":20,"flowers":8,"fruits":12},"sp":{"leaves":{"eastern redbud":5},"fruits":{"eastern redbud":4}}}]}},{"type":"Feature","geometry":{"type":"Point","coordinates":[-79.94231,35.88486]},"properties":{"site":46764,"st":"NC","n":43,"classes":{"leaves":20,"fruits":23},"weeks":[{"w":"2026-10-06","yes":{"leaves":3,"fruits":3},"obs":{"leaves":5,"flowers":2,"fruits":3},"sp":{"leaves":{"eastern redbud":3},"fruits":{"eastern redbud":3}}},{"w":"2026-09-29","yes":{"leaves":3,"fruits":3},"obs":{"leaves":5,"flowers":2,"fruits":3},"sp":{"leaves":{"eastern redbud":3},"fruits":{"eastern redbud":3}}},{"w":"2026-09-22","yes":{"leaves":3,"fruits":3},"obs":{"leaves":5,"flowers":2,"fruits":3},"sp":{"leaves":{"eastern redbud":3},"fruits":{"eastern redbud":3}}},{"w":"2026-09-15","yes":{"leaves":3,"fruits":3},"obs":{"leaves":5,"flowers":2,"fruits":3},"sp":{"leaves":{"eastern redbud":3},"fruits":{"eastern redbud":3}}},{"w":"2026-09-08","yes":{"leaves":3,"fruits":3},"obs":{"leaves":5,"flowers":2,"fruits":3},"sp":{"leaves":{"eastern redbud":3},"fruits":{"eastern redbud":3}}},{"w":"2026-09-01","yes":{"leaves":3,"fruits":3},"obs":{"leaves":5,"flowers":2,"fruits":3},"sp":{"leaves":{"eastern redbud":3},"fruits":{"eastern redbud":3}}},{"w":"2026-08-25","yes":{"leaves":1,"fruits":2},"obs":{"leaves":5,"flowers":2,"fruits":3},"sp":{"leaves":{"eastern redbud":1},"fruits":{"eastern redbud":2}}},{"w":"2026-08-18","yes":{"leaves":1,"fruits":3},"obs":{"leaves":5,"flowers":2,"fruits":3},"sp":{"leaves":{"eastern redbud":1},"fruits":{"eastern redbud":3}}}]}},{"type":"Feature","geometry":{"type":"Point","coordinates":[-93.19791,44.93833]},"properties":{"site":46856,"st":"MN","n":25,"classes":{"leaves":11,"fruits":14},"weeks":[{"w":"2026-10-06","yes":{"leaves":3,"fruits":2},"obs":{"leaves":5,"flowers":2,"fruits":3},"sp":{"leaves":{"eastern redbud":3},"fruits":{"eastern redbud":2}}},{"w":"2026-09-29","yes":{"leaves":2,"fruits":2},"obs":{"leaves":5,"flowers":2,"fruits":3},"sp":{"leaves":{"eastern redbud":2},"fruits":{"eastern redbud":2}}},{"w":"2026-09-22","yes":{"leaves":1,"fruits":3},"obs":{"leaves":5,"flowers":2,"fruits":3},"sp":{"leaves":{"eastern redbud":1},"fruits":{"eastern redbud":3}}},{"w":"2026-09-15","yes":{"leaves":1,"fruits":2},"obs":{"leaves":5,"flowers":2,"fruits":3},"sp":{"leaves":{"eastern redbud":1},"fruits":{"eastern redbud":2}}},{"w":"2026-09-08","yes":{"leaves":1,"fruits":2},"obs":{"leaves":5,"flowers":2,"fruits":3},"sp":{"leaves":{"eastern redbud":1},"fruits":{"eastern redbud":2}}},{"w":"2026-09-01","yes":{"leaves":1,"fruits":1},"obs":{"leaves":5,"flowers":2,"fruits":3},"sp":{"leaves":{"eastern redbud":1},"fruits":{"eastern redbud":1}}},{"w":"2026-08-25","yes":{"leaves":2,"fruits":2},"obs":{"leaves":10,"flowers":4,"fruits":6},"sp":{"leaves":{"eastern redbud":2},"fruits":{"eastern redbud":2}}}]}},{"type":"Feature","geometry":{"type":"Point","coordinates":[-91.04872,40.70939]},"properties":{"site":46956,"st":"IL","n":10,"classes":{"leaves":10},"weeks":[{"w":"2026-09-22","yes":{"leaves":4},"obs":{"leaves":15,"flowers":6,"fruits":5},"sp":{"leaves":{"eastern redbud":4}}},{"w":"2026-09-01","yes":{"leaves":6},"obs":{"leaves":15,"flowers":6,"fruits":7},"sp":{"leaves":{"eastern redbud":6}}}]}},{"type":"Feature","geometry":{"type":"Point","coordinates":[-121.38007,38.46249]},"properties":{"site":46970,"st":"CA","n":9,"classes":{"leaves":9},"weeks":[{"w":"2026-09-22","yes":{"leaves":5},"obs":{"leaves":20,"flowers":15,"fruits":19},"sp":{"leaves":{"blue oak":1,"hollyleaf cherry":1,"sacred thorn-apple":1,"hummingbird sage":1,"lemonade sumac":1}}},{"w":"2026-09-15","yes":{"leaves":4},"obs":{"leaves":11,"flowers":5,"fruits":6},"sp":{"leaves":{"blue elderberry":3,"blue oak":1}}}]}},{"type":"Feature","geometry":{"type":"Point","coordinates":[-93.19593,44.93729]},"properties":{"site":46985,"st":"MN","n":23,"classes":{"leaves":9,"fruits":14},"weeks":[{"w":"2026-10-06","yes":{"leaves":2,"fruits":2},"obs":{"leaves":5,"flowers":2,"fruits":3},"sp":{"leaves":{"eastern redbud":2},"fruits":{"eastern redbud":2}}},{"w":"2026-09-29","yes":{"leaves":1,"fruits":3},"obs":{"leaves":5,"flowers":2,"fruits":3},"sp":{"leaves":{"eastern redbud":1},"fruits":{"eastern redbud":3}}},{"w":"2026-09-22","yes":{"leaves":1,"fruits":2},"obs":{"leaves":5,"flowers":2,"fruits":3},"sp":{"leaves":{"eastern redbud":1},"fruits":{"eastern redbud":2}}},{"w":"2026-09-15","yes":{"leaves":1,"fruits":2},"obs":{"leaves":5,"flowers":2,"fruits":3},"sp":{"leaves":{"eastern redbud":1},"fruits":{"eastern redbud":2}}},{"w":"2026-09-08","yes":{"leaves":1,"fruits":2},"obs":{"leaves":5,"flowers":2,"fruits":3},"sp":{"leaves":{"eastern redbud":1},"fruits":{"eastern redbud":2}}},{"w":"2026-09-01","yes":{"leaves":1,"fruits":1},"obs":{"leaves":5,"flowers":2,"fruits":3},"sp":{"leaves":{"eastern redbud":1},"fruits":{"eastern redbud":1}}},{"w":"2026-08-25","yes":{"leaves":2,"fruits":2},"obs":{"leaves":10,"flowers":4,"fruits":6},"sp":{"leaves":{"eastern redbud":2},"fruits":{"eastern redbud":2}}}]}},{"type":"Feature","geometry":{"type":"Point","coordinates":[-110.30028,31.47384]},"properties":{"site":47027,"st":"AZ","n":13,"classes":{"fruits":5,"flowers":8},"weeks":[{"w":"2026-09-29","yes":{"fruits":1},"obs":{"flowers":2,"fruits":3},"sp":{"fruits":{"Palmer's century plant":1}}},{"w":"2026-09-08","yes":{"fruits":1},"obs":{"flowers":2,"fruits":3},"sp":{"fruits":{"Palmer's century plant":1}}},{"w":"2026-09-01","yes":{"flowers":4,"fruits":1},"obs":{"flowers":4,"fruits":6},"sp":{"flowers":{"Palmer's century plant":4},"fruits":{"Palmer's century plant":1}}},{"w":"2026-08-25","yes":{"flowers":2,"fruits":1},"obs":{"flowers":2,"fruits":3},"sp":{"flowers":{"Palmer's century plant":2},"fruits":{"Palmer's century plant":1}}},{"w":"2026-08-18","yes":{"flowers":2,"fruits":1},"obs":{"flowers":2,"fruits":3},"sp":{"flowers":{"Palmer's century plant":2},"fruits":{"Palmer's century plant":1}}}]}},{"type":"Feature","geometry":{"type":"Point","coordinates":[-81.1249,34.08844]},"properties":{"site":47154,"st":"SC","n":18,"classes":{"leaves":6,"fruits":12},"weeks":[{"w":"2026-09-29","yes":{"leaves":2,"fruits":4},"obs":{"leaves":10,"flowers":4,"fruits":6},"sp":{"leaves":{"eastern redbud":2},"fruits":{"eastern redbud":4}}},{"w":"2026-09-08","yes":{"leaves":2,"fruits":4},"obs":{"leaves":10,"flowers":4,"fruits":6},"sp":{"leaves":{"eastern redbud":2},"fruits":{"eastern redbud":4}}},{"w":"2026-08-18","yes":{"leaves":2,"fruits":4},"obs":{"leaves":10,"flowers":4,"fruits":6},"sp":{"leaves":{"eastern redbud":2},"fruits":{"eastern redbud":4}}}]}},{"type":"Feature","geometry":{"type":"Point","coordinates":[-92.24065,46.82693]},"properties":{"site":47168,"st":"MN","n":13,"classes":{"leaves":13},"weeks":[{"w":"2026-10-06","yes":{"leaves":3},"obs":{"leaves":5,"flowers":3,"fruits":3},"sp":{"leaves":{"paper birch":3}}},{"w":"2026-09-29","yes":{"leaves":3},"obs":{"leaves":5,"flowers":3,"fruits":3},"sp":{"leaves":{"paper birch":3}}},{"w":"2026-09-22","yes":{"leaves":3},"obs":{"leaves":5,"flowers":3,"fruits":3},"sp":{"leaves":{"paper birch":3}}},{"w":"2026-09-15","yes":{"leaves":4},"obs":{"leaves":10,"flowers":6,"fruits":6},"sp":{"leaves":{"paper birch":4}}}]}},{"type":"Feature","geometry":{"type":"Point","coordinates":[-92.24058,46.82699]},"properties":{"site":47169,"st":"MN","n":10,"classes":{"leaves":10},"weeks":[{"w":"2026-10-06","yes":{"leaves":3},"obs":{"leaves":5,"flowers":3,"fruits":3},"sp":{"leaves":{"quaking aspen":3}}},{"w":"2026-09-29","yes":{"leaves":3},"obs":{"leaves":5,"flowers":3,"fruits":3},"sp":{"leaves":{"quaking aspen":3}}},{"w":"2026-09-22","yes":{"leaves":2},"obs":{"leaves":5,"flowers":3,"fruits":3},"sp":{"leaves":{"quaking aspen":2}}},{"w":"2026-09-15","yes":{"leaves":2},"obs":{"leaves":5,"flowers":3,"fruits":3},"sp":{"leaves":{"quaking aspen":2}}}]}},{"type":"Feature","geometry":{"type":"Point","coordinates":[-92.2407,46.82743]},"properties":{"site":47170,"st":"MN","n":13,"classes":{"leaves":13},"weeks":[{"w":"2026-10-06","yes":{"leaves":3},"obs":{"leaves":5,"flowers":3,"fruits":3},"sp":{"leaves":{"paper birch":3}}},{"w":"2026-09-29","yes":{"leaves":6},"obs":{"leaves":10,"flowers":6,"fruits":6},"sp":{"leaves":{"paper birch":6}}},{"w":"2026-09-22","yes":{"leaves":2},"obs":{"leaves":5,"flowers":3,"fruits":3},"sp":{"leaves":{"paper birch":2}}},{"w":"2026-09-15","yes":{"leaves":2},"obs":{"leaves":10,"flowers":6,"fruits":6},"sp":{"leaves":{"paper birch":2}}}]}},{"type":"Feature","geometry":{"type":"Point","coordinates":[-78.82518,35.94952]},"properties":{"site":47286,"st":"NC","n":8,"classes":{"leaves":3,"fruits":5},"weeks":[{"w":"2026-09-08","yes":{"leaves":1,"fruits":1},"obs":{"leaves":5,"flowers":3,"fruits":3},"sp":{"leaves":{"white oak":1},"fruits":{"white oak":1}}},{"w":"2026-08-18","yes":{"leaves":2,"fruits":4},"obs":{"leaves":10,"flowers":5,"fruits":6},"sp":{"leaves":{"eastern redbud":1,"white oak":1},"fruits":{"eastern redbud":3,"white oak":1}}}]}},{"type":"Feature","geometry":{"type":"Point","coordinates":[-84.04875,34.02727]},"properties":{"site":47379,"st":"GA","n":289,"classes":{"leaves":205,"flowers":28,"insects":7,"birds":37,"fruits":12},"weeks":[{"w":"2026-10-06","yes":{"leaves":12,"flowers":3,"insects":1,"birds":5},"obs":{"leaves":62,"flowers":42,"fruits":54,"insects":92,"birds":156},"sp":{"leaves":{"white clover":2,"Appalachian Spring dogwood":2,"big bluestem":2,"Japanese honeysuckle":2,"yellow birch":2},"flowers":{"loblolly pine":2,"white clover":1},"insects":{"cabbage white":1},"birds":{"house sparrow":2,"American robin":1,"blue jay":1,"American crow":1}}},{"w":"2026-09-29","yes":{"leaves":18,"flowers":6,"fruits":2,"birds":6},"obs":{"leaves":62,"flowers":42,"fruits":54,"insects":92,"birds":156},"sp":{"leaves":{"'ohi'a lehua":4,"Appalachian Spring dogwood":3,"yellow birch":3,"white clover":2,"big bluestem":2},"flowers":{"white clover":2,"Japanese honeysuckle":2,"loblolly pine":2},"fruits":{"loblolly pine":2},"birds":{"American crow":2,"blue jay":2,"house sparrow":1,"American robin":1}}},{"w":"2026-09-22","yes":{"leaves":18,"flowers":4,"fruits":2,"birds":4},"obs":{"leaves":62,"flowers":42,"fruits":54,"insects":92,"birds":156},"sp":{"leaves":{"'ohi'a lehua":4,"Appalachian Spring dogwood":3,"yellow birch":3,"white clover":2,"Japanese honeysuckle":2},"flowers":{"white clover":2,"Japanese honeysuckle":2},"fruits":{"loblolly pine":2},"birds":{"blue jay":2,"American crow":1,"house sparrow":1}}},{"w":"2026-09-15","yes":{"leaves":61,"flowers":11,"fruits":3,"insects":4,"birds":8},"obs":{"leaves":186,"flowers":126,"fruits":162,"insects":280,"birds":468},"sp":{"leaves":{"'ohi'a lehua":12,"Appalachian Spring dogwood":10,"yellow birch":9,"Japanese honeysuckle":7,"dwarf rose":7},"flowers":{"Japanese honeysuckle":4,"loblolly pine":3,"white clover":3,"dwarf rose":1},"fruits":{"loblolly pine":3},"insects":{"cabbage white":3,"luna moth":1},"birds":{"house sparrow":5,"Cooper's hawk":1,"American crow":1,"blue jay":1}}},{"w":"2026-09-08","yes":{"leaves":29,"insects":1,"birds":6},"obs":{"leaves":93,"flowers":63,"fruits":81,"insects":142,"birds":234},"sp":{"leaves":{"'ohi'a lehua":6,"Appalachian Spring dogwood":4,"yellow birch":4,"white clover":3,"dwarf rose":3},"insects":{"cabbage white":1},"birds":{"house sparrow":3,"Cooper's hawk":1,"American robin":1,"blue jay":1}}},{"w":"2026-09-01","yes":{"leaves":26,"flowers":2,"fruits":2,"birds":3},"obs":{"leaves":93,"flowers":63,"fruits":81,"insects":178,"birds":312},"sp":{"leaves":{"'ohi'a lehua":6,"Japanese honeysuckle":4,"big bluestem":3,"dwarf rose":3,"yellow birch":3},"flowers":{"white clover":1,"Japanese honeysuckle":1},"fruits":{"loblolly pine":2},"birds":{"northern cardinal":2,"blue jay":1}}},{"w":"2026-08-25","yes":{"leaves":16,"flowers":1,"fruits":1,"birds":1},"obs":{"leaves":62,"flowers":42,"fruits":54,"insects":92,"birds":156},"sp":{"leaves":{"'ohi'a lehua":4,"white clover":2,"Appalachian Spring dogwood":2,"yellow birch":2,"dwarf rose":2},"flowers":{"loblolly pine":1},"fruits":{"loblolly pine":1},"birds":{"northern cardinal":1}}},{"w":"2026-08-18","yes":{"leaves":25,"flowers":1,"fruits":2,"insects":1,"birds":4},"obs":{"leaves":93,"flowers":63,"fruits":81,"insects":138,"birds":229},"sp":{"leaves":{"'ohi'a lehua":6,"Appalachian Spring dogwood":3,"white clover":3,"yellow birch":3,"Japanese honeysuckle":3},"flowers":{"white clover":1},"fruits":{"loblolly pine":2},"insects":{"eastern tent caterpillar":1},"birds":{"house sparrow":1,"American robin":1,"northern cardinal":1,"Canada goose":1}}}]}},{"type":"Feature","geometry":{"type":"Point","coordinates":[-79.18911,40.20053]},"properties":{"site":47515,"st":"PA","n":73,"classes":{"leaves":32,"fruits":19,"flowers":22},"weeks":[{"w":"2026-09-29","yes":{"leaves":5,"fruits":4},"obs":{"leaves":14,"flowers":14,"fruits":18},"sp":{"leaves":{"butterfly milkweed":2,"Virginia mountainmint":1,"spotted joe pye weed":1,"eastern purple coneflower":1},"fruits":{"butterfly milkweed":2,"Virginia mountainmint":1,"eastern purple coneflower":1}}},{"w":"2026-09-22","yes":{"leaves":6,"flowers":2,"fruits":3},"obs":{"leaves":14,"flowers":14,"fruits":20},"sp":{"leaves":{"butterfly milkweed":2,"Virginia mountainmint":1,"common boneset":1,"spotted joe pye weed":1,"eastern purple coneflower":1},"flowers":{"Virginia mountainmint":2},"fruits":{"butterfly milkweed":2,"eastern purple coneflower":1}}},{"w":"2026-09-15","yes":{"leaves":5,"flowers":4,"fruits":4},"obs":{"leaves":14,"flowers":14,"fruits":21,"insects":7},"sp":{"leaves":{"butterfly milkweed":2,"Virginia mountainmint":1,"spotted joe pye weed":1,"eastern purple coneflower":1},"flowers":{"Virginia mountainmint":2,"spotted joe pye weed":2},"fruits":{"butterfly milkweed":2,"eastern purple coneflower":2}}},{"w":"2026-09-01","yes":{"leaves":5,"flowers":6,"fruits":3},"obs":{"leaves":13,"flowers":14,"fruits":19,"insects":7},"sp":{"leaves":{"butterfly milkweed":2,"Virginia mountainmint":1,"spotted joe pye weed":1,"eastern purple coneflower":1},"flowers":{"Virginia mountainmint":2,"spotted joe pye weed":2,"eastern purple coneflower":2},"fruits":{"butterfly milkweed":2,"eastern purple coneflower":1}}},{"w":"2026-08-25","yes":{"leaves":11,"flowers":10,"fruits":5},"obs":{"leaves":28,"flowers":28,"fruits":42,"insects":14},"sp":{"leaves":{"butterfly milkweed":4,"Virginia mountainmint":2,"spotted joe pye weed":2,"eastern purple coneflower":2,"common boneset":1},"flowers":{"Virginia mountainmint":4,"spotted joe pye weed":3,"eastern purple coneflower":3},"fruits":{"butterfly milkweed":4,"eastern purple coneflower":1}}}]}},{"type":"Feature","geometry":{"type":"Point","coordinates":[-79.19048,40.20351]},"properties":{"site":47530,"st":"PA","n":29,"classes":{"leaves":19,"fruits":10},"weeks":[{"w":"2026-09-29","yes":{"leaves":3},"obs":{"leaves":5,"flowers":2,"fruits":2},"sp":{"leaves":{"pawpaw":3}}},{"w":"2026-09-22","yes":{"leaves":6,"fruits":4},"obs":{"leaves":10,"flowers":3,"fruits":6},"sp":{"leaves":{"pawpaw":6},"fruits":{"pawpaw":4}}},{"w":"2026-09-15","yes":{"leaves":4},"obs":{"leaves":10,"flowers":4,"fruits":6},"sp":{"leaves":{"pawpaw":4}}},{"w":"2026-09-01","yes":{"leaves":2,"fruits":2},"obs":{"leaves":10,"flowers":4,"fruits":6},"sp":{"leaves":{"pawpaw":2},"fruits":{"pawpaw":2}}},{"w":"2026-08-25","yes":{"leaves":4,"fruits":4},"obs":{"leaves":20,"flowers":8,"fruits":12},"sp":{"leaves":{"pawpaw":4},"fruits":{"pawpaw":4}}}]}},{"type":"Feature","geometry":{"type":"Point","coordinates":[-79.1941,40.20054]},"properties":{"site":47532,"st":"PA","n":49,"classes":{"leaves":20,"fruits":22,"birds":7},"weeks":[{"w":"2026-09-29","yes":{"leaves":4,"fruits":5},"obs":{"leaves":10,"flowers":4,"fruits":6},"sp":{"leaves":{"flowering dogwood":3,"eastern redbud":1},"fruits":{"flowering dogwood":3,"eastern redbud":2}}},{"w":"2026-09-22","yes":{"leaves":4,"fruits":5,"birds":2},"obs":{"leaves":10,"flowers":4,"fruits":6,"birds":8},"sp":{"leaves":{"flowering dogwood":3,"eastern redbud":1},"fruits":{"flowering dogwood":3,"eastern redbud":2},"birds":{"red-headed woodpecker":2}}},{"w":"2026-09-15","yes":{"leaves":3,"fruits":4},"obs":{"leaves":10,"flowers":4,"fruits":6,"birds":8},"sp":{"leaves":{"flowering dogwood":2,"eastern redbud":1},"fruits":{"eastern redbud":2,"flowering dogwood":2}}},{"w":"2026-09-01","yes":{"leaves":4,"fruits":4},"obs":{"leaves":10,"flowers":4,"fruits":6},"sp":{"leaves":{"eastern redbud":2,"flowering dogwood":2},"fruits":{"eastern redbud":2,"flowering dogwood":2}}},{"w":"2026-08-25","yes":{"leaves":5,"fruits":4,"birds":5},"obs":{"leaves":20,"flowers":8,"fruits":12,"birds":16},"sp":{"leaves":{"flowering dogwood":3,"eastern redbud":2},"fruits":{"eastern redbud":2,"flowering dogwood":2},"birds":{"red-headed woodpecker":5}}}]}},{"type":"Feature","geometry":{"type":"Point","coordinates":[-79.19859,40.21193]},"properties":{"site":47533,"st":"PA","n":45,"classes":{"leaves":25,"fruits":20},"weeks":[{"w":"2026-09-29","yes":{"leaves":6,"fruits":5},"obs":{"leaves":10,"flowers":5,"fruits":5},"sp":{"leaves":{"shingle oak":3,"flowering dogwood":3},"fruits":{"flowering dogwood":3,"shingle oak":2}}},{"w":"2026-09-22","yes":{"leaves":5,"fruits":5},"obs":{"leaves":10,"flowers":5,"fruits":5},"sp":{"leaves":{"flowering dogwood":3,"shingle oak":2},"fruits":{"flowering dogwood":3,"shingle oak":2}}},{"w":"2026-09-15","yes":{"leaves":5,"fruits":4},"obs":{"leaves":10,"flowers":5,"fruits":6},"sp":{"leaves":{"flowering dogwood":3,"shingle oak":2},"fruits":{"shingle oak":3,"flowering dogwood":1}}},{"w":"2026-09-01","yes":{"leaves":4,"fruits":3},"obs":{"leaves":10,"flowers":5,"fruits":6},"sp":{"leaves":{"flowering dogwood":2,"shingle oak":2},"fruits":{"shingle oak":3}}},{"w":"2026-08-25","yes":{"leaves":5,"fruits":3},"obs":{"leaves":20,"flowers":10,"fruits":11},"sp":{"leaves":{"flowering dogwood":3,"shingle oak":2},"fruits":{"shingle oak":3}}}]}},{"type":"Feature","geometry":{"type":"Point","coordinates":[-79.19021,40.20036]},"properties":{"site":47536,"st":"PA","n":43,"classes":{"leaves":38,"flowers":3,"fruits":2},"weeks":[{"w":"2026-09-29","yes":{"leaves":6},"obs":{"leaves":17,"flowers":8,"fruits":12},"sp":{"leaves":{"oldfashioned weigela":3,"horse chestnut":2,"wild bergamot":1}}},{"w":"2026-09-22","yes":{"leaves":8},"obs":{"leaves":17,"flowers":8,"fruits":12},"sp":{"leaves":{"horse chestnut":4,"oldfashioned weigela":3,"wild bergamot":1}}},{"w":"2026-09-15","yes":{"leaves":6},"obs":{"leaves":17,"flowers":8,"fruits":12},"sp":{"leaves":{"horse chestnut":4,"oldfashioned weigela":1,"wild bergamot":1}}},{"w":"2026-09-01","yes":{"leaves":6},"obs":{"leaves":17,"flowers":8,"fruits":12},"sp":{"leaves":{"horse chestnut":3,"oldfashioned weigela":2,"wild bergamot":1}}},{"w":"2026-08-25","yes":{"leaves":12,"flowers":3,"fruits":2},"obs":{"leaves":34,"flowers":16,"fruits":23},"sp":{"leaves":{"horse chestnut":8,"oldfashioned weigela":2,"wild bergamot":2},"flowers":{"oldfashioned weigela":2,"wild bergamot":1},"fruits":{"wild bergamot":2}}}]}},{"type":"Feature","geometry":{"type":"Point","coordinates":[-110.91876,32.20929]},"properties":{"site":47618,"st":"AZ","n":12,"classes":{"leaves":1,"flowers":3,"fruits":1,"insects":7},"weeks":[{"w":"2026-10-06","yes":{"leaves":1,"flowers":3,"fruits":1,"insects":7},"obs":{"leaves":6,"flowers":4,"fruits":6,"insects":46},"sp":{"leaves":{"Arizona milkweed":1},"flowers":{"Arizona milkweed":2,"rush-desert-milkweed":1},"fruits":{"rush-desert-milkweed":1},"insects":{"honeybee":2,"leafcutter bee":2,"green sweat bee":2,"queen":1}}}]}},{"type":"Feature","geometry":{"type":"Point","coordinates":[-117.23951,32.66916]},"properties":{"site":47746,"st":"CA","n":30,"classes":{"leaves":25,"flowers":4,"insects":1},"weeks":[{"w":"2026-09-08","yes":{"leaves":25,"flowers":4,"insects":1},"obs":{"leaves":67,"flowers":60,"fruits":57,"insects":51},"sp":{"leaves":{"Eastern Mojave buckwheat":10,"toyon":5,"black sage":4,"California brittlebush":3,"lemonade sumac":3},"flowers":{"lemonade sumac":4},"insects":{"green sweat bee":1}}}]}},{"type":"Feature","geometry":{"type":"Point","coordinates":[-117.23882,32.67065]},"properties":{"site":47747,"st":"CA","n":32,"classes":{"leaves":23,"flowers":9},"weeks":[{"w":"2026-09-08","yes":{"leaves":23,"flowers":9},"obs":{"leaves":64,"flowers":52,"fruits":47,"insects":54},"sp":{"leaves":{"Eastern Mojave buckwheat":11,"black sage":6,"lemonade sumac":6},"flowers":{"Eastern Mojave buckwheat":6,"lemonade sumac":3}}}]}},{"type":"Feature","geometry":{"type":"Point","coordinates":[-117.23749,32.67589]},"properties":{"site":47748,"st":"CA","n":30,"classes":{"leaves":16,"flowers":10,"fruits":4},"weeks":[{"w":"2026-09-08","yes":{"leaves":16,"flowers":10,"fruits":4},"obs":{"leaves":56,"flowers":51,"fruits":46,"insects":36},"sp":{"leaves":{"Eastern Mojave buckwheat":10,"toyon":3,"lemonade sumac":3},"flowers":{"toyon":6,"lemonade sumac":4},"fruits":{"toyon":4}}}]}},{"type":"Feature","geometry":{"type":"Point","coordinates":[-105.12994,40.16585]},"properties":{"site":47777,"st":"CO","n":113,"classes":{"leaves":78,"birds":5,"flowers":3,"fruits":23,"insects":4},"weeks":[{"w":"2026-10-06","yes":{"leaves":11,"birds":2},"obs":{"leaves":28,"flowers":23,"fruits":24,"insects":9,"birds":10},"sp":{"leaves":{"eastern cottonwood":4,"narrowleaf willow":4,"purple prairie clover":1,"twoneedle pinyon":1,"switchgrass":1},"birds":{"great blue heron":1,"northern flicker":1}}},{"w":"2026-09-22","yes":{"leaves":9,"birds":1},"obs":{"leaves":28,"flowers":23,"fruits":24,"insects":9,"birds":10},"sp":{"leaves":{"eastern cottonwood":4,"narrowleaf willow":3,"purple prairie clover":1,"switchgrass":1},"birds":{"great blue heron":1}}},{"w":"2026-09-15","yes":{"leaves":10,"flowers":3,"fruits":6,"birds":1},"obs":{"leaves":28,"flowers":23,"fruits":24,"insects":9,"birds":10},"sp":{"leaves":{"eastern cottonwood":3,"narrowleaf willow":3,"twoneedle pinyon":2,"purple prairie clover":1,"switchgrass":1},"flowers":{"switchgrass":3},"fruits":{"purple prairie clover":3,"switchgrass":3},"birds":{"great blue heron":1}}},{"w":"2026-09-01","yes":{"leaves":20,"fruits":8,"insects":2},"obs":{"leaves":56,"flowers":46,"fruits":47,"insects":17,"birds":20},"sp":{"leaves":{"eastern cottonwood":8,"narrowleaf willow":6,"purple prairie clover":2,"switchgrass":2,"twoneedle pinyon":2},"fruits":{"purple prairie clover":4,"switchgrass":3,"twoneedle pinyon":1},"insects":{"bumblebee":2}}},{"w":"2026-08-18","yes":{"leaves":28,"fruits":9,"insects":2,"birds":1},"obs":{"leaves":81,"flowers":66,"fruits":69,"insects":26,"birds":30},"sp":{"leaves":{"eastern cottonwood":12,"narrowleaf willow":7,"twoneedle pinyon":4,"purple prairie clover":3,"switchgrass":2},"fruits":{"purple prairie clover":7,"switchgrass":2},"insects":{"bumblebee":2},"birds":{"great blue heron":1}}}]}},{"type":"Feature","geometry":{"type":"Point","coordinates":[-71.83072,44.02263]},"properties":{"site":48325,"st":"NH","n":73,"classes":{"leaves":24,"fruits":49},"weeks":[{"w":"2026-09-01","yes":{"leaves":8,"fruits":18},"obs":{"leaves":24,"flowers":18,"fruits":24},"sp":{"leaves":{"bog blueberry":4,"Bigelow's sedge":2,"bunchberry dogwood":2},"fruits":{"Bigelow's sedge":6,"lingonberry":4,"bog blueberry":4,"bunchberry dogwood":4}}},{"w":"2026-08-25","yes":{"leaves":8,"fruits":16},"obs":{"leaves":24,"flowers":18,"fruits":22},"sp":{"leaves":{"bog blueberry":4,"Bigelow's sedge":2,"bunchberry dogwood":2},"fruits":{"lingonberry":4,"Bigelow's sedge":4,"bog blueberry":4,"bunchberry dogwood":4}}},{"w":"2026-08-18","yes":{"leaves":8,"fruits":15},"obs":{"leaves":24,"flowers":18,"fruits":24},"sp":{"leaves":{"bog blueberry":4,"bunchberry dogwood":2,"Bigelow's sedge":2},"fruits":{"bunchberry dogwood":4,"Bigelow's sedge":4,"bog blueberry":4,"lingonberry":3}}}]}},{"type":"Feature","geometry":{"type":"Point","coordinates":[-71.7921,43.6944]},"properties":{"site":48405,"st":"NH","n":37,"classes":{"leaves":30,"fruits":7},"weeks":[{"w":"2026-09-29","yes":{"leaves":7,"fruits":1},"obs":{"leaves":15,"flowers":9,"fruits":9},"sp":{"leaves":{"red maple":3,"quaking aspen":2,"paper birch":2},"fruits":{"paper birch":1}}},{"w":"2026-09-22","yes":{"leaves":6,"fruits":1},"obs":{"leaves":15,"flowers":9,"fruits":9},"sp":{"leaves":{"paper birch":2,"quaking aspen":2,"red maple":2},"fruits":{"paper birch":1}}},{"w":"2026-09-15","yes":{"leaves":5,"fruits":1},"obs":{"leaves":15,"flowers":9,"fruits":9},"sp":{"leaves":{"quaking aspen":2,"red maple":2,"paper birch":1},"fruits":{"paper birch":1}}},{"w":"2026-09-08","yes":{"leaves":3,"fruits":1},"obs":{"leaves":15,"flowers":9,"fruits":9},"sp":{"leaves":{"paper birch":1,"quaking aspen":1,"red maple":1},"fruits":{"paper birch":1}}},{"w":"2026-09-01","yes":{"leaves":3,"fruits":1},"obs":{"leaves":15,"flowers":9,"fruits":9},"sp":{"leaves":{"quaking aspen":1,"red maple":1,"paper birch":1},"fruits":{"paper birch":1}}},{"w":"2026-08-25","yes":{"leaves":3,"fruits":1},"obs":{"leaves":15,"flowers":9,"fruits":9},"sp":{"leaves":{"paper birch":1,"quaking aspen":1,"red maple":1},"fruits":{"paper birch":1}}},{"w":"2026-08-18","yes":{"leaves":3,"fruits":1},"obs":{"leaves":15,"flowers":9,"fruits":9},"sp":{"leaves":{"paper birch":1,"quaking aspen":1,"red maple":1},"fruits":{"paper birch":1}}}]}},{"type":"Feature","geometry":{"type":"Point","coordinates":[-71.83591,44.0206]},"properties":{"site":48438,"st":"NH","n":59,"classes":{"leaves":23,"fruits":34,"flowers":2},"weeks":[{"w":"2026-09-01","yes":{"leaves":8,"fruits":8},"obs":{"leaves":26,"flowers":20,"fruits":30},"sp":{"leaves":{"bog blueberry":4,"bunchberry dogwood":2,"Canada mayflower":2},"fruits":{"shrubby fivefingers":4,"lingonberry":4}}},{"w":"2026-08-25","yes":{"leaves":8,"fruits":12},"obs":{"leaves":26,"flowers":20,"fruits":28},"sp":{"leaves":{"bog blueberry":4,"bunchberry dogwood":2,"Canada mayflower":2},"fruits":{"shrubby fivefingers":4,"lingonberry":4,"bunchberry dogwood":4}}},{"w":"2026-08-18","yes":{"leaves":7,"flowers":2,"fruits":14},"obs":{"leaves":26,"flowers":20,"fruits":30},"sp":{"leaves":{"bog blueberry":3,"bunchberry dogwood":2,"Canada mayflower":2},"flowers":{"shrubby fivefingers":2},"fruits":{"bunchberry dogwood":6,"lingonberry":4,"shrubby fivefingers":4}}}]}},{"type":"Feature","geometry":{"type":"Point","coordinates":[-71.82436,44.00142]},"properties":{"site":48440,"st":"NH","n":44,"classes":{"leaves":18,"fruits":26},"weeks":[{"w":"2026-09-01","yes":{"leaves":6,"fruits":8},"obs":{"leaves":14,"flowers":12,"fruits":18},"sp":{"leaves":{"bluebead":2,"Canada mayflower":2,"bunchberry dogwood":2},"fruits":{"bluebead":4,"Canada mayflower":2,"bunchberry dogwood":2}}},{"w":"2026-08-25","yes":{"leaves":6,"fruits":7},"obs":{"leaves":14,"flowers":12,"fruits":16},"sp":{"leaves":{"bluebead":2,"Canada mayflower":2,"bunchberry dogwood":2},"fruits":{"bluebead":4,"Canada mayflower":2,"bunchberry dogwood":1}}},{"w":"2026-08-18","yes":{"leaves":6,"fruits":11},"obs":{"leaves":14,"flowers":12,"fruits":18},"sp":{"leaves":{"bluebead":2,"Canada mayflower":2,"bunchberry dogwood":2},"fruits":{"bunchberry dogwood":5,"bluebead":4,"Canada mayflower":2}}}]}},{"type":"Feature","geometry":{"type":"Point","coordinates":[-71.83034,44.02609]},"properties":{"site":48458,"st":"NH","n":70,"classes":{"leaves":18,"fruits":48,"flowers":4},"weeks":[{"w":"2026-09-01","yes":{"leaves":6,"fruits":17},"obs":{"leaves":20,"flowers":18,"fruits":23},"sp":{"leaves":{"bog blueberry":4,"Bigelow's sedge":2},"fruits":{"Bigelow's sedge":5,"shrubby fivefingers":4,"lingonberry":4,"bog blueberry":4}}},{"w":"2026-08-25","yes":{"leaves":6,"fruits":17},"obs":{"leaves":20,"flowers":18,"fruits":24},"sp":{"leaves":{"bog blueberry":4,"Bigelow's sedge":2},"fruits":{"shrubby fivefingers":5,"lingonberry":4,"bog blueberry":4,"Bigelow's sedge":4}}},{"w":"2026-08-18","yes":{"leaves":6,"flowers":4,"fruits":14},"obs":{"leaves":20,"flowers":18,"fruits":23},"sp":{"leaves":{"bog blueberry":4,"Bigelow's sedge":2},"flowers":{"shrubby fivefingers":4},"fruits":{"bog blueberry":4,"Bigelow's sedge":4,"shrubby fivefingers":4,"lingonberry":2}}}]}},{"type":"Feature","geometry":{"type":"Point","coordinates":[-71.0564,42.37492]},"properties":{"site":48481,"st":"MA","n":332,"classes":{"leaves":210,"fruits":112,"flowers":10},"weeks":[{"w":"2026-10-06","yes":{"leaves":21,"fruits":11},"obs":{"leaves":35,"flowers":22,"fruits":24},"sp":{"leaves":{"horse chestnut":3,"pin oak":3,"black walnut":3,"American basswood":3,"American elm":3},"fruits":{"horse chestnut":3,"pin oak":3,"American basswood":3,"arborvitae":2}}},{"w":"2026-09-15","yes":{"leaves":20,"flowers":2,"fruits":11},"obs":{"leaves":35,"flowers":22,"fruits":24},"sp":{"leaves":{"horse chestnut":3,"pin oak":3,"black walnut":3,"American basswood":3,"American elm":3},"flowers":{"arborvitae":2},"fruits":{"horse chestnut":3,"pin oak":3,"arborvitae":2,"American basswood":2,"black walnut":1}}},{"w":"2026-09-01","yes":{"leaves":103,"flowers":2,"fruits":58},"obs":{"leaves":175,"flowers":109,"fruits":119},"sp":{"leaves":{"blackgum":17,"horse chestnut":15,"black walnut":15,"American elm":15,"pin oak":14},"flowers":{"arborvitae":2},"fruits":{"horse chestnut":15,"American basswood":15,"black walnut":12,"pin oak":9,"arborvitae":7}}},{"w":"2026-08-25","yes":{"leaves":22,"flowers":2,"fruits":10},"obs":{"leaves":35,"flowers":22,"fruits":24},"sp":{"leaves":{"black walnut":4,"blackgum":3,"red maple":3,"horse chestnut":3,"pin oak":3},"flowers":{"arborvitae":2},"fruits":{"horse chestnut":3,"arborvitae":2,"black walnut":2,"American basswood":2,"pin oak":1}}},{"w":"2026-08-18","yes":{"leaves":44,"flowers":4,"fruits":22},"obs":{"leaves":70,"flowers":44,"fruits":48},"sp":{"leaves":{"blackgum":8,"horse chestnut":7,"pin oak":6,"black walnut":6,"American elm":6},"flowers":{"arborvitae":4},"fruits":{"horse chestnut":6,"American basswood":6,"pin oak":4,"black walnut":4,"arborvitae":2}}}]}},{"type":"Feature","geometry":{"type":"Point","coordinates":[-84.28347,33.81354]},"properties":{"site":48555,"st":"GA","n":417,"classes":{"leaves":168,"flowers":49,"fruits":78,"insects":22,"birds":100},"weeks":[{"w":"2026-09-15","yes":{"leaves":84,"flowers":20,"fruits":43,"insects":12,"birds":49},"obs":{"leaves":196,"flowers":110,"fruits":149,"insects":40,"birds":242},"sp":{"leaves":{"trumpet honeysuckle":4,"Autumn Brilliance serviceberry":3,"red buckeye":3,"black chokeberry":3,"common serviceberry":3},"flowers":{"common buttonbush":2,"scarlet beebalm":2,"wild quinine":2,"wingstem":2,"white crownbeard":2},"fruits":{"cup plant":3,"wingstem":3,"golden zizia":3,"eastern redbud":3,"button eryngo":3},"insects":{"gulf fritillary":5,"eastern carpenter bee":3,"bumblebee":2,"monarch":2},"birds":{"Carolina wren":5,"ruby-throated hummingbird":5,"American crow":3,"tufted titmouse":3,"mourning dove":3}}},{"w":"2026-08-18","yes":{"leaves":84,"flowers":29,"fruits":35,"insects":10,"birds":51},"obs":{"leaves":204,"flowers":114,"fruits":156,"insects":40,"birds":242},"sp":{"leaves":{"trumpet honeysuckle":4,"Autumn Brilliance serviceberry":3,"black chokeberry":3,"common serviceberry":3,"Darrow's blueberry":3},"flowers":{"black elderberry":2,"scarlet beebalm":2,"wild quinine":2,"cup plant":2,"wingstem":2},"fruits":{"New Jersey tea":3,"eastern redbud":3,"blue wild indigo":3,"black elderberry":2,"scarlet beebalm":2},"insects":{"gulf fritillary":5,"eastern carpenter bee":3,"bumblebee":2},"birds":{"American robin":5,"Carolina wren":4,"ruby-throated hummingbird":4,"white-breasted nuthatch":3,"American crow":3}}}]}},{"type":"Feature","geometry":{"type":"Point","coordinates":[-124.01801,44.60163]},"properties":{"site":48594,"st":"OR","n":40,"classes":{"leaves":14,"flowers":1,"fruits":25},"weeks":[{"w":"2026-09-29","yes":{"leaves":4,"flowers":1,"fruits":5},"obs":{"leaves":21,"flowers":17,"fruits":20},"sp":{"leaves":{"red elderberry":2,"red huckleberry":1,"red alder":1},"flowers":{"red alder":1},"fruits":{"Sitka spruce":3,"California huckleberry":2}}},{"w":"2026-09-22","yes":{"leaves":4,"fruits":7},"obs":{"leaves":20,"flowers":17,"fruits":20},"sp":{"leaves":{"red elderberry":2,"red huckleberry":1,"red alder":1},"fruits":{"Sitka spruce":3,"red alder":2,"California huckleberry":2}}},{"w":"2026-09-08","yes":{"leaves":3,"fruits":7},"obs":{"leaves":18,"flowers":14,"fruits":17},"sp":{"leaves":{"red elderberry":1,"red huckleberry":1,"red alder":1},"fruits":{"Sitka spruce":3,"red alder":2,"California huckleberry":2}}},{"w":"2026-09-01","yes":{"leaves":3,"fruits":6},"obs":{"leaves":20,"flowers":17,"fruits":20},"sp":{"leaves":{"red elderberry":1,"red huckleberry":1,"red alder":1},"fruits":{"Sitka spruce":3,"red alder":2,"California huckleberry":1}}}]}},{"type":"Feature","geometry":{"type":"Point","coordinates":[-124.02715,44.60219]},"properties":{"site":48596,"st":"OR","n":54,"classes":{"leaves":17,"flowers":2,"fruits":35},"weeks":[{"w":"2026-09-29","yes":{"leaves":5,"flowers":1,"fruits":7},"obs":{"leaves":20,"flowers":17,"fruits":20},"sp":{"leaves":{"red elderberry":2,"red huckleberry":2,"red alder":1},"flowers":{"red alder":1},"fruits":{"salal":2,"red alder":2,"California huckleberry":2,"Sitka spruce":1}}},{"w":"2026-09-22","yes":{"leaves":4,"flowers":1,"fruits":9},"obs":{"leaves":20,"flowers":17,"fruits":20},"sp":{"leaves":{"red elderberry":2,"red huckleberry":1,"red alder":1},"flowers":{"red alder":1},"fruits":{"Sitka spruce":3,"salal":2,"red alder":2,"California huckleberry":2}}},{"w":"2026-09-08","yes":{"leaves":5,"fruits":10},"obs":{"leaves":20,"flowers":17,"fruits":20},"sp":{"leaves":{"red elderberry":2,"red huckleberry":2,"red alder":1},"fruits":{"Sitka spruce":3,"red huckleberry":3,"salal":2,"red alder":2}}},{"w":"2026-09-01","yes":{"leaves":3,"fruits":9},"obs":{"leaves":20,"flowers":17,"fruits":19},"sp":{"leaves":{"red elderberry":1,"red huckleberry":1,"red alder":1},"fruits":{"Sitka spruce":3,"red huckleberry":2,"salal":2,"red alder":2}}}]}},{"type":"Feature","geometry":{"type":"Point","coordinates":[-71.14336,42.37365]},"properties":{"site":48749,"st":"MA","n":2656,"classes":{"leaves":1479,"fruits":1175,"flowers":2},"weeks":[{"w":"2026-10-06","yes":{"leaves":225,"fruits":105},"obs":{"leaves":415,"flowers":222,"fruits":240},"sp":{"leaves":{"flowering dogwood":49,"white oak":25,"sugar maple":25,"black oak":24,"sweetbay":23},"fruits":{"eastern hemlock":18,"maidenhair tree":17,"white oak":15,"sweetbay":13,"sugar maple":12}}},{"w":"2026-09-29","yes":{"leaves":156,"flowers":2,"fruits":104},"obs":{"leaves":282,"flowers":150,"fruits":168},"sp":{"leaves":{"flowering dogwood":34,"sugar maple":18,"white oak":18,"sweetbay":17,"black oak":16},"flowers":{"flowering dogwood":1,"Kentucky yellowwood":1},"fruits":{"flowering dogwood":24,"eastern hemlock":17,"sugar maple":12,"white oak":12,"maidenhair tree":11}}},{"w":"2026-09-22","yes":{"leaves":164,"fruits":137},"obs":{"leaves":327,"flowers":172,"fruits":197},"sp":{"leaves":{"flowering dogwood":41,"sugar maple":20,"maidenhair tree":18,"white oak":16,"sweetbay":13},"fruits":{"flowering dogwood":30,"eastern hemlock":18,"white oak":17,"sweetbay":15,"sugar maple":15}}},{"w":"2026-09-15","yes":{"leaves":309,"fruits":273},"obs":{"leaves":600,"flowers":320,"fruits":372},"sp":{"leaves":{"flowering dogwood":73,"sugar maple":39,"white oak":32,"black oak":31,"sweetbay":29},"fruits":{"flowering dogwood":76,"sweetbay":35,"black oak":34,"eastern hemlock":33,"white oak":27}}},{"w":"2026-09-08","yes":{"leaves":234,"fruits":212},"obs":{"leaves":568,"flowers":295,"fruits":330},"sp":{"leaves":{"flowering dogwood":70,"blackgum":24,"sugar maple":23,"black oak":19,"maidenhair tree":18},"fruits":{"flowering dogwood":60,"sweetbay":31,"sugar maple":24,"eastern hemlock":20,"black oak":17}}},{"w":"2026-09-01","yes":{"leaves":68,"fruits":63},"obs":{"leaves":141,"flowers":75,"fruits":88},"sp":{"leaves":{"flowering dogwood":18,"sugar maple":8,"black oak":7,"white oak":7,"blackgum":6},"fruits":{"flowering dogwood":17,"sweetbay":9,"eastern hemlock":8,"black oak":8,"sugar maple":6}}},{"w":"2026-08-25","yes":{"leaves":206,"fruits":196},"obs":{"leaves":503,"flowers":262,"fruits":297},"sp":{"leaves":{"flowering dogwood":55,"sugar maple":22,"blackgum":22,"white oak":20,"black oak":15},"fruits":{"flowering dogwood":49,"sweetbay":36,"eastern hemlock":22,"blackgum":22,"sugar maple":19}}},{"w":"2026-08-18","yes":{"leaves":117,"fruits":85},"obs":{"leaves":280,"flowers":150,"fruits":167},"sp":{"leaves":{"flowering dogwood":30,"sugar maple":16,"black oak":13,"blackgum":12,"white oak":9},"fruits":{"flowering dogwood":17,"eastern hemlock":14,"black oak":11,"sugar maple":11,"blackgum":8}}}]}},{"type":"Feature","geometry":{"type":"Point","coordinates":[-71.14674,42.37454]},"properties":{"site":48750,"st":"MA","n":930,"classes":{"leaves":557,"fruits":372,"flowers":1},"weeks":[{"w":"2026-09-29","yes":{"leaves":86,"fruits":46},"obs":{"leaves":147,"flowers":79,"fruits":81},"sp":{"leaves":{"white oak":15,"sugar maple":15,"sweetgum":9,"black oak":8,"maidenhair tree":6},"fruits":{"white oak":8,"sugar maple":7,"sweetgum":6,"bur oak":6,"black oak":4}}},{"w":"2026-09-22","yes":{"leaves":80,"fruits":65},"obs":{"leaves":147,"flowers":79,"fruits":88},"sp":{"leaves":{"white oak":13,"sugar maple":13,"sweetgum":9,"black oak":9,"flowering dogwood":6},"fruits":{"white oak":15,"sweetgum":9,"black oak":8,"flowering dogwood":6,"bur oak":6}}},{"w":"2026-09-15","yes":{"leaves":82,"fruits":62},"obs":{"leaves":147,"flowers":79,"fruits":90},"sp":{"leaves":{"sugar maple":15,"white oak":11,"sweetgum":9,"black oak":9,"flowering dogwood":6},"fruits":{"white oak":15,"black oak":9,"sweetgum":8,"flowering dogwood":6,"sugar maple":6}}},{"w":"2026-09-08","yes":{"leaves":75,"fruits":55},"obs":{"leaves":147,"flowers":79,"fruits":86},"sp":{"leaves":{"sugar maple":13,"sweetgum":9,"white oak":8,"black oak":7,"flowering dogwood":6},"fruits":{"white oak":13,"sweetgum":8,"black oak":7,"flowering dogwood":6,"sugar maple":4}}},{"w":"2026-09-01","yes":{"leaves":77,"fruits":42},"obs":{"leaves":147,"flowers":79,"fruits":85},"sp":{"leaves":{"sugar maple":14,"white oak":11,"sweetgum":9,"black oak":9,"bur oak":6},"fruits":{"sweetgum":7,"black oak":7,"flowering dogwood":6,"white oak":5,"paper birch":3}}},{"w":"2026-08-25","yes":{"leaves":59,"fruits":43},"obs":{"leaves":147,"flowers":79,"fruits":88},"sp":{"leaves":{"sugar maple":9,"white oak":7,"sweetgum":5,"black oak":5,"flowering dogwood":5},"fruits":{"black oak":8,"flowering dogwood":6,"white oak":5,"sweetgum":4,"Kentucky yellowwood":3}}},{"w":"2026-08-18","yes":{"leaves":98,"flowers":1,"fruits":59},"obs":{"leaves":282,"flowers":150,"fruits":161},"sp":{"leaves":{"sugar maple":15,"white oak":14,"maidenhair tree":12,"sweetgum":8,"flowering dogwood":8},"flowers":{"maidenhair tree":1},"fruits":{"sweetgum":9,"white oak":9,"black oak":7,"northern red oak":7,"paper birch":6}}}]}},{"type":"Feature","geometry":{"type":"Point","coordinates":[-83.3639,35.58719]},"properties":{"site":48788,"st":"NC","n":31,"classes":{"leaves":31},"weeks":[{"w":"2026-09-15","yes":{"leaves":31},"obs":{"leaves":105},"sp":{"leaves":{"red maple":8,"tuliptree":6,"yellow birch":5,"sweet birch":5,"northern red oak":5}}}]}},{"type":"Feature","geometry":{"type":"Point","coordinates":[-71.1085,42.38656]},"properties":{"site":49023,"st":"MA","n":26,"classes":{"birds":26},"weeks":[{"w":"2026-09-29","yes":{"birds":5},"obs":{"birds":103},"sp":{"birds":{"blue jay":2,"northern cardinal":2,"northern mockingbird":1}}},{"w":"2026-09-15","yes":{"birds":8},"obs":{"birds":103},"sp":{"birds":{"blue jay":2,"grey catbird":2,"downy woodpecker":1,"northern cardinal":1,"red-tailed hawk":1}}},{"w":"2026-09-08","yes":{"birds":4},"obs":{"birds":103},"sp":{"birds":{"blue jay":1,"chimney swift":1,"grey catbird":1,"northern cardinal":1}}},{"w":"2026-08-25","yes":{"birds":9},"obs":{"birds":206},"sp":{"birds":{"blue jay":4,"northern mockingbird":2,"northern cardinal":1,"mourning dove":1,"black-capped chickadee":1}}}]}},{"type":"Feature","geometry":{"type":"Point","coordinates":[-75.6056,38.34563]},"properties":{"site":49061,"st":"MD","n":95,"classes":{"leaves":29,"flowers":22,"fruits":44},"weeks":[{"w":"2026-10-06","yes":{"leaves":2,"flowers":1,"fruits":2},"obs":{"leaves":5,"flowers":2,"fruits":3},"sp":{"leaves":{"flowering dogwood":2},"flowers":{"flowering dogwood":1},"fruits":{"flowering dogwood":2}}},{"w":"2026-09-29","yes":{"leaves":10,"flowers":5,"fruits":10},"obs":{"leaves":25,"flowers":10,"fruits":15},"sp":{"leaves":{"flowering dogwood":10},"flowers":{"flowering dogwood":5},"fruits":{"flowering dogwood":10}}},{"w":"2026-09-22","yes":{"leaves":6,"flowers":5,"fruits":11},"obs":{"leaves":25,"flowers":10,"fruits":15},"sp":{"leaves":{"flowering dogwood":6},"flowers":{"flowering dogwood":5},"fruits":{"flowering dogwood":11}}},{"w":"2026-09-15","yes":{"leaves":5,"flowers":5,"fruits":10},"obs":{"leaves":25,"flowers":10,"fruits":15},"sp":{"leaves":{"flowering dogwood":5},"flowers":{"flowering dogwood":5},"fruits":{"flowering dogwood":10}}},{"w":"2026-09-08","yes":{"leaves":4,"flowers":4,"fruits":8},"obs":{"leaves":20,"flowers":8,"fruits":12},"sp":{"leaves":{"flowering dogwood":4},"flowers":{"flowering dogwood":4},"fruits":{"flowering dogwood":8}}},{"w":"2026-09-01","yes":{"leaves":2,"flowers":2,"fruits":3},"obs":{"leaves":10,"flowers":4,"fruits":6},"sp":{"leaves":{"flowering dogwood":2},"flowers":{"flowering dogwood":2},"fruits":{"flowering dogwood":3}}}]}},{"type":"Feature","geometry":{"type":"Point","coordinates":[-111.9137,33.50514]},"properties":{"site":49130,"st":"AZ","n":2,"classes":{"leaves":1,"flowers":1},"weeks":[{"w":"2026-09-08","yes":{"leaves":1,"flowers":1},"obs":{"leaves":6,"flowers":4,"fruits":6,"insects":7},"sp":{"leaves":{"Arizona milkweed":1},"flowers":{"Arizona milkweed":1}}}]}},{"type":"Feature","geometry":{"type":"Point","coordinates":[-95.41917,32.77718]},"properties":{"site":49132,"st":"TX","n":19,"classes":{"leaves":16,"fruits":3},"weeks":[{"w":"2026-09-22","yes":{"leaves":4,"fruits":1},"obs":{"leaves":18,"flowers":12,"fruits":18},"sp":{"leaves":{"flowering dogwood":2,"American beautyberry":2},"fruits":{"American beautyberry":1}}},{"w":"2026-09-08","yes":{"leaves":6,"fruits":1},"obs":{"leaves":25,"flowers":16,"fruits":24},"sp":{"leaves":{"American beautyberry":2,"flowering dogwood":2,"eastern redbud":2},"fruits":{"American beautyberry":1}}},{"w":"2026-08-25","yes":{"leaves":6,"fruits":1},"obs":{"leaves":25,"flowers":16,"fruits":24},"sp":{"leaves":{"flowering dogwood":2,"eastern redbud":2,"American beautyberry":2},"fruits":{"American beautyberry":1}}}]}},{"type":"Feature","geometry":{"type":"Point","coordinates":[-71.109,42.38539]},"properties":{"site":49291,"st":"MA","n":349,"classes":{"leaves":86,"flowers":92,"fruits":171},"weeks":[{"w":"2026-09-29","yes":{"leaves":13,"flowers":12,"fruits":27},"obs":{"leaves":27,"flowers":24,"fruits":36},"sp":{"leaves":{"oakleaf hydrangea":2,"blue giant hyssop":1,"wild bergamot":1,"foxglove beardtongue":1,"clustered mountainmint":1},"flowers":{"blue giant hyssop":2,"clustered mountainmint":2,"wrinkleleaf goldenrod":2,"New England aster":2,"lanceleaf tickseed":2},"fruits":{"blue giant hyssop":3,"foxglove beardtongue":3,"oakleaf hydrangea":3,"clustered mountainmint":3,"lanceleaf tickseed":3}}},{"w":"2026-09-22","yes":{"leaves":24,"flowers":28,"fruits":56},"obs":{"leaves":54,"flowers":48,"fruits":72},"sp":{"leaves":{"oakleaf hydrangea":4,"foxglove beardtongue":2,"clustered mountainmint":2,"wild bergamot":2,"wrinkleleaf goldenrod":2},"flowers":{"clustered mountainmint":4,"blue giant hyssop":4,"wrinkleleaf goldenrod":4,"New England aster":4,"lanceleaf tickseed":4},"fruits":{"foxglove beardtongue":6,"oakleaf hydrangea":6,"clustered mountainmint":6,"blue giant hyssop":6,"wild bergamot":6}}},{"w":"2026-09-15","yes":{"leaves":13,"flowers":12,"fruits":23},"obs":{"leaves":27,"flowers":24,"fruits":36},"sp":{"leaves":{"oakleaf hydrangea":2,"blue giant hyssop":1,"wild bergamot":1,"foxglove beardtongue":1,"clustered mountainmint":1},"flowers":{"blue giant hyssop":2,"clustered mountainmint":2,"wrinkleleaf goldenrod":2,"New England aster":2,"common sneezeweed":2},"fruits":{"blue giant hyssop":3,"wild bergamot":3,"foxglove beardtongue":3,"oakleaf hydrangea":3,"clustered mountainmint":3}}},{"w":"2026-09-08","yes":{"leaves":12,"flowers":13,"fruits":25},"obs":{"leaves":27,"flowers":24,"fruits":34},"sp":{"leaves":{"foxglove beardtongue":1,"oakleaf hydrangea":1,"clustered mountainmint":1,"blue giant hyssop":1,"wild bergamot":1},"flowers":{"clustered mountainmint":2,"blue giant hyssop":2,"wrinkleleaf goldenrod":2,"lanceleaf tickseed":2,"common sneezeweed":2},"fruits":{"oakleaf hydrangea":3,"clustered mountainmint":3,"blue giant hyssop":3,"wild bergamot":3,"lanceleaf tickseed":3}}},{"w":"2026-08-25","yes":{"leaves":24,"flowers":27,"fruits":40},"obs":{"leaves":54,"flowers":48,"fruits":68},"sp":{"leaves":{"common sneezeweed":2,"smooth oxeye":2,"wrinkleleaf goldenrod":2,"New England aster":2,"swamp milkweed":2},"flowers":{"common sneezeweed":4,"smooth oxeye":4,"blue giant hyssop":4,"oakleaf hydrangea":4,"clustered mountainmint":4},"fruits":{"lanceleaf tickseed":6,"blue giant hyssop":6,"wild bergamot":6,"oakleaf hydrangea":6,"swamp milkweed":5}}}]}},{"type":"Feature","geometry":{"type":"Point","coordinates":[-71.109,42.38539]},"properties":{"site":49292,"st":"MA","n":95,"classes":{"insects":95},"weeks":[{"w":"2026-09-29","yes":{"insects":7},"obs":{"insects":37},"sp":{"insects":{"bumblebee":3,"Agapostemon sweat bee":2,"honeybee":2}}},{"w":"2026-09-22","yes":{"insects":26},"obs":{"insects":72},"sp":{"insects":{"bumblebee":6,"Agapostemon sweat bee":5,"leafcutter bee":4,"honeybee":4,"cabbage white":3}}},{"w":"2026-09-15","yes":{"insects":24},"obs":{"insects":72},"sp":{"insects":{"eastern carpenter bee":6,"bumblebee":5,"honeybee":4,"Lasioglossum sweat bee":4,"cabbage white":3}}},{"w":"2026-09-08","yes":{"insects":10},"obs":{"insects":34},"sp":{"insects":{"Agapostemon sweat bee":2,"leafcutter bee":2,"honeybee":2,"bumblebee":2,"Lasioglossum sweat bee":2}}},{"w":"2026-08-25","yes":{"insects":28},"obs":{"insects":105},"sp":{"insects":{"Agapostemon sweat bee":5,"honeybee":4,"bumblebee":4,"Lasioglossum sweat bee":4,"leafcutter bee":4}}}]}},{"type":"Feature","geometry":{"type":"Point","coordinates":[-76.5365,42.4657]},"properties":{"site":49511,"st":"NY","n":43,"classes":{"leaves":43},"weeks":[{"w":"2026-10-06","yes":{"leaves":7},"obs":{"leaves":19,"flowers":10,"fruits":12},"sp":{"leaves":{"Kentucky coffeetree":3,"dawn redwood":2,"osage-orange":1,"maidenhair tree":1}}},{"w":"2026-09-22","yes":{"leaves":6},"obs":{"leaves":19,"flowers":10,"fruits":12},"sp":{"leaves":{"dawn redwood":2,"Kentucky coffeetree":2,"osage-orange":1,"maidenhair tree":1}}},{"w":"2026-09-15","yes":{"leaves":11},"obs":{"leaves":38,"flowers":20,"fruits":24},"sp":{"leaves":{"Kentucky coffeetree":4,"dawn redwood":3,"osage-orange":2,"maidenhair tree":2}}},{"w":"2026-09-01","yes":{"leaves":7},"obs":{"leaves":19,"flowers":10,"fruits":12},"sp":{"leaves":{"Kentucky coffeetree":3,"dawn redwood":2,"osage-orange":1,"maidenhair tree":1}}},{"w":"2026-08-18","yes":{"leaves":12},"obs":{"leaves":38,"flowers":20,"fruits":24},"sp":{"leaves":{"dawn redwood":3,"Kentucky coffeetree":3,"osage-orange":3,"maidenhair tree":3}}}]}},{"type":"Feature","geometry":{"type":"Point","coordinates":[-93.60375,44.71882]},"properties":{"site":49687,"st":"MN","n":861,"classes":{"insects":210,"birds":651},"weeks":[{"w":"2026-10-06","yes":{"insects":10,"birds":112},"obs":{"insects":23,"birds":369},"sp":{"insects":{"bumblebee":8,"monarch":1,"woolly bear":1},"birds":{"eastern bluebird":8,"red-bellied woodpecker":8,"sandhill crane":8,"American crow":8,"American robin":8}}},{"w":"2026-09-29","yes":{"insects":5,"birds":42},"obs":{"insects":10,"birds":150},"sp":{"insects":{"bumblebee":4,"woolly bear":1},"birds":{"blue jay":4,"red-bellied woodpecker":4,"American crow":4,"eastern bluebird":4,"grey catbird":4}}},{"w":"2026-09-22","yes":{"insects":16,"birds":68},"obs":{"insects":39,"birds":235},"sp":{"insects":{"bumblebee":6,"great spangled fritillary":4,"honeybee":2,"monarch":2,"cabbage white":2},"birds":{"blue jay":7,"American goldfinch":6,"eastern bluebird":6,"grey catbird":6,"red-bellied woodpecker":6}}},{"w":"2026-09-15","yes":{"insects":34,"birds":90},"obs":{"insects":118,"birds":299},"sp":{"insects":{"monarch":8,"bumblebee":6,"honeybee":5,"great spangled fritillary":5,"cabbage white":4},"birds":{"American goldfinch":11,"red-bellied woodpecker":8,"blue jay":8,"American crow":6,"Canada goose":6}}},{"w":"2026-09-08","yes":{"insects":9,"birds":18},"obs":{"insects":31,"birds":71},"sp":{"insects":{"monarch":2,"honeybee":2,"bumblebee":2,"great spangled fritillary":1,"cabbage white":1},"birds":{"American goldfinch":2,"song sparrow":2,"eastern bluebird":2,"grey catbird":2,"blue jay":2}}},{"w":"2026-09-01","yes":{"insects":45,"birds":105},"obs":{"insects":157,"birds":332},"sp":{"insects":{"bumblebee":10,"monarch":10,"honeybee":6,"cabbage white":5,"great spangled fritillary":5},"birds":{"American goldfinch":14,"blue jay":10,"Canada goose":10,"eastern bluebird":10,"grey catbird":10}}},{"w":"2026-08-25","yes":{"insects":48,"birds":123},"obs":{"insects":154,"birds":428},"sp":{"insects":{"bumblebee":10,"monarch":10,"honeybee":8,"Canadian tiger swallowtail":7,"cabbage white":6},"birds":{"American goldfinch":10,"American robin":10,"blue jay":10,"eastern bluebird":10,"grey catbird":10}}},{"w":"2026-08-18","yes":{"insects":43,"birds":93},"obs":{"insects":152,"birds":298},"sp":{"insects":{"bumblebee":10,"monarch":10,"Canadian tiger swallowtail":6,"cabbage white":5,"common whitetail":5},"birds":{"American robin":10,"blue jay":10,"eastern bluebird":10,"grey catbird":10,"American goldfinch":9}}}]}},{"type":"Feature","geometry":{"type":"Point","coordinates":[-93.60226,44.73907]},"properties":{"site":49688,"st":"MN","n":3791,"classes":{"leaves":1554,"flowers":757,"fruits":1480},"weeks":[{"w":"2026-10-06","yes":{"leaves":169,"flowers":26,"fruits":208},"obs":{"leaves":395,"flowers":325,"fruits":426},"sp":{"leaves":{"black walnut":12,"quaking aspen":12,"bur oak":12,"butternut":12,"pussy willow":12},"flowers":{"red clover":8,"aromatic aster":8,"purple giant hyssop":8,"common evening primrose":2},"fruits":{"tall blazing star":19,"sideoats grama":12,"blue cohosh":11,"common milkweed":11,"little bluestem":11}}},{"w":"2026-09-29","yes":{"leaves":101,"flowers":24,"fruits":110},"obs":{"leaves":231,"flowers":190,"fruits":252},"sp":{"leaves":{"staghorn sumac":6,"black walnut":6,"bur oak":6,"butternut":6,"quaking aspen":6},"flowers":{"prairie ironweed":4,"red clover":4,"swamp verbena":4,"aromatic aster":4,"purple giant hyssop":4},"fruits":{"tall blazing star":8,"whorled milkweed":6,"broadleaf cattail":6,"bull thistle":6,"common milkweed":6}}},{"w":"2026-09-22","yes":{"leaves":167,"flowers":30,"fruits":159},"obs":{"leaves":352,"flowers":290,"fruits":384},"sp":{"leaves":{"eastern poison ivy":9,"prairie rose":9,"leadplant":9,"staghorn sumac":9,"quaking aspen":9},"flowers":{"red clover":6,"swamp verbena":6,"aromatic aster":6,"purple giant hyssop":6,"common dandelion":4},"fruits":{"tall blazing star":9,"whorled milkweed":9,"little bluestem":9,"sideoats grama":9,"blue cohosh":8}}},{"w":"2026-09-15","yes":{"leaves":198,"flowers":44,"fruits":230},"obs":{"leaves":474,"flowers":422,"fruits":558},"sp":{"leaves":{"bur oak":9,"butternut":7,"common blue violet":6,"leadplant":6,"tall blazing star":6},"flowers":{"aromatic aster":8,"purple giant hyssop":6,"bluebell bellflower":4,"red clover":4,"swamp verbena":4},"fruits":{"bull thistle":12,"little bluestem":12,"reed canarygrass":12,"Canada thistle":11,"leadplant":10}}},{"w":"2026-09-08","yes":{"leaves":58,"flowers":16,"fruits":64},"obs":{"leaves":150,"flowers":131,"fruits":177},"sp":{"leaves":{"common blue violet":2,"tall blazing star":2,"pussy willow":2,"quaking aspen":2,"black walnut":2},"flowers":{"red clover":2,"common yellow oxalis":2,"dotted blazing star":2,"Canada thistle":2,"purple giant hyssop":2},"fruits":{"tall thimbleweed":3,"white prairie clover":3,"purple prairie clover":3,"leadplant":3,"plains onion":3}}},{"w":"2026-09-01","yes":{"leaves":256,"flowers":170,"fruits":271},"obs":{"leaves":604,"flowers":546,"fruits":726},"sp":{"leaves":{"bur oak":8,"butternut":8,"black walnut":8,"quaking aspen":8,"common blue violet":8},"flowers":{"tall blazing star":12,"red clover":10,"common yellow oxalis":10,"big bluestem":10,"bluebell bellflower":10},"fruits":{"tall thimbleweed":13,"leadplant":13,"sideoats grama":13,"butterfly milkweed":12,"black walnut":11}}},{"w":"2026-08-25","yes":{"leaves":291,"flowers":212,"fruits":225},"obs":{"leaves":682,"flowers":614,"fruits":826},"sp":{"leaves":{"tall blazing star":8,"common blue violet":8,"black walnut":8,"butternut":8,"quaking aspen":8},"flowers":{"tall blazing star":16,"common evening primrose":10,"whorled milkweed":10,"purple giant hyssop":10,"bull thistle":10},"fruits":{"reed canarygrass":12,"sideoats grama":10,"tall thimbleweed":10,"pinnate prairie coneflower":10,"leadplant":9}}},{"w":"2026-08-18","yes":{"leaves":314,"flowers":235,"fruits":213},"obs":{"leaves":773,"flowers":689,"fruits":919},"sp":{"leaves":{"butternut":10,"tall blazing star":10,"common blue violet":10,"black walnut":6,"quaking aspen":6},"flowers":{"tall blazing star":17,"Indiangrass":10,"dotted blazing star":10,"Canada thistle":10,"big bluestem":10},"fruits":{"sideoats grama":13,"black walnut":12,"tall thimbleweed":12,"leadplant":11,"reed canarygrass":10}}}]}},{"type":"Feature","geometry":{"type":"Point","coordinates":[-111.87365,33.32404]},"properties":{"site":49739,"st":"AZ","n":12,"classes":{"leaves":12},"weeks":[{"w":"2026-10-06","yes":{"leaves":3},"obs":{"leaves":3,"flowers":2,"fruits":3},"sp":{"leaves":{"rush-desert-milkweed":3}}},{"w":"2026-09-15","yes":{"leaves":3},"obs":{"leaves":3,"flowers":2,"fruits":3},"sp":{"leaves":{"rush-desert-milkweed":3}}},{"w":"2026-09-01","yes":{"leaves":3},"obs":{"leaves":3,"flowers":2,"fruits":3},"sp":{"leaves":{"rush-desert-milkweed":3}}},{"w":"2026-08-25","yes":{"leaves":3},"obs":{"leaves":3,"flowers":2,"fruits":3},"sp":{"leaves":{"rush-desert-milkweed":3}}}]}},{"type":"Feature","geometry":{"type":"Point","coordinates":[-111.87365,33.32404]},"properties":{"site":49854,"st":"AZ","n":16,"classes":{"leaves":12,"flowers":4},"weeks":[{"w":"2026-10-06","yes":{"leaves":3,"flowers":2},"obs":{"leaves":3,"flowers":2,"fruits":3},"sp":{"leaves":{"Arizona milkweed":3},"flowers":{"Arizona milkweed":2}}},{"w":"2026-09-15","yes":{"leaves":3,"flowers":2},"obs":{"leaves":3,"flowers":2,"fruits":3},"sp":{"leaves":{"Arizona milkweed":3},"flowers":{"Arizona milkweed":2}}},{"w":"2026-09-01","yes":{"leaves":3},"obs":{"leaves":3,"flowers":2,"fruits":3},"sp":{"leaves":{"Arizona milkweed":3}}},{"w":"2026-08-25","yes":{"leaves":3},"obs":{"leaves":3,"flowers":2,"fruits":3},"sp":{"leaves":{"Arizona milkweed":3}}}]}},{"type":"Feature","geometry":{"type":"Point","coordinates":[-120.6437,38.64604]},"properties":{"site":49956,"st":"CA","n":51,"classes":{"leaves":36,"fruits":15},"weeks":[{"w":"2026-09-29","yes":{"leaves":9,"fruits":2},"obs":{"leaves":20,"flowers":19,"fruits":24,"birds":22},"sp":{"leaves":{"California black oak":9},"fruits":{"toyon":2}}},{"w":"2026-09-22","yes":{"leaves":9,"fruits":2},"obs":{"leaves":20,"flowers":19,"fruits":21,"birds":22},"sp":{"leaves":{"California black oak":9},"fruits":{"toyon":2}}},{"w":"2026-09-15","yes":{"leaves":9,"fruits":6},"obs":{"leaves":19,"flowers":17,"fruits":18,"birds":22},"sp":{"leaves":{"California black oak":9},"fruits":{"whiteleaf manzanita":6}}},{"w":"2026-09-01","yes":{"leaves":9,"fruits":5},"obs":{"leaves":20,"flowers":19,"fruits":21,"birds":22},"sp":{"leaves":{"California black oak":9},"fruits":{"whiteleaf manzanita":3,"toyon":2}}}]}},{"type":"Feature","geometry":{"type":"Point","coordinates":[-122.59609,45.55515]},"properties":{"site":50002,"st":"OR","n":21,"classes":{"leaves":11,"fruits":7,"flowers":3},"weeks":[{"w":"2026-09-22","yes":{"leaves":3,"fruits":1},"obs":{"leaves":5,"flowers":3,"fruits":3},"sp":{"leaves":{"bigleaf maple":3},"fruits":{"bigleaf maple":1}}},{"w":"2026-08-18","yes":{"leaves":8,"flowers":3,"fruits":6},"obs":{"leaves":18,"flowers":13,"fruits":15},"sp":{"leaves":{"Indian plum":3,"Cascara buckthorn":2,"bigleaf maple":2,"Rocky Mountain maple":1},"flowers":{"Canada goldenrod":2,"tufted hairgrass":1},"fruits":{"Rocky Mountain maple":2,"tufted hairgrass":2,"Cascara buckthorn":1,"bigleaf maple":1}}}]}},{"type":"Feature","geometry":{"type":"Point","coordinates":[-89.13608,30.3539]},"properties":{"site":50056,"st":"MS","n":23,"classes":{"leaves":10,"flowers":4,"fruits":9},"weeks":[{"w":"2026-09-01","yes":{"leaves":6,"flowers":2,"fruits":4},"obs":{"leaves":30,"flowers":20,"fruits":21},"sp":{"leaves":{"live oak":3,"bald cypress":1,"red maple":1,"lilac chastetree":1},"flowers":{"lilac chastetree":2},"fruits":{"live oak":2,"bald cypress":1,"lilac chastetree":1}}},{"w":"2026-08-25","yes":{"leaves":4,"flowers":2,"fruits":5},"obs":{"leaves":30,"flowers":19,"fruits":20},"sp":{"leaves":{"live oak":2,"bald cypress":1,"lilac chastetree":1},"flowers":{"lilac chastetree":2},"fruits":{"live oak":2,"lilac chastetree":2,"bald cypress":1}}}]}},{"type":"Feature","geometry":{"type":"Point","coordinates":[-93.05717,44.95339]},"properties":{"site":50102,"st":"MN","n":5,"classes":{"leaves":3,"fruits":2},"weeks":[{"w":"2026-09-22","yes":{"leaves":3,"fruits":2},"obs":{"leaves":3,"fruits":2},"sp":{"leaves":{"sugar maple":1,"white oak":1,"bur oak":1},"fruits":{"sugar maple":1,"eastern purple coneflower":1}}}]}},{"type":"Feature","geometry":{"type":"Point","coordinates":[-83.07378,35.58672]},"properties":{"site":50113,"st":"NC","n":117,"classes":{"leaves":56,"flowers":37,"fruits":24},"weeks":[{"w":"2026-10-06","yes":{"leaves":16,"flowers":5,"fruits":8},"obs":{"leaves":63,"flowers":60,"fruits":87},"sp":{"leaves":{"Queen Anne's lace":2,"common yarrow":2,"wrinkleleaf goldenrod":2,"Virginia strawberry":2,"common yellow oxalis":2},"flowers":{"wrinkleleaf goldenrod":4,"Queen Anne's lace":1},"fruits":{"Queen Anne's lace":3,"wrinkleleaf goldenrod":2,"common selfheal":2,"common yellow oxalis":1}}},{"w":"2026-09-29","yes":{"leaves":14,"flowers":13,"fruits":14},"obs":{"leaves":77,"flowers":80,"fruits":120},"sp":{"leaves":{"common yarrow":2,"wrinkleleaf goldenrod":2,"Carolina horsenettle":2,"hairy white oldfield aster":2,"Queen Anne's lace":2},"flowers":{"Queen Anne's lace":4,"wrinkleleaf goldenrod":3,"wild bergamot":2,"common yarrow":2,"hairy white oldfield aster":2},"fruits":{"wild bergamot":3,"Carolina horsenettle":3,"wrinkleleaf goldenrod":2,"hairy white oldfield aster":2,"common selfheal":2}}},{"w":"2026-09-15","yes":{"leaves":9,"flowers":7},"obs":{"leaves":42,"flowers":40,"fruits":60},"sp":{"leaves":{"wrinkleleaf goldenrod":2,"hairy white oldfield aster":2,"Queen Anne's lace":2,"common yarrow":1,"Virginia strawberry":1},"flowers":{"wrinkleleaf goldenrod":2,"hairy white oldfield aster":2,"Queen Anne's lace":2,"common yellow oxalis":1}}},{"w":"2026-09-08","yes":{"leaves":9,"flowers":7},"obs":{"leaves":19,"flowers":22,"fruits":24},"sp":{"leaves":{"Queen Anne's lace":1,"hairy white oldfield aster":1,"wrinkleleaf goldenrod":1,"common cinquefoil":1,"Virginia strawberry":1},"flowers":{"hairy white oldfield aster":2,"wrinkleleaf goldenrod":2,"common selfheal":2,"Queen Anne's lace":1}}},{"w":"2026-08-25","yes":{"leaves":8,"flowers":5,"fruits":2},"obs":{"leaves":42,"flowers":40,"fruits":60},"sp":{"leaves":{"wild bergamot":1,"common selfheal":1,"common yellow oxalis":1,"common yarrow":1,"wrinkleleaf goldenrod":1},"flowers":{"common selfheal":2,"blackeyed Susan":2,"wrinkleleaf goldenrod":1},"fruits":{"blackeyed Susan":2}}}]}},{"type":"Feature","geometry":{"type":"Point","coordinates":[-83.07385,35.58686]},"properties":{"site":50114,"st":"NC","n":169,"classes":{"leaves":54,"fruits":77,"flowers":38},"weeks":[{"w":"2026-10-06","yes":{"leaves":13,"fruits":32},"obs":{"leaves":63,"flowers":60,"fruits":93},"sp":{"leaves":{"common yellow oxalis":2,"Virginia strawberry":2,"common cinquefoil":1,"tall hairy agrimony":1,"pale Indian plantain":1},"fruits":{"pale Indian plantain":6,"tall hairy agrimony":5,"early goldenrod":5,"wreath goldenrod":5,"tall thimbleweed":5}}},{"w":"2026-09-29","yes":{"leaves":8,"flowers":6,"fruits":26},"obs":{"leaves":84,"flowers":82,"fruits":124},"sp":{"leaves":{"tall thimbleweed":1,"tall hairy agrimony":1,"pale Indian plantain":1,"hairy white oldfield aster":1,"wreath goldenrod":1},"flowers":{"wreath goldenrod":2,"common yellow oxalis":2,"tall thimbleweed":1,"pale Indian plantain":1},"fruits":{"pale Indian plantain":6,"tall thimbleweed":3,"tall hairy agrimony":3,"hairy white oldfield aster":3,"Carolina horsenettle":3}}},{"w":"2026-09-15","yes":{"leaves":12,"flowers":8,"fruits":7},"obs":{"leaves":43,"flowers":42,"fruits":63},"sp":{"leaves":{"Carolina horsenettle":2,"hairy white oldfield aster":2,"common yellow oxalis":2,"Virginia strawberry":1,"tall hairy agrimony":1},"flowers":{"common blue wood aster":2,"hairy white oldfield aster":2,"wreath goldenrod":2,"common yellow oxalis":2},"fruits":{"pale Indian plantain":3,"early goldenrod":2,"Carolina horsenettle":1,"tall thimbleweed":1}}},{"w":"2026-09-08","yes":{"leaves":9,"flowers":10,"fruits":6},"obs":{"leaves":21,"flowers":24,"fruits":30},"sp":{"leaves":{"Virginia strawberry":1,"common cinquefoil":1,"pale Indian plantain":1,"white bergamot":1,"Carolina horsenettle":1},"flowers":{"common yellow oxalis":2,"Carolina horsenettle":2,"early goldenrod":2,"common blue wood aster":2,"wreath goldenrod":2},"fruits":{"pale Indian plantain":3,"common yellow oxalis":1,"Carolina horsenettle":1,"tall thimbleweed":1}}},{"w":"2026-08-25","yes":{"leaves":12,"flowers":14,"fruits":6},"obs":{"leaves":44,"flowers":42,"fruits":62},"sp":{"leaves":{"common yellow oxalis":2,"tall thimbleweed":1,"pale Indian plantain":1,"white bergamot":1,"common selfheal":1},"flowers":{"tall thimbleweed":2,"white bergamot":2,"Carolina horsenettle":2,"early goldenrod":2,"common blue wood aster":2},"fruits":{"pale Indian plantain":2,"common selfheal":2,"tall thimbleweed":1,"Carolina horsenettle":1}}}]}},{"type":"Feature","geometry":{"type":"Point","coordinates":[-83.07384,35.58685]},"properties":{"site":50115,"st":"NC","n":167,"classes":{"leaves":55,"flowers":50,"fruits":62},"weeks":[{"w":"2026-10-06","yes":{"leaves":15,"flowers":10,"fruits":24},"obs":{"leaves":74,"flowers":70,"fruits":105},"sp":{"leaves":{"wild bergamot":2,"Virginia strawberry":2,"common yarrow":1,"common cinquefoil":1,"common blue violet":1},"flowers":{"common blue wood aster":4,"common yarrow":2,"early goldenrod":2,"hairy white oldfield aster":2},"fruits":{"tall hairy agrimony":3,"wild basil":3,"common selfheal":3,"Carolina horsenettle":3,"early goldenrod":3}}},{"w":"2026-09-29","yes":{"leaves":5,"flowers":6,"fruits":15},"obs":{"leaves":46,"flowers":44,"fruits":66},"sp":{"leaves":{"wild bergamot":1,"common yarrow":1,"Virginia strawberry":1,"white bergamot":1,"common blue wood aster":1},"flowers":{"common yarrow":2,"early goldenrod":2,"common blue wood aster":2},"fruits":{"tall hairy agrimony":2,"tall thimbleweed":2,"wild basil":2,"common selfheal":2,"early goldenrod":2}}},{"w":"2026-09-15","yes":{"leaves":8,"flowers":12,"fruits":8},"obs":{"leaves":45,"flowers":44,"fruits":66},"sp":{"leaves":{"wild bergamot":1,"common yarrow":1,"Virginia strawberry":1,"wild basil":1,"Carolina horsenettle":1},"flowers":{"common yarrow":2,"wild basil":2,"common selfheal":2,"early goldenrod":2,"hairy white oldfield aster":2},"fruits":{"Queen Anne's lace":2,"tall hairy agrimony":2,"pale Indian plantain":2,"tall thimbleweed":1,"Carolina horsenettle":1}}},{"w":"2026-09-08","yes":{"leaves":11,"flowers":11,"fruits":4},"obs":{"leaves":23,"flowers":26,"fruits":33},"sp":{"leaves":{"common yarrow":1,"Virginia strawberry":1,"common cinquefoil":1,"tall thimbleweed":1,"pale Indian plantain":1},"flowers":{"common yarrow":2,"wild basil":2,"common selfheal":2,"early goldenrod":2,"common blue wood aster":2},"fruits":{"pale Indian plantain":3,"tall thimbleweed":1}}},{"w":"2026-08-25","yes":{"leaves":16,"flowers":11,"fruits":11},"obs":{"leaves":46,"flowers":44,"fruits":66},"sp":{"leaves":{"smooth Solomon's seal":1,"wild bergamot":1,"tall hairy agrimony":1,"tall thimbleweed":1,"pale Indian plantain":1},"flowers":{"wild basil":2,"common yellow oxalis":2,"common selfheal":2,"early goldenrod":2,"common yarrow":2},"fruits":{"tall hairy agrimony":2,"early goldenrod":2,"wild bergamot":1,"tall thimbleweed":1,"pale Indian plantain":1}}}]}},{"type":"Feature","geometry":{"type":"Point","coordinates":[-83.07388,35.58689]},"properties":{"site":50116,"st":"NC","n":109,"classes":{"leaves":42,"flowers":23,"fruits":44},"weeks":[{"w":"2026-10-06","yes":{"leaves":12,"flowers":2,"fruits":14},"obs":{"leaves":59,"flowers":56,"fruits":83},"sp":{"leaves":{"Virginia strawberry":2,"cutleaf coneflower":1,"common cinquefoil":1,"pale Indian plantain":1,"common yellow oxalis":1},"flowers":{"common yellow oxalis":2},"fruits":{"pale Indian plantain":5,"wild basil":2,"Carolina horsenettle":2,"hairy white oldfield aster":2,"cutleaf coneflower":2}}},{"w":"2026-09-29","yes":{"leaves":7,"flowers":2,"fruits":15},"obs":{"leaves":61,"flowers":59,"fruits":90},"sp":{"leaves":{"Virginia strawberry":2,"pale Indian plantain":1,"cutleaf coneflower":1,"white bergamot":1,"common yellow oxalis":1},"flowers":{"pale Indian plantain":1,"cutleaf coneflower":1},"fruits":{"pale Indian plantain":5,"cutleaf coneflower":4,"wild basil":2,"hairy white oldfield aster":2,"Virginia strawberry":1}}},{"w":"2026-09-15","yes":{"leaves":5,"flowers":4,"fruits":4},"obs":{"leaves":42,"flowers":40,"fruits":59},"sp":{"leaves":{"Virginia strawberry":1,"white bergamot":1,"common yellow oxalis":1,"wild basil":1,"cutleaf coneflower":1},"flowers":{"common yellow oxalis":2,"wild basil":2},"fruits":{"pale Indian plantain":2,"cutleaf coneflower":2}}},{"w":"2026-09-08","yes":{"leaves":7,"flowers":7,"fruits":5},"obs":{"leaves":18,"flowers":18,"fruits":21},"sp":{"leaves":{"cutleaf coneflower":1,"common cinquefoil":1,"Virginia strawberry":1,"common yellow oxalis":1,"wild basil":1},"flowers":{"cutleaf coneflower":2,"wild basil":2,"hairy white oldfield aster":2,"common yellow oxalis":1},"fruits":{"pale Indian plantain":3,"cutleaf coneflower":1,"common yellow oxalis":1}}},{"w":"2026-08-25","yes":{"leaves":11,"flowers":8,"fruits":6},"obs":{"leaves":42,"flowers":40,"fruits":59},"sp":{"leaves":{"smooth Solomon's seal":1,"common cinquefoil":1,"pale Indian plantain":1,"white bergamot":1,"common yellow oxalis":1},"flowers":{"common yellow oxalis":2,"wild basil":2,"Carolina horsenettle":2,"cutleaf coneflower":2},"fruits":{"pale Indian plantain":2,"white bergamot":2,"common selfheal":2}}}]}},{"type":"Feature","geometry":{"type":"Point","coordinates":[-77.80145,38.78177]},"properties":{"site":50285,"st":"VA","n":304,"classes":{"leaves":218,"flowers":4,"fruits":82},"weeks":[{"w":"2026-09-15","yes":{"leaves":5},"obs":{"leaves":8,"flowers":6,"fruits":6},"sp":{"leaves":{"red maple":5}}},{"w":"2026-09-01","yes":{"leaves":139,"flowers":4,"fruits":49},"obs":{"leaves":236,"flowers":114,"fruits":162},"sp":{"leaves":{"common persimmon":46,"flowering dogwood":46,"northern spicebush":18,"red maple":15,"pawpaw":14},"flowers":{"flowering dogwood":4},"fruits":{"flowering dogwood":38,"northern spicebush":6,"common persimmon":3,"pawpaw":2}}},{"w":"2026-08-25","yes":{"leaves":74,"fruits":33},"obs":{"leaves":190,"flowers":78,"fruits":114},"sp":{"leaves":{"pawpaw":24,"eastern redbud":12,"northern spicebush":12,"common persimmon":12,"flowering dogwood":12},"fruits":{"eastern redbud":12,"flowering dogwood":12,"northern spicebush":5,"pawpaw":3,"common persimmon":1}}}]}},{"type":"Feature","geometry":{"type":"Point","coordinates":[-88.83337,30.43059]},"properties":{"site":50331,"st":"MS","n":40,"classes":{"leaves":31,"fruits":9},"weeks":[{"w":"2026-09-22","yes":{"leaves":7,"fruits":2},"obs":{"leaves":36,"flowers":18,"fruits":24},"sp":{"leaves":{"sweetgum":3,"live oak":2,"gum bully":2},"fruits":{"sweetgum":1,"live oak":1}}},{"w":"2026-09-15","yes":{"leaves":6,"fruits":2},"obs":{"leaves":38,"flowers":20,"fruits":27},"sp":{"leaves":{"sweetgum":2,"live oak":2,"gum bully":2},"fruits":{"sweetgum":1,"live oak":1}}},{"w":"2026-09-08","yes":{"leaves":6,"fruits":2},"obs":{"leaves":38,"flowers":20,"fruits":27},"sp":{"leaves":{"live oak":2,"sweetgum":2,"gum bully":2},"fruits":{"sweetgum":1,"live oak":1}}},{"w":"2026-08-25","yes":{"leaves":6,"fruits":2},"obs":{"leaves":38,"flowers":20,"fruits":27},"sp":{"leaves":{"live oak":2,"sweetgum":2,"gum bully":2},"fruits":{"sweetgum":1,"live oak":1}}},{"w":"2026-08-18","yes":{"leaves":6,"fruits":1},"obs":{"leaves":38,"flowers":20,"fruits":26},"sp":{"leaves":{"sweetgum":2,"live oak":2,"gum bully":2},"fruits":{"live oak":1}}}]}},{"type":"Feature","geometry":{"type":"Point","coordinates":[-71.10742,42.38709]},"properties":{"site":50373,"st":"MA","n":114,"classes":{"leaves":81,"fruits":33},"weeks":[{"w":"2026-10-06","yes":{"leaves":14,"fruits":5},"obs":{"leaves":34,"flowers":19,"fruits":21},"sp":{"leaves":{"shagbark hickory":3,"eastern redbud":3,"green ash":3,"red maple":3,"silver maple":1},"fruits":{"northern red oak":3,"eastern redbud":2}}},{"w":"2026-09-29","yes":{"leaves":16,"fruits":5},"obs":{"leaves":33,"flowers":20,"fruits":20},"sp":{"leaves":{"eastern redbud":3,"green ash":3,"red maple":3,"northern red oak":3,"shagbark hickory":2},"fruits":{"northern red oak":3,"eastern redbud":2}}},{"w":"2026-09-15","yes":{"leaves":20,"fruits":8},"obs":{"leaves":69,"flowers":40,"fruits":40},"sp":{"leaves":{"red maple":6,"green ash":4,"eastern redbud":4,"silver maple":2,"northern red oak":2},"fruits":{"northern red oak":4,"eastern redbud":4}}},{"w":"2026-09-08","yes":{"leaves":9,"fruits":6},"obs":{"leaves":35,"flowers":20,"fruits":21},"sp":{"leaves":{"red maple":3,"eastern redbud":2,"green ash":1,"silver maple":1,"northern red oak":1},"fruits":{"northern red oak":3,"eastern redbud":2,"shagbark hickory":1}}},{"w":"2026-08-25","yes":{"leaves":22,"fruits":9},"obs":{"leaves":70,"flowers":40,"fruits":39},"sp":{"leaves":{"red maple":9,"eastern redbud":4,"silver maple":3,"shagbark hickory":2,"green ash":2},"fruits":{"northern red oak":5,"shagbark hickory":2,"eastern redbud":2}}}]}},{"type":"Feature","geometry":{"type":"Point","coordinates":[-82.01243,39.96386]},"properties":{"site":50390,"st":"OH","n":26,"classes":{"leaves":10,"fruits":16},"weeks":[{"w":"2026-10-06","yes":{"leaves":2,"fruits":2},"obs":{"leaves":5,"flowers":2,"fruits":3},"sp":{"leaves":{"eastern redbud":2},"fruits":{"eastern redbud":2}}},{"w":"2026-09-22","yes":{"leaves":3,"fruits":5},"obs":{"leaves":10,"flowers":4,"fruits":6},"sp":{"leaves":{"eastern redbud":3},"fruits":{"eastern redbud":5}}},{"w":"2026-09-01","yes":{"leaves":2,"fruits":4},"obs":{"leaves":10,"flowers":4,"fruits":6},"sp":{"leaves":{"eastern redbud":2},"fruits":{"eastern redbud":4}}},{"w":"2026-08-18","yes":{"leaves":3,"fruits":5},"obs":{"leaves":15,"flowers":6,"fruits":9},"sp":{"leaves":{"eastern redbud":3},"fruits":{"eastern redbud":5}}}]}},{"type":"Feature","geometry":{"type":"Point","coordinates":[-123.97429,40.05479]},"properties":{"site":50507,"st":"CA","n":48,"classes":{"leaves":29,"flowers":12,"fruits":7},"weeks":[{"w":"2026-10-06","yes":{"leaves":6,"flowers":2,"fruits":1},"obs":{"leaves":12,"flowers":7,"fruits":9},"sp":{"leaves":{"Lewis' mock orange":3,"beaked hazelnut":3},"flowers":{"California laurel":1,"beaked hazelnut":1},"fruits":{"Lewis' mock orange":1}}},{"w":"2026-09-22","yes":{"leaves":6,"flowers":2,"fruits":2},"obs":{"leaves":12,"flowers":7,"fruits":9},"sp":{"leaves":{"Lewis' mock orange":3,"beaked hazelnut":3},"flowers":{"California laurel":1,"beaked hazelnut":1},"fruits":{"Lewis' mock orange":2}}},{"w":"2026-09-15","yes":{"leaves":6,"flowers":2,"fruits":1},"obs":{"leaves":12,"flowers":7,"fruits":9},"sp":{"leaves":{"Lewis' mock orange":3,"beaked hazelnut":3},"flowers":{"California laurel":1,"beaked hazelnut":1},"fruits":{"Lewis' mock orange":1}}},{"w":"2026-09-08","yes":{"leaves":4,"flowers":2,"fruits":1},"obs":{"leaves":12,"flowers":7,"fruits":9},"sp":{"leaves":{"Lewis' mock orange":2,"beaked hazelnut":2},"flowers":{"California laurel":1,"beaked hazelnut":1},"fruits":{"Lewis' mock orange":1}}},{"w":"2026-08-25","yes":{"leaves":4,"flowers":2,"fruits":1},"obs":{"leaves":12,"flowers":7,"fruits":9},"sp":{"leaves":{"beaked hazelnut":3,"Lewis' mock orange":1},"flowers":{"California laurel":1,"beaked hazelnut":1},"fruits":{"Lewis' mock orange":1}}},{"w":"2026-08-18","yes":{"leaves":3,"flowers":2,"fruits":1},"obs":{"leaves":12,"flowers":7,"fruits":9},"sp":{"leaves":{"beaked hazelnut":2,"Lewis' mock orange":1},"flowers":{"California laurel":1,"beaked hazelnut":1},"fruits":{"Lewis' mock orange":1}}}]}},{"type":"Feature","geometry":{"type":"Point","coordinates":[-86.19663,41.73127]},"properties":{"site":50974,"st":"IN","n":3,"classes":{"fruits":3},"weeks":[{"w":"2026-09-15","yes":{"fruits":3},"obs":{"leaves":5,"flowers":3,"fruits":3},"sp":{"fruits":{"northern red oak":3}}}]}},{"type":"Feature","geometry":{"type":"Point","coordinates":[-89.29189,43.08949]},"properties":{"site":50991,"st":"WI","n":117,"classes":{"leaves":74,"fruits":32,"birds":11},"weeks":[{"w":"2026-10-06","yes":{"leaves":17,"fruits":7},"obs":{"leaves":36,"flowers":21,"fruits":27,"birds":21},"sp":{"leaves":{"bur oak":3,"alternateleaf dogwood":3,"Allegheny serviceberry":3,"black chokeberry":3,"red maple":2},"fruits":{"common milkweed":3,"sweetscented joe pye weed":2,"black chokeberry":2}}},{"w":"2026-09-29","yes":{"leaves":15,"fruits":7,"birds":3},"obs":{"leaves":36,"flowers":21,"fruits":27,"birds":21},"sp":{"leaves":{"bur oak":3,"Allegheny serviceberry":3,"black chokeberry":3,"alternateleaf dogwood":2,"red maple":1},"fruits":{"common milkweed":3,"sweetscented joe pye weed":2,"black chokeberry":2},"birds":{"American robin":3}}},{"w":"2026-09-22","yes":{"leaves":10,"fruits":5},"obs":{"leaves":36,"flowers":21,"fruits":27,"birds":21},"sp":{"leaves":{"bur oak":2,"alternateleaf dogwood":2,"sweetscented joe pye weed":1,"common milkweed":1,"black chokeberry":1},"fruits":{"sweetscented joe pye weed":2,"common milkweed":2,"black chokeberry":1}}},{"w":"2026-09-15","yes":{"leaves":21,"fruits":8,"birds":6},"obs":{"leaves":72,"flowers":42,"fruits":54,"birds":42},"sp":{"leaves":{"Allegheny serviceberry":5,"alternateleaf dogwood":4,"sweetscented joe pye weed":2,"common milkweed":2,"black chokeberry":2},"fruits":{"sweetscented joe pye weed":3,"common milkweed":3,"black chokeberry":2},"birds":{"American goldfinch":3,"American robin":3}}},{"w":"2026-09-08","yes":{"leaves":11,"fruits":4,"birds":2},"obs":{"leaves":36,"flowers":21,"fruits":27,"birds":21},"sp":{"leaves":{"Allegheny serviceberry":3,"alternateleaf dogwood":2,"sweetscented joe pye weed":1,"common milkweed":1,"black chokeberry":1},"fruits":{"sweetscented joe pye weed":2,"common milkweed":1,"black chokeberry":1},"birds":{"American goldfinch":2}}},{"w":"2026-09-01","yes":{"fruits":1},"obs":{"leaves":7,"flowers":5,"fruits":6},"sp":{"fruits":{"common milkweed":1}}}]}},{"type":"Feature","geometry":{"type":"Point","coordinates":[-110.84488,32.26964]},"properties":{"site":51051,"st":"AZ","n":58,"classes":{"leaves":22,"fruits":27,"flowers":6,"insects":1,"birds":2},"weeks":[{"w":"2026-09-29","yes":{"leaves":3,"fruits":3},"obs":{"leaves":5,"flowers":4,"fruits":6,"insects":4,"birds":5},"sp":{"leaves":{"catclaw acacia":2,"Florida hopbush":1},"fruits":{"Florida hopbush":3}}},{"w":"2026-09-22","yes":{"leaves":3,"fruits":5},"obs":{"leaves":5,"flowers":4,"fruits":6,"insects":4,"birds":5},"sp":{"leaves":{"catclaw acacia":3},"fruits":{"Florida hopbush":3,"catclaw acacia":2}}},{"w":"2026-09-15","yes":{"leaves":3,"fruits":4},"obs":{"leaves":5,"flowers":4,"fruits":6,"insects":4,"birds":5},"sp":{"leaves":{"catclaw acacia":3},"fruits":{"Florida hopbush":3,"catclaw acacia":1}}},{"w":"2026-09-08","yes":{"leaves":3,"fruits":3},"obs":{"leaves":5,"flowers":4,"fruits":6,"insects":4,"birds":5},"sp":{"leaves":{"catclaw acacia":2,"Florida hopbush":1},"fruits":{"Florida hopbush":3}}},{"w":"2026-09-01","yes":{"leaves":4,"flowers":2,"fruits":6},"obs":{"leaves":5,"flowers":4,"fruits":6,"insects":4,"birds":5},"sp":{"leaves":{"catclaw acacia":3,"Florida hopbush":1},"flowers":{"catclaw acacia":2},"fruits":{"catclaw acacia":3,"Florida hopbush":3}}},{"w":"2026-08-25","yes":{"leaves":3,"flowers":2,"fruits":3},"obs":{"leaves":5,"flowers":4,"fruits":6,"insects":4,"birds":5},"sp":{"leaves":{"catclaw acacia":2,"Florida hopbush":1},"flowers":{"catclaw acacia":2},"fruits":{"Florida hopbush":3}}},{"w":"2026-08-18","yes":{"leaves":3,"flowers":2,"fruits":3,"insects":1,"birds":2},"obs":{"leaves":5,"flowers":4,"fruits":6,"insects":4,"birds":5},"sp":{"leaves":{"catclaw acacia":2,"Florida hopbush":1},"flowers":{"catclaw acacia":2},"fruits":{"Florida hopbush":3},"insects":{"Apache cicada":1},"birds":{"Lucy's warbler":2}}}]}},{"type":"Feature","geometry":{"type":"Point","coordinates":[-96.59431,43.47703]},"properties":{"site":51244,"st":"SD","n":28,"classes":{"leaves":28},"weeks":[{"w":"2026-10-06","yes":{"leaves":6},"obs":{"leaves":10,"flowers":6,"fruits":6},"sp":{"leaves":{"bur oak":6}}},{"w":"2026-09-29","yes":{"leaves":6},"obs":{"leaves":10,"flowers":6,"fruits":6},"sp":{"leaves":{"bur oak":6}}},{"w":"2026-09-22","yes":{"leaves":6},"obs":{"leaves":8,"flowers":3,"fruits":3},"sp":{"leaves":{"bur oak":6}}},{"w":"2026-09-15","yes":{"leaves":4},"obs":{"leaves":10,"flowers":6,"fruits":6},"sp":{"leaves":{"bur oak":4}}},{"w":"2026-09-01","yes":{"leaves":3},"obs":{"leaves":6,"flowers":3,"fruits":3},"sp":{"leaves":{"bur oak":3}}},{"w":"2026-08-25","yes":{"leaves":3},"obs":{"leaves":10,"flowers":6,"fruits":6},"sp":{"leaves":{"bur oak":3}}}]}},{"type":"Feature","geometry":{"type":"Point","coordinates":[-77.40781,39.42411]},"properties":{"site":51494,"st":"MD","n":46,"classes":{"leaves":32,"flowers":9,"fruits":5},"weeks":[{"w":"2026-09-08","yes":{"leaves":9,"flowers":1,"fruits":2},"obs":{"leaves":28,"flowers":15,"fruits":21},"sp":{"leaves":{"red chokeberry":2,"Canadian serviceberry":2,"red maple":1,"American beautyberry":1,"New Jersey tea":1},"flowers":{"common blue wood aster":1},"fruits":{"American beautyberry":1,"red chokeberry":1}}},{"w":"2026-08-25","yes":{"leaves":16,"flowers":5,"fruits":2},"obs":{"leaves":57,"flowers":30,"fruits":42},"sp":{"leaves":{"Canadian serviceberry":4,"common blue wood aster":2,"red chokeberry":2,"red maple":2,"American beautyberry":2},"flowers":{"American beautyberry":4,"common blue wood aster":1},"fruits":{"red chokeberry":2}}},{"w":"2026-08-18","yes":{"leaves":7,"flowers":3,"fruits":1},"obs":{"leaves":29,"flowers":15,"fruits":21},"sp":{"leaves":{"Canadian serviceberry":2,"red chokeberry":1,"American beautyberry":1,"New Jersey tea":1,"golden ragwort":1},"flowers":{"American beautyberry":2,"common blue wood aster":1},"fruits":{"red chokeberry":1}}}]}},{"type":"Feature","geometry":{"type":"Point","coordinates":[-71.098,42.38309]},"properties":{"site":51620,"st":"MA","n":54,"classes":{"insects":54},"weeks":[{"w":"2026-09-29","yes":{"insects":4},"obs":{"insects":57},"sp":{"insects":{"bumblebee":2,"honeybee":2}}},{"w":"2026-09-22","yes":{"insects":10},"obs":{"insects":58},"sp":{"insects":{"pure sweat bee":2,"red admiral":2,"bumblebee":2,"Lasioglossum sweat bee":2,"honeybee":2}}},{"w":"2026-09-15","yes":{"insects":13},"obs":{"insects":58},"sp":{"insects":{"bumblebee":2,"leafcutter bee":2,"Lasioglossum sweat bee":2,"honeybee":2,"Agapostemon sweat bee":2}}},{"w":"2026-09-08","yes":{"insects":13},"obs":{"insects":58},"sp":{"insects":{"bumblebee":2,"leafcutter bee":2,"Lasioglossum sweat bee":2,"honeybee":2,"Agapostemon sweat bee":2}}},{"w":"2026-09-01","yes":{"insects":1},"obs":{"insects":58},"sp":{"insects":{"bumblebee":1}}},{"w":"2026-08-25","yes":{"insects":13},"obs":{"insects":58},"sp":{"insects":{"Agapostemon sweat bee":2,"pure sweat bee":2,"bumblebee":2,"leafcutter bee":2,"Lasioglossum sweat bee":2}}}]}},{"type":"Feature","geometry":{"type":"Point","coordinates":[-122.19172,47.76035]},"properties":{"site":51626,"st":"WA","n":59,"classes":{"leaves":32,"fruits":21,"flowers":6},"weeks":[{"w":"2026-08-25","yes":{"leaves":6,"fruits":6},"obs":{"leaves":17,"flowers":9,"fruits":9},"sp":{"leaves":{"Chinese-quince":5,"Chinese pear":1},"fruits":{"Chinese-quince":3,"Chinese pear":3}}},{"w":"2026-08-18","yes":{"leaves":26,"flowers":6,"fruits":15},"obs":{"leaves":54,"flowers":29,"fruits":33},"sp":{"leaves":{"Chinese-quince":5,"English walnut":5,"sweetgum":4,"red maple":3,"beaked hazelnut":3},"flowers":{"English walnut":3,"beaked hazelnut":1,"common lilac":1,"sweetgum":1},"fruits":{"Chinese-quince":3,"salal":3,"sweetgum":3,"red maple":2,"English walnut":2}}}]}},{"type":"Feature","geometry":{"type":"Point","coordinates":[-71.414,44.22015]},"properties":{"site":52231,"st":"NH","n":112,"classes":{"leaves":91,"fruits":21},"weeks":[{"w":"2026-09-29","yes":{"leaves":17,"fruits":2},"obs":{"leaves":34,"flowers":20,"fruits":23},"sp":{"leaves":{"red maple":6,"yellow birch":6,"American beech":3,"hobblebush":2},"fruits":{"Canada mayflower":2}}},{"w":"2026-09-22","yes":{"leaves":16,"fruits":3},"obs":{"leaves":32,"flowers":20,"fruits":24},"sp":{"leaves":{"red maple":5,"yellow birch":4,"American beech":3,"hobblebush":2,"Canada mayflower":2},"fruits":{"Canada mayflower":3}}},{"w":"2026-09-15","yes":{"leaves":15,"fruits":3},"obs":{"leaves":34,"flowers":20,"fruits":24},"sp":{"leaves":{"red maple":5,"yellow birch":4,"Canada mayflower":2,"American beech":2,"hobblebush":2},"fruits":{"Canada mayflower":3}}},{"w":"2026-09-08","yes":{"leaves":13,"fruits":3},"obs":{"leaves":34,"flowers":20,"fruits":24},"sp":{"leaves":{"red maple":4,"yellow birch":4,"hobblebush":2,"Canada mayflower":2,"American beech":1},"fruits":{"Canada mayflower":3}}},{"w":"2026-09-01","yes":{"leaves":11,"fruits":3},"obs":{"leaves":34,"flowers":20,"fruits":23},"sp":{"leaves":{"red maple":3,"yellow birch":3,"Canada mayflower":2,"hobblebush":2,"American beech":1},"fruits":{"Canada mayflower":3}}},{"w":"2026-08-25","yes":{"leaves":10,"fruits":4},"obs":{"leaves":34,"flowers":20,"fruits":24},"sp":{"leaves":{"red maple":3,"Canada mayflower":2,"yellow birch":2,"hobblebush":2,"American beech":1},"fruits":{"Canada mayflower":4}}},{"w":"2026-08-18","yes":{"leaves":9,"fruits":3},"obs":{"leaves":34,"flowers":20,"fruits":23},"sp":{"leaves":{"red maple":3,"Canada mayflower":2,"yellow birch":2,"American beech":1,"hobblebush":1},"fruits":{"Canada mayflower":3}}}]}},{"type":"Feature","geometry":{"type":"Point","coordinates":[-71.19598,44.25919]},"properties":{"site":52248,"st":"NH","n":10,"classes":{"leaves":7,"fruits":3},"weeks":[{"w":"2026-09-29","yes":{"leaves":2,"fruits":1},"obs":{"leaves":8,"flowers":8,"fruits":12},"sp":{"leaves":{"bluebead":1,"starflower":1},"fruits":{"bluebead":1}}},{"w":"2026-09-08","yes":{"leaves":2,"fruits":2},"obs":{"leaves":8,"flowers":8,"fruits":12},"sp":{"leaves":{"starflower":1,"bluebead":1},"fruits":{"bluebead":2}}},{"w":"2026-09-01","yes":{"leaves":3},"obs":{"leaves":11,"flowers":10,"fruits":15},"sp":{"leaves":{"Canada mayflower":1,"bluebead":1,"starflower":1}}}]}},{"type":"Feature","geometry":{"type":"Point","coordinates":[-120.88548,38.76733]},"properties":{"site":52254,"st":"CA","n":352,"classes":{"leaves":250,"fruits":92,"flowers":10},"weeks":[{"w":"2026-09-29","yes":{"leaves":36,"fruits":8},"obs":{"leaves":76,"flowers":35,"fruits":43},"sp":{"leaves":{"blue oak":15,"California buckeye":10,"buckbrush":8,"blue elderberry":3},"fruits":{"blue oak":6,"California buckeye":2}}},{"w":"2026-09-22","yes":{"leaves":38,"fruits":14},"obs":{"leaves":71,"flowers":33,"fruits":41},"sp":{"leaves":{"blue oak":15,"California buckeye":12,"buckbrush":8,"blue elderberry":3},"fruits":{"blue oak":11,"California buckeye":3}}},{"w":"2026-09-15","yes":{"leaves":30,"flowers":2,"fruits":12},"obs":{"leaves":87,"flowers":40,"fruits":45},"sp":{"leaves":{"California buckeye":11,"blue oak":7,"blue elderberry":6,"buckbrush":6},"flowers":{"buckbrush":2},"fruits":{"blue oak":8,"California buckeye":4}}},{"w":"2026-09-08","yes":{"leaves":34,"flowers":2,"fruits":13},"obs":{"leaves":75,"flowers":35,"fruits":45},"sp":{"leaves":{"California buckeye":11,"buckbrush":10,"blue oak":10,"blue elderberry":3},"flowers":{"buckbrush":2},"fruits":{"blue oak":8,"California buckeye":4,"buckbrush":1}}},{"w":"2026-08-25","yes":{"leaves":74,"flowers":2,"fruits":34},"obs":{"leaves":157,"flowers":73,"fruits":87},"sp":{"leaves":{"buckbrush":24,"blue oak":21,"California buckeye":20,"blue elderberry":9},"flowers":{"buckbrush":2},"fruits":{"blue oak":22,"California buckeye":9,"blue elderberry":3}}},{"w":"2026-08-18","yes":{"leaves":38,"flowers":4,"fruits":11},"obs":{"leaves":76,"flowers":35,"fruits":45},"sp":{"leaves":{"blue oak":14,"California buckeye":11,"buckbrush":11,"blue elderberry":2},"flowers":{"buckbrush":4},"fruits":{"blue oak":6,"California buckeye":3,"blue elderberry":2}}}]}},{"type":"Feature","geometry":{"type":"Point","coordinates":[-84.50634,38.01475]},"properties":{"site":52282,"st":"KY","n":1379,"classes":{"leaves":808,"fruits":571},"weeks":[{"w":"2026-10-06","yes":{"leaves":30,"fruits":17},"obs":{"leaves":90,"flowers":49,"fruits":54},"sp":{"leaves":{"Kentucky yellowwood":5,"American basswood":5,"flowering dogwood":4,"blue ash":3,"white ash":3},"fruits":{"flowering dogwood":6,"Kentucky yellowwood":6,"yellow buckeye":3,"American basswood":1,"bitternut hickory":1}}},{"w":"2026-09-29","yes":{"leaves":121,"fruits":57},"obs":{"leaves":359,"flowers":196,"fruits":209},"sp":{"leaves":{"Kentucky yellowwood":19,"flowering dogwood":18,"American basswood":17,"white ash":11,"blue ash":10},"fruits":{"flowering dogwood":21,"Kentucky yellowwood":18,"yellow buckeye":9,"bitternut hickory":6,"American basswood":3}}},{"w":"2026-09-22","yes":{"leaves":116,"fruits":62},"obs":{"leaves":360,"flowers":196,"fruits":211},"sp":{"leaves":{"flowering dogwood":16,"Kentucky yellowwood":16,"American basswood":15,"white ash":12,"silver maple":10},"fruits":{"flowering dogwood":20,"Kentucky yellowwood":19,"yellow buckeye":9,"American basswood":7,"bitternut hickory":5}}},{"w":"2026-09-15","yes":{"leaves":154,"fruits":106},"obs":{"leaves":539,"flowers":294,"fruits":313},"sp":{"leaves":{"Kentucky yellowwood":23,"flowering dogwood":20,"American basswood":18,"silver maple":15,"white ash":15},"fruits":{"flowering dogwood":30,"Kentucky yellowwood":29,"yellow buckeye":14,"American basswood":13,"white oak":11}}},{"w":"2026-09-08","yes":{"leaves":112,"fruits":81},"obs":{"leaves":360,"flowers":195,"fruits":214},"sp":{"leaves":{"Kentucky yellowwood":19,"flowering dogwood":15,"white ash":12,"American basswood":12,"silver maple":10},"fruits":{"Kentucky yellowwood":23,"flowering dogwood":18,"white oak":12,"American basswood":12,"yellow buckeye":8}}},{"w":"2026-09-01","yes":{"leaves":119,"fruits":98},"obs":{"leaves":450,"flowers":245,"fruits":267},"sp":{"leaves":{"Kentucky yellowwood":19,"flowering dogwood":16,"American basswood":14,"white ash":12,"blue ash":11},"fruits":{"Kentucky yellowwood":26,"American basswood":17,"flowering dogwood":16,"white oak":15,"shagbark hickory":8}}},{"w":"2026-08-25","yes":{"leaves":85,"fruits":87},"obs":{"leaves":360,"flowers":196,"fruits":216},"sp":{"leaves":{"flowering dogwood":12,"Kentucky yellowwood":11,"blue ash":9,"silver maple":8,"sugar maple":8},"fruits":{"American basswood":23,"Kentucky yellowwood":21,"flowering dogwood":12,"white oak":12,"shagbark hickory":6}}},{"w":"2026-08-18","yes":{"leaves":71,"fruits":63},"obs":{"leaves":269,"flowers":147,"fruits":158},"sp":{"leaves":{"flowering dogwood":11,"Kentucky yellowwood":11,"white ash":7,"silver maple":7,"American basswood":6},"fruits":{"American basswood":16,"Kentucky yellowwood":16,"white oak":7,"flowering dogwood":6,"bitternut hickory":6}}}]}},{"type":"Feature","geometry":{"type":"Point","coordinates":[-71.3714,44.21921]},"properties":{"site":52354,"st":"NH","n":16,"classes":{"leaves":14,"fruits":2},"weeks":[{"w":"2026-09-22","yes":{"leaves":2},"obs":{"leaves":6,"flowers":6,"fruits":9},"sp":{"leaves":{"bunchberry dogwood":1,"Canada mayflower":1}}},{"w":"2026-09-15","yes":{"leaves":3},"obs":{"leaves":6,"flowers":6,"fruits":9},"sp":{"leaves":{"bunchberry dogwood":1,"Canada mayflower":1,"threeleaf goldthread":1}}},{"w":"2026-09-08","yes":{"leaves":3},"obs":{"leaves":6,"flowers":6,"fruits":9},"sp":{"leaves":{"bunchberry dogwood":1,"Canada mayflower":1,"threeleaf goldthread":1}}},{"w":"2026-09-01","yes":{"leaves":3},"obs":{"leaves":6,"flowers":6,"fruits":9},"sp":{"leaves":{"bunchberry dogwood":1,"Canada mayflower":1,"threeleaf goldthread":1}}},{"w":"2026-08-25","yes":{"leaves":3,"fruits":2},"obs":{"leaves":6,"flowers":6,"fruits":9},"sp":{"leaves":{"bunchberry dogwood":1,"Canada mayflower":1,"threeleaf goldthread":1},"fruits":{"threeleaf goldthread":2}}}]}},{"type":"Feature","geometry":{"type":"Point","coordinates":[-71.8177,43.9945]},"properties":{"site":52382,"st":"NH","n":50,"classes":{"leaves":30,"fruits":20},"weeks":[{"w":"2026-09-01","yes":{"leaves":10,"fruits":5},"obs":{"leaves":26,"flowers":20,"fruits":30},"sp":{"leaves":{"hobblebush":4,"Canada mayflower":2,"bluebead":2,"painted trillium":2},"fruits":{"Canada mayflower":3,"hobblebush":2}}},{"w":"2026-08-25","yes":{"leaves":10,"fruits":6},"obs":{"leaves":26,"flowers":20,"fruits":30},"sp":{"leaves":{"hobblebush":4,"painted trillium":2,"Canada mayflower":2,"bluebead":2},"fruits":{"hobblebush":2,"painted trillium":2,"Canada mayflower":2}}},{"w":"2026-08-18","yes":{"leaves":10,"fruits":9},"obs":{"leaves":26,"flowers":20,"fruits":30},"sp":{"leaves":{"hobblebush":4,"Canada mayflower":2,"bluebead":2,"painted trillium":2},"fruits":{"painted trillium":4,"Canada mayflower":3,"hobblebush":2}}}]}},{"type":"Feature","geometry":{"type":"Point","coordinates":[-69.6613,43.8723]},"properties":{"site":52385,"st":"ME","n":7,"classes":{"leaves":4,"insects":3},"weeks":[{"w":"2026-09-01","yes":{"leaves":2},"obs":{"leaves":2,"flowers":2,"fruits":3,"insects":7},"sp":{"leaves":{"common milkweed":2}}},{"w":"2026-08-18","yes":{"leaves":2,"insects":3},"obs":{"leaves":2,"flowers":2,"fruits":3,"insects":6},"sp":{"leaves":{"common milkweed":2},"insects":{"monarch":3}}}]}},{"type":"Feature","geometry":{"type":"Point","coordinates":[-90.08984,29.98845]},"properties":{"site":52512,"st":"LA","n":86,"classes":{"leaves":34,"fruits":48,"flowers":4},"weeks":[{"w":"2026-10-06","yes":{"leaves":12,"fruits":19},"obs":{"leaves":26,"flowers":14,"fruits":21},"sp":{"leaves":{"common buttonbush":8,"American beautyberry":2,"narrowleaf mountainmint":1,"button eryngo":1},"fruits":{"common buttonbush":9,"wax myrtle":3,"narrowleaf mountainmint":3,"button eryngo":3,"American beautyberry":1}}},{"w":"2026-09-22","yes":{"leaves":11,"fruits":16},"obs":{"leaves":26,"flowers":14,"fruits":18},"sp":{"leaves":{"common buttonbush":9,"American beautyberry":2},"fruits":{"common buttonbush":9,"wax myrtle":2,"narrowleaf mountainmint":2,"American beautyberry":2,"button eryngo":1}}},{"w":"2026-09-01","yes":{"leaves":11,"flowers":4,"fruits":13},"obs":{"leaves":26,"flowers":14,"fruits":17},"sp":{"leaves":{"common buttonbush":8,"narrowleaf mountainmint":1,"button eryngo":1,"American beautyberry":1},"flowers":{"common buttonbush":4},"fruits":{"common buttonbush":6,"narrowleaf mountainmint":2,"button eryngo":2,"American beautyberry":2,"wax myrtle":1}}}]}},{"type":"Feature","geometry":{"type":"Point","coordinates":[-71.10843,42.38654]},"properties":{"site":52637,"st":"MA","n":124,"classes":{"leaves":83,"flowers":6,"fruits":35},"weeks":[{"w":"2026-09-29","yes":{"leaves":16,"flowers":1,"fruits":5},"obs":{"leaves":30,"flowers":14,"fruits":18},"sp":{"leaves":{"red chokeberry":3,"American elm":3,"black cherry":3,"eastern redbud":3,"American witchhazel":2},"flowers":{"American witchhazel":1},"fruits":{"red chokeberry":2,"eastern redbud":2,"swamp white oak":1}}},{"w":"2026-09-22","yes":{"leaves":31,"flowers":2,"fruits":14},"obs":{"leaves":60,"flowers":28,"fruits":35},"sp":{"leaves":{"red chokeberry":6,"American elm":6,"black cherry":6,"eastern redbud":6,"American witchhazel":4},"flowers":{"American witchhazel":2},"fruits":{"swamp white oak":6,"red chokeberry":4,"eastern redbud":4}}},{"w":"2026-09-15","yes":{"leaves":11,"fruits":6},"obs":{"leaves":30,"flowers":14,"fruits":18},"sp":{"leaves":{"red chokeberry":3,"eastern redbud":3,"black cherry":2,"American witchhazel":1,"American elm":1},"fruits":{"eastern redbud":3,"red chokeberry":1,"American witchhazel":1,"swamp white oak":1}}},{"w":"2026-09-08","yes":{"leaves":9,"flowers":1,"fruits":4},"obs":{"leaves":30,"flowers":14,"fruits":18},"sp":{"leaves":{"red chokeberry":3,"black cherry":2,"American witchhazel":1,"American elm":1,"swamp white oak":1},"flowers":{"American witchhazel":1},"fruits":{"eastern redbud":2,"red chokeberry":1,"swamp white oak":1}}},{"w":"2026-08-25","yes":{"leaves":16,"flowers":2,"fruits":6},"obs":{"leaves":60,"flowers":28,"fruits":36},"sp":{"leaves":{"red chokeberry":4,"black cherry":4,"American witchhazel":2,"American elm":2,"swamp white oak":2},"flowers":{"American witchhazel":2},"fruits":{"red chokeberry":2,"swamp white oak":2,"eastern redbud":2}}}]}},{"type":"Feature","geometry":{"type":"Point","coordinates":[-68.0626,44.33656]},"properties":{"site":52766,"st":"ME","n":140,"classes":{"leaves":119,"flowers":1,"fruits":20},"weeks":[{"w":"2026-09-29","yes":{"leaves":97,"flowers":1,"fruits":14},"obs":{"leaves":219,"flowers":122,"fruits":166},"sp":{"leaves":{"black huckleberry":20,"paper birch":20,"possumhaw":18,"American mountain ash":14,"northern bayberry":13},"flowers":{"possumhaw":1},"fruits":{"lingonberry":9,"northern bayberry":3,"black huckleberry":2}}},{"w":"2026-09-22","yes":{},"obs":{"leaves":2,"flowers":2,"fruits":3},"sp":{}},{"w":"2026-09-01","yes":{"leaves":22,"fruits":6},"obs":{"leaves":77,"flowers":39,"fruits":54},"sp":{"leaves":{"northern bayberry":5,"black huckleberry":3,"American mountain ash":3,"paper birch":3,"bunchberry dogwood":3},"fruits":{"northern bayberry":2,"lingonberry":2,"sheep laurel":1,"black huckleberry":1}}}]}},{"type":"Feature","geometry":{"type":"Point","coordinates":[-76.4682,39.9958]},"properties":{"site":53556,"st":"PA","n":2,"classes":{"birds":2},"weeks":[{"w":"2026-09-29","yes":{"birds":2},"obs":{"birds":2},"sp":{"birds":{"bald eagle":2}}}]}},{"type":"Feature","geometry":{"type":"Point","coordinates":[-76.00205,40.08746]},"properties":{"site":53579,"st":"PA","n":143,"classes":{"leaves":93,"flowers":9,"fruits":35,"birds":4,"insects":2},"weeks":[{"w":"2026-09-15","yes":{"leaves":18,"flowers":2,"fruits":4,"birds":2},"obs":{"leaves":68,"flowers":35,"fruits":48,"birds":2},"sp":{"leaves":{"lowbush blueberry":3,"American witchhazel":2,"sassafras":2,"northern red oak":1,"American chestnut":1},"flowers":{"white snakeroot":2},"fruits":{"partridgeberry":2,"American witchhazel":1,"mountain laurel":1},"birds":{"blue jay":2}}},{"w":"2026-09-08","yes":{"leaves":28,"flowers":4,"fruits":17},"obs":{"leaves":110,"flowers":60,"fruits":82},"sp":{"leaves":{"sassafras":4,"common serviceberry":3,"lowbush blueberry":3,"red maple":3,"mapleleaf viburnum":2},"flowers":{"white snakeroot":4},"fruits":{"partridgeberry":4,"mountain laurel":4,"mapleleaf viburnum":3,"southern arrowwood":3,"American witchhazel":1}}},{"w":"2026-09-01","yes":{"leaves":15,"flowers":1,"fruits":4},"obs":{"leaves":58,"flowers":33,"fruits":44},"sp":{"leaves":{"lowbush blueberry":3,"American witchhazel":2,"northern red oak":1,"American chestnut":1,"eastern poison ivy":1},"flowers":{"white snakeroot":1},"fruits":{"partridgeberry":2,"American witchhazel":1,"mountain laurel":1}}},{"w":"2026-08-25","yes":{"leaves":17,"flowers":1,"fruits":5,"birds":2},"obs":{"leaves":68,"flowers":35,"fruits":48,"birds":2},"sp":{"leaves":{"lowbush blueberry":3,"sassafras":2,"northern red oak":1,"American chestnut":1,"American witchhazel":1},"flowers":{"white snakeroot":1},"fruits":{"partridgeberry":3,"American witchhazel":1,"mountain laurel":1},"birds":{"blue jay":2}}},{"w":"2026-08-18","yes":{"leaves":15,"flowers":1,"fruits":5,"insects":2},"obs":{"leaves":67,"flowers":35,"fruits":48,"insects":2},"sp":{"leaves":{"lowbush blueberry":2,"northern red oak":1,"American chestnut":1,"American witchhazel":1,"chestnut oak":1},"flowers":{"white snakeroot":1},"fruits":{"partridgeberry":2,"American witchhazel":1,"sassafras":1,"mountain laurel":1},"insects":{"bumblebee":2}}}]}},{"type":"Feature","geometry":{"type":"Point","coordinates":[-76.36657,39.87457]},"properties":{"site":53580,"st":"PA","n":112,"classes":{"flowers":22,"fruits":36,"insects":18,"birds":11,"leaves":25},"weeks":[{"w":"2026-09-22","yes":{"flowers":1,"fruits":2,"insects":4,"birds":1},"obs":{"flowers":1,"fruits":2,"insects":4,"birds":1},"sp":{"flowers":{"Canada goldenrod":1},"fruits":{"common milkweed":1,"eastern purple coneflower":1},"insects":{"monarch":4},"birds":{"American kestrel":1}}},{"w":"2026-09-15","yes":{"leaves":8,"flowers":7,"fruits":13,"insects":8,"birds":5},"obs":{"leaves":20,"flowers":20,"fruits":26,"insects":8,"birds":5},"sp":{"leaves":{"multiflora rose":3,"black locust":1,"eastern purple coneflower":1,"blackeyed Susan":1,"wild bergamot":1},"flowers":{"Canada goldenrod":3,"eastern purple coneflower":2,"blackeyed Susan":2},"fruits":{"common milkweed":4,"eastern purple coneflower":4,"wild bergamot":3,"multiflora rose":1,"blackeyed Susan":1},"insects":{"monarch":5,"Canadian tiger swallowtail":2,"bumblebee":1},"birds":{"American goldfinch":5}}},{"w":"2026-08-25","yes":{"leaves":8,"flowers":6,"fruits":9,"insects":3,"birds":1},"obs":{"leaves":20,"flowers":17,"fruits":24,"insects":3,"birds":1},"sp":{"leaves":{"black locust":2,"multiflora rose":1,"common milkweed":1,"eastern purple coneflower":1,"blackeyed Susan":1},"flowers":{"eastern purple coneflower":2,"blackeyed Susan":2,"Canada goldenrod":2},"fruits":{"eastern purple coneflower":3,"wild bergamot":3,"multiflora rose":2,"common milkweed":1},"insects":{"monarch":1,"Canadian tiger swallowtail":1,"bumblebee":1},"birds":{"American goldfinch":1}}},{"w":"2026-08-18","yes":{"leaves":9,"flowers":8,"fruits":12,"insects":3,"birds":4},"obs":{"leaves":22,"flowers":19,"fruits":27,"insects":3,"birds":4},"sp":{"leaves":{"black locust":2,"multiflora rose":1,"common milkweed":1,"eastern purple coneflower":1,"blackeyed Susan":1},"flowers":{"eastern purple coneflower":2,"blackeyed Susan":2,"butterfly milkweed":2,"Canada goldenrod":2},"fruits":{"eastern purple coneflower":3,"blackeyed Susan":3,"wild bergamot":3,"multiflora rose":2,"common milkweed":1},"insects":{"monarch":1,"Canadian tiger swallowtail":1,"bumblebee":1},"birds":{"American goldfinch":3,"ruby-throated hummingbird":1}}}]}},{"type":"Feature","geometry":{"type":"Point","coordinates":[-76.34999,39.81358]},"properties":{"site":53581,"st":"PA","n":34,"classes":{"leaves":21,"flowers":2,"fruits":11},"weeks":[{"w":"2026-09-22","yes":{"leaves":21,"flowers":2,"fruits":11},"obs":{"leaves":42,"flowers":19,"fruits":27},"sp":{"leaves":{"common serviceberry":3,"oriental bittersweet":3,"red maple":3,"sassafras":3,"American chestnut":2},"flowers":{"white snakeroot":2},"fruits":{"sassafras":3,"southern arrowwood":3,"flowering dogwood":2,"oriental bittersweet":2,"pawpaw":1}}}]}},{"type":"Feature","geometry":{"type":"Point","coordinates":[-71.08312,42.35271]},"properties":{"site":53753,"st":"MA","n":8,"classes":{"leaves":7,"fruits":1},"weeks":[{"w":"2026-10-06","yes":{"leaves":7,"fruits":1},"obs":{"leaves":15,"flowers":6,"fruits":7},"sp":{"leaves":{"eastern redbud":7},"fruits":{"eastern redbud":1}}}]}},{"type":"Feature","geometry":{"type":"Point","coordinates":[-79.78042,40.53304]},"properties":{"site":53784,"st":"PA","n":164,"classes":{"leaves":98,"fruits":49,"flowers":17},"weeks":[{"w":"2026-09-29","yes":{"leaves":21,"fruits":11},"obs":{"leaves":64,"flowers":48,"fruits":64},"sp":{"leaves":{"northern spicebush":4,"black maple":3,"giant knotweed":2,"boxelder":2,"Morrow's honeysuckle":2},"fruits":{"northern spicebush":3,"Bohemian knotweed":3,"Japanese knotweed":3,"boxelder":2}}},{"w":"2026-09-22","yes":{"leaves":40,"fruits":19},"obs":{"leaves":104,"flowers":72,"fruits":93},"sp":{"leaves":{"northern spicebush":10,"black maple":6,"pawpaw":5,"boxelder":5,"Morrow's honeysuckle":5},"fruits":{"Bohemian knotweed":5,"northern spicebush":5,"boxelder":5,"Japanese knotweed":3,"giant knotweed":1}}},{"w":"2026-09-15","yes":{"leaves":16,"fruits":11},"obs":{"leaves":54,"flowers":38,"fruits":52},"sp":{"leaves":{"northern spicebush":4,"pawpaw":3,"black maple":2,"giant knotweed":1,"Canadian wildginger":1},"fruits":{"northern spicebush":5,"boxelder":2,"giant knotweed":1,"Bohemian knotweed":1,"Morrow's honeysuckle":1}}},{"w":"2026-09-08","yes":{"leaves":3,"flowers":5,"fruits":2},"obs":{"leaves":6,"flowers":6,"fruits":9},"sp":{"leaves":{"Japanese knotweed":1,"Bohemian knotweed":1,"giant knotweed":1},"flowers":{"Japanese knotweed":2,"Bohemian knotweed":2,"giant knotweed":1},"fruits":{"Japanese knotweed":1,"Bohemian knotweed":1}}},{"w":"2026-08-25","yes":{"leaves":18,"flowers":12,"fruits":6},"obs":{"leaves":62,"flowers":48,"fruits":65},"sp":{"leaves":{"northern spicebush":3,"Japanese knotweed":2,"Bohemian knotweed":2,"giant knotweed":2,"garlic mustard":2},"flowers":{"Japanese knotweed":4,"Bohemian knotweed":4,"giant knotweed":4},"fruits":{"northern spicebush":3,"boxelder":2,"Japanese knotweed":1}}}]}},{"type":"Feature","geometry":{"type":"Point","coordinates":[-84.84788,39.83881]},"properties":{"site":53882,"st":"IN","n":42,"classes":{"leaves":25,"fruits":17},"weeks":[{"w":"2026-09-15","yes":{"leaves":25,"fruits":17},"obs":{"leaves":50,"flowers":25,"fruits":30},"sp":{"leaves":{"Ohio buckeye":3,"Kentucky coffeetree":3,"river birch":3,"black walnut":3,"common persimmon":3},"fruits":{"Ohio buckeye":3,"Kentucky coffeetree":3,"white oak":3,"black walnut":3,"pecan":2}}}]}},{"type":"Feature","geometry":{"type":"Point","coordinates":[-86.39304,35.91002]},"properties":{"site":53900,"st":"TN","n":358,"classes":{"leaves":310,"fruits":48},"weeks":[{"w":"2026-09-29","yes":{"leaves":53,"fruits":5},"obs":{"leaves":180,"flowers":96,"fruits":108},"sp":{"leaves":{"eastern redbud":7,"eastern cottonwood":6,"black cherry":5,"winged elm":4,"sassafras":4},"fruits":{"eastern redbud":5}}},{"w":"2026-09-22","yes":{"leaves":37,"fruits":6},"obs":{"leaves":180,"flowers":96,"fruits":108},"sp":{"leaves":{"eastern redbud":4,"honeylocust":3,"American sycamore":2,"bur oak":2,"northern red oak":2},"fruits":{"eastern redbud":6}}},{"w":"2026-09-15","yes":{"leaves":20,"fruits":2},"obs":{"leaves":90,"flowers":48,"fruits":54},"sp":{"leaves":{"eastern redbud":2,"eastern cottonwood":2,"tuliptree":2,"silver maple":1,"red maple":1},"fruits":{"eastern redbud":2}}},{"w":"2026-09-08","yes":{"leaves":38,"fruits":3},"obs":{"leaves":180,"flowers":96,"fruits":108},"sp":{"leaves":{"eastern redbud":4,"eastern cottonwood":3,"tuliptree":3,"pecan":2,"American sycamore":2},"fruits":{"eastern redbud":3}}},{"w":"2026-09-01","yes":{"leaves":56,"fruits":6},"obs":{"leaves":265,"flowers":144,"fruits":161},"sp":{"leaves":{"eastern redbud":6,"eastern cottonwood":4,"black cherry":4,"silver maple":3,"red maple":3},"fruits":{"eastern redbud":6}}},{"w":"2026-08-25","yes":{"leaves":70,"fruits":15},"obs":{"leaves":332,"flowers":182,"fruits":201},"sp":{"leaves":{"American sycamore":6,"eastern redbud":6,"tuliptree":6,"pecan":4,"bur oak":4},"fruits":{"sassafras":9,"eastern redbud":6}}},{"w":"2026-08-18","yes":{"leaves":36,"fruits":11},"obs":{"leaves":180,"flowers":96,"fruits":109},"sp":{"leaves":{"eastern redbud":4,"American sycamore":2,"bur oak":2,"northern red oak":2,"pecan":2},"fruits":{"sassafras":7,"eastern redbud":4}}}]}},{"type":"Feature","geometry":{"type":"Point","coordinates":[-122.74072,45.43669]},"properties":{"site":53961,"st":"OR","n":95,"classes":{"leaves":58,"fruits":33,"flowers":4},"weeks":[{"w":"2026-09-29","yes":{"leaves":35,"fruits":17},"obs":{"leaves":100,"flowers":48,"fruits":54},"sp":{"leaves":{"vine maple":5,"Pacific ninebark":4,"common snowberry":4,"redosier dogwood":4,"Saskatoon serviceberry":3},"fruits":{"vine maple":6,"Pacific ninebark":4,"common snowberry":2,"oceanspray":2,"rose spirea":2}}},{"w":"2026-09-15","yes":{},"obs":{"leaves":6,"flowers":3,"fruits":3},"sp":{}},{"w":"2026-08-25","yes":{"leaves":23,"flowers":4,"fruits":16},"obs":{"leaves":115,"flowers":54,"fruits":69},"sp":{"leaves":{"common snowberry":3,"vine maple":3,"Oregon white oak":2,"Saskatoon serviceberry":2,"Pacific ninebark":2},"flowers":{"common snowberry":4},"fruits":{"vine maple":5,"Lewis' mock orange":3,"Pacific ninebark":2,"common snowberry":2,"oceanspray":2}}}]}},{"type":"Feature","geometry":{"type":"Point","coordinates":[-111.87365,33.324]},"properties":{"site":53976,"st":"AZ","n":14,"classes":{"leaves":12,"flowers":2},"weeks":[{"w":"2026-10-06","yes":{"leaves":3,"flowers":1},"obs":{"leaves":3,"flowers":2,"fruits":3},"sp":{"leaves":{"Arizona milkweed":3},"flowers":{"Arizona milkweed":1}}},{"w":"2026-09-15","yes":{"leaves":3,"flowers":1},"obs":{"leaves":3,"flowers":2,"fruits":3},"sp":{"leaves":{"Arizona milkweed":3},"flowers":{"Arizona milkweed":1}}},{"w":"2026-09-01","yes":{"leaves":3},"obs":{"leaves":3,"flowers":2,"fruits":3},"sp":{"leaves":{"Arizona milkweed":3}}},{"w":"2026-08-25","yes":{"leaves":3},"obs":{"leaves":3,"flowers":2,"fruits":3},"sp":{"leaves":{"Arizona milkweed":3}}}]}},{"type":"Feature","geometry":{"type":"Point","coordinates":[-84.50477,38.01582]},"properties":{"site":54115,"st":"KY","n":1241,"classes":{"leaves":739,"fruits":501,"flowers":1},"weeks":[{"w":"2026-10-06","yes":{"leaves":36,"fruits":18},"obs":{"leaves":84,"flowers":46,"fruits":44},"sp":{"leaves":{"pawpaw":6,"Kentucky coffeetree":6,"red maple":4,"American sycamore":3,"tuliptree":3},"fruits":{"eastern hemlock":6,"tuliptree":3,"Kentucky coffeetree":3,"white oak":3,"northern red oak":2}}},{"w":"2026-09-29","yes":{"leaves":150,"fruits":82},"obs":{"leaves":415,"flowers":230,"fruits":218},"sp":{"leaves":{"pawpaw":29,"red maple":15,"American beech":14,"umbrella-tree":14,"tuliptree":14},"fruits":{"eastern hemlock":15,"umbrella-tree":14,"white oak":11,"Kentucky coffeetree":10,"pecan":8}}},{"w":"2026-09-22","yes":{"leaves":156,"fruits":78},"obs":{"leaves":419,"flowers":230,"fruits":215},"sp":{"leaves":{"pawpaw":28,"Kentucky coffeetree":18,"red maple":16,"American sycamore":15,"umbrella-tree":13},"fruits":{"umbrella-tree":14,"eastern hemlock":13,"Kentucky coffeetree":9,"white oak":7,"pecan":7}}},{"w":"2026-09-15","yes":{"leaves":105,"fruits":72},"obs":{"leaves":334,"flowers":184,"fruits":186},"sp":{"leaves":{"pawpaw":20,"Kentucky coffeetree":14,"American sycamore":12,"red maple":9,"tuliptree":9},"fruits":{"umbrella-tree":12,"white oak":10,"eastern hemlock":9,"Shumard's oak":8,"Kentucky coffeetree":7}}},{"w":"2026-09-08","yes":{"leaves":77,"fruits":68},"obs":{"leaves":340,"flowers":187,"fruits":188},"sp":{"leaves":{"Kentucky coffeetree":12,"pawpaw":12,"red maple":8,"eastern leatherwood":6,"American sycamore":6},"fruits":{"eastern hemlock":11,"northern red oak":10,"umbrella-tree":10,"Shumard's oak":9,"Kentucky coffeetree":8}}},{"w":"2026-09-01","yes":{"leaves":74,"fruits":67},"obs":{"leaves":336,"flowers":184,"fruits":211},"sp":{"leaves":{"pawpaw":11,"Kentucky coffeetree":9,"red maple":8,"American sycamore":6,"umbrella-tree":4},"fruits":{"pawpaw":13,"eastern hemlock":11,"umbrella-tree":9,"pecan":7,"northern red oak":4}}},{"w":"2026-08-25","yes":{"leaves":87,"flowers":1,"fruits":77},"obs":{"leaves":403,"flowers":221,"fruits":254},"sp":{"leaves":{"pawpaw":14,"Kentucky coffeetree":10,"red maple":10,"tuliptree":7,"Shumard's oak":5},"flowers":{"eastern hemlock":1},"fruits":{"pawpaw":21,"eastern hemlock":13,"umbrella-tree":7,"American beech":5,"Kentucky coffeetree":5}}},{"w":"2026-08-18","yes":{"leaves":54,"fruits":39},"obs":{"leaves":252,"flowers":138,"fruits":158},"sp":{"leaves":{"pawpaw":8,"red maple":6,"Kentucky coffeetree":6,"eastern hemlock":4,"umbrella-tree":3},"fruits":{"eastern hemlock":9,"pawpaw":6,"umbrella-tree":4,"American sycamore":3,"tuliptree":3}}}]}},{"type":"Feature","geometry":{"type":"Point","coordinates":[-84.50445,38.01192]},"properties":{"site":54116,"st":"KY","n":921,"classes":{"leaves":524,"fruits":390,"flowers":7},"weeks":[{"w":"2026-10-06","yes":{"leaves":33,"fruits":15},"obs":{"leaves":82,"flowers":48,"fruits":54},"sp":{"leaves":{"blackgum":5,"hophornbeam":5,"black maple":4,"American beech":3,"tuliptree":3},"fruits":{"hophornbeam":4,"blackgum":2,"tuliptree":2,"willow oak":2,"eastern redcedar":1}}},{"w":"2026-09-29","yes":{"leaves":96,"flowers":2,"fruits":59},"obs":{"leaves":246,"flowers":144,"fruits":158},"sp":{"leaves":{"blackgum":15,"hophornbeam":15,"black maple":14,"American hazelnut":9,"tuliptree":9},"flowers":{"hophornbeam":1,"American hazelnut":1},"fruits":{"hophornbeam":14,"yellow buckeye":7,"blackgum":7,"willow oak":6,"American beech":6}}},{"w":"2026-09-22","yes":{"leaves":62,"fruits":37},"obs":{"leaves":164,"flowers":96,"fruits":108},"sp":{"leaves":{"black maple":10,"blackgum":9,"hophornbeam":8,"tuliptree":6,"American hazelnut":6},"fruits":{"hophornbeam":8,"blackgum":5,"yellow buckeye":5,"willow oak":4,"tuliptree":3}}},{"w":"2026-09-15","yes":{"leaves":111,"flowers":2,"fruits":80},"obs":{"leaves":328,"flowers":192,"fruits":216},"sp":{"leaves":{"blackgum":17,"tuliptree":12,"hophornbeam":12,"black maple":12,"American hazelnut":12},"flowers":{"hophornbeam":1,"American hazelnut":1},"fruits":{"hophornbeam":18,"yellow buckeye":12,"blackgum":11,"willow oak":8,"American beech":5}}},{"w":"2026-09-08","yes":{"leaves":45,"flowers":2,"fruits":39},"obs":{"leaves":164,"flowers":96,"fruits":108},"sp":{"leaves":{"black maple":7,"blackgum":6,"hophornbeam":5,"tuliptree":4,"American hazelnut":4},"flowers":{"American hazelnut":1,"hophornbeam":1},"fruits":{"hophornbeam":9,"blackgum":6,"American beech":4,"willow oak":4,"American hazelnut":3}}},{"w":"2026-09-01","yes":{"leaves":60,"flowers":1,"fruits":50},"obs":{"leaves":246,"flowers":144,"fruits":162},"sp":{"leaves":{"hophornbeam":8,"black maple":8,"yellow buckeye":7,"blackgum":6,"American hazelnut":6},"flowers":{"American hazelnut":1},"fruits":{"hophornbeam":9,"blackgum":8,"willow oak":6,"American beech":4,"American hazelnut":4}}},{"w":"2026-08-25","yes":{"leaves":57,"fruits":57},"obs":{"leaves":246,"flowers":144,"fruits":162},"sp":{"leaves":{"blackgum":7,"hophornbeam":7,"black maple":7,"willow oak":6,"yellow buckeye":6},"fruits":{"hophornbeam":9,"blackgum":8,"American hazelnut":6,"willow oak":6,"Virginia pine":5}}},{"w":"2026-08-18","yes":{"leaves":60,"fruits":53},"obs":{"leaves":246,"flowers":144,"fruits":162},"sp":{"leaves":{"blackgum":10,"hophornbeam":7,"tuliptree":6,"black maple":6,"willow oak":6},"fruits":{"hophornbeam":10,"blackgum":6,"willow oak":6,"American beech":5,"Virginia pine":5}}}]}},{"type":"Feature","geometry":{"type":"Point","coordinates":[-74.52671,40.71885]},"properties":{"site":54164,"st":"NJ","n":11,"classes":{"leaves":3,"flowers":4,"fruits":4},"weeks":[{"w":"2026-09-08","yes":{"leaves":1,"flowers":2,"fruits":4},"obs":{"leaves":4,"flowers":4,"fruits":6},"sp":{"leaves":{"spotted joe pye weed":1},"flowers":{"spotted joe pye weed":2},"fruits":{"common milkweed":3,"spotted joe pye weed":1}}},{"w":"2026-08-18","yes":{"leaves":2,"flowers":2},"obs":{"leaves":4,"flowers":4,"fruits":6},"sp":{"leaves":{"common milkweed":1,"spotted joe pye weed":1},"flowers":{"spotted joe pye weed":2}}}]}},{"type":"Feature","geometry":{"type":"Point","coordinates":[-71.14574,42.38717]},"properties":{"site":54225,"st":"MA","n":110,"classes":{"leaves":27,"flowers":36,"fruits":47},"weeks":[{"w":"2026-09-22","yes":{"leaves":4,"flowers":2,"fruits":10},"obs":{"leaves":12,"flowers":12,"fruits":18},"sp":{"leaves":{"smooth oxeye":1,"Canada goldenrod":1,"common tansy":1,"New England aster":1},"flowers":{"New England aster":2},"fruits":{"smooth oxeye":3,"bull thistle":3,"Canada goldenrod":2,"common tansy":2}}},{"w":"2026-09-15","yes":{"leaves":4,"flowers":3,"fruits":11},"obs":{"leaves":12,"flowers":12,"fruits":17},"sp":{"leaves":{"smooth oxeye":1,"Canada goldenrod":1,"common tansy":1,"New England aster":1},"flowers":{"Canada goldenrod":2,"New England aster":1},"fruits":{"smooth oxeye":3,"Canada goldenrod":3,"common tansy":3,"bull thistle":2}}},{"w":"2026-09-08","yes":{"leaves":5,"flowers":7,"fruits":7},"obs":{"leaves":12,"flowers":12,"fruits":15},"sp":{"leaves":{"smooth oxeye":1,"Canada goldenrod":1,"common tansy":1,"bull thistle":1,"New England aster":1},"flowers":{"Canada goldenrod":2,"common tansy":2,"bull thistle":2,"New England aster":1},"fruits":{"smooth oxeye":3,"Canada goldenrod":2,"common tansy":2}}},{"w":"2026-09-01","yes":{"leaves":5,"flowers":9,"fruits":10},"obs":{"leaves":12,"flowers":12,"fruits":17},"sp":{"leaves":{"smooth oxeye":1,"Canada goldenrod":1,"common tansy":1,"bull thistle":1,"New England aster":1},"flowers":{"smooth oxeye":2,"Canada goldenrod":2,"common tansy":2,"bull thistle":2,"New England aster":1},"fruits":{"Canada goldenrod":3,"bull thistle":3,"smooth oxeye":2,"common tansy":2}}},{"w":"2026-08-25","yes":{"leaves":4,"flowers":7,"fruits":6},"obs":{"leaves":12,"flowers":12,"fruits":16},"sp":{"leaves":{"Canada goldenrod":1,"common tansy":1,"bull thistle":1,"New England aster":1},"flowers":{"smooth oxeye":2,"Canada goldenrod":2,"common tansy":2,"bull thistle":1},"fruits":{"smooth oxeye":3,"bull thistle":3}}},{"w":"2026-08-18","yes":{"leaves":5,"flowers":8,"fruits":3},"obs":{"leaves":12,"flowers":12,"fruits":18},"sp":{"leaves":{"smooth oxeye":1,"Canada goldenrod":1,"common tansy":1,"bull thistle":1,"New England aster":1},"flowers":{"smooth oxeye":2,"Canada goldenrod":2,"common tansy":2,"bull thistle":2},"fruits":{"bull thistle":3}}}]}},{"type":"Feature","geometry":{"type":"Point","coordinates":[-73.45699,41.25627]},"properties":{"site":54229,"st":"CT","n":381,"classes":{"leaves":222,"flowers":58,"fruits":101},"weeks":[{"w":"2026-10-06","yes":{"leaves":27,"flowers":6,"fruits":9},"obs":{"leaves":69,"flowers":39,"fruits":26},"sp":{"leaves":{"northern red oak":11,"apple":9,"Japanese honeysuckle":5,"common lilac":2},"flowers":{"Japanese honeysuckle":4,"common lilac":2},"fruits":{"northern red oak":6,"Japanese honeysuckle":3}}},{"w":"2026-09-29","yes":{"leaves":33,"flowers":5,"fruits":11},"obs":{"leaves":80,"flowers":48,"fruits":30},"sp":{"leaves":{"northern red oak":13,"apple":10,"Japanese honeysuckle":7,"common lilac":3},"flowers":{"common lilac":3,"Japanese honeysuckle":2},"fruits":{"northern red oak":6,"apple":3,"Japanese honeysuckle":2}}},{"w":"2026-09-22","yes":{"leaves":27,"flowers":6,"fruits":18},"obs":{"leaves":69,"flowers":39,"fruits":32},"sp":{"leaves":{"apple":9,"northern red oak":8,"Japanese honeysuckle":8,"common lilac":2},"flowers":{"Japanese honeysuckle":4,"common lilac":2},"fruits":{"apple":9,"northern red oak":7,"Japanese honeysuckle":2}}},{"w":"2026-09-15","yes":{"leaves":28,"flowers":5,"fruits":24},"obs":{"leaves":74,"flowers":41,"fruits":35},"sp":{"leaves":{"apple":12,"northern red oak":9,"Japanese honeysuckle":5,"common lilac":2},"flowers":{"Japanese honeysuckle":3,"common lilac":2},"fruits":{"apple":12,"northern red oak":10,"Japanese honeysuckle":2}}},{"w":"2026-09-08","yes":{"leaves":38,"flowers":12,"fruits":19},"obs":{"leaves":103,"flowers":56,"fruits":49},"sp":{"leaves":{"apple":15,"northern red oak":11,"Japanese honeysuckle":9,"common lilac":3},"flowers":{"Japanese honeysuckle":9,"common lilac":3},"fruits":{"apple":14,"northern red oak":3,"Japanese honeysuckle":2}}},{"w":"2026-09-01","yes":{"leaves":18,"flowers":7,"fruits":7},"obs":{"leaves":50,"flowers":27,"fruits":21},"sp":{"leaves":{"apple":6,"northern red oak":6,"Japanese honeysuckle":4,"common lilac":2},"flowers":{"Japanese honeysuckle":5,"common lilac":2},"fruits":{"apple":5,"northern red oak":2}}},{"w":"2026-08-25","yes":{"leaves":27,"flowers":8,"fruits":7},"obs":{"leaves":69,"flowers":39,"fruits":29},"sp":{"leaves":{"apple":9,"northern red oak":9,"Japanese honeysuckle":7,"common lilac":2},"flowers":{"Japanese honeysuckle":6,"common lilac":2},"fruits":{"apple":5,"northern red oak":2}}},{"w":"2026-08-18","yes":{"leaves":24,"flowers":9,"fruits":6},"obs":{"leaves":69,"flowers":39,"fruits":22},"sp":{"leaves":{"apple":9,"northern red oak":8,"Japanese honeysuckle":5,"common lilac":2},"flowers":{"Japanese honeysuckle":6,"common lilac":3},"fruits":{"apple":4,"northern red oak":2}}}]}},{"type":"Feature","geometry":{"type":"Point","coordinates":[-88.31081,42.71622]},"properties":{"site":54345,"st":"WI","n":15,"classes":{"leaves":6,"fruits":9},"weeks":[{"w":"2026-10-06","yes":{"leaves":1,"fruits":3},"obs":{"leaves":5,"flowers":2,"fruits":3},"sp":{"leaves":{"eastern redbud":1},"fruits":{"eastern redbud":3}}},{"w":"2026-09-29","yes":{"leaves":1,"fruits":2},"obs":{"leaves":5,"flowers":2,"fruits":3},"sp":{"leaves":{"eastern redbud":1},"fruits":{"eastern redbud":2}}},{"w":"2026-09-15","yes":{"leaves":1,"fruits":1},"obs":{"leaves":5,"flowers":2,"fruits":3},"sp":{"leaves":{"eastern redbud":1},"fruits":{"eastern redbud":1}}},{"w":"2026-09-08","yes":{"leaves":1,"fruits":1},"obs":{"leaves":5,"flowers":2,"fruits":3},"sp":{"leaves":{"eastern redbud":1},"fruits":{"eastern redbud":1}}},{"w":"2026-08-25","yes":{"leaves":1,"fruits":1},"obs":{"leaves":5,"flowers":2,"fruits":3},"sp":{"leaves":{"eastern redbud":1},"fruits":{"eastern redbud":1}}},{"w":"2026-08-18","yes":{"leaves":1,"fruits":1},"obs":{"leaves":5,"flowers":2,"fruits":3},"sp":{"leaves":{"eastern redbud":1},"fruits":{"eastern redbud":1}}}]}},{"type":"Feature","geometry":{"type":"Point","coordinates":[-88.31086,42.71614]},"properties":{"site":54346,"st":"WI","n":18,"classes":{"leaves":7,"fruits":11},"weeks":[{"w":"2026-10-06","yes":{"leaves":1,"fruits":3},"obs":{"leaves":5,"flowers":2,"fruits":3},"sp":{"leaves":{"eastern redbud":1},"fruits":{"eastern redbud":3}}},{"w":"2026-09-29","yes":{"leaves":1,"fruits":2},"obs":{"leaves":5,"flowers":2,"fruits":3},"sp":{"leaves":{"eastern redbud":1},"fruits":{"eastern redbud":2}}},{"w":"2026-09-15","yes":{"leaves":1,"fruits":1},"obs":{"leaves":5,"flowers":2,"fruits":3},"sp":{"leaves":{"eastern redbud":1},"fruits":{"eastern redbud":1}}},{"w":"2026-09-08","yes":{"leaves":1,"fruits":1},"obs":{"leaves":5,"flowers":2,"fruits":3},"sp":{"leaves":{"eastern redbud":1},"fruits":{"eastern redbud":1}}},{"w":"2026-08-25","yes":{"leaves":1,"fruits":2},"obs":{"leaves":5,"flowers":2,"fruits":3},"sp":{"leaves":{"eastern redbud":1},"fruits":{"eastern redbud":2}}},{"w":"2026-08-18","yes":{"leaves":2,"fruits":2},"obs":{"leaves":10,"flowers":4,"fruits":6},"sp":{"leaves":{"eastern redbud":2},"fruits":{"eastern redbud":2}}}]}},{"type":"Feature","geometry":{"type":"Point","coordinates":[-101.8682,33.5561]},"properties":{"site":54392,"st":"TX","n":13,"classes":{"leaves":9,"fruits":4},"weeks":[{"w":"2026-09-22","yes":{"leaves":6,"fruits":2},"obs":{"leaves":15,"flowers":7,"fruits":9},"sp":{"leaves":{"eastern redbud":5,"bur oak":1},"fruits":{"eastern redbud":1,"bur oak":1}}},{"w":"2026-08-25","yes":{"leaves":3,"fruits":2},"obs":{"leaves":15,"flowers":7,"fruits":9},"sp":{"leaves":{"eastern redbud":2,"bur oak":1},"fruits":{"bur oak":1,"eastern redbud":1}}}]}},{"type":"Feature","geometry":{"type":"Point","coordinates":[-87.06711,40.40719]},"properties":{"site":54466,"st":"IN","n":202,"classes":{"leaves":202},"weeks":[{"w":"2026-09-15","yes":{"leaves":72},"obs":{"leaves":300,"flowers":140,"fruits":180},"sp":{"leaves":{"common hackberry":30,"black cherry":22,"American beech":20}}},{"w":"2026-08-25","yes":{"leaves":130},"obs":{"leaves":600,"flowers":280,"fruits":360},"sp":{"leaves":{"common hackberry":50,"black cherry":40,"American beech":40}}}]}},{"type":"Feature","geometry":{"type":"Point","coordinates":[-122.89703,48.48859]},"properties":{"site":54512,"st":"WA","n":63,"classes":{"leaves":31,"fruits":24,"birds":8},"weeks":[{"w":"2026-10-06","yes":{"leaves":13,"fruits":7,"birds":6},"obs":{"leaves":29,"flowers":16,"fruits":20,"birds":12},"sp":{"leaves":{"oceanspray":3,"Scouler's willow":3,"redflower currant":3,"common snowberry":2,"Nootka rose":2},"fruits":{"Douglas-fir":2,"common snowberry":2,"Nootka rose":2,"oceanspray":1},"birds":{"dark-eyed junco":4,"American robin":2}}},{"w":"2026-09-15","yes":{"leaves":8,"fruits":9,"birds":2},"obs":{"leaves":29,"flowers":16,"fruits":21,"birds":27},"sp":{"leaves":{"Scouler's willow":3,"oceanspray":2,"redflower currant":2,"Nootka rose":1},"fruits":{"Douglas-fir":3,"common snowberry":2,"oceanspray":2,"Nootka rose":1,"redflower currant":1},"birds":{"dark-eyed junco":2}}},{"w":"2026-09-08","yes":{"leaves":10,"fruits":8},"obs":{"leaves":29,"flowers":16,"fruits":19,"birds":29},"sp":{"leaves":{"Scouler's willow":3,"Nootka rose":2,"oceanspray":2,"redflower currant":2,"common snowberry":1},"fruits":{"Douglas-fir":3,"common snowberry":2,"Nootka rose":2,"oceanspray":1}}}]}},{"type":"Feature","geometry":{"type":"Point","coordinates":[-93.18363,44.43168]},"properties":{"site":54539,"st":"MN","n":20,"classes":{"fruits":5,"birds":15},"weeks":[{"w":"2026-10-06","yes":{"fruits":2,"birds":5},"obs":{"leaves":10,"flowers":10,"fruits":15,"birds":78},"sp":{"fruits":{"common milkweed":2},"birds":{"American robin":2,"mallard":2,"blue jay":1}}},{"w":"2026-09-15","yes":{"fruits":2,"birds":6},"obs":{"leaves":10,"flowers":10,"fruits":15,"birds":78},"sp":{"fruits":{"common milkweed":2},"birds":{"mallard":2,"blue jay":2,"northern cardinal":2}}},{"w":"2026-08-18","yes":{"fruits":1,"birds":4},"obs":{"leaves":10,"flowers":10,"fruits":15,"birds":78},"sp":{"fruits":{"common milkweed":1},"birds":{"northern cardinal":2,"mallard":2}}}]}},{"type":"Feature","geometry":{"type":"Point","coordinates":[-68.3473,44.25307]},"properties":{"site":54753,"st":"ME","n":53,"classes":{"leaves":37,"fruits":16},"weeks":[{"w":"2026-10-06","yes":{"leaves":13,"fruits":3},"obs":{"leaves":25,"flowers":11,"fruits":15},"sp":{"leaves":{"common winterberry":5,"gray alder":3,"possumhaw":3,"glossy buckthorn":2},"fruits":{"possumhaw":3}}},{"w":"2026-09-22","yes":{"leaves":14,"fruits":6},"obs":{"leaves":25,"flowers":11,"fruits":15},"sp":{"leaves":{"common winterberry":6,"gray alder":3,"possumhaw":3,"glossy buckthorn":2},"fruits":{"possumhaw":3,"glossy buckthorn":3}}},{"w":"2026-09-15","yes":{"leaves":10,"fruits":7},"obs":{"leaves":25,"flowers":11,"fruits":15},"sp":{"leaves":{"common winterberry":4,"gray alder":2,"possumhaw":2,"glossy buckthorn":2},"fruits":{"possumhaw":3,"glossy buckthorn":3,"gray alder":1}}}]}},{"type":"Feature","geometry":{"type":"Point","coordinates":[-68.35191,44.2537]},"properties":{"site":54754,"st":"ME","n":73,"classes":{"leaves":44,"fruits":29},"weeks":[{"w":"2026-10-06","yes":{"leaves":15,"fruits":9},"obs":{"leaves":30,"flowers":11,"fruits":18},"sp":{"leaves":{"highbush blueberry":6,"possumhaw":6,"glossy buckthorn":3},"fruits":{"possumhaw":6,"glossy buckthorn":3}}},{"w":"2026-09-22","yes":{"leaves":18,"fruits":9},"obs":{"leaves":30,"flowers":12,"fruits":18},"sp":{"leaves":{"highbush blueberry":6,"possumhaw":6,"common winterberry":3,"glossy buckthorn":3},"fruits":{"possumhaw":6,"glossy buckthorn":3}}},{"w":"2026-09-15","yes":{"leaves":11,"fruits":11},"obs":{"leaves":30,"flowers":12,"fruits":18},"sp":{"leaves":{"highbush blueberry":4,"possumhaw":4,"glossy buckthorn":2,"common winterberry":1},"fruits":{"possumhaw":6,"highbush blueberry":3,"glossy buckthorn":2}}}]}},{"type":"Feature","geometry":{"type":"Point","coordinates":[-68.34691,44.25418]},"properties":{"site":54755,"st":"ME","n":26,"classes":{"leaves":21,"fruits":5},"weeks":[{"w":"2026-10-06","yes":{"leaves":9},"obs":{"leaves":15,"flowers":8,"fruits":9},"sp":{"leaves":{"gray alder":6,"highbush blueberry":3}}},{"w":"2026-09-22","yes":{"leaves":7,"fruits":4},"obs":{"leaves":15,"flowers":8,"fruits":9},"sp":{"leaves":{"gray alder":6,"highbush blueberry":1},"fruits":{"gray alder":4}}},{"w":"2026-09-15","yes":{"leaves":5,"fruits":1},"obs":{"leaves":15,"flowers":8,"fruits":9},"sp":{"leaves":{"gray alder":4,"highbush blueberry":1},"fruits":{"gray alder":1}}}]}},{"type":"Feature","geometry":{"type":"Point","coordinates":[-68.21372,44.37162]},"properties":{"site":54757,"st":"ME","n":29,"classes":{"leaves":20,"fruits":9},"weeks":[{"w":"2026-10-06","yes":{"leaves":9},"obs":{"leaves":15,"flowers":9,"fruits":9},"sp":{"leaves":{"gray alder":9}}},{"w":"2026-09-22","yes":{"leaves":8,"fruits":3},"obs":{"leaves":15,"flowers":9,"fruits":9},"sp":{"leaves":{"gray alder":8},"fruits":{"gray alder":3}}},{"w":"2026-09-15","yes":{"leaves":3,"fruits":6},"obs":{"leaves":15,"flowers":9,"fruits":9},"sp":{"leaves":{"gray alder":3},"fruits":{"gray alder":6}}}]}},{"type":"Feature","geometry":{"type":"Point","coordinates":[-68.21211,44.37046]},"properties":{"site":54759,"st":"ME","n":25,"classes":{"leaves":17,"fruits":8},"weeks":[{"w":"2026-10-06","yes":{"leaves":8,"fruits":3},"obs":{"leaves":15,"flowers":6,"fruits":9},"sp":{"leaves":{"common winterberry":6,"possumhaw":2},"fruits":{"common winterberry":3}}},{"w":"2026-09-22","yes":{"leaves":6,"fruits":2},"obs":{"leaves":15,"flowers":6,"fruits":9},"sp":{"leaves":{"common winterberry":4,"possumhaw":2},"fruits":{"common winterberry":2}}},{"w":"2026-09-15","yes":{"leaves":3,"fruits":3},"obs":{"leaves":15,"flowers":6,"fruits":9},"sp":{"leaves":{"common winterberry":2,"possumhaw":1},"fruits":{"common winterberry":3}}}]}},{"type":"Feature","geometry":{"type":"Point","coordinates":[-68.20386,44.3667]},"properties":{"site":54760,"st":"ME","n":14,"classes":{"leaves":12,"fruits":2},"weeks":[{"w":"2026-10-06","yes":{"leaves":5},"obs":{"leaves":10,"flowers":4,"fruits":6},"sp":{"leaves":{"highbush blueberry":5}}},{"w":"2026-09-22","yes":{"leaves":4},"obs":{"leaves":10,"flowers":4,"fruits":6},"sp":{"leaves":{"highbush blueberry":4}}},{"w":"2026-09-15","yes":{"leaves":3,"fruits":2},"obs":{"leaves":10,"flowers":4,"fruits":6},"sp":{"leaves":{"highbush blueberry":3},"fruits":{"highbush blueberry":2}}}]}},{"type":"Feature","geometry":{"type":"Point","coordinates":[-68.20732,44.36236]},"properties":{"site":54761,"st":"ME","n":32,"classes":{"leaves":18,"fruits":14},"weeks":[{"w":"2026-10-06","yes":{"leaves":7,"fruits":5},"obs":{"leaves":15,"flowers":6,"fruits":9},"sp":{"leaves":{"possumhaw":4,"common winterberry":3},"fruits":{"possumhaw":3,"common winterberry":2}}},{"w":"2026-09-22","yes":{"leaves":6,"fruits":4},"obs":{"leaves":15,"flowers":6,"fruits":9},"sp":{"leaves":{"common winterberry":3,"possumhaw":3},"fruits":{"common winterberry":3,"possumhaw":1}}},{"w":"2026-09-15","yes":{"leaves":5,"fruits":5},"obs":{"leaves":15,"flowers":6,"fruits":9},"sp":{"leaves":{"possumhaw":3,"common winterberry":2},"fruits":{"possumhaw":3,"common winterberry":2}}}]}},{"type":"Feature","geometry":{"type":"Point","coordinates":[-68.20995,44.36341]},"properties":{"site":54763,"st":"ME","n":16,"classes":{"leaves":16},"weeks":[{"w":"2026-10-06","yes":{"leaves":8},"obs":{"leaves":15,"flowers":9,"fruits":9},"sp":{"leaves":{"striped maple":8}}},{"w":"2026-09-22","yes":{"leaves":5},"obs":{"leaves":15,"flowers":9,"fruits":9},"sp":{"leaves":{"striped maple":5}}},{"w":"2026-09-15","yes":{"leaves":3},"obs":{"leaves":15,"flowers":9,"fruits":9},"sp":{"leaves":{"striped maple":3}}}]}},{"type":"Feature","geometry":{"type":"Point","coordinates":[-68.19577,44.36897]},"properties":{"site":54764,"st":"ME","n":27,"classes":{"leaves":19,"fruits":8},"weeks":[{"w":"2026-10-06","yes":{"leaves":7},"obs":{"leaves":15,"flowers":6,"fruits":9},"sp":{"leaves":{"glossy buckthorn":5,"highbush blueberry":2}}},{"w":"2026-09-22","yes":{"leaves":7,"fruits":2},"obs":{"leaves":15,"flowers":6,"fruits":9},"sp":{"leaves":{"glossy buckthorn":4,"highbush blueberry":3},"fruits":{"glossy buckthorn":2}}},{"w":"2026-09-15","yes":{"leaves":5,"fruits":6},"obs":{"leaves":15,"flowers":6,"fruits":9},"sp":{"leaves":{"glossy buckthorn":4,"highbush blueberry":1},"fruits":{"highbush blueberry":3,"glossy buckthorn":3}}}]}},{"type":"Feature","geometry":{"type":"Point","coordinates":[-68.20707,44.37557]},"properties":{"site":54765,"st":"ME","n":47,"classes":{"leaves":29,"fruits":18},"weeks":[{"w":"2026-10-06","yes":{"leaves":9,"fruits":7},"obs":{"leaves":15,"flowers":6,"fruits":9},"sp":{"leaves":{"Japanese barberry":9},"fruits":{"Japanese barberry":7}}},{"w":"2026-09-22","yes":{"leaves":12,"fruits":5},"obs":{"leaves":20,"flowers":8,"fruits":12},"sp":{"leaves":{"Japanese barberry":9,"glossy buckthorn":3},"fruits":{"Japanese barberry":4,"glossy buckthorn":1}}},{"w":"2026-09-15","yes":{"leaves":8,"fruits":6},"obs":{"leaves":20,"flowers":8,"fruits":12},"sp":{"leaves":{"Japanese barberry":6,"glossy buckthorn":2},"fruits":{"Japanese barberry":3,"glossy buckthorn":3}}}]}},{"type":"Feature","geometry":{"type":"Point","coordinates":[-76.3384,40.0528]},"properties":{"site":55093,"st":"PA","n":316,"classes":{"leaves":116,"flowers":48,"fruits":152},"weeks":[{"w":"2026-09-29","yes":{"leaves":2,"flowers":2,"fruits":4},"obs":{"leaves":4,"flowers":4,"fruits":6},"sp":{"leaves":{"white snakeroot":1,"jumpseed":1},"flowers":{"white snakeroot":2},"fruits":{"jumpseed":3,"white snakeroot":1}}},{"w":"2026-09-22","yes":{"leaves":11,"flowers":4,"fruits":16},"obs":{"leaves":21,"flowers":17,"fruits":24},"sp":{"leaves":{"black locust":3,"blackhaw":2,"white snakeroot":1,"American pokeweed":1,"wingstem":1},"flowers":{"white snakeroot":2,"wingstem":2},"fruits":{"American pokeweed":3,"garlic mustard":3,"black locust":3,"wingstem":2,"blackhaw":2}}},{"w":"2026-09-15","yes":{"leaves":36,"flowers":10,"fruits":42},"obs":{"leaves":70,"flowers":48,"fruits":66},"sp":{"leaves":{"burningbush":3,"boxelder":3,"black cherry":3,"Chinese privet":3,"multiflora rose":3},"flowers":{"Indiangrass":3,"Nepalese browntop":3,"white snakeroot":2,"wingstem":2},"fruits":{"Clayton's sweetroot":3,"boxelder":3,"wild bergamot":3,"scarlet beebalm":3,"black cherry":3}}},{"w":"2026-09-08","yes":{"leaves":32,"flowers":13,"fruits":40},"obs":{"leaves":73,"flowers":52,"fruits":72},"sp":{"leaves":{"boxelder":3,"Chinese privet":3,"black locust":3,"black cherry":2,"multiflora rose":2},"flowers":{"Nepalese browntop":3,"Indiangrass":2,"white snakeroot":2,"American pokeweed":2,"wingstem":2},"fruits":{"black cherry":3,"Clayton's sweetroot":3,"common milkweed":3,"wild bergamot":3,"American pokeweed":3}}},{"w":"2026-09-01","yes":{"leaves":8,"flowers":6,"fruits":15},"obs":{"leaves":16,"flowers":15,"fruits":22},"sp":{"leaves":{"American pokeweed":1,"wingstem":1,"black locust":1,"scarlet beebalm":1,"Nepalese browntop":1},"flowers":{"American pokeweed":2,"wingstem":2,"Nepalese browntop":2},"fruits":{"American pokeweed":3,"scarlet beebalm":3,"wild bergamot":3,"black locust":2,"common milkweed":2}}},{"w":"2026-08-18","yes":{"leaves":27,"flowers":13,"fruits":35},"obs":{"leaves":73,"flowers":51,"fruits":70},"sp":{"leaves":{"black cherry":3,"black locust":2,"white snakeroot":1,"Chinese privet":1,"American pokeweed":1},"flowers":{"white snakeroot":2,"American pokeweed":2,"wingstem":2,"purple loosestrife":2,"scarlet beebalm":2},"fruits":{"American pokeweed":3,"garlic mustard":3,"Clayton's sweetroot":3,"black cherry":3,"black locust":2}}}]}},{"type":"Feature","geometry":{"type":"Point","coordinates":[-110.35591,31.54761]},"properties":{"site":55100,"st":"AZ","n":9,"classes":{"flowers":6,"fruits":3},"weeks":[{"w":"2026-09-01","yes":{"flowers":2,"fruits":1},"obs":{"flowers":2,"fruits":3},"sp":{"flowers":{"Palmer's century plant":2},"fruits":{"Palmer's century plant":1}}},{"w":"2026-08-25","yes":{"flowers":2,"fruits":1},"obs":{"flowers":2,"fruits":3},"sp":{"flowers":{"Palmer's century plant":2},"fruits":{"Palmer's century plant":1}}},{"w":"2026-08-18","yes":{"flowers":2,"fruits":1},"obs":{"flowers":2,"fruits":3},"sp":{"flowers":{"Palmer's century plant":2},"fruits":{"Palmer's century plant":1}}}]}},{"type":"Feature","geometry":{"type":"Point","coordinates":[-110.30509,31.4899]},"properties":{"site":55135,"st":"AZ","n":12,"classes":{"flowers":6,"fruits":6},"weeks":[{"w":"2026-09-08","yes":{"flowers":2,"fruits":2},"obs":{"flowers":2,"fruits":3},"sp":{"flowers":{"Palmer's century plant":2},"fruits":{"Palmer's century plant":2}}},{"w":"2026-08-25","yes":{"flowers":4,"fruits":4},"obs":{"flowers":4,"fruits":6},"sp":{"flowers":{"Palmer's century plant":4},"fruits":{"Palmer's century plant":4}}}]}},{"type":"Feature","geometry":{"type":"Point","coordinates":[-110.32649,31.51585]},"properties":{"site":55136,"st":"AZ","n":5,"classes":{"fruits":3,"flowers":2},"weeks":[{"w":"2026-09-08","yes":{"fruits":1},"obs":{"flowers":2,"fruits":3},"sp":{"fruits":{"Palmer's century plant":1}}},{"w":"2026-08-25","yes":{"flowers":2,"fruits":2},"obs":{"flowers":2,"fruits":3},"sp":{"flowers":{"Palmer's century plant":2},"fruits":{"Palmer's century plant":2}}}]}},{"type":"Feature","geometry":{"type":"Point","coordinates":[-85.7318,39.7987]},"properties":{"site":55196,"st":"IN","n":42,"classes":{"leaves":11,"flowers":9,"fruits":6,"insects":3,"birds":13},"weeks":[{"w":"2026-08-18","yes":{"leaves":11,"flowers":9,"fruits":6,"insects":3,"birds":13},"obs":{"leaves":27,"flowers":19,"fruits":27,"insects":7,"birds":45},"sp":{"leaves":{"foxglove beardtongue":2,"common blue wood aster":2,"red maple":1,"rose of Sharon":1,"coastal sweetpepperbush":1},"flowers":{"rose of Sharon":2,"butterfly milkweed":2,"daylily":2,"common blue wood aster":2,"coastal sweetpepperbush":1},"fruits":{"coastal sweetpepperbush":2,"eastern purple coneflower":2,"rose of Sharon":1,"daylily":1},"insects":{"monarch":3},"birds":{"American goldfinch":5,"ruby-throated hummingbird":3,"mallard":3,"mourning dove":2}}}]}},{"type":"Feature","geometry":{"type":"Point","coordinates":[-68.29122,44.41517]},"properties":{"site":55229,"st":"ME","n":33,"classes":{"leaves":33},"weeks":[{"w":"2026-10-06","yes":{"leaves":6},"obs":{"leaves":8},"sp":{"leaves":{"coastal sweetpepperbush":4,"New Jersey tea":1,"black chokeberry":1}}},{"w":"2026-09-29","yes":{"leaves":8},"obs":{"leaves":8},"sp":{"leaves":{"coastal sweetpepperbush":4,"New Jersey tea":2,"black chokeberry":1,"privet":1}}},{"w":"2026-09-15","yes":{"leaves":7},"obs":{"leaves":7},"sp":{"leaves":{"coastal sweetpepperbush":4,"New Jersey tea":1,"black chokeberry":1,"privet":1}}},{"w":"2026-09-08","yes":{"leaves":7},"obs":{"leaves":13},"sp":{"leaves":{"coastal sweetpepperbush":4,"black chokeberry":1,"New Jersey tea":1,"privet":1}}},{"w":"2026-09-01","yes":{"leaves":5},"obs":{"leaves":5},"sp":{"leaves":{"coastal sweetpepperbush":2,"black chokeberry":1,"New Jersey tea":1,"privet":1}}}]}},{"type":"Feature","geometry":{"type":"Point","coordinates":[-97.65415,30.38772]},"properties":{"site":55236,"st":"TX","n":35,"classes":{"leaves":15,"flowers":8,"fruits":12},"weeks":[{"w":"2026-09-29","yes":{"leaves":7,"flowers":3,"fruits":8},"obs":{"leaves":21,"flowers":12,"fruits":14},"sp":{"leaves":{"eastern redbud":4,"white crownbeard":1,"wax mallow":1,"American beautyberry":1},"flowers":{"wax mallow":2,"white crownbeard":1},"fruits":{"eastern redbud":4,"wax mallow":2,"American beautyberry":2}}},{"w":"2026-09-22","yes":{"leaves":8,"flowers":5,"fruits":4},"obs":{"leaves":27,"flowers":14,"fruits":12},"sp":{"leaves":{"eastern redbud":4,"wax mallow":2,"American beautyberry":1,"white crownbeard":1},"flowers":{"wax mallow":4,"white crownbeard":1},"fruits":{"American beautyberry":2,"eastern redbud":2}}}]}},{"type":"Feature","geometry":{"type":"Point","coordinates":[-95.52684,32.68034]},"properties":{"site":55237,"st":"TX","n":118,"classes":{"leaves":41,"flowers":18,"fruits":59},"weeks":[{"w":"2026-10-06","yes":{"leaves":6,"flowers":3,"fruits":7},"obs":{"leaves":14,"flowers":8,"fruits":12},"sp":{"leaves":{"American beautyberry":3,"blackeyed Susan":1,"eastern redbud":1,"Canada goldenrod":1},"flowers":{"blackeyed Susan":2,"Canada goldenrod":1},"fruits":{"blackeyed Susan":3,"American beautyberry":2,"eastern redbud":2}}},{"w":"2026-09-29","yes":{"leaves":5,"flowers":3,"fruits":8},"obs":{"leaves":14,"flowers":8,"fruits":12},"sp":{"leaves":{"American beautyberry":2,"blackeyed Susan":1,"eastern redbud":1,"Canada goldenrod":1},"flowers":{"blackeyed Susan":2,"Canada goldenrod":1},"fruits":{"American beautyberry":3,"blackeyed Susan":3,"eastern redbud":2}}},{"w":"2026-09-22","yes":{"leaves":5,"flowers":3,"fruits":8},"obs":{"leaves":14,"flowers":8,"fruits":12},"sp":{"leaves":{"American beautyberry":2,"blackeyed Susan":1,"eastern redbud":1,"Canada goldenrod":1},"flowers":{"blackeyed Susan":2,"eastern redbud":1},"fruits":{"American beautyberry":3,"blackeyed Susan":3,"eastern redbud":2}}},{"w":"2026-09-15","yes":{"leaves":6,"flowers":3,"fruits":6},"obs":{"leaves":14,"flowers":8,"fruits":12},"sp":{"leaves":{"American beautyberry":2,"eastern redbud":2,"blackeyed Susan":1,"Canada goldenrod":1},"flowers":{"blackeyed Susan":2,"Canada goldenrod":1},"fruits":{"American beautyberry":2,"blackeyed Susan":2,"eastern redbud":2}}},{"w":"2026-09-08","yes":{"leaves":6,"flowers":2,"fruits":8},"obs":{"leaves":14,"flowers":8,"fruits":12},"sp":{"leaves":{"American beautyberry":2,"eastern redbud":2,"blackeyed Susan":1,"Canada goldenrod":1},"flowers":{"blackeyed Susan":2},"fruits":{"blackeyed Susan":3,"eastern redbud":3,"American beautyberry":2}}},{"w":"2026-09-01","yes":{"leaves":5,"flowers":3,"fruits":8},"obs":{"leaves":14,"flowers":8,"fruits":12},"sp":{"leaves":{"American beautyberry":2,"blackeyed Susan":1,"eastern redbud":1,"Canada goldenrod":1},"flowers":{"blackeyed Susan":2,"Canada goldenrod":1},"fruits":{"blackeyed Susan":3,"eastern redbud":3,"American beautyberry":2}}},{"w":"2026-08-25","yes":{"leaves":4,"flowers":1,"fruits":7},"obs":{"leaves":14,"flowers":8,"fruits":12},"sp":{"leaves":{"American beautyberry":1,"blackeyed Susan":1,"eastern redbud":1,"Canada goldenrod":1},"flowers":{"Canada goldenrod":1},"fruits":{"blackeyed Susan":3,"American beautyberry":2,"eastern redbud":2}}},{"w":"2026-08-18","yes":{"leaves":4,"fruits":7},"obs":{"leaves":14,"flowers":8,"fruits":12},"sp":{"leaves":{"American beautyberry":1,"blackeyed Susan":1,"eastern redbud":1,"Canada goldenrod":1},"fruits":{"blackeyed Susan":3,"eastern redbud":3,"American beautyberry":1}}}]}},{"type":"Feature","geometry":{"type":"Point","coordinates":[-68.25919,44.41333]},"properties":{"site":55241,"st":"ME","n":9,"classes":{"leaves":6,"flowers":3},"weeks":[{"w":"2026-09-22","yes":{"leaves":3},"obs":{"leaves":11,"flowers":6,"fruits":7},"sp":{"leaves":{"black chokeberry":3}}},{"w":"2026-09-15","yes":{"leaves":1,"flowers":1},"obs":{"leaves":7,"flowers":5,"fruits":6},"sp":{"leaves":{"coastal sweetpepperbush":1},"flowers":{"coastal sweetpepperbush":1}}},{"w":"2026-09-01","yes":{"leaves":2,"flowers":2},"obs":{"leaves":10,"flowers":4,"fruits":3},"sp":{"leaves":{"coastal sweetpepperbush":1,"black chokeberry":1},"flowers":{"coastal sweetpepperbush":2}}}]}},{"type":"Feature","geometry":{"type":"Point","coordinates":[-68.37015,44.38048]},"properties":{"site":55259,"st":"ME","n":46,"classes":{"leaves":46},"weeks":[{"w":"2026-10-06","yes":{"leaves":13},"obs":{"leaves":13},"sp":{"leaves":{"black chokeberry":6,"common winterberry":3,"coastal sweetpepperbush":2,"pussy willow":1,"northern bayberry":1}}},{"w":"2026-09-29","yes":{"leaves":8},"obs":{"leaves":8},"sp":{"leaves":{"black chokeberry":3,"common winterberry":2,"coastal sweetpepperbush":1,"pussy willow":1,"northern bayberry":1}}},{"w":"2026-09-22","yes":{"leaves":8},"obs":{"leaves":8},"sp":{"leaves":{"black chokeberry":3,"common winterberry":2,"coastal sweetpepperbush":1,"pussy willow":1,"northern bayberry":1}}},{"w":"2026-09-15","yes":{"leaves":8},"obs":{"leaves":8},"sp":{"leaves":{"black chokeberry":3,"common winterberry":2,"coastal sweetpepperbush":1,"pussy willow":1,"northern bayberry":1}}},{"w":"2026-09-08","yes":{"leaves":1},"obs":{"leaves":1},"sp":{"leaves":{"coastal sweetpepperbush":1}}},{"w":"2026-09-01","yes":{"leaves":8},"obs":{"leaves":8},"sp":{"leaves":{"black chokeberry":3,"common winterberry":2,"coastal sweetpepperbush":1,"pussy willow":1,"northern bayberry":1}}}]}},{"type":"Feature","geometry":{"type":"Point","coordinates":[-97.17255,26.13836]},"properties":{"site":55301,"st":"TX","n":6,"classes":{"leaves":2,"fruits":2,"flowers":2},"weeks":[{"w":"2026-10-06","yes":{"leaves":2},"obs":{"leaves":6,"flowers":2,"fruits":3},"sp":{"leaves":{"redcardinal":2}}},{"w":"2026-09-22","yes":{"fruits":1},"obs":{"flowers":2,"fruits":3},"sp":{"fruits":{"American century plant":1}}},{"w":"2026-09-01","yes":{"flowers":2,"fruits":1},"obs":{"flowers":3,"fruits":4},"sp":{"flowers":{"American century plant":2},"fruits":{"American century plant":1}}}]}},{"type":"Feature","geometry":{"type":"Point","coordinates":[-68.2065,44.36219]},"properties":{"site":55362,"st":"ME","n":38,"classes":{"leaves":6,"fruits":23,"flowers":9},"weeks":[{"w":"2026-09-29","yes":{"leaves":3,"fruits":5},"obs":{"leaves":6,"fruits":5},"sp":{"leaves":{"black chokeberry":3},"fruits":{"coastal sweetpepperbush":5}}},{"w":"2026-09-22","yes":{"leaves":3,"fruits":9},"obs":{"leaves":3,"fruits":10},"sp":{"leaves":{"black chokeberry":3},"fruits":{"coastal sweetpepperbush":5,"black chokeberry":4}}},{"w":"2026-09-08","yes":{"flowers":4,"fruits":5},"obs":{"flowers":5,"fruits":6},"sp":{"flowers":{"coastal sweetpepperbush":4},"fruits":{"black chokeberry":4,"coastal sweetpepperbush":1}}},{"w":"2026-09-01","yes":{"flowers":5,"fruits":4},"obs":{"flowers":6,"fruits":8},"sp":{"flowers":{"coastal sweetpepperbush":5},"fruits":{"black chokeberry":4}}}]}},{"type":"Feature","geometry":{"type":"Point","coordinates":[-122.51098,44.39137]},"properties":{"site":55475,"st":"OR","n":277,"classes":{"leaves":227,"fruits":50},"weeks":[{"w":"2026-09-29","yes":{"leaves":43,"fruits":7},"obs":{"leaves":85,"flowers":50,"fruits":57},"sp":{"leaves":{"Indian plum":9,"Oregon white oak":9,"common snowberry":8,"bigleaf maple":8,"vine maple":6},"fruits":{"bigleaf maple":5,"vine maple":2}}},{"w":"2026-09-15","yes":{"leaves":76,"fruits":11},"obs":{"leaves":163,"flowers":100,"fruits":108},"sp":{"leaves":{"Indian plum":17,"Oregon white oak":15,"bigleaf maple":14,"common snowberry":13,"vine maple":11},"fruits":{"bigleaf maple":7,"vine maple":3,"Oregon white oak":1}}},{"w":"2026-09-01","yes":{"leaves":62,"fruits":14},"obs":{"leaves":168,"flowers":100,"fruits":107},"sp":{"leaves":{"Indian plum":17,"Oregon white oak":12,"bigleaf maple":12,"common snowberry":10,"vine maple":8},"fruits":{"bigleaf maple":7,"vine maple":4,"Oregon white oak":3}}},{"w":"2026-08-18","yes":{"leaves":46,"fruits":18},"obs":{"leaves":168,"flowers":100,"fruits":109},"sp":{"leaves":{"Indian plum":9,"common snowberry":9,"bigleaf maple":9,"Oregon white oak":9,"vine maple":7},"fruits":{"bigleaf maple":6,"vine maple":4,"Oregon white oak":4,"Douglas-fir":3,"common snowberry":1}}}]}},{"type":"Feature","geometry":{"type":"Point","coordinates":[-78.92386,35.87314]},"properties":{"site":55554,"st":"NC","n":23,"classes":{"leaves":20,"flowers":2,"fruits":1},"weeks":[{"w":"2026-10-06","yes":{"leaves":20,"flowers":2,"fruits":1},"obs":{"leaves":25,"flowers":13,"fruits":15},"sp":{"leaves":{"sweetgum":5,"red maple":4,"sourwood":4,"southern red oak":4,"white oak":3},"flowers":{"sourwood":1,"sweetgum":1},"fruits":{"sweetgum":1}}}]}},{"type":"Feature","geometry":{"type":"Point","coordinates":[-88.18401,30.70114]},"properties":{"site":55574,"st":"AL","n":18,"classes":{"leaves":13,"fruits":5},"weeks":[{"w":"2026-08-25","yes":{"leaves":13,"fruits":5},"obs":{"leaves":71,"flowers":35,"fruits":48},"sp":{"leaves":{"Elliott's blueberry":3,"American beautyberry":3,"sweetgum":2,"Chinese tallow":2,"yaupon":2},"fruits":{"American beautyberry":5}}}]}},{"type":"Feature","geometry":{"type":"Point","coordinates":[-110.91179,32.25346]},"properties":{"site":55633,"st":"AZ","n":7,"classes":{"birds":7},"weeks":[{"w":"2026-09-22","yes":{"birds":4},"obs":{"flowers":6,"fruits":9,"birds":9},"sp":{"birds":{"Gambel's quail":2,"mourning dove":2}}},{"w":"2026-09-15","yes":{"birds":3},"obs":{"flowers":12,"fruits":18,"birds":25},"sp":{"birds":{"mourning dove":3}}}]}},{"type":"Feature","geometry":{"type":"Point","coordinates":[-86.81036,40.48924]},"properties":{"site":55653,"st":"IN","n":136,"classes":{"leaves":65,"fruits":28,"insects":31,"birds":12},"weeks":[{"w":"2026-10-06","yes":{"leaves":32,"fruits":12,"insects":11,"birds":5},"obs":{"leaves":106,"flowers":60,"fruits":76,"insects":52,"birds":14},"sp":{"leaves":{"apple":10,"silver maple":6,"American black elderberry":4,"eastern redbud":2,"dwarf chinquapin oak":2},"fruits":{"American pokeweed":6,"American black elderberry":4,"butterfly milkweed":2},"insects":{"bumblebee":4,"eastern carpenter bee":4,"honeybee":3},"birds":{"ruby-throated hummingbird":5}}},{"w":"2026-09-29","yes":{"leaves":16,"fruits":6,"insects":10,"birds":3},"obs":{"leaves":53,"flowers":30,"fruits":39,"insects":26,"birds":7},"sp":{"leaves":{"apple":5,"silver maple":3,"American black elderberry":2,"eastern redbud":1,"dwarf chinquapin oak":1},"fruits":{"American black elderberry":2,"American pokeweed":2,"butterfly milkweed":1,"wild bergamot":1},"insects":{"black swallowtail":3,"honeybee":3,"bumblebee":2,"eastern carpenter bee":2},"birds":{"ruby-throated hummingbird":3}}},{"w":"2026-09-22","yes":{"leaves":17,"fruits":10,"insects":10,"birds":4},"obs":{"leaves":53,"flowers":30,"fruits":39,"insects":25,"birds":7},"sp":{"leaves":{"apple":6,"silver maple":3,"American black elderberry":2,"eastern redbud":1,"dwarf chinquapin oak":1},"fruits":{"apple":4,"American black elderberry":2,"American pokeweed":2,"butterfly milkweed":1,"wild bergamot":1},"insects":{"black swallowtail":5,"bumblebee":2,"eastern carpenter bee":2,"monarch":1},"birds":{"ruby-throated hummingbird":4}}}]}},{"type":"Feature","geometry":{"type":"Point","coordinates":[-122.11611,44.17978]},"properties":{"site":55671,"st":"OR","n":194,"classes":{"leaves":104,"flowers":10,"fruits":80},"weeks":[{"w":"2026-10-06","yes":{"leaves":19,"flowers":2,"fruits":3},"obs":{"leaves":48,"flowers":32,"fruits":36},"sp":{"leaves":{"vine maple":9,"common snowberry":4,"Indian plum":3,"bigleaf maple":3},"flowers":{"common snowberry":2},"fruits":{"common snowberry":3}}},{"w":"2026-09-22","yes":{"leaves":21,"flowers":2,"fruits":20},"obs":{"leaves":48,"flowers":32,"fruits":36},"sp":{"leaves":{"vine maple":8,"common snowberry":8,"Indian plum":3,"bigleaf maple":2},"flowers":{"common snowberry":2},"fruits":{"vine maple":9,"Douglas-fir":6,"common snowberry":5}}},{"w":"2026-09-15","yes":{"leaves":32,"flowers":4,"fruits":26},"obs":{"leaves":96,"flowers":64,"fruits":72},"sp":{"leaves":{"vine maple":12,"common snowberry":11,"Indian plum":5,"bigleaf maple":3,"Douglas-fir":1},"flowers":{"common snowberry":4},"fruits":{"vine maple":10,"common snowberry":9,"Douglas-fir":6,"bigleaf maple":1}}},{"w":"2026-09-01","yes":{"leaves":15,"fruits":12},"obs":{"leaves":46,"flowers":32,"fruits":32},"sp":{"leaves":{"vine maple":7,"common snowberry":5,"Indian plum":2,"bigleaf maple":1},"fruits":{"vine maple":6,"common snowberry":5,"Douglas-fir":1}}},{"w":"2026-08-18","yes":{"leaves":17,"flowers":2,"fruits":19},"obs":{"leaves":48,"flowers":32,"fruits":36},"sp":{"leaves":{"vine maple":6,"common snowberry":6,"Indian plum":3,"bigleaf maple":2},"flowers":{"common snowberry":2},"fruits":{"vine maple":9,"Douglas-fir":4,"common snowberry":4,"bigleaf maple":2}}}]}},{"type":"Feature","geometry":{"type":"Point","coordinates":[-111.78918,33.4297]},"properties":{"site":55684,"st":"AZ","n":192,"classes":{"leaves":75,"flowers":99,"fruits":18},"weeks":[{"w":"2026-09-29","yes":{"leaves":13,"flowers":18,"fruits":6},"obs":{"leaves":27,"flowers":18,"fruits":27,"insects":7},"sp":{"leaves":{"rush-desert-milkweed":13},"flowers":{"rush-desert-milkweed":18},"fruits":{"rush-desert-milkweed":6}}},{"w":"2026-09-22","yes":{"leaves":16,"flowers":18,"fruits":8},"obs":{"leaves":27,"flowers":18,"fruits":27,"insects":7},"sp":{"leaves":{"rush-desert-milkweed":16},"flowers":{"rush-desert-milkweed":18},"fruits":{"rush-desert-milkweed":8}}},{"w":"2026-09-15","yes":{"leaves":13,"flowers":17},"obs":{"leaves":27,"flowers":18,"fruits":27,"insects":7},"sp":{"leaves":{"rush-desert-milkweed":13},"flowers":{"rush-desert-milkweed":17}}},{"w":"2026-09-08","yes":{"leaves":12,"flowers":17,"fruits":1},"obs":{"leaves":27,"flowers":18,"fruits":27,"insects":7},"sp":{"leaves":{"rush-desert-milkweed":12},"flowers":{"rush-desert-milkweed":17},"fruits":{"rush-desert-milkweed":1}}},{"w":"2026-09-01","yes":{"leaves":13,"flowers":16,"fruits":2},"obs":{"leaves":27,"flowers":18,"fruits":27,"insects":7},"sp":{"leaves":{"rush-desert-milkweed":13},"flowers":{"rush-desert-milkweed":16},"fruits":{"rush-desert-milkweed":2}}},{"w":"2026-08-25","yes":{"leaves":8,"flowers":13,"fruits":1},"obs":{"leaves":27,"flowers":18,"fruits":27,"insects":7},"sp":{"leaves":{"rush-desert-milkweed":8},"flowers":{"rush-desert-milkweed":13},"fruits":{"rush-desert-milkweed":1}}}]}},{"type":"Feature","geometry":{"type":"Point","coordinates":[-96.56219,32.91351]},"properties":{"site":55777,"st":"TX","n":25,"classes":{"leaves":12,"flowers":7,"fruits":6},"weeks":[{"w":"2026-09-22","yes":{"leaves":4,"flowers":2,"fruits":2},"obs":{"leaves":10,"flowers":4,"fruits":6},"sp":{"leaves":{"American beautyberry":2,"wax mallow":2},"flowers":{"wax mallow":2},"fruits":{"American beautyberry":2}}},{"w":"2026-09-01","yes":{"leaves":3,"flowers":3,"fruits":2},"obs":{"leaves":10,"flowers":4,"fruits":6},"sp":{"leaves":{"wax mallow":2,"American beautyberry":1},"flowers":{"wax mallow":2,"American beautyberry":1},"fruits":{"American beautyberry":2}}},{"w":"2026-08-25","yes":{"leaves":5,"flowers":2,"fruits":2},"obs":{"leaves":10,"flowers":4,"fruits":6},"sp":{"leaves":{"American beautyberry":3,"wax mallow":2},"flowers":{"wax mallow":2},"fruits":{"American beautyberry":2}}}]}},{"type":"Feature","geometry":{"type":"Point","coordinates":[-84.73424,33.53529]},"properties":{"site":55883,"st":"GA","n":6,"classes":{"leaves":5,"fruits":1},"weeks":[{"w":"2026-10-06","yes":{"leaves":5,"fruits":1},"obs":{"leaves":9,"flowers":4,"fruits":3},"sp":{"leaves":{"tuliptree":5},"fruits":{"tuliptree":1}}}]}},{"type":"Feature","geometry":{"type":"Point","coordinates":[-122.13596,44.17703]},"properties":{"site":55914,"st":"OR","n":70,"classes":{"leaves":45,"fruits":25},"weeks":[{"w":"2026-10-06","yes":{"leaves":11,"fruits":2},"obs":{"leaves":20,"flowers":12,"fruits":12},"sp":{"leaves":{"bigleaf maple":8,"black cottonwood":3},"fruits":{"bigleaf maple":2}}},{"w":"2026-09-22","yes":{"leaves":9,"fruits":6},"obs":{"leaves":22,"flowers":15,"fruits":15},"sp":{"leaves":{"bigleaf maple":7,"black cottonwood":2},"fruits":{"bigleaf maple":6}}},{"w":"2026-09-15","yes":{"leaves":12,"fruits":5},"obs":{"leaves":42,"flowers":27,"fruits":26},"sp":{"leaves":{"bigleaf maple":10,"black cottonwood":2},"fruits":{"bigleaf maple":5}}},{"w":"2026-09-01","yes":{"leaves":7,"fruits":7},"obs":{"leaves":22,"flowers":15,"fruits":15},"sp":{"leaves":{"bigleaf maple":5,"black cottonwood":2},"fruits":{"bigleaf maple":5,"Douglas-fir":2}}},{"w":"2026-08-18","yes":{"leaves":6,"fruits":5},"obs":{"leaves":22,"flowers":15,"fruits":15},"sp":{"leaves":{"bigleaf maple":5,"black cottonwood":1},"fruits":{"bigleaf maple":5}}}]}},{"type":"Feature","geometry":{"type":"Point","coordinates":[-86.18758,39.57191]},"properties":{"site":56047,"st":"-9999","n":14,"classes":{"leaves":7,"fruits":7},"weeks":[{"w":"2026-10-06","yes":{"leaves":7,"fruits":7},"obs":{"leaves":26,"flowers":14,"fruits":20,"birds":7},"sp":{"leaves":{"Autumn Brilliance serviceberry":3,"eastern redbud":1,"hophornbeam":1,"northern red oak":1,"zigzag spiderwort":1},"fruits":{"jack in the pulpit":3,"northern red oak":3,"eastern redbud":1}}}]}},{"type":"Feature","geometry":{"type":"Point","coordinates":[-97.45983,32.7588]},"properties":{"site":56257,"st":"TX","n":16,"classes":{"leaves":8,"fruits":8},"weeks":[{"w":"2026-10-06","yes":{"leaves":2,"fruits":3},"obs":{"leaves":5,"flowers":6,"fruits":9},"sp":{"leaves":{"American beautyberry":2},"fruits":{"American beautyberry":3}}},{"w":"2026-09-15","yes":{"leaves":1,"fruits":3},"obs":{"leaves":5,"flowers":6,"fruits":9},"sp":{"leaves":{"American beautyberry":1},"fruits":{"American beautyberry":3}}},{"w":"2026-08-18","yes":{"leaves":5,"fruits":2},"obs":{"leaves":9,"flowers":6,"fruits":9},"sp":{"leaves":{"mealycup sage":2,"American beautyberry":2,"white crownbeard":1},"fruits":{"American beautyberry":2}}}]}},{"type":"Feature","geometry":{"type":"Point","coordinates":[-95.16523,29.53401]},"properties":{"site":56283,"st":"-9999","n":16,"classes":{"insects":5,"leaves":4,"flowers":7},"weeks":[{"w":"2026-09-29","yes":{"insects":1},"obs":{"insects":10},"sp":{"insects":{"Apache cicada":1}}},{"w":"2026-09-15","yes":{"leaves":4,"flowers":7,"insects":4},"obs":{"leaves":8,"flowers":10,"fruits":6,"insects":19},"sp":{"leaves":{"big bluestem":2,"eastern purple coneflower":2},"flowers":{"eastern purple coneflower":4,"big bluestem":3},"insects":{"Apache cicada":4}}}]}},{"type":"Feature","geometry":{"type":"Point","coordinates":[-122.90456,44.0509]},"properties":{"site":56302,"st":"-9999","n":8,"classes":{"leaves":5,"fruits":3},"weeks":[{"w":"2026-09-22","yes":{"leaves":3,"fruits":1},"obs":{"leaves":5,"flowers":3,"fruits":3},"sp":{"leaves":{"vine maple":3},"fruits":{"vine maple":1}}},{"w":"2026-09-08","yes":{"leaves":2,"fruits":2},"obs":{"leaves":5,"flowers":3,"fruits":3},"sp":{"leaves":{"vine maple":2},"fruits":{"vine maple":2}}}]}},{"type":"Feature","geometry":{"type":"Point","coordinates":[-87.0652,40.4085]},"properties":{"site":56331,"st":"IN","n":186,"classes":{"leaves":132,"fruits":54},"weeks":[{"w":"2026-09-15","yes":{"leaves":44,"fruits":20},"obs":{"leaves":140,"flowers":79,"fruits":120},"sp":{"leaves":{"northern spicebush":40,"bloodroot":2,"Canadian wildginger":2},"fruits":{"northern spicebush":20}}},{"w":"2026-08-25","yes":{"leaves":88,"fruits":34},"obs":{"leaves":280,"flowers":158,"fruits":240},"sp":{"leaves":{"northern spicebush":80,"bloodroot":4,"Canadian wildginger":4},"fruits":{"northern spicebush":34}}}]}},{"type":"Feature","geometry":{"type":"Point","coordinates":[-89.33566,43.09258]},"properties":{"site":56387,"st":"WI","n":58,"classes":{"leaves":38,"fruits":20},"weeks":[{"w":"2026-09-29","yes":{"leaves":5,"fruits":4},"obs":{"leaves":46,"flowers":45,"fruits":69},"sp":{"leaves":{"white trillium":2,"perfoliate bellwort":2,"eastern false rue anemone":1},"fruits":{"jack in the pulpit":3,"perfoliate bellwort":1}}},{"w":"2026-09-22","yes":{"leaves":4},"obs":{"leaves":46,"flowers":45,"fruits":69},"sp":{"leaves":{"white trillium":2,"perfoliate bellwort":2}}},{"w":"2026-09-15","yes":{"leaves":4,"fruits":8},"obs":{"leaves":48,"flowers":46,"fruits":71},"sp":{"leaves":{"white trillium":2,"perfoliate bellwort":2},"fruits":{"jack in the pulpit":4,"white trillium":2,"perfoliate bellwort":2}}},{"w":"2026-09-08","yes":{"leaves":2,"fruits":5},"obs":{"leaves":24,"flowers":23,"fruits":36},"sp":{"leaves":{"white trillium":1,"perfoliate bellwort":1},"fruits":{"jack in the pulpit":3,"white trillium":1,"perfoliate bellwort":1}}},{"w":"2026-09-01","yes":{"leaves":3},"obs":{"leaves":22,"flowers":22,"fruits":33},"sp":{"leaves":{"bloodroot":1,"white trillium":1,"perfoliate bellwort":1}}},{"w":"2026-08-25","yes":{"leaves":15,"fruits":3},"obs":{"leaves":48,"flowers":46,"fruits":70},"sp":{"leaves":{"white trillium":2,"toadshade":2,"perfoliate bellwort":2,"bloodroot":2,"Virginia bluebells":1},"fruits":{"jack in the pulpit":2,"white trillium":1}}},{"w":"2026-08-18","yes":{"leaves":5},"obs":{"leaves":22,"flowers":22,"fruits":33},"sp":{"leaves":{"white trillium":1,"toadshade":1,"perfoliate bellwort":1,"mayapple":1,"bloodroot":1}}}]}},{"type":"Feature","geometry":{"type":"Point","coordinates":[-119.7314,48.3657]},"properties":{"site":56425,"st":"-9999","n":20,"classes":{"leaves":11,"fruits":9},"weeks":[{"w":"2026-08-18","yes":{"leaves":11,"fruits":9},"obs":{"leaves":17,"flowers":8,"fruits":12},"sp":{"leaves":{"Nootka rose":4,"blue elderberry":3,"Saskatoon serviceberry":3,"arrowleaf balsamroot":1},"fruits":{"blue elderberry":3,"Saskatoon serviceberry":3,"Nootka rose":3}}}]}},{"type":"Feature","geometry":{"type":"Point","coordinates":[-73.457,41.25882]},"properties":{"site":56454,"st":"CT","n":0,"classes":{},"weeks":[{"w":"2026-10-06","yes":{},"obs":{"birds":42},"sp":{}},{"w":"2026-09-29","yes":{},"obs":{"birds":42},"sp":{}},{"w":"2026-09-22","yes":{},"obs":{"birds":42},"sp":{}},{"w":"2026-09-15","yes":{},"obs":{"birds":42},"sp":{}},{"w":"2026-09-08","yes":{},"obs":{"birds":70},"sp":{}},{"w":"2026-09-01","yes":{},"obs":{"birds":14},"sp":{}},{"w":"2026-08-25","yes":{},"obs":{"birds":42},"sp":{}},{"w":"2026-08-18","yes":{},"obs":{"birds":42},"sp":{}}]}},{"type":"Feature","geometry":{"type":"Point","coordinates":[-73.45194,41.26008]},"properties":{"site":56455,"st":"CT","n":141,"classes":{"leaves":137,"fruits":4},"weeks":[{"w":"2026-10-06","yes":{"leaves":9},"obs":{"leaves":17,"flowers":8,"fruits":12},"sp":{"leaves":{"American beech":9}}},{"w":"2026-09-29","yes":{"leaves":25},"obs":{"leaves":51,"flowers":24,"fruits":27},"sp":{"leaves":{"American beech":23,"Canada mayflower":2}}},{"w":"2026-09-22","yes":{"leaves":20},"obs":{"leaves":49,"flowers":22,"fruits":27},"sp":{"leaves":{"American beech":19,"Canada mayflower":1}}},{"w":"2026-09-15","yes":{"leaves":22},"obs":{"leaves":51,"flowers":24,"fruits":36},"sp":{"leaves":{"American beech":21,"Canada mayflower":1}}},{"w":"2026-09-08","yes":{"leaves":18},"obs":{"leaves":49,"flowers":22,"fruits":26},"sp":{"leaves":{"American beech":16,"Canada mayflower":2}}},{"w":"2026-09-01","yes":{"leaves":10},"obs":{"leaves":32,"flowers":14,"fruits":14},"sp":{"leaves":{"American beech":9,"Canada mayflower":1}}},{"w":"2026-08-25","yes":{"leaves":19,"fruits":2},"obs":{"leaves":49,"flowers":22,"fruits":33},"sp":{"leaves":{"American beech":18,"Canada mayflower":1},"fruits":{"Canada mayflower":2}}},{"w":"2026-08-18","yes":{"leaves":14,"fruits":2},"obs":{"leaves":47,"flowers":20,"fruits":13},"sp":{"leaves":{"American beech":13,"Canada mayflower":1},"fruits":{"Canada mayflower":2}}}]}},{"type":"Feature","geometry":{"type":"Point","coordinates":[-73.45548,41.25702]},"properties":{"site":56456,"st":"CT","n":77,"classes":{"leaves":68,"fruits":9},"weeks":[{"w":"2026-10-06","yes":{"leaves":9},"obs":{"leaves":40,"flowers":31,"fruits":21},"sp":{"leaves":{"shagbark hickory":5,"white oak":4}}},{"w":"2026-09-29","yes":{"leaves":10,"fruits":1},"obs":{"leaves":42,"flowers":33,"fruits":30},"sp":{"leaves":{"white oak":5,"shagbark hickory":4,"Canada mayflower":1},"fruits":{"eastern hemlock":1}}},{"w":"2026-09-22","yes":{"leaves":8},"obs":{"leaves":40,"flowers":31,"fruits":27},"sp":{"leaves":{"white oak":5,"shagbark hickory":3}}},{"w":"2026-09-15","yes":{"leaves":8},"obs":{"leaves":42,"flowers":33,"fruits":28},"sp":{"leaves":{"shagbark hickory":5,"white oak":3}}},{"w":"2026-09-08","yes":{"leaves":11,"fruits":2},"obs":{"leaves":48,"flowers":38,"fruits":37},"sp":{"leaves":{"shagbark hickory":4,"white oak":4,"Canada mayflower":3},"fruits":{"Canada mayflower":2}}},{"w":"2026-09-01","yes":{"leaves":7,"fruits":3},"obs":{"leaves":28,"flowers":22,"fruits":19},"sp":{"leaves":{"shagbark hickory":3,"white oak":2,"Canada mayflower":2},"fruits":{"Canada mayflower":3}}},{"w":"2026-08-25","yes":{"leaves":9,"fruits":2},"obs":{"leaves":42,"flowers":33,"fruits":29},"sp":{"leaves":{"shagbark hickory":3,"white oak":3,"Canada mayflower":3},"fruits":{"Canada mayflower":2}}},{"w":"2026-08-18","yes":{"leaves":6,"fruits":1},"obs":{"leaves":28,"flowers":22,"fruits":19},"sp":{"leaves":{"white oak":2,"Canada mayflower":2,"shagbark hickory":2},"fruits":{"Canada mayflower":1}}}]}},{"type":"Feature","geometry":{"type":"Point","coordinates":[-96.7648,33.06457]},"properties":{"site":56475,"st":"TX","n":50,"classes":{"leaves":14,"flowers":14,"fruits":22},"weeks":[{"w":"2026-09-08","yes":{"leaves":7,"flowers":6,"fruits":11},"obs":{"leaves":22,"flowers":16,"fruits":24},"sp":{"leaves":{"American beautyberry":1,"common sunflower":1,"eastern purple coneflower":1,"palmleaf thoroughwort":1,"wax mallow":1},"flowers":{"common sunflower":2,"palmleaf thoroughwort":2,"wax mallow":2},"fruits":{"common sunflower":3,"eastern purple coneflower":3,"palmleaf thoroughwort":3,"American beautyberry":2}}},{"w":"2026-08-25","yes":{"leaves":7,"flowers":8,"fruits":11},"obs":{"leaves":22,"flowers":16,"fruits":24},"sp":{"leaves":{"green antelopehorn":1,"American beautyberry":1,"common sunflower":1,"eastern purple coneflower":1,"palmleaf thoroughwort":1},"flowers":{"common sunflower":2,"eastern purple coneflower":2,"palmleaf thoroughwort":2,"wax mallow":2},"fruits":{"palmleaf thoroughwort":3,"American beautyberry":2,"common sunflower":2,"wax mallow":2,"green antelopehorn":1}}}]}},{"type":"Feature","geometry":{"type":"Point","coordinates":[-96.89275,33.08064]},"properties":{"site":56495,"st":"TX","n":0,"classes":{},"weeks":[{"w":"2026-09-22","yes":{},"obs":{"leaves":2,"flowers":2,"fruits":3},"sp":{}},{"w":"2026-09-15","yes":{},"obs":{"leaves":2,"flowers":2,"fruits":3},"sp":{}},{"w":"2026-09-08","yes":{},"obs":{"leaves":2,"flowers":2,"fruits":3},"sp":{}},{"w":"2026-09-01","yes":{},"obs":{"leaves":2,"flowers":2,"fruits":3},"sp":{}}]}},{"type":"Feature","geometry":{"type":"Point","coordinates":[-97.18492,30.1794]},"properties":{"site":56527,"st":"TX","n":16,"classes":{"leaves":5,"flowers":4,"fruits":7},"weeks":[{"w":"2026-09-29","yes":{"leaves":2,"flowers":2,"fruits":4},"obs":{"leaves":4,"flowers":4,"fruits":6},"sp":{"leaves":{"mealycup sage":1,"butterfly milkweed":1},"flowers":{"mealycup sage":2},"fruits":{"mealycup sage":3,"butterfly milkweed":1}}},{"w":"2026-09-01","yes":{"leaves":3,"flowers":2,"fruits":3},"obs":{"leaves":13,"flowers":12,"fruits":18},"sp":{"leaves":{"mealycup sage":2,"butterfly milkweed":1},"flowers":{"mealycup sage":2},"fruits":{"mealycup sage":3}}}]}},{"type":"Feature","geometry":{"type":"Point","coordinates":[-89.4321,43.0915]},"properties":{"site":56552,"st":"-9999","n":44,"classes":{"leaves":39,"fruits":5},"weeks":[{"w":"2026-09-22","yes":{"leaves":14,"fruits":2},"obs":{"leaves":40,"flowers":24,"fruits":23},"sp":{"leaves":{"sugar maple":7,"silver maple":5,"Norway maple":2},"fruits":{"Norway maple":2}}},{"w":"2026-09-15","yes":{"leaves":9,"fruits":2},"obs":{"leaves":40,"flowers":24,"fruits":23},"sp":{"leaves":{"sugar maple":5,"silver maple":2,"Norway maple":2},"fruits":{"Norway maple":2}}},{"w":"2026-09-08","yes":{"leaves":8,"fruits":1},"obs":{"leaves":40,"flowers":24,"fruits":22},"sp":{"leaves":{"sugar maple":4,"silver maple":2,"Norway maple":2},"fruits":{"Norway maple":1}}},{"w":"2026-09-01","yes":{"leaves":8},"obs":{"leaves":40,"flowers":24,"fruits":24},"sp":{"leaves":{"sugar maple":4,"silver maple":2,"Norway maple":2}}}]}},{"type":"Feature","geometry":{"type":"Point","coordinates":[-89.33566,43.09258]},"properties":{"site":56561,"st":"WI","n":241,"classes":{"leaves":171,"fruits":69,"flowers":1},"weeks":[{"w":"2026-09-29","yes":{"leaves":34,"fruits":13},"obs":{"leaves":100,"flowers":40,"fruits":60},"sp":{"leaves":{"common serviceberry":6,"alternateleaf dogwood":5,"eastern redbud":4,"apple":4,"American witchhazel":3},"fruits":{"eastern redbud":4,"star magnolia":4,"apple":4,"American witchhazel":1}}},{"w":"2026-09-22","yes":{"leaves":31,"fruits":10},"obs":{"leaves":100,"flowers":40,"fruits":60},"sp":{"leaves":{"common serviceberry":6,"eastern redbud":4,"alternateleaf dogwood":4,"American witchhazel":3,"cucumber tree":3},"fruits":{"eastern redbud":4,"apple":4,"star magnolia":1,"American witchhazel":1}}},{"w":"2026-09-15","yes":{"leaves":15,"fruits":6},"obs":{"leaves":50,"flowers":20,"fruits":30},"sp":{"leaves":{"common serviceberry":3,"eastern redbud":2,"alternateleaf dogwood":2,"cucumber tree":2,"umbrella-tree":2},"fruits":{"eastern redbud":2,"apple":2,"American witchhazel":1,"star magnolia":1}}},{"w":"2026-09-08","yes":{"leaves":25,"fruits":8},"obs":{"leaves":100,"flowers":40,"fruits":60},"sp":{"leaves":{"common serviceberry":5,"eastern redbud":4,"American witchhazel":3,"apple":3,"alternateleaf dogwood":2},"fruits":{"apple":4,"eastern redbud":3,"star magnolia":1}}},{"w":"2026-09-01","yes":{"leaves":29,"fruits":11},"obs":{"leaves":100,"flowers":40,"fruits":60},"sp":{"leaves":{"common serviceberry":5,"eastern redbud":5,"alternateleaf dogwood":3,"cucumber tree":3,"star magnolia":3},"fruits":{"eastern redbud":3,"apple":3,"star magnolia":2,"American witchhazel":1,"alternateleaf dogwood":1}}},{"w":"2026-08-25","yes":{"leaves":12,"fruits":5},"obs":{"leaves":50,"flowers":20,"fruits":30},"sp":{"leaves":{"common serviceberry":3,"eastern redbud":2,"alternateleaf dogwood":1,"American witchhazel":1,"cucumber tree":1},"fruits":{"apple":2,"eastern redbud":1,"American witchhazel":1,"star magnolia":1}}},{"w":"2026-08-18","yes":{"leaves":25,"flowers":1,"fruits":16},"obs":{"leaves":100,"flowers":40,"fruits":60},"sp":{"leaves":{"common serviceberry":6,"eastern redbud":4,"apple":3,"alternateleaf dogwood":2,"American witchhazel":2},"flowers":{"American witchhazel":1},"fruits":{"apple":5,"alternateleaf dogwood":4,"eastern redbud":3,"star magnolia":2,"sweetbay":2}}}]}},{"type":"Feature","geometry":{"type":"Point","coordinates":[-89.33566,43.09258]},"properties":{"site":56562,"st":"WI","n":308,"classes":{"leaves":102,"flowers":90,"fruits":116},"weeks":[{"w":"2026-09-29","yes":{"leaves":11,"flowers":4,"fruits":18},"obs":{"leaves":25,"flowers":22,"fruits":33},"sp":{"leaves":{"golden zizia":1,"swamp milkweed":1,"butterfly milkweed":1,"common buttonbush":1,"eastern purple coneflower":1},"flowers":{"eastern purple coneflower":2,"wrinkleleaf goldenrod":2},"fruits":{"butterfly milkweed":3,"eastern purple coneflower":3,"scarlet beebalm":3,"spotted joe pye weed":2,"wild bergamot":2}}},{"w":"2026-09-22","yes":{"leaves":11,"flowers":6,"fruits":19},"obs":{"leaves":25,"flowers":22,"fruits":33},"sp":{"leaves":{"golden zizia":1,"swamp milkweed":1,"butterfly milkweed":1,"common buttonbush":1,"eastern purple coneflower":1},"flowers":{"eastern purple coneflower":2,"tall blazing star":2,"wrinkleleaf goldenrod":2},"fruits":{"golden zizia":3,"butterfly milkweed":3,"eastern purple coneflower":3,"spotted joe pye weed":3,"scarlet beebalm":3}}},{"w":"2026-09-08","yes":{"leaves":12,"flowers":10,"fruits":21},"obs":{"leaves":27,"flowers":24,"fruits":36},"sp":{"leaves":{"swamp milkweed":1,"butterfly milkweed":1,"common buttonbush":1,"eastern purple coneflower":1,"spotted joe pye weed":1},"flowers":{"eastern purple coneflower":2,"spotted joe pye weed":2,"tall blazing star":2,"cardinalflower":2,"wrinkleleaf goldenrod":2},"fruits":{"butterfly milkweed":3,"eastern purple coneflower":3,"wild bergamot":3,"common blue wood aster":3,"golden zizia":3}}},{"w":"2026-09-01","yes":{"leaves":21,"flowers":23,"fruits":25},"obs":{"leaves":54,"flowers":48,"fruits":70},"sp":{"leaves":{"butterfly milkweed":2,"common buttonbush":2,"eastern purple coneflower":2,"spotted joe pye weed":2,"tall blazing star":2},"flowers":{"eastern purple coneflower":4,"spotted joe pye weed":4,"cardinalflower":4,"wild bergamot":4,"tall blazing star":2},"fruits":{"butterfly milkweed":5,"scarlet beebalm":5,"eastern purple coneflower":3,"wild bergamot":3,"golden zizia":3}}},{"w":"2026-08-25","yes":{"leaves":36,"flowers":33,"fruits":25},"obs":{"leaves":80,"flowers":62,"fruits":99},"sp":{"leaves":{"eastern purple coneflower":4,"tall blazing star":4,"butterfly milkweed":3,"common buttonbush":3,"spotted joe pye weed":3},"flowers":{"eastern purple coneflower":8,"spotted joe pye weed":4,"cardinalflower":4,"scarlet beebalm":4,"wild bergamot":4},"fruits":{"common buttonbush":5,"golden zizia":5,"eastern purple coneflower":4,"scarlet beebalm":3,"wild bergamot":3}}},{"w":"2026-08-18","yes":{"leaves":11,"flowers":14,"fruits":8},"obs":{"leaves":27,"flowers":24,"fruits":36},"sp":{"leaves":{"swamp milkweed":1,"butterfly milkweed":1,"common buttonbush":1,"eastern purple coneflower":1,"spotted joe pye weed":1},"flowers":{"butterfly milkweed":2,"eastern purple coneflower":2,"spotted joe pye weed":2,"cardinalflower":2,"scarlet beebalm":2},"fruits":{"eastern purple coneflower":2,"golden zizia":2,"butterfly milkweed":1,"common buttonbush":1,"spotted joe pye weed":1}}}]}},{"type":"Feature","geometry":{"type":"Point","coordinates":[-89.33566,43.09258]},"properties":{"site":56563,"st":"WI","n":249,"classes":{"leaves":197,"fruits":50,"flowers":2},"weeks":[{"w":"2026-09-29","yes":{"leaves":21,"fruits":2},"obs":{"leaves":45,"flowers":27,"fruits":25},"sp":{"leaves":{"swamp white oak":6,"yellow birch":3,"eastern cottonwood":3,"bur oak":3,"paper birch":2},"fruits":{"paper birch":2}}},{"w":"2026-09-22","yes":{"leaves":65,"fruits":7},"obs":{"leaves":135,"flowers":81,"fruits":80},"sp":{"leaves":{"swamp white oak":18,"river birch":9,"eastern cottonwood":9,"bur oak":9,"paper birch":8},"fruits":{"swamp white oak":5,"paper birch":2}}},{"w":"2026-09-15","yes":{"leaves":41,"fruits":16},"obs":{"leaves":135,"flowers":81,"fruits":77},"sp":{"leaves":{"swamp white oak":12,"paper birch":6,"eastern cottonwood":5,"bur oak":5,"yellow birch":4},"fruits":{"swamp white oak":10,"paper birch":6}}},{"w":"2026-09-08","yes":{"leaves":31,"flowers":2,"fruits":9},"obs":{"leaves":135,"flowers":81,"fruits":81},"sp":{"leaves":{"swamp white oak":9,"paper birch":4,"yellow birch":3,"river birch":3,"eastern cottonwood":3},"flowers":{"paper birch":2},"fruits":{"swamp white oak":4,"paper birch":3,"bur oak":2}}},{"w":"2026-09-01","yes":{"leaves":11,"fruits":3},"obs":{"leaves":45,"flowers":27,"fruits":27},"sp":{"leaves":{"swamp white oak":3,"bur oak":2,"yellow birch":1,"paper birch":1,"river birch":1},"fruits":{"swamp white oak":2,"bur oak":1}}},{"w":"2026-08-25","yes":{"leaves":19,"fruits":8},"obs":{"leaves":90,"flowers":54,"fruits":53},"sp":{"leaves":{"swamp white oak":4,"eastern cottonwood":3,"yellow birch":2,"paper birch":2,"river birch":2},"fruits":{"swamp white oak":4,"paper birch":3,"bur oak":1}}},{"w":"2026-08-18","yes":{"leaves":9,"fruits":5},"obs":{"leaves":45,"flowers":27,"fruits":27},"sp":{"leaves":{"swamp white oak":2,"yellow birch":1,"paper birch":1,"river birch":1,"eastern cottonwood":1},"fruits":{"swamp white oak":2,"paper birch":2,"bur oak":1}}}]}},{"type":"Feature","geometry":{"type":"Point","coordinates":[-96.9904,33.0626]},"properties":{"site":56609,"st":"-9999","n":13,"classes":{"leaves":5,"fruits":4,"flowers":4},"weeks":[{"w":"2026-09-22","yes":{"leaves":2,"fruits":2},"obs":{"leaves":9,"flowers":6,"fruits":9},"sp":{"leaves":{"wild bergamot":1,"eastern redbud":1},"fruits":{"American star-thistle":1,"wild bergamot":1}}},{"w":"2026-08-18","yes":{"leaves":3,"flowers":4,"fruits":2},"obs":{"leaves":9,"flowers":6,"fruits":9},"sp":{"leaves":{"eastern redbud":2,"wild bergamot":1},"flowers":{"wild bergamot":2,"American star-thistle":2},"fruits":{"wild bergamot":1,"American star-thistle":1}}}]}},{"type":"Feature","geometry":{"type":"Point","coordinates":[-73.97659,40.65922]},"properties":{"site":56642,"st":"NY","n":16,"classes":{"leaves":6,"fruits":10},"weeks":[{"w":"2026-09-22","yes":{"leaves":2,"fruits":2},"obs":{"leaves":5,"flowers":2,"fruits":3},"sp":{"leaves":{"eastern redbud":2},"fruits":{"eastern redbud":2}}},{"w":"2026-09-15","yes":{"leaves":2,"fruits":4},"obs":{"leaves":10,"flowers":4,"fruits":6},"sp":{"leaves":{"eastern redbud":2},"fruits":{"eastern redbud":4}}},{"w":"2026-09-08","yes":{"leaves":1,"fruits":3},"obs":{"leaves":10,"flowers":4,"fruits":6},"sp":{"leaves":{"eastern redbud":1},"fruits":{"eastern redbud":3}}},{"w":"2026-08-18","yes":{"leaves":1,"fruits":1},"obs":{"leaves":5,"flowers":2,"fruits":3},"sp":{"leaves":{"eastern redbud":1},"fruits":{"eastern redbud":1}}}]}},{"type":"Feature","geometry":{"type":"Point","coordinates":[-73.97646,40.65954]},"properties":{"site":56643,"st":"NY","n":16,"classes":{"leaves":6,"fruits":10},"weeks":[{"w":"2026-09-15","yes":{"leaves":2,"fruits":4},"obs":{"leaves":10,"flowers":4,"fruits":6},"sp":{"leaves":{"eastern redbud":2},"fruits":{"eastern redbud":4}}},{"w":"2026-09-08","yes":{"leaves":1,"fruits":3},"obs":{"leaves":10,"flowers":4,"fruits":6},"sp":{"leaves":{"eastern redbud":1},"fruits":{"eastern redbud":3}}},{"w":"2026-08-18","yes":{"leaves":3,"fruits":3},"obs":{"leaves":15,"flowers":8,"fruits":9},"sp":{"leaves":{"eastern redbud":1,"northern red oak":1,"pin oak":1},"fruits":{"eastern redbud":1,"northern red oak":1,"pin oak":1}}}]}},{"type":"Feature","geometry":{"type":"Point","coordinates":[-74.93996,40.33099]},"properties":{"site":56656,"st":"-9999","n":335,"classes":{"leaves":83,"flowers":89,"fruits":163},"weeks":[{"w":"2026-09-29","yes":{"leaves":7,"flowers":6,"fruits":20},"obs":{"leaves":27,"flowers":26,"fruits":34},"sp":{"leaves":{"Virginia mountainmint":2,"cardinalflower":2,"New England aster":2,"tuliptree":1},"flowers":{"New England aster":4,"wrinkleleaf goldenrod":2},"fruits":{"New England aster":6,"Virginia mountainmint":4,"cardinalflower":2,"foxglove beardtongue":2,"New York ironweed":2}}},{"w":"2026-09-22","yes":{"leaves":12,"flowers":14,"fruits":32},"obs":{"leaves":40,"flowers":34,"fruits":44},"sp":{"leaves":{"tuliptree":4,"Virginia mountainmint":2,"cardinalflower":2,"New England aster":2,"Carolina elephantsfoot":1},"flowers":{"wrinkleleaf goldenrod":4,"cardinalflower":4,"New England aster":4,"Carolina elephantsfoot":2},"fruits":{"New England aster":6,"Carolina elephantsfoot":5,"wrinkleleaf goldenrod":5,"Virginia mountainmint":4,"common yarrow":3}}},{"w":"2026-09-15","yes":{"leaves":9,"flowers":12,"fruits":21},"obs":{"leaves":27,"flowers":24,"fruits":33},"sp":{"leaves":{"foxglove beardtongue":2,"New England aster":2,"cardinalflower":2,"Virginia mountainmint":2,"tuliptree":1},"flowers":{"New England aster":4,"cardinalflower":4,"Carolina elephantsfoot":2,"wrinkleleaf goldenrod":2},"fruits":{"New England aster":6,"Virginia mountainmint":6,"foxglove beardtongue":2,"cardinalflower":2,"tuliptree":2}}},{"w":"2026-09-08","yes":{"leaves":12,"flowers":12,"fruits":24},"obs":{"leaves":40,"flowers":32,"fruits":36},"sp":{"leaves":{"Carolina elephantsfoot":3,"tuliptree":3,"wrinkleleaf goldenrod":2,"common yarrow":1,"Virginia mountainmint":1},"flowers":{"Carolina elephantsfoot":6,"wrinkleleaf goldenrod":4,"New England aster":2},"fruits":{"common yarrow":5,"Carolina elephantsfoot":5,"tuliptree":4,"wrinkleleaf goldenrod":2,"Virginia mountainmint":2}}},{"w":"2026-09-01","yes":{"leaves":16,"flowers":14,"fruits":32},"obs":{"leaves":42,"flowers":35,"fruits":53},"sp":{"leaves":{"wrinkleleaf goldenrod":2,"tuliptree":2,"common yarrow":2,"Carolina elephantsfoot":2,"Virginia mountainmint":2},"flowers":{"wrinkleleaf goldenrod":4,"New England aster":4,"common yarrow":3,"Carolina elephantsfoot":3},"fruits":{"Carolina elephantsfoot":6,"Virginia mountainmint":6,"wild bergamot":6,"New England aster":6,"common yarrow":3}}},{"w":"2026-08-25","yes":{"leaves":10,"flowers":10,"fruits":13},"obs":{"leaves":23,"flowers":19,"fruits":25},"sp":{"leaves":{"tuliptree":3,"common yarrow":2,"wrinkleleaf goldenrod":2,"New York ironweed":2,"Carolina elephantsfoot":1},"flowers":{"common yarrow":4,"wrinkleleaf goldenrod":3,"New York ironweed":2,"Carolina elephantsfoot":1},"fruits":{"common yarrow":5,"tuliptree":3,"New York ironweed":3,"Carolina elephantsfoot":2}}},{"w":"2026-08-18","yes":{"leaves":17,"flowers":21,"fruits":21},"obs":{"leaves":39,"flowers":35,"fruits":42},"sp":{"leaves":{"wrinkleleaf goldenrod":2,"New York ironweed":2,"common yarrow":2,"Carolina elephantsfoot":2,"Virginia mountainmint":2},"flowers":{"New York ironweed":4,"Carolina elephantsfoot":4,"wild bergamot":4,"New England aster":4,"common yarrow":3},"fruits":{"Virginia mountainmint":5,"New York ironweed":4,"New England aster":4,"foxglove beardtongue":2,"wild bergamot":2}}}]}},{"type":"Feature","geometry":{"type":"Point","coordinates":[-74.94224,40.32954]},"properties":{"site":56657,"st":"-9999","n":182,"classes":{"leaves":161,"fruits":21},"weeks":[{"w":"2026-09-29","yes":{"leaves":20,"fruits":3},"obs":{"leaves":73,"flowers":40,"fruits":43},"sp":{"leaves":{"American beech":5,"beaked hazelnut":3,"swamp white oak":2,"white fringetree":2,"white oak":2},"fruits":{"willow oak":3}}},{"w":"2026-09-22","yes":{"leaves":33,"fruits":7},"obs":{"leaves":120,"flowers":71,"fruits":84},"sp":{"leaves":{"American beech":9,"beaked hazelnut":7,"Allegheny serviceberry":4,"swamp white oak":2,"American holly":2},"fruits":{"great laurel":5,"willow oak":2}}},{"w":"2026-09-15","yes":{"leaves":35,"fruits":1},"obs":{"leaves":138,"flowers":83,"fruits":99},"sp":{"leaves":{"beaked hazelnut":10,"American beech":6,"Allegheny serviceberry":4,"golden zizia":4,"chestnut oak":3},"fruits":{"golden zizia":1}}},{"w":"2026-09-08","yes":{"leaves":19,"fruits":4},"obs":{"leaves":85,"flowers":50,"fruits":63},"sp":{"leaves":{"Allegheny serviceberry":4,"American beech":3,"willow oak":3,"beaked hazelnut":2,"white baneberry":2},"fruits":{"willow oak":4}}},{"w":"2026-09-01","yes":{"leaves":24},"obs":{"leaves":101,"flowers":58,"fruits":74},"sp":{"leaves":{"Allegheny serviceberry":6,"American beech":6,"beaked hazelnut":3,"white fringetree":2,"chestnut oak":2}}},{"w":"2026-08-25","yes":{"leaves":11,"fruits":5},"obs":{"leaves":57,"flowers":35,"fruits":40},"sp":{"leaves":{"Allegheny serviceberry":3,"beaked hazelnut":2,"American beech":2,"swamp white oak":1,"golden zizia":1},"fruits":{"great laurel":2,"willow oak":2,"beaked hazelnut":1}}},{"w":"2026-08-18","yes":{"leaves":19,"fruits":1},"obs":{"leaves":77,"flowers":43,"fruits":53},"sp":{"leaves":{"American beech":4,"Allegheny serviceberry":3,"white oak":2,"white fringetree":2,"beaked hazelnut":2},"fruits":{"willow oak":1}}}]}},{"type":"Feature","geometry":{"type":"Point","coordinates":[-74.94252,40.33079]},"properties":{"site":56658,"st":"-9999","n":538,"classes":{"leaves":216,"fruits":247,"flowers":75},"weeks":[{"w":"2026-10-06","yes":{"leaves":28,"fruits":32},"obs":{"leaves":73,"flowers":40,"fruits":59},"sp":{"leaves":{"pawpaw":6,"common buttonbush":6,"umbrella-tree":5,"sourwood":3,"cardinalflower":2},"fruits":{"umbrella-tree":8,"great blue lobelia":6,"cardinalflower":5,"sourwood":5,"common buttonbush":4}}},{"w":"2026-09-29","yes":{"leaves":17,"flowers":2,"fruits":20},"obs":{"leaves":52,"flowers":26,"fruits":38},"sp":{"leaves":{"pawpaw":5,"umbrella-tree":4,"common buttonbush":3,"sourwood":2,"great blue lobelia":1},"flowers":{"great blue lobelia":2},"fruits":{"umbrella-tree":7,"great blue lobelia":3,"mountain laurel":3,"pawpaw":2,"common buttonbush":2}}},{"w":"2026-09-22","yes":{"leaves":23,"flowers":3,"fruits":37},"obs":{"leaves":98,"flowers":56,"fruits":72},"sp":{"leaves":{"umbrella-tree":5,"pawpaw":4,"sourwood":4,"American beech":2,"great blue lobelia":2},"flowers":{"great blue lobelia":3},"fruits":{"umbrella-tree":11,"pawpaw":6,"sourwood":5,"cardinalflower":5,"great blue lobelia":4}}},{"w":"2026-09-15","yes":{"leaves":51,"flowers":14,"fruits":61},"obs":{"leaves":171,"flowers":100,"fruits":133},"sp":{"leaves":{"sourwood":10,"common buttonbush":9,"umbrella-tree":7,"American beech":6,"American white waterlily":5},"flowers":{"great blue lobelia":10,"American white waterlily":2,"sourwood":2},"fruits":{"umbrella-tree":12,"cardinalflower":11,"sourwood":9,"common buttonbush":9,"mountain laurel":8}}},{"w":"2026-09-08","yes":{"leaves":18,"flowers":4,"fruits":22},"obs":{"leaves":78,"flowers":40,"fruits":54},"sp":{"leaves":{"umbrella-tree":8,"pawpaw":2,"common buttonbush":2,"sourwood":2,"cardinalflower":1},"flowers":{"great blue lobelia":2,"American white waterlily":2},"fruits":{"umbrella-tree":10,"pawpaw":5,"common buttonbush":3,"cardinalflower":1,"great blue lobelia":1}}},{"w":"2026-09-01","yes":{"leaves":29,"flowers":14,"fruits":30},"obs":{"leaves":123,"flowers":68,"fruits":96},"sp":{"leaves":{"umbrella-tree":6,"sourwood":5,"cardinalflower":3,"American white waterlily":3,"common buttonbush":3},"flowers":{"American white waterlily":6,"great blue lobelia":6,"cardinalflower":2},"fruits":{"umbrella-tree":7,"common buttonbush":5,"pawpaw":5,"sourwood":4,"cardinalflower":3}}},{"w":"2026-08-25","yes":{"leaves":28,"flowers":21,"fruits":23},"obs":{"leaves":123,"flowers":66,"fruits":94},"sp":{"leaves":{"umbrella-tree":6,"sourwood":4,"pawpaw":3,"cardinalflower":3,"American beech":3},"flowers":{"American white waterlily":6,"great blue lobelia":6,"cardinalflower":5,"common buttonbush":2,"sourwood":2},"fruits":{"umbrella-tree":6,"common buttonbush":5,"pawpaw":4,"mountain laurel":3,"sourwood":3}}},{"w":"2026-08-18","yes":{"leaves":22,"flowers":17,"fruits":22},"obs":{"leaves":103,"flowers":53,"fruits":73},"sp":{"leaves":{"umbrella-tree":5,"pawpaw":3,"American beech":3,"sourwood":3,"cardinalflower":2},"flowers":{"cardinalflower":4,"great blue lobelia":4,"American white waterlily":4,"common buttonbush":3,"sourwood":2},"fruits":{"umbrella-tree":9,"common buttonbush":4,"pawpaw":3,"cardinalflower":2,"mountain laurel":2}}}]}},{"type":"Feature","geometry":{"type":"Point","coordinates":[-74.94426,40.32939]},"properties":{"site":56659,"st":"-9999","n":50,"classes":{"leaves":45,"fruits":5},"weeks":[{"w":"2026-10-06","yes":{"leaves":3},"obs":{"leaves":5,"flowers":2,"fruits":3},"sp":{"leaves":{"American beech":3}}},{"w":"2026-09-29","yes":{"leaves":7},"obs":{"leaves":21,"flowers":13,"fruits":21},"sp":{"leaves":{"pipevine":3,"American beech":2,"woodland stonecrop":1,"heartleaf foamflower":1}}},{"w":"2026-09-22","yes":{"leaves":11},"obs":{"leaves":41,"flowers":28,"fruits":45},"sp":{"leaves":{"American beech":4,"pipevine":3,"woodland stonecrop":2,"heartleaf foamflower":2}}},{"w":"2026-09-08","yes":{"leaves":12},"obs":{"leaves":65,"flowers":43,"fruits":69},"sp":{"leaves":{"American beech":4,"woodland stonecrop":3,"heartleaf foamflower":3,"pipevine":2}}},{"w":"2026-09-01","yes":{"leaves":3,"fruits":1},"obs":{"leaves":23,"flowers":15,"fruits":23},"sp":{"leaves":{"American beech":1,"woodland stonecrop":1,"pipevine":1},"fruits":{"green false hellebore":1}}},{"w":"2026-08-25","yes":{"leaves":4,"fruits":1},"obs":{"leaves":25,"flowers":17,"fruits":27},"sp":{"leaves":{"American beech":1,"woodland stonecrop":1,"heartleaf foamflower":1,"pipevine":1},"fruits":{"green false hellebore":1}}},{"w":"2026-08-18","yes":{"leaves":5,"fruits":3},"obs":{"leaves":45,"flowers":30,"fruits":47},"sp":{"leaves":{"woodland stonecrop":2,"pipevine":1,"heartleaf foamflower":1,"American beech":1},"fruits":{"green false hellebore":2,"heartleaf foamflower":1}}}]}},{"type":"Feature","geometry":{"type":"Point","coordinates":[-74.94629,40.32859]},"properties":{"site":56661,"st":"-9999","n":83,"classes":{"leaves":51,"flowers":7,"fruits":25},"weeks":[{"w":"2026-10-06","yes":{"leaves":1,"flowers":1},"obs":{"leaves":2,"flowers":4,"fruits":6},"sp":{"leaves":{"Adam and Eve":1},"flowers":{"Adam and Eve":1}}},{"w":"2026-09-08","yes":{"leaves":1,"flowers":1,"fruits":1},"obs":{"leaves":5,"flowers":4,"fruits":6},"sp":{"leaves":{"cucumber tree":1},"flowers":{"cucumber tree":1},"fruits":{"devil's-tongue":1}}},{"w":"2026-09-01","yes":{"leaves":19,"flowers":1,"fruits":7},"obs":{"leaves":65,"flowers":41,"fruits":56},"sp":{"leaves":{"American beech":4,"eastern redbud":3,"American witchhazel":3,"sugar maple":3,"pawpaw":2},"flowers":{"American witchhazel":1},"fruits":{"eastern redbud":3,"devil's-tongue":2,"American senna":1,"Adam and Eve":1}}},{"w":"2026-08-25","yes":{"leaves":23,"flowers":4,"fruits":15},"obs":{"leaves":78,"flowers":58,"fruits":81},"sp":{"leaves":{"sugar maple":6,"American beech":3,"eastern redbud":3,"American witchhazel":3,"American senna":3},"flowers":{"American senna":2,"cucumber tree":1,"American witchhazel":1},"fruits":{"devil's-tongue":5,"Adam and Eve":4,"eastern redbud":4,"American senna":2}}},{"w":"2026-08-18","yes":{"leaves":7,"fruits":2},"obs":{"leaves":29,"flowers":15,"fruits":20},"sp":{"leaves":{"American beech":2,"sugar maple":1,"eastern redbud":1,"American witchhazel":1,"white trillium":1},"fruits":{"eastern redbud":1,"Adam and Eve":1}}}]}},{"type":"Feature","geometry":{"type":"Point","coordinates":[-74.94617,40.32703]},"properties":{"site":56663,"st":"-9999","n":23,"classes":{"leaves":16,"flowers":1,"fruits":6},"weeks":[{"w":"2026-10-06","yes":{"leaves":5},"obs":{"leaves":20,"flowers":14,"fruits":21},"sp":{"leaves":{"sweetbay":2,"American beech":2,"Canadian white violet":1}}},{"w":"2026-09-08","yes":{"leaves":4,"flowers":1,"fruits":3},"obs":{"leaves":26,"flowers":16,"fruits":20},"sp":{"leaves":{"Canadian white violet":1,"sweetbay":1,"eastern redbud":1,"swamp rose":1},"flowers":{"sweetbay":1},"fruits":{"Adam and Eve":1,"sweetbay":1,"eastern redbud":1}}},{"w":"2026-09-01","yes":{},"obs":{"leaves":2,"flowers":2,"fruits":3},"sp":{}},{"w":"2026-08-25","yes":{"leaves":6,"fruits":3},"obs":{"leaves":36,"flowers":24,"fruits":36},"sp":{"leaves":{"eastern redbud":1,"Canadian white violet":1,"sweetbay":1,"American beech":1,"swamp rose":1},"fruits":{"eastern redbud":1,"Adam and Eve":1,"sweetbay":1}}},{"w":"2026-08-18","yes":{"leaves":1},"obs":{"leaves":2,"flowers":2,"fruits":3},"sp":{"leaves":{"wild blue phlox":1}}}]}},{"type":"Feature","geometry":{"type":"Point","coordinates":[-74.94373,40.32856]},"properties":{"site":56668,"st":"-9999","n":283,"classes":{"leaves":188,"flowers":29,"fruits":66},"weeks":[{"w":"2026-10-06","yes":{"leaves":13,"flowers":2,"fruits":2},"obs":{"leaves":31,"flowers":15,"fruits":25},"sp":{"leaves":{"flame azalea":6,"lowbush blueberry":4,"white goldenrod":1,"sharplobe hepatica":1,"American chestnut":1},"flowers":{"flame azalea":1,"white goldenrod":1},"fruits":{"white goldenrod":1,"tuliptree":1}}},{"w":"2026-09-29","yes":{"leaves":26,"flowers":2,"fruits":3},"obs":{"leaves":79,"flowers":42,"fruits":50},"sp":{"leaves":{"flame azalea":9,"lowbush blueberry":6,"purpleflowering raspberry":3,"blue wild indigo":2,"American chestnut":2},"flowers":{"white goldenrod":1,"flame azalea":1},"fruits":{"blue wild indigo":3}}},{"w":"2026-09-22","yes":{"leaves":27,"flowers":2,"fruits":7},"obs":{"leaves":86,"flowers":50,"fruits":71},"sp":{"leaves":{"flame azalea":7,"lowbush blueberry":6,"purpleflowering raspberry":3,"wild hydrangea":2,"blue wild indigo":2},"flowers":{"white goldenrod":2},"fruits":{"blue wild indigo":6,"eastern hemlock":1}}},{"w":"2026-09-15","yes":{"leaves":33,"flowers":4,"fruits":11},"obs":{"leaves":97,"flowers":63,"fruits":85},"sp":{"leaves":{"tuliptree":4,"red columbine":4,"flame azalea":4,"lowbush blueberry":4,"wild hydrangea":3},"flowers":{"white goldenrod":3,"flame azalea":1},"fruits":{"blue wild indigo":8,"lowbush blueberry":2,"red columbine":1}}},{"w":"2026-09-08","yes":{"leaves":33,"flowers":7,"fruits":11},"obs":{"leaves":115,"flowers":63,"fruits":90},"sp":{"leaves":{"flame azalea":8,"lowbush blueberry":7,"American chestnut":4,"white goldenrod":3,"sharplobe hepatica":3},"flowers":{"white goldenrod":6,"flame azalea":1},"fruits":{"lowbush blueberry":7,"blue wild indigo":2,"red columbine":1,"flame azalea":1}}},{"w":"2026-09-01","yes":{"leaves":15,"flowers":3,"fruits":10},"obs":{"leaves":76,"flowers":42,"fruits":60},"sp":{"leaves":{"flame azalea":3,"lowbush blueberry":3,"purpleflowering raspberry":2,"American chestnut":2,"white goldenrod":1},"flowers":{"white goldenrod":2,"flame azalea":1},"fruits":{"lowbush blueberry":5,"blue wild indigo":3,"flame azalea":2}}},{"w":"2026-08-25","yes":{"leaves":19,"flowers":4,"fruits":11},"obs":{"leaves":79,"flowers":48,"fruits":67},"sp":{"leaves":{"white goldenrod":4,"lowbush blueberry":3,"flame azalea":3,"American chestnut":2,"sharplobe hepatica":2},"flowers":{"white goldenrod":4},"fruits":{"blue wild indigo":5,"lowbush blueberry":5,"flame azalea":1}}},{"w":"2026-08-18","yes":{"leaves":22,"flowers":5,"fruits":11},"obs":{"leaves":91,"flowers":50,"fruits":75},"sp":{"leaves":{"white goldenrod":3,"purpleflowering raspberry":3,"flame azalea":3,"lowbush blueberry":3,"American chestnut":3},"flowers":{"white goldenrod":3,"wild hydrangea":2},"fruits":{"blue wild indigo":6,"lowbush blueberry":4,"flame azalea":1}}}]}},{"type":"Feature","geometry":{"type":"Point","coordinates":[-74.94412,40.32827]},"properties":{"site":56680,"st":"PA","n":411,"classes":{"leaves":309,"fruits":94,"flowers":8},"weeks":[{"w":"2026-10-06","yes":{"leaves":38,"fruits":9},"obs":{"leaves":99,"flowers":50,"fruits":72},"sp":{"leaves":{"northern spicebush":23,"red maple":6,"eastern leatherwood":4,"tuliptree":2,"American beech":2},"fruits":{"northern spicebush":9}}},{"w":"2026-09-29","yes":{"leaves":34,"fruits":11},"obs":{"leaves":132,"flowers":69,"fruits":97},"sp":{"leaves":{"northern spicebush":20,"red maple":6,"eastern leatherwood":4,"American beech":2,"bloodroot":1},"fruits":{"northern spicebush":11}}},{"w":"2026-09-22","yes":{"leaves":49,"flowers":3,"fruits":17},"obs":{"leaves":189,"flowers":101,"fruits":145},"sp":{"leaves":{"northern spicebush":27,"eastern leatherwood":7,"American beech":6,"red maple":6,"bloodroot":2},"flowers":{"northern spicebush":3},"fruits":{"northern spicebush":17}}},{"w":"2026-09-15","yes":{"leaves":48,"fruits":8},"obs":{"leaves":164,"flowers":92,"fruits":131},"sp":{"leaves":{"northern spicebush":24,"American beech":6,"tuliptree":5,"red maple":5,"eastern leatherwood":4},"fruits":{"northern spicebush":8}}},{"w":"2026-09-08","yes":{"leaves":53,"fruits":21},"obs":{"leaves":237,"flowers":125,"fruits":179},"sp":{"leaves":{"northern spicebush":25,"red maple":10,"eastern leatherwood":7,"American beech":6,"bloodroot":3},"fruits":{"northern spicebush":21}}},{"w":"2026-09-01","yes":{"leaves":24,"flowers":3,"fruits":13},"obs":{"leaves":155,"flowers":87,"fruits":124},"sp":{"leaves":{"northern spicebush":12,"eastern leatherwood":4,"red maple":3,"American beech":2,"bloodroot":2},"flowers":{"northern spicebush":3},"fruits":{"northern spicebush":13}}},{"w":"2026-08-25","yes":{"leaves":25,"fruits":8},"obs":{"leaves":145,"flowers":77,"fruits":108},"sp":{"leaves":{"northern spicebush":16,"red maple":3,"eastern leatherwood":3,"American beech":2,"bloodroot":1},"fruits":{"northern spicebush":8}}},{"w":"2026-08-18","yes":{"leaves":38,"flowers":2,"fruits":7},"obs":{"leaves":181,"flowers":95,"fruits":136},"sp":{"leaves":{"northern spicebush":19,"American beech":6,"eastern leatherwood":5,"bloodroot":3,"red maple":3},"flowers":{"northern spicebush":2},"fruits":{"northern spicebush":7}}}]}},{"type":"Feature","geometry":{"type":"Point","coordinates":[-85.31687,39.51744]},"properties":{"site":56683,"st":"IN","n":58,"classes":{"fruits":28,"leaves":20,"flowers":10},"weeks":[{"w":"2026-09-29","yes":{"fruits":5},"obs":{"leaves":2,"flowers":4,"fruits":6},"sp":{"fruits":{"common milkweed":3,"eastern purple coneflower":2}}},{"w":"2026-09-22","yes":{"leaves":2,"fruits":5},"obs":{"leaves":2,"flowers":4,"fruits":6},"sp":{"leaves":{"eastern purple coneflower":1,"common milkweed":1},"fruits":{"common milkweed":3,"eastern purple coneflower":2}}},{"w":"2026-09-15","yes":{"leaves":2,"flowers":2,"fruits":5},"obs":{"leaves":2,"flowers":4,"fruits":6},"sp":{"leaves":{"eastern purple coneflower":1,"common milkweed":1},"flowers":{"eastern purple coneflower":2},"fruits":{"common milkweed":3,"eastern purple coneflower":2}}},{"w":"2026-09-08","yes":{"leaves":4,"flowers":2,"fruits":4},"obs":{"leaves":4,"flowers":4,"fruits":6},"sp":{"leaves":{"eastern purple coneflower":2,"common milkweed":2},"flowers":{"eastern purple coneflower":2},"fruits":{"eastern purple coneflower":2,"common milkweed":2}}},{"w":"2026-09-01","yes":{"leaves":8,"flowers":4,"fruits":6},"obs":{"leaves":8,"flowers":8,"fruits":12},"sp":{"leaves":{"eastern purple coneflower":4,"common milkweed":4},"flowers":{"eastern purple coneflower":4},"fruits":{"eastern purple coneflower":4,"common milkweed":2}}},{"w":"2026-08-18","yes":{"leaves":4,"flowers":2,"fruits":3},"obs":{"leaves":4,"flowers":4,"fruits":6},"sp":{"leaves":{"eastern purple coneflower":2,"common milkweed":2},"flowers":{"eastern purple coneflower":2},"fruits":{"eastern purple coneflower":2,"common milkweed":1}}}]}},{"type":"Feature","geometry":{"type":"Point","coordinates":[-97.18499,30.18002]},"properties":{"site":56686,"st":"TX","n":4,"classes":{"fruits":4},"weeks":[{"w":"2026-09-29","yes":{"fruits":1},"obs":{"leaves":2,"flowers":2,"fruits":3},"sp":{"fruits":{"eastern purple coneflower":1}}},{"w":"2026-09-01","yes":{"fruits":3},"obs":{"leaves":2,"flowers":2,"fruits":3},"sp":{"fruits":{"eastern purple coneflower":3}}}]}},{"type":"Feature","geometry":{"type":"Point","coordinates":[-97.18432,30.18006]},"properties":{"site":56687,"st":"TX","n":7,"classes":{"leaves":3,"fruits":4},"weeks":[{"w":"2026-09-29","yes":{"leaves":2,"fruits":2},"obs":{"leaves":2,"flowers":2,"fruits":3},"sp":{"leaves":{"blue mistflower":2},"fruits":{"blue mistflower":2}}},{"w":"2026-09-01","yes":{"leaves":1,"fruits":2},"obs":{"leaves":2,"flowers":2,"fruits":2},"sp":{"leaves":{"blue mistflower":1},"fruits":{"blue mistflower":2}}}]}},{"type":"Feature","geometry":{"type":"Point","coordinates":[-91.37738,39.93374]},"properties":{"site":56697,"st":"-9999","n":18,"classes":{"leaves":6,"flowers":2,"fruits":10},"weeks":[{"w":"2026-09-29","yes":{"leaves":6,"flowers":2,"fruits":10},"obs":{"leaves":27,"flowers":14,"fruits":18},"sp":{"leaves":{"bur oak":2,"white fringetree":1,"common serviceberry":1,"black chokeberry":1,"spotted joe pye weed":1},"flowers":{"common serviceberry":2},"fruits":{"black chokeberry":3,"spotted joe pye weed":3,"white fringetree":2,"common serviceberry":2}}}]}},{"type":"Feature","geometry":{"type":"Point","coordinates":[-96.9169,32.99146]},"properties":{"site":56729,"st":"TX","n":49,"classes":{"leaves":21,"flowers":23,"fruits":5},"weeks":[{"w":"2026-09-29","yes":{"leaves":2,"flowers":2},"obs":{"leaves":5,"flowers":2,"fruits":3},"sp":{"leaves":{"West Indian shrubverbena":2},"flowers":{"West Indian shrubverbena":2}}},{"w":"2026-09-22","yes":{"leaves":4,"flowers":4,"fruits":1},"obs":{"leaves":7,"flowers":4,"fruits":6},"sp":{"leaves":{"West Indian shrubverbena":2,"blue mistflower":2},"flowers":{"West Indian shrubverbena":2,"blue mistflower":2},"fruits":{"blue mistflower":1}}},{"w":"2026-09-15","yes":{"leaves":3,"flowers":4,"fruits":1},"obs":{"leaves":7,"flowers":4,"fruits":6},"sp":{"leaves":{"blue mistflower":2,"West Indian shrubverbena":1},"flowers":{"blue mistflower":2,"West Indian shrubverbena":2},"fruits":{"blue mistflower":1}}},{"w":"2026-09-01","yes":{"leaves":3,"flowers":4,"fruits":1},"obs":{"leaves":7,"flowers":4,"fruits":6},"sp":{"leaves":{"West Indian shrubverbena":2,"blue mistflower":1},"flowers":{"West Indian shrubverbena":2,"blue mistflower":2},"fruits":{"blue mistflower":1}}},{"w":"2026-08-18","yes":{"leaves":9,"flowers":9,"fruits":2},"obs":{"leaves":16,"flowers":9,"fruits":12},"sp":{"leaves":{"blue mistflower":5,"West Indian shrubverbena":4},"flowers":{"blue mistflower":5,"West Indian shrubverbena":4},"fruits":{"blue mistflower":2}}}]}},{"type":"Feature","geometry":{"type":"Point","coordinates":[-94.97746,29.5037]},"properties":{"site":56752,"st":"TX","n":44,"classes":{"leaves":18,"flowers":9,"fruits":17},"weeks":[{"w":"2026-09-08","yes":{"leaves":8,"flowers":4,"fruits":5},"obs":{"leaves":15,"flowers":14,"fruits":21},"sp":{"leaves":{"turkey tangle fogfruit":3,"firewheel":2,"green antelopehorn":2,"blue mistflower":1},"flowers":{"firewheel":2,"turkey tangle fogfruit":2},"fruits":{"turkey tangle fogfruit":3,"upright prairie coneflower":2}}},{"w":"2026-08-18","yes":{"leaves":10,"flowers":5,"fruits":12},"obs":{"leaves":17,"flowers":16,"fruits":24},"sp":{"leaves":{"turkey tangle fogfruit":3,"blue mistflower":2,"firewheel":2,"green antelopehorn":2,"American star-thistle":1},"flowers":{"firewheel":2,"turkey tangle fogfruit":2,"green antelopehorn":1},"fruits":{"American star-thistle":3,"firewheel":3,"upright prairie coneflower":3,"turkey tangle fogfruit":3}}}]}},{"type":"Feature","geometry":{"type":"Point","coordinates":[-95.09741,29.58681]},"properties":{"site":56753,"st":"TX","n":218,"classes":{"leaves":61,"flowers":76,"fruits":81},"weeks":[{"w":"2026-09-22","yes":{"leaves":9,"flowers":10,"fruits":8},"obs":{"leaves":32,"flowers":22,"fruits":33},"sp":{"leaves":{"common buttonbush":2,"American beautyberry":1,"blue mistflower":1,"golden crownbeard":1,"firewheel":1},"flowers":{"blue mistflower":2,"golden crownbeard":2,"firewheel":2,"turkey tangle fogfruit":2,"wax mallow":2},"fruits":{"common buttonbush":3,"American star-thistle":1,"blackeyed Susan":1,"firewheel":1,"lemon beebalm":1}}},{"w":"2026-09-15","yes":{"leaves":11,"flowers":10,"fruits":9},"obs":{"leaves":32,"flowers":22,"fruits":32},"sp":{"leaves":{"common buttonbush":3,"American beautyberry":1,"blue mistflower":1,"common sunflower":1,"golden crownbeard":1},"flowers":{"common sunflower":2,"golden crownbeard":2,"firewheel":2,"turkey tangle fogfruit":2,"wax mallow":2},"fruits":{"common buttonbush":3,"lemon beebalm":2,"American star-thistle":1,"blue mistflower":1,"common sunflower":1}}},{"w":"2026-09-08","yes":{"leaves":9,"flowers":12,"fruits":16},"obs":{"leaves":28,"flowers":20,"fruits":29},"sp":{"leaves":{"common buttonbush":2,"blue mistflower":1,"common sunflower":1,"golden crownbeard":1,"firewheel":1},"flowers":{"blue mistflower":2,"common sunflower":2,"golden crownbeard":2,"firewheel":2,"turkey tangle fogfruit":2},"fruits":{"blue mistflower":3,"firewheel":3,"lemon beebalm":3,"common sunflower":2,"American star-thistle":1}}},{"w":"2026-09-01","yes":{"leaves":10,"flowers":13,"fruits":14},"obs":{"leaves":33,"flowers":24,"fruits":36},"sp":{"leaves":{"common buttonbush":2,"American beautyberry":1,"blackeyed Susan":1,"blue mistflower":1,"common sunflower":1},"flowers":{"blackeyed Susan":2,"blue mistflower":2,"common sunflower":2,"golden crownbeard":2,"firewheel":2},"fruits":{"blackeyed Susan":3,"blue mistflower":2,"American star-thistle":1,"American beautyberry":1,"common buttonbush":1}}},{"w":"2026-08-25","yes":{"leaves":12,"flowers":18,"fruits":19},"obs":{"leaves":33,"flowers":24,"fruits":36},"sp":{"leaves":{"common buttonbush":2,"straggler daisy":2,"American star-thistle":1,"blackeyed Susan":1,"blue mistflower":1},"flowers":{"American beautyberry":2,"blackeyed Susan":2,"blue mistflower":2,"common sunflower":2,"golden crownbeard":2},"fruits":{"blackeyed Susan":3,"common buttonbush":3,"straggler daisy":3,"lemon beebalm":3,"American star-thistle":2}}},{"w":"2026-08-18","yes":{"leaves":10,"flowers":13,"fruits":15},"obs":{"leaves":35,"flowers":24,"fruits":36},"sp":{"leaves":{"common buttonbush":2,"American beautyberry":1,"blue mistflower":1,"common sunflower":1,"golden crownbeard":1},"flowers":{"blue mistflower":2,"common sunflower":2,"firewheel":2,"straggler daisy":2,"turkey tangle fogfruit":2},"fruits":{"American beautyberry":3,"blackeyed Susan":3,"firewheel":3,"American star-thistle":2,"lemon beebalm":2}}}]}},{"type":"Feature","geometry":{"type":"Point","coordinates":[-88.50984,42.60329]},"properties":{"site":56800,"st":"WI","n":3,"classes":{"leaves":3},"weeks":[{"w":"2026-09-15","yes":{"leaves":3},"obs":{"leaves":5,"flowers":2,"fruits":3},"sp":{"leaves":{"eastern redbud":3}}}]}},{"type":"Feature","geometry":{"type":"Point","coordinates":[-75.68752,40.05271]},"properties":{"site":56856,"st":"PA","n":24,"classes":{"leaves":21,"fruits":3},"weeks":[{"w":"2026-09-15","yes":{"leaves":7,"fruits":1},"obs":{"leaves":35,"flowers":17,"fruits":20},"sp":{"leaves":{"eastern redbud":2,"common serviceberry":2,"sugar maple":1,"silver maple":1,"white oak":1},"fruits":{"eastern redbud":1}}},{"w":"2026-09-08","yes":{"leaves":7,"fruits":1},"obs":{"leaves":35,"flowers":17,"fruits":20},"sp":{"leaves":{"eastern redbud":2,"common serviceberry":2,"sugar maple":1,"silver maple":1,"white oak":1},"fruits":{"eastern redbud":1}}},{"w":"2026-08-25","yes":{"leaves":7,"fruits":1},"obs":{"leaves":31,"flowers":15,"fruits":19},"sp":{"leaves":{"eastern redbud":2,"common serviceberry":2,"sugar maple":1,"silver maple":1,"white oak":1},"fruits":{"eastern redbud":1}}}]}},{"type":"Feature","geometry":{"type":"Point","coordinates":[-95.55076,30.00159]},"properties":{"site":56862,"st":"TX","n":140,"classes":{"leaves":36,"flowers":24,"fruits":54,"birds":26},"weeks":[{"w":"2026-09-29","yes":{"leaves":6,"flowers":4,"fruits":9},"obs":{"leaves":12,"flowers":6,"fruits":9,"birds":21},"sp":{"leaves":{"wax mallow":3,"American beautyberry":2,"firewheel":1},"flowers":{"firewheel":2,"wax mallow":2},"fruits":{"American beautyberry":3,"firewheel":3,"wax mallow":3}}},{"w":"2026-09-22","yes":{"leaves":6,"flowers":4,"fruits":9,"birds":4},"obs":{"leaves":12,"flowers":6,"fruits":9,"birds":21},"sp":{"leaves":{"wax mallow":3,"American beautyberry":2,"firewheel":1},"flowers":{"wax mallow":2,"firewheel":2},"fruits":{"wax mallow":3,"American beautyberry":3,"firewheel":3},"birds":{"ruby-throated hummingbird":4}}},{"w":"2026-09-08","yes":{"leaves":6,"flowers":4,"fruits":9,"birds":5},"obs":{"leaves":12,"flowers":6,"fruits":9,"birds":21},"sp":{"leaves":{"wax mallow":3,"American beautyberry":2,"firewheel":1},"flowers":{"firewheel":2,"wax mallow":2},"fruits":{"American beautyberry":3,"firewheel":3,"wax mallow":3},"birds":{"ruby-throated hummingbird":4,"northern mockingbird":1}}},{"w":"2026-09-01","yes":{"leaves":6,"flowers":4,"fruits":9},"obs":{"leaves":12,"flowers":6,"fruits":9,"birds":21},"sp":{"leaves":{"wax mallow":3,"American beautyberry":2,"firewheel":1},"flowers":{"firewheel":2,"wax mallow":2},"fruits":{"American beautyberry":3,"firewheel":3,"wax mallow":3}}},{"w":"2026-08-25","yes":{"leaves":6,"flowers":4,"fruits":9,"birds":4},"obs":{"leaves":12,"flowers":6,"fruits":9,"birds":21},"sp":{"leaves":{"wax mallow":3,"American beautyberry":2,"firewheel":1},"flowers":{"firewheel":2,"wax mallow":2},"fruits":{"American beautyberry":3,"firewheel":3,"wax mallow":3},"birds":{"ruby-throated hummingbird":4}}},{"w":"2026-08-18","yes":{"leaves":6,"flowers":4,"fruits":9,"birds":13},"obs":{"leaves":12,"flowers":6,"fruits":9,"birds":21},"sp":{"leaves":{"wax mallow":3,"American beautyberry":2,"firewheel":1},"flowers":{"firewheel":2,"wax mallow":2},"fruits":{"American beautyberry":3,"firewheel":3,"wax mallow":3},"birds":{"northern mockingbird":6,"ruby-throated hummingbird":4,"northern cardinal":3}}}]}},{"type":"Feature","geometry":{"type":"Point","coordinates":[-86.29692,39.87333]},"properties":{"site":56882,"st":"IN","n":369,"classes":{"leaves":277,"flowers":18,"fruits":74},"weeks":[{"w":"2026-09-29","yes":{"leaves":31,"flowers":2,"fruits":10},"obs":{"leaves":43,"flowers":19,"fruits":29},"sp":{"leaves":{"southern arrowwood":7,"American witchhazel":5,"eastern redbud":5,"gray dogwood":4,"common buttonbush":4},"flowers":{"American witchhazel":1,"eastern redbud":1},"fruits":{"common winterberry":3,"eastern redbud":3,"coastal sweetpepperbush":2,"common buttonbush":2}}},{"w":"2026-09-22","yes":{"leaves":28,"flowers":2,"fruits":8},"obs":{"leaves":38,"flowers":18,"fruits":25},"sp":{"leaves":{"southern arrowwood":7,"coastal sweetpepperbush":5,"American witchhazel":5,"eastern redbud":5,"gray dogwood":3},"flowers":{"American witchhazel":1,"eastern redbud":1},"fruits":{"eastern redbud":3,"coastal sweetpepperbush":2,"common buttonbush":2,"American witchhazel":1}}},{"w":"2026-09-15","yes":{"leaves":39,"flowers":2,"fruits":11},"obs":{"leaves":60,"flowers":28,"fruits":39},"sp":{"leaves":{"common winterberry":8,"eastern redbud":5,"blackhaw":5,"coastal sweetpepperbush":5,"southern arrowwood":4},"flowers":{"blackhaw":1,"American witchhazel":1},"fruits":{"eastern redbud":3,"common winterberry":3,"oakleaf hydrangea":2,"common buttonbush":2,"coastal sweetpepperbush":1}}},{"w":"2026-09-08","yes":{"leaves":64,"flowers":3,"fruits":15},"obs":{"leaves":82,"flowers":36,"fruits":49},"sp":{"leaves":{"common winterberry":13,"southern arrowwood":6,"black chokeberry":5,"northern spicebush":5,"Autumn Brilliance serviceberry":5},"flowers":{"eastern redbud":1,"northern spicebush":1,"American witchhazel":1},"fruits":{"common winterberry":5,"eastern redbud":3,"common buttonbush":2,"oakleaf hydrangea":2,"coastal sweetpepperbush":2}}},{"w":"2026-09-01","yes":{"leaves":51,"flowers":3,"fruits":13},"obs":{"leaves":69,"flowers":31,"fruits":43},"sp":{"leaves":{"common winterberry":14,"southern arrowwood":6,"Autumn Brilliance serviceberry":5,"eastern redbud":4,"blackhaw":4},"flowers":{"oakleaf hydrangea":1,"coastal sweetpepperbush":1,"American witchhazel":1},"fruits":{"eastern redbud":3,"common winterberry":3,"oakleaf hydrangea":2,"coastal sweetpepperbush":2,"common buttonbush":2}}},{"w":"2026-08-25","yes":{"leaves":9,"flowers":1,"fruits":3},"obs":{"leaves":15,"flowers":8,"fruits":11},"sp":{"leaves":{"southern arrowwood":3,"gray dogwood":3,"common buttonbush":3},"flowers":{"American witchhazel":1},"fruits":{"common buttonbush":2,"American witchhazel":1}}},{"w":"2026-08-18","yes":{"leaves":55,"flowers":5,"fruits":14},"obs":{"leaves":91,"flowers":40,"fruits":57},"sp":{"leaves":{"common winterberry":10,"southern arrowwood":6,"northern spicebush":5,"Autumn Brilliance serviceberry":4,"blackhaw":4},"flowers":{"oakleaf hydrangea":2,"coastal sweetpepperbush":2,"American witchhazel":1},"fruits":{"common winterberry":4,"oakleaf hydrangea":2,"common buttonbush":2,"eastern redbud":2,"northern spicebush":1}}}]}},{"type":"Feature","geometry":{"type":"Point","coordinates":[-73.93741,40.75161]},"properties":{"site":56977,"st":"-9999","n":21,"classes":{"leaves":9,"fruits":12},"weeks":[{"w":"2026-09-22","yes":{"leaves":4,"fruits":4},"obs":{"leaves":10,"flowers":4,"fruits":6},"sp":{"leaves":{"eastern redbud":4},"fruits":{"eastern redbud":4}}},{"w":"2026-09-15","yes":{"leaves":2,"fruits":4},"obs":{"leaves":10,"flowers":4,"fruits":6},"sp":{"leaves":{"eastern redbud":2},"fruits":{"eastern redbud":4}}},{"w":"2026-09-08","yes":{"leaves":1,"fruits":2},"obs":{"leaves":5,"flowers":2,"fruits":3},"sp":{"leaves":{"eastern redbud":1},"fruits":{"eastern redbud":2}}},{"w":"2026-09-01","yes":{"leaves":1,"fruits":1},"obs":{"leaves":5,"flowers":2,"fruits":3},"sp":{"leaves":{"eastern redbud":1},"fruits":{"eastern redbud":1}}},{"w":"2026-08-18","yes":{"leaves":1,"fruits":1},"obs":{"leaves":5,"flowers":2,"fruits":3},"sp":{"leaves":{"eastern redbud":1},"fruits":{"eastern redbud":1}}}]}},{"type":"Feature","geometry":{"type":"Point","coordinates":[-74.75596,40.38986]},"properties":{"site":57145,"st":"-9999","n":6,"classes":{"leaves":2,"fruits":4},"weeks":[{"w":"2026-08-18","yes":{"leaves":2,"fruits":4},"obs":{"leaves":10,"flowers":4,"fruits":6},"sp":{"leaves":{"eastern redbud":2},"fruits":{"eastern redbud":4}}}]}},{"type":"Feature","geometry":{"type":"Point","coordinates":[-89.36893,43.53234]},"properties":{"site":57167,"st":"-9999","n":2,"classes":{"leaves":2},"weeks":[{"w":"2026-09-08","yes":{"leaves":2},"obs":{"leaves":5,"flowers":3,"fruits":3},"sp":{"leaves":{"sugar maple":2}}}]}},{"type":"Feature","geometry":{"type":"Point","coordinates":[-89.4527,43.5363]},"properties":{"site":57170,"st":"-9999","n":7,"classes":{"birds":7},"weeks":[{"w":"2026-09-15","yes":{"birds":2},"obs":{"birds":8},"sp":{"birds":{"great blue heron":2}}},{"w":"2026-09-08","yes":{"birds":1},"obs":{"birds":4},"sp":{"birds":{"great blue heron":1}}},{"w":"2026-09-01","yes":{"birds":3},"obs":{"birds":12},"sp":{"birds":{"great blue heron":3}}},{"w":"2026-08-18","yes":{"birds":1},"obs":{"birds":4},"sp":{"birds":{"great blue heron":1}}}]}},{"type":"Feature","geometry":{"type":"Point","coordinates":[-68.3441,44.3241]},"properties":{"site":57194,"st":"-9999","n":46,"classes":{"leaves":25,"fruits":21},"weeks":[{"w":"2026-10-06","yes":{"leaves":9,"fruits":6},"obs":{"leaves":15,"flowers":6,"fruits":9},"sp":{"leaves":{"Japanese barberry":9},"fruits":{"Japanese barberry":6}}},{"w":"2026-09-22","yes":{"leaves":9,"fruits":9},"obs":{"leaves":15,"flowers":6,"fruits":9},"sp":{"leaves":{"Japanese barberry":9},"fruits":{"Japanese barberry":9}}},{"w":"2026-09-15","yes":{"leaves":7,"fruits":6},"obs":{"leaves":15,"flowers":6,"fruits":9},"sp":{"leaves":{"Japanese barberry":7},"fruits":{"Japanese barberry":6}}}]}},{"type":"Feature","geometry":{"type":"Point","coordinates":[-70.23057,43.64411]},"properties":{"site":57235,"st":"ME","n":50,"classes":{"leaves":24,"flowers":6,"fruits":20},"weeks":[{"w":"2026-09-29","yes":{"leaves":7,"flowers":1,"fruits":6},"obs":{"leaves":18,"flowers":14,"fruits":14,"birds":7},"sp":{"leaves":{"rugosa rose":3,"common lilac":1,"forsythia":1,"common milkweed":1,"common dandelion":1},"flowers":{"common lilac":1},"fruits":{"eastern white pine":3,"rugosa rose":2,"common milkweed":1}}},{"w":"2026-09-22","yes":{"leaves":6,"flowers":1,"fruits":4},"obs":{"leaves":18,"flowers":14,"fruits":15,"birds":7},"sp":{"leaves":{"rugosa rose":2,"common lilac":1,"forsythia":1,"common milkweed":1,"common dandelion":1},"flowers":{"common lilac":1},"fruits":{"rugosa rose":2,"eastern white pine":1,"common milkweed":1}}},{"w":"2026-09-08","yes":{"leaves":6,"fruits":5},"obs":{"leaves":18,"flowers":14,"fruits":15,"birds":7},"sp":{"leaves":{"rugosa rose":2,"common lilac":1,"forsythia":1,"common milkweed":1,"common dandelion":1},"fruits":{"rugosa rose":2,"common milkweed":2,"eastern white pine":1}}},{"w":"2026-09-01","yes":{"leaves":5,"flowers":4,"fruits":5},"obs":{"leaves":18,"flowers":14,"fruits":15,"birds":7},"sp":{"leaves":{"rugosa rose":2,"forsythia":1,"common milkweed":1,"common dandelion":1},"flowers":{"rugosa rose":2,"eastern white pine":1,"common lilac":1},"fruits":{"rugosa rose":2,"common milkweed":2,"eastern white pine":1}}}]}},{"type":"Feature","geometry":{"type":"Point","coordinates":[-74.48717,40.73392]},"properties":{"site":57270,"st":"NJ","n":1,"classes":{"flowers":1},"weeks":[{"w":"2026-10-06","yes":{"flowers":1},"obs":{"flowers":1},"sp":{"flowers":{"northern red oak":1}}}]}},{"type":"Feature","geometry":{"type":"Point","coordinates":[-89.8828,42.88502]},"properties":{"site":57424,"st":"WI","n":36,"classes":{"leaves":15,"fruits":21},"weeks":[{"w":"2026-09-29","yes":{"leaves":6,"fruits":3},"obs":{"leaves":15,"flowers":9,"fruits":9},"sp":{"leaves":{"white oak":6},"fruits":{"white oak":3}}},{"w":"2026-09-22","yes":{"leaves":1,"fruits":3},"obs":{"leaves":5,"flowers":3,"fruits":3},"sp":{"leaves":{"white oak":1},"fruits":{"white oak":3}}},{"w":"2026-09-15","yes":{"leaves":2,"fruits":6},"obs":{"leaves":10,"flowers":6,"fruits":6},"sp":{"leaves":{"white oak":2},"fruits":{"white oak":6}}},{"w":"2026-09-08","yes":{"leaves":2,"fruits":4},"obs":{"leaves":10,"flowers":6,"fruits":6},"sp":{"leaves":{"white oak":2},"fruits":{"white oak":4}}},{"w":"2026-09-01","yes":{"leaves":1,"fruits":2},"obs":{"leaves":5,"flowers":3,"fruits":3},"sp":{"leaves":{"white oak":1},"fruits":{"white oak":2}}},{"w":"2026-08-25","yes":{"leaves":1,"fruits":1},"obs":{"leaves":5,"flowers":3,"fruits":3},"sp":{"leaves":{"white oak":1},"fruits":{"white oak":1}}},{"w":"2026-08-18","yes":{"leaves":2,"fruits":2},"obs":{"leaves":10,"flowers":6,"fruits":6},"sp":{"leaves":{"white oak":2},"fruits":{"white oak":2}}}]}},{"type":"Feature","geometry":{"type":"Point","coordinates":[-89.88313,42.88469]},"properties":{"site":57425,"st":"WI","n":47,"classes":{"leaves":23,"fruits":24},"weeks":[{"w":"2026-09-29","yes":{"leaves":11,"fruits":6},"obs":{"leaves":30,"flowers":18,"fruits":18},"sp":{"leaves":{"white oak":11},"fruits":{"white oak":6}}},{"w":"2026-09-22","yes":{"leaves":2,"fruits":6},"obs":{"leaves":10,"flowers":6,"fruits":6},"sp":{"leaves":{"white oak":2},"fruits":{"white oak":6}}},{"w":"2026-09-08","yes":{"leaves":3,"fruits":5},"obs":{"leaves":20,"flowers":12,"fruits":12},"sp":{"leaves":{"white oak":3},"fruits":{"white oak":5}}},{"w":"2026-09-01","yes":{"leaves":1,"fruits":1},"obs":{"leaves":5,"flowers":3,"fruits":3},"sp":{"leaves":{"white oak":1},"fruits":{"white oak":1}}},{"w":"2026-08-25","yes":{"leaves":2,"fruits":2},"obs":{"leaves":10,"flowers":6,"fruits":6},"sp":{"leaves":{"white oak":2},"fruits":{"white oak":2}}},{"w":"2026-08-18","yes":{"leaves":4,"fruits":4},"obs":{"leaves":20,"flowers":12,"fruits":12},"sp":{"leaves":{"white oak":4},"fruits":{"white oak":4}}}]}},{"type":"Feature","geometry":{"type":"Point","coordinates":[-87.68066,30.26781]},"properties":{"site":57433,"st":"AL","n":123,"classes":{"leaves":85,"flowers":2,"fruits":33,"insects":3},"weeks":[{"w":"2026-10-06","yes":{"leaves":20,"flowers":1,"fruits":9,"insects":3},"obs":{"leaves":42,"flowers":32,"fruits":45,"insects":6},"sp":{"leaves":{"common persimmon":5,"yaupon":4,"wax myrtle":4,"southern magnolia":3,"American beautyberry":3},"flowers":{"longleaf pine":1},"fruits":{"American beautyberry":6,"wax myrtle":2,"longleaf pine":1},"insects":{"gulf fritillary":3}}},{"w":"2026-09-29","yes":{"leaves":19,"flowers":1,"fruits":6},"obs":{"leaves":43,"flowers":32,"fruits":44},"sp":{"leaves":{"common persimmon":5,"southern magnolia":4,"wax myrtle":4,"yaupon":3,"American beautyberry":2},"flowers":{"longleaf pine":1},"fruits":{"American beautyberry":4,"wax myrtle":1,"longleaf pine":1}}},{"w":"2026-09-15","yes":{"leaves":1},"obs":{"leaves":2,"flowers":1},"sp":{"leaves":{"southern magnolia":1}}},{"w":"2026-09-08","yes":{"leaves":12,"fruits":4},"obs":{"leaves":48,"flowers":32,"fruits":45},"sp":{"leaves":{"common persimmon":4,"yaupon":3,"Chinese tallow":3,"American beautyberry":2},"fruits":{"American beautyberry":4}}},{"w":"2026-09-01","yes":{"leaves":12,"fruits":4},"obs":{"leaves":48,"flowers":32,"fruits":43},"sp":{"leaves":{"common persimmon":4,"Chinese tallow":3,"yaupon":2,"American beautyberry":2,"wax myrtle":1},"fruits":{"American beautyberry":4}}},{"w":"2026-08-25","yes":{"leaves":11,"fruits":5},"obs":{"leaves":48,"flowers":31,"fruits":45},"sp":{"leaves":{"common persimmon":3,"Chinese tallow":3,"yaupon":2,"American beautyberry":2,"wax myrtle":1},"fruits":{"American beautyberry":4,"longleaf pine":1}}},{"w":"2026-08-18","yes":{"leaves":10,"fruits":5},"obs":{"leaves":48,"flowers":32,"fruits":45},"sp":{"leaves":{"Chinese tallow":3,"yaupon":2,"common persimmon":2,"American beautyberry":2,"wax myrtle":1},"fruits":{"American beautyberry":4,"longleaf pine":1}}}]}},{"type":"Feature","geometry":{"type":"Point","coordinates":[-97.1673,33.3008]},"properties":{"site":57518,"st":"TX","n":5,"classes":{"leaves":1,"fruits":4},"weeks":[{"w":"2026-10-06","yes":{"leaves":1,"fruits":4},"obs":{"leaves":7,"flowers":7,"fruits":9},"sp":{"leaves":{"bur oak":1},"fruits":{"bur oak":2,"eastern purple coneflower":1,"wild bergamot":1}}}]}},{"type":"Feature","geometry":{"type":"Point","coordinates":[-97.90535,29.99949]},"properties":{"site":57631,"st":"TX","n":51,"classes":{"leaves":32,"flowers":19},"weeks":[{"w":"2026-10-06","yes":{"leaves":2,"flowers":2},"obs":{"leaves":2,"flowers":2,"fruits":3},"sp":{"leaves":{"Canada goldenrod":2},"flowers":{"Canada goldenrod":2}}},{"w":"2026-09-29","yes":{"leaves":12,"flowers":9},"obs":{"leaves":12,"flowers":12,"fruits":18},"sp":{"leaves":{"Canada goldenrod":12},"flowers":{"Canada goldenrod":9}}},{"w":"2026-09-22","yes":{"leaves":6,"flowers":3},"obs":{"leaves":6,"flowers":6,"fruits":9},"sp":{"leaves":{"Canada goldenrod":6},"flowers":{"Canada goldenrod":3}}},{"w":"2026-09-15","yes":{"leaves":8,"flowers":4},"obs":{"leaves":8,"flowers":6,"fruits":6},"sp":{"leaves":{"Canada goldenrod":8},"flowers":{"Canada goldenrod":4}}},{"w":"2026-09-08","yes":{"leaves":2,"flowers":1},"obs":{"leaves":2,"flowers":2,"fruits":3},"sp":{"leaves":{"Canada goldenrod":2},"flowers":{"Canada goldenrod":1}}},{"w":"2026-09-01","yes":{"leaves":2},"obs":{"leaves":2,"flowers":2,"fruits":3},"sp":{"leaves":{"Canada goldenrod":2}}}]}},{"type":"Feature","geometry":{"type":"Point","coordinates":[-78.38729,37.29628]},"properties":{"site":57641,"st":"VA","n":311,"classes":{"leaves":232,"fruits":76,"birds":3},"weeks":[{"w":"2026-10-06","yes":{"leaves":20,"fruits":6},"obs":{"leaves":45,"flowers":26,"fruits":22,"birds":14},"sp":{"leaves":{"tuliptree":10,"boxelder":4,"sugar maple":4,"white oak":2},"fruits":{"tuliptree":5,"white oak":1}}},{"w":"2026-09-29","yes":{"leaves":26,"fruits":6},"obs":{"leaves":50,"flowers":26,"fruits":22,"birds":14},"sp":{"leaves":{"tuliptree":12,"white oak":6,"boxelder":4,"sugar maple":4},"fruits":{"tuliptree":5,"white oak":1}}},{"w":"2026-09-22","yes":{"leaves":35,"fruits":10},"obs":{"leaves":73,"flowers":39,"fruits":32,"birds":21},"sp":{"leaves":{"tuliptree":15,"white oak":8,"boxelder":6,"sugar maple":6},"fruits":{"tuliptree":8,"white oak":2}}},{"w":"2026-09-15","yes":{"leaves":35,"fruits":13,"birds":1},"obs":{"leaves":100,"flowers":52,"fruits":51,"birds":28},"sp":{"leaves":{"tuliptree":18,"white oak":7,"boxelder":6,"sugar maple":4},"fruits":{"tuliptree":12,"white oak":1},"birds":{"eastern bluebird":1}}},{"w":"2026-09-08","yes":{"leaves":25,"fruits":11,"birds":2},"obs":{"leaves":50,"flowers":26,"fruits":28,"birds":14},"sp":{"leaves":{"tuliptree":12,"sugar maple":5,"boxelder":4,"white oak":4},"fruits":{"tuliptree":9,"white oak":2},"birds":{"eastern bluebird":2}}},{"w":"2026-09-01","yes":{"leaves":34,"fruits":12},"obs":{"leaves":68,"flowers":39,"fruits":38,"birds":21},"sp":{"leaves":{"tuliptree":15,"white oak":7,"boxelder":6,"sugar maple":6},"fruits":{"tuliptree":9,"white oak":3}}},{"w":"2026-08-25","yes":{"leaves":41,"fruits":14},"obs":{"leaves":97,"flowers":52,"fruits":50,"birds":21},"sp":{"leaves":{"tuliptree":18,"boxelder":8,"sugar maple":8,"white oak":7},"fruits":{"tuliptree":12,"white oak":2}}},{"w":"2026-08-18","yes":{"leaves":16,"fruits":4},"obs":{"leaves":50,"flowers":26,"fruits":26,"birds":14},"sp":{"leaves":{"tuliptree":6,"boxelder":4,"sugar maple":3,"white oak":3},"fruits":{"tuliptree":4}}}]}},{"type":"Feature","geometry":{"type":"Point","coordinates":[-110.35899,31.54933]},"properties":{"site":57677,"st":"AZ","n":9,"classes":{"flowers":6,"fruits":3},"weeks":[{"w":"2026-09-01","yes":{"flowers":2,"fruits":1},"obs":{"flowers":2,"fruits":3},"sp":{"flowers":{"Palmer's century plant":2},"fruits":{"Palmer's century plant":1}}},{"w":"2026-08-25","yes":{"flowers":2,"fruits":1},"obs":{"flowers":2,"fruits":3},"sp":{"flowers":{"Palmer's century plant":2},"fruits":{"Palmer's century plant":1}}},{"w":"2026-08-18","yes":{"flowers":2,"fruits":1},"obs":{"flowers":2,"fruits":3},"sp":{"flowers":{"Palmer's century plant":2},"fruits":{"Palmer's century plant":1}}}]}},{"type":"Feature","geometry":{"type":"Point","coordinates":[-110.42384,31.57044]},"properties":{"site":57693,"st":"AZ","n":10,"classes":{"fruits":4,"flowers":6},"weeks":[{"w":"2026-09-22","yes":{"fruits":1},"obs":{"flowers":2,"fruits":3},"sp":{"fruits":{"Palmer's century plant":1}}},{"w":"2026-09-08","yes":{"flowers":2,"fruits":1},"obs":{"flowers":2,"fruits":3},"sp":{"flowers":{"Palmer's century plant":2},"fruits":{"Palmer's century plant":1}}},{"w":"2026-08-25","yes":{"flowers":2,"fruits":1},"obs":{"flowers":2,"fruits":3},"sp":{"flowers":{"Palmer's century plant":2},"fruits":{"Palmer's century plant":1}}},{"w":"2026-08-18","yes":{"flowers":2,"fruits":1},"obs":{"flowers":2,"fruits":3},"sp":{"flowers":{"Palmer's century plant":2},"fruits":{"Palmer's century plant":1}}}]}},{"type":"Feature","geometry":{"type":"Point","coordinates":[-110.42184,31.56987]},"properties":{"site":57694,"st":"AZ","n":7,"classes":{"fruits":3,"flowers":4},"weeks":[{"w":"2026-09-08","yes":{"fruits":1},"obs":{"flowers":2,"fruits":3},"sp":{"fruits":{"Palmer's century plant":1}}},{"w":"2026-08-25","yes":{"flowers":2,"fruits":1},"obs":{"flowers":2,"fruits":3},"sp":{"flowers":{"Palmer's century plant":2},"fruits":{"Palmer's century plant":1}}},{"w":"2026-08-18","yes":{"flowers":2,"fruits":1},"obs":{"flowers":2,"fruits":3},"sp":{"flowers":{"Palmer's century plant":2},"fruits":{"Palmer's century plant":1}}}]}},{"type":"Feature","geometry":{"type":"Point","coordinates":[-110.42108,31.57224]},"properties":{"site":57695,"st":"AZ","n":4,"classes":{"fruits":2,"flowers":2},"weeks":[{"w":"2026-08-25","yes":{"fruits":1},"obs":{"flowers":2,"fruits":3},"sp":{"fruits":{"Palmer's century plant":1}}},{"w":"2026-08-18","yes":{"flowers":2,"fruits":1},"obs":{"flowers":2,"fruits":3},"sp":{"flowers":{"Palmer's century plant":2},"fruits":{"Palmer's century plant":1}}}]}},{"type":"Feature","geometry":{"type":"Point","coordinates":[-110.33373,31.53737]},"properties":{"site":57696,"st":"AZ","n":4,"classes":{"fruits":2,"flowers":2},"weeks":[{"w":"2026-09-08","yes":{"fruits":1},"obs":{"flowers":2,"fruits":3},"sp":{"fruits":{"Palmer's century plant":1}}},{"w":"2026-08-25","yes":{"flowers":2,"fruits":1},"obs":{"flowers":2,"fruits":3},"sp":{"flowers":{"Palmer's century plant":2},"fruits":{"Palmer's century plant":1}}}]}},{"type":"Feature","geometry":{"type":"Point","coordinates":[-110.31888,31.50342]},"properties":{"site":57698,"st":"AZ","n":6,"classes":{"flowers":4,"fruits":2},"weeks":[{"w":"2026-09-08","yes":{"flowers":2,"fruits":1},"obs":{"flowers":2,"fruits":3},"sp":{"flowers":{"Palmer's century plant":2},"fruits":{"Palmer's century plant":1}}},{"w":"2026-08-25","yes":{"flowers":2,"fruits":1},"obs":{"flowers":2,"fruits":3},"sp":{"flowers":{"Palmer's century plant":2},"fruits":{"Palmer's century plant":1}}}]}},{"type":"Feature","geometry":{"type":"Point","coordinates":[-97.3584,48.5142]},"properties":{"site":57700,"st":"ND","n":36,"classes":{"leaves":14,"flowers":9,"fruits":13},"weeks":[{"w":"2026-08-25","yes":{"leaves":14,"flowers":9,"fruits":13},"obs":{"leaves":38,"flowers":28,"fruits":33},"sp":{"leaves":{"American hazelnut":2,"common milkweed":1,"chokecherry":1,"redosier dogwood":1,"American black elderberry":1},"flowers":{"big bluestem":3,"redosier dogwood":2,"wild bergamot":2,"swamp milkweed":2},"fruits":{"chokecherry":2,"redosier dogwood":2,"American black elderberry":2,"common milkweed":1,"American hazelnut":1}}}]}},{"type":"Feature","geometry":{"type":"Point","coordinates":[-110.4372,31.57804]},"properties":{"site":57746,"st":"AZ","n":7,"classes":{"fruits":3,"flowers":4},"weeks":[{"w":"2026-09-08","yes":{"fruits":1},"obs":{"flowers":2,"fruits":3},"sp":{"fruits":{"Palmer's century plant":1}}},{"w":"2026-08-25","yes":{"flowers":2,"fruits":1},"obs":{"flowers":2,"fruits":3},"sp":{"flowers":{"Palmer's century plant":2},"fruits":{"Palmer's century plant":1}}},{"w":"2026-08-18","yes":{"flowers":2,"fruits":1},"obs":{"flowers":2,"fruits":3},"sp":{"flowers":{"Palmer's century plant":2},"fruits":{"Palmer's century plant":1}}}]}},{"type":"Feature","geometry":{"type":"Point","coordinates":[-110.44518,31.57054]},"properties":{"site":57747,"st":"AZ","n":10,"classes":{"fruits":4,"flowers":6},"weeks":[{"w":"2026-09-22","yes":{"fruits":1},"obs":{"flowers":2,"fruits":3},"sp":{"fruits":{"Palmer's century plant":1}}},{"w":"2026-09-08","yes":{"flowers":2,"fruits":1},"obs":{"flowers":2,"fruits":3},"sp":{"flowers":{"Palmer's century plant":2},"fruits":{"Palmer's century plant":1}}},{"w":"2026-08-25","yes":{"flowers":2,"fruits":1},"obs":{"flowers":2,"fruits":3},"sp":{"flowers":{"Palmer's century plant":2},"fruits":{"Palmer's century plant":1}}},{"w":"2026-08-18","yes":{"flowers":2,"fruits":1},"obs":{"flowers":2,"fruits":3},"sp":{"flowers":{"Palmer's century plant":2},"fruits":{"Palmer's century plant":1}}}]}},{"type":"Feature","geometry":{"type":"Point","coordinates":[-97.15169,33.13672]},"properties":{"site":57770,"st":"TX","n":18,"classes":{"leaves":7,"flowers":4,"fruits":7},"weeks":[{"w":"2026-09-22","yes":{"leaves":3,"flowers":2,"fruits":3},"obs":{"leaves":10,"flowers":4,"fruits":6},"sp":{"leaves":{"eastern redbud":2,"wax mallow":1},"flowers":{"wax mallow":2},"fruits":{"eastern redbud":2,"wax mallow":1}}},{"w":"2026-09-08","yes":{"leaves":4,"flowers":2,"fruits":4},"obs":{"leaves":15,"flowers":6,"fruits":9},"sp":{"leaves":{"eastern redbud":2,"wax mallow":1,"American beautyberry":1},"flowers":{"wax mallow":2},"fruits":{"eastern redbud":2,"wax mallow":1,"American beautyberry":1}}}]}},{"type":"Feature","geometry":{"type":"Point","coordinates":[-110.36265,31.54986]},"properties":{"site":57777,"st":"AZ","n":9,"classes":{"flowers":6,"fruits":3},"weeks":[{"w":"2026-09-01","yes":{"flowers":2,"fruits":1},"obs":{"flowers":2,"fruits":3},"sp":{"flowers":{"Palmer's century plant":2},"fruits":{"Palmer's century plant":1}}},{"w":"2026-08-25","yes":{"flowers":2,"fruits":1},"obs":{"flowers":2,"fruits":3},"sp":{"flowers":{"Palmer's century plant":2},"fruits":{"Palmer's century plant":1}}},{"w":"2026-08-18","yes":{"flowers":2,"fruits":1},"obs":{"flowers":2,"fruits":3},"sp":{"flowers":{"Palmer's century plant":2},"fruits":{"Palmer's century plant":1}}}]}},{"type":"Feature","geometry":{"type":"Point","coordinates":[-117.93504,45.46751]},"properties":{"site":57792,"st":"OR","n":5,"classes":{"leaves":4,"fruits":1},"weeks":[{"w":"2026-09-15","yes":{"leaves":4,"fruits":1},"obs":{"leaves":10,"flowers":5,"fruits":6},"sp":{"leaves":{"narrowleaf willow":3,"black hawthorn":1},"fruits":{"black hawthorn":1}}}]}},{"type":"Feature","geometry":{"type":"Point","coordinates":[-86.53293,34.74187]},"properties":{"site":57897,"st":"AL","n":15,"classes":{"leaves":4,"fruits":4,"birds":3,"insects":4},"weeks":[{"w":"2026-09-29","yes":{"leaves":2,"fruits":2,"birds":3},"obs":{"leaves":5,"flowers":2,"fruits":3,"birds":7},"sp":{"leaves":{"American beautyberry":2},"fruits":{"American beautyberry":2},"birds":{"ruby-throated hummingbird":3}}},{"w":"2026-09-22","yes":{"leaves":2,"fruits":2,"insects":4},"obs":{"leaves":5,"flowers":2,"fruits":3,"insects":7},"sp":{"leaves":{"American beautyberry":2},"fruits":{"American beautyberry":2},"insects":{"monarch":4}}}]}},{"type":"Feature","geometry":{"type":"Point","coordinates":[-87.9951,42.9824]},"properties":{"site":57911,"st":"-9999","n":1,"classes":{"birds":1},"weeks":[{"w":"2026-08-18","yes":{"birds":1},"obs":{"birds":1},"sp":{"birds":{"peregrine falcon":1}}}]}},{"type":"Feature","geometry":{"type":"Point","coordinates":[-71.83058,44.02517]},"properties":{"site":57922,"st":"-9999","n":47,"classes":{"leaves":12,"fruits":35},"weeks":[{"w":"2026-09-01","yes":{"leaves":4,"fruits":12},"obs":{"leaves":18,"flowers":12,"fruits":18},"sp":{"leaves":{"bog blueberry":4},"fruits":{"pincushion plant":4,"bog blueberry":4,"lingonberry":4}}},{"w":"2026-08-25","yes":{"leaves":4,"fruits":12},"obs":{"leaves":18,"flowers":12,"fruits":18},"sp":{"leaves":{"bog blueberry":4},"fruits":{"pincushion plant":4,"bog blueberry":4,"lingonberry":4}}},{"w":"2026-08-18","yes":{"leaves":4,"fruits":11},"obs":{"leaves":18,"flowers":12,"fruits":18},"sp":{"leaves":{"bog blueberry":4},"fruits":{"pincushion plant":4,"bog blueberry":4,"lingonberry":3}}}]}},{"type":"Feature","geometry":{"type":"Point","coordinates":[-105.21438,39.74881]},"properties":{"site":57936,"st":"CO","n":30,"classes":{"leaves":8,"fruits":22},"weeks":[{"w":"2026-09-29","yes":{"leaves":1,"fruits":5},"obs":{"leaves":6,"flowers":6,"fruits":9},"sp":{"leaves":{"wild bergamot":1},"fruits":{"wild bergamot":3,"showy milkweed":2}}},{"w":"2026-09-08","yes":{"leaves":1,"fruits":5},"obs":{"leaves":6,"flowers":6,"fruits":8},"sp":{"leaves":{"wild bergamot":1},"fruits":{"showy milkweed":3,"wild bergamot":2}}},{"w":"2026-09-01","yes":{"leaves":1,"fruits":5},"obs":{"leaves":6,"flowers":6,"fruits":9},"sp":{"leaves":{"wild bergamot":1},"fruits":{"showy milkweed":3,"wild bergamot":2}}},{"w":"2026-08-25","yes":{"leaves":2,"fruits":4},"obs":{"leaves":5,"flowers":6,"fruits":9},"sp":{"leaves":{"showy milkweed":1,"wild bergamot":1},"fruits":{"showy milkweed":2,"wild bergamot":2}}},{"w":"2026-08-18","yes":{"leaves":3,"fruits":3},"obs":{"leaves":6,"flowers":6,"fruits":8},"sp":{"leaves":{"butterfly milkweed":1,"showy milkweed":1,"wild bergamot":1},"fruits":{"wild bergamot":2,"showy milkweed":1}}}]}},{"type":"Feature","geometry":{"type":"Point","coordinates":[-98.26736,29.79831]},"properties":{"site":57967,"st":"TX","n":395,"classes":{"leaves":178,"flowers":92,"fruits":44,"birds":81},"weeks":[{"w":"2026-10-06","yes":{"leaves":17,"flowers":8,"fruits":5,"birds":4},"obs":{"leaves":22,"flowers":10,"fruits":15,"birds":24},"sp":{"leaves":{"American beautyberry":8,"wax mallow":8,"white crownbeard":1},"flowers":{"wax mallow":4,"American beautyberry":2,"white crownbeard":2},"fruits":{"American beautyberry":3,"wax mallow":2},"birds":{"black-chinned hummingbird":2,"northern cardinal":2}}},{"w":"2026-09-29","yes":{"leaves":17,"flowers":8,"fruits":4,"birds":7},"obs":{"leaves":22,"flowers":10,"fruits":15,"birds":24},"sp":{"leaves":{"American beautyberry":8,"wax mallow":8,"white crownbeard":1},"flowers":{"wax mallow":4,"American beautyberry":2,"white crownbeard":2},"fruits":{"American beautyberry":3,"wax mallow":1},"birds":{"black-chinned hummingbird":4,"northern cardinal":2,"white-winged dove":1}}},{"w":"2026-09-22","yes":{"leaves":34,"flowers":15,"fruits":10,"birds":13},"obs":{"leaves":44,"flowers":20,"fruits":30,"birds":48},"sp":{"leaves":{"American beautyberry":16,"wax mallow":16,"white crownbeard":2},"flowers":{"wax mallow":7,"American beautyberry":4,"white crownbeard":4},"fruits":{"American beautyberry":6,"wax mallow":4},"birds":{"black-chinned hummingbird":7,"northern cardinal":4,"white-winged dove":2}}},{"w":"2026-09-15","yes":{"leaves":15,"flowers":7,"fruits":4,"birds":8},"obs":{"leaves":22,"flowers":10,"fruits":15,"birds":24},"sp":{"leaves":{"American beautyberry":8,"wax mallow":6,"white crownbeard":1},"flowers":{"wax mallow":4,"American beautyberry":2,"white crownbeard":1},"fruits":{"American beautyberry":3,"wax mallow":1},"birds":{"black-chinned hummingbird":4,"northern cardinal":2,"white-winged dove":2}}},{"w":"2026-09-08","yes":{"leaves":30,"flowers":14,"fruits":8,"birds":16},"obs":{"leaves":44,"flowers":20,"fruits":30,"birds":48},"sp":{"leaves":{"American beautyberry":14,"wax mallow":14,"white crownbeard":2},"flowers":{"wax mallow":8,"American beautyberry":4,"white crownbeard":2},"fruits":{"American beautyberry":5,"wax mallow":3},"birds":{"black-chinned hummingbird":8,"northern cardinal":4,"white-winged dove":4}}},{"w":"2026-09-01","yes":{"leaves":29,"flowers":15,"fruits":7,"birds":15},"obs":{"leaves":44,"flowers":20,"fruits":30,"birds":48},"sp":{"leaves":{"wax mallow":14,"American beautyberry":13,"white crownbeard":2},"flowers":{"wax mallow":8,"American beautyberry":4,"white crownbeard":3},"fruits":{"American beautyberry":6,"wax mallow":1},"birds":{"black-chinned hummingbird":7,"white-winged dove":4,"northern cardinal":4}}},{"w":"2026-08-25","yes":{"leaves":12,"flowers":8,"fruits":2,"birds":5},"obs":{"leaves":22,"flowers":10,"fruits":15,"birds":24},"sp":{"leaves":{"American beautyberry":6,"wax mallow":6},"flowers":{"wax mallow":4,"American beautyberry":2,"white crownbeard":2},"fruits":{"American beautyberry":2},"birds":{"black-chinned hummingbird":2,"northern cardinal":2,"white-winged dove":1}}},{"w":"2026-08-18","yes":{"leaves":24,"flowers":17,"fruits":4,"birds":13},"obs":{"leaves":44,"flowers":20,"fruits":30,"birds":48},"sp":{"leaves":{"wax mallow":12,"American beautyberry":10,"white crownbeard":2},"flowers":{"wax mallow":8,"American beautyberry":5,"white crownbeard":4},"fruits":{"American beautyberry":4},"birds":{"black-chinned hummingbird":6,"northern cardinal":5,"white-winged dove":2}}}]}},{"type":"Feature","geometry":{"type":"Point","coordinates":[-122.00399,44.40111]},"properties":{"site":57988,"st":"OR","n":58,"classes":{"leaves":37,"fruits":21},"weeks":[{"w":"2026-09-29","yes":{"leaves":19,"fruits":10},"obs":{"leaves":56,"flowers":36,"fruits":35},"sp":{"leaves":{"vine maple":9,"black cottonwood":7,"common snowberry":3},"fruits":{"common snowberry":6,"Douglas-fir":4}}},{"w":"2026-09-15","yes":{"leaves":18,"fruits":11},"obs":{"leaves":56,"flowers":36,"fruits":38},"sp":{"leaves":{"vine maple":10,"black cottonwood":5,"common snowberry":3},"fruits":{"common snowberry":6,"Douglas-fir":4,"vine maple":1}}}]}},{"type":"Feature","geometry":{"type":"Point","coordinates":[-99.27938,29.32937]},"properties":{"site":58004,"st":"TX","n":5,"classes":{"leaves":1,"flowers":2,"fruits":2},"weeks":[{"w":"2026-09-08","yes":{"leaves":1,"flowers":2,"fruits":2},"obs":{"leaves":1,"flowers":2,"fruits":3},"sp":{"leaves":{"mealycup sage":1},"flowers":{"mealycup sage":2},"fruits":{"mealycup sage":2}}}]}},{"type":"Feature","geometry":{"type":"Point","coordinates":[-74.43766,40.48048]},"properties":{"site":58019,"st":"NJ","n":373,"classes":{"leaves":266,"fruits":106,"flowers":1},"weeks":[{"w":"2026-09-29","yes":{"leaves":22,"fruits":7},"obs":{"leaves":50,"flowers":30,"fruits":30},"sp":{"leaves":{"white oak":12,"sugar maple":8,"northern red oak":2},"fruits":{"white oak":6,"northern red oak":1}}},{"w":"2026-09-22","yes":{"leaves":54,"fruits":24},"obs":{"leaves":190,"flowers":114,"fruits":114},"sp":{"leaves":{"Norway maple":17,"sugar maple":12,"northern red oak":11,"red maple":8,"white oak":6},"fruits":{"Norway maple":9,"white oak":5,"northern red oak":5,"sugar maple":4,"red maple":1}}},{"w":"2026-09-15","yes":{"leaves":38,"flowers":1,"fruits":20},"obs":{"leaves":190,"flowers":114,"fruits":114},"sp":{"leaves":{"Norway maple":10,"sugar maple":8,"red maple":7,"northern red oak":7,"white oak":6},"flowers":{"Norway maple":1},"fruits":{"Norway maple":10,"white oak":5,"sugar maple":3,"red maple":1,"northern red oak":1}}},{"w":"2026-09-08","yes":{"leaves":38,"fruits":15},"obs":{"leaves":190,"flowers":114,"fruits":114},"sp":{"leaves":{"Norway maple":10,"sugar maple":8,"red maple":7,"northern red oak":7,"white oak":6},"fruits":{"Norway maple":8,"white oak":4,"sugar maple":2,"northern red oak":1}}},{"w":"2026-09-01","yes":{"leaves":38,"fruits":15},"obs":{"leaves":190,"flowers":114,"fruits":114},"sp":{"leaves":{"Norway maple":10,"sugar maple":8,"red maple":7,"northern red oak":7,"white oak":6},"fruits":{"Norway maple":8,"white oak":3,"sugar maple":2,"northern red oak":2}}},{"w":"2026-08-25","yes":{"leaves":38,"fruits":13},"obs":{"leaves":190,"flowers":114,"fruits":114},"sp":{"leaves":{"Norway maple":10,"sugar maple":8,"red maple":7,"northern red oak":7,"white oak":6},"fruits":{"Norway maple":10,"sugar maple":1,"northern red oak":1,"white oak":1}}},{"w":"2026-08-18","yes":{"leaves":38,"fruits":12},"obs":{"leaves":190,"flowers":114,"fruits":114},"sp":{"leaves":{"Norway maple":10,"sugar maple":8,"red maple":7,"northern red oak":7,"white oak":6},"fruits":{"Norway maple":10,"sugar maple":2}}}]}},{"type":"Feature","geometry":{"type":"Point","coordinates":[-74.4363,40.51597]},"properties":{"site":58020,"st":"NJ","n":251,"classes":{"leaves":195,"fruits":55,"flowers":1},"weeks":[{"w":"2026-09-29","yes":{"leaves":50,"fruits":12},"obs":{"leaves":120,"flowers":72,"fruits":72},"sp":{"leaves":{"Norway maple":11,"white oak":10,"red maple":9,"sugar maple":8,"northern red oak":8},"fruits":{"northern red oak":4,"white oak":4,"Norway maple":3,"southern red oak":1}}},{"w":"2026-09-22","yes":{"leaves":63,"fruits":24},"obs":{"leaves":130,"flowers":78,"fruits":78},"sp":{"leaves":{"Norway maple":14,"white oak":14,"sugar maple":11,"red maple":10,"northern red oak":10},"fruits":{"Norway maple":6,"white oak":5,"red maple":4,"northern red oak":4,"sugar maple":3}}},{"w":"2026-09-15","yes":{"leaves":16,"flowers":1,"fruits":14},"obs":{"leaves":80,"flowers":48,"fruits":48},"sp":{"leaves":{"Norway maple":5,"white oak":5,"sugar maple":4,"northern red oak":2},"flowers":{"northern red oak":1},"fruits":{"white oak":5,"Norway maple":4,"sugar maple":4,"northern red oak":1}}},{"w":"2026-09-08","yes":{"leaves":24,"fruits":1},"obs":{"leaves":120,"flowers":72,"fruits":72},"sp":{"leaves":{"Norway maple":6,"red maple":5,"northern red oak":4,"sugar maple":4,"white oak":3},"fruits":{"white oak":1}}},{"w":"2026-09-01","yes":{"leaves":22,"fruits":3},"obs":{"leaves":109,"flowers":66,"fruits":66},"sp":{"leaves":{"Norway maple":6,"red maple":4,"northern red oak":4,"white oak":3,"sugar maple":3},"fruits":{"Norway maple":2,"white oak":1}}},{"w":"2026-08-18","yes":{"leaves":20,"fruits":1},"obs":{"leaves":100,"flowers":60,"fruits":60},"sp":{"leaves":{"Norway maple":5,"red maple":4,"white oak":3,"northern red oak":3,"sugar maple":3},"fruits":{"white oak":1}}}]}},{"type":"Feature","geometry":{"type":"Point","coordinates":[-72.608,42.5458]},"properties":{"site":58031,"st":"MA","n":162,"classes":{"leaves":79,"flowers":32,"fruits":51},"weeks":[{"w":"2026-10-06","yes":{"leaves":12,"flowers":4,"fruits":11},"obs":{"leaves":21,"flowers":12,"fruits":17},"sp":{"leaves":{"eastern redbud":8,"Canada goldenrod":2,"trumpetweed":1,"common milkweed":1},"flowers":{"trumpetweed":2,"Canada goldenrod":2},"fruits":{"eastern redbud":6,"common milkweed":3,"Canada goldenrod":2}}},{"w":"2026-09-29","yes":{"leaves":15,"flowers":6,"fruits":10},"obs":{"leaves":21,"flowers":12,"fruits":18},"sp":{"leaves":{"eastern redbud":9,"common milkweed":2,"trumpetweed":2,"Canada goldenrod":2},"flowers":{"common milkweed":2,"trumpetweed":2,"Canada goldenrod":2},"fruits":{"eastern redbud":6,"common milkweed":2,"Canada goldenrod":2}}},{"w":"2026-09-22","yes":{"leaves":30,"flowers":10,"fruits":17},"obs":{"leaves":42,"flowers":24,"fruits":36},"sp":{"leaves":{"eastern redbud":18,"trumpetweed":4,"Canada goldenrod":4,"common milkweed":4},"flowers":{"trumpetweed":4,"Canada goldenrod":4,"common milkweed":2},"fruits":{"eastern redbud":10,"Canada goldenrod":5,"common milkweed":2}}},{"w":"2026-09-15","yes":{"leaves":11,"flowers":6,"fruits":6},"obs":{"leaves":21,"flowers":12,"fruits":18},"sp":{"leaves":{"eastern redbud":5,"trumpetweed":2,"Canada goldenrod":2,"common milkweed":2},"flowers":{"trumpetweed":2,"Canada goldenrod":2,"common milkweed":2},"fruits":{"eastern redbud":3,"Canada goldenrod":2,"common milkweed":1}}},{"w":"2026-09-08","yes":{"leaves":11,"flowers":6,"fruits":7},"obs":{"leaves":21,"flowers":12,"fruits":18},"sp":{"leaves":{"eastern redbud":5,"common milkweed":2,"trumpetweed":2,"Canada goldenrod":2},"flowers":{"common milkweed":2,"trumpetweed":2,"Canada goldenrod":2},"fruits":{"eastern redbud":3,"common milkweed":2,"Canada goldenrod":2}}}]}},{"type":"Feature","geometry":{"type":"Point","coordinates":[-86.31494,39.8339]},"properties":{"site":58082,"st":"-9999","n":13,"classes":{"leaves":9,"fruits":4},"weeks":[{"w":"2026-09-29","yes":{"leaves":9,"fruits":4},"obs":{"leaves":54,"flowers":42,"fruits":63},"sp":{"leaves":{"black walnut":3,"northern spicebush":2,"eastern redbud":1,"Amur honeysuckle":1,"hellebore":1},"fruits":{"black walnut":3,"northern spicebush":1}}}]}},{"type":"Feature","geometry":{"type":"Point","coordinates":[-106.47742,35.06179]},"properties":{"site":58108,"st":"NM","n":36,"classes":{"leaves":36},"weeks":[{"w":"2026-10-06","yes":{"leaves":18},"obs":{"leaves":40,"flowers":24,"fruits":24,"birds":14},"sp":{"leaves":{"eastern cottonwood":12,"Siberian elm":4,"Goodding's willow":1,"narrowleaf willow":1}}},{"w":"2026-09-08","yes":{"leaves":12},"obs":{"leaves":40,"flowers":24,"fruits":24,"birds":14},"sp":{"leaves":{"eastern cottonwood":7,"Siberian elm":3,"Goodding's willow":1,"narrowleaf willow":1}}},{"w":"2026-08-18","yes":{"leaves":6},"obs":{"leaves":34,"flowers":23,"fruits":24},"sp":{"leaves":{"eastern cottonwood":3,"Siberian elm":1,"Goodding's willow":1,"narrowleaf willow":1}}}]}},{"type":"Feature","geometry":{"type":"Point","coordinates":[-72.76653,41.69197]},"properties":{"site":58136,"st":"CT","n":260,"classes":{"leaves":170,"fruits":79,"flowers":11},"weeks":[{"w":"2026-10-06","yes":{"leaves":22,"fruits":2},"obs":{"leaves":35,"flowers":18,"fruits":20},"sp":{"leaves":{"European beech":4,"shagbark hickory":3,"silver maple":3,"maidenhair tree":3,"beach plum":3},"fruits":{"European beech":2}}},{"w":"2026-09-29","yes":{"leaves":25,"flowers":1,"fruits":11},"obs":{"leaves":52,"flowers":27,"fruits":33},"sp":{"leaves":{"red maple":3,"silver maple":3,"shagbark hickory":3,"red mulberry":3,"flowering dogwood":3},"flowers":{"maidenhair tree":1},"fruits":{"American holly":3,"European beech":3,"flowering dogwood":3,"eastern redbud":2}}},{"w":"2026-09-22","yes":{"leaves":40,"flowers":4,"fruits":20},"obs":{"leaves":85,"flowers":46,"fruits":57},"sp":{"leaves":{"silver maple":7,"eastern redbud":6,"beach plum":5,"red maple":3,"maidenhair tree":3},"flowers":{"eastern white pine":1,"red pine":1,"maidenhair tree":1,"European beech":1},"fruits":{"American holly":3,"sweetgum":3,"flowering dogwood":3,"silver maple":3,"eastern white pine":2}}},{"w":"2026-09-15","yes":{"leaves":49,"flowers":4,"fruits":23},"obs":{"leaves":104,"flowers":56,"fruits":66},"sp":{"leaves":{"silver maple":12,"flowering dogwood":7,"beach plum":6,"eastern redbud":6,"red maple":3},"flowers":{"eastern white pine":3,"maidenhair tree":1},"fruits":{"red mulberry":4,"flowering dogwood":4,"beach plum":3,"American holly":3,"silver maple":3}}},{"w":"2026-09-08","yes":{"leaves":24,"fruits":22},"obs":{"leaves":73,"flowers":37,"fruits":45},"sp":{"leaves":{"European beech":4,"red maple":3,"white oak":3,"eastern redbud":3,"Norway maple":3},"fruits":{"red mulberry":4,"European beech":4,"eastern redbud":4,"flowering dogwood":3,"sweetgum":3}}},{"w":"2026-09-01","yes":{"leaves":10,"flowers":2,"fruits":1},"obs":{"leaves":18,"flowers":10,"fruits":12},"sp":{"leaves":{"silver maple":4,"flowering dogwood":4,"Norway maple":2},"flowers":{"silver maple":1,"flowering dogwood":1},"fruits":{"flowering dogwood":1}}}]}},{"type":"Feature","geometry":{"type":"Point","coordinates":[-68.35,44.25461]},"properties":{"site":58169,"st":"ME","n":18,"classes":{"leaves":9,"fruits":9},"weeks":[{"w":"2026-10-06","yes":{"leaves":3,"fruits":3},"obs":{"leaves":5,"flowers":2,"fruits":3},"sp":{"leaves":{"glossy buckthorn":3},"fruits":{"glossy buckthorn":3}}},{"w":"2026-09-22","yes":{"leaves":3,"fruits":3},"obs":{"leaves":5,"flowers":2,"fruits":3},"sp":{"leaves":{"glossy buckthorn":3},"fruits":{"glossy buckthorn":3}}},{"w":"2026-09-15","yes":{"leaves":3,"fruits":3},"obs":{"leaves":5,"flowers":2,"fruits":3},"sp":{"leaves":{"glossy buckthorn":3},"fruits":{"glossy buckthorn":3}}}]}},{"type":"Feature","geometry":{"type":"Point","coordinates":[-82.33372,29.66004]},"properties":{"site":58179,"st":"FL","n":80,"classes":{"leaves":49,"fruits":31},"weeks":[{"w":"2026-09-22","yes":{"leaves":23,"fruits":14},"obs":{"leaves":64,"flowers":40,"fruits":48,"birds":14},"sp":{"leaves":{"swamp chestnut oak":11,"sweetgum":8,"bald cypress":2,"water oak":2},"fruits":{"southern magnolia":6,"sweetgum":4,"bald cypress":2,"water oak":2}}},{"w":"2026-09-15","yes":{"leaves":8,"fruits":7},"obs":{"leaves":31,"flowers":20,"fruits":24},"sp":{"leaves":{"swamp chestnut oak":4,"sweetgum":2,"bald cypress":1,"water oak":1},"fruits":{"southern magnolia":3,"sweetgum":2,"bald cypress":1,"water oak":1}}},{"w":"2026-09-08","yes":{"leaves":10,"fruits":5},"obs":{"leaves":32,"flowers":20,"fruits":24,"birds":7},"sp":{"leaves":{"swamp chestnut oak":6,"sweetgum":2,"bald cypress":1,"water oak":1},"fruits":{"sweetgum":2,"southern magnolia":1,"bald cypress":1,"water oak":1}}},{"w":"2026-09-01","yes":{"leaves":8,"fruits":5},"obs":{"leaves":32,"flowers":20,"fruits":24,"birds":7},"sp":{"leaves":{"swamp chestnut oak":4,"sweetgum":2,"bald cypress":1,"water oak":1},"fruits":{"sweetgum":2,"southern magnolia":1,"bald cypress":1,"water oak":1}}}]}},{"type":"Feature","geometry":{"type":"Point","coordinates":[-86.80405,36.14842]},"properties":{"site":58224,"st":"-9999","n":1,"classes":{"leaves":1},"weeks":[{"w":"2026-08-18","yes":{"leaves":1},"obs":{"leaves":5,"flowers":2,"fruits":3},"sp":{"leaves":{"tuliptree":1}}}]}},{"type":"Feature","geometry":{"type":"Point","coordinates":[-106.62382,35.08145]},"properties":{"site":58225,"st":"NM","n":63,"classes":{"leaves":27,"flowers":6,"fruits":6,"insects":7,"birds":17},"weeks":[{"w":"2026-09-15","yes":{"leaves":9,"flowers":2,"fruits":2,"insects":3,"birds":4},"obs":{"leaves":22,"flowers":13,"fruits":15,"insects":6,"birds":181},"sp":{"leaves":{"eastern cottonwood":4,"Siberian elm":2,"honeylocust":2,"common sunflower":1},"flowers":{"common sunflower":2},"fruits":{"common sunflower":2},"insects":{"honeybee":2,"bumblebee":1},"birds":{"lesser goldfinch":3,"black-chinned hummingbird":1}}},{"w":"2026-09-08","yes":{"leaves":9,"flowers":2,"fruits":2,"insects":2,"birds":3},"obs":{"leaves":22,"flowers":13,"fruits":14,"insects":7,"birds":163},"sp":{"leaves":{"eastern cottonwood":4,"Siberian elm":2,"honeylocust":2,"common sunflower":1},"flowers":{"common sunflower":2},"fruits":{"common sunflower":2},"insects":{"honeybee":2},"birds":{"lesser goldfinch":3}}},{"w":"2026-08-18","yes":{"leaves":9,"flowers":2,"fruits":2,"insects":2,"birds":10},"obs":{"leaves":22,"flowers":13,"fruits":14,"insects":7,"birds":131},"sp":{"leaves":{"eastern cottonwood":4,"Siberian elm":2,"honeylocust":2,"common sunflower":1},"flowers":{"common sunflower":2},"fruits":{"common sunflower":2},"insects":{"honeybee":2},"birds":{"black-chinned hummingbird":4,"bushtit":2,"greater roadrunner":2,"lesser goldfinch":2}}}]}},{"type":"Feature","geometry":{"type":"Point","coordinates":[-86.80423,36.14847]},"properties":{"site":58270,"st":"-9999","n":1,"classes":{"leaves":1},"weeks":[{"w":"2026-08-18","yes":{"leaves":1},"obs":{"leaves":5,"flowers":2,"fruits":3},"sp":{"leaves":{"tuliptree":1}}}]}},{"type":"Feature","geometry":{"type":"Point","coordinates":[-98.46915,30.7904]},"properties":{"site":58437,"st":"-9999","n":2,"classes":{"birds":2},"weeks":[{"w":"2026-09-29","yes":{"birds":2},"obs":{"birds":2},"sp":{"birds":{"American kestrel":2}}}]}},{"type":"Feature","geometry":{"type":"Point","coordinates":[-105.39206,39.97174]},"properties":{"site":58453,"st":"-9999","n":31,"classes":{"leaves":21,"fruits":10},"weeks":[{"w":"2026-10-06","yes":{"leaves":21,"fruits":10},"obs":{"leaves":51,"flowers":34,"fruits":39},"sp":{"leaves":{"quaking aspen":6,"chokecherry":6,"Rocky Mountain maple":3,"wax currant":3,"Mt. Albert goldenrod":1},"fruits":{"Douglas-fir":6,"Mt. Albert goldenrod":2,"hairy false goldenaster":2}}}]}},{"type":"Feature","geometry":{"type":"Point","coordinates":[-86.24477,39.79841]},"properties":{"site":58468,"st":"IN","n":63,"classes":{"leaves":35,"fruits":28},"weeks":[{"w":"2026-09-08","yes":{"leaves":5,"fruits":3},"obs":{"leaves":15,"flowers":9,"fruits":9},"sp":{"leaves":{"American sycamore":3,"silver maple":1,"pin oak":1},"fruits":{"pin oak":3}}},{"w":"2026-09-01","yes":{"leaves":18,"fruits":12},"obs":{"leaves":50,"flowers":29,"fruits":28},"sp":{"leaves":{"common hackberry":3,"American sycamore":3,"American basswood":2,"black cherry":2,"bitternut hickory":2},"fruits":{"American basswood":3,"boxelder":3,"black cherry":3,"white oak":2,"pin oak":1}}},{"w":"2026-08-25","yes":{"leaves":12,"fruits":13},"obs":{"leaves":50,"flowers":29,"fruits":26},"sp":{"leaves":{"common hackberry":2,"American sycamore":2,"American basswood":1,"boxelder":1,"black cherry":1},"fruits":{"American basswood":3,"boxelder":3,"black cherry":3,"bitternut hickory":3,"white oak":1}}}]}},{"type":"Feature","geometry":{"type":"Point","coordinates":[-105.29595,40.01443]},"properties":{"site":58521,"st":"CO","n":51,"classes":{"leaves":34,"fruits":17},"weeks":[{"w":"2026-09-29","yes":{"leaves":18,"fruits":7},"obs":{"leaves":44,"flowers":24,"fruits":30},"sp":{"leaves":{"wax currant":3,"American plum":3,"chokecherry":3,"boxelder":2,"netleaf hackberry":2},"fruits":{"hairy false goldenaster":3,"creeping barberry":2,"netleaf hackberry":2}}},{"w":"2026-09-08","yes":{"leaves":10,"fruits":6},"obs":{"leaves":37,"flowers":19,"fruits":24},"sp":{"leaves":{"American plum":2,"boxelder":2,"eastern cottonwood":2,"netleaf hackberry":1,"chokecherry":1},"fruits":{"netleaf hackberry":2,"boxelder":2,"hairy false goldenaster":2}}},{"w":"2026-09-01","yes":{"leaves":6,"fruits":4},"obs":{"leaves":22,"flowers":12,"fruits":15},"sp":{"leaves":{"eastern cottonwood":2,"hairy false goldenaster":1,"green ash":1,"American plum":1,"chokecherry":1},"fruits":{"hairy false goldenaster":2,"American plum":2}}}]}},{"type":"Feature","geometry":{"type":"Point","coordinates":[-70.87727,42.81259]},"properties":{"site":58554,"st":"MA","n":10,"classes":{"leaves":4,"fruits":6},"weeks":[{"w":"2026-09-22","yes":{"leaves":1,"fruits":2},"obs":{"leaves":5,"flowers":1,"fruits":3,"birds":5},"sp":{"leaves":{"common winterberry":1},"fruits":{"common winterberry":2}}},{"w":"2026-09-15","yes":{"leaves":1,"fruits":2},"obs":{"leaves":5,"flowers":2,"fruits":3,"birds":5},"sp":{"leaves":{"common winterberry":1},"fruits":{"common winterberry":2}}},{"w":"2026-09-01","yes":{"leaves":1,"fruits":1},"obs":{"leaves":5,"flowers":2,"fruits":3,"birds":5},"sp":{"leaves":{"common winterberry":1},"fruits":{"common winterberry":1}}},{"w":"2026-08-25","yes":{"leaves":1,"fruits":1},"obs":{"leaves":5,"flowers":2,"fruits":3,"birds":5},"sp":{"leaves":{"common winterberry":1},"fruits":{"common winterberry":1}}}]}},{"type":"Feature","geometry":{"type":"Point","coordinates":[-82.96772,40.05691]},"properties":{"site":58643,"st":"OH","n":20,"classes":{"leaves":6,"fruits":7,"insects":7},"weeks":[{"w":"2026-09-15","yes":{"leaves":1,"fruits":1,"insects":1},"obs":{"leaves":2,"flowers":2,"fruits":3,"insects":1},"sp":{"leaves":{"common milkweed":1},"fruits":{"common milkweed":1},"insects":{"monarch":1}}},{"w":"2026-09-08","yes":{"leaves":1,"fruits":1,"insects":1},"obs":{"leaves":2,"flowers":2,"fruits":3,"insects":1},"sp":{"leaves":{"common milkweed":1},"fruits":{"common milkweed":1},"insects":{"monarch":1}}},{"w":"2026-09-01","yes":{"leaves":1,"fruits":1},"obs":{"leaves":2,"flowers":2,"fruits":3},"sp":{"leaves":{"common milkweed":1},"fruits":{"common milkweed":1}}},{"w":"2026-08-25","yes":{"leaves":2,"fruits":3,"insects":5},"obs":{"leaves":6,"flowers":6,"fruits":9,"insects":5},"sp":{"leaves":{"common milkweed":2},"fruits":{"common milkweed":3},"insects":{"monarch":5}}},{"w":"2026-08-18","yes":{"leaves":1,"fruits":1},"obs":{"leaves":2,"flowers":2,"fruits":3,"insects":7},"sp":{"leaves":{"common milkweed":1},"fruits":{"common milkweed":1}}}]}},{"type":"Feature","geometry":{"type":"Point","coordinates":[-98.10335,29.65842]},"properties":{"site":58681,"st":"-9999","n":8,"classes":{"leaves":3,"flowers":2,"fruits":3},"weeks":[{"w":"2026-08-18","yes":{"leaves":3,"flowers":2,"fruits":3},"obs":{"leaves":3,"flowers":2,"fruits":3},"sp":{"leaves":{"turkey tangle fogfruit":3},"flowers":{"turkey tangle fogfruit":2},"fruits":{"turkey tangle fogfruit":3}}}]}},{"type":"Feature","geometry":{"type":"Point","coordinates":[-105.28043,40.01522]},"properties":{"site":58741,"st":"-9999","n":27,"classes":{"leaves":12,"fruits":15},"weeks":[{"w":"2026-08-18","yes":{"leaves":12,"fruits":15},"obs":{"leaves":60,"flowers":36,"fruits":32},"sp":{"leaves":{"shingle oak":2,"bur oak":2,"swamp white oak":2,"Gambel oak":2,"narrowleaf willow":1},"fruits":{"Gambel oak":6,"narrowleaf cottonwood":3,"shingle oak":2,"bur oak":2,"swamp white oak":2}}}]}},{"type":"Feature","geometry":{"type":"Point","coordinates":[-84.50065,38.0151]},"properties":{"site":58892,"st":"KY","n":1683,"classes":{"leaves":918,"fruits":765},"weeks":[{"w":"2026-10-06","yes":{"leaves":112,"fruits":64},"obs":{"leaves":244,"flowers":150,"fruits":160},"sp":{"leaves":{"overcup oak":17,"Ohio buckeye":17,"winged elm":13,"bur oak":12,"chestnut oak":11},"fruits":{"chestnut oak":15,"bur oak":13,"Ohio buckeye":11,"staghorn sumac":5,"pecan":5}}},{"w":"2026-09-29","yes":{"leaves":152,"fruits":116},"obs":{"leaves":405,"flowers":247,"fruits":265},"sp":{"leaves":{"Ohio buckeye":28,"bur oak":16,"sweetgum":15,"staghorn sumac":15,"overcup oak":15},"fruits":{"Ohio buckeye":28,"chestnut oak":27,"bur oak":15,"pecan":11,"staghorn sumac":10}}},{"w":"2026-09-22","yes":{"leaves":100,"fruits":96},"obs":{"leaves":328,"flowers":200,"fruits":216},"sp":{"leaves":{"Ohio buckeye":19,"overcup oak":11,"bur oak":11,"staghorn sumac":10,"sweetgum":10},"fruits":{"Ohio buckeye":24,"chestnut oak":18,"bur oak":17,"staghorn sumac":9,"pecan":6}}},{"w":"2026-09-15","yes":{"leaves":91,"fruits":83},"obs":{"leaves":281,"flowers":172,"fruits":188},"sp":{"leaves":{"Ohio buckeye":22,"sweetgum":11,"bur oak":10,"chestnut oak":9,"winged elm":8},"fruits":{"Ohio buckeye":23,"chestnut oak":16,"bur oak":9,"Virginia pine":8,"American sycamore":8}}},{"w":"2026-09-08","yes":{"leaves":193,"fruits":162},"obs":{"leaves":650,"flowers":400,"fruits":423},"sp":{"leaves":{"Ohio buckeye":45,"overcup oak":21,"winged elm":21,"bur oak":21,"chestnut oak":18},"fruits":{"Ohio buckeye":47,"chestnut oak":21,"staghorn sumac":18,"bur oak":18,"American sycamore":16}}},{"w":"2026-09-01","yes":{"leaves":120,"fruits":109},"obs":{"leaves":450,"flowers":272,"fruits":293},"sp":{"leaves":{"Ohio buckeye":19,"overcup oak":16,"winged elm":14,"bur oak":14,"chestnut oak":14},"fruits":{"Ohio buckeye":25,"chestnut oak":16,"staghorn sumac":14,"bur oak":13,"pecan":8}}},{"w":"2026-08-25","yes":{"leaves":100,"fruits":82},"obs":{"leaves":409,"flowers":250,"fruits":268},"sp":{"leaves":{"Ohio buckeye":24,"bur oak":10,"winged elm":10,"staghorn sumac":10,"overcup oak":10},"fruits":{"Ohio buckeye":14,"staghorn sumac":12,"chestnut oak":12,"bur oak":11,"pecan":7}}},{"w":"2026-08-18","yes":{"leaves":50,"fruits":53},"obs":{"leaves":250,"flowers":152,"fruits":165},"sp":{"leaves":{"Ohio buckeye":8,"bur oak":6,"winged elm":6,"overcup oak":6,"chestnut oak":6},"fruits":{"staghorn sumac":9,"Ohio buckeye":8,"chestnut oak":7,"bur oak":6,"bitternut hickory":4}}}]}},{"type":"Feature","geometry":{"type":"Point","coordinates":[-98.36798,30.74702]},"properties":{"site":58897,"st":"-9999","n":373,"classes":{"leaves":122,"flowers":73,"fruits":135,"birds":42,"insects":1},"weeks":[{"w":"2026-10-06","yes":{"leaves":13,"flowers":6,"fruits":8},"obs":{"leaves":40,"flowers":38,"fruits":50},"sp":{"leaves":{"straggler daisy":3,"blue mistflower":2,"West Indian shrubverbena":1,"common hackberry":1,"pickerelweed":1},"flowers":{"blue mistflower":2,"pickerelweed":1,"switchgrass":1,"redflower false yucca":1,"mealycup sage":1},"fruits":{"switchgrass":3,"redflower false yucca":3,"pickerelweed":2}}},{"w":"2026-09-29","yes":{"leaves":20,"flowers":11,"fruits":28,"birds":11},"obs":{"leaves":84,"flowers":75,"fruits":99,"insects":14,"birds":64},"sp":{"leaves":{"switchgrass":2,"Canada goldenrod":2,"cedar elm":2,"mealycup sage":2,"blue mistflower":2},"flowers":{"blue mistflower":4,"switchgrass":3,"redflower false yucca":2,"mealycup sage":2},"fruits":{"redflower false yucca":6,"switchgrass":5,"pickerelweed":5,"lemon beebalm":3,"straggler daisy":3},"birds":{"northern cardinal":6,"black-chinned hummingbird":2,"white-winged dove":2,"ruby-throated hummingbird":1}}},{"w":"2026-09-22","yes":{"leaves":8,"flowers":6,"fruits":7,"birds":3},"obs":{"leaves":39,"flowers":39,"fruits":54,"insects":7,"birds":22},"sp":{"leaves":{"West Indian shrubverbena":1,"straggler daisy":1,"honey mesquite":1,"blue mistflower":1,"switchgrass":1},"flowers":{"redflower false yucca":2,"mealycup sage":2,"blue mistflower":1,"switchgrass":1},"fruits":{"redflower false yucca":3,"pickerelweed":2,"switchgrass":2},"birds":{"white-winged dove":1,"northern cardinal":1,"black-chinned hummingbird":1}}},{"w":"2026-09-15","yes":{"leaves":23,"flowers":22,"fruits":28,"birds":6},"obs":{"leaves":75,"flowers":70,"fruits":88,"insects":7,"birds":66},"sp":{"leaves":{"golden crownbeard":3,"common hackberry":2,"blue mistflower":2,"pickerelweed":2,"straggler daisy":2},"flowers":{"switchgrass":6,"straggler daisy":4,"redflower false yucca":4,"golden crownbeard":4,"mealycup sage":2},"fruits":{"redflower false yucca":6,"pickerelweed":5,"lemon beebalm":3,"blue mistflower":3,"firewheel":3},"birds":{"northern cardinal":4,"ruby-throated hummingbird":1,"white-winged dove":1}}},{"w":"2026-09-08","yes":{"leaves":23,"flowers":8,"fruits":15,"insects":1,"birds":7},"obs":{"leaves":84,"flowers":73,"fruits":97,"insects":1,"birds":39},"sp":{"leaves":{"switchgrass":3,"Canada goldenrod":2,"cedar elm":2,"golden crownbeard":2,"mealycup sage":2},"flowers":{"switchgrass":4,"redflower false yucca":2,"mealycup sage":2},"fruits":{"redflower false yucca":6,"pickerelweed":5,"switchgrass":2,"cactus apple":2},"insects":{"queen":1},"birds":{"northern cardinal":3,"white-winged dove":2,"black-chinned hummingbird":1,"mourning dove":1}}},{"w":"2026-09-01","yes":{"leaves":12,"flowers":4,"fruits":20,"birds":13},"obs":{"leaves":42,"flowers":38,"fruits":42,"insects":7,"birds":67},"sp":{"leaves":{"West Indian shrubverbena":2,"switchgrass":1,"Canada goldenrod":1,"cedar elm":1,"golden crownbeard":1},"flowers":{"redflower false yucca":2,"mealycup sage":1,"blue mistflower":1},"fruits":{"redflower false yucca":3,"blue mistflower":3,"pickerelweed":3,"golden crownbeard":2,"mealycup sage":2},"birds":{"northern cardinal":5,"black-chinned hummingbird":5,"painted bunting":2,"white-winged dove":1}}},{"w":"2026-08-25","yes":{"leaves":10,"flowers":4,"fruits":8,"birds":2},"obs":{"leaves":42,"flowers":38,"fruits":51,"insects":7,"birds":33},"sp":{"leaves":{"blue mistflower":1,"West Indian shrubverbena":1,"common hackberry":1,"pickerelweed":1,"straggler daisy":1},"flowers":{"switchgrass":3,"redflower false yucca":1},"fruits":{"golden crownbeard":3,"pickerelweed":2,"redflower false yucca":2,"cactus apple":1},"birds":{"northern cardinal":1,"black-chinned hummingbird":1}}},{"w":"2026-08-18","yes":{"leaves":13,"flowers":12,"fruits":21},"obs":{"leaves":41,"flowers":37,"fruits":51},"sp":{"leaves":{"cedar elm":3,"pickerelweed":1,"straggler daisy":1,"honey mesquite":1,"blue mistflower":1},"flowers":{"pickerelweed":2,"straggler daisy":2,"switchgrass":2,"redflower false yucca":2,"blue mistflower":1},"fruits":{"pickerelweed":3,"straggler daisy":3,"blue mistflower":3,"switchgrass":3,"mealycup sage":3}}}]}},{"type":"Feature","geometry":{"type":"Point","coordinates":[-87.06711,40.40719]},"properties":{"site":59018,"st":"IN","n":266,"classes":{"leaves":206,"fruits":60},"weeks":[{"w":"2026-09-15","yes":{"leaves":73},"obs":{"leaves":300,"flowers":160,"fruits":180},"sp":{"leaves":{"sugar maple":33,"chinquapin oak":20,"tuliptree":20}}},{"w":"2026-08-25","yes":{"leaves":133,"fruits":60},"obs":{"leaves":600,"flowers":320,"fruits":360},"sp":{"leaves":{"sugar maple":53,"chinquapin oak":40,"tuliptree":40},"fruits":{"tuliptree":60}}}]}},{"type":"Feature","geometry":{"type":"Point","coordinates":[-87.06711,40.40719]},"properties":{"site":59019,"st":"IN","n":60,"classes":{"leaves":60},"weeks":[{"w":"2026-09-15","yes":{"leaves":20},"obs":{"leaves":100,"flowers":60,"fruits":60},"sp":{"leaves":{"shagbark hickory":20}}},{"w":"2026-08-25","yes":{"leaves":40},"obs":{"leaves":200,"flowers":120,"fruits":120},"sp":{"leaves":{"shagbark hickory":40}}}]}},{"type":"Feature","geometry":{"type":"Point","coordinates":[-90.08768,29.91911]},"properties":{"site":59031,"st":"LA","n":40,"classes":{"leaves":23,"fruits":17},"weeks":[{"w":"2026-09-15","yes":{"leaves":5,"fruits":4},"obs":{"leaves":28,"flowers":16,"fruits":18},"sp":{"leaves":{"common hackberry":3,"Chinese tallow":1,"live oak":1},"fruits":{"common hackberry":1,"Chinese tallow":1,"live oak":1,"cherry laurel":1}}},{"w":"2026-09-08","yes":{"leaves":6,"fruits":4},"obs":{"leaves":37,"flowers":20,"fruits":21},"sp":{"leaves":{"common hackberry":2,"green ash":1,"white mulberry":1,"Chinese tallow":1,"live oak":1},"fruits":{"green ash":1,"common hackberry":1,"Chinese tallow":1,"live oak":1}}},{"w":"2026-09-01","yes":{"leaves":6,"fruits":5},"obs":{"leaves":33,"flowers":19,"fruits":21},"sp":{"leaves":{"common hackberry":2,"green ash":1,"white mulberry":1,"Chinese tallow":1,"live oak":1},"fruits":{"green ash":1,"common hackberry":1,"Chinese tallow":1,"live oak":1,"cherry laurel":1}}},{"w":"2026-08-18","yes":{"leaves":6,"fruits":4},"obs":{"leaves":29,"flowers":17,"fruits":19},"sp":{"leaves":{"common hackberry":2,"green ash":1,"white mulberry":1,"Chinese tallow":1,"live oak":1},"fruits":{"green ash":1,"Chinese tallow":1,"live oak":1,"cherry laurel":1}}}]}},{"type":"Feature","geometry":{"type":"Point","coordinates":[-105.01196,40.42042]},"properties":{"site":59037,"st":"CO","n":101,"classes":{"leaves":58,"flowers":4,"fruits":25,"insects":6,"birds":8},"weeks":[{"w":"2026-09-15","yes":{"leaves":32,"flowers":2,"fruits":7,"insects":4,"birds":4},"obs":{"leaves":67,"flowers":30,"fruits":42,"insects":25,"birds":57},"sp":{"leaves":{"golden currant":15,"American plum":5,"chokecherry":5,"silver buffaloberry":3,"Gambel oak":3},"flowers":{"common sunflower":2},"fruits":{"common sunflower":3,"American plum":3,"Gambel oak":1},"insects":{"monarch":2,"bumblebee":2},"birds":{"American goldfinch":3,"house sparrow":1}}},{"w":"2026-09-01","yes":{"leaves":26,"flowers":2,"fruits":18,"insects":2,"birds":4},"obs":{"leaves":67,"flowers":30,"fruits":42,"insects":26,"birds":57},"sp":{"leaves":{"golden currant":15,"chokecherry":4,"American plum":2,"silver buffaloberry":2,"Gambel oak":2},"flowers":{"common sunflower":2},"fruits":{"American plum":6,"golden currant":5,"Gambel oak":4,"common sunflower":3},"insects":{"bumblebee":2},"birds":{"American goldfinch":4}}}]}},{"type":"Feature","geometry":{"type":"Point","coordinates":[-96.82861,46.84947]},"properties":{"site":59050,"st":"-9999","n":232,"classes":{"leaves":105,"flowers":62,"fruits":61,"birds":4},"weeks":[{"w":"2026-09-29","yes":{"leaves":25,"flowers":8,"fruits":15},"obs":{"leaves":44,"flowers":33,"fruits":33},"sp":{"leaves":{"big sagebrush":3,"paper birch":3,"American elm":3,"green ash":3,"American sycamore":3},"flowers":{"annual ragweed":3,"stinging nettle":3,"big sagebrush":2},"fruits":{"annual ragweed":3,"big sagebrush":3,"stinging nettle":3,"spiny amaranth":3,"bur oak":3}}},{"w":"2026-09-22","yes":{"leaves":25,"flowers":8,"fruits":18},"obs":{"leaves":45,"flowers":32,"fruits":33},"sp":{"leaves":{"big sagebrush":3,"American sycamore":3,"red maple":3,"bur oak":3,"paper birch":3},"flowers":{"annual ragweed":3,"big sagebrush":3,"stinging nettle":1,"spiny amaranth":1},"fruits":{"annual ragweed":3,"big sagebrush":3,"stinging nettle":3,"spiny amaranth":3,"bur oak":3}}},{"w":"2026-09-08","yes":{"leaves":19,"flowers":12,"fruits":13},"obs":{"leaves":44,"flowers":31,"fruits":32},"sp":{"leaves":{"big sagebrush":3,"bur oak":2,"paper birch":2,"American elm":2,"green ash":2},"flowers":{"annual ragweed":3,"big sagebrush":3,"stinging nettle":3,"spiny amaranth":3},"fruits":{"annual ragweed":3,"big sagebrush":3,"stinging nettle":3,"spiny amaranth":3,"bur oak":1}}},{"w":"2026-08-25","yes":{"leaves":14,"flowers":12,"fruits":15,"birds":4},"obs":{"leaves":42,"flowers":33,"fruits":33,"insects":2,"birds":18},"sp":{"leaves":{"green ash":2,"red maple":2,"big sagebrush":2,"bur oak":1,"paper birch":1},"flowers":{"annual ragweed":3,"big sagebrush":3,"stinging nettle":3,"spiny amaranth":3},"fruits":{"annual ragweed":3,"big sagebrush":3,"stinging nettle":3,"spiny amaranth":3,"bur oak":2},"birds":{"Cooper's hawk":4}}},{"w":"2026-08-18","yes":{"leaves":22,"flowers":22},"obs":{"leaves":81,"flowers":65,"fruits":65},"sp":{"leaves":{"red maple":4,"green ash":3,"bur oak":2,"paper birch":2,"American elm":2},"flowers":{"annual ragweed":6,"stinging nettle":6,"spiny amaranth":6,"big sagebrush":4}}}]}},{"type":"Feature","geometry":{"type":"Point","coordinates":[-71.2509,41.4995]},"properties":{"site":59059,"st":"-9999","n":14,"classes":{"leaves":9,"fruits":5},"weeks":[{"w":"2026-08-18","yes":{"leaves":9,"fruits":5},"obs":{"leaves":47,"flowers":25,"fruits":30},"sp":{"leaves":{"red maple":2,"black cherry":2,"swamp white oak":1,"northern spicebush":1,"American hazelnut":1},"fruits":{"black cherry":3,"black walnut":2}}}]}},{"type":"Feature","geometry":{"type":"Point","coordinates":[-76.41204,40.03002]},"properties":{"site":59069,"st":"PA","n":43,"classes":{"leaves":14,"fruits":29},"weeks":[{"w":"2026-10-06","yes":{"leaves":2,"fruits":3},"obs":{"leaves":5,"flowers":2,"fruits":3},"sp":{"leaves":{"eastern redbud":2},"fruits":{"eastern redbud":3}}},{"w":"2026-09-29","yes":{"leaves":4,"fruits":6},"obs":{"leaves":10,"flowers":4,"fruits":6},"sp":{"leaves":{"eastern redbud":4},"fruits":{"eastern redbud":6}}},{"w":"2026-09-22","yes":{"leaves":3,"fruits":6},"obs":{"leaves":10,"flowers":4,"fruits":6},"sp":{"leaves":{"eastern redbud":3},"fruits":{"eastern redbud":6}}},{"w":"2026-09-15","yes":{"leaves":1,"fruits":3},"obs":{"leaves":5,"flowers":2,"fruits":3},"sp":{"leaves":{"eastern redbud":1},"fruits":{"eastern redbud":3}}},{"w":"2026-09-08","yes":{"leaves":1,"fruits":3},"obs":{"leaves":5,"flowers":2,"fruits":3},"sp":{"leaves":{"eastern redbud":1},"fruits":{"eastern redbud":3}}},{"w":"2026-08-25","yes":{"leaves":2,"fruits":6},"obs":{"leaves":10,"flowers":4,"fruits":6},"sp":{"leaves":{"eastern redbud":2},"fruits":{"eastern redbud":6}}},{"w":"2026-08-18","yes":{"leaves":1,"fruits":2},"obs":{"leaves":5,"flowers":2,"fruits":3},"sp":{"leaves":{"eastern redbud":1},"fruits":{"eastern redbud":2}}}]}},{"type":"Feature","geometry":{"type":"Point","coordinates":[-111.2028,32.43013]},"properties":{"site":59074,"st":"-9999","n":13,"classes":{"leaves":6,"flowers":4,"fruits":3},"weeks":[{"w":"2026-09-29","yes":{"leaves":6,"flowers":4,"fruits":3},"obs":{"leaves":6,"flowers":6,"fruits":9},"sp":{"leaves":{"rush-desert-milkweed":3,"desert marigold":2,"sacred thorn-apple":1},"flowers":{"sacred thorn-apple":2,"desert marigold":2},"fruits":{"sacred thorn-apple":2,"desert marigold":1}}}]}},{"type":"Feature","geometry":{"type":"Point","coordinates":[-89.88961,30.04915]},"properties":{"site":59086,"st":"LA","n":68,"classes":{"leaves":54,"flowers":4,"fruits":10},"weeks":[{"w":"2026-10-06","yes":{"leaves":33,"flowers":4,"fruits":6},"obs":{"leaves":82,"flowers":52,"fruits":63},"sp":{"leaves":{"sweetgum":9,"sugarberry":9,"black willow":9,"red maple":3,"eastern baccharis":2},"flowers":{"eastern baccharis":4},"fruits":{"yaupon":3,"wax myrtle":2,"sweetgum":1}}},{"w":"2026-09-29","yes":{"leaves":21,"fruits":4},"obs":{"leaves":67,"flowers":43,"fruits":54},"sp":{"leaves":{"sweetgum":9,"sugarberry":6,"black willow":5,"live oak":1},"fruits":{"wax myrtle":2,"yaupon":2}}}]}},{"type":"Feature","geometry":{"type":"Point","coordinates":[-117.01856,32.64608]},"properties":{"site":59087,"st":"-9999","n":19,"classes":{"leaves":12,"fruits":7},"weeks":[{"w":"2026-10-06","yes":{},"obs":{"leaves":4,"flowers":2,"fruits":3},"sp":{}},{"w":"2026-09-22","yes":{"leaves":2},"obs":{"leaves":10,"flowers":6,"fruits":9},"sp":{"leaves":{"orange bush monkeyflower":1,"blue elderberry":1}}},{"w":"2026-09-08","yes":{"leaves":3},"obs":{"leaves":10,"flowers":6,"fruits":9},"sp":{"leaves":{"blue elderberry":2,"orange bush monkeyflower":1}}},{"w":"2026-09-01","yes":{"leaves":2,"fruits":2},"obs":{"leaves":10,"flowers":6,"fruits":9},"sp":{"leaves":{"orange bush monkeyflower":1,"blue elderberry":1},"fruits":{"blue elderberry":2}}},{"w":"2026-08-25","yes":{"leaves":2,"fruits":3},"obs":{"leaves":10,"flowers":6,"fruits":9},"sp":{"leaves":{"orange bush monkeyflower":1,"blue elderberry":1},"fruits":{"blue elderberry":3}}},{"w":"2026-08-18","yes":{"leaves":3,"fruits":2},"obs":{"leaves":10,"flowers":6,"fruits":9},"sp":{"leaves":{"blue elderberry":2,"orange bush monkeyflower":1},"fruits":{"blue elderberry":2}}}]}},{"type":"Feature","geometry":{"type":"Point","coordinates":[-73.35346,44.26644]},"properties":{"site":59166,"st":"NY","n":331,"classes":{"leaves":250,"fruits":75,"flowers":6},"weeks":[{"w":"2026-09-29","yes":{"leaves":49,"fruits":11},"obs":{"leaves":90,"flowers":53,"fruits":54},"sp":{"leaves":{"sugar maple":10,"black ash":9,"hophornbeam":7,"white ash":6,"northern red oak":5},"fruits":{"northern red oak":6,"black walnut":3,"hophornbeam":2}}},{"w":"2026-09-22","yes":{"leaves":44,"fruits":18},"obs":{"leaves":90,"flowers":53,"fruits":51},"sp":{"leaves":{"black ash":9,"sugar maple":7,"hophornbeam":7,"white ash":6,"northern red oak":4},"fruits":{"northern red oak":6,"black walnut":3,"sugar maple":3,"hophornbeam":3,"white ash":3}}},{"w":"2026-09-15","yes":{"leaves":38,"fruits":9},"obs":{"leaves":90,"flowers":53,"fruits":50},"sp":{"leaves":{"black ash":9,"sugar maple":6,"hophornbeam":6,"northern red oak":4,"white ash":4},"fruits":{"northern red oak":4,"black walnut":3,"sugar maple":1,"white ash":1}}},{"w":"2026-09-08","yes":{"leaves":28,"fruits":9},"obs":{"leaves":90,"flowers":53,"fruits":54},"sp":{"leaves":{"black ash":6,"sugar maple":4,"hophornbeam":4,"northern red oak":4,"black walnut":3},"fruits":{"white ash":3,"northern red oak":3,"black walnut":2,"hophornbeam":1}}},{"w":"2026-09-01","yes":{"leaves":36,"flowers":2,"fruits":10},"obs":{"leaves":90,"flowers":53,"fruits":52},"sp":{"leaves":{"black ash":9,"sugar maple":6,"hophornbeam":5,"white ash":4,"black walnut":3},"flowers":{"hophornbeam":2},"fruits":{"northern red oak":3,"white ash":3,"black walnut":2,"hophornbeam":2}}},{"w":"2026-08-25","yes":{"leaves":27,"flowers":2,"fruits":9},"obs":{"leaves":90,"flowers":52,"fruits":54},"sp":{"leaves":{"black ash":7,"sugar maple":4,"black walnut":3,"hophornbeam":3,"American elm":3},"flowers":{"hophornbeam":2},"fruits":{"black walnut":3,"white ash":3,"northern red oak":3}}},{"w":"2026-08-18","yes":{"leaves":28,"flowers":2,"fruits":9},"obs":{"leaves":90,"flowers":53,"fruits":52},"sp":{"leaves":{"black ash":7,"sugar maple":4,"black walnut":3,"black cherry":3,"hophornbeam":3},"flowers":{"hophornbeam":2},"fruits":{"northern red oak":3,"black walnut":3,"bigleaf maple":2,"black ash":1}}}]}},{"type":"Feature","geometry":{"type":"Point","coordinates":[-73.87924,40.86165]},"properties":{"site":59192,"st":"NY","n":66,"classes":{"leaves":43,"flowers":6,"fruits":17},"weeks":[{"w":"2026-10-06","yes":{"leaves":11},"obs":{"leaves":19,"flowers":9,"fruits":13},"sp":{"leaves":{"sweetbay":8,"red maple":2,"common milkweed":1}}},{"w":"2026-09-29","yes":{"leaves":9,"flowers":1,"fruits":2},"obs":{"leaves":17,"flowers":10,"fruits":15},"sp":{"leaves":{"coastal sweetpepperbush":4,"sweetgum":3,"sweetbay":1,"common milkweed":1},"flowers":{"coastal sweetpepperbush":1},"fruits":{"sweetgum":2}}},{"w":"2026-09-22","yes":{"leaves":11,"flowers":1,"fruits":3},"obs":{"leaves":24,"flowers":12,"fruits":18},"sp":{"leaves":{"sweetbay":4,"sweetgum":3,"common milkweed":2,"coastal sweetpepperbush":2},"flowers":{"coastal sweetpepperbush":1},"fruits":{"sweetgum":3}}},{"w":"2026-09-15","yes":{"leaves":12,"flowers":4,"fruits":12},"obs":{"leaves":32,"flowers":21,"fruits":26},"sp":{"leaves":{"sweetbay":3,"common milkweed":3,"red maple":2,"coastal sweetpepperbush":2,"sweetgum":1},"flowers":{"eastern white pine":2,"common milkweed":2},"fruits":{"eastern white pine":6,"sweetgum":3,"common milkweed":3}}}]}},{"type":"Feature","geometry":{"type":"Point","coordinates":[-76.77864,38.8939]},"properties":{"site":59218,"st":"MD","n":22,"classes":{"leaves":8,"fruits":14},"weeks":[{"w":"2026-09-29","yes":{"leaves":4,"fruits":6},"obs":{"leaves":10,"flowers":4,"fruits":6},"sp":{"leaves":{"eastern redbud":4},"fruits":{"eastern redbud":6}}},{"w":"2026-09-01","yes":{"leaves":2,"fruits":4},"obs":{"leaves":10,"flowers":4,"fruits":6},"sp":{"leaves":{"eastern redbud":2},"fruits":{"eastern redbud":4}}},{"w":"2026-08-25","yes":{"leaves":2,"fruits":4},"obs":{"leaves":10,"flowers":4,"fruits":6},"sp":{"leaves":{"eastern redbud":2},"fruits":{"eastern redbud":4}}}]}},{"type":"Feature","geometry":{"type":"Point","coordinates":[-76.62848,39.48056]},"properties":{"site":59219,"st":"MD","n":3,"classes":{"leaves":1,"fruits":2},"weeks":[{"w":"2026-09-22","yes":{"leaves":1,"fruits":2},"obs":{"leaves":5,"flowers":2,"fruits":3},"sp":{"leaves":{"eastern redbud":1},"fruits":{"eastern redbud":2}}}]}},{"type":"Feature","geometry":{"type":"Point","coordinates":[-76.79507,38.88456]},"properties":{"site":59221,"st":"MD","n":6,"classes":{"leaves":2,"fruits":4},"weeks":[{"w":"2026-09-01","yes":{"leaves":1,"fruits":2},"obs":{"leaves":5,"flowers":2,"fruits":3},"sp":{"leaves":{"eastern redbud":1},"fruits":{"eastern redbud":2}}},{"w":"2026-08-25","yes":{"leaves":1,"fruits":2},"obs":{"leaves":5,"flowers":2,"fruits":3},"sp":{"leaves":{"eastern redbud":1},"fruits":{"eastern redbud":2}}}]}},{"type":"Feature","geometry":{"type":"Point","coordinates":[-88.25143,40.08199]},"properties":{"site":59244,"st":"IL","n":2,"classes":{"leaves":2},"weeks":[{"w":"2026-09-29","yes":{"leaves":1},"obs":{"leaves":5,"flowers":2,"fruits":3},"sp":{"leaves":{"eastern redbud":1}}},{"w":"2026-09-08","yes":{"leaves":1},"obs":{"leaves":5,"flowers":2,"fruits":3},"sp":{"leaves":{"eastern redbud":1}}}]}},{"type":"Feature","geometry":{"type":"Point","coordinates":[-111.53479,33.4519]},"properties":{"site":59275,"st":"AZ","n":102,"classes":{"leaves":68,"fruits":31,"flowers":3},"weeks":[{"w":"2026-10-06","yes":{"leaves":8,"fruits":1},"obs":{"leaves":15,"flowers":18,"fruits":27},"sp":{"leaves":{"ocotillo":2,"blue paloverde":2,"jojoba":2,"yellow paloverde":1,"creosote bush":1},"fruits":{"California barrel cactus":1}}},{"w":"2026-09-29","yes":{"leaves":7,"fruits":1},"obs":{"leaves":15,"flowers":18,"fruits":27},"sp":{"leaves":{"ocotillo":2,"jojoba":2,"blue paloverde":1,"yellow paloverde":1,"creosote bush":1},"fruits":{"California barrel cactus":1}}},{"w":"2026-09-22","yes":{"leaves":9,"fruits":4},"obs":{"leaves":15,"flowers":18,"fruits":27},"sp":{"leaves":{"jojoba":2,"ocotillo":2,"blue paloverde":2,"yellow paloverde":2,"creosote bush":1},"fruits":{"blue paloverde":2,"California barrel cactus":2}}},{"w":"2026-09-15","yes":{"leaves":16,"fruits":12},"obs":{"leaves":46,"flowers":58,"fruits":87},"sp":{"leaves":{"ocotillo":8,"blue paloverde":3,"yellow paloverde":3,"jojoba":2},"fruits":{"California barrel cactus":8,"blue paloverde":4}}},{"w":"2026-09-01","yes":{"leaves":7,"fruits":2},"obs":{"leaves":15,"flowers":17,"fruits":27},"sp":{"leaves":{"ocotillo":3,"blue paloverde":3,"yellow paloverde":1},"fruits":{"blue paloverde":1,"California barrel cactus":1}}},{"w":"2026-08-25","yes":{"leaves":14,"flowers":2,"fruits":7},"obs":{"leaves":30,"flowers":36,"fruits":54},"sp":{"leaves":{"blue paloverde":6,"ocotillo":4,"yellow paloverde":2,"creosote bush":1,"jojoba":1},"flowers":{"jojoba":1,"California barrel cactus":1},"fruits":{"blue paloverde":4,"California barrel cactus":3}}},{"w":"2026-08-18","yes":{"leaves":7,"flowers":1,"fruits":4},"obs":{"leaves":15,"flowers":18,"fruits":27},"sp":{"leaves":{"blue paloverde":3,"ocotillo":2,"yellow paloverde":1,"jojoba":1},"flowers":{"California barrel cactus":1},"fruits":{"blue paloverde":2,"California barrel cactus":2}}}]}},{"type":"Feature","geometry":{"type":"Point","coordinates":[-117.2461,32.98077]},"properties":{"site":59313,"st":"CA","n":14,"classes":{"leaves":12,"flowers":2},"weeks":[{"w":"2026-09-22","yes":{"leaves":12,"flowers":2},"obs":{"leaves":24,"flowers":22,"fruits":18},"sp":{"leaves":{"black sage":6,"Eastern Mojave buckwheat":4,"lemonade sumac":2},"flowers":{"lemonade sumac":2}}}]}},{"type":"Feature","geometry":{"type":"Point","coordinates":[-97.7718,30.2178]},"properties":{"site":59344,"st":"TX","n":9,"classes":{"leaves":3,"flowers":5,"fruits":1},"weeks":[{"w":"2026-08-25","yes":{"leaves":3,"flowers":5,"fruits":1},"obs":{"leaves":13,"flowers":6,"fruits":9},"sp":{"leaves":{"American beautyberry":1,"pine barren frostweed":1,"wax mallow":1},"flowers":{"pine barren frostweed":2,"wax mallow":2,"American beautyberry":1},"fruits":{"American beautyberry":1}}}]}},{"type":"Feature","geometry":{"type":"Point","coordinates":[-73.49493,41.27769]},"properties":{"site":59356,"st":"-9999","n":223,"classes":{"leaves":63,"flowers":86,"fruits":74},"weeks":[{"w":"2026-10-06","yes":{"leaves":3,"flowers":4,"fruits":8},"obs":{"leaves":16,"flowers":16,"fruits":19},"sp":{"leaves":{"blackeyed Susan":1,"spotted joe pye weed":1,"dense blazing star":1},"flowers":{"spotted joe pye weed":4},"fruits":{"New England aster":4,"blackeyed Susan":2,"dense blazing star":2}}},{"w":"2026-09-29","yes":{"leaves":1,"flowers":2},"obs":{"leaves":10,"flowers":10,"fruits":15},"sp":{"leaves":{"spotted joe pye weed":1},"flowers":{"spotted joe pye weed":2}}},{"w":"2026-09-22","yes":{"leaves":10,"flowers":8,"fruits":14},"obs":{"leaves":20,"flowers":20,"fruits":26},"sp":{"leaves":{"butterfly milkweed":2,"blackeyed Susan":2,"spotted joe pye weed":2,"dense blazing star":2,"New England aster":2},"flowers":{"blackeyed Susan":4,"spotted joe pye weed":4},"fruits":{"dense blazing star":5,"New England aster":5,"blackeyed Susan":4}}},{"w":"2026-09-15","yes":{"leaves":10,"flowers":16,"fruits":12},"obs":{"leaves":20,"flowers":20,"fruits":29},"sp":{"leaves":{"butterfly milkweed":2,"blackeyed Susan":2,"spotted joe pye weed":2,"dense blazing star":2,"New England aster":2},"flowers":{"butterfly milkweed":4,"blackeyed Susan":4,"spotted joe pye weed":4,"New England aster":4},"fruits":{"blackeyed Susan":4,"dense blazing star":4,"New England aster":4}}},{"w":"2026-09-08","yes":{"leaves":10,"flowers":15,"fruits":11},"obs":{"leaves":20,"flowers":20,"fruits":25},"sp":{"leaves":{"butterfly milkweed":2,"blackeyed Susan":2,"spotted joe pye weed":2,"dense blazing star":2,"New England aster":2},"flowers":{"blackeyed Susan":4,"spotted joe pye weed":4,"New England aster":4,"butterfly milkweed":3},"fruits":{"blackeyed Susan":4,"dense blazing star":4,"New England aster":3}}},{"w":"2026-09-01","yes":{"leaves":9,"flowers":12,"fruits":9},"obs":{"leaves":18,"flowers":18,"fruits":26},"sp":{"leaves":{"butterfly milkweed":2,"blackeyed Susan":2,"spotted joe pye weed":2,"dense blazing star":2,"New England aster":1},"flowers":{"blackeyed Susan":4,"spotted joe pye weed":4,"butterfly milkweed":2,"New England aster":2},"fruits":{"blackeyed Susan":4,"dense blazing star":3,"New England aster":2}}},{"w":"2026-08-25","yes":{"leaves":10,"flowers":15,"fruits":11},"obs":{"leaves":20,"flowers":20,"fruits":27},"sp":{"leaves":{"butterfly milkweed":2,"blackeyed Susan":2,"spotted joe pye weed":2,"dense blazing star":2,"New England aster":2},"flowers":{"butterfly milkweed":4,"blackeyed Susan":4,"New England aster":4,"spotted joe pye weed":3},"fruits":{"blackeyed Susan":4,"dense blazing star":4,"New England aster":3}}},{"w":"2026-08-18","yes":{"leaves":10,"flowers":14,"fruits":9},"obs":{"leaves":20,"flowers":20,"fruits":29},"sp":{"leaves":{"butterfly milkweed":2,"blackeyed Susan":2,"spotted joe pye weed":2,"dense blazing star":2,"New England aster":2},"flowers":{"butterfly milkweed":4,"blackeyed Susan":4,"New England aster":4,"spotted joe pye weed":2},"fruits":{"blackeyed Susan":4,"dense blazing star":4,"New England aster":1}}}]}},{"type":"Feature","geometry":{"type":"Point","coordinates":[-116.57651,53.93327]},"properties":{"site":59374,"st":"-9999","n":83,"classes":{"leaves":53,"fruits":30},"weeks":[{"w":"2026-10-06","yes":{"leaves":17,"fruits":12},"obs":{"leaves":45,"flowers":27,"fruits":26},"sp":{"leaves":{"white oak":5,"swamp white oak":4,"scarlet oak":3,"pin oak":3,"willow oak":2},"fruits":{"white oak":9,"swamp white oak":2,"pin oak":1}}},{"w":"2026-09-29","yes":{"leaves":15,"fruits":6},"obs":{"leaves":45,"flowers":27,"fruits":26},"sp":{"leaves":{"white oak":5,"swamp white oak":3,"pin oak":3,"willow oak":2,"scarlet oak":2},"fruits":{"white oak":3,"swamp white oak":2,"pin oak":1}}},{"w":"2026-09-08","yes":{"leaves":12,"fruits":6},"obs":{"leaves":45,"flowers":27,"fruits":27},"sp":{"leaves":{"white oak":4,"swamp white oak":3,"willow oak":2,"pin oak":2,"scarlet oak":1},"fruits":{"white oak":3,"swamp white oak":2,"pin oak":1}}},{"w":"2026-08-25","yes":{"leaves":9,"fruits":6},"obs":{"leaves":45,"flowers":27,"fruits":26},"sp":{"leaves":{"white oak":3,"willow oak":2,"swamp white oak":2,"scarlet oak":1,"pin oak":1},"fruits":{"white oak":3,"swamp white oak":2,"pin oak":1}}}]}},{"type":"Feature","geometry":{"type":"Point","coordinates":[-120.64334,38.64619]},"properties":{"site":59380,"st":"CA","n":39,"classes":{"leaves":22,"fruits":17},"weeks":[{"w":"2026-09-29","yes":{"leaves":4,"fruits":2},"obs":{"leaves":12,"flowers":8,"fruits":5},"sp":{"leaves":{"black oak":4},"fruits":{"black oak":2}}},{"w":"2026-09-22","yes":{"leaves":6,"fruits":6},"obs":{"leaves":12,"flowers":8,"fruits":9},"sp":{"leaves":{"black oak":6},"fruits":{"black oak":6}}},{"w":"2026-09-15","yes":{"leaves":6,"fruits":6},"obs":{"leaves":12,"flowers":8,"fruits":9},"sp":{"leaves":{"black oak":6},"fruits":{"black oak":6}}},{"w":"2026-09-01","yes":{"leaves":6,"fruits":3},"obs":{"leaves":12,"flowers":8,"fruits":9},"sp":{"leaves":{"black oak":6},"fruits":{"black oak":3}}}]}},{"type":"Feature","geometry":{"type":"Point","coordinates":[-93.23581,37.04327]},"properties":{"site":59410,"st":"MO","n":3,"classes":{"leaves":1,"fruits":2},"weeks":[{"w":"2026-08-18","yes":{"leaves":1,"fruits":2},"obs":{"leaves":5,"flowers":2,"fruits":3},"sp":{"leaves":{"eastern redbud":1},"fruits":{"eastern redbud":2}}}]}},{"type":"Feature","geometry":{"type":"Point","coordinates":[-98.21771,30.76611]},"properties":{"site":59446,"st":"-9999","n":63,"classes":{"leaves":32,"flowers":6,"fruits":25},"weeks":[{"w":"2026-09-08","yes":{"leaves":10,"flowers":1,"fruits":11},"obs":{"leaves":22,"flowers":21,"fruits":30},"sp":{"leaves":{"American beautyberry":2,"eastern redbud":1,"wax mallow":1,"blue mistflower":1,"mealycup sage":1},"flowers":{"mealycup sage":1},"fruits":{"eastern redbud":3,"blue mistflower":3,"mealycup sage":3,"American beautyberry":2}}},{"w":"2026-09-01","yes":{"leaves":13,"fruits":9},"obs":{"leaves":23,"flowers":22,"fruits":30},"sp":{"leaves":{"eastern redbud":3,"wax mallow":3,"Canada goldenrod":1,"American beautyberry":1,"blue mistflower":1},"fruits":{"eastern redbud":3,"mealycup sage":3,"American beautyberry":2,"blue mistflower":1}}},{"w":"2026-08-18","yes":{"leaves":9,"flowers":5,"fruits":5},"obs":{"leaves":17,"flowers":19,"fruits":26},"sp":{"leaves":{"eastern redbud":2,"American beautyberry":1,"blue mistflower":1,"mealycup sage":1,"American white waterlily":1},"flowers":{"blue mistflower":2,"mealycup sage":2,"wax mallow":1},"fruits":{"mealycup sage":3,"eastern redbud":1,"blue mistflower":1}}}]}},{"type":"Feature","geometry":{"type":"Point","coordinates":[-80.40229,37.21244]},"properties":{"site":59460,"st":"-9999","n":5,"classes":{"leaves":2,"fruits":3},"weeks":[{"w":"2026-09-08","yes":{"leaves":1,"fruits":2},"obs":{"leaves":4,"flowers":2,"fruits":3},"sp":{"leaves":{"eastern redbud":1},"fruits":{"eastern redbud":2}}},{"w":"2026-08-25","yes":{"leaves":1,"fruits":1},"obs":{"leaves":4,"flowers":2,"fruits":3},"sp":{"leaves":{"eastern redbud":1},"fruits":{"eastern redbud":1}}}]}},{"type":"Feature","geometry":{"type":"Point","coordinates":[-98.41246,29.63067]},"properties":{"site":59466,"st":"TX","n":56,"classes":{"leaves":27,"flowers":8,"fruits":21},"weeks":[{"w":"2026-09-29","yes":{"leaves":3,"flowers":2,"fruits":1},"obs":{"leaves":10,"flowers":6,"fruits":9},"sp":{"leaves":{"American beautyberry":1,"blue mistflower":1,"straggler daisy":1},"flowers":{"blue mistflower":2},"fruits":{"American beautyberry":1}}},{"w":"2026-09-22","yes":{"leaves":3,"flowers":2,"fruits":1},"obs":{"leaves":10,"flowers":6,"fruits":9},"sp":{"leaves":{"American beautyberry":1,"blue mistflower":1,"straggler daisy":1},"flowers":{"blue mistflower":2},"fruits":{"American beautyberry":1}}},{"w":"2026-09-15","yes":{"leaves":6,"flowers":4,"fruits":4},"obs":{"leaves":20,"flowers":12,"fruits":18},"sp":{"leaves":{"American beautyberry":2,"blue mistflower":2,"straggler daisy":2},"flowers":{"blue mistflower":2,"straggler daisy":2},"fruits":{"American beautyberry":4}}},{"w":"2026-09-08","yes":{"leaves":3,"fruits":3},"obs":{"leaves":10,"flowers":6,"fruits":9},"sp":{"leaves":{"American beautyberry":1,"blue mistflower":1,"straggler daisy":1},"fruits":{"American beautyberry":3}}},{"w":"2026-09-01","yes":{"leaves":3,"fruits":3},"obs":{"leaves":10,"flowers":6,"fruits":9},"sp":{"leaves":{"American beautyberry":1,"blue mistflower":1,"straggler daisy":1},"fruits":{"American beautyberry":3}}},{"w":"2026-08-25","yes":{"leaves":6,"fruits":6},"obs":{"leaves":20,"flowers":12,"fruits":18},"sp":{"leaves":{"American beautyberry":2,"blue mistflower":2,"straggler daisy":2},"fruits":{"American beautyberry":6}}},{"w":"2026-08-18","yes":{"leaves":3,"fruits":3},"obs":{"leaves":10,"flowers":6,"fruits":9},"sp":{"leaves":{"American beautyberry":1,"blue mistflower":1,"straggler daisy":1},"fruits":{"American beautyberry":3}}}]}},{"type":"Feature","geometry":{"type":"Point","coordinates":[-96.73492,33.1317]},"properties":{"site":59521,"st":"-9999","n":48,"classes":{"leaves":10,"fruits":20,"flowers":18},"weeks":[{"w":"2026-09-29","yes":{"leaves":1,"fruits":2},"obs":{"leaves":3,"flowers":2,"fruits":2},"sp":{"leaves":{"turkey tangle fogfruit":1},"fruits":{"turkey tangle fogfruit":2}}},{"w":"2026-09-22","yes":{"leaves":1,"flowers":2,"fruits":2},"obs":{"leaves":3,"flowers":2,"fruits":2},"sp":{"leaves":{"turkey tangle fogfruit":1},"flowers":{"turkey tangle fogfruit":2},"fruits":{"turkey tangle fogfruit":2}}},{"w":"2026-09-08","yes":{"leaves":2,"flowers":4,"fruits":4},"obs":{"leaves":6,"flowers":4,"fruits":4},"sp":{"leaves":{"turkey tangle fogfruit":2},"flowers":{"turkey tangle fogfruit":4},"fruits":{"turkey tangle fogfruit":4}}},{"w":"2026-09-01","yes":{"leaves":3,"flowers":6,"fruits":6},"obs":{"leaves":9,"flowers":6,"fruits":6},"sp":{"leaves":{"turkey tangle fogfruit":3},"flowers":{"turkey tangle fogfruit":6},"fruits":{"turkey tangle fogfruit":6}}},{"w":"2026-08-25","yes":{"leaves":2,"flowers":4,"fruits":4},"obs":{"leaves":6,"flowers":4,"fruits":4},"sp":{"leaves":{"turkey tangle fogfruit":2},"flowers":{"turkey tangle fogfruit":4},"fruits":{"turkey tangle fogfruit":4}}},{"w":"2026-08-18","yes":{"leaves":1,"flowers":2,"fruits":2},"obs":{"leaves":3,"flowers":2,"fruits":2},"sp":{"leaves":{"turkey tangle fogfruit":1},"flowers":{"turkey tangle fogfruit":2},"fruits":{"turkey tangle fogfruit":2}}}]}},{"type":"Feature","geometry":{"type":"Point","coordinates":[-96.73495,33.13171]},"properties":{"site":59522,"st":"-9999","n":35,"classes":{"leaves":15,"flowers":20},"weeks":[{"w":"2026-09-29","yes":{"leaves":2,"flowers":2},"obs":{"leaves":5,"flowers":2,"fruits":3},"sp":{"leaves":{"wax mallow":2},"flowers":{"wax mallow":2}}},{"w":"2026-09-22","yes":{"leaves":1,"flowers":2},"obs":{"leaves":5,"flowers":2,"fruits":3},"sp":{"leaves":{"wax mallow":1},"flowers":{"wax mallow":2}}},{"w":"2026-09-08","yes":{"leaves":4,"flowers":4},"obs":{"leaves":10,"flowers":4,"fruits":6},"sp":{"leaves":{"wax mallow":4},"flowers":{"wax mallow":4}}},{"w":"2026-09-01","yes":{"leaves":3,"flowers":6},"obs":{"leaves":15,"flowers":6,"fruits":9},"sp":{"leaves":{"wax mallow":3},"flowers":{"wax mallow":6}}},{"w":"2026-08-25","yes":{"leaves":3,"flowers":4},"obs":{"leaves":10,"flowers":4,"fruits":6},"sp":{"leaves":{"wax mallow":3},"flowers":{"wax mallow":4}}},{"w":"2026-08-18","yes":{"leaves":2,"flowers":2},"obs":{"leaves":5,"flowers":2,"fruits":3},"sp":{"leaves":{"wax mallow":2},"flowers":{"wax mallow":2}}}]}},{"type":"Feature","geometry":{"type":"Point","coordinates":[-96.73498,33.13168]},"properties":{"site":59549,"st":"-9999","n":10,"classes":{"leaves":10},"weeks":[{"w":"2026-09-29","yes":{"leaves":1},"obs":{"leaves":2,"flowers":2,"fruits":3},"sp":{"leaves":{"button eryngo":1}}},{"w":"2026-09-22","yes":{"leaves":1},"obs":{"leaves":2,"flowers":2,"fruits":3},"sp":{"leaves":{"button eryngo":1}}},{"w":"2026-09-08","yes":{"leaves":2},"obs":{"leaves":4,"flowers":4,"fruits":6},"sp":{"leaves":{"button eryngo":2}}},{"w":"2026-09-01","yes":{"leaves":3},"obs":{"leaves":6,"flowers":6,"fruits":9},"sp":{"leaves":{"button eryngo":3}}},{"w":"2026-08-25","yes":{"leaves":2},"obs":{"leaves":4,"flowers":4,"fruits":6},"sp":{"leaves":{"button eryngo":2}}},{"w":"2026-08-18","yes":{"leaves":1},"obs":{"leaves":2,"flowers":2,"fruits":3},"sp":{"leaves":{"button eryngo":1}}}]}},{"type":"Feature","geometry":{"type":"Point","coordinates":[-76.54983,38.8899]},"properties":{"site":59571,"st":"MD","n":151,"classes":{"leaves":58,"fruits":93},"weeks":[{"w":"2026-09-29","yes":{"leaves":5,"fruits":10},"obs":{"leaves":20,"flowers":10,"fruits":10},"sp":{"leaves":{"eastern redbud":5},"fruits":{"eastern redbud":10}}},{"w":"2026-09-22","yes":{"leaves":8,"fruits":11},"obs":{"leaves":23,"flowers":10,"fruits":15},"sp":{"leaves":{"eastern redbud":8},"fruits":{"eastern redbud":11}}},{"w":"2026-09-15","yes":{"leaves":20,"fruits":22},"obs":{"leaves":50,"flowers":20,"fruits":30},"sp":{"leaves":{"eastern redbud":20},"fruits":{"eastern redbud":22}}},{"w":"2026-09-01","yes":{"leaves":5,"fruits":10},"obs":{"leaves":25,"flowers":10,"fruits":15},"sp":{"leaves":{"eastern redbud":5},"fruits":{"eastern redbud":10}}},{"w":"2026-08-25","yes":{"leaves":10,"fruits":20},"obs":{"leaves":50,"flowers":20,"fruits":30},"sp":{"leaves":{"eastern redbud":10},"fruits":{"eastern redbud":20}}},{"w":"2026-08-18","yes":{"leaves":10,"fruits":20},"obs":{"leaves":50,"flowers":20,"fruits":30},"sp":{"leaves":{"eastern redbud":10},"fruits":{"eastern redbud":20}}}]}},{"type":"Feature","geometry":{"type":"Point","coordinates":[-96.73498,33.13168]},"properties":{"site":59620,"st":"-9999","n":11,"classes":{"leaves":9,"flowers":2},"weeks":[{"w":"2026-09-29","yes":{"leaves":1},"obs":{"leaves":5,"flowers":2,"fruits":3},"sp":{"leaves":{"American beautyberry":1}}},{"w":"2026-09-22","yes":{"leaves":1},"obs":{"leaves":5,"flowers":2,"fruits":3},"sp":{"leaves":{"American beautyberry":1}}},{"w":"2026-09-08","yes":{"leaves":2},"obs":{"leaves":10,"flowers":4,"fruits":6},"sp":{"leaves":{"American beautyberry":2}}},{"w":"2026-09-01","yes":{"leaves":3,"flowers":2},"obs":{"leaves":15,"flowers":6,"fruits":9},"sp":{"leaves":{"American beautyberry":3},"flowers":{"American beautyberry":2}}},{"w":"2026-08-25","yes":{"leaves":1},"obs":{"leaves":5,"flowers":2,"fruits":3},"sp":{"leaves":{"American beautyberry":1}}},{"w":"2026-08-18","yes":{"leaves":1},"obs":{"leaves":5,"flowers":2,"fruits":3},"sp":{"leaves":{"American beautyberry":1}}}]}},{"type":"Feature","geometry":{"type":"Point","coordinates":[-96.73498,33.13168]},"properties":{"site":59621,"st":"-9999","n":25,"classes":{"leaves":9,"fruits":12,"flowers":4},"weeks":[{"w":"2026-09-29","yes":{"leaves":1,"fruits":3},"obs":{"leaves":5,"flowers":2,"fruits":3},"sp":{"leaves":{"American beautyberry":1},"fruits":{"American beautyberry":3}}},{"w":"2026-09-22","yes":{"leaves":1,"fruits":3},"obs":{"leaves":5,"flowers":2,"fruits":3},"sp":{"leaves":{"American beautyberry":1},"fruits":{"American beautyberry":3}}},{"w":"2026-09-08","yes":{"leaves":2,"fruits":4},"obs":{"leaves":10,"flowers":4,"fruits":6},"sp":{"leaves":{"American beautyberry":2},"fruits":{"American beautyberry":4}}},{"w":"2026-09-01","yes":{"leaves":3,"flowers":2,"fruits":2},"obs":{"leaves":15,"flowers":6,"fruits":8},"sp":{"leaves":{"American beautyberry":3},"flowers":{"American beautyberry":2},"fruits":{"American beautyberry":2}}},{"w":"2026-08-25","yes":{"leaves":1,"flowers":2},"obs":{"leaves":5,"flowers":2,"fruits":3},"sp":{"leaves":{"American beautyberry":1},"flowers":{"American beautyberry":2}}},{"w":"2026-08-18","yes":{"leaves":1},"obs":{"leaves":5,"flowers":2,"fruits":3},"sp":{"leaves":{"American beautyberry":1}}}]}},{"type":"Feature","geometry":{"type":"Point","coordinates":[-96.73498,33.13168]},"properties":{"site":59622,"st":"-9999","n":60,"classes":{"leaves":10,"flowers":20,"fruits":30},"weeks":[{"w":"2026-09-29","yes":{"leaves":1,"flowers":2,"fruits":3},"obs":{"leaves":2,"flowers":2,"fruits":3},"sp":{"leaves":{"blue mistflower":1},"flowers":{"blue mistflower":2},"fruits":{"blue mistflower":3}}},{"w":"2026-09-22","yes":{"leaves":1,"flowers":2,"fruits":3},"obs":{"leaves":2,"flowers":2,"fruits":3},"sp":{"leaves":{"blue mistflower":1},"flowers":{"blue mistflower":2},"fruits":{"blue mistflower":3}}},{"w":"2026-09-08","yes":{"leaves":2,"flowers":4,"fruits":6},"obs":{"leaves":4,"flowers":4,"fruits":6},"sp":{"leaves":{"blue mistflower":2},"flowers":{"blue mistflower":4},"fruits":{"blue mistflower":6}}},{"w":"2026-09-01","yes":{"leaves":3,"flowers":6,"fruits":9},"obs":{"leaves":6,"flowers":6,"fruits":9},"sp":{"leaves":{"blue mistflower":3},"flowers":{"blue mistflower":6},"fruits":{"blue mistflower":9}}},{"w":"2026-08-25","yes":{"leaves":2,"flowers":4,"fruits":6},"obs":{"leaves":4,"flowers":4,"fruits":6},"sp":{"leaves":{"blue mistflower":2},"flowers":{"blue mistflower":4},"fruits":{"blue mistflower":6}}},{"w":"2026-08-18","yes":{"leaves":1,"flowers":2,"fruits":3},"obs":{"leaves":2,"flowers":2,"fruits":3},"sp":{"leaves":{"blue mistflower":1},"flowers":{"blue mistflower":2},"fruits":{"blue mistflower":3}}}]}},{"type":"Feature","geometry":{"type":"Point","coordinates":[-96.73498,33.13168]},"properties":{"site":59623,"st":"-9999","n":12,"classes":{"leaves":10,"flowers":2},"weeks":[{"w":"2026-09-29","yes":{"leaves":1,"flowers":1},"obs":{"leaves":2,"flowers":2,"fruits":3},"sp":{"leaves":{"white crownbeard":1},"flowers":{"white crownbeard":1}}},{"w":"2026-09-22","yes":{"leaves":1,"flowers":1},"obs":{"leaves":2,"flowers":2,"fruits":3},"sp":{"leaves":{"white crownbeard":1},"flowers":{"white crownbeard":1}}},{"w":"2026-09-08","yes":{"leaves":2},"obs":{"leaves":4,"flowers":4,"fruits":6},"sp":{"leaves":{"white crownbeard":2}}},{"w":"2026-09-01","yes":{"leaves":3},"obs":{"leaves":6,"flowers":6,"fruits":9},"sp":{"leaves":{"white crownbeard":3}}},{"w":"2026-08-25","yes":{"leaves":2},"obs":{"leaves":4,"flowers":4,"fruits":6},"sp":{"leaves":{"white crownbeard":2}}},{"w":"2026-08-18","yes":{"leaves":1},"obs":{"leaves":2,"flowers":2,"fruits":3},"sp":{"leaves":{"white crownbeard":1}}}]}},{"type":"Feature","geometry":{"type":"Point","coordinates":[-77.5536,37.51392]},"properties":{"site":59626,"st":"VA","n":16,"classes":{"leaves":4,"fruits":12},"weeks":[{"w":"2026-09-08","yes":{"leaves":1,"fruits":3},"obs":{"leaves":5,"flowers":2,"fruits":3},"sp":{"leaves":{"eastern redbud":1},"fruits":{"eastern redbud":3}}},{"w":"2026-09-01","yes":{"leaves":1,"fruits":3},"obs":{"leaves":5,"flowers":2,"fruits":3},"sp":{"leaves":{"eastern redbud":1},"fruits":{"eastern redbud":3}}},{"w":"2026-08-25","yes":{"leaves":1,"fruits":3},"obs":{"leaves":5,"flowers":2,"fruits":3},"sp":{"leaves":{"eastern redbud":1},"fruits":{"eastern redbud":3}}},{"w":"2026-08-18","yes":{"leaves":1,"fruits":3},"obs":{"leaves":5,"flowers":2,"fruits":3},"sp":{"leaves":{"eastern redbud":1},"fruits":{"eastern redbud":3}}}]}},{"type":"Feature","geometry":{"type":"Point","coordinates":[-96.73498,33.13168]},"properties":{"site":59634,"st":"-9999","n":55,"classes":{"leaves":10,"flowers":20,"fruits":25},"weeks":[{"w":"2026-09-29","yes":{"leaves":1,"flowers":2,"fruits":3},"obs":{"leaves":5,"flowers":2,"fruits":3},"sp":{"leaves":{"West Indian shrubverbena":1},"flowers":{"West Indian shrubverbena":2},"fruits":{"West Indian shrubverbena":3}}},{"w":"2026-09-22","yes":{"leaves":1,"flowers":2,"fruits":3},"obs":{"leaves":5,"flowers":2,"fruits":3},"sp":{"leaves":{"West Indian shrubverbena":1},"flowers":{"West Indian shrubverbena":2},"fruits":{"West Indian shrubverbena":3}}},{"w":"2026-09-08","yes":{"leaves":2,"flowers":4,"fruits":5},"obs":{"leaves":10,"flowers":4,"fruits":5},"sp":{"leaves":{"West Indian shrubverbena":2},"flowers":{"West Indian shrubverbena":4},"fruits":{"West Indian shrubverbena":5}}},{"w":"2026-09-01","yes":{"leaves":3,"flowers":6,"fruits":8},"obs":{"leaves":15,"flowers":6,"fruits":8},"sp":{"leaves":{"West Indian shrubverbena":3},"flowers":{"West Indian shrubverbena":6},"fruits":{"West Indian shrubverbena":8}}},{"w":"2026-08-25","yes":{"leaves":2,"flowers":4,"fruits":6},"obs":{"leaves":10,"flowers":4,"fruits":6},"sp":{"leaves":{"West Indian shrubverbena":2},"flowers":{"West Indian shrubverbena":4},"fruits":{"West Indian shrubverbena":6}}},{"w":"2026-08-18","yes":{"leaves":1,"flowers":2},"obs":{"leaves":5,"flowers":2,"fruits":3},"sp":{"leaves":{"West Indian shrubverbena":1},"flowers":{"West Indian shrubverbena":2}}}]}},{"type":"Feature","geometry":{"type":"Point","coordinates":[-77.17355,39.13833]},"properties":{"site":59643,"st":"MD","n":75,"classes":{"leaves":27,"fruits":48},"weeks":[{"w":"2026-09-29","yes":{"leaves":3,"fruits":6},"obs":{"leaves":15,"flowers":6,"fruits":9},"sp":{"leaves":{"eastern redbud":3},"fruits":{"eastern redbud":6}}},{"w":"2026-09-22","yes":{"leaves":6,"fruits":12},"obs":{"leaves":26,"flowers":10,"fruits":15},"sp":{"leaves":{"eastern redbud":6},"fruits":{"eastern redbud":12}}},{"w":"2026-09-15","yes":{"leaves":3,"fruits":6},"obs":{"leaves":15,"flowers":6,"fruits":9},"sp":{"leaves":{"eastern redbud":3},"fruits":{"eastern redbud":6}}},{"w":"2026-09-08","yes":{"leaves":3,"fruits":6},"obs":{"leaves":15,"flowers":6,"fruits":9},"sp":{"leaves":{"eastern redbud":3},"fruits":{"eastern redbud":6}}},{"w":"2026-09-01","yes":{"leaves":6,"fruits":10},"obs":{"leaves":30,"flowers":12,"fruits":18},"sp":{"leaves":{"eastern redbud":6},"fruits":{"eastern redbud":10}}},{"w":"2026-08-25","yes":{"leaves":3,"fruits":4},"obs":{"leaves":15,"flowers":6,"fruits":9},"sp":{"leaves":{"eastern redbud":3},"fruits":{"eastern redbud":4}}},{"w":"2026-08-18","yes":{"leaves":3,"fruits":4},"obs":{"leaves":15,"flowers":6,"fruits":9},"sp":{"leaves":{"eastern redbud":3},"fruits":{"eastern redbud":4}}}]}},{"type":"Feature","geometry":{"type":"Point","coordinates":[-77.5536,37.51392]},"properties":{"site":59665,"st":"VA","n":16,"classes":{"leaves":4,"fruits":12},"weeks":[{"w":"2026-09-08","yes":{"leaves":1,"fruits":3},"obs":{"leaves":5,"flowers":2,"fruits":3},"sp":{"leaves":{"eastern redbud":1},"fruits":{"eastern redbud":3}}},{"w":"2026-09-01","yes":{"leaves":1,"fruits":3},"obs":{"leaves":5,"flowers":2,"fruits":3},"sp":{"leaves":{"eastern redbud":1},"fruits":{"eastern redbud":3}}},{"w":"2026-08-25","yes":{"leaves":1,"fruits":3},"obs":{"leaves":5,"flowers":2,"fruits":3},"sp":{"leaves":{"eastern redbud":1},"fruits":{"eastern redbud":3}}},{"w":"2026-08-18","yes":{"leaves":1,"fruits":3},"obs":{"leaves":5,"flowers":2,"fruits":3},"sp":{"leaves":{"eastern redbud":1},"fruits":{"eastern redbud":3}}}]}},{"type":"Feature","geometry":{"type":"Point","coordinates":[-89.88332,42.88385]},"properties":{"site":59676,"st":"WI","n":148,"classes":{"leaves":75,"fruits":73},"weeks":[{"w":"2026-09-29","yes":{"leaves":39,"fruits":12},"obs":{"leaves":98,"flowers":60,"fruits":60},"sp":{"leaves":{"white oak":39},"fruits":{"white oak":12}}},{"w":"2026-09-22","yes":{"leaves":4,"fruits":12},"obs":{"leaves":20,"flowers":12,"fruits":12},"sp":{"leaves":{"white oak":4},"fruits":{"white oak":12}}},{"w":"2026-09-15","yes":{"leaves":8,"fruits":24},"obs":{"leaves":40,"flowers":24,"fruits":24},"sp":{"leaves":{"white oak":8},"fruits":{"white oak":24}}},{"w":"2026-09-08","yes":{"leaves":8,"fruits":12},"obs":{"leaves":40,"flowers":24,"fruits":24},"sp":{"leaves":{"white oak":8},"fruits":{"white oak":12}}},{"w":"2026-09-01","yes":{"leaves":4,"fruits":4},"obs":{"leaves":20,"flowers":12,"fruits":12},"sp":{"leaves":{"white oak":4},"fruits":{"white oak":4}}},{"w":"2026-08-25","yes":{"leaves":4,"fruits":3},"obs":{"leaves":20,"flowers":12,"fruits":12},"sp":{"leaves":{"white oak":4},"fruits":{"white oak":3}}},{"w":"2026-08-18","yes":{"leaves":8,"fruits":6},"obs":{"leaves":40,"flowers":24,"fruits":24},"sp":{"leaves":{"white oak":8},"fruits":{"white oak":6}}}]}},{"type":"Feature","geometry":{"type":"Point","coordinates":[-112.04617,33.45569]},"properties":{"site":59734,"st":"AZ","n":5,"classes":{"leaves":3,"flowers":2},"weeks":[{"w":"2026-09-22","yes":{"leaves":3,"flowers":2},"obs":{"leaves":4,"flowers":2,"fruits":3},"sp":{"leaves":{"pineneedle milkweed":3},"flowers":{"pineneedle milkweed":2}}}]}},{"type":"Feature","geometry":{"type":"Point","coordinates":[-77.1147,38.8037]},"properties":{"site":59757,"st":"-9999","n":36,"classes":{"leaves":9,"fruits":27},"weeks":[{"w":"2026-09-29","yes":{"leaves":3,"fruits":9},"obs":{"leaves":15,"flowers":6,"fruits":9},"sp":{"leaves":{"eastern redbud":3},"fruits":{"eastern redbud":9}}},{"w":"2026-09-08","yes":{"leaves":3,"fruits":9},"obs":{"leaves":15,"flowers":6,"fruits":9},"sp":{"leaves":{"eastern redbud":3},"fruits":{"eastern redbud":9}}},{"w":"2026-08-18","yes":{"leaves":3,"fruits":9},"obs":{"leaves":15,"flowers":6,"fruits":9},"sp":{"leaves":{"eastern redbud":3},"fruits":{"eastern redbud":9}}}]}},{"type":"Feature","geometry":{"type":"Point","coordinates":[-76.9192,38.183]},"properties":{"site":59758,"st":"-9999","n":25,"classes":{"leaves":15,"fruits":10},"weeks":[{"w":"2026-09-22","yes":{"leaves":3,"fruits":2},"obs":{"leaves":5,"flowers":2,"fruits":3},"sp":{"leaves":{"eastern redbud":3},"fruits":{"eastern redbud":2}}},{"w":"2026-09-08","yes":{"leaves":3,"fruits":2},"obs":{"leaves":5,"flowers":2,"fruits":3},"sp":{"leaves":{"eastern redbud":3},"fruits":{"eastern redbud":2}}},{"w":"2026-09-01","yes":{"leaves":3,"fruits":2},"obs":{"leaves":5,"flowers":2,"fruits":3},"sp":{"leaves":{"eastern redbud":3},"fruits":{"eastern redbud":2}}},{"w":"2026-08-25","yes":{"leaves":3,"fruits":2},"obs":{"leaves":5,"flowers":2,"fruits":3},"sp":{"leaves":{"eastern redbud":3},"fruits":{"eastern redbud":2}}},{"w":"2026-08-18","yes":{"leaves":3,"fruits":2},"obs":{"leaves":5,"flowers":2,"fruits":3},"sp":{"leaves":{"eastern redbud":3},"fruits":{"eastern redbud":2}}}]}},{"type":"Feature","geometry":{"type":"Point","coordinates":[-76.9173,38.1844]},"properties":{"site":59759,"st":"-9999","n":16,"classes":{"leaves":6,"fruits":10},"weeks":[{"w":"2026-09-22","yes":{"leaves":2,"fruits":2},"obs":{"leaves":5,"flowers":2,"fruits":3},"sp":{"leaves":{"eastern redbud":2},"fruits":{"eastern redbud":2}}},{"w":"2026-09-08","yes":{"leaves":1,"fruits":2},"obs":{"leaves":5,"flowers":2,"fruits":3},"sp":{"leaves":{"eastern redbud":1},"fruits":{"eastern redbud":2}}},{"w":"2026-09-01","yes":{"leaves":1,"fruits":2},"obs":{"leaves":5,"flowers":2,"fruits":3},"sp":{"leaves":{"eastern redbud":1},"fruits":{"eastern redbud":2}}},{"w":"2026-08-25","yes":{"leaves":1,"fruits":2},"obs":{"leaves":5,"flowers":2,"fruits":3},"sp":{"leaves":{"eastern redbud":1},"fruits":{"eastern redbud":2}}},{"w":"2026-08-18","yes":{"leaves":1,"fruits":2},"obs":{"leaves":5,"flowers":2,"fruits":3},"sp":{"leaves":{"eastern redbud":1},"fruits":{"eastern redbud":2}}}]}},{"type":"Feature","geometry":{"type":"Point","coordinates":[-76.9158,38.1854]},"properties":{"site":59760,"st":"-9999","n":16,"classes":{"leaves":6,"fruits":10},"weeks":[{"w":"2026-09-22","yes":{"leaves":2,"fruits":2},"obs":{"leaves":5,"flowers":2,"fruits":3},"sp":{"leaves":{"eastern redbud":2},"fruits":{"eastern redbud":2}}},{"w":"2026-09-08","yes":{"leaves":1,"fruits":2},"obs":{"leaves":5,"flowers":2,"fruits":3},"sp":{"leaves":{"eastern redbud":1},"fruits":{"eastern redbud":2}}},{"w":"2026-09-01","yes":{"leaves":1,"fruits":2},"obs":{"leaves":5,"flowers":2,"fruits":3},"sp":{"leaves":{"eastern redbud":1},"fruits":{"eastern redbud":2}}},{"w":"2026-08-25","yes":{"leaves":1,"fruits":2},"obs":{"leaves":5,"flowers":2,"fruits":3},"sp":{"leaves":{"eastern redbud":1},"fruits":{"eastern redbud":2}}},{"w":"2026-08-18","yes":{"leaves":1,"fruits":2},"obs":{"leaves":5,"flowers":2,"fruits":3},"sp":{"leaves":{"eastern redbud":1},"fruits":{"eastern redbud":2}}}]}},{"type":"Feature","geometry":{"type":"Point","coordinates":[-77.0242,38.8915]},"properties":{"site":59788,"st":"-9999","n":37,"classes":{"leaves":12,"fruits":25},"weeks":[{"w":"2026-09-29","yes":{"leaves":4,"fruits":6},"obs":{"leaves":10,"flowers":4,"fruits":6},"sp":{"leaves":{"eastern redbud":4},"fruits":{"eastern redbud":6}}},{"w":"2026-09-22","yes":{"leaves":1,"fruits":3},"obs":{"leaves":5,"flowers":2,"fruits":3},"sp":{"leaves":{"eastern redbud":1},"fruits":{"eastern redbud":3}}},{"w":"2026-09-15","yes":{"leaves":2,"fruits":3},"obs":{"leaves":5,"flowers":2,"fruits":3},"sp":{"leaves":{"eastern redbud":2},"fruits":{"eastern redbud":3}}},{"w":"2026-09-01","yes":{"leaves":1,"fruits":3},"obs":{"leaves":5,"flowers":2,"fruits":3},"sp":{"leaves":{"eastern redbud":1},"fruits":{"eastern redbud":3}}},{"w":"2026-08-25","yes":{"leaves":1,"fruits":3},"obs":{"leaves":5,"flowers":2,"fruits":3},"sp":{"leaves":{"eastern redbud":1},"fruits":{"eastern redbud":3}}},{"w":"2026-08-18","yes":{"leaves":3,"fruits":7},"obs":{"leaves":15,"flowers":6,"fruits":9},"sp":{"leaves":{"eastern redbud":3},"fruits":{"eastern redbud":7}}}]}},{"type":"Feature","geometry":{"type":"Point","coordinates":[-93.11677,44.98831]},"properties":{"site":59878,"st":"MN","n":5,"classes":{"leaves":5},"weeks":[{"w":"2026-10-06","yes":{"leaves":2},"obs":{"leaves":5,"flowers":3,"fruits":3},"sp":{"leaves":{"bur oak":2}}},{"w":"2026-09-15","yes":{"leaves":3},"obs":{"leaves":5,"flowers":3,"fruits":3},"sp":{"leaves":{"bur oak":3}}}]}},{"type":"Feature","geometry":{"type":"Point","coordinates":[-73.1282,40.90229]},"properties":{"site":59909,"st":"NY","n":4,"classes":{"leaves":4},"weeks":[{"w":"2026-10-06","yes":{"leaves":3},"obs":{"leaves":5,"flowers":3,"fruits":3},"sp":{"leaves":{"red maple":3}}},{"w":"2026-09-08","yes":{"leaves":1},"obs":{"leaves":5,"flowers":3,"fruits":3},"sp":{"leaves":{"red maple":1}}}]}},{"type":"Feature","geometry":{"type":"Point","coordinates":[-73.12653,40.90281]},"properties":{"site":59910,"st":"NY","n":1,"classes":{"leaves":1},"weeks":[{"w":"2026-10-06","yes":{"leaves":1},"obs":{"leaves":5,"flowers":3,"fruits":3},"sp":{"leaves":{"scarlet oak":1}}}]}},{"type":"Feature","geometry":{"type":"Point","coordinates":[-73.12583,40.90306]},"properties":{"site":59911,"st":"NY","n":9,"classes":{"leaves":8,"fruits":1},"weeks":[{"w":"2026-10-06","yes":{"leaves":5},"obs":{"leaves":10,"flowers":6,"fruits":6},"sp":{"leaves":{"sweet birch":3,"scarlet oak":2}}},{"w":"2026-09-08","yes":{"leaves":3,"fruits":1},"obs":{"leaves":15,"flowers":8,"fruits":9},"sp":{"leaves":{"scarlet oak":1,"black oak":1,"sassafras":1},"fruits":{"black oak":1}}}]}},{"type":"Feature","geometry":{"type":"Point","coordinates":[-73.12794,40.90034]},"properties":{"site":59912,"st":"NY","n":11,"classes":{"leaves":9,"fruits":2},"weeks":[{"w":"2026-10-06","yes":{"leaves":5,"fruits":1},"obs":{"leaves":20,"flowers":11,"fruits":12},"sp":{"leaves":{"sweet birch":2,"tuliptree":2,"mockernut hickory":1},"fruits":{"tuliptree":1}}},{"w":"2026-09-08","yes":{"leaves":4,"fruits":1},"obs":{"leaves":25,"flowers":12,"fruits":15},"sp":{"leaves":{"sweet birch":1,"mockernut hickory":1,"sassafras":1,"tuliptree":1},"fruits":{"tuliptree":1}}}]}},{"type":"Feature","geometry":{"type":"Point","coordinates":[-73.12714,40.90068]},"properties":{"site":59913,"st":"NY","n":12,"classes":{"leaves":12},"weeks":[{"w":"2026-10-06","yes":{"leaves":6},"obs":{"leaves":20,"flowers":12,"fruits":12},"sp":{"leaves":{"black oak":2,"sweet birch":2,"mockernut hickory":1,"scarlet oak":1}}},{"w":"2026-09-08","yes":{"leaves":6},"obs":{"leaves":25,"flowers":14,"fruits":15},"sp":{"leaves":{"mockernut hickory":2,"scarlet oak":1,"black oak":1,"sweet birch":1,"American beech":1}}}]}},{"type":"Feature","geometry":{"type":"Point","coordinates":[-73.12608,40.90104]},"properties":{"site":59914,"st":"NY","n":5,"classes":{"leaves":5},"weeks":[{"w":"2026-10-06","yes":{"leaves":2},"obs":{"leaves":10,"flowers":5,"fruits":6},"sp":{"leaves":{"sweet birch":1,"sassafras":1}}},{"w":"2026-09-08","yes":{"leaves":3},"obs":{"leaves":10,"flowers":5,"fruits":6},"sp":{"leaves":{"sweet birch":2,"sassafras":1}}}]}},{"type":"Feature","geometry":{"type":"Point","coordinates":[-73.12498,40.90108]},"properties":{"site":59915,"st":"NY","n":4,"classes":{"leaves":4},"weeks":[{"w":"2026-10-06","yes":{"leaves":3},"obs":{"leaves":10,"flowers":6,"fruits":6},"sp":{"leaves":{"sweet birch":2,"scarlet oak":1}}},{"w":"2026-09-08","yes":{"leaves":1},"obs":{"leaves":5,"flowers":3,"fruits":3},"sp":{"leaves":{"sweet birch":1}}}]}},{"type":"Feature","geometry":{"type":"Point","coordinates":[-73.12801,40.8996]},"properties":{"site":59916,"st":"-9999","n":13,"classes":{"leaves":12,"fruits":1},"weeks":[{"w":"2026-10-06","yes":{"leaves":6},"obs":{"leaves":30,"flowers":15,"fruits":18},"sp":{"leaves":{"mockernut hickory":2,"white oak":2,"flowering dogwood":1,"scarlet oak":1}}},{"w":"2026-09-08","yes":{"leaves":6,"fruits":1},"obs":{"leaves":40,"flowers":20,"fruits":24},"sp":{"leaves":{"mockernut hickory":1,"flowering dogwood":1,"tuliptree":1,"white oak":1,"scarlet oak":1},"fruits":{"scarlet oak":1}}}]}},{"type":"Feature","geometry":{"type":"Point","coordinates":[-73.12438,40.90057]},"properties":{"site":59917,"st":"NY","n":13,"classes":{"leaves":11,"flowers":1,"fruits":1},"weeks":[{"w":"2026-10-06","yes":{"leaves":5},"obs":{"leaves":20,"flowers":11,"fruits":12},"sp":{"leaves":{"sweet birch":2,"scarlet oak":1,"pignut hickory":1,"sassafras":1}}},{"w":"2026-09-08","yes":{"leaves":6,"flowers":1,"fruits":1},"obs":{"leaves":35,"flowers":20,"fruits":21},"sp":{"leaves":{"sweet birch":1,"mockernut hickory":1,"white oak":1,"scarlet oak":1,"pignut hickory":1},"flowers":{"pignut hickory":1},"fruits":{"white oak":1}}}]}},{"type":"Feature","geometry":{"type":"Point","coordinates":[-73.12501,40.90374]},"properties":{"site":59918,"st":"NY","n":3,"classes":{"leaves":3},"weeks":[{"w":"2026-09-08","yes":{"leaves":3},"obs":{"leaves":15,"flowers":9,"fruits":9},"sp":{"leaves":{"red maple":1,"black oak":1,"white oak":1}}}]}},{"type":"Feature","geometry":{"type":"Point","coordinates":[-82.0597,42.7221]},"properties":{"site":59923,"st":"-9999","n":2,"classes":{"leaves":1,"fruits":1},"weeks":[{"w":"2026-09-15","yes":{"leaves":1,"fruits":1},"obs":{"leaves":5,"flowers":3,"fruits":3},"sp":{"leaves":{"redosier dogwood":1},"fruits":{"redosier dogwood":1}}}]}},{"type":"Feature","geometry":{"type":"Point","coordinates":[-83.05821,42.2992]},"properties":{"site":59929,"st":"-9999","n":4,"classes":{"insects":4},"weeks":[{"w":"2026-09-08","yes":{"insects":2},"obs":{"insects":2},"sp":{"insects":{"bumblebee":2}}},{"w":"2026-08-18","yes":{"insects":2},"obs":{"insects":2},"sp":{"insects":{"bumblebee":2}}}]}},{"type":"Feature","geometry":{"type":"Point","coordinates":[-83.05821,42.2992]},"properties":{"site":59964,"st":"-9999","n":2,"classes":{"birds":2},"weeks":[{"w":"2026-09-15","yes":{"birds":2},"obs":{"birds":7},"sp":{"birds":{"northern cardinal":2}}}]}},{"type":"Feature","geometry":{"type":"Point","coordinates":[-88.58143,45.35303]},"properties":{"site":59974,"st":"WI","n":317,"classes":{"leaves":185,"fruits":92,"flowers":40},"weeks":[{"w":"2026-10-06","yes":{"leaves":32,"fruits":4},"obs":{"leaves":70,"flowers":33,"fruits":37},"sp":{"leaves":{"Missouri gooseberry":3,"gray dogwood":3,"red maple":3,"American hazelnut":3,"American witchhazel":3},"fruits":{"gray dogwood":3,"American witchhazel":1}}},{"w":"2026-09-29","yes":{"leaves":53,"fruits":14},"obs":{"leaves":140,"flowers":65,"fruits":81},"sp":{"leaves":{"paper birch":6,"Missouri gooseberry":5,"gray dogwood":5,"red maple":5,"American witchhazel":5},"fruits":{"gray dogwood":6,"northern red oak":6,"American witchhazel":2}}},{"w":"2026-09-22","yes":{"leaves":22,"fruits":7},"obs":{"leaves":70,"flowers":33,"fruits":41},"sp":{"leaves":{"apple":3,"Missouri gooseberry":2,"cultivated currant":2,"red maple":2,"common ninebark":2},"fruits":{"gray dogwood":3,"northern red oak":3,"American witchhazel":1}}},{"w":"2026-09-15","yes":{"leaves":57,"flowers":25,"fruits":54},"obs":{"leaves":182,"flowers":109,"fruits":149},"sp":{"leaves":{"red maple":4,"apple":4,"paper birch":4,"Missouri gooseberry":3,"cultivated currant":3},"flowers":{"browneyed Susan":2,"purple giant hyssop":2,"great blue lobelia":2,"western pearly everlasting":2,"yellow marsh marigold":2},"fruits":{"northern red oak":6,"gray dogwood":5,"great blue lobelia":3,"swamp verbena":3,"western pearly everlasting":3}}},{"w":"2026-08-25","yes":{"leaves":21,"flowers":15,"fruits":13},"obs":{"leaves":74,"flowers":47,"fruits":62},"sp":{"leaves":{"alternateleaf dogwood":2,"red maple":1,"northern red oak":1,"common ninebark":1,"American hazelnut":1},"flowers":{"swamp milkweed":2,"blackeyed Susan":2,"eastern purple coneflower":2,"sweetscented joe pye weed":2,"lanceleaf tickseed":2},"fruits":{"common yarrow":3,"broadleaf lupine":3,"lanceleaf tickseed":2,"smooth blue aster":2,"American witchhazel":1}}}]}},{"type":"Feature","geometry":{"type":"Point","coordinates":[-88.57868,45.37149]},"properties":{"site":59977,"st":"WI","n":96,"classes":{"leaves":93,"fruits":3},"weeks":[{"w":"2026-10-06","yes":{"leaves":32,"fruits":2},"obs":{"leaves":61,"flowers":34,"fruits":36},"sp":{"leaves":{"American hazelnut":6,"red maple":6,"paper birch":6,"white ash":5,"American beech":5},"fruits":{"American hazelnut":2}}},{"w":"2026-09-29","yes":{"leaves":17,"fruits":1},"obs":{"leaves":30,"flowers":17,"fruits":18},"sp":{"leaves":{"white ash":3,"American hazelnut":3,"paper birch":3,"American beech":3,"red maple":3},"fruits":{"American hazelnut":1}}},{"w":"2026-09-22","yes":{"leaves":27},"obs":{"leaves":65,"flowers":37,"fruits":37},"sp":{"leaves":{"white ash":6,"paper birch":6,"American hazelnut":5,"red maple":4,"silver maple":2}}},{"w":"2026-09-15","yes":{"leaves":9},"obs":{"leaves":25,"flowers":14,"fruits":15},"sp":{"leaves":{"paper birch":3,"white ash":2,"American hazelnut":2,"red maple":1,"white oak":1}}},{"w":"2026-09-08","yes":{"leaves":8},"obs":{"leaves":25,"flowers":14,"fruits":15},"sp":{"leaves":{"paper birch":3,"red maple":2,"silver maple":1,"white oak":1,"American beech":1}}}]}},{"type":"Feature","geometry":{"type":"Point","coordinates":[-122.11247,47.30081]},"properties":{"site":59981,"st":"WA","n":68,"classes":{"leaves":40,"fruits":28},"weeks":[{"w":"2026-09-22","yes":{"leaves":16,"fruits":11},"obs":{"leaves":34,"flowers":27,"fruits":26},"sp":{"leaves":{"bigleaf maple":9,"black cottonwood":7},"fruits":{"bigleaf maple":7,"Douglas-fir":4}}},{"w":"2026-09-15","yes":{"leaves":12,"fruits":7},"obs":{"leaves":34,"flowers":27,"fruits":27},"sp":{"leaves":{"black cottonwood":6,"bigleaf maple":6},"fruits":{"Douglas-fir":4,"bigleaf maple":3}}},{"w":"2026-09-01","yes":{"leaves":12,"fruits":10},"obs":{"leaves":34,"flowers":27,"fruits":27},"sp":{"leaves":{"bigleaf maple":6,"black cottonwood":6},"fruits":{"bigleaf maple":6,"Douglas-fir":4}}}]}},{"type":"Feature","geometry":{"type":"Point","coordinates":[-73.98189,40.72673]},"properties":{"site":60001,"st":"-9999","n":92,"classes":{"leaves":75,"fruits":17},"weeks":[{"w":"2026-09-29","yes":{"leaves":12,"fruits":2},"obs":{"leaves":30,"flowers":14,"fruits":16},"sp":{"leaves":{"swamp white oak":3,"Japanese flowering cherry":2,"Yoshino cherry":2,"Canadian serviceberry":2,"eastern redbud":2},"fruits":{"eastern redbud":2}}},{"w":"2026-09-22","yes":{"leaves":11,"fruits":2},"obs":{"leaves":27,"flowers":14,"fruits":14},"sp":{"leaves":{"Japanese flowering cherry":2,"Yoshino cherry":2,"Canadian serviceberry":2,"eastern redbud":2,"swamp white oak":2},"fruits":{"eastern redbud":2}}},{"w":"2026-09-15","yes":{"leaves":11,"fruits":3},"obs":{"leaves":28,"flowers":14,"fruits":15},"sp":{"leaves":{"Japanese flowering cherry":2,"Yoshino cherry":2,"Canadian serviceberry":2,"eastern redbud":2,"swamp white oak":2},"fruits":{"eastern redbud":3}}},{"w":"2026-09-08","yes":{"leaves":10,"fruits":3},"obs":{"leaves":30,"flowers":14,"fruits":15},"sp":{"leaves":{"Japanese flowering cherry":2,"Yoshino cherry":2,"Canadian serviceberry":2,"swamp white oak":2,"eastern redbud":1},"fruits":{"eastern redbud":3}}},{"w":"2026-09-01","yes":{"leaves":11,"fruits":3},"obs":{"leaves":30,"flowers":14,"fruits":15},"sp":{"leaves":{"Japanese flowering cherry":2,"Yoshino cherry":2,"Canadian serviceberry":2,"eastern redbud":2,"swamp white oak":2},"fruits":{"eastern redbud":3}}},{"w":"2026-08-25","yes":{"leaves":9,"fruits":2},"obs":{"leaves":30,"flowers":14,"fruits":18},"sp":{"leaves":{"Yoshino cherry":2,"Canadian serviceberry":2,"swamp white oak":2,"Japanese flowering cherry":1,"eastern redbud":1},"fruits":{"eastern redbud":1,"swamp white oak":1}}},{"w":"2026-08-18","yes":{"leaves":11,"fruits":2},"obs":{"leaves":30,"flowers":14,"fruits":18},"sp":{"leaves":{"Japanese flowering cherry":2,"Yoshino cherry":2,"Canadian serviceberry":2,"eastern redbud":2,"swamp white oak":2},"fruits":{"eastern redbud":1,"swamp white oak":1}}}]}},{"type":"Feature","geometry":{"type":"Point","coordinates":[-79.92573,32.79069]},"properties":{"site":60006,"st":"SC","n":135,"classes":{"leaves":71,"flowers":14,"fruits":43,"birds":6,"insects":1},"weeks":[{"w":"2026-09-29","yes":{"leaves":10,"flowers":2,"fruits":5,"birds":2},"obs":{"leaves":29,"flowers":24,"fruits":33,"insects":22,"birds":17},"sp":{"leaves":{"old-man-in-the-spring":4,"live oak":2,"American beautyberry":2,"seaside goldenrod":1,"goldenrod":1},"flowers":{"American beautyberry":1,"cabbage palmetto":1},"fruits":{"American beautyberry":2,"American holly":2,"cabbage palmetto":1},"birds":{"mourning dove":2}}},{"w":"2026-09-22","yes":{"leaves":8,"flowers":2,"fruits":6},"obs":{"leaves":29,"flowers":24,"fruits":33,"insects":24,"birds":31},"sp":{"leaves":{"old-man-in-the-spring":2,"live oak":2,"American beautyberry":2,"seaside goldenrod":1,"goldenrod":1},"flowers":{"American beautyberry":2},"fruits":{"American beautyberry":2,"American holly":2,"cabbage palmetto":2}}},{"w":"2026-09-15","yes":{"leaves":9,"flowers":4,"fruits":5,"insects":1},"obs":{"leaves":29,"flowers":26,"fruits":35,"insects":24,"birds":31},"sp":{"leaves":{"live oak":3,"old-man-in-the-spring":2,"American beautyberry":2,"seaside goldenrod":1,"goldenrod":1},"flowers":{"American beautyberry":2,"cabbage palmetto":2},"fruits":{"American beautyberry":2,"American holly":2,"cabbage palmetto":1},"insects":{"monarch":1}}},{"w":"2026-09-01","yes":{},"obs":{"flowers":4,"fruits":6},"sp":{}},{"w":"2026-08-25","yes":{"leaves":6,"fruits":5,"birds":2},"obs":{"leaves":27,"flowers":24,"fruits":33,"insects":24,"birds":31},"sp":{"leaves":{"old-man-in-the-spring":2,"live oak":2,"seaside goldenrod":1,"goldenrod":1},"fruits":{"American beautyberry":2,"American holly":2,"live oak":1},"birds":{"mourning dove":2}}},{"w":"2026-08-18","yes":{"leaves":38,"flowers":6,"fruits":22,"birds":2},"obs":{"leaves":99,"flowers":88,"fruits":123,"insects":67,"birds":79},"sp":{"leaves":{"seaside goldenrod":10,"goldenrod":10,"old-man-in-the-spring":8,"live oak":6,"American beautyberry":4},"flowers":{"American beautyberry":6},"fruits":{"American beautyberry":8,"American holly":8,"live oak":6},"birds":{"red-tailed hawk":2}}}]}},{"type":"Feature","geometry":{"type":"Point","coordinates":[-99.14864,30.05015]},"properties":{"site":60012,"st":"TX","n":73,"classes":{"leaves":38,"flowers":12,"fruits":23},"weeks":[{"w":"2026-08-25","yes":{"leaves":31,"flowers":9,"fruits":19},"obs":{"leaves":116,"flowers":81,"fruits":106},"sp":{"leaves":{"roughleaf dogwood":3,"bur oak":3,"live oak":3,"cedar elm":2,"Eve's necklacepod":2},"flowers":{"palmleaf thoroughwort":2,"common yellow oxalis":2,"golden crownbeard":2,"mealycup sage":2,"straggler daisy":1},"fruits":{"roughleaf dogwood":4,"cayenne pepper":2,"Indian woodoats":2,"Mexican buckeye":2,"red buckeye":2}}},{"w":"2026-08-18","yes":{"leaves":7,"flowers":3,"fruits":4},"obs":{"leaves":25,"flowers":19,"fruits":24},"sp":{"leaves":{"live oak":2,"bigtooth maple":1,"straggler daisy":1,"wax mallow":1,"common yarrow":1},"flowers":{"wax mallow":2,"straggler daisy":1},"fruits":{"bigtooth maple":2,"cayenne pepper":2}}}]}},{"type":"Feature","geometry":{"type":"Point","coordinates":[-71.167,42.3939]},"properties":{"site":60022,"st":"-9999","n":14,"classes":{"leaves":14},"weeks":[{"w":"2026-09-15","yes":{"leaves":14},"obs":{"leaves":50,"flowers":25,"fruits":30},"sp":{"leaves":{"black cherry":2,"American witchhazel":2,"common buttonbush":2,"American hornbeam":2,"red maple":1}}}]}},{"type":"Feature","geometry":{"type":"Point","coordinates":[-71.167,42.3939]},"properties":{"site":60023,"st":"-9999","n":22,"classes":{"leaves":22},"weeks":[{"w":"2026-09-15","yes":{"leaves":22},"obs":{"leaves":50,"flowers":25,"fruits":30},"sp":{"leaves":{"black cherry":3,"common buttonbush":3,"American hornbeam":3,"American sycamore":3,"black chokeberry":3}}}]}},{"type":"Feature","geometry":{"type":"Point","coordinates":[-86.10938,39.73566]},"properties":{"site":60139,"st":"-9999","n":1,"classes":{"leaves":1},"weeks":[{"w":"2026-08-18","yes":{"leaves":1},"obs":{"leaves":5,"flowers":3,"fruits":3},"sp":{"leaves":{"northern red oak":1}}}]}},{"type":"Feature","geometry":{"type":"Point","coordinates":[-86.1095,39.7359]},"properties":{"site":60140,"st":"-9999","n":4,"classes":{"leaves":2,"fruits":2},"weeks":[{"w":"2026-08-25","yes":{"leaves":1,"fruits":1},"obs":{"leaves":2,"flowers":2,"fruits":3},"sp":{"leaves":{"foxglove beardtongue":1},"fruits":{"foxglove beardtongue":1}}},{"w":"2026-08-18","yes":{"leaves":1,"fruits":1},"obs":{"leaves":2,"flowers":2,"fruits":3},"sp":{"leaves":{"foxglove beardtongue":1},"fruits":{"foxglove beardtongue":1}}}]}},{"type":"Feature","geometry":{"type":"Point","coordinates":[-87.15724,40.77915]},"properties":{"site":60158,"st":"-9999","n":34,"classes":{"leaves":9,"flowers":7,"fruits":8,"birds":10},"weeks":[{"w":"2026-08-18","yes":{"leaves":9,"flowers":7,"fruits":8,"birds":10},"obs":{"leaves":9,"flowers":11,"fruits":15,"birds":10},"sp":{"leaves":{"little bluestem":2,"beebalm":2,"purple prairie clover":2,"red columbine":2,"blue wild indigo":1},"flowers":{"little bluestem":3,"beebalm":2,"red columbine":2},"fruits":{"beebalm":3,"red columbine":3,"little bluestem":2},"birds":{"ruby-throated hummingbird":6,"American goldfinch":4}}}]}},{"type":"Feature","geometry":{"type":"Point","coordinates":[-73.98357,40.75375]},"properties":{"site":60188,"st":"NY","n":21,"classes":{"leaves":21},"weeks":[{"w":"2026-09-15","yes":{"leaves":2},"obs":{"leaves":9,"flowers":4,"fruits":6},"sp":{"leaves":{"Kousa dogwood":2}}},{"w":"2026-09-01","yes":{"leaves":4},"obs":{"leaves":9,"flowers":4,"fruits":6},"sp":{"leaves":{"Kousa dogwood":4}}},{"w":"2026-08-25","yes":{"leaves":15},"obs":{"leaves":29,"flowers":12,"fruits":18},"sp":{"leaves":{"Kousa dogwood":11,"Canadian serviceberry":4}}}]}},{"type":"Feature","geometry":{"type":"Point","coordinates":[-97.745,30.2633]},"properties":{"site":60190,"st":"-9999","n":56,"classes":{"leaves":39,"fruits":17},"weeks":[{"w":"2026-09-29","yes":{"leaves":12,"fruits":6},"obs":{"leaves":20,"flowers":12,"fruits":12,"insects":2},"sp":{"leaves":{"velvet ash":12},"fruits":{"velvet ash":6}}},{"w":"2026-09-15","yes":{"leaves":10,"fruits":4},"obs":{"leaves":20,"flowers":12,"fruits":12,"insects":2},"sp":{"leaves":{"velvet ash":10},"fruits":{"velvet ash":4}}},{"w":"2026-09-08","yes":{"leaves":8,"fruits":2},"obs":{"leaves":20,"flowers":12,"fruits":12,"insects":2},"sp":{"leaves":{"velvet ash":8},"fruits":{"velvet ash":2}}},{"w":"2026-08-25","yes":{"leaves":5,"fruits":3},"obs":{"leaves":20,"flowers":12,"fruits":12},"sp":{"leaves":{"velvet ash":5},"fruits":{"velvet ash":3}}},{"w":"2026-08-18","yes":{"leaves":4,"fruits":2},"obs":{"leaves":20,"flowers":12,"fruits":12,"insects":2},"sp":{"leaves":{"velvet ash":4},"fruits":{"velvet ash":2}}}]}},{"type":"Feature","geometry":{"type":"Point","coordinates":[-86.29861,39.8595]},"properties":{"site":60204,"st":"IN","n":72,"classes":{"leaves":54,"fruits":18},"weeks":[{"w":"2026-09-08","yes":{"leaves":41,"fruits":11},"obs":{"leaves":81,"flowers":44,"fruits":43},"sp":{"leaves":{"tuliptree":6,"black walnut":6,"Kentucky coffeetree":3,"American sycamore":3,"American elm":3},"fruits":{"black walnut":3,"common milkweed":3,"tuliptree":1,"American sycamore":1,"mapleleaf viburnum":1}}},{"w":"2026-08-25","yes":{"leaves":13,"fruits":7},"obs":{"leaves":26,"flowers":12,"fruits":18},"sp":{"leaves":{"American elm":3,"mapleleaf viburnum":3,"Kentucky coffeetree":2,"tuliptree":2,"southern arrowwood":2},"fruits":{"common milkweed":3,"mapleleaf viburnum":2,"tuliptree":1,"black walnut":1}}}]}},{"type":"Feature","geometry":{"type":"Point","coordinates":[-86.06683,39.76557]},"properties":{"site":60206,"st":"IN","n":36,"classes":{"leaves":11,"flowers":9,"fruits":16},"weeks":[{"w":"2026-09-08","yes":{"leaves":11,"flowers":9,"fruits":16},"obs":{"leaves":32,"flowers":22,"fruits":30},"sp":{"leaves":{"southern arrowwood":2,"big bluestem":1,"little bluestem":1,"chokecherry":1,"American hazelnut":1},"flowers":{"big bluestem":3,"little bluestem":3,"trumpet honeysuckle":2,"American hazelnut":1},"fruits":{"jack in the pulpit":3,"common milkweed":3,"cup plant":3,"little bluestem":2,"foxglove beardtongue":2}}}]}},{"type":"Feature","geometry":{"type":"Point","coordinates":[-109.51236,31.58847]},"properties":{"site":60216,"st":"AZ","n":2,"classes":{"fruits":2},"weeks":[{"w":"2026-09-15","yes":{"fruits":1},"obs":{"flowers":2,"fruits":3},"sp":{"fruits":{"Palmer's century plant":1}}},{"w":"2026-09-01","yes":{"fruits":1},"obs":{"flowers":2,"fruits":3},"sp":{"fruits":{"Palmer's century plant":1}}}]}},{"type":"Feature","geometry":{"type":"Point","coordinates":[-109.51207,31.58851]},"properties":{"site":60217,"st":"AZ","n":2,"classes":{"fruits":2},"weeks":[{"w":"2026-09-15","yes":{"fruits":1},"obs":{"flowers":2,"fruits":3},"sp":{"fruits":{"Palmer's century plant":1}}},{"w":"2026-09-01","yes":{"fruits":1},"obs":{"flowers":2,"fruits":3},"sp":{"fruits":{"Palmer's century plant":1}}}]}},{"type":"Feature","geometry":{"type":"Point","coordinates":[-109.51087,31.58858]},"properties":{"site":60218,"st":"AZ","n":3,"classes":{"fruits":3},"weeks":[{"w":"2026-09-15","yes":{"fruits":2},"obs":{"flowers":2,"fruits":3},"sp":{"fruits":{"Palmer's century plant":2}}},{"w":"2026-09-01","yes":{"fruits":1},"obs":{"flowers":2,"fruits":3},"sp":{"fruits":{"Palmer's century plant":1}}}]}},{"type":"Feature","geometry":{"type":"Point","coordinates":[-109.50993,31.5887]},"properties":{"site":60219,"st":"AZ","n":3,"classes":{"fruits":3},"weeks":[{"w":"2026-09-15","yes":{"fruits":2},"obs":{"flowers":2,"fruits":3},"sp":{"fruits":{"Palmer's century plant":2}}},{"w":"2026-09-01","yes":{"fruits":1},"obs":{"flowers":2,"fruits":3},"sp":{"fruits":{"Palmer's century plant":1}}}]}},{"type":"Feature","geometry":{"type":"Point","coordinates":[-109.50942,31.58883]},"properties":{"site":60220,"st":"AZ","n":1,"classes":{"fruits":1},"weeks":[{"w":"2026-09-01","yes":{"fruits":1},"obs":{"flowers":2,"fruits":3},"sp":{"fruits":{"Palmer's century plant":1}}}]}},{"type":"Feature","geometry":{"type":"Point","coordinates":[-110.29637,31.51002]},"properties":{"site":60238,"st":"AZ","n":7,"classes":{"flowers":4,"fruits":3},"weeks":[{"w":"2026-09-08","yes":{"flowers":2,"fruits":1},"obs":{"flowers":2,"fruits":3},"sp":{"flowers":{"Palmer's century plant":2},"fruits":{"Palmer's century plant":1}}},{"w":"2026-09-01","yes":{"flowers":2,"fruits":2},"obs":{"flowers":2,"fruits":3},"sp":{"flowers":{"Palmer's century plant":2},"fruits":{"Palmer's century plant":2}}}]}},{"type":"Feature","geometry":{"type":"Point","coordinates":[-95.45246,29.76602]},"properties":{"site":60272,"st":"TX","n":2,"classes":{"leaves":1,"fruits":1},"weeks":[{"w":"2026-08-25","yes":{"leaves":1,"fruits":1},"obs":{"leaves":5,"flowers":2,"fruits":3},"sp":{"leaves":{"eastern redbud":1},"fruits":{"eastern redbud":1}}}]}},{"type":"Feature","geometry":{"type":"Point","coordinates":[-69.96012,43.89664]},"properties":{"site":60283,"st":"ME","n":42,"classes":{"fruits":13,"insects":12,"leaves":5,"flowers":3,"birds":9},"weeks":[{"w":"2026-10-06","yes":{"fruits":3},"obs":{"leaves":4,"flowers":5,"fruits":6,"insects":7,"birds":14},"sp":{"fruits":{"eastern white pine":3}}},{"w":"2026-09-22","yes":{"fruits":3,"insects":3},"obs":{"leaves":4,"flowers":5,"fruits":6,"insects":6,"birds":14},"sp":{"fruits":{"eastern white pine":3},"insects":{"monarch":3}}},{"w":"2026-09-15","yes":{"leaves":1,"flowers":1,"fruits":3},"obs":{"leaves":4,"flowers":5,"fruits":6,"insects":7,"birds":14},"sp":{"leaves":{"common dandelion":1},"flowers":{"common dandelion":1},"fruits":{"eastern white pine":3}}},{"w":"2026-09-08","yes":{"leaves":2,"flowers":1,"fruits":2,"insects":3,"birds":3},"obs":{"leaves":3,"flowers":5,"fruits":6,"insects":7,"birds":14},"sp":{"leaves":{"common dandelion":2},"flowers":{"common dandelion":1},"fruits":{"eastern white pine":2},"insects":{"monarch":3},"birds":{"ruby-throated hummingbird":3}}},{"w":"2026-09-01","yes":{"fruits":1,"insects":3,"birds":3},"obs":{"leaves":6,"flowers":7,"fruits":9,"insects":6,"birds":14},"sp":{"fruits":{"eastern white pine":1},"insects":{"monarch":3},"birds":{"ruby-throated hummingbird":3}}},{"w":"2026-08-18","yes":{"leaves":2,"flowers":1,"fruits":1,"insects":3,"birds":3},"obs":{"leaves":3,"flowers":5,"fruits":6,"insects":7,"birds":14},"sp":{"leaves":{"common dandelion":2},"flowers":{"common dandelion":1},"fruits":{"eastern white pine":1},"insects":{"monarch":3},"birds":{"ruby-throated hummingbird":3}}}]}},{"type":"Feature","geometry":{"type":"Point","coordinates":[-110.41145,31.58809]},"properties":{"site":60292,"st":"AZ","n":3,"classes":{"flowers":2,"fruits":1},"weeks":[{"w":"2026-08-18","yes":{"flowers":2,"fruits":1},"obs":{"flowers":2,"fruits":3},"sp":{"flowers":{"Palmer's century plant":2},"fruits":{"Palmer's century plant":1}}}]}},{"type":"Feature","geometry":{"type":"Point","coordinates":[-110.42526,31.56562]},"properties":{"site":60293,"st":"AZ","n":7,"classes":{"fruits":3,"flowers":4},"weeks":[{"w":"2026-09-08","yes":{"fruits":1},"obs":{"flowers":2,"fruits":3},"sp":{"fruits":{"Palmer's century plant":1}}},{"w":"2026-08-25","yes":{"flowers":2,"fruits":1},"obs":{"flowers":2,"fruits":3},"sp":{"flowers":{"Palmer's century plant":2},"fruits":{"Palmer's century plant":1}}},{"w":"2026-08-18","yes":{"flowers":2,"fruits":1},"obs":{"flowers":2,"fruits":3},"sp":{"flowers":{"Palmer's century plant":2},"fruits":{"Palmer's century plant":1}}}]}},{"type":"Feature","geometry":{"type":"Point","coordinates":[-110.37342,31.58347]},"properties":{"site":60294,"st":"AZ","n":3,"classes":{"flowers":2,"fruits":1},"weeks":[{"w":"2026-08-18","yes":{"flowers":2,"fruits":1},"obs":{"flowers":2,"fruits":3},"sp":{"flowers":{"Palmer's century plant":2},"fruits":{"Palmer's century plant":1}}}]}},{"type":"Feature","geometry":{"type":"Point","coordinates":[-110.4155,31.58162]},"properties":{"site":60295,"st":"AZ","n":3,"classes":{"flowers":2,"fruits":1},"weeks":[{"w":"2026-08-18","yes":{"flowers":2,"fruits":1},"obs":{"flowers":2,"fruits":3},"sp":{"flowers":{"Palmer's century plant":2},"fruits":{"Palmer's century plant":1}}}]}},{"type":"Feature","geometry":{"type":"Point","coordinates":[-110.40147,31.57319]},"properties":{"site":60296,"st":"AZ","n":3,"classes":{"flowers":2,"fruits":1},"weeks":[{"w":"2026-08-18","yes":{"flowers":2,"fruits":1},"obs":{"flowers":2,"fruits":3},"sp":{"flowers":{"Palmer's century plant":2},"fruits":{"Palmer's century plant":1}}}]}},{"type":"Feature","geometry":{"type":"Point","coordinates":[-110.41277,31.57222]},"properties":{"site":60298,"st":"AZ","n":3,"classes":{"flowers":2,"fruits":1},"weeks":[{"w":"2026-08-18","yes":{"flowers":2,"fruits":1},"obs":{"flowers":2,"fruits":3},"sp":{"flowers":{"Palmer's century plant":2},"fruits":{"Palmer's century plant":1}}}]}},{"type":"Feature","geometry":{"type":"Point","coordinates":[-110.42654,31.57251]},"properties":{"site":60299,"st":"AZ","n":7,"classes":{"fruits":3,"flowers":4},"weeks":[{"w":"2026-09-08","yes":{"fruits":1},"obs":{"flowers":2,"fruits":3},"sp":{"fruits":{"Palmer's century plant":1}}},{"w":"2026-08-25","yes":{"flowers":2,"fruits":1},"obs":{"flowers":2,"fruits":3},"sp":{"flowers":{"Palmer's century plant":2},"fruits":{"Palmer's century plant":1}}},{"w":"2026-08-18","yes":{"flowers":2,"fruits":1},"obs":{"flowers":2,"fruits":3},"sp":{"flowers":{"Palmer's century plant":2},"fruits":{"Palmer's century plant":1}}}]}},{"type":"Feature","geometry":{"type":"Point","coordinates":[-110.28552,31.50231]},"properties":{"site":60300,"st":"AZ","n":5,"classes":{"fruits":3,"flowers":2},"weeks":[{"w":"2026-09-08","yes":{"fruits":1},"obs":{"flowers":2,"fruits":3},"sp":{"fruits":{"Palmer's century plant":1}}},{"w":"2026-08-25","yes":{"flowers":2,"fruits":2},"obs":{"flowers":2,"fruits":3},"sp":{"flowers":{"Palmer's century plant":2},"fruits":{"Palmer's century plant":2}}}]}},{"type":"Feature","geometry":{"type":"Point","coordinates":[-110.42877,31.58246]},"properties":{"site":60301,"st":"AZ","n":3,"classes":{"flowers":2,"fruits":1},"weeks":[{"w":"2026-08-18","yes":{"flowers":2,"fruits":1},"obs":{"flowers":2,"fruits":3},"sp":{"flowers":{"Palmer's century plant":2},"fruits":{"Palmer's century plant":1}}}]}},{"type":"Feature","geometry":{"type":"Point","coordinates":[-110.42518,31.56007]},"properties":{"site":60302,"st":"AZ","n":4,"classes":{"fruits":2,"flowers":2},"weeks":[{"w":"2026-08-25","yes":{"fruits":1},"obs":{"flowers":2,"fruits":3},"sp":{"fruits":{"Palmer's century plant":1}}},{"w":"2026-08-18","yes":{"flowers":2,"fruits":1},"obs":{"flowers":2,"fruits":3},"sp":{"flowers":{"Palmer's century plant":2},"fruits":{"Palmer's century plant":1}}}]}},{"type":"Feature","geometry":{"type":"Point","coordinates":[-110.39841,31.58402]},"properties":{"site":60303,"st":"AZ","n":3,"classes":{"flowers":2,"fruits":1},"weeks":[{"w":"2026-08-18","yes":{"flowers":2,"fruits":1},"obs":{"flowers":2,"fruits":3},"sp":{"flowers":{"Palmer's century plant":2},"fruits":{"Palmer's century plant":1}}}]}},{"type":"Feature","geometry":{"type":"Point","coordinates":[-110.40655,31.56663]},"properties":{"site":60305,"st":"AZ","n":3,"classes":{"flowers":2,"fruits":1},"weeks":[{"w":"2026-08-18","yes":{"flowers":2,"fruits":1},"obs":{"flowers":2,"fruits":3},"sp":{"flowers":{"Palmer's century plant":2},"fruits":{"Palmer's century plant":1}}}]}},{"type":"Feature","geometry":{"type":"Point","coordinates":[-71.57112,44.18636]},"properties":{"site":60318,"st":"NH","n":6,"classes":{"leaves":6},"weeks":[{"w":"2026-09-15","yes":{"leaves":3},"obs":{"leaves":6,"flowers":6,"fruits":9},"sp":{"leaves":{"bluebead":1,"Canada mayflower":1,"starflower":1}}},{"w":"2026-08-25","yes":{"leaves":3},"obs":{"leaves":6,"flowers":6,"fruits":9},"sp":{"leaves":{"bluebead":1,"Canada mayflower":1,"starflower":1}}}]}},{"type":"Feature","geometry":{"type":"Point","coordinates":[-68.31167,44.2678]},"properties":{"site":60333,"st":"ME","n":22,"classes":{"leaves":22},"weeks":[{"w":"2026-09-29","yes":{"leaves":6},"obs":{"leaves":10,"flowers":4,"fruits":6},"sp":{"leaves":{"common winterberry":6}}},{"w":"2026-09-22","yes":{"leaves":6},"obs":{"leaves":10,"flowers":4,"fruits":6},"sp":{"leaves":{"common winterberry":6}}},{"w":"2026-09-15","yes":{"leaves":5},"obs":{"leaves":10,"flowers":4,"fruits":6},"sp":{"leaves":{"common winterberry":5}}},{"w":"2026-09-01","yes":{"leaves":5},"obs":{"leaves":8,"flowers":4,"fruits":6},"sp":{"leaves":{"common winterberry":5}}}]}},{"type":"Feature","geometry":{"type":"Point","coordinates":[-87.2198,30.55131]},"properties":{"site":60343,"st":"FL","n":3,"classes":{"leaves":3},"weeks":[{"w":"2026-09-29","yes":{"leaves":3},"obs":{"leaves":4,"flowers":2,"fruits":3},"sp":{"leaves":{"sweetgum":3}}}]}},{"type":"Feature","geometry":{"type":"Point","coordinates":[-92.70359,47.21891]},"properties":{"site":60354,"st":"MN","n":101,"classes":{"leaves":97,"fruits":4},"weeks":[{"w":"2026-09-15","yes":{"leaves":30},"obs":{"leaves":81,"flowers":54,"fruits":54},"sp":{"leaves":{"green ash":11,"redosier dogwood":8,"paper birch":7,"silver maple":4}}},{"w":"2026-09-08","yes":{"leaves":22},"obs":{"leaves":76,"flowers":51,"fruits":51},"sp":{"leaves":{"green ash":9,"redosier dogwood":7,"silver maple":4,"paper birch":2}}},{"w":"2026-09-01","yes":{"leaves":17},"obs":{"leaves":76,"flowers":51,"fruits":51},"sp":{"leaves":{"redosier dogwood":7,"green ash":4,"silver maple":4,"paper birch":2}}},{"w":"2026-08-25","yes":{"leaves":14},"obs":{"leaves":76,"flowers":51,"fruits":51},"sp":{"leaves":{"redosier dogwood":4,"green ash":4,"silver maple":4,"paper birch":2}}},{"w":"2026-08-18","yes":{"leaves":14,"fruits":4},"obs":{"leaves":76,"flowers":51,"fruits":51},"sp":{"leaves":{"redosier dogwood":4,"green ash":4,"silver maple":4,"paper birch":2},"fruits":{"redosier dogwood":4}}}]}},{"type":"Feature","geometry":{"type":"Point","coordinates":[-92.70359,47.21891]},"properties":{"site":60355,"st":"MN","n":88,"classes":{"leaves":37,"fruits":47,"flowers":4},"weeks":[{"w":"2026-09-15","yes":{"leaves":8,"fruits":9},"obs":{"leaves":28,"flowers":21,"fruits":21},"sp":{"leaves":{"paper birch":4,"tamarack":4},"fruits":{"tamarack":6,"balsam fir":2,"paper birch":1}}},{"w":"2026-09-08","yes":{"leaves":8,"fruits":9},"obs":{"leaves":28,"flowers":21,"fruits":21},"sp":{"leaves":{"paper birch":4,"tamarack":4},"fruits":{"tamarack":6,"balsam fir":2,"paper birch":1}}},{"w":"2026-09-01","yes":{"leaves":6,"fruits":9},"obs":{"leaves":28,"flowers":21,"fruits":21},"sp":{"leaves":{"tamarack":4,"paper birch":2},"fruits":{"tamarack":6,"balsam fir":2,"paper birch":1}}},{"w":"2026-08-25","yes":{"leaves":5,"flowers":1,"fruits":9},"obs":{"leaves":28,"flowers":21,"fruits":21},"sp":{"leaves":{"tamarack":4,"paper birch":1},"flowers":{"paper birch":1},"fruits":{"tamarack":6,"balsam fir":2,"paper birch":1}}},{"w":"2026-08-18","yes":{"leaves":10,"flowers":3,"fruits":11},"obs":{"leaves":32,"flowers":24,"fruits":24},"sp":{"leaves":{"tamarack":8,"paper birch":2},"flowers":{"tamarack":3},"fruits":{"tamarack":9,"balsam fir":2}}}]}},{"type":"Feature","geometry":{"type":"Point","coordinates":[-97.01444,47.9036]},"properties":{"site":60359,"st":"-9999","n":90,"classes":{"leaves":14,"flowers":18,"fruits":12,"insects":23,"birds":23},"weeks":[{"w":"2026-10-06","yes":{"leaves":2,"flowers":1,"fruits":3,"insects":3,"birds":3},"obs":{"leaves":2,"flowers":1,"fruits":3,"insects":3,"birds":3},"sp":{"leaves":{"eastern cottonwood":2},"flowers":{"goldenrod":1},"fruits":{"Canada thistle":2,"common yarrow":1},"insects":{"monarch":3},"birds":{"Canada goose":2,"turkey vulture":1}}},{"w":"2026-09-22","yes":{"leaves":2,"flowers":6,"fruits":3,"insects":3,"birds":6},"obs":{"leaves":2,"flowers":6,"fruits":3,"insects":19,"birds":17},"sp":{"leaves":{"eastern cottonwood":2},"flowers":{"Canada thistle":2,"goldenrod":2,"common yarrow":1,"alfalfa":1},"fruits":{"Canada thistle":2,"'ohi'a lehua":1},"insects":{"monarch":3},"birds":{"American crow":4,"turkey vulture":2}}},{"w":"2026-09-08","yes":{"leaves":5,"flowers":4,"fruits":2,"insects":2,"birds":4},"obs":{"leaves":5,"flowers":4,"fruits":2,"insects":2,"birds":11},"sp":{"leaves":{"Canada thistle":1,"common milkweed":1,"common yarrow":1,"eastern cottonwood":1,"alfalfa":1},"flowers":{"alfalfa":2,"common yarrow":1,"Canada thistle":1},"fruits":{"Canada thistle":2},"insects":{"monarch":2},"birds":{"American crow":2,"northern harrier":1,"turkey vulture":1}}},{"w":"2026-09-01","yes":{"leaves":5,"flowers":7,"fruits":4,"insects":9,"birds":8},"obs":{"leaves":5,"flowers":9,"fruits":4,"insects":12,"birds":25},"sp":{"leaves":{"eastern cottonwood":4,"Canada thistle":1},"flowers":{"Canada thistle":5,"alfalfa":2},"fruits":{"Canada thistle":3,"common yarrow":1},"insects":{"monarch":5,"bumblebee":2,"giant swallowtail":2},"birds":{"American crow":5,"northern harrier":1,"Canada goose":1,"turkey vulture":1}}},{"w":"2026-08-25","yes":{"insects":4},"obs":{"insects":4},"sp":{"insects":{"monarch":2,"giant swallowtail":2}}},{"w":"2026-08-18","yes":{"insects":2,"birds":2},"obs":{"insects":2,"birds":2},"sp":{"insects":{"monarch":2},"birds":{"American crow":2}}}]}},{"type":"Feature","geometry":{"type":"Point","coordinates":[-122.19395,47.84475]},"properties":{"site":60366,"st":"-9999","n":7,"classes":{"leaves":5,"flowers":2},"weeks":[{"w":"2026-08-25","yes":{"leaves":2,"flowers":2},"obs":{"leaves":4,"flowers":4,"fruits":6},"sp":{"leaves":{"redwood-sorrel":1,"Nootka rose":1},"flowers":{"redwood-sorrel":2}}},{"w":"2026-08-18","yes":{"leaves":3},"obs":{"leaves":7,"flowers":4,"fruits":6},"sp":{"leaves":{"Nootka rose":2,"redwood-sorrel":1}}}]}},{"type":"Feature","geometry":{"type":"Point","coordinates":[-80.17802,38.13355]},"properties":{"site":60369,"st":"WV","n":26,"classes":{"leaves":13,"fruits":9,"insects":4},"weeks":[{"w":"2026-10-06","yes":{"leaves":6,"fruits":3},"obs":{"leaves":10,"flowers":5,"fruits":6,"insects":2},"sp":{"leaves":{"pawpaw":3,"white oak":3},"fruits":{"white oak":3}}},{"w":"2026-09-22","yes":{"leaves":3,"fruits":3,"insects":1},"obs":{"leaves":10,"flowers":5,"fruits":6,"insects":1},"sp":{"leaves":{"white oak":2,"pawpaw":1},"fruits":{"white oak":3},"insects":{"Japanese beetle":1}}},{"w":"2026-09-01","yes":{"leaves":1,"fruits":1,"insects":1},"obs":{"leaves":5,"flowers":5,"fruits":6,"insects":1},"sp":{"leaves":{"pawpaw":1},"fruits":{"white oak":1},"insects":{"Japanese beetle":1}}},{"w":"2026-08-25","yes":{"leaves":2,"fruits":1,"insects":1},"obs":{"leaves":10,"flowers":5,"fruits":6,"insects":1},"sp":{"leaves":{"pawpaw":1,"white oak":1},"fruits":{"white oak":1},"insects":{"Japanese beetle":1}}},{"w":"2026-08-18","yes":{"leaves":1,"fruits":1,"insects":1},"obs":{"leaves":5,"flowers":5,"fruits":6,"insects":1},"sp":{"leaves":{"pawpaw":1},"fruits":{"white oak":1},"insects":{"Japanese beetle":1}}}]}},{"type":"Feature","geometry":{"type":"Point","coordinates":[-88.78786,43.78444]},"properties":{"site":60375,"st":"WI","n":175,"classes":{"leaves":106,"flowers":13,"fruits":23,"birds":33},"weeks":[{"w":"2026-09-29","yes":{"leaves":54,"flowers":1,"fruits":11,"birds":9},"obs":{"leaves":96,"flowers":56,"fruits":63,"insects":5,"birds":75},"sp":{"leaves":{"swamp white oak":15,"black cherry":9,"bigtooth aspen":6,"bitternut hickory":6,"black oak":6},"flowers":{"broadleaf cattail":1},"fruits":{"swamp white oak":6,"bitternut hickory":3,"common winterberry":2},"birds":{"grey catbird":3,"blue jay":2,"sandhill crane":2,"Canada goose":2}}},{"w":"2026-09-08","yes":{"leaves":22,"flowers":3,"fruits":6,"birds":5},"obs":{"leaves":96,"flowers":56,"fruits":63,"insects":5,"birds":75},"sp":{"leaves":{"black cherry":5,"swamp white oak":5,"red maple":2,"bigtooth aspen":2,"bitternut hickory":2},"flowers":{"American white waterlily":2,"broadleaf cattail":1},"fruits":{"swamp white oak":4,"common winterberry":2},"birds":{"grey catbird":3,"blue jay":2}}},{"w":"2026-09-01","yes":{"leaves":20,"flowers":6,"fruits":3,"birds":10},"obs":{"leaves":92,"flowers":60,"fruits":63,"insects":10,"birds":133},"sp":{"leaves":{"swamp white oak":8,"black oak":4,"bitternut hickory":2,"broadleaf cattail":2,"American white waterlily":2},"flowers":{"American white waterlily":4,"broadleaf cattail":2},"fruits":{"swamp white oak":2,"black oak":1},"birds":{"American goldfinch":6,"grey catbird":3,"great blue heron":1}}},{"w":"2026-08-18","yes":{"leaves":10,"flowers":3,"fruits":3,"birds":9},"obs":{"leaves":46,"flowers":30,"fruits":30,"insects":5,"birds":67},"sp":{"leaves":{"swamp white oak":4,"black oak":2,"bitternut hickory":1,"broadleaf cattail":1,"American white waterlily":1},"flowers":{"American white waterlily":2,"broadleaf cattail":1},"fruits":{"swamp white oak":2,"silky dogwood":1},"birds":{"grey catbird":3,"great blue heron":3,"American goldfinch":3}}}]}},{"type":"Feature","geometry":{"type":"Point","coordinates":[-90.07394,43.17794]},"properties":{"site":60376,"st":"WI","n":292,"classes":{"leaves":124,"flowers":19,"fruits":76,"birds":73},"weeks":[{"w":"2026-09-29","yes":{"leaves":29,"flowers":4,"fruits":20,"birds":13},"obs":{"leaves":73,"flowers":49,"fruits":54,"insects":7,"birds":102},"sp":{"leaves":{"Norway maple":6,"silver maple":5,"littleleaf linden":3,"river birch":3,"apple":3},"flowers":{"blackeyed Susan":2,"common lilac":2},"fruits":{"Norway maple":5,"orange daylily":3,"blackeyed Susan":3,"common milkweed":2,"littleleaf linden":2},"birds":{"American goldfinch":4,"grey catbird":3,"northern cardinal":3,"American crow":3}}},{"w":"2026-09-08","yes":{"leaves":24,"flowers":4,"fruits":14,"birds":14},"obs":{"leaves":73,"flowers":49,"fruits":54,"insects":7,"birds":102},"sp":{"leaves":{"Norway maple":3,"silver maple":3,"river birch":3,"apple":3,"common lilac":2},"flowers":{"blackeyed Susan":2,"common lilac":2},"fruits":{"orange daylily":3,"Norway maple":3,"littleleaf linden":3,"common milkweed":1,"silver maple":1},"birds":{"ruby-throated hummingbird":3,"grey catbird":3,"American goldfinch":3,"mourning dove":3,"American crow":2}}},{"w":"2026-09-01","yes":{"leaves":51,"flowers":7,"fruits":31,"birds":29},"obs":{"leaves":146,"flowers":98,"fruits":108,"insects":14,"birds":204},"sp":{"leaves":{"silver maple":8,"Norway maple":6,"river birch":6,"apple":6,"littleleaf linden":5},"flowers":{"blackeyed Susan":4,"common lilac":3},"fruits":{"orange daylily":6,"Norway maple":6,"littleleaf linden":5,"silver maple":4,"forsythia":4},"birds":{"American goldfinch":7,"ruby-throated hummingbird":6,"grey catbird":6,"mourning dove":6,"American crow":4}}},{"w":"2026-08-18","yes":{"leaves":20,"flowers":4,"fruits":11,"birds":17},"obs":{"leaves":73,"flowers":49,"fruits":54,"insects":14,"birds":204},"sp":{"leaves":{"Norway maple":3,"silver maple":2,"common lilac":2,"littleleaf linden":2,"apple":2},"flowers":{"blackeyed Susan":2,"common lilac":2},"fruits":{"orange daylily":3,"Norway maple":3,"common milkweed":1,"silver maple":1,"littleleaf linden":1},"birds":{"grey catbird":3,"American goldfinch":3,"northern cardinal":3,"American robin":3,"mourning dove":3}}}]}},{"type":"Feature","geometry":{"type":"Point","coordinates":[-97.6713,30.3804]},"properties":{"site":60386,"st":"-9999","n":2,"classes":{"leaves":1,"flowers":1},"weeks":[{"w":"2026-09-08","yes":{"leaves":1,"flowers":1},"obs":{"leaves":2,"flowers":2},"sp":{"leaves":{"white crownbeard":1},"flowers":{"white crownbeard":1}}}]}},{"type":"Feature","geometry":{"type":"Point","coordinates":[-86.0243,39.94259]},"properties":{"site":60400,"st":"IN","n":13,"classes":{"leaves":11,"fruits":2},"weeks":[{"w":"2026-09-08","yes":{"leaves":2,"fruits":1},"obs":{"leaves":10,"flowers":6,"fruits":6},"sp":{"leaves":{"northern red oak":1,"river birch":1},"fruits":{"northern red oak":1}}},{"w":"2026-09-01","yes":{"leaves":2,"fruits":1},"obs":{"leaves":10,"flowers":6,"fruits":6},"sp":{"leaves":{"northern red oak":1,"river birch":1},"fruits":{"northern red oak":1}}},{"w":"2026-08-25","yes":{"leaves":2},"obs":{"leaves":10,"flowers":6,"fruits":6},"sp":{"leaves":{"northern red oak":1,"river birch":1}}},{"w":"2026-08-18","yes":{"leaves":5},"obs":{"leaves":20,"flowers":12,"fruits":12},"sp":{"leaves":{"river birch":3,"northern red oak":2}}}]}},{"type":"Feature","geometry":{"type":"Point","coordinates":[-97.01444,47.90362]},"properties":{"site":60407,"st":"-9999","n":8,"classes":{"birds":8},"weeks":[{"w":"2026-08-18","yes":{"birds":8},"obs":{"birds":8},"sp":{"birds":{"American crow":3,"Canada goose":2,"wild turkey":2,"northern harrier":1}}}]}},{"type":"Feature","geometry":{"type":"Point","coordinates":[-78.06538,39.06379]},"properties":{"site":60420,"st":"VA","n":39,"classes":{"leaves":21,"flowers":2,"fruits":16},"weeks":[{"w":"2026-08-18","yes":{"leaves":21,"flowers":2,"fruits":16},"obs":{"leaves":69,"flowers":36,"fruits":51},"sp":{"leaves":{"blackgum":4,"eastern redbud":3,"flowering dogwood":3,"alternateleaf dogwood":2,"cup plant":2},"flowers":{"cup plant":2},"fruits":{"eastern redbud":7,"bloodroot":3,"cup plant":2,"alternateleaf dogwood":1,"blackgum":1}}}]}},{"type":"Feature","geometry":{"type":"Point","coordinates":[-88.35623,42.91857]},"properties":{"site":60426,"st":"WI","n":12,"classes":{"leaves":8,"fruits":3,"insects":1},"weeks":[{"w":"2026-08-18","yes":{"leaves":8,"fruits":3,"insects":1},"obs":{"leaves":28,"flowers":20,"fruits":24,"insects":7,"birds":6},"sp":{"leaves":{"black walnut":4,"common milkweed":2,"northern red oak":2},"fruits":{"common milkweed":2,"northern red oak":1},"insects":{"monarch":1}}}]}},{"type":"Feature","geometry":{"type":"Point","coordinates":[-77.00712,42.77405]},"properties":{"site":60432,"st":"NY","n":24,"classes":{"leaves":12,"fruits":12},"weeks":[{"w":"2026-10-06","yes":{"leaves":3,"fruits":5},"obs":{"leaves":7,"flowers":6,"fruits":6},"sp":{"leaves":{"boxelder":2,"bur oak":1},"fruits":{"boxelder":3,"bur oak":2}}},{"w":"2026-09-29","yes":{"leaves":9,"fruits":7},"obs":{"leaves":30,"flowers":10,"fruits":17},"sp":{"leaves":{"boxelder":5,"bur oak":2,"eastern redbud":2},"fruits":{"boxelder":4,"bur oak":3}}}]}},{"type":"Feature","geometry":{"type":"Point","coordinates":[-76.74902,39.59924]},"properties":{"site":60433,"st":"-9999","n":4,"classes":{"leaves":4},"weeks":[{"w":"2026-08-18","yes":{"leaves":4},"obs":{"leaves":4},"sp":{"leaves":{"sugar maple":4}}}]}},{"type":"Feature","geometry":{"type":"Point","coordinates":[-119.25504,36.69863]},"properties":{"site":60438,"st":"CA","n":2,"classes":{"leaves":2},"weeks":[{"w":"2026-08-18","yes":{"leaves":2},"obs":{"leaves":6,"flowers":3,"fruits":3},"sp":{"leaves":{"blue oak":2}}}]}},{"type":"Feature","geometry":{"type":"Point","coordinates":[-96.72264,43.52162]},"properties":{"site":60440,"st":"SD","n":14,"classes":{"leaves":10,"birds":4},"weeks":[{"w":"2026-09-22","yes":{"leaves":8,"birds":1},"obs":{"leaves":20,"flowers":12,"fruits":12,"birds":4},"sp":{"leaves":{"silver maple":4,"northern red oak":4},"birds":{"turkey vulture":1}}},{"w":"2026-09-15","yes":{"leaves":2,"birds":2},"obs":{"leaves":10,"flowers":6,"fruits":6,"birds":25},"sp":{"leaves":{"silver maple":1,"northern red oak":1},"birds":{"turkey vulture":2}}},{"w":"2026-08-18","yes":{"birds":1},"obs":{"birds":4},"sp":{"birds":{"turkey vulture":1}}}]}},{"type":"Feature","geometry":{"type":"Point","coordinates":[-122.19044,47.7571]},"properties":{"site":60447,"st":"WA","n":8,"classes":{"leaves":4,"flowers":1,"fruits":3},"weeks":[{"w":"2026-08-18","yes":{"leaves":4,"flowers":1,"fruits":3},"obs":{"leaves":5,"flowers":1,"fruits":3},"sp":{"leaves":{"sweetgum":4},"flowers":{"sweetgum":1},"fruits":{"sweetgum":3}}}]}},{"type":"Feature","geometry":{"type":"Point","coordinates":[-77.79494,38.70472]},"properties":{"site":60450,"st":"VA","n":6,"classes":{"leaves":6},"weeks":[{"w":"2026-10-06","yes":{"leaves":6},"obs":{"leaves":10,"flowers":6,"fruits":5},"sp":{"leaves":{"silver maple":6}}}]}},{"type":"Feature","geometry":{"type":"Point","coordinates":[-73.96881,41.36187]},"properties":{"site":60453,"st":"-9999","n":3,"classes":{"leaves":1,"flowers":2},"weeks":[{"w":"2026-09-01","yes":{},"obs":{"leaves":2,"flowers":2,"fruits":3},"sp":{}},{"w":"2026-08-25","yes":{"leaves":1,"flowers":2},"obs":{"leaves":4,"flowers":4,"fruits":6},"sp":{"leaves":{"common blue wood aster":1},"flowers":{"common blue wood aster":2}}}]}},{"type":"Feature","geometry":{"type":"Point","coordinates":[-85.76364,39.5423]},"properties":{"site":60468,"st":"IN","n":9,"classes":{"birds":9},"weeks":[{"w":"2026-09-01","yes":{"birds":6},"obs":{"birds":46},"sp":{"birds":{"Canada goose":3,"American robin":2,"sandhill crane":1}}},{"w":"2026-08-25","yes":{"birds":3},"obs":{"birds":24},"sp":{"birds":{"northern cardinal":3}}}]}},{"type":"Feature","geometry":{"type":"Point","coordinates":[-93.36898,44.54351]},"properties":{"site":60469,"st":"MN","n":157,"classes":{"insects":42,"birds":90,"leaves":15,"flowers":10},"weeks":[{"w":"2026-09-15","yes":{"insects":3,"birds":3},"obs":{"insects":6,"birds":6},"sp":{"insects":{"monarch":3},"birds":{"sandhill crane":3}}},{"w":"2026-09-08","yes":{"leaves":4,"flowers":2,"insects":14,"birds":30},"obs":{"leaves":6,"flowers":5,"fruits":6,"insects":55,"birds":70},"sp":{"leaves":{"silver maple":3,"common blue wood aster":1},"flowers":{"common blue wood aster":2},"insects":{"monarch":9,"spring azure":5},"birds":{"sandhill crane":11,"ruby-throated hummingbird":9,"barn swallow":8,"common nighthawk":2}}},{"w":"2026-09-01","yes":{"leaves":5,"flowers":4,"insects":20,"birds":40},"obs":{"leaves":12,"flowers":12,"fruits":15,"insects":38,"birds":86},"sp":{"leaves":{"American plum":3,"silver maple":2},"flowers":{"common blue wood aster":2,"goldenrod":2},"insects":{"monarch":14,"western tiger swallowtail":3,"black swallowtail":3},"birds":{"ruby-throated hummingbird":16,"barn swallow":15,"sandhill crane":9}}},{"w":"2026-08-25","yes":{"leaves":6,"flowers":4,"insects":5,"birds":17},"obs":{"leaves":13,"flowers":11,"fruits":15,"insects":6,"birds":25},"sp":{"leaves":{"American plum":3,"chokecherry":2,"goldenrod":1},"flowers":{"common evening primrose":2,"goldenrod":2},"insects":{"monarch":5},"birds":{"ruby-throated hummingbird":6,"barn swallow":5,"sandhill crane":4,"northern flicker":2}}}]}},{"type":"Feature","geometry":{"type":"Point","coordinates":[-68.33048,44.33308]},"properties":{"site":60472,"st":"ME","n":23,"classes":{"leaves":23},"weeks":[{"w":"2026-10-06","yes":{"leaves":6},"obs":{"leaves":10,"flowers":4,"fruits":6},"sp":{"leaves":{"black chokeberry":6}}},{"w":"2026-09-29","yes":{"leaves":6},"obs":{"leaves":10,"flowers":4,"fruits":6},"sp":{"leaves":{"black chokeberry":6}}},{"w":"2026-09-22","yes":{"leaves":4},"obs":{"leaves":10,"flowers":4,"fruits":6},"sp":{"leaves":{"black chokeberry":4}}},{"w":"2026-09-15","yes":{"leaves":4},"obs":{"leaves":10,"flowers":4,"fruits":6},"sp":{"leaves":{"black chokeberry":4}}},{"w":"2026-09-08","yes":{"leaves":3},"obs":{"leaves":10,"flowers":4,"fruits":6},"sp":{"leaves":{"black chokeberry":3}}}]}},{"type":"Feature","geometry":{"type":"Point","coordinates":[-86.80335,33.46502]},"properties":{"site":60478,"st":"AL","n":2,"classes":{"leaves":1,"fruits":1},"weeks":[{"w":"2026-09-01","yes":{"leaves":1,"fruits":1},"obs":{"leaves":5,"flowers":3,"fruits":3},"sp":{"leaves":{"white oak":1},"fruits":{"white oak":1}}}]}},{"type":"Feature","geometry":{"type":"Point","coordinates":[-68.32815,44.28754]},"properties":{"site":60482,"st":"ME","n":8,"classes":{"leaves":8},"weeks":[{"w":"2026-10-06","yes":{"leaves":2},"obs":{"leaves":2},"sp":{"leaves":{"common winterberry":2}}},{"w":"2026-09-22","yes":{"leaves":4},"obs":{"leaves":4},"sp":{"leaves":{"common winterberry":4}}},{"w":"2026-09-08","yes":{"leaves":2},"obs":{"leaves":2},"sp":{"leaves":{"common winterberry":2}}}]}},{"type":"Feature","geometry":{"type":"Point","coordinates":[-76.45281,40.04845]},"properties":{"site":60484,"st":"-9999","n":17,"classes":{"leaves":3,"flowers":6,"fruits":1,"insects":4,"birds":3},"weeks":[{"w":"2026-09-01","yes":{"leaves":3,"flowers":6,"fruits":1,"insects":4,"birds":3},"obs":{"leaves":6,"flowers":6,"fruits":9,"insects":12,"birds":7},"sp":{"leaves":{"Queen Anne's lace":1,"American pokeweed":1,"oriental lady's thumb":1},"flowers":{"Queen Anne's lace":2,"American pokeweed":2,"oriental lady's thumb":2},"fruits":{"American pokeweed":1},"insects":{"black swallowtail":2,"monarch":2},"birds":{"house finch":3}}}]}},{"type":"Feature","geometry":{"type":"Point","coordinates":[-92.08295,46.79597]},"properties":{"site":60486,"st":"MN","n":434,"classes":{"leaves":178,"flowers":15,"fruits":241},"weeks":[{"w":"2026-09-29","yes":{"leaves":39,"flowers":2,"fruits":29},"obs":{"leaves":105,"flowers":67,"fruits":48},"sp":{"leaves":{"boxelder":11,"green ash":8,"paper birch":8,"American mountain ash":7,"redosier dogwood":5},"flowers":{"redosier dogwood":2},"fruits":{"American mountain ash":12,"green ash":8,"redosier dogwood":5,"paper birch":4}}},{"w":"2026-09-22","yes":{"leaves":33,"fruits":44},"obs":{"leaves":108,"flowers":68,"fruits":68},"sp":{"leaves":{"boxelder":11,"green ash":7,"American mountain ash":6,"paper birch":5,"redosier dogwood":4},"fruits":{"balsam fir":12,"American mountain ash":11,"redosier dogwood":7,"paper birch":7,"green ash":7}}},{"w":"2026-09-15","yes":{"leaves":58,"flowers":6,"fruits":91},"obs":{"leaves":215,"flowers":134,"fruits":131},"sp":{"leaves":{"boxelder":17,"green ash":13,"paper birch":10,"American mountain ash":10,"redosier dogwood":8},"flowers":{"redosier dogwood":6},"fruits":{"American mountain ash":23,"paper birch":21,"balsam fir":18,"redosier dogwood":13,"green ash":13}}},{"w":"2026-09-08","yes":{"leaves":48,"flowers":7,"fruits":77},"obs":{"leaves":210,"flowers":133,"fruits":126},"sp":{"leaves":{"boxelder":12,"green ash":11,"paper birch":9,"redosier dogwood":8,"American mountain ash":8},"flowers":{"redosier dogwood":7},"fruits":{"American mountain ash":20,"paper birch":17,"balsam fir":15,"redosier dogwood":14,"green ash":11}}}]}},{"type":"Feature","geometry":{"type":"Point","coordinates":[-71.9667,42.6113]},"properties":{"site":60487,"st":"-9999","n":2,"classes":{"leaves":2},"weeks":[{"w":"2026-09-01","yes":{"leaves":2},"obs":{"leaves":5,"flowers":2,"fruits":3},"sp":{"leaves":{"American beech":2}}}]}},{"type":"Feature","geometry":{"type":"Point","coordinates":[-93.57972,45.5789]},"properties":{"site":60491,"st":"MN","n":15,"classes":{"leaves":6,"fruits":9},"weeks":[{"w":"2026-09-22","yes":{"leaves":3,"fruits":4},"obs":{"leaves":7,"flowers":4,"fruits":6},"sp":{"leaves":{"canyon grape":2,"garden tomato":1},"fruits":{"canyon grape":3,"garden tomato":1}}},{"w":"2026-09-15","yes":{"leaves":3,"fruits":5},"obs":{"leaves":7,"flowers":4,"fruits":6},"sp":{"leaves":{"canyon grape":2,"garden tomato":1},"fruits":{"canyon grape":3,"garden tomato":2}}}]}},{"type":"Feature","geometry":{"type":"Point","coordinates":[-103.87332,44.49695]},"properties":{"site":60492,"st":"SD","n":31,"classes":{"leaves":12,"fruits":12,"birds":7},"weeks":[{"w":"2026-10-06","yes":{"leaves":4,"fruits":4,"birds":3},"obs":{"leaves":10,"flowers":4,"fruits":6,"birds":14},"sp":{"leaves":{"honeylocust":3,"black locust":1},"fruits":{"black locust":2,"honeylocust":2},"birds":{"blue jay":3}}},{"w":"2026-09-29","yes":{"leaves":4,"fruits":4},"obs":{"leaves":10,"flowers":4,"fruits":6,"birds":14},"sp":{"leaves":{"honeylocust":3,"black locust":1},"fruits":{"black locust":2,"honeylocust":2}}},{"w":"2026-09-22","yes":{"leaves":2,"fruits":2},"obs":{"leaves":10,"flowers":4,"fruits":6,"birds":14},"sp":{"leaves":{"black locust":1,"honeylocust":1},"fruits":{"black locust":1,"honeylocust":1}}},{"w":"2026-09-15","yes":{"leaves":2,"fruits":2,"birds":4},"obs":{"leaves":10,"flowers":4,"fruits":6,"birds":14},"sp":{"leaves":{"black locust":1,"honeylocust":1},"fruits":{"black locust":1,"honeylocust":1},"birds":{"blue jay":4}}}]}},{"type":"Feature","geometry":{"type":"Point","coordinates":[-71.9669,42.6093]},"properties":{"site":60494,"st":"-9999","n":12,"classes":{"leaves":4,"flowers":8},"weeks":[{"w":"2026-09-01","yes":{"leaves":4,"flowers":8},"obs":{"leaves":8,"flowers":8,"fruits":12},"sp":{"leaves":{"blackeyed Susan":2,"red clover":2},"flowers":{"blackeyed Susan":4,"red clover":4}}}]}},{"type":"Feature","geometry":{"type":"Point","coordinates":[-80.09972,40.40652]},"properties":{"site":60496,"st":"PA","n":11,"classes":{"leaves":4,"flowers":4,"birds":3},"weeks":[{"w":"2026-09-29","yes":{"leaves":4,"flowers":4,"birds":3},"obs":{"leaves":14,"flowers":10,"fruits":8,"birds":14},"sp":{"leaves":{"bluejacket":2,"red maple":2},"flowers":{"bluejacket":4},"birds":{"ruby-throated hummingbird":3}}}]}},{"type":"Feature","geometry":{"type":"Point","coordinates":[-68.43428,44.55196]},"properties":{"site":60502,"st":"-9999","n":4,"classes":{"leaves":4},"weeks":[{"w":"2026-09-22","yes":{"leaves":2},"obs":{"leaves":2},"sp":{"leaves":{"common winterberry":2}}},{"w":"2026-09-01","yes":{"leaves":2},"obs":{"leaves":2},"sp":{"leaves":{"common winterberry":2}}}]}},{"type":"Feature","geometry":{"type":"Point","coordinates":[-71.991,42.5756]},"properties":{"site":60506,"st":"-9999","n":31,"classes":{"leaves":14,"fruits":17},"weeks":[{"w":"2026-09-15","yes":{"leaves":6,"fruits":9},"obs":{"leaves":22,"flowers":13,"fruits":15},"sp":{"leaves":{"red maple":2,"black cherry":2,"northern red oak":1,"paper birch":1},"fruits":{"northern red oak":3,"white cedar":3,"black cherry":3}}},{"w":"2026-09-08","yes":{"leaves":8,"fruits":8},"obs":{"leaves":19,"flowers":10,"fruits":9},"sp":{"leaves":{"black cherry":3,"red maple":2,"white cedar":2,"northern red oak":1},"fruits":{"northern red oak":3,"black cherry":3,"white cedar":2}}}]}},{"type":"Feature","geometry":{"type":"Point","coordinates":[-79.96,39.63]},"properties":{"site":60510,"st":"WV","n":5,"classes":{"leaves":2,"fruits":1,"insects":2},"weeks":[{"w":"2026-09-01","yes":{"leaves":2,"fruits":1,"insects":2},"obs":{"leaves":2,"fruits":1,"insects":2},"sp":{"leaves":{"tree of heaven":2},"fruits":{"tree of heaven":1},"insects":{"spotted lanternfly":2}}}]}},{"type":"Feature","geometry":{"type":"Point","coordinates":[-80.4198,37.2246]},"properties":{"site":60512,"st":"-9999","n":98,"classes":{"leaves":66,"fruits":32},"weeks":[{"w":"2026-09-22","yes":{"leaves":12,"fruits":8},"obs":{"leaves":25,"flowers":15,"fruits":15},"sp":{"leaves":{"silver linden":5,"northern red oak":4,"red maple":3},"fruits":{"northern red oak":4,"silver linden":4}}},{"w":"2026-09-15","yes":{"leaves":42,"fruits":19},"obs":{"leaves":90,"flowers":54,"fruits":54},"sp":{"leaves":{"red maple":18,"northern red oak":12,"silver linden":12},"fruits":{"northern red oak":12,"silver linden":7}}},{"w":"2026-09-08","yes":{"leaves":12,"fruits":5},"obs":{"leaves":30,"flowers":18,"fruits":18},"sp":{"leaves":{"red maple":5,"silver linden":4,"northern red oak":3},"fruits":{"northern red oak":4,"silver linden":1}}}]}},{"type":"Feature","geometry":{"type":"Point","coordinates":[-78.67565,35.78168]},"properties":{"site":60517,"st":"-9999","n":1,"classes":{"fruits":1},"weeks":[{"w":"2026-09-08","yes":{"fruits":1},"obs":{"fruits":1},"sp":{"fruits":{"chestnut oak":1}}}]}},{"type":"Feature","geometry":{"type":"Point","coordinates":[-78.6728,35.7847]},"properties":{"site":60518,"st":"-9999","n":50,"classes":{"leaves":26,"fruits":21,"flowers":3},"weeks":[{"w":"2026-10-06","yes":{"leaves":6,"fruits":4},"obs":{"leaves":15,"flowers":9,"fruits":9},"sp":{"leaves":{"willow oak":3,"Shumard's oak":2,"pin oak":1},"fruits":{"Shumard's oak":3,"willow oak":1}}},{"w":"2026-09-29","yes":{"leaves":2,"fruits":4},"obs":{"leaves":16,"flowers":12,"fruits":12},"sp":{"leaves":{"pin oak":2},"fruits":{"Shumard's oak":3,"willow oak":1}}},{"w":"2026-09-22","yes":{"leaves":9,"flowers":3,"fruits":7},"obs":{"leaves":24,"flowers":15,"fruits":15},"sp":{"leaves":{"southern red oak":4,"willow oak":2,"pin oak":2,"Shumard's oak":1},"flowers":{"southern red oak":3},"fruits":{"southern red oak":3,"Shumard's oak":3,"willow oak":1}}},{"w":"2026-09-15","yes":{"leaves":5,"fruits":4},"obs":{"leaves":20,"flowers":12,"fruits":12},"sp":{"leaves":{"willow oak":2,"pin oak":2,"Shumard's oak":1},"fruits":{"Shumard's oak":3,"willow oak":1}}},{"w":"2026-09-08","yes":{"leaves":4,"fruits":2},"obs":{"leaves":18,"flowers":12,"fruits":12},"sp":{"leaves":{"pin oak":2,"Shumard's oak":1,"willow oak":1},"fruits":{"Shumard's oak":1,"willow oak":1}}}]}},{"type":"Feature","geometry":{"type":"Point","coordinates":[-78.6732,35.7853]},"properties":{"site":60519,"st":"-9999","n":4,"classes":{"leaves":4},"weeks":[{"w":"2026-09-29","yes":{},"obs":{"leaves":16,"flowers":12,"fruits":11},"sp":{}},{"w":"2026-09-22","yes":{"leaves":4},"obs":{"leaves":20,"flowers":12,"fruits":12},"sp":{"leaves":{"willow oak":2,"red maple":1,"pin oak":1}}}]}},{"type":"Feature","geometry":{"type":"Point","coordinates":[-103.80308,44.46719]},"properties":{"site":60520,"st":"SD","n":4,"classes":{"leaves":2,"fruits":2},"weeks":[{"w":"2026-09-15","yes":{"leaves":2,"fruits":2},"obs":{"leaves":7,"flowers":6,"fruits":6},"sp":{"leaves":{"quaking aspen":2},"fruits":{"ponderosa pine":2}}}]}},{"type":"Feature","geometry":{"type":"Point","coordinates":[-78.67282,35.78446]},"properties":{"site":60521,"st":"-9999","n":32,"classes":{"leaves":24,"fruits":8},"weeks":[{"w":"2026-09-15","yes":{"leaves":12,"fruits":4},"obs":{"leaves":20,"flowers":12,"fruits":12},"sp":{"leaves":{"willow oak":9,"southern red oak":3},"fruits":{"willow oak":3,"southern red oak":1}}},{"w":"2026-09-08","yes":{"leaves":12,"fruits":4},"obs":{"leaves":20,"flowers":12,"fruits":12},"sp":{"leaves":{"willow oak":9,"southern red oak":3},"fruits":{"willow oak":3,"southern red oak":1}}}]}},{"type":"Feature","geometry":{"type":"Point","coordinates":[-78.67676,35.78532]},"properties":{"site":60522,"st":"NC","n":37,"classes":{"leaves":19,"fruits":18},"weeks":[{"w":"2026-09-29","yes":{"leaves":5,"fruits":4},"obs":{"leaves":10,"flowers":6,"fruits":6},"sp":{"leaves":{"willow oak":5},"fruits":{"willow oak":4}}},{"w":"2026-09-22","yes":{"leaves":5,"fruits":4},"obs":{"leaves":10,"flowers":6,"fruits":6},"sp":{"leaves":{"willow oak":5},"fruits":{"willow oak":4}}},{"w":"2026-09-15","yes":{"leaves":5,"fruits":4},"obs":{"leaves":10,"flowers":6,"fruits":6},"sp":{"leaves":{"willow oak":5},"fruits":{"willow oak":4}}},{"w":"2026-09-08","yes":{"leaves":4,"fruits":6},"obs":{"leaves":10,"flowers":6,"fruits":6},"sp":{"leaves":{"willow oak":4},"fruits":{"willow oak":6}}}]}},{"type":"Feature","geometry":{"type":"Point","coordinates":[-103.22235,44.05128]},"properties":{"site":60524,"st":"SD","n":58,"classes":{"leaves":12,"fruits":8,"birds":37,"flowers":1},"weeks":[{"w":"2026-10-06","yes":{"leaves":2,"fruits":2,"birds":5},"obs":{"leaves":10,"flowers":5,"fruits":6,"birds":14},"sp":{"leaves":{"eastern cottonwood":1,"silverberry":1},"fruits":{"silverberry":2},"birds":{"house finch":5}}},{"w":"2026-09-29","yes":{"leaves":4,"fruits":2,"birds":8},"obs":{"leaves":12,"flowers":7,"fruits":6,"birds":14},"sp":{"leaves":{"eastern cottonwood":2,"common lilac":1,"silverberry":1},"fruits":{"silverberry":2},"birds":{"house finch":6,"blue jay":2}}},{"w":"2026-09-22","yes":{"leaves":3,"fruits":2,"birds":5},"obs":{"leaves":10,"flowers":5,"fruits":6,"birds":14},"sp":{"leaves":{"eastern cottonwood":2,"silverberry":1},"fruits":{"silverberry":2},"birds":{"house finch":5}}},{"w":"2026-09-15","yes":{"birds":10},"obs":{"birds":14},"sp":{"birds":{"house finch":6,"blue jay":4}}},{"w":"2026-09-08","yes":{"leaves":3,"flowers":1,"fruits":2,"birds":9},"obs":{"leaves":11,"flowers":8,"fruits":6,"birds":10},"sp":{"leaves":{"eastern cottonwood":1,"common lilac":1,"silverberry":1},"flowers":{"common lilac":1},"fruits":{"silverberry":2},"birds":{"house finch":6,"blue jay":3}}}]}},{"type":"Feature","geometry":{"type":"Point","coordinates":[-78.67307,35.78464]},"properties":{"site":60527,"st":"-9999","n":35,"classes":{"leaves":22,"flowers":7,"fruits":6},"weeks":[{"w":"2026-10-06","yes":{"leaves":5,"flowers":1,"fruits":2},"obs":{"leaves":17,"flowers":9,"fruits":12},"sp":{"leaves":{"flowering dogwood":2,"willow oak":2,"black locust":1},"flowers":{"southern magnolia":1},"fruits":{"flowering dogwood":1,"southern magnolia":1}}},{"w":"2026-09-29","yes":{"leaves":5,"flowers":2,"fruits":1},"obs":{"leaves":17,"flowers":9,"fruits":12},"sp":{"leaves":{"flowering dogwood":2,"willow oak":2,"black locust":1},"flowers":{"southern magnolia":2},"fruits":{"southern magnolia":1}}},{"w":"2026-09-22","yes":{"leaves":4,"flowers":2,"fruits":2},"obs":{"leaves":17,"flowers":9,"fruits":12},"sp":{"leaves":{"flowering dogwood":2,"black locust":1,"willow oak":1},"flowers":{"flowering dogwood":1,"southern magnolia":1},"fruits":{"flowering dogwood":1,"southern magnolia":1}}},{"w":"2026-09-15","yes":{"leaves":8,"flowers":2,"fruits":1},"obs":{"leaves":12,"flowers":5,"fruits":9},"sp":{"leaves":{"flowering dogwood":3,"willow oak":3,"southern magnolia":2},"flowers":{"flowering dogwood":1,"southern magnolia":1},"fruits":{"flowering dogwood":1}}}]}},{"type":"Feature","geometry":{"type":"Point","coordinates":[-78.673,35.7859]},"properties":{"site":60528,"st":"-9999","n":1,"classes":{"leaves":1},"weeks":[{"w":"2026-09-08","yes":{"leaves":1},"obs":{"leaves":1},"sp":{"leaves":{"balsam fir":1}}}]}},{"type":"Feature","geometry":{"type":"Point","coordinates":[-78.6714,35.7819]},"properties":{"site":60529,"st":"-9999","n":13,"classes":{"leaves":13},"weeks":[{"w":"2026-09-22","yes":{"leaves":7},"obs":{"leaves":20,"flowers":11,"fruits":12},"sp":{"leaves":{"American hornbeam":4,"American sycamore":2,"American beech":1}}},{"w":"2026-09-15","yes":{"leaves":6},"obs":{"leaves":20,"flowers":11,"fruits":12},"sp":{"leaves":{"American hornbeam":3,"American beech":2,"American sycamore":1}}}]}},{"type":"Feature","geometry":{"type":"Point","coordinates":[-78.67345,35.78583]},"properties":{"site":60530,"st":"NC","n":10,"classes":{"leaves":10},"weeks":[{"w":"2026-09-22","yes":{"leaves":10},"obs":{"leaves":17,"flowers":10,"fruits":12},"sp":{"leaves":{"green ash":3,"common hackberry":3,"eastern redbud":3,"southern magnolia":1}}}]}},{"type":"Feature","geometry":{"type":"Point","coordinates":[-118.16785,34.14061]},"properties":{"site":60531,"st":"CA","n":16,"classes":{"leaves":8,"flowers":4,"fruits":4},"weeks":[{"w":"2026-09-08","yes":{"leaves":8,"flowers":4,"fruits":4},"obs":{"leaves":12,"flowers":12,"fruits":10},"sp":{"leaves":{"California sycamore":6,"California live oak":2},"flowers":{"California live oak":3,"California sycamore":1},"fruits":{"California live oak":4}}}]}},{"type":"Feature","geometry":{"type":"Point","coordinates":[-93.35622,44.81746]},"properties":{"site":60532,"st":"MN","n":13,"classes":{"leaves":2,"flowers":4,"birds":7},"weeks":[{"w":"2026-09-08","yes":{"leaves":2,"flowers":4,"birds":7},"obs":{"leaves":4,"flowers":4,"birds":10},"sp":{"leaves":{"Canada goldenrod":1,"cardinalflower":1},"flowers":{"Canada goldenrod":2,"cardinalflower":2},"birds":{"American robin":6,"bald eagle":1}}}]}},{"type":"Feature","geometry":{"type":"Point","coordinates":[-78.66486,35.7825]},"properties":{"site":60534,"st":"-9999","n":2,"classes":{"leaves":2},"weeks":[{"w":"2026-09-08","yes":{"leaves":2},"obs":{"leaves":5,"flowers":3,"fruits":3},"sp":{"leaves":{"black oak":2}}}]}},{"type":"Feature","geometry":{"type":"Point","coordinates":[-78.66482,35.78252]},"properties":{"site":60535,"st":"-9999","n":1,"classes":{"leaves":1},"weeks":[{"w":"2026-09-08","yes":{"leaves":1},"obs":{"leaves":5,"flowers":3,"fruits":3},"sp":{"leaves":{"white oak":1}}}]}},{"type":"Feature","geometry":{"type":"Point","coordinates":[-78.6648,35.78245]},"properties":{"site":60536,"st":"-9999","n":0,"classes":{},"weeks":[{"w":"2026-09-08","yes":{},"obs":{"leaves":5,"flowers":3,"fruits":3},"sp":{}}]}},{"type":"Feature","geometry":{"type":"Point","coordinates":[-78.66468,35.78237]},"properties":{"site":60537,"st":"-9999","n":1,"classes":{"leaves":1},"weeks":[{"w":"2026-09-08","yes":{"leaves":1},"obs":{"leaves":4,"flowers":2,"fruits":3},"sp":{"leaves":{"eastern redbud":1}}}]}},{"type":"Feature","geometry":{"type":"Point","coordinates":[-78.67617,35.78142]},"properties":{"site":60539,"st":"NC","n":25,"classes":{"leaves":25},"weeks":[{"w":"2026-10-06","yes":{"leaves":4},"obs":{"leaves":21,"flowers":12,"fruits":12},"sp":{"leaves":{"live oak":1,"southern red oak":1,"pin oak":1,"white oak":1}}},{"w":"2026-09-29","yes":{"leaves":8},"obs":{"leaves":42,"flowers":24,"fruits":24},"sp":{"leaves":{"live oak":2,"southern red oak":2,"pin oak":2,"white oak":2}}},{"w":"2026-09-22","yes":{"leaves":4},"obs":{"leaves":21,"flowers":12,"fruits":12},"sp":{"leaves":{"live oak":1,"southern red oak":1,"pin oak":1,"white oak":1}}},{"w":"2026-09-15","yes":{"leaves":5},"obs":{"leaves":21,"flowers":12,"fruits":12},"sp":{"leaves":{"white oak":2,"live oak":1,"southern red oak":1,"pin oak":1}}},{"w":"2026-09-08","yes":{"leaves":4},"obs":{"leaves":16,"flowers":9,"fruits":9},"sp":{"leaves":{"white oak":2,"live oak":1,"pin oak":1}}}]}},{"type":"Feature","geometry":{"type":"Point","coordinates":[-93.1699,45.17398]},"properties":{"site":60542,"st":"-9999","n":9,"classes":{"leaves":5,"flowers":4},"weeks":[{"w":"2026-09-29","yes":{"leaves":1,"flowers":1},"obs":{"leaves":2,"flowers":2,"fruits":3},"sp":{"leaves":{"garlic mustard":1},"flowers":{"garlic mustard":1}}},{"w":"2026-09-22","yes":{"leaves":4,"flowers":3},"obs":{"leaves":6,"flowers":6,"fruits":9},"sp":{"leaves":{"prickly lettuce":2,"common dandelion":1,"garlic mustard":1},"flowers":{"common dandelion":2,"garlic mustard":1}}}]}},{"type":"Feature","geometry":{"type":"Point","coordinates":[-111.9307,33.42]},"properties":{"site":60549,"st":"-9999","n":0,"classes":{},"weeks":[{"w":"2026-10-06","yes":{},"obs":{"flowers":2,"fruits":3},"sp":{}},{"w":"2026-09-29","yes":{},"obs":{"flowers":2,"fruits":3},"sp":{}},{"w":"2026-09-22","yes":{},"obs":{"flowers":2,"fruits":3},"sp":{}}]}},{"type":"Feature","geometry":{"type":"Point","coordinates":[-117.93076,33.8733]},"properties":{"site":60552,"st":"CA","n":5,"classes":{"leaves":4,"flowers":1},"weeks":[{"w":"2026-09-08","yes":{"leaves":4,"flowers":1},"obs":{"leaves":4,"flowers":2,"fruits":3},"sp":{"leaves":{"blue ash":4},"flowers":{"blue ash":1}}}]}},{"type":"Feature","geometry":{"type":"Point","coordinates":[-78.6713,35.7824]},"properties":{"site":60553,"st":"-9999","n":15,"classes":{"leaves":15},"weeks":[{"w":"2026-09-29","yes":{"leaves":3},"obs":{"leaves":5,"flowers":3,"fruits":3},"sp":{"leaves":{"red maple":3}}},{"w":"2026-09-22","yes":{"leaves":6},"obs":{"leaves":10,"flowers":6,"fruits":6},"sp":{"leaves":{"red maple":6}}},{"w":"2026-09-15","yes":{"leaves":6},"obs":{"leaves":9,"flowers":6,"fruits":6},"sp":{"leaves":{"red maple":6}}}]}},{"type":"Feature","geometry":{"type":"Point","coordinates":[-78.66995,35.78257]},"properties":{"site":60555,"st":"NC","n":18,"classes":{"leaves":18},"weeks":[{"w":"2026-10-06","yes":{"leaves":3},"obs":{"leaves":5,"flowers":3,"fruits":3},"sp":{"leaves":{"pin oak":3}}},{"w":"2026-09-29","yes":{"leaves":3},"obs":{"leaves":5,"flowers":3,"fruits":3},"sp":{"leaves":{"pin oak":3}}},{"w":"2026-09-22","yes":{"leaves":6},"obs":{"leaves":10,"flowers":6,"fruits":6},"sp":{"leaves":{"pin oak":6}}},{"w":"2026-09-15","yes":{"leaves":6},"obs":{"leaves":9,"flowers":6,"fruits":6},"sp":{"leaves":{"pin oak":6}}}]}},{"type":"Feature","geometry":{"type":"Point","coordinates":[-78.66974,35.78438]},"properties":{"site":60556,"st":"NC","n":39,"classes":{"leaves":36,"fruits":3},"weeks":[{"w":"2026-10-06","yes":{"leaves":6},"obs":{"leaves":10,"flowers":6,"fruits":6},"sp":{"leaves":{"willow oak":6}}},{"w":"2026-09-29","yes":{"leaves":6},"obs":{"leaves":10,"flowers":6,"fruits":6},"sp":{"leaves":{"willow oak":6}}},{"w":"2026-09-22","yes":{"leaves":12,"fruits":3},"obs":{"leaves":20,"flowers":12,"fruits":12},"sp":{"leaves":{"willow oak":12},"fruits":{"willow oak":3}}},{"w":"2026-09-15","yes":{"leaves":12},"obs":{"leaves":18,"flowers":12,"fruits":12},"sp":{"leaves":{"willow oak":12}}}]}},{"type":"Feature","geometry":{"type":"Point","coordinates":[-71.43775,41.84351]},"properties":{"site":60559,"st":"RI","n":8,"classes":{"leaves":8},"weeks":[{"w":"2026-09-29","yes":{"leaves":3},"obs":{"leaves":5,"flowers":3,"fruits":3},"sp":{"leaves":{"sugar maple":3}}},{"w":"2026-09-22","yes":{"leaves":3},"obs":{"leaves":5,"flowers":3,"fruits":3},"sp":{"leaves":{"sugar maple":3}}},{"w":"2026-09-15","yes":{"leaves":2},"obs":{"leaves":5,"flowers":3,"fruits":3},"sp":{"leaves":{"sugar maple":2}}}]}},{"type":"Feature","geometry":{"type":"Point","coordinates":[-78.67599,35.78548]},"properties":{"site":60562,"st":"NC","n":20,"classes":{"leaves":15,"fruits":5},"weeks":[{"w":"2026-09-29","yes":{"leaves":4,"fruits":1},"obs":{"leaves":10,"flowers":6,"fruits":6},"sp":{"leaves":{"red maple":2,"black oak":2},"fruits":{"black oak":1}}},{"w":"2026-09-22","yes":{"leaves":4,"fruits":3},"obs":{"leaves":10,"flowers":6,"fruits":6},"sp":{"leaves":{"red maple":2,"black oak":2},"fruits":{"black oak":3}}},{"w":"2026-09-15","yes":{"leaves":4,"fruits":1},"obs":{"leaves":10,"flowers":6,"fruits":6},"sp":{"leaves":{"red maple":2,"black oak":2},"fruits":{"black oak":1}}},{"w":"2026-09-08","yes":{"leaves":3},"obs":{"leaves":9,"flowers":6,"fruits":6},"sp":{"leaves":{"black oak":2,"red maple":1}}}]}},{"type":"Feature","geometry":{"type":"Point","coordinates":[-82.19537,41.46385]},"properties":{"site":60566,"st":"OH","n":11,"classes":{"leaves":2,"fruits":6,"insects":3},"weeks":[{"w":"2026-09-15","yes":{"leaves":1,"fruits":3},"obs":{"leaves":2,"flowers":2,"fruits":3},"sp":{"leaves":{"common milkweed":1},"fruits":{"common milkweed":3}}},{"w":"2026-09-08","yes":{"leaves":1,"fruits":3,"insects":3},"obs":{"leaves":2,"flowers":2,"fruits":3,"insects":3},"sp":{"leaves":{"common milkweed":1},"fruits":{"common milkweed":3},"insects":{"monarch":3}}}]}},{"type":"Feature","geometry":{"type":"Point","coordinates":[-93.20235,45.78603]},"properties":{"site":60567,"st":"MN","n":14,"classes":{"leaves":10,"fruits":4},"weeks":[{"w":"2026-09-22","yes":{"leaves":6,"fruits":2},"obs":{"leaves":9,"flowers":7,"fruits":2},"sp":{"leaves":{"Virginia creeper":4,"Canada thistle":1,"stinging nettle":1},"fruits":{"Virginia creeper":2}}},{"w":"2026-09-15","yes":{"leaves":4,"fruits":2},"obs":{"leaves":5,"flowers":7,"fruits":4},"sp":{"leaves":{"Virginia creeper":2,"Canada thistle":1,"stinging nettle":1},"fruits":{"Virginia creeper":2}}}]}},{"type":"Feature","geometry":{"type":"Point","coordinates":[-73.765,43.22071]},"properties":{"site":60568,"st":"NY","n":2,"classes":{"leaves":2},"weeks":[{"w":"2026-10-06","yes":{"leaves":2},"obs":{"leaves":4,"flowers":2,"fruits":2},"sp":{"leaves":{"sugar maple":2}}}]}},{"type":"Feature","geometry":{"type":"Point","coordinates":[-78.68195,35.78505]},"properties":{"site":60569,"st":"NC","n":31,"classes":{"leaves":26,"fruits":5},"weeks":[{"w":"2026-10-06","yes":{"leaves":8,"fruits":1},"obs":{"leaves":16,"flowers":12,"fruits":11},"sp":{"leaves":{"white oak":3,"red maple":2,"scarlet oak":2,"Norway maple":1},"fruits":{"scarlet oak":1}}},{"w":"2026-09-29","yes":{"leaves":6,"fruits":1},"obs":{"leaves":16,"flowers":12,"fruits":11},"sp":{"leaves":{"red maple":2,"white oak":2,"scarlet oak":1,"Norway maple":1},"fruits":{"scarlet oak":1}}},{"w":"2026-09-22","yes":{"leaves":5,"fruits":1},"obs":{"leaves":16,"flowers":12,"fruits":11},"sp":{"leaves":{"red maple":2,"white oak":1,"scarlet oak":1,"Norway maple":1},"fruits":{"scarlet oak":1}}},{"w":"2026-09-08","yes":{"leaves":7,"fruits":2},"obs":{"leaves":16,"flowers":12,"fruits":11},"sp":{"leaves":{"red maple":2,"white oak":2,"scarlet oak":2,"Norway maple":1},"fruits":{"scarlet oak":2}}}]}},{"type":"Feature","geometry":{"type":"Point","coordinates":[-74.00597,40.71278]},"properties":{"site":60570,"st":"NY","n":2,"classes":{"leaves":1,"fruits":1},"weeks":[{"w":"2026-09-15","yes":{"leaves":1,"fruits":1},"obs":{"leaves":5,"flowers":2,"fruits":3},"sp":{"leaves":{"maidenhair tree":1},"fruits":{"maidenhair tree":1}}}]}},{"type":"Feature","geometry":{"type":"Point","coordinates":[-71.26508,42.36578]},"properties":{"site":60573,"st":"MA","n":31,"classes":{"leaves":27,"flowers":2,"fruits":2},"weeks":[{"w":"2026-10-06","yes":{"leaves":5},"obs":{"leaves":10,"flowers":5,"fruits":5},"sp":{"leaves":{"hophornbeam":3,"mapleleaf viburnum":2}}},{"w":"2026-09-15","yes":{"leaves":22,"flowers":2,"fruits":2},"obs":{"leaves":55,"flowers":29,"fruits":34},"sp":{"leaves":{"hophornbeam":6,"sweet birch":6,"mapleleaf viburnum":2,"lowbush blueberry":2,"American beech":2},"flowers":{"white wood aster":2},"fruits":{"mapleleaf viburnum":2}}}]}},{"type":"Feature","geometry":{"type":"Point","coordinates":[-82.69462,35.65859]},"properties":{"site":60574,"st":"NC","n":9,"classes":{"leaves":5,"flowers":2,"fruits":2},"weeks":[{"w":"2026-09-29","yes":{"leaves":5,"flowers":2,"fruits":2},"obs":{"leaves":10,"flowers":4,"fruits":6},"sp":{"leaves":{"flowering dogwood":3,"eastern redbud":2},"flowers":{"flowering dogwood":2},"fruits":{"flowering dogwood":2}}}]}},{"type":"Feature","geometry":{"type":"Point","coordinates":[-103.93193,44.48159]},"properties":{"site":60576,"st":"SD","n":46,"classes":{"leaves":17,"fruits":8,"birds":20,"flowers":1},"weeks":[{"w":"2026-09-29","yes":{"leaves":8,"fruits":6,"birds":10},"obs":{"leaves":14,"flowers":11,"fruits":12,"birds":14},"sp":{"leaves":{"quaking aspen":6,"ponderosa pine":2},"fruits":{"ponderosa pine":6},"birds":{"American robin":10}}},{"w":"2026-09-22","yes":{"leaves":4,"fruits":2,"birds":5},"obs":{"leaves":7,"flowers":6,"fruits":6,"birds":7},"sp":{"leaves":{"quaking aspen":3,"ponderosa pine":1},"fruits":{"ponderosa pine":2},"birds":{"American robin":5}}},{"w":"2026-09-15","yes":{"leaves":5,"flowers":1,"birds":5},"obs":{"leaves":5,"flowers":4,"fruits":4,"birds":7},"sp":{"leaves":{"quaking aspen":4,"ponderosa pine":1},"flowers":{"ponderosa pine":1},"birds":{"American robin":5}}}]}},{"type":"Feature","geometry":{"type":"Point","coordinates":[-78.66664,35.78606]},"properties":{"site":60578,"st":"-9999","n":27,"classes":{"leaves":23,"flowers":4},"weeks":[{"w":"2026-09-15","yes":{"leaves":23,"flowers":4},"obs":{"leaves":56,"flowers":36,"fruits":36},"sp":{"leaves":{"willow oak":11,"bald cypress":9,"river birch":3},"flowers":{"bald cypress":4}}}]}},{"type":"Feature","geometry":{"type":"Point","coordinates":[-96.68959,43.48802]},"properties":{"site":60580,"st":"-9999","n":14,"classes":{"leaves":7,"birds":7},"weeks":[{"w":"2026-09-22","yes":{"leaves":7,"birds":7},"obs":{"leaves":20,"flowers":10,"fruits":12,"birds":21},"sp":{"leaves":{"silver maple":4,"honeylocust":3},"birds":{"American robin":5,"blue jay":2}}},{"w":"2026-09-15","yes":{},"obs":{"leaves":10,"flowers":5,"fruits":6,"birds":14},"sp":{}}]}},{"type":"Feature","geometry":{"type":"Point","coordinates":[-79.04984,38.12342]},"properties":{"site":60582,"st":"VA","n":2,"classes":{"leaves":2},"weeks":[{"w":"2026-09-15","yes":{"leaves":2},"obs":{"leaves":4,"flowers":2},"sp":{"leaves":{"sweetgum":2}}}]}},{"type":"Feature","geometry":{"type":"Point","coordinates":[-78.6624,35.7849]},"properties":{"site":60586,"st":"-9999","n":3,"classes":{"leaves":3},"weeks":[{"w":"2026-09-15","yes":{"leaves":3},"obs":{"leaves":15,"flowers":8,"fruits":9},"sp":{"leaves":{"willow oak":1,"red maple":1,"American beech":1}}}]}},{"type":"Feature","geometry":{"type":"Point","coordinates":[-78.67243,35.78419]},"properties":{"site":60593,"st":"-9999","n":29,"classes":{"flowers":10,"fruits":13,"leaves":6},"weeks":[{"w":"2026-10-06","yes":{"flowers":2,"fruits":4},"obs":{"leaves":2,"flowers":5,"fruits":6},"sp":{"flowers":{"loblolly pine":2},"fruits":{"loblolly pine":4}}},{"w":"2026-09-22","yes":{"leaves":2,"flowers":4,"fruits":6},"obs":{"leaves":4,"flowers":6,"fruits":6},"sp":{"leaves":{"loblolly pine":2},"flowers":{"loblolly pine":4},"fruits":{"loblolly pine":6}}},{"w":"2026-09-15","yes":{"leaves":4,"flowers":4,"fruits":3},"obs":{"leaves":4,"flowers":6,"fruits":6},"sp":{"leaves":{"loblolly pine":4},"flowers":{"loblolly pine":4},"fruits":{"loblolly pine":3}}}]}},{"type":"Feature","geometry":{"type":"Point","coordinates":[-78.67667,35.78568]},"properties":{"site":60594,"st":"-9999","n":19,"classes":{"leaves":18,"flowers":1},"weeks":[{"w":"2026-10-06","yes":{"leaves":6},"obs":{"leaves":10,"flowers":5,"fruits":6},"sp":{"leaves":{"willow oak":3,"Japanese zelkova":3}}},{"w":"2026-09-22","yes":{"leaves":5},"obs":{"leaves":10,"flowers":5,"fruits":6},"sp":{"leaves":{"Japanese zelkova":3,"willow oak":2}}},{"w":"2026-09-15","yes":{"leaves":7,"flowers":1},"obs":{"leaves":10,"flowers":5,"fruits":6},"sp":{"leaves":{"willow oak":4,"Japanese zelkova":3},"flowers":{"willow oak":1}}}]}},{"type":"Feature","geometry":{"type":"Point","coordinates":[-110.86221,32.25389]},"properties":{"site":60595,"st":"AZ","n":38,"classes":{"leaves":6,"flowers":15,"fruits":17},"weeks":[{"w":"2026-09-22","yes":{"leaves":3,"flowers":5,"fruits":8},"obs":{"leaves":6,"flowers":12,"fruits":18},"sp":{"leaves":{"creosote bush":2,"desert willow":1},"flowers":{"California barrel cactus":5},"fruits":{"California barrel cactus":4,"desert willow":3,"creosote bush":1}}},{"w":"2026-09-15","yes":{"leaves":3,"flowers":10,"fruits":9},"obs":{"leaves":6,"flowers":12,"fruits":17},"sp":{"leaves":{"creosote bush":2,"desert willow":1},"flowers":{"California barrel cactus":6,"desert willow":2,"creosote bush":2},"fruits":{"California barrel cactus":4,"creosote bush":3,"desert willow":2}}}]}},{"type":"Feature","geometry":{"type":"Point","coordinates":[-79.06261,38.11807]},"properties":{"site":60596,"st":"VA","n":5,"classes":{"birds":5},"weeks":[{"w":"2026-09-15","yes":{"birds":5},"obs":{"birds":5},"sp":{"birds":{"blue jay":5}}}]}},{"type":"Feature","geometry":{"type":"Point","coordinates":[-78.63818,35.77959]},"properties":{"site":60598,"st":"-9999","n":29,"classes":{"leaves":29},"weeks":[{"w":"2026-09-22","yes":{"leaves":17},"obs":{"leaves":20,"flowers":10,"fruits":11},"sp":{"leaves":{"American beech":9,"American hornbeam":4,"red maple":4}}},{"w":"2026-09-15","yes":{"leaves":12},"obs":{"leaves":20,"flowers":10,"fruits":12},"sp":{"leaves":{"American beech":5,"American hornbeam":4,"red maple":3}}}]}},{"type":"Feature","geometry":{"type":"Point","coordinates":[-71.43473,41.84331]},"properties":{"site":60601,"st":"RI","n":1,"classes":{"leaves":1},"weeks":[{"w":"2026-09-15","yes":{"leaves":1},"obs":{"leaves":5,"flowers":2,"fruits":3},"sp":{"leaves":{"Japanese flowering cherry":1}}}]}},{"type":"Feature","geometry":{"type":"Point","coordinates":[-112.5571,33.4765]},"properties":{"site":60606,"st":"-9999","n":4,"classes":{"leaves":2,"flowers":2},"weeks":[{"w":"2026-09-22","yes":{},"obs":{"leaves":2,"flowers":2,"fruits":3},"sp":{}},{"w":"2026-09-15","yes":{"leaves":2,"flowers":2},"obs":{"leaves":4,"flowers":4,"fruits":6},"sp":{"leaves":{"'ohi'a lehua":2},"flowers":{"'ohi'a lehua":2}}}]}},{"type":"Feature","geometry":{"type":"Point","coordinates":[-75.70571,40.66942]},"properties":{"site":60608,"st":"-9999","n":24,"classes":{"flowers":14,"leaves":10},"weeks":[{"w":"2026-10-06","yes":{"flowers":2},"obs":{"flowers":2},"sp":{"flowers":{"common sunflower":2}}},{"w":"2026-09-29","yes":{"flowers":6},"obs":{"flowers":6},"sp":{"flowers":{"common sunflower":5,"great blue lobelia":1}}},{"w":"2026-09-22","yes":{"flowers":4},"obs":{"flowers":4},"sp":{"flowers":{"common sunflower":4}}},{"w":"2026-09-15","yes":{"leaves":10,"flowers":2},"obs":{"leaves":10,"flowers":2},"sp":{"leaves":{"common sunflower":8,"great blue lobelia":2},"flowers":{"great blue lobelia":2}}}]}},{"type":"Feature","geometry":{"type":"Point","coordinates":[-80.42024,37.22566]},"properties":{"site":60609,"st":"VA","n":52,"classes":{"leaves":44,"flowers":8},"weeks":[{"w":"2026-09-29","yes":{"leaves":12,"flowers":2},"obs":{"leaves":15,"flowers":7,"fruits":9},"sp":{"leaves":{"mountain magnolia":8,"red maple":4},"flowers":{"mountain magnolia":2}}},{"w":"2026-09-22","yes":{"leaves":22,"flowers":4},"obs":{"leaves":30,"flowers":14,"fruits":18},"sp":{"leaves":{"mountain magnolia":14,"red maple":8},"flowers":{"mountain magnolia":4}}},{"w":"2026-09-15","yes":{"leaves":10,"flowers":2},"obs":{"leaves":14,"flowers":7,"fruits":9},"sp":{"leaves":{"mountain magnolia":7,"red maple":3},"flowers":{"mountain magnolia":2}}}]}},{"type":"Feature","geometry":{"type":"Point","coordinates":[-109.70763,32.82041]},"properties":{"site":60610,"st":"-9999","n":11,"classes":{"leaves":9,"flowers":1,"fruits":1},"weeks":[{"w":"2026-09-15","yes":{"leaves":9,"flowers":1,"fruits":1},"obs":{"leaves":15,"flowers":9,"fruits":12},"sp":{"leaves":{"Arizona white oak":5,"alpine bearberry":4},"flowers":{"Arizona white oak":1},"fruits":{"desert agave":1}}}]}},{"type":"Feature","geometry":{"type":"Point","coordinates":[-80.4228,37.2261]},"properties":{"site":60611,"st":"-9999","n":5,"classes":{"leaves":4,"fruits":1},"weeks":[{"w":"2026-09-15","yes":{"leaves":4,"fruits":1},"obs":{"leaves":10,"flowers":4,"fruits":7},"sp":{"leaves":{"red maple":2,"Kentucky yellowwood":2},"fruits":{"eastern hemlock":1}}}]}},{"type":"Feature","geometry":{"type":"Point","coordinates":[-80.4239,37.2263]},"properties":{"site":60612,"st":"-9999","n":33,"classes":{"leaves":33},"weeks":[{"w":"2026-10-06","yes":{"leaves":6},"obs":{"leaves":15,"flowers":9,"fruits":9},"sp":{"leaves":{"red maple":2,"northern red oak":2,"sugar maple":2}}},{"w":"2026-09-29","yes":{"leaves":12},"obs":{"leaves":30,"flowers":18,"fruits":18},"sp":{"leaves":{"red maple":4,"northern red oak":4,"sugar maple":4}}},{"w":"2026-09-22","yes":{"leaves":11},"obs":{"leaves":30,"flowers":18,"fruits":18},"sp":{"leaves":{"red maple":4,"northern red oak":4,"sugar maple":3}}},{"w":"2026-09-15","yes":{"leaves":4},"obs":{"leaves":15,"flowers":9,"fruits":9},"sp":{"leaves":{"red maple":2,"northern red oak":1,"sugar maple":1}}}]}},{"type":"Feature","geometry":{"type":"Point","coordinates":[-70.6634,42.67384]},"properties":{"site":60614,"st":"MA","n":3,"classes":{"leaves":1,"fruits":2},"weeks":[{"w":"2026-09-15","yes":{"leaves":1,"fruits":2},"obs":{"leaves":5,"flowers":2,"fruits":3},"sp":{"leaves":{"beach plum":1},"fruits":{"beach plum":2}}}]}},{"type":"Feature","geometry":{"type":"Point","coordinates":[-77.00712,42.77405]},"properties":{"site":60617,"st":"NY","n":15,"classes":{"leaves":15},"weeks":[{"w":"2026-10-06","yes":{"leaves":5},"obs":{"leaves":10,"flowers":6,"fruits":6},"sp":{"leaves":{"sugar maple":3,"eastern cottonwood":2}}},{"w":"2026-09-29","yes":{"leaves":10},"obs":{"leaves":17,"flowers":12,"fruits":12},"sp":{"leaves":{"sugar maple":5,"eastern cottonwood":5}}}]}},{"type":"Feature","geometry":{"type":"Point","coordinates":[-80.475,36.25815]},"properties":{"site":60618,"st":"NC","n":3,"classes":{"birds":3},"weeks":[{"w":"2026-09-15","yes":{"birds":3},"obs":{"birds":7},"sp":{"birds":{"tufted titmouse":3}}}]}},{"type":"Feature","geometry":{"type":"Point","coordinates":[-85.00362,37.67815]},"properties":{"site":60620,"st":"-9999","n":5,"classes":{"leaves":3,"fruits":2},"weeks":[{"w":"2026-09-15","yes":{"leaves":3,"fruits":2},"obs":{"leaves":6,"flowers":3,"fruits":2},"sp":{"leaves":{"Shumard's oak":2,"common hackberry":1},"fruits":{"Shumard's oak":2}}}]}},{"type":"Feature","geometry":{"type":"Point","coordinates":[-93.26813,45.40301]},"properties":{"site":60621,"st":"-9999","n":28,"classes":{"leaves":27,"flowers":1},"weeks":[{"w":"2026-10-06","yes":{"leaves":4},"obs":{"leaves":7,"flowers":4,"fruits":6},"sp":{"leaves":{"boxelder":3,"orange daylily":1}}},{"w":"2026-09-29","yes":{"leaves":6,"flowers":1},"obs":{"leaves":12,"flowers":8,"fruits":9},"sp":{"leaves":{"green ash":5,"orange daylily":1},"flowers":{"green ash":1}}},{"w":"2026-09-22","yes":{"leaves":9},"obs":{"leaves":19,"flowers":13,"fruits":15},"sp":{"leaves":{"boxelder":4,"green ash":3,"orange daylily":2}}},{"w":"2026-09-15","yes":{"leaves":8},"obs":{"leaves":14,"flowers":10,"fruits":12},"sp":{"leaves":{"boxelder":6,"orange daylily":2}}}]}},{"type":"Feature","geometry":{"type":"Point","coordinates":[-80.4244,37.2263]},"properties":{"site":60622,"st":"VA","n":24,"classes":{"leaves":19,"fruits":5},"weeks":[{"w":"2026-09-29","yes":{"leaves":8,"fruits":2},"obs":{"leaves":30,"flowers":18,"fruits":18},"sp":{"leaves":{"red maple":4,"white oak":2,"American elm":2},"fruits":{"white oak":2}}},{"w":"2026-09-22","yes":{"leaves":8,"fruits":2},"obs":{"leaves":30,"flowers":18,"fruits":18},"sp":{"leaves":{"red maple":4,"white oak":2,"American elm":2},"fruits":{"white oak":2}}},{"w":"2026-09-15","yes":{"leaves":3,"fruits":1},"obs":{"leaves":15,"flowers":9,"fruits":9},"sp":{"leaves":{"red maple":1,"white oak":1,"American elm":1},"fruits":{"white oak":1}}}]}},{"type":"Feature","geometry":{"type":"Point","coordinates":[-71.4375,41.8434]},"properties":{"site":60625,"st":"RI","n":4,"classes":{"leaves":3,"fruits":1},"weeks":[{"w":"2026-09-29","yes":{"leaves":1,"fruits":1},"obs":{"leaves":2,"flowers":3,"fruits":3},"sp":{"leaves":{"Japanese yew":1},"fruits":{"Japanese yew":1}}},{"w":"2026-09-22","yes":{"leaves":2},"obs":{"leaves":4,"flowers":6,"fruits":6},"sp":{"leaves":{"Japanese yew":2}}}]}},{"type":"Feature","geometry":{"type":"Point","coordinates":[-78.63818,35.77959]},"properties":{"site":60627,"st":"NC","n":14,"classes":{"leaves":7,"fruits":7},"weeks":[{"w":"2026-09-29","yes":{"leaves":5,"fruits":7},"obs":{"leaves":15,"flowers":11,"fruits":12},"sp":{"leaves":{"southern red oak":2,"sugar maple":2,"Shumard's oak":1},"fruits":{"willow oak":3,"sugar maple":2,"Shumard's oak":2}}},{"w":"2026-09-15","yes":{"leaves":2},"obs":{"leaves":10,"flowers":6,"fruits":6},"sp":{"leaves":{"willow oak":1,"Shumard's oak":1}}}]}},{"type":"Feature","geometry":{"type":"Point","coordinates":[-78.67742,35.78603]},"properties":{"site":60629,"st":"-9999","n":2,"classes":{"leaves":2},"weeks":[{"w":"2026-09-15","yes":{"leaves":2},"obs":{"leaves":4,"flowers":3,"fruits":2},"sp":{"leaves":{"willow oak":2}}}]}},{"type":"Feature","geometry":{"type":"Point","coordinates":[-112.4522,33.5698]},"properties":{"site":60631,"st":"-9999","n":1,"classes":{"flowers":1},"weeks":[{"w":"2026-09-15","yes":{"flowers":1},"obs":{"leaves":1,"flowers":1},"sp":{"flowers":{"'ohi'a lehua":1}}}]}},{"type":"Feature","geometry":{"type":"Point","coordinates":[-78.78374,43.00896]},"properties":{"site":60633,"st":"-9999","n":51,"classes":{"leaves":35,"flowers":16},"weeks":[{"w":"2026-09-29","yes":{"leaves":17,"flowers":8},"obs":{"leaves":17,"flowers":9,"fruits":9},"sp":{"leaves":{"black locust":10,"red maple":7},"flowers":{"red maple":4,"black locust":4}}},{"w":"2026-09-22","yes":{"leaves":18,"flowers":8},"obs":{"leaves":18,"flowers":9,"fruits":9},"sp":{"leaves":{"black locust":10,"red maple":8},"flowers":{"red maple":4,"black locust":4}}}]}},{"type":"Feature","geometry":{"type":"Point","coordinates":[-78.67689,35.78655]},"properties":{"site":60636,"st":"-9999","n":1,"classes":{"flowers":1},"weeks":[{"w":"2026-09-22","yes":{"flowers":1},"obs":{"leaves":2,"flowers":2,"fruits":3},"sp":{"flowers":{"southern magnolia":1}}}]}},{"type":"Feature","geometry":{"type":"Point","coordinates":[-75.60716,38.34664]},"properties":{"site":60639,"st":"MD","n":20,"classes":{"leaves":10,"fruits":10},"weeks":[{"w":"2026-10-06","yes":{"leaves":6,"fruits":6},"obs":{"leaves":10,"flowers":6,"fruits":6},"sp":{"leaves":{"willow oak":6},"fruits":{"willow oak":6}}},{"w":"2026-09-29","yes":{"leaves":2,"fruits":3},"obs":{"leaves":5,"flowers":3,"fruits":3},"sp":{"leaves":{"willow oak":2},"fruits":{"willow oak":3}}},{"w":"2026-09-22","yes":{"leaves":2,"fruits":1},"obs":{"leaves":5,"flowers":3,"fruits":3},"sp":{"leaves":{"willow oak":2},"fruits":{"willow oak":1}}}]}},{"type":"Feature","geometry":{"type":"Point","coordinates":[-75.60599,38.3458]},"properties":{"site":60640,"st":"-9999","n":17,"classes":{"leaves":6,"flowers":5,"fruits":6},"weeks":[{"w":"2026-09-29","yes":{"leaves":3,"flowers":2,"fruits":3},"obs":{"leaves":10,"flowers":4,"fruits":6},"sp":{"leaves":{"flowering dogwood":3},"flowers":{"flowering dogwood":2},"fruits":{"flowering dogwood":3}}},{"w":"2026-09-22","yes":{"leaves":3,"flowers":3,"fruits":3},"obs":{"leaves":9,"flowers":4,"fruits":4},"sp":{"leaves":{"flowering dogwood":3},"flowers":{"flowering dogwood":3},"fruits":{"flowering dogwood":3}}}]}},{"type":"Feature","geometry":{"type":"Point","coordinates":[-78.6785,35.7867]},"properties":{"site":60642,"st":"-9999","n":7,"classes":{"leaves":7},"weeks":[{"w":"2026-09-29","yes":{"leaves":7},"obs":{"leaves":15,"flowers":9,"fruits":9},"sp":{"leaves":{"northern red oak":5,"Norway maple":2}}}]}},{"type":"Feature","geometry":{"type":"Point","coordinates":[-78.671,35.7839]},"properties":{"site":60643,"st":"-9999","n":3,"classes":{"leaves":3},"weeks":[{"w":"2026-09-29","yes":{"leaves":1},"obs":{"leaves":5,"flowers":3,"fruits":3},"sp":{"leaves":{"willow oak":1}}},{"w":"2026-09-22","yes":{"leaves":2},"obs":{"leaves":8,"flowers":6,"fruits":6},"sp":{"leaves":{"willow oak":1,"black walnut":1}}}]}},{"type":"Feature","geometry":{"type":"Point","coordinates":[-76.9482,38.98687]},"properties":{"site":60644,"st":"-9999","n":26,"classes":{"leaves":17,"flowers":8,"fruits":1},"weeks":[{"w":"2026-09-29","yes":{"leaves":8,"flowers":4},"obs":{"leaves":9,"flowers":7,"fruits":9},"sp":{"leaves":{"red maple":4,"common evening primrose":2,"white snakeroot":2},"flowers":{"common evening primrose":2,"white snakeroot":2}}},{"w":"2026-09-22","yes":{"leaves":9,"flowers":4,"fruits":1},"obs":{"leaves":9,"flowers":7,"fruits":9},"sp":{"leaves":{"red maple":5,"common evening primrose":2,"white snakeroot":2},"flowers":{"common evening primrose":2,"white snakeroot":2},"fruits":{"white snakeroot":1}}}]}},{"type":"Feature","geometry":{"type":"Point","coordinates":[-111.91283,33.41973]},"properties":{"site":60645,"st":"AZ","n":37,"classes":{"leaves":35,"fruits":2},"weeks":[{"w":"2026-10-06","yes":{"leaves":12,"fruits":1},"obs":{"leaves":20,"flowers":14,"fruits":12},"sp":{"leaves":{"Siberian elm":4,"yellow paloverde":3,"white ash":2,"live oak":2,"white mulberry":1},"fruits":{"white mulberry":1}}},{"w":"2026-09-22","yes":{"leaves":11,"fruits":1},"obs":{"leaves":21,"flowers":14,"fruits":12},"sp":{"leaves":{"Siberian elm":3,"yellow paloverde":3,"white ash":2,"live oak":2,"white mulberry":1},"fruits":{"white mulberry":1}}},{"w":"2026-09-15","yes":{"leaves":12},"obs":{"leaves":13,"flowers":8,"fruits":9},"sp":{"leaves":{"live oak":4,"Siberian elm":4,"yellow paloverde":4}}}]}},{"type":"Feature","geometry":{"type":"Point","coordinates":[-93.14549,45.1624]},"properties":{"site":60648,"st":"MN","n":11,"classes":{"leaves":11},"weeks":[{"w":"2026-09-29","yes":{"leaves":6},"obs":{"leaves":7,"flowers":4,"fruits":6},"sp":{"leaves":{"Amur honeysuckle":5,"varigated yellow pond-lily":1}}},{"w":"2026-09-22","yes":{"leaves":5},"obs":{"leaves":7,"flowers":4,"fruits":6},"sp":{"leaves":{"Amur honeysuckle":4,"varigated yellow pond-lily":1}}}]}},{"type":"Feature","geometry":{"type":"Point","coordinates":[-90.82986,43.50695]},"properties":{"site":60650,"st":"WI","n":108,"classes":{"fruits":8,"insects":32,"birds":68},"weeks":[{"w":"2026-10-06","yes":{"fruits":4,"insects":2,"birds":7},"obs":{"leaves":8,"flowers":8,"fruits":12,"insects":55,"birds":81},"sp":{"fruits":{"butterfly milkweed":3,"common milkweed":1},"insects":{"bumblebee":2},"birds":{"American goldfinch":3,"American robin":2,"blue jay":2}}},{"w":"2026-09-29","yes":{"fruits":4,"insects":12,"birds":52},"obs":{"leaves":8,"flowers":8,"fruits":12,"insects":165,"birds":258},"sp":{"fruits":{"butterfly milkweed":3,"common milkweed":1},"insects":{"bumblebee":6,"monarch":5,"black swallowtail":1},"birds":{"ruby-throated hummingbird":13,"American goldfinch":11,"blue jay":8,"grey catbird":6,"northern cardinal":4}}},{"w":"2026-09-22","yes":{"insects":5},"obs":{"insects":12},"sp":{"insects":{"monarch":5}}},{"w":"2026-09-15","yes":{"insects":13,"birds":9},"obs":{"insects":32,"birds":9},"sp":{"insects":{"monarch":10,"common buckeye":3},"birds":{"ruby-throated hummingbird":5,"Baltimore oriole":4}}}]}},{"type":"Feature","geometry":{"type":"Point","coordinates":[-93.17667,45.37678]},"properties":{"site":60651,"st":"MN","n":12,"classes":{"leaves":6,"fruits":6},"weeks":[{"w":"2026-09-22","yes":{"leaves":4,"fruits":3},"obs":{"leaves":10,"flowers":6,"fruits":6},"sp":{"leaves":{"silver maple":2,"northern red oak":2},"fruits":{"northern red oak":3}}},{"w":"2026-09-15","yes":{"leaves":2,"fruits":3},"obs":{"leaves":10,"flowers":6,"fruits":6},"sp":{"leaves":{"silver maple":1,"northern red oak":1},"fruits":{"northern red oak":3}}}]}},{"type":"Feature","geometry":{"type":"Point","coordinates":[-78.6778,35.78613]},"properties":{"site":60658,"st":"-9999","n":23,"classes":{"leaves":23},"weeks":[{"w":"2026-10-06","yes":{"leaves":11},"obs":{"leaves":20,"flowers":12,"fruits":12},"sp":{"leaves":{"bur oak":5,"willow oak":3,"red maple":3}}},{"w":"2026-09-29","yes":{"leaves":10},"obs":{"leaves":25,"flowers":15,"fruits":15},"sp":{"leaves":{"willow oak":3,"bur oak":3,"red maple":2,"sugar maple":2}}},{"w":"2026-09-22","yes":{"leaves":2},"obs":{"leaves":4,"flowers":3,"fruits":3},"sp":{"leaves":{"willow oak":2}}}]}},{"type":"Feature","geometry":{"type":"Point","coordinates":[-80.428,37.22514]},"properties":{"site":60659,"st":"VA","n":5,"classes":{"leaves":5},"weeks":[{"w":"2026-09-22","yes":{"leaves":5},"obs":{"leaves":13,"flowers":9,"fruits":9},"sp":{"leaves":{"river birch":2,"sugar maple":2,"red maple":1}}}]}},{"type":"Feature","geometry":{"type":"Point","coordinates":[-71.3825,42.5856]},"properties":{"site":60660,"st":"-9999","n":1,"classes":{"leaves":1},"weeks":[{"w":"2026-09-22","yes":{"leaves":1},"obs":{"leaves":1},"sp":{"leaves":{"black locust":1}}}]}},{"type":"Feature","geometry":{"type":"Point","coordinates":[-98.2181,44.3578]},"properties":{"site":60661,"st":"-9999","n":21,"classes":{"leaves":17,"flowers":1,"birds":3},"weeks":[{"w":"2026-10-06","yes":{"leaves":6},"obs":{"leaves":10,"flowers":6,"fruits":6},"sp":{"leaves":{"bur oak":3,"eastern cottonwood":3}}},{"w":"2026-09-29","yes":{"leaves":6},"obs":{"leaves":10,"flowers":6,"fruits":6},"sp":{"leaves":{"bur oak":3,"eastern cottonwood":3}}},{"w":"2026-09-22","yes":{"leaves":5,"flowers":1,"birds":3},"obs":{"leaves":12,"flowers":9,"fruits":9,"birds":7},"sp":{"leaves":{"bur oak":3,"eastern cottonwood":1,"big bluestem":1},"flowers":{"big bluestem":1},"birds":{"American robin":3}}}]}},{"type":"Feature","geometry":{"type":"Point","coordinates":[-75.6067,38.343]},"properties":{"site":60663,"st":"-9999","n":0,"classes":{},"weeks":[{"w":"2026-09-22","yes":{},"obs":{"leaves":2,"flowers":1},"sp":{}}]}},{"type":"Feature","geometry":{"type":"Point","coordinates":[-78.678,35.7863]},"properties":{"site":60667,"st":"-9999","n":14,"classes":{"leaves":10,"fruits":3,"flowers":1},"weeks":[{"w":"2026-09-29","yes":{"leaves":4,"fruits":1},"obs":{"leaves":12,"flowers":7,"fruits":9},"sp":{"leaves":{"willow oak":2,"American beech":2},"fruits":{"southern magnolia":1}}},{"w":"2026-09-22","yes":{"leaves":6,"flowers":1,"fruits":2},"obs":{"leaves":17,"flowers":10,"fruits":12},"sp":{"leaves":{"willow oak":2,"American beech":2,"white oak":2},"flowers":{"American beech":1},"fruits":{"southern magnolia":1,"white oak":1}}}]}},{"type":"Feature","geometry":{"type":"Point","coordinates":[-78.67567,35.78168]},"properties":{"site":60670,"st":"-9999","n":6,"classes":{"leaves":6},"weeks":[{"w":"2026-09-29","yes":{"leaves":3},"obs":{"leaves":5,"flowers":2,"fruits":3},"sp":{"leaves":{"Kousa dogwood":3}}},{"w":"2026-09-22","yes":{"leaves":3},"obs":{"leaves":5,"flowers":2,"fruits":3},"sp":{"leaves":{"Kousa dogwood":3}}}]}},{"type":"Feature","geometry":{"type":"Point","coordinates":[-78.67602,35.78177]},"properties":{"site":60671,"st":"-9999","n":10,"classes":{"leaves":8,"fruits":2},"weeks":[{"w":"2026-09-29","yes":{"leaves":6},"obs":{"leaves":6,"flowers":3,"fruits":3},"sp":{"leaves":{"willow oak":6}}},{"w":"2026-09-22","yes":{"leaves":2,"fruits":2},"obs":{"leaves":5,"flowers":3,"fruits":3},"sp":{"leaves":{"willow oak":2},"fruits":{"willow oak":2}}}]}},{"type":"Feature","geometry":{"type":"Point","coordinates":[-93.14549,45.1624]},"properties":{"site":60679,"st":"MN","n":25,"classes":{"leaves":25},"weeks":[{"w":"2026-10-06","yes":{"leaves":3},"obs":{"leaves":10,"flowers":6,"fruits":6},"sp":{"leaves":{"red maple":2,"American elm":1}}},{"w":"2026-09-29","yes":{"leaves":15},"obs":{"leaves":40,"flowers":21,"fruits":23},"sp":{"leaves":{"red maple":8,"American elm":7}}},{"w":"2026-09-22","yes":{"leaves":7},"obs":{"leaves":15,"flowers":18,"fruits":18},"sp":{"leaves":{"red maple":6,"American elm":1}}}]}},{"type":"Feature","geometry":{"type":"Point","coordinates":[-93.73255,45.39543]},"properties":{"site":60683,"st":"MN","n":12,"classes":{"leaves":5,"fruits":5,"flowers":2},"weeks":[{"w":"2026-09-22","yes":{"leaves":3,"fruits":2},"obs":{"leaves":7,"flowers":5,"fruits":6},"sp":{"leaves":{"garden tomato":2,"bur oak":1},"fruits":{"garden tomato":2}}},{"w":"2026-09-15","yes":{"leaves":2,"flowers":2,"fruits":3},"obs":{"leaves":7,"flowers":5,"fruits":6},"sp":{"leaves":{"garden tomato":1,"bur oak":1},"flowers":{"garden tomato":2},"fruits":{"garden tomato":3}}}]}},{"type":"Feature","geometry":{"type":"Point","coordinates":[-78.5452,35.72313]},"properties":{"site":60684,"st":"-9999","n":15,"classes":{"leaves":14,"flowers":1},"weeks":[{"w":"2026-10-06","yes":{"leaves":7,"flowers":1},"obs":{"leaves":17,"flowers":11,"fruits":12},"sp":{"leaves":{"autumn olive":3,"willow oak":2,"American elm":2},"flowers":{"American elm":1}}},{"w":"2026-09-29","yes":{"leaves":4},"obs":{"leaves":15,"flowers":8,"fruits":9},"sp":{"leaves":{"American elm":2,"autumn olive":1,"willow oak":1}}},{"w":"2026-09-22","yes":{"leaves":3},"obs":{"leaves":10,"flowers":6,"fruits":6},"sp":{"leaves":{"willow oak":2,"American elm":1}}}]}},{"type":"Feature","geometry":{"type":"Point","coordinates":[-93.24409,45.16936]},"properties":{"site":60685,"st":"-9999","n":8,"classes":{"leaves":8},"weeks":[{"w":"2026-09-22","yes":{"leaves":4},"obs":{"leaves":10,"flowers":6},"sp":{"leaves":{"silver maple":3,"American basswood":1}}},{"w":"2026-09-15","yes":{"leaves":4},"obs":{"leaves":10,"flowers":6,"fruits":1},"sp":{"leaves":{"silver maple":3,"American basswood":1}}}]}},{"type":"Feature","geometry":{"type":"Point","coordinates":[-78.67563,35.78167]},"properties":{"site":60690,"st":"-9999","n":7,"classes":{"leaves":7},"weeks":[{"w":"2026-10-06","yes":{"leaves":7},"obs":{"leaves":26,"flowers":15,"fruits":15},"sp":{"leaves":{"red maple":3,"swamp white oak":2,"bigtooth maple":1,"water oak":1}}}]}},{"type":"Feature","geometry":{"type":"Point","coordinates":[-77.12146,39.05591]},"properties":{"site":60693,"st":"MD","n":12,"classes":{"leaves":6,"fruits":6},"weeks":[{"w":"2026-10-06","yes":{"leaves":3,"fruits":3},"obs":{"leaves":5,"flowers":2,"fruits":3,"birds":6},"sp":{"leaves":{"sweetgum":3},"fruits":{"sweetgum":3}}},{"w":"2026-09-29","yes":{"leaves":3,"fruits":3},"obs":{"leaves":5,"flowers":2,"fruits":3},"sp":{"leaves":{"sweetgum":3},"fruits":{"sweetgum":3}}}]}},{"type":"Feature","geometry":{"type":"Point","coordinates":[-76.93532,38.99275]},"properties":{"site":60696,"st":"-9999","n":4,"classes":{"leaves":2,"fruits":2},"weeks":[{"w":"2026-09-29","yes":{"leaves":1,"fruits":1},"obs":{"leaves":5,"flowers":2,"fruits":3},"sp":{"leaves":{"catclaw mimosa":1},"fruits":{"catclaw mimosa":1}}},{"w":"2026-09-22","yes":{"leaves":1,"fruits":1},"obs":{"leaves":5,"flowers":2,"fruits":3},"sp":{"leaves":{"catclaw mimosa":1},"fruits":{"catclaw mimosa":1}}}]}},{"type":"Feature","geometry":{"type":"Point","coordinates":[-103.8246,44.5001]},"properties":{"site":60699,"st":"-9999","n":3,"classes":{"leaves":3},"weeks":[{"w":"2026-09-22","yes":{"leaves":3},"obs":{"leaves":3},"sp":{"leaves":{"green ash":3}}}]}},{"type":"Feature","geometry":{"type":"Point","coordinates":[-93.32281,45.19597]},"properties":{"site":60703,"st":"MN","n":16,"classes":{"leaves":16},"weeks":[{"w":"2026-09-29","yes":{"leaves":8},"obs":{"leaves":16,"flowers":4,"fruits":12},"sp":{"leaves":{"Norway maple":6,"American elm":2}}},{"w":"2026-09-22","yes":{"leaves":8},"obs":{"leaves":16,"flowers":5,"fruits":12},"sp":{"leaves":{"Norway maple":6,"American elm":2}}}]}},{"type":"Feature","geometry":{"type":"Point","coordinates":[-78.81986,42.95395]},"properties":{"site":60704,"st":"NY","n":3,"classes":{"leaves":2,"flowers":1},"weeks":[{"w":"2026-09-22","yes":{"leaves":2,"flowers":1},"obs":{"leaves":5,"flowers":3,"fruits":3},"sp":{"leaves":{"red maple":2},"flowers":{"red maple":1}}}]}},{"type":"Feature","geometry":{"type":"Point","coordinates":[-73.88612,40.88074]},"properties":{"site":60706,"st":"NY","n":11,"classes":{"leaves":5,"flowers":3,"fruits":3},"weeks":[{"w":"2026-09-29","yes":{"leaves":5,"flowers":3,"fruits":3},"obs":{"leaves":5,"flowers":3,"fruits":3},"sp":{"leaves":{"pin oak":5},"flowers":{"pin oak":3},"fruits":{"pin oak":3}}}]}},{"type":"Feature","geometry":{"type":"Point","coordinates":[-68.0599,44.3376]},"properties":{"site":60707,"st":"-9999","n":146,"classes":{"leaves":142,"fruits":4},"weeks":[{"w":"2026-10-06","yes":{"leaves":71,"fruits":2},"obs":{"leaves":140,"flowers":56,"fruits":84},"sp":{"leaves":{"black chokeberry":47,"common winterberry":24},"fruits":{"black chokeberry":2}}},{"w":"2026-09-22","yes":{"leaves":71,"fruits":2},"obs":{"leaves":129,"flowers":52,"fruits":78},"sp":{"leaves":{"black chokeberry":44,"common winterberry":27},"fruits":{"black chokeberry":2}}}]}},{"type":"Feature","geometry":{"type":"Point","coordinates":[-68.1788,44.3335]},"properties":{"site":60708,"st":"-9999","n":75,"classes":{"leaves":75},"weeks":[{"w":"2026-10-06","yes":{"leaves":40},"obs":{"leaves":80,"flowers":32,"fruits":46},"sp":{"leaves":{"black chokeberry":30,"common winterberry":10}}},{"w":"2026-09-22","yes":{"leaves":35},"obs":{"leaves":80,"flowers":32,"fruits":47},"sp":{"leaves":{"black chokeberry":23,"common winterberry":12}}}]}},{"type":"Feature","geometry":{"type":"Point","coordinates":[-78.67687,35.7859]},"properties":{"site":60709,"st":"-9999","n":29,"classes":{"leaves":25,"fruits":4},"weeks":[{"w":"2026-10-06","yes":{"leaves":14,"fruits":1},"obs":{"leaves":34,"flowers":21,"fruits":21},"sp":{"leaves":{"willow oak":9,"pin oak":4,"red maple":1},"fruits":{"willow oak":1}}},{"w":"2026-09-29","yes":{"leaves":11,"fruits":3},"obs":{"leaves":33,"flowers":17,"fruits":21},"sp":{"leaves":{"willow oak":6,"pin oak":3,"red maple":2},"fruits":{"willow oak":3}}}]}},{"type":"Feature","geometry":{"type":"Point","coordinates":[-78.67354,35.78761]},"properties":{"site":60717,"st":"-9999","n":6,"classes":{"leaves":3,"fruits":3},"weeks":[{"w":"2026-10-06","yes":{"leaves":1,"fruits":1},"obs":{"leaves":5,"flowers":3,"fruits":3},"sp":{"leaves":{"pin oak":1},"fruits":{"pin oak":1}}},{"w":"2026-09-22","yes":{"leaves":2,"fruits":2},"obs":{"leaves":4,"flowers":3,"fruits":3},"sp":{"leaves":{"pin oak":2},"fruits":{"pin oak":2}}}]}},{"type":"Feature","geometry":{"type":"Point","coordinates":[-78.67094,35.78722]},"properties":{"site":60718,"st":"-9999","n":4,"classes":{"leaves":4},"weeks":[{"w":"2026-10-06","yes":{"leaves":2},"obs":{"leaves":10,"flowers":6,"fruits":6},"sp":{"leaves":{"willow oak":1,"pin oak":1}}},{"w":"2026-09-22","yes":{"leaves":2},"obs":{"leaves":4,"flowers":3,"fruits":3},"sp":{"leaves":{"willow oak":2}}}]}},{"type":"Feature","geometry":{"type":"Point","coordinates":[-80.42109,37.22586]},"properties":{"site":60722,"st":"VA","n":27,"classes":{"leaves":27},"weeks":[{"w":"2026-09-22","yes":{"leaves":18},"obs":{"leaves":30,"flowers":14,"fruits":17},"sp":{"leaves":{"American beech":12,"red maple":6}}},{"w":"2026-09-15","yes":{"leaves":9},"obs":{"leaves":15,"flowers":7,"fruits":9},"sp":{"leaves":{"American beech":6,"red maple":3}}}]}},{"type":"Feature","geometry":{"type":"Point","coordinates":[-93.2743,45.1231]},"properties":{"site":60723,"st":"-9999","n":7,"classes":{"leaves":4,"flowers":3},"weeks":[{"w":"2026-09-29","yes":{"leaves":4,"flowers":3},"obs":{"leaves":4,"flowers":4,"fruits":6},"sp":{"leaves":{"spotted joe pye weed":2,"white snakeroot":2},"flowers":{"white snakeroot":2,"spotted joe pye weed":1}}}]}},{"type":"Feature","geometry":{"type":"Point","coordinates":[-118.1185,34.1444]},"properties":{"site":60725,"st":"-9999","n":7,"classes":{"leaves":4,"fruits":3},"weeks":[{"w":"2026-09-29","yes":{"leaves":4,"fruits":3},"obs":{"leaves":5,"flowers":2,"fruits":3},"sp":{"leaves":{"sweetgum":4},"fruits":{"sweetgum":3}}}]}},{"type":"Feature","geometry":{"type":"Point","coordinates":[-118.1163,34.14247]},"properties":{"site":60727,"st":"-9999","n":5,"classes":{"leaves":2,"fruits":3},"weeks":[{"w":"2026-09-29","yes":{"leaves":2,"fruits":3},"obs":{"leaves":5,"flowers":2,"fruits":3},"sp":{"leaves":{"sweetgum":2},"fruits":{"sweetgum":3}}}]}},{"type":"Feature","geometry":{"type":"Point","coordinates":[-118.11601,34.14236]},"properties":{"site":60728,"st":"-9999","n":6,"classes":{"leaves":3,"fruits":3},"weeks":[{"w":"2026-09-29","yes":{"leaves":3,"fruits":3},"obs":{"leaves":5,"flowers":2,"fruits":3},"sp":{"leaves":{"sweetgum":3},"fruits":{"sweetgum":3}}}]}},{"type":"Feature","geometry":{"type":"Point","coordinates":[-118.11583,34.14304]},"properties":{"site":60729,"st":"-9999","n":6,"classes":{"leaves":3,"fruits":3},"weeks":[{"w":"2026-09-29","yes":{"leaves":3,"fruits":3},"obs":{"leaves":3,"flowers":2,"fruits":3},"sp":{"leaves":{"sweetgum":3},"fruits":{"sweetgum":3}}}]}},{"type":"Feature","geometry":{"type":"Point","coordinates":[-68.98644,44.40688]},"properties":{"site":60730,"st":"-9999","n":1,"classes":{"flowers":1},"weeks":[{"w":"2026-10-06","yes":{"flowers":1},"obs":{"flowers":1},"sp":{"flowers":{"common lilac":1}}}]}},{"type":"Feature","geometry":{"type":"Point","coordinates":[-118.11876,34.14395]},"properties":{"site":60732,"st":"CA","n":9,"classes":{"leaves":4,"flowers":2,"fruits":3},"weeks":[{"w":"2026-09-29","yes":{"leaves":4,"flowers":2,"fruits":3},"obs":{"leaves":5,"flowers":2,"fruits":3},"sp":{"leaves":{"sweetgum":4},"flowers":{"sweetgum":2},"fruits":{"sweetgum":3}}}]}},{"type":"Feature","geometry":{"type":"Point","coordinates":[-118.11622,34.1424]},"properties":{"site":60733,"st":"CA","n":7,"classes":{"leaves":4,"fruits":3},"weeks":[{"w":"2026-09-29","yes":{"leaves":4,"fruits":3},"obs":{"leaves":4,"flowers":2,"fruits":3},"sp":{"leaves":{"sweetgum":4},"fruits":{"sweetgum":3}}}]}},{"type":"Feature","geometry":{"type":"Point","coordinates":[-74.01406,40.70285]},"properties":{"site":60734,"st":"-9999","n":6,"classes":{"leaves":2,"flowers":2,"fruits":2},"weeks":[{"w":"2026-10-06","yes":{"leaves":2,"flowers":2,"fruits":2},"obs":{"leaves":2,"flowers":2,"fruits":2},"sp":{"leaves":{"tall blazing star":2},"flowers":{"tall blazing star":2},"fruits":{"tall blazing star":2}}}]}},{"type":"Feature","geometry":{"type":"Point","coordinates":[-76.88305,39.00238]},"properties":{"site":60735,"st":"-9999","n":30,"classes":{"leaves":20,"flowers":7,"birds":3},"weeks":[{"w":"2026-10-06","yes":{"leaves":6,"flowers":2},"obs":{"leaves":13,"flowers":8,"fruits":9,"birds":4},"sp":{"leaves":{"northern catalpa":3,"live oak":3},"flowers":{"Altai fescue":2}}},{"w":"2026-09-29","yes":{"leaves":3,"flowers":2,"birds":2},"obs":{"leaves":13,"flowers":8,"fruits":9,"birds":4},"sp":{"leaves":{"live oak":2,"northern catalpa":1},"flowers":{"Altai fescue":2},"birds":{"Canada goose":2}}},{"w":"2026-09-22","yes":{"leaves":11,"flowers":3,"birds":1},"obs":{"leaves":13,"flowers":8,"fruits":9,"birds":4},"sp":{"leaves":{"live oak":6,"northern catalpa":5},"flowers":{"Altai fescue":2,"live oak":1},"birds":{"Canada goose":1}}}]}},{"type":"Feature","geometry":{"type":"Point","coordinates":[-118.11876,34.14395]},"properties":{"site":60736,"st":"CA","n":8,"classes":{"leaves":3,"flowers":2,"fruits":3},"weeks":[{"w":"2026-09-29","yes":{"leaves":3,"flowers":2,"fruits":3},"obs":{"leaves":5,"flowers":2,"fruits":3},"sp":{"leaves":{"sweetgum":3},"flowers":{"sweetgum":2},"fruits":{"sweetgum":3}}}]}},{"type":"Feature","geometry":{"type":"Point","coordinates":[-122.27675,38.18089]},"properties":{"site":60738,"st":"CA","n":7,"classes":{"flowers":1,"fruits":6},"weeks":[{"w":"2026-10-06","yes":{"flowers":1,"fruits":6},"obs":{"leaves":2,"flowers":8,"fruits":6},"sp":{"flowers":{"hardstem bulrush":1},"fruits":{"California live oak":6}}}]}},{"type":"Feature","geometry":{"type":"Point","coordinates":[-119.86645,34.42135]},"properties":{"site":60747,"st":"-9999","n":6,"classes":{"flowers":3,"fruits":3},"weeks":[{"w":"2026-09-29","yes":{"flowers":3,"fruits":3},"obs":{"leaves":3,"flowers":6,"fruits":6},"sp":{"flowers":{"coyotebrush":2,"California live oak":1},"fruits":{"California live oak":3}}}]}},{"type":"Feature","geometry":{"type":"Point","coordinates":[-93.1124,45.0533]},"properties":{"site":60750,"st":"-9999","n":1,"classes":{"leaves":1},"weeks":[{"w":"2026-10-06","yes":{"leaves":1},"obs":{"leaves":4,"flowers":3,"fruits":3},"sp":{"leaves":{"silver maple":1}}}]}},{"type":"Feature","geometry":{"type":"Point","coordinates":[-93.25656,45.12392]},"properties":{"site":60751,"st":"MN","n":6,"classes":{"fruits":6},"weeks":[{"w":"2026-10-06","yes":{"fruits":3},"obs":{"leaves":2,"flowers":3,"fruits":3},"sp":{"fruits":{"white spruce":3}}},{"w":"2026-09-29","yes":{"fruits":3},"obs":{"leaves":2,"flowers":3,"fruits":3},"sp":{"fruits":{"white spruce":3}}}]}},{"type":"Feature","geometry":{"type":"Point","coordinates":[-93.26217,45.12334]},"properties":{"site":60752,"st":"MN","n":21,"classes":{"leaves":10,"fruits":11},"weeks":[{"w":"2026-10-06","yes":{"leaves":3,"fruits":3},"obs":{"leaves":5,"flowers":3,"fruits":3},"sp":{"leaves":{"green ash":3},"fruits":{"green ash":3}}},{"w":"2026-09-29","yes":{"leaves":7,"fruits":8},"obs":{"leaves":15,"flowers":8,"fruits":9},"sp":{"leaves":{"green ash":6,"common pricklyash":1},"fruits":{"green ash":6,"common pricklyash":2}}}]}},{"type":"Feature","geometry":{"type":"Point","coordinates":[-82.6942,35.60484]},"properties":{"site":60756,"st":"NC","n":16,"classes":{"leaves":12,"flowers":1,"fruits":3},"weeks":[{"w":"2026-10-06","yes":{"leaves":8,"flowers":1,"fruits":2},"obs":{"leaves":19,"flowers":10,"fruits":11},"sp":{"leaves":{"eastern redbud":3,"red maple":3,"American witchhazel":1,"jack in the pulpit":1},"flowers":{"American witchhazel":1},"fruits":{"jack in the pulpit":2}}},{"w":"2026-09-29","yes":{"leaves":4,"fruits":1},"obs":{"leaves":10,"flowers":5,"fruits":6},"sp":{"leaves":{"red maple":3,"eastern redbud":1},"fruits":{"eastern redbud":1}}}]}},{"type":"Feature","geometry":{"type":"Point","coordinates":[-93.32677,44.82954]},"properties":{"site":60758,"st":"MN","n":34,"classes":{"leaves":9,"fruits":7,"birds":18},"weeks":[{"w":"2026-09-22","yes":{"leaves":9,"fruits":7,"birds":18},"obs":{"leaves":15,"flowers":6,"fruits":9,"birds":44},"sp":{"leaves":{"Virginia creeper":3,"common buckthorn":3,"smooth sumac":3},"fruits":{"smooth sumac":3,"Virginia creeper":2,"common buckthorn":2},"birds":{"black-capped chickadee":4,"Canada goose":3,"northern cardinal":3,"American crow":2,"blue jay":2}}}]}},{"type":"Feature","geometry":{"type":"Point","coordinates":[-94.6859,46.72955]},"properties":{"site":60759,"st":"MN","n":12,"classes":{"leaves":6,"flowers":6},"weeks":[{"w":"2026-09-29","yes":{"leaves":2,"flowers":3},"obs":{"leaves":4,"flowers":5,"fruits":3},"sp":{"leaves":{"Red Rothomagensis lilac":1,"blackeyed Susan":1},"flowers":{"blackeyed Susan":2,"Red Rothomagensis lilac":1}}},{"w":"2026-09-22","yes":{"leaves":4,"flowers":3},"obs":{"leaves":8,"flowers":11,"fruits":3},"sp":{"leaves":{"Red Rothomagensis lilac":3,"blackeyed Susan":1},"flowers":{"blackeyed Susan":2,"Red Rothomagensis lilac":1}}}]}},{"type":"Feature","geometry":{"type":"Point","coordinates":[-93.65572,45.21332]},"properties":{"site":60761,"st":"MN","n":4,"classes":{"leaves":4},"weeks":[{"w":"2026-09-29","yes":{"leaves":1},"obs":{"leaves":7,"flowers":5,"fruits":5},"sp":{"leaves":{"common dandelion":1}}},{"w":"2026-09-22","yes":{"leaves":3},"obs":{"leaves":7,"flowers":5,"fruits":6},"sp":{"leaves":{"sugar maple":2,"common dandelion":1}}}]}},{"type":"Feature","geometry":{"type":"Point","coordinates":[-93.40926,45.18769]},"properties":{"site":60764,"st":"MN","n":9,"classes":{"leaves":9},"weeks":[{"w":"2026-09-22","yes":{"leaves":6},"obs":{"leaves":24,"flowers":14,"fruits":8},"sp":{"leaves":{"green ash":4,"silver maple":2}}},{"w":"2026-09-15","yes":{"leaves":3},"obs":{"leaves":9,"flowers":6,"fruits":4},"sp":{"leaves":{"green ash":3}}}]}},{"type":"Feature","geometry":{"type":"Point","coordinates":[-76.90274,39.10457]},"properties":{"site":60769,"st":"MD","n":5,"classes":{"leaves":5},"weeks":[{"w":"2026-09-29","yes":{"leaves":3},"obs":{"leaves":5,"flowers":3,"fruits":3},"sp":{"leaves":{"red maple":3}}},{"w":"2026-09-22","yes":{"leaves":2},"obs":{"leaves":5,"flowers":3,"fruits":3},"sp":{"leaves":{"red maple":2}}}]}},{"type":"Feature","geometry":{"type":"Point","coordinates":[-71.42965,41.84132]},"properties":{"site":60771,"st":"-9999","n":2,"classes":{"leaves":2},"weeks":[{"w":"2026-09-29","yes":{"leaves":2},"obs":{"leaves":4,"flowers":2,"fruits":3},"sp":{"leaves":{"honeylocust":2}}}]}},{"type":"Feature","geometry":{"type":"Point","coordinates":[-78.67517,35.7884]},"properties":{"site":60774,"st":"-9999","n":12,"classes":{"leaves":12},"weeks":[{"w":"2026-10-06","yes":{"leaves":6},"obs":{"leaves":20,"flowers":12,"fruits":12},"sp":{"leaves":{"Shumard's oak":2,"red maple":2,"sugar maple":2}}},{"w":"2026-09-29","yes":{"leaves":6},"obs":{"leaves":10,"flowers":6,"fruits":6},"sp":{"leaves":{"sugar maple":3,"pin oak":3}}}]}},{"type":"Feature","geometry":{"type":"Point","coordinates":[-118.1161,34.1438]},"properties":{"site":60782,"st":"-9999","n":4,"classes":{"leaves":2,"fruits":2},"weeks":[{"w":"2026-09-29","yes":{"leaves":2,"fruits":2},"obs":{"leaves":5,"flowers":3,"fruits":3},"sp":{"leaves":{"American sycamore":2},"fruits":{"American sycamore":2}}}]}},{"type":"Feature","geometry":{"type":"Point","coordinates":[-87.65778,41.98915]},"properties":{"site":60783,"st":"-9999","n":0,"classes":{},"weeks":[{"w":"2026-09-29","yes":{},"obs":{"leaves":5,"flowers":2,"fruits":3},"sp":{}}]}},{"type":"Feature","geometry":{"type":"Point","coordinates":[-76.85053,38.98998]},"properties":{"site":60784,"st":"MD","n":1,"classes":{"insects":1},"weeks":[{"w":"2026-09-29","yes":{},"obs":{"leaves":1,"flowers":3,"fruits":3,"insects":4},"sp":{}},{"w":"2026-09-22","yes":{"insects":1},"obs":{"leaves":2,"flowers":3,"fruits":3,"insects":4},"sp":{"insects":{"spotted lanternfly":1}}},{"w":"2026-09-15","yes":{},"obs":{"leaves":2,"flowers":3,"fruits":3,"insects":4},"sp":{}}]}},{"type":"Feature","geometry":{"type":"Point","coordinates":[-105.2522,40.003]},"properties":{"site":60789,"st":"-9999","n":6,"classes":{"leaves":2,"fruits":4},"weeks":[{"w":"2026-09-29","yes":{"leaves":2,"fruits":4},"obs":{"leaves":5,"flowers":5,"fruits":6},"sp":{"leaves":{"Rocky Mountain maple":2},"fruits":{"Rocky Mountain maple":2,"American basswood":2}}}]}},{"type":"Feature","geometry":{"type":"Point","coordinates":[-77.97658,37.33806]},"properties":{"site":60805,"st":"-9999","n":3,"classes":{"leaves":2,"fruits":1},"weeks":[{"w":"2026-10-06","yes":{"leaves":2,"fruits":1},"obs":{"leaves":2,"flowers":2,"fruits":3},"sp":{"leaves":{"butterfly milkweed":2},"fruits":{"butterfly milkweed":1}}}]}},{"type":"Feature","geometry":{"type":"Point","coordinates":[-116.57651,53.93327]},"properties":{"site":60810,"st":"-9999","n":23,"classes":{"leaves":6,"flowers":2,"fruits":3,"insects":4,"birds":8},"weeks":[{"w":"2026-10-06","yes":{"leaves":6,"flowers":2,"fruits":3,"insects":4,"birds":8},"obs":{"leaves":9,"flowers":7,"fruits":7,"insects":8,"birds":9},"sp":{"leaves":{"desert ironwood":3,"spiny hackberry":2,"creosote bush":1},"flowers":{"creosote bush":2},"fruits":{"spiny hackberry":2,"creosote bush":1},"insects":{"queen":3,"giant swallowtail":1},"birds":{"Anna's hummingbird":5,"Costa's hummingbird":3}}}]}},{"type":"Feature","geometry":{"type":"Point","coordinates":[-73.92255,40.84616]},"properties":{"site":60818,"st":"NY","n":2,"classes":{"leaves":2},"weeks":[{"w":"2026-10-06","yes":{"leaves":2},"obs":{"leaves":7,"flowers":3,"fruits":3},"sp":{"leaves":{"Japanese yew":1,"privet":1}}}]}}]}