{"type":"FeatureCollection","generated_at":"2026-10-07T10:46:51Z","source":{"id":"rivers","name":"USGS Water Data APIs (daily values)","api":"https://api.waterdata.usgs.gov/ogcapi/v0/collections/daily","licence":"Public Domain U.S. Government (USGS)","url":"https://waterdata.usgs.gov","note":"Daily mean water temperature and discharge from USGS gages; provisional data are subject to revision. Any use of trade, firm, or product names is for descriptive purposes only and does not imply endorsement by the U.S. Government."},"today":"2026-10-07","days":30,"day0":"2026-09-07","data_end":"2026-10-06","parameters":{"00010":"water temperature, \u00b0C, daily mean","00060":"discharge, ft\u00b3/s, daily mean"},"counts":{"temp_sites":1757,"half":566,"gages":1191,"temp_rows":{"rows":56755,"null":1042,"dup":0,"skipped":0,"multi_series_sites":48},"flow_rows":{"rows":264640,"null":389,"dup":0,"skipped":228062,"multi_series_sites":0}},"features":[{"type":"Feature","geometry":{"type":"Point","coordinates":[-69.07944,47.06972]},"properties":{"site":"01011000","name":"Allagash River near Allagash, Maine","state":"Maine","huc":"010100020711","type":"ST","d0":"2026-09-07","t":[18.2,18.1,15.6,17.1,16.1,16.0,17.1,16.9,15.7,16.7,17.2,16.7,14.3,13.0,13.7,13.3,13.6,14.2,15.2,15.8,15.5,13.8,13.8,14.1,null,null,null,null,null,null],"q":[363,333,307,317,323,303,281,273,258,243,242,246,243,239,241,234,222,218,215,214,208,208,216,221,219,219,218,206,212,218],"latest":{"d":"2026-09-30","t":14.1,"q":221}}},{"type":"Feature","geometry":{"type":"Point","coordinates":[-67.80389,46.18111]},"properties":{"site":"01018035","name":"Meduxnekeag River at Lowery Rd. nr Houlton, Maine","state":"Maine","huc":"010100050307","type":"ST","d0":"2026-09-07","t":[17.8,18.2,15.1,17.6,17.1,16.6,15.9,17.3,16.1,17.0,16.9,18.4,15.3,13.1,14.4,14.1,13.6,14.2,15.2,16.0,15.5,13.9,14.4,15.6,16.8,16.5,14.0,12.2,12.1,10.2],"q":[19.4,15.7,12.6,22.3,22.2,18.5,16.9,16.1,14.4,14.0,13.1,11.4,9.96,9.17,8.48,7.98,7.71,8.9,6.69,6.38,5.94,5.94,8.14,8.65,8.49,8.01,8.73,8.37,8.93,9.77],"latest":{"d":"2026-10-06","t":10.2,"q":9.77}}},{"type":"Feature","geometry":{"type":"Point","coordinates":[-68.79391,46.13436]},"properties":{"site":"01029100","name":"E. Br. Penobscot River below Grand Lake Matagamon","state":"Maine","huc":"010200020302","type":"ST","d0":"2026-09-07","t":[19.3,19.1,18.5,18.8,18.0,17.8,17.4,17.2,17.2,17.5,17.5,17.2,16.5,16.2,16.1,16.2,16.5,16.5,16.7,17.0,16.5,15.6,15.6,15.8,16.1,16.0,15.5,15.1,14.7,13.9],"q":[359,355,396,352,347,343,338,338,333,330,327,326,323,321,319,317,314,312,311,307,300,297,296,296,338,361,358,395,453,473],"latest":{"d":"2026-10-06","t":13.9,"q":473}}},{"type":"Feature","geometry":{"type":"Point","coordinates":[-71.28556,44.08389]},"properties":{"site":"010642505","name":"SACO RIVER AT RIVER STREET, AT BARTLETT, NH","state":"New Hampshire","huc":"010600020106","type":"ST","d0":"2026-09-07","t":[16.5,16.8,14.7,16.8,16.0,15.3,14.7,15.5,14.9,16.1,15.9,16.3,14.4,11.9,13.0,13.5,12.9,12.7,13.3,13.8,13.0,12.6,13.2,13.9,14.7,15.7,13.9,11.8,11.5,10.4],"q":[50.5,38.5,35.4,62.1,55.0,40.7,40.9,45.3,38.7,34.7,32.7,34.1,30.6,31.7,43.7,39.0,33.6,30.3,27.9,27.0,30.1,56.7,112,71.8,53.4,44.9,40.6,38.0,36.4,34.7],"latest":{"d":"2026-10-06","t":10.4,"q":34.7}}},{"type":"Feature","geometry":{"type":"Point","coordinates":[-71.79115,42.41081]},"properties":{"site":"01095220","name":"STILLWATER RIVER NEAR STERLING, MA","state":"Massachusetts","huc":"010700040202","type":"ST","d0":"2026-09-07","t":[17.5,17.5,17.9,19.3,18.3,16.9,17.1,18.1,16.3,16.8,18.1,18.9,16.8,15.4,15.8,15.4,14.1,13.5,13.2,14.3,14.0,13.8,14.1,14.9,15.4,16.6,16.8,15.2,14.9,13.1],"q":[5.32,4.21,3.82,3.83,3.33,2.94,6.67,11.8,7.91,5.93,4.97,4.82,4.47,4.95,6.93,5.81,5.19,4.66,5.08,41.5,157,247,161,91.6,51.7,32.7,23.2,18.5,16.0,13.3],"latest":{"d":"2026-10-06","t":13.1,"q":13.3}}},{"type":"Feature","geometry":{"type":"Point","coordinates":[-71.82813,42.37287]},"properties":{"site":"01095375","name":"QUINAPOXET RIVER AT CANADA MILLS NEAR HOLDEN, MA","state":"Massachusetts","huc":"010700040201","type":"ST","d0":"2026-09-07","t":[17.4,17.4,18.5,20.5,19.2,17.6,17.3,18.3,16.3,16.6,18.2,19.3,17.3,15.2,15.7,15.7,13.4,12.7,12.4,14.1,13.7,13.8,14.2,15.2,15.8,17.6,17.0,15.0,14.8,13.2],"q":[9.11,6.56,10.9,10.7,7.38,5.18,11.9,18.3,11.4,6.83,5.71,10.2,8.9,5.57,10.7,10.4,6.42,4.92,8.44,10.8,105,86.9,59.5,40.7,32.0,26.2,20.7,16.4,17.6,16.3],"latest":{"d":"2026-10-06","t":13.2,"q":16.3}}},{"type":"Feature","geometry":{"type":"Point","coordinates":[-71.77535,42.36454]},"properties":{"site":"01095434","name":"GATES BROOK NEAR WEST BOYLSTON, MA","state":"Massachusetts","huc":"010700040203","type":"ST","d0":"2026-09-07","t":[14.8,15.0,15.3,16.8,15.3,14.1,16.5,16.0,13.6,14.6,15.9,16.2,13.7,13.4,14.1,13.2,11.9,11.8,11.7,13.0,14.1,14.0,14.3,14.8,15.2,16.4,14.9,13.2,13.3,11.5],"q":[1.03,0.94,0.93,0.91,0.86,0.83,3.23,1.8,1.42,1.31,1.25,1.19,1.1,1.52,1.5,1.24,1.17,1.13,1.11,2.47,18.5,3.92,3.1,2.06,1.6,1.39,1.2,1.09,1.06,1.0],"latest":{"d":"2026-10-06","t":11.5,"q":1.0}}},{"type":"Feature","geometry":{"type":"Point","coordinates":[-71.28944,42.38556]},"properties":{"site":"01104370","name":"STONY BROOK AT VILES STREET, NEAR WESTON, MA","state":"Massachusetts","huc":"010900010702","type":"ST","d0":"2026-09-07","t":[16.2,16.4,16.9,18.6,17.8,16.0,16.5,17.1,14.9,15.4,17.0,17.9,16.0,14.5,15.1,14.6,13.3,12.8,12.3,13.2,13.6,13.7,14.3,15.2,15.7,17.1,16.4,14.3,14.6,12.1],"q":[1.01,0.88,0.84,0.78,0.68,0.63,0.96,1.04,0.95,0.78,0.98,1.17,1.28,1.44,1.78,1.63,1.52,1.36,1.34,2.63,10.5,8.01,8.39,5.89,2.06,2.28,2.4,3.56,2.88,3.18],"latest":{"d":"2026-10-06","t":12.1,"q":3.18}}},{"type":"Feature","geometry":{"type":"Point","coordinates":[-71.26006,42.43593]},"properties":{"site":"01104415","name":"CAMBRIDGE RES., UNNAMED TRIB 2, NR LEXINGTON, MA","state":"Massachusetts","huc":"010900010702","type":"ST","d0":"2026-09-07","t":[16.4,16.8,16.9,19.1,17.6,16.4,17.8,17.7,15.2,16.1,18.0,18.3,15.4,14.3,15.3,14.1,12.7,12.6,12.0,13.5,14.7,14.7,15.0,15.6,15.9,17.6,16.3,14.1,14.5,12.5],"q":[0.04,0.03,0.03,0.03,0.02,0.02,0.4,0.04,0.03,0.03,0.03,0.03,0.02,0.02,0.04,0.02,0.02,0.02,0.02,0.2,1.97,1.02,0.14,0.09,0.08,0.07,0.06,0.06,0.06,0.05],"latest":{"d":"2026-10-06","t":12.5,"q":0.05}}},{"type":"Feature","geometry":{"type":"Point","coordinates":[-71.25756,42.41982]},"properties":{"site":"01104420","name":"CAMBRIDGE RES., UNNAMED TRIB 3, NR LEXINGTON, MA","state":"Massachusetts","huc":"010900010702","type":"ST","d0":"2026-09-07","t":[null,18.3,18.3,18.8,18.5,17.8,18.5,18.4,16.8,17.6,18.3,18.5,17.5,17.0,16.9,16.8,15.4,15.2,15.1,15.4,14.4,14.2,14.6,15.5,16.0,17.3,16.8,15.1,16.1,13.3],"q":[0.05,0.05,0.03,0.04,0.04,0.04,0.23,0.08,0.05,0.04,0.05,0.05,0.05,0.03,0.06,0.05,0.04,0.04,0.04,0.26,2.75,2.85,1.46,0.6,0.29,0.22,0.22,0.15,0.16,null],"latest":{"d":"2026-10-06","t":13.3,"q":null},"sensor":"25ft Downstream of pier"}},{"type":"Feature","geometry":{"type":"Point","coordinates":[-71.27339,42.39815]},"properties":{"site":"01104430","name":"HOBBS BK BELOW CAMBRIDGE RES NR KENDALL GREEN, MA","state":"Massachusetts","huc":"010900010702","type":"ST","d0":"2026-09-07","t":[23.0,22.8,22.5,22.6,22.7,22.5,22.2,22.2,21.8,21.6,21.8,22.4,21.9,21.1,20.5,19.9,18.9,18.1,17.2,16.0,15.2,14.7,15.3,15.7,15.5,16.6,18.0,17.8,17.6,16.9],"q":[19.7,19.4,19.3,19.1,18.9,18.7,18.7,18.6,18.4,18.2,18.1,17.9,17.7,17.6,17.5,17.3,17.1,16.9,14.2,3.56,0.27,0.25,0.24,0.23,3.67,12.0,16.6,17.9,17.6,17.8],"latest":{"d":"2026-10-06","t":16.9,"q":17.8},"sensor":"RESERVOIR OUTLET"}},{"type":"Feature","geometry":{"type":"Point","coordinates":[-71.27033,42.3726]},"properties":{"site":"01104455","name":"STONY BROOK, UNNAMED TRIBUTARY 1, NEAR WALTHAM, MA","state":"Massachusetts","huc":"010900010702","type":"ST","d0":"2026-09-07","t":[14.5,14.5,14.6,15.0,14.6,14.4,17.0,16.1,15.0,14.8,15.0,15.0,14.5,14.4,14.8,14.3,14.0,13.9,13.8,14.8,15.2,15.4,15.6,15.8,15.7,15.9,15.6,15.0,14.9,14.2],"q":[0.19,0.19,0.19,0.19,0.18,0.19,1.02,0.27,0.22,0.21,0.22,0.22,0.21,0.22,0.24,0.2,0.2,0.19,0.2,0.98,3.78,1.68,0.82,0.58,0.51,0.47,0.43,0.4,0.38,0.36],"latest":{"d":"2026-10-06","t":14.2,"q":0.36}}},{"type":"Feature","geometry":{"type":"Point","coordinates":[-71.27061,42.36899]},"properties":{"site":"01104460","name":"STONY BROOK AT RT 20 AT WALTHAM, MA","state":"Massachusetts","huc":"010900010702","type":"ST","d0":"2026-09-07","t":[21.2,21.5,21.7,22.5,21.8,20.9,21.0,21.0,19.8,20.3,21.7,21.9,20.2,19.1,19.1,18.6,17.3,16.7,16.1,15.7,14.8,14.7,15.1,15.9,16.4,18.0,17.7,16.5,16.8,15.1],"q":[22.4,22.1,21.8,21.7,21.1,20.7,24.8,23.4,21.4,20.9,20.7,20.5,19.6,19.2,19.5,18.8,18.2,17.8,16.4,10.4,22.2,20.0,14.2,9.39,8.78,14.3,20.4,21.2,20.3,19.1],"latest":{"d":"2026-10-06","t":15.1,"q":19.1}}},{"type":"Feature","geometry":{"type":"Point","coordinates":[-71.26811,42.35454]},"properties":{"site":"01104475","name":"STONY BROOK RES., UNNAMED TRIB 1, NEAR WESTON, MA","state":"Massachusetts","huc":"010900010702","type":"ST","d0":"2026-09-07","t":[15.0,15.6,15.8,17.6,16.0,14.8,16.1,15.7,13.6,14.5,16.2,16.4,13.8,13.3,13.8,13.0,12.3,12.1,12.1,13.3,14.3,14.3,14.8,15.5,15.9,17.0,16.1,14.2,14.3,11.7],"q":[0.06,0.04,0.03,0.04,0.03,0.05,0.18,0.07,0.06,0.06,0.06,0.05,0.05,0.06,0.06,0.05,0.05,0.05,0.05,0.2,0.93,0.62,0.53,0.41,0.33,0.26,0.33,0.22,0.26,0.15],"latest":{"d":"2026-10-06","t":11.7,"q":0.15}}},{"type":"Feature","geometry":{"type":"Point","coordinates":[-71.60618,41.8526]},"properties":{"site":"01115098","name":"PEEPTOAD BROOK AT ELMDALE RD NR NORTH SCITUATE, RI","state":"Rhode Island","huc":"010900040604","type":"ST","d0":"2026-09-07","t":[22.2,22.3,21.8,23.3,22.2,20.9,20.1,21.0,20.3,20.2,21.3,22.5,20.5,18.8,19.3,18.4,17.6,17.2,15.9,15.1,15.4,15.3,15.2,15.5,15.9,17.4,18.1,16.8,17.4,16.2],"q":[0.72,0.71,0.86,0.71,8.81,2.48,0.66,0.55,0.45,0.28,0.25,0.24,0.14,0.16,0.26,0.24,0.29,0.19,0.18,0.47,5.51,9.44,6.35,3.45,2.35,1.78,6.37,1.37,1.32,0.99],"latest":{"d":"2026-10-06","t":16.2,"q":0.99}}},{"type":"Feature","geometry":{"type":"Point","coordinates":[-71.60951,41.84565]},"properties":{"site":"01115110","name":"HUNTINGHOUSE BK AT ELMDALE RD AT N SCITUATE, RI","state":"Rhode Island","huc":"010900040604","type":"ST","d0":"2026-09-07","t":[16.8,16.9,18.0,19.8,17.9,15.9,16.6,17.4,15.1,15.3,17.6,18.8,16.1,14.8,15.3,14.0,12.4,11.8,11.7,12.7,14.0,14.3,14.5,15.1,15.8,17.5,16.8,14.4,14.6,12.3],"q":[1.07,0.91,0.72,0.55,0.16,0.12,1.39,1.27,0.6,0.41,0.29,0.25,0.18,0.13,0.22,0.22,0.17,0.14,0.12,5.02,22.8,27.0,13.7,7.0,4.66,3.4,2.62,2.17,1.87,1.65],"latest":{"d":"2026-10-06","t":12.3,"q":1.65}}},{"type":"Feature","geometry":{"type":"Point","coordinates":[-71.61201,41.8376]},"properties":{"site":"01115114","name":"RUSH BROOK NEAR ELMDALE RD NEAR NORTH SCITUATE, RI","state":"Rhode Island","huc":"010900040604","type":"ST","d0":"2026-09-07","t":[17.1,17.2,18.1,19.9,18.2,16.4,17.1,17.9,15.6,15.8,17.8,18.8,16.2,15.1,15.5,14.3,13.5,12.8,12.4,13.0,14.2,14.3,14.4,15.1,15.7,17.4,16.7,14.3,14.4,12.2],"q":[0.29,0.19,0.13,0.11,0.06,0.03,3.07,2.51,0.82,0.45,0.33,0.28,0.2,0.15,0.24,0.33,0.64,0.16,0.12,23.9,71.5,46.9,19.6,9.43,5.72,3.96,3.31,2.21,1.96,1.55],"latest":{"d":"2026-10-06","t":12.2,"q":1.55}}},{"type":"Feature","geometry":{"type":"Point","coordinates":[-71.58451,41.84093]},"properties":{"site":"01115170","name":"MOSWANSICUT STREAM NR NORTH SCITUATE, RI","state":"Rhode Island","huc":"010900040604","type":"ST","d0":"2026-09-07","t":[21.7,21.3,21.4,21.9,19.5,18.5,20.4,22.6,21.9,21.8,22.6,22.7,20.9,19.6,19.8,18.4,17.8,16.8,16.4,16.6,17.0,17.0,17.2,17.4,17.6,18.2,18.9,18.3,18.0,16.6],"q":[0.53,0.25,0.17,0.12,0.1,0.1,1.91,3.41,2.61,2.03,1.64,1.5,1.08,0.69,1.22,0.93,1.05,0.72,0.91,2.65,9.27,13.8,12.0,9.58,7.48,5.93,4.79,3.81,3.12,2.35],"latest":{"d":"2026-10-06","t":16.6,"q":2.35}}},{"type":"Feature","geometry":{"type":"Point","coordinates":[-71.58479,41.7976]},"properties":{"site":"01115183","name":"QUONOPAUG BK AT RT 116 NR NORTH SCITUATE, RI","state":"Rhode Island","huc":"010900040606","type":"ST","d0":"2026-09-07","t":[18.2,18.1,18.9,20.5,19.4,18.0,18.0,18.6,17.1,17.2,18.8,19.9,18.0,16.7,16.7,15.8,14.9,14.2,13.5,13.4,14.1,14.6,14.9,15.6,16.2,17.9,18.0,15.9,15.6,13.7],"q":[0.38,0.3,0.26,0.25,0.2,0.16,6.48,7.71,2.53,1.36,1.0,0.9,0.69,0.63,0.7,0.64,0.57,0.51,0.49,4.57,29.8,23.6,10.7,6.06,4.5,3.81,3.27,2.76,2.77,2.67],"latest":{"d":"2026-10-06","t":13.7,"q":2.67}}},{"type":"Feature","geometry":{"type":"Point","coordinates":[-71.70507,41.81871]},"properties":{"site":"01115187","name":"PONAGANSET RIVER AT SOUTH FOSTER, RI","state":"Rhode Island","huc":"010900040605","type":"ST","d0":"2026-09-07","t":[18.5,18.7,19.8,21.4,19.9,18.5,18.2,18.7,17.5,17.5,19.2,20.4,18.3,17.2,17.1,16.1,14.9,14.2,13.3,13.2,14.2,14.4,14.8,15.4,15.9,17.9,18.0,15.4,15.6,13.5],"q":[3.58,3.1,2.78,null,2.37,2.09,3.63,5.7,3.93,3.11,2.81,2.67,2.38,2.21,2.26,2.2,2.19,2.04,1.89,24.4,121,117,60.4,36.5,26.0,21.3,18.9,15.4,12.2,9.91],"latest":{"d":"2026-10-06","t":13.5,"q":9.91}}},{"type":"Feature","geometry":{"type":"Point","coordinates":[-71.70035,41.82232]},"properties":{"site":"01115190","name":"DOLLY COLE BK AT OLD DANIELSON PK AT S FOSTER, RI","state":"Rhode Island","huc":"010900040605","type":"ST","d0":"2026-09-07","t":[18.2,18.2,19.3,20.9,19.3,17.6,17.8,18.6,16.6,16.9,18.9,20.0,17.6,16.4,16.6,15.6,14.3,13.8,13.0,13.4,14.3,14.6,15.0,15.5,16.0,17.8,17.7,15.6,15.7,13.6],"q":[1.11,1.06,0.96,0.79,0.71,0.63,1.45,1.5,1.01,1.01,0.87,0.82,0.68,0.68,0.79,0.77,0.78,0.7,0.63,7.37,47.9,32.8,15.1,8.64,5.89,4.62,4.56,3.83,3.17,2.4],"latest":{"d":"2026-10-06","t":13.6,"q":2.4}}},{"type":"Feature","geometry":{"type":"Point","coordinates":[-71.69868,41.79065]},"properties":{"site":"01115265","name":"HEMLOCK BROOK AT KING ROAD NR FOSTER, RI","state":"Rhode Island","huc":"010900040605","type":"ST","d0":"2026-09-07","t":[18.0,18.1,19.1,20.7,19.5,18.2,17.6,18.4,16.7,16.7,18.3,19.5,17.7,16.5,16.6,15.8,14.8,14.2,13.2,13.2,13.8,14.3,14.5,14.9,15.6,17.3,17.5,15.5,15.4,13.5],"q":[2.41,1.85,1.67,1.35,1.09,1.02,4.2,6.31,4.91,3.38,2.62,2.37,1.8,1.5,1.68,1.39,1.29,1.36,1.23,12.5,97.7,154,91.1,39.8,24.0,16.6,13.1,10.7,8.63,7.6],"latest":{"d":"2026-10-06","t":13.5,"q":7.6}}},{"type":"Feature","geometry":{"type":"Point","coordinates":[-71.66729,41.78538]},"properties":{"site":"01115276","name":"WESTCONNAUG STREAM AT PLAINFIELD PIKE, RI","state":"Rhode Island","huc":"010900040606","type":"ST","d0":"2026-09-07","t":[16.6,17.1,18.1,19.7,18.3,16.9,17.3,18.3,16.7,17.5,19.1,19.4,17.0,16.0,16.2,15.2,14.4,13.6,13.2,13.4,14.1,15.2,15.7,16.1,16.7,18.2,18.2,16.2,15.9,13.8],"q":[0.7,0.64,0.56,0.62,0.55,0.5,2.57,1.45,1.15,2.04,1.16,0.69,0.47,0.4,0.43,0.34,0.39,0.21,0.24,2.41,17.6,36.8,28.6,22.5,12.3,9.88,7.61,6.49,5.58,4.52],"latest":{"d":"2026-10-06","t":13.8,"q":4.52}}},{"type":"Feature","geometry":{"type":"Point","coordinates":[-71.64979,41.80399]},"properties":{"site":"01115280","name":"CORK BK AT ROCKLAND SCITUATE RD NR CLAYVILLE, RI","state":"Rhode Island","huc":"010900040606","type":"ST","d0":"2026-09-07","t":[16.8,17.0,17.9,19.6,18.1,16.0,17.1,17.7,15.4,15.7,17.7,18.7,16.2,15.0,15.4,14.3,13.3,13.0,12.5,13.0,14.2,14.2,14.3,14.9,15.6,17.2,16.2,14.1,14.3,12.1],"q":[0.04,0.02,0.02,0.02,0.01,0.0,1.88,0.39,0.09,0.06,0.05,0.05,0.03,0.04,0.07,0.04,0.03,0.03,0.02,7.07,24.0,14.3,5.34,2.48,1.65,1.33,1.15,0.81,0.72,0.55],"latest":{"d":"2026-10-06","t":12.1,"q":0.55}}},{"type":"Feature","geometry":{"type":"Point","coordinates":[-71.6312,44.74977]},"properties":{"site":"01129500","name":"CONNECTICUT RIVER AT NORTH STRATFORD, NH","state":"New Hampshire","huc":"010801010603","type":"ST","d0":"2026-09-07","t":[17.9,17.9,16.5,17.6,17.2,16.9,16.9,16.7,16.3,17.1,17.6,17.8,16.2,14.3,14.5,14.6,14.8,14.8,15.4,16.1,15.9,15.6,15.5,15.8,16.2,16.6,15.5,14.2,13.5,11.5],"q":[615,535,510,760,673,559,516,523,490,457,445,440,428,416,423,415,414,407,395,385,382,374,389,353,333,330,377,388,358,343],"latest":{"d":"2026-10-06","t":11.5,"q":343}}},{"type":"Feature","geometry":{"type":"Point","coordinates":[-72.27009,43.03925]},"properties":{"site":"01157000","name":"ASHUELOT RIVER NEAR GILSUM, NH","state":"New Hampshire","huc":"010802010103","type":"ST","d0":"2026-09-07","t":[17.0,17.0,17.3,19.6,18.2,16.5,17.0,17.5,15.6,16.9,17.9,18.6,15.8,13.9,14.7,14.6,13.4,12.8,13.1,14.1,13.9,13.7,14.0,14.5,15.1,16.2,15.4,13.5,12.9,11.4],"q":[8.45,7.68,7.55,9.16,8.9,7.85,22.9,28.7,21.2,15.7,15.5,34.8,32.2,26.0,29.4,28.7,24.9,21.3,18.6,16.8,17.7,30.3,67.8,76.2,66.7,56.3,44.6,34.3,29.3,25.8],"latest":{"d":"2026-10-06","t":11.4,"q":25.8}}},{"type":"Feature","geometry":{"type":"Point","coordinates":[-72.06508,42.3912]},"properties":{"site":"01173000","name":"WARE RIVER AT INTAKE WORKS NEAR BARRE, MA","state":"Massachusetts","huc":"010802040205","type":"ST","d0":"2026-09-07","t":[19.2,19.3,19.6,20.2,20.1,19.3,19.0,18.6,18.1,18.0,17.9,18.5,18.8,18.4,17.8,17.6,16.6,15.6,15.0,14.6,14.2,14.1,14.3,15.2,15.8,16.8,17.8,17.0,15.7,14.3],"q":[17.5,17.9,17.6,17.4,14.4,12.6,13.2,29.7,42.6,25.0,22.5,23.3,21.2,20.3,27.3,26.8,23.3,20.0,31.0,40.5,58.4,252,290,222,133,94.4,71.5,55.7,46.0,37.5],"latest":{"d":"2026-10-06","t":14.3,"q":37.5}}},{"type":"Feature","geometry":{"type":"Point","coordinates":[-73.87439,40.86231]},"properties":{"site":"01302020","name":"BRONX RIVER AT NY BOTANICAL GARDEN AT BRONX NY","state":"New York","huc":"020301020103","type":"ST","d0":"2026-09-07","t":[20.5,20.4,21.0,21.8,21.8,20.7,21.0,20.7,19.3,19.2,20.5,21.5,20.1,19.2,19.1,18.4,17.2,16.4,16.0,15.8,16.0,16.5,17.0,17.7,18.4,19.1,18.8,17.3,16.5,15.2],"q":[33.0,32.1,31.4,30.9,29.9,29.6,353,89.0,48.3,41.5,38.6,37.2,35.0,42.5,42.9,34.9,32.8,31.4,30.7,101,188,213,79.9,56.2,49.3,45.9,42.6,41.1,40.0,37.7],"latest":{"d":"2026-10-06","t":15.2,"q":37.7}}},{"type":"Feature","geometry":{"type":"Point","coordinates":[-73.31364,40.70436]},"properties":{"site":"01308000","name":"SAMPAWAMS CREEK AT BABYLON NY","state":"New York","huc":"020302020403","type":"ST","d0":"2026-09-07","t":[16.8,17.2,17.8,18.8,18.2,17.4,19.5,18.1,16.3,16.4,17.6,18.2,16.9,16.1,16.2,15.7,15.1,14.7,14.2,14.4,15.9,16.1,15.7,16.2,16.6,17.1,16.8,15.4,15.4,14.0],"q":[6.36,6.26,6.18,6.2,5.97,5.84,17.2,7.62,7.09,6.88,6.8,6.45,6.21,6.54,6.88,6.25,6.23,6.19,6.31,12.3,20.1,16.1,10.5,9.92,9.73,9.57,9.28,9.48,9.42,9.1],"latest":{"d":"2026-10-06","t":14.0,"q":9.1}}},{"type":"Feature","geometry":{"type":"Point","coordinates":[-73.32881,40.70897]},"properties":{"site":"01308500","name":"CARLLS RIVER AT BABYLON NY","state":"New York","huc":"020302020404","type":"ST","d0":"2026-09-07","t":[21.6,22.5,23.4,24.2,24.2,22.9,22.4,22.1,20.2,20.4,22.7,23.6,20.4,18.6,18.8,17.8,16.6,15.7,14.3,14.4,16.0,16.8,17.4,18.9,19.3,20.7,20.2,17.3,17.5,15.2],"q":[14.1,13.6,13.4,13.2,12.7,13.4,36.6,25.7,15.7,14.6,14.1,13.4,12.4,13.1,15.0,13.2,12.1,11.7,11.8,25.8,50.8,59.5,28.8,23.0,20.8,19.2,18.4,18.1,18.9,16.3],"latest":{"d":"2026-10-06","t":15.2,"q":16.3}}},{"type":"Feature","geometry":{"type":"Point","coordinates":[-74.371,42.95044]},"properties":{"site":"01349527","name":"MOHAWK R ABOVE STATE HIGHWAY 30A AT FONDA NY","state":"New York","huc":"020200041006","type":"ST","d0":"2026-09-07","t":[22.4,22.3,22.4,22.3,22.3,21.9,22.1,21.6,21.3,21.2,20.9,20.9,20.5,19.6,19.0,19.0,18.8,18.4,18.1,18.0,17.7,17.4,17.3,17.3,17.5,17.6,17.4,17.3,17.1,16.3],"q":[1260,1390,1170,1620,2440,1890,1910,2410,2170,1540,1630,2500,1940,2090,2180,2220,1570,1640,1660,1560,1590,1600,1760,1730,1510,1290,1330,1010,832,1030],"latest":{"d":"2026-10-06","t":16.3,"q":1030}}},{"type":"Feature","geometry":{"type":"Point","coordinates":[-74.19186,42.934]},"properties":{"site":"01354083","name":"MOHAWK RIVER AT AMSTERDAM NY","state":"New York","huc":"020200041104","type":"ST","d0":"2026-09-07","t":[22.8,23.0,22.9,22.8,22.8,22.5,22.4,22.4,21.9,21.7,21.5,21.5,21.2,20.4,19.9,19.6,19.3,19.0,18.8,18.6,18.5,18.2,17.6,17.5,17.9,18.1,18.0,17.7,17.3,16.4],"q":[1440,1370,1800,1920,2390,2290,2020,2160,2040,1720,1930,3000,2310,2790,3450,2570,2050,1640,1900,1760,1750,1890,4100,3640,3200,2750,2220,1760,1700,1730],"latest":{"d":"2026-10-06","t":16.4,"q":1730}}},{"type":"Feature","geometry":{"type":"Point","coordinates":[-74.44908,42.09789]},"properties":{"site":"0136219503","name":"ESOPUS CREEK BELOW LOST CLOVE RD AT BIG INDIAN NY","state":"New York","huc":"020200060901","type":"ST","d0":"2026-09-07","t":[14.4,14.6,14.8,16.0,15.3,15.0,15.1,14.9,14.2,14.8,15.0,15.4,14.7,14.3,14.6,14.2,13.6,13.2,13.3,13.3,13.1,12.6,12.7,12.9,13.1,13.9,13.1,12.4,12.3,11.3],"q":[59.7,54.6,50.2,46.7,42.4,38.9,53.5,48.0,43.2,40.5,38.9,37.1,35.2,35.2,33.4,31.3,29.7,28.3,26.9,33.0,45.7,282,144,95.0,72.5,63.6,57.0,52.3,48.5,45.0],"latest":{"d":"2026-10-06","t":11.3,"q":45.0}}},{"type":"Feature","geometry":{"type":"Point","coordinates":[-74.38008,42.11689]},"properties":{"site":"01362200","name":"ESOPUS CREEK AT ALLABEN NY","state":"New York","huc":"020200060902","type":"ST","d0":"2026-09-07","t":[15.1,15.5,15.6,17.3,16.3,15.5,16.0,15.6,14.3,15.3,15.9,16.3,14.9,14.4,14.7,14.1,13.1,12.3,12.6,13.2,13.2,13.0,13.1,13.5,13.6,14.4,13.5,12.4,12.4,10.6],"q":[78.6,70.1,64.2,60.0,51.8,47.1,81.4,65.3,55.4,51.4,49.7,46.9,43.8,44.6,42.3,38.9,36.3,34.5,32.7,36.6,51.8,280,179,125,102,89.3,77.7,69.4,63.3,57.7],"latest":{"d":"2026-10-06","t":10.6,"q":57.7}}},{"type":"Feature","geometry":{"type":"Point","coordinates":[-74.36361,42.11489]},"properties":{"site":"01362230","name":"DIVERSION FROM SCHOHARIE RESERVOIR NY","state":"New York","huc":"020200060902","type":"ST-CA","d0":"2026-09-07","t":[15.2,15.2,15.3,15.4,15.4,15.7,15.6,15.8,16.9,17.2,17.2,17.4,17.2,17.2,17.7,17.5,17.3,17.3,17.3,17.3,17.5,17.4,16.5,15.0,16.9,16.8,17.1,16.7,16.4,16.2],"q":[105,112,123,123,133,143,129,133,206,205,205,205,204,204,204,212,227,226,226,225,202,108,26.7,107,178,182,187,187,193,200],"latest":{"d":"2026-10-06","t":16.2,"q":200}}},{"type":"Feature","geometry":{"type":"Point","coordinates":[-74.27019,42.01447]},"properties":{"site":"01362500","name":"ESOPUS CREEK AT COLDBROOK NY","state":"New York","huc":"020200060904","type":"ST","d0":"2026-09-07","t":[16.9,17.4,17.2,19.1,18.2,17.1,17.7,17.5,16.4,17.3,18.0,18.4,17.1,16.3,17.2,16.5,15.9,15.5,15.8,15.5,15.4,14.8,14.3,14.8,15.4,16.3,15.7,14.7,14.4,13.2],"q":[282,268,271,null,247,251,336,276,339,328,322,317,306,317,313,304,315,308,304,316,370,760,491,425,453,419,394,371,360,352],"latest":{"d":"2026-10-06","t":13.2,"q":352}}},{"type":"Feature","geometry":{"type":"Point","coordinates":[-74.14536,41.87933]},"properties":{"site":"01363556","name":"ESOPUS CREEK NEAR LOMONTVILLE NY","state":"New York","huc":"020200060906","type":"ST","d0":"2026-09-07","t":[19.7,20.1,19.9,21.6,21.2,20.0,20.3,20.1,18.3,18.5,19.7,20.6,19.0,17.5,17.7,17.4,16.3,15.6,15.8,15.8,15.8,16.1,16.9,17.9,17.7,18.8,17.9,16.2,15.2,13.7],"q":[32.4,32.0,31.6,31.6,31.0,30.9,35.7,34.1,31.7,31.4,31.3,30.9,30.3,33.9,34.0,31.7,30.8,30.3,29.1,31.2,32.8,39.1,37.0,33.9,33.0,32.5,31.7,31.6,31.2,30.7],"latest":{"d":"2026-10-06","t":13.7,"q":30.7}}},{"type":"Feature","geometry":{"type":"Point","coordinates":[-74.51303,41.85211]},"properties":{"site":"01365100","name":"CANNONSVILLE RES DIV CHANNEL NR GRAHAMSVILLE NY","state":"New York","huc":"020200070502","type":"ST","d0":"2026-09-07","t":[16.7,16.5,16.0,17.8,12.6,17.6,18.3,18.6,18.8,18.8,18.8,18.9,19.0,19.0,19.1,19.1,19.1,19.1,19.2,19.2,19.2,19.1,19.0,18.9,18.8,18.7,18.7,18.6,18.6,18.6],"q":[0.0,0.0,0.0,0.0,311,481,479,481,480,481,483,480,479,480,478,479,480,481,482,482,482,482,483,484,482,483,482,484,484,483],"latest":{"d":"2026-10-06","t":18.6,"q":483}}},{"type":"Feature","geometry":{"type":"Point","coordinates":[-74.53183,41.84908]},"properties":{"site":"01365550","name":"CHESTNUT CREEK AT MOUTH AT GRAHAMSVILLE NY","state":"New York","huc":"020200070502","type":"ST","d0":"2026-09-07","t":[17.7,17.5,16.6,17.5,16.4,15.3,16.4,15.9,14.1,15.2,16.4,16.4,15.9,15.4,15.6,15.6,15.3,15.0,15.1,15.4,15.1,15.3,15.2,15.2,15.3,15.4,15.0,14.6,14.7,14.0],"q":[458,231,29.8,19.8,17.9,17.1,42.2,28.8,21.8,20.1,19.5,139,43.5,60.3,53.5,320,317,314,311,308,48.4,283,256,249,246,244,246,244,244,240],"latest":{"d":"2026-10-06","t":14.0,"q":240}}},{"type":"Feature","geometry":{"type":"Point","coordinates":[-74.50167,41.03972]},"properties":{"site":"01382210","name":"Pequannock River at Oak Ridge NJ","state":"New Jersey","huc":"020301030502","type":"ST","d0":"2026-09-07","t":[16.9,17.1,17.3,17.1,16.6,16.6,null,null,16.8,16.8,16.9,17.1,17.0,17.1,17.2,17.2,17.2,17.9,19.9,19.9,19.2,19.0,18.8,18.4,18.3,18.3,18.5,18.3,18.2,18.3],"q":[46.6,46.7,46.8,25.7,9.8,9.83,10.1,10.1,10.2,10.4,10.6,10.6,10.6,10.6,10.6,10.6,10.6,27.4,55.4,81.1,80.9,46.2,27.0,26.9,26.8,26.9,26.8,26.5,26.5,25.9],"latest":{"d":"2026-10-06","t":18.3,"q":25.9}}},{"type":"Feature","geometry":{"type":"Point","coordinates":[-74.28,40.99194]},"properties":{"site":"01388000","name":"Ramapo River at Pompton Lakes NJ","state":"New Jersey","huc":"020301030205","type":"ST","d0":"2026-09-07","t":[23.4,23.5,22.8,23.3,23.8,23.0,22.8,22.7,21.7,21.3,21.8,23.4,23.0,21.7,21.4,21.0,20.1,19.4,18.7,17.7,16.8,16.6,16.8,17.4,17.8,18.5,19.5,18.7,18.4,17.8],"q":[143,119,106,101,92.8,85.5,284,255,170,125,106,94.9,88.2,95.4,105,98.5,85.5,74.5,72.6,91.6,183,393,492,355,272,233,193,177,160,149],"latest":{"d":"2026-10-06","t":17.8,"q":149}}},{"type":"Feature","geometry":{"type":"Point","coordinates":[-74.58278,40.55556]},"properties":{"site":"01400500","name":"Raritan River at Manville NJ","state":"New Jersey","huc":"020301050501","type":"ST","d0":"2026-09-07","t":[23.6,23.3,23.6,24.6,24.7,23.8,22.7,22.3,21.3,21.4,22.7,23.6,22.8,21.3,20.7,19.8,18.6,17.6,17.0,16.2,16.0,17.0,17.8,18.6,19.4,20.4,20.5,18.8,17.9,16.6],"q":[268,238,233,236,231,220,824,840,399,299,269,271,253,284,635,377,294,250,238,285,1590,2030,1350,716,459,392,350,323,311,292],"latest":{"d":"2026-10-06","t":16.6,"q":292}}},{"type":"Feature","geometry":{"type":"Point","coordinates":[-74.57583,40.475]},"properties":{"site":"01402000","name":"Millstone River at Blackwells Mills NJ","state":"New Jersey","huc":"020301050312","type":"ST","d0":"2026-09-07","t":[23.4,23.0,23.2,24.4,24.7,23.5,23.1,24.0,22.8,22.3,23.5,24.3,23.4,22.1,21.5,21.2,20.1,18.9,null,17.2,16.2,null,17.2,17.9,19.1,null,20.4,19.1,18.6,17.4],"q":[192,170,155,146,137,134,314,494,370,230,177,154,140,146,292,297,248,190,162,243,1450,2530,2390,1230,523,349,282,241,232,218],"latest":{"d":"2026-10-06","t":17.4,"q":218}}},{"type":"Feature","geometry":{"type":"Point","coordinates":[-74.12222,40.14667]},"properties":{"site":"01408029","name":"Manasquan River near Allenwood NJ","state":"New Jersey","huc":"020403010105","type":"ST","d0":"2026-09-07","t":[19.5,18.9,19.3,20.7,21.0,19.6,20.1,21.2,18.6,17.7,19.0,20.2,19.5,18.6,18.7,18.2,null,null,15.0,14.6,15.3,16.6,16.7,17.1,17.6,18.3,18.2,16.7,16.1,14.5],"q":[10.2,10.2,10.2,10.3,10.2,10.3,81.9,42.0,14.7,10.3,10.9,11.3,11.3,11.7,46.2,13.7,null,null,13.3,229,815,1320,375,127,32.6,13.1,18.7,15.3,21.3,26.0],"latest":{"d":"2026-10-06","t":14.5,"q":26.0}}},{"type":"Feature","geometry":{"type":"Point","coordinates":[-74.94472,39.37306]},"properties":{"site":"01412080","name":"Manumuskin River at Cumberland NJ","state":"New Jersey","huc":"020402060506","type":"ST","d0":"2026-09-07","t":[20.7,20.2,20.4,21.5,21.8,20.5,21.0,21.8,20.2,19.0,19.8,22.0,21.2,20.6,19.6,17.8,16.9,16.1,15.1,14.3,15.0,16.3,17.3,17.3,17.7,18.8,18.7,17.3,17.4,16.3],"q":[27.8,23.5,21.0,19.6,18.8,18.2,17.7,17.4,16.1,15.8,15.8,16.3,15.7,15.6,18.2,19.4,24.1,22.3,18.7,18.5,70.7,130,90.9,49.2,36.0,30.4,28.2,28.2,27.9,25.4],"latest":{"d":"2026-10-06","t":16.3,"q":25.4}}},{"type":"Feature","geometry":{"type":"Point","coordinates":[-75.11928,42.02458]},"properties":{"site":"01417500","name":"EAST BRANCH DELAWARE RIVER AT HARVARD NY","state":"New York","huc":"020401020503","type":"ST","d0":"2026-09-07","t":[14.2,13.9,13.3,14.4,14.4,13.8,13.9,13.9,13.0,12.9,12.6,13.2,13.5,12.4,12.4,12.4,11.6,11.3,11.2,11.0,11.5,11.5,10.7,11.3,11.5,12.3,13.0,12.6,12.4,10.5],"q":[278,262,247,243,228,219,304,274,244,225,220,223,210,222,227,212,207,201,198,195,193,201,195,190,158,130,126,122,120,118],"latest":{"d":"2026-10-06","t":10.5,"q":118}}},{"type":"Feature","geometry":{"type":"Point","coordinates":[-74.81275,41.90353]},"properties":{"site":"01419500","name":"WILLOWEMOC CREEK NR LIVINGSTON MANOR NY","state":"New York","huc":"020401020103","type":"ST","d0":"2026-09-07","t":[16.0,15.8,15.8,17.6,16.8,15.9,16.4,16.0,14.5,15.1,16.0,16.7,15.8,14.8,15.2,14.5,13.5,12.8,12.4,12.9,13.5,13.9,13.8,14.5,14.6,15.0,14.6,13.2,13.4,11.5],"q":[81.6,71.0,65.5,64.8,57.7,52.0,84.8,85.9,61.5,54.3,51.7,50.4,45.1,59.7,68.8,51.6,45.0,40.6,38.0,37.6,40.5,60.8,56.2,47.1,42.7,41.1,37.9,35.7,34.5,32.8],"latest":{"d":"2026-10-06","t":11.5,"q":32.8}}},{"type":"Feature","geometry":{"type":"Point","coordinates":[-74.97967,41.94642]},"properties":{"site":"01420500","name":"BEAVER KILL AT COOKS FALLS NY","state":"New York","huc":"020401020204","type":"ST","d0":"2026-09-07","t":[16.3,16.4,16.3,18.0,17.8,16.9,17.3,16.9,15.5,15.8,16.7,17.5,16.9,15.7,15.9,15.4,14.6,13.9,13.5,13.6,14.1,14.5,14.4,15.2,15.6,16.0,15.7,14.4,14.0,11.9],"q":[576,480,418,399,340,299,385,412,307,267,252,247,223,254,305,237,206,186,175,167,185,250,260,213,190,180,169,158,151,143],"latest":{"d":"2026-10-06","t":11.9,"q":143}}},{"type":"Feature","geometry":{"type":"Point","coordinates":[-75.27669,41.95217]},"properties":{"site":"01421500","name":"EAST BRANCH DELAWARE RIVER AT HANCOCK NY","state":"New York","huc":"020401020507","type":"ST","d0":"2026-09-07","t":[17.4,17.4,17.3,18.4,18.9,18.3,18.4,17.8,16.8,16.7,16.9,17.8,17.6,16.8,16.3,16.2,15.6,15.1,14.8,14.4,14.3,14.7,14.6,15.0,15.6,15.9,16.1,15.5,15.0,13.2],"q":[1360,1120,963,902,802,707,971,1030,821,708,666,661,607,619,739,639,563,518,488,468,469,521,591,523,470,397,374,351,332,319],"latest":{"d":"2026-10-06","t":13.2,"q":319}}},{"type":"Feature","geometry":{"type":"Point","coordinates":[-75.14003,42.16611]},"properties":{"site":"01423000","name":"WEST BRANCH DELAWARE RIVER AT WALTON NY","state":"New York","huc":"020401010205","type":"ST","d0":"2026-09-07","t":[18.5,18.6,18.5,19.7,19.4,18.7,18.6,17.8,16.4,16.9,17.7,18.2,17.5,16.2,16.1,15.6,15.0,14.3,14.0,14.0,14.0,14.3,14.5,15.5,15.9,16.2,15.6,14.6,14.1,12.1],"q":[211,184,168,221,200,158,468,631,380,290,301,336,262,291,334,260,226,205,190,180,181,217,219,193,176,165,155,145,135,127],"latest":{"d":"2026-10-06","t":12.1,"q":127}}},{"type":"Feature","geometry":{"type":"Point","coordinates":[-75.39581,42.07492]},"properties":{"site":"01425000","name":"WEST BRANCH DELAWARE RIVER AT STILESVILLE NY","state":"New York","huc":"020401010304","type":"ST","d0":"2026-09-07","t":[10.5,10.6,10.3,10.9,10.9,10.9,11.1,11.0,11.0,11.0,10.9,11.3,11.4,10.9,11.6,11.2,11.4,11.4,11.4,11.2,11.3,11.4,11.5,11.8,11.8,11.8,12.2,11.9,11.9,11.6],"q":[491,491,492,498,499,492,504,505,499,460,464,467,467,461,463,467,467,464,467,467,467,474,463,462,406,339,272,305,368,489],"latest":{"d":"2026-10-06","t":11.6,"q":489}}},{"type":"Feature","geometry":{"type":"Point","coordinates":[-75.48519,42.04869]},"properties":{"site":"01425805","name":"OQUAGA CREEK AT MCCLURE NY","state":"New York","huc":"020401010303","type":"ST","d0":"2026-09-07","t":[16.9,17.1,17.1,18.4,18.1,17.3,17.7,17.0,15.6,16.2,16.9,17.7,16.7,15.9,15.9,15.4,14.5,13.8,13.3,13.5,13.9,14.1,14.3,14.6,15.1,15.1,14.7,13.8,13.5,12.1],"q":[55.7,44.0,35.7,48.3,37.3,29.9,88.7,83.9,53.6,43.8,53.4,63.1,42.8,60.9,62.0,47.2,40.2,34.0,29.2,26.4,26.6,54.1,56.6,43.5,38.0,35.4,31.6,27.6,24.9,21.9],"latest":{"d":"2026-10-06","t":12.1,"q":21.9}}},{"type":"Feature","geometry":{"type":"Point","coordinates":[-75.38353,42.00303]},"properties":{"site":"01426500","name":"WEST BRANCH DELAWARE RIVER AT HALE EDDY NY","state":"New York","huc":"020401010305","type":"ST","d0":"2026-09-07","t":[13.3,13.2,12.2,13.9,13.5,13.1,14.0,14.0,13.1,12.9,12.9,14.4,13.5,12.6,13.8,12.9,12.8,12.6,12.6,11.9,12.3,12.4,12.8,13.3,13.0,13.4,13.8,13.0,13.2,11.8],"q":[712,673,649,677,645,614,896,839,730,649,653,676,621,673,680,632,609,582,575,571,575,637,634,600,532,456,356,365,429,544],"latest":{"d":"2026-10-06","t":11.8,"q":544}}},{"type":"Feature","geometry":{"type":"Point","coordinates":[-75.23833,41.84028]},"properties":{"site":"01427195","name":"Equinunk Creek near Dillontown, PA","state":"Pennsylvania","huc":"020401010402","type":"ST","d0":"2026-09-07","t":[17.2,17.2,17.1,19.1,18.2,17.1,18.4,17.8,15.9,16.6,17.9,18.6,17.0,16.3,16.6,16.0,14.7,13.4,12.8,13.4,14.1,14.6,14.7,14.9,15.1,15.6,14.8,13.4,13.6,11.0],"q":[32.1,26.7,23.6,27.4,23.5,20.1,32.9,40.1,29.4,25.4,24.0,24.4,21.1,42.6,48.3,33.5,25.8,22.4,20.8,20.8,30.1,38.4,34.9,29.3,26.1,24.4,22.5,21.4,20.2,19.6],"latest":{"d":"2026-10-06","t":11.0,"q":19.6}}},{"type":"Feature","geometry":{"type":"Point","coordinates":[-75.21375,41.86728]},"properties":{"site":"01427207","name":"DELAWARE RIVER AT LORDVILLE NY","state":"Pennsylvania","huc":"020401010406","type":"ST","d0":"2026-09-07","t":[17.5,17.6,17.2,18.0,18.7,18.0,18.0,17.7,16.6,16.6,16.8,17.7,17.6,16.5,16.3,16.3,15.6,15.3,14.8,14.4,14.0,14.5,14.5,14.9,15.4,15.8,16.0,15.5,15.0,13.3],"q":[2330,2020,1820,1770,1650,1500,2100,2230,1840,1610,1510,1570,1440,1490,1700,1510,1380,1290,1230,1200,1220,1310,1420,1290,1180,1040,920,838,855,911],"latest":{"d":"2026-10-06","t":13.3,"q":911}}},{"type":"Feature","geometry":{"type":"Point","coordinates":[-75.04839,41.76056]},"properties":{"site":"01427500","name":"CALLICOON CREEK AT CALLICOON NY","state":"New York","huc":"020401010505","type":"ST","d0":"2026-09-07","t":[17.5,17.4,17.5,19.3,18.6,17.5,18.5,18.1,16.1,16.7,18.0,18.8,17.5,16.5,17.2,16.5,14.8,13.8,13.6,14.0,14.7,15.4,15.4,15.9,16.0,16.5,15.7,14.1,14.2,11.6],"q":[185,148,127,132,111,96.6,113,113,93.0,84.0,83.1,95.1,81.2,118,124,91.1,78.4,71.6,67.8,67.3,77.6,105,103,83.6,75.9,71.8,66.4,62.8,60.9,57.5],"latest":{"d":"2026-10-06","t":11.6,"q":57.5}}},{"type":"Feature","geometry":{"type":"Point","coordinates":[-75.05742,41.75675]},"properties":{"site":"01427510","name":"DELAWARE RIVER AT CALLICOON NY","state":"Pennsylvania","huc":"020401010506","type":"ST","d0":"2026-09-07","t":[18.5,null,null,19.3,19.6,19.4,19.4,18.8,17.7,17.5,18.1,18.8,18.7,17.6,17.5,17.0,16.1,15.7,15.7,15.2,15.0,15.3,15.2,15.6,15.9,17.0,16.7,15.9,15.8,13.7],"q":[2750,null,null,1990,1860,1650,2020,2450,2040,1750,1600,1700,1560,1620,1890,1690,1480,1370,1290,1260,1290,1430,1570,1440,1320,1170,1030,909,886,908],"latest":{"d":"2026-10-06","t":13.7,"q":908}}},{"type":"Feature","geometry":{"type":"Point","coordinates":[-75.01439,41.56378]},"properties":{"site":"01428000","name":"TENMILE RIVER AT TUSTEN NY","state":"New York","huc":"020401010603","type":"ST","d0":"2026-09-07","t":[19.1,18.7,18.8,20.5,19.8,18.9,19.9,19.0,17.2,17.5,18.9,19.5,18.3,17.7,17.4,17.0,15.4,14.2,13.8,14.4,14.6,15.4,15.7,16.0,16.3,16.6,16.1,14.7,14.6,12.2],"q":[20.2,16.7,13.6,13.9,14.3,13.1,14.9,21.6,16.3,12.9,11.8,17.4,18.5,24.5,33.9,23.5,17.3,14.7,12.1,12.7,26.8,36.8,37.3,26.6,22.1,20.1,18.5,16.4,14.5,12.5],"latest":{"d":"2026-10-06","t":12.2,"q":12.5}}},{"type":"Feature","geometry":{"type":"Point","coordinates":[-74.98606,41.50875]},"properties":{"site":"01428500","name":"DELAWARE R ABOVE LACKAWAXEN R NEAR BARRYVILLE NY","state":"New York","huc":"020401010606","type":"ST","d0":"2026-09-07","t":[19.7,19.8,19.7,20.7,21.0,20.6,20.9,20.3,19.2,18.8,19.1,20.2,19.9,18.8,18.7,18.4,17.6,17.0,16.9,16.2,15.9,16.1,16.1,16.5,16.8,17.6,18.0,17.0,16.9,15.3],"q":[3020,2520,2190,2050,1970,1750,1740,2590,2240,1880,1680,1730,1680,1680,2020,1890,1620,1470,1380,1350,1430,1540,1690,1620,null,1330,1160,1040,956,947],"latest":{"d":"2026-10-06","t":15.3,"q":947}}},{"type":"Feature","geometry":{"type":"Point","coordinates":[-75.37601,41.67453]},"properties":{"site":"01428750","name":"West Branch Lackawaxen River near Aldenville, PA","state":"Pennsylvania","huc":"020401030103","type":"ST","d0":"2026-09-07","t":[16.4,16.4,16.6,18.7,17.6,16.1,17.5,16.9,14.7,15.3,16.7,17.7,16.2,15.6,15.7,14.9,13.5,12.4,12.3,13.0,13.5,14.1,14.3,13.9,14.5,15.4,14.3,12.7,13.2,10.9],"q":[50.0,39.9,34.0,38.4,31.6,27.6,33.3,38.7,29.1,26.5,46.6,50.8,32.6,123,85.1,51.8,42.0,36.5,33.1,32.1,41.5,43.3,38.3,33.8,31.0,29.2,27.2,25.5,24.6,22.9],"latest":{"d":"2026-10-06","t":10.9,"q":22.9}}},{"type":"Feature","geometry":{"type":"Point","coordinates":[-75.32683,41.58722]},"properties":{"site":"01429000","name":"West Branch Lackawaxen River at Prompton, PA","state":"Pennsylvania","huc":"020401030103","type":"ST","d0":"2026-09-07","t":[22.0,21.5,20.6,20.3,20.3,20.0,20.0,21.0,20.1,20.3,19.9,20.0,19.8,20.1,20.6,19.8,18.9,18.5,18.6,18.4,18.4,18.1,17.7,17.0,16.9,16.8,16.7,16.6,17.3,17.1],"q":[97.2,73.8,58.6,52.7,48.4,44.2,42.9,43.2,42.2,40.2,39.2,43.5,43.9,60.7,104,92.0,74.9,62.4,54.9,50.3,50.1,53.5,53.9,51.3,48.1,45.8,43.9,42.2,40.6,38.8],"latest":{"d":"2026-10-06","t":17.1,"q":38.8}}},{"type":"Feature","geometry":{"type":"Point","coordinates":[-75.17212,41.4762]},"properties":{"site":"01431500","name":"Lackawaxen River at Hawley, PA","state":"Pennsylvania","huc":"020401030601","type":"ST","d0":"2026-09-07","t":[19.8,19.8,19.5,21.4,21.2,19.8,20.4,20.1,18.2,18.3,19.4,20.7,19.4,17.8,17.8,17.8,16.5,15.5,15.1,15.0,15.0,15.7,15.8,16.1,16.2,16.8,16.8,15.3,15.0,13.1],"q":[244,182,148,133,122,106,117,129,116,101,103,132,115,252,460,300,211,161,135,134,201,279,265,202,168,151,135,128,116,105],"latest":{"d":"2026-10-06","t":13.1,"q":105}}},{"type":"Feature","geometry":{"type":"Point","coordinates":[-75.10894,41.46942]},"properties":{"site":"01432055","name":"Lackawaxen River near Baoba, PA","state":"Pennsylvania","huc":"020401030603","type":"ST","d0":"2026-09-07","t":[19.5,19.5,19.8,21.2,20.7,19.8,20.2,19.7,19.0,19.4,19.9,20.1,19.6,19.0,18.8,18.9,18.5,18.2,17.5,17.4,17.6,17.7,17.8,18.0,18.2,18.7,18.3,17.9,17.0,14.8],"q":[765,693,735,980,906,639,655,652,710,702,710,747,728,856,1130,1220,1130,1060,742,760,1130,1220,1210,1140,1110,1090,1070,1050,236,224],"latest":{"d":"2026-10-06","t":14.8,"q":224}}},{"type":"Feature","geometry":{"type":"Point","coordinates":[-75.03628,41.47592]},"properties":{"site":"01432110","name":"Lackawaxen River at Rowland, PA","state":"Pennsylvania","huc":"02040104","type":"ST","d0":"2026-09-07","t":[19.4,19.5,19.8,21.4,20.9,19.7,20.5,19.7,18.6,19.4,20.0,20.4,19.4,18.9,18.8,18.8,18.1,17.8,17.2,17.2,17.5,17.6,17.7,18.0,18.2,18.7,18.1,17.6,16.9,14.3],"q":[897,825,787,1070,1060,764,769,768,754,810,816,843,833,946,1230,1300,1190,1140,847,853,1200,1320,1300,1220,1170,1150,1130,1120,469,364],"latest":{"d":"2026-10-06","t":14.3,"q":364}}},{"type":"Feature","geometry":{"type":"Point","coordinates":[-74.91325,41.47483]},"properties":{"site":"01432160","name":"DELAWARE RIVER AT BARRYVILLE NY","state":"Pennsylvania","huc":"020401040504","type":"ST","d0":"2026-09-07","t":[19.9,20.0,19.9,21.1,21.2,20.5,21.0,20.5,19.1,19.1,19.7,20.5,19.9,19.0,18.9,18.7,17.6,17.1,16.9,16.8,16.7,16.9,17.0,17.2,17.5,18.1,17.9,17.2,16.3,13.8],"q":[3900,3300,2940,3020,2940,2470,2400,3230,2950,2620,2430,2460,2450,2490,3130,3110,2730,2510,2140,2110,2510,2740,2880,2770,2510,2300,2100,1980,1320,1160],"latest":{"d":"2026-10-06","t":13.8,"q":1160}}},{"type":"Feature","geometry":{"type":"Point","coordinates":[-74.92167,41.45]},"properties":{"site":"01432495","name":"Shohola Creek near Walker Lake, PA","state":"Pennsylvania","huc":"020401040403","type":"ST","d0":"2026-09-07","t":[19.6,19.2,19.5,21.6,21.0,19.3,20.6,20.1,17.5,18.2,20.0,20.9,19.2,18.3,18.3,17.6,15.9,14.8,14.5,15.3,15.7,16.2,16.4,16.4,16.9,17.4,16.9,15.1,15.3,12.9],"q":[22.5,21.3,20.8,21.1,20.2,19.7,20.9,20.7,19.7,19.7,20.8,21.5,20.1,32.0,32.6,26.6,23.5,21.8,21.1,21.4,26.9,34.3,32.0,28.0,25.8,24.7,23.7,22.8,22.4,21.5],"latest":{"d":"2026-10-06","t":12.9,"q":21.5}}},{"type":"Feature","geometry":{"type":"Point","coordinates":[-74.78328,41.56728]},"properties":{"site":"01433005","name":"MONGAUP R BELOW SWINGING BRIDGE RESERVOIR NY","state":"New York","huc":"020401040107","type":"ST","d0":"2026-09-07","t":[20.1,21.0,21.6,22.1,22.1,21.6,21.9,21.7,20.9,21.0,21.4,21.5,20.8,20.5,20.4,20.1,19.4,19.1,19.1,19.1,18.9,18.5,18.1,17.9,17.8,17.7,17.5,17.2,17.4,17.1],"q":[156,105,60.6,60.6,60.5,60.6,60.7,60.7,60.8,61.1,61.2,61.1,61.3,61.3,61.3,61.2,61.3,61.1,61.1,61.3,61.3,109,149,149,144,129,125,125,126,125],"latest":{"d":"2026-10-06","t":17.1,"q":125}}},{"type":"Feature","geometry":{"type":"Point","coordinates":[-74.75878,41.46122]},"properties":{"site":"01433500","name":"MONGAUP RIVER NEAR MONGAUP NY","state":"New York","huc":"020401040107","type":"ST","d0":"2026-09-07","t":[21.3,21.2,21.2,21.6,21.4,21.2,21.6,21.3,21.0,21.0,21.2,21.3,21.1,20.5,20.6,20.4,19.9,19.6,19.5,19.4,19.2,19.0,18.8,18.6,18.6,18.6,18.3,18.1,18.0,17.4],"q":[180,180,179,255,176,174,250,172,170,170,171,172,251,175,176,176,175,176,176,176,174,178,179,178,178,178,177,255,177,177],"latest":{"d":"2026-10-06","t":17.4,"q":177}}},{"type":"Feature","geometry":{"type":"Point","coordinates":[-74.69714,41.37058]},"properties":{"site":"01434000","name":"DELAWARE RIVER AT PORT JERVIS NY","state":"Pennsylvania","huc":"020401040505","type":"ST","d0":"2026-09-07","t":[20.6,20.6,20.7,21.5,21.9,21.4,21.4,21.3,20.0,19.7,20.3,21.0,20.8,19.5,19.3,19.0,18.0,17.3,17.2,17.1,16.8,17.0,17.3,17.6,18.1,18.5,18.4,17.5,17.2,15.7],"q":[4190,3530,3130,3260,3100,2640,2580,3200,3160,2800,2590,2540,2670,2610,3200,3330,2910,2650,2270,2210,2580,2830,2990,2920,2690,2530,2340,2260,1760,1380],"latest":{"d":"2026-10-06","t":15.7,"q":1380}}},{"type":"Feature","geometry":{"type":"Point","coordinates":[-74.44808,41.96736]},"properties":{"site":"0143400680","name":"E BR NEVERSINK R NORTHEAST OF DENNING NY","state":"New York","huc":"020401040302","type":"ST","d0":"2026-09-07","t":[12.9,13.1,13.4,14.5,13.7,13.0,13.7,13.1,12.0,12.8,13.5,13.7,12.7,12.6,12.5,11.9,11.1,10.7,10.8,11.2,11.3,11.4,11.4,11.2,11.7,12.1,11.4,10.6,10.4,8.9],"q":[9.2,8.6,8.62,8.5,7.75,7.55,11.6,10.1,7.82,7.61,7.7,7.34,6.77,10.6,9.26,7.43,6.73,6.35,6.12,18.7,38.8,146,50.3,31.4,24.1,20.9,18.3,16.9,16.0,14.8],"latest":{"d":"2026-10-06","t":8.9,"q":14.8}}},{"type":"Feature","geometry":{"type":"Point","coordinates":[-74.41444,42.01111]},"properties":{"site":"01434021","name":"W BR NEVERSINK R AT WINNISOOK L NR FROST VALLEY NY","state":"New York","huc":"020401040301","type":"ST","d0":"2026-09-07","t":[10.9,10.9,11.5,12.3,11.7,11.0,11.6,11.2,10.1,10.9,11.8,11.9,10.9,10.7,10.5,9.9,9.2,8.7,8.6,9.2,9.7,10.1,10.0,9.9,10.4,10.9,10.0,9.3,9.0,7.4],"q":[1.48,1.38,1.3,1.37,1.24,1.19,1.7,1.41,1.19,1.13,1.13,1.12,1.03,1.23,1.06,0.99,0.98,0.99,0.93,3.83,14.0,46.1,7.31,4.7,3.94,3.73,3.33,2.97,2.92,2.76],"latest":{"d":"2026-10-06","t":7.4,"q":2.76}}},{"type":"Feature","geometry":{"type":"Point","coordinates":[-74.50022,41.99608]},"properties":{"site":"01434025","name":"BISCUIT BK ABOVE PIGEON BK AT FROST VALLEY NY","state":"New York","huc":"020401040301","type":"ST","d0":"2026-09-07","t":[13.1,13.1,13.5,14.4,13.8,13.2,13.9,13.4,12.2,12.8,13.6,13.8,12.9,12.7,12.5,11.9,11.2,10.7,10.9,11.2,11.3,11.5,11.5,11.4,12.0,12.5,11.8,11.0,10.7,9.3],"q":[4.63,4.2,4.04,4.01,3.57,3.39,9.28,5.48,4.23,3.94,3.9,3.74,3.47,5.07,4.2,3.54,3.27,2.99,2.8,8.04,19.0,29.1,15.0,10.6,8.88,7.93,7.04,6.52,6.25,5.81],"latest":{"d":"2026-10-06","t":9.3,"q":5.81}}},{"type":"Feature","geometry":{"type":"Point","coordinates":[-74.57439,41.92042]},"properties":{"site":"01434498","name":"WEST BRANCH NEVERSINK RIVER AT CLARYVILLE NY","state":"New York","huc":"020401040301","type":"ST","d0":"2026-09-07","t":[14.9,14.9,15.0,16.7,15.9,14.8,15.4,15.0,13.5,14.4,15.2,15.8,14.6,13.8,14.2,13.6,12.4,11.6,11.8,12.4,12.5,12.3,12.7,12.9,13.2,13.7,13.0,11.9,12.1,10.1],"q":[26.8,24.2,23.0,23.3,20.1,19.0,49.3,36.0,24.1,21.6,20.6,19.7,17.8,28.3,26.2,19.5,17.2,16.1,15.0,38.7,112,342,125,73.2,55.3,47.1,40.4,36.1,33.3,30.7],"latest":{"d":"2026-10-06","t":10.1,"q":30.7}}},{"type":"Feature","geometry":{"type":"Point","coordinates":[-74.58981,41.88994]},"properties":{"site":"01435000","name":"NEVERSINK RIVER NEAR CLARYVILLE NY","state":"New York","huc":"020401040303","type":"ST","d0":"2026-09-07","t":[10.0,9.9,9.8,9.7,9.7,9.8,9.8,9.8,9.9,9.9,9.9,9.9,9.9,10.0,10.0,10.0,10.0,10.0,9.9,9.8,9.7,9.7,9.7,9.7,9.7,9.7,9.8,9.8,9.8,9.8],"q":[110,102,98.3,98.3,89.5,85.9,145,126,95.8,88.9,86.3,84.7,78.9,110,111,85.5,null,null,null,null,null,null,null,null,202,178,159,147,139,131],"latest":{"d":"2026-10-06","t":9.8,"q":131},"sensor":"Piezometer 2 WQ"}},{"type":"Feature","geometry":{"type":"Point","coordinates":[-74.63553,41.82031]},"properties":{"site":"01436000","name":"NEVERSINK RIVER AT NEVERSINK NY","state":"New York","huc":"020401040305","type":"ST","d0":"2026-09-07","t":[8.0,8.9,10.7,11.4,11.3,11.3,11.0,11.1,11.4,10.8,10.6,10.6,10.4,10.4,10.4,9.8,9.4,9.6,9.9,9.8,11.1,11.0,10.6,10.9,9.1,9.4,9.0,8.8,9.2,9.3],"q":[118,117,117,117,117,117,118,117,117,103,104,103,103,102,104,104,104,104,104,103,104,105,105,104,63.1,63.5,64.8,64.4,63.1,62.6],"latest":{"d":"2026-10-06","t":9.3,"q":62.6}}},{"type":"Feature","geometry":{"type":"Point","coordinates":[-74.62303,41.66783]},"properties":{"site":"01436655","name":"SHELDRAKE STREAM AT THOMPSONVILLE NY","state":"New York","huc":"020401040304","type":"ST","d0":"2026-09-07","t":[20.1,20.2,20.2,21.3,20.6,19.4,19.6,19.1,17.6,18.2,19.9,19.9,18.5,17.5,17.6,17.3,16.1,15.3,15.1,15.9,15.5,15.6,16.2,16.7,17.1,17.7,17.1,15.4,15.3,13.1],"q":[21.6,19.4,16.6,15.8,14.1,11.9,31.4,27.3,15.9,13.0,12.7,30.8,17.5,32.7,40.3,23.7,18.1,14.5,12.3,12.9,22.5,43.5,42.5,32.6,25.0,20.9,17.4,15.1,13.7,11.4],"latest":{"d":"2026-10-06","t":13.1,"q":11.4}}},{"type":"Feature","geometry":{"type":"Point","coordinates":[-74.61739,41.63781]},"properties":{"site":"01436690","name":"NEVERSINK RIVER AT BRIDGEVILLE NY","state":"New York","huc":"020401040307","type":"ST","d0":"2026-09-07","t":[15.7,15.4,15.3,17.1,17.6,16.1,16.3,16.4,15.0,15.4,16.3,16.9,16.3,14.9,15.1,15.0,13.9,12.7,12.6,13.4,13.2,13.7,14.4,14.8,15.0,15.6,15.4,13.8,13.8,11.8],"q":[213,207,196,196,188,181,283,250,201,176,170,204,174,254,274,202,181,170,163,166,203,312,280,226,176,142,130,121,115,108],"latest":{"d":"2026-10-06","t":11.8,"q":108}}},{"type":"Feature","geometry":{"type":"Point","coordinates":[-74.55222,41.49964]},"properties":{"site":"01437349","name":"BASHER KILL BLW BASHAKILL MARSH AT WESTBROOKVILLE","state":"New York","huc":"020401040203","type":"ST","d0":"2026-09-07","t":[21.6,21.5,21.4,22.3,22.7,22.1,22.2,22.0,20.5,19.9,20.5,21.4,21.0,19.3,18.8,18.8,17.7,16.7,16.1,16.1,15.9,15.9,16.4,17.3,18.1,18.8,18.9,17.8,17.2,15.6],"q":[74.3,70.2,65.5,60.7,54.5,49.8,47.3,44.0,39.6,37.0,35.2,34.4,31.9,38.6,41.0,38.9,38.0,37.5,35.0,33.5,33.3,38.7,39.8,38.2,37.2,36.2,34.5,32.9,31.1,28.5],"latest":{"d":"2026-10-06","t":15.6,"q":28.5}}},{"type":"Feature","geometry":{"type":"Point","coordinates":[-74.60183,41.44128]},"properties":{"site":"01437500","name":"NEVERSINK RIVER AT GODEFFROY NY","state":"New York","huc":"020401040308","type":"ST","d0":"2026-09-07","t":[18.8,18.6,18.5,19.8,20.0,19.0,19.2,18.6,17.0,17.1,18.2,19.3,18.5,17.1,16.9,16.6,15.4,14.5,14.3,14.6,15.0,15.0,15.4,16.1,16.5,17.2,16.8,15.0,15.1,13.0],"q":[385,368,348,341,324,305,344,405,321,293,273,305,289,342,452,346,305,283,269,268,320,414,456,372,326,270,250,235,225,215],"latest":{"d":"2026-10-06","t":13.0,"q":215}}},{"type":"Feature","geometry":{"type":"Point","coordinates":[-74.79528,41.30917]},"properties":{"site":"01438500","name":"Delaware River at Montague NJ","state":"Pennsylvania","huc":"020401040704","type":"ST","d0":"2026-09-07","t":[20.9,20.7,20.8,21.4,22.1,21.5,21.6,21.4,20.3,19.7,20.2,21.0,20.9,19.7,19.2,18.9,18.0,17.2,17.0,17.0,16.7,16.8,17.1,17.5,18.1,18.4,18.6,17.6,17.2,15.9],"q":[5000,4180,3690,3740,3590,3090,3010,3610,3680,3260,3000,2910,3080,2990,3680,3860,3360,3050,2640,2540,2900,3270,3540,3420,3130,2890,2670,2550,2160,1610],"latest":{"d":"2026-10-06","t":15.9,"q":1610}}},{"type":"Feature","geometry":{"type":"Point","coordinates":[-75.21463,41.08481]},"properties":{"site":"01440400","name":"Brodhead Creek near Analomink, PA","state":"Pennsylvania","huc":"020401040903","type":"ST","d0":"2026-09-07","t":[17.5,17.4,17.1,18.7,19.0,17.4,18.3,18.0,16.0,16.6,17.5,18.4,17.3,16.4,16.7,15.9,14.7,13.8,13.8,14.3,14.6,15.2,15.4,15.5,15.8,16.4,16.0,13.9,14.3,12.0],"q":[38.2,33.5,30.8,31.6,29.0,25.9,34.9,36.6,27.5,24.7,31.1,37.7,28.0,75.8,78.1,57.3,46.2,37.9,33.3,31.3,35.3,40.6,42.0,37.8,34.9,32.4,29.8,25.7,26.0,24.3],"latest":{"d":"2026-10-06","t":12.0,"q":24.3}}},{"type":"Feature","geometry":{"type":"Point","coordinates":[-74.97778,40.83056]},"properties":{"site":"01445500","name":"Pequest River at Pequest NJ","state":"New Jersey","huc":"020401050204","type":"ST","d0":"2026-09-07","t":[18.1,17.6,17.6,18.7,18.9,17.8,18.3,18.7,16.9,16.9,17.9,18.6,17.6,16.8,16.7,16.0,15.0,14.0,13.7,14.1,14.3,14.9,15.6,15.8,16.2,16.9,16.5,14.9,14.6,12.8],"q":[101,92.8,85.7,83.0,80.8,75.9,195,179,127,100,89.0,83.2,77.5,76.2,79.8,80.0,76.4,71.2,67.0,65.1,87.6,126,122,103,89.8,82.3,75.7,70.5,69.1,65.8],"latest":{"d":"2026-10-06","t":12.8,"q":65.8}}},{"type":"Feature","geometry":{"type":"Point","coordinates":[-75.62545,41.13028]},"properties":{"site":"01447500","name":"Lehigh River at Stoddartsville, PA","state":"Pennsylvania","huc":"020401060204","type":"ST","d0":"2026-09-07","t":[18.3,18.2,18.1,20.1,20.1,17.8,19.0,18.5,16.3,17.4,18.4,19.3,18.1,16.7,17.1,16.5,15.0,13.9,13.4,13.5,13.7,14.6,15.0,15.1,15.5,16.1,15.6,13.6,13.8,11.6],"q":[81.7,64.0,55.4,63.5,56.7,63.8,90.1,94.4,65.3,57.0,78.6,97.9,74.4,144,169,127,105,83.0,72.9,81.7,139,172,158,135,112,101,92.2,82.5,77.8,71.6],"latest":{"d":"2026-10-06","t":11.6,"q":71.6}}},{"type":"Feature","geometry":{"type":"Point","coordinates":[-75.60545,41.08472]},"properties":{"site":"01447720","name":"Tobyhanna Creek near Blakeslee, PA","state":"Pennsylvania","huc":"020401060104","type":"ST","d0":"2026-09-07","t":[20.1,20.0,20.0,21.5,20.6,18.9,20.6,19.9,17.8,19.3,20.4,21.0,19.5,19.0,19.7,18.8,17.3,16.2,15.6,15.8,15.8,16.4,16.6,16.6,17.1,17.7,16.5,15.1,15.6,13.4],"q":[117,102,92.5,96.3,74.4,74.3,88.2,88.8,83.1,80.2,92.1,104,97.6,126,172,165,136,112,96.9,92.7,101,124,132,127,117,107,84.5,79.2,82.4,78.0],"latest":{"d":"2026-10-06","t":13.4,"q":78.0}}},{"type":"Feature","geometry":{"type":"Point","coordinates":[-75.73212,41.10472]},"properties":{"site":"01447800","name":"Lehigh R bl Francis E Walter Res nr White Haven PA","state":"Pennsylvania","huc":"020401060204","type":"ST","d0":"2026-09-07","t":[20.9,20.5,20.4,20.6,20.6,20.8,20.7,20.5,20.4,19.9,19.8,20.1,20.2,20.1,19.4,19.0,18.6,18.0,17.6,17.2,17.1,16.7,16.6,16.6,16.5,16.6,16.6,16.6,16.3,16.1],"q":[290,289,286,277,274,348,313,288,294,280,242,278,349,327,304,337,316,299,302,351,325,361,410,388,324,287,267,268,241,229],"latest":{"d":"2026-10-06","t":16.1,"q":229}}},{"type":"Feature","geometry":{"type":"Point","coordinates":[-75.50241,40.89759]},"properties":{"site":"01449360","name":"Pohopoco Creek at Kresgeville, PA","state":"Pennsylvania","huc":"020401060404","type":"ST","d0":"2026-09-07","t":[16.8,16.8,17.1,18.5,18.6,16.9,17.9,17.9,15.4,16.1,17.6,18.3,17.2,16.5,16.6,15.5,14.5,13.6,13.4,14.4,14.5,15.2,15.5,15.4,16.0,16.6,16.0,14.1,14.3,11.9],"q":[48.9,47.4,46.9,48.2,45.5,43.8,58.1,49.0,44.4,43.7,44.4,44.3,41.5,69.4,56.1,53.6,48.1,45.5,44.4,46.8,50.7,50.3,47.5,45.3,44.3,43.4,41.2,40.7,41.4,39.1],"latest":{"d":"2026-10-06","t":11.9,"q":39.1}}},{"type":"Feature","geometry":{"type":"Point","coordinates":[-75.64574,40.84565]},"properties":{"site":"01449800","name":"Pohopoco Cr bl Beltzville Dam nr Parryville, PA","state":"Pennsylvania","huc":"020401060404","type":"ST","d0":"2026-09-07","t":[14.3,14.3,14.3,14.1,13.8,13.7,13.8,13.8,13.7,13.9,13.8,13.9,13.8,13.8,14.4,14.9,14.8,14.3,13.6,13.1,13.2,13.7,14.0,13.9,11.1,7.7,7.7,7.6,7.6,7.5],"q":[86.5,86.5,86.5,66.8,59.1,58.7,57.2,57.1,56.9,57.1,57.1,57.1,57.1,57.1,103,130,131,79.0,45.7,39.1,39.6,69.2,75.3,69.8,70.2,61.4,47.5,47.5,47.6,47.7],"latest":{"d":"2026-10-06","t":7.5,"q":47.7}}},{"type":"Feature","geometry":{"type":"Point","coordinates":[-75.60046,40.53112]},"properties":{"site":"01451380","name":"Little Lehigh Creek near Trexlertown, PA","state":"Pennsylvania","huc":"020401060702","type":"ST","d0":"2026-09-07","t":[19.0,18.4,18.6,19.4,19.7,18.4,18.9,19.2,17.5,17.5,19.1,19.8,18.6,18.1,18.3,17.0,15.9,14.9,14.5,15.4,15.2,16.0,16.5,17.1,17.2,17.4,17.0,15.8,15.6,13.9],"q":[3.01,2.1,1.86,1.85,1.65,1.5,1.83,1.82,1.27,1.02,0.99,1.02,0.84,2.67,4.32,4.46,3.38,2.04,1.63,2.01,8.28,15.4,8.07,5.07,4.16,3.88,3.56,3.41,3.56,3.16],"latest":{"d":"2026-10-06","t":13.9,"q":3.16}}},{"type":"Feature","geometry":{"type":"Point","coordinates":[-75.60147,40.53408]},"properties":{"site":"01451400","name":"Spring Creek at Trexlertown, PA","state":"Pennsylvania","huc":"020401060701","type":"ST","d0":"2026-09-07","t":[15.1,15.3,15.5,16.9,16.0,15.0,16.3,16.0,14.7,16.1,15.8,17.0,15.7,15.1,16.0,14.2,13.6,13.4,13.7,13.2,14.0,14.7,14.1,14.5,14.7,15.2,14.4,12.8,13.7,12.2],"q":[3.58,3.27,3.15,3.07,2.96,2.9,2.95,2.8,2.72,2.68,2.59,2.54,2.54,3.47,3.76,3.6,3.18,3.01,2.96,3.16,7.63,10.7,5.05,3.89,3.58,3.42,3.32,3.34,3.24,3.17],"latest":{"d":"2026-10-06","t":12.2,"q":3.17}}},{"type":"Feature","geometry":{"type":"Point","coordinates":[-75.48296,40.58232]},"properties":{"site":"01451500","name":"Little Lehigh Creek near Allentown, PA","state":"Pennsylvania","huc":"020401060703","type":"ST","d0":"2026-09-07","t":[17.1,16.9,16.9,17.9,17.7,16.7,16.9,17.0,15.8,16.5,16.5,17.2,16.5,15.9,16.5,15.4,14.7,14.4,14.4,14.1,14.4,15.2,15.4,15.6,15.8,16.3,15.7,14.3,14.5,13.2],"q":[49.1,47.2,45.4,44.6,43.4,41.8,43.2,42.3,40.2,39.0,39.0,38.6,37.7,57.8,54.5,51.7,47.2,42.4,40.8,46.3,93.0,91.7,65.2,53.7,49.6,47.4,45.4,44.0,43.7,42.7],"latest":{"d":"2026-10-06","t":13.2,"q":42.7}}},{"type":"Feature","geometry":{"type":"Point","coordinates":[-75.49681,40.5875]},"properties":{"site":"01451630","name":"Cedar Creek at Mouth near Allentown, PA","state":"Pennsylvania","huc":"020401060703","type":"ST","d0":"2026-09-07","t":[18.6,18.8,18.9,20.0,20.0,18.7,19.2,18.9,17.5,18.5,19.3,19.4,18.5,17.6,18.1,16.4,15.3,15.0,15.3,15.1,15.0,15.9,16.3,16.7,17.0,17.7,17.1,15.2,15.1,13.9],"q":[13.2,13.3,13.2,13.2,12.7,12.5,15.5,12.9,12.4,12.5,12.5,12.7,12.1,34.2,20.9,18.0,13.5,13.0,13.0,19.4,42.0,31.9,16.6,15.4,15.4,14.9,14.4,14.5,14.0,13.8],"latest":{"d":"2026-10-06","t":13.9,"q":13.8}}},{"type":"Feature","geometry":{"type":"Point","coordinates":[-75.47407,40.59649]},"properties":{"site":"01451650","name":"Little Lehigh Creek at Tenth St. Br. at Allentown","state":"Pennsylvania","huc":"020401060703","type":"ST","d0":"2026-09-07","t":[17.4,17.3,17.3,18.2,18.4,17.3,17.6,17.6,16.3,16.8,17.5,17.6,17.2,16.7,17.0,15.8,14.9,14.7,14.7,14.8,14.6,15.4,15.7,15.9,16.0,16.6,16.3,15.0,14.8,13.7],"q":[56.6,40.2,39.5,46.5,37.6,36.6,45.1,40.6,35.7,40.2,36.9,35.7,36.9,84.6,69.8,71.3,58.6,36.1,33.0,47.2,131,120,66.0,64.6,62.1,44.9,39.5,51.7,59.4,null],"latest":{"d":"2026-10-06","t":13.7,"q":null}}},{"type":"Feature","geometry":{"type":"Point","coordinates":[-75.62685,40.66176]},"properties":{"site":"01451800","name":"Jordan Creek near Schnecksville, PA","state":"Pennsylvania","huc":"020401060602","type":"ST","d0":"2026-09-07","t":[19.1,19.1,19.4,21.9,21.9,19.5,21.4,20.9,17.8,19.1,20.6,21.9,19.9,18.5,18.5,17.2,16.2,15.4,15.2,15.4,15.5,16.6,17.3,17.8,18.2,18.9,17.9,15.3,16.0,13.2],"q":[32.0,27.6,25.4,23.7,21.4,19.4,20.4,20.1,16.9,15.9,15.6,15.5,13.9,37.7,47.5,37.2,28.7,22.9,21.3,27.5,49.1,46.5,40.4,36.3,33.7,31.1,28.1,25.8,25.6,23.7],"latest":{"d":"2026-10-06","t":13.2,"q":23.7}}},{"type":"Feature","geometry":{"type":"Point","coordinates":[-75.23629,40.66927]},"properties":{"site":"01454700","name":"Lehigh River at Glendon, PA","state":"Pennsylvania","huc":"020401060813","type":"ST","d0":"2026-09-07","t":[21.5,21.5,21.5,21.9,22.3,22.0,21.9,21.7,20.9,20.7,21.1,21.3,21.3,20.4,19.6,null,null,17.1,17.0,16.8,16.2,16.2,17.0,17.7,18.4,19.0,19.2,18.4,17.4,16.1],"q":[1460,1010,962,956,922,863,989,1060,891,860,840,836,809,1140,1390,1220,1140,1020,870,937,1320,1420,1180,1140,1090,994,906,839,849,803],"latest":{"d":"2026-10-06","t":16.1,"q":803}}},{"type":"Feature","geometry":{"type":"Point","coordinates":[-75.16864,40.63547]},"properties":{"site":"01455290","name":"Pohatcong Crk at Creek Rd nr Carpentersville NJ","state":"New Jersey","huc":"020401050402","type":"ST","d0":"2026-09-07","t":[18.4,17.9,18.0,19.3,19.3,17.8,19.0,19.4,17.1,17.3,18.2,19.1,18.1,17.1,17.6,16.5,15.3,14.4,14.2,14.5,14.6,15.6,16.2,16.3,16.6,17.3,16.8,14.9,15.0,13.0],"q":[22.6,21.2,20.7,20.6,20.1,19.3,111,78.1,31.1,24.7,23.0,22.5,21.3,25.2,32.7,25.5,22.4,20.9,20.2,20.5,28.7,51.0,41.3,28.2,24.4,23.0,23.0,21.4,20.9,20.3],"latest":{"d":"2026-10-06","t":13.0,"q":20.3}}},{"type":"Feature","geometry":{"type":"Point","coordinates":[-75.18972,40.59472]},"properties":{"site":"01457500","name":"Delaware River at Riegelsville NJ","state":"New Jersey","huc":"020401050605","type":"ST","d0":"2026-09-07","t":[21.9,21.8,21.8,22.3,22.6,22.1,22.4,22.3,21.4,21.4,21.8,22.2,21.6,20.8,20.3,19.7,18.8,18.0,17.7,17.3,16.9,16.9,17.5,17.9,18.5,19.0,19.2,18.4,18.0,16.9],"q":[8860,7170,6380,5940,5810,5550,5770,5900,5780,5740,5300,5020,4790,5270,5870,6140,6120,5460,4950,4630,4960,5750,5980,6080,5800,5380,4970,4580,4410,4070],"latest":{"d":"2026-10-06","t":16.9,"q":4070}}},{"type":"Feature","geometry":{"type":"Point","coordinates":[-74.77806,40.22167]},"properties":{"site":"01463500","name":"Delaware River at Trenton NJ","state":"New Jersey","huc":"020401050911","type":"ST","d0":"2026-09-07","t":[23.3,23.0,23.4,24.1,24.2,23.5,23.5,23.4,22.5,22.4,23.4,23.6,23.0,22.0,21.6,20.8,19.5,18.7,18.0,17.4,17.0,17.4,18.1,18.9,19.5,20.3,20.4,19.3,18.7,17.8],"q":[10100,7830,6460,5760,5350,5260,5530,5690,5190,5420,4980,4560,4340,4370,5620,5590,5780,5400,4750,4400,6350,7310,6560,6060,5680,5170,4690,4260,3900,3710],"latest":{"d":"2026-10-06","t":17.8,"q":3710}}},{"type":"Feature","geometry":{"type":"Point","coordinates":[-74.53611,40.03611]},"properties":{"site":"01464290","name":"Crosswicks Ck at Hockamik Rd near Cookstown NJ","state":"New Jersey","huc":"020402010101","type":"ST","d0":"2026-09-07","t":[23.0,22.1,22.2,23.3,23.4,22.0,22.7,22.7,21.2,20.3,21.8,22.7,21.2,20.4,20.8,19.6,18.5,17.4,16.8,15.6,15.7,16.5,17.1,18.2,19.3,20.4,20.4,18.6,18.0,16.3],"q":[15.2,11.1,8.43,7.12,5.84,5.08,63.4,31.0,12.5,9.46,8.2,7.53,6.69,6.22,32.1,16.8,12.6,10.4,24.3,65.6,232,365,184,88.8,50.8,38.9,41.1,34.6,35.4,25.6],"latest":{"d":"2026-10-06","t":16.3,"q":25.6}}},{"type":"Feature","geometry":{"type":"Point","coordinates":[-74.6,40.13722]},"properties":{"site":"01464500","name":"Crosswicks Creek at Extonville NJ","state":"New Jersey","huc":"020402010103","type":"ST","d0":"2026-09-07","t":[21.8,21.0,21.6,22.9,22.9,21.5,21.6,22.5,20.2,19.9,21.3,22.3,20.9,19.8,20.0,19.3,18.2,17.0,16.2,15.4,15.5,16.4,17.0,17.8,18.8,19.7,19.8,18.3,17.5,15.8],"q":[46.4,40.3,34.4,31.2,28.8,26.4,112,217,73.2,46.0,38.1,35.3,32.9,32.0,88.9,81.5,54.8,43.7,37.2,127,610,1560,887,278,151,112,102,99.1,111,90.3],"latest":{"d":"2026-10-06","t":15.8,"q":90.3}}},{"type":"Feature","geometry":{"type":"Point","coordinates":[-74.95683,40.174]},"properties":{"site":"01465500","name":"Neshaminy Creek near Langhorne, PA","state":"Pennsylvania","huc":"020402010303","type":"ST","d0":"2026-09-07","t":[23.0,22.4,22.9,24.2,24.1,23.0,22.9,22.8,21.2,21.3,22.8,23.7,22.4,21.3,21.0,20.0,18.6,17.7,16.9,16.3,16.3,17.4,18.1,18.8,19.7,20.7,20.4,18.5,17.8,null],"q":[178,158,148,139,135,121,267,246,155,140,124,118,109,130,592,289,254,179,151,174,1390,1290,602,372,275,239,206,186,181,null],"latest":{"d":"2026-10-05","t":17.8,"q":181}}},{"type":"Feature","geometry":{"type":"Point","coordinates":[-74.50528,39.885]},"properties":{"site":"01466500","name":"McDonalds Branch in Byrne State Forest NJ","state":"New Jersey","huc":"020402020102","type":"ST","d0":"2026-09-07","t":[18.6,18.3,19.5,20.9,20.9,19.2,19.1,18.4,17.2,16.9,18.8,19.8,18.6,18.4,18.2,17.3,16.7,15.7,14.8,15.1,16.0,15.9,15.9,16.0,16.2,16.5,16.2,16.0,15.8,14.7],"q":[0.84,0.84,0.84,0.83,0.82,0.82,0.91,0.87,0.85,0.84,0.84,0.83,0.82,0.82,0.85,0.85,0.84,0.84,0.82,0.87,1.43,1.25,1.08,1.02,0.98,0.97,0.96,0.97,0.96,0.94],"latest":{"d":"2026-10-06","t":14.7,"q":0.94}}},{"type":"Feature","geometry":{"type":"Point","coordinates":[-74.62778,39.95611]},"properties":{"site":"01466900","name":"Greenwood Branch at New Lisbon NJ","state":"New Jersey","huc":"020402020102","type":"ST","d0":"2026-09-07","t":[21.4,20.4,20.6,21.8,22.1,20.6,20.6,21.5,19.5,18.3,19.7,20.8,20.1,19.1,19.1,18.6,17.8,16.8,15.8,15.2,15.3,16.1,16.7,17.4,18.3,19.2,19.4,18.2,17.5,15.7],"q":[35.7,32.5,29.6,27.0,25.2,24.7,30.3,35.3,28.6,26.0,24.8,24.5,23.7,23.8,31.2,36.0,34.0,30.2,27.5,33.9,82.5,239,281,177,131,100,79.8,72.8,71.9,67.8],"latest":{"d":"2026-10-06","t":15.7,"q":67.8}}},{"type":"Feature","geometry":{"type":"Point","coordinates":[-74.68444,39.97]},"properties":{"site":"01467000","name":"North Branch Rancocas Creek at Pemberton NJ","state":"New Jersey","huc":"020402020103","type":"ST","d0":"2026-09-07","t":[22.8,21.9,21.6,22.3,22.9,22.4,22.1,22.4,21.5,20.5,20.8,21.5,21.7,20.9,20.4,19.8,18.9,18.1,17.1,16.2,16.0,16.6,16.9,17.6,18.5,19.4,19.7,19.0,18.2,16.8],"q":[66.0,58.2,52.1,47.0,44.9,44.3,75.0,77.2,55.8,44.8,39.9,36.3,33.8,35.3,54.0,59.5,55.1,45.7,39.7,68.6,269,450,447,312,210,157,136,122,121,109],"latest":{"d":"2026-10-06","t":16.8,"q":109}}},{"type":"Feature","geometry":{"type":"Point","coordinates":[-75.00111,39.94167]},"properties":{"site":"01467081","name":"South Branch Pennsauken Creek at Cherry Hill NJ","state":"New Jersey","huc":"020402020401","type":"ST","d0":"2026-09-07","t":[21.2,20.5,21.5,22.6,22.5,21.3,22.5,22.3,19.8,19.7,21.3,22.1,20.8,20.4,21.4,null,null,16.4,15.8,15.9,16.2,17.3,18.1,18.8,19.5,20.6,20.2,18.3,17.6,15.6],"q":[2.67,2.37,2.28,2.07,2.15,2.07,43.0,7.12,3.08,2.51,2.32,2.03,1.96,8.85,39.7,null,null,3.68,2.94,58.2,292,95.9,12.4,7.12,5.25,10.8,11.1,10.3,10.3,5.32],"latest":{"d":"2026-10-06","t":15.6,"q":5.32}}},{"type":"Feature","geometry":{"type":"Point","coordinates":[-75.09684,40.01595]},"properties":{"site":"01467087","name":"Frankford Creek at Castor Ave, Philadelphia, PA","state":"Pennsylvania","huc":"020402020402","type":"ST","d0":"2026-09-07","t":[23.1,22.3,22.7,23.8,24.0,23.1,22.6,22.9,21.6,21.0,22.1,null,22.2,21.4,21.2,19.8,18.0,17.2,16.5,16.4,16.6,17.6,18.0,18.9,19.7,20.7,20.8,18.8,17.7,16.3],"q":[10.6,10.6,10.6,10.6,10.4,9.81,336,14.7,11.6,11.6,11.7,null,11.1,271,130,36.1,15.2,12.6,12.1,59.7,375,54.1,24.4,21.7,18.6,37.9,20.6,17.2,17.3,16.7],"latest":{"d":"2026-10-06","t":16.3,"q":16.7}}},{"type":"Feature","geometry":{"type":"Point","coordinates":[-75.02139,39.90306]},"properties":{"site":"01467150","name":"Cooper River at Haddonfield NJ","state":"New Jersey","huc":"020402020404","type":"ST","d0":"2026-09-07","t":[23.6,23.2,null,24.5,24.3,null,23.1,23.7,21.9,22.1,23.3,null,22.7,21.4,21.3,null,18.4,17.1,16.1,15.4,15.8,17.3,18.2,19.4,20.3,null,null,18.5,18.0,16.6],"q":[6.79,6.32,6.69,6.63,6.53,5.63,73.7,23.9,9.52,6.77,6.54,6.35,6.11,6.16,21.5,40.1,18.3,9.12,7.65,50.1,295,124,30.8,16.3,11.4,10.5,13.4,17.9,15.8,9.58],"latest":{"d":"2026-10-06","t":16.6,"q":9.58}}},{"type":"Feature","geometry":{"type":"Point","coordinates":[-76.17159,40.41334]},"properties":{"site":"01470779","name":"Tulpehocken Creek near Bernville, PA","state":"Pennsylvania","huc":"020402030403","type":"ST","d0":"2026-09-07","t":[18.5,18.4,19.4,21.0,21.0,19.0,19.6,19.8,17.4,18.2,19.8,20.2,19.0,18.5,18.1,16.9,16.0,15.3,15.2,15.6,15.3,16.2,16.8,17.4,17.7,18.4,17.6,16.0,16.0,14.0],"q":[70.1,62.1,50.1,45.9,44.3,42.4,42.6,40.9,46.8,47.9,49.1,52.1,39.7,56.0,59.3,63.4,65.6,59.2,54.7,60.5,76.4,71.3,54.8,51.4,49.9,47.3,45.3,44.8,44.1,51.5],"latest":{"d":"2026-10-06","t":14.0,"q":51.5}}},{"type":"Feature","geometry":{"type":"Point","coordinates":[-76.02519,40.37057]},"properties":{"site":"01470960","name":"Tulpehocken Cr at Blue Marsh Damsite near Reading","state":"Pennsylvania","huc":"020402030409","type":"ST","d0":"2026-09-07","t":[22.5,22.6,22.6,22.7,22.3,21.9,22.1,21.9,21.7,22.0,22.0,22.1,21.7,21.7,21.8,22.1,22.0,21.7,21.3,20.5,20.1,20.2,19.8,19.2,19.0,18.8,18.7,18.6,18.7,18.2],"q":[94.5,168,200,203,146,122,124,100,70.3,62.5,64.4,65.4,66.4,68.7,129,214,233,191,105,84.6,84.6,148,177,175,112,99.1,106,106,88.7,60.4],"latest":{"d":"2026-10-06","t":18.2,"q":60.4}}},{"type":"Feature","geometry":{"type":"Point","coordinates":[-75.74214,40.33954]},"properties":{"site":"01471875","name":"Manatawny Creek near Spangsville, PA","state":"Pennsylvania","huc":"020402030503","type":"ST","d0":"2026-09-07","t":[20.3,20.0,20.8,22.2,22.0,20.4,21.2,20.8,18.7,19.3,20.6,21.4,20.2,19.3,19.0,17.7,16.6,16.0,15.9,16.0,15.8,16.4,16.9,17.8,18.4,19.0,18.4,16.8,16.5,14.5],"q":[20.9,19.0,18.3,18.9,17.8,16.8,20.1,20.0,16.9,15.8,16.2,16.7,15.5,38.0,51.2,49.4,32.7,23.5,21.2,21.2,51.4,76.2,41.6,29.7,26.2,24.6,23.3,22.2,22.9,21.4],"latest":{"d":"2026-10-06","t":14.5,"q":21.4}}},{"type":"Feature","geometry":{"type":"Point","coordinates":[-75.6013,40.15149]},"properties":{"site":"01472157","name":"French Creek near Phoenixville, PA","state":"Pennsylvania","huc":"020402030702","type":"ST","d0":"2026-09-07","t":[20.4,20.0,21.1,22.8,22.4,20.8,21.6,21.1,18.7,19.4,21.1,22.0,20.3,19.9,19.8,18.0,16.7,15.9,15.8,15.7,15.5,16.3,17.0,17.8,18.4,19.2,18.5,16.9,16.3,14.1],"q":[27.4,24.1,22.0,20.8,19.6,18.5,22.0,21.6,19.8,17.4,17.4,18.0,17.4,85.1,486,179,106,53.2,40.1,37.3,222,236,98.6,63.6,52.2,45.7,41.9,38.3,39.1,34.4],"latest":{"d":"2026-10-06","t":14.1,"q":34.4}}},{"type":"Feature","geometry":{"type":"Point","coordinates":[-75.45157,40.22955]},"properties":{"site":"01473000","name":"Perkiomen Creek at Graterford, PA","state":"Pennsylvania","huc":"020402030809","type":"ST","d0":"2026-09-07","t":[22.8,22.5,23.1,24.8,24.8,23.1,23.7,23.3,21.1,21.6,23.1,24.2,22.8,21.1,20.5,19.1,18.2,17.8,17.5,16.8,16.5,17.3,17.9,19.1,20.1,20.9,20.3,18.3,18.0,16.2],"q":[121,105,94.8,91.0,84.3,84.7,105,106,95.6,92.1,91.0,90.6,87.7,191,509,281,228,154,121,108,443,778,397,235,177,151,131,115,111,103],"latest":{"d":"2026-10-06","t":16.2,"q":103}}},{"type":"Feature","geometry":{"type":"Point","coordinates":[-75.46075,40.07927]},"properties":{"site":"01473169","name":"Valley Creek at PA Turnpike Br near Valley Forge","state":"Pennsylvania","huc":"020402031004","type":"ST","d0":"2026-09-07","t":[17.7,17.3,18.2,19.3,18.7,17.7,18.7,18.5,16.5,17.1,18.3,18.7,17.8,18.0,19.5,17.0,15.8,14.9,14.9,14.9,15.5,16.2,16.4,16.7,17.0,17.5,17.1,15.7,15.6,13.9],"q":[16.5,16.0,15.4,14.7,14.5,14.3,30.3,15.6,14.4,14.3,14.1,14.0,13.7,75.9,91.6,55.8,25.3,21.5,19.8,31.8,141,48.3,30.2,26.7,24.9,27.6,26.1,23.4,22.2,21.4],"latest":{"d":"2026-10-06","t":13.9,"q":21.4}}},{"type":"Feature","geometry":{"type":"Point","coordinates":[-75.3449,40.12733]},"properties":{"site":"01473470","name":"Stony Creek at Sterigere Street at Norristown, PA","state":"Pennsylvania","huc":"020402031005","type":"ST","d0":"2026-09-07","t":[21.0,20.4,21.1,22.4,22.5,21.1,21.6,21.4,19.5,19.8,21.0,21.8,20.8,20.1,20.6,18.5,17.4,16.5,16.1,16.0,16.2,17.3,17.7,18.6,19.1,19.8,19.4,17.6,16.9,15.0],"q":[10.4,9.15,8.3,7.9,7.6,6.82,14.5,8.58,6.55,6.71,7.14,6.83,6.19,94.7,71.8,44.0,18.5,12.6,10.4,20.4,229,79.8,33.0,23.0,18.4,22.1,16.1,13.0,12.5,11.1],"latest":{"d":"2026-10-06","t":15.0,"q":11.1}}},{"type":"Feature","geometry":{"type":"Point","coordinates":[-75.35611,40.11556]},"properties":{"site":"01473500","name":"Schuylkill River at Norristown, PA","state":"Pennsylvania","huc":"020402031006","type":"ST","d0":"2026-09-07","t":[24.8,24.5,24.6,25.0,25.5,25.2,24.9,24.7,24.2,23.9,24.2,24.6,24.3,23.3,22.3,20.9,19.5,18.7,18.5,17.9,17.3,17.4,18.1,19.0,19.8,21.1,21.6,20.5,19.6,18.8],"q":[1370,1090,1000,971,969,923,1110,926,875,825,748,733,707,1280,4260,2720,2380,1830,1460,1330,3010,3930,2870,2080,1770,1550,1400,1290,1220,1140],"latest":{"d":"2026-10-06","t":18.8,"q":1140}}},{"type":"Feature","geometry":{"type":"Point","coordinates":[-75.2199,40.124]},"properties":{"site":"01473900","name":"Wissahickon Creek at Fort Washington, PA","state":"Pennsylvania","huc":"020402030902","type":"ST","d0":"2026-09-07","t":[21.2,20.6,21.5,22.8,22.6,21.3,21.8,21.7,19.6,20.0,21.6,22.4,21.1,20.2,20.8,19.0,17.8,16.9,16.7,16.4,16.5,17.8,18.3,19.0,19.5,20.2,19.6,17.9,17.4,15.5],"q":[37.2,34.0,31.6,30.2,28.6,27.7,95.8,38.2,30.9,28.0,26.4,25.6,24.1,90.3,211,90.0,51.2,40.2,36.2,69.3,506,233,91.2,68.2,59.0,61.7,51.5,46.9,45.5,41.6],"latest":{"d":"2026-10-06","t":15.5,"q":41.6}}},{"type":"Feature","geometry":{"type":"Point","coordinates":[-75.20683,40.01529]},"properties":{"site":"01474000","name":"Wissahickon Creek at Mouth, Philadelphia, PA","state":"Pennsylvania","huc":"020402030902","type":"ST","d0":"2026-09-07","t":[21.5,20.7,21.1,22.3,22.6,21.7,21.6,21.8,20.1,19.7,20.6,21.5,21.2,20.5,20.7,19.4,18.0,16.8,16.3,16.2,16.0,17.3,17.7,18.4,18.9,19.5,19.4,18.2,17.2,15.6],"q":[65.4,61.8,57.5,54.4,53.4,52.9,240,75.2,60.8,57.3,49.7,53.0,52.1,122,353,130,90.3,70.2,64.0,95.3,643,373,146,108,91.6,89.1,94.6,79.6,76.3,73.6],"latest":{"d":"2026-10-06","t":15.6,"q":73.6}}},{"type":"Feature","geometry":{"type":"Point","coordinates":[-75.1885,39.96779]},"properties":{"site":"01474500","name":"Schuylkill River at Philadelphia, PA","state":"Pennsylvania","huc":"020402031008","type":"ST","d0":"2026-09-07","t":[25.5,25.5,25.0,25.6,25.4,25.1,25.2,24.4,24.0,24.0,24.4,25.0,24.3,23.9,22.9,21.9,20.4,19.5,18.7,17.9,17.3,17.4,17.9,18.8,19.5,20.5,20.9,20.6,20.3,19.8],"q":[1190,862,782,767,739,686,1200,776,634,591,539,510,511,901,4240,2490,2130,1550,1170,1090,3250,3840,2750,1820,1460,1260,1100,964,911,830],"latest":{"d":"2026-10-06","t":19.8,"q":830}}},{"type":"Feature","geometry":{"type":"Point","coordinates":[-75.27241,39.929]},"properties":{"site":"01475510","name":"Darby Creek near Darby, PA","state":"Pennsylvania","huc":"020402020505","type":"ST","d0":"2026-09-07","t":[21.9,21.4,22.4,23.6,23.3,22.0,22.2,22.0,20.1,20.5,22.1,22.9,21.7,20.8,21.2,18.9,17.6,16.6,16.3,16.1,16.0,17.2,18.1,18.8,19.4,20.2,19.6,18.0,17.3,15.4],"q":[24.1,22.4,21.0,20.6,19.7,19.5,177,27.3,19.8,18.4,18.0,17.2,16.6,67.7,242,106,40.7,29.3,26.1,67.1,436,164,58.4,43.8,38.5,51.6,53.4,41.7,42.3,38.5],"latest":{"d":"2026-10-06","t":15.4,"q":38.5}}},{"type":"Feature","geometry":{"type":"Point","coordinates":[-75.27989,39.97474]},"properties":{"site":"01475530","name":"Cobbs Cr at U.S. Hghwy No. 1 at Philadelphia, PA","state":"Pennsylvania","huc":"020402020504","type":"ST","d0":"2026-09-07","t":[20.9,20.4,21.5,22.5,22.1,21.0,22.0,21.4,19.1,19.7,21.3,21.9,20.5,20.1,20.7,18.3,17.2,16.1,15.8,16.0,16.4,17.4,17.8,18.5,18.9,19.9,18.9,17.3,16.8,14.7],"q":[2.16,2.03,1.84,1.68,1.74,1.71,53.4,2.75,2.3,2.14,1.85,1.85,1.78,34.0,11.6,11.3,3.3,2.84,2.64,6.22,67.5,9.35,4.31,3.73,3.44,5.12,3.39,3.55,2.96,3.03],"latest":{"d":"2026-10-06","t":14.7,"q":3.03}}},{"type":"Feature","geometry":{"type":"Point","coordinates":[-75.18444,39.68611]},"properties":{"site":"01477070","name":"Raccoon Creek at Wrights Mill NJ","state":"New Jersey","huc":"020402020606","type":"ST","d0":"2026-09-07","t":[23.7,23.5,24.3,24.3,24.2,23.8,23.7,23.5,22.8,22.9,23.6,23.6,23.1,22.6,22.2,21.0,19.7,18.6,17.6,16.6,16.1,16.5,17.7,18.9,19.8,20.7,19.9,19.0,18.6,17.6],"q":[4.18,4.2,4.04,3.81,3.8,3.71,7.37,5.49,3.9,3.71,3.79,3.75,3.46,3.83,5.0,6.09,5.79,4.47,4.08,5.39,18.0,13.2,8.17,6.93,6.43,6.02,5.74,6.15,5.93,5.23],"latest":{"d":"2026-10-06","t":17.6,"q":5.23}}},{"type":"Feature","geometry":{"type":"Point","coordinates":[-75.25917,39.74056]},"properties":{"site":"01477120","name":"Raccoon Creek near Swedesboro NJ","state":"New Jersey","huc":"020402020606","type":"ST","d0":"2026-09-07","t":[21.4,20.8,21.8,22.7,22.5,21.1,22.3,22.0,19.8,19.9,21.4,22.0,21.0,20.7,20.6,null,17.6,16.5,16.1,15.8,15.9,16.9,17.9,18.4,19.1,19.8,19.3,17.9,17.4,15.5],"q":[20.2,19.0,18.3,17.6,17.2,16.7,88.2,30.7,20.1,18.0,17.3,16.9,16.3,16.4,21.9,null,25.6,19.7,17.6,22.1,222,135,42.1,29.1,25.3,23.9,24.3,23.7,24.8,22.1],"latest":{"d":"2026-10-06","t":15.5,"q":22.1}}},{"type":"Feature","geometry":{"type":"Point","coordinates":[-75.72789,39.63739]},"properties":{"site":"01478000","name":"CHRISTINA RIVER AT COOCHS BRIDGE, DE","state":"Delaware","huc":"020402050502","type":"ST","d0":"2026-09-07","t":[21.6,21.1,21.8,22.6,22.7,21.7,22.4,22.2,20.3,20.3,21.3,22.3,21.4,21.4,21.2,19.2,17.6,16.6,16.3,16.2,16.2,17.2,18.1,18.5,19.0,19.7,19.4,18.3,17.6,15.8],"q":[8.83,7.72,8.35,8.63,9.38,9.7,32.5,12.4,9.62,9.33,14.4,12.7,9.51,10.2,17.4,62.1,24.5,11.7,9.14,14.4,202,40.4,16.7,12.7,11.2,11.8,14.0,10.3,10.2,9.15],"latest":{"d":"2026-10-06","t":15.8,"q":9.15}}},{"type":"Feature","geometry":{"type":"Point","coordinates":[-75.78324,39.85835]},"properties":{"site":"01478100","name":"EB White Clay Creek Trib near London Grove, PA","state":"Pennsylvania","huc":"020402050303","type":"ST","d0":"2026-09-07","t":[17.9,17.4,18.5,19.5,19.1,18.1,19.5,18.8,16.5,17.0,18.3,18.9,18.0,18.0,17.9,16.4,15.5,14.5,14.6,14.8,15.0,16.0,16.4,16.6,17.0,17.6,17.0,15.9,15.6,13.2],"q":[2.11,1.99,1.96,1.91,1.88,1.83,5.69,2.27,1.97,1.97,1.97,1.94,1.78,2.05,2.04,3.85,2.59,2.14,2.03,2.24,6.58,3.76,2.76,2.52,2.37,2.61,2.52,2.33,2.32,2.16],"latest":{"d":"2026-10-06","t":13.2,"q":2.16}}},{"type":"Feature","geometry":{"type":"Point","coordinates":[-75.77911,39.82178]},"properties":{"site":"01478137","name":"Trout Run at Avondale, PA","state":"Pennsylvania","huc":"020402050303","type":"ST","d0":"2026-09-07","t":[19.7,19.2,20.3,21.4,20.9,19.6,21.3,21.0,18.6,18.7,19.8,20.5,19.6,19.4,19.3,17.5,16.4,15.5,15.7,15.6,15.7,16.8,17.5,17.7,19.1,20.1,18.6,17.0,16.9,14.4],"q":[0.56,0.53,0.51,0.51,0.5,0.5,2.49,0.62,0.52,0.48,0.48,0.5,0.47,0.5,0.52,0.92,0.66,0.52,0.49,0.61,3.85,1.05,0.69,0.61,0.57,1.17,0.78,0.61,0.59,0.55],"latest":{"d":"2026-10-06","t":14.4,"q":0.55}}},{"type":"Feature","geometry":{"type":"Point","coordinates":[-75.84508,39.83258]},"properties":{"site":"01478185","name":"Middle Branch White Clay Creek near West Grove,PA","state":"Pennsylvania","huc":"020402050301","type":"ST","d0":"2026-09-07","t":[18.8,18.4,19.4,20.3,19.9,18.9,20.1,19.7,17.6,17.9,19.0,19.7,18.8,18.6,18.6,16.9,15.8,15.1,15.1,15.0,15.1,16.1,16.7,17.0,17.6,18.3,17.8,16.3,16.1,14.2],"q":[0.9,0.83,0.81,0.79,0.78,0.77,5.46,0.97,0.79,0.78,0.8,0.82,0.75,0.88,0.91,2.98,1.38,0.94,0.83,0.98,17.2,2.46,1.34,1.16,1.07,1.35,1.41,1.14,1.15,0.99],"latest":{"d":"2026-10-06","t":14.2,"q":0.99}}},{"type":"Feature","geometry":{"type":"Point","coordinates":[-75.79605,39.76567]},"properties":{"site":"01478220","name":"West Branch White Clay Creek near Chesterville, PA","state":"Pennsylvania","huc":"020402050302","type":"ST","d0":"2026-09-07","t":[19.9,19.5,20.6,21.8,21.4,20.2,21.1,20.8,18.4,18.8,20.1,20.9,20.0,20.0,19.8,17.9,16.7,15.6,15.7,15.7,15.6,16.7,17.5,17.8,18.4,18.8,18.3,17.1,16.9,14.5],"q":[6.21,5.81,5.56,5.32,5.26,5.18,21.3,7.13,5.74,5.46,7.18,6.57,5.61,5.88,6.55,10.5,9.56,6.85,6.01,6.68,35.4,13.0,8.57,7.42,6.87,7.57,8.24,6.93,6.77,6.31],"latest":{"d":"2026-10-06","t":14.5,"q":6.31}}},{"type":"Feature","geometry":{"type":"Point","coordinates":[-75.77083,39.7475]},"properties":{"site":"01478245","name":"White Clay Creek near Strickersville, PA","state":"Pennsylvania","huc":"020402050306","type":"ST","d0":"2026-09-07","t":[20.1,19.7,20.8,22.1,21.8,20.5,21.3,21.1,18.6,18.9,20.4,21.3,20.3,20.2,20.0,18.1,16.7,15.6,15.6,15.7,15.5,16.7,17.6,18.0,18.6,19.1,18.7,17.3,16.9,14.6],"q":[37.3,34.9,33.2,32.3,31.6,30.5,114,44.0,34.1,32.3,35.0,34.5,31.2,32.2,35.4,52.3,51.0,35.7,32.3,34.3,176,78.2,49.0,42.7,39.9,41.4,52.6,39.3,38.8,36.1],"latest":{"d":"2026-10-06","t":14.6,"q":36.1}}},{"type":"Feature","geometry":{"type":"Point","coordinates":[-75.74875,39.68922]},"properties":{"site":"01478650","name":"WHITE CLAY CREEK AT NEWARK, DE","state":"Delaware","huc":"020402050306","type":"ST","d0":"2026-09-07","t":[21.5,20.9,21.8,23.0,23.0,21.8,22.1,22.0,20.1,20.0,21.3,22.1,21.4,21.3,21.0,19.2,17.4,16.4,16.2,16.3,15.9,16.8,18.0,18.5,19.2,19.7,19.5,18.2,17.6,15.7],"q":[33.7,30.4,30.4,25.1,24.3,23.0,94.6,63.3,34.8,25.6,27.1,28.2,25.5,28.0,31.1,52.8,59.9,29.9,25.0,27.1,167,102,62.1,45.2,43.8,42.7,62.0,42.0,38.6,33.7],"latest":{"d":"2026-10-06","t":15.7,"q":33.7}}},{"type":"Feature","geometry":{"type":"Point","coordinates":[-75.69508,39.70689]},"properties":{"site":"01478950","name":"PIKE CREEK NEAR NEWARK, DE","state":"Delaware","huc":"020402050308","type":"ST","d0":"2026-09-07","t":[20.6,20.0,21.2,22.3,22.0,20.9,22.1,21.5,19.0,19.4,20.9,21.7,20.6,20.6,20.2,18.2,17.0,16.0,15.9,16.1,16.2,17.3,18.1,18.4,18.9,19.5,18.9,17.6,17.1,14.7],"q":[1.98,2.08,1.91,1.88,1.84,1.81,8.76,2.14,1.78,1.78,3.56,2.03,1.75,1.86,3.58,10.0,3.66,1.98,1.84,3.17,41.9,8.16,3.77,2.98,2.66,4.35,3.55,2.37,2.55,2.12],"latest":{"d":"2026-10-06","t":14.7,"q":2.12}}},{"type":"Feature","geometry":{"type":"Point","coordinates":[-75.67503,39.69922]},"properties":{"site":"01479000","name":"WHITE CLAY CREEK NEAR NEWARK, DE","state":"Delaware","huc":"020402050308","type":"ST","d0":"2026-09-07","t":[22.0,21.5,22.3,23.4,23.4,22.1,22.7,22.1,20.5,20.5,21.9,22.7,21.6,21.6,21.3,19.0,17.6,16.5,16.4,16.4,16.1,17.0,18.1,18.7,19.3,20.0,19.6,18.3,17.7,15.8],"q":[40.1,38.6,38.0,31.0,29.6,28.3,128,69.0,42.7,30.2,37.0,36.6,30.3,34.1,45.2,108,77.6,39.0,31.8,41.2,378,150,69.6,52.3,49.1,51.5,66.7,48.1,45.4,40.1],"latest":{"d":"2026-10-06","t":15.8,"q":40.1}}},{"type":"Feature","geometry":{"type":"Point","coordinates":[-75.6365,39.76281]},"properties":{"site":"01480000","name":"RED CLAY CREEK AT WOODDALE, DE","state":"Delaware","huc":"020402050307","type":"ST","d0":"2026-09-07","t":[21.3,20.9,21.8,22.9,22.7,21.8,21.9,21.7,20.0,20.1,21.3,22.0,21.4,21.2,21.1,19.0,17.6,16.5,16.4,16.3,15.6,16.6,17.8,18.5,18.9,19.7,19.2,18.1,17.5,15.4],"q":[35.5,33.2,31.3,29.8,28.6,27.9,82.9,41.6,30.4,28.6,28.3,28.6,27.0,27.7,30.1,40.5,43.9,30.4,28.2,28.4,153,80.8,45.5,38.4,35.6,35.8,56.2,35.8,34.9,32.0],"latest":{"d":"2026-10-06","t":15.4,"q":32.0}}},{"type":"Feature","geometry":{"type":"Point","coordinates":[-75.84494,40.02733]},"properties":{"site":"01480400","name":"Birch Run near Wagontown, PA","state":"Pennsylvania","huc":"020402050202","type":"ST","d0":"2026-09-07","t":[19.7,19.8,20.2,20.5,20.2,20.1,20.4,20.1,19.2,19.8,20.3,20.2,19.9,20.1,19.9,19.3,19.2,18.8,18.7,18.5,18.1,17.8,17.9,18.0,18.1,18.3,17.8,17.6,17.6,16.9],"q":[2.05,2.03,2.03,2.03,2.03,2.03,2.05,2.03,3.14,2.28,2.3,2.3,2.29,2.38,2.36,2.34,2.22,2.25,2.26,2.28,2.38,2.35,2.29,2.28,2.29,2.33,2.13,2.06,2.03,1.94],"latest":{"d":"2026-10-06","t":16.9,"q":1.94}}},{"type":"Feature","geometry":{"type":"Point","coordinates":[-75.82745,39.98566]},"properties":{"site":"01480500","name":"West Branch Brandywine Creek at Coatesville, PA","state":"Pennsylvania","huc":"020402050202","type":"ST","d0":"2026-09-07","t":[19.6,19.1,20.2,21.5,21.4,19.9,20.8,20.6,17.9,18.3,20.2,21.0,19.6,19.3,19.3,17.5,16.5,15.4,15.3,15.6,15.3,16.1,17.0,17.5,18.0,18.7,18.3,16.7,16.4,14.1],"q":[20.5,16.9,18.5,15.1,13.0,11.8,13.6,12.7,14.1,13.3,12.3,11.9,10.5,16.3,41.9,53.8,38.8,21.5,15.1,14.6,62.4,65.6,36.4,25.1,22.0,16.7,16.0,15.1,18.9,16.8],"latest":{"d":"2026-10-06","t":14.1,"q":16.8}}},{"type":"Feature","geometry":{"type":"Point","coordinates":[-75.80133,39.96177]},"properties":{"site":"01480617","name":"West Branch Brandywine Creek at Modena, PA","state":"Pennsylvania","huc":"020402050202","type":"ST","d0":"2026-09-07","t":[19.9,19.7,20.6,21.7,21.5,20.5,21.3,21.1,19.1,19.5,20.9,21.7,20.7,20.2,19.9,18.0,17.1,16.5,16.6,16.6,16.1,16.7,17.7,18.3,18.9,19.6,19.1,17.7,17.4,15.5],"q":[46.0,39.1,40.4,34.6,32.6,29.3,36.6,28.7,30.6,30.3,27.0,27.4,24.4,34.9,62.7,90.1,60.9,37.9,27.7,29.1,108,101,56.9,42.7,38.7,31.6,30.7,29.3,34.0,29.8],"latest":{"d":"2026-10-06","t":15.5,"q":29.8}}},{"type":"Feature","geometry":{"type":"Point","coordinates":[-75.823,39.92955]},"properties":{"site":"01480629","name":"Buck Run at Doe Run, PA","state":"Pennsylvania","huc":"020402050204","type":"ST","d0":"2026-09-07","t":[20.0,19.7,20.6,21.8,22.0,20.6,21.2,21.2,19.3,19.2,20.6,21.4,20.7,20.4,19.9,18.3,16.9,16.2,16.1,16.2,15.8,16.7,17.7,18.3,18.9,19.5,19.3,18.0,17.3,15.4],"q":[26.0,23.3,21.3,19.8,19.1,18.0,23.8,18.1,16.3,15.8,15.9,16.3,14.7,15.7,17.6,29.6,20.9,16.0,14.6,14.4,38.0,27.5,19.8,17.0,15.9,15.4,15.0,14.3,14.5,13.4],"latest":{"d":"2026-10-06","t":15.4,"q":13.4}}},{"type":"Feature","geometry":{"type":"Point","coordinates":[-75.67327,39.96872]},"properties":{"site":"01480870","name":"East Branch Brandywine Creek below Downingtown, PA","state":"Pennsylvania","huc":"020402050105","type":"ST","d0":"2026-09-07","t":[21.1,20.8,21.8,22.8,22.4,21.3,21.9,21.6,19.5,20.0,21.6,22.2,21.0,20.4,20.3,18.6,18.0,17.5,17.5,17.2,16.4,17.1,18.3,18.8,19.4,20.0,19.5,18.0,17.8,15.7],"q":[83.8,77.0,70.3,67.4,62.6,60.4,83.3,61.5,55.0,53.0,52.6,54.2,50.7,69.6,182,219,135,98.6,86.4,85.1,271,235,139,114,103,96.4,91.2,82.6,79.7,72.1],"latest":{"d":"2026-10-06","t":15.7,"q":72.1}}},{"type":"Feature","geometry":{"type":"Point","coordinates":[-75.59326,39.86983]},"properties":{"site":"01481000","name":"Brandywine Creek at Chadds Ford, PA","state":"Pennsylvania","huc":"020402050401","type":"ST","d0":"2026-09-07","t":[21.3,21.0,21.8,22.9,23.0,21.8,22.0,22.1,20.3,20.2,21.6,22.5,21.8,21.0,20.6,19.1,17.6,16.9,16.7,16.5,16.1,16.8,17.9,18.5,19.2,20.0,19.8,18.3,17.7,16.2],"q":[271,242,230,217,201,194,315,218,186,183,176,181,171,192,369,442,384,256,227,221,660,620,384,302,274,259,257,230,227,214],"latest":{"d":"2026-10-06","t":16.2,"q":214}}},{"type":"Feature","geometry":{"type":"Point","coordinates":[-75.57669,39.7695]},"properties":{"site":"01481500","name":"BRANDYWINE CREEK AT WILMINGTON, DE","state":"Delaware","huc":"020402050403","type":"ST","d0":"2026-09-07","t":[22.2,21.8,22.5,23.5,23.8,22.6,22.9,22.7,null,21.0,22.2,23.0,22.6,22.0,null,null,18.1,17.0,16.9,16.7,16.1,16.8,17.9,18.6,19.4,20.2,20.2,18.9,18.2,16.8],"q":[329,291,271,253,232,222,402,285,214,205,199,201,191,197,null,null,451,293,253,238,714,742,439,347,311,295,302,256,248,234],"latest":{"d":"2026-10-06","t":16.8,"q":234},"sensor":"Upstream"}},{"type":"Feature","geometry":{"type":"Point","coordinates":[-75.70947,39.43097]},"properties":{"site":"01483155","name":"SILVER LAKE TRIBUTARY AT MIDDLETOWN, DE","state":"Delaware","huc":"020402050802","type":"ST","d0":"2026-09-07","t":[17.9,17.7,18.4,18.8,18.5,18.2,18.9,18.4,17.0,17.3,18.0,18.3,17.9,18.1,17.9,16.8,16.2,15.5,15.4,15.4,15.5,16.3,16.8,16.8,17.2,17.4,16.7,16.3,16.2,14.4],"q":[3.12,3.05,3.03,3.06,3.25,3.25,3.68,3.28,3.21,3.36,3.46,3.38,3.33,3.44,3.5,4.86,4.12,3.37,3.2,3.47,11.2,5.42,3.51,2.89,2.72,2.74,2.82,2.89,2.81,2.74],"latest":{"d":"2026-10-06","t":14.4,"q":2.74}}},{"type":"Feature","geometry":{"type":"Point","coordinates":[-75.51908,39.16372]},"properties":{"site":"01483700","name":"ST JONES RIVER AT DOVER, DE","state":"Delaware","huc":"020402070301","type":"ST","d0":"2026-09-07","t":[26.0,25.4,25.7,25.9,25.4,24.5,null,25.3,23.0,23.1,24.3,24.6,23.6,23.7,23.3,21.1,20.6,19.9,19.3,19.6,17.7,17.6,18.8,19.6,19.9,21.7,21.3,20.1,19.9,18.6],"q":[17.6,8.57,7.23,5.27,8.31,16.0,16.1,7.76,8.78,5.93,3.12,2.8,11.6,7.27,20.2,56.9,115,151,118,221,204,109,56.7,26.3,16.9,10.2,17.6,36.6,17.2,6.73],"latest":{"d":"2026-10-06","t":18.6,"q":6.73}}},{"type":"Feature","geometry":{"type":"Point","coordinates":[-75.51275,38.90578]},"properties":{"site":"01484100","name":"BEAVERDAM BRANCH AT HOUSTON, DE","state":"Delaware","huc":"020402070501","type":"ST","d0":"2026-09-07","t":[19.2,19.2,20.1,20.9,20.5,19.9,20.8,20.2,18.0,null,null,20.1,19.6,19.8,19.3,17.6,16.8,15.9,15.4,15.1,15.8,16.8,17.4,17.4,18.0,18.6,17.6,17.0,16.7,14.4],"q":[0.7,0.68,0.64,0.6,0.84,0.7,0.66,0.61,0.55,0.53,0.51,0.51,0.48,0.46,0.56,0.73,0.91,0.63,0.52,0.77,2.82,2.31,1.45,1.29,1.24,1.21,1.47,1.51,1.49,1.35],"latest":{"d":"2026-10-06","t":14.4,"q":1.35}}},{"type":"Feature","geometry":{"type":"Point","coordinates":[-75.29103,38.59456]},"properties":{"site":"01484525","name":"MILLSBORO POND OUTLET AT MILLSBORO, DE","state":"Delaware","huc":"020403030202","type":"ST","d0":"2026-09-07","t":[27.0,26.3,26.1,26.5,26.5,25.9,26.0,26.4,25.2,24.5,24.4,25.4,25.5,25.0,24.6,23.1,20.9,19.1,17.5,16.2,15.8,16.6,17.3,17.9,18.5,19.4,21.6,20.7,20.3,19.7],"q":[31.0,33.8,30.5,27.3,28.9,28.1,33.7,30.3,26.3,25.6,25.3,26.2,26.1,25.8,25.8,29.1,37.2,32.3,28.1,53.6,66.7,63.0,43.7,33.7,29.5,25.3,30.0,37.8,37.1,32.0],"latest":{"d":"2026-10-06","t":19.7,"q":32.0}}},{"type":"Feature","geometry":{"type":"Point","coordinates":[-75.78581,38.99719]},"properties":{"site":"01491000","name":"CHOPTANK RIVER NEAR GREENSBORO, MD","state":"Maryland","huc":"020600050203","type":"ST","d0":"2026-09-07","t":[23.1,22.8,23.5,24.3,24.5,23.3,24.4,24.4,21.7,21.4,23.0,23.7,23.1,23.0,22.9,20.4,18.6,17.4,16.9,16.7,16.2,17.0,18.1,18.9,19.8,20.7,20.4,19.1,18.9,16.8],"q":[14.0,11.1,8.98,7.15,9.96,13.1,13.0,12.2,9.81,9.18,6.9,6.16,7.24,9.93,11.5,11.5,18.9,21.2,16.1,13.9,25.6,56.1,57.2,44.8,31.8,25.5,24.0,23.3,22.4,20.3],"latest":{"d":"2026-10-06","t":16.8,"q":20.3}}},{"type":"Feature","geometry":{"type":"Point","coordinates":[-77.08025,41.79702]},"properties":{"site":"01516350","name":"Tioga River near Mansfield, PA","state":"Pennsylvania","huc":"020501040907","type":"ST","d0":"2026-09-07","t":[19.1,19.1,19.5,21.0,20.6,18.5,20.1,19.4,17.0,18.3,20.1,20.5,18.7,18.0,17.4,16.9,16.2,15.1,14.4,13.9,14.1,14.7,15.5,16.8,17.1,16.8,15.4,13.8,13.4,12.1],"q":[41.3,37.8,35.3,59.7,48.8,39.4,62.2,68.2,51.3,43.6,50.7,63.1,53.5,46.9,45.6,42.2,38.9,36.0,33.9,33.0,34.9,41.3,47.2,43.9,39.8,37.6,35.4,33.4,32.7,31.2],"latest":{"d":"2026-10-06","t":12.1,"q":31.2}}},{"type":"Feature","geometry":{"type":"Point","coordinates":[-77.11525,41.95257]},"properties":{"site":"01518700","name":"Tioga River at Tioga Junction, PA","state":"Pennsylvania","huc":"020501040908","type":"ST","d0":"2026-09-07","t":[21.1,21.4,21.5,22.1,21.7,21.0,22.0,21.3,21.2,21.4,21.6,21.4,20.1,20.6,19.7,18.7,18.3,17.9,17.8,17.1,17.0,17.3,17.7,18.8,18.6,18.2,16.7,15.8,15.9,14.4],"q":[94.0,74.7,69.0,175,230,155,193,397,352,186,131,132,189,219,118,81.6,80.9,79.7,96.2,86.1,65.6,64.8,80.2,95.5,122,97.8,67.6,66.8,66.6,68.4],"latest":{"d":"2026-10-06","t":14.4,"q":68.4}}},{"type":"Feature","geometry":{"type":"Point","coordinates":[-77.13997,41.99674]},"properties":{"site":"01520000","name":"Cowanesque River near Lawrenceville, PA","state":"Pennsylvania","huc":"020501040809","type":"ST","d0":"2026-09-07","t":[20.8,20.8,19.9,21.0,21.7,22.1,22.5,22.3,21.3,20.7,20.9,20.8,20.1,19.9,19.4,18.2,18.3,17.7,17.2,16.3,16.1,16.2,16.2,17.1,16.7,16.4,16.3,15.1,15.7,14.9],"q":[64.2,55.2,47.3,48.9,201,172,141,164,110,82.0,82.0,82.0,82.0,82.0,64.0,51.8,51.8,44.4,40.8,37.2,33.9,33.5,33.5,33.5,33.5,33.5,33.5,33.5,34.8,29.9],"latest":{"d":"2026-10-06","t":14.9,"q":29.9}}},{"type":"Feature","geometry":{"type":"Point","coordinates":[-76.66681,41.71692]},"properties":{"site":"015319015","name":"N Br Towanda Cr, Clark Rd nr Granville Summit PA","state":"Pennsylvania","huc":"020501060302","type":"ST","d0":"2026-09-07","t":[18.3,18.5,19.0,20.7,19.6,17.9,19.9,19.1,16.5,18.3,19.9,19.5,17.9,17.8,17.2,16.8,15.8,14.2,13.9,14.1,14.6,15.0,15.5,16.3,16.5,16.7,15.2,13.9,13.8,12.1],"q":[0.73,0.3,0.21,1.87,1.66,0.66,2.03,3.1,2.21,1.14,2.34,4.01,2.61,1.97,1.89,1.33,0.6,1.13,0.48,0.23,1.46,3.71,3.3,2.34,1.79,1.39,0.97,0.64,0.51,0.5],"latest":{"d":"2026-10-06","t":12.1,"q":0.5}}},{"type":"Feature","geometry":{"type":"Point","coordinates":[-76.61912,40.95814]},"properties":{"site":"01540500","name":"Susquehanna River at Danville, PA","state":"Pennsylvania","huc":"020501071003","type":"ST","d0":"2026-09-07","t":[22.4,22.5,22.6,23.4,23.9,23.3,23.0,23.6,22.7,22.7,23.2,23.4,22.8,22.0,21.5,21.1,20.2,19.5,19.2,18.7,17.8,17.7,18.0,18.4,18.9,19.5,19.5,18.6,17.9,17.2],"q":[16600,11700,9060,7680,6830,5990,6080,6890,7270,6640,6850,7130,6750,6610,7360,6940,6580,6250,5640,5140,5020,5020,4810,4580,4450,4340,4280,4110,3910,3750],"latest":{"d":"2026-10-06","t":17.2,"q":3750}}},{"type":"Feature","geometry":{"type":"Point","coordinates":[-78.1089,41.11756]},"properties":{"site":"01542500","name":"WB Susquehanna River at Karthaus, PA","state":"Pennsylvania","huc":"020502010709","type":"ST","d0":"2026-09-07","t":[21.0,21.0,21.7,22.9,23.2,21.6,21.2,20.8,19.8,19.9,21.1,21.5,20.4,19.2,18.5,17.3,16.6,15.8,15.2,14.9,14.9,15.4,16.3,17.2,18.2,18.4,17.3,15.9,15.5,14.4],"q":[2450,2300,2060,1840,1710,1700,3100,5290,3270,2480,2290,2320,2750,3090,3340,4390,6700,4890,3620,3090,2800,2920,2490,2100,1880,1730,1610,1440,1330,1250],"latest":{"d":"2026-10-06","t":14.4,"q":1250}}},{"type":"Feature","geometry":{"type":"Point","coordinates":[-77.8258,41.47584]},"properties":{"site":"01544500","name":"Kettle Creek at Cross Fork, PA","state":"Pennsylvania","huc":"020502030105","type":"ST","d0":"2026-09-07","t":[16.3,16.5,17.7,19.0,18.6,16.2,17.2,15.9,14.0,15.3,16.4,17.0,15.8,15.6,15.1,14.4,13.6,12.4,12.0,11.9,13.1,14.1,14.8,15.9,16.2,15.9,14.0,12.2,13.0,10.7],"q":[66.9,56.2,52.3,97.4,63.3,58.3,177,180,163,144,145,132,112,112,97.7,85.7,76.0,67.5,62.3,58.9,56.9,55.2,51.3,47.4,44.2,42.4,38.9,36.0,35.9,33.3],"latest":{"d":"2026-10-06","t":10.7,"q":33.3}}},{"type":"Feature","geometry":{"type":"Point","coordinates":[-77.60444,41.05173]},"properties":{"site":"01547500","name":"Bald Eagle Creek at Blanchard, PA","state":"Pennsylvania","huc":"020502040405","type":"ST","d0":"2026-09-07","t":[20.3,20.0,20.2,20.2,19.8,19.5,20.7,20.1,19.5,19.5,19.4,19.4,19.0,19.0,18.8,19.1,18.8,18.1,17.7,17.3,17.0,16.9,16.8,16.7,16.6,16.6,16.3,16.0,16.3,16.1],"q":[690,334,261,261,261,261,1210,831,364,263,300,353,348,544,456,1830,1410,653,508,508,432,404,339,312,308,308,278,266,266,224],"latest":{"d":"2026-10-06","t":16.1,"q":224}}},{"type":"Feature","geometry":{"type":"Point","coordinates":[-77.32412,41.27362]},"properties":{"site":"01549700","name":"Pine Creek bl L Pine Creek near Waterville, PA","state":"Pennsylvania","huc":"020502050607","type":"ST","d0":"2026-09-07","t":[19.9,20.2,21.1,22.6,22.7,20.9,21.1,20.9,19.1,19.2,20.3,20.9,19.9,19.0,18.6,18.0,17.1,16.3,15.9,15.3,15.4,16.1,17.0,18.0,18.5,18.7,17.3,15.8,15.9,14.3],"q":[513,420,359,410,588,405,546,994,798,694,678,735,637,593,559,496,437,386,343,314,301,288,273,260,240,225,213,199,191,181],"latest":{"d":"2026-10-06","t":14.3,"q":181}}},{"type":"Feature","geometry":{"type":"Point","coordinates":[-77.99111,40.42896]},"properties":{"site":"01563200","name":"Rays Br Juniata R bl Rays Dam nr Huntingdon, PA","state":"Pennsylvania","huc":"020503030804","type":"ST","d0":"2026-09-07","t":[24.7,25.2,25.6,25.9,26.1,25.5,25.6,25.2,24.8,24.9,25.0,25.0,24.4,24.2,23.4,22.1,21.6,21.3,21.3,20.9,20.6,20.9,21.2,21.3,21.6,21.2,21.1,20.6,20.7,20.2],"q":[852,502,364,328,271,231,289,310,310,311,313,311,345,431,722,1420,2320,1830,1450,1450,1450,484,203,202,253,486,480,480,401,372],"latest":{"d":"2026-10-06","t":20.2,"q":372}}},{"type":"Feature","geometry":{"type":"Point","coordinates":[-76.88605,40.25474]},"properties":{"site":"01570500","name":"Susquehanna River at Harrisburg, PA","state":"Pennsylvania","huc":"020503051011","type":"ST","d0":"2026-09-07","t":[23.9,23.6,24.1,25.1,25.2,24.1,24.0,24.1,22.5,23.0,24.0,24.3,23.1,22.2,21.5,19.9,19.3,19.2,18.7,17.6,16.8,17.1,18.4,null,null,21.4,20.5,19.2,18.6,17.4],"q":[44500,33300,25800,20800,18100,16500,15400,16500,22500,25800,21400,19800,19500,19100,20600,25000,29100,29500,28500,24100,20700,18700,17700,15800,14600,13500,12600,12000,11600,10900],"latest":{"d":"2026-10-06","t":17.4,"q":10900}}},{"type":"Feature","geometry":{"type":"Point","coordinates":[-76.62939,40.32224]},"properties":{"site":"01573208","name":"Swatara Creek near Palmyra, PA","state":"Pennsylvania","huc":"020503050902","type":"ST","d0":"2026-09-07","t":[20.5,20.1,20.7,21.9,22.4,20.9,21.1,21.2,19.3,19.6,20.8,21.6,20.6,19.8,19.5,18.2,17.2,16.5,16.0,15.8,15.6,16.3,17.2,18.0,18.5,19.0,18.6,17.1,16.8,15.3],"q":[492,402,347,313,286,253,238,221,203,185,190,276,231,346,652,689,805,471,371,399,851,815,609,484,414,362,319,287,267,247],"latest":{"d":"2026-10-06","t":15.3,"q":247}}},{"type":"Feature","geometry":{"type":"Point","coordinates":[-76.75556,40.15333]},"properties":{"site":"01573660","name":"Fishing Creek at Goldsboro, PA","state":"Pennsylvania","huc":"020503051009","type":"ST","d0":"2026-09-07","t":[19.7,19.2,20.6,22.3,22.3,20.4,21.6,21.0,17.7,18.7,20.8,21.7,19.7,20.0,19.5,17.4,16.5,15.2,14.9,15.3,15.7,16.7,17.6,18.4,18.7,19.1,18.1,16.5,16.5,13.6],"q":[6.25,5.51,5.14,4.78,4.49,4.19,4.21,3.97,3.54,3.79,6.8,15.0,5.17,24.2,14.3,38.5,17.3,11.2,8.89,17.4,24.5,16.2,11.9,9.7,8.66,7.61,6.75,6.56,6.79,6.19],"latest":{"d":"2026-10-06","t":13.6,"q":6.19}}},{"type":"Feature","geometry":{"type":"Point","coordinates":[-76.55453,40.22519]},"properties":{"site":"01573684","name":"Little Conewago Crk, Gingrich Rd at Upper Lawn PA","state":"Pennsylvania","huc":"020503051010","type":"ST","d0":"2026-09-07","t":[19.0,18.6,19.8,21.7,21.4,19.6,20.8,20.0,17.2,18.4,20.4,20.7,19.0,19.2,18.8,17.1,16.1,14.9,14.5,14.8,15.3,16.3,17.2,17.9,18.2,18.4,17.5,16.1,16.1,13.4],"q":[2.31,2.12,2.03,1.95,1.83,1.68,1.77,1.57,1.39,1.36,1.9,2.37,1.52,8.47,5.63,16.0,4.18,2.83,2.52,4.35,13.9,4.74,3.41,2.95,2.74,2.62,2.49,2.42,2.48,2.19],"latest":{"d":"2026-10-06","t":13.4,"q":2.19}}},{"type":"Feature","geometry":{"type":"Point","coordinates":[-76.56778,40.19528]},"properties":{"site":"01573695","name":"Conewago Creek near Bellaire, PA","state":"Pennsylvania","huc":"020503051010","type":"ST","d0":"2026-09-07","t":[19.9,19.4,20.4,22.1,22.4,20.8,21.4,21.1,18.5,19.2,20.9,21.5,20.1,19.7,19.4,17.5,16.6,15.5,14.9,15.1,15.3,16.5,17.4,18.3,18.7,19.1,18.4,17.1,16.6,14.4],"q":[9.67,8.11,7.67,6.86,6.22,5.54,5.62,5.15,4.31,4.24,4.97,8.89,4.62,22.7,33.3,58.3,17.9,9.55,7.66,10.3,50.9,19.2,11.3,9.01,7.95,7.1,6.86,5.84,6.01,5.03],"latest":{"d":"2026-10-06","t":14.4,"q":5.03}}},{"type":"Feature","geometry":{"type":"Point","coordinates":[-76.68775,40.14931]},"properties":{"site":"01573710","name":"Conewago Creek near Falmouth, PA","state":"Pennsylvania","huc":"020503051010","type":"ST","d0":"2026-09-07","t":[20.8,20.3,21.3,22.9,23.1,21.4,22.2,21.9,19.1,19.5,21.4,22.4,20.7,20.5,20.0,17.9,16.8,15.6,15.1,15.5,15.4,16.4,17.5,18.6,19.1,19.6,19.0,17.4,17.2,14.8],"q":[15.3,13.3,11.9,11.8,11.8,9.93,10.2,9.56,8.46,7.92,8.57,15.2,11.4,19.7,54.7,76.1,45.3,19.2,15.1,15.4,49.8,48.7,21.3,16.7,14.9,14.2,13.3,12.6,13.2,12.6],"latest":{"d":"2026-10-06","t":14.8,"q":12.6}}},{"type":"Feature","geometry":{"type":"Point","coordinates":[-76.71805,40.08082]},"properties":{"site":"01574000","name":"West Conewago Creek near Manchester, PA","state":"Pennsylvania","huc":"020503060504","type":"ST","d0":"2026-09-07","t":[23.7,23.3,24.0,25.3,25.6,23.8,24.2,24.3,22.0,22.6,23.9,23.7,22.5,22.4,21.7,19.4,18.2,17.7,17.3,16.8,16.5,17.3,18.4,19.6,20.4,21.3,21.0,19.4,18.9,17.0],"q":[126,104,90.8,82.6,75.3,71.4,70.5,67.6,62.6,58.4,60.9,131,79.8,99.7,112,200,270,275,188,141,164,173,163,135,115,102,88.9,83.8,77.7,77.9],"latest":{"d":"2026-10-06","t":17.0,"q":77.9}}},{"type":"Feature","geometry":{"type":"Point","coordinates":[-76.65444,40.05222]},"properties":{"site":"01575598","name":"Codorus Creek near Saginaw, PA","state":"Pennsylvania","huc":"020503060707","type":"ST","d0":"2026-09-07","t":[22.4,22.1,23.0,24.0,24.1,23.0,23.1,23.1,21.3,21.6,22.6,23.5,22.3,21.9,21.5,19.2,18.2,17.8,17.4,17.3,17.0,17.7,18.8,19.7,20.5,21.2,20.7,19.3,18.8,17.2],"q":[119,122,130,137,124,117,115,110,108,106,137,291,133,144,166,273,235,147,128,141,200,164,136,128,125,121,115,119,116,115],"latest":{"d":"2026-10-06","t":17.2,"q":115}}},{"type":"Feature","geometry":{"type":"Point","coordinates":[-76.51552,40.06287]},"properties":{"site":"01575900","name":"Chiques Creek near Marietta, PA","state":"Pennsylvania","huc":"020503060804","type":"ST","d0":"2026-09-07","t":[19.3,18.9,19.3,20.2,20.6,19.8,20.1,19.8,18.2,18.6,19.4,19.8,19.3,19.4,19.0,17.9,16.7,15.6,15.2,15.2,15.3,15.8,16.5,17.4,17.9,18.4,18.0,17.2,16.9,15.0],"q":[143,119,107,98.6,92.0,86.0,82.8,79.5,72.9,69.2,70.9,93.8,75.7,89.6,254,229,194,110,93.3,88.3,107,130,95.4,83.8,77.8,74.5,70.6,68.0,68.0,64.7],"latest":{"d":"2026-10-06","t":15.0,"q":64.7}}},{"type":"Feature","geometry":{"type":"Point","coordinates":[-76.54806,40.01417]},"properties":{"site":"01576007","name":"Kreutz Creek at Strickler, PA","state":"Pennsylvania","huc":"020503061703","type":"ST","d0":"2026-09-07","t":[20.2,19.6,20.1,21.1,21.6,20.7,20.7,20.8,19.3,19.1,20.0,20.9,20.6,20.0,19.6,17.8,16.4,15.7,15.2,15.2,15.1,16.0,16.9,17.6,18.2,18.9,18.7,17.6,17.0,15.3],"q":[13.9,12.6,11.6,10.7,10.2,9.95,9.86,9.24,8.11,7.86,9.68,31.5,11.2,16.1,22.5,48.4,32.8,20.0,16.9,16.8,43.2,28.3,21.5,18.8,16.9,15.5,14.1,14.2,14.4,13.2],"latest":{"d":"2026-10-06","t":15.3,"q":13.2}}},{"type":"Feature","geometry":{"type":"Point","coordinates":[-76.50028,39.94194]},"properties":{"site":"01576045","name":"Fishing Creek at Craley, PA","state":"Pennsylvania","huc":"020503061705","type":"ST","d0":"2026-09-07","t":[19.1,18.7,20.3,21.8,21.6,19.9,21.1,20.5,17.5,18.6,20.2,21.0,19.4,20.1,19.5,17.0,15.8,14.8,14.6,14.8,14.9,16.0,16.9,17.6,18.4,19.1,18.2,16.6,16.4,13.6],"q":[3.79,3.75,3.5,3.75,3.6,3.92,4.23,3.71,3.51,3.44,4.16,6.75,3.87,5.78,5.63,10.4,6.59,4.46,3.92,4.45,7.82,5.67,4.71,4.24,4.06,4.21,3.75,4.33,3.98,4.46],"latest":{"d":"2026-10-06","t":13.6,"q":4.46}}},{"type":"Feature","geometry":{"type":"Point","coordinates":[-76.32172,40.27108]},"properties":{"site":"01576381","name":"Hammer Creek at Obie Rd nr Schafferstown, PA","state":"Pennsylvania","huc":"020503060903","type":"ST","d0":"2026-09-07","t":[16.2,16.2,16.9,18.1,17.4,16.2,17.1,16.8,15.3,16.7,17.4,17.8,16.1,16.9,16.5,15.4,14.9,14.1,14.0,13.6,14.2,15.1,15.5,15.9,16.3,16.5,15.6,14.2,14.7,12.9],"q":[16.7,15.6,14.8,14.0,13.3,12.8,12.8,12.1,11.6,11.3,12.3,12.5,11.2,17.8,14.9,19.7,14.1,12.8,12.1,13.3,14.9,13.5,12.5,12.1,11.9,11.8,11.3,11.2,11.2,10.8],"latest":{"d":"2026-10-06","t":12.9,"q":10.8}}},{"type":"Feature","geometry":{"type":"Point","coordinates":[-76.26404,39.99594]},"properties":{"site":"015765195","name":"Big Spring Run near Mylin Corners, PA","state":"Pennsylvania","huc":"020503061106","type":"ST","d0":"2026-09-07","t":[16.3,15.9,16.6,17.2,16.4,15.9,16.6,16.2,14.8,15.8,17.4,18.7,16.6,18.4,17.6,17.0,15.7,14.2,14.1,14.6,15.2,15.8,15.7,15.7,15.9,16.1,15.4,14.7,14.8,13.2],"q":[1.01,0.96,0.93,0.92,0.88,0.86,0.91,0.87,0.85,0.85,1.74,1.56,0.92,2.42,1.52,3.32,1.36,1.07,0.97,1.94,2.86,1.97,1.3,1.12,1.02,0.96,0.94,0.99,0.98,0.92],"latest":{"d":"2026-10-06","t":13.2,"q":0.92}}},{"type":"Feature","geometry":{"type":"Point","coordinates":[-76.31579,39.7726]},"properties":{"site":"01577500","name":"Muddy Creek at Castle Fin, PA","state":"Pennsylvania","huc":"020503061304","type":"ST","d0":"2026-09-07","t":[20.4,19.9,21.2,22.4,22.4,20.8,22.2,21.8,19.0,19.3,20.8,21.7,20.6,20.9,20.3,17.9,16.6,15.8,15.5,15.4,15.5,16.3,17.2,18.1,18.8,19.4,19.0,17.5,17.3,14.6],"q":[50.0,47.7,45.9,44.3,44.6,43.7,44.1,43.4,38.9,38.7,45.0,71.7,48.8,49.8,54.1,114,116,66.3,56.1,53.7,68.6,74.7,62.2,57.1,54.2,55.3,62.9,52.9,54.4,49.8],"latest":{"d":"2026-10-06","t":14.6,"q":49.8}}},{"type":"Feature","geometry":{"type":"Point","coordinates":[-76.34744,39.49628]},"properties":{"site":"01581752","name":"PLUMTREE RUN NEAR BEL AIR, MD","state":"Maryland","huc":"020600030102","type":"ST","d0":"2026-09-07","t":[19.9,19.7,21.0,22.0,21.8,20.6,21.9,21.0,18.1,19.0,20.8,21.8,20.3,20.8,20.3,18.2,17.1,15.7,15.6,15.9,16.1,16.9,17.5,18.2,18.7,19.2,18.3,17.1,16.8,14.2],"q":[1.77,1.69,1.61,1.57,1.63,1.5,3.99,1.65,1.5,1.45,3.47,1.82,1.49,2.83,3.77,18.8,5.01,2.36,2.01,6.68,8.91,2.89,2.16,1.95,1.81,2.24,2.03,1.93,1.85,1.68],"latest":{"d":"2026-10-06","t":14.2,"q":1.68}}},{"type":"Feature","geometry":{"type":"Point","coordinates":[-76.69036,39.61906]},"properties":{"site":"01581920","name":"GUNPOWDER FALLS NEAR PARKTON, MD","state":"Maryland","huc":"020600030402","type":"ST","d0":"2026-09-07","t":[17.4,17.5,17.8,18.1,17.9,17.9,18.4,18.3,17.7,null,18.5,18.6,18.3,18.6,null,17.9,17.6,17.4,17.5,17.5,null,17.3,17.4,17.6,17.6,17.9,17.4,17.3,18.1,17.9],"q":[111,111,111,111,111,111,110,130,148,156,162,161,161,161,160,161,160,158,154,154,154,153,148,132,126,126,125,125,94.4,48.3],"latest":{"d":"2026-10-06","t":17.9,"q":48.3}}},{"type":"Feature","geometry":{"type":"Point","coordinates":[-76.34264,39.40853]},"properties":{"site":"01585075","name":"FOSTER BRANCH NEAR JOPPATOWNE, MD","state":"Maryland","huc":"020600030602","type":"ST","d0":"2026-09-07","t":[20.3,19.7,20.8,21.9,22.4,20.9,22.4,21.8,18.8,19.0,20.6,21.5,20.6,21.3,20.7,18.6,17.4,16.1,16.0,16.3,16.5,17.2,17.9,18.5,18.9,19.4,18.7,17.5,17.3,14.9],"q":[0.21,0.2,0.18,0.17,0.27,0.21,1.57,0.52,0.28,0.21,0.26,0.3,0.25,0.58,0.44,6.34,3.04,null,null,2.49,4.51,1.59,1.03,0.7,0.45,0.43,0.6,0.47,0.56,0.44],"latest":{"d":"2026-10-06","t":14.9,"q":0.44}}},{"type":"Feature","geometry":{"type":"Point","coordinates":[-76.76175,39.36158]},"properties":{"site":"01589290","name":"SCOTTS LEVEL BRANCH AT ROCKDALE, MD","state":"Maryland","huc":"020600030902","type":"ST","d0":"2026-09-07","t":[20.5,20.3,21.5,22.4,22.6,21.4,22.4,null,18.8,19.5,21.4,21.9,20.6,21.6,20.7,18.3,16.9,null,15.6,15.8,null,16.7,17.6,null,19.2,19.9,18.7,null,17.3,14.8],"q":[0.51,0.46,0.41,0.43,0.68,0.53,0.6,null,0.46,0.46,0.47,0.45,0.46,2.76,1.89,19.8,6.1,null,0.57,0.99,null,1.1,0.59,null,0.52,0.52,0.6,null,0.81,null],"latest":{"d":"2026-10-06","t":14.8,"q":null}}},{"type":"Feature","geometry":{"type":"Point","coordinates":[-79.11081,39.44511]},"properties":{"site":"01595800","name":"NORTH BRANCH POTOMAC RIVER AT BARNUM, WV","state":"West Virginia","huc":"020700020207","type":"ST","d0":"2026-09-07","t":[14.0,14.2,14.3,14.1,14.0,13.7,14.1,14.0,13.9,14.2,14.3,14.2,12.9,12.8,13.8,13.7,13.7,13.5,13.4,13.7,13.8,14.1,13.9,14.0,13.9,13.9,13.9,14.0,13.4,12.8],"q":[269,269,251,247,244,243,243,243,242,242,242,243,501,501,242,244,249,249,255,261,270,281,287,288,291,293,292,292,292,292],"latest":{"d":"2026-10-06","t":12.8,"q":292}}},{"type":"Feature","geometry":{"type":"Point","coordinates":[-79.10194,39.57006]},"properties":{"site":"01596500","name":"SAVAGE RIVER NEAR BARTON, MD","state":"Maryland","huc":"020700020103","type":"ST","d0":"2026-09-07","t":[17.8,17.6,18.4,19.3,19.3,19.2,19.8,19.0,16.7,17.6,19.1,19.4,18.8,18.8,18.2,16.1,14.6,13.6,12.3,12.3,13.4,13.9,14.6,15.3,15.4,15.5,15.2,14.2,13.9,11.9],"q":[9.32,7.8,7.07,6.66,7.07,8.04,11.4,9.57,7.42,6.5,7.68,10.3,7.97,6.99,8.08,106,80.3,41.3,30.3,23.2,18.9,15.9,14.2,12.4,10.8,9.58,8.85,8.2,7.71,7.35],"latest":{"d":"2026-10-06","t":11.9,"q":7.35}}},{"type":"Feature","geometry":{"type":"Point","coordinates":[-79.12397,39.50275]},"properties":{"site":"01597500","name":"SAVAGE RIV BL SAVAGE RIV DAM NEAR BLOOMINGTON, MD","state":"Maryland","huc":"020700020103","type":"ST","d0":"2026-09-07","t":[15.5,15.7,16.0,16.1,16.2,16.4,16.7,16.7,16.8,17.2,17.4,17.5,17.7,17.8,17.8,17.8,17.8,17.9,18.0,18.3,18.2,18.3,18.5,18.5,18.5,18.6,18.4,18.4,18.3,18.1],"q":[61.4,61.4,61.4,61.4,61.4,61.4,61.4,61.4,60.8,60.9,61.0,60.7,60.3,60.3,60.6,60.8,51.6,60.3,60.3,342,55.7,56.0,56.0,56.1,55.6,55.1,55.1,55.2,55.6,55.3],"latest":{"d":"2026-10-06","t":18.1,"q":55.3}}},{"type":"Feature","geometry":{"type":"Point","coordinates":[-77.54311,39.27358]},"properties":{"site":"01638500","name":"POTOMAC RIVER AT POINT OF ROCKS, MD","state":"Maryland","huc":"020700080401","type":"ST","d0":"2026-09-07","t":[25.6,25.7,26.7,null,26.4,25.3,26.4,26.6,24.3,24.6,25.8,26.2,25.2,25.0,24.0,21.3,19.8,19.5,19.4,19.3,18.7,19.0,19.6,20.4,21.7,22.5,21.9,20.3,20.4,19.2],"q":[2350,2430,2320,null,2210,2040,2000,1960,1680,1610,1630,1570,1640,1540,1510,1640,2570,3480,3790,4920,4080,3340,2930,2680,2190,2000,1840,1680,1620,1510],"latest":{"d":"2026-10-06","t":19.2,"q":1510}}},{"type":"Feature","geometry":{"type":"Point","coordinates":[-77.15889,39.53308]},"properties":{"site":"01640152","name":"SAMS CREEK AT MCKINSTRYS MILL, MD","state":"Maryland","huc":"020700090402","type":"ST","d0":"2026-09-07","t":[20.8,20.7,22.0,23.4,23.1,21.6,22.9,22.1,19.1,20.2,21.9,22.3,21.0,21.7,20.6,17.9,16.7,15.7,15.2,14.9,15.4,16.2,17.5,18.7,19.4,20.4,19.2,17.6,17.5,14.6],"q":[2.02,1.87,1.78,1.66,1.87,1.93,2.03,1.87,1.49,1.47,1.65,1.87,1.65,2.29,2.56,5.71,5.39,3.1,2.61,2.54,3.11,3.36,2.95,2.6,2.51,2.53,2.58,2.53,2.46,1.93],"latest":{"d":"2026-10-06","t":14.6,"q":1.93}}},{"type":"Feature","geometry":{"type":"Point","coordinates":[-77.43574,39.2634]},"properties":{"site":"01643580","name":"MONOCACY RIVER NEAR DICKERSON, MD","state":"Maryland","huc":"020700090704","type":"ST","d0":"2026-09-07","t":[24.7,24.6,25.3,25.7,25.4,24.4,25.7,25.6,23.2,23.6,24.4,24.7,23.9,24.3,23.0,20.6,19.0,18.2,17.8,17.2,17.3,18.1,19.2,20.3,21.6,null,21.4,20.0,20.2,18.2],"q":[235,208,187,173,168,164,160,148,152,144,140,192,164,155,156,232,396,426,313,236,205,191,180,174,167,160,151,142,138,133],"latest":{"d":"2026-10-06","t":18.2,"q":133}}},{"type":"Feature","geometry":{"type":"Point","coordinates":[-77.12764,38.94978]},"properties":{"site":"01646500","name":"POTOMAC RIVER NEAR WASH, DC LITTLE FALLS PUMP STA","state":"Maryland","huc":"020700081005","type":"ST","d0":"2026-09-07","t":[27.3,26.9,27.0,27.3,27.3,26.6,26.8,26.9,26.3,26.0,26.0,26.1,26.2,26.0,25.3,23.3,20.8,19.7,19.3,18.5,18.1,18.4,19.4,20.4,21.4,22.5,22.7,21.9,21.4,20.7],"q":[2000,1920,1960,1860,2020,1990,1800,1640,1650,1440,1310,1340,1370,1380,1540,2640,3780,3340,3570,3670,4470,3800,3330,2840,2650,2230,2230,2100,1810,1700],"latest":{"d":"2026-10-06","t":20.7,"q":1700},"sensor":"From multiparameter sonde"}},{"type":"Feature","geometry":{"type":"Point","coordinates":[-77.04206,38.96017]},"properties":{"site":"01648010","name":"Rock Creek at Joyce Rd Washington, DC","state":"District of Columbia","huc":"020700100102","type":"ST","d0":"2026-09-07","t":[22.9,22.4,23.0,23.9,23.9,23.2,24.1,24.0,21.7,21.4,22.7,23.5,22.8,23.1,22.4,20.0,18.1,17.1,16.6,16.7,16.8,17.3,18.1,18.7,19.5,20.2,20.1,19.1,18.7,16.8],"q":[9.13,8.43,8.19,8.38,62.7,21.4,12.3,10.3,7.99,7.3,18.6,20.8,10.0,13.5,131,213,170,38.5,24.7,23.3,38.6,26.5,17.8,15.1,14.1,14.4,60.6,25.0,17.5,14.2],"latest":{"d":"2026-10-06","t":16.8,"q":14.2}}},{"type":"Feature","geometry":{"type":"Point","coordinates":[-76.96403,39.03336]},"properties":{"site":"01649190","name":"PAINT BRANCH NEAR COLLEGE PARK, MD","state":"Maryland","huc":"020700100202","type":"ST","d0":"2026-09-07","t":[21.3,20.8,21.7,22.7,22.8,22.1,23.0,22.8,20.0,19.9,21.4,22.8,21.8,22.0,21.5,19.0,17.3,16.2,15.9,16.2,16.3,16.7,17.7,18.1,18.7,19.6,19.2,17.9,17.7,15.6],"q":[0.81,0.69,0.73,0.63,6.02,1.83,1.19,0.98,0.72,0.56,2.33,1.71,0.95,1.11,9.94,24.9,22.7,4.16,2.48,2.87,4.71,3.53,2.32,2.04,1.88,4.84,6.09,2.99,2.47,1.94],"latest":{"d":"2026-10-06","t":15.6,"q":1.94}}},{"type":"Feature","geometry":{"type":"Point","coordinates":[-76.92597,38.96025]},"properties":{"site":"01649500","name":"NORTHEAST BRANCH ANACOSTIA RIVER AT RIVERDALE, MD","state":"Maryland","huc":"020700100203","type":"ST","d0":"2026-09-07","t":[23.9,23.4,24.5,25.2,24.8,24.0,25.5,25.0,22.4,22.9,24.3,24.8,23.7,23.9,22.8,20.2,18.4,17.7,17.8,17.9,18.0,18.4,19.5,20.4,21.3,22.1,20.6,19.4,19.4,17.4],"q":[6.26,5.9,5.9,6.57,30.3,13.1,9.46,8.47,6.93,5.84,11.3,10.3,7.24,11.3,65.0,154,159,23.3,11.7,18.5,29.1,20.9,13.0,10.2,10.6,10.8,36.7,19.0,13.3,10.1],"latest":{"d":"2026-10-06","t":17.4,"q":10.1}}},{"type":"Feature","geometry":{"type":"Point","coordinates":[-77.00486,38.98622]},"properties":{"site":"01650800","name":"SLIGO CREEK NEAR TAKOMA PARK, MD","state":"Maryland","huc":"020700100201","type":"ST","d0":"2026-09-07","t":[21.8,21.4,22.4,23.3,23.3,22.6,23.6,23.2,20.6,20.6,22.6,23.7,22.4,22.6,21.9,19.6,17.8,16.6,16.1,16.4,16.8,null,18.2,18.8,19.6,20.3,19.8,18.4,18.2,15.8],"q":[0.75,0.68,0.72,0.71,7.58,2.31,1.23,0.82,1.23,0.68,4.88,1.72,0.91,1.89,23.3,36.8,21.2,3.29,1.46,3.03,4.18,2.5,1.41,1.2,1.23,2.71,5.72,2.55,1.5,1.14],"latest":{"d":"2026-10-06","t":15.8,"q":1.14}}},{"type":"Feature","geometry":{"type":"Point","coordinates":[-76.95622,38.94897]},"properties":{"site":"01651003","name":"NORTHWEST BRANCH ANACOSTIA RIVER AT BRENTWOOD, MD","state":"Maryland","huc":"020700100201","type":"ST","d0":"2026-09-07","t":[24.7,24.5,25.4,25.7,25.0,24.1,26.0,25.8,23.1,23.6,24.5,25.0,24.0,24.1,22.8,19.9,18.1,17.3,17.8,17.3,17.5,18.1,19.4,20.6,21.9,22.6,20.7,19.1,19.6,17.8],"q":[5.66,5.63,4.94,4.67,36.4,14.1,9.28,6.89,5.47,5.28,13.8,13.5,7.79,9.67,79.6,156,135,24.0,13.2,16.2,21.4,16.2,11.9,9.55,9.17,10.7,38.6,18.4,11.5,9.29],"latest":{"d":"2026-10-06","t":17.8,"q":9.29}}},{"type":"Feature","geometry":{"type":"Point","coordinates":[-76.96886,38.91611]},"properties":{"site":"01651770","name":"HICKEY RUN AT NATIONAL ARBORETUM AT WASHINGTON, DC","state":"District of Columbia","huc":"020700100204","type":"ST","d0":"2026-09-07","t":[22.5,23.0,23.4,23.8,23.9,23.5,24.0,23.4,null,22.3,23.8,24.0,22.8,23.5,22.8,21.3,20.5,20.3,20.2,20.4,21.3,21.5,21.4,21.2,21.5,22.1,21.6,21.2,21.0,19.1],"q":[0.17,0.23,0.15,0.15,5.46,0.24,0.22,0.2,0.18,0.2,0.52,0.16,0.15,0.24,1.77,9.04,4.4,0.54,0.32,2.18,1.04,0.44,0.28,0.24,0.22,1.6,2.13,1.26,0.36,0.28],"latest":{"d":"2026-10-06","t":19.1,"q":0.28}}},{"type":"Feature","geometry":{"type":"Point","coordinates":[-76.94328,38.90128]},"properties":{"site":"01651800","name":"WATTS BRANCH AT WASHINGTON, DC","state":"District of Columbia","huc":"020700100204","type":"ST","d0":"2026-09-07","t":[22.5,22.4,23.3,24.0,24.2,23.4,24.5,23.8,null,21.6,23.0,23.7,22.6,23.1,22.4,20.1,18.4,17.2,17.0,17.3,17.9,18.3,19.1,19.6,20.6,21.6,20.7,19.2,18.8,16.5],"q":[0.77,0.74,0.72,0.7,10.0,0.88,0.73,0.68,0.65,0.71,0.92,0.71,0.66,0.7,2.57,16.1,12.7,1.34,0.95,4.86,2.33,1.11,1.19,0.79,0.88,6.04,6.07,2.3,1.1,0.91],"latest":{"d":"2026-10-06","t":16.5,"q":0.91}}},{"type":"Feature","geometry":{"type":"Point","coordinates":[-76.38611,37.03769]},"properties":{"site":"0167891721","name":"STORM DRAIN AT COLISEUM DRIVE AT HAMPTON, VA","state":"Virginia","huc":"020801080103","type":"FA-STS","d0":"2026-09-07","t":[25.5,25.2,24.8,25.2,25.4,26.0,26.1,25.3,24.2,24.5,24.5,null,24.9,25.0,24.9,25.2,24.6,24.9,24.0,23.5,23.1,23.4,23.4,23.4,23.4,23.5,22.9,23.5,23.0,null],"q":[0.01,0.01,0.01,0.01,0.01,0.12,0.03,0.01,0.0,0.01,0.01,0.01,0.01,0.01,0.01,0.76,4.37,6.81,4.33,2.24,1.86,1.48,0.01,0.01,0.01,0.01,0.01,0.26,0.01,0.0],"latest":{"d":"2026-10-05","t":23.0,"q":0.01}}},{"type":"Feature","geometry":{"type":"Point","coordinates":[-76.22908,36.76381]},"properties":{"site":"0204288786","name":"STORM DRAIN AT PROFESSIONAL PL NEAR CHESAPEAKE, VA","state":"Virginia","huc":"020802080204","type":"FA-STS","d0":"2026-09-07","t":[25.5,25.1,25.0,25.0,25.1,26.0,26.8,26.2,25.5,25.0,24.9,24.9,25.0,24.9,25.0,25.1,24.7,23.4,23.2,23.1,23.5,23.6,23.6,23.7,23.6,23.7,23.8,24.0,23.7,23.4],"q":[0.04,0.04,0.03,0.02,0.03,null,null,0.05,0.04,0.03,0.03,0.03,0.03,0.03,0.03,0.05,0.1,null,null,0.05,0.04,null,0.02,0.02,null,null,0.04,null,0.08,0.1],"latest":{"d":"2026-10-06","t":23.4,"q":0.1}}},{"type":"Feature","geometry":{"type":"Point","coordinates":[-76.38064,36.88354]},"properties":{"site":"0204289402","name":"STORM DRAIN AT CRANEYBROOK LANE AT EDGEFIELD, VA","state":"Virginia","huc":"020802080206","type":"FA-STS","d0":"2026-09-07","t":[22.2,21.8,21.6,21.9,22.6,25.2,26.1,23.9,22.4,22.2,21.7,22.0,22.1,22.0,22.1,23.6,23.1,21.7,21.1,21.3,21.5,21.0,20.9,20.8,20.8,21.0,20.9,22.3,21.4,19.8],"q":[0.01,0.01,0.01,0.01,0.08,0.14,0.21,0.01,0.01,0.02,0.01,0.01,0.01,0.01,0.01,0.11,0.03,0.01,0.01,0.01,0.01,0.01,0.01,0.01,0.01,0.01,0.01,0.16,0.01,0.01],"latest":{"d":"2026-10-06","t":19.8,"q":0.01}}},{"type":"Feature","geometry":{"type":"Point","coordinates":[-76.02219,36.85803]},"properties":{"site":"0204295063","name":"STORM DRAIN AT LINDSLEY DR NEAR VIRGINIA BEACH, VA","state":"Virginia","huc":"020801080201","type":"FA-STS","d0":"2026-09-07","t":[20.4,20.1,20.8,null,20.6,20.7,22.1,21.0,20.3,20.1,20.1,20.4,20.5,20.5,20.6,20.8,20.9,20.4,19.9,19.6,19.6,19.8,20.0,20.0,20.0,20.2,20.3,21.5,20.7,19.5],"q":[0.05,0.06,null,null,0.07,0.07,null,0.04,0.03,0.03,0.03,0.04,0.04,0.04,0.04,0.04,0.04,0.04,0.03,0.03,0.03,0.04,0.04,0.04,0.04,0.04,0.04,0.15,null,0.01],"latest":{"d":"2026-10-06","t":19.5,"q":0.01}}},{"type":"Feature","geometry":{"type":"Point","coordinates":[-79.90936,37.27789]},"properties":{"site":"0205551614","name":"TINKER CREEK ABOVE GLADE CREEK AT ROANOKE, VA","state":"Virginia","huc":"03010101","type":"ST","d0":"2026-09-07","t":[21.6,21.1,21.2,21.9,22.4,22.4,22.8,22.5,21.2,21.0,21.2,21.3,21.6,21.8,21.5,20.6,18.6,17.7,16.7,16.5,17.1,17.8,18.4,18.7,18.8,19.6,19.5,18.0,17.8,12.0],"q":[20.0,19.8,19.3,19.2,54.4,31.9,45.4,23.3,21.1,20.3,20.8,19.4,18.7,19.0,18.2,20.9,49.7,32.8,24.0,21.0,19.5,19.7,18.6,18.5,18.1,30.2,118,57.7,31.1,25.3],"latest":{"d":"2026-10-06","t":12.0,"q":25.3}}},{"type":"Feature","geometry":{"type":"Point","coordinates":[-79.19667,36.39778]},"properties":{"site":"02077200","name":"HYCO CREEK NEAR LEASBURG, NC","state":"North Carolina","huc":"03010104","type":"ST","d0":"2026-09-07","t":[22.2,21.1,20.7,21.4,21.9,22.4,23.5,23.9,22.6,21.1,20.8,21.8,22.4,22.0,22.1,21.5,19.3,17.6,16.2,15.0,15.4,15.7,16.8,16.9,16.9,17.0,17.6,16.6,16.9,15.7],"q":[0.0,0.0,0.0,0.0,0.0,0.06,2.5,1.43,0.33,0.04,0.0,0.0,0.0,0.0,0.0,0.0,0.15,0.22,0.05,0.07,0.03,0.0,0.0,0.0,0.0,0.0,0.0,0.0,0.0,0.0],"latest":{"d":"2026-10-06","t":15.7,"q":0.0}}},{"type":"Feature","geometry":{"type":"Point","coordinates":[-78.99706,36.52272]},"properties":{"site":"02077303","name":"HYCO R BL ABAY D NR MCGEHEES MILL, NC","state":"North Carolina","huc":"03010104","type":"ST","d0":"2026-09-07","t":[28.1,27.4,27.1,27.4,27.9,27.6,27.5,27.8,27.3,26.7,26.5,27.0,27.0,26.8,27.2,27.0,25.7,24.0,22.8,22.0,21.8,21.8,22.0,22.0,22.4,23.1,23.3,22.5,22.0,21.5],"q":[4.98,5.19,5.2,5.12,4.97,5.01,4.99,4.82,4.82,4.97,4.88,5.05,5.08,5.15,5.11,4.77,4.69,4.62,4.68,4.74,4.71,4.61,4.21,4.19,4.51,4.54,4.49,4.18,4.19,4.28],"latest":{"d":"2026-10-06","t":21.5,"q":4.28}}},{"type":"Feature","geometry":{"type":"Point","coordinates":[-77.30278,35.31389]},"properties":{"site":"02091814","name":"NEUSE RIVER NEAR FORT BARNWELL, NC","state":"North Carolina","huc":"03020202","type":"ST","d0":"2026-09-07","t":[28.6,27.8,27.5,27.9,28.8,29.3,29.5,29.5,29.0,27.5,27.3,27.8,28.2,27.9,28.3,-223.0,26.8,24.4,22.1,21.5,21.8,22.6,23.3,24.0,24.4,25.4,25.7,24.3,23.1,22.2],"q":[null,153,197,275,202,200,167,79.6,154,130,337,389,251,199,251,211,204,211,539,897,679,242,229,202,153,183,127,267,191,204],"latest":{"d":"2026-10-06","t":22.2,"q":204}}},{"type":"Feature","geometry":{"type":"Point","coordinates":[-79.42308,35.73514]},"properties":{"site":"02101726","name":"ROCKY R AT US 64 NEAR SILER CITY, NC","state":"North Carolina","huc":"03030003","type":"ST","d0":"2026-09-07","t":[25.9,25.1,24.8,25.3,26.0,26.0,26.4,26.6,25.6,24.9,24.8,25.5,25.5,25.5,25.7,24.6,22.0,20.2,19.8,19.1,19.4,19.7,20.5,20.6,20.8,21.3,20.7,19.4,20.1,19.0],"q":[2.64,2.45,2.29,2.18,2.06,1.88,1.91,1.8,1.73,1.65,1.57,1.57,1.53,1.45,1.44,1.45,1.55,1.52,1.42,1.35,1.31,1.29,1.21,1.21,1.21,1.13,1.16,1.12,1.15,1.26],"latest":{"d":"2026-10-06","t":19.0,"q":1.26}}},{"type":"Feature","geometry":{"type":"Point","coordinates":[-78.71502,33.91267]},"properties":{"site":"02110500","name":"WACCAMAW RIVER NEAR LONGS, SC","state":"South Carolina","huc":"03040206","type":"ST","d0":"2026-09-07","t":[27.0,26.9,26.9,26.9,27.1,27.5,27.5,27.7,27.6,26.9,26.6,26.7,26.9,26.4,26.6,26.7,26.0,24.2,23.1,22.8,22.5,22.7,23.3,23.9,24.1,24.6,24.9,24.9,23.8,22.7],"q":[524,501,471,447,434,430,437,442,434,412,379,338,296,266,232,190,156,133,111,90.4,74.4,62.0,52.8,45.1,38.1,32.6,28.4,70.3,191,184],"latest":{"d":"2026-10-06","t":22.7,"q":184}}},{"type":"Feature","geometry":{"type":"Point","coordinates":[-78.89722,33.85083]},"properties":{"site":"02110550","name":"WACCAMAW RIVER ABOVE CONWAY, SC","state":"South Carolina","huc":"03040206","type":"ST-TS","d0":"2026-09-07","t":[29.7,28.8,null,null,27.6,27.9,28.3,28.8,29.1,28.3,27.8,27.4,27.5,27.3,27.2,27.3,26.9,25.4,24.1,23.5,23.0,22.8,22.9,23.2,23.6,24.2,25.0,25.0,24.4,23.8],"q":[297,337,376,380,367,359,369,368,329,323,328,326,302,245,225,205,158,121,88.4,84.6,81.1,71.3,78.1,82.7,83.4,69.6,58.8,81.5,146,164],"latest":{"d":"2026-10-06","t":23.8,"q":164}}},{"type":"Feature","geometry":{"type":"Point","coordinates":[-79.04115,33.861]},"properties":{"site":"02110701","name":"CRABTREE SWAMP AT CONWAY, SC","state":"South Carolina","huc":"03040206","type":"ST","d0":"2026-09-07","t":[28.1,27.2,26.3,25.8,25.9,26.2,26.5,27.2,27.4,26.6,26.1,25.9,26.4,26.2,26.1,26.6,26.2,24.8,23.3,22.2,21.4,21.0,21.1,21.4,21.8,22.6,23.6,24.6,23.2,22.1],"q":[-4.97,-4.51,null,-9.95,-4.63,-3.38,-5.69,-4.54,-12.3,-4.51,-4.66,-7.5,-5.63,-4.97,-3.39,-2.56,2.26,1.82,1.49,0.26,1.65,-2.66,0.76,0.76,-2.47,-6.07,0.46,84.8,26.4,9.13],"latest":{"d":"2026-10-06","t":22.1,"q":9.13}}},{"type":"Feature","geometry":{"type":"Point","coordinates":[-79.04372,33.83261]},"properties":{"site":"02110704","name":"WACCAMAW RIVER AT CONWAY MARINA AT CONWAY, SC","state":"South Carolina","huc":"03040206","type":"ST","d0":"2026-09-07","t":[30.4,29.9,29.5,29.2,28.9,28.6,28.6,28.7,28.9,28.6,28.4,28.3,28.6,28.4,28.3,28.2,27.6,26.6,25.5,24.7,24.1,23.6,23.4,23.5,23.8,24.2,24.6,24.6,24.2,23.6],"q":[312,305,459,460,452,433,462,446,169,327,379,403,352,248,299,282,229,186,147,124,59.7,94.6,222,281,187,106,64.6,187,313,263],"latest":{"d":"2026-10-06","t":23.6,"q":263}}},{"type":"Feature","geometry":{"type":"Point","coordinates":[-81.55833,35.99083]},"properties":{"site":"02111000","name":"YADKIN RIVER AT PATTERSON, NC","state":"North Carolina","huc":"03040101","type":"ST","d0":"2026-09-07","t":[22.1,22.0,22.1,22.8,23.3,23.0,23.5,23.4,22.5,22.9,23.4,24.0,23.8,22.3,22.7,22.5,19.1,17.3,17.1,16.4,16.1,16.3,17.4,18.1,18.5,19.3,19.8,18.3,18.7,17.0],"q":[19.3,16.5,14.8,14.1,13.4,13.0,14.4,12.7,11.8,12.1,11.6,11.0,25.1,38.3,18.9,27.4,87.4,92.1,41.2,27.4,22.2,19.7,18.0,16.6,15.7,15.0,15.5,26.4,17.6,15.4],"latest":{"d":"2026-10-06","t":17.0,"q":15.4}}},{"type":"Feature","geometry":{"type":"Point","coordinates":[-80.06181,35.20067]},"properties":{"site":"0212378405","name":"PEE DEE R AT HWY731 BL LK TILLERY NR NORWOOD, NC","state":"North Carolina","huc":"03040104","type":"ST","d0":"2026-09-07","t":[28.9,28.7,28.7,28.5,28.9,28.4,28.7,29.1,29.0,28.6,28.7,28.8,28.9,28.7,28.7,28.3,27.1,26.3,25.9,26.1,26.0,26.2,26.0,25.4,25.1,25.0,25.1,24.7,24.9,24.5],"q":[1380,1350,1540,1850,1320,1190,1740,1610,1170,1200,1120,1480,1180,1200,1550,1690,1270,1060,859,947,944,2570,1540,5170,5430,5840,4390,1420,4310,981],"latest":{"d":"2026-10-06","t":24.5,"q":981}}},{"type":"Feature","geometry":{"type":"Point","coordinates":[-79.24772,34.05675]},"properties":{"site":"02135000","name":"LITTLE PEE DEE R. AT GALIVANTS FERRY, SC","state":"South Carolina","huc":"03040204","type":"ST","d0":"2026-09-07","t":[29.0,28.2,27.8,27.7,28.1,28.2,28.6,29.2,29.3,28.3,27.9,27.8,28.2,28.1,28.2,27.8,26.2,23.7,22.4,21.9,22.0,22.4,23.1,23.9,24.5,25.6,26.0,25.5,24.1,23.2],"q":[698,758,793,779,724,652,576,510,463,430,407,388,368,347,326,309,298,286,278,266,262,262,259,256,258,266,275,280,267,257],"latest":{"d":"2026-10-06","t":23.2,"q":257}}},{"type":"Feature","geometry":{"type":"Point","coordinates":[-82.06028,35.68583]},"properties":{"site":"02137727","name":"CATAWBA R NR PLEASANT GARDENS, NC","state":"North Carolina","huc":"03050101","type":"ST","d0":"2026-09-07","t":[21.7,21.6,22.1,22.8,23.4,23.1,23.1,23.1,22.7,22.9,23.8,24.0,24.1,23.3,23.0,22.9,20.1,18.4,18.6,17.8,17.1,17.3,18.1,18.7,19.2,19.8,20.6,19.7,19.7,18.8],"q":[820,208,145,125,112,105,106,96.7,91.7,91.5,87.4,83.5,84.4,101,106,113,580,255,198,155,131,119,111,105,101,97.4,102,140,108,96.9],"latest":{"d":"2026-10-06","t":18.8,"q":96.9}}},{"type":"Feature","geometry":{"type":"Point","coordinates":[-81.83525,35.74125]},"properties":{"site":"02138520","name":"CATAWBA R AT SR1223 BL LK JAMES NR BRIDGEWATER, NC","state":"North Carolina","huc":"03050101","type":"ST","d0":"2026-09-07","t":[18.0,17.8,18.0,18.2,18.4,18.5,18.9,18.9,19.0,19.3,19.4,19.5,19.5,19.4,19.4,19.4,19.0,18.8,19.2,19.2,19.3,19.6,19.9,20.2,20.2,20.5,20.7,20.6,20.9,20.7],"q":[483,603,604,609,629,603,610,605,612,360,358,235,111,111,112,113,113,114,520,481,485,629,596,565,483,483,480,479,601,474],"latest":{"d":"2026-10-06","t":20.7,"q":474}}},{"type":"Feature","geometry":{"type":"Point","coordinates":[-81.19038,35.8219]},"properties":{"site":"0214196125","name":"CATAWBA RIVER AT NC HIGHWAY 16 NR MILLERSVILLE, NC","state":"North Carolina","huc":"03050101","type":"ST","d0":"2026-09-07","t":[26.5,26.4,26.7,26.9,27.0,26.7,26.9,27.1,26.4,26.5,26.7,27.3,26.9,26.9,26.8,26.4,25.5,25.1,24.8,24.5,24.4,24.2,24.2,24.1,24.2,24.3,24.0,23.4,23.5,23.4],"q":[1270,1390,1490,1570,1300,1300,1340,1160,1140,826,832,713,709,644,655,641,1150,2850,2780,1650,1920,1450,1440,1440,1420,972,976,1330,1330,1330],"latest":{"d":"2026-10-06","t":23.4,"q":1330}}},{"type":"Feature","geometry":{"type":"Point","coordinates":[-81.00156,35.01642]},"properties":{"site":"02145910","name":"CATAWBA RIVER BL LAKE WYLIE DAM FEWELL ISLAND, SC","state":"South Carolina","huc":"03050103","type":"ST","d0":"2026-09-07","t":[28.9,29.0,28.8,29.1,29.2,29.0,29.2,29.2,29.0,28.9,28.9,29.1,29.0,29.0,29.0,28.9,28.1,27.4,26.6,26.3,26.1,25.8,25.7,25.5,25.3,25.1,24.9,24.6,24.8,24.6],"q":[873,901,908,906,907,907,908,907,907,906,905,907,908,906,908,1020,909,900,893,889,889,894,881,1000,890,892,891,888,884,884],"latest":{"d":"2026-10-06","t":24.6,"q":884}}},{"type":"Feature","geometry":{"type":"Point","coordinates":[-80.69843,34.33208]},"properties":{"site":"02147801","name":"LAKE WATEREE TAILRACE ABOVE CAMDEN, SC","state":"South Carolina","huc":"03050104","type":"ST","d0":"2026-09-07","t":[29.5,29.4,29.3,29.3,29.2,29.2,29.2,29.3,29.2,29.1,29.1,29.0,29.0,29.0,28.9,28.8,28.6,27.9,27.3,26.9,26.6,26.4,26.1,25.9,25.6,25.4,25.4,25.2,25.1,25.0],"q":[1060,1080,1090,1110,1130,1120,1120,1110,1090,1080,1970,2080,1030,1030,1030,1030,1040,1040,1040,1010,1020,1010,1000,996,1010,1010,1010,1010,1010,1030],"latest":{"d":"2026-10-06","t":25.0,"q":1030}}},{"type":"Feature","geometry":{"type":"Point","coordinates":[-80.65397,34.24459]},"properties":{"site":"02148000","name":"WATEREE RIVER NR. CAMDEN, SC","state":"South Carolina","huc":"03050104","type":"ST","d0":"2026-09-07","t":[29.4,29.0,29.2,29.5,29.7,29.0,29.5,29.7,29.4,29.0,28.9,28.9,29.3,29.4,29.3,28.8,26.9,25.6,25.5,25.4,25.6,25.6,26.0,26.0,25.8,25.8,26.1,24.8,24.6,24.4],"q":[1030,1030,1030,1040,1080,1120,1100,1090,1070,1070,1750,2130,1180,1080,1080,1110,1100,1110,1090,1080,1060,1050,1050,1030,1060,1060,1080,1080,1080,1110],"latest":{"d":"2026-10-06","t":24.4,"q":1110}}},{"type":"Feature","geometry":{"type":"Point","coordinates":[-81.42121,34.59514]},"properties":{"site":"02156500","name":"BROAD RIVER NEAR CARLISLE, SC","state":"South Carolina","huc":"03050106","type":"ST","d0":"2026-09-07","t":[29.2,28.8,28.6,28.8,29.0,28.6,29.1,28.9,28.7,28.5,28.4,29.0,29.2,29.0,29.2,28.8,27.0,24.5,22.2,21.7,21.2,21.7,22.1,22.7,23.1,23.7,24.1,23.3,23.5,22.9],"q":[845,1040,1480,1400,1200,1100,1040,1030,907,812,733,650,669,852,1340,1240,2760,4210,3890,1770,1130,1110,1020,901,858,840,850,860,922,1810],"latest":{"d":"2026-10-06","t":22.9,"q":1810}}},{"type":"Feature","geometry":{"type":"Point","coordinates":[-81.07333,34.04833]},"properties":{"site":"02162035","name":"BROAD RIVER NEAR COLUMBIA, SC","state":"South Carolina","huc":"03050106","type":"ST","d0":"2026-09-07","t":[30.5,29.7,29.2,29.3,30.1,30.3,29.1,29.2,29.8,29.5,29.1,28.9,29.1,29.2,29.6,29.4,28.5,25.8,24.8,24.5,24.1,23.9,24.2,null,25.4,25.6,26.2,26.2,25.2,24.2],"q":[1520,999,1120,1220,1570,2110,1020,967,1400,1290,1240,1270,1060,1100,1170,1490,935,2060,5580,2430,1520,1540,null,1830,1670,1650,1710,1470,924,678],"latest":{"d":"2026-10-06","t":24.2,"q":678}}},{"type":"Feature","geometry":{"type":"Point","coordinates":[-82.65051,35.06348]},"properties":{"site":"02162290","name":"SOUTH SALUDA RIVER NEAR CLEVELAND, SC","state":"South Carolina","huc":"03050109","type":"ST","d0":"2026-09-07","t":[22.8,22.3,22.1,22.4,22.6,22.8,23.0,22.9,22.8,22.8,22.9,23.1,23.2,22.7,22.7,22.8,21.9,20.5,20.0,19.3,18.9,19.3,19.4,19.7,20.0,20.9,21.6,21.1,20.9,19.2],"q":[5.1,4.76,4.54,4.47,4.34,7.99,5.88,4.98,4.82,4.74,4.67,4.74,5.02,5.04,5.03,5.47,5.09,5.52,5.11,4.83,4.72,4.62,4.6,4.59,4.56,4.56,5.49,15.1,5.11,4.5],"latest":{"d":"2026-10-06","t":19.2,"q":4.5}}},{"type":"Feature","geometry":{"type":"Point","coordinates":[-82.42008,35.13233]},"properties":{"site":"0216239615","name":"N. SALUDA RIVER BL N. SALUDA RES. ABOVE SLATER, SC","state":"South Carolina","huc":"030501090102","type":"ST","d0":"2026-09-07","t":[14.9,14.8,14.5,14.7,15.1,14.9,15.7,15.6,15.2,14.9,15.0,15.2,15.4,15.0,15.0,14.8,14.1,12.9,12.9,12.5,12.3,12.4,12.6,12.7,13.0,13.5,14.3,16.2,14.3,13.1],"q":[5.86,5.79,5.73,5.6,5.5,6.52,6.62,6.03,5.79,5.8,5.79,5.79,6.02,5.99,5.87,5.82,5.77,5.98,5.8,5.75,5.65,5.74,5.47,5.22,5.15,4.88,6.6,10.9,5.75,5.34],"latest":{"d":"2026-10-06","t":13.1,"q":5.34}}},{"type":"Feature","geometry":{"type":"Point","coordinates":[-82.45995,35.0836]},"properties":{"site":"021623975","name":"NORTH SALUDA RIVER ABOVE SLATER, SC","state":"South Carolina","huc":"03050109","type":"ST","d0":"2026-09-07","t":[21.8,21.6,21.5,22.0,22.4,21.9,21.7,22.3,22.0,22.2,22.3,22.6,22.7,22.0,22.0,21.9,20.1,18.3,18.3,17.5,17.4,17.7,18.0,18.3,18.7,19.7,20.4,19.7,19.9,18.3],"q":[12.6,11.5,10.5,9.75,10.2,14.0,14.6,11.8,10.3,10.2,9.62,9.96,12.5,13.3,10.9,11.2,12.2,12.3,12.4,12.0,12.5,12.9,13.8,13.6,13.8,14.2,17.1,33.8,15.9,11.5],"latest":{"d":"2026-10-06","t":18.3,"q":11.5}}},{"type":"Feature","geometry":{"type":"Point","coordinates":[-82.44367,34.61412]},"properties":{"site":"02163001","name":"SALUDA RIVER NEAR WILLIAMSTON, SC","state":"South Carolina","huc":"03050109","type":"ST","d0":"2026-09-07","t":[27.9,27.0,26.5,26.5,26.7,26.5,27.0,26.9,26.9,26.4,26.2,26.6,27.0,26.8,26.9,26.9,25.9,24.2,23.2,22.2,21.9,21.7,21.6,21.6,21.8,22.2,22.8,22.7,22.8,22.3],"q":[310,229,161,150,148,155,429,190,173,170,168,172,162,154,166,174,223,159,300,173,153,117,135,136,136,136,136,140,252,270],"latest":{"d":"2026-10-06","t":22.3,"q":270}}},{"type":"Feature","geometry":{"type":"Point","coordinates":[-81.20954,34.05098]},"properties":{"site":"02168504","name":"SALUDA RIVER BELOW LK MURRAY DAM NR COLUMBIA, SC","state":"South Carolina","huc":"03050109","type":"ST","d0":"2026-09-07","t":[15.3,15.5,15.2,14.9,15.0,14.8,14.9,15.4,15.5,15.4,15.6,15.6,15.6,15.7,15.7,16.2,15.7,15.8,15.5,15.5,15.7,15.7,15.6,15.8,15.8,15.9,16.3,16.2,16.1,15.8],"q":[1290,1190,941,864,859,854,867,1070,1240,1270,1250,1270,1280,1270,1220,1000,982,1080,1050,1050,1060,1060,1070,1190,1210,1250,1310,1310,1290,1180],"latest":{"d":"2026-10-06","t":15.8,"q":1180}}},{"type":"Feature","geometry":{"type":"Point","coordinates":[-81.08787,34.01404]},"properties":{"site":"02169000","name":"SALUDA RIVER NEAR COLUMBIA, SC","state":"South Carolina","huc":"03050109","type":"ST","d0":"2026-09-07","t":[18.3,18.2,18.4,null,null,18.3,18.6,18.4,18.1,null,17.7,17.7,18.0,17.8,18.0,18.1,18.5,16.9,17.0,17.0,17.0,17.3,17.5,17.6,17.7,17.8,17.8,17.5,17.1,17.4],"q":[1360,1250,988,846,847,850,913,986,1190,1230,1200,1200,1240,1230,1150,1080,908,1050,null,964,969,965,965,1060,1090,1150,1200,1210,1210,1080],"latest":{"d":"2026-10-06","t":17.4,"q":1080}}},{"type":"Feature","geometry":{"type":"Point","coordinates":[-80.14136,33.45378]},"properties":{"site":"02171500","name":"SANTEE RIVER NEAR PINEVILLE, SC","state":"South Carolina","huc":"03050112","type":"ST","d0":"2026-09-07","t":[29.5,29.1,29.0,29.0,28.9,28.9,29.1,29.3,28.8,28.2,28.2,28.4,28.4,28.3,28.4,28.2,27.3,26.0,25.1,24.7,24.6,24.4,24.3,24.7,24.8,25.4,25.9,25.4,24.7,24.4],"q":[638,641,723,792,792,782,776,756,760,764,765,765,767,760,757,767,766,621,755,755,758,764,758,753,738,739,733,777,736,723],"latest":{"d":"2026-10-06","t":24.4,"q":723}}},{"type":"Feature","geometry":{"type":"Point","coordinates":[-79.96035,33.49406]},"properties":{"site":"02171560","name":"SANTEE RIVER NEAR RUSSELLVILLE, SC","state":"South Carolina","huc":"03050112","type":"ST","d0":"2026-09-07","t":[29.9,29.1,28.6,28.7,28.9,28.8,29.2,29.7,29.7,28.9,28.4,28.0,28.0,28.0,28.4,28.6,27.6,25.9,24.4,23.7,23.5,23.6,24.0,24.4,24.7,25.5,25.9,25.7,25.1,24.3],"q":[706,698,713,783,807,814,805,804,804,791,789,791,808,797,805,815,809,782,743,773,769,770,770,763,767,768,778,859,805,794],"latest":{"d":"2026-10-06","t":24.3,"q":794}}},{"type":"Feature","geometry":{"type":"Point","coordinates":[-79.915,33.4275]},"properties":{"site":"02171645","name":"REDIV CANAL AT SANTEE RIVER NR ST STEPHEN, SC","state":"South Carolina","huc":"03050112","type":"ST","d0":"2026-09-07","t":[30.0,29.6,29.5,29.6,29.8,29.8,30.2,30.4,30.2,29.5,29.3,29.4,29.2,28.7,29.0,29.1,28.3,27.1,26.1,25.6,25.3,25.3,25.2,25.6,25.7,26.2,26.4,26.0,25.4,24.9],"q":[60.6,64.7,166,143,1500,96.0,76.1,85.7,119,338,131,96.3,109,191,234,132,203,131,186,131,93.5,64.6,63.5,125,149,193,215,194,128,99.2],"latest":{"d":"2026-10-06","t":24.9,"q":99.2}}},{"type":"Feature","geometry":{"type":"Point","coordinates":[-79.97492,33.21492]},"properties":{"site":"02172002","name":"LAKE MOULTRIE TAILRACE CANAL AT MONCKS CORNER, SC","state":"South Carolina","huc":"03050201","type":"ST","d0":"2026-09-07","t":[29.6,29.3,29.1,28.9,28.9,28.8,28.8,29.0,28.9,28.7,28.6,28.6,28.7,28.6,28.6,28.5,28.2,27.4,26.1,25.4,25.2,24.9,24.7,24.5,24.5,24.6,24.7,24.8,24.9,24.8],"q":[5050,5040,5860,5110,4530,5010,4570,4850,5000,5490,5520,5470,6070,5310,5360,5200,4430,4470,5100,5650,4860,5500,5270,4980,4750,4350,4840,4710,5770,4390],"latest":{"d":"2026-10-06","t":24.8,"q":4390}}},{"type":"Feature","geometry":{"type":"Point","coordinates":[-81.60177,33.75348]},"properties":{"site":"02172300","name":"MCTIER CREEK RD 209 NEAR MONETTA, SC","state":"South Carolina","huc":"03050204","type":"ST","d0":"2026-09-07","t":[24.6,24.2,23.5,24.2,25.1,25.5,25.9,25.4,25.4,24.6,23.3,23.3,24.5,24.7,24.5,24.4,23.5,21.3,19.6,17.7,17.7,17.9,18.3,19.0,19.6,20.6,22.3,22.2,21.5,20.2],"q":[1.93,1.88,1.7,1.68,2.86,9.48,7.12,4.41,3.38,3.2,2.94,2.65,2.64,3.03,3.03,4.48,4.84,4.12,4.07,3.44,3.0,2.62,2.5,2.41,2.41,2.43,2.96,3.67,5.58,5.52],"latest":{"d":"2026-10-06","t":20.2,"q":5.52}}},{"type":"Feature","geometry":{"type":"Point","coordinates":[-83.11617,34.97453]},"properties":{"site":"02176930","name":"CHATTOOGA RIVER AT BURRELLS FORD, NR PINE MTN, GA","state":"Georgia","huc":"03060102","type":"ST","d0":"2026-09-07","t":[21.3,20.5,20.6,20.7,20.8,20.7,20.5,20.6,20.6,21.2,21.4,21.5,21.5,20.8,20.4,19.7,18.9,18.2,17.5,15.8,14.9,14.9,15.3,15.9,16.4,17.4,18.2,18.2,18.3,17.2],"q":[43.1,39.4,36.9,35.0,33.6,41.1,41.8,37.3,37.1,34.2,33.3,36.9,36.8,46.9,44.9,97.9,129,72.9,57.3,46.3,41.0,38.2,36.8,35.3,34.0,33.9,35.7,67.4,41.3,37.5],"latest":{"d":"2026-10-06","t":17.2,"q":37.5}}},{"type":"Feature","geometry":{"type":"Point","coordinates":[-83.405,34.75028]},"properties":{"site":"02181350","name":"TALLULAH R AT TERRORA PWRHSE, NR TALLULAH FALLS,GA","state":"Georgia","huc":"03060102","type":"ST","d0":"2026-09-07","t":[24.3,23.6,23.9,24.1,24.3,23.3,22.8,23.7,23.5,23.9,24.6,25.1,25.1,24.3,23.9,23.1,21.6,20.5,20.4,19.6,18.9,18.8,19.2,19.7,20.0,21.0,21.6,21.1,20.9,20.3],"q":[34.8,29.1,27.6,27.0,26.4,72.8,47.6,33.8,31.3,30.8,29.6,28.9,28.2,34.7,29.7,50.0,38.9,33.9,32.7,30.9,29.1,28.5,28.1,27.8,27.6,27.5,33.2,33.7,33.6,29.8],"latest":{"d":"2026-10-06","t":20.3,"q":29.8}}},{"type":"Feature","geometry":{"type":"Point","coordinates":[-82.82783,34.99614]},"properties":{"site":"02185010","name":"EASTATOEE CRK ON CLEO CHAPMAN HWY NEAR SUNSET, SC","state":"South Carolina","huc":"03060101","type":"ST","d0":"2026-09-07","t":[22.3,21.7,21.5,21.8,22.2,22.0,22.1,22.3,22.3,22.4,22.7,23.0,22.6,22.1,21.9,21.7,20.9,19.1,18.4,17.2,16.4,16.7,17.2,18.0,18.6,19.7,20.6,19.6,19.6,18.0],"q":[25.1,21.2,20.1,20.7,23.0,44.7,26.1,18.1,16.7,16.3,15.5,14.7,19.5,25.9,22.8,20.7,18.0,20.9,17.8,15.9,14.4,13.8,13.5,13.2,12.8,12.6,58.3,136,31.0,22.4],"latest":{"d":"2026-10-06","t":18.0,"q":22.4}}},{"type":"Feature","geometry":{"type":"Point","coordinates":[-84.35814,33.67892]},"properties":{"site":"02203655","name":"SOUTH RIVER AT FORREST PARK ROAD, AT ATLANTA, GA","state":"Georgia","huc":"03070103","type":"ST","d0":"2026-09-07","t":[25.3,24.7,24.3,24.4,24.6,24.4,24.8,24.5,24.7,25.1,24.2,24.3,24.7,24.2,24.4,24.3,23.8,21.8,20.5,20.1,19.4,18.9,19.1,19.7,20.5,21.8,22.7,22.8,22.3,21.1],"q":[11.7,10.9,10.2,10.2,44.9,148,21.9,14.4,12.8,12.2,11.8,11.4,91.5,35.1,11.7,10.4,9.54,9.22,9.3,8.75,8.42,8.14,8.04,7.94,7.95,8.02,10.1,17.7,20.4,10.3],"latest":{"d":"2026-10-06","t":21.1,"q":10.3}}},{"type":"Feature","geometry":{"type":"Point","coordinates":[-84.30794,33.67961]},"properties":{"site":"02203800","name":"SOUTH RIVER AT BOULDERCREST ROAD AT ATLANTA, GA","state":"Georgia","huc":"03070103","type":"ST","d0":"2026-09-07","t":[25.8,25.3,25.0,24.9,25.0,24.6,25.2,24.9,25.1,25.6,24.9,24.9,25.0,24.6,24.5,24.3,24.1,22.0,20.8,20.4,19.6,19.1,19.2,19.9,20.8,21.8,22.9,22.9,22.4,21.3],"q":[17.0,15.7,14.2,14.1,52.8,211,52.7,38.7,26.7,16.8,16.2,15.8,149,73.8,32.7,27.4,14.2,13.3,13.1,12.5,11.9,11.5,11.3,11.2,11.3,11.1,11.7,20.1,39.7,14.7],"latest":{"d":"2026-10-06","t":21.3,"q":14.7}}},{"type":"Feature","geometry":{"type":"Point","coordinates":[-84.29219,33.70569]},"properties":{"site":"02203831","name":"DOOLITTLE CREEK AT FLAT SHOALS RD, NR DECATUR, GA","state":"Georgia","huc":"03070103","type":"ST","d0":"2026-09-07","t":[23.8,23.3,23.0,23.2,23.3,23.4,23.7,23.3,23.6,23.7,22.9,23.1,23.5,23.3,23.2,23.0,22.5,20.3,19.3,19.0,18.1,17.7,17.9,19.0,19.9,20.9,21.7,21.7,21.2,20.0],"q":[1.36,1.34,1.3,1.31,1.47,9.16,1.91,1.48,1.39,1.37,1.34,1.64,3.55,1.88,1.47,1.44,1.41,1.34,1.27,1.22,1.19,1.17,1.16,1.17,1.18,1.2,1.29,1.5,1.59,1.35],"latest":{"d":"2026-10-06","t":20.0,"q":1.35}}},{"type":"Feature","geometry":{"type":"Point","coordinates":[-84.25389,33.69319]},"properties":{"site":"02203863","name":"SHOAL CREEK AT COLUMBIA DRIVE NEAR ATLANTA, GA","state":"Georgia","huc":"03070103","type":"ST","d0":"2026-09-07","t":[24.6,24.1,23.8,23.9,24.1,23.9,24.3,24.0,24.3,24.4,23.6,23.8,24.3,24.0,23.7,23.7,23.2,21.0,20.0,19.6,18.7,18.3,18.5,19.5,20.6,21.5,22.2,22.2,21.7,20.5],"q":[2.99,3.03,2.91,2.86,3.14,28.3,3.82,2.39,2.22,2.14,2.06,1.99,1.96,4.28,2.07,2.27,2.34,2.36,2.35,2.28,2.17,2.1,2.26,2.32,2.29,2.37,2.21,2.4,4.68,2.5],"latest":{"d":"2026-10-06","t":20.5,"q":2.5}}},{"type":"Feature","geometry":{"type":"Point","coordinates":[-84.23917,33.70942]},"properties":{"site":"02203873","name":"COBBS CREEK AT RAINBOW DR, NEAR DECATUR, GA","state":"Georgia","huc":"03070103","type":"ST","d0":"2026-09-07","t":[24.2,23.7,23.3,23.4,23.7,23.8,24.2,23.7,24.0,24.1,23.3,23.5,24.0,23.8,23.6,23.5,23.1,20.8,19.7,19.3,18.4,17.9,18.1,19.2,20.3,21.2,21.9,21.9,21.5,20.4],"q":[2.45,2.36,2.46,2.58,2.31,23.0,2.87,2.44,2.26,2.33,2.32,2.16,2.62,2.55,2.2,2.12,2.1,2.4,2.1,2.04,1.88,2.01,1.95,1.96,1.97,1.93,2.1,3.91,3.69,2.31],"latest":{"d":"2026-10-06","t":20.4,"q":2.31}}},{"type":"Feature","geometry":{"type":"Point","coordinates":[-84.224,33.66578]},"properties":{"site":"02203900","name":"SOUTH RIVER AT FLAKES MILL ROAD NR ATLANTA, GA","state":"Georgia","huc":"03070103","type":"ST","d0":"2026-09-07","t":[26.2,25.4,25.4,25.7,25.4,24.9,25.3,null,26.6,26.0,25.1,25.4,25.8,25.0,25.1,25.0,24.5,22.2,21.0,20.7,19.8,19.2,19.3,20.3,21.3,22.3,23.4,23.4,22.7,21.6],"q":[28.6,24.9,23.4,23.5,43.4,380,113,59.3,47.4,32.0,30.3,26.2,55.6,262,59.1,55.8,33.7,28.8,26.8,25.4,23.5,22.2,null,21.6,22.0,22.1,22.3,27.3,75.9,36.9],"latest":{"d":"2026-10-06","t":21.6,"q":36.9}}},{"type":"Feature","geometry":{"type":"Point","coordinates":[-84.22036,33.76322]},"properties":{"site":"02203950","name":"SNAPFINGER CREEK NEAR DECATUR, GA","state":"Georgia","huc":"03070103","type":"ST","d0":"2026-09-07","t":[24.8,24.3,23.8,23.9,24.2,24.5,24.6,24.2,24.4,24.5,23.7,23.9,24.2,24.2,24.0,23.6,23.2,21.1,19.9,19.5,18.6,18.2,18.3,19.3,20.2,21.1,22.0,22.3,22.1,20.6],"q":[3.41,3.13,3.06,3.74,11.0,145,8.71,5.58,5.33,4.46,4.09,4.06,5.11,5.12,4.27,9.35,4.69,3.64,3.52,3.12,2.88,2.89,2.79,2.58,2.59,2.7,2.87,40.7,11.2,4.94],"latest":{"d":"2026-10-06","t":20.6,"q":4.94}}},{"type":"Feature","geometry":{"type":"Point","coordinates":[-84.19861,33.69667]},"properties":{"site":"02203960","name":"SNAPFINGER CR AT THOMPSON MILL RD NR LITHONIA, GA","state":"Georgia","huc":"03070103","type":"ST","d0":"2026-09-07","t":[25.5,25.0,24.8,24.8,25.2,24.6,25.2,24.9,25.2,25.3,24.5,24.6,24.9,24.8,24.7,24.8,23.9,21.8,20.5,20.1,19.3,18.7,18.7,19.8,21.0,21.9,22.7,22.7,22.4,21.1],"q":[9.44,8.49,8.18,8.05,12.3,161,23.7,12.8,11.6,10.8,10.1,9.6,9.47,12.0,9.65,27.5,14.5,10.9,10.0,9.52,8.95,8.66,9.42,8.36,8.16,8.29,8.45,24.4,37.0,12.5],"latest":{"d":"2026-10-06","t":21.1,"q":12.5}}},{"type":"Feature","geometry":{"type":"Point","coordinates":[-84.15117,33.66819]},"properties":{"site":"02204037","name":"POLE BRIDGE CR AT EVANS MILL RD NEAR LITHONIA, GA","state":"Georgia","huc":"03070103","type":"ST","d0":"2026-09-07","t":[24.6,24.3,23.9,24.1,24.1,24.2,24.6,24.2,24.4,24.6,23.8,23.8,24.0,24.0,23.8,23.6,23.3,21.2,20.1,19.6,18.7,18.0,18.1,19.1,20.1,21.2,22.0,22.0,21.7,20.6],"q":[4.46,2.5,2.56,2.49,29.3,36.7,10.9,6.36,4.58,3.89,3.48,3.11,3.24,2.89,2.33,7.6,5.53,3.29,2.84,2.41,1.93,1.67,1.47,1.39,1.35,1.41,1.72,2.29,6.85,2.85],"latest":{"d":"2026-10-06","t":20.6,"q":2.85}}},{"type":"Feature","geometry":{"type":"Point","coordinates":[-84.10778,33.94111]},"properties":{"site":"02205865","name":"SWEETWATER CREEK AT CLUB DRIVE NEAR LILBURN, GA","state":"Georgia","huc":"03070103","type":"ST","d0":"2026-09-07","t":[25.2,24.5,24.1,24.2,24.5,25.4,25.7,25.1,24.9,24.8,24.3,24.4,24.9,24.8,24.8,24.4,23.9,21.7,20.4,19.9,19.0,18.6,18.7,19.6,20.6,21.6,22.3,22.2,22.1,20.9],"q":[3.76,3.43,3.06,2.85,19.3,171,42.4,15.7,10.6,8.47,7.04,6.15,8.51,12.2,15.1,23.3,11.3,8.02,6.78,5.56,4.68,4.33,4.08,4.04,4.03,3.83,3.77,16.5,17.4,7.4],"latest":{"d":"2026-10-06","t":20.9,"q":7.4}}},{"type":"Feature","geometry":{"type":"Point","coordinates":[-84.07833,33.85306]},"properties":{"site":"02206500","name":"YELLOW RIVER NEAR SNELLVILLE, GA","state":"Georgia","huc":"03070103","type":"ST","d0":"2026-09-07","t":[25.8,25.5,25.2,25.2,25.2,24.6,25.3,25.4,25.4,25.5,25.1,25.1,25.5,25.0,24.9,24.5,24.1,22.8,21.6,21.3,20.9,20.7,21.0,21.6,22.3,22.9,23.4,23.1,22.2,21.9],"q":[51.8,42.2,38.8,38.8,52.0,564,469,136,92.7,74.2,58.8,51.8,49.8,102,82.0,155,134,77.1,57.8,52.5,50.3,46.5,45.9,40.8,36.7,36.5,42.8,61.8,190,86.3],"latest":{"d":"2026-10-06","t":21.9,"q":86.3}}},{"type":"Feature","geometry":{"type":"Point","coordinates":[-84.05819,33.7725]},"properties":{"site":"02207120","name":"YELLOW RIVER AT GA 124, NEAR LITHONIA, GA","state":"Georgia","huc":"03070103","type":"ST","d0":"2026-09-07","t":[26.8,26.1,25.8,26.0,25.9,25.2,25.4,25.7,26.0,26.1,25.6,25.8,25.9,25.7,25.6,25.1,24.4,22.8,21.7,21.3,20.6,20.0,20.1,20.9,21.6,22.4,23.4,23.3,22.6,21.9],"q":[62.1,47.5,43.3,42.8,52.6,463,615,184,102,79.4,65.8,57.2,57.2,104,83.3,143,189,87.1,65.1,58.7,55.5,51.6,50.7,49.0,44.5,43.8,47.2,59.6,210,111],"latest":{"d":"2026-10-06","t":21.9,"q":111}}},{"type":"Feature","geometry":{"type":"Point","coordinates":[-84.13933,33.83042]},"properties":{"site":"02207135","name":"LITTLE STONE MTN CR NEAR STONE MOUNTAIN, GA","state":"Georgia","huc":"03070103","type":"ST","d0":"2026-09-07","t":[23.9,23.4,22.9,23.2,23.5,23.6,23.8,23.3,23.4,23.5,22.9,22.9,23.4,23.2,23.0,22.9,22.4,20.4,19.4,18.9,18.1,17.7,17.9,18.6,19.5,20.4,21.2,21.2,21.0,19.9],"q":[0.41,0.4,0.36,0.36,0.51,5.1,0.72,0.6,0.55,0.57,0.53,0.5,0.48,0.5,0.47,1.09,0.56,0.54,0.54,0.5,0.43,0.41,0.39,0.4,0.41,0.43,0.45,1.95,0.81,0.61],"latest":{"d":"2026-10-06","t":19.9,"q":0.61}}},{"type":"Feature","geometry":{"type":"Point","coordinates":[-84.07717,33.77328]},"properties":{"site":"02207160","name":"STONE MOUNTAIN CREEK AT GA 124, NEAR LITHONIA, GA","state":"Georgia","huc":"03070103","type":"ST","d0":"2026-09-07","t":[26.0,25.4,24.8,24.6,24.7,27.3,28.9,29.0,28.6,28.0,27.0,27.0,27.1,26.7,26.4,26.2,26.8,24.6,22.9,22.4,21.5,20.4,20.0,20.3,20.9,22.2,23.6,24.1,24.6,23.7],"q":[null,0.79,null,null,2.54,47.6,46.9,22.3,12.4,8.11,5.76,4.34,4.03,4.9,3.38,6.37,11.1,7.25,5.24,4.09,2.81,1.9,1.37,1.14,1.12,2.76,5.24,10.5,27.4,15.8],"latest":{"d":"2026-10-06","t":23.7,"q":15.8}}},{"type":"Feature","geometry":{"type":"Point","coordinates":[-84.03778,33.7775]},"properties":{"site":"02207185","name":"NO BUSINESS CREEK AT LEE ROAD, BELOW SNELLVILLE,GA","state":"Georgia","huc":"03070103","type":"ST","d0":"2026-09-07","t":[23.7,23.2,22.5,22.8,23.1,24.0,24.8,24.1,24.0,23.9,22.8,23.0,23.4,23.6,23.6,23.8,24.1,21.3,19.9,19.2,17.9,17.2,17.6,18.7,19.8,20.7,21.5,21.7,21.4,20.1],"q":[0.99,0.96,0.59,0.52,3.88,14.1,5.46,3.67,2.98,2.55,2.11,1.64,1.8,4.65,3.61,17.4,6.43,4.2,3.37,2.78,2.4,2.06,1.83,1.51,1.03,0.79,1.37,3.47,3.69,3.03],"latest":{"d":"2026-10-06","t":20.1,"q":3.03}}},{"type":"Feature","geometry":{"type":"Point","coordinates":[-83.99014,33.81528]},"properties":{"site":"02207385","name":"BIG HAYNES CREEK AT LENORA ROAD, NR SNELLVILLE, GA","state":"Georgia","huc":"03070103","type":"ST","d0":"2026-09-07","t":[23.8,23.4,22.9,23.1,23.3,23.4,24.7,24.1,24.1,23.9,23.0,23.5,23.8,24.9,24.8,24.0,23.2,20.6,19.7,19.4,18.4,18.0,18.3,19.5,20.4,21.1,22.0,22.1,21.5,20.2],"q":[4.04,4.11,3.91,3.9,4.29,21.8,12.7,8.21,6.58,5.89,5.4,4.97,22.8,31.5,14.2,15.7,10.6,8.48,7.83,7.04,6.49,6.1,5.85,5.7,5.67,5.71,12.0,12.3,11.2,8.69],"latest":{"d":"2026-10-06","t":20.2,"q":8.69}}},{"type":"Feature","geometry":{"type":"Point","coordinates":[-83.9425,33.82139]},"properties":{"site":"02207400","name":"BRUSHY FORK CREEK AT BEAVER ROAD, NR LOGANVILLE,GA","state":"Georgia","huc":"03070103","type":"ST","d0":"2026-09-07","t":[24.3,23.9,23.7,23.6,23.8,23.6,24.6,24.3,24.4,24.3,23.5,23.8,24.2,25.2,25.5,24.9,24.4,21.7,20.5,20.2,19.2,18.8,19.1,20.2,21.1,21.8,22.5,22.1,21.5,20.5],"q":[0.88,1.05,0.82,0.78,0.8,3.92,2.59,1.72,1.41,1.27,1.18,1.06,8.24,23.7,10.8,16.1,11.7,5.89,4.03,3.2,2.77,2.53,2.31,2.18,2.11,2.03,2.16,2.46,2.68,2.59],"latest":{"d":"2026-10-06","t":20.5,"q":2.59}}},{"type":"Feature","geometry":{"type":"Point","coordinates":[-83.93631,33.72939]},"properties":{"site":"02207418","name":"BIG HAYNES CREEK AT JACK TURNER DAM,NR MILSTEAD GA","state":"Georgia","huc":"03070103","type":"ST","d0":"2026-09-07","t":[26.2,25.9,25.8,25.7,25.7,25.4,25.5,25.7,25.8,25.7,25.5,25.5,25.6,25.5,25.4,25.3,25.0,24.0,23.5,23.3,23.0,22.6,22.4,22.5,22.6,22.7,22.8,22.8,22.6,22.4],"q":[26.7,26.7,26.7,26.7,26.7,26.7,26.7,26.7,26.6,26.3,26.3,26.2,26.2,26.0,25.9,25.9,25.7,25.5,25.6,25.3,25.2,25.0,24.9,24.8,24.8,24.9,25.1,25.0,25.1,25.2],"latest":{"d":"2026-10-06","t":22.4,"q":25.2}}},{"type":"Feature","geometry":{"type":"Point","coordinates":[-83.91444,33.71111]},"properties":{"site":"02207435","name":"LITTLE HAYNES CREEK AT DIAL MILL RD NR MILSTEAD GA","state":"Georgia","huc":"03070103","type":"ST","d0":"2026-09-07","t":[24.5,24.1,23.7,24.1,24.0,23.6,24.1,24.0,24.3,24.3,23.4,23.6,24.2,23.9,23.7,23.7,23.0,20.8,19.7,19.2,18.3,17.6,17.9,19.2,20.3,21.1,22.2,22.0,21.2,20.3],"q":[5.26,5.18,4.67,4.56,6.43,9.91,9.49,6.24,5.37,5.14,5.05,4.86,4.97,23.4,8.86,33.4,18.9,10.5,9.12,8.35,7.72,7.14,6.9,6.7,6.58,6.78,7.0,8.16,9.84,8.28],"latest":{"d":"2026-10-06","t":20.3,"q":8.28}}},{"type":"Feature","geometry":{"type":"Point","coordinates":[-83.92808,33.66164]},"properties":{"site":"02207448","name":"BIG HAYNES CREEK AT BALD ROCK ROAD, NR MILSTEAD GA","state":"Georgia","huc":"03070103","type":"ST","d0":"2026-09-07","t":[28.2,27.6,27.6,27.8,27.5,25.8,27.1,27.7,27.8,28.1,27.5,27.5,27.6,27.1,27.1,26.9,25.3,23.0,22.3,22.8,22.4,21.7,22.0,22.9,23.5,23.9,24.6,24.3,23.4,23.1],"q":[14.7,12.9,12.5,11.4,22.2,36.3,71.5,17.0,13.9,13.5,13.1,13.3,14.2,20.3,19.5,24.0,40.0,19.4,17.4,15.0,15.4,15.0,14.1,14.4,12.8,13.2,15.0,15.8,17.3,16.5],"latest":{"d":"2026-10-06","t":23.1,"q":16.5}}},{"type":"Feature","geometry":{"type":"Point","coordinates":[-83.88806,33.91694]},"properties":{"site":"02208150","name":"ALCOVY RIVER AT NEW HOPE ROAD, NEAR GRAYSON, GA","state":"Georgia","huc":"03070103","type":"ST","d0":"2026-09-07","t":[24.7,24.4,24.0,24.1,24.2,null,null,null,24.8,24.5,24.0,24.3,24.7,24.6,24.4,23.8,23.1,21.0,20.2,19.8,18.8,18.3,18.5,19.5,20.2,21.2,22.0,21.8,21.4,20.5],"q":[10.2,10.4,9.86,9.64,10.2,74.5,31.2,16.5,12.4,11.0,9.87,9.05,8.64,10.1,8.87,24.4,18.0,11.8,10.4,9.46,8.54,7.94,7.66,7.58,7.49,7.71,19.6,14.9,18.6,11.1],"latest":{"d":"2026-10-06","t":20.5,"q":11.1}}},{"type":"Feature","geometry":{"type":"Point","coordinates":[-83.77842,33.63939]},"properties":{"site":"02208450","name":"ALCOVY RIVER ABOVE COVINGTON, GA","state":"Georgia","huc":"03070103","type":"ST","d0":"2026-09-07","t":[26.1,25.4,25.0,25.1,25.2,24.8,24.9,25.0,25.1,25.4,24.7,24.7,25.1,25.1,24.8,25.0,24.3,22.2,20.9,20.3,19.5,18.8,18.8,19.6,20.6,21.6,22.6,22.7,22.1,21.4],"q":[16.5,15.9,14.9,13.8,14.0,21.0,27.6,59.8,33.5,25.8,23.0,20.2,21.3,18.6,49.1,38.6,30.9,53.1,40.6,31.9,30.1,25.6,21.4,18.6,17.9,20.2,17.8,22.2,32.9,38.7],"latest":{"d":"2026-10-06","t":21.4,"q":38.7}}},{"type":"Feature","geometry":{"type":"Point","coordinates":[-83.79886,33.6285]},"properties":{"site":"02208493","name":"CORNISH CREEK AT HAZELBRAND RD NR COVINGTON, GA","state":"Georgia","huc":"03070103","type":"ST","d0":"2026-09-07","t":[25.9,25.5,24.9,25.2,25.3,25.0,25.3,25.3,25.7,25.8,24.8,24.9,25.6,25.5,25.3,25.6,24.6,22.6,21.8,21.3,20.7,20.2,20.4,21.4,22.0,22.7,23.7,23.3,22.6,21.9],"q":[6.36,6.14,6.09,6.16,6.5,7.41,6.15,6.47,6.27,5.89,5.96,6.14,6.12,6.21,6.15,6.24,6.31,6.23,6.3,6.36,6.27,6.26,6.12,5.97,5.91,6.3,6.16,6.22,6.2,6.67],"latest":{"d":"2026-10-06","t":21.9,"q":6.67}}},{"type":"Feature","geometry":{"type":"Point","coordinates":[-83.85444,34.08222]},"properties":{"site":"02217274","name":"WHEELER CREEK AT BILL CHEEK ROAD, NEAR AUBURN, GA","state":"Georgia","huc":"03070101","type":"ST","d0":"2026-09-07","t":[23.2,22.9,22.5,22.7,23.3,23.6,24.1,23.4,23.2,23.2,22.9,23.2,23.6,23.4,23.2,22.7,21.8,19.6,19.1,18.9,17.8,17.5,17.9,18.6,19.4,20.4,21.7,21.4,20.6,19.5],"q":[0.93,0.84,0.89,1.04,1.02,5.12,1.32,0.73,0.68,0.65,0.62,0.64,0.69,0.95,0.99,3.33,0.86,0.65,0.81,0.68,0.39,0.34,0.34,0.34,0.54,0.67,2.29,0.86,0.74,0.54],"latest":{"d":"2026-10-06","t":19.5,"q":0.54}}},{"type":"Feature","geometry":{"type":"Point","coordinates":[-83.52509,34.16206]},"properties":{"site":"02217643","name":"PARKS CREEK AT LYLE FIELD RD NR JEFFERSON, GA","state":"Georgia","huc":"03070101","type":"ST","d0":"2026-09-07","t":[24.3,23.6,23.3,23.6,24.4,24.6,24.7,24.4,24.2,24.0,23.7,24.1,24.7,24.4,24.1,23.7,22.6,20.1,19.9,19.5,18.1,17.9,18.6,19.6,20.6,21.5,22.8,21.6,21.1,20.0],"q":[0.63,0.64,0.6,0.59,0.61,0.76,0.69,0.63,0.61,0.64,0.62,0.61,0.58,0.59,0.72,0.84,0.65,0.65,0.63,0.61,0.59,0.57,0.57,0.57,0.57,0.57,2.01,0.73,0.68,0.65],"latest":{"d":"2026-10-06","t":20.0,"q":0.65}}},{"type":"Feature","geometry":{"type":"Point","coordinates":[-83.89417,34.01028]},"properties":{"site":"02218565","name":"APALACHEE RIVER AT FENCE ROAD, NEAR DACULA, GA","state":"Georgia","huc":"03070101","type":"ST","d0":"2026-09-07","t":[23.5,23.0,22.4,22.6,23.1,23.6,24.1,23.6,23.4,23.4,22.8,23.2,23.6,23.3,23.1,23.0,22.2,19.9,19.0,18.6,17.5,17.2,17.5,18.3,19.2,20.2,21.4,21.3,20.7,19.5],"q":[2.8,2.97,2.4,2.31,2.45,21.4,9.14,4.83,3.79,3.61,3.33,3.01,2.61,3.01,3.04,5.13,3.88,3.53,2.42,2.16,1.87,1.76,1.62,1.61,1.68,1.84,6.87,6.3,4.15,3.09],"latest":{"d":"2026-10-06","t":19.5,"q":3.09}}},{"type":"Feature","geometry":{"type":"Point","coordinates":[-80.87256,28.36973]},"properties":{"site":"02232400","name":"ST. JOHNS RIVER NEAR COCOA, FL","state":"Florida","huc":"030801010707","type":"ST","d0":"2026-09-07","t":[29.7,29.6,29.8,30.2,29.9,29.8,29.6,30.5,30.4,29.8,29.0,28.9,29.2,29.2,28.9,29.2,29.0,28.5,27.7,26.9,26.7,26.5,27.0,27.6,27.5,27.2,27.0,27.7,28.6,28.5],"q":[937,967,1020,1070,1050,1040,1100,1100,1210,1300,1340,1360,1390,1500,1600,1710,1810,1770,1830,1850,1960,2000,2070,2130,2180,2230,2300,2330,2280,2380],"latest":{"d":"2026-10-06","t":28.5,"q":2380}}},{"type":"Feature","geometry":{"type":"Point","coordinates":[-81.33979,28.94415]},"properties":{"site":"02235500","name":"BLUE SPRINGS NEAR ORANGE CITY, FL","state":"Florida","huc":"030801011701","type":"SP","d0":"2026-09-07","t":[23.6,23.7,23.6,23.6,23.6,23.6,23.6,23.7,null,null,null,23.6,23.6,23.6,23.6,23.6,23.6,23.6,23.5,23.5,23.5,23.5,23.6,23.6,23.6,23.6,23.6,23.6,23.6,23.5],"q":[160,159,159,161,164,164,164,163,164,165,166,167,167,169,null,168,168,169,170,173,173,172,172,169,167,172,171,172,172,174],"latest":{"d":"2026-10-06","t":23.5,"q":174}}},{"type":"Feature","geometry":{"type":"Point","coordinates":[-81.38257,29.00832]},"properties":{"site":"02236000","name":"ST. JOHNS RIVER NEAR DE LAND, FL","state":"Florida","huc":"030801011701","type":"ST","d0":"2026-09-07","t":[29.3,null,null,null,29.9,29.7,29.7,30.0,29.9,29.7,29.5,29.2,29.0,28.7,28.5,28.5,28.8,28.8,27.9,27.1,26.7,26.3,26.3,26.4,26.8,27.4,27.4,27.4,27.6,27.4],"q":[2960,null,null,null,2960,3170,3340,3610,3710,3440,3180,3180,3510,3790,3980,4040,3940,2970,2040,2480,2860,3130,3330,3480,3690,4000,4200,4410,4810,4470],"latest":{"d":"2026-10-06","t":27.4,"q":4470}}},{"type":"Feature","geometry":{"type":"Point","coordinates":[-82.0412,29.21498]},"properties":{"site":"02239501","name":"SILVER RIVER NEAR OCALA, FL","state":"Florida","huc":"030801020804","type":"ST","d0":"2026-09-07","t":[24.6,24.5,24.5,24.6,24.5,24.4,24.4,24.5,24.5,24.4,24.4,24.3,24.2,24.1,24.3,24.4,24.4,24.0,23.7,23.5,23.4,23.7,24.0,24.1,24.2,24.1,24.2,24.3,24.3,23.9],"q":[391,390,391,394,396,398,400,402,401,400,404,407,409,410,409,408,402,402,402,403,405,402,401,398,398,400,400,400,402,404],"latest":{"d":"2026-10-06","t":23.9,"q":404}}},{"type":"Feature","geometry":{"type":"Point","coordinates":[-81.68318,29.59636]},"properties":{"site":"02244040","name":"ST. JOHNS R AT BUFFALO BLUFF NEAR SATSUMA, FL","state":"Florida","huc":"030801030404","type":"ST-TS","d0":"2026-09-07","t":[30.2,30.1,30.1,30.1,30.1,30.2,30.3,30.6,30.7,30.3,30.0,29.7,29.7,29.5,29.4,29.7,29.6,29.1,27.9,27.0,26.6,26.6,27.0,27.2,27.7,28.1,28.2,28.3,28.3,27.9],"q":[-190,-4960,-2150,2320,4560,3390,4310,5580,3550,-3950,-1790,3620,9380,8080,4310,5580,373,-11600,-9170,-1430,2600,5050,5880,7730,10800,10100,11500,9240,6540,-684],"latest":{"d":"2026-10-06","t":27.9,"q":-684}}},{"type":"Feature","geometry":{"type":"Point","coordinates":[-81.54639,30.11917]},"properties":{"site":"022462002","name":"DURBIN CREEK NEAR FRUIT COVE, FL","state":"Florida","huc":"030801031301","type":"ST-TS","d0":"2026-09-07","t":[27.0,27.0,27.2,27.3,27.2,26.8,26.7,27.0,27.1,26.7,26.1,25.8,25.8,26.1,25.9,25.8,25.9,25.5,24.2,22.8,22.1,22.2,22.8,23.7,24.5,25.1,25.3,25.6,25.7,25.0],"q":[29.4,41.7,71.4,72.5,59.6,59.0,75.9,92.1,88.3,63.5,68.0,83.0,77.6,45.3,40.2,47.3,27.8,-2.02,21.4,53.7,53.9,56.4,53.3,49.8,40.3,31.8,25.6,37.2,21.8,null],"latest":{"d":"2026-10-06","t":25.0,"q":null}}},{"type":"Feature","geometry":{"type":"Point","coordinates":[-81.74038,30.28218]},"properties":{"site":"02246459","name":"CEDAR RIVER AT SAN JUAN AVENUE AT JACKSONVILLE, FL","state":"Florida","huc":"030801031402","type":"ST-TS","d0":"2026-09-07","t":[29.6,30.4,30.6,30.5,30.4,30.4,30.3,30.3,30.2,30.1,29.8,29.6,29.6,29.7,29.8,29.9,29.9,28.6,27.0,27.1,27.3,27.3,27.4,27.5,27.9,28.2,28.3,28.7,28.7,27.5],"q":[130,72.2,61.9,92.6,81.8,55.2,68.8,59.7,32.5,52.1,81.1,57.7,44.3,37.2,39.9,31.6,23.0,1.3,33.1,39.4,26.8,29.1,36.7,22.8,29.4,39.9,45.0,104,68.9,511],"latest":{"d":"2026-10-06","t":27.5,"q":511}}},{"type":"Feature","geometry":{"type":"Point","coordinates":[-81.66537,30.32246]},"properties":{"site":"02246500","name":"ST. JOHNS RIVER AT JACKSONVILLE, FL","state":"Florida","huc":"030801031405","type":"ST-TS","d0":"2026-09-07","t":[29.8,29.7,29.7,30.0,30.2,30.2,30.2,30.3,30.3,29.8,29.3,28.8,28.8,29.0,29.0,29.2,29.2,28.5,27.5,null,null,26.8,26.8,26.9,27.1,27.1,27.3,27.5,27.5,null],"q":[-24200,-23200,-1090,9630,7570,10900,16600,14000,-6740,-14800,-2090,11000,12200,-3470,-3120,593,-21500,-38800,-13900,null,null,15800,17700,23600,25100,24400,13600,7620,-3610,null],"latest":{"d":"2026-10-05","t":27.5,"q":-3610}}},{"type":"Feature","geometry":{"type":"Point","coordinates":[-81.57,30.28697]},"properties":{"site":"02246518","name":"POTTSBURG CRK AT US90 NR S. JACKSONVILLE, FL","state":"Florida","huc":"030801031503","type":"ST-TS","d0":"2026-09-07","t":[29.2,29.4,29.7,29.8,30.0,29.7,28.7,28.7,28.7,28.5,28.1,27.8,28.0,28.4,28.3,28.6,28.1,26.2,24.7,24.5,24.6,25.3,25.7,26.1,26.6,26.8,26.6,26.8,26.6,25.6],"q":[24.5,0.18,5.12,-3.43,4.91,32.0,74.2,66.5,28.4,47.1,44.9,41.8,24.6,24.7,22.3,18.7,50.4,79.0,11.8,20.7,19.3,29.5,34.4,40.6,32.4,48.8,59.2,49.5,42.1,186],"latest":{"d":"2026-10-06","t":25.6,"q":186}}},{"type":"Feature","geometry":{"type":"Point","coordinates":[-81.515,28.37444]},"properties":{"site":"02264051","name":"BLACK LK OUTLET AT S-101A, AT LAKE BUENA VISTA, FL","state":"Florida","huc":"030901010503","type":"ST","d0":"2026-09-07","t":[29.5,29.6,29.7,29.9,30.1,30.0,29.7,30.4,30.4,29.9,29.2,29.2,29.6,29.4,28.9,28.8,29.0,28.6,27.7,27.4,27.2,27.2,27.5,28.0,28.0,27.7,28.1,28.7,28.9,28.5],"q":[3.65,5.39,3.3,0.84,0.65,0.43,0.34,0.27,8.48,5.21,0.38,0.24,0.23,0.35,15.5,14.7,2.59,0.7,0.31,0.2,0.16,0.12,0.1,0.09,0.07,0.08,0.11,0.12,0.14,2.78],"latest":{"d":"2026-10-06","t":28.5,"q":2.78}}},{"type":"Feature","geometry":{"type":"Point","coordinates":[-81.52063,28.32529]},"properties":{"site":"02264100","name":"BONNET CREEK NEAR VINELAND, FL","state":"Florida","huc":"030901010504","type":"ST","d0":"2026-09-07","t":[28.7,28.5,28.5,28.6,28.6,28.5,28.5,28.6,28.7,28.6,28.5,28.3,28.3,28.1,27.8,27.9,27.8,27.6,27.2,26.9,26.4,26.2,26.1,26.1,26.4,26.7,26.9,27.1,27.4,27.4],"q":[20.9,25.6,26.7,23.6,22.2,21.6,21.0,20.3,22.3,22.9,19.7,18.6,18.1,19.8,27.0,28.2,23.8,21.6,19.8,18.8,18.1,17.6,16.8,16.9,16.7,16.5,16.3,16.2,16.1,19.3],"latest":{"d":"2026-10-06","t":27.4,"q":19.3}}},{"type":"Feature","geometry":{"type":"Point","coordinates":[-80.85453,25.46798]},"properties":{"site":"022908295","name":"BOTTLE CREEK AT ROOKERY BRANCH NEAR HOMESTEAD, FL","state":"Florida","huc":"030902021300","type":"ST","d0":"2026-09-07","t":[29.4,30.3,30.1,29.2,28.6,29.5,29.7,null,null,30.6,29.3,28.5,null,28.6,28.5,null,null,null,null,null,null,null,28.3,27.2,26.4,27.1,28.5,29.0,29.8,29.9],"q":[12.1,13.0,11.8,11.7,12.1,13.0,12.3,null,null,12.2,12.2,11.3,null,11.3,10.7,null,null,null,null,null,null,null,9.16,8.72,8.71,9.48,9.3,9.77,9.83,10.5],"latest":{"d":"2026-10-06","t":29.9,"q":10.5}}},{"type":"Feature","geometry":{"type":"Point","coordinates":[-81.07694,25.50139]},"properties":{"site":"02290878","name":"BROAD RIVER NEAR THE CUTOFF, FL","state":"Florida","huc":"030902021400","type":"ST-TS","d0":"2026-09-07","t":[31.2,31.0,30.7,30.2,29.8,29.9,29.9,30.1,30.5,30.7,29.8,29.6,29.5,28.9,29.0,29.0,28.8,28.8,29.1,29.0,28.6,28.4,28.2,27.7,27.2,27.2,28.1,28.7,29.1,29.0],"q":[190,256,268,170,35.8,239,343,374,null,542,368,270,null,null,null,null,null,236,205,147,-57.9,null,null,null,null,null,null,null,620,378],"latest":{"d":"2026-10-06","t":29.0,"q":378},"sensor":"MIDDLE"}},{"type":"Feature","geometry":{"type":"Point","coordinates":[-82.2112,27.87225]},"properties":{"site":"02301500","name":"ALAFIA RIVER AT LITHIA PINECREST RD AT LITHIA, FL","state":"Florida","huc":"031002040304","type":"ST","d0":"2026-09-07","t":[28.3,27.5,27.2,26.6,27.0,27.2,27.1,26.9,27.5,27.7,27.6,27.4,27.3,27.0,25.6,26.4,27.2,27.3,26.8,26.0,25.2,24.7,24.8,25.3,25.8,26.1,26.9,27.3,27.5,27.1],"q":[438,518,619,1120,1090,835,715,858,901,790,681,572,492,463,668,540,436,396,375,348,323,303,281,266,288,271,270,277,273,319],"latest":{"d":"2026-10-06","t":27.1,"q":319}}},{"type":"Feature","geometry":{"type":"Point","coordinates":[-82.32645,27.86934]},"properties":{"site":"02301718","name":"ALAFIA RIVER AT US 301 AT RIVERVIEW, FL","state":"Florida","huc":"031002040306","type":"ST-TS","d0":"2026-09-07","t":[29.0,28.8,27.9,27.4,27.2,27.5,27.3,27.2,27.5,27.9,28.0,28.7,29.0,28.5,27.9,27.4,27.6,27.8,27.4,27.4,27.2,27.1,27.4,27.7,27.9,28.1,28.4,28.7,28.6,27.9],"q":[638,677,847,1410,1550,1450,1160,1320,1280,1060,885,646,452,422,836,619,560,481,429,320,264,213,125,189,153,24.8,-28.9,50.7,63.9,300],"latest":{"d":"2026-10-06","t":27.9,"q":300},"sensor":"TOP"}},{"type":"Feature","geometry":{"type":"Point","coordinates":[-82.3637,28.05446]},"properties":{"site":"02304000","name":"HILLSBOROUGH R AT FOWLER AV NEAR TEMPLE TERRACE FL","state":"Florida","huc":"031002050503","type":"ST","d0":"2026-09-07","t":[28.5,28.0,27.4,27.4,27.5,27.3,27.2,27.5,27.5,27.6,27.5,27.1,26.9,26.6,26.5,26.6,26.8,26.7,26.0,25.2,24.3,23.7,24.0,24.6,null,25.6,26.1,26.8,27.2,27.0],"q":[297,301,330,373,402,532,631,696,713,663,663,617,600,556,522,474,456,425,420,447,452,440,384,329,335,277,267,262,234,230],"latest":{"d":"2026-10-06","t":27.0,"q":230}}},{"type":"Feature","geometry":{"type":"Point","coordinates":[-82.45181,28.02113]},"properties":{"site":"02306000","name":"SULPHUR SPRINGS AT SULPHUR SPRINGS FL","state":"Florida","huc":"031002050503","type":"SP","d0":"2026-09-07","t":[null,null,null,null,null,null,null,null,26.2,26.2,26.1,26.1,26.1,26.1,26.1,26.1,26.1,26.1,26.1,26.1,26.1,26.1,26.1,26.1,26.0,26.0,26.1,26.0,26.0,26.0],"q":[27.9,28.2,28.8,29.7,29.5,31.5,30.2,30.0,24.5,29.4,29.4,29.5,29.5,29.8,30.7,30.1,29.8,29.5,29.2,29.2,29.2,29.0,28.9,28.8,28.9,28.5,28.5,28.3,28.2,28.3],"latest":{"d":"2026-10-06","t":26.0,"q":28.3},"sensor":"BOTTOM"}},{"type":"Feature","geometry":{"type":"Point","coordinates":[-82.58982,28.79748]},"properties":{"site":"02310688","name":"SE FORK HOMOSASSA SPRING AT HOMOSASSA SPRINGS FL","state":"Florida","huc":"031002070104","type":"SP","d0":"2026-09-07","t":[24.1,24.1,24.1,24.2,24.1,24.0,24.0,24.0,24.0,24.0,23.9,23.9,23.8,23.8,23.8,23.9,23.9,23.8,23.6,23.6,23.6,23.8,24.1,25.2,25.1,24.6,24.3,24.1,24.1,23.7],"q":[49.9,52.8,50.2,53.2,50.6,50.8,51.1,52.8,53.9,55.1,50.4,48.8,45.7,49.5,47.8,48.3,49.6,50.9,48.8,44.5,44.0,43.4,44.7,46.1,49.7,45.6,47.7,47.3,48.0,57.2],"latest":{"d":"2026-10-06","t":23.7,"q":57.2},"sensor":"near bottom"}},{"type":"Feature","geometry":{"type":"Point","coordinates":[-82.63519,28.905]},"properties":{"site":"02310750","name":"CRYSTAL RIVER NEAR CRYSTAL RIVER FL","state":"Florida","huc":"031002070102","type":"ST-TS","d0":"2026-09-07","t":[30.2,29.5,29.0,28.7,29.3,29.2,29.5,29.9,29.9,29.1,28.6,28.5,28.8,28.6,28.6,28.7,28.7,27.8,26.5,26.0,25.8,26.2,26.8,27.4,27.5,27.5,27.8,28.1,28.0,26.9],"q":[null,null,null,null,null,223,290,256,215,216,-67.4,192,-141,163,324,448,768,387,-41.5,90.5,-3.38,329,225,592,395,285,-149,-15.4,458,null],"latest":{"d":"2026-10-06","t":26.9,"q":null}}},{"type":"Feature","geometry":{"type":"Point","coordinates":[-82.769,29.20413]},"properties":{"site":"02313700","name":"WACCASASSA RIVER NR GULF HAMMOCK, FLA.","state":"Florida","huc":"031101010306","type":"ST-TS","d0":"2026-09-07","t":[28.4,28.1,28.0,27.9,28.4,28.0,27.8,27.8,27.8,27.4,27.1,27.1,27.9,28.0,28.0,28.1,27.7,26.7,25.7,25.0,24.2,24.8,25.9,26.5,26.6,26.9,27.4,27.9,27.6,25.5],"q":[211,163,97.3,90.3,46.6,77.5,75.6,97.3,77.3,68.7,20.2,7.24,-70.3,-79.6,-36.4,-44.1,58.6,13.5,-48.3,-24.7,-26.7,42.9,20.2,19.0,36.9,-65.5,-162,-163,-46.3,45.8],"latest":{"d":"2026-10-06","t":25.5,"q":45.8}}},{"type":"Feature","geometry":{"type":"Point","coordinates":[-82.93319,30.393]},"properties":{"site":"02315550","name":"SUWANNEE RIVER AT SUWANNEE SPRINGS FLA","state":"Florida","huc":"031102010901","type":"ST","d0":"2026-09-07","t":[28.6,28.6,28.5,28.7,28.7,28.8,29.0,29.2,29.3,29.1,28.8,28.4,28.4,28.4,28.3,28.2,28.3,27.7,26.3,25.2,24.9,25.2,25.3,25.8,26.2,26.2,26.7,26.6,26.6,26.0],"q":[1150,1240,1210,1190,1130,1030,973,917,854,787,719,652,590,535,494,477,457,437,424,398,379,364,345,334,322,306,300,335,390,616],"latest":{"d":"2026-10-06","t":26.0,"q":616}}},{"type":"Feature","geometry":{"type":"Point","coordinates":[-83.0732,30.59827]},"properties":{"site":"02317620","name":"ALAPAHA RIVER NEAR JENNINGS FLA","state":"Florida","huc":"031102021208","type":"ST","d0":"2026-09-07","t":[29.2,29.2,29.0,28.8,28.2,28.0,28.6,29.1,29.0,28.6,28.3,28.0,28.2,28.3,27.8,27.9,27.9,27.3,26.0,24.7,24.1,24.2,24.2,24.8,25.7,26.3,26.7,26.5,26.1,25.2],"q":[424,392,373,365,336,330,322,357,405,424,406,373,342,322,339,371,388,387,358,329,309,296,279,256,235,221,228,289,445,520],"latest":{"d":"2026-10-06","t":25.2,"q":520}}},{"type":"Feature","geometry":{"type":"Point","coordinates":[-83.45344,30.79331]},"properties":{"site":"02318500","name":"WITHLACOOCHEE RIVER AT US 84, NEAR QUITMAN, GA","state":"Georgia","huc":"03110203","type":"ST","d0":"2026-09-07","t":[28.9,28.6,28.0,28.0,27.9,27.6,27.8,28.2,28.4,28.3,28.0,27.7,27.9,28.1,28.1,28.0,27.8,27.2,26.4,25.3,24.6,24.3,24.3,24.9,25.5,26.0,26.3,26.5,26.4,25.0],"q":[428,611,686,526,371,340,349,348,293,248,195,159,138,125,120,165,114,89.7,75.3,67.1,62.1,57.3,50.9,44.2,38.7,37.7,89.1,88.1,137,393],"latest":{"d":"2026-10-06","t":25.0,"q":393}}},{"type":"Feature","geometry":{"type":"Point","coordinates":[-83.25959,30.59549]},"properties":{"site":"02319000","name":"WITHLACOOCHEE RIVER NEAR PINETTA, FLA.","state":"Florida","huc":"031102030908","type":"ST","d0":"2026-09-07","t":[29.2,29.2,29.2,28.9,28.3,27.6,27.7,28.0,28.3,28.3,28.1,27.9,28.0,27.8,27.3,27.4,27.4,26.9,26.1,25.2,24.7,24.8,24.8,25.2,25.6,26.0,26.2,25.8,25.3,24.7],"q":[487,541,672,699,591,500,463,464,442,389,339,288,250,230,218,200,226,191,158,136,125,116,109,102,95.7,91.7,95.1,117,147,197],"latest":{"d":"2026-10-06","t":24.7,"q":197}}},{"type":"Feature","geometry":{"type":"Point","coordinates":[-83.24431,30.48049]},"properties":{"site":"02319302","name":"MADISON BLUE SPRING NR BLUE SPRINGS, FL","state":"Florida","huc":"031102030908","type":"SP","d0":"2026-09-07","t":[21.5,21.5,22.0,22.8,22.5,21.4,21.5,21.5,21.4,21.4,21.4,21.4,21.4,21.4,21.4,21.4,21.4,21.4,21.4,21.4,21.4,21.4,21.4,21.4,21.4,21.4,21.4,21.3,21.3,21.3],"q":[57.2,54.7,50.2,49.4,55.1,60.7,63.9,64.3,63.2,64.9,68.7,72.1,74.7,74.0,76.0,77.4,76.1,77.4,79.9,82.2,83.5,81.9,80.3,78.7,78.4,78.5,78.3,77.6,77.1,76.4],"latest":{"d":"2026-10-06","t":21.3,"q":76.4}}},{"type":"Feature","geometry":{"type":"Point","coordinates":[-83.18014,30.41049]},"properties":{"site":"02319394","name":"WITHLACOOCHEE RIVER NR LEE, FLA","state":"Florida","huc":"031102030908","type":"ST","d0":"2026-09-07","t":[26.9,27.0,27.2,27.4,27.0,26.5,26.5,26.6,26.5,26.3,26.0,25.7,25.7,25.4,25.0,25.2,25.1,24.6,24.0,23.5,23.3,23.5,null,23.8,23.9,23.9,23.9,23.7,23.6,23.2],"q":[813,758,843,954,925,864,790,758,772,736,705,675,632,667,634,597,595,588,536,522,503,495,475,492,480,493,500,473,499,522],"latest":{"d":"2026-10-06","t":23.2,"q":522}}},{"type":"Feature","geometry":{"type":"Point","coordinates":[-83.17152,30.09995]},"properties":{"site":"02320000","name":"SUWANNEE RIVER AT LURAVILLE, FLA.","state":"Florida","huc":"031102050305","type":"ST","d0":"2026-09-07","t":[28.1,28.2,28.2,28.2,28.1,27.7,27.8,28.2,28.3,28.0,27.5,27.2,27.3,27.2,26.9,26.8,26.9,26.4,25.1,24.6,24.4,24.7,24.9,25.3,25.5,25.6,25.7,25.7,25.3,24.6],"q":[2790,2750,2800,2890,2930,2890,2820,2770,2730,2670,2590,2530,2440,2360,2310,2250,2210,2170,2110,2070,2030,2000,1960,1920,1900,1890,1890,1850,1850,1950],"latest":{"d":"2026-10-06","t":24.6,"q":1950}}},{"type":"Feature","geometry":{"type":"Point","coordinates":[-82.92763,29.95579]},"properties":{"site":"02320500","name":"SUWANNEE RIVER AT BRANFORD, FLA.","state":"Florida","huc":"031102050502","type":"ST","d0":"2026-09-07","t":[28.1,28.1,28.1,28.2,28.0,27.7,27.8,28.1,28.2,28.1,27.7,27.3,27.3,27.2,27.1,27.1,27.0,26.5,25.4,24.7,24.5,24.8,24.9,25.3,25.7,25.7,25.7,25.8,25.5,24.8],"q":[3020,3020,3040,3110,3170,3190,3150,3100,3060,3010,2950,2910,2850,2820,2780,2730,2690,2650,2620,2590,2580,2560,2530,2500,2470,2450,2460,2430,2410,2490],"latest":{"d":"2026-10-06","t":24.8,"q":2490}}},{"type":"Feature","geometry":{"type":"Point","coordinates":[-82.42622,29.92191]},"properties":{"site":"02321500","name":"SANTA FE RIVER AT WORTHINGTON SPRINGS, FLA.","state":"Florida","huc":"031102060405","type":"ST","d0":"2026-09-07","t":[27.3,27.3,27.4,27.4,27.1,26.8,26.8,27.1,26.8,26.4,26.1,25.6,25.5,25.4,25.3,25.7,25.9,25.4,23.9,22.3,21.4,22.0,22.7,23.2,23.9,24.7,25.1,25.6,25.6,24.8],"q":[57.3,52.0,54.6,61.3,64.1,58.7,57.8,83.7,116,130,112,85.9,65.7,55.4,44.4,62.0,50.3,32.8,27.2,22.6,18.8,16.2,14.1,12.8,11.9,11.0,13.3,14.6,20.0,49.9],"latest":{"d":"2026-10-06","t":24.8,"q":49.9}}},{"type":"Feature","geometry":{"type":"Point","coordinates":[-82.59123,29.87357]},"properties":{"site":"02321958","name":"SANTA FE RIVER AT RIVER RISE NR HIGH SPRINGS, FL","state":"Florida","huc":"031102060504","type":"ST","d0":"2026-09-07","t":[25.4,25.4,25.4,25.4,25.4,25.4,25.4,25.5,25.5,25.6,25.6,25.6,25.6,25.7,25.7,25.8,25.8,25.7,25.3,25.0,24.9,25.0,24.9,25.1,25.1,25.1,25.0,24.9,24.8,24.4],"q":[82.9,81.7,84.7,87.2,88.4,90.1,91.5,91.6,91.1,95.5,103,105,105,103,99.9,97.1,95.6,95.3,91.4,88.2,85.5,81.4,77.4,74.5,72.7,71.0,72.0,70.4,70.0,72.3],"latest":{"d":"2026-10-06","t":24.4,"q":72.3}}},{"type":"Feature","geometry":{"type":"Point","coordinates":[-82.60861,29.8525]},"properties":{"site":"02321975","name":"SANTA FE RIVER AT US HWY 441 NEAR HIGH SPRINGS,FL.","state":"Florida","huc":"031102060504","type":"ST","d0":"2026-09-07","t":[26.1,26.2,26.1,26.0,25.9,25.9,26.1,26.4,26.3,26.1,26.0,25.9,26.0,26.1,26.2,26.4,26.3,25.8,25.3,25.0,25.0,25.3,25.3,25.5,25.7,25.6,25.5,25.5,25.3,24.7],"q":[66.7,65.8,69.4,72.9,74.7,76.7,79.5,80.8,81.2,86.7,94.7,98.9,100,98.8,97.0,95.6,94.9,95.3,93.1,91.4,89.7,87.1,84.5,83.1,82.2,82.2,83.3,83.0,84.1,88.3],"latest":{"d":"2026-10-06","t":24.7,"q":88.3}}},{"type":"Feature","geometry":{"type":"Point","coordinates":[-82.71512,29.84885]},"properties":{"site":"02322500","name":"SANTA FE RIVER NEAR FORT WHITE, FLA.","state":"Florida","huc":"031102060506","type":"ST","d0":"2026-09-07","t":[24.0,24.0,24.0,24.0,23.9,23.8,24.0,24.1,24.0,24.0,23.8,23.7,23.8,23.7,23.8,23.9,23.8,23.5,23.1,23.0,23.0,23.3,23.2,23.5,23.5,23.5,23.5,23.5,23.4,23.2],"q":[643,641,642,647,648,653,657,660,659,661,665,670,673,673,672,669,666,666,664,661,657,653,649,646,644,647,650,648,649,662],"latest":{"d":"2026-10-06","t":23.2,"q":662}}},{"type":"Feature","geometry":{"type":"Point","coordinates":[-82.78596,29.95273]},"properties":{"site":"02322700","name":"ICHETUCKNEE R @ HWY27 NR HILDRETH, FL","state":"Florida","huc":"031102060606","type":"ST","d0":"2026-09-07","t":[22.6,22.5,22.5,22.5,22.4,22.4,22.4,22.6,22.4,22.5,22.4,22.3,22.4,22.3,22.4,22.5,22.5,22.2,22.0,21.9,22.0,22.2,22.2,22.3,22.3,22.3,22.4,22.3,22.2,22.1],"q":[222,217,216,217,217,218,219,218,218,218,218,217,219,219,218,217,215,215,215,217,217,217,217,217,217,217,220,218,219,223],"latest":{"d":"2026-10-06","t":22.1,"q":223}}},{"type":"Feature","geometry":{"type":"Point","coordinates":[-82.8604,29.91162]},"properties":{"site":"02322800","name":"SANTA FE RIVER NR HILDRETH FLA","state":"Florida","huc":"031102060704","type":"ST","d0":"2026-09-07","t":[25.0,24.8,24.9,24.9,24.7,24.5,24.5,null,null,24.8,null,null,null,null,24.5,24.7,24.8,24.4,23.7,23.4,23.6,24.2,24.5,24.9,25.1,25.0,25.2,25.2,25.2,24.9],"q":[1110,1100,1100,1090,1090,null,1110,1110,1120,1110,1120,1120,1130,1140,1140,1130,1130,1140,1140,1120,1110,1100,1100,1100,1100,1090,1100,1090,1080,1140],"latest":{"d":"2026-10-06","t":24.9,"q":1140}}},{"type":"Feature","geometry":{"type":"Point","coordinates":[-82.92429,29.79134]},"properties":{"site":"02323000","name":"SUWANNEE RIVER NEAR BELL, FLORIDA","state":"Florida","huc":"031102050601","type":"ST","d0":"2026-09-07","t":[27.9,27.8,27.7,27.8,27.6,27.4,27.3,27.7,27.9,27.7,27.4,27.1,27.0,27.0,26.9,27.0,27.0,26.4,25.4,24.7,24.4,24.7,24.9,25.2,25.5,25.7,25.7,25.7,25.5,25.0],"q":[3880,3910,3930,4050,4160,4230,4210,4130,4040,3910,3770,3720,3710,3700,3670,3630,3600,3490,3410,3470,3560,3640,3620,3620,3520,3460,3390,3360,3350,3390],"latest":{"d":"2026-10-06","t":25.0,"q":3390}}},{"type":"Feature","geometry":{"type":"Point","coordinates":[-82.93318,29.58912]},"properties":{"site":"02323502","name":"FANNING SPRINGS NR WILCOX FLA","state":"Florida","huc":"031102050701","type":"SP","d0":"2026-09-07","t":[23.1,23.0,23.1,23.0,23.0,23.0,23.0,23.0,23.0,23.0,23.0,23.0,23.0,23.0,23.0,23.0,23.0,23.0,23.0,22.9,23.0,23.0,23.0,23.0,23.0,23.0,23.0,23.0,23.0,23.0],"q":[62.6,61.2,59.7,58.5,53.0,53.5,54.8,60.2,61.1,61.1,65.2,62.2,53.0,62.9,67.1,63.3,64.1,59.4,59.9,60.9,56.9,54.1,52.9,53.0,60.1,62.2,68.0,65.8,64.3,72.8],"latest":{"d":"2026-10-06","t":23.0,"q":72.8}}},{"type":"Feature","geometry":{"type":"Point","coordinates":[-82.97679,29.48968]},"properties":{"site":"02323566","name":"MANATEE SPRING NR CHIEFLAND FLA","state":"Florida","huc":"031102050704","type":"SP","d0":"2026-09-07","t":[22.7,22.7,22.7,22.7,22.7,22.7,22.7,22.7,22.7,22.7,22.7,22.7,22.7,22.7,22.7,22.7,22.7,22.7,22.7,22.7,22.7,22.7,22.7,22.7,22.7,22.7,22.7,22.7,22.7,22.7],"q":[154,154,149,146,144,148,153,157,160,173,173,168,155,158,156,151,156,163,161,145,136,135,136,138,145,146,151,147,146,157],"latest":{"d":"2026-10-06","t":22.7,"q":157}}},{"type":"Feature","geometry":{"type":"Point","coordinates":[-83.08652,29.33941]},"properties":{"site":"02323592","name":"SUWANNEE RIVER AB GOPHER RIVER NR SUWANNEE FL","state":"Florida","huc":"031102050805","type":"ST-TS","d0":"2026-09-07","t":[29.2,29.2,29.0,28.8,28.7,28.3,28.0,28.3,28.5,28.6,28.6,28.5,28.4,28.2,28.1,28.1,28.0,27.8,27.1,26.4,25.9,25.9,25.9,25.9,26.1,26.3,26.5,26.7,26.6,26.1],"q":[5520,5560,4850,5470,5510,5950,5940,5800,6430,5870,4940,4770,4810,5290,5140,4870,5430,4930,3970,4320,4350,4920,4670,5350,5140,5190,4270,4180,5490,5220],"latest":{"d":"2026-10-06","t":26.1,"q":5220},"sensor":"BOTTOM"}},{"type":"Feature","geometry":{"type":"Point","coordinates":[-83.8987,30.06812]},"properties":{"site":"02326050","name":"ECONFINA RV AT ECONFINA RV STATE PARK NR PERRY, FL","state":"Florida","huc":"031101020104","type":"ST-TS","d0":"2026-09-07","t":[27.2,26.9,27.0,27.0,26.6,26.0,26.1,26.6,26.8,26.8,26.4,25.9,26.0,25.7,25.2,25.4,25.8,25.4,24.4,23.4,23.0,23.3,23.5,24.3,24.8,25.2,25.3,25.3,24.7,null],"q":[104,104,99.2,96.6,93.2,97.3,100,103,102,97.1,90.5,85.3,82.7,80.2,81.9,85.0,86.0,82.1,73.7,71.9,69.3,66.6,62.2,61.2,58.3,57.1,55.2,54.8,62.3,78.2],"latest":{"d":"2026-10-05","t":24.7,"q":62.3},"sensor":"Bottom"}},{"type":"Feature","geometry":{"type":"Point","coordinates":[-83.72925,34.70097]},"properties":{"site":"02330450","name":"CHATTAHOOCHEE RIVER AT HELEN, GA","state":"Georgia","huc":"03130001","type":"ST","d0":"2026-09-07","t":[21.5,21.2,21.0,20.7,21.3,21.0,21.3,21.4,21.2,21.8,21.9,22.1,22.0,21.6,21.6,21.1,20.5,19.2,18.6,17.3,16.3,16.4,16.8,17.3,18.1,19.3,19.6,19.2,19.4,18.9],"q":[53.5,49.6,47.6,46.2,46.9,81.2,57.8,50.7,48.4,47.3,46.3,45.3,45.7,47.9,46.8,86.5,56.4,52.6,50.5,46.7,44.2,42.9,42.4,42.0,41.6,41.5,47.6,55.8,50.5,44.8],"latest":{"d":"2026-10-06","t":18.9,"q":44.8}}},{"type":"Feature","geometry":{"type":"Point","coordinates":[-84.07842,34.15667]},"properties":{"site":"02334430","name":"CHATTAHOOCHEE RIVER AT BUFORD DAM, NEAR BUFORD, GA","state":"Georgia","huc":"03130001","type":"ST","d0":"2026-09-07","t":[10.4,10.5,10.4,10.4,10.4,10.2,10.5,10.5,10.6,10.5,10.5,10.5,10.5,10.5,10.5,10.7,10.6,10.4,10.4,10.5,10.6,10.5,10.6,10.6,10.5,10.5,10.5,10.5,10.5,10.8],"q":[1120,1170,1120,1120,1140,1070,1130,1190,1140,1130,1130,1120,1140,1120,1130,1560,1150,1130,1070,1120,1160,1110,1110,1120,1130,1190,1110,1130,1130,1260],"latest":{"d":"2026-10-06","t":10.8,"q":1260}}},{"type":"Feature","geometry":{"type":"Point","coordinates":[-84.07,34.1325]},"properties":{"site":"02334480","name":"RICHLAND CREEK AT SUWANEE DAM ROAD, NEAR BUFORD,GA","state":"Georgia","huc":"03130001","type":"ST","d0":"2026-09-07","t":[23.0,22.8,22.3,22.6,23.0,23.2,23.6,23.1,22.9,23.0,22.8,22.9,23.3,23.2,23.3,23.3,22.4,20.3,19.8,19.5,18.2,18.5,18.6,19.2,20.5,21.2,21.8,21.6,21.2,20.0],"q":[8.27,7.49,9.95,6.76,9.39,19.9,9.34,7.39,9.76,7.88,11.1,11.0,9.17,14.6,11.7,33.7,12.3,11.2,12.0,11.7,8.66,12.9,7.46,9.07,12.6,9.7,9.08,12.1,9.77,11.2],"latest":{"d":"2026-10-06","t":20.0,"q":11.2}}},{"type":"Feature","geometry":{"type":"Point","coordinates":[-84.07806,34.09639]},"properties":{"site":"02334578","name":"LEVEL CREEK AT SUWANEE DAM ROAD, NEAR SUWANEE, GA","state":"Georgia","huc":"03130001","type":"ST","d0":"2026-09-07","t":[23.3,23.3,23.1,23.4,23.5,23.3,24.0,23.6,23.5,23.6,23.4,23.6,24.1,23.9,23.8,23.3,22.6,20.5,19.7,19.2,18.2,18.0,18.4,19.1,19.9,20.9,21.5,21.2,21.0,19.8],"q":[1.09,1.01,0.8,0.75,0.87,7.87,2.67,1.59,0.98,0.86,0.76,0.63,0.53,1.94,1.91,20.0,3.87,2.02,1.52,1.32,1.07,0.96,0.89,0.8,0.79,0.77,1.76,2.09,1.68,1.07],"latest":{"d":"2026-10-06","t":19.8,"q":1.07}}},{"type":"Feature","geometry":{"type":"Point","coordinates":[-84.10833,34.05672]},"properties":{"site":"02334653","name":"CHATTAHOOCHEE R 0.76 MI US MCGINNIS FY SUWANEE GA","state":"Georgia","huc":"03130001","type":"ST","d0":"2026-09-07","t":[12.1,12.2,12.2,12.0,12.1,13.6,13.2,12.2,12.4,12.5,12.2,12.1,12.2,12.4,12.4,12.9,12.8,12.5,12.0,12.2,12.2,11.8,11.7,11.8,12.0,12.2,12.1,11.7,12.1,12.0],"q":[1220,1730,1100,1260,1340,830,1290,1780,1180,1180,1250,1220,1200,1210,1210,2030,1290,886,1100,1210,1830,1190,1180,1210,1170,1250,1280,1200,1250,1370],"latest":{"d":"2026-10-06","t":12.0,"q":1370}}},{"type":"Feature","geometry":{"type":"Point","coordinates":[-84.08889,34.0325]},"properties":{"site":"02334885","name":"SUWANEE CREEK AT SUWANEE, GA","state":"Georgia","huc":"03130001","type":"ST","d0":"2026-09-07","t":[25.2,24.5,24.3,24.3,24.4,24.4,24.6,24.7,24.8,24.7,24.5,24.5,24.9,24.7,24.8,24.3,23.5,22.1,20.7,20.1,19.4,18.8,18.8,19.3,20.0,20.9,21.8,22.4,21.7,21.1],"q":[20.9,16.4,14.4,13.7,24.3,140,84.8,37.8,24.5,19.1,17.2,15.6,15.1,18.4,57.3,103,53.1,32.0,24.0,18.3,16.2,14.8,14.0,13.3,13.0,12.9,22.0,34.5,26.4,19.6],"latest":{"d":"2026-10-06","t":21.1,"q":19.6}}},{"type":"Feature","geometry":{"type":"Point","coordinates":[-84.20194,33.99722]},"properties":{"site":"02335000","name":"CHATTAHOOCHEE RIVER NEAR NORCROSS, GA","state":"Georgia","huc":"03130001","type":"ST","d0":"2026-09-07","t":[13.4,13.4,13.3,13.2,13.2,15.1,15.2,14.2,13.8,13.7,13.5,13.3,13.4,13.5,14.0,14.4,14.4,13.4,12.8,12.8,12.7,13.5,12.8,12.7,12.9,13.0,12.7,13.0,12.7,12.8],"q":[1200,1380,1010,1220,1390,1500,1450,1470,1200,1230,1260,1220,1160,1240,1260,2190,1460,1120,1240,1230,1810,null,1140,1260,1120,1240,1530,971,1290,1310],"latest":{"d":"2026-10-06","t":12.8,"q":1310}}},{"type":"Feature","geometry":{"type":"Point","coordinates":[-84.26472,33.965]},"properties":{"site":"02335350","name":"CROOKED CREEK NEAR NORCROSS, GA","state":"Georgia","huc":"03130001","type":"ST","d0":"2026-09-07","t":[24.5,24.1,23.7,23.8,24.2,24.9,25.1,24.4,24.2,24.3,23.8,24.0,24.4,24.1,24.1,23.5,23.2,21.2,20.3,19.7,18.8,18.3,18.5,19.1,19.8,20.8,21.9,22.8,22.1,20.8],"q":[3.97,3.12,2.59,2.29,16.5,112,12.1,5.45,3.82,2.96,2.58,2.33,2.15,2.13,2.12,7.57,2.26,1.74,1.67,1.56,1.44,1.31,1.29,1.25,1.23,1.23,9.66,62.5,10.4,3.97],"latest":{"d":"2026-10-06","t":20.8,"q":3.97}}},{"type":"Feature","geometry":{"type":"Point","coordinates":[-84.31569,33.98581]},"properties":{"site":"02335450","name":"CHATTAHOOCHEE RIVER ABOVE ROSWELL, GA","state":"Georgia","huc":"03130001","type":"ST","d0":"2026-09-07","t":[15.3,15.2,15.8,15.7,16.0,17.3,17.9,16.5,16.1,16.0,15.9,15.8,15.8,15.7,15.7,16.3,15.9,15.3,14.5,14.2,13.4,14.8,14.8,14.6,14.5,14.6,14.3,14.3,14.3,14.5],"q":[1080,1070,1070,1050,1310,1840,1430,1140,1120,1140,1070,1100,1030,1070,1130,1790,1560,1140,1090,1070,1550,609,1070,1060,1060,1070,1290,1060,1210,1100],"latest":{"d":"2026-10-06","t":14.5,"q":1100}}},{"type":"Feature","geometry":{"type":"Point","coordinates":[-84.44303,33.90197]},"properties":{"site":"02335880","name":"CHATT R AT POWERS FY AND I-285 NR ATLANTA, GA","state":"Georgia","huc":"03130001","type":"ST","d0":"2026-09-07","t":[21.0,19.8,19.8,20.3,20.1,21.6,21.8,22.0,20.4,20.4,20.1,20.1,20.3,20.1,20.0,20.0,19.2,18.9,18.1,17.6,16.9,16.3,17.5,17.7,17.6,17.8,17.6,17.8,17.6,17.5],"q":[1250,1110,1150,1160,1680,3060,1850,1290,1330,1390,1080,1080,1070,1080,1070,1640,2240,1170,1100,1080,1440,1060,1100,1060,1060,1070,1080,1430,1400,1150],"latest":{"d":"2026-10-06","t":17.5,"q":1150}}},{"type":"Feature","geometry":{"type":"Point","coordinates":[-84.45444,33.85917]},"properties":{"site":"02336000","name":"CHATTAHOOCHEE RIVER AT ATLANTA, GA","state":"Georgia","huc":"03130001","type":"ST","d0":"2026-09-07","t":[21.8,20.8,20.8,20.8,20.7,21.6,22.0,22.7,21.5,21.0,21.0,21.0,21.1,21.0,20.9,20.3,19.6,19.4,18.7,18.2,17.4,16.6,17.6,18.3,18.2,18.5,18.4,18.1,17.7,18.1],"q":[1340,1130,1180,1210,1550,4140,2080,1420,1400,1460,1100,1100,1100,1100,1110,1660,2530,1220,1140,1120,1500,1130,1140,1100,1100,1120,1160,1670,1590,1230],"latest":{"d":"2026-10-06","t":18.1,"q":1230}}},{"type":"Feature","geometry":{"type":"Point","coordinates":[-84.34278,33.83156]},"properties":{"site":"02336120","name":"N.F. PEACHTREE CREEK, BUFORD HWY, NEAR ATLANTA, GA","state":"Georgia","huc":"03130001","type":"ST","d0":"2026-09-07","t":[25.3,24.7,24.7,24.8,24.8,24.4,25.1,24.9,25.0,25.0,24.6,24.8,24.9,24.6,24.9,24.1,24.0,22.1,20.9,20.4,19.7,19.2,19.3,20.1,21.1,22.1,23.0,23.0,22.3,21.4],"q":[7.32,6.18,5.44,5.27,6.46,487,37.6,16.6,11.7,11.0,9.84,7.92,56.4,19.1,11.9,60.6,14.7,9.58,7.05,6.82,5.53,4.99,5.07,4.94,4.68,4.77,12.8,288,62.5,15.4],"latest":{"d":"2026-10-06","t":21.4,"q":15.4}}},{"type":"Feature","geometry":{"type":"Point","coordinates":[-84.24797,33.81044]},"properties":{"site":"02336152","name":"SOUTH FORK PEACHTREE AT CASA DR, NR CLARKSTON, GA","state":"Georgia","huc":"03130001","type":"ST","d0":"2026-09-07","t":[25.3,24.6,24.4,24.4,24.4,24.4,24.8,24.6,24.8,24.9,24.4,24.5,24.9,24.5,24.7,24.6,23.8,21.7,20.4,20.2,19.4,19.0,19.0,19.7,20.7,21.5,22.4,22.5,22.0,20.8],"q":[0.32,0.45,0.5,0.49,3.55,49.0,2.69,1.23,0.92,0.75,0.76,0.73,2.84,1.09,0.53,0.99,0.89,0.96,1.16,1.09,0.89,0.97,0.78,0.6,0.66,0.74,0.63,15.6,3.25,0.99],"latest":{"d":"2026-10-06","t":20.8,"q":0.99}}},{"type":"Feature","geometry":{"type":"Point","coordinates":[-84.27472,33.82139]},"properties":{"site":"023362095","name":"BURNT FORK CR AT MILLWOOD WAY NEAR CLARKSTON, GA","state":"Georgia","huc":"03130001","type":"ST","d0":"2026-09-07","t":[24.2,23.7,23.5,23.6,23.9,24.0,24.4,23.8,24.0,24.0,23.3,23.4,23.9,24.1,23.8,23.5,23.0,20.8,19.6,19.2,18.3,17.8,18.0,19.0,19.9,20.8,21.8,22.8,22.1,20.6],"q":[0.61,0.46,0.4,0.38,0.4,57.4,3.06,0.89,0.76,0.75,0.75,0.79,4.38,1.35,0.68,11.1,0.77,0.64,0.61,0.57,0.53,0.53,0.51,0.5,0.48,0.51,3.11,20.6,3.48,0.75],"latest":{"d":"2026-10-06","t":20.6,"q":0.75}}},{"type":"Feature","geometry":{"type":"Point","coordinates":[-84.34069,33.80308]},"properties":{"site":"02336240","name":"S.F. PEACHTREE CREEK JOHNSON RD, NEAR ATLANTA, GA","state":"Georgia","huc":"03130001","type":"ST","d0":"2026-09-07","t":[25.4,25.2,24.8,24.9,24.8,24.3,24.9,24.9,25.1,25.3,24.7,24.8,24.9,24.7,24.7,24.2,23.9,21.8,20.7,20.3,19.5,19.0,19.1,20.0,20.8,21.7,22.5,22.7,22.3,21.3],"q":[4.94,4.4,4.77,3.79,4.97,346,18.9,8.63,6.78,6.07,5.48,5.49,81.0,20.7,9.31,18.6,7.24,6.26,6.27,5.98,5.77,5.6,5.45,5.22,5.11,5.02,7.71,79.6,27.3,8.45],"latest":{"d":"2026-10-06","t":21.3,"q":8.45}}},{"type":"Feature","geometry":{"type":"Point","coordinates":[-84.40764,33.82031]},"properties":{"site":"02336300","name":"PEACHTREE CREEK AT ATLANTA, GA","state":"Georgia","huc":"03130001","type":"ST","d0":"2026-09-07","t":[26.0,25.7,25.7,25.7,25.9,24.5,25.2,25.5,25.8,25.9,25.4,25.7,25.9,24.8,25.5,24.6,24.3,22.4,21.3,21.0,20.3,19.8,20.0,20.7,21.3,22.5,23.3,23.3,22.3,21.7],"q":[19.7,16.6,15.7,15.0,16.1,1100,102,43.4,31.5,28.2,24.8,23.9,158,87.5,36.4,80.4,33.8,23.0,20.1,19.2,17.9,16.3,16.3,15.6,null,15.3,43.6,456,159,37.7],"latest":{"d":"2026-10-06","t":21.7,"q":37.7}}},{"type":"Feature","geometry":{"type":"Point","coordinates":[-84.34525,33.89775]},"properties":{"site":"02336340","name":"NANCY CREEK AT JOHNSON FERRY RD, AT CHAMBLEE, GA","state":"Georgia","huc":"03130001","type":"ST","d0":"2026-09-07","t":[25.9,25.2,24.9,25.2,25.3,25.1,25.7,25.3,25.5,25.6,25.0,25.2,25.7,25.4,25.2,25.0,24.4,22.2,20.9,20.1,null,19.2,19.1,20.0,20.9,22.0,23.3,23.6,22.8,21.5],"q":[4.42,3.45,3.07,2.87,3.44,138,13.8,5.13,3.78,3.4,3.07,2.99,2.82,2.97,2.8,4.87,3.07,2.53,2.59,2.5,2.39,2.33,2.32,2.34,2.46,2.54,20.4,86.8,18.4,5.11],"latest":{"d":"2026-10-06","t":21.5,"q":5.11}}},{"type":"Feature","geometry":{"type":"Point","coordinates":[-84.37889,33.86917]},"properties":{"site":"02336360","name":"NANCY CREEK AT RICKENBACKER DRIVE, AT ATLANTA, GA","state":"Georgia","huc":"03130001","type":"ST","d0":"2026-09-07","t":[26.0,25.2,24.8,24.9,24.9,24.9,25.7,25.3,25.5,25.5,24.9,25.0,25.6,25.2,25.1,24.8,24.5,22.2,21.0,20.3,19.3,18.7,18.8,19.7,20.7,21.6,22.9,23.3,22.8,21.5],"q":[7.13,5.06,4.2,3.82,4.2,384,25.9,10.8,7.34,5.79,5.09,4.93,4.53,4.59,4.66,6.27,5.45,4.0,3.95,3.9,3.67,3.53,3.41,3.3,3.77,4.13,19.6,174,31.9,9.17],"latest":{"d":"2026-10-06","t":21.5,"q":9.17}}},{"type":"Feature","geometry":{"type":"Point","coordinates":[-84.43928,33.83822]},"properties":{"site":"02336410","name":"NANCY CREEK AT WEST WESLEY ROAD, AT ATLANTA, GA","state":"Georgia","huc":"03130001","type":"ST","d0":"2026-09-07","t":[25.7,24.9,24.7,24.7,24.8,24.5,25.2,25.0,25.2,25.3,24.6,24.8,25.3,25.0,25.0,24.7,24.2,21.9,20.8,20.2,19.3,18.7,18.9,19.7,20.7,21.7,22.7,23.1,22.6,21.3],"q":[15.0,9.8,8.84,7.78,7.77,682,66.1,24.4,15.8,12.9,11.2,10.1,9.71,9.15,9.39,9.76,12.4,7.97,7.5,7.48,6.92,6.65,6.5,6.19,6.34,7.38,27.8,237,84.9,19.5],"latest":{"d":"2026-10-06","t":21.3,"q":19.5}}},{"type":"Feature","geometry":{"type":"Point","coordinates":[-84.47419,33.79447]},"properties":{"site":"02336526","name":"PROCTOR CREEK AT JACKSON PARKWAY, AT ATLANTA, GA","state":"Georgia","huc":"03130002","type":"ST","d0":"2026-09-07","t":[25.8,25.1,24.8,24.9,24.9,24.5,25.1,24.8,25.1,25.5,24.6,24.6,25.2,24.8,24.8,24.5,24.1,22.1,20.9,20.0,19.0,18.2,18.3,19.1,20.2,21.5,22.4,22.8,22.4,21.0],"q":[1.03,0.91,0.77,0.73,1.22,197,9.9,3.92,2.81,2.49,2.19,1.97,18.2,8.01,2.19,2.03,1.78,1.75,1.71,1.92,1.74,1.65,1.72,1.96,2.15,2.72,3.96,20.7,8.49,2.13],"latest":{"d":"2026-10-06","t":21.0,"q":2.13}}},{"type":"Feature","geometry":{"type":"Point","coordinates":[-84.56817,33.74353]},"properties":{"site":"02336728","name":"UTOY CREEK AT GREAT SOUTHWEST PKWY NR ATLANTA, GA","state":"Georgia","huc":"03130002","type":"ST","d0":"2026-09-07","t":[25.7,25.1,24.7,24.9,24.6,24.1,24.9,25.0,25.3,25.4,24.7,24.8,24.9,24.4,24.7,24.5,24.2,22.0,20.8,20.2,19.3,18.7,18.9,19.7,20.7,21.8,22.6,22.8,22.0,20.9],"q":[5.14,3.64,3.28,3.06,8.51,371,32.7,15.1,10.0,7.35,5.86,5.41,56.1,58.6,16.8,9.71,6.59,5.82,5.84,4.96,4.88,4.71,4.61,4.62,4.26,4.23,4.88,23.4,14.7,6.43],"latest":{"d":"2026-10-06","t":20.9,"q":6.43}}},{"type":"Feature","geometry":{"type":"Point","coordinates":[-84.67361,33.65667]},"properties":{"site":"02337170","name":"CHATTAHOOCHEE RIVER NEAR FAIRBURN, GA","state":"Georgia","huc":"03130002","type":"ST","d0":"2026-09-07","t":[24.9,24.4,24.3,24.1,23.9,23.4,null,null,25.2,24.5,24.1,24.5,24.7,24.6,24.6,24.3,22.6,21.4,21.4,21.2,20.8,19.8,20.0,20.6,21.3,21.6,21.9,21.6,21.4,20.7],"q":[1530,1290,1250,1330,1340,8120,5340,3320,1950,1770,1400,1300,1290,1780,1530,1640,2780,1690,1320,1280,1280,1550,1220,1250,1210,1210,1210,1730,3130,null],"latest":{"d":"2026-10-06","t":20.7,"q":null}}},{"type":"Feature","geometry":{"type":"Point","coordinates":[-84.82103,33.65381]},"properties":{"site":"02337410","name":"DOG RIVER AT GA 5, NEAR FAIRPLAY, GA","state":"Georgia","huc":"03130002","type":"ST","d0":"2026-09-07","t":[26.0,25.5,24.6,24.5,25.0,23.7,24.3,24.4,24.7,24.9,24.3,24.5,24.7,24.1,24.5,24.5,24.2,22.3,20.9,20.2,19.3,18.6,18.5,19.0,19.9,20.8,21.9,22.1,21.7,20.9],"q":[8.33,8.13,8.49,7.52,52.0,2140,196,86.1,53.0,37.4,30.9,25.2,26.0,null,null,null,null,null,19.9,18.4,16.1,null,14.8,14.4,14.0,14.5,14.1,14.8,16.5,16.8],"latest":{"d":"2026-10-06","t":20.9,"q":16.8}}},{"type":"Feature","geometry":{"type":"Point","coordinates":[-85.22672,33.34072]},"properties":{"site":"02338523","name":"HILLABAHATCHEE CREEK AT THAXTON RD, NR FRANKLIN,GA","state":"Georgia","huc":"03130002","type":"ST","d0":"2026-09-07","t":[25.0,24.7,23.9,23.6,23.7,23.9,24.3,24.1,24.1,24.7,23.8,23.6,24.0,23.8,23.8,23.7,23.3,21.8,20.5,19.6,18.8,18.1,17.7,18.1,19.2,20.4,21.3,21.5,21.6,21.2],"q":[null,null,null,null,null,9.16,4.61,3.32,2.93,2.77,2.66,2.6,2.83,3.34,2.55,2.44,3.02,5.44,3.62,3.21,2.75,2.44,2.36,2.28,2.2,2.24,2.38,4.66,5.71,5.22],"latest":{"d":"2026-10-06","t":21.2,"q":5.22}}},{"type":"Feature","geometry":{"type":"Point","coordinates":[-85.05917,31.62219]},"properties":{"site":"023432415","name":"CHATTAHOOCHEE R .36 MI DS WFG DAM NR FT GAINES, GA","state":"Alabama","huc":"03130004","type":"ST","d0":"2026-09-07","t":[30.3,30.0,30.0,30.0,29.9,29.8,29.8,29.9,29.9,29.7,29.6,29.7,29.7,29.8,29.7,29.5,29.5,29.2,29.0,28.6,28.3,28.0,27.8,27.6,27.3,27.2,27.2,27.0,26.9,26.8],"q":[3420,3100,2880,2610,2590,2500,2500,1690,5460,3580,4570,2690,5160,4470,4370,2830,2670,3110,4340,4100,2880,911,3890,4700,3070,3520,4680,4360,5580,7250],"latest":{"d":"2026-10-06","t":26.8,"q":7250}}},{"type":"Feature","geometry":{"type":"Point","coordinates":[-84.58261,33.35728]},"properties":{"site":"02344630","name":"LINE CREEK BLW LAKE MCINTOSH, NR PEACHTREE CITY,GA","state":"Georgia","huc":"03130005","type":"ST","d0":"2026-09-07","t":[29.6,29.4,29.2,29.2,29.2,29.0,29.5,29.5,29.2,29.2,29.1,29.3,29.2,28.9,28.7,28.8,28.4,27.3,26.5,26.4,26.3,25.8,25.2,24.6,24.5,24.9,25.0,25.0,25.2,24.8],"q":[5.04,4.98,4.94,4.95,5.05,5.2,4.94,4.9,4.8,4.94,4.84,4.93,5.05,5.01,4.9,4.96,5.16,4.95,4.95,5.02,4.97,5.06,5.13,5.4,5.3,4.99,4.99,5.19,5.13,5.16],"latest":{"d":"2026-10-06","t":24.8,"q":5.16}}},{"type":"Feature","geometry":{"type":"Point","coordinates":[-84.57272,33.38317]},"properties":{"site":"02344673","name":"FLAT CREEK DS OF LAKE AT PEACHTREE CITY, GA","state":"Georgia","huc":"03130005","type":"ST","d0":"2026-09-07","t":[30.2,29.6,29.2,29.3,29.0,29.1,29.5,29.9,29.7,30.0,29.4,29.8,29.6,29.5,29.5,29.0,28.4,26.5,25.4,25.2,24.8,24.4,24.2,23.9,24.3,24.8,25.9,26.0,25.6,24.8],"q":[5.03,4.73,4.64,5.04,7.3,9.32,7.14,4.96,4.21,3.89,3.85,3.75,8.52,17.0,7.52,5.21,4.35,2.63,2.03,1.81,1.83,1.66,1.4,1.48,1.72,1.74,2.06,null,26.6,7.29],"latest":{"d":"2026-10-06","t":24.8,"q":7.29}}},{"type":"Feature","geometry":{"type":"Point","coordinates":[-84.5805,30.91031]},"properties":{"site":"02356000","name":"FLINT RIVER AT BAINBRIDGE, GA","state":"Georgia","huc":"03130008","type":"ST","d0":"2026-09-07","t":[29.1,29.0,28.9,28.8,28.2,27.9,27.9,28.2,28.5,28.5,28.3,28.2,28.1,28.0,28.1,28.1,28.0,27.6,26.9,26.3,25.8,25.5,25.3,25.1,25.2,25.5,25.6,25.6,25.3,24.7],"q":[2370,2230,null,null,2140,2100,2030,2280,2290,2400,2180,1990,1900,1870,1900,2250,2260,1970,2020,2240,2160,2080,1930,2070,1990,1900,1850,1840,2180,3150],"latest":{"d":"2026-10-06","t":24.7,"q":3150}}},{"type":"Feature","geometry":{"type":"Point","coordinates":[-84.7495,30.903]},"properties":{"site":"02357150","name":"SPRING CREEK NEAR REYNOLDSVILLE, GA","state":"Georgia","huc":"03130010","type":"ST","d0":"2026-09-07","t":[25.1,25.0,24.8,24.5,23.8,23.8,24.1,24.5,24.8,24.9,24.4,24.1,24.1,24.1,24.0,24.1,24.1,23.6,22.8,22.5,22.3,22.1,22.0,22.3,22.8,22.9,22.9,22.7,22.4,22.2],"q":[239,230,219,197,203,211,207,231,232,239,219,221,200,197,199,204,195,181,182,202,204,213,207,185,null,null,194,178,197,270],"latest":{"d":"2026-10-06","t":22.2,"q":270}}},{"type":"Feature","geometry":{"type":"Point","coordinates":[-84.85909,30.70103]},"properties":{"site":"02358000","name":"APALACHICOLA RIVER AT CHATTAHOOCHEE FLA","state":"Florida","huc":"031300110203","type":"ST","d0":"2026-09-07","t":[30.5,30.3,30.3,30.1,29.8,29.7,29.9,29.8,29.9,30.1,29.9,29.6,29.6,29.7,29.6,29.5,29.8,29.5,28.1,27.7,27.5,27.5,27.3,27.3,27.3,27.4,27.5,27.5,27.2,26.4],"q":[7090,7050,6530,6260,6300,6800,7120,7050,7350,8100,8510,8360,8340,8600,8210,8070,7750,7730,7470,7330,7260,6920,6970,7140,7220,6770,6900,7280,10100,16400],"latest":{"d":"2026-10-06","t":26.4,"q":16400}}},{"type":"Feature","geometry":{"type":"Point","coordinates":[-85.01547,29.94937]},"properties":{"site":"02359170","name":"APALACHICOLA RIVER NR SUMATRA,FLA.","state":"Florida","huc":"031300110803","type":"ST","d0":"2026-09-07","t":[30.2,30.4,30.5,30.4,29.6,28.9,29.0,29.4,30.1,30.3,30.0,29.6,29.6,29.7,29.5,29.5,29.7,29.7,28.9,28.1,27.8,27.7,27.6,27.6,27.7,27.7,27.2,26.8,26.4,25.8],"q":[8050,7910,7530,7190,6750,6810,7420,7780,7680,7800,8180,8820,9000,9160,9330,9550,9300,8840,8430,7630,6940,6690,6070,5440,5580,5720,6970,7290,8460,12400],"latest":{"d":"2026-10-06","t":25.8,"q":12400}}},{"type":"Feature","geometry":{"type":"Point","coordinates":[-84.69578,34.60381]},"properties":{"site":"02382500","name":"COOSAWATTEE RIVER AT CARTERS, GA","state":"Georgia","huc":"03150102","type":"ST","d0":"2026-09-07","t":[26.5,26.3,26.1,26.3,26.2,26.1,25.5,25.6,26.5,26.4,26.3,26.4,26.5,26.6,26.5,26.6,26.5,26.0,25.5,24.8,24.3,23.5,24.7,25.0,25.1,25.1,25.2,24.9,24.8,24.8],"q":[246,265,258,260,254,251,255,444,656,254,255,267,259,447,637,649,411,264,251,254,250,264,589,833,561,281,269,271,null,null],"latest":{"d":"2026-10-06","t":24.8,"q":null}}},{"type":"Feature","geometry":{"type":"Point","coordinates":[-84.01981,34.40908]},"properties":{"site":"02388975","name":"ETOWAH RIVER AT GA 136, NEAR LANDDRUM, GA","state":"Georgia","huc":"03150104","type":"ST","d0":"2026-09-07","t":[24.6,23.7,23.4,23.4,23.7,23.3,22.9,23.1,23.4,23.4,23.7,23.9,24.3,24.0,23.7,23.2,22.4,20.9,20.1,18.9,17.7,17.2,17.4,17.9,18.7,19.8,20.7,20.8,20.2,19.8],"q":[52.6,55.0,51.9,49.6,49.5,152,136,80.4,66.5,62.2,59.0,56.2,54.7,56.1,54.3,95.6,93.8,69.8,67.1,61.3,55.7,52.2,50.9,50.2,49.7,49.6,50.4,69.3,150,79.1],"latest":{"d":"2026-10-06","t":19.8,"q":79.1}}},{"type":"Feature","geometry":{"type":"Point","coordinates":[-84.11358,34.35758]},"properties":{"site":"02389150","name":"ETOWAH RIVER AT GA 9, NEAR DAWSONVILLE, GA","state":"Georgia","huc":"03150104","type":"ST","d0":"2026-09-07","t":[24.6,24.0,23.7,23.6,23.8,23.7,23.4,23.5,23.7,23.8,24.0,24.1,24.4,24.1,24.0,23.5,23.1,21.4,20.5,19.3,18.1,17.4,17.6,18.1,19.0,20.0,20.9,21.0,20.5,20.1],"q":[66.5,64.0,64.7,60.6,59.4,161,186,93.5,78.1,73.5,69.9,67.6,64.4,68.7,66.2,135,123,83.8,76.4,72.1,66.5,61.7,60.4,59.5,59.5,58.7,59.2,63.6,169,89.2],"latest":{"d":"2026-10-06","t":20.1,"q":89.2}}},{"type":"Feature","geometry":{"type":"Point","coordinates":[-84.20622,34.35256]},"properties":{"site":"02390050","name":"ETOWAH RIVER AT KELLY BRIDGE ROAD, NEAR MATT, GA","state":"Georgia","huc":"03150104","type":"ST","d0":"2026-09-07","t":[25.3,24.3,24.0,23.9,24.0,23.8,23.6,23.6,24.0,24.0,24.1,24.3,24.6,24.2,24.1,23.2,23.0,21.8,20.7,19.6,18.4,17.6,17.7,18.1,18.9,20.0,20.9,21.0,20.5,20.3],"q":[161,167,161,154,154,294,369,220,189,180,173,168,165,180,175,367,285,211,195,185,173,163,159,157,156,155,157,173,365,228],"latest":{"d":"2026-10-06","t":20.3,"q":228}}},{"type":"Feature","geometry":{"type":"Point","coordinates":[-84.74108,34.16297]},"properties":{"site":"02394000","name":"ETOWAH RIVER AT ALLATOONA DAM, ABV CARTERSVILLE,GA","state":"Georgia","huc":"03150104","type":"ST","d0":"2026-09-07","t":[24.0,24.1,24.5,24.4,24.4,24.6,24.8,24.5,24.7,24.7,24.8,24.8,25.0,25.1,24.9,25.0,24.8,24.2,24.3,24.4,24.2,24.2,24.2,24.6,24.7,24.9,25.1,24.9,24.9,25.0],"q":[330,848,850,853,856,338,340,853,856,865,883,850,322,325,1190,849,848,327,328,332,334,865,1410,1410,1420,1400,831,855,838,850],"latest":{"d":"2026-10-06","t":25.0,"q":850}}},{"type":"Feature","geometry":{"type":"Point","coordinates":[-84.85444,34.07897]},"properties":{"site":"02394682","name":"RICHLAND CREEK AT OLD DALLAS RD, NEAR DALLAS, GA","state":"Georgia","huc":"03150104","type":"ST","d0":"2026-09-07","t":[23.3,23.5,23.6,23.7,23.6,23.6,24.0,24.0,24.2,24.2,24.1,24.2,24.2,24.0,24.2,24.2,23.7,23.0,23.2,23.5,23.2,23.0,23.2,23.2,23.6,23.7,23.9,23.3,23.1,22.9],"q":[0.73,0.74,0.73,0.72,0.71,0.72,0.73,0.74,0.73,0.76,0.8,0.81,0.82,0.83,0.82,0.81,0.75,0.74,0.74,null,null,null,null,null,null,null,null,null,null,null],"latest":{"d":"2026-10-06","t":22.9,"q":null}}},{"type":"Feature","geometry":{"type":"Point","coordinates":[-85.25642,34.2005]},"properties":{"site":"02397000","name":"COOSA RIVER MAYOS BAR NEAR ROME, GA","state":"Georgia","huc":"03150105","type":"ST","d0":"2026-09-07","t":[29.0,28.2,27.6,27.3,27.0,26.8,27.0,27.6,27.7,27.7,27.9,27.7,27.5,27.6,27.7,27.4,27.1,25.8,24.9,24.2,23.4,22.7,22.0,22.1,23.2,24.0,24.8,25.0,24.5,23.8],"q":[1020,957,1210,1210,1220,1240,949,969,1210,1370,1410,1180,1180,845,847,1570,1650,1690,1190,1050,884,825,1100,1510,1860,1990,1700,1100,1270,1470],"latest":{"d":"2026-10-06","t":23.8,"q":1470}}},{"type":"Feature","geometry":{"type":"Point","coordinates":[-85.45325,34.20194]},"properties":{"site":"02397530","name":"COOSA RIVER AT STATE LINE, AL/GA","state":"Alabama","huc":"03150105","type":"ST","d0":"2026-09-07","t":[30.2,29.7,30.1,30.3,30.0,29.5,29.7,30.3,29.8,29.5,29.4,29.5,29.7,29.6,29.5,29.1,28.5,27.7,27.4,27.4,26.7,26.3,26.2,25.1,24.4,24.2,24.0,24.0,24.6,24.7],"q":[3230,2870,2820,2120,2570,null,null,2510,3540,3150,2790,2460,3050,3370,2570,3330,2840,2360,2020,null,1700,1980,null,3220,3020,3020,3140,3150,3330,3470],"latest":{"d":"2026-10-06","t":24.7,"q":3470}}},{"type":"Feature","geometry":{"type":"Point","coordinates":[-85.61413,34.0651]},"properties":{"site":"02400100","name":"TERRAPIN CREEK AT ELLISVILLE AL","state":"Alabama","huc":"031501050909","type":"ST","d0":"2026-09-07","t":[26.4,25.7,25.4,25.1,24.9,24.1,25.0,25.2,25.5,25.8,25.5,25.6,25.7,25.6,25.4,25.0,24.6,23.7,22.5,21.8,21.2,20.5,20.0,20.1,20.7,21.6,22.3,22.3,22.2,21.7],"q":[63.9,64.6,63.3,62.5,64.6,152,126,94.3,77.0,70.8,66.4,63.5,61.6,60.3,62.5,62.6,61.6,64.3,67.9,66.6,63.2,59.8,59.5,57.5,56.3,55.8,55.4,56.9,58.8,77.0],"latest":{"d":"2026-10-06","t":21.7,"q":77.0}}},{"type":"Feature","geometry":{"type":"Point","coordinates":[-86.38692,33.44765]},"properties":{"site":"02405500","name":"KELLY CREEK NEAR VINCENT AL","state":"Alabama","huc":"031501060808","type":"ST","d0":"2026-09-07","t":[27.6,27.1,26.1,25.6,25.4,25.6,26.1,26.0,26.2,26.5,25.9,25.8,25.9,25.5,25.5,25.0,24.9,24.2,22.1,21.8,21.2,20.4,20.0,20.2,21.3,22.7,23.6,23.4,23.0,22.2],"q":[9.52,9.09,8.63,8.15,8.24,10.7,11.7,10.3,8.71,8.07,8.47,7.55,8.48,10.9,12.6,9.77,8.86,8.97,9.77,9.41,8.87,8.9,7.98,7.73,7.49,7.52,8.09,8.58,8.94,8.69],"latest":{"d":"2026-10-06","t":22.2,"q":8.69}}},{"type":"Feature","geometry":{"type":"Point","coordinates":[-86.49526,33.32067]},"properties":{"site":"02407514","name":"YELLOWLEAF CREEK NEAR WESTOVER, AL","state":"Alabama","huc":"031501070205","type":"ST","d0":"2026-09-07","t":[27.7,27.4,26.8,26.4,25.7,25.7,26.1,26.1,26.4,26.7,26.2,26.3,26.5,26.2,26.1,25.4,24.8,23.6,22.1,22.0,21.1,20.3,19.7,19.9,21.2,22.3,23.3,22.9,22.9,22.2],"q":[5.03,4.16,3.78,3.53,6.85,7.78,5.93,5.88,5.19,4.57,4.14,3.68,3.23,3.3,3.35,5.5,9.48,8.24,6.01,4.73,4.52,4.03,3.62,3.17,2.96,2.91,3.15,3.55,5.53,4.76],"latest":{"d":"2026-10-06","t":22.2,"q":4.76}}},{"type":"Feature","geometry":{"type":"Point","coordinates":[-85.2525,33.50083]},"properties":{"site":"02413205","name":"LITTLE TALLAPOOSA R AT REAVESVILLE RD NR BOWDON,GA","state":"Georgia","huc":"031501080606","type":"ST","d0":"2026-09-07","t":[26.6,26.2,25.5,25.3,25.0,24.3,24.9,25.5,25.5,25.9,25.5,25.4,25.7,25.6,25.6,25.4,24.7,23.1,21.8,21.0,20.2,19.4,19.0,19.3,20.2,21.1,22.0,22.3,22.4,22.0],"q":[32.7,27.2,20.8,17.7,21.7,232,758,784,401,175,134,101,61.6,45.8,38.6,36.4,38.0,44.6,35.6,37.4,30.1,24.4,24.5,21.5,20.2,18.5,17.2,21.8,26.8,27.2],"latest":{"d":"2026-10-06","t":22.0,"q":27.2}}},{"type":"Feature","geometry":{"type":"Point","coordinates":[-85.27931,33.49269]},"properties":{"site":"02413210","name":"LITTLE TALLAPOOSA R AT GA 100, NEAR BOWDON, GA","state":"Georgia","huc":"03150108","type":"ST","d0":"2026-09-07","t":[26.8,26.2,25.8,25.7,25.4,24.8,24.8,25.5,25.6,25.9,25.5,25.4,25.7,25.8,25.8,25.6,25.0,23.2,21.8,21.2,20.4,null,20.0,19.6,20.5,21.4,22.5,22.5,22.5,22.2],"q":[26.6,26.5,20.1,17.4,18.0,199,963,1020,546,220,161,123,71.9,50.5,40.6,37.5,35.5,53.4,35.6,39.4,32.4,25.6,24.9,22.6,21.0,19.7,18.2,21.3,27.2,26.9],"latest":{"d":"2026-10-06","t":22.2,"q":26.9}}},{"type":"Feature","geometry":{"type":"Point","coordinates":[-85.28444,33.61278]},"properties":{"site":"02413215","name":"INDIAN CREEK UPSTREAM OF TEAGUE RD, NR BOWDON, GA","state":"Georgia","huc":"031501080703","type":"ST","d0":"2026-09-07","t":[24.6,23.7,22.4,22.1,22.5,23.5,24.3,23.8,23.3,23.4,22.2,22.2,22.6,22.2,22.4,22.3,22.0,22.1,21.4,20.8,19.8,19.3,18.6,18.5,19.4,20.5,21.4,21.8,21.9,20.8],"q":[0.19,null,null,null,0.33,0.31,0.37,0.3,0.15,0.19,null,null,null,null,null,null,0.46,0.6,0.55,0.5,0.45,0.41,0.37,0.36,0.38,0.4,0.41,0.48,0.61,0.67],"latest":{"d":"2026-10-06","t":20.8,"q":0.67}}},{"type":"Feature","geometry":{"type":"Point","coordinates":[-86.54915,33.60371]},"properties":{"site":"02423160","name":"CAHABA RIVER NEAR WHITES CHAPEL AL","state":"Alabama","huc":"031502020101","type":"ST","d0":"2026-09-07","t":[28.6,27.7,27.1,26.7,25.7,26.5,26.9,26.9,26.8,26.9,26.6,26.8,26.1,26.1,25.9,25.8,25.4,24.6,23.1,22.5,21.4,20.5,20.1,20.3,21.3,22.7,23.8,23.6,23.7,22.5],"q":[9.27,8.43,8.2,7.89,14.2,14.3,10.3,9.45,8.86,8.37,7.87,7.7,15.5,15.5,13.2,15.4,16.3,12.0,9.99,8.99,8.49,8.1,8.47,8.14,7.62,7.37,7.15,7.72,10.6,8.61],"latest":{"d":"2026-10-06","t":22.5,"q":8.61}}},{"type":"Feature","geometry":{"type":"Point","coordinates":[-86.71277,33.48177]},"properties":{"site":"02423380","name":"CAHABA RIVER NEAR MOUNTAIN BROOK AL","state":"Alabama","huc":"031502020104","type":"ST","d0":"2026-09-07","t":[34.5,34.0,33.2,32.7,31.9,31.6,31.6,31.9,32.2,32.4,32.2,32.0,32.3,32.0,31.4,30.6,30.9,30.8,29.5,28.9,27.9,27.0,26.6,26.7,27.4,28.4,29.3,29.4,29.5,26.6],"q":[25.8,27.4,25.1,22.8,22.0,25.7,48.4,33.1,28.2,25.2,23.3,22.2,20.6,32.1,39.5,36.6,39.4,35.0,30.5,26.2,23.0,21.4,20.4,20.5,20.0,20.5,21.6,21.5,24.0,23.0],"latest":{"d":"2026-10-06","t":26.6,"q":23.0}}},{"type":"Feature","geometry":{"type":"Point","coordinates":[-86.56248,33.53455]},"properties":{"site":"02423397","name":"LITTLE CAHABA RIVER BELOW LEEDS, AL.","state":"Alabama","huc":"031502020103","type":"ST","d0":"2026-09-07","t":[25.4,25.6,24.9,24.5,23.5,23.7,24.7,24.5,24.2,24.4,24.8,24.9,23.8,23.8,23.4,23.0,22.9,22.7,21.8,20.5,19.5,19.8,20.0,19.4,20.5,21.3,21.8,21.9,21.7,21.1],"q":[10.8,12.0,10.8,9.7,7.36,7.91,10.4,9.78,7.76,7.61,10.7,11.0,12.7,8.67,8.12,7.93,7.56,9.58,10.3,6.41,5.69,8.51,8.76,5.99,5.85,5.67,5.85,6.37,6.83,7.88],"latest":{"d":"2026-10-06","t":21.1,"q":7.88}}},{"type":"Feature","geometry":{"type":"Point","coordinates":[-86.78416,33.36928]},"properties":{"site":"02423496","name":"CAHABA RIVER NEAR HOOVER, AL","state":"Alabama","huc":"031502020204","type":"ST","d0":"2026-09-07","t":[29.2,28.7,28.2,27.8,27.2,27.3,27.6,27.9,28.0,28.1,null,27.8,27.7,27.5,27.1,26.5,26.6,25.7,24.4,23.7,22.8,21.9,21.4,21.6,22.6,23.7,25.0,25.2,24.8,23.9],"q":[14.7,13.5,13.6,13.6,25.4,18.4,23.0,17.9,14.1,13.5,13.0,13.2,13.1,14.4,18.9,17.9,14.1,13.5,13.6,13.5,13.6,13.6,12.9,13.1,13.7,14.0,14.8,22.4,24.8,15.8],"latest":{"d":"2026-10-06","t":23.9,"q":15.8}}},{"type":"Feature","geometry":{"type":"Point","coordinates":[-87.39891,34.28538]},"properties":{"site":"02450250","name":"SIPSEY FORK NEAR GRAYSON AL","state":"Alabama","huc":"031601100103","type":"ST","d0":"2026-09-07","t":[26.3,26.1,26.0,25.2,24.2,23.8,24.0,24.6,25.0,25.2,25.1,25.1,25.4,25.4,25.4,24.7,23.0,21.7,21.7,20.8,19.6,18.9,18.1,18.4,19.2,20.8,22.1,22.2,22.2,19.9],"q":[7.52,7.3,7.14,6.99,26.5,91.9,28.7,14.0,10.2,8.9,8.18,7.96,7.89,8.12,7.75,7.53,7.6,7.74,7.56,7.49,7.31,7.29,7.15,7.07,7.02,7.0,7.04,7.02,7.01,7.0],"latest":{"d":"2026-10-06","t":19.9,"q":7.0}}},{"type":"Feature","geometry":{"type":"Point","coordinates":[-87.17028,33.75761]},"properties":{"site":"02453500","name":"MULBERRY FORK AT CORDOVA AL","state":"Alabama","huc":"031601090603","type":"ST","d0":"2026-09-07","t":[20.2,20.8,20.0,18.8,18.6,18.6,18.8,19.9,20.6,19.4,19.3,19.0,19.0,19.6,20.0,20.1,20.1,19.1,19.2,19.1,19.0,18.9,18.9,18.1,18.4,19.3,18.9,19.4,19.8,20.5],"q":[972,1690,1380,1450,1430,773,994,1530,1300,1270,1340,1400,636,556,1700,1230,1430,1280,1210,487,535,1080,1390,1550,1300,1510,839,592,241,291],"latest":{"d":"2026-10-06","t":20.5,"q":291}}},{"type":"Feature","geometry":{"type":"Point","coordinates":[-86.6961,33.71121]},"properties":{"site":"02455980","name":"TURKEY CREEK AT SEWAGE PLANT NEAR PINSON AL","state":"Alabama","huc":"031601110306","type":"ST","d0":"2026-09-07","t":[24.6,24.5,23.7,23.5,23.2,23.3,23.5,23.5,23.6,24.0,23.6,23.7,23.8,23.6,22.9,22.5,22.8,21.8,20.5,20.0,19.1,18.6,18.5,19.1,20.4,21.7,22.0,21.5,21.3,20.2],"q":[12.9,11.9,11.3,11.0,20.7,15.7,12.8,11.8,11.2,10.7,10.5,10.4,10.1,10.1,10.6,11.2,10.8,10.3,10.2,10.0,9.76,9.42,9.3,9.16,9.46,11.0,11.4,12.4,13.2,14.8],"latest":{"d":"2026-10-06","t":20.2,"q":14.8}}},{"type":"Feature","geometry":{"type":"Point","coordinates":[-86.86805,33.59705]},"properties":{"site":"02457595","name":"FIVEMILE CREEK NEAR REPUBLIC, AL","state":"Alabama","huc":"031601110406","type":"ST","d0":"2026-09-07","t":[27.7,27.4,26.6,26.2,25.4,25.7,26.2,26.5,26.7,26.9,26.5,26.5,26.7,26.4,25.4,25.1,25.1,24.1,22.7,22.2,21.1,20.3,19.9,20.5,21.7,23.3,24.4,24.0,23.7,22.2],"q":[20.9,17.9,17.4,15.4,19.6,25.5,21.4,16.9,14.5,16.9,14.3,13.5,12.9,12.9,59.1,29.2,18.9,15.2,16.6,18.8,18.9,18.8,16.2,14.9,15.3,13.5,12.5,14.9,20.1,16.0],"latest":{"d":"2026-10-06","t":22.2,"q":16.0}}},{"type":"Feature","geometry":{"type":"Point","coordinates":[-86.71888,33.57705]},"properties":{"site":"02458148","name":"VILLAGE CREEK AT 86TH ST NORTH AT ROEBUCK, AL.","state":"Alabama","huc":"031601110408","type":"ST","d0":"2026-09-07","t":[22.1,21.9,21.6,21.5,20.6,21.3,21.4,21.4,21.6,21.8,21.5,21.6,21.3,21.4,21.6,21.0,21.0,20.0,19.4,19.4,18.7,18.7,18.9,19.6,20.1,20.5,20.5,19.9,20.2,19.6],"q":[2.5,2.44,2.34,2.37,2.47,2.63,2.46,2.38,2.32,2.27,2.23,2.23,2.21,2.17,5.08,2.45,2.33,2.29,2.3,2.26,2.19,2.24,2.19,2.05,2.17,2.16,2.16,2.35,2.27,2.19],"latest":{"d":"2026-10-06","t":19.6,"q":2.19}}},{"type":"Feature","geometry":{"type":"Point","coordinates":[-86.87916,33.51765]},"properties":{"site":"02458450","name":"VILLAGE CREEK AT AVENUE W AT ENSLEY, AL","state":"Alabama","huc":"031601110408","type":"ST","d0":"2026-09-07","t":[27.4,27.0,26.5,26.4,26.2,26.3,26.3,26.3,26.5,26.7,26.5,26.5,26.4,26.2,25.5,26.1,25.4,24.4,23.4,23.1,22.2,21.6,21.5,22.2,23.3,24.2,24.9,24.6,24.4,23.0],"q":[30.4,27.8,31.2,27.3,62.7,49.5,50.2,35.1,27.7,25.4,25.0,27.0,28.5,23.8,197,43.5,30.9,30.5,29.3,29.8,28.9,26.7,27.3,28.4,27.6,27.7,29.7,124,42.8,30.9],"latest":{"d":"2026-10-06","t":23.0,"q":30.9}}},{"type":"Feature","geometry":{"type":"Point","coordinates":[-86.8911,33.52399]},"properties":{"site":"02458502","name":"VILLAGE CREEK NEAR PRATT CITY, ALABAMA","state":"Alabama","huc":"031601110408","type":"ST","d0":"2026-09-07","t":[26.5,26.0,25.8,25.5,25.3,25.7,25.7,25.6,25.6,25.8,25.5,25.7,25.9,25.4,24.9,25.3,24.8,23.7,23.0,22.7,21.9,21.4,21.3,21.9,22.9,23.6,24.3,24.0,23.7,22.6],"q":[37.7,35.1,38.5,35.0,65.3,54.4,57.7,41.6,35.2,33.3,32.5,34.7,41.8,31.1,157,47.7,36.9,36.9,36.1,36.8,35.8,33.4,33.8,34.9,34.4,34.9,36.6,126,49.0,37.5],"latest":{"d":"2026-10-06","t":22.6,"q":37.5}}},{"type":"Feature","geometry":{"type":"Point","coordinates":[-89.05306,31.22167]},"properties":{"site":"02474560","name":"LEAF RIVER NR NEW AUGUSTA, MS","state":"Mississippi","huc":"031700050604","type":"ST","d0":"2026-09-07","t":[30.7,30.4,29.8,29.3,28.7,28.8,29.6,29.8,29.9,29.9,29.3,28.7,28.9,29.3,29.5,28.8,29.0,28.7,27.7,27.0,27.0,27.0,26.8,26.8,27.3,27.6,27.7,27.1,26.6,26.4],"q":[818,819,805,801,887,879,900,1030,935,858,816,791,766,746,749,781,753,723,705,692,688,681,674,669,664,665,664,681,709,747],"latest":{"d":"2026-10-06","t":26.4,"q":747}}},{"type":"Feature","geometry":{"type":"Point","coordinates":[-89.01667,31.02528]},"properties":{"site":"02479155","name":"CYPRESS CREEK NR JANICE, MS","state":"Mississippi","huc":"031700070503","type":"ST","d0":"2026-09-07","t":[27.4,27.2,26.6,26.1,26.1,26.1,26.7,26.6,26.5,26.8,26.1,25.2,25.3,25.9,26.1,25.5,25.6,25.3,24.2,23.3,23.6,23.3,23.1,23.1,24.1,24.8,25.1,24.9,24.4,24.1],"q":[16.2,13.8,12.4,11.3,18.3,21.5,17.5,13.8,12.4,11.6,10.5,9.78,9.41,9.1,10.6,14.4,13.0,10.8,9.73,9.63,9.38,8.87,8.3,8.08,8.45,10.4,10.5,13.7,21.1,16.0],"latest":{"d":"2026-10-06","t":24.1,"q":16.0}}},{"type":"Feature","geometry":{"type":"Point","coordinates":[-78.29279,41.81868]},"properties":{"site":"03007800","name":"Allegheny River at Port Allegany, PA","state":"Pennsylvania","huc":"050100010308","type":"ST","d0":"2026-09-07","t":[17.4,17.3,17.8,18.6,18.3,16.4,16.8,15.5,13.6,14.5,15.6,16.4,15.5,14.9,14.6,14.2,13.4,13.1,12.6,12.4,12.5,13.3,14.3,15.4,16.3,16.5,14.8,13.3,12.8,11.5],"q":[219,190,202,548,355,330,973,870,726,631,581,516,429,399,358,308,268,227,201,183,173,173,157,145,138,133,122,112,110,102],"latest":{"d":"2026-10-06","t":11.5,"q":102}}},{"type":"Feature","geometry":{"type":"Point","coordinates":[-79.01198,41.84145]},"properties":{"site":"03012550","name":"Allegheny River at Kinzua Dam, PA","state":"Pennsylvania","huc":"050100011209","type":"ST","d0":"2026-09-07","t":[21.9,21.5,21.0,20.6,21.3,21.5,21.1,20.8,21.2,20.8,21.1,21.5,21.2,20.9,20.6,20.4,20.2,20.2,20.2,20.1,20.0,19.9,19.9,19.8,19.7,19.3,19.1,19.1,18.8,18.8],"q":[1290,1300,1320,1310,1310,1310,1320,1320,1330,2030,2430,2440,2420,2420,2130,1970,1960,1960,1950,1930,1950,1940,1940,1920,3100,3720,3700,3660,3630,3610],"latest":{"d":"2026-10-06","t":18.8,"q":3610}}},{"type":"Feature","geometry":{"type":"Point","coordinates":[-79.05004,41.60201]},"properties":{"site":"03017500","name":"Tionesta Creek at Lynch, PA","state":"Pennsylvania","huc":"050100030402","type":"ST","d0":"2026-09-07","t":[16.3,16.2,17.1,18.4,18.7,16.6,17.2,16.5,14.6,15.6,16.8,17.6,16.4,15.9,15.4,14.6,14.5,13.4,13.0,13.3,13.3,13.9,14.8,15.8,16.9,16.4,15.5,14.3,13.8,12.2],"q":[511,403,350,658,400,389,1220,993,634,566,579,541,417,374,337,296,258,220,196,179,167,167,157,145,136,130,123,111,105,97.1],"latest":{"d":"2026-10-06","t":12.2,"q":97.1}}},{"type":"Feature","geometry":{"type":"Point","coordinates":[-79.44394,41.47784]},"properties":{"site":"03020000","name":"Tionesta Creek at Tionesta Creek Dam, PA","state":"Pennsylvania","huc":"050100030406","type":"ST","d0":"2026-09-07","t":[20.4,20.3,20.1,20.1,20.3,20.5,20.5,19.9,19.6,19.3,18.8,18.7,18.9,18.9,18.9,18.7,18.3,17.9,17.3,16.9,16.8,16.8,16.7,16.7,16.9,16.9,16.9,16.9,16.8,16.8],"q":[1640,1610,1570,1540,1510,1470,1480,1520,1530,1510,1490,1460,1440,1400,1120,994,808,721,449,326,327,230,190,191,193,193,193,192,191,191],"latest":{"d":"2026-10-06","t":16.8,"q":191}}},{"type":"Feature","geometry":{"type":"Point","coordinates":[-80.04811,41.69061]},"properties":{"site":"03022540","name":"Woodcock Creek at Blooming Valley, PA","state":"Pennsylvania","huc":"050100040905","type":"ST","d0":"2026-09-07","t":[18.2,18.1,19.6,20.5,20.0,18.8,19.7,18.3,17.0,18.5,19.3,19.6,18.1,17.6,16.5,15.7,15.0,13.7,13.0,13.6,13.8,14.8,15.0,14.9,16.8,16.8,14.0,13.1,12.5,10.8],"q":[19.1,14.6,24.1,49.5,23.6,16.4,33.8,44.9,23.1,26.6,65.6,36.4,23.9,21.7,19.3,19.9,17.1,14.1,11.9,11.0,9.48,9.1,9.46,8.72,9.08,11.0,10.8,9.26,8.7,7.91],"latest":{"d":"2026-10-06","t":10.8,"q":7.91}}},{"type":"Feature","geometry":{"type":"Point","coordinates":[-78.57669,41.63117]},"properties":{"site":"03026500","name":"Sevenmile Run near Rasselas, PA","state":"Pennsylvania","huc":"050100050101","type":"ST","d0":"2026-09-07","t":[14.1,14.2,15.2,17.2,15.7,13.9,16.2,14.4,12.8,14.2,15.2,15.4,14.3,14.3,13.6,12.9,12.1,10.9,10.4,11.0,11.5,12.6,13.2,13.8,14.6,14.4,11.7,10.5,10.5,8.7],"q":[12.3,9.71,12.4,35.3,16.8,15.9,53.3,32.4,21.9,18.2,17.0,14.2,11.4,10.9,9.37,8.02,6.98,5.92,5.24,4.78,4.49,4.34,3.95,3.69,3.46,3.19,2.97,2.71,2.55,2.37],"latest":{"d":"2026-10-06","t":8.7,"q":2.37}}},{"type":"Feature","geometry":{"type":"Point","coordinates":[-78.59613,41.55312]},"properties":{"site":"03027500","name":"EB Clarion River at EB Clarion River Dam, PA","state":"Pennsylvania","huc":"050100050102","type":"ST","d0":"2026-09-07","t":[16.1,16.1,16.1,16.6,16.5,16.1,16.2,16.1,16.1,16.3,16.3,16.5,16.2,16.4,16.0,15.7,15.5,15.3,15.4,15.5,15.4,15.1,14.9,14.2,13.8,13.7,13.9,13.8,13.4,13.1],"q":[128,128,128,107,95.2,53.6,91.8,200,245,186,156,154,154,152,165,172,172,171,170,170,170,170,156,147,146,146,146,146,132,124],"latest":{"d":"2026-10-06","t":13.1,"q":124}}},{"type":"Feature","geometry":{"type":"Point","coordinates":[-78.69225,41.57534]},"properties":{"site":"03028000","name":"West Branch Clarion River at Wilcox, PA","state":"Pennsylvania","huc":"050100050203","type":"ST","d0":"2026-09-07","t":[14.1,14.1,15.2,17.3,16.2,14.3,16.4,14.7,12.9,14.2,15.3,15.8,14.5,14.4,13.8,13.2,12.7,11.5,10.9,11.6,11.9,13.0,13.6,14.4,15.3,15.1,13.1,11.4,11.8,10.0],"q":[164,129,131,269,148,163,420,287,230,201,208,166,138,131,113,98.4,84.7,73.9,66.4,60.9,57.9,56.3,51.2,47.4,44.3,41.5,38.0,35.6,33.6,31.4],"latest":{"d":"2026-10-06","t":10.0,"q":31.4}}},{"type":"Feature","geometry":{"type":"Point","coordinates":[-78.67836,41.48617]},"properties":{"site":"03028500","name":"Clarion River at Johnsonburg, PA","state":"Pennsylvania","huc":"050100050601","type":"ST","d0":"2026-09-07","t":[16.6,16.6,17.4,18.3,18.1,16.4,17.7,16.3,15.5,16.6,17.0,17.5,16.5,16.5,16.2,15.5,15.4,14.7,14.6,14.8,14.9,15.2,15.4,15.6,15.5,14.8,14.2,13.4,13.6,12.4],"q":[374,322,294,484,295,311,1170,758,676,544,526,449,382,369,351,334,313,293,279,268,265,266,246,227,220,216,210,204,191,176],"latest":{"d":"2026-10-06","t":12.4,"q":176}}},{"type":"Feature","geometry":{"type":"Point","coordinates":[-79.00837,40.93923]},"properties":{"site":"03034000","name":"Mahoning Creek at Punxsutawney, PA","state":"Pennsylvania","huc":"050100060706","type":"ST","d0":"2026-09-07","t":[17.6,17.4,18.6,19.9,19.8,18.7,19.0,17.9,15.8,null,17.9,18.1,17.1,16.7,16.1,14.8,14.3,13.3,12.4,12.6,12.9,13.7,14.5,15.3,16.3,16.2,14.8,13.3,13.1,11.7],"q":[205,171,149,140,124,150,1130,717,390,290,252,220,185,517,507,999,784,560,420,332,281,261,225,195,171,152,138,126,120,109],"latest":{"d":"2026-10-06","t":11.7,"q":109}}},{"type":"Feature","geometry":{"type":"Point","coordinates":[-79.11004,40.83618]},"properties":{"site":"03034500","name":"Little Mahoning Creek at McCormick, PA","state":"Pennsylvania","huc":"050100060602","type":"ST","d0":"2026-09-07","t":[19.0,18.9,20.3,21.1,20.9,19.7,18.6,16.8,15.6,17.3,19.0,19.2,18.0,17.7,16.9,15.3,14.7,13.8,12.9,13.1,13.6,14.4,15.4,16.1,17.3,17.2,15.5,14.3,13.8,12.1],"q":[80.3,65.9,58.1,111,72.1,385,2000,579,329,222,208,179,126,139,169,696,403,277,207,158,127,119,102,87.4,74.9,65.9,60.3,53.7,51.5,45.6],"latest":{"d":"2026-10-06","t":12.1,"q":45.6}}},{"type":"Feature","geometry":{"type":"Point","coordinates":[-79.29115,40.92757]},"properties":{"site":"03036000","name":"Mahoning Creek at Mahoning Creek Dam, PA","state":"Pennsylvania","huc":"050100060707","type":"ST","d0":"2026-09-07","t":[21.3,21.1,20.9,20.9,21.1,21.2,21.2,20.1,20.0,19.5,19.1,19.4,19.8,20.0,19.6,18.8,17.2,16.4,16.1,15.4,15.1,15.6,15.8,15.9,16.2,16.2,16.4,16.6,16.5,16.3],"q":[698,402,343,346,347,340,469,1210,1880,1980,1730,1120,690,536,427,384,989,1350,1270,1140,1220,1090,996,715,407,319,281,255,222,205],"latest":{"d":"2026-10-06","t":16.3,"q":205}}},{"type":"Feature","geometry":{"type":"Point","coordinates":[-79.34865,40.65479]},"properties":{"site":"03038000","name":"Crooked Creek at Idaho, PA","state":"Pennsylvania","huc":"050100061003","type":"ST","d0":"2026-09-07","t":[19.8,19.6,20.6,21.5,21.5,20.9,20.4,19.8,18.4,19.1,20.6,20.9,19.6,19.3,18.3,16.5,16.3,15.5,14.6,14.6,14.9,15.4,16.1,16.9,17.9,18.3,16.7,15.5,15.0,13.5],"q":[59.5,51.4,49.1,161,96.3,487,3000,1220,550,347,313,262,188,174,186,818,628,401,301,242,192,169,147,120,85.1,74.2,81.9,69.5,72.1,65.8],"latest":{"d":"2026-10-06","t":13.5,"q":65.8}}},{"type":"Feature","geometry":{"type":"Point","coordinates":[-79.51143,40.72034]},"properties":{"site":"03039000","name":"Crooked Creek at Crooked Creek Dam near Ford City","state":"Pennsylvania","huc":"050100061005","type":"ST","d0":"2026-09-07","t":[21.8,22.1,22.4,22.3,22.5,22.5,22.1,21.7,21.7,21.4,21.1,20.8,21.0,20.9,20.7,20.2,19.0,18.1,17.6,17.1,16.7,16.6,16.6,16.8,17.0,16.8,16.9,16.9,16.8,16.7],"q":[236,234,154,112,112,112,126,719,1480,1590,1580,1240,1040,638,377,346,619,749,740,565,445,280,197,139,106,106,106,106,106,86.1],"latest":{"d":"2026-10-06","t":16.7,"q":86.1}}},{"type":"Feature","geometry":{"type":"Point","coordinates":[-79.02614,40.41924]},"properties":{"site":"03041500","name":"Conemaugh River at Seward, PA","state":"Pennsylvania","huc":"050100071002","type":"ST","d0":"2026-09-07","t":[19.8,19.8,21.0,21.6,21.5,21.0,21.0,20.5,18.7,19.6,21.2,20.8,19.7,18.6,18.0,16.7,16.4,15.5,14.7,14.6,14.9,15.3,16.0,16.9,17.6,17.5,16.5,15.4,14.8,13.7],"q":[814,714,627,1070,828,689,1160,1220,942,793,979,2750,1530,3380,3460,3780,3390,2530,1950,1620,1390,1290,1210,1080,910,837,820,750,622,569],"latest":{"d":"2026-10-06","t":13.7,"q":569}}},{"type":"Feature","geometry":{"type":"Point","coordinates":[-79.1867,40.47701]},"properties":{"site":"03042000","name":"Blacklick Creek at Josephine, PA","state":"Pennsylvania","huc":"050100070904","type":"ST","d0":"2026-09-07","t":[20.2,20.6,22.0,22.0,21.9,21.4,20.7,19.4,17.9,19.2,20.2,19.9,18.8,18.4,17.2,15.8,15.3,14.5,13.7,13.8,14.3,14.9,15.9,17.0,18.2,18.0,16.4,15.7,14.8,13.1],"q":[173,143,133,392,236,205,826,836,438,313,929,869,524,797,781,700,633,465,383,324,281,264,247,220,190,167,154,139,129,117],"latest":{"d":"2026-10-06","t":13.1,"q":117}}},{"type":"Feature","geometry":{"type":"Point","coordinates":[-79.39087,40.45451]},"properties":{"site":"03044000","name":"Conemaugh River at Tunnelton, PA","state":"Pennsylvania","huc":"050100071008","type":"ST","d0":"2026-09-07","t":[22.8,22.7,23.1,22.8,23.4,22.8,22.3,22.1,21.7,21.4,21.3,21.5,21.4,21.2,20.5,19.5,18.9,17.9,17.1,16.7,16.3,16.0,16.1,16.8,17.8,18.5,18.3,17.5,17.0,16.2],"q":[2640,2230,1590,1290,1200,1340,1350,2950,3960,3690,2950,2520,2500,3500,4200,4180,6060,7230,6960,5800,5030,3310,2310,2300,2510,2030,1710,1670,1200,1110],"latest":{"d":"2026-10-06","t":16.2,"q":1110}}},{"type":"Feature","geometry":{"type":"Point","coordinates":[-79.44944,40.45889]},"properties":{"site":"03047000","name":"Loyalhanna Creek at Loyalhanna Dam, PA","state":"Pennsylvania","huc":"050100080108","type":"ST","d0":"2026-09-07","t":[21.8,21.2,20.7,21.2,21.7,22.2,21.9,21.4,21.3,20.8,20.3,20.3,20.9,20.7,19.5,19.0,18.5,17.3,16.5,15.9,15.7,15.5,15.4,15.4,15.7,16.1,16.6,17.4,17.4,17.1],"q":[2000,1310,633,465,457,460,497,1030,1340,1310,1110,1020,1010,1010,1060,1080,1770,2060,1360,1020,1000,981,501,225,227,229,228,228,228,226],"latest":{"d":"2026-10-06","t":17.1,"q":226}}},{"type":"Feature","geometry":{"type":"Point","coordinates":[-79.97062,39.75924]},"properties":{"site":"03072000","name":"Dunkard Creek at Shannopin, PA","state":"Pennsylvania","huc":"050200050109","type":"ST","d0":"2026-09-07","t":[22.8,22.5,23.0,23.5,23.5,23.6,23.5,22.1,20.6,21.4,22.5,23.0,22.5,22.7,21.9,20.3,19.0,18.2,17.0,16.7,17.2,17.4,18.0,18.7,19.1,19.0,18.4,17.8,17.5,15.6],"q":[65.7,54.5,47.1,49.0,59.2,69.9,264,528,230,132,93.5,68.4,55.0,51.6,68.7,270,184,168,125,89.9,71.6,60.5,53.3,48.8,44.8,40.1,38.1,37.6,34.7,31.2],"latest":{"d":"2026-10-06","t":15.6,"q":31.2}}},{"type":"Feature","geometry":{"type":"Point","coordinates":[-79.92282,39.82503]},"properties":{"site":"03072655","name":"Monongahela River near Masontown, PA","state":"Pennsylvania","huc":"050200050503","type":"ST","d0":"2026-09-07","t":[24.3,24.6,25.3,25.3,25.1,25.3,24.7,24.3,23.8,23.9,23.9,23.6,23.4,23.4,23.4,22.9,22.1,20.4,19.4,18.6,18.4,18.5,18.6,19.0,19.5,19.6,19.8,19.9,19.7,19.4],"q":[6620,6040,4370,3900,3630,7600,6800,11800,9150,7210,7650,6050,3220,4810,6490,17000,21400,17900,18600,18300,19600,18400,16100,12300,8520,7040,5610,4060,4100,2970],"latest":{"d":"2026-10-06","t":19.4,"q":2970}}},{"type":"Feature","geometry":{"type":"Point","coordinates":[-80.07256,39.92313]},"properties":{"site":"03073000","name":"South Fork Tenmile Creek at Jefferson, PA","state":"Pennsylvania","huc":"050200050307","type":"ST","d0":"2026-09-07","t":[22.1,22.0,22.7,23.3,23.7,23.5,23.3,21.3,19.8,20.6,21.9,22.2,21.6,21.6,20.3,18.4,17.6,17.2,16.2,15.9,16.4,16.9,17.4,17.8,18.6,18.8,18.0,17.3,16.3,14.8],"q":[56.3,42.1,36.5,37.0,39.1,36.9,133,696,153,88.7,70.9,71.4,58.4,106,431,503,224,150,106,85.0,73.1,62.8,57.3,53.1,47.6,43.7,40.2,37.1,35.4,32.5],"latest":{"d":"2026-10-06","t":14.8,"q":32.5}}},{"type":"Feature","geometry":{"type":"Point","coordinates":[-79.40831,39.65361]},"properties":{"site":"03076500","name":"YOUGHIOGHENY RIVER AT FRIENDSVILLE, MD","state":"Maryland","huc":"050200060301","type":"ST","d0":"2026-09-07","t":[20.3,20.5,21.1,20.2,20.3,20.6,20.9,19.9,18.7,19.5,20.3,20.4,20.1,20.8,20.0,17.7,16.7,16.1,15.6,15.3,15.8,15.8,16.5,17.1,17.5,17.6,17.1,16.2,15.8,14.3],"q":[321,184,306,358,388,315,1160,943,642,513,491,485,254,230,623,2010,1780,1200,915,626,485,562,429,348,312,368,306,198,254,159],"latest":{"d":"2026-10-06","t":14.3,"q":159}}},{"type":"Feature","geometry":{"type":"Point","coordinates":[-79.3642,39.80535]},"properties":{"site":"03077500","name":"Youghiogheny River at Youghiogheny River Dam, PA","state":"Pennsylvania","huc":"050200060305","type":"ST","d0":"2026-09-07","t":[18.3,18.0,18.0,18.0,18.3,18.7,18.5,18.3,18.4,18.5,18.6,18.7,19.0,19.0,19.0,null,19.1,19.3,19.4,19.3,19.1,19.0,18.9,18.9,18.8,18.6,18.5,18.6,18.4,18.4],"q":[705,572,496,496,589,716,613,509,517,518,529,613,703,708,706,706,713,1260,1640,1640,1620,1300,1140,1140,861,708,710,620,490,493],"latest":{"d":"2026-10-06","t":18.4,"q":493}}},{"type":"Feature","geometry":{"type":"Point","coordinates":[-79.22883,39.85992]},"properties":{"site":"03079000","name":"Casselman River at Markleton, PA","state":"Pennsylvania","huc":"050200060706","type":"ST","d0":"2026-09-07","t":[20.2,20.3,21.3,22.3,22.3,22.1,21.3,20.8,19.3,20.4,21.6,21.2,20.4,19.2,18.2,16.4,15.1,14.5,14.0,13.9,14.4,14.5,15.1,16.3,17.4,17.0,16.5,15.4,15.0,13.4],"q":[280,220,184,176,196,231,756,479,289,221,239,420,276,760,661,1900,2200,1210,844,654,535,466,416,368,316,271,246,223,203,181],"latest":{"d":"2026-10-06","t":13.4,"q":181}}},{"type":"Feature","geometry":{"type":"Point","coordinates":[-79.37254,39.82758]},"properties":{"site":"03081000","name":"Youghiogheny River below Confluence, PA","state":"Pennsylvania","huc":"050200060902","type":"ST","d0":"2026-09-07","t":[18.6,18.7,18.8,18.6,18.9,19.3,19.0,18.7,18.7,19.1,19.1,19.1,19.3,19.3,19.1,18.9,18.8,19.3,19.5,19.4,19.3,19.1,19.1,19.1,19.1,18.8,18.5,18.5,18.1,17.8],"q":[1380,1100,935,917,1030,1220,2320,1650,1240,1070,1110,1490,1390,2000,2370,3730,4460,3770,3710,3360,3120,2570,2250,2170,1680,1340,1290,1130,929,890],"latest":{"d":"2026-10-06","t":17.8,"q":890}}},{"type":"Feature","geometry":{"type":"Point","coordinates":[-79.80669,40.24022]},"properties":{"site":"03083500","name":"Youghiogheny River at Sutersville, PA","state":"Pennsylvania","huc":"050200061203","type":"ST","d0":"2026-09-07","t":[22.5,22.7,23.4,23.8,23.9,23.8,23.4,22.5,21.4,22.1,22.8,22.7,21.7,21.3,20.2,19.0,17.5,16.7,16.5,17.0,17.4,17.5,17.8,18.4,19.3,19.5,18.6,18.3,17.6,16.5],"q":[2110,1790,1480,1550,1430,1490,3430,3280,2190,1700,3050,2850,2490,4640,5560,5280,6480,5050,4680,4150,3750,3470,2860,2670,2520,1950,1730,1650,1470,1270],"latest":{"d":"2026-10-06","t":16.5,"q":1270}}},{"type":"Feature","geometry":{"type":"Point","coordinates":[-81.0012,41.04839]},"properties":{"site":"03090500","name":"Mahoning River bl Berlin Dam nr Berlin Center OH","state":"Ohio","huc":"050301030306","type":"ST","d0":"2026-09-07","t":[23.9,23.9,24.0,24.0,24.0,24.0,24.1,24.0,24.2,24.3,null,null,24.1,null,23.7,23.1,22.7,22.3,21.8,21.4,21.2,21.0,20.9,20.8,20.7,20.6,20.6,20.3,20.1,19.8],"q":[145,146,145,146,146,149,146,147,191,211,null,null,206,null,206,201,778,1220,1230,1230,1240,944,548,425,427,427,424,424,423,362],"latest":{"d":"2026-10-06","t":19.8,"q":362}}},{"type":"Feature","geometry":{"type":"Point","coordinates":[-80.9712,41.13145]},"properties":{"site":"03091500","name":"Mahoning River at Pricetown OH","state":"Ohio","huc":"050301030306","type":"ST","d0":"2026-09-07","t":[24.2,24.2,24.9,24.9,24.6,24.4,24.8,24.4,24.3,24.4,24.2,24.0,23.7,23.6,23.0,22.5,22.0,21.6,20.8,20.2,20.2,20.2,20.0,20.3,20.7,20.7,20.1,19.7,19.6,19.2],"q":[212,211,211,211,211,212,212,212,295,339,367,334,301,298,296,296,889,1320,1320,1320,1320,876,511,438,439,441,436,471,450,408],"latest":{"d":"2026-10-06","t":19.2,"q":408}}},{"type":"Feature","geometry":{"type":"Point","coordinates":[-81.19705,41.16145]},"properties":{"site":"03092090","name":"West Branch Mahoning River near Ravenna OH","state":"Ohio","huc":"050301030302","type":"ST","d0":"2026-09-07","t":[19.2,19.0,20.5,21.4,20.7,19.4,20.2,18.9,17.7,19.2,21.0,20.7,18.6,18.8,17.0,15.8,15.8,15.2,13.9,14.0,14.2,15.0,15.4,15.4,16.9,17.3,14.5,13.3,13.1,11.5],"q":[3.52,2.82,2.56,2.56,2.2,2.83,3.66,2.95,2.58,6.83,21.2,9.19,4.8,4.93,10.0,25.3,13.4,7.97,5.48,4.52,3.9,3.56,3.29,2.87,2.84,4.54,5.18,4.01,3.47,3.39],"latest":{"d":"2026-10-06","t":11.5,"q":3.39}}},{"type":"Feature","geometry":{"type":"Point","coordinates":[-81.07176,41.157]},"properties":{"site":"03092460","name":"West Branch Mahoning River at Wayland OH","state":"Ohio","huc":"050301030305","type":"ST","d0":"2026-09-07","t":[21.7,18.0,15.7,15.8,19.4,22.0,22.4,21.5,22.0,22.0,22.2,21.9,22.0,21.9,21.2,20.7,20.6,20.6,20.4,20.2,20.1,20.1,20.1,20.1,20.3,20.4,19.8,19.7,19.7,19.3],"q":[18.0,19.0,20.7,21.1,20.1,18.1,18.0,18.0,53.3,75.1,78.5,75.5,75.5,75.7,78.1,78.7,100,112,112,112,112,112,112,113,114,115,115,115,115,116],"latest":{"d":"2026-10-06","t":19.3,"q":116}}},{"type":"Feature","geometry":{"type":"Point","coordinates":[-80.88064,41.23922]},"properties":{"site":"03094000","name":"Mahoning River at Leavittsburg OH","state":"Ohio","huc":"050301030603","type":"ST","d0":"2026-09-07","t":[21.5,21.8,23.0,23.7,23.5,22.2,22.2,20.5,20.2,22.0,22.0,22.5,21.7,21.2,20.2,17.0,17.3,19.8,19.5,19.2,19.1,19.3,19.0,18.9,19.7,19.9,18.3,17.7,17.6,null],"q":[333,299,286,285,294,285,309,377,305,437,579,563,480,465,480,671,736,1410,1460,1440,1430,1340,858,658,643,650,656,652,644,609],"latest":{"d":"2026-10-05","t":17.6,"q":644}}},{"type":"Feature","geometry":{"type":"Point","coordinates":[-80.74611,41.48306]},"properties":{"site":"03094704","name":"Mosquito Creek near Greene Center OH","state":"Ohio","huc":"05030102","type":"ST","d0":"2026-09-07","t":[19.1,19.2,20.9,21.7,21.0,19.4,20.6,19.1,17.8,19.5,20.6,null,19.0,18.9,17.4,16.4,16.2,15.2,14.3,14.3,14.6,15.4,15.9,15.8,17.5,17.7,15.0,13.9,13.6,12.2],"q":[2.73,1.38,0.95,3.27,1.95,1.21,0.97,0.83,0.55,0.55,2.83,1.98,0.98,0.73,0.62,2.17,1.92,1.03,0.47,0.4,0.38,0.47,0.44,0.47,0.52,0.95,1.18,1.04,0.99,1.18],"latest":{"d":"2026-10-06","t":12.2,"q":1.18}}},{"type":"Feature","geometry":{"type":"Point","coordinates":[-80.75841,41.29978]},"properties":{"site":"03095500","name":"Mosquito Creek bl Mosquito Ck Dam nr Cortland OH","state":"Ohio","huc":"050301030503","type":"ST","d0":"2026-09-07","t":[25.0,24.9,24.5,24.6,24.9,24.6,24.5,24.4,23.6,23.3,23.6,24.4,23.8,23.2,22.1,21.0,20.3,19.9,20.0,19.9,19.6,19.5,19.4,19.2,19.2,19.2,19.1,19.0,18.6,18.2],"q":[10.2,10.7,11.5,11.7,12.1,12.2,12.1,11.5,8.61,7.74,5.96,6.25,7.16,8.25,10.3,11.5,11.5,11.2,10.7,11.4,11.5,10.0,11.4,11.7,8.69,6.27,3.41,4.26,4.54,2.39],"latest":{"d":"2026-10-06","t":18.2,"q":2.39}}},{"type":"Feature","geometry":{"type":"Point","coordinates":[-80.66556,41.10528]},"properties":{"site":"03098600","name":"Mahoning River above West Ave at Youngstown OH","state":"Ohio","huc":"050301030807","type":"ST","d0":"2026-09-07","t":[22.1,22.2,22.8,23.9,23.7,23.1,22.9,22.1,21.7,21.9,22.7,23.1,22.5,22.0,20.7,18.0,17.7,18.0,19.0,19.0,19.0,19.2,19.5,19.4,19.7,19.9,19.0,18.2,17.5,16.9],"q":[511,442,420,561,492,517,672,672,470,443,650,657,560,514,670,1270,986,1260,1510,1460,1430,1420,1040,738,663,701,686,664,650,622],"latest":{"d":"2026-10-06","t":16.9,"q":622},"sensor":"Instream"}},{"type":"Feature","geometry":{"type":"Point","coordinates":[-80.53618,41.03673]},"properties":{"site":"03099500","name":"Mahoning River at Lowellville OH","state":"Ohio","huc":"050301030809","type":"ST","d0":"2026-09-07","t":[22.1,22.1,23.0,23.6,23.6,22.6,22.9,22.2,21.6,22.0,22.5,23.0,22.3,22.0,20.3,18.9,18.5,18.3,18.9,19.1,19.1,19.1,19.5,19.4,20.0,19.8,19.1,18.3,17.7,16.9],"q":[676,571,567,779,637,701,942,962,645,568,788,848,727,658,839,1810,1290,1380,1700,1650,1620,1610,1290,939,819,876,865,820,804,773],"latest":{"d":"2026-10-06","t":16.9,"q":773}}},{"type":"Feature","geometry":{"type":"Point","coordinates":[-80.39785,41.35367]},"properties":{"site":"03102850","name":"Shenango River near Transfer, PA","state":"Pennsylvania","huc":"050301020403","type":"ST","d0":"2026-09-07","t":[20.7,20.9,22.2,22.8,22.4,21.1,22.3,21.0,19.9,21.4,21.0,21.2,20.3,20.1,18.7,17.7,17.8,17.0,16.5,17.0,17.0,17.6,18.1,17.6,18.8,18.4,16.4,15.9,15.7,14.5],"q":[355,297,279,279,250,222,215,204,192,187,847,599,355,325,345,419,346,266,219,193,183,176,158,188,170,183,181,176,172,169],"latest":{"d":"2026-10-06","t":14.5,"q":169}}},{"type":"Feature","geometry":{"type":"Point","coordinates":[-80.47256,41.26612]},"properties":{"site":"03103500","name":"Shenango River at Sharpsville, PA","state":"Pennsylvania","huc":"050301020603","type":"ST","d0":"2026-09-07","t":[24.7,24.1,23.9,24.0,24.1,23.6,23.7,23.4,23.0,23.3,23.5,24.0,23.7,23.3,22.4,21.6,21.3,21.0,20.8,20.6,20.4,20.1,20.0,19.8,20.1,19.6,19.0,18.9,18.7,null],"q":[1320,640,427,425,425,426,336,283,283,283,283,283,373,420,420,420,514,562,558,558,378,283,283,283,221,189,190,190,190,null],"latest":{"d":"2026-10-05","t":18.7,"q":190}}},{"type":"Feature","geometry":{"type":"Point","coordinates":[-80.33701,40.88867]},"properties":{"site":"03105500","name":"Beaver River at Wampum, PA","state":"Pennsylvania","huc":"050301040101","type":"ST","d0":"2026-09-07","t":[23.6,23.8,24.9,25.6,25.6,24.9,24.6,23.8,22.4,23.6,25.4,25.1,23.7,23.4,22.6,19.4,19.0,18.8,18.3,19.0,19.2,19.7,20.2,20.5,21.3,21.6,19.7,18.9,18.3,17.6],"q":[2920,1910,1250,1410,1250,1220,1750,2220,1340,1020,1130,1390,1270,1250,1380,3440,2490,2210,2560,2450,2370,2090,1810,1370,1190,1120,1150,1070,1030,997],"latest":{"d":"2026-10-06","t":17.6,"q":997}}},{"type":"Feature","geometry":{"type":"Point","coordinates":[-80.24228,40.81701]},"properties":{"site":"03106000","name":"Connoquenessing Creek near Zelienople, PA","state":"Pennsylvania","huc":"050301050409","type":"ST","d0":"2026-09-07","t":[21.4,21.5,23.0,22.6,22.6,22.0,21.6,20.9,19.4,19.9,21.4,21.9,20.8,20.4,19.2,17.3,16.9,16.7,15.9,16.0,16.5,16.9,17.5,17.8,19.1,19.1,17.5,16.7,15.9,14.6],"q":[246,192,175,1300,419,279,1920,1680,747,478,480,450,303,253,258,628,640,403,311,259,219,192,173,158,140,131,126,112,101,93.2],"latest":{"d":"2026-10-06","t":14.6,"q":93.2}}},{"type":"Feature","geometry":{"type":"Point","coordinates":[-82.55167,40.06889]},"properties":{"site":"03145483","name":"Raccoon Creek near Granville OH","state":"Ohio","huc":"050400060304","type":"ST","d0":"2026-09-07","t":[21.4,21.4,22.3,22.4,21.9,21.1,22.1,20.6,19.5,21.2,22.1,21.5,20.5,20.8,19.5,17.9,17.6,17.1,16.2,16.3,16.4,16.4,16.9,16.9,18.2,18.2,16.6,15.7,15.4,null],"q":[18.4,19.5,26.7,182,116,529,377,301,122,80.8,57.3,50.1,39.6,261,987,299,164,197,129,94.3,72.2,56.5,44.0,36.5,33.6,32.7,41.7,33.4,29.8,30.0],"latest":{"d":"2026-10-05","t":15.4,"q":29.8}}},{"type":"Feature","geometry":{"type":"Point","coordinates":[-82.68594,38.53206]},"properties":{"site":"03216070","name":"OHIO RIVER AT IRONTON, OH","state":"Ohio","huc":"05090103","type":"ST","d0":"2026-09-07","t":[26.7,26.9,27.0,26.7,26.4,26.0,25.7,25.3,25.1,25.0,25.5,25.8,25.8,25.8,25.4,23.9,22.7,22.2,21.6,21.2,20.6,20.3,20.2,20.4,20.7,21.0,21.1,21.2,21.1,21.1],"q":[52100,41200,34000,70100,94900,60900,89500,95400,108000,66200,51000,52700,53300,82600,156000,216000,168000,141000,162000,134000,95500,64200,63700,49300,43800,28200,40200,16300,33700,20000],"latest":{"d":"2026-10-06","t":21.1,"q":20000}}},{"type":"Feature","geometry":{"type":"Point","coordinates":[-83.19714,40.4195]},"properties":{"site":"03219500","name":"Scioto River near Prospect OH","state":"Ohio","huc":"050600010505","type":"ST","d0":"2026-09-07","t":[22.8,22.6,23.7,24.2,23.9,23.0,23.7,22.1,21.5,22.8,23.0,22.7,21.6,21.2,20.0,18.3,17.6,17.3,17.1,17.0,16.8,16.9,null,17.5,18.7,18.6,17.4,16.9,16.4,null],"q":[554,320,182,122,92.9,78.7,93.4,257,195,125,102,856,1870,2150,2390,2900,3260,2390,1100,541,361,263,200,163,135,135,129,121,123,111],"latest":{"d":"2026-10-05","t":16.4,"q":123}}},{"type":"Feature","geometry":{"type":"Point","coordinates":[-82.85129,40.23617]},"properties":{"site":"03228300","name":"Big Walnut Creek at Sunbury OH","state":"Ohio","huc":"050600011306","type":"ST","d0":"2026-09-07","t":[21.9,22.1,23.6,23.6,22.9,22.1,22.4,20.4,19.9,22.2,23.0,22.5,21.1,21.6,19.2,17.6,17.2,17.0,15.8,15.8,15.7,16.0,16.3,17.0,18.8,18.7,16.1,15.4,15.0,13.8],"q":[13.3,9.11,7.82,18.5,15.7,17.3,49.7,35.0,16.4,11.1,9.35,9.15,13.0,59.5,925,183,76.1,51.7,38.6,26.3,19.9,16.2,13.9,12.3,10.7,10.8,15.1,14.8,12.5,10.9],"latest":{"d":"2026-10-06","t":13.8,"q":10.9}}},{"type":"Feature","geometry":{"type":"Point","coordinates":[-82.96157,40.18228]},"properties":{"site":"03228805","name":"Alum Creek at Africa OH","state":"Ohio","huc":"050600011601","type":"ST","d0":"2026-09-07","t":[25.5,25.6,26.0,25.3,25.5,25.0,25.2,24.9,24.8,24.9,25.6,25.6,25.1,24.5,23.6,23.2,22.6,22.3,22.0,21.7,21.4,21.6,21.3,20.9,21.3,20.1,19.9,20.0,19.9,19.5],"q":[8.25,7.25,6.21,5.93,5.57,5.86,14.4,27.5,26.8,26.2,25.5,25.1,24.3,29.0,218,504,498,374,154,51.0,50.0,30.4,13.8,12.4,11.8,12.4,12.5,12.2,11.7,45.3],"latest":{"d":"2026-10-06","t":19.5,"q":45.3}}},{"type":"Feature","geometry":{"type":"Point","coordinates":[-83.17611,39.94444]},"properties":{"site":"03230427","name":"Clover Groff Ditch below Alton OH","state":"Ohio","huc":"050600012201","type":"ST-DCH","d0":"2026-09-07","t":[22.9,23.2,null,null,24.0,23.1,23.9,22.1,21.9,24.0,24.5,23.3,22.7,23.3,21.2,19.4,18.9,18.6,18.1,18.2,18.0,18.0,18.2,18.8,20.0,19.8,17.2,16.5,16.1,14.7],"q":[7.4,5.59,7.69,12.2,7.73,29.6,42.9,38.1,21.6,15.7,15.8,64.5,31.4,38.0,59.5,33.5,24.2,43.8,27.5,19.3,15.2,12.0,9.67,8.07,6.69,7.27,8.03,6.4,4.31,3.6],"latest":{"d":"2026-10-06","t":14.7,"q":3.6}}},{"type":"Feature","geometry":{"type":"Point","coordinates":[-83.54324,38.11536]},"properties":{"site":"03249500","name":"LICKING RIVER AT FARMERS, KY","state":"Kentucky","huc":"05100101","type":"ST","d0":"2026-09-07","t":[23.6,23.8,23.9,23.7,23.4,23.4,23.5,23.1,23.2,23.6,null,null,null,null,null,null,null,22.1,20.8,19.7,19.6,19.5,19.7,19.8,20.2,20.0,19.8,19.7,19.3,19.2],"q":[107,104,103,99.7,103,98.6,98.1,97.8,98.4,99.2,100,101,105,110,107,107,105,220,144,99.9,100,100,103,108,107,101,101,103,103,102],"latest":{"d":"2026-10-06","t":19.2,"q":102}}},{"type":"Feature","geometry":{"type":"Point","coordinates":[-83.58936,38.2473]},"properties":{"site":"03250322","name":"ROCK LICK CR AT STATE HWY 158 NR SHARKEY, KY STA D","state":"Kentucky","huc":"05100101","type":"ST","d0":"2026-09-07","t":[24.6,25.9,26.5,25.5,24.9,24.8,26.3,24.7,24.2,26.4,27.1,26.5,26.1,26.9,26.5,22.3,21.2,21.1,19.4,18.7,18.3,18.3,18.7,19.5,21.4,20.8,20.7,18.7,17.5,15.9],"q":[0.1,0.1,0.1,0.1,0.1,0.1,0.1,0.1,null,null,null,null,null,null,null,null,null,null,null,null,null,null,null,null,null,null,null,null,null,null],"latest":{"d":"2026-10-06","t":15.9,"q":null}}},{"type":"Feature","geometry":{"type":"Point","coordinates":[-84.448,38.92034]},"properties":{"site":"03254520","name":"LICKING RIVER AT HWY 536 NEAR ALEXANDRIA, KY","state":"Kentucky","huc":"05100101","type":"ST","d0":"2026-09-07","t":[27.2,27.2,27.7,28.1,27.1,26.7,26.8,26.1,25.4,26.5,27.4,27.8,27.9,28.2,28.1,26.5,25.6,23.4,22.1,21.2,20.6,20.2,20.6,20.7,21.4,22.0,20.6,20.2,19.7,18.7],"q":[131,182,148,163,207,540,430,606,520,454,384,307,237,216,null,258,null,419,200,140,215,169,230,196,149,143,147,121,87.6,171],"latest":{"d":"2026-10-06","t":18.7,"q":171}}},{"type":"Feature","geometry":{"type":"Point","coordinates":[-84.90715,39.8067]},"properties":{"site":"03275500","name":"EAST FORK WHITEWATER RIVER AT RICHMOND, IN","state":"Indiana","huc":"05080003","type":"ST","d0":"2026-09-07","t":[21.7,21.8,22.8,22.7,22.0,22.1,22.1,20.2,20.5,22.7,22.7,22.2,21.6,22.3,20.3,19.1,18.3,17.8,16.8,16.8,16.7,16.9,17.3,17.6,18.6,18.8,16.8,16.6,16.2,15.2],"q":[95.3,90.3,87.0,89.5,91.0,140,104,89.0,84.3,447,284,170,131,136,444,311,205,166,143,127,118,110,102,98.0,91.9,158,166,130,112,100],"latest":{"d":"2026-10-06","t":15.2,"q":100}}},{"type":"Feature","geometry":{"type":"Point","coordinates":[-84.97239,38.77525]},"properties":{"site":"03277200","name":"OHIO RIVER AT MARKLAND DAM NEAR WARSAW, KY","state":"Kentucky","huc":"05090203","type":"ST","d0":"2026-09-07","t":[27.3,27.1,27.1,27.2,27.3,27.2,27.0,26.7,26.4,26.2,26.3,26.4,26.4,26.4,26.2,25.1,24.7,24.0,23.2,22.4,22.0,21.7,21.5,21.4,21.4,21.4,21.5,21.3,21.3,21.2],"q":[77600,63500,54200,47300,119000,118000,96600,110000,119000,118000,82300,64400,66300,87600,136000,206000,250000,228000,186000,183000,159000,114000,86100,76500,65600,51000,38000,41800,36400,34900],"latest":{"d":"2026-10-06","t":21.2,"q":34900},"sensor":"Upstream Hydro Side"}},{"type":"Feature","geometry":{"type":"Point","coordinates":[-84.87411,38.21133]},"properties":{"site":"03287500","name":"KENTUCKY RIVER AT LOCK 4 AT FRANKFORT, KY","state":"Kentucky","huc":"05100205","type":"ST","d0":"2026-09-07","t":[27.7,27.6,27.8,27.7,27.3,27.1,27.2,27.0,26.9,27.4,27.8,27.9,27.8,27.9,27.7,26.6,25.8,25.3,24.8,24.4,24.1,23.8,23.7,23.7,23.7,23.6,23.2,23.0,22.6,22.2],"q":[466,520,389,507,677,688,786,610,577,599,480,434,506,476,399,374,316,398,282,287,818,1580,1610,1100,588,625,410,388,383,351],"latest":{"d":"2026-10-06","t":22.2,"q":351}}},{"type":"Feature","geometry":{"type":"Point","coordinates":[-84.62633,38.04313]},"properties":{"site":"03289000","name":"SOUTH ELKHORN CREEK AT FORT SPRING, KY","state":"Kentucky","huc":"05100205","type":"ST","d0":"2026-09-07","t":[22.3,23.2,24.1,23.9,23.2,22.9,23.2,22.4,21.8,23.6,24.6,24.6,24.4,24.7,24.1,21.5,19.8,19.5,18.6,17.4,16.3,15.9,16.3,16.6,18.0,19.4,18.7,17.7,16.2,14.9],"q":[2.7,2.07,1.71,27.2,40.2,18.6,10.5,6.94,4.89,3.54,2.61,2.24,2.63,1.97,1.55,1.31,1.34,1.5,1.33,1.04,0.84,0.87,0.82,0.67,0.58,0.58,2.66,1.44,1.0,0.79],"latest":{"d":"2026-10-06","t":14.9,"q":0.79}}},{"type":"Feature","geometry":{"type":"Point","coordinates":[-84.81467,38.26868]},"properties":{"site":"03289500","name":"ELKHORN CREEK NEAR FRANKFORT, KY","state":"Kentucky","huc":"05100205","type":"ST","d0":"2026-09-07","t":[26.2,26.7,27.7,27.2,25.7,25.2,25.9,25.1,24.9,27.0,27.8,27.3,27.1,27.9,27.4,23.9,21.8,21.5,21.3,20.9,20.1,19.9,20.4,20.9,21.9,22.3,21.4,20.8,19.7,18.5],"q":[119,105,92.5,94.3,164,440,350,239,176,146,121,114,113,100,95.0,86.7,81.6,77.3,74.1,73.4,70.2,67.3,63.7,61.6,58.4,56.1,54.9,55.4,57.1,53.7],"latest":{"d":"2026-10-06","t":18.5,"q":53.7}}},{"type":"Feature","geometry":{"type":"Point","coordinates":[-84.96326,38.43894]},"properties":{"site":"03290500","name":"KENTUCKY RIVER AT LOCK 2 AT LOCKPORT, KY","state":"Kentucky","huc":"05100205","type":"ST","d0":"2026-09-07","t":[27.8,27.7,28.0,27.6,27.5,27.3,27.5,27.2,27.4,27.7,27.9,27.9,28.2,28.4,28.0,27.1,26.2,25.7,25.5,25.2,24.8,24.3,24.2,24.3,24.6,23.9,23.8,23.4,23.0,22.8],"q":[664,786,661,768,862,1240,1390,1220,1050,913,867,746,749,802,684,667,570,602,552,490,633,1500,2070,1630,982,888,705,588,540,542],"latest":{"d":"2026-10-06","t":22.8,"q":542}}},{"type":"Feature","geometry":{"type":"Point","coordinates":[-85.60607,38.2759]},"properties":{"site":"03292474","name":"GOOSE CREEK AT OLD WESTPORT RD NR ST MATTHEWS, KY","state":"Kentucky","huc":"05140101","type":"ST","d0":"2026-09-07","t":[22.1,23.0,24.1,23.9,22.9,23.2,23.4,22.0,21.9,24.0,24.5,24.4,24.0,24.3,23.7,20.5,19.2,19.3,18.7,18.1,16.9,16.7,17.4,18.2,19.4,20.6,18.4,17.5,16.5,15.8],"q":[1.97,1.93,2.02,3.3,2.18,2.08,2.05,2.24,2.53,1.93,1.57,2.39,2.67,1.96,1.7,1.68,1.77,2.06,1.77,1.46,1.37,1.34,1.25,1.14,1.25,2.91,3.75,3.09,2.89,2.98],"latest":{"d":"2026-10-06","t":15.8,"q":2.98}}},{"type":"Feature","geometry":{"type":"Point","coordinates":[-85.62616,38.31276]},"properties":{"site":"03292480","name":"LITTLE GOOSE CREEK NEAR HARRODS CREEK, KY","state":"Kentucky","huc":"05140101","type":"ST","d0":"2026-09-07","t":[22.2,22.2,23.2,23.9,23.0,23.1,23.1,21.8,21.2,23.2,24.0,24.1,23.7,23.9,23.6,20.8,19.3,19.4,18.6,17.6,16.4,16.0,16.4,17.0,18.1,19.5,17.9,16.8,15.8,14.9],"q":[1.4,1.45,1.43,13.4,4.57,3.65,2.62,2.03,1.65,1.55,1.42,1.29,2.0,1.7,1.46,1.42,1.31,1.29,1.18,1.01,1.06,1.06,1.05,1.09,1.18,3.1,3.24,2.37,1.86,1.88],"latest":{"d":"2026-10-06","t":14.9,"q":1.88}}},{"type":"Feature","geometry":{"type":"Point","coordinates":[-85.70246,38.21146]},"properties":{"site":"03292500","name":"SOUTH FORK BEARGRASS CREEK AT LOUISVILLE, KY","state":"Kentucky","huc":"05140101","type":"ST","d0":"2026-09-07","t":[24.7,24.8,25.5,25.2,24.3,24.5,24.9,24.1,23.9,25.3,25.9,25.9,25.7,25.7,25.4,23.0,21.6,21.3,21.0,20.6,19.8,19.5,20.0,20.5,21.3,22.0,20.2,19.6,19.0,18.4],"q":[17.6,17.5,17.0,22.2,15.3,7.61,4.99,3.77,3.78,3.81,3.96,3.99,6.36,5.17,5.42,7.39,7.16,6.81,6.34,6.13,5.91,5.89,7.24,7.4,8.63,12.7,11.8,8.55,8.86,9.79],"latest":{"d":"2026-10-06","t":18.4,"q":9.79}}},{"type":"Feature","geometry":{"type":"Point","coordinates":[-85.72962,38.23368]},"properties":{"site":"03292550","name":"S FK BEARGRASS CREEK AT E OAK ST AT LOUISVILLE, KY","state":"Kentucky","huc":"05140101","type":"ST","d0":"2026-09-07","t":[23.7,23.8,24.5,24.4,24.1,24.1,24.2,22.9,23.0,24.2,24.7,null,null,24.7,23.9,21.4,20.7,20.4,null,null,null,null,18.2,18.7,19.7,19.8,19.0,18.4,17.6,16.9],"q":[2.34,2.34,2.25,15.3,14.1,7.73,3.87,2.6,2.39,2.37,2.29,2.28,2.52,2.56,1.94,2.07,2.24,2.14,1.93,1.78,1.72,1.68,1.8,1.88,1.66,2.89,3.85,2.43,2.06,2.23],"latest":{"d":"2026-10-06","t":16.9,"q":2.23}}},{"type":"Feature","geometry":{"type":"Point","coordinates":[-85.66472,38.23722]},"properties":{"site":"03293000","name":"M FK BEARGRASS AT OLD CANNONS LN AT LOUISVILLE, KY","state":"Kentucky","huc":"05140101","type":"ST","d0":"2026-09-07","t":[24.6,25.3,26.1,25.7,24.3,24.9,25.5,24.2,24.2,26.2,26.9,26.7,26.3,26.3,25.8,22.3,20.7,20.5,20.1,19.7,18.6,18.9,19.2,19.9,21.3,21.8,20.3,19.5,18.5,17.6],"q":[1.4,1.77,1.36,8.51,4.53,3.47,2.27,1.54,1.49,1.16,1.55,2.41,5.09,2.33,1.37,1.41,1.84,1.55,1.7,1.24,1.46,1.57,0.95,1.09,1.02,3.07,4.5,2.19,1.33,1.38],"latest":{"d":"2026-10-06","t":17.6,"q":1.38}}},{"type":"Feature","geometry":{"type":"Point","coordinates":[-85.7208,38.2659]},"properties":{"site":"03293510","name":"BEARGRASS CREEK AT RIVER ROAD AT LOUISVILLE, KY","state":"Kentucky","huc":"05140102","type":"ST","d0":"2026-09-07","t":[26.8,25.6,25.4,25.4,24.6,24.2,24.7,24.9,24.3,24.5,25.1,25.7,25.5,25.5,25.7,24.9,23.7,22.9,21.4,20.9,20.4,20.0,19.7,19.9,20.2,20.7,20.5,19.6,19.2,18.6],"q":[16.1,13.7,13.5,27.6,30.4,37.6,30.0,20.4,19.4,29.7,28.4,21.8,20.9,20.4,19.0,2.47,9.46,22.6,25.4,16.5,18.4,19.9,18.1,22.8,18.8,14.2,20.6,19.8,17.8,18.5],"latest":{"d":"2026-10-06","t":18.6,"q":18.5}}},{"type":"Feature","geometry":{"type":"Point","coordinates":[-85.64111,37.99111]},"properties":{"site":"03297800","name":"CEDAR CREEK AT HWY 1442 NEAR SHEPHERDSVILLE, KY","state":"Kentucky","huc":"05140102","type":"ST","d0":"2026-09-07","t":[21.4,22.9,23.7,24.0,23.2,23.4,23.4,22.2,22.1,24.0,24.6,24.4,24.0,24.2,23.6,20.8,19.6,19.7,18.4,19.5,19.2,19.4,19.9,17.5,17.9,19.6,17.9,18.0,15.4,14.0],"q":[0.36,0.57,0.59,1.05,20.1,5.03,2.01,1.23,0.86,0.6,0.41,0.38,1.63,0.79,0.54,0.42,0.37,0.38,0.39,0.76,0.79,0.71,0.67,0.2,0.17,0.22,0.36,0.44,0.3,0.27],"latest":{"d":"2026-10-06","t":14.0,"q":0.27}}},{"type":"Feature","geometry":{"type":"Point","coordinates":[-85.46746,38.28535]},"properties":{"site":"03297900","name":"FLOYDS FORK NEAR PEWEE VALLEY, KY","state":"Kentucky","huc":"05140102","type":"ST","d0":"2026-09-07","t":[25.0,24.6,25.1,25.4,24.4,24.4,24.5,24.1,23.4,24.5,25.1,25.3,24.4,25.4,25.1,23.4,21.5,20.8,20.0,19.3,18.4,17.7,17.7,17.9,18.6,19.6,19.0,18.4,17.7,16.6],"q":[23.9,17.9,16.9,37.0,39.1,24.4,21.5,21.7,18.9,16.4,15.1,21.5,109,40.4,27.9,21.4,17.6,15.9,14.9,14.8,14.3,13.7,13.6,15.1,18.5,20.0,28.3,31.1,30.3,30.8],"latest":{"d":"2026-10-06","t":16.6,"q":30.8}}},{"type":"Feature","geometry":{"type":"Point","coordinates":[-85.46024,38.1884]},"properties":{"site":"03298000","name":"FLOYDS FORK AT FISHERVILLE, KY","state":"Kentucky","huc":"05140102","type":"ST","d0":"2026-09-07","t":[26.0,26.0,26.9,26.6,25.3,25.3,25.9,25.2,24.8,26.6,27.4,27.2,26.4,26.3,26.0,23.5,21.5,21.1,20.8,20.3,19.4,19.2,19.5,20.2,21.3,21.8,20.8,19.8,18.7,17.8],"q":[null,null,null,null,76.9,57.8,42.4,35.8,30.2,27.2,27.1,27.9,115,62.7,32.8,22.4,15.5,13.2,12.0,10.3,10.7,10.8,13.0,12.7,16.7,20.3,24.4,27.0,30.3,30.2],"latest":{"d":"2026-10-06","t":17.8,"q":30.2}}},{"type":"Feature","geometry":{"type":"Point","coordinates":[-85.54218,38.16007]},"properties":{"site":"03298150","name":"CHENOWETH RUN AT GELHAUS LANE NEAR FERN CREEK, KY","state":"Kentucky","huc":"05140102","type":"ST","d0":"2026-09-07","t":[24.0,24.7,26.1,25.1,23.9,24.7,25.1,23.7,23.8,26.2,26.4,26.4,26.0,26.1,25.4,21.5,20.2,20.4,20.2,19.6,18.4,18.3,19.1,19.6,20.7,21.0,19.6,18.4,17.6,16.9],"q":[3.23,4.22,3.17,22.5,19.3,9.16,5.99,4.76,4.01,3.9,3.7,6.75,9.76,4.94,4.2,3.7,3.56,3.63,3.65,3.3,3.09,4.02,3.15,2.89,3.0,5.36,5.98,3.95,3.46,3.26],"latest":{"d":"2026-10-06","t":16.9,"q":3.26}}},{"type":"Feature","geometry":{"type":"Point","coordinates":[-85.55496,38.08534]},"properties":{"site":"03298200","name":"FLOYDS FORK NEAR MT WASHINGTON, KY","state":"Kentucky","huc":"05140102","type":"ST","d0":"2026-09-07","t":[25.9,26.1,26.9,26.9,25.1,25.4,25.9,25.4,24.9,26.6,27.5,27.6,27.3,27.2,26.8,24.2,22.0,21.4,21.1,20.5,19.4,19.0,19.3,19.8,20.7,21.5,20.8,19.8,18.6,17.5],"q":[16.3,15.5,17.0,37.2,102,82.7,48.6,35.0,29.0,24.6,21.3,20.1,71.6,119,54.8,36.6,28.9,24.1,22.0,19.3,16.8,16.2,16.8,16.0,14.3,14.9,17.3,17.7,16.7,15.8],"latest":{"d":"2026-10-06","t":17.5,"q":15.8}}},{"type":"Feature","geometry":{"type":"Point","coordinates":[-85.61607,38.07923]},"properties":{"site":"03298250","name":"CEDAR CREEK AT THIXTON ROAD NEAR LOUISVILLE, KY","state":"Kentucky","huc":"05140102","type":"ST","d0":"2026-09-07","t":[23.1,23.7,24.6,24.5,23.6,24.0,24.0,22.8,22.7,24.5,25.1,25.1,24.6,24.8,24.3,21.5,20.4,20.6,20.0,19.2,18.2,18.1,18.7,19.4,20.4,21.2,19.8,18.8,17.8,17.0],"q":[11.2,10.7,10.0,11.2,34.0,19.7,14.6,12.7,11.9,11.6,11.6,11.3,12.8,11.6,11.2,10.8,11.0,12.0,10.6,10.5,10.3,10.6,9.9,9.82,9.82,10.7,11.5,11.0,10.5,10.3],"latest":{"d":"2026-10-06","t":17.0,"q":10.3}}},{"type":"Feature","geometry":{"type":"Point","coordinates":[-85.6425,38.0875]},"properties":{"site":"03298300","name":"PENN RUN AT MT WASHINGTON RD NR LOUISVILLE, KY","state":"Kentucky","huc":"05140102","type":"ST","d0":"2026-09-07","t":[22.3,22.5,23.5,23.8,24.9,25.4,24.6,22.9,21.9,23.5,24.1,24.2,24.2,23.9,23.7,21.3,20.2,20.2,19.5,18.6,17.3,17.1,17.5,17.9,19.0,20.0,18.9,17.8,16.7,15.7],"q":[1.06,1.0,0.99,1.63,16.7,5.01,2.59,1.8,1.53,1.61,1.61,1.77,2.01,1.66,1.45,1.23,1.16,1.36,1.45,1.34,1.33,1.34,1.27,1.29,1.16,1.38,1.78,1.75,1.7,1.62],"latest":{"d":"2026-10-06","t":15.7,"q":1.62}}},{"type":"Feature","geometry":{"type":"Point","coordinates":[-85.6788,38.1492]},"properties":{"site":"03301940","name":"NORTHERN DITCH AT OKOLONA, KY","state":"Kentucky","huc":"05140102","type":"ST","d0":"2026-09-07","t":[25.8,26.4,26.9,25.2,24.1,24.1,24.7,23.9,23.8,25.6,26.3,26.3,26.2,26.3,25.7,22.3,20.6,20.5,20.6,20.1,18.8,18.6,19.1,19.8,21.0,21.7,20.4,18.9,17.9,17.4],"q":[1.94,1.64,1.84,7.14,36.5,8.36,4.76,3.37,2.82,3.13,3.33,3.6,4.38,4.09,3.47,3.04,3.76,4.74,4.66,4.29,4.83,4.2,3.8,3.67,3.15,5.41,7.49,8.1,8.19,8.17],"latest":{"d":"2026-10-06","t":17.4,"q":8.17}}},{"type":"Feature","geometry":{"type":"Point","coordinates":[-85.7958,38.11979]},"properties":{"site":"03302000","name":"POND CREEK NEAR LOUISVILLE, KY","state":"Kentucky","huc":"05140102","type":"ST","d0":"2026-09-07","t":[26.7,26.4,27.2,27.1,25.2,25.7,26.5,25.8,25.4,27.3,28.3,28.1,27.2,27.8,27.3,24.7,21.8,21.3,21.1,21.0,20.2,19.7,20.0,20.5,21.5,22.6,21.2,20.3,19.3,18.4],"q":[7.08,6.74,6.57,30.2,166,47.4,20.1,14.0,11.6,9.77,10.1,11.9,20.2,10.1,8.53,7.54,9.95,14.1,10.1,8.91,7.89,7.63,7.89,7.6,7.57,15.1,15.6,8.46,6.48,5.86],"latest":{"d":"2026-10-06","t":18.4,"q":5.86}}},{"type":"Feature","geometry":{"type":"Point","coordinates":[-85.87163,38.05424]},"properties":{"site":"03302030","name":"POND CREEK AT PENDLETON ROAD NEAR LOUISVILLE, KY","state":"Kentucky","huc":"05140102","type":"ST","d0":"2026-09-07","t":[25.2,25.2,26.0,26.1,25.2,25.0,25.4,24.8,24.5,26.0,26.5,26.3,25.9,26.4,26.0,23.4,21.8,21.5,21.1,20.4,19.1,18.6,18.8,19.2,20.1,21.1,20.2,19.4,18.2,17.1],"q":[7.39,7.93,8.16,null,null,null,null,13.5,null,null,null,40.8,27.5,10.2,6.72,5.89,6.53,13.9,11.3,11.7,13.0,14.1,17.1,20.3,23.9,28.9,41.6,30.3,29.6,35.3],"latest":{"d":"2026-10-06","t":17.1,"q":35.3}}},{"type":"Feature","geometry":{"type":"Point","coordinates":[-85.85727,38.04693]},"properties":{"site":"03302050","name":"BRIER CREEK AT PENDELTON ROAD NEAR LOUISVILLE, KY","state":"Kentucky","huc":"05140102","type":"ST","d0":"2026-09-07","t":[23.8,23.7,24.6,24.6,23.8,24.0,24.5,23.8,23.2,24.6,25.2,25.0,24.8,24.9,24.6,22.3,20.9,20.8,20.6,20.1,18.8,18.4,18.7,19.0,19.7,20.6,19.8,18.9,17.9,17.0],"q":[1.25,1.2,1.21,1.38,2.81,1.36,1.1,1.28,1.23,1.15,1.14,1.55,1.85,1.27,1.29,1.38,1.46,1.61,1.61,1.61,1.58,1.57,1.57,1.59,1.56,1.69,1.73,1.76,1.74,1.68],"latest":{"d":"2026-10-06","t":17.0,"q":1.68}}},{"type":"Feature","geometry":{"type":"Point","coordinates":[-85.40407,37.12548]},"properties":{"site":"03307000","name":"RUSSELL CREEK NEAR COLUMBIA, KY","state":"Kentucky","huc":"05110001","type":"ST","d0":"2026-09-07","t":[24.4,26.0,26.7,25.4,26.3,26.1,26.4,26.4,26.1,27.2,27.6,27.3,26.4,26.8,26.7,23.0,20.8,20.6,18.9,17.9,15.9,16.1,16.9,18.7,21.6,21.8,19.4,19.5,16.3,14.6],"q":[11.2,10.3,9.99,13.8,67.8,55.6,40.0,26.0,20.6,17.5,15.8,14.5,13.8,14.4,13.4,13.8,12.2,12.4,12.3,12.2,12.5,11.8,10.9,10.0,9.1,9.3,9.44,11.4,9.49,9.07],"latest":{"d":"2026-10-06","t":14.6,"q":9.07}}},{"type":"Feature","geometry":{"type":"Point","coordinates":[-87.40973,37.85838]},"properties":{"site":"03321500","name":"GREEN RIVER AT LOCK 1 AT SPOTTSVILLE, KY","state":"Kentucky","huc":"05110005","type":"ST","d0":"2026-09-07","t":[29.2,29.4,28.8,28.2,28.3,28.3,28.2,28.4,28.6,28.4,28.5,28.7,28.9,28.8,28.6,28.0,27.3,26.9,26.3,26.4,25.9,25.7,25.7,25.6,25.5,25.2,25.0,24.7,24.4,24.4],"q":[765,864,863,814,950,1130,null,1400,1560,1530,1390,1280,1140,1030,950,915,null,null,null,null,null,null,null,997,823,null,934,873,787,756],"latest":{"d":"2026-10-06","t":24.4,"q":756}}},{"type":"Feature","geometry":{"type":"Point","coordinates":[-86.26025,39.94642]},"properties":{"site":"03353200","name":"EAGLE CREEK AT ZIONSVILLE, IN","state":"Indiana","huc":"05120201","type":"ST","d0":"2026-09-07","t":[22.8,22.5,23.5,23.1,22.4,22.6,22.7,20.9,21.3,23.6,24.5,23.5,23.1,23.6,20.9,18.9,18.0,18.1,17.9,17.6,16.9,17.2,17.7,18.2,19.6,19.5,17.1,16.6,16.3,15.6],"q":[16.6,16.9,15.9,15.6,15.4,15.4,15.9,14.5,13.5,12.7,14.4,61.1,36.3,26.1,65.3,63.4,41.3,32.2,26.4,22.4,19.6,19.2,16.7,17.3,14.3,19.1,17.2,15.3,14.2,13.0],"latest":{"d":"2026-10-06","t":15.6,"q":13.0}}},{"type":"Feature","geometry":{"type":"Point","coordinates":[-86.20053,39.71448]},"properties":{"site":"03353611","name":"WHITE R. AT STOUT GEN. STN. AT INDIANAPOLIS, IN","state":"Indiana","huc":"05120201","type":"ST","d0":"2026-09-07","t":[26.6,26.1,26.2,26.1,26.0,25.6,25.4,24.9,24.7,25.5,26.4,26.4,26.3,26.3,24.7,22.6,21.6,21.0,20.5,20.7,20.9,21.1,21.2,21.4,21.8,22.0,20.5,20.5,20.7,20.3],"q":[587,531,450,434,414,633,667,538,461,382,353,503,614,508,781,860,645,577,548,415,371,335,354,357,397,578,622,556,432,439],"latest":{"d":"2026-10-06","t":20.3,"q":439}}},{"type":"Feature","geometry":{"type":"Point","coordinates":[-86.40053,39.49754]},"properties":{"site":"03354000","name":"WHITE RIVER NEAR CENTERTON, IN","state":"Indiana","huc":"05120201","type":"ST","d0":"2026-09-07","t":[25.7,25.4,26.1,25.7,25.2,25.1,25.3,23.9,24.0,25.7,26.5,26.5,26.2,26.4,24.2,21.5,20.8,20.3,20.3,20.7,20.4,20.4,20.9,21.4,22.1,22.1,20.5,20.1,20.1,19.6],"q":[1330,1300,1210,1150,1130,1300,1570,1340,1200,1110,1130,1070,1270,1250,1390,1920,1590,1340,1280,1170,1100,null,936,951,934,1140,1390,1210,1080,1010],"latest":{"d":"2026-10-06","t":19.6,"q":1010}}},{"type":"Feature","geometry":{"type":"Point","coordinates":[-87.55001,38.48977]},"properties":{"site":"03374100","name":"WHITE RIVER AT HAZLETON, IN","state":"Indiana","huc":"05120202","type":"ST","d0":"2026-09-07","t":[28.2,27.4,27.3,26.9,26.2,26.2,26.5,26.0,25.9,26.7,27.4,27.8,27.9,27.7,26.9,24.9,23.1,22.0,21.8,21.9,21.7,21.3,21.5,21.7,22.1,22.2,21.1,20.8,20.6,20.2],"q":[6710,6110,5670,5680,5350,5400,4990,4870,4820,4760,4660,4460,4230,4510,4430,4600,4680,4710,4710,4620,4410,4200,4020,3840,3650,3550,3360,3270,3130,3090],"latest":{"d":"2026-10-06","t":20.2,"q":3090}}},{"type":"Feature","geometry":{"type":"Point","coordinates":[-87.94141,38.13089]},"properties":{"site":"03378500","name":"WABASH RIVER AT NEW HARMONY, IN","state":"Indiana","huc":"05120113","type":"ST","d0":"2026-09-07","t":[28.2,27.8,27.7,null,null,26.3,26.5,26.2,26.1,26.7,27.3,27.7,27.8,27.8,27.4,25.5,23.7,22.7,22.1,22.0,21.8,21.4,21.3,21.6,22.0,22.1,21.3,21.1,20.9,20.6],"q":[23400,21800,20200,19400,18400,18600,18200,16300,14800,13500,12500,11600,11000,10800,11400,14900,17200,16900,16900,17800,17800,17200,16500,15700,14800,14400,13900,13400,12900,12800],"latest":{"d":"2026-10-06","t":20.6,"q":12800}}},{"type":"Feature","geometry":{"type":"Point","coordinates":[-83.2574,36.75231]},"properties":{"site":"03400800","name":"MARTINS FORK NEAR SMITH, KY","state":"Kentucky","huc":"05130101","type":"ST","d0":"2026-09-07","t":[25.5,25.4,25.7,25.2,25.7,25.1,25.7,25.6,25.6,25.8,25.8,25.5,25.2,25.5,25.6,24.9,24.6,23.7,23.2,22.7,22.6,22.4,22.4,22.4,22.1,22.2,22.2,22.0,21.9,22.0],"q":[11.8,11.8,11.8,11.9,11.9,12.2,11.9,11.9,11.9,12.0,12.0,12.2,12.7,12.2,12.5,12.9,16.0,221,157,76.4,76.0,122,170,123,52.0,52.4,52.6,52.8,112,167],"latest":{"d":"2026-10-06","t":22.0,"q":167}}},{"type":"Feature","geometry":{"type":"Point","coordinates":[-86.63276,36.18648]},"properties":{"site":"03430200","name":"STONES RIVER AT US HWY 70 NEAR DONELSON, TN","state":"Tennessee","huc":"051302030309","type":"ST","d0":"2026-09-07","t":[27.0,26.6,27.8,28.0,27.8,28.0,27.5,27.8,27.5,28.3,29.1,28.7,27.9,27.6,28.0,27.1,23.9,23.5,23.9,23.0,22.1,21.3,21.6,22.2,23.4,24.3,22.6,22.2,22.0,20.8],"q":[-56.2,-41.8,-48.2,-46.6,-47.2,-53.0,-61.2,-57.8,-62.6,-71.8,-57.3,-82.1,-71.1,-66.1,-68.3,-76.6,-57.5,-58.6,-55.1,-51.4,-51.4,-49.9,-53.3,-51.2,-48.7,-8.94,-11.6,-29.5,-40.5,-46.1],"latest":{"d":"2026-10-06","t":20.8,"q":-46.1}}},{"type":"Feature","geometry":{"type":"Point","coordinates":[-86.69888,35.8326]},"properties":{"site":"03432100","name":"HARPETH RIVER AT MCDANIEL, TN","state":"Tennessee","huc":"051302040103","type":"ST","d0":"2026-09-07","t":[26.4,26.2,26.2,26.2,25.9,26.0,25.3,25.7,25.8,26.1,26.3,26.4,26.4,26.4,26.5,26.0,23.8,22.9,22.1,20.9,20.3,19.2,18.9,19.4,20.6,22.2,21.5,21.4,20.8,19.6],"q":[0.29,0.22,0.17,0.13,0.1,0.07,0.03,null,null,null,null,null,null,null,null,null,null,null,null,null,null,null,null,null,null,null,null,null,null,null],"latest":{"d":"2026-10-06","t":19.6,"q":null}}},{"type":"Feature","geometry":{"type":"Point","coordinates":[-86.84289,35.89984]},"properties":{"site":"0343233905","name":"HARPETH RIVER AT MILE 90.5 NEAR FRANKLIN, TN","state":"Tennessee","huc":"051302040105","type":"ST","d0":"2026-09-07","t":[26.6,26.5,null,null,null,null,null,null,null,null,null,null,null,null,null,null,null,null,22.0,21.0,20.7,19.4,19.3,19.8,21.0,22.3,21.6,21.6,20.9,19.6],"q":[32.3,14.6,10.6,9.08,8.6,7.59,7.42,7.57,7.48,5.98,5.99,4.88,4.64,4.54,4.62,4.79,4.0,4.21,3.9,4.06,4.79,5.08,4.55,3.82,3.33,7.26,11.1,14.0,10.4,8.91],"latest":{"d":"2026-10-06","t":19.6,"q":8.91}}},{"type":"Feature","geometry":{"type":"Point","coordinates":[-86.9285,36.0546]},"properties":{"site":"03433500","name":"HARPETH RIVER AT BELLEVUE, TN","state":"Tennessee","huc":"051302040603","type":"ST","d0":"2026-09-07","t":[27.9,27.8,28.2,28.2,28.2,28.2,27.6,28.0,28.0,28.2,28.5,28.5,28.1,27.9,28.0,26.4,23.8,23.4,23.2,22.2,21.8,20.6,20.5,20.9,21.9,22.8,21.9,21.9,21.3,20.2],"q":[47.6,46.5,46.0,42.7,49.0,43.6,39.5,36.4,34.9,35.0,35.4,28.2,28.2,27.9,31.3,30.0,25.5,29.9,25.3,25.6,27.0,28.6,27.7,26.8,25.7,31.3,72.4,88.8,63.8,53.6],"latest":{"d":"2026-10-06","t":20.2,"q":53.6}}},{"type":"Feature","geometry":{"type":"Point","coordinates":[-82.595,35.39806]},"properties":{"site":"03446000","name":"MILLS RIVER NEAR MILLS RIVER, NC","state":"North Carolina","huc":"06010105","type":"ST","d0":"2026-09-07","t":[20.9,20.7,20.8,21.0,21.3,21.1,21.6,21.2,20.7,21.7,22.0,22.0,21.9,21.3,21.2,19.6,18.8,17.4,17.3,15.9,15.4,15.6,15.8,16.4,16.9,17.2,18.1,18.4,18.3,16.3],"q":[64.3,57.4,48.1,48.3,46.0,46.2,47.9,44.2,42.4,42.9,41.4,39.2,41.1,48.7,46.3,188,75.1,68.9,61.8,49.9,44.2,42.1,44.7,44.1,42.8,42.3,44.0,58.4,46.3,44.9],"latest":{"d":"2026-10-06","t":16.3,"q":44.9}}},{"type":"Feature","geometry":{"type":"Point","coordinates":[-82.5525,35.42917]},"properties":{"site":"03447687","name":"FRENCH BROAD RIVER NEAR FLETCHER, NC","state":"North Carolina","huc":"06010105","type":"ST","d0":"2026-09-07","t":[23.0,22.4,22.7,23.2,23.7,23.6,23.6,23.6,23.1,23.3,24.1,24.4,24.2,23.1,23.3,22.0,20.4,19.1,18.8,18.0,17.5,17.5,17.7,18.3,18.8,19.3,20.2,20.3,19.8,18.7],"q":[654,566,493,446,414,402,446,441,390,374,363,352,464,579,546,969,1300,781,704,594,507,458,428,401,390,378,542,1330,795,553],"latest":{"d":"2026-10-06","t":18.7,"q":553}}},{"type":"Feature","geometry":{"type":"Point","coordinates":[-82.59694,35.56139]},"properties":{"site":"0344878100","name":"HOMINY CREEK NR WEST ASHEVILLE, NC","state":"North Carolina","huc":"06010105","type":"ST","d0":"2026-09-07","t":[23.2,22.6,22.8,23.0,23.6,23.6,23.9,23.5,23.4,24.1,24.2,24.1,23.9,23.5,23.4,22.2,21.1,19.4,19.2,17.7,17.7,17.5,17.7,18.1,18.8,19.5,20.2,20.1,19.8,17.9],"q":[37.1,35.4,33.5,32.2,31.2,30.9,32.5,30.9,30.1,30.1,29.3,28.4,27.8,30.5,30.5,38.5,34.6,33.5,33.2,36.2,35.0,30.0,28.8,28.3,27.8,28.2,27.4,29.0,29.5,27.8],"latest":{"d":"2026-10-06","t":17.9,"q":27.8}}},{"type":"Feature","geometry":{"type":"Point","coordinates":[-82.33242,35.68569]},"properties":{"site":"0344894205","name":"NORTH FORK SWANNANOA RIVER NEAR WALKERTOWN, NC","state":"North Carolina","huc":"06010105","type":"ST","d0":"2026-09-07","t":[19.8,19.7,19.5,19.8,20.0,19.8,20.0,20.0,20.0,20.3,19.9,20.1,20.0,19.9,19.8,19.7,18.6,18.2,18.0,17.3,16.9,17.1,17.3,17.5,17.6,17.7,17.9,17.7,17.4,16.8],"q":[6.26,6.04,5.98,5.7,5.42,5.41,5.44,5.23,5.06,5.0,4.79,4.68,6.28,6.53,7.86,8.28,42.3,13.2,9.79,7.85,6.71,6.2,5.93,5.77,5.56,5.38,5.79,7.38,5.96,5.37],"latest":{"d":"2026-10-06","t":16.8,"q":5.37}}},{"type":"Feature","geometry":{"type":"Point","coordinates":[-82.57806,35.60889]},"properties":{"site":"03451500","name":"FRENCH BROAD RIVER AT ASHEVILLE, NC","state":"North Carolina","huc":"06010105","type":"ST","d0":"2026-09-07","t":[24.9,24.0,24.2,24.8,25.6,25.5,25.3,25.2,25.1,25.5,25.9,25.9,25.8,24.8,24.6,24.1,22.0,20.1,19.9,18.9,18.3,18.4,19.1,19.8,20.5,21.2,21.8,21.0,20.5,19.4],"q":[801,755,681,619,583,559,589,602,555,531,515,506,522,872,683,1000,1540,1060,878,797,694,623,589,565,550,538,546,1590,1010,773],"latest":{"d":"2026-10-06","t":19.4,"q":773}}},{"type":"Feature","geometry":{"type":"Point","coordinates":[-82.9375,35.39611]},"properties":{"site":"03455500","name":"W F PIGEON R ABOVE LAKE LOGAN NR HAZELWOOD, NC","state":"North Carolina","huc":"06010106","type":"ST","d0":"2026-09-07","t":[19.3,18.5,18.1,18.2,18.3,18.5,18.4,18.6,18.6,18.8,18.7,18.9,19.1,18.5,18.4,17.7,16.9,16.3,15.8,14.0,12.9,13.0,13.2,13.8,14.5,15.5,16.1,16.6,16.5,14.6],"q":[27.8,24.9,22.7,21.7,20.9,22.7,25.5,21.1,20.2,19.9,19.2,18.4,19.6,20.3,19.2,45.9,34.7,41.4,27.0,21.3,19.0,18.4,18.1,17.8,17.4,17.1,16.9,19.5,17.9,16.5],"latest":{"d":"2026-10-06","t":14.6,"q":16.5}}},{"type":"Feature","geometry":{"type":"Point","coordinates":[-82.84806,35.52194]},"properties":{"site":"03456991","name":"PIGEON RIVER NEAR CANTON, NC","state":"North Carolina","huc":"06010106","type":"ST","d0":"2026-09-07","t":[23.1,22.5,22.4,22.8,23.0,23.0,23.0,22.6,22.9,23.3,23.2,23.2,23.2,22.7,22.3,21.7,20.4,19.2,19.3,18.0,16.9,16.8,17.2,17.7,18.4,19.3,19.7,20.1,20.0,18.2],"q":[77.7,84.0,76.1,72.6,69.4,68.8,73.0,69.6,67.8,66.1,64.5,63.3,70.5,79.6,76.3,86.0,98.2,94.4,94.1,78.6,70.8,66.9,64.9,63.3,63.1,61.6,61.6,63.3,63.8,61.4],"latest":{"d":"2026-10-06","t":18.2,"q":61.4}}},{"type":"Feature","geometry":{"type":"Point","coordinates":[-83.07278,35.66722]},"properties":{"site":"03460000","name":"CATALOOCHEE CREEK NEAR CATALOOCHEE, NC","state":"North Carolina","huc":"06010106","type":"ST","d0":"2026-09-07","t":[18.8,17.8,17.5,17.4,17.7,18.1,18.0,17.8,17.8,18.2,18.3,18.5,18.6,18.6,18.0,17.4,16.9,16.2,15.6,13.5,12.5,12.4,12.5,13.3,13.9,14.8,15.5,16.1,16.2,14.0],"q":[64.7,63.6,62.8,61.6,60.8,61.0,62.2,58.9,58.0,57.3,56.4,62.4,75.9,58.5,66.3,117,87.6,94.0,76.4,67.8,64.1,62.2,60.9,59.7,58.5,57.7,57.7,57.9,57.2,55.6],"latest":{"d":"2026-10-06","t":14.0,"q":55.6}}},{"type":"Feature","geometry":{"type":"Point","coordinates":[-83.11194,35.78361]},"properties":{"site":"03460795","name":"PIGEON R BL POWER PLANT NR WATERVILLE, NC","state":"North Carolina","huc":"06010106","type":"ST","d0":"2026-09-07","t":[23.3,23.1,23.2,23.2,23.7,23.3,23.1,23.1,23.3,23.4,23.4,23.4,23.3,23.3,23.2,22.2,22.1,20.8,20.4,20.4,19.9,19.9,19.9,19.9,null,null,null,null,null,null],"q":[133,130,169,138,400,521,166,248,240,240,237,242,476,127,277,869,500,451,397,580,215,264,309,305,207,251,246,138,245,193],"latest":{"d":"2026-09-30","t":19.9,"q":305}}},{"type":"Feature","geometry":{"type":"Point","coordinates":[-83.71128,35.66453]},"properties":{"site":"03497300","name":"LITTLE RIVER ABOVE TOWNSEND, TN","state":"Tennessee","huc":"060102010103","type":"ST","d0":"2026-09-07","t":[22.5,21.8,21.8,21.6,21.9,21.9,21.2,21.3,21.6,22.0,22.2,22.4,22.6,22.5,22.3,21.2,20.5,19.6,18.7,16.9,15.6,15.3,15.4,16.1,17.0,18.0,18.8,18.9,19.0,17.5],"q":[90.5,90.4,80.5,75.4,71.8,114,136,82.5,74.5,70.3,67.3,64.6,64.5,61.5,58.5,184,112,182,119,93.5,82.1,74.9,70.0,66.3,62.9,60.4,69.6,72.6,63.5,58.6],"latest":{"d":"2026-10-06","t":17.5,"q":58.6}}},{"type":"Feature","geometry":{"type":"Point","coordinates":[-83.35361,35.46139]},"properties":{"site":"03512000","name":"OCONALUFTEE RIVER AT BIRDTOWN, NC","state":"North Carolina","huc":"06010203","type":"ST","d0":"2026-09-07","t":[22.0,21.2,21.5,21.2,21.4,21.2,21.2,21.1,21.5,22.2,21.9,22.0,21.8,21.8,21.6,19.5,19.0,18.0,17.4,15.7,14.8,14.9,15.3,16.1,16.7,17.9,18.1,18.5,18.7,16.9],"q":[195,189,184,177,174,173,199,172,164,162,156,161,216,172,163,750,429,652,424,293,243,219,204,195,185,180,178,180,174,164],"latest":{"d":"2026-10-06","t":16.9,"q":164}}},{"type":"Feature","geometry":{"type":"Point","coordinates":[-83.91889,35.43833]},"properties":{"site":"0351706800","name":"CHEOAH RIVER NR BEARPEN GAP NR TAPOCO, NC","state":"North Carolina","huc":"06010204","type":"ST","d0":"2026-09-07","t":[25.3,24.5,24.5,24.5,24.9,24.7,24.5,24.8,25.0,25.4,25.6,25.4,25.6,25.4,25.0,24.0,23.5,21.7,21.6,20.1,19.2,19.3,19.5,20.2,20.8,21.4,21.7,21.4,21.6,20.4],"q":[105,101,106,96.6,98.5,114,109,99.7,97.7,95.6,93.6,92.8,91.6,90.4,89.5,111,211,157,110,101,96.9,97.0,102,99.6,96.1,94.6,98.3,97.0,95.6,94.1],"latest":{"d":"2026-10-06","t":20.4,"q":94.1}}},{"type":"Feature","geometry":{"type":"Point","coordinates":[-86.5397,35.13456]},"properties":{"site":"03582000","name":"ELK RIVER ABOVE FAYETTEVILLE, TN","state":"Tennessee","huc":"060300030706","type":"ST","d0":"2026-09-07","t":[25.2,24.8,24.7,24.6,24.4,24.4,24.2,24.1,24.4,24.6,24.7,24.7,24.7,24.4,24.3,23.9,22.9,22.1,21.6,20.5,19.9,19.0,18.6,18.8,19.4,20.4,20.7,19.9,19.7,19.2],"q":[311,278,269,267,265,267,273,266,263,260,257,255,257,256,282,268,259,260,261,254,249,249,254,248,247,249,298,359,319,281],"latest":{"d":"2026-10-06","t":19.2,"q":281}}},{"type":"Feature","geometry":{"type":"Point","coordinates":[-87.8328,35.49591]},"properties":{"site":"03604000","name":"BUFFALO RIVER NEAR FLAT WOODS, TN","state":"Tennessee","huc":"060400040302","type":"ST","d0":"2026-09-07","t":[28.5,28.1,28.1,28.2,28.0,27.8,27.6,28.1,28.4,28.2,28.1,28.3,28.1,27.8,27.7,26.9,24.7,23.7,23.6,23.2,22.3,21.7,21.5,22.0,22.8,23.5,23.1,22.8,22.4,21.6],"q":[193,173,163,158,156,156,152,147,143,140,135,133,132,131,129,133,137,140,141,140,136,131,128,126,123,135,161,158,151,147],"latest":{"d":"2026-10-06","t":21.6,"q":147}}},{"type":"Feature","geometry":{"type":"Point","coordinates":[-89.0584,37.17922]},"properties":{"site":"03612600","name":"OHIO RIVER AT OLMSTED, IL","state":"Illinois","huc":"05140206","type":"ST","d0":"2026-09-07","t":[29.5,29.2,29.2,29.1,29.0,29.1,29.1,28.6,28.4,28.6,28.9,28.9,28.9,29.1,29.1,null,27.7,26.9,26.2,25.5,25.1,24.9,24.5,24.3,24.4,24.5,24.1,23.9,23.8,23.7],"q":[129000,136000,129000,101000,100000,123000,150000,164000,152000,160000,null,163000,129000,116000,129000,145000,163000,189000,231000,249000,249000,236000,206000,145000,124000,120000,115000,87800,88800,96300],"latest":{"d":"2026-10-06","t":23.7,"q":96300}}},{"type":"Feature","geometry":{"type":"Point","coordinates":[-89.14591,47.92139]},"properties":{"site":"04001000","name":"WASHINGTON CREEK AT WINDIGO, MI","state":"Michigan","huc":"041800000101","type":"ST","d0":"2026-09-07","t":[15.8,16.1,16.2,14.6,14.6,15.9,14.6,12.1,13.3,12.0,12.6,11.3,12.0,12.3,10.1,8.7,9.6,10.5,11.8,11.5,11.8,11.1,12.2,13.7,12.9,11.5,9.3,10.1,9.0,9.1],"q":[1.3,1.44,1.58,1.44,1.33,1.73,1.63,1.45,2.27,1.64,1.32,1.19,1.07,1.05,1.01,0.98,0.98,0.99,1.01,0.99,0.96,0.96,0.94,0.94,0.95,0.91,0.89,1.22,1.13,1.04],"latest":{"d":"2026-10-06","t":9.1,"q":1.04}}},{"type":"Feature","geometry":{"type":"Point","coordinates":[-89.68343,47.9636]},"properties":{"site":"04010510","name":"GRAND PORTAGE RIVER AT GRAND PORTAGE MN","state":"Minnesota","huc":"040101010301","type":"ST","d0":"2026-09-07","t":[17.1,17.0,16.9,17.1,16.3,17.0,15.0,13.1,14.1,13.0,13.3,12.4,12.5,12.7,10.9,10.1,10.1,10.3,11.7,11.9,12.3,12.6,13.0,14.3,13.4,11.3,9.5,10.5,8.9,9.5],"q":[0.31,0.5,null,null,null,null,null,null,null,null,null,null,null,null,null,null,null,null,null,null,null,null,null,null,null,null,null,null,null,null],"latest":{"d":"2026-10-06","t":9.5,"q":null}}},{"type":"Feature","geometry":{"type":"Point","coordinates":[-92.04,47.48111]},"properties":{"site":"04015438","name":"ST. LOUIS RIVER NEAR SKIBO, MN","state":"Minnesota","huc":"040102010203","type":"ST","d0":"2026-09-07","t":[17.6,17.8,16.8,15.8,16.8,16.4,13.8,11.6,13.0,12.7,14.7,14.1,15.0,15.0,12.6,11.4,11.4,11.6,13.3,13.4,14.5,13.2,14.6,16.0,13.6,null,null,null,9.7,10.0],"q":[1.09,1.97,2.01,null,2.13,2.54,2.12,2.74,3.68,3.73,4.15,4.39,3.97,3.46,2.78,2.3,2.05,2.02,2.09,1.89,1.88,1.75,1.9,2.06,1.87,1.65,1.54,1.47,1.46,1.47],"latest":{"d":"2026-10-06","t":10.0,"q":1.47}}},{"type":"Feature","geometry":{"type":"Point","coordinates":[-92.41838,46.70351]},"properties":{"site":"04024000","name":"ST. LOUIS RIVER AT SCANLON, MN","state":"Minnesota","huc":"040102011503","type":"ST","d0":"2026-09-07","t":[22.3,22.2,22.0,21.6,21.6,21.4,20.7,19.8,19.0,18.4,18.2,17.8,17.2,16.7,16.7,16.8,16.6,16.3,16.2,16.5,16.5,16.5,16.7,16.9,17.0,16.6,16.1,15.5,15.2,15.1],"q":[446,518,501,336,443,551,548,387,562,629,630,628,632,612,499,505,423,406,405,405,405,437,449,431,408,397,409,406,410,412],"latest":{"d":"2026-10-06","t":15.1,"q":412}}},{"type":"Feature","geometry":{"type":"Point","coordinates":[-90.59,46.39472]},"properties":{"site":"04026561","name":"TYLER FORKS RIVER AT STRICKER ROAD NEAR MELLEN, WI","state":"Wisconsin","huc":"040103020203","type":"ST","d0":"2026-09-07","t":[20.6,20.4,19.9,18.6,18.4,18.9,17.1,14.5,14.4,14.2,14.9,14.6,14.5,14.3,13.1,12.3,11.7,12.1,12.9,13.4,14.2,14.3,14.7,15.7,15.7,13.7,12.0,11.6,11.0,11.7],"q":[3.05,3.09,3.0,2.81,3.35,3.43,3.51,3.43,3.83,3.91,4.19,4.51,5.03,5.16,5.62,5.91,6.42,6.95,7.13,7.45,7.61,7.98,8.23,9.1,9.93,10.3,10.3,11.0,11.7,12.6],"latest":{"d":"2026-10-06","t":11.7,"q":12.6}}},{"type":"Feature","geometry":{"type":"Point","coordinates":[-90.6963,46.48661]},"properties":{"site":"04027000","name":"BAD RIVER NEAR ODANAH, WI","state":"Wisconsin","huc":"040103020702","type":"ST","d0":"2026-09-07","t":[23.1,22.6,21.7,20.6,20.1,20.2,19.1,16.7,15.8,16.1,17.3,17.2,16.1,15.8,14.8,13.7,null,13.5,14.4,15.4,16.2,16.6,17.0,17.4,17.7,15.2,13.4,12.2,11.9,12.8],"q":[67.0,66.2,68.3,66.5,63.9,62.9,62.0,62.3,68.4,71.1,70.9,71.8,73.2,73.6,71.2,null,null,69.1,70.8,70.0,70.9,73.2,71.5,72.0,73.0,70.8,71.5,77.9,79.8,77.3],"latest":{"d":"2026-10-06","t":12.8,"q":77.3}}},{"type":"Feature","geometry":{"type":"Point","coordinates":[-89.97399,46.69609]},"properties":{"site":"04032150","name":"PRESQUE ISLE RIVER NEAR CONNORVILLE, MI","state":"Michigan","huc":"040201010310","type":"ST","d0":"2026-09-07","t":[22.6,21.5,21.4,20.1,19.6,20.3,17.3,14.9,16.2,16.2,17.2,16.1,15.7,15.6,14.1,13.5,13.8,14.1,15.7,16.0,15.5,16.0,16.2,17.5,17.0,13.9,11.2,12.5,11.9,12.8],"q":[46.1,51.7,46.1,43.9,39.3,38.6,35.6,36.6,54.1,41.8,41.0,41.4,40.6,39.2,38.4,37.4,36.9,35.9,35.2,34.6,34.9,34.5,34.7,35.2,33.4,31.4,33.0,40.0,38.0,37.1],"latest":{"d":"2026-10-06","t":12.8,"q":37.1}}},{"type":"Feature","geometry":{"type":"Point","coordinates":[-89.546,46.83228]},"properties":{"site":"040325155","name":"MINERAL RIVER DS OF NATIVE CK NR SILVER CITY, MI","state":"Michigan","huc":"040201010107","type":"ST","d0":"2026-09-07","t":[18.9,19.7,19.6,18.2,16.7,18.0,14.9,12.1,15.0,14.5,15.5,14.2,13.3,13.8,10.6,9.0,9.4,9.7,11.8,12.5,12.4,12.6,13.0,null,null,null,null,null,null,null],"q":[0.05,0.81,1.45,0.74,0.24,0.1,null,null,0.36,0.69,0.3,0.14,0.07,0.01,null,null,null,null,null,null,null,null,null,null,null,null,null,null,null,null],"latest":{"d":"2026-09-29","t":13.0,"q":null}}},{"type":"Feature","geometry":{"type":"Point","coordinates":[-88.66242,46.72583]},"properties":{"site":"04041500","name":"STURGEON RIVER NEAR ALSTON, MI","state":"Michigan","huc":"040201040202","type":"ST","d0":"2026-09-07","t":[20.6,21.1,20.9,20.2,20.3,20.2,19.2,18.5,18.3,17.8,17.5,17.1,16.6,16.1,15.4,14.9,14.7,15.0,15.3,15.5,15.5,15.8,15.8,16.4,16.2,15.5,14.8,14.6,14.0,14.0],"q":[127,131,140,135,130,126,121,121,123,117,115,114,113,112,111,109,108,108,107,107,107,107,106,108,107,106,105,111,110,111],"latest":{"d":"2026-10-06","t":14.0,"q":111}}},{"type":"Feature","geometry":{"type":"Point","coordinates":[-88.55068,47.08409]},"properties":{"site":"04043016","name":"PILGRIM RIVER AT PARADISE RD NR DODGEVILLE, MI","state":"Michigan","huc":"040201030302","type":"ST","d0":"2026-09-07","t":[15.2,15.0,15.6,14.6,13.9,15.0,13.6,11.5,13.0,12.2,13.2,11.9,11.5,11.7,9.9,9.1,9.3,10.4,11.1,11.7,10.5,11.1,11.6,12.7,12.6,10.9,8.7,10.2,9.1,8.9],"q":[12.6,16.5,14.8,13.2,12.8,13.3,12.9,13.1,24.2,14.9,13.9,13.5,13.3,13.1,13.0,12.8,12.6,12.7,12.7,12.5,12.5,12.7,13.2,13.7,13.9,16.8,21.4,35.1,26.8,27.7],"latest":{"d":"2026-10-06","t":8.9,"q":27.7}}},{"type":"Feature","geometry":{"type":"Point","coordinates":[-88.44319,46.73466]},"properties":{"site":"04043097","name":"FALLS RIVER NEAR L'ANSE, MI","state":"Michigan","huc":"040201050602","type":"ST","d0":"2026-09-07","t":[16.1,16.1,16.4,15.0,15.0,16.0,13.7,11.7,13.0,12.5,12.9,12.2,11.6,11.8,9.7,8.8,9.0,9.9,11.5,11.5,11.3,null,12.9,13.6,13.4,11.3,9.1,10.4,9.1,9.8],"q":[20.7,23.7,24.8,21.1,19.8,18.8,18.3,18.2,21.2,19.3,19.2,18.9,18.8,18.6,18.4,18.1,18.0,18.2,18.0,17.7,17.5,17.9,17.6,17.5,17.4,17.1,17.2,21.0,19.5,18.8],"latest":{"d":"2026-10-06","t":9.8,"q":18.8}}},{"type":"Feature","geometry":{"type":"Point","coordinates":[-87.87763,46.78215]},"properties":{"site":"04043238","name":"SALMON TROUT RIVER NEAR BIG BAY, MI","state":"Michigan","huc":"040201050401","type":"ST","d0":"2026-09-07","t":[14.1,14.3,14.4,13.2,13.3,14.2,11.9,10.4,12.1,11.2,11.7,10.6,9.9,10.2,8.3,7.7,8.4,9.6,10.6,10.4,10.5,11.0,11.1,12.3,11.7,9.9,8.3,9.6,8.4,9.2],"q":[4.48,4.67,4.67,4.53,4.46,4.42,4.46,4.51,4.94,4.68,4.66,4.72,4.69,4.8,4.76,4.73,4.69,4.73,4.64,4.64,4.57,4.59,4.55,4.59,4.66,4.65,4.75,5.45,5.03,4.9],"latest":{"d":"2026-10-06","t":9.2,"q":4.9}}},{"type":"Feature","geometry":{"type":"Point","coordinates":[-87.85235,46.78576]},"properties":{"site":"04043244","name":"EAST BRANCH SALMON TROUT RIVER NEAR DODGE CITY, MI","state":"Michigan","huc":"040201050401","type":"ST","d0":"2026-09-07","t":[13.3,13.5,13.8,12.7,12.7,13.8,11.8,10.0,11.8,10.8,11.3,10.3,9.5,10.1,8.4,7.8,8.2,9.1,10.4,10.1,10.0,10.6,10.5,11.8,11.3,10.0,8.1,9.6,8.6,8.9],"q":[12.9,13.1,13.1,12.8,12.8,12.7,12.7,12.7,13.4,12.9,12.9,12.9,13.0,13.0,13.1,13.0,13.1,12.9,12.8,12.8,12.8,12.8,12.8,12.9,12.9,12.8,13.1,14.5,13.5,13.4],"latest":{"d":"2026-10-06","t":8.9,"q":13.4}}},{"type":"Feature","geometry":{"type":"Point","coordinates":[-87.88652,46.4991]},"properties":{"site":"04057800","name":"MIDDLE BRANCH ESCANABA RIVER AT HUMBOLDT, MI","state":"Michigan","huc":"040301100101","type":"ST","d0":"2026-09-07","t":[18.4,17.7,17.8,16.8,16.4,17.2,15.3,13.4,14.4,14.1,14.7,13.2,12.4,12.3,10.9,10.7,11.0,11.7,12.8,13.0,12.6,13.5,12.7,14.0,13.9,12.0,10.3,11.1,10.2,11.0],"q":[6.33,6.09,5.88,5.28,4.87,4.84,4.79,4.34,4.93,4.49,4.61,4.52,3.99,4.19,4.26,4.22,4.15,4.28,4.8,4.62,4.74,4.9,4.73,6.16,6.08,5.83,5.54,7.34,7.11,6.77],"latest":{"d":"2026-10-06","t":11.0,"q":6.77}}},{"type":"Feature","geometry":{"type":"Point","coordinates":[-87.21353,45.90892]},"properties":{"site":"04059000","name":"ESCANABA RIVER AT CORNELL, MI","state":"Michigan","huc":"040301100308","type":"ST","d0":"2026-09-07","t":[21.1,19.6,21.5,19.8,19.5,19.6,17.3,16.1,17.9,17.5,18.5,16.2,15.3,14.5,14.1,14.2,14.1,14.5,16.3,16.0,15.8,16.9,15.8,17.4,17.0,14.5,13.2,14.7,12.7,14.1],"q":[312,314,279,284,274,277,274,269,266,262,270,286,274,261,261,262,261,261,261,261,258,249,239,249,309,272,285,271,249,282],"latest":{"d":"2026-10-06","t":14.1,"q":282}}},{"type":"Feature","geometry":{"type":"Point","coordinates":[-88.46361,45.76361]},"properties":{"site":"04063700","name":"POPPLE RIVER NEAR FENCE, WI","state":"Wisconsin","huc":"040301080107","type":"ST","d0":"2026-09-07","t":[20.5,19.0,19.6,18.7,18.2,18.7,16.8,14.3,15.7,15.6,16.3,14.8,13.7,13.1,12.4,12.4,12.2,13.5,14.8,14.4,13.4,14.9,14.9,15.8,15.6,13.3,10.9,12.0,11.1,12.0],"q":[28.3,28.5,30.7,29.3,28.7,28.1,27.3,28.4,31.6,31.7,30.6,29.6,29.9,29.7,30.0,28.4,27.5,26.9,26.7,27.3,30.9,27.2,26.9,30.1,32.0,30.0,28.6,30.0,30.8,31.1],"latest":{"d":"2026-10-06","t":12.0,"q":31.1}}},{"type":"Feature","geometry":{"type":"Point","coordinates":[-87.74444,45.0475]},"properties":{"site":"04069500","name":"PESHTIGO RIVER AT PESHTIGO, WI","state":"Wisconsin","huc":"040301050606","type":"ST","d0":"2026-09-07","t":[23.7,23.1,23.1,23.0,22.5,22.3,21.5,20.2,19.8,19.6,19.3,18.9,18.4,17.6,16.9,16.6,16.6,16.8,17.2,17.6,17.5,18.1,18.3,18.3,18.3,17.9,17.1,16.7,16.2,15.9],"q":[347,320,362,329,301,380,408,382,303,323,267,439,398,402,296,290,310,368,366,349,322,221,264,345,446,366,304,353,332,175],"latest":{"d":"2026-10-06","t":15.9,"q":175}}},{"type":"Feature","geometry":{"type":"Point","coordinates":[-87.98389,44.86056]},"properties":{"site":"04071765","name":"OCONTO RIVER NEAR OCONTO, WI","state":"Wisconsin","huc":"040301040506","type":"ST","d0":"2026-09-07","t":[22.6,21.8,23.0,22.2,21.9,21.9,20.5,19.0,19.1,18.6,18.0,17.7,17.3,16.7,16.1,15.7,15.7,16.0,16.9,16.6,16.4,17.5,17.2,17.7,17.9,17.1,15.5,16.2,15.3,15.7],"q":[474,407,423,376,351,349,318,273,505,402,426,439,404,398,410,391,384,351,323,330,326,305,288,303,327,321,302,295,294,296],"latest":{"d":"2026-10-06","t":15.7,"q":296}}},{"type":"Feature","geometry":{"type":"Point","coordinates":[-88.95031,43.96875]},"properties":{"site":"04073500","name":"FOX RIVER AT BERLIN, WI","state":"Wisconsin","huc":"040302011106","type":"ST","d0":"2026-09-07","t":[24.5,23.7,24.1,24.1,23.6,23.4,22.0,20.4,20.0,20.1,20.0,19.2,17.9,17.6,17.1,16.8,16.7,16.8,17.2,17.4,17.4,18.1,18.9,19.4,19.6,18.6,17.4,17.2,16.8,16.8],"q":[850,840,828,809,778,767,742,721,772,802,798,834,1160,1380,1500,1550,1580,1590,1600,1590,1560,1510,1470,1420,1410,1390,1370,1340,1300,1260],"latest":{"d":"2026-10-06","t":16.8,"q":1260}}},{"type":"Feature","geometry":{"type":"Point","coordinates":[-88.84427,44.89803]},"properties":{"site":"04077630","name":"RED RIVER AT MORGAN ROAD NEAR MORGAN, WI","state":"Wisconsin","huc":"040302020505","type":"ST","d0":"2026-09-07","t":[18.8,18.4,19.1,18.3,17.4,17.8,16.3,14.3,15.2,15.1,15.6,15.3,14.6,14.2,13.4,12.8,12.7,13.2,14.5,14.1,13.5,14.6,14.8,15.3,15.9,13.7,11.6,12.5,11.6,12.0],"q":[246,180,174,156,136,126,121,120,171,170,166,161,156,159,149,136,127,121,119,117,115,114,113,118,117,120,121,120,116,109],"latest":{"d":"2026-10-06","t":12.0,"q":109}}},{"type":"Feature","geometry":{"type":"Point","coordinates":[-88.54088,44.01361]},"properties":{"site":"04082400","name":"FOX RIVER AT OSHKOSH, WI","state":"Wisconsin","huc":"040302011205","type":"ST","d0":"2026-09-07","t":[24.4,23.7,23.4,23.3,23.2,22.6,21.3,20.6,19.8,19.6,19.5,19.2,18.4,18.0,17.2,16.7,16.5,16.9,17.4,17.6,17.9,18.6,18.4,18.7,18.9,18.2,17.6,17.0,16.8,16.5],"q":[5820,5880,6770,5480,6060,8120,6840,527,9210,5710,6240,5430,6540,7730,6550,6760,6950,6160,7090,6310,7100,5200,4950,5970,6350,5490,3610,6940,2950,6150],"latest":{"d":"2026-10-06","t":16.5,"q":6150}}},{"type":"Feature","geometry":{"type":"Point","coordinates":[-88.42306,44.24806]},"properties":{"site":"04084445","name":"FOX RIVER AT APPLETON, WI","state":"Wisconsin","huc":"040302040205","type":"ST","d0":"2026-09-07","t":[24.7,23.6,23.3,23.3,22.9,22.5,21.6,20.8,20.0,20.3,20.5,20.0,19.0,18.6,17.9,17.6,17.6,18.0,18.8,19.0,18.5,18.9,19.3,19.0,18.9,18.4,18.1,17.7,17.2,16.9],"q":[6110,6300,6070,6030,6050,6000,5900,5440,6520,6310,6960,6960,7180,7070,6990,6980,6970,6630,6470,6450,6390,6340,6320,5960,5630,5460,5520,5450,5010,4380],"latest":{"d":"2026-10-06","t":16.9,"q":4380}}},{"type":"Feature","geometry":{"type":"Point","coordinates":[-88.01,44.52861]},"properties":{"site":"040851385","name":"FOX RIVER AT OIL TANK DEPOT AT GREEN BAY, WI","state":"Wisconsin","huc":"040302040405","type":"ST","d0":"2026-09-07","t":[24.8,24.5,24.1,24.2,23.9,23.5,22.7,22.0,21.0,20.6,20.3,20.1,19.7,19.1,18.2,17.5,17.3,17.6,18.1,18.5,18.7,19.1,19.3,19.3,19.5,19.2,18.6,18.1,17.7,17.5],"q":[6330,6890,5290,5850,6530,6020,5620,5420,6780,6910,6300,6310,7190,6940,7060,7060,6760,6490,6530,6490,6000,6410,6420,5910,5310,5030,5210,5750,5370,5160],"latest":{"d":"2026-10-06","t":17.5,"q":5160}}},{"type":"Feature","geometry":{"type":"Point","coordinates":[-87.90897,43.10001]},"properties":{"site":"04087000","name":"MILWAUKEE RIVER AT MILWAUKEE, WI","state":"Wisconsin","huc":"040400030606","type":"ST","d0":"2026-09-07","t":[23.2,22.5,22.8,22.6,22.7,22.8,21.2,19.3,19.5,19.7,19.4,19.3,18.5,18.0,17.5,17.0,16.6,17.1,17.4,17.2,17.0,17.3,17.7,17.8,17.9,17.2,16.1,16.0,15.5,15.5],"q":[604,540,485,410,343,288,255,230,234,234,289,287,844,1120,1030,947,850,748,655,572,488,420,368,381,786,1050,1050,931,799,670],"latest":{"d":"2026-10-06","t":15.5,"q":670}}},{"type":"Feature","geometry":{"type":"Point","coordinates":[-87.90731,42.95703]},"properties":{"site":"040871475","name":"WILSON PARK CREEK @ GMIA OUTFALL 7 @ MILWAUKEE,WI","state":"Wisconsin","huc":"040400030501","type":"ST","d0":"2026-09-07","t":[20.8,20.7,21.0,20.6,20.4,20.3,19.9,19.5,19.8,19.9,19.9,19.8,19.3,18.9,18.9,18.7,18.6,18.6,18.6,18.3,18.0,17.9,17.9,18.2,18.9,17.8,17.3,17.2,16.9,17.0],"q":[0.55,0.54,0.79,0.51,0.44,0.42,0.42,0.36,3.47,0.77,1.05,0.81,25.0,38.4,3.41,1.64,1.18,0.99,0.87,0.76,0.7,0.61,0.61,4.38,24.5,5.75,1.94,1.48,1.19,1.06],"latest":{"d":"2026-10-06","t":17.0,"q":1.06}}},{"type":"Feature","geometry":{"type":"Point","coordinates":[-85.05493,42.02418]},"properties":{"site":"04096590","name":"HOG CREEK AT CADY RD AT HODUNK, MI","state":"Michigan","huc":"040500010110","type":"ST","d0":"2026-09-07","t":[19.4,19.4,20.4,20.5,19.1,19.8,19.9,17.0,17.4,19.1,19.6,19.2,17.8,17.5,16.7,15.4,15.3,15.5,14.9,14.5,14.5,14.8,15.2,15.5,16.4,16.5,14.6,14.4,13.9,12.9],"q":[34.4,31.4,30.3,30.3,28.4,24.2,20.7,17.1,15.9,26.9,40.9,40.9,43.2,81.8,128,130,118,101,81.9,69.7,62.7,56.3,49.6,45.4,44.5,59.7,69.8,71.6,67.6,63.3],"latest":{"d":"2026-10-06","t":12.9,"q":63.3}}},{"type":"Feature","geometry":{"type":"Point","coordinates":[-85.45722,42.01109]},"properties":{"site":"040970647","name":"LITTLE PORTAGE CR AT LANE ST AT MENDON, MI","state":"Michigan","huc":"040500010902","type":"ST","d0":"2026-09-07","t":[18.5,18.4,19.2,19.0,18.0,18.9,18.6,16.2,16.8,18.0,18.4,18.2,16.4,16.8,16.2,14.9,14.6,14.9,14.1,14.0,14.0,14.5,14.9,14.7,15.9,15.9,14.2,14.1,13.4,12.6],"q":[13.3,12.7,13.0,13.8,13.6,13.0,12.6,12.2,12.9,16.6,16.2,17.6,26.0,85.3,72.6,43.3,32.7,27.9,25.2,23.7,22.3,21.3,20.5,19.8,20.2,32.1,29.9,25.8,23.3,21.9],"latest":{"d":"2026-10-06","t":12.6,"q":21.9}}},{"type":"Feature","geometry":{"type":"Point","coordinates":[-85.62856,41.94696]},"properties":{"site":"04097345","name":"PORTAGE RIVER AT FIFTH AVENUE AT THREE RIVERS, MI","state":"Michigan","huc":"040500010506","type":"ST","d0":"2026-09-07","t":[21.9,22.0,22.3,22.0,21.1,22.2,22.2,19.7,19.7,20.9,21.0,21.0,19.4,18.5,18.3,17.4,17.2,17.5,16.9,16.9,17.2,17.7,18.2,17.9,18.1,17.9,16.4,16.6,16.2,15.4],"q":[79.3,79.5,89.0,88.8,88.3,83.9,81.0,78.4,82.2,94.6,93.5,90.9,97.7,147,163,171,173,167,159,149,138,129,121,117,117,134,130,127,124,119],"latest":{"d":"2026-10-06","t":15.4,"q":119}}},{"type":"Feature","geometry":{"type":"Point","coordinates":[-85.48804,41.94311]},"properties":{"site":"0409754132","name":"SPRING CREEK AT RAMBADT ROAD NEAR CENTREVILLE, MI","state":"Michigan","huc":"040500010705","type":"ST","d0":"2026-09-07","t":[19.9,19.8,20.2,19.8,19.1,19.9,20.0,18.0,18.1,19.4,19.7,20.0,17.8,17.9,17.2,15.8,15.7,16.0,14.9,15.0,15.3,15.9,16.4,16.0,17.2,17.1,15.0,15.4,14.4,13.8],"q":[7.7,7.43,8.74,8.69,8.23,7.96,7.68,7.5,8.54,11.7,11.6,11.1,12.9,29.0,27.1,15.9,12.2,10.6,9.7,10.8,11.2,12.8,12.2,13.7,16.4,27.7,20.3,15.7,12.1,10.2],"latest":{"d":"2026-10-06","t":13.8,"q":10.2}}},{"type":"Feature","geometry":{"type":"Point","coordinates":[-86.25973,41.82921]},"properties":{"site":"04101500","name":"ST. JOSEPH RIVER AT NILES, MI","state":"Michigan","huc":"040500012210","type":"ST","d0":"2026-09-07","t":[25.0,24.7,24.4,23.7,23.0,23.4,23.1,21.9,21.8,22.4,22.1,22.1,21.5,21.0,20.2,18.4,18.2,17.7,17.1,17.0,17.0,17.3,17.8,17.8,18.1,18.3,17.7,17.7,17.2,16.9],"q":[2240,2230,2110,2170,2070,2220,2320,2210,2090,2230,2440,2630,2840,3300,4750,4860,4300,4110,3660,3580,3460,3000,3130,3040,2850,3460,3900,3840,3420,3180],"latest":{"d":"2026-10-06","t":16.9,"q":3180}}},{"type":"Feature","geometry":{"type":"Point","coordinates":[-86.0689,42.05588]},"properties":{"site":"041015313","name":"OSBORN DRAIN AT DEWEY LAKE ST NR GLENWOOD, MI","state":"Michigan","huc":"040500012305","type":"ST","d0":"2026-09-07","t":[17.3,17.1,17.4,16.9,16.0,16.9,16.4,14.6,15.8,16.4,16.5,16.6,15.9,16.7,16.0,14.8,14.6,14.7,13.8,13.3,13.2,13.4,13.9,14.2,15.0,15.0,13.4,13.6,12.7,12.3],"q":[6.73,5.96,5.99,5.78,5.46,5.25,4.94,4.77,5.08,5.19,5.97,5.97,11.2,24.7,22.8,17.6,13.4,10.9,9.44,8.47,8.06,7.57,7.01,7.34,9.02,13.9,12.4,10.7,9.57,9.06],"latest":{"d":"2026-10-06","t":12.3,"q":9.06}}},{"type":"Feature","geometry":{"type":"Point","coordinates":[-86.00278,41.98361]},"properties":{"site":"04101590","name":"DOWAGIAC CREEK AT DUTCH SETTLEMENT RD NR DOWAGIAC,","state":"Michigan","huc":"040500012304","type":"ST","d0":"2026-09-07","t":[18.8,18.8,19.0,18.4,17.6,18.8,18.2,16.0,16.9,17.5,17.7,18.0,16.7,16.7,16.2,15.2,15.0,15.6,14.8,14.6,14.6,15.1,15.6,15.5,16.1,16.0,14.3,14.6,13.8,13.4],"q":[32.1,30.7,34.4,33.7,32.7,32.1,32.0,31.6,33.5,33.2,35.5,34.9,41.2,61.3,54.5,46.3,43.7,42.9,42.4,41.6,40.8,39.8,39.0,39.2,40.4,43.2,40.3,38.7,37.7,36.6],"latest":{"d":"2026-10-06","t":13.4,"q":36.6}}},{"type":"Feature","geometry":{"type":"Point","coordinates":[-85.11304,42.29143]},"properties":{"site":"041035285","name":"DICKINSON CREEK NEAR CERESCO, MI","state":"Michigan","huc":"040500030411","type":"ST","d0":"2026-09-07","t":[16.4,16.3,16.7,16.4,16.2,17.0,16.3,14.4,15.0,15.6,15.5,16.0,15.1,15.9,15.6,14.5,14.5,14.7,13.5,13.1,13.2,13.5,14.1,13.5,14.9,14.9,13.2,13.5,12.3,12.1],"q":[3.22,3.2,3.55,3.69,3.39,3.24,3.0,3.03,3.45,3.36,3.4,3.2,7.23,10.5,10.8,6.54,4.91,3.94,3.65,3.01,2.67,2.49,2.45,2.43,2.62,3.81,3.12,2.91,2.88,2.7],"latest":{"d":"2026-10-06","t":12.1,"q":2.7}}},{"type":"Feature","geometry":{"type":"Point","coordinates":[-86.1067,42.65086]},"properties":{"site":"04108660","name":"KALAMAZOO RIVER AT NEW RICHMOND, MI","state":"Michigan","huc":"040500030911","type":"ST","d0":"2026-09-07","t":[23.5,23.6,23.7,23.0,22.2,23.0,22.5,21.2,21.4,21.2,21.2,20.9,19.9,19.3,18.5,17.4,17.0,17.2,17.2,17.0,17.0,16.9,17.1,17.6,18.0,17.7,16.8,17.2,16.6,16.2],"q":[1270,1280,1310,1310,1350,1450,1360,1250,1160,1220,1320,1260,1630,2000,2240,2570,2390,2130,1870,1800,1700,1520,1510,1440,1470,1670,1630,1790,1750,1600],"latest":{"d":"2026-10-06","t":16.2,"q":1600}}},{"type":"Feature","geometry":{"type":"Point","coordinates":[-86.08199,42.9328]},"properties":{"site":"04108862","name":"PIGEON RIVER AT 120TH AVENUE NR OLIVE CENTER, MI","state":"Michigan","huc":"040500020302","type":"ST","d0":"2026-09-07","t":[19.4,19.3,20.3,19.6,17.4,18.4,18.7,15.9,17.0,18.0,18.1,17.2,16.1,16.8,16.0,14.7,14.7,15.6,15.4,14.0,14.0,14.7,15.0,15.9,16.4,16.3,14.3,14.7,13.7,12.9],"q":[5.03,4.36,4.33,4.21,3.82,3.59,3.43,3.31,3.39,3.38,3.3,3.23,7.16,10.6,10.5,8.02,6.34,5.49,4.87,4.58,4.38,4.24,4.06,4.22,7.16,22.6,18.1,13.0,10.5,9.12],"latest":{"d":"2026-10-06","t":12.9,"q":9.12}}},{"type":"Feature","geometry":{"type":"Point","coordinates":[-85.5956,43.43086]},"properties":{"site":"04121944","name":"LITTLE MUSKEGON RIVER NEAR OAK GROVE, MI","state":"Michigan","huc":"040601020810","type":"ST","d0":"2026-09-07","t":[18.5,18.3,19.0,18.7,17.0,17.1,17.5,15.4,15.8,16.5,16.7,15.7,15.2,15.4,14.8,13.5,13.2,13.7,13.6,13.0,12.8,13.4,14.0,14.7,15.1,15.0,13.4,13.4,12.7,11.9],"q":[153,143,146,144,141,137,134,133,134,140,144,143,156,165,160,150,145,140,137,135,134,133,132,135,178,290,269,215,189,173],"latest":{"d":"2026-10-06","t":11.9,"q":173}}},{"type":"Feature","geometry":{"type":"Point","coordinates":[-85.66532,43.43475]},"properties":{"site":"04121970","name":"MUSKEGON RIVER NEAR CROTON, MI","state":"Michigan","huc":"040601020903","type":"ST","d0":"2026-09-07","t":[22.4,22.2,21.8,22.1,21.7,21.7,21.9,21.3,21.0,21.1,21.0,20.8,20.4,20.0,19.5,19.0,18.8,18.8,18.9,19.0,19.1,19.3,19.0,18.8,18.8,18.8,18.2,18.2,17.8,17.3],"q":[1120,1080,1120,1100,1080,1080,1080,1080,1080,1080,1090,1120,1240,1240,1220,1220,1100,1020,1020,997,990,1000,1040,1120,1420,1710,1670,1370,1200,1170],"latest":{"d":"2026-10-06","t":17.3,"q":1170}}},{"type":"Feature","geometry":{"type":"Point","coordinates":[-84.84714,44.69305]},"properties":{"site":"04123500","name":"MANISTEE RIVER NEAR GRAYLING, MI","state":"Michigan","huc":"040601030103","type":"ST","d0":"2026-09-07","t":[14.4,13.9,14.6,14.3,13.3,13.9,14.0,12.2,12.6,13.2,13.1,12.2,12.0,12.8,11.5,11.0,11.2,11.6,11.2,10.8,11.3,11.8,12.2,12.5,12.4,11.7,10.2,10.9,9.8,9.2],"q":[204,202,206,215,207,204,202,202,251,298,273,236,223,219,213,212,209,208,205,205,204,203,203,207,217,222,213,210,207,205],"latest":{"d":"2026-10-06","t":9.2,"q":205}}},{"type":"Feature","geometry":{"type":"Point","coordinates":[-85.69868,44.43639]},"properties":{"site":"04124000","name":"MANISTEE RIVER NEAR SHERMAN, MI","state":"Michigan","huc":"040601030305","type":"ST","d0":"2026-09-07","t":[17.2,16.7,17.0,16.8,16.0,15.8,15.6,14.7,14.7,14.6,14.6,14.1,13.7,13.9,13.4,12.7,12.3,12.4,12.6,12.4,12.3,12.6,13.1,13.7,13.9,13.3,12.2,12.0,11.3,10.8],"q":[1030,997,983,982,972,960,947,935,1060,1140,1160,1150,1120,1060,1020,993,970,957,948,941,935,942,943,952,982,1020,1020,1000,986,966],"latest":{"d":"2026-10-06","t":10.8,"q":966}}},{"type":"Feature","geometry":{"type":"Point","coordinates":[-85.82091,44.36306]},"properties":{"site":"04124200","name":"MANISTEE RIVER NEAR MESICK, MI","state":"Michigan","huc":"040601030308","type":"ST","d0":"2026-09-07","t":[19.2,19.2,19.1,19.1,19.1,19.0,18.9,18.9,18.7,18.7,18.7,18.4,18.1,17.8,17.5,17.3,17.0,16.8,16.4,15.9,15.7,15.4,15.1,14.7,14.6,14.6,14.6,14.6,14.7,14.7],"q":[1160,1110,1100,1090,1080,1090,1060,1040,1200,1320,1310,1260,1250,1200,1120,1080,1050,1050,1040,1030,1020,1020,1040,1080,1090,1110,1130,1130,1110,1070],"latest":{"d":"2026-10-06","t":14.7,"q":1070}}},{"type":"Feature","geometry":{"type":"Point","coordinates":[-85.76979,44.19334]},"properties":{"site":"04125460","name":"PINE RIVER AT HIGH SCHOOL BRIDGE NR HOXEYVILLE, MI","state":"Michigan","huc":"040601030406","type":"ST","d0":"2026-09-07","t":[14.7,14.2,14.5,14.3,13.3,13.4,13.4,12.2,12.5,12.9,13.1,12.5,12.2,12.5,12.1,11.3,10.9,11.1,11.2,10.7,10.6,10.9,11.2,11.8,12.2,12.0,10.9,10.8,9.9,9.6],"q":[217,213,215,217,215,212,210,208,238,259,239,222,219,219,216,212,209,208,208,208,207,207,206,211,240,290,267,237,226,219],"latest":{"d":"2026-10-06","t":9.6,"q":219}}},{"type":"Feature","geometry":{"type":"Point","coordinates":[-85.94162,44.25944]},"properties":{"site":"04125550","name":"MANISTEE RIVER NEAR WELLSTON, MI","state":"Michigan","huc":"040601030701","type":"ST","d0":"2026-09-07","t":[19.8,19.7,19.5,19.4,19.6,19.5,19.0,19.1,19.0,18.6,18.5,18.2,18.1,17.9,17.6,17.4,17.2,17.1,16.9,16.6,16.5,16.2,16.3,16.4,16.1,15.7,15.7,15.5,15.1,14.8],"q":[1620,1560,1560,1520,1520,1510,1500,1470,1680,1940,1900,1750,1740,1670,1530,1490,1460,1480,1490,1480,1500,1490,1500,1560,1680,1640,1690,1650,1610,1520],"latest":{"d":"2026-10-06","t":14.8,"q":1520}}},{"type":"Feature","geometry":{"type":"Point","coordinates":[-86.1033,44.17111]},"properties":{"site":"04126195","name":"L MANISTEE R AT NINE MILE BRIDGE NR FREESOIL, MI","state":"Michigan","huc":"040601030605","type":"ST","d0":"2026-09-07","t":[17.4,16.6,17.0,16.8,15.7,15.8,15.5,14.1,14.6,15.1,15.2,14.4,14.0,14.6,13.8,13.0,12.7,12.9,13.1,12.7,12.5,12.8,13.2,13.8,14.2,13.6,12.2,12.4,11.5,11.2],"q":[133,127,129,129,124,122,120,119,136,142,134,125,124,124,123,121,124,121,117,117,116,118,119,119,131,144,143,132,127,127],"latest":{"d":"2026-10-06","t":11.2,"q":127}}},{"type":"Feature","geometry":{"type":"Point","coordinates":[-84.45557,44.61474]},"properties":{"site":"04135700","name":"SOUTH BRANCH AU SABLE RIVER NEAR LUZERNE, MI","state":"Michigan","huc":"040700070110","type":"ST","d0":"2026-09-07","t":[17.1,16.6,17.2,16.7,15.6,16.1,16.1,14.6,14.3,14.7,14.6,14.0,13.7,14.1,12.8,12.1,11.7,12.1,11.8,11.5,11.9,12.3,13.0,13.3,13.4,12.8,11.5,11.9,10.8,10.1],"q":[218,215,214,215,208,203,200,195,239,250,245,243,226,202,174,155,146,143,140,136,134,137,134,134,140,153,161,166,161,163],"latest":{"d":"2026-10-06","t":10.1,"q":163}}},{"type":"Feature","geometry":{"type":"Point","coordinates":[-84.41963,44.71666]},"properties":{"site":"04135800","name":"NB AU SABLE RIVER AT KELLOGGS BR NEAR LOVELLS, MI","state":"Michigan","huc":"040700070210","type":"ST","d0":"2026-09-07","t":[16.0,15.7,16.6,15.8,14.6,15.6,15.5,13.4,13.8,14.2,14.4,14.0,13.5,14.4,12.5,11.9,11.7,12.2,11.9,11.5,12.2,12.7,13.3,13.7,13.7,12.6,10.9,11.8,10.7,9.6],"q":[216,215,217,222,218,214,212,210,270,303,269,249,237,231,227,222,219,216,215,214,213,212,211,215,225,227,221,220,218,216],"latest":{"d":"2026-10-06","t":9.6,"q":216}}},{"type":"Feature","geometry":{"type":"Point","coordinates":[-84.29251,44.67696]},"properties":{"site":"04136000","name":"AU SABLE RIVER NEAR RED OAK, MI","state":"Michigan","huc":"040700070501","type":"ST","d0":"2026-09-07","t":[null,null,null,null,null,15.7,16.2,14.2,14.0,14.2,14.3,13.9,13.5,14.0,13.0,12.1,11.7,12.0,11.9,11.6,11.9,12.4,13.1,13.5,13.6,12.9,11.4,11.6,10.9,9.7],"q":[864,851,845,856,839,822,803,799,995,1200,1130,1050,978,922,864,818,786,767,761,756,744,742,741,752,790,842,821,816,797,779],"latest":{"d":"2026-10-06","t":9.7,"q":779}}},{"type":"Feature","geometry":{"type":"Point","coordinates":[-84.13112,44.66001]},"properties":{"site":"04136500","name":"AU SABLE RIVER AT MIO, MI","state":"Michigan","huc":"040700070502","type":"ST","d0":"2026-09-07","t":[18.6,18.4,18.9,18.3,18.0,18.0,17.8,17.1,16.8,16.0,15.5,15.2,15.1,14.8,14.8,14.4,14.0,13.7,13.6,13.4,13.3,13.5,13.7,14.1,14.1,14.1,13.8,13.7,13.2,12.5],"q":[980,980,976,974,960,952,929,907,1160,1350,1270,1170,1080,1060,977,937,902,888,883,873,869,862,862,877,940,998,953,964,931,906],"latest":{"d":"2026-10-06","t":12.5,"q":906}}},{"type":"Feature","geometry":{"type":"Point","coordinates":[-83.83766,44.61278]},"properties":{"site":"04136900","name":"AU SABLE RIVER NEAR MC KINLEY, MI","state":"Michigan","huc":"040700070702","type":"ST","d0":"2026-09-07","t":[18.1,17.9,18.6,18.0,17.2,17.9,17.6,16.4,16.1,16.5,15.4,15.0,14.7,15.1,13.8,13.9,13.5,13.6,13.1,13.2,13.4,13.6,13.8,13.9,14.2,13.7,13.0,13.4,12.5,11.6],"q":[1130,1130,1130,1120,1110,1100,1080,1050,1250,1470,1450,1340,1250,1210,1140,1090,1060,1040,1030,1020,1010,1000,999,1010,1080,1150,1120,1100,1090,1050],"latest":{"d":"2026-10-06","t":11.6,"q":1050}}},{"type":"Feature","geometry":{"type":"Point","coordinates":[-83.80276,44.56085]},"properties":{"site":"04137005","name":"AU SABLE RIVER NEAR CURTISVILLE, MI","state":"Michigan","huc":"040700070706","type":"ST","d0":"2026-09-07","t":[19.4,19.1,19.3,19.6,19.2,19.0,19.3,18.7,18.1,18.1,17.6,17.3,16.6,16.6,16.1,15.6,15.3,15.0,14.8,14.7,14.7,14.7,14.4,14.2,14.8,15.1,14.7,14.5,14.4,13.9],"q":[1250,1260,1260,1250,1240,1230,1220,1180,1380,1610,1590,1460,1390,1330,1280,1230,1190,1170,1170,1160,1150,1140,1140,1160,1250,1300,1280,1210,1230,1180],"latest":{"d":"2026-10-06","t":13.9,"q":1180}}},{"type":"Feature","geometry":{"type":"Point","coordinates":[-83.43386,44.4364]},"properties":{"site":"04137500","name":"AU SABLE RIVER NEAR AU SABLE, MI","state":"Michigan","huc":"040700070709","type":"ST","d0":"2026-09-07","t":[22.5,22.4,22.5,22.4,22.3,22.2,22.1,21.5,21.3,21.1,20.9,20.6,20.4,20.2,19.8,19.3,19.1,18.9,18.6,18.5,18.3,18.3,18.3,18.2,18.2,18.1,17.8,17.7,17.3,17.0],"q":[1370,1270,1200,1220,1250,1280,1320,1250,1300,1590,1750,1670,1530,1330,1280,1270,1230,1170,1150,1160,1160,1150,1140,1130,1270,1550,1510,1220,1160,1150],"latest":{"d":"2026-10-06","t":17.0,"q":1150}}},{"type":"Feature","geometry":{"type":"Point","coordinates":[-84.9503,43.42309]},"properties":{"site":"04154612","name":"WOLF CREEK AT PINE GROVE ROAD NEAR VESTABURG, MI","state":"Michigan","huc":"040802020304","type":"ST","d0":"2026-09-07","t":[18.2,18.6,19.9,18.7,16.7,18.1,18.0,15.2,16.6,17.5,16.9,16.0,15.3,16.0,14.8,13.4,13.5,14.1,13.6,12.8,13.4,14.2,14.8,15.3,15.5,15.0,12.8,13.5,12.3,11.6],"q":[8.39,8.09,8.19,8.25,7.86,7.61,7.62,7.56,7.91,8.24,8.89,8.79,10.3,11.0,9.84,8.99,8.63,8.29,8.13,7.98,7.85,7.78,7.76,9.08,17.1,22.8,13.6,11.5,10.6,9.61],"latest":{"d":"2026-10-06","t":11.6,"q":9.61}}},{"type":"Feature","geometry":{"type":"Point","coordinates":[-83.95192,43.42197]},"properties":{"site":"04157005","name":"SAGINAW RIVER AT HOLLAND AVENUE AT SAGINAW, MI","state":"Michigan","huc":"040802060201","type":"ST","d0":"2026-09-07","t":[23.8,23.7,23.7,23.5,22.8,22.7,23.0,22.7,21.5,21.2,20.6,20.2,20.0,19.5,18.8,17.9,17.2,16.9,17.1,17.2,17.4,17.6,18.2,18.7,18.8,18.4,17.7,17.4,16.9,16.0],"q":[559,343,63.9,-296,250,331,-248,84.4,-138,223,239,-24.6,166,-511,395,333,413,361,190,-98.7,-38.3,-306,-310,-88.7,-557,229,687,416,329,1100],"latest":{"d":"2026-10-06","t":16.0,"q":1100}}},{"type":"Feature","geometry":{"type":"Point","coordinates":[-83.02659,42.61448]},"properties":{"site":"04161820","name":"CLINTON RIVER AT STERLING HEIGHTS, MI","state":"Michigan","huc":"040900030402","type":"ST","d0":"2026-09-07","t":[21.0,21.1,21.7,21.6,20.7,20.5,21.6,19.4,18.8,19.6,19.2,18.6,17.7,17.2,16.5,15.3,15.2,15.2,14.9,15.0,15.4,16.2,16.3,16.2,16.9,17.3,15.9,15.6,15.6,14.2],"q":[193,171,166,162,153,127,117,109,105,104,74.7,69.4,74.6,134,88.9,73.6,66.0,91.5,59.6,61.4,63.9,63.4,60.9,60.5,92.3,584,324,241,225,133],"latest":{"d":"2026-10-06","t":14.2,"q":133}}},{"type":"Feature","geometry":{"type":"Point","coordinates":[-83.06847,42.52945]},"properties":{"site":"04162010","name":"RED RUN AT RYAN ROAD NEAR WARREN, MI","state":"Michigan","huc":"040900030202","type":"ST","d0":"2026-09-07","t":[21.4,21.3,21.8,21.9,21.3,21.2,22.0,20.2,19.8,20.1,19.4,19.7,19.1,18.6,17.6,16.8,16.4,17.1,16.6,16.9,17.6,18.1,18.1,17.5,18.6,17.9,16.9,16.7,16.3,15.3],"q":[6.93,6.12,68.9,12.8,7.15,5.84,5.34,4.71,6.95,9.65,10.1,5.1,56.7,43.4,10.9,6.55,5.17,4.5,4.4,3.93,3.63,3.61,3.44,7.43,31.0,587,19.1,10.6,7.63,6.18],"latest":{"d":"2026-10-06","t":15.3,"q":6.18}}},{"type":"Feature","geometry":{"type":"Point","coordinates":[-82.90874,42.59584]},"properties":{"site":"04165500","name":"CLINTON RIVER AT MORAVIAN DRIVE AT MT. CLEMENS, MI","state":"Michigan","huc":"040900030402","type":"ST","d0":"2026-09-07","t":[21.6,21.5,22.1,22.1,21.4,21.2,21.9,20.4,19.5,20.0,19.7,19.2,18.7,18.3,17.4,16.1,15.9,16.0,15.8,15.8,16.2,16.9,17.2,17.4,17.8,18.0,16.5,15.9,15.8,14.8],"q":[333,296,458,449,null,null,null,null,null,null,null,null,251,454,null,null,null,null,null,null,null,null,null,null,232,2300,1170,516,403,313],"latest":{"d":"2026-10-06","t":14.8,"q":313}}},{"type":"Feature","geometry":{"type":"Point","coordinates":[-83.29737,42.44751]},"properties":{"site":"04166100","name":"RIVER ROUGE AT SOUTHFIELD, MI","state":"Michigan","huc":"040900040405","type":"ST","d0":"2026-09-07","t":[19.9,19.7,20.5,21.0,20.0,19.7,20.4,18.4,17.8,18.8,18.7,18.3,17.4,17.2,16.4,15.2,15.0,15.0,14.3,14.4,14.6,15.2,15.4,15.3,16.3,17.2,15.4,14.5,14.2,13.0],"q":[43.1,35.9,62.8,64.6,37.9,30.0,27.5,24.9,24.3,35.1,28.0,26.5,35.6,91.7,56.8,35.8,30.5,26.9,24.4,23.1,22.2,21.2,20.7,20.6,32.7,413,119,53.9,39.8,34.0],"latest":{"d":"2026-10-06","t":13.0,"q":34.0}}},{"type":"Feature","geometry":{"type":"Point","coordinates":[-83.25465,42.37309]},"properties":{"site":"04166500","name":"RIVER ROUGE AT DETROIT, MI","state":"Michigan","huc":"040900040406","type":"ST","d0":"2026-09-07","t":[20.2,20.1,20.8,21.1,20.4,20.1,20.7,19.0,18.5,19.2,18.9,18.7,18.0,17.6,16.8,15.6,15.4,15.3,14.6,14.8,15.0,15.5,15.7,15.8,16.5,17.6,16.1,14.9,14.5,13.4],"q":[85.8,65.9,98.3,144,75.8,57.4,50.7,46.0,49.5,76.6,58.1,51.4,60.0,150,148,75.3,56.3,47.4,43.3,40.1,38.1,37.3,36.5,35.2,48.7,910,398,120,81.8,67.4],"latest":{"d":"2026-10-06","t":13.4,"q":67.4}}},{"type":"Feature","geometry":{"type":"Point","coordinates":[-83.42737,42.28445]},"properties":{"site":"04167625","name":"LOWER RIVER ROUGE AT WAYNE, MI","state":"Michigan","huc":"040900040303","type":"ST","d0":"2026-09-07","t":[20.9,21.1,21.8,22.0,21.0,21.4,22.1,20.1,20.4,21.2,20.7,20.6,19.6,19.2,18.3,17.5,17.8,18.0,17.6,18.0,18.3,19.0,19.1,19.2,20.1,18.4,17.4,17.5,17.4,16.8],"q":[56.8,51.0,63.5,61.0,48.7,42.4,41.4,43.6,42.2,60.9,52.2,46.0,66.8,117,105,62.8,50.0,48.1,42.3,39.9,38.6,39.9,37.7,39.6,39.5,421,171,90.7,66.5,56.5],"latest":{"d":"2026-10-06","t":16.8,"q":56.5}}},{"type":"Feature","geometry":{"type":"Point","coordinates":[-83.25271,42.30837]},"properties":{"site":"04168400","name":"LOWER RIVER ROUGE AT DEARBORN, MI","state":"Michigan","huc":"040900040303","type":"ST","d0":"2026-09-07","t":[20.9,20.8,21.7,22.0,20.9,20.9,21.7,19.5,19.2,21.0,20.3,19.8,19.0,18.7,18.0,16.7,16.6,16.7,16.1,16.2,16.5,17.1,17.4,17.7,18.7,18.4,17.2,16.5,16.3,15.2],"q":[78.9,69.6,83.2,83.1,65.6,56.7,51.4,48.1,51.1,115,81.1,62.5,79.2,158,147,87.4,67.3,60.5,52.2,53.9,47.7,46.7,46.8,48.3,49.9,598,263,118,83.7,79.0],"latest":{"d":"2026-10-06","t":15.2,"q":79.0}}},{"type":"Feature","geometry":{"type":"Point","coordinates":[-84.9126,41.1726]},"properties":{"site":"04183032","name":"BLACK CREEK AT BRUSH COLLEGE RD NEAR HARLAN, IN","state":"Indiana","huc":"041000050104","type":"ST","d0":"2026-09-07","t":[20.6,20.6,21.9,21.9,20.8,21.0,21.6,19.0,18.7,21.0,22.0,21.5,19.5,19.8,18.2,16.7,16.2,16.3,15.4,15.7,15.4,15.9,16.2,16.2,17.8,18.0,15.7,15.1,14.3,13.4],"q":[0.55,0.29,0.19,0.14,0.11,0.09,0.08,0.07,0.06,7.0,27.4,10.5,9.19,42.8,12.4,3.23,1.72,1.09,0.77,0.58,0.44,0.32,0.25,0.21,0.22,7.9,1.64,0.81,0.49,0.37],"latest":{"d":"2026-10-06","t":13.4,"q":0.37}}},{"type":"Feature","geometry":{"type":"Point","coordinates":[-84.7444,41.19894]},"properties":{"site":"04183500","name":"Maumee River at Antwerp OH","state":"Ohio","huc":"041000050202","type":"ST","d0":"2026-09-07","t":[22.8,23.0,23.7,23.7,23.5,23.5,24.2,22.6,22.5,23.8,23.6,22.8,22.1,21.6,20.9,20.0,19.2,18.5,17.8,17.4,17.2,17.5,18.0,18.2,19.0,19.3,18.1,18.0,17.7,17.2],"q":[2520,1280,889,700,495,376,278,231,198,252,1450,6580,7590,8910,11400,10300,9360,8780,7700,5980,3910,2100,1240,807,656,620,1250,1140,846,1010],"latest":{"d":"2026-10-06","t":17.2,"q":1010}}},{"type":"Feature","geometry":{"type":"Point","coordinates":[-84.28106,41.29199]},"properties":{"site":"04192500","name":"Maumee River near Defiance OH","state":"Ohio","huc":"041000090203","type":"ST","d0":"2026-09-07","t":[25.1,24.3,24.6,24.6,24.3,24.5,24.5,23.9,23.9,24.2,23.8,23.9,22.7,21.9,21.0,20.0,19.3,18.9,18.3,18.1,17.8,17.8,18.1,18.5,19.0,19.3,19.6,18.7,17.7,17.2],"q":[4690,3730,3090,2100,1320,786,675,577,768,961,1210,9340,18300,18000,22700,24400,19800,14700,12200,9580,6590,4020,2600,1830,1410,1310,1260,2350,2190,2110],"latest":{"d":"2026-10-06","t":17.2,"q":2110}}},{"type":"Feature","geometry":{"type":"Point","coordinates":[-83.71271,41.50005]},"properties":{"site":"04193500","name":"Maumee River at Waterville OH","state":"Ohio","huc":"041000090903","type":"ST","d0":"2026-09-07","t":[24.8,25.4,26.0,25.4,25.0,24.5,25.1,23.1,23.3,24.2,24.0,24.0,23.2,22.0,20.7,19.5,18.8,18.6,18.4,18.4,18.5,18.8,19.3,19.4,20.0,19.8,18.7,18.3,18.4,18.0],"q":[2930,3730,2950,2160,1390,868,587,418,422,601,734,2360,16400,17900,21400,25700,22400,16600,12100,10200,7100,4820,2780,1930,1440,1200,988,1520,1950,1730],"latest":{"d":"2026-10-06","t":18.0,"q":1730}}},{"type":"Feature","geometry":{"type":"Point","coordinates":[-83.15881,41.30783]},"properties":{"site":"04198000","name":"Sandusky River near Fremont OH","state":"Ohio","huc":"041000111302","type":"ST","d0":"2026-09-07","t":[24.0,24.0,24.8,24.5,24.1,23.4,24.2,22.8,22.3,23.0,23.0,22.8,21.5,21.1,20.2,19.4,18.6,18.1,18.1,17.4,17.5,17.4,17.9,18.2,19.5,19.0,17.8,17.9,17.1,16.1],"q":[277,196,148,124,96.7,93.7,94.5,400,327,217,166,1970,2760,2200,2450,2300,1780,1310,725,949,720,423,294,228,183,159,143,121,114,111],"latest":{"d":"2026-10-06","t":16.1,"q":111}}},{"type":"Feature","geometry":{"type":"Point","coordinates":[-82.60823,41.30089]},"properties":{"site":"04199000","name":"Huron River at Milan OH","state":"Ohio","huc":"041000120606","type":"ST","d0":"2026-09-07","t":[22.0,22.4,24.3,23.6,23.0,21.7,22.7,21.0,20.5,23.2,23.3,23.0,21.1,20.5,19.0,18.3,17.6,17.6,16.7,16.6,16.6,17.3,17.5,17.8,19.8,19.5,16.4,15.6,15.6,14.1],"q":[30.1,29.0,55.1,76.4,41.0,37.8,35.5,60.3,77.5,55.4,36.6,51.4,59.5,60.0,83.3,75.2,59.1,55.7,41.8,37.0,32.2,29.4,27.4,25.2,24.3,51.3,37.3,37.8,34.6,29.8],"latest":{"d":"2026-10-06","t":14.1,"q":29.8}}},{"type":"Feature","geometry":{"type":"Point","coordinates":[-81.56512,41.28894]},"properties":{"site":"04206425","name":"Cuyahoga River at Jaite OH","state":"Ohio","huc":"041100020505","type":"ST","d0":"2026-09-07","t":[22.2,21.7,22.7,23.7,23.5,22.1,22.7,21.8,21.0,22.1,22.4,22.8,21.2,20.9,19.5,18.0,18.2,18.3,17.4,17.4,17.5,17.5,18.0,18.0,19.4,19.5,17.6,16.9,16.7,15.7],"q":[673,665,523,736,412,456,464,409,362,347,457,354,344,369,392,658,456,408,384,315,280,263,245,234,230,323,300,252,244,230],"latest":{"d":"2026-10-06","t":15.7,"q":230}}},{"type":"Feature","geometry":{"type":"Point","coordinates":[-81.62985,41.39533]},"properties":{"site":"04208000","name":"Cuyahoga River at Independence OH","state":"Ohio","huc":"041100020602","type":"ST","d0":"2026-09-07","t":[22.4,22.1,23.1,23.8,23.9,22.4,22.6,22.2,21.2,22.5,23.0,23.0,21.7,21.0,19.8,18.1,18.1,18.4,17.6,17.4,17.6,17.7,18.0,18.3,19.6,19.7,17.7,16.9,16.9,15.7],"q":[701,723,600,844,484,492,619,491,426,398,484,447,390,411,502,874,591,491,453,389,346,328,309,297,294,406,410,325,308,292],"latest":{"d":"2026-10-06","t":15.7,"q":292}}},{"type":"Feature","geometry":{"type":"Point","coordinates":[-80.35006,41.71533]},"properties":{"site":"04212895","name":"Conneaut Creek at Dickonsburg, PA","state":"Pennsylvania","huc":"041201010601","type":"ST","d0":"2026-09-07","t":[18.9,18.9,20.2,20.9,20.4,19.1,20.3,19.3,17.6,19.4,20.3,20.6,18.8,18.5,17.4,16.4,16.0,15.0,14.2,14.4,14.7,15.5,16.1,16.0,17.4,17.5,15.1,14.1,13.8,12.1],"q":[3.46,2.91,10.5,10.8,4.46,3.48,3.56,3.84,2.93,4.57,4.68,3.61,3.02,2.94,2.88,null,null,null,null,null,null,null,null,null,null,null,null,null,null,null],"latest":{"d":"2026-10-06","t":12.1,"q":null}}},{"type":"Feature","geometry":{"type":"Point","coordinates":[-80.23472,42.07389]},"properties":{"site":"04213152","name":"Walnut Creek Upstream Pool, near Erie, PA","state":"Pennsylvania","huc":"041201010407","type":"ST","d0":"2026-09-07","t":[18.7,19.0,21.0,21.9,20.0,18.7,20.9,18.7,17.4,20.1,20.5,20.1,18.4,18.5,16.7,15.4,15.5,14.6,14.2,14.9,15.4,15.9,16.5,16.7,18.2,17.7,15.1,14.3,14.3,12.5],"q":[16.1,12.5,56.8,117,21.0,12.5,10.9,9.36,8.3,172,36.5,null,13.7,11.0,9.75,9.53,9.27,9.14,9.05,8.85,9.15,8.74,9.36,8.81,10.9,22.5,13.3,9.29,9.96,9.65],"latest":{"d":"2026-10-06","t":12.5,"q":9.65}}},{"type":"Feature","geometry":{"type":"Point","coordinates":[-78.93453,42.46344]},"properties":{"site":"04213500","name":"CATTARAUGUS CREEK AT GOWANDA NY","state":"New York","huc":"041201020209","type":"ST","d0":"2026-09-07","t":[19.7,20.0,20.6,20.6,20.3,18.9,21.1,20.0,18.3,19.6,20.6,21.2,19.0,18.4,16.8,15.5,15.4,15.1,14.8,15.4,15.1,16.1,16.8,17.4,18.3,17.9,15.5,14.5,14.2,12.2],"q":[374,345,475,1190,350,236,211,null,193,250,248,219,190,179,172,161,151,144,137,135,133,135,141,142,177,200,196,159,145,135],"latest":{"d":"2026-10-06","t":12.2,"q":135}}},{"type":"Feature","geometry":{"type":"Point","coordinates":[-78.68906,43.17469]},"properties":{"site":"04218601","name":"ERIE (BARGE) C ABV HALLS WASTE WEIR AT LOCKPORT NY","state":"New York","huc":"041300010703","type":"ST","d0":"2026-09-07","t":[21.4,21.0,21.4,21.6,21.8,21.8,22.0,21.4,19.9,19.5,20.2,20.9,20.6,20.6,20.2,19.3,19.0,18.8,18.7,18.6,18.5,18.5,18.1,17.0,15.4,16.5,17.1,17.2,17.1,16.6],"q":[674,677,697,699,666,673,674,686,716,723,706,736,753,720,702,726,673,658,677,691,681,677,708,695,716,741,732,690,714,712],"latest":{"d":"2026-10-06","t":16.6,"q":712}}},{"type":"Feature","geometry":{"type":"Point","coordinates":[-77.65011,43.12561]},"properties":{"site":"04218700","name":"ERIE(BARGE)CANAL(W OF GENESEE R)AT ROCHESTER NY","state":"New York","huc":"041300030703","type":"ST","d0":"2026-09-07","t":[23.4,23.5,23.4,23.3,22.8,22.8,23.2,22.9,22.2,22.1,22.4,22.3,21.4,21.5,20.8,20.2,19.6,19.3,18.9,18.7,18.5,18.4,18.4,18.6,18.9,19.0,18.6,18.1,17.9,17.2],"q":[259,207,147,145,120,259,234,139,138,263,231,105,138,194,124,193,183,282,234,218,117,161,153,165,181,242,214,223,238,131],"latest":{"d":"2026-10-06","t":17.2,"q":131}}},{"type":"Feature","geometry":{"type":"Point","coordinates":[-78.71542,43.31381]},"properties":{"site":"04219768","name":"EIGHTEENMILE CREEK AT BURT NY","state":"New York","huc":"041300010704","type":"ST","d0":"2026-09-07","t":[21.9,21.6,21.9,21.4,21.3,21.1,21.2,21.0,21.0,20.5,20.8,20.7,20.3,19.7,19.1,18.4,18.0,17.7,17.3,17.3,17.1,17.1,17.6,18.1,18.3,18.0,17.1,16.8,16.1,15.5],"q":[138,85.5,78.9,122,103,94.3,73.3,90.6,80.6,128,111,77.1,64.0,60.4,57.5,51.8,31.8,31.6,20.0,44.6,60.3,63.2,87.7,91.2,88.7,164,175,138,117,98.4],"latest":{"d":"2026-10-06","t":15.5,"q":98.4}}},{"type":"Feature","geometry":{"type":"Point","coordinates":[-78.26453,43.36083]},"properties":{"site":"04219915","name":"JOHNSON CREEK AT KUCKVILLE NY","state":"New York","huc":"041300010504","type":"ST","d0":"2026-09-07","t":[20.3,20.3,20.7,21.0,20.3,19.5,20.5,19.6,18.7,19.4,20.3,20.1,18.8,17.8,16.8,15.6,15.4,15.0,14.6,15.1,15.4,16.3,17.1,17.3,18.3,18.2,16.5,15.2,14.9,13.3],"q":[158,122,103,135,143,99.2,83.0,82.0,138,100,81.0,68.7,56.0,53.1,49.4,46.3,40.7,37.5,49.4,74.3,73.6,74.8,73.9,72.7,70.0,90.1,131,107,89.9,79.5],"latest":{"d":"2026-10-06","t":13.3,"q":79.5}}},{"type":"Feature","geometry":{"type":"Point","coordinates":[-78.38639,43.17431]},"properties":{"site":"04220045","name":"OAK ORCHARD CREEK NEAR SHELBY NY","state":"New York","huc":"041300010405","type":"ST","d0":"2026-09-07","t":[20.0,19.7,19.9,20.3,19.9,19.1,19.8,19.2,17.9,18.5,19.2,19.3,17.9,17.0,15.9,14.6,14.4,14.3,13.9,14.1,14.4,15.1,15.7,16.0,17.0,17.4,15.8,14.9,14.6,13.1],"q":[471,483,493,497,484,465,449,456,439,422,404,382,354,326,292,258,226,199,173,156,138,119,102,84.3,74.9,89.7,92.6,86.5,82.3,73.4],"latest":{"d":"2026-10-06","t":13.1,"q":73.4}}},{"type":"Feature","geometry":{"type":"Point","coordinates":[-78.31044,43.301]},"properties":{"site":"0422016550","name":"OAK ORCHARD CREEK NEAR KENYONVILLE NY","state":"New York","huc":"041300010407","type":"ST","d0":"2026-09-07","t":[21.6,21.4,21.3,21.2,20.7,20.7,20.7,20.4,20.1,20.2,20.3,20.1,19.4,19.1,18.2,17.8,17.3,17.0,16.7,16.7,16.8,17.3,17.9,17.9,18.6,18.1,16.8,16.5,15.9,14.8],"q":[928,932,937,1000,1030,1000,912,900,894,856,828,813,781,751,715,678,611,525,428,402,386,363,294,452,397,451,436,394,409,403],"latest":{"d":"2026-10-06","t":14.8,"q":403}}},{"type":"Feature","geometry":{"type":"Point","coordinates":[-78.19306,43.35331]},"properties":{"site":"0422018610","name":"OAK ORCHARD CREEK AT THE BRIDGES NY","state":"New York","huc":"041300010408","type":"ST","d0":"2026-09-07","t":[22.4,22.6,22.1,22.6,21.8,21.3,21.6,21.3,20.5,20.8,21.0,21.0,20.2,19.8,19.0,18.4,18.1,17.7,17.5,17.5,17.5,17.5,17.9,18.2,18.6,18.6,17.8,17.2,17.4,16.4],"q":[885,865,896,982,917,878,837,867,852,778,810,781,768,691,640,640,579,486,433,407,392,389,310,395,387,407,382,359,360,348],"latest":{"d":"2026-10-06","t":16.4,"q":348}}},{"type":"Feature","geometry":{"type":"Point","coordinates":[-77.92781,43.33539]},"properties":{"site":"04220223","name":"SANDY CREEK AT NORTH HAMLIN NY","state":"New York","huc":"041300010303","type":"ST","d0":"2026-09-07","t":[20.2,20.6,20.8,21.9,20.6,19.9,21.4,20.0,18.1,20.4,21.3,20.7,18.2,17.8,16.6,null,null,15.4,15.1,15.6,16.2,17.2,17.8,17.6,18.6,18.5,16.0,14.9,15.2,13.3],"q":[102,90.7,85.4,99.4,96.6,85.0,82.9,99.2,80.5,78.2,74.9,71.8,69.4,69.4,68.1,67.4,66.1,65.7,75.7,81.9,81.9,83.0,84.1,83.9,83.1,92.8,103,90.2,87.0,83.2],"latest":{"d":"2026-10-06","t":13.3,"q":83.2}}},{"type":"Feature","geometry":{"type":"Point","coordinates":[-77.74208,43.25386]},"properties":{"site":"0422026250","name":"NORTHRUP CREEK AT NORTH GREECE NY","state":"New York","huc":"041300010103","type":"ST","d0":"2026-09-07","t":[18.7,19.0,19.7,20.6,19.0,18.6,20.2,18.4,17.0,18.7,19.6,18.9,16.8,16.6,15.4,14.8,14.3,13.6,13.5,13.9,14.5,15.6,16.3,16.4,17.6,17.5,14.8,13.8,13.8,11.8],"q":[3.35,2.45,4.23,5.26,3.53,2.68,2.45,2.58,2.2,2.71,2.61,2.42,1.93,1.91,1.83,1.86,1.86,1.77,1.68,1.7,1.65,1.96,2.32,2.21,2.04,4.38,3.31,2.79,2.57,2.45],"latest":{"d":"2026-10-06","t":11.8,"q":2.45}}},{"type":"Feature","geometry":{"type":"Point","coordinates":[-77.61631,43.14172]},"properties":{"site":"04231600","name":"GENESEE RIVER AT FORD STREET BRIDGE, ROCHESTER NY","state":"New York","huc":"041300030704","type":"ST","d0":"2026-09-07","t":[21.2,20.9,20.9,20.9,20.9,20.9,21.3,21.1,20.5,20.2,20.3,20.8,20.2,19.9,19.0,18.2,18.1,18.0,17.6,17.2,16.8,16.5,16.4,16.4,16.8,17.1,17.1,16.9,16.8,16.1],"q":[2010,1350,1110,1120,1550,1550,1120,969,1060,1260,1180,926,973,913,761,775,832,803,775,750,576,665,627,507,615,761,853,821,807,682],"latest":{"d":"2026-10-06","t":16.1,"q":682}}},{"type":"Feature","geometry":{"type":"Point","coordinates":[-77.527,43.12803]},"properties":{"site":"04232050","name":"ALLEN CREEK NEAR ROCHESTER NY","state":"New York","huc":"041401010703","type":"ST","d0":"2026-09-07","t":[18.2,18.3,19.3,19.6,18.3,17.8,19.4,18.2,17.0,17.9,18.0,17.6,16.2,16.3,15.5,14.9,14.8,14.4,14.3,14.5,14.9,15.4,15.8,15.7,16.5,16.8,15.0,14.2,14.7,13.1],"q":[16.5,13.9,45.3,25.7,16.5,13.1,21.2,16.1,13.4,13.6,8.36,7.21,6.9,6.39,6.22,6.11,5.6,4.72,4.66,4.51,4.41,5.74,5.19,4.73,4.71,16.3,7.11,5.22,5.45,4.31],"latest":{"d":"2026-10-06","t":13.1,"q":4.31}}},{"type":"Feature","geometry":{"type":"Point","coordinates":[-77.51197,43.14483]},"properties":{"site":"0423205010","name":"IRONDEQUOIT CR ABOVE BLOSSOM RD NEAR ROCHESTER NY","state":"New York","huc":"041401010705","type":"ST","d0":"2026-09-07","t":[18.2,18.1,18.9,19.6,18.4,17.7,19.0,18.2,16.5,17.7,18.4,18.2,16.6,16.4,15.6,14.6,14.3,13.9,13.6,13.7,14.1,14.8,15.4,15.6,16.3,16.7,14.8,13.6,14.0,12.4],"q":[96.3,85.4,145,140,100,83.5,96.5,89.6,77.5,81.4,73.6,70.8,68.6,67.9,66.9,65.5,63.7,62.1,61.7,60.7,61.0,68.9,65.4,63.5,62.6,91.1,72.6,62.8,61.3,58.1],"latest":{"d":"2026-10-06","t":12.4,"q":58.1}}},{"type":"Feature","geometry":{"type":"Point","coordinates":[-74.72167,43.74403]},"properties":{"site":"04253296","name":"BUCK CREEK NEAR INLET NY","state":"New York","huc":"041501010503","type":"ST","d0":"2026-09-07","t":[12.2,12.5,13.2,14.0,12.8,11.7,13.5,12.5,10.4,11.8,12.7,12.9,10.3,10.2,9.9,9.1,8.6,8.2,8.2,9.6,10.1,10.4,10.5,10.6,11.7,12.4,10.5,9.2,9.6,7.5],"q":[0.09,0.09,0.21,0.52,0.16,0.11,0.23,0.21,0.13,0.11,0.12,0.11,0.11,0.17,0.17,0.13,0.11,0.11,0.1,0.1,0.1,0.11,0.11,0.11,0.1,0.15,0.17,0.12,0.12,0.13],"latest":{"d":"2026-10-06","t":7.5,"q":0.13}}},{"type":"Feature","geometry":{"type":"Point","coordinates":[-73.85739,44.392]},"properties":{"site":"04274185","name":"WHITE BROOK NEAR WILMINGTON NY","state":"New York","huc":"043001040203","type":"ST","d0":"2026-09-07","t":[11.8,12.0,12.3,13.3,11.7,11.4,12.7,11.6,10.6,11.7,12.2,11.7,9.9,9.9,9.7,9.1,9.0,9.0,9.3,9.7,9.6,9.8,9.8,9.9,11.1,11.8,9.6,9.0,9.1,7.3],"q":[0.28,0.2,0.34,0.49,0.39,0.26,0.4,0.25,0.07,0.06,null,null,0.06,0.11,0.03,null,null,null,null,null,null,0.02,null,null,null,0.69,1.11,0.95,1.2,1.27],"latest":{"d":"2026-10-06","t":7.3,"q":1.27}}},{"type":"Feature","geometry":{"type":"Point","coordinates":[-96.79556,46.65972]},"properties":{"site":"05051522","name":"RED RIVER OF THE NORTH AT HICKSON, ND","state":"North Dakota","huc":"090201040403","type":"ST","d0":"2026-09-07","t":[24.6,24.2,23.3,22.6,22.2,21.0,19.7,18.5,17.6,17.4,17.3,17.2,17.4,17.7,17.8,17.3,17.1,17.0,16.9,17.0,17.4,17.1,17.6,18.1,17.4,16.5,15.6,14.4,14.1,14.0],"q":[127,125,128,136,228,306,250,209,213,244,290,367,370,355,328,309,305,313,338,357,365,367,365,368,388,390,391,385,361,347],"latest":{"d":"2026-10-06","t":14.0,"q":347}}},{"type":"Feature","geometry":{"type":"Point","coordinates":[-96.78333,46.86111]},"properties":{"site":"05054000","name":"RED RIVER OF THE NORTH AT FARGO, ND","state":"North Dakota","huc":"090201040504","type":"ST","d0":"2026-09-07","t":[24.7,24.5,24.2,23.7,23.3,22.5,21.6,20.5,19.3,18.8,18.2,18.6,18.6,18.3,18.1,17.9,17.5,17.4,17.5,17.5,17.7,17.6,17.8,18.1,18.0,17.2,16.8,16.4,15.9,15.6],"q":[153,139,126,131,150,254,305,333,266,245,258,306,358,357,332,311,297,319,324,360,367,454,549,464,405,386,383,382,365,357],"latest":{"d":"2026-10-06","t":15.6,"q":357}}},{"type":"Feature","geometry":{"type":"Point","coordinates":[-99.41556,47.90778]},"properties":{"site":"05055300","name":"SHEYENNE R AB DEVILS LK STATE OUTLET NR FLORA, ND","state":"North Dakota","huc":"090202020804","type":"ST","d0":"2026-09-07","t":[21.8,20.8,20.1,19.7,19.0,17.4,16.5,15.1,14.5,14.1,15.4,16.7,17.4,16.2,16.3,14.4,14.5,15.1,16.0,16.6,15.8,15.2,16.5,16.2,15.0,12.9,12.4,12.2,12.1,12.7],"q":[0.78,3.2,7.9,16.1,21.0,15.2,12.0,11.4,10.0,7.37,5.41,4.75,4.28,3.81,3.1,2.83,2.26,1.27,0.89,1.84,1.88,3.37,13.0,22.6,20.8,17.9,22.3,25.8,26.7,31.2],"latest":{"d":"2026-10-06","t":12.7,"q":31.2}}},{"type":"Feature","geometry":{"type":"Point","coordinates":[-99.27611,47.82139]},"properties":{"site":"05055400","name":"SHEYENNE R BL DEVILS LK STATE OUTLET NR BREMEN, ND","state":"North Dakota","huc":"090202020901","type":"ST","d0":"2026-09-07","t":[22.0,20.8,19.5,19.9,19.2,16.5,16.3,14.7,14.1,14.4,16.0,17.6,18.3,16.7,16.8,15.0,14.6,16.0,16.9,16.9,16.5,15.4,17.3,17.0,14.4,12.2,12.2,12.4,12.3,13.4],"q":[3.65,1.89,1.13,4.5,16.8,18.8,16.5,17.7,10.1,13.3,14.1,12.9,12.7,13.0,12.3,11.7,12.8,12.7,13.2,14.1,11.8,21.2,22.8,28.7,36.8,35.3,34.2,37.2,41.0,42.0],"latest":{"d":"2026-10-06","t":13.4,"q":42.0}}},{"type":"Feature","geometry":{"type":"Point","coordinates":[-98.49444,47.86083]},"properties":{"site":"05056678","name":"TOLNA COULEE NEAR TOLNA, ND","state":"North Dakota","huc":"090202030203","type":"ST","d0":"2026-09-07","t":[20.7,20.3,19.0,19.2,18.3,16.2,15.3,13.6,13.2,13.6,14.8,15.7,18.1,16.4,15.9,14.0,13.4,14.7,15.2,16.1,16.1,14.7,16.4,16.0,13.7,11.0,11.4,11.9,null,null],"q":[0.73,0.78,0.52,3.33,2.95,0.36,0.26,0.5,0.56,0.41,0.37,0.34,0.33,0.29,0.28,0.25,0.3,0.36,0.35,0.55,0.48,2.2,1.36,0.7,0.48,0.43,0.45,0.41,null,null],"latest":{"d":"2026-10-04","t":11.9,"q":0.41}}},{"type":"Feature","geometry":{"type":"Point","coordinates":[-98.02722,47.43278]},"properties":{"site":"05057000","name":"SHEYENNE RIVER NEAR COOPERSTOWN, ND","state":"North Dakota","huc":"090202030505","type":"ST","d0":"2026-09-07","t":[22.6,22.3,21.2,20.2,20.1,18.5,17.2,15.7,14.2,14.0,15.0,16.2,17.4,17.3,17.0,16.5,15.6,15.6,16.3,16.7,17.0,16.1,15.9,16.9,15.8,13.5,12.8,12.8,12.5,12.9],"q":[158,140,112,89.8,76.2,65.8,55.7,53.2,56.1,56.0,52.8,55.2,60.7,62.2,63.2,57.9,52.6,52.5,49.6,49.0,49.3,56.0,81.1,105,109,101,94.8,92.4,84.8,79.9],"latest":{"d":"2026-10-06","t":12.9,"q":79.9}}},{"type":"Feature","geometry":{"type":"Point","coordinates":[-98.08333,47.03389]},"properties":{"site":"05058000","name":"SHEYENNE RIVER BELOW BALDHILL DAM, ND","state":"North Dakota","huc":"090202040105","type":"ST","d0":"2026-09-07","t":[22.9,22.8,22.4,22.1,21.8,21.2,20.8,19.9,19.5,19.1,19.1,18.9,18.9,18.6,18.6,18.4,17.7,18.0,17.9,17.7,17.7,16.8,17.3,17.2,17.2,16.5,16.2,16.0,15.9,15.8],"q":[184,167,138,109,99.2,98.5,90.7,74.4,64.8,64.5,62.3,61.6,61.4,62.4,61.8,53.8,34.1,23.7,23.1,22.5,21.9,21.9,260,556,643,397,213,212,210,194],"latest":{"d":"2026-10-06","t":15.8,"q":194}}},{"type":"Feature","geometry":{"type":"Point","coordinates":[-96.92694,46.74639]},"properties":{"site":"05059300","name":"SHEYENNE R AB SHEYENNE R DIVERSION NR HORACE, ND","state":"North Dakota","huc":"090202040606","type":"ST","d0":"2026-09-07","t":[24.2,23.9,22.7,21.7,21.2,19.7,18.6,16.8,16.1,15.9,16.2,16.7,17.2,17.4,16.9,16.2,15.7,16.1,16.5,16.7,17.3,16.6,17.3,17.6,16.6,15.0,13.7,13.4,13.6,13.8],"q":[190,189,188,185,185,192,191,196,192,184,177,167,165,163,159,142,130,125,122,122,123,125,129,129,132,127,162,722,861,884],"latest":{"d":"2026-10-06","t":13.8,"q":884}}},{"type":"Feature","geometry":{"type":"Point","coordinates":[-96.818,47.09276]},"properties":{"site":"05062130","name":"RED RIVER OF THE NORTH NEAR GEORGETOWN, MN","state":"North Dakota","huc":"090201070101","type":"ST","d0":"2026-09-07","t":[24.2,23.9,22.6,21.6,21.5,19.9,18.9,17.5,16.8,16.7,17.3,18.1,18.4,18.3,17.6,16.9,16.6,16.8,17.1,17.2,17.7,16.9,17.5,18.1,17.3,15.7,15.0,14.6,14.1,14.1],"q":[319,297,281,269,272,278,371,485,703,574,487,472,509,560,577,554,506,508,548,503,552,560,984,1190,880,719,649,611,866,1250],"latest":{"d":"2026-10-06","t":14.1,"q":1250}}},{"type":"Feature","geometry":{"type":"Point","coordinates":[-96.84333,47.35194]},"properties":{"site":"05064500","name":"RED RIVER OF THE NORTH AT HALSTAD, MN","state":"North Dakota","huc":"090201070603","type":"ST","d0":"2026-09-07","t":[24.0,23.9,22.7,21.9,21.4,19.8,18.8,17.1,16.4,16.6,17.0,17.7,18.2,18.2,17.9,17.5,16.8,16.6,17.0,17.0,17.8,17.1,17.8,18.2,17.4,16.0,14.9,14.5,14.0,14.3],"q":[359,345,331,315,308,307,310,387,503,646,585,503,483,501,545,562,547,539,524,554,528,563,640,1030,1220,1060,929,818,750,946],"latest":{"d":"2026-10-06","t":14.3,"q":946}}},{"type":"Feature","geometry":{"type":"Point","coordinates":[-97.02889,47.92694]},"properties":{"site":"05082500","name":"RED RIVER OF THE NORTH AT GRAND FORKS, ND","state":"North Dakota","huc":"090203010705","type":"ST","d0":"2026-09-07","t":[null,null,23.0,22.4,21.9,21.1,20.3,19.1,17.9,17.4,17.6,17.8,17.9,17.6,17.5,17.3,17.1,16.8,16.9,16.9,17.1,16.9,17.2,17.5,17.3,16.4,15.8,15.1,14.5,14.3],"q":[835,770,862,1190,1190,1080,988,928,955,1080,1190,1280,1250,1240,1250,1270,1290,1370,1440,1380,1140,1110,1640,1950,3280,4680,4400,3670,3070,2600],"latest":{"d":"2026-10-06","t":14.3,"q":2600}}},{"type":"Feature","geometry":{"type":"Point","coordinates":[-91.53514,47.92281]},"properties":{"site":"05124480","name":"KAWISHIWI RIVER NEAR ELY, MN","state":"Minnesota","huc":"090300010908","type":"ST","d0":"2026-09-07","t":[22.1,21.5,20.6,20.2,20.1,19.8,19.1,18.3,17.7,17.7,17.8,17.3,17.5,17.7,17.2,16.9,16.7,16.3,16.5,16.6,16.7,16.9,17.0,17.0,16.5,15.9,15.3,15.0,14.6,14.4],"q":[27.3,27.2,26.3,25.1,25.1,27.2,25.9,25.5,26.6,25.9,25.6,25.0,24.5,23.9,22.7,21.9,21.2,20.8,21.2,20.6,20.4,20.0,20.2,20.4,19.6,18.6,18.0,17.4,16.8,16.4],"latest":{"d":"2026-10-06","t":14.4,"q":16.4}}},{"type":"Feature","geometry":{"type":"Point","coordinates":[-93.91331,48.63443]},"properties":{"site":"05133500","name":"RAINY RIVER AT MANITOU RAPIDS, MN","state":"Minnesota","huc":"090300080504","type":"ST","d0":"2026-09-07","t":[23.2,22.6,20.0,20.1,20.5,18.3,17.1,15.5,15.5,16.0,17.3,16.4,16.9,16.1,15.9,15.5,15.5,15.4,16.6,16.5,17.0,16.3,16.9,17.2,15.4,14.0,13.7,13.2,12.7,13.3],"q":[4230,4280,4380,4530,4410,4320,4340,4370,4260,4380,4330,4340,4460,4560,4580,4540,4470,4470,4450,4500,4620,4720,4950,5110,5520,5780,5730,5620,5580,5410],"latest":{"d":"2026-10-06","t":13.3,"q":5410}}},{"type":"Feature","geometry":{"type":"Point","coordinates":[-93.31045,45.0498]},"properties":{"site":"05288705","name":"SHINGLE CREEK AT QUEEN AVE IN MINNEAPOLIS, MN","state":"Minnesota","huc":"070102060402","type":"ST","d0":"2026-09-07","t":[21.2,21.8,22.0,21.2,21.2,20.0,17.9,16.1,17.1,16.9,18.1,17.9,16.9,16.4,15.3,14.8,15.4,15.6,16.5,15.9,16.4,16.7,17.2,17.9,17.2,15.3,14.8,14.6,13.9,15.2],"q":[1.59,14.1,10.0,7.34,4.57,3.2,2.19,3.45,3.31,5.66,15.9,17.0,16.4,15.5,12.9,8.47,5.09,3.4,2.74,2.41,2.76,2.59,7.2,8.94,8.73,5.82,4.64,4.54,4.17,4.16],"latest":{"d":"2026-10-06","t":15.2,"q":4.16}}},{"type":"Feature","geometry":{"type":"Point","coordinates":[-93.21294,44.9155]},"properties":{"site":"05289800","name":"MINNEHAHA CREEK AT HIAWATHA AVE. IN MINNEAPOLIS,MN","state":"Minnesota","huc":"070102060605","type":"ST","d0":"2026-09-07","t":[23.9,23.3,23.1,21.9,21.5,21.0,19.1,17.0,17.1,17.4,20.2,19.6,19.1,18.6,17.3,16.9,16.8,17.1,17.9,17.4,17.4,18.1,18.1,18.3,17.5,16.0,16.5,16.1,15.3,16.4],"q":[1.51,5.53,3.74,2.85,2.17,1.93,1.7,1.7,1.93,3.53,27.1,27.5,29.3,20.3,12.7,6.67,4.37,3.92,3.63,3.07,3.52,3.67,15.3,26.2,17.8,10.8,6.58,5.72,4.96,3.74],"latest":{"d":"2026-10-06","t":16.4,"q":3.74}}},{"type":"Feature","geometry":{"type":"Point","coordinates":[-91.32938,46.17137]},"properties":{"site":"05331833","name":"NAMEKAGON RIVER AT LEONARDS, WI","state":"Wisconsin","huc":"070300020105","type":"ST","d0":"2026-09-07","t":[17.2,16.5,15.9,14.9,15.5,15.8,13.4,11.4,13.5,12.9,13.8,12.2,12.5,12.4,11.9,11.5,11.4,11.9,12.8,13.0,14.0,14.2,13.9,14.8,13.6,10.6,10.3,10.7,10.1,12.1],"q":[40.8,42.3,40.9,40.6,39.2,41.6,43.4,41.2,43.4,42.1,42.3,42.9,42.3,39.7,39.4,40.7,39.3,39.4,38.7,39.5,39.5,39.5,42.9,42.2,42.3,42.3,42.2,43.9,43.0,39.0],"latest":{"d":"2026-10-06","t":12.1,"q":39.0}}},{"type":"Feature","geometry":{"type":"Point","coordinates":[-92.64694,45.40694]},"properties":{"site":"05340500","name":"ST. CROIX RIVER AT ST. CROIX FALLS, WI","state":"Wisconsin","huc":"070300050902","type":"ST","d0":"2026-09-07","t":[24.4,23.4,23.2,22.6,22.5,22.1,21.4,20.1,19.4,18.5,18.1,18.0,18.0,17.6,16.7,16.3,15.9,15.8,16.1,16.4,16.7,17.0,17.2,17.7,17.7,17.4,17.3,16.5,15.6,15.3],"q":[1330,1590,1580,1410,1500,1500,1420,1450,1490,1490,1720,1540,1630,1680,1670,1580,1530,1500,1530,1500,1480,1450,1530,1640,1590,1570,1470,1650,1660,1620],"latest":{"d":"2026-10-06","t":15.3,"q":1620}}},{"type":"Feature","geometry":{"type":"Point","coordinates":[-92.23833,44.85278]},"properties":{"site":"05370000","name":"EAU GALLE RIVER AT SPRING VALLEY, WI","state":"Wisconsin","huc":"070500051004","type":"ST","d0":"2026-09-07","t":[20.3,20.3,20.5,20.2,19.8,19.6,19.0,18.3,18.7,18.3,18.4,17.9,17.7,17.4,16.9,16.7,16.5,16.3,16.6,16.3,16.4,16.3,16.2,16.6,16.2,15.8,15.8,15.8,15.4,15.5],"q":[13.8,14.9,16.0,15.2,14.1,13.7,13.1,12.8,13.4,12.7,15.5,16.5,18.8,17.7,15.9,14.5,13.5,12.8,13.3,12.6,12.4,12.6,13.1,14.1,13.3,12.6,11.8,11.4,10.9,11.0],"latest":{"d":"2026-10-06","t":15.5,"q":11.0}}},{"type":"Feature","geometry":{"type":"Point","coordinates":[-90.65722,43.99389]},"properties":{"site":"05382255","name":"STILLWELL CREEK AT SIXTEENTH COURT NEAR TOMAH, WI","state":"Wisconsin","huc":"070400060201","type":"ST","d0":"2026-09-07","t":[17.9,17.6,18.1,17.2,17.3,17.4,16.0,15.3,16.4,15.6,16.1,15.8,15.7,15.6,14.9,14.6,14.3,14.5,15.1,15.0,15.3,15.6,15.4,15.9,15.7,14.0,14.4,14.0,13.5,14.3],"q":[1.83,1.98,1.89,1.85,1.86,1.85,1.85,3.27,2.76,2.03,2.05,2.95,2.38,2.11,2.04,2.08,2.02,2.04,2.07,2.05,2.06,2.09,2.08,2.22,2.09,1.93,1.94,1.92,1.91,1.95],"latest":{"d":"2026-10-06","t":14.3,"q":1.95}}},{"type":"Feature","geometry":{"type":"Point","coordinates":[-90.68111,44.00056]},"properties":{"site":"05382257","name":"STILLWELL CREEK AT YARD ROAD NEAR TOMAH, WI","state":"Wisconsin","huc":"070400060201","type":"ST","d0":"2026-09-07","t":[17.9,17.8,20.0,17.0,13.8,14.1,14.8,14.2,17.5,16.1,15.9,16.5,16.2,14.9,12.3,13.0,13.5,13.7,14.6,15.4,15.6,15.8,15.0,16.1,14.8,12.1,12.9,13.4,11.5,12.1],"q":[1.56,1.82,2.53,1.49,0.94,1.01,1.43,2.65,5.07,2.08,1.87,5.8,5.94,3.39,1.56,1.93,2.15,2.0,2.02,2.64,2.54,2.53,2.04,2.61,1.96,1.28,1.7,1.7,1.13,1.08],"latest":{"d":"2026-10-06","t":12.1,"q":1.08}}},{"type":"Feature","geometry":{"type":"Point","coordinates":[-90.72444,44.00028]},"properties":{"site":"05382267","name":"LA CROSSE RIVER @ CNTY TRUNK HIGHWY BB NR TOMAH,WI","state":"Wisconsin","huc":"070400060204","type":"ST","d0":"2026-09-07","t":[16.8,16.3,16.9,16.0,15.4,16.0,14.3,12.8,14.7,14.6,14.9,14.5,14.6,15.1,14.1,13.4,12.9,12.9,14.0,14.0,14.1,14.2,13.8,14.2,14.3,12.4,12.0,12.4,11.6,12.1],"q":[60.7,62.2,62.9,60.7,59.1,58.4,57.9,68.4,113,77.3,73.8,93.8,178,159,104,86.0,77.8,74.2,72.7,71.5,70.7,70.1,68.9,69.3,69.6,67.4,65.3,64.3,62.8,62.0],"latest":{"d":"2026-10-06","t":12.1,"q":62.0}}},{"type":"Feature","geometry":{"type":"Point","coordinates":[-90.765,43.96722]},"properties":{"site":"05382284","name":"SILVER CREEK AT STATE HIGHWAY 21 NEAR ANGELO, WI","state":"Wisconsin","huc":"070400060203","type":"ST","d0":"2026-09-07","t":[17.0,16.5,16.7,16.2,15.6,16.1,15.1,13.6,14.4,14.7,14.8,14.1,14.2,14.8,13.6,13.1,12.6,12.7,14.0,14.0,13.9,14.1,13.9,14.4,14.2,12.3,11.9,12.4,11.6,12.2],"q":[33.7,35.5,36.4,34.1,33.5,33.3,33.2,39.1,103,51.9,43.8,51.4,114,70.8,55.2,50.7,47.8,45.8,45.4,44.3,43.6,43.1,42.3,43.3,44.3,43.7,42.4,41.6,40.9,40.4],"latest":{"d":"2026-10-06","t":12.2,"q":40.4}}},{"type":"Feature","geometry":{"type":"Point","coordinates":[-89.64083,43.10972]},"properties":{"site":"05406457","name":"BLACK EARTH CREEK NR BREWERY RD AT CROSS PLAINS,WI","state":"Wisconsin","huc":"070700050501","type":"ST","d0":"2026-09-07","t":[14.4,13.3,14.9,14.2,14.9,14.5,13.1,11.5,13.2,13.6,12.9,12.6,13.8,13.5,13.3,13.2,13.3,13.2,12.7,12.4,12.4,13.2,13.0,13.5,13.4,12.2,11.8,11.9,11.4,12.1],"q":[8.35,8.55,8.38,9.66,16.2,16.7,13.0,8.75,10.2,8.99,9.39,10.6,19.4,18.7,22.3,21.0,20.0,16.4,11.3,10.6,10.3,10.4,13.6,16.1,17.1,14.9,12.7,11.2,10.2,9.68],"latest":{"d":"2026-10-06","t":12.1,"q":9.68}}},{"type":"Feature","geometry":{"type":"Point","coordinates":[-89.66417,43.11472]},"properties":{"site":"05406479","name":"BLACK EARTH CK NR TREATMENT PLNT @ CROSS PLAINS,WI","state":"Wisconsin","huc":"070700050502","type":"ST","d0":"2026-09-07","t":[15.5,14.5,16.0,15.1,15.5,15.0,13.8,12.3,14.3,14.5,14.0,13.5,15.0,14.2,13.6,13.4,13.5,13.7,13.6,13.2,13.2,14.0,13.6,14.1,14.6,12.9,12.5,12.7,12.1,12.8],"q":[13.4,13.1,13.7,14.1,20.6,20.9,17.7,12.7,15.8,12.6,12.0,12.0,44.6,21.7,22.2,20.4,19.1,16.3,11.7,11.0,10.5,10.3,12.5,15.4,29.6,16.7,13.6,12.6,12.1,11.5],"latest":{"d":"2026-10-06","t":12.8,"q":11.5}}},{"type":"Feature","geometry":{"type":"Point","coordinates":[-91.2618,42.73999]},"properties":{"site":"05412500","name":"Turkey River at Garber, IA","state":"Iowa","huc":"070600040902","type":"ST","d0":"2026-09-07","t":[21.8,21.5,23.1,22.6,21.9,21.8,19.3,17.0,17.9,18.6,19.3,19.2,18.0,18.0,17.4,16.2,15.8,16.3,16.9,16.5,16.4,16.7,16.6,16.9,17.3,16.5,15.4,15.3,15.0,15.1],"q":[579,571,624,627,587,565,542,524,619,871,882,842,14200,20300,10200,7580,6220,4930,4160,3630,3290,3070,2860,2720,8530,12800,7220,5380,4440,3850],"latest":{"d":"2026-10-06","t":15.1,"q":3850}}},{"type":"Feature","geometry":{"type":"Point","coordinates":[-90.19041,41.82725]},"properties":{"site":"05420460","name":"Beaver Slough at 3rd Street at Clinton, IA","state":"Iowa","huc":"070801010204","type":"ST","d0":"2026-09-07","t":[27.0,26.3,25.9,25.5,25.6,25.4,24.5,22.8,22.1,22.3,22.2,22.4,21.3,20.6,19.3,18.7,18.1,18.4,18.5,18.4,18.7,19.3,19.4,19.5,19.1,18.5,18.4,18.3,18.1,17.9],"q":[6560,6020,5230,5040,6070,6230,6170,6070,5760,5200,8270,8810,null,19700,21200,20400,18400,16000,13300,10600,10000,9800,8820,9490,12500,12900,14500,13200,10500,8220],"latest":{"d":"2026-10-06","t":17.9,"q":8220}}},{"type":"Feature","geometry":{"type":"Point","coordinates":[-90.25207,41.78059]},"properties":{"site":"05420500","name":"Mississippi River at Clinton, IA","state":"Iowa","huc":"070801010204","type":"ST","d0":"2026-09-07","t":[27.4,26.9,26.1,26.2,26.0,25.8,24.6,22.9,22.9,21.8,22.6,22.5,21.6,21.0,19.8,19.1,18.5,18.7,18.9,18.9,19.1,19.7,19.8,19.7,19.3,18.9,18.7,18.8,18.6,18.5],"q":[26200,24100,20900,20200,24300,24900,24700,24300,23000,20800,33100,35200,null,78800,84800,81600,73500,63800,53100,42300,40000,39200,35300,37900,49900,51600,57900,52900,41800,32900],"latest":{"d":"2026-10-06","t":18.5,"q":32900}}},{"type":"Feature","geometry":{"type":"Point","coordinates":[-89.44231,43.14028]},"properties":{"site":"05427930","name":"DORN (SPRING) CREEK AT CT HIGHWAY M NR WAUNAKEE,WI","state":"Wisconsin","huc":"070900020602","type":"ST","d0":"2026-09-07","t":[17.9,16.9,18.2,17.1,16.7,16.9,14.3,12.7,15.0,15.6,15.4,14.5,15.4,15.9,14.4,13.5,13.3,13.6,15.0,13.5,13.6,14.7,14.4,14.8,15.4,13.9,12.4,13.0,12.2,13.1],"q":[4.11,5.01,3.85,4.5,4.31,4.14,3.57,3.42,6.33,3.3,3.49,4.5,17.6,18.9,null,null,null,null,null,null,null,null,2.33,3.61,15.5,11.7,5.47,4.02,3.95,3.86],"latest":{"d":"2026-10-06","t":13.1,"q":3.86}}},{"type":"Feature","geometry":{"type":"Point","coordinates":[-89.51167,43.10333]},"properties":{"site":"05427948","name":"PHEASANT BRANCH AT MIDDLETON, WI","state":"Wisconsin","huc":"070900020603","type":"ST","d0":"2026-09-07","t":[21.6,20.5,21.7,21.0,20.5,20.1,18.6,17.1,17.3,18.2,18.3,17.8,17.3,17.4,16.5,15.9,15.7,16.2,17.0,16.5,16.8,17.7,17.9,18.1,18.2,16.9,16.1,16.5,15.9,16.0],"q":[1.33,1.42,1.95,1.59,1.3,1.25,1.24,1.32,8.52,4.81,2.64,2.0,77.3,32.9,13.8,9.63,5.57,3.58,3.02,2.67,2.44,2.3,2.24,2.67,36.7,19.9,11.2,7.84,5.61,4.49],"latest":{"d":"2026-10-06","t":16.0,"q":4.49}}},{"type":"Feature","geometry":{"type":"Point","coordinates":[-89.36154,42.99952]},"properties":{"site":"05429369","name":"SWAN CREEK AT LALOR ROAD NEAR FITCHBURG, WI","state":"Wisconsin","huc":"070900020703","type":"ST","d0":"2026-09-07","t":[16.3,15.6,17.1,15.9,15.6,15.7,13.9,12.4,14.8,15.2,14.9,14.6,16.4,16.3,15.0,14.0,13.5,13.9,14.6,13.1,13.3,14.1,13.9,14.7,15.9,14.4,12.8,13.0,11.9,12.6],"q":[1.6,1.65,1.73,1.62,1.58,1.6,1.59,1.58,2.24,1.79,1.74,1.78,74.2,19.3,6.28,4.91,3.78,3.1,2.73,2.46,2.34,2.26,2.19,2.5,18.8,8.16,4.27,3.39,2.91,2.67],"latest":{"d":"2026-10-06","t":12.6,"q":2.67}}},{"type":"Feature","geometry":{"type":"Point","coordinates":[-89.53944,42.97694]},"properties":{"site":"05435943","name":"BADGER MILL CREEK AT VERONA, WI","state":"Wisconsin","huc":"070900040201","type":"ST","d0":"2026-09-07","t":[16.9,15.7,17.6,16.2,16.2,16.1,14.4,12.9,15.0,15.5,15.0,14.4,16.7,16.5,15.0,14.1,14.1,14.1,14.4,13.8,13.9,15.0,14.3,14.5,16.4,15.6,14.2,13.9,13.1,13.5],"q":[5.95,6.64,6.57,6.03,5.96,6.81,6.34,6.01,7.81,6.81,6.6,6.9,170,41.6,15.6,9.66,7.78,7.3,7.11,7.07,7.74,7.23,7.15,8.77,40.2,21.8,11.0,9.32,7.63,7.68],"latest":{"d":"2026-10-06","t":13.5,"q":7.68}}},{"type":"Feature","geometry":{"type":"Point","coordinates":[-89.54417,42.94917]},"properties":{"site":"05435950","name":"SUGAR RIVER NEAR VERONA, WI","state":"Wisconsin","huc":"070900040203","type":"ST","d0":"2026-09-07","t":[18.2,17.0,18.3,17.6,17.2,16.9,15.1,13.2,14.7,15.8,15.7,15.2,16.2,16.2,15.0,14.1,14.0,14.2,14.7,14.1,14.1,15.1,14.9,14.9,15.7,14.6,13.1,13.2,12.6,13.0],"q":[36.2,37.1,38.8,37.6,36.5,37.5,35.9,36.0,41.3,39.7,36.8,36.4,281,212,147,87.7,55.3,48.1,45.3,43.1,43.2,42.9,41.4,45.3,132,138,94.9,63.6,53.1,48.7],"latest":{"d":"2026-10-06","t":13.0,"q":48.7}}},{"type":"Feature","geometry":{"type":"Point","coordinates":[-89.25536,42.12219]},"properties":{"site":"05440700","name":"ROCK RIVER AT BYRON, IL","state":"Illinois","huc":"070900050407","type":"ST","d0":"2026-09-07","t":[25.4,24.7,24.3,23.9,23.8,24.0,22.7,21.0,20.8,20.5,20.6,20.2,19.5,19.2,18.3,17.7,17.4,17.6,17.7,17.6,17.8,18.1,18.4,18.5,18.4,18.0,17.3,17.2,16.9,16.8],"q":[3160,3110,3150,3150,3140,3070,3040,3090,3240,3340,3690,3790,5300,8810,11200,11800,11500,11100,10500,10100,9340,7760,7480,7570,7500,10000,11800,11800,10900,10100],"latest":{"d":"2026-10-06","t":16.8,"q":10100}}},{"type":"Feature","geometry":{"type":"Point","coordinates":[-92.47009,42.73722]},"properties":{"site":"05458300","name":"Cedar River at Waverly, IA","state":"Iowa","huc":"070802011204","type":"ST","d0":"2026-09-07","t":[22.5,21.5,22.3,22.4,22.1,22.2,20.2,17.9,18.4,18.5,19.5,19.8,19.3,18.9,17.3,16.1,16.1,16.3,16.6,16.5,16.2,16.7,16.8,16.9,17.4,16.4,15.9,15.9,15.7,15.9],"q":[656,665,693,708,642,724,658,656,739,750,963,1070,1470,2100,5340,9760,8030,5600,4350,3570,3030,2800,3260,3270,4590,4800,3670,2890,2400,2130],"latest":{"d":"2026-10-06","t":15.9,"q":2130}}},{"type":"Feature","geometry":{"type":"Point","coordinates":[-92.02379,42.17083]},"properties":{"site":"05464315","name":"Cedar River at Vinton, IA","state":"Iowa","huc":"070802051105","type":"ST","d0":"2026-09-07","t":[20.9,22.1,22.1,20.4,20.4,19.9,16.5,16.6,19.4,17.9,19.3,19.8,20.1,20.0,18.8,18.0,17.6,17.5,17.7,17.8,17.9,18.2,18.2,18.5,18.6,18.3,17.7,17.5,17.2,17.3],"q":[2790,2730,2830,2800,2700,2730,2720,2610,2860,3130,3740,5180,8270,12300,11400,11900,14000,15600,13600,11000,9610,9790,10000,10000,11500,20000,22500,24300,21300,15800],"latest":{"d":"2026-10-06","t":17.3,"q":15800}}},{"type":"Feature","geometry":{"type":"Point","coordinates":[-91.78518,42.06916]},"properties":{"site":"05464420","name":"Cedar River at Blairs Ferry Road at Palo, IA","state":"Iowa","huc":"070802051507","type":"ST","d0":"2026-09-07","t":[24.4,23.8,24.0,23.9,23.7,23.3,21.3,19.1,19.0,18.9,19.3,19.8,20.1,19.4,18.2,17.1,16.4,16.2,null,null,null,null,null,null,null,null,null,null,null,null],"q":[2770,2770,2920,2880,2740,2730,2710,2690,2820,3280,3700,5170,7750,17800,17500,14400,15300,17100,17800,15100,12000,11000,11200,11400,11800,16400,22100,25300,26700,23100],"latest":{"d":"2026-09-24","t":16.2,"q":17100},"sensor":"YSI EXO3"}},{"type":"Feature","geometry":{"type":"Point","coordinates":[-91.7596,41.98942]},"properties":{"site":"05464475","name":"Morgan Creek near Covington, IA","state":"Iowa","huc":"070802051506","type":"ST","d0":"2026-09-07","t":[21.2,21.3,22.1,20.3,19.5,19.8,17.3,16.1,18.6,18.3,19.2,19.2,19.4,19.4,17.3,16.8,16.8,16.9,17.0,16.6,16.7,17.5,16.7,17.9,18.0,16.4,15.9,16.0,15.5,15.8],"q":[4.26,8.11,30.5,10.9,7.43,6.38,5.91,5.71,56.1,33.3,120,147,178,null,181,129,101,82.2,72.0,64.7,57.9,53.2,49.9,135,273,147,92.2,71.0,59.5,53.0],"latest":{"d":"2026-10-06","t":15.8,"q":53.0}}},{"type":"Feature","geometry":{"type":"Point","coordinates":[-92.97547,41.36417]},"properties":{"site":"05488110","name":"Des Moines River near Pella, IA","state":"Iowa","huc":"071000090501","type":"ST","d0":"2026-09-07","t":[25.0,25.1,25.8,26.1,25.4,25.1,24.7,23.8,23.2,null,21.6,20.8,21.4,21.6,21.3,20.9,20.5,19.8,19.4,19.3,19.0,18.8,18.5,18.9,19.1,19.2,19.0,18.9,18.9,18.5],"q":[865,778,7430,19000,22200,18100,12200,7290,10300,18300,21800,22100,22100,19000,20400,22200,21300,19100,17400,17800,19900,21000,20600,14400,9610,16100,22600,24300,24700,24800],"latest":{"d":"2026-10-06","t":18.5,"q":24800}}},{"type":"Feature","geometry":{"type":"Point","coordinates":[-92.41129,41.01085]},"properties":{"site":"05489500","name":"Des Moines River at Ottumwa, IA","state":"Iowa","huc":"071000090709","type":"ST","d0":"2026-09-07","t":[28.9,27.5,26.6,25.4,26.2,25.6,24.7,23.5,23.4,22.4,22.6,22.0,21.6,22.0,21.3,20.9,20.7,20.5,20.1,19.7,19.4,19.3,19.4,19.3,19.6,19.2,19.0,19.2,19.2,19.1],"q":[1070,748,2920,14800,22800,22300,17100,10800,10100,18400,22100,22800,22900,26300,21100,23800,23400,21800,19300,18700,23100,26100,23000,26400,23800,20000,22900,25000,25700,25700],"latest":{"d":"2026-10-06","t":19.1,"q":25700}}},{"type":"Feature","geometry":{"type":"Point","coordinates":[-91.95961,40.72781]},"properties":{"site":"05490500","name":"Des Moines River at Keosauqua, IA","state":"Iowa","huc":"071000091206","type":"ST","d0":"2026-09-07","t":[27.6,27.1,25.6,25.3,25.3,25.6,24.3,23.2,23.8,22.9,22.8,22.5,21.8,21.7,21.1,20.4,20.1,20.1,19.8,19.3,18.9,18.9,19.2,19.1,19.1,19.0,18.5,18.7,18.8,18.8],"q":[1370,1400,1220,6930,19700,22800,19000,13600,9180,14900,20000,22300,22500,25500,23300,22400,23800,22500,20100,18500,20000,26800,24200,24500,28900,23200,21000,24800,25900,26100],"latest":{"d":"2026-10-06","t":18.8,"q":26100}}},{"type":"Feature","geometry":{"type":"Point","coordinates":[-86.70617,41.38964]},"properties":{"site":"05515500","name":"KANKAKEE RIVER AT DAVIS, IN","state":"Indiana","huc":"07120001","type":"ST","d0":"2026-09-07","t":[21.2,20.5,20.4,19.7,18.9,19.6,20.1,18.1,18.1,19.6,19.9,20.3,19.2,18.4,18.2,17.3,16.6,16.2,15.8,15.3,15.4,15.5,16.0,16.0,16.3,16.9,15.7,15.3,15.0,14.5],"q":[421,413,407,413,412,406,398,390,391,409,491,679,655,822,1190,1160,1020,891,798,735,685,644,619,604,619,730,826,766,703,667],"latest":{"d":"2026-10-06","t":14.5,"q":667}}},{"type":"Feature","geometry":{"type":"Point","coordinates":[-86.30442,41.3403]},"properties":{"site":"05516500","name":"YELLOW RIVER AT PLYMOUTH, IN","state":"Indiana","huc":"07120001","type":"ST","d0":"2026-09-07","t":[20.3,19.8,20.2,20.1,19.0,19.4,19.9,17.9,18.1,20.5,21.7,21.7,20.3,19.6,19.0,18.0,17.3,16.9,16.5,15.9,16.0,16.1,16.5,16.8,17.1,17.8,16.4,16.2,15.8,15.0],"q":[103,101,104,101,100,97.1,93.7,92.9,94.7,150,235,328,239,475,934,1010,649,383,304,263,234,213,196,185,192,542,786,510,353,293],"latest":{"d":"2026-10-06","t":15.0,"q":293}}},{"type":"Feature","geometry":{"type":"Point","coordinates":[-86.46667,41.27139]},"properties":{"site":"05516665","name":"YELLOW RIVER NEAR OAK GROVE, IN","state":"Indiana","huc":"07120001","type":"ST","d0":"2026-09-07","t":[21.1,20.5,20.4,20.0,19.3,19.9,20.3,18.4,18.6,20.0,20.5,21.2,20.3,19.6,19.0,18.0,17.3,16.8,16.3,16.0,15.7,15.8,16.2,16.3,17.0,17.4,16.6,16.0,15.5,15.0],"q":[160,156,155,158,154,151,145,142,143,174,248,399,373,387,828,1060,1130,737,479,396,345,310,285,266,264,442,844,902,588,449],"latest":{"d":"2026-10-06","t":15.0,"q":449}}},{"type":"Feature","geometry":{"type":"Point","coordinates":[-86.62054,41.3028]},"properties":{"site":"05517000","name":"YELLOW RIVER AT KNOX, IN","state":"Indiana","huc":"07120001","type":"ST","d0":"2026-09-07","t":[21.6,21.1,20.9,20.4,19.7,20.5,20.7,18.7,19.3,20.5,20.9,21.2,20.4,19.8,18.9,18.1,17.4,16.9,16.4,16.2,15.8,15.9,16.3,16.3,17.2,17.4,16.5,16.1,15.6,15.1],"q":[189,183,180,182,179,176,169,162,164,191,271,424,462,425,872,1180,1290,980,615,492,425,378,345,321,313,462,920,1080,779,568],"latest":{"d":"2026-10-06","t":15.1,"q":568}}},{"type":"Feature","geometry":{"type":"Point","coordinates":[-86.96833,41.22002]},"properties":{"site":"05517500","name":"KANKAKEE RIVER AT DUNNS BRIDGE, IN","state":"Indiana","huc":"07120001","type":"ST","d0":"2026-09-07","t":[22.5,21.7,21.5,20.9,20.1,20.6,21.3,19.5,19.2,20.8,21.2,21.3,20.3,19.5,18.5,17.9,17.3,16.8,16.4,16.0,16.0,16.0,16.4,16.6,16.8,17.5,16.4,16.0,15.6,15.0],"q":[847,827,815,814,805,789,770,754,747,839,963,1250,1430,1550,2110,2560,2700,2680,2430,2100,1830,1660,1520,1430,1410,1520,1840,2070,2060,1870],"latest":{"d":"2026-10-06","t":15.0,"q":1870}}},{"type":"Feature","geometry":{"type":"Point","coordinates":[-87.34031,41.18281]},"properties":{"site":"05518000","name":"KANKAKEE RIVER AT SHELBY, IN","state":"Indiana","huc":"07120001","type":"ST","d0":"2026-09-07","t":[23.9,22.9,22.4,21.6,21.0,21.5,21.8,20.5,20.1,21.3,21.9,22.0,20.9,20.2,19.1,18.2,17.6,17.2,16.9,16.5,16.4,16.4,16.7,16.9,17.2,17.9,17.0,16.4,16.1,15.6],"q":[1200,1160,1140,1120,1130,1110,1090,1070,1050,1110,1260,1510,1760,2010,2610,2940,3100,3150,3080,2880,2620,2380,2170,2040,1980,2070,2280,2470,2570,2520],"latest":{"d":"2026-10-06","t":15.6,"q":2520}}},{"type":"Feature","geometry":{"type":"Point","coordinates":[-87.30667,40.87058]},"properties":{"site":"05524500","name":"IROQUOIS RIVER NEAR FORESMAN, IN","state":"Indiana","huc":"07120002","type":"ST","d0":"2026-09-07","t":[23.8,23.0,23.5,null,null,22.4,22.8,20.4,21.0,23.1,23.7,23.7,22.4,22.0,20.6,19.1,18.3,18.0,17.8,17.1,16.8,17.0,17.2,17.7,19.0,19.0,17.2,16.7,16.3,15.8],"q":[62.8,62.2,60.5,62.2,62.0,60.3,61.8,60.0,56.9,72.6,109,130,134,138,163,214,null,174,153,138,126,118,111,106,103,170,350,320,254,208],"latest":{"d":"2026-10-06","t":15.8,"q":208}}},{"type":"Feature","geometry":{"type":"Point","coordinates":[-88.18672,41.34633]},"properties":{"site":"05527500","name":"KANKAKEE RIVER NEAR WILMINGTON, IL","state":"Illinois","huc":"071200011809","type":"ST","d0":"2026-09-07","t":[26.5,25.7,25.2,24.6,24.1,24.8,23.5,21.5,22.5,23.4,24.0,23.4,22.3,21.4,19.7,18.6,18.6,18.9,18.8,18.1,18.2,18.2,18.5,18.3,18.4,18.1,16.8,17.0,16.7,16.7],"q":[1540,1500,1460,1400,1340,1270,1240,1210,1170,1250,1450,1610,1830,2600,4370,3990,3680,3670,3770,3840,3740,3550,3260,3040,2890,3320,3890,3650,3620,3680],"latest":{"d":"2026-10-06","t":16.7,"q":3680}}},{"type":"Feature","geometry":{"type":"Point","coordinates":[-87.49983,41.61861]},"properties":{"site":"05536356","name":"GRAND CALUMET RIVER AT COLUMBIA AV AT HAMMOND, IN","state":"Indiana","huc":"07120003","type":"ST","d0":"2026-09-07","t":[24.2,23.8,23.7,23.5,23.3,23.9,23.5,22.2,22.4,23.1,23.2,22.4,22.0,21.8,21.2,20.9,20.7,20.9,20.9,20.8,20.9,21.1,21.4,21.2,21.1,20.7,20.4,20.5,20.3,20.3],"q":[36.8,36.9,30.3,38.4,38.0,40.1,39.8,30.1,35.5,37.1,36.2,40.6,35.8,39.7,40.7,36.5,39.0,31.8,32.3,36.1,37.8,38.8,35.0,31.1,34.0,48.7,36.7,39.2,36.0,34.3],"latest":{"d":"2026-10-06","t":20.3,"q":34.3}}},{"type":"Feature","geometry":{"type":"Point","coordinates":[-88.08369,41.53647]},"properties":{"site":"05537980","name":"DES PLAINES RIVER AT ROUTE 53 AT JOLIET, IL","state":"Illinois","huc":"071200040706","type":"ST","d0":"2026-09-07","t":[26.5,26.3,25.8,25.5,25.1,25.2,24.7,23.6,23.6,24.0,23.6,23.0,22.4,22.0,20.8,20.2,19.8,19.8,19.7,19.6,19.8,19.5,20.0,19.9,20.2,19.8,19.3,18.9,18.8,18.7],"q":[1900,2690,1930,2130,2080,2780,2130,1910,2000,2300,5430,5870,6290,13800,8010,7420,6260,5590,null,null,4800,4200,5000,5910,8050,11000,9340,7200,5780,5450],"latest":{"d":"2026-10-06","t":18.7,"q":5450}}},{"type":"Feature","geometry":{"type":"Point","coordinates":[-88.22592,42.61085]},"properties":{"site":"05545750","name":"FOX RIVER NEAR NEW MUNSTER, WI","state":"Wisconsin","huc":"071200061003","type":"ST","d0":"2026-09-07","t":[24.2,23.5,23.6,23.3,23.1,23.3,21.6,19.3,19.4,19.8,19.4,19.3,18.8,18.1,17.3,16.8,16.7,17.2,17.7,17.2,17.2,17.1,17.7,18.0,17.7,16.9,16.1,16.3,15.9,15.8],"q":[448,426,413,372,346,257,272,311,265,389,363,327,847,1880,2920,3250,2800,2330,2150,1940,1720,1400,1150,1020,1260,1910,2010,1910,1750,1520],"latest":{"d":"2026-10-06","t":15.8,"q":1520}}},{"type":"Feature","geometry":{"type":"Point","coordinates":[-88.66056,40.22789]},"properties":{"site":"05578100","name":"SALT CREEK NEAR FARMER CITY, IL","state":"Illinois","huc":"071300090105","type":"ST","d0":"2026-09-07","t":[23.8,23.4,23.5,22.3,22.3,23.9,23.6,21.0,22.5,24.5,26.3,24.4,23.5,23.6,20.0,19.1,18.6,18.8,19.1,19.5,19.1,18.3,18.5,18.6,20.3,19.5,17.8,17.8,17.4,16.8],"q":[17.5,15.2,15.9,17.3,17.8,17.1,16.4,15.4,16.6,22.2,21.1,20.8,23.7,24.5,19.6,19.7,19.0,18.3,18.1,17.3,16.4,16.1,15.5,16.1,17.1,17.6,17.2,17.9,17.1,17.1],"latest":{"d":"2026-10-06","t":16.8,"q":17.1}}},{"type":"Feature","geometry":{"type":"Point","coordinates":[-88.80956,40.23586]},"properties":{"site":"05578250","name":"NORTH FORK SALT CREEK NEAR DE WITT, IL","state":"Illinois","huc":"071300090203","type":"ST","d0":"2026-09-07","t":[23.4,22.4,22.7,22.1,21.8,22.5,22.6,20.7,21.5,22.8,24.1,23.7,23.3,23.1,21.0,19.4,18.5,18.2,18.3,18.0,17.5,16.7,16.6,17.3,18.6,18.8,16.8,16.2,15.6,15.2],"q":[7.0,5.9,5.32,6.09,5.86,5.46,4.39,3.53,3.17,9.97,10.4,8.31,6.1,6.65,5.19,5.27,4.38,4.19,3.96,4.02,3.83,3.79,3.55,3.5,5.26,20.7,14.8,14.5,18.7,22.6],"latest":{"d":"2026-10-06","t":15.2,"q":22.6}}},{"type":"Feature","geometry":{"type":"Point","coordinates":[-89.32778,37.75833]},"properties":{"site":"05599490","name":"BIG MUDDY RIVER AT RTE 127 AT MURPHYSBORO, IL","state":"Illinois","huc":"071401061201","type":"ST","d0":"2026-09-07","t":[29.6,29.5,29.1,28.5,28.0,28.2,28.3,27.7,27.8,28.3,28.9,29.2,28.9,28.6,28.1,26.7,25.3,24.7,24.5,24.0,23.5,23.1,22.6,22.7,22.6,22.7,22.1,22.2,21.6,21.9],"q":[65.6,57.2,54.9,76.7,70.7,91.4,109,107,101,85.8,79.4,66.2,68.0,61.8,64.0,56.3,36.6,-16.5,3.14,3.94,4.16,53.0,126,171,132,89.5,63.6,32.4,-385,-568],"latest":{"d":"2026-10-06","t":21.9,"q":-568}}},{"type":"Feature","geometry":{"type":"Point","coordinates":[-111.62567,44.61579]},"properties":{"site":"06006000","name":"Red Rock Cr ab Lakes, nr Lakeview, MT","state":"Montana","huc":"100200010101","type":"ST","d0":"2026-09-07","t":[11.5,10.2,9.6,9.8,10.1,10.1,10.6,9.5,8.7,9.1,9.7,10.0,10.0,9.4,9.2,8.8,10.2,10.4,10.1,9.5,9.2,9.0,8.4,null,null,null,null,null,null,null],"q":[23.5,23.5,23.4,23.2,22.9,22.9,22.4,22.0,22.3,22.1,22.9,24.1,23.5,23.1,22.3,22.2,23.9,22.2,21.8,21.5,21.3,21.8,21.8,null,null,null,null,null,null,null],"latest":{"d":"2026-09-29","t":8.4,"q":21.8}}},{"type":"Feature","geometry":{"type":"Point","coordinates":[-112.33089,45.50691]},"properties":{"site":"06023000","name":"Ruby River near Twin Bridges MT","state":"Montana","huc":"100200030508","type":"ST","d0":"2026-09-07","t":[15.7,14.2,14.3,14.9,14.7,14.3,14.6,12.8,12.4,13.5,14.4,14.7,14.0,14.9,14.9,14.1,14.8,15.1,14.7,13.1,10.3,11.1,12.1,13.0,12.7,13.0,12.6,12.5,13.2,13.0],"q":[104,110,110,111,104,99.7,101,96.4,90.2,82.2,72.9,60.9,103,109,100,90.8,84.8,83.4,98.2,99.9,99.3,102,106,130,138,160,152,146,151,149],"latest":{"d":"2026-10-06","t":13.0,"q":149}}},{"type":"Feature","geometry":{"type":"Point","coordinates":[-112.33811,45.54689]},"properties":{"site":"06023100","name":"Beaverhead River at Twin Bridges, MT","state":"Montana","huc":"100200020706","type":"ST","d0":"2026-09-07","t":[16.0,14.4,14.6,15.1,15.0,14.3,14.6,13.1,12.7,13.6,14.1,14.8,14.1,15.1,15.1,14.5,15.1,15.2,15.0,13.2,10.6,11.4,12.2,13.4,13.2,13.3,13.0,12.7,13.2,13.2],"q":[288,null,null,281,284,288,290,281,279,279,261,261,335,361,367,362,332,340,348,330,330,340,341,359,355,383,388,369,370,371],"latest":{"d":"2026-10-06","t":13.2,"q":371}}},{"type":"Feature","geometry":{"type":"Point","coordinates":[-113.45694,45.61797]},"properties":{"site":"06024450","name":"Big Hole River bl Big Lake Cr at Wisdom MT","state":"Montana","huc":"100200040407","type":"ST","d0":"2026-09-07","t":[13.0,11.7,12.8,13.4,13.6,13.7,13.4,12.1,11.5,12.4,12.4,12.5,12.3,12.0,12.4,12.5,13.1,13.1,12.6,10.6,8.4,9.1,9.7,11.2,11.3,11.3,11.2,11.0,11.2,10.9],"q":[20.2,18.9,19.2,17.8,15.8,14.9,11.9,12.0,12.7,14.1,15.7,27.5,86.2,79.5,60.7,51.5,47.8,45.7,42.4,39.0,39.3,40.0,42.5,41.5,40.3,39.3,38.0,36.4,35.2,34.2],"latest":{"d":"2026-10-06","t":10.9,"q":34.2}}},{"type":"Feature","geometry":{"type":"Point","coordinates":[-112.73597,45.70127]},"properties":{"site":"06025250","name":"Big Hole River at Maiden Rock nr Divide MT","state":"Montana","huc":"100200041104","type":"ST","d0":"2026-09-07","t":[13.8,12.2,12.6,13.4,13.2,13.4,13.7,12.1,11.4,12.4,12.8,13.2,12.4,12.1,12.9,12.9,13.6,13.7,13.4,11.9,9.7,10.4,11.0,null,null,null,null,null,null,null],"q":[304,327,306,292,286,279,265,259,248,244,244,257,469,707,550,457,410,373,350,329,325,318,311,305,303,297,291,287,282,281],"latest":{"d":"2026-09-29","t":11.0,"q":311}}},{"type":"Feature","geometry":{"type":"Point","coordinates":[-112.70172,45.52658]},"properties":{"site":"06025500","name":"Big Hole River near Melrose MT","state":"Montana","huc":"100200041209","type":"ST","d0":"2026-09-07","t":[14.6,13.4,13.5,14.3,14.0,13.9,14.5,12.9,12.5,13.2,13.3,13.7,13.2,13.0,13.4,13.2,14.2,14.2,14.0,12.3,10.2,10.7,11.1,12.2,12.3,12.5,12.4,12.0,11.9,11.8],"q":[252,275,268,256,250,252,242,249,241,244,263,263,361,669,562,480,442,417,391,369,359,363,362,360,354,349,342,335,333,330],"latest":{"d":"2026-10-06","t":11.8,"q":330}}},{"type":"Feature","geometry":{"type":"Point","coordinates":[-112.55609,45.44009]},"properties":{"site":"06026210","name":"Big Hole River near Glen MT","state":"Montana","huc":"100200041305","type":"ST","d0":"2026-09-07","t":[16.1,14.6,14.6,15.1,15.3,15.0,15.4,14.0,13.5,14.2,14.2,14.4,13.9,14.0,14.1,14.0,14.7,14.9,14.6,13.1,10.9,11.4,11.9,null,null,null,null,null,null,null],"q":[242,264,265,252,243,245,242,256,260,253,276,282,354,655,605,514,469,435,404,383,370,377,365,360,351,348,340,337,334,null],"latest":{"d":"2026-09-29","t":11.9,"q":365}}},{"type":"Feature","geometry":{"type":"Point","coordinates":[-112.36068,45.55002]},"properties":{"site":"06026420","name":"Big Hole R bl Hamilton Ditch nr Twin Bridges, MT","state":"Montana","huc":"100200041308","type":"ST","d0":"2026-09-07","t":[17.0,15.6,15.7,16.1,15.9,15.4,15.7,14.4,13.9,14.8,15.2,15.4,14.7,15.0,15.0,14.7,15.3,15.7,15.5,13.7,11.6,12.1,12.8,13.7,13.9,13.9,13.7,13.4,13.7,13.7],"q":[131,141,146,139,135,135,134,134,139,133,142,158,190,358,408,337,292,268,241,224,214,218,208,206,202,201,196,194,211,223],"latest":{"d":"2026-10-06","t":13.7,"q":223}}},{"type":"Feature","geometry":{"type":"Point","coordinates":[-112.3294,45.61328]},"properties":{"site":"06026500","name":"Jefferson River near Twin Bridges, MT","state":"Montana","huc":"100200050102","type":"ST","d0":"2026-09-07","t":[16.4,15.3,15.3,15.8,15.4,15.0,15.3,14.1,13.4,14.4,14.8,15.5,14.6,15.4,15.4,14.9,15.6,15.8,15.6,13.8,11.3,12.1,12.8,13.9,13.9,14.0,13.6,13.3,13.6,13.7],"q":[501,520,527,504,500,502,507,495,500,491,481,508,655,851,983,907,810,789,768,720,703,723,715,737,734,759,759,736,748,753],"latest":{"d":"2026-10-06","t":13.7,"q":753}}},{"type":"Feature","geometry":{"type":"Point","coordinates":[-112.18723,45.7475]},"properties":{"site":"06027600","name":"Jefferson River at Parsons Bdg nr Silver Star, MT","state":"Montana","huc":"100200050106","type":"ST","d0":"2026-09-07","t":[16.5,14.9,15.1,15.6,15.5,15.1,15.4,13.6,13.5,14.4,14.7,15.3,14.5,15.2,15.5,15.0,15.5,15.8,15.6,13.8,11.4,11.8,12.4,13.7,14.0,13.9,13.9,13.3,13.4,13.4],"q":[256,264,274,263,262,267,273,251,250,243,265,261,334,476,707,698,597,542,524,493,469,482,480,null,null,null,null,null,null,null],"latest":{"d":"2026-10-06","t":13.4,"q":null}}},{"type":"Feature","geometry":{"type":"Point","coordinates":[-111.74102,45.72306]},"properties":{"site":"06035000","name":"Willow Creek near Harrison MT","state":"Montana","huc":"100200050705","type":"ST","d0":"2026-09-07","t":[14.7,12.5,12.6,13.6,13.5,13.9,13.3,11.0,11.0,12.3,12.6,13.5,12.3,12.6,12.3,12.4,13.6,13.4,13.0,11.0,8.7,10.2,10.4,11.8,11.8,11.7,11.3,11.0,11.6,11.2],"q":[6.21,6.2,6.72,6.58,6.49,6.9,6.95,6.88,6.91,6.99,7.03,6.98,14.3,12.5,9.85,8.54,8.16,7.79,7.57,7.54,7.84,7.94,9.46,9.11,9.41,10.5,8.46,7.59,7.22,6.97],"latest":{"d":"2026-10-06","t":11.2,"q":6.97}}},{"type":"Feature","geometry":{"type":"Point","coordinates":[-111.59567,45.89714]},"properties":{"site":"06036650","name":"Jefferson River near Three Forks MT","state":"Montana","huc":"100200050805","type":"ST","d0":"2026-09-07","t":[18.1,15.6,15.9,16.6,16.3,16.0,16.2,14.8,14.1,15.2,15.7,16.0,15.4,15.7,16.2,16.3,16.3,16.5,16.5,15.0,12.4,12.4,13.1,14.0,14.0,14.4,14.5,14.2,14.0,13.6],"q":[411,421,437,429,415,425,435,443,441,448,445,472,551,620,773,904,858,779,746,718,696,698,714,705,712,727,801,783,761,762],"latest":{"d":"2026-10-06","t":13.6,"q":762}}},{"type":"Feature","geometry":{"type":"Point","coordinates":[-110.82227,44.45933]},"properties":{"site":"06036805","name":"Firehole River at Old Faithful, YNP","state":"Wyoming","huc":"100200070102","type":"ST","d0":"2026-09-07","t":[13.4,11.4,11.6,12.2,13.4,12.3,13.1,11.7,10.8,11.8,11.8,11.5,12.1,11.6,11.6,11.4,12.5,11.9,11.8,11.4,11.8,12.1,10.8,11.1,11.1,11.0,10.9,10.5,11.2,11.5],"q":[39.0,37.6,37.2,37.1,37.3,36.9,37.1,37.8,37.2,37.1,39.3,50.9,46.3,43.7,41.2,40.2,40.7,39.3,39.0,38.5,38.4,39.9,39.1,38.8,38.5,38.2,38.2,38.2,38.2,38.0],"latest":{"d":"2026-10-06","t":11.5,"q":38.0}}},{"type":"Feature","geometry":{"type":"Point","coordinates":[-110.8635,44.62018]},"properties":{"site":"06036905","name":"Firehole River near West Yellowstone MT","state":"Wyoming","huc":"100200070107","type":"ST","d0":"2026-09-07","t":[19.3,17.5,18.1,18.4,18.8,19.1,19.2,17.3,17.6,18.5,18.5,18.4,19.2,18.9,19.0,18.6,19.5,19.5,18.9,18.1,18.1,18.9,18.0,18.4,18.3,17.8,18.0,17.7,17.8,18.3],"q":[192,189,189,189,189,188,188,190,189,189,195,232,211,207,200,198,199,197,195,193,194,199,197,195,194,193,193,192,193,193],"latest":{"d":"2026-10-06","t":18.3,"q":193}}},{"type":"Feature","geometry":{"type":"Point","coordinates":[-110.71325,44.73273]},"properties":{"site":"06036940","name":"Tantalus Creek at Norris Junction, YNP","state":"Wyoming","huc":"100200070106","type":"ST","d0":"2026-09-07","t":[22.6,22.4,23.1,23.9,24.1,24.6,24.1,20.6,23.0,24.5,24.4,25.3,25.9,25.0,25.6,25.2,25.6,26.0,24.8,22.0,24.2,24.8,24.5,24.5,23.9,23.5,24.2,23.9,24.4,24.4],"q":[2.76,2.54,2.59,2.84,2.92,2.65,2.74,2.65,2.66,2.43,2.96,3.15,3.18,2.86,2.47,2.67,2.58,2.39,2.51,2.21,2.58,2.78,2.5,2.34,2.26,2.29,2.24,2.35,2.52,2.44],"latest":{"d":"2026-10-06","t":24.4,"q":2.44}}},{"type":"Feature","geometry":{"type":"Point","coordinates":[-110.86106,44.6408]},"properties":{"site":"06037100","name":"Gibbon River at Madison Jct, YNP","state":"Wyoming","huc":"100200070106","type":"ST","d0":"2026-09-07","t":[16.4,13.9,14.2,14.8,15.1,15.2,15.7,14.2,13.2,14.1,14.4,14.8,15.4,15.1,14.9,14.4,16.1,15.1,14.9,14.4,13.7,14.6,13.8,14.0,13.9,13.7,13.6,13.2,13.3,13.6],"q":[74.7,71.5,70.2,70.5,71.4,71.5,71.0,70.5,69.9,69.8,72.2,78.6,78.3,77.1,74.2,72.9,74.2,73.3,72.4,71.6,71.1,73.9,74.4,71.6,71.1,71.0,70.2,70.6,70.3,71.2],"latest":{"d":"2026-10-06","t":13.6,"q":71.2}}},{"type":"Feature","geometry":{"type":"Point","coordinates":[-111.06796,44.65707]},"properties":{"site":"06037500","name":"Madison River near West Yellowstone, MT","state":"Montana","huc":"100200070205","type":"ST","d0":"2026-09-07","t":[16.2,14.2,14.2,15.0,15.2,15.2,15.7,13.6,13.2,14.5,14.9,15.1,15.9,15.7,15.1,14.7,16.0,15.5,15.1,14.6,14.1,14.7,14.1,14.2,14.2,13.9,13.8,13.3,13.5,13.9],"q":[293,291,288,290,290,289,289,289,290,290,296,334,323,318,307,303,304,302,298,296,293,301,302,297,296,294,293,292,293,293],"latest":{"d":"2026-10-06","t":13.9,"q":293}}},{"type":"Feature","geometry":{"type":"Point","coordinates":[-111.33878,44.86639]},"properties":{"site":"06038500","name":"Madison River bl Hebgen Lake nr Grayling MT","state":"Montana","huc":"100200070404","type":"ST","d0":"2026-09-07","t":[17.0,16.6,16.0,16.0,16.0,15.6,16.0,15.8,null,15.6,15.1,15.4,15.2,14.8,14.9,14.9,14.8,14.8,14.8,14.8,14.6,14.3,14.4,14.4,14.3,14.3,14.3,14.4,14.3,14.2],"q":[761,760,760,760,760,760,760,760,null,760,760,760,760,733,716,716,716,693,666,667,665,665,665,665,697,719,753,778,778,778],"latest":{"d":"2026-10-06","t":14.2,"q":778}}},{"type":"Feature","geometry":{"type":"Point","coordinates":[-111.58089,44.88866]},"properties":{"site":"06038800","name":"Madison River at Kirby Ranch nr Cameron MT","state":"Montana","huc":"100200070703","type":"ST","d0":"2026-09-07","t":[13.9,13.6,13.8,13.8,14.0,14.0,13.9,12.7,12.9,13.2,13.2,13.8,14.0,13.6,13.8,13.5,13.9,13.9,13.8,12.7,12.1,12.6,12.9,13.0,12.9,13.0,12.9,12.9,13.0,12.8],"q":[857,857,856,854,853,853,848,845,850,850,865,875,891,866,825,810,821,808,772,756,752,755,754,752,756,785,804,848,860,862],"latest":{"d":"2026-10-06","t":12.8,"q":862}}},{"type":"Feature","geometry":{"type":"Point","coordinates":[-111.75163,45.23313]},"properties":{"site":"06040000","name":"Madison River near Cameron MT","state":"Montana","huc":"100200071202","type":"ST","d0":"2026-09-07","t":[14.8,13.3,13.4,13.7,13.9,14.2,14.0,13.1,12.4,13.0,13.4,13.8,13.7,14.5,14.1,13.4,14.0,14.1,13.9,12.6,10.8,11.7,12.1,12.9,13.0,13.1,12.9,12.7,13.0,12.9],"q":[935,936,935,935,932,934,927,922,928,931,940,976,1030,990,949,930,944,934,902,876,871,875,878,871,872,904,927,964,986,990],"latest":{"d":"2026-10-06","t":12.9,"q":990}}},{"type":"Feature","geometry":{"type":"Point","coordinates":[-111.72246,45.34756]},"properties":{"site":"06040050","name":"Madison River at Ennis, MT","state":"Montana","huc":"100200071205","type":"ST","d0":"2026-09-07","t":[15.1,13.6,13.9,14.2,13.9,14.5,14.3,13.2,12.9,13.3,13.6,14.1,13.7,14.9,14.6,13.7,14.6,14.7,14.3,12.8,10.8,12.2,12.5,13.2,13.3,13.4,13.2,13.0,13.5,13.2],"q":[883,879,876,871,863,876,871,867,871,868,889,938,1050,976,914,878,895,893,845,816,820,825,827,817,821,856,892,942,967,971],"latest":{"d":"2026-10-06","t":13.2,"q":971}}},{"type":"Feature","geometry":{"type":"Point","coordinates":[-111.63451,45.49023]},"properties":{"site":"06041000","name":"Madison River bl Ennis Lake nr McAllister MT","state":"Montana","huc":"100200071501","type":"ST","d0":"2026-09-07","t":[16.6,16.1,16.1,16.2,16.0,15.7,15.2,15.1,14.3,13.8,14.4,14.7,14.7,14.5,14.9,14.5,15.2,15.7,16.0,15.6,14.7,14.2,13.7,14.1,14.3,14.2,14.2,14.1,14.4,14.8],"q":[1150,1150,1150,1150,1150,1140,1140,1140,1150,1160,1150,1150,1160,1170,1150,1150,1150,1150,1150,1150,1150,1150,1150,1150,1150,1150,1150,1150,1150,1150],"latest":{"d":"2026-10-06","t":14.8,"q":1150}}},{"type":"Feature","geometry":{"type":"Point","coordinates":[-111.57306,45.60761]},"properties":{"site":"06041500","name":"Madison River near Norris MT","state":"Montana","huc":"100200071502","type":"ST","d0":"2026-09-07","t":[16.7,15.9,16.1,15.9,16.2,16.1,15.6,14.2,14.7,14.6,14.6,15.3,14.8,15.4,15.4,15.0,15.9,16.1,15.9,14.9,13.9,14.5,13.9,14.2,14.8,14.3,14.3,14.2,14.5,14.7],"q":[1180,1170,1170,1170,1170,1160,1170,1170,1170,1180,1180,1170,1200,1190,1170,1170,1170,1170,1170,1170,1170,1170,1170,1170,1170,1170,1170,1170,1170,1170],"latest":{"d":"2026-10-06","t":14.7,"q":1170}}},{"type":"Feature","geometry":{"type":"Point","coordinates":[-111.21139,45.29728]},"properties":{"site":"06043120","name":"Gallatin River above Deer Creek, near Big Sky, MT","state":"Montana","huc":"100200080306","type":"ST","d0":"2026-09-07","t":[12.4,11.2,10.9,11.2,11.4,11.8,11.6,10.8,10.2,10.4,11.1,11.4,11.3,11.1,10.9,10.6,11.9,11.3,11.3,10.7,9.3,10.4,9.8,10.4,10.4,10.4,10.2,9.9,10.0,10.1],"q":[256,253,251,248,247,246,243,245,243,241,243,252,304,282,256,249,273,256,246,241,239,243,246,240,236,233,230,229,227,225],"latest":{"d":"2026-10-06","t":10.1,"q":225}}},{"type":"Feature","geometry":{"type":"Point","coordinates":[-111.44201,45.88625]},"properties":{"site":"06052500","name":"Gallatin River at Logan MT","state":"Montana","huc":"100200081403","type":"ST","d0":"2026-09-07","t":[16.3,14.2,14.4,14.9,14.7,14.8,15.1,12.8,12.4,13.9,14.2,14.6,14.0,14.5,14.6,13.9,14.9,15.0,14.7,13.0,10.7,11.5,11.9,null,null,null,null,null,null,null],"q":[421,425,419,401,385,389,387,415,444,445,444,453,517,595,558,533,531,512,484,454,454,470,479,469,461,458,460,450,454,448],"latest":{"d":"2026-09-29","t":11.9,"q":479}}},{"type":"Feature","geometry":{"type":"Point","coordinates":[-111.42028,46.14657]},"properties":{"site":"06054500","name":"Missouri River at Toston MT","state":"Montana","huc":"100301010505","type":"ST","d0":"2026-09-07","t":[18.3,17.1,16.0,16.4,16.6,16.0,16.4,15.5,14.0,14.4,15.8,16.1,16.1,15.6,16.3,16.4,16.5,16.8,16.8,15.7,13.7,12.6,13.3,14.0,14.4,15.0,14.9,14.6,14.2,14.0],"q":[1770,1770,1770,1740,1700,1710,1720,1770,1820,1840,1850,1870,2100,2260,2350,2550,2550,2470,2380,2300,2240,2360,2300,2280,2280,2280,2310,2310,2300,2270],"latest":{"d":"2026-10-06","t":14.0,"q":2270}}},{"type":"Feature","geometry":{"type":"Point","coordinates":[-112.01067,46.99474]},"properties":{"site":"06066500","name":"Missouri River bl Holter Dam nr Wolf Cr MT","state":"Montana","huc":"10030102","type":"ST","d0":"2026-09-07","t":[17.3,17.3,17.2,17.3,16.6,16.5,16.3,16.3,16.4,16.0,16.3,16.3,16.0,16.3,16.5,16.5,16.4,16.4,16.6,15.9,15.8,15.8,15.6,15.4,15.3,15.3,15.3,15.4,15.3,15.2],"q":[3250,3360,3330,3270,3220,3200,3170,3140,3180,3180,3160,3160,3240,3260,3240,3250,3240,3240,3240,3110,3050,3130,3230,3250,3220,3170,3120,3120,3110,3090],"latest":{"d":"2026-10-06","t":15.2,"q":3090}}},{"type":"Feature","geometry":{"type":"Point","coordinates":[-112.09591,47.19902]},"properties":{"site":"06073500","name":"Dearborn River near Craig MT","state":"Montana","huc":"100301020404","type":"ST","d0":"2026-09-07","t":[14.9,13.6,15.0,16.0,14.7,13.7,15.6,13.8,13.4,14.8,14.8,16.0,15.0,15.4,15.6,15.5,15.7,15.7,15.7,12.1,10.7,13.5,12.0,null,null,null,null,null,null,null],"q":[37.1,31.5,29.1,27.3,31.3,32.8,32.0,32.5,30.9,30.3,30.2,29.8,29.5,29.9,27.1,25.1,24.5,24.5,23.8,23.0,23.6,23.8,23.2,23.8,25.8,26.0,25.1,24.9,23.9,23.2],"latest":{"d":"2026-09-29","t":12.0,"q":23.2}}},{"type":"Feature","geometry":{"type":"Point","coordinates":[-111.19224,46.82798]},"properties":{"site":"06077200","name":"Smith River bl Eagle Cr nr Fort Logan MT","state":"Montana","huc":"100301030705","type":"ST","d0":"2026-09-07","t":[15.3,13.0,13.1,14.5,13.8,13.1,13.4,12.5,11.8,12.8,12.7,14.1,13.7,13.9,13.9,13.6,14.5,13.9,13.8,12.0,9.3,10.1,9.7,null,null,null,null,null,null,null],"q":[83.3,86.8,81.4,83.7,85.5,96.1,96.9,101,100,95.4,93.6,96.7,122,160,141,124,120,116,112,107,104,108,112,111,111,112,111,110,110,108],"latest":{"d":"2026-09-29","t":9.7,"q":112}}},{"type":"Feature","geometry":{"type":"Point","coordinates":[-111.93191,47.50163]},"properties":{"site":"06085800","name":"Sun River at Simms MT","state":"Montana","huc":"100301040708","type":"ST","d0":"2026-09-07","t":[16.1,14.4,14.6,15.8,15.2,14.3,15.5,13.8,12.7,14.0,14.5,16.0,15.3,14.9,15.4,15.7,15.9,16.0,15.7,12.8,11.2,12.6,11.9,12.6,11.9,12.9,13.2,12.8,13.1,13.3],"q":[355,333,301,281,298,313,300,312,291,289,311,360,364,363,360,364,363,358,361,357,363,366,357,350,337,326,321,323,321,314],"latest":{"d":"2026-10-06","t":13.3,"q":314}}},{"type":"Feature","geometry":{"type":"Point","coordinates":[-110.58084,47.9459]},"properties":{"site":"06102050","name":"Marias River near Loma MT","state":"Montana","huc":"100302032206","type":"ST","d0":"2026-09-07","t":[17.3,15.2,15.1,16.5,16.4,15.1,15.4,14.8,14.5,15.2,15.5,16.8,17.0,17.3,17.5,17.8,18.2,18.2,18.1,15.9,13.4,13.6,12.9,null,null,null,null,null,null,null],"q":[716,614,557,542,559,549,537,548,539,503,457,464,466,468,472,465,471,463,461,453,443,444,441,445,449,450,453,455,451,449],"latest":{"d":"2026-09-29","t":12.9,"q":441}}},{"type":"Feature","geometry":{"type":"Point","coordinates":[-108.68774,47.63143]},"properties":{"site":"06115200","name":"Missouri River near Landusky MT","state":"Montana","huc":"100401040708","type":"ST","d0":"2026-09-07","t":[19.9,18.0,16.8,17.3,17.2,16.3,16.0,15.9,15.2,15.3,15.9,17.2,17.3,17.4,17.7,17.7,18.1,18.2,18.5,17.4,15.1,14.6,14.4,14.1,13.3,13.3,14.3,14.5,14.6,14.5],"q":[5280,5260,5590,5500,5460,5200,5250,5420,5480,5350,5350,5310,5300,5280,5250,5290,5270,5430,5300,5210,5190,5010,4980,5050,4880,4940,5030,5080,5130,null],"latest":{"d":"2026-10-06","t":14.5,"q":null}}},{"type":"Feature","geometry":{"type":"Point","coordinates":[-106.36431,48.13005]},"properties":{"site":"06174500","name":"Milk River at Nashua MT","state":"Montana","huc":"100500121002","type":"ST","d0":"2026-09-07","t":[21.2,19.7,19.1,19.1,18.5,17.2,16.7,15.9,15.4,15.3,15.6,16.8,17.1,16.8,16.7,16.7,17.1,17.6,18.0,17.6,16.6,16.0,15.1,14.5,13.7,13.3,13.5,13.4,13.4,13.4],"q":[131,146,157,191,184,174,162,153,143,140,136,129,129,142,136,134,122,113,106,108,113,114,120,163,224,217,192,176,170,163],"latest":{"d":"2026-10-06","t":13.4,"q":163}}},{"type":"Feature","geometry":{"type":"Point","coordinates":[-105.5331,48.06733]},"properties":{"site":"06177000","name":"Missouri River near Wolf Point MT","state":"Montana","huc":"100600011403","type":"ST","d0":"2026-09-07","t":[18.1,16.0,15.7,16.3,16.0,15.1,14.7,14.1,13.7,14.0,14.7,16.5,16.6,15.6,15.0,15.2,15.7,16.1,16.5,16.0,14.9,14.7,14.1,14.1,13.8,13.7,14.0,14.0,14.2,14.3],"q":[7340,7420,7250,7240,7310,7270,6920,7120,7350,7160,7360,7370,7350,7430,7480,7440,7560,7540,7480,7440,7340,7390,7420,7400,7420,7490,7600,7500,7490,7530],"latest":{"d":"2026-10-06","t":14.3,"q":7530}}},{"type":"Feature","geometry":{"type":"Point","coordinates":[-105.40959,49.0]},"properties":{"site":"06178500","name":"East Poplar River at international boundary","state":"Saskatchewan","huc":null,"type":"ST","d0":"2026-09-07","t":[19.1,16.5,16.6,17.2,15.0,13.7,14.5,12.8,13.0,13.9,14.7,17.2,16.8,15.6,15.5,15.9,16.6,17.8,17.4,15.9,14.0,14.7,13.0,12.3,11.4,11.5,11.8,11.3,12.2,12.5],"q":[29.2,8.33,4.34,3.33,3.12,2.73,2.46,3.64,3.27,3.06,2.75,2.91,2.76,2.47,2.44,2.38,2.62,3.22,3.4,2.89,2.38,2.35,2.51,2.53,2.54,2.57,2.96,2.33,2.66,2.62],"latest":{"d":"2026-10-06","t":12.5,"q":2.62}}},{"type":"Feature","geometry":{"type":"Point","coordinates":[-110.39427,44.92818]},"properties":{"site":"06188000","name":"Lamar River nr Tower Ranger Station YNP","state":"Wyoming","huc":"100700010608","type":"ST","d0":"2026-09-07","t":[15.2,12.5,12.2,12.6,12.6,12.7,13.4,12.3,10.8,11.6,11.6,11.2,12.3,12.0,12.2,12.1,12.9,12.4,12.6,12.6,11.4,11.4,10.8,11.4,11.6,11.4,11.3,10.8,10.7,10.9],"q":[186,189,178,173,170,171,166,162,164,159,159,180,202,194,176,166,167,175,165,157,153,161,180,165,157,151,148,145,143,140],"latest":{"d":"2026-10-06","t":10.9,"q":140}}},{"type":"Feature","geometry":{"type":"Point","coordinates":[-110.68934,44.98513]},"properties":{"site":"06190540","name":"Boiling River at Mammoth,YNP","state":"Wyoming","huc":"100700010906","type":"ST","d0":"2026-09-07","t":[52.3,52.2,52.2,52.2,52.2,52.1,52.0,51.8,51.7,51.7,51.9,51.9,52.0,51.9,51.8,51.8,51.8,51.7,51.6,51.6,51.5,51.5,51.4,51.5,51.5,51.4,51.3,51.2,51.3,51.3],"q":[21.7,21.7,21.7,21.7,21.6,21.7,21.6,21.6,21.7,21.7,21.4,21.4,21.2,21.2,21.2,21.1,21.2,21.1,21.1,21.0,21.0,21.0,20.9,20.9,20.8,20.8,20.7,20.7,20.6,20.5],"latest":{"d":"2026-10-06","t":51.3,"q":20.5}}},{"type":"Feature","geometry":{"type":"Point","coordinates":[-110.79367,45.11212]},"properties":{"site":"06191500","name":"Yellowstone River at Corwin Springs MT","state":"Montana","huc":"100700020103","type":"ST","d0":"2026-09-07","t":[null,15.4,14.5,14.8,14.9,15.5,15.5,14.8,13.6,13.6,14.0,14.7,14.8,14.4,14.2,14.2,15.2,15.1,14.7,14.7,13.6,13.6,13.7,13.8,13.9,14.1,13.9,13.4,13.4,13.7],"q":[1570,1580,1540,1500,1490,1480,1440,1430,1420,1390,1390,1440,1540,1540,1460,1420,1410,1410,1380,1350,1340,1340,1360,1340,1300,1280,1260,1250,1230,1220],"latest":{"d":"2026-10-06","t":13.7,"q":1220}}},{"type":"Feature","geometry":{"type":"Point","coordinates":[-110.5665,45.59721]},"properties":{"site":"06192500","name":"Yellowstone River near Livingston, MT","state":"Montana","huc":"100700020409","type":"ST","d0":"2026-09-07","t":[16.2,14.6,14.6,14.8,14.4,14.7,14.7,13.2,13.0,13.5,13.1,14.1,14.1,14.2,14.3,14.1,14.6,14.9,14.9,14.1,12.2,12.8,12.8,13.2,null,null,null,null,null,null],"q":[1820,1820,1810,1770,1730,1730,1720,1700,1710,1700,1690,1710,1790,1890,1800,1750,1740,1750,1730,1700,1690,1710,1730,1720,1700,1690,1670,1660,1650,1650],"latest":{"d":"2026-09-30","t":13.2,"q":1720}}},{"type":"Feature","geometry":{"type":"Point","coordinates":[-110.49195,46.16712]},"properties":{"site":"06192978","name":"Shields River bl SF Shields River nr Wilsall, MT","state":"Montana","huc":"100700030304","type":"ST","d0":"2026-09-07","t":[11.2,9.1,9.5,10.4,9.3,9.9,10.0,7.6,8.1,9.2,9.5,10.2,9.4,9.9,9.4,9.2,10.2,9.7,9.8,8.6,6.9,7.7,7.8,9.0,9.5,8.8,8.4,8.1,8.2,7.9],"q":[13.8,13.7,12.8,12.0,12.7,12.8,12.2,16.9,14.8,13.1,12.4,12.8,31.5,19.6,16.2,14.8,14.0,13.7,13.3,13.2,13.5,13.6,13.3,12.8,12.7,12.9,12.8,12.8,12.4,12.3],"latest":{"d":"2026-10-06","t":7.9,"q":12.3}}},{"type":"Feature","geometry":{"type":"Point","coordinates":[-109.69989,45.25439]},"properties":{"site":"06204070","name":"W Rosebud Cr at Emerald Lk Campground nr Roscoe","state":"Montana","huc":"100700050404","type":"ST","d0":"2026-09-07","t":[13.3,12.1,12.1,12.1,11.9,11.7,12.0,11.4,11.1,11.3,11.3,11.1,11.3,11.1,11.0,11.4,11.3,11.0,11.6,11.4,11.0,10.5,10.3,10.7,11.0,11.0,10.9,10.8,10.7,10.8],"q":[123,124,112,104,101,110,112,112,111,106,109,111,111,111,104,111,112,105,96.5,113,118,110,109,109,109,110,107,105,105,106],"latest":{"d":"2026-10-06","t":10.8,"q":106}}},{"type":"Feature","geometry":{"type":"Point","coordinates":[-109.42206,45.53674]},"properties":{"site":"06205000","name":"Stillwater River near Absarokee, MT","state":"Montana","huc":"100700050605","type":"ST","d0":"2026-09-07","t":[16.8,14.0,13.5,14.5,13.8,13.7,13.6,13.1,12.3,12.9,12.4,13.8,14.0,14.0,13.7,13.8,14.9,14.1,14.1,14.1,11.4,11.5,12.0,null,null,null,null,null,null,null],"q":[418,419,405,384,380,415,416,399,391,384,385,394,533,496,464,450,453,443,423,410,426,429,431,415,406,406,399,393,385,378],"latest":{"d":"2026-09-29","t":12.0,"q":431}}},{"type":"Feature","geometry":{"type":"Point","coordinates":[-108.46803,45.80012]},"properties":{"site":"06214500","name":"Yellowstone River at Billings MT","state":"Montana","huc":"100700041006","type":"ST","d0":"2026-09-07","t":[20.8,18.7,17.5,17.4,16.8,16.2,16.6,16.6,15.5,15.5,15.8,16.3,16.2,15.3,16.7,17.4,18.1,18.0,17.9,17.5,15.6,14.4,14.5,14.9,15.2,15.4,16.0,15.6,15.6,15.4],"q":[2690,2420,2270,2240,2200,2210,2210,2190,2120,2160,2190,2270,3230,3270,3100,2980,2860,2700,2640,2550,2460,2480,2520,2520,2510,2470,2470,2420,2400,2410],"latest":{"d":"2026-10-06","t":15.4,"q":2410}}},{"type":"Feature","geometry":{"type":"Point","coordinates":[-109.20256,43.17661]},"properties":{"site":"06224000","name":"BULL LAKE CREEK ABOVE BULL LAKE, WY","state":"Wyoming","huc":"100800010604","type":"ST","d0":"2026-09-07","t":[14.9,13.1,13.2,13.5,14.6,14.2,14.3,13.6,12.0,12.9,13.6,13.7,13.0,13.0,13.1,12.6,12.6,13.0,13.3,13.3,13.0,12.4,12.3,12.7,12.8,12.2,12.3,12.2,11.8,12.9],"q":[253,259,242,217,197,183,172,175,171,162,154,159,190,221,219,206,190,176,165,154,144,138,137,133,128,124,117,113,109,105],"latest":{"d":"2026-10-06","t":12.9,"q":105}}},{"type":"Feature","geometry":{"type":"Point","coordinates":[-108.22483,43.12897]},"properties":{"site":"06236100","name":"WIND RIVER AB BOYSEN RESERVOIR, NR SHOSHONI, WY","state":"Wyoming","huc":"100800011006","type":"ST","d0":"2026-09-07","t":[19.7,18.5,17.8,17.9,19.1,18.1,18.6,18.1,16.7,17.0,17.9,17.1,17.9,14.3,14.8,16.9,17.5,17.5,17.6,17.6,17.0,16.4,15.4,15.8,16.3,16.3,16.0,15.8,15.7,16.1],"q":[248,236,242,232,228,221,232,229,239,253,257,410,414,2130,1020,653,584,537,491,566,698,719,789,836,804,768,784,null,null,386],"latest":{"d":"2026-10-06","t":16.1,"q":386}}},{"type":"Feature","geometry":{"type":"Point","coordinates":[-108.21969,43.22192]},"properties":{"site":"06253000","name":"FIVEMILE CREEK NEAR SHOSHONI, WY","state":"Wyoming","huc":"100800050408","type":"ST","d0":"2026-09-07","t":[17.7,16.2,15.9,15.9,17.1,16.2,16.3,16.0,14.4,15.3,16.0,15.9,16.0,14.9,15.6,15.5,15.7,15.5,15.6,15.6,15.2,14.6,14.2,14.4,14.5,14.3,14.3,13.8,13.6,14.0],"q":[248,247,250,266,278,264,267,281,290,296,309,307,315,424,408,376,366,342,341,315,184,147,140,135,132,130,127,124,122,120],"latest":{"d":"2026-10-06","t":14.0,"q":120}}},{"type":"Feature","geometry":{"type":"Point","coordinates":[-108.27571,43.28604]},"properties":{"site":"06258000","name":"MUDDY CREEK NEAR SHOSHONI, WY","state":"Wyoming","huc":"100800050507","type":"ST","d0":"2026-09-07","t":[17.9,16.0,15.4,15.2,16.8,16.1,16.1,15.8,14.1,14.4,15.4,15.7,15.7,14.5,14.8,14.9,15.1,15.2,15.0,14.9,14.9,14.4,13.8,13.8,14.2,13.9,13.9,13.3,13.1,13.4],"q":[23.9,18.9,19.9,26.1,27.0,28.5,29.7,26.5,26.9,26.1,31.1,32.1,33.5,47.1,40.3,35.2,35.9,34.0,31.1,33.6,29.5,21.6,17.4,15.5,13.2,11.9,10.9,10.2,10.1,9.87],"latest":{"d":"2026-10-06","t":13.4,"q":9.87}}},{"type":"Feature","geometry":{"type":"Point","coordinates":[-108.43518,44.83853]},"properties":{"site":"06285100","name":"SHOSHONE RIVER NEAR LOVELL, WY","state":"Wyoming","huc":"100800140307","type":"ST","d0":"2026-09-07","t":[18.3,15.9,15.4,15.8,16.1,15.4,15.8,15.9,14.4,14.8,14.5,15.5,15.6,14.8,15.3,15.7,16.5,16.1,15.7,15.9,14.8,13.9,14.2,14.5,14.8,14.6,14.6,14.3,14.2,14.4],"q":[672,632,618,620,601,617,633,646,623,630,629,692,789,841,855,762,766,770,757,722,741,770,773,737,719,683,673,678,681,662],"latest":{"d":"2026-10-06","t":14.4,"q":662}}},{"type":"Feature","geometry":{"type":"Point","coordinates":[-107.74933,45.46075]},"properties":{"site":"06287800","name":"Bighorn River at bridge, at St. Xavier, MT","state":"Montana","huc":"100800150305","type":"ST","d0":"2026-09-07","t":[13.6,12.3,11.8,12.2,11.4,11.7,12.2,12.3,11.5,11.6,11.1,12.1,11.8,11.5,12.2,12.5,13.1,12.5,12.4,12.4,11.5,11.4,12.0,12.5,12.6,12.4,12.7,12.3,12.3,12.5],"q":[1560,1580,1570,1580,1750,1720,1690,1650,1580,1580,1770,1740,1750,1800,1770,1730,1620,1580,1560,1540,1520,1540,1780,1750,1720,1690,1640,1610,1610,1740],"latest":{"d":"2026-10-06","t":12.5,"q":1740}}},{"type":"Feature","geometry":{"type":"Point","coordinates":[-106.83594,45.00914]},"properties":{"site":"06306300","name":"Tongue River at State Line nr Decker MT","state":"Montana","huc":"100901010407","type":"ST","d0":"2026-09-07","t":[22.8,19.5,18.6,18.7,18.3,18.0,18.7,17.4,15.8,16.5,16.6,18.7,17.7,15.9,17.2,17.7,18.8,18.2,18.1,17.5,15.8,16.1,15.8,15.7,15.8,15.3,15.7,15.1,14.9,14.7],"q":[32.8,40.0,42.2,38.7,42.7,37.9,34.7,41.3,45.8,48.4,49.5,50.4,49.6,62.6,94.8,104,100,94.0,85.8,84.9,90.5,86.7,89.4,87.1,84.3,83.4,88.4,81.4,76.1,78.8],"latest":{"d":"2026-10-06","t":14.7,"q":78.8}}},{"type":"Feature","geometry":{"type":"Point","coordinates":[-106.22343,45.84039]},"properties":{"site":"06307830","name":"Tongue R bl Brandenberg bridge nr Ashland MT","state":"Montana","huc":"100901020701","type":"ST","d0":"2026-09-07","t":[24.1,20.5,18.9,18.9,18.4,17.3,17.4,17.5,16.4,17.1,17.4,19.7,19.3,17.7,18.3,18.9,20.0,19.2,19.4,18.8,16.5,16.6,16.5,16.4,16.1,15.4,16.7,16.1,16.3,15.7],"q":[147,144,143,143,142,142,139,137,135,135,135,137,144,156,146,148,149,141,140,136,134,136,135,136,135,134,136,134,135,134],"latest":{"d":"2026-10-06","t":15.7,"q":134}}},{"type":"Feature","geometry":{"type":"Point","coordinates":[-105.84552,46.38459]},"properties":{"site":"06308500","name":"Tongue River at Miles City, MT","state":"Montana","huc":"100901021310","type":"ST","d0":"2026-09-07","t":[23.3,19.3,18.6,19.0,18.0,15.5,16.4,16.2,16.1,17.1,17.7,20.6,18.6,17.2,17.1,17.6,19.1,19.1,18.5,17.8,15.4,16.1,16.2,16.2,15.7,15.0,15.8,15.2,15.9,15.4],"q":[28.3,17.5,13.1,12.5,12.7,12.4,12.4,13.2,16.3,15.6,12.8,12.5,26.1,180,390,141,66.5,60.6,58.7,55.6,54.9,54.9,54.6,54.9,56.1,59.5,63.6,65.5,68.6,105],"latest":{"d":"2026-10-06","t":15.4,"q":105}}},{"type":"Feature","geometry":{"type":"Point","coordinates":[-105.31033,46.42944]},"properties":{"site":"06326500","name":"Powder River near Locate MT","state":"Montana","huc":"100902091105","type":"ST","d0":"2026-09-07","t":[23.5,19.2,18.0,19.9,15.5,13.5,16.5,15.9,15.7,16.9,18.2,22.2,17.1,16.6,16.7,17.5,18.2,19.1,17.5,16.8,13.5,16.3,15.5,null,null,null,null,null,null,null],"q":[9.05,10.2,7.0,4.86,3.75,3.64,4.9,3.65,3.12,3.02,2.68,2.73,11.0,104,60.3,32.8,20.8,17.5,25.7,20.9,12.0,9.47,7.64,6.28,5.46,11.2,19.5,25.8,16.7,11.9],"latest":{"d":"2026-09-29","t":15.5,"q":7.64}}},{"type":"Feature","geometry":{"type":"Point","coordinates":[-104.53967,47.26372]},"properties":{"site":"06328495","name":"Yellowstone River Fish Bypass Channel nr Intake MT","state":"Montana","huc":"101000041903","type":"ST-CA","d0":"2026-09-07","t":[24.3,21.5,20.4,19.8,18.7,17.4,17.5,17.1,16.2,16.5,16.5,18.5,18.6,17.5,16.8,17.0,17.7,18.7,18.6,18.1,17.0,16.6,16.5,16.4,15.7,15.4,15.3,14.8,15.1,15.3],"q":[552,537,530,573,603,537,516,562,547,545,543,542,549,885,1020,1150,1180,978,903,850,801,778,764,721,705,727,736,727,713,711],"latest":{"d":"2026-10-06","t":15.3,"q":711}}},{"type":"Feature","geometry":{"type":"Point","coordinates":[-104.15541,47.67741]},"properties":{"site":"06329500","name":"Yellowstone River near Sidney MT","state":"Montana","huc":"101000042209","type":"ST","d0":"2026-09-07","t":[24.1,22.1,20.9,20.1,19.0,17.6,17.3,17.1,16.4,16.5,16.4,17.7,18.4,17.7,17.2,17.1,17.2,18.0,18.6,18.3,17.2,16.8,16.6,16.1,15.5,15.3,15.3,14.8,14.9,15.2],"q":[3430,3250,3200,3150,3650,3540,3290,3380,3590,3440,3490,3460,3480,4130,6860,7080,8570,7560,6710,6460,6170,5790,5740,5460,5260,5230,5410,5410,5300,5240],"latest":{"d":"2026-10-06","t":15.2,"q":5240}}},{"type":"Feature","geometry":{"type":"Point","coordinates":[-100.82139,46.81417]},"properties":{"site":"06342500","name":"MISSOURI RIVER AT BISMARCK, ND","state":"North Dakota","huc":"101301011005","type":"ST","d0":"2026-09-07","t":[19.0,18.4,17.3,17.1,17.5,16.1,16.0,16.0,15.2,14.7,16.0,17.3,17.3,16.6,16.1,15.4,14.8,15.8,16.6,16.8,16.8,16.3,16.6,16.8,15.8,14.4,13.9,14.4,14.8,15.5],"q":[17400,17500,17300,17400,17500,17000,16900,17000,16400,15200,15000,14400,13400,13300,13200,13200,13100,13300,13300,13200,13200,13200,13400,13300,13100,13100,13300,13300,13200,13300],"latest":{"d":"2026-10-06","t":15.5,"q":13300}}},{"type":"Feature","geometry":{"type":"Point","coordinates":[-102.89167,43.67242]},"properties":{"site":"06403700","name":"CHEYENNE RIVER AT RED SHIRT, SD","state":"South Dakota","huc":"101201090702","type":"ST","d0":"2026-09-07","t":[24.7,23.1,21.7,21.1,20.5,19.2,18.4,20.3,19.3,19.4,19.0,20.5,21.1,18.7,17.8,17.5,18.8,20.3,20.2,20.6,18.4,18.3,19.7,19.2,17.1,16.4,16.6,16.3,17.5,17.6],"q":[39.6,58.9,48.3,43.8,38.5,34.3,34.4,34.8,34.9,34.5,39.9,48.9,52.9,92.2,166,96.4,63.6,57.5,54.3,52.7,51.4,51.6,52.6,54.1,51.5,52.0,51.6,52.1,51.7,50.9],"latest":{"d":"2026-10-06","t":17.6,"q":50.9}}},{"type":"Feature","geometry":{"type":"Point","coordinates":[-100.36253,42.90208]},"properties":{"site":"06461500","name":"Niobrara River near Sparks, Nebr.","state":"Nebraska","huc":"101500040905","type":"ST","d0":"2026-09-07","t":[24.9,23.7,21.8,21.7,22.0,19.5,17.0,17.9,18.7,17.4,18.0,20.3,20.3,18.1,17.6,16.0,17.5,19.8,18.6,19.5,19.6,19.7,20.3,18.4,16.5,15.5,16.5,15.9,17.0,17.9],"q":[551,551,548,543,544,534,536,559,558,550,621,873,790,806,794,693,679,645,641,633,629,627,660,649,631,610,600,596,594,597],"latest":{"d":"2026-10-06","t":17.9,"q":597},"sensor":"Qwmonitor"}},{"type":"Feature","geometry":{"type":"Point","coordinates":[-98.22286,42.73979]},"properties":{"site":"06465500","name":"Niobrara River near Verdel, Nebr.","state":"Nebraska","huc":"101500071004","type":"ST","d0":"2026-09-07","t":[25.4,25.6,24.1,23.5,24.3,21.4,18.8,18.9,20.6,18.5,19.6,21.8,21.7,18.7,17.8,18.1,17.2,18.0,17.9,18.8,19.8,20.4,20.6,20.9,18.8,16.5,17.1,17.5,17.2,19.1],"q":[2950,3040,2890,2220,1940,1840,1670,1680,1690,1590,1530,1750,1860,2080,2090,1860,2330,1970,1630,1410,1580,1440,1400,1360,1070,798,725,641,650,632],"latest":{"d":"2026-10-06","t":19.1,"q":632}}},{"type":"Feature","geometry":{"type":"Point","coordinates":[-106.8248,41.02357]},"properties":{"site":"06623800","name":"ENCAMPMENT RIVER AB HOG PARK CR, NR ENCAMPMENT, WY","state":"Wyoming","huc":"101800020407","type":"ST","d0":"2026-09-07","t":[13.4,12.2,10.8,9.9,10.7,11.6,12.0,13.2,11.0,10.8,12.0,12.0,11.4,10.0,8.8,8.6,9.9,9.4,10.1,8.6,9.0,8.6,9.9,8.1,8.2,8.4,8.3,8.0,8.1,8.0],"q":[16.2,16.1,15.6,15.4,15.2,15.6,16.0,17.5,17.7,31.2,29.9,24.2,28.0,41.0,26.9,23.0,26.1,22.5,21.0,20.6,19.9,20.3,21.9,20.2,18.9,18.2,17.5,17.1,16.9,16.7],"latest":{"d":"2026-10-06","t":8.0,"q":16.7}}},{"type":"Feature","geometry":{"type":"Point","coordinates":[-105.00418,39.66498]},"properties":{"site":"06711565","name":"SOUTH PLATTE RIVER AT ENGLEWOOD, CO.","state":"Colorado","huc":"101900020904","type":"ST","d0":"2026-09-07","t":[22.5,22.5,21.5,21.0,20.4,19.8,20.7,20.8,19.6,19.5,20.2,20.6,19.9,18.8,17.5,18.9,18.2,18.4,18.4,17.9,18.8,17.7,17.7,16.7,16.9,17.4,17.6,17.9,18.1,18.0],"q":[26.1,19.0,19.9,14.6,14.6,15.0,16.3,13.7,8.74,13.5,15.1,15.1,19.5,69.1,118,32.8,40.2,25.9,69.7,51.6,27.0,28.6,24.6,23.4,26.7,23.5,21.8,21.6,22.6,23.8],"latest":{"d":"2026-10-06","t":18.0,"q":23.8}}},{"type":"Feature","geometry":{"type":"Point","coordinates":[-104.95778,39.81222]},"properties":{"site":"06714215","name":"SOUTH PLATTE R AT 64TH AVE. COMMERCE CITY, CO.","state":"Colorado","huc":"101900030304","type":"ST","d0":"2026-09-07","t":[23.1,22.6,22.0,21.6,21.2,20.3,21.4,21.0,19.8,19.7,20.5,20.9,20.5,19.9,19.8,19.7,19.2,19.3,19.0,19.6,19.3,18.7,18.7,17.6,17.8,18.2,18.5,18.8,19.0,19.2],"q":[44.6,38.7,29.2,23.2,21.7,23.6,27.8,30.4,26.5,26.0,27.3,31.3,37.1,58.7,261,71.2,66.9,90.1,307,74.3,37.0,115,121,73.6,70.5,59.7,39.2,36.6,51.2,56.8],"latest":{"d":"2026-10-06","t":19.2,"q":56.8}}},{"type":"Feature","geometry":{"type":"Point","coordinates":[-104.70129,40.442]},"properties":{"site":"06752450","name":"CACHE LA POUDRE R ABV N 11TH AVE AT GREELEY, CO","state":"Colorado","huc":"101900071008","type":"ST","d0":"2026-09-07","t":[24.0,23.6,21.8,21.1,20.5,19.6,20.3,21.5,19.9,19.3,20.6,21.3,20.5,19.7,19.5,19.5,19.4,19.0,19.0,19.0,19.4,19.1,18.8,18.1,17.5,17.4,17.3,17.5,17.7,17.9],"q":[27.3,26.6,22.6,20.7,19.7,21.5,20.7,20.2,20.3,20.2,20.9,21.4,20.1,25.6,29.2,25.9,22.6,22.3,22.5,22.3,21.9,21.9,23.2,24.3,25.6,25.6,23.4,21.6,21.6,21.3],"latest":{"d":"2026-10-06","t":17.9,"q":21.3}}},{"type":"Feature","geometry":{"type":"Point","coordinates":[-99.54024,40.68257]},"properties":{"site":"06768000","name":"Platte River near Overton, Nebr.","state":"Nebraska","huc":"102001010903","type":"ST","d0":"2026-09-07","t":[26.8,25.1,25.6,24.4,25.2,21.2,18.8,20.6,19.3,17.8,21.2,25.0,24.5,21.0,21.3,19.3,18.8,18.1,18.5,20.5,21.3,20.7,20.0,19.8,19.1,16.8,17.4,18.7,18.4,20.1],"q":[294,539,667,669,311,530,331,623,408,253,327,182,135,129,263,529,319,687,699,512,341,null,null,327,334,null,null,null,null,null],"latest":{"d":"2026-10-06","t":20.1,"q":null}}},{"type":"Feature","geometry":{"type":"Point","coordinates":[-100.52515,41.77859]},"properties":{"site":"06775900","name":"Dismal River near Thedford, Nebr.","state":"Nebraska","huc":"102100020806","type":"ST","d0":"2026-09-07","t":[20.7,19.8,18.5,18.3,18.9,17.6,16.2,16.2,16.5,15.7,15.9,18.2,18.6,17.2,16.5,15.6,16.4,16.9,16.5,16.8,17.4,17.5,17.4,16.2,15.5,14.3,14.6,14.6,15.2,15.7],"q":[255,254,252,252,253,252,253,254,255,254,254,258,263,262,273,262,260,265,260,260,259,259,269,291,266,259,258,258,259,260],"latest":{"d":"2026-10-06","t":15.7,"q":260}}},{"type":"Feature","geometry":{"type":"Point","coordinates":[-96.40389,41.32]},"properties":{"site":"06796500","name":"Platte River near Leshara, Nebr.","state":"Nebraska","huc":"102002020104","type":"ST","d0":"2026-09-07","t":[26.2,26.6,26.7,25.6,24.4,22.4,19.8,19.0,20.2,19.4,22.7,25.5,24.3,20.7,20.0,18.8,19.8,18.3,17.3,18.6,20.5,20.5,19.7,20.4,20.0,18.2,17.7,18.7,18.4,18.7],"q":[1910,1750,2610,2060,2310,2080,2040,2480,2530,2620,2900,3090,2790,2740,2640,2650,2380,2580,3240,3770,4020,4550,4570,5210,6020,5610,5380,5230,4770,4560],"latest":{"d":"2026-10-06","t":18.7,"q":4560}}},{"type":"Feature","geometry":{"type":"Point","coordinates":[-96.28389,41.29333]},"properties":{"site":"06800500","name":"Elkhorn River at Waterloo, Nebr.","state":"Nebraska","huc":"102200031006","type":"ST","d0":"2026-09-07","t":[26.9,27.0,26.6,25.5,24.8,23.3,20.7,19.4,20.1,19.4,21.8,24.8,24.6,21.5,20.4,19.2,19.4,19.0,17.8,null,null,null,19.6,19.5,19.6,17.8,17.3,17.5,17.5,17.9],"q":[680,667,903,793,711,691,671,791,1350,1260,1020,874,811,789,775,779,766,781,1030,1520,1750,1530,1530,2880,4670,3470,2310,1740,1470,1330],"latest":{"d":"2026-10-06","t":17.9,"q":1330}}},{"type":"Feature","geometry":{"type":"Point","coordinates":[-96.1575,41.01498]},"properties":{"site":"06805500","name":"Platte River at Louisville, Nebr.","state":"Nebraska","huc":"102002020207","type":"ST","d0":"2026-09-07","t":[26.7,26.8,26.5,25.9,25.1,22.5,19.8,19.6,20.0,19.2,21.3,24.8,25.5,21.5,20.7,19.4,19.4,18.9,17.7,18.1,19.8,20.8,20.2,20.6,20.2,19.0,18.1,18.4,18.5,18.7],"q":[2760,3160,3480,4550,3380,3770,3410,4100,6420,7650,6740,5850,5410,4690,4540,4430,4510,4120,6040,11900,11000,8760,8260,9130,43800,41100,19800,11900,9920,8240],"latest":{"d":"2026-10-06","t":18.7,"q":8240}}},{"type":"Feature","geometry":{"type":"Point","coordinates":[-95.58144,40.87328]},"properties":{"site":"06808500","name":"West Nishnabotna River at Randolph, IA","state":"Iowa","huc":"102400020805","type":"ST","d0":"2026-09-07","t":[26.5,26.5,25.4,23.6,23.0,22.2,19.5,18.8,19.1,18.6,19.3,21.4,22.9,21.3,19.4,18.2,18.4,18.1,17.3,17.5,18.8,19.1,18.5,18.6,18.6,17.7,16.2,16.0,15.8,16.1],"q":[275,345,464,792,584,453,393,469,1080,2090,1630,1310,1150,1020,918,845,792,751,850,1400,1560,1350,1260,1880,3810,7890,4450,3550,3070,2780],"latest":{"d":"2026-10-06","t":16.1,"q":2780}}},{"type":"Feature","geometry":{"type":"Point","coordinates":[-94.85683,39.75325]},"properties":{"site":"06818000","name":"Missouri River at St. Joseph, MO","state":"Missouri","huc":"102400110103","type":"ST","d0":"2026-09-07","t":[29.0,28.9,28.7,28.3,27.3,25.9,25.1,23.8,24.0,22.5,21.9,21.9,22.7,23.6,23.5,22.7,22.1,21.6,20.8,20.1,19.9,19.8,20.2,20.4,20.4,19.9,19.3,18.9,18.6,18.6],"q":[32500,33000,33500,35600,39500,41300,38200,41200,41200,53200,67100,59900,49500,51800,48500,43800,41200,39900,39400,39800,52300,57500,48900,50600,82300,125000,109000,81300,65300,57900],"latest":{"d":"2026-10-06","t":18.6,"q":57900}}},{"type":"Feature","geometry":{"type":"Point","coordinates":[-97.93186,39.99366]},"properties":{"site":"06853500","name":"REPUBLICAN R NR HARDY, NE","state":"Kansas","huc":"102500160804","type":"ST","d0":"2026-09-07","t":[27.7,26.9,27.1,26.6,25.9,22.5,21.0,21.6,20.7,19.4,22.2,24.7,25.4,22.5,21.9,21.2,20.0,18.2,17.6,19.3,20.7,21.1,20.8,20.8,20.1,18.7,17.9,18.2,18.1,18.7],"q":[14.2,13.3,14.3,16.2,13.9,16.6,20.8,23.5,50.3,74.3,70.9,67.6,65.7,65.6,65.1,64.1,63.4,124,407,1510,726,494,371,369,2790,2500,2410,724,443,311],"latest":{"d":"2026-10-06","t":18.7,"q":311}}},{"type":"Feature","geometry":{"type":"Point","coordinates":[-97.12752,39.35555]},"properties":{"site":"06856600","name":"REPUBLICAN R AT CLAY CENTER, KS","state":"Kansas","huc":"10250017","type":"ST","d0":"2026-09-07","t":[28.2,28.8,28.3,27.5,26.5,23.6,22.4,24.9,23.6,23.0,25.9,27.1,26.8,23.4,23.1,22.2,21.6,20.4,20.4,21.7,23.7,23.9,22.0,21.5,21.0,19.5,19.3,19.1,18.4,18.6],"q":[30.0,28.5,26.6,25.7,26.2,45.2,60.3,53.2,58.0,53.5,45.8,42.5,49.0,68.6,49.9,45.9,41.9,49.8,53.7,63.3,61.7,70.0,421,824,963,1980,4370,3430,3280,1640],"latest":{"d":"2026-10-06","t":18.6,"q":1640}}},{"type":"Feature","geometry":{"type":"Point","coordinates":[-100.02227,38.80779]},"properties":{"site":"06861000","name":"SMOKY HILL R NR ARNOLD, KS","state":"Kansas","huc":"102600030501","type":"ST","d0":"2026-09-07","t":[26.0,26.0,26.6,26.1,25.4,24.4,23.2,23.6,21.5,21.5,23.4,23.6,24.3,22.6,22.2,21.7,20.4,20.0,20.6,22.0,22.1,22.0,21.7,21.3,20.0,17.4,17.4,18.4,18.7,19.7],"q":[0.11,0.07,0.08,0.09,0.08,0.06,0.07,0.07,0.09,0.08,0.06,0.03,0.03,0.06,0.06,0.05,0.13,0.27,0.11,0.08,0.06,0.05,0.09,0.52,8.08,39.0,18.2,3.55,1.11,0.59],"latest":{"d":"2026-10-06","t":19.7,"q":0.59}}},{"type":"Feature","geometry":{"type":"Point","coordinates":[-97.95256,38.61147]},"properties":{"site":"06865500","name":"SMOKY HILL R NR LANGLEY, KS","state":"Kansas","huc":"102600080101","type":"ST","d0":"2026-09-07","t":[26.4,26.6,26.6,26.4,26.1,26.1,25.7,25.7,25.2,25.1,25.1,25.2,25.2,24.7,24.2,23.6,23.3,22.9,23.0,22.9,22.9,22.6,22.2,22.3,21.9,21.2,21.0,21.3,20.8,20.8],"q":[64.3,61.9,59.3,58.0,56.4,55.9,59.7,57.5,56.0,56.1,55.3,53.7,52.1,51.6,50.0,48.6,47.0,45.6,46.1,46.6,45.8,44.8,44.4,48.4,52.6,78.6,110,132,153,167],"latest":{"d":"2026-10-06","t":20.8,"q":167}}},{"type":"Feature","geometry":{"type":"Point","coordinates":[-97.1178,38.90639]},"properties":{"site":"06877600","name":"SMOKY HILL R AT ENTERPRISE, KS","state":"Kansas","huc":"10260008","type":"ST","d0":"2026-09-07","t":[29.2,29.2,28.6,28.0,27.5,26.5,25.0,26.2,25.9,25.2,26.7,27.0,26.7,24.8,23.4,22.8,22.6,21.6,21.1,21.9,23.0,23.4,22.6,22.1,21.4,19.5,18.9,19.2,19.4,19.2],"q":[285,283,280,282,277,274,278,272,271,279,286,291,286,323,377,391,341,309,312,321,373,347,310,356,1720,6710,6360,4800,5180,null],"latest":{"d":"2026-10-06","t":19.2,"q":null}}},{"type":"Feature","geometry":{"type":"Point","coordinates":[-96.66224,39.84195]},"properties":{"site":"06882510","name":"BIG BLUE R AT MARYSVILLE, KS","state":"Kansas","huc":"10270205","type":"ST","d0":"2026-09-07","t":[28.5,28.9,28.7,28.4,27.4,24.8,22.9,23.4,23.4,22.1,23.2,24.6,25.4,23.9,22.6,22.3,21.6,20.9,19.8,19.5,18.9,19.7,20.1,20.4,20.2,19.6,18.8,18.5,18.0,17.7],"q":[null,null,172,190,177,191,217,208,223,290,353,407,540,511,431,318,274,257,304,1350,7020,5340,3360,6400,11000,10000,11100,13600,14700,13600],"latest":{"d":"2026-10-06","t":17.7,"q":13600}}},{"type":"Feature","geometry":{"type":"Point","coordinates":[-96.57139,39.23722]},"properties":{"site":"06887000","name":"BIG BLUE R NR MANHATTAN, KS","state":"Kansas","huc":"10270205","type":"ST","d0":"2026-09-07","t":[26.7,26.7,26.9,26.9,26.5,25.9,25.6,25.7,25.6,25.5,25.9,25.7,25.6,25.1,25.0,25.2,24.8,24.2,23.8,23.8,23.7,23.5,23.1,22.8,22.4,20.8,21.1,21.5,20.8,20.4],"q":[992,785,504,504,500,507,512,500,506,525,506,504,560,593,1230,1850,1380,938,942,1440,3570,5850,7890,8200,null,null,null,null,null,null],"latest":{"d":"2026-10-06","t":20.4,"q":null}}},{"type":"Feature","geometry":{"type":"Point","coordinates":[-96.30555,39.19833]},"properties":{"site":"06887500","name":"KANSAS R AT WAMEGO, KS","state":"Kansas","huc":"10270102","type":"ST","d0":"2026-09-07","t":[28.5,28.8,28.1,27.9,27.7,25.6,23.4,24.7,25.6,24.9,27.2,27.7,27.2,25.4,23.9,24.0,23.5,22.6,21.2,21.7,23.4,24.1,23.2,22.8,22.2,20.1,19.6,19.7,19.4,20.1],"q":[1900,1860,1600,1490,1440,1440,1540,1470,1420,1610,1510,1410,1380,1800,1670,2390,2550,1940,2120,2000,3260,4670,8800,10200,13300,20600,13300,9430,7270,12000],"latest":{"d":"2026-10-06","t":20.1,"q":12000}}},{"type":"Feature","geometry":{"type":"Point","coordinates":[-95.71637,39.07194]},"properties":{"site":"06888990","name":"KANSAS R AB TOPEKA WEIR AT TOPEKA, KS","state":"Kansas","huc":"10270102","type":"ST","d0":"2026-09-07","t":[28.8,29.1,27.8,27.4,27.6,25.9,23.5,24.6,26.2,25.0,26.7,27.9,27.4,25.8,24.0,23.3,22.7,22.2,20.9,20.6,22.1,23.3,23.1,22.9,22.1,19.8,19.3,19.6,19.4,19.4],"q":[1760,1710,1690,1450,1320,1320,1390,1460,1460,2700,2970,2130,1600,1600,4000,null,null,null,null,null,null,null,5690,9000,26400,58300,28600,15100,11100,9540],"latest":{"d":"2026-10-06","t":19.4,"q":9540}}},{"type":"Feature","geometry":{"type":"Point","coordinates":[-95.97606,39.60955]},"properties":{"site":"06889110","name":"SOLDIER CREEK NR CORNING, KS","state":"Kansas","huc":"102701020801","type":"ST","d0":"2026-09-07","t":[null,null,null,24.0,22.7,20.4,19.5,20.8,21.7,20.0,22.4,23.7,23.8,21.3,20.2,18.9,18.5,18.1,17.6,18.4,19.8,19.9,19.6,20.4,19.6,16.4,16.3,16.6,15.3,16.1],"q":[0.01,0.01,0.01,0.04,0.02,0.25,0.2,0.04,0.22,22.7,1.31,0.3,0.99,4.11,0.54,0.24,0.23,0.22,2.88,18.8,1.54,0.62,0.52,121,null,null,6.85,4.1,2.91,2.53],"latest":{"d":"2026-10-06","t":16.1,"q":2.53}}},{"type":"Feature","geometry":{"type":"Point","coordinates":[-94.96469,38.98334]},"properties":{"site":"06892350","name":"KANSAS R AT DESOTO, KS","state":"Kansas","huc":"10270104","type":"ST","d0":"2026-09-07","t":[29.6,29.9,28.6,27.6,27.5,26.4,24.9,25.3,26.8,26.7,28.1,28.6,28.6,26.9,25.3,24.2,23.5,22.6,21.3,20.9,21.8,22.8,22.7,22.8,22.9,21.3,19.8,19.7,19.8,19.8],"q":[2000,2050,2060,2130,2020,1830,1780,1830,1890,2630,4270,4380,3210,2720,2460,4790,3830,3630,3420,3120,3320,3680,4530,6320,11300,46400,51000,25800,15300,12000],"latest":{"d":"2026-10-06","t":19.8,"q":12000}}},{"type":"Feature","geometry":{"type":"Point","coordinates":[-94.78944,39.04611]},"properties":{"site":"06892518","name":"KANSAS R NR LAKE QUIVIRA, KS","state":"Kansas","huc":"10270104","type":"ST","d0":"2026-09-07","t":[29.4,29.9,29.6,27.5,27.7,27.6,25.2,24.7,26.7,27.1,28.2,28.2,28.6,27.7,25.6,24.4,23.6,23.0,21.8,21.0,21.6,22.7,22.9,22.8,22.8,21.3,20.0,19.7,19.9,19.9],"q":[2010,1920,1930,2290,2080,1770,1710,null,null,null,4080,4890,3580,2890,2410,4280,4160,3580,3640,3390,3280,3620,4170,5890,10400,40800,59100,28700,15400,11800],"latest":{"d":"2026-10-06","t":19.9,"q":11800}}},{"type":"Feature","geometry":{"type":"Point","coordinates":[-94.61222,38.84222]},"properties":{"site":"06893100","name":"BLUE R AT KENNETH RD, OVERLAND PARK, KS","state":"Kansas","huc":"10300101","type":"ST","d0":"2026-09-07","t":[27.6,28.1,27.7,26.3,26.0,25.3,24.2,24.6,25.9,25.1,25.8,26.6,26.7,25.8,24.8,23.8,22.9,22.0,21.2,21.1,21.2,21.0,21.0,21.4,21.5,19.7,18.9,18.3,18.0,17.9],"q":[5.93,3.37,2.38,21.2,15.8,8.36,9.09,7.72,16.3,127,26.4,14.7,10.5,16.6,16.1,11.2,8.38,6.67,6.88,12.3,26.0,17.1,14.0,17.0,166,526,65.6,33.4,22.2,17.3],"latest":{"d":"2026-10-06","t":17.9,"q":17.3}}},{"type":"Feature","geometry":{"type":"Point","coordinates":[-94.38728,39.01736]},"properties":{"site":"06893820","name":"Little Blue R. at Lees Summit Rd in Independence","state":"Missouri","huc":"103001010206","type":"ST","d0":"2026-09-07","t":[27.1,27.5,27.2,25.6,24.6,24.1,23.6,23.8,25.4,25.3,26.0,26.7,26.7,24.9,23.5,22.6,21.6,20.9,20.1,19.9,20.5,20.9,20.9,21.3,21.4,20.2,18.4,18.0,17.7,17.3],"q":[47.2,10.5,8.02,55.1,28.1,12.0,9.3,7.05,6.85,118,23.7,19.9,15.3,93.8,34.1,21.3,18.0,15.3,15.1,28.7,24.2,17.8,16.0,22.2,157,109,48.6,36.8,29.7,25.9],"latest":{"d":"2026-10-06","t":17.3,"q":25.9}}},{"type":"Feature","geometry":{"type":"Point","coordinates":[-94.3005,39.10056]},"properties":{"site":"06894000","name":"Little Blue River near Lake City, MO","state":"Missouri","huc":"103001010208","type":"ST","d0":"2026-09-07","t":[28.5,28.5,28.4,27.0,26.0,25.7,25.2,25.0,25.9,25.8,26.5,27.4,27.7,26.6,24.9,23.6,23.0,22.6,22.1,21.4,21.0,21.2,21.6,21.9,21.7,20.7,19.8,19.4,19.1,18.7],"q":[81.1,31.6,25.2,81.6,70.6,28.3,22.9,18.7,16.8,194,49.9,36.0,26.8,140,76.6,38.8,32.1,27.6,31.0,56.4,50.0,33.6,31.7,44.3,308,271,87.2,60.4,48.8,42.5],"latest":{"d":"2026-10-06","t":18.7,"q":42.5}}},{"type":"Feature","geometry":{"type":"Point","coordinates":[-94.06389,39.13361]},"properties":{"site":"06894650","name":"Missouri River at Napoleon, MO","state":"Missouri","huc":"103001010604","type":"ST","d0":"2026-09-07","t":[29.4,29.6,29.4,28.6,28.5,28.2,27.0,25.7,25.8,25.4,25.4,24.1,23.9,23.8,23.7,23.8,23.5,22.9,22.1,21.6,21.2,21.1,20.9,20.8,21.2,20.7,20.2,19.7,19.4,19.3],"q":[38600,37900,37800,38100,40300,42600,45600,44400,43000,49700,59200,78500,72600,59300,57300,57000,55800,51200,47800,47000,46200,53600,68300,62500,64600,137000,193000,161000,116000,88100],"latest":{"d":"2026-10-06","t":19.3,"q":88100}}},{"type":"Feature","geometry":{"type":"Point","coordinates":[-93.99472,38.00389]},"properties":{"site":"06918250","name":"Osage River at Taberville, MO","state":"Missouri","huc":"102901050206","type":"ST","d0":"2026-09-07","t":[31.1,30.9,30.6,29.3,29.3,28.8,28.6,28.9,28.6,29.4,29.6,29.1,29.4,29.2,28.5,28.1,27.8,27.3,26.8,26.3,25.8,26.1,25.6,25.3,25.1,24.9,24.4,23.2,21.8,20.8],"q":[null,null,null,88.9,73.8,66.8,79.0,67.8,66.7,77.7,68.0,87.7,89.6,84.6,76.6,73.1,71.0,62.6,52.7,46.9,50.8,44.8,36.6,29.3,null,null,null,838,2400,2190],"latest":{"d":"2026-10-06","t":20.8,"q":2190}}},{"type":"Feature","geometry":{"type":"Point","coordinates":[-92.45861,38.23254]},"properties":{"site":"06926080","name":"Osage River at Tuscumbia, MO","state":"Missouri","huc":"102901110205","type":"ST","d0":"2026-09-07","t":[27.9,27.7,27.9,27.3,26.9,27.3,27.4,27.1,27.7,28.1,28.0,28.2,28.3,27.8,27.2,26.1,25.3,24.6,25.1,25.8,null,null,null,null,null,null,null,null,null,null],"q":[1540,3850,10300,4640,1410,1230,1500,3240,4770,2920,5630,4400,1780,1520,1470,1680,1600,1600,1440,2040,2040,1960,1480,1090,1100,1100,1080,1080,1070,2800],"latest":{"d":"2026-09-26","t":25.8,"q":2040}}},{"type":"Feature","geometry":{"type":"Point","coordinates":[-92.23333,38.27778]},"properties":{"site":"06926290","name":"Tavern Creek below St. Elizabeth, MO","state":"Missouri","huc":"102901110108","type":"ST","d0":"2026-09-07","t":[28.4,27.8,28.0,26.5,25.9,26.2,26.5,26.0,27.3,27.6,27.9,28.1,27.9,27.3,26.1,24.9,23.3,21.5,21.3,23.0,null,null,null,null,null,null,null,null,null,null],"q":[7.1,6.96,7.0,12.2,10.4,9.5,8.84,8.71,8.3,8.24,8.31,8.5,8.43,8.25,10.5,9.96,9.71,9.44,9.31,9.26,9.02,8.69,8.34,7.97,7.91,8.31,8.57,8.91,8.41,7.78],"latest":{"d":"2026-09-26","t":23.0,"q":9.26}}},{"type":"Feature","geometry":{"type":"Point","coordinates":[-91.4385,38.70981]},"properties":{"site":"06934500","name":"Missouri River at Hermann, MO","state":"Missouri","huc":"103002000301","type":"ST","d0":"2026-09-07","t":[29.8,29.3,29.2,28.7,28.1,27.8,27.9,27.2,27.4,27.8,27.9,28.0,27.9,26.9,26.1,24.9,24.0,23.2,22.6,22.6,22.5,22.5,22.3,22.2,22.1,21.7,21.1,20.6,20.4,19.9],"q":[38000,38000,37900,43000,47500,46000,43000,40700,42900,47400,49100,48500,64700,82200,85600,73500,64100,62600,63900,61000,55900,52700,51200,52000,66500,76800,101000,171000,194000,null],"latest":{"d":"2026-10-06","t":19.9,"q":null}}},{"type":"Feature","geometry":{"type":"Point","coordinates":[-90.83917,38.56583]},"properties":{"site":"06935550","name":"Missouri River near Labadie, MO","state":"Missouri","huc":"103002000603","type":"ST","d0":"2026-09-07","t":[30.1,29.6,29.6,28.7,28.6,28.4,28.2,27.6,27.6,28.1,28.3,28.7,28.7,28.3,27.1,25.9,24.7,23.9,23.2,23.0,22.8,22.9,22.8,null,22.9,null,21.8,21.2,20.9,20.5],"q":[40800,40200,40200,42500,47300,48200,46800,43700,43500,46100,50100,49800,54800,74200,86300,79900,68500,63400,64100,63800,59800,55600,53300,52500,57800,74000,83400,154000,202000,187000],"latest":{"d":"2026-10-06","t":20.5,"q":187000}}},{"type":"Feature","geometry":{"type":"Point","coordinates":[-91.20403,37.97478]},"properties":{"site":"07014000","name":"Huzzah Creek near Steelville, MO","state":"Missouri","huc":"071401020408","type":"ST","d0":"2026-09-07","t":[25.2,24.9,25.2,24.6,24.0,24.3,24.6,24.3,25.0,24.7,24.9,25.4,25.2,24.3,23.5,22.3,20.9,20.2,20.4,20.8,21.0,21.2,20.8,21.8,22.5,21.4,19.8,19.7,19.2,18.4],"q":[24.2,23.0,22.0,21.5,24.8,25.6,24.6,22.9,21.6,27.0,21.6,22.7,22.2,21.2,23.6,21.7,21.5,22.0,22.0,22.2,21.6,20.4,20.0,18.3,17.2,17.2,16.4,16.3,16.9,16.0],"latest":{"d":"2026-10-06","t":18.4,"q":16.0}}},{"type":"Feature","geometry":{"type":"Point","coordinates":[-90.5745,37.96525]},"properties":{"site":"07017610","name":"Big River below Bonne Terre, MO","state":"Missouri","huc":"071401040302","type":"ST","d0":"2026-09-07","t":[27.5,26.4,26.8,26.7,25.7,26.1,26.3,25.8,26.9,27.4,27.2,27.4,27.3,26.3,25.6,24.2,22.3,20.9,20.1,20.5,20.5,20.7,20.5,21.8,23.3,22.5,20.1,19.5,19.0,18.1],"q":[27.9,24.9,23.8,25.6,24.4,23.5,23.0,21.7,20.8,20.1,19.4,20.2,19.2,18.2,18.3,17.2,16.3,16.1,16.4,16.9,16.8,16.8,16.3,16.1,15.6,16.0,15.9,14.9,15.1,15.2],"latest":{"d":"2026-10-06","t":18.1,"q":15.2}}},{"type":"Feature","geometry":{"type":"Point","coordinates":[-94.14943,36.04493]},"properties":{"site":"07048493","name":"Town Br. at S Morningside at Fayetteville, AR","state":"Arkansas","huc":"110100010404","type":"ST","d0":"2026-09-07","t":[26.5,26.9,27.4,26.7,25.7,25.9,26.2,26.7,27.2,27.2,27.0,26.7,26.0,25.4,25.0,24.5,23.8,22.7,22.0,22.1,22.1,22.7,22.2,22.7,22.8,21.9,21.1,21.5,20.2,19.0],"q":[1.16,0.74,0.82,0.83,7.39,0.92,1.48,0.78,0.71,0.74,0.74,0.73,0.75,1.29,11.0,0.97,0.87,0.74,0.75,0.76,13.1,1.5,1.06,0.93,1.38,1.35,1.07,1.02,0.93,0.9],"latest":{"d":"2026-10-06","t":19.0,"q":0.9}}},{"type":"Feature","geometry":{"type":"Point","coordinates":[-94.08111,36.07306]},"properties":{"site":"07048600","name":"White River near Fayetteville, AR","state":"Arkansas","huc":"110100010701","type":"ST","d0":"2026-09-07","t":[null,null,null,null,null,null,null,null,null,null,null,28.0,27.1,26.7,26.5,26.3,25.7,24.5,23.9,23.8,23.1,24.0,24.0,24.5,23.9,22.6,22.3,23.1,21.9,21.0],"q":[22.6,3.85,1.9,1.54,11.3,6.28,3.06,3.82,2.05,1.9,1.76,2.26,2.77,2.62,25.5,6.11,2.54,2.15,1.78,1.63,17.3,10.2,3.49,2.11,2.19,3.06,3.38,2.51,2.02,1.91],"latest":{"d":"2026-10-06","t":21.0,"q":1.91}}},{"type":"Feature","geometry":{"type":"Point","coordinates":[-92.14306,36.11667]},"properties":{"site":"07060500","name":"White River at Calico Rock, AR","state":"Arkansas","huc":"110100040206","type":"ST","d0":"2026-09-07","t":[18.0,18.6,19.1,18.1,17.7,18.1,19.1,19.5,20.1,19.1,17.9,17.8,18.3,18.0,17.9,17.7,18.5,18.2,18.0,18.2,18.8,18.6,18.3,18.5,18.9,17.7,16.7,18.9,19.2,17.6],"q":[7940,6220,6220,8120,7260,4970,4440,3820,4910,6680,8210,8360,6420,6810,7370,6730,4900,3340,3210,3080,2420,2960,3840,3800,3520,6300,3560,2170,2720,3970],"latest":{"d":"2026-10-06","t":17.6,"q":3970},"sensor":"From Thermistor"}},{"type":"Feature","geometry":{"type":"Point","coordinates":[-90.84244,37.55256]},"properties":{"site":"07061270","name":"East Fork Black River near Lesterville, MO","state":"Missouri","huc":"110100070202","type":"ST","d0":"2026-09-07","t":[24.1,22.6,22.9,23.4,23.0,22.4,23.2,22.8,23.6,23.7,23.4,23.6,23.4,22.5,23.1,22.3,20.6,20.0,18.4,19.2,19.7,19.5,18.7,19.6,21.2,21.2,18.7,18.6,17.9,16.9],"q":[3.62,3.51,4.03,4.34,5.67,4.94,4.72,4.61,4.47,4.53,4.54,4.38,4.27,4.21,4.23,4.34,4.17,4.03,4.05,4.06,3.96,3.82,3.64,3.43,3.39,3.48,3.24,3.05,2.9,2.75],"latest":{"d":"2026-10-06","t":16.9,"q":2.75}}},{"type":"Feature","geometry":{"type":"Point","coordinates":[-90.83833,37.49361]},"properties":{"site":"07061290","name":"E. Fk. Black R. bl Lower Taum Sauk Reservoir","state":"Missouri","huc":"110100070202","type":"ST","d0":"2026-09-07","t":[28.4,28.3,28.2,28.3,28.0,28.2,28.3,28.2,28.3,28.3,28.4,28.3,28.3,28.1,28.1,27.6,26.9,25.9,25.4,25.3,25.2,25.1,24.8,24.9,25.2,24.7,24.1,23.7,23.3,22.7],"q":[11.5,11.0,11.7,13.5,17.1,14.5,14.2,13.6,13.0,10.2,14.1,11.9,12.0,11.9,11.6,11.2,10.7,9.77,10.3,10.3,10.2,8.65,7.61,7.46,6.96,7.12,6.16,5.62,5.53,5.27],"latest":{"d":"2026-10-06","t":22.7,"q":5.27}}},{"type":"Feature","geometry":{"type":"Point","coordinates":[-92.62194,35.56972]},"properties":{"site":"07075270","name":"South Fork of Little Red River near Scotland, AR","state":"Arkansas","huc":"110100140203","type":"ST","d0":"2026-09-07","t":[27.9,27.6,27.7,27.8,27.3,26.8,26.7,27.0,27.2,27.6,27.5,27.5,27.1,26.8,26.7,26.4,25.8,24.8,24.0,23.8,23.6,23.1,22.8,22.7,23.0,23.0,22.5,22.4,21.7,20.9],"q":[0.27,0.16,0.11,0.05,1.18,1.94,1.38,0.9,0.7,0.53,0.39,0.27,0.17,0.13,0.13,0.1,0.06,0.02,0.0,0.0,0.0,0.0,0.0,0.0,0.0,0.16,0.21,0.43,0.36,0.23],"latest":{"d":"2026-10-06","t":20.9,"q":0.23}}},{"type":"Feature","geometry":{"type":"Point","coordinates":[-104.8775,38.85472]},"properties":{"site":"07103700","name":"FOUNTAIN CREEK NEAR COLORADO SPRINGS, CO.","state":"Colorado","huc":"110200030204","type":"ST","d0":"2026-09-07","t":[17.2,17.2,16.3,16.2,15.7,15.1,15.7,16.4,14.9,15.0,15.8,15.7,14.6,13.7,14.7,14.9,14.1,13.5,13.4,13.2,13.1,12.9,12.7,12.0,11.4,10.8,11.4,11.7,12.2,12.3],"q":[4.87,5.14,5.06,4.58,4.72,4.99,4.97,4.78,5.06,5.22,6.63,7.12,7.41,7.06,7.07,7.12,6.71,7.86,7.12,6.72,6.22,6.66,9.1,17.7,15.2,10.8,9.41,8.93,7.81,7.7],"latest":{"d":"2026-10-06","t":12.3,"q":7.7}}},{"type":"Feature","geometry":{"type":"Point","coordinates":[-104.8172,38.93388]},"properties":{"site":"07103970","name":"MONUMENT CR ABV WOODMEN RD AT COLORADO SPRINGS, CO","state":"Colorado","huc":"110200030107","type":"ST","d0":"2026-09-07","t":[19.3,19.7,18.6,18.9,17.8,17.1,18.6,18.6,16.7,17.4,18.5,18.2,17.1,16.4,17.5,18.1,16.3,15.6,15.4,15.2,15.3,14.5,15.2,14.2,13.6,13.8,14.0,14.2,14.5,14.5],"q":[4.64,12.3,23.1,9.91,6.98,5.95,5.89,5.0,4.14,4.42,9.08,6.99,6.83,7.21,6.13,5.92,7.47,12.4,14.1,10.4,7.17,7.56,10.6,24.9,16.6,11.0,9.01,8.04,7.96,7.55],"latest":{"d":"2026-10-06","t":14.5,"q":7.55}}},{"type":"Feature","geometry":{"type":"Point","coordinates":[-104.82889,38.83722]},"properties":{"site":"07104905","name":"MONUMENT CREEK AT BIJOU ST. AT COLO. SPRINGS, CO","state":"Colorado","huc":"110200030107","type":"ST","d0":"2026-09-07","t":[21.5,null,20.1,20.5,19.9,18.7,null,null,null,null,null,19.7,18.8,17.8,18.5,18.9,17.3,16.3,15.3,15.2,15.9,15.4,15.8,14.7,14.2,14.4,15.1,15.3,15.7,15.8],"q":[19.2,27.1,36.7,23.6,20.8,20.2,20.1,19.8,19.7,20.3,33.2,20.0,20.8,15.0,15.2,15.8,14.3,24.1,70.4,37.6,19.5,18.5,29.7,64.7,27.7,15.2,12.4,12.2,11.5,10.4],"latest":{"d":"2026-10-06","t":15.8,"q":10.4}}},{"type":"Feature","geometry":{"type":"Point","coordinates":[-104.82222,38.81639]},"properties":{"site":"07105500","name":"FOUNTAIN CREEK AT COLORADO SPRINGS, CO","state":"Colorado","huc":"110200030303","type":"ST","d0":"2026-09-07","t":[21.4,21.1,20.3,20.7,19.8,18.6,19.9,19.9,17.5,18.6,19.3,19.2,18.3,17.2,18.2,18.4,16.8,16.0,15.4,15.5,null,15.8,15.5,14.3,13.6,13.9,14.7,14.8,15.4,15.5],"q":[22.1,28.8,37.9,25.8,23.2,22.7,22.7,22.2,22.1,23.2,37.1,27.7,30.9,21.4,22.2,26.8,19.9,34.1,71.8,39.4,23.0,24.0,40.0,87.1,50.0,29.4,25.6,25.2,23.9,22.7],"latest":{"d":"2026-10-06","t":15.5,"q":22.7}}},{"type":"Feature","geometry":{"type":"Point","coordinates":[-104.79581,38.80305]},"properties":{"site":"07105530","name":"FOUNTAIN CR BLW JANITELL RD BLW COLO. SPRINGS, CO","state":"Colorado","huc":"110200030303","type":"ST","d0":"2026-09-07","t":[22.6,22.7,21.8,22.2,21.8,20.8,21.6,21.9,20.3,21.0,21.1,21.3,20.7,20.8,21.2,21.0,20.6,19.6,19.1,19.0,19.9,19.7,19.2,17.7,17.8,null,null,19.3,19.6,19.8],"q":[53.3,61.0,79.4,54.3,49.7,51.9,54.1,48.0,48.7,53.0,74.3,58.4,72.6,63.2,59.3,69.6,57.7,80.5,119,115,74.2,72.2,104,186,118,null,null,78.1,68.9,64.1],"latest":{"d":"2026-10-06","t":19.8,"q":64.1}}},{"type":"Feature","geometry":{"type":"Point","coordinates":[-104.73333,38.72944]},"properties":{"site":"07105800","name":"FOUNTAIN CREEK AT SECURITY, CO","state":"Colorado","huc":"110200030305","type":"ST","d0":"2026-09-07","t":[22.4,22.9,21.8,22.4,21.7,19.9,21.2,21.2,18.5,19.8,21.0,20.9,20.2,19.7,20.4,20.7,19.4,18.8,18.7,17.6,18.8,18.0,18.7,17.1,16.4,16.9,18.1,18.1,18.6,18.9],"q":[75.7,82.2,101,81.1,74.3,72.2,75.0,72.3,70.1,77.1,91.1,81.4,96.2,83.4,79.4,86.2,82.5,98.6,144,176,93.4,88.9,118,209,147,103,92.4,88.5,84.2,79.0],"latest":{"d":"2026-10-06","t":18.9,"q":79.0}}},{"type":"Feature","geometry":{"type":"Point","coordinates":[-104.76764,38.72972]},"properties":{"site":"07105815","name":"CLOVER DITCH DRAIN AT QUINN ST NR WIDEFIELD, CO","state":"Colorado","huc":"110200030305","type":"ST-DCH","d0":"2026-09-07","t":[19.9,19.7,19.4,19.8,19.0,17.8,18.4,18.9,16.6,16.8,19.0,18.4,18.0,17.2,17.8,18.0,17.4,16.6,16.4,16.6,16.5,15.9,16.2,15.7,14.8,14.7,15.2,15.8,16.1,15.8],"q":[1.02,1.17,0.99,0.96,1.0,0.94,0.98,1.06,1.01,1.26,1.65,1.08,1.11,0.94,0.97,1.4,1.08,1.11,0.97,0.87,0.89,1.0,1.06,4.91,1.5,1.48,1.64,1.76,1.94,2.02],"latest":{"d":"2026-10-06","t":15.8,"q":2.02}}},{"type":"Feature","geometry":{"type":"Point","coordinates":[-104.72914,38.71861]},"properties":{"site":"07105820","name":"CLOVER DITCH DRAIN NEAR WIDEFIELD, CO.","state":"Colorado","huc":"110200030305","type":"ST-DCH","d0":"2026-09-07","t":[null,null,null,22.8,22.3,21.0,21.6,21.7,19.5,20.7,21.5,21.8,20.5,20.5,21.6,21.4,20.6,20.4,20.8,20.6,20.1,19.7,20.1,18.3,19.0,19.2,19.6,19.7,19.5,19.5],"q":[4.24,4.08,4.27,4.34,4.03,3.94,3.97,3.94,3.51,3.95,5.03,5.18,4.44,5.25,5.85,5.98,5.77,7.04,6.91,7.19,6.55,6.9,7.47,10.6,6.98,6.7,6.55,6.54,5.95,5.82],"latest":{"d":"2026-10-06","t":19.5,"q":5.82}}},{"type":"Feature","geometry":{"type":"Point","coordinates":[-104.68806,38.68444]},"properties":{"site":"07105900","name":"JIMMY CAMP CREEK AT FOUNTAIN, CO.","state":"Colorado","huc":"110200030304","type":"ST","d0":"2026-09-07","t":[18.4,null,18.2,18.5,17.8,17.1,17.5,18.1,16.1,null,18.3,18.1,18.0,17.1,17.3,17.6,16.6,16.4,16.7,null,15.9,15.7,16.4,null,15.4,15.0,15.1,15.3,15.3,15.5],"q":[0.33,0.44,0.34,0.35,0.38,0.42,0.46,0.42,0.41,0.41,0.43,0.71,0.53,0.46,0.44,0.4,0.41,0.42,0.43,0.4,0.41,0.3,0.41,0.73,0.4,0.4,0.44,0.48,0.47,0.52],"latest":{"d":"2026-10-06","t":15.5,"q":0.52}}},{"type":"Feature","geometry":{"type":"Point","coordinates":[-104.67025,38.60166]},"properties":{"site":"07106000","name":"FOUNTAIN CREEK NEAR FOUNTAIN, CO.","state":"Colorado","huc":"110200030402","type":"ST","d0":"2026-09-07","t":[22.5,22.8,22.0,22.7,21.8,20.2,20.8,20.5,18.1,19.4,21.2,20.9,20.3,19.3,20.2,20.4,18.9,18.3,18.8,17.9,18.3,17.2,17.9,16.7,16.1,16.4,17.1,17.5,17.9,18.1],"q":[66.9,76.6,98.9,84.4,76.5,75.0,86.6,83.3,80.8,91.5,116,102,118,99.8,91.5,88.9,109,115,114,243,93.8,84.1,120,203,189,122,117,110,103,96.6],"latest":{"d":"2026-10-06","t":18.1,"q":96.6}}},{"type":"Feature","geometry":{"type":"Point","coordinates":[-104.59806,38.42944]},"properties":{"site":"07106300","name":"FOUNTAIN CREEK NEAR PINON, CO","state":"Colorado","huc":"110200030406","type":"ST","d0":"2026-09-07","t":[21.7,21.6,21.6,22.1,21.7,20.6,20.8,20.4,18.7,20.1,21.2,21.0,20.4,19.4,20.1,19.9,18.8,18.8,18.8,18.3,18.2,17.2,18.1,16.9,16.2,16.6,17.3,17.4,17.8,17.8],"q":[43.4,43.0,51.8,58.5,58.1,57.8,60.5,61.0,58.0,58.9,68.0,76.9,78.7,83.6,81.5,76.7,85.1,83.7,89.7,142,108,78.6,82.7,104,164,128,101,94.9,90.4,83.3],"latest":{"d":"2026-10-06","t":17.8,"q":83.3}}},{"type":"Feature","geometry":{"type":"Point","coordinates":[-104.39861,38.24806]},"properties":{"site":"07109500","name":"ARKANSAS RIVER NEAR AVONDALE, CO.","state":"Colorado","huc":"110200021204","type":"ST","d0":"2026-09-07","t":[25.1,24.6,23.8,24.6,23.7,22.5,22.8,23.5,20.8,21.7,22.5,23.3,22.5,21.5,21.7,21.3,20.3,20.1,19.5,20.3,19.6,18.2,19.2,17.9,16.4,16.4,17.4,17.9,18.6,19.2],"q":[151,159,266,202,190,166,157,161,179,179,246,189,190,202,205,198,197,233,260,273,314,261,232,563,645,690,671,572,375,281],"latest":{"d":"2026-10-06","t":19.2,"q":281}}},{"type":"Feature","geometry":{"type":"Point","coordinates":[-103.59356,37.61835]},"properties":{"site":"07126485","name":"PURGATOIRE RIVER AT ROCK CROSSING NR TIMPAS, CO.","state":"Colorado","huc":"110200101801","type":"ST","d0":"2026-09-07","t":[null,null,26.5,26.0,25.9,24.4,24.3,22.2,20.9,22.4,22.8,22.5,22.7,22.3,22.7,22.3,20.9,19.5,19.4,19.3,19.9,19.7,19.9,18.3,15.0,14.3,15.3,16.7,17.9,18.7],"q":[0.13,6.23,2.59,1.51,0.59,0.24,0.19,0.16,0.17,0.17,0.37,0.2,13.1,7.68,3.35,1.9,1.86,57.7,163,53.3,18.5,9.47,5.43,6.71,1700,1480,236,87.1,51.5,37.0],"latest":{"d":"2026-10-06","t":18.7,"q":37.0}}},{"type":"Feature","geometry":{"type":"Point","coordinates":[-102.01158,38.02752]},"properties":{"site":"07137500","name":"ARKANSAS R NR COOLIDGE, KS","state":"Kansas","huc":"11030001","type":"ST","d0":"2026-09-07","t":[23.6,25.5,25.0,24.7,24.9,22.5,22.6,22.1,19.2,21.2,22.4,22.8,22.5,21.7,21.4,21.1,18.9,19.9,19.7,20.6,20.5,20.1,19.9,19.4,16.4,15.0,15.5,16.2,16.8,18.4],"q":[3.41,3.72,3.74,4.05,3.78,3.74,3.77,3.8,3.91,3.93,3.82,3.71,3.85,4.48,6.1,6.56,7.42,39.0,43.6,38.6,33.1,37.5,51.5,63.9,138,802,681,473,284,238],"latest":{"d":"2026-10-06","t":18.4,"q":238}}},{"type":"Feature","geometry":{"type":"Point","coordinates":[-97.54054,38.02853]},"properties":{"site":"07143672","name":"L ARKANSAS R AT HWY 50 NR HALSTEAD, KS","state":"Kansas","huc":"110300120303","type":"ST","d0":"2026-09-07","t":[null,null,null,null,null,null,null,null,null,null,null,null,null,null,null,null,null,null,null,null,null,null,null,null,null,null,17.8,18.4,18.4,18.7],"q":[0.01,0.14,0.3,2.38,1.16,0.93,0.98,0.85,0.84,1.02,0.98,0.9,0.86,0.89,1.01,1.13,1.18,1.22,1.68,1.86,1.74,1.73,1.91,2.26,4.29,779,1490,1050,322,121],"latest":{"d":"2026-10-06","t":18.7,"q":121}}},{"type":"Feature","geometry":{"type":"Point","coordinates":[-97.42449,37.88307]},"properties":{"site":"07144100","name":"L ARKANSAS R NR SEDGWICK, KS","state":"Kansas","huc":"11030012","type":"ST","d0":"2026-09-07","t":[28.0,27.8,27.1,25.6,25.7,26.6,25.5,25.8,25.8,26.6,27.5,26.9,26.2,24.6,22.7,22.4,22.8,22.4,22.9,22.8,23.8,24.1,22.2,22.1,22.1,20.0,18.4,18.3,18.7,19.1],"q":[4.17,3.43,3.73,6.0,6.61,5.85,5.18,5.16,4.63,6.9,6.15,5.93,5.06,5.12,4.87,4.72,5.3,14.2,8.34,9.37,8.93,8.02,8.4,12.3,31.5,195,1640,1370,604,226],"latest":{"d":"2026-10-06","t":19.1,"q":226}}},{"type":"Feature","geometry":{"type":"Point","coordinates":[-98.01378,37.8622]},"properties":{"site":"07144780","name":"NF NINNESCAH R AB CHENEY RE, KS","state":"Kansas","huc":"110300140303","type":"ST","d0":"2026-09-07","t":[27.8,27.7,27.3,25.4,26.2,27.1,25.7,26.6,25.1,26.4,27.5,27.0,26.1,23.8,22.7,22.3,23.0,22.4,23.1,23.6,24.4,24.5,21.9,22.6,21.5,19.6,19.3,20.7,20.2,20.8],"q":[8.66,7.83,7.95,13.1,17.7,18.5,16.7,15.3,13.4,13.6,14.1,13.3,12.7,15.8,16.7,17.9,17.8,18.3,22.9,27.6,27.2,26.0,27.1,30.6,40.5,58.4,65.0,62.6,63.7,55.5],"latest":{"d":"2026-10-06","t":20.8,"q":55.5}}},{"type":"Feature","geometry":{"type":"Point","coordinates":[-96.00027,38.36807]},"properties":{"site":"07182390","name":"NEOSHO R AT NEOSHO RAPIDS, KS","state":"Kansas","huc":"11070201","type":"ST","d0":"2026-09-07","t":[29.7,29.8,29.5,28.5,28.0,27.5,26.3,26.3,26.5,25.3,24.8,25.8,26.6,26.5,25.4,24.5,23.8,23.1,22.6,22.0,22.3,22.9,22.9,22.6,22.6,20.8,19.4,19.4,19.0,19.2],"q":[126,121,124,179,181,177,181,669,null,null,3990,null,null,null,null,null,null,null,null,null,null,null,null,null,null,8700,12400,6660,3910,3550],"latest":{"d":"2026-10-06","t":19.2,"q":3550}}},{"type":"Feature","geometry":{"type":"Point","coordinates":[-95.73526,38.19447]},"properties":{"site":"07182510","name":"NEOSHO R AT BURLINGTON, KS","state":"Kansas","huc":"11070204","type":"ST","d0":"2026-09-07","t":[28.7,28.7,28.5,null,27.7,27.2,25.9,26.6,26.4,26.8,27.1,27.8,27.4,27.2,26.2,25.3,24.4,23.7,22.8,22.1,22.0,22.2,21.8,22.0,22.1,21.6,20.8,20.7,20.4,20.6],"q":[131,91.9,58.7,142,63.4,62.7,74.8,62.8,199,472,822,1200,1220,1230,1220,1210,1230,1220,1210,1200,1180,1170,1170,794,425,768,1200,1300,2850,4150],"latest":{"d":"2026-10-06","t":20.6,"q":4150}}},{"type":"Feature","geometry":{"type":"Point","coordinates":[-94.16256,36.12281]},"properties":{"site":"071948095","name":"Mud Creek near Johnson, AR","state":"Arkansas","huc":"111101030201","type":"ST","d0":"2026-09-07","t":[26.8,27.0,27.4,26.3,25.5,26.0,25.8,26.4,26.9,26.7,26.8,26.6,25.7,25.4,24.8,24.4,23.7,22.4,21.9,22.2,22.3,22.6,22.5,23.1,23.1,22.0,21.3,21.7,20.6,19.6],"q":[3.96,2.3,1.88,1.8,11.1,3.88,8.04,3.01,2.25,1.97,1.81,1.65,1.32,1.52,26.7,4.08,3.07,2.36,2.25,2.28,28.4,5.78,3.93,3.34,3.56,3.73,3.18,3.17,3.16,3.21],"latest":{"d":"2026-10-06","t":19.6,"q":3.21}}},{"type":"Feature","geometry":{"type":"Point","coordinates":[-103.38961,35.34439]},"properties":{"site":"07227100","name":"REVUELTO CREEK NEAR LOGAN, NM","state":"New Mexico","huc":"110800080504","type":"ST","d0":"2026-09-07","t":[22.7,22.9,22.4,24.0,24.4,23.8,23.7,24.3,24.0,24.1,24.0,23.9,24.2,24.0,23.1,22.8,20.8,21.3,21.7,23.0,22.9,22.7,22.2,20.8,19.1,17.7,19.8,20.2,20.5,20.7],"q":[85.5,24.3,24.2,53.6,20.0,16.9,12.4,15.1,11.8,36.4,14.1,8.84,10.9,14.7,13.7,12.8,459,1100,882,334,121,73.0,198,977,589,318,91.1,47.1,32.7,27.1],"latest":{"d":"2026-10-06","t":20.7,"q":27.1}}},{"type":"Feature","geometry":{"type":"Point","coordinates":[-92.68556,34.87889]},"properties":{"site":"07263296","name":"Maumelle River near Wye, AR","state":"Arkansas","huc":"111102070102","type":"ST","d0":"2026-09-07","t":[29.1,28.6,28.8,28.6,28.0,27.5,27.2,27.6,27.8,28.1,28.2,28.0,27.6,27.1,27.2,26.9,26.4,25.4,24.6,24.3,24.1,23.7,23.2,23.6,24.1,24.1,23.4,23.0,22.4,21.7],"q":[0.0,0.0,0.0,0.0,0.0,0.0,0.0,0.0,0.0,0.0,0.0,0.0,0.0,0.0,0.0,0.0,0.0,0.0,0.0,0.0,0.0,0.0,0.0,0.0,0.0,0.0,0.0,0.0,0.0,0.0],"latest":{"d":"2026-10-06","t":21.7,"q":0.0}}},{"type":"Feature","geometry":{"type":"Point","coordinates":[-94.04111,33.55194]},"properties":{"site":"07337000","name":"Red River at Index, AR","state":"Arkansas","huc":"111401060607","type":"ST","d0":"2026-09-07","t":[32.5,32.7,32.6,32.2,31.9,31.7,31.6,31.6,31.7,31.5,31.4,31.3,30.8,30.5,30.3,30.1,29.5,28.3,27.0,26.8,26.9,null,26.7,null,26.9,26.5,25.6,24.5,24.4,24.4],"q":[1600,1460,1400,1390,1260,1170,1380,1460,1280,1900,2100,1620,1260,1090,1030,1020,998,962,1360,2370,2730,2700,2680,2570,2240,1780,1740,2910,3000,2710],"latest":{"d":"2026-10-06","t":24.4,"q":2710}}},{"type":"Feature","geometry":{"type":"Point","coordinates":[-91.19156,30.44567]},"properties":{"site":"07374000","name":"Mississippi River at Baton Rouge, LA","state":"Louisiana","huc":"080701000104","type":"ST","d0":"2026-09-07","t":[null,null,null,null,null,null,null,null,null,null,null,null,null,null,null,null,30.2,30.1,29.8,29.5,29.2,29.0,28.8,28.5,28.1,27.7,27.4,27.1,26.7,26.3],"q":[299000,281000,266000,248000,231000,218000,213000,208000,208000,208000,211000,204000,198000,199000,206000,211000,216000,218000,219000,216000,212000,213000,221000,241000,267000,292000,317000,335000,347000,356000],"latest":{"d":"2026-10-06","t":26.3,"q":356000}}},{"type":"Feature","geometry":{"type":"Point","coordinates":[-100.02648,31.71543]},"properties":{"site":"08126380","name":"Colorado Rv nr Ballinger, TX","state":"Texas","huc":"120901010206","type":"ST","d0":"2026-09-07","t":[28.9,29.0,28.9,28.9,28.3,28.3,28.5,28.4,28.5,27.7,27.6,27.7,27.7,28.1,27.1,26.9,27.1,27.0,26.8,27.0,27.6,27.1,26.4,26.1,26.5,24.8,23.5,23.0,23.9,23.2],"q":[0.61,0.6,0.61,0.53,0.53,0.57,0.59,0.61,0.66,0.67,0.69,0.72,0.74,0.73,0.7,0.72,0.67,0.65,0.67,0.69,0.67,0.64,0.59,0.68,0.67,0.61,0.66,0.77,0.77,0.79],"latest":{"d":"2026-10-06","t":23.2,"q":0.79}}},{"type":"Feature","geometry":{"type":"Point","coordinates":[-97.77139,30.26354]},"properties":{"site":"08155500","name":"Barton Spgs at Austin, TX","state":"Texas","huc":"120902050305","type":"SP","d0":"2026-09-07","t":[22.0,22.0,22.0,22.0,22.0,22.0,22.0,22.0,22.0,22.1,22.1,22.1,22.1,22.1,22.1,22.0,22.0,22.0,22.0,22.0,22.0,22.0,22.0,22.0,22.0,22.1,22.1,22.1,22.1,22.1],"q":[16.9,16.7,16.6,16.5,17.3,18.3,18.5,19.0,19.7,17.4,19.1,19.3,18.6,17.9,19.0,17.8,17.3,17.4,17.5,17.8,18.2,17.7,18.2,19.5,23.2,27.5,26.1,22.5,22.3,21.7],"latest":{"d":"2026-10-06","t":22.1,"q":21.7}}},{"type":"Feature","geometry":{"type":"Point","coordinates":[-98.12611,30.03444]},"properties":{"site":"08170990","name":"Jacobs Well Spg nr Wimberley, TX","state":"Texas","huc":"121002030202","type":"SP","d0":"2026-09-07","t":[21.1,21.1,21.1,21.1,21.1,21.1,21.1,21.1,21.1,21.1,21.1,21.1,21.1,21.1,21.1,21.1,21.1,21.1,21.1,21.1,21.1,21.1,21.1,21.1,21.1,21.1,21.1,21.1,21.1,21.1],"q":[0.0,0.0,0.0,0.0,0.0,0.0,0.0,0.0,0.0,0.0,0.0,0.0,0.0,0.0,0.0,0.0,0.0,0.0,0.0,0.0,0.0,0.0,0.0,0.0,0.0,0.0,0.0,0.0,0.0,0.0],"latest":{"d":"2026-10-06","t":21.1,"q":0.0}}},{"type":"Feature","geometry":{"type":"Point","coordinates":[-98.35585,29.22219]},"properties":{"site":"08181800","name":"San Antonio Rv nr Elmendorf, TX","state":"Texas","huc":"121003010301","type":"ST","d0":"2026-09-07","t":[31.0,31.1,31.0,30.9,31.2,31.4,31.2,31.1,30.9,30.8,30.7,30.0,29.7,29.9,30.6,30.7,30.5,30.2,30.2,29.9,29.9,30.1,30.0,30.0,29.1,26.2,26.1,26.6,27.6,27.9],"q":[100,110,101,88.9,102,85.8,94.8,101,91.5,87.6,85.5,83.0,167,121,110,96.6,102,110,116,113,113,126,157,174,672,2750,1780,526,296,233],"latest":{"d":"2026-10-06","t":27.9,"q":233}}},{"type":"Feature","geometry":{"type":"Point","coordinates":[-97.77583,27.9378]},"properties":{"site":"08211200","name":"Nueces Rv at Bluntzer, TX","state":"Texas","huc":"121101110705","type":"ST","d0":"2026-09-07","t":[31.1,31.1,31.0,31.0,31.1,31.1,31.2,31.2,31.1,30.9,30.7,30.2,29.9,29.9,30.2,30.0,29.9,29.9,29.8,29.8,29.7,29.7,29.5,29.8,29.6,28.6,28.2,28.3,28.1,28.2],"q":[87.5,81.7,81.1,76.8,65.8,66.8,61.6,60.6,61.3,59.5,55.6,59.6,113,186,151,300,378,266,121,77.2,72.9,69.1,65.0,59.1,210,427,406,348,321,259],"latest":{"d":"2026-10-06","t":28.2,"q":259}}},{"type":"Feature","geometry":{"type":"Point","coordinates":[-105.96397,36.20556]},"properties":{"site":"08279500","name":"RIO GRANDE AT EMBUDO, NM","state":"New Mexico","huc":"130201011104","type":"ST","d0":"2026-09-07","t":[23.1,22.8,22.8,22.5,21.4,21.8,21.5,21.2,20.1,20.1,21.2,20.7,19.8,19.1,18.7,18.5,17.6,17.2,17.9,17.7,18.1,17.3,16.0,14.0,13.2,12.8,13.8,14.8,15.4,16.0],"q":[144,145,140,139,138,140,140,145,150,150,149,162,169,158,154,155,168,189,204,208,185,188,311,483,842,630,497,431,443,407],"latest":{"d":"2026-10-06","t":16.0,"q":407}}},{"type":"Feature","geometry":{"type":"Point","coordinates":[-106.11169,36.07356]},"properties":{"site":"08290000","name":"RIO CHAMA NEAR CHAMITA, NM","state":"New Mexico","huc":"130201021604","type":"ST","d0":"2026-09-07","t":[23.7,23.4,23.2,22.5,20.8,22.3,21.4,21.1,19.3,19.8,21.1,20.1,18.4,17.9,18.4,18.2,17.1,17.5,16.2,17.1,18.4,17.4,16.5,15.5,16.4,15.3,17.0,17.8,17.7,18.0],"q":[51.9,46.1,39.9,36.6,49.0,66.4,72.5,76.9,82.0,46.7,27.6,82.3,131,149,155,276,290,88.4,289,66.3,32.4,53.7,130,573,351,715,729,631,508,484],"latest":{"d":"2026-10-06","t":18.0,"q":484}}},{"type":"Feature","geometry":{"type":"Point","coordinates":[-106.14244,35.8745]},"properties":{"site":"08313000","name":"RIO GRANDE AT OTOWI BRIDGE, NM","state":"New Mexico","huc":"130201011304","type":"ST","d0":"2026-09-07","t":[24.2,24.1,23.9,23.1,22.0,22.8,22.5,21.8,20.1,20.0,21.6,20.3,19.5,19.0,19.0,19.0,17.5,17.6,17.7,17.2,18.6,18.2,16.5,15.5,15.0,15.2,16.5,17.0,17.2,17.5],"q":[203,187,161,155,143,165,177,197,340,258,219,531,444,403,419,528,746,436,657,432,289,280,844,1440,1360,1360,1170,1050,1070,1080],"latest":{"d":"2026-10-06","t":17.5,"q":1080}}},{"type":"Feature","geometry":{"type":"Point","coordinates":[-106.32394,35.618]},"properties":{"site":"08317400","name":"RIO GRANDE BELOW COCHITI DAM, NM","state":"New Mexico","huc":"130202010209","type":"ST","d0":"2026-09-07","t":[23.1,23.3,23.3,23.2,23.1,23.1,null,22.7,21.6,21.7,22.9,23.0,23.0,22.8,22.5,22.2,22.0,21.5,21.2,21.2,21.2,21.1,20.9,20.5,20.2,19.6,19.4,19.3,19.2,19.2],"q":[58.1,110,89.7,78.1,59.7,49.5,30.4,23.9,24.8,103,172,413,500,499,430,393,397,399,397,397,396,325,468,719,927,1350,1520,1350,1220,1220],"latest":{"d":"2026-10-06","t":19.2,"q":1220}}},{"type":"Feature","geometry":{"type":"Point","coordinates":[-105.65803,35.77711]},"properties":{"site":"08377900","name":"RIO MORA NEAR TERRERO, NM","state":"New Mexico","huc":"130600010202","type":"ST","d0":"2026-09-07","t":[16.2,15.5,14.2,13.8,13.5,14.5,12.5,13.6,12.9,13.9,13.9,12.6,11.4,10.6,10.2,11.0,10.6,10.4,10.2,9.5,9.3,9.6,9.9,9.3,8.7,8.2,8.2,8.9,8.7,8.6],"q":[8.37,8.1,10.8,9.62,7.91,7.33,9.74,9.22,10.1,15.1,24.5,65.8,50.0,40.5,34.2,34.1,53.2,121,100,87.6,75.1,67.7,238,643,537,326,242,185,146,120],"latest":{"d":"2026-10-06","t":8.6,"q":120}}},{"type":"Feature","geometry":{"type":"Point","coordinates":[-105.31883,35.65199]},"properties":{"site":"08380500","name":"GALLINAS CREEK NEAR MONTEZUMA, NM","state":"New Mexico","huc":"130600010805","type":"ST","d0":"2026-09-07","t":[20.5,19.9,18.8,18.6,18.6,18.9,18.2,18.6,17.7,18.3,18.0,17.3,17.0,16.0,null,null,14.4,13.8,14.3,13.7,13.3,13.0,12.9,12.4,11.7,11.3,11.6,11.8,11.9,12.1],"q":[4.11,3.83,3.98,4.76,3.95,3.5,3.52,3.5,3.92,5.3,7.71,14.9,11.2,7.96,6.49,6.62,44.7,194,88.2,67.8,54.8,46.9,223,830,439,226,126,87.0,69.1,57.5],"latest":{"d":"2026-10-06","t":12.1,"q":57.5}}},{"type":"Feature","geometry":{"type":"Point","coordinates":[-104.19665,32.23595]},"properties":{"site":"08405400","name":"BLACK RIVER AT HARKEY CROSSING NR MALAGA, NM","state":"New Mexico","huc":"130600111109","type":"ST","d0":"2026-09-07","t":[29.0,29.1,29.2,28.8,28.9,28.7,28.7,28.1,28.2,27.6,27.3,27.4,27.7,27.4,27.0,26.8,25.8,24.9,24.2,24.6,24.9,25.5,25.1,24.8,23.5,22.0,21.8,22.0,22.7,23.5],"q":[3.7,4.09,4.17,4.13,4.2,3.98,3.71,3.61,3.7,3.95,4.48,4.91,4.61,4.5,4.37,4.31,5.29,15.3,26.1,31.4,14.4,8.21,6.25,9.43,6.42,5.75,5.46,5.1,5.01,5.05],"latest":{"d":"2026-10-06","t":23.5,"q":5.05}}},{"type":"Feature","geometry":{"type":"Point","coordinates":[-104.03944,32.07519]},"properties":{"site":"08407500","name":"PECOS RIVER AT RED BLUFF, NM","state":"New Mexico","huc":"130600111407","type":"ST","d0":"2026-09-07","t":[28.5,28.2,28.3,28.3,28.4,28.5,27.7,27.1,27.5,26.7,26.2,27.1,27.7,27.1,27.1,26.2,24.4,24.6,24.5,26.0,26.1,26.2,25.8,23.6,23.6,21.7,22.1,22.0,22.4,23.1],"q":[47.7,45.2,43.4,44.0,44.3,44.1,43.4,44.0,44.3,49.5,54.7,52.1,47.8,52.2,47.5,53.0,52.9,66.7,137,252,331,202,130,201,136,224,134,87.6,73.6,70.9],"latest":{"d":"2026-10-06","t":23.1,"q":70.9}}},{"type":"Feature","geometry":{"type":"Point","coordinates":[-105.85611,40.32583]},"properties":{"site":"09010500","name":"COLORADO RIVER BELOW BAKER GULCH NR GRAND LAKE, CO","state":"Colorado","huc":"140100010303","type":"ST","d0":"2026-09-07","t":[14.3,14.1,13.0,12.0,10.6,11.1,12.3,12.7,12.6,13.1,12.6,12.9,11.0,11.2,10.3,9.8,10.4,11.1,10.6,9.0,9.9,9.8,9.8,9.5,9.6,9.4,8.9,9.1,9.2,9.3],"q":[11.6,11.2,10.8,10.5,10.4,10.6,10.8,11.7,11.5,11.8,14.3,14.1,14.6,15.7,13.7,12.7,12.3,12.1,12.3,13.0,12.3,12.5,13.5,12.9,12.2,12.3,12.0,11.7,11.6,11.5],"latest":{"d":"2026-10-06","t":9.3,"q":11.5}}},{"type":"Feature","geometry":{"type":"Point","coordinates":[-105.82883,40.24611]},"properties":{"site":"09014050","name":"GRAND LAKE OUTLET BLW CHIPMUNK LN AT GRAND LK, CO","state":"Colorado","huc":"140100010308","type":"ST","d0":"2026-09-07","t":[17.2,17.0,16.8,16.5,15.8,15.6,16.0,null,15.9,16.0,16.0,16.2,15.7,15.3,15.2,15.2,15.0,14.7,14.4,14.5,14.9,14.5,14.3,14.0,null,null,null,null,null,null],"q":[-423,-443,-436,-444,-435,-420,-419,-420,-432,-422,-419,-419,-428,-411,-394,-380,-376,-379,-404,-400,-422,-401,-397,-432,null,-82.4,-83.8,-80.7,-78.0,-148],"latest":{"d":"2026-09-30","t":14.0,"q":-432}}},{"type":"Feature","geometry":{"type":"Point","coordinates":[-105.9,40.12083]},"properties":{"site":"09019500","name":"COLORADO RIVER NEAR GRANBY, CO","state":"Colorado","huc":"140100010309","type":"ST","d0":"2026-09-07","t":[12.7,13.0,12.6,12.6,12.1,12.7,13.1,13.6,13.1,13.5,13.6,13.6,13.4,13.4,13.1,13.6,13.8,13.6,13.8,13.6,13.6,13.1,13.5,13.1,null,null,null,null,null,null],"q":[149,120,97.2,104,84.7,73.9,74.3,74.5,74.1,74.2,71.4,67.7,65.8,55.5,61.8,73.1,80.5,95.1,73.6,36.1,35.4,31.4,44.2,53.1,null,null,null,null,null,null],"latest":{"d":"2026-09-30","t":13.1,"q":53.1}}},{"type":"Feature","geometry":{"type":"Point","coordinates":[-105.75139,39.84583]},"properties":{"site":"09022000","name":"FRASER RIVER AT UPPER STA, NEAR WINTER PARK, CO.","state":"Colorado","huc":"140100010202","type":"ST","d0":"2026-09-07","t":[8.1,7.8,7.5,6.7,6.3,7.0,7.4,8.1,8.0,7.6,7.8,7.8,6.7,6.0,5.6,5.7,6.4,6.2,6.2,5.5,5.9,5.8,6.2,5.7,5.8,5.4,5.4,5.6,5.3,5.5],"q":[3.05,3.03,2.96,2.93,2.91,2.88,2.88,3.06,2.98,3.14,3.88,3.64,3.45,3.2,3.11,3.09,3.1,3.15,3.4,3.3,3.22,3.22,3.25,3.21,3.13,3.07,3.03,2.97,2.94,2.91],"latest":{"d":"2026-10-06","t":5.5,"q":2.91}}},{"type":"Feature","geometry":{"type":"Point","coordinates":[-105.77667,39.89999]},"properties":{"site":"09024000","name":"FRASER RIVER AT WINTER PARK, CO.","state":"Colorado","huc":"140100010202","type":"ST","d0":"2026-09-07","t":[10.8,10.7,10.3,9.5,8.9,9.4,10.2,10.7,10.7,10.4,10.0,10.5,9.1,8.1,8.1,7.8,8.5,8.3,8.1,7.5,7.9,7.7,8.2,7.5,7.8,7.6,7.4,7.6,7.5,7.7],"q":[6.37,5.76,5.88,5.83,5.42,5.83,5.54,6.2,6.08,5.8,8.27,8.03,7.56,6.65,6.38,6.43,6.53,6.58,6.93,7.06,6.31,6.56,6.42,6.61,6.48,6.22,6.18,6.43,6.32,4.92],"latest":{"d":"2026-10-06","t":7.7,"q":4.92},"sensor":"EXO"}},{"type":"Feature","geometry":{"type":"Point","coordinates":[-105.78529,39.92026]},"properties":{"site":"09025000","name":"VASQUEZ CREEK AT WINTER PARK, CO","state":"Colorado","huc":"140100010201","type":"ST","d0":"2026-09-07","t":[11.0,10.7,9.9,9.1,8.4,9.0,9.8,10.7,10.5,10.1,10.2,10.3,9.0,8.0,7.6,7.7,8.5,8.4,8.3,7.3,7.6,7.7,8.2,7.6,null,null,null,null,null,null],"q":[10.1,9.73,9.37,9.04,8.06,7.0,7.08,7.56,7.44,7.51,6.61,4.42,5.31,5.23,5.12,5.07,5.0,5.01,5.14,5.07,4.97,5.07,5.08,5.03,4.92,4.92,4.87,4.9,4.9,4.89],"latest":{"d":"2026-09-30","t":7.6,"q":5.03}}},{"type":"Feature","geometry":{"type":"Point","coordinates":[-105.87778,39.91]},"properties":{"site":"09026500","name":"ST. LOUIS CREEK NEAR FRASER, CO.","state":"Colorado","huc":"140100010203","type":"ST","d0":"2026-09-07","t":[11.1,10.5,9.9,9.1,8.4,9.1,9.6,10.8,10.4,10.3,10.5,10.5,8.9,7.8,7.4,7.3,8.2,8.2,8.2,6.8,7.3,7.6,7.9,7.3,7.0,6.6,6.7,6.6,6.6,6.7],"q":[5.17,5.07,4.8,4.7,4.7,4.71,4.97,6.55,5.76,5.3,7.82,6.36,5.91,5.68,5.32,5.31,5.32,5.6,5.58,5.68,5.48,5.97,5.91,5.66,5.47,5.26,5.16,5.1,4.98,4.99],"latest":{"d":"2026-10-06","t":6.7,"q":4.99}}},{"type":"Feature","geometry":{"type":"Point","coordinates":[-105.82978,39.99033]},"properties":{"site":"09027100","name":"FRASER RIVER AT TABERNASH, CO","state":"Colorado","huc":"140100010206","type":"ST","d0":"2026-09-07","t":[15.1,14.9,13.9,13.3,11.9,12.5,13.4,13.8,14.0,14.2,13.9,14.3,13.1,12.8,12.4,11.5,11.8,11.7,11.3,11.1,11.5,10.8,11.3,10.2,10.7,10.7,10.5,10.9,10.7,10.8],"q":[21.5,20.7,21.6,19.5,18.0,16.8,17.6,19.3,21.1,22.7,21.1,16.1,20.1,17.6,16.6,15.8,15.9,16.3,16.7,17.0,16.3,16.8,17.6,17.3,null,null,null,null,null,null],"latest":{"d":"2026-10-06","t":10.8,"q":null},"sensor":"EXO"}},{"type":"Feature","geometry":{"type":"Point","coordinates":[-105.76556,39.94999]},"properties":{"site":"09032000","name":"RANCH CREEK NEAR FRASER, CO.","state":"Colorado","huc":"140100010205","type":"ST","d0":"2026-09-07","t":[11.4,10.8,9.8,8.7,8.1,8.9,9.6,10.3,10.1,10.0,10.3,10.2,9.0,7.8,7.2,7.4,8.3,8.5,8.4,7.2,7.4,7.5,8.1,7.6,null,null,null,null,null,null],"q":[4.87,4.21,3.99,3.78,3.7,3.69,3.67,4.03,4.07,3.9,4.37,2.95,2.53,2.22,2.04,1.97,1.96,2.07,2.08,2.14,1.99,2.0,2.01,1.96,1.9,1.86,1.84,1.83,1.81,1.81],"latest":{"d":"2026-09-30","t":7.6,"q":1.96}}},{"type":"Feature","geometry":{"type":"Point","coordinates":[-105.82656,39.99909]},"properties":{"site":"09033100","name":"RANCH CREEK BLW MEADOW CR NR TABERNASH, CO","state":"Colorado","huc":"140100010205","type":"ST","d0":"2026-09-07","t":[16.0,15.8,14.8,13.7,12.2,12.6,13.8,14.5,14.3,14.5,14.7,14.9,13.9,13.2,12.8,11.8,11.9,12.1,11.9,11.4,12.1,11.6,11.5,10.8,null,null,null,null,null,null],"q":[7.32,6.58,5.7,5.5,5.64,6.33,6.23,6.67,6.92,6.38,7.35,7.11,6.37,5.62,5.09,5.01,5.16,5.36,5.48,6.45,5.6,5.32,6.19,5.75,null,null,null,null,null,null],"latest":{"d":"2026-09-30","t":10.8,"q":5.75}}},{"type":"Feature","geometry":{"type":"Point","coordinates":[-105.84827,40.00689]},"properties":{"site":"09033300","name":"FRASER RIVER BLW CROOKED CR AT TABERNASH CO","state":"Colorado","huc":"140100010210","type":"ST","d0":"2026-09-07","t":[15.4,15.2,14.2,13.2,11.8,12.5,13.6,14.2,14.1,14.4,14.2,14.7,13.4,12.9,12.4,11.4,11.6,11.8,11.5,11.6,11.7,11.0,11.4,10.3,10.7,10.7,10.4,10.7,10.5,10.7],"q":[41.8,40.4,40.0,40.7,40.2,39.0,41.3,46.2,49.2,51.0,50.9,43.8,48.2,42.8,39.6,37.7,37.0,38.5,39.0,41.8,39.1,38.8,41.5,40.4,39.7,37.8,38.2,37.0,36.7,36.4],"latest":{"d":"2026-10-06","t":10.7,"q":36.4}}},{"type":"Feature","geometry":{"type":"Point","coordinates":[-106.00418,40.10832]},"properties":{"site":"09034250","name":"COLORADO RIVER AT WINDY GAP, NEAR GRANBY, CO.","state":"Colorado","huc":"140100010501","type":"ST","d0":"2026-09-07","t":[14.6,14.6,13.9,13.5,12.9,13.4,14.1,15.4,14.7,14.8,14.6,14.7,13.8,13.3,13.1,13.2,13.5,13.4,13.5,13.0,13.4,12.8,12.8,12.0,null,null,null,null,null,null],"q":[190,170,156,173,155,137,136,142,141,142,146,141,141,127,124,139,147,163,153,104,103,99.7,106,105,99.2,94.4,94.2,93.4,77.6,65.3],"latest":{"d":"2026-09-30","t":12.0,"q":105}}},{"type":"Feature","geometry":{"type":"Point","coordinates":[-106.18037,40.0002]},"properties":{"site":"09037500","name":"WILLIAMS FORK NEAR PARSHALL, CO","state":"Colorado","huc":"140100010407","type":"ST","d0":"2026-09-07","t":[15.6,15.8,14.9,13.7,12.9,13.4,14.3,15.6,15.0,15.0,14.4,14.1,13.1,12.6,12.5,12.3,12.7,12.5,12.2,11.7,12.4,12.0,11.9,11.3,null,null,null,null,null,null],"q":[6.05,5.91,5.42,6.41,6.26,6.22,7.9,16.0,18.8,18.4,17.0,9.07,8.97,8.93,8.43,8.17,8.25,8.09,7.6,7.98,7.68,7.6,7.49,7.19,6.85,7.02,6.58,6.15,6.24,6.41],"latest":{"d":"2026-09-30","t":11.3,"q":7.19}}},{"type":"Feature","geometry":{"type":"Point","coordinates":[-106.30518,40.05866]},"properties":{"site":"09040500","name":"TROUBLESOME CREEK NEAR TROUBLESOME, CO.","state":"Colorado","huc":"140100010605","type":"ST","d0":"2026-09-07","t":[16.7,16.4,15.2,14.1,12.8,13.5,14.4,15.8,15.2,15.5,15.0,14.3,13.3,13.3,12.7,12.9,13.3,13.0,13.1,12.2,12.7,12.2,12.5,11.7,null,null,null,null,null,null],"q":[19.8,12.4,4.79,4.54,4.39,8.16,25.6,28.9,33.6,33.2,41.3,42.8,44.6,50.5,34.6,30.1,28.3,27.9,28.7,31.1,30.2,29.0,30.3,39.1,null,null,null,null,null,null],"latest":{"d":"2026-09-30","t":11.7,"q":39.1}}},{"type":"Feature","geometry":{"type":"Point","coordinates":[-106.42194,40.2025]},"properties":{"site":"09041090","name":"MUDDY CREEK ABOVE ANTELOPE CREEK NR. KREMMLING, CO","state":"Colorado","huc":"140100010704","type":"ST","d0":"2026-09-07","t":[13.6,13.2,11.9,10.5,10.1,11.1,11.7,13.1,12.8,13.4,13.4,13.9,12.5,11.5,10.8,13.6,14.1,13.9,13.9,13.1,13.1,13.1,13.0,12.9,12.5,12.4,12.2,12.2,12.1,12.1],"q":[0.0,0.0,0.0,0.0,0.0,0.0,0.0,0.0,0.0,0.0,0.0,0.0,0.0,0.0,null,null,null,null,null,null,null,null,null,null,null,null,null,null,null,null],"latest":{"d":"2026-10-06","t":12.1,"q":null}}},{"type":"Feature","geometry":{"type":"Point","coordinates":[-106.04946,39.56665]},"properties":{"site":"09046600","name":"BLUE RIVER NEAR DILLON, CO","state":"Colorado","huc":"140100020104","type":"ST","d0":"2026-09-07","t":[12.2,11.6,11.5,11.0,10.9,11.1,11.5,11.8,11.8,11.5,11.5,11.7,10.5,10.6,10.6,10.5,10.8,10.4,10.4,10.4,10.6,10.2,10.6,9.9,null,null,null,null,null,10.2],"q":[30.4,30.4,30.1,29.4,29.2,29.2,28.9,28.6,28.6,28.8,29.9,30.4,31.4,32.9,34.3,34.8,34.8,34.8,34.8,34.8,34.8,34.8,34.8,34.8,35.3,35.0,34.9,34.8,34.8,34.8],"latest":{"d":"2026-10-06","t":10.2,"q":34.8}}},{"type":"Feature","geometry":{"type":"Point","coordinates":[-106.06583,39.62556]},"properties":{"site":"09050700","name":"BLUE RIVER BELOW DILLON, CO.","state":"Colorado","huc":"140100020501","type":"ST","d0":"2026-09-07","t":[6.5,6.3,6.4,6.4,6.4,6.5,6.4,6.5,6.5,6.5,6.5,6.4,6.5,6.5,6.5,6.4,6.5,6.4,6.4,6.5,6.5,6.4,6.5,6.3,6.5,6.5,6.5,6.5,6.5,6.5],"q":[53.9,53.9,53.9,53.9,53.9,53.9,53.9,53.9,53.9,53.9,53.9,53.9,53.9,53.9,53.9,53.9,53.9,53.9,53.9,53.9,53.9,53.9,53.9,53.9,53.9,53.9,53.9,53.9,53.9,53.9],"latest":{"d":"2026-10-06","t":6.5,"q":53.9}}},{"type":"Feature","geometry":{"type":"Point","coordinates":[-106.43944,40.03667]},"properties":{"site":"09058000","name":"COLORADO RIVER NEAR KREMMLING, CO","state":"Colorado","huc":"140100010905","type":"ST","d0":"2026-09-07","t":[18.0,17.7,16.9,16.0,15.3,15.1,15.9,17.2,17.3,16.8,16.4,16.0,15.1,15.2,15.0,15.2,15.0,14.7,14.8,14.3,14.7,14.1,14.0,13.7,13.3,13.8,13.9,13.8,13.6,13.4],"q":[589,579,535,499,496,483,469,461,452,549,614,579,615,650,604,566,565,565,546,507,448,422,421,409,400,390,383,383,383,361],"latest":{"d":"2026-10-06","t":13.4,"q":361},"sensor":"LEFT EDGE OF WATER"}},{"type":"Feature","geometry":{"type":"Point","coordinates":[-106.83169,39.8911]},"properties":{"site":"09060799","name":"COLORADO RIVER AT CATAMOUNT BRIDGE, CO","state":"Colorado","huc":"140100011503","type":"ST","d0":"2026-09-07","t":[19.2,18.5,18.3,17.5,15.6,15.5,16.7,17.5,17.9,17.7,17.3,17.6,16.2,15.6,15.7,16.0,16.1,15.7,15.5,15.1,15.3,14.8,14.9,14.4,14.4,14.5,14.6,14.6,14.5,14.5],"q":[591,591,559,506,499,497,475,479,466,502,632,635,625,679,661,601,587,596,579,558,497,456,446,442,432,418,408,406,405,402],"latest":{"d":"2026-10-06","t":14.5,"q":402}}},{"type":"Feature","geometry":{"type":"Point","coordinates":[-106.36669,39.50832]},"properties":{"site":"09063000","name":"EAGLE RIVER AT RED CLIFF, CO.","state":"Colorado","huc":"140100030206","type":"ST","d0":"2026-09-07","t":[13.0,12.5,11.9,10.8,9.9,10.5,11.7,11.9,12.5,12.4,12.8,12.5,10.9,10.4,9.8,9.8,10.6,10.3,10.1,9.2,9.5,9.2,10.2,9.6,9.4,9.4,9.0,9.7,9.3,9.1],"q":[6.53,6.97,6.86,6.23,6.15,6.15,6.18,6.62,8.01,7.63,8.11,8.02,9.36,8.82,7.51,7.01,6.97,6.96,7.78,7.9,7.6,7.39,7.64,7.39,7.36,7.36,7.18,7.04,6.78,6.76],"latest":{"d":"2026-10-06","t":9.1,"q":6.76}}},{"type":"Feature","geometry":{"type":"Point","coordinates":[-106.40253,39.55387]},"properties":{"site":"09064600","name":"EAGLE RIVER NEAR MINTURN, CO","state":"Colorado","huc":"140100030209","type":"ST","d0":"2026-09-07","t":[14.2,13.6,12.8,11.5,10.4,11.6,12.5,13.2,13.4,13.4,13.2,13.3,11.6,10.7,10.5,10.1,11.2,11.1,10.9,10.0,10.0,10.2,10.7,10.4,9.9,9.9,9.5,10.2,10.0,9.6],"q":[21.9,22.1,21.9,20.7,20.7,21.0,21.1,26.5,31.9,29.4,35.4,34.9,35.4,37.5,32.5,34.3,35.4,36.0,49.4,50.4,48.3,48.9,49.3,48.8,48.1,47.4,46.5,45.5,45.4,44.8],"latest":{"d":"2026-10-06","t":9.6,"q":44.8}}},{"type":"Feature","geometry":{"type":"Point","coordinates":[-106.27808,39.62582]},"properties":{"site":"09065500","name":"GORE CREEK AT UPPER STATION, NEAR MINTURN, CO.","state":"Colorado","huc":"140100030101","type":"ST","d0":"2026-09-07","t":[11.3,10.9,10.2,9.1,8.9,9.5,10.0,10.8,10.7,10.7,10.8,10.5,9.5,8.3,7.6,7.9,8.9,8.9,8.7,7.9,7.9,8.2,8.5,8.4,7.8,7.3,7.1,7.2,7.0,7.2],"q":[3.09,3.01,2.86,2.74,2.63,2.64,2.63,4.1,4.57,3.96,6.0,5.25,5.18,4.78,4.31,4.08,4.04,3.89,4.23,4.0,3.67,3.75,3.71,3.51,3.38,3.21,3.12,3.0,2.92,2.89],"latest":{"d":"2026-10-06","t":7.2,"q":2.89}}},{"type":"Feature","geometry":{"type":"Point","coordinates":[-106.26503,39.59637]},"properties":{"site":"09066000","name":"BLACK GORE CREEK NEAR MINTURN, CO.","state":"Colorado","huc":"140100030101","type":"ST","d0":"2026-09-07","t":[null,null,null,8.5,7.9,9.1,10.0,10.0,10.0,10.2,10.1,10.0,8.9,8.1,7.4,7.0,8.2,8.2,8.1,7.7,7.7,7.4,8.0,7.7,7.7,7.1,6.8,6.7,6.6,6.8],"q":[1.55,1.53,1.48,1.46,1.45,1.46,1.47,2.84,3.25,3.26,4.86,3.93,4.18,3.66,3.23,3.13,3.16,2.94,3.39,2.95,2.51,2.51,2.34,2.23,2.01,1.83,1.77,1.68,1.55,1.55],"latest":{"d":"2026-10-06","t":6.8,"q":1.55}}},{"type":"Feature","geometry":{"type":"Point","coordinates":[-106.32308,39.64832]},"properties":{"site":"09066200","name":"BOOTH CREEK NEAR MINTURN, CO.","state":"Colorado","huc":"140100030102","type":"ST","d0":"2026-09-07","t":[10.4,10.3,10.1,9.4,9.1,10.1,10.3,10.6,10.6,10.5,10.2,10.0,9.2,8.8,8.4,8.7,9.1,9.0,8.9,8.5,8.6,8.5,8.8,8.5,8.5,8.4,8.4,8.6,8.5,8.6],"q":[0.39,0.37,0.33,0.29,0.26,0.26,0.24,0.39,0.48,0.51,0.77,0.75,0.81,0.78,0.75,0.73,0.71,0.72,0.73,0.73,0.68,0.67,0.67,0.65,0.61,0.57,0.54,0.53,0.54,0.54],"latest":{"d":"2026-10-06","t":8.6,"q":0.54}}},{"type":"Feature","geometry":{"type":"Point","coordinates":[-106.38225,39.64582]},"properties":{"site":"09066300","name":"MIDDLE CREEK NEAR MINTURN, CO.","state":"Colorado","huc":"140100030103","type":"ST","d0":"2026-09-07","t":[11.0,10.9,11.2,10.6,10.3,11.5,12.1,11.6,10.4,10.4,10.4,10.2,9.3,8.7,8.4,8.4,8.9,8.8,8.9,8.5,8.7,8.5,8.7,8.4,8.5,8.5,8.7,9.1,9.0,9.2],"q":[0.06,0.05,0.04,0.02,0.01,0.0,0.0,0.07,0.22,0.15,0.42,0.35,0.46,0.33,0.21,0.16,0.13,0.12,0.17,0.18,0.13,0.19,0.19,0.14,0.11,0.08,0.06,0.04,0.03,0.03],"latest":{"d":"2026-10-06","t":9.2,"q":0.03}}},{"type":"Feature","geometry":{"type":"Point","coordinates":[-106.44781,39.60943]},"properties":{"site":"09066510","name":"GORE CREEK AT MOUTH NEAR MINTURN, CO","state":"Colorado","huc":"140100030103","type":"ST","d0":"2026-09-07","t":[14.4,14.0,13.4,12.5,11.9,12.9,13.5,14.3,13.9,13.6,13.6,13.3,12.0,11.4,11.1,10.8,11.9,11.7,11.6,11.0,11.5,11.2,11.6,11.0,10.6,10.5,10.4,11.0,10.7,10.6],"q":[12.5,12.6,12.0,11.6,11.3,11.1,11.0,14.7,16.4,16.0,19.3,19.1,19.6,18.8,16.8,15.6,15.4,14.4,15.0,14.8,14.4,14.4,14.2,14.8,14.5,13.7,13.7,13.1,12.8,12.6],"latest":{"d":"2026-10-06","t":10.6,"q":12.6}}},{"type":"Feature","geometry":{"type":"Point","coordinates":[-107.07801,39.64461]},"properties":{"site":"09070500","name":"COLORADO RIVER NEAR DOTSERO, CO","state":"Colorado","huc":"140100011508","type":"ST","d0":"2026-09-07","t":[19.6,19.4,18.7,17.8,17.0,17.0,17.2,18.3,18.0,17.5,17.7,17.9,17.0,15.9,15.9,16.0,16.5,16.1,16.3,15.5,15.7,15.6,15.2,15.0,14.7,14.9,15.0,15.1,15.1,15.1],"q":[684,693,676,621,589,595,586,584,604,607,736,820,817,851,862,791,743,744,761,743,716,656,637,631,624,609,593,586,585,582],"latest":{"d":"2026-10-06","t":15.1,"q":582}}},{"type":"Feature","geometry":{"type":"Point","coordinates":[-106.77361,39.14111]},"properties":{"site":"09073300","name":"ROARING FORK RIVER AB DIFFICULT C NR ASPEN, CO.","state":"Colorado","huc":"140100040104","type":"ST","d0":"2026-09-07","t":[11.8,11.6,11.2,10.2,9.4,10.5,11.2,11.4,11.3,11.1,11.3,11.0,9.9,8.9,9.1,9.8,10.1,10.2,9.8,8.9,9.0,9.0,9.3,8.9,8.3,8.3,8.3,8.6,8.4,8.5],"q":[8.99,8.8,8.92,8.43,8.29,9.77,9.16,16.8,28.8,19.0,21.6,25.2,23.9,22.1,19.0,17.6,16.4,17.5,17.7,18.9,16.6,15.9,17.9,18.0,23.9,19.0,18.4,17.2,16.7,15.1],"latest":{"d":"2026-10-06","t":8.5,"q":15.1}}},{"type":"Feature","geometry":{"type":"Point","coordinates":[-106.85731,39.2232]},"properties":{"site":"09076300","name":"ROARING FORK RIVER BLW MAROON CREEK NR ASPEN, CO","state":"Colorado","huc":"140100040602","type":"ST","d0":"2026-09-07","t":[12.4,12.1,11.9,11.2,10.4,11.1,11.7,11.8,11.8,11.7,11.5,10.8,10.5,9.8,9.7,10.0,10.6,10.3,10.2,9.3,9.8,9.9,10.1,9.6,9.3,9.6,9.6,9.8,9.7,9.6],"q":[67.1,64.5,60.9,62.7,65.6,65.8,67.5,115,166,135,141,165,154,156,136,121,113,111,115,118,114,112,114,122,144,140,132,127,122,117],"latest":{"d":"2026-10-06","t":9.6,"q":117}}},{"type":"Feature","geometry":{"type":"Point","coordinates":[-107.08394,39.37332]},"properties":{"site":"09081000","name":"ROARING FORK RIVER NEAR EMMA, CO","state":"Colorado","huc":"140100040802","type":"ST","d0":"2026-09-07","t":[14.9,15.1,14.6,13.7,12.7,13.7,14.1,14.8,14.5,14.6,14.1,13.4,12.4,12.1,11.8,12.0,12.8,12.3,12.2,11.8,12.3,12.0,12.3,11.9,11.5,11.7,11.8,11.9,11.9,11.8],"q":[138,140,134,128,127,127,129,152,248,243,251,362,384,396,340,268,256,254,258,265,254,251,258,265,276,233,218,212,206,215],"latest":{"d":"2026-10-06","t":11.8,"q":215}}},{"type":"Feature","geometry":{"type":"Point","coordinates":[-107.33083,39.54667]},"properties":{"site":"09085000","name":"ROARING FORK RIVER AT GLENWOOD SPRINGS, CO.","state":"Colorado","huc":"140100041003","type":"ST","d0":"2026-09-07","t":[17.7,17.3,16.8,16.0,15.1,15.8,16.4,17.4,16.5,16.3,16.1,15.7,14.3,14.1,13.9,13.9,14.5,14.5,14.7,13.5,14.1,13.9,14.0,13.9,13.6,13.7,13.9,14.0,14.0,13.9],"q":[275,276,258,250,255,256,257,276,503,491,442,561,599,620,561,469,447,436,447,468,452,437,448,455,481,437,415,404,392,387],"latest":{"d":"2026-10-06","t":13.9,"q":387}}},{"type":"Feature","geometry":{"type":"Point","coordinates":[-108.54111,39.05458]},"properties":{"site":"09106485","name":"COLORADO R. ABV GUNNISON R. AT GRAND JUNCTION, CO","state":"Colorado","huc":"140100051503","type":"ST","d0":"2026-09-07","t":[21.5,21.7,21.3,20.6,20.0,21.2,21.4,21.5,20.8,20.9,20.3,20.8,20.1,19.3,18.6,18.3,18.8,18.6,18.8,18.9,18.8,17.7,17.8,17.7,17.8,18.0,18.0,18.2,18.1,18.2],"q":[366,370,352,333,247,212,197,196,258,383,594,435,682,691,613,564,484,433,420,429,463,415,392,407,429,397,375,304,266,246],"latest":{"d":"2026-10-06","t":18.2,"q":246}}},{"type":"Feature","geometry":{"type":"Point","coordinates":[-106.5667,38.86027]},"properties":{"site":"09107000","name":"TAYLOR RIVER AT TAYLOR PARK, CO.","state":"Colorado","huc":"140200010103","type":"ST","d0":"2026-09-07","t":[12.0,11.8,11.6,10.6,10.2,11.0,10.8,11.4,12.0,12.6,11.9,11.8,10.7,10.3,9.9,10.0,10.4,9.7,9.4,9.0,9.8,8.3,9.6,8.7,9.3,9.4,9.6,9.2,9.1,8.6],"q":[21.5,21.5,20.7,20.0,19.8,20.2,20.6,43.4,62.1,40.2,50.3,60.4,52.2,50.1,40.7,37.6,38.4,39.6,42.1,43.0,40.0,48.5,54.8,54.6,66.0,51.4,46.3,43.8,42.3,40.3],"latest":{"d":"2026-10-06","t":8.6,"q":40.3}}},{"type":"Feature","geometry":{"type":"Point","coordinates":[-106.84472,38.66444]},"properties":{"site":"09110000","name":"TAYLOR RIVER AT ALMONT, CO.","state":"Colorado","huc":"140200010113","type":"ST","d0":"2026-09-07","t":[14.7,14.2,13.9,12.8,11.8,12.8,13.4,13.6,14.0,14.4,14.0,14.4,13.1,12.0,11.6,11.9,12.3,12.0,11.8,11.4,12.0,10.8,11.3,10.9,10.8,11.0,11.1,11.5,11.0,10.7],"q":[111,109,97.3,97.1,96.1,97.0,97.9,109,124,116,132,140,130,124,121,120,124,123,125,126,124,132,145,137,140,121,116,115,114,111],"latest":{"d":"2026-10-06","t":10.7,"q":111}}},{"type":"Feature","geometry":{"type":"Point","coordinates":[-106.87028,38.78417]},"properties":{"site":"09112200","name":"EAST RIVER BELOW CEMENT CREEK NR CRESTED BUTTE, CO","state":"Colorado","huc":"140200010210","type":"ST","d0":"2026-09-07","t":[13.5,13.4,13.0,12.2,11.4,12.5,12.5,12.7,13.1,13.1,12.9,13.0,12.0,11.3,11.2,11.3,11.8,11.4,11.3,10.9,11.3,10.3,11.1,10.2,11.1,11.1,11.2,11.4,11.4,10.8],"q":[43.4,43.4,41.9,41.6,39.3,39.5,39.5,74.6,139,87.8,91.2,128,113,113,92.3,82.2,75.4,75.8,81.9,90.1,80.1,82.1,104,110,129,106,96.5,83.4,81.2,78.8],"latest":{"d":"2026-10-06","t":10.8,"q":78.8}}},{"type":"Feature","geometry":{"type":"Point","coordinates":[-106.8475,38.66444]},"properties":{"site":"09112500","name":"EAST RIVER AT ALMONT, CO","state":"Colorado","huc":"140200010210","type":"ST","d0":"2026-09-07","t":[14.5,14.0,13.7,12.8,12.1,13.1,13.3,13.3,13.9,14.2,13.6,14.1,12.8,11.8,11.8,12.2,12.4,12.0,11.8,11.6,12.2,11.0,11.7,10.9,11.5,11.5,11.7,11.9,11.8,11.5],"q":[60.2,59.3,57.8,57.0,54.8,55.0,56.4,77.7,151,113,116,140,130,131,115,104,97.1,98.9,101,111,101,103,121,129,146,130,120,110,102,101],"latest":{"d":"2026-10-06","t":11.5,"q":101}}},{"type":"Feature","geometry":{"type":"Point","coordinates":[-106.94977,38.54194]},"properties":{"site":"09114500","name":"GUNNISON RIVER NEAR GUNNISON, CO.","state":"Colorado","huc":"140200020204","type":"ST","d0":"2026-09-07","t":[16.1,15.8,15.1,14.0,13.4,14.2,14.7,14.2,14.9,15.2,14.6,15.3,14.6,13.2,12.7,13.0,13.3,13.1,12.9,12.2,13.2,11.9,12.3,11.6,12.2,12.2,12.3,12.7,12.4,12.4],"q":[115,127,118,112,105,95.4,95.6,117,212,192,201,232,220,213,197,183,182,181,189,198,189,196,229,249,273,243,225,212,214,217],"latest":{"d":"2026-10-06","t":12.4,"q":217}}},{"type":"Feature","geometry":{"type":"Point","coordinates":[-106.94096,38.52111]},"properties":{"site":"09119000","name":"TOMICHI CREEK AT GUNNISON, CO","state":"Colorado","huc":"140200030605","type":"ST","d0":"2026-09-07","t":[17.7,17.9,16.7,15.2,14.7,15.9,16.2,15.0,16.5,16.4,15.5,16.5,15.7,14.2,14.0,14.2,14.1,13.9,14.2,14.1,14.6,13.0,13.4,12.8,12.9,13.4,13.7,14.0,13.9,13.7],"q":[12.9,13.1,14.5,10.5,8.77,8.88,8.81,13.9,18.9,12.0,10.0,11.3,19.9,25.1,24.1,23.0,26.4,28.9,35.0,41.7,38.4,44.0,62.1,80.6,102,109,96.2,84.1,80.9,79.0],"latest":{"d":"2026-10-06","t":13.7,"q":79.0}}},{"type":"Feature","geometry":{"type":"Point","coordinates":[-107.23006,38.29888]},"properties":{"site":"09124500","name":"LAKE FORK AT GATEVIEW, CO.","state":"Colorado","huc":"140200020608","type":"ST","d0":"2026-09-07","t":[16.0,15.8,15.4,14.6,13.8,15.3,15.6,14.9,15.3,15.1,15.0,15.6,14.0,12.8,12.6,12.4,12.6,12.7,12.7,11.6,12.4,11.7,11.3,11.1,11.2,11.3,11.5,11.7,11.7,11.2],"q":[57.0,58.5,56.1,54.1,52.2,51.9,57.5,65.1,78.9,72.6,80.6,107,112,104,94.5,86.8,92.5,101,117,147,139,133,164,196,246,228,204,186,173,162],"latest":{"d":"2026-10-06","t":11.2,"q":162}}},{"type":"Feature","geometry":{"type":"Point","coordinates":[-107.55522,38.44694]},"properties":{"site":"09127000","name":"CIMARRON RIVER BLW CIMARRON CREEK AT CIMARRON, CO","state":"Colorado","huc":"140200020906","type":"ST","d0":"2026-09-07","t":[17.4,17.0,16.0,14.9,13.7,15.7,15.2,14.8,15.7,16.9,16.1,16.6,15.4,14.1,13.7,13.4,14.0,13.8,14.3,13.0,13.8,12.7,13.4,12.8,12.7,12.7,12.5,13.0,12.7,12.6],"q":[7.87,7.07,7.26,6.71,7.04,9.15,12.5,30.3,20.9,13.1,19.5,17.5,14.3,12.7,12.6,13.0,15.0,15.6,17.1,16.0,16.1,21.7,21.0,25.5,27.5,23.0,21.1,18.1,19.1,21.1],"latest":{"d":"2026-10-06","t":12.6,"q":21.1}}},{"type":"Feature","geometry":{"type":"Point","coordinates":[-107.35833,38.93722]},"properties":{"site":"09132095","name":"ANTHRACITE CREEK ABOVE MOUTH NEAR SOMERSET","state":"Colorado","huc":"140200040307","type":"ST","d0":"2026-09-07","t":[17.1,17.3,16.1,14.5,13.5,15.2,15.0,15.2,14.8,15.3,14.9,14.8,13.9,12.6,12.3,11.7,13.0,12.4,13.4,12.2,12.0,11.8,12.8,11.8,12.0,11.7,11.7,11.8,11.8,11.7],"q":[23.3,21.9,21.1,20.8,20.8,20.9,22.0,73.1,103,60.8,59.6,67.4,76.2,77.5,62.2,56.1,52.9,50.6,52.2,58.0,52.6,53.5,61.4,63.1,73.1,61.5,55.2,51.7,49.4,47.4],"latest":{"d":"2026-10-06","t":11.7,"q":47.4}}},{"type":"Feature","geometry":{"type":"Point","coordinates":[-107.83342,38.78517]},"properties":{"site":"09136100","name":"NORTH FK GUNNISON RIVER ABOVE MOUTH NR LAZEAR, CO","state":"Colorado","huc":"140200040508","type":"ST","d0":"2026-09-07","t":[21.1,21.6,20.1,18.6,17.8,19.4,20.2,20.3,19.2,20.1,19.2,19.6,19.0,18.2,17.9,17.2,17.2,16.9,18.1,17.8,17.8,16.2,16.8,15.9,16.4,16.9,16.8,16.9,16.9,16.8],"q":[33.2,33.6,31.9,31.2,31.1,31.9,32.8,49.0,244,161,126,129,127,135,121,97.4,88.0,83.8,96.2,92.3,111,112,120,129,140,135,123,106,99.2,91.6],"latest":{"d":"2026-10-06","t":16.8,"q":91.6}}},{"type":"Feature","geometry":{"type":"Point","coordinates":[-108.0784,38.75304]},"properties":{"site":"09144250","name":"GUNNISON RIVER AT DELTA, CO","state":"Colorado","huc":"140200050114","type":"ST","d0":"2026-09-07","t":[20.6,21.0,20.3,19.1,18.5,19.4,20.2,20.2,18.9,19.9,19.6,19.3,19.1,17.9,17.8,17.3,17.0,16.4,17.1,17.2,17.3,16.6,16.2,16.2,15.9,16.8,17.0,17.2,17.1,17.0],"q":[350,353,331,332,337,334,354,388,949,535,519,506,531,523,499,482,479,461,484,481,459,470,499,502,502,478,457,446,440,438],"latest":{"d":"2026-10-06","t":17.0,"q":438}}},{"type":"Feature","geometry":{"type":"Point","coordinates":[-108.08042,38.74194]},"properties":{"site":"09149500","name":"UNCOMPAHGRE RIVER AT DELTA, CO","state":"Colorado","huc":"140200060606","type":"ST","d0":"2026-09-07","t":[18.8,18.7,17.9,17.0,16.6,18.0,18.5,18.5,17.9,18.2,17.7,17.4,17.3,16.4,16.0,15.6,15.7,15.2,15.9,15.6,15.6,15.5,15.7,15.5,15.1,15.5,15.8,15.9,15.8,15.8],"q":[241,244,235,219,213,236,253,318,428,326,520,503,447,452,449,420,414,406,444,437,425,443,472,505,505,440,420,394,370,326],"latest":{"d":"2026-10-06","t":15.8,"q":326}}},{"type":"Feature","geometry":{"type":"Point","coordinates":[-109.02708,39.13274]},"properties":{"site":"09163500","name":"COLORADO RIVER NEAR COLORADO-UTAH STATE LINE","state":"Colorado","huc":"140100051906","type":"ST","d0":"2026-09-07","t":[21.4,21.5,21.6,21.3,20.4,20.9,21.9,22.1,21.8,20.5,20.4,20.5,20.4,20.0,19.2,18.8,19.0,18.9,19.5,19.1,18.7,18.3,17.9,17.8,17.7,17.9,18.1,18.2,18.3,18.3],"q":[1650,1610,1550,1500,1400,1270,1320,1380,1780,2740,2870,2730,2710,2990,2710,2570,2460,2350,2290,2340,2380,2320,2280,2280,2380,2320,2180,2050,1940,1840],"latest":{"d":"2026-10-06","t":18.3,"q":1840}}},{"type":"Feature","geometry":{"type":"Point","coordinates":[-108.83345,38.35692]},"properties":{"site":"09171100","name":"DOLORES RIVER NEAR BEDROCK, CO.","state":"Colorado","huc":"140300021104","type":"ST","d0":"2026-09-07","t":[21.6,21.6,20.8,19.7,18.2,19.6,21.5,21.5,20.2,20.6,20.3,20.3,19.7,16.2,17.8,18.7,19.0,18.1,18.2,15.8,15.1,15.4,17.4,16.9,17.3,18.5,18.6,18.7,18.4,18.4],"q":[3.24,2.7,1.73,1.55,1.47,80.7,27.6,25.8,79.9,134,41.3,56.0,88.9,76.5,12.8,10.4,8.12,8.64,85.2,235,34.9,27.5,18.1,20.3,25.7,14.6,26.0,18.8,14.4,11.7],"latest":{"d":"2026-10-06","t":18.4,"q":11.7}}},{"type":"Feature","geometry":{"type":"Point","coordinates":[-109.19511,38.79721]},"properties":{"site":"09180000","name":"DOLORES RIVER NEAR CISCO, UT","state":"Utah","huc":"140300040605","type":"ST","d0":"2026-09-07","t":[null,null,null,22.4,null,null,null,null,null,21.3,20.7,21.0,20.6,19.0,18.6,18.0,19.1,18.8,19.3,18.6,17.8,17.2,17.7,18.1,17.7,18.1,18.4,18.6,18.7,18.7],"q":[17.8,14.4,11.4,9.18,7.82,7.22,8.94,66.7,116,173,215,157,318,366,238,138,111,124,102,247,341,204,189,240,239,235,217,194,169,146],"latest":{"d":"2026-10-06","t":18.7,"q":146}}},{"type":"Feature","geometry":{"type":"Point","coordinates":[-109.29345,38.81054]},"properties":{"site":"09180500","name":"COLORADO RIVER NEAR CISCO, UT","state":"Utah","huc":"140300050302","type":"ST","d0":"2026-09-07","t":[21.9,21.8,22.0,null,21.6,21.8,22.1,22.3,22.8,21.8,21.1,21.1,20.9,20.6,20.1,19.6,19.6,19.2,19.8,19.8,19.7,18.8,18.4,18.4,18.3,18.4,18.6,18.8,18.9,18.9],"q":[1750,1670,1670,1610,1550,1450,1370,1480,1560,3520,3180,3000,3150,3290,3010,2760,2640,2480,2440,2490,2750,2580,2970,2590,2580,2650,2480,2340,2200,2080],"latest":{"d":"2026-10-06","t":18.9,"q":2080}}},{"type":"Feature","geometry":{"type":"Point","coordinates":[-109.4111,38.48572]},"properties":{"site":"09183600","name":"MILL CREEK BELOW SHELEY TUNNEL, NEAR MOAB, UT","state":"Utah","huc":"140300050404","type":"ST","d0":"2026-09-07","t":[16.4,16.4,15.6,15.2,15.4,16.8,17.1,17.4,16.6,16.7,16.0,15.8,15.5,14.3,13.8,14.5,14.9,14.2,14.5,14.6,14.1,13.8,14.3,13.4,13.0,13.4,13.5,13.4,13.8,13.7],"q":[2.85,2.81,2.79,2.77,2.78,3.06,2.92,2.95,2.98,5.36,3.33,3.09,3.0,2.71,2.75,2.74,2.75,2.74,2.77,2.85,2.76,2.73,2.82,2.38,2.6,2.72,2.71,2.71,2.71,2.72],"latest":{"d":"2026-10-06","t":13.7,"q":2.72}}},{"type":"Feature","geometry":{"type":"Point","coordinates":[-109.77353,43.02706]},"properties":{"site":"09196500","name":"PINE CREEK ABOVE FREMONT LAKE, WY","state":"Wyoming","huc":"140401020102","type":"ST","d0":"2026-09-07","t":[14.1,13.2,12.9,13.0,13.4,13.3,13.3,12.8,12.4,13.1,13.2,12.8,12.3,11.8,11.5,11.5,11.9,11.7,11.7,11.7,11.8,11.5,11.2,11.4,11.2,11.0,10.9,10.9,11.1,11.0],"q":[131,121,111,104,98.0,92.6,88.2,84.6,80.8,77.2,75.2,76.7,79.8,77.2,73.7,72.2,73.4,72.0,70.3,68.6,66.3,66.0,65.2,61.8,58.6,55.3,52.3,49.3,46.5,44.1],"latest":{"d":"2026-10-06","t":11.0,"q":44.1}}},{"type":"Feature","geometry":{"type":"Point","coordinates":[-110.04981,42.02097]},"properties":{"site":"09211200","name":"GREEN RIVER BELOW FONTENELLE RESERVOIR, WY","state":"Wyoming","huc":"140401030602","type":"ST","d0":"2026-09-07","t":[17.8,18.0,17.8,17.7,17.8,17.7,17.5,17.3,17.2,17.3,17.2,16.6,16.4,16.4,16.5,16.2,16.2,16.1,15.9,15.9,15.9,15.6,15.7,15.6,15.6,15.5,15.7,15.5,15.4,15.4],"q":[742,735,738,734,733,736,741,743,744,756,858,852,629,624,623,623,619,612,607,609,608,608,605,606,606,604,604,604,603,602],"latest":{"d":"2026-10-06","t":15.4,"q":602}}},{"type":"Feature","geometry":{"type":"Point","coordinates":[-109.44906,41.51632]},"properties":{"site":"09217000","name":"GREEN RIVER NEAR GREEN RIVER, WY","state":"Wyoming","huc":"140401060101","type":"ST","d0":"2026-09-07","t":[18.2,17.3,16.6,16.2,16.7,17.1,17.9,17.0,15.7,17.0,17.6,16.3,15.6,15.1,15.7,15.7,15.9,16.3,16.2,16.1,15.7,15.0,14.8,15.0,15.6,15.5,15.4,15.3,15.6,16.1],"q":[670,670,667,666,694,680,684,702,708,715,760,1190,1040,828,744,738,729,724,718,737,745,742,732,727,736,721,726,710,720,731],"latest":{"d":"2026-10-06","t":16.1,"q":731}}},{"type":"Feature","geometry":{"type":"Point","coordinates":[-109.42291,40.90829]},"properties":{"site":"09234500","name":"GREEN RIVER NEAR GREENDALE, UT","state":"Utah","huc":"140401060805","type":"ST","d0":"2026-09-07","t":[14.1,14.3,14.6,14.8,14.9,14.9,15.0,15.1,14.9,14.4,14.1,14.6,14.5,14.5,14.6,14.4,14.1,13.4,14.5,14.6,14.5,14.4,13.4,13.9,14.4,11.7,10.4,10.4,10.2,10.4],"q":[2150,2150,2220,2220,2230,2230,2230,2230,2230,2240,2230,2230,2230,2230,2230,2240,2280,2230,2230,2230,2230,2240,2250,2250,2230,2230,2220,2220,2210,2220],"latest":{"d":"2026-10-06","t":10.4,"q":2220}}},{"type":"Feature","geometry":{"type":"Point","coordinates":[-106.89177,40.26426]},"properties":{"site":"09237450","name":"YAMPA RIVER ABOVE STAGECOACH RESERVOIR, CO","state":"Colorado","huc":"140500010111","type":"ST","d0":"2026-09-07","t":[16.4,16.7,16.0,14.9,13.7,14.9,16.3,16.3,15.6,15.5,15.1,15.7,15.7,14.3,13.8,13.6,14.1,13.4,13.7,12.2,12.9,12.7,13.4,13.1,12.6,12.9,12.9,12.7,12.6,12.8],"q":[13.7,13.8,12.2,11.6,11.3,10.9,11.5,12.4,13.0,15.7,19.9,20.8,25.9,29.2,28.9,25.3,22.4,19.8,18.2,17.8,18.6,19.6,19.7,20.6,18.8,17.3,16.3,15.9,14.6,null],"latest":{"d":"2026-10-06","t":12.8,"q":null}}},{"type":"Feature","geometry":{"type":"Point","coordinates":[-106.83243,40.48299]},"properties":{"site":"09239500","name":"YAMPA RIVER AT STEAMBOAT SPRINGS, CO","state":"Colorado","huc":"140500010409","type":"ST","d0":"2026-09-07","t":[18.7,18.5,17.3,16.4,15.7,16.2,16.9,18.1,17.6,16.8,16.9,17.3,16.2,15.6,15.4,15.4,15.7,15.4,15.4,14.6,15.4,14.8,15.4,14.9,14.7,14.9,15.0,14.8,14.6,14.8],"q":[48.1,44.3,44.1,42.4,40.4,39.1,39.7,38.2,38.6,52.6,64.0,67.9,90.9,84.8,76.2,68.0,64.8,58.6,57.9,58.1,56.9,55.2,58.0,58.8,57.3,58.3,58.7,57.5,56.0,53.3],"latest":{"d":"2026-10-06","t":14.8,"q":53.3}}},{"type":"Feature","geometry":{"type":"Point","coordinates":[-107.63164,41.06814]},"properties":{"site":"09258980","name":"MUDDY CREEK BELOW YOUNG DRAW, NEAR BAGGS, WY","state":"Wyoming","huc":"140500040309","type":"ST","d0":"2026-09-07","t":[18.5,17.3,16.1,15.6,15.6,17.5,18.2,18.4,16.0,16.0,17.1,16.7,17.1,15.7,15.4,14.7,15.8,16.0,15.6,15.5,15.7,14.2,16.0,null,null,null,null,null,null,null],"q":[0.22,0.11,0.16,0.17,0.1,0.07,0.07,0.08,0.08,0.47,0.21,0.16,0.22,0.14,0.12,0.15,0.15,0.13,0.14,0.13,0.11,0.15,0.2,0.12,0.08,0.08,0.1,0.1,0.1,0.12],"latest":{"d":"2026-09-29","t":16.0,"q":0.2}}},{"type":"Feature","geometry":{"type":"Point","coordinates":[-109.23524,40.40872]},"properties":{"site":"09261000","name":"GREEN RIVER NEAR JENSEN, UT","state":"Utah","huc":"14040106","type":"ST","d0":"2026-09-07","t":[18.7,18.2,18.2,17.8,17.6,18.4,18.9,19.2,18.2,17.7,18.2,18.1,17.4,17.0,16.6,16.6,16.7,16.8,17.3,17.0,16.9,16.6,16.5,16.2,16.1,16.0,16.4,16.5,15.2,15.0],"q":[2310,2290,2270,2340,2330,2340,2330,2330,2310,2570,3340,2780,3020,3350,3160,2850,2800,2690,2680,2650,2620,2610,2620,2660,2610,2560,2530,2510,2500,2490],"latest":{"d":"2026-10-06","t":15.0,"q":2490}}},{"type":"Feature","geometry":{"type":"Point","coordinates":[-109.78139,40.21028]},"properties":{"site":"09302000","name":"DUCHESNE RIVER NEAR RANDLETT, UT","state":"Utah","huc":"140600031505","type":"ST","d0":"2026-09-07","t":[20.0,20.2,19.9,19.2,19.3,19.9,20.9,20.5,19.4,19.7,19.6,19.5,17.7,16.6,16.7,16.7,16.7,17.3,17.7,17.9,18.0,17.0,16.7,16.7,16.6,16.6,16.8,17.0,17.1,17.3],"q":[82.5,76.4,61.7,55.1,74.9,81.3,81.2,67.9,61.2,95.1,307,252,584,543,252,177,150,146,137,122,110,115,215,246,171,156,139,133,124,115],"latest":{"d":"2026-10-06","t":17.3,"q":115}}},{"type":"Feature","geometry":{"type":"Point","coordinates":[-107.82538,40.00496]},"properties":{"site":"09304200","name":"WHITE RIVER ABOVE COAL CREEK NEAR MEEKER, CO","state":"Colorado","huc":"140500050310","type":"ST","d0":"2026-09-07","t":[15.5,15.8,14.8,13.9,13.0,13.7,15.3,15.1,15.2,15.0,14.9,15.3,14.6,13.9,13.3,13.2,13.7,13.2,13.5,12.4,12.7,12.3,13.0,12.9,12.4,12.5,12.6,12.3,12.3,12.4],"q":[37.5,42.6,50.9,53.7,55.9,59.0,62.4,64.2,67.6,96.8,117,109,126,152,132,120,128,143,155,169,158,159,165,166,172,174,182,199,196,197],"latest":{"d":"2026-10-06","t":12.4,"q":197}}},{"type":"Feature","geometry":{"type":"Point","coordinates":[-109.17873,39.97886]},"properties":{"site":"09306500","name":"WHITE RIVER NEAR WATSON, UTAH","state":"Utah","huc":"140500070705","type":"ST","d0":"2026-09-07","t":[21.4,21.3,21.1,20.3,19.9,20.7,21.4,21.0,20.9,20.3,19.4,20.3,19.3,18.8,18.8,18.1,18.4,18.3,19.6,18.8,18.7,17.7,17.5,17.2,17.4,17.4,17.7,17.7,17.5,17.6],"q":[88.7,87.2,86.1,84.9,85.6,87.1,84.8,80.1,79.8,140,246,151,347,369,432,278,245,224,223,242,247,256,282,262,265,252,242,243,246,258],"latest":{"d":"2026-10-06","t":17.6,"q":258}}},{"type":"Feature","geometry":{"type":"Point","coordinates":[-110.34278,39.26444]},"properties":{"site":"09314500","name":"PRICE RIVER AT WOODSIDE, UT","state":"Utah","huc":"140600071106","type":"ST","d0":"2026-09-07","t":[19.1,19.9,19.8,19.6,19.0,21.0,21.1,20.8,19.6,19.2,16.1,18.7,17.1,16.1,16.5,17.1,17.1,17.3,17.6,17.7,17.6,17.3,15.5,15.8,15.9,16.4,16.8,17.2,17.2,17.0],"q":[18.2,13.1,11.4,8.97,6.42,3.62,11.0,17.5,10.4,72.2,868,967,915,938,219,94.0,19.6,50.0,28.6,17.9,14.5,12.4,401,858,260,38.7,26.1,18.3,17.6,16.5],"latest":{"d":"2026-10-06","t":17.0,"q":16.5}}},{"type":"Feature","geometry":{"type":"Point","coordinates":[-110.15036,38.98887]},"properties":{"site":"09315000","name":"GREEN RIVER AT GREEN RIVER, UT","state":"Utah","huc":"140600080208","type":"ST","d0":"2026-09-07","t":[21.2,21.6,21.7,21.6,22.0,22.7,22.9,22.5,22.2,22.2,22.2,21.3,21.0,20.0,19.2,19.6,19.6,19.5,19.6,20.0,19.6,19.2,18.5,18.4,18.1,18.8,18.9,19.2,19.6,19.6],"q":[2360,2230,2190,2180,2150,2110,2140,2160,2180,2200,2770,3580,5930,6080,5130,4310,3920,3820,3420,3150,3000,2940,3920,3730,3810,3270,3040,3000,2820,2730],"latest":{"d":"2026-10-06","t":19.6,"q":2730}}},{"type":"Feature","geometry":{"type":"Point","coordinates":[-110.37015,38.85831]},"properties":{"site":"09328500","name":"SAN RAFAEL RIVER NEAR GREEN RIVER, UT","state":"Utah","huc":"140600091007","type":"ST","d0":"2026-09-07","t":[20.6,21.4,21.9,21.2,20.8,23.3,22.9,22.8,21.4,21.1,22.4,21.1,20.3,18.6,18.0,18.0,18.6,19.0,19.9,19.8,19.3,19.3,16.2,15.8,16.5,17.2,17.7,18.0,18.0,17.6],"q":[17.6,12.4,8.68,6.19,4.54,3.2,1.9,1.0,2.15,0.56,0.83,159,44.2,111,55.6,24.5,12.6,7.07,5.4,2.79,1.53,3.28,294,821,185,64.4,36.1,25.3,18.7,15.0],"latest":{"d":"2026-10-06","t":17.6,"q":15.0}}},{"type":"Feature","geometry":{"type":"Point","coordinates":[-110.07354,38.01002]},"properties":{"site":"09328960","name":"COLORADO RIVER AT GYPSUM CANYON NEAR HITE, UT","state":"Utah","huc":"140700010406","type":"ST","d0":"2026-09-07","t":[22.3,22.4,23.2,23.4,23.5,23.6,24.4,24.4,24.1,23.7,22.7,23.0,22.7,22.1,21.8,21.4,21.1,20.9,20.9,21.1,21.0,20.5,19.7,19.6,19.4,19.5,20.3,20.5,20.6,21.0],"q":[4530,4330,4190,3950,3840,3790,3740,3590,3470,3540,3860,5820,5590,6320,8690,9610,8620,7450,6790,6410,6020,5730,6010,6560,8480,6700,6720,6520,5750,5420],"latest":{"d":"2026-10-06","t":21.0,"q":5420}}},{"type":"Feature","geometry":{"type":"Point","coordinates":[-107.54306,37.4775]},"properties":{"site":"09352900","name":"VALLECITO CREEK NEAR BAYFIELD, CO.","state":"Colorado","huc":"140801011203","type":"ST","d0":"2026-09-07","t":[13.5,13.0,13.0,12.6,11.5,12.4,12.8,13.8,13.6,13.2,11.4,11.0,10.3,9.5,9.2,9.5,9.5,9.6,9.1,8.8,9.2,8.6,8.8,8.8,8.6,9.0,9.0,9.6,9.3,8.8],"q":[27.5,26.6,25.0,23.6,22.7,22.1,21.5,27.2,36.3,42.2,1360,979,436,285,201,162,299,296,1180,598,383,685,856,736,554,412,326,262,218,185],"latest":{"d":"2026-10-06","t":8.8,"q":185}}},{"type":"Feature","geometry":{"type":"Point","coordinates":[-107.69864,36.80189]},"properties":{"site":"09355500","name":"SAN JUAN RIVER NEAR ARCHULETA, NM","state":"New Mexico","huc":"140801011901","type":"ST","d0":"2026-09-07","t":[8.9,9.1,9.0,8.7,8.5,9.0,9.0,8.8,8.9,8.4,8.7,9.7,10.3,10.2,9.8,9.5,10.3,9.8,10.5,10.9,11.3,9.8,9.0,9.2,10.1,10.8,10.9,11.1,11.1,11.1],"q":[764,769,771,774,777,779,780,778,760,645,404,357,364,366,367,329,266,269,279,273,273,284,284,311,284,280,279,279,279,283],"latest":{"d":"2026-10-06","t":11.1,"q":283}}},{"type":"Feature","geometry":{"type":"Point","coordinates":[-107.66822,37.78833]},"properties":{"site":"09359020","name":"ANIMAS RIVER BELOW SILVERTON, CO","state":"Colorado","huc":"140801040104","type":"ST","d0":"2026-09-07","t":[12.0,11.4,11.6,10.8,9.5,11.4,10.7,10.6,10.9,10.9,9.8,10.2,9.3,8.6,8.5,8.2,8.3,8.5,7.9,7.6,7.8,6.9,7.5,7.4,7.6,8.0,7.8,7.8,7.8,7.2],"q":[87.6,84.8,82.7,81.3,80.7,83.0,85.3,156,154,135,408,392,247,192,164,160,218,199,435,359,280,359,394,383,344,297,268,243,225,211],"latest":{"d":"2026-10-06","t":7.2,"q":211}}},{"type":"Feature","geometry":{"type":"Point","coordinates":[-107.84509,37.42196]},"properties":{"site":"09361000","name":"HERMOSA CREEK NEAR HERMOSA, CO.","state":"Colorado","huc":"140801040407","type":"ST","d0":"2026-09-07","t":[16.7,15.8,15.6,14.5,13.6,14.7,15.8,16.1,16.2,15.6,14.3,14.3,13.5,12.4,12.2,12.3,12.4,12.3,11.8,10.8,11.5,10.9,10.4,10.7,10.4,11.1,11.2,11.6,11.6,10.4],"q":[12.7,12.9,12.0,11.4,11.1,11.2,11.1,15.1,20.4,20.7,74.0,99.3,49.7,37.0,31.0,28.7,53.5,45.4,160,125,80.0,97.2,203,159,153,119,94.5,77.7,69.6,73.9],"latest":{"d":"2026-10-06","t":10.4,"q":73.9}}},{"type":"Feature","geometry":{"type":"Point","coordinates":[-107.87972,37.27917]},"properties":{"site":"09361500","name":"ANIMAS RIVER AT DURANGO, CO","state":"Colorado","huc":"140801040604","type":"ST","d0":"2026-09-07","t":[18.6,18.4,18.4,17.6,16.7,17.4,18.5,18.6,17.9,17.5,16.0,13.3,13.9,13.1,13.1,13.2,13.0,12.6,12.0,10.6,11.4,11.3,9.8,10.6,10.6,11.5,12.0,12.4,12.7,12.4],"q":[173,171,161,155,149,145,146,158,247,287,521,1930,1150,786,604,510,661,708,1530,1850,1230,1120,2170,1770,1590,1270,1070,913,796,738],"latest":{"d":"2026-10-06","t":12.4,"q":738}}},{"type":"Feature","geometry":{"type":"Point","coordinates":[-108.20175,36.7225]},"properties":{"site":"09364500","name":"ANIMAS RIVER AT FARMINGTON, NM","state":"New Mexico","huc":"140801041006","type":"ST","d0":"2026-09-07","t":[23.0,23.5,22.6,20.9,20.3,22.5,23.4,22.7,21.1,20.2,19.1,17.9,16.9,null,null,null,null,16.8,16.6,14.8,14.6,14.5,13.3,12.9,14.0,14.4,15.1,15.9,16.2,16.5],"q":[42.9,39.7,41.0,37.1,30.0,28.6,29.7,36.7,102,283,632,1470,1340,862,622,510,507,630,710,1720,1210,1060,1680,2010,1650,1250,1010,878,753,647],"latest":{"d":"2026-10-06","t":16.5,"q":647}}},{"type":"Feature","geometry":{"type":"Point","coordinates":[-108.22559,36.72302]},"properties":{"site":"09365000","name":"SAN JUAN RIVER AT FARMINGTON, NM","state":"New Mexico","huc":"140801050505","type":"ST","d0":"2026-09-07","t":[15.8,16.1,16.1,15.2,14.2,15.3,16.2,16.1,15.2,16.0,17.0,17.6,17.0,17.5,16.6,16.5,null,null,16.8,15.2,15.1,14.8,13.9,13.4,14.4,14.8,15.5,16.2,16.5,16.8],"q":[831,829,811,859,876,892,865,900,1250,1910,1780,3610,2310,1550,1150,1050,null,null,1220,2480,1910,1690,3150,3260,2890,1790,1630,1310,1100,914],"latest":{"d":"2026-10-06","t":16.8,"q":914}}},{"type":"Feature","geometry":{"type":"Point","coordinates":[-108.68306,36.77667]},"properties":{"site":"09368000","name":"SAN JUAN RIVER AT SHIPROCK, NM","state":"New Mexico","huc":"140801050704","type":"ST","d0":"2026-09-07","t":[20.6,20.7,20.5,19.3,18.4,19.7,20.4,20.4,19.2,18.0,18.4,19.6,20.3,19.6,18.9,18.1,17.9,17.8,18.7,17.1,16.6,16.1,15.4,17.9,null,null,null,null,null,null],"q":[579,544,526,542,511,518,525,557,843,1830,5090,10200,8480,4550,2320,1460,1060,952,1030,2480,1890,1540,3490,4170,6290,4090,2900,1760,1290,1040],"latest":{"d":"2026-09-30","t":17.9,"q":4170}}},{"type":"Feature","geometry":{"type":"Point","coordinates":[-109.02958,37.00114]},"properties":{"site":"09371010","name":"SAN JUAN RIVER AT FOUR CORNERS, CO","state":"Colorado","huc":"140802010205","type":"ST","d0":"2026-09-07","t":[22.0,22.1,21.7,20.7,19.6,21.1,21.9,21.6,20.5,19.1,18.1,19.3,null,null,null,null,null,null,null,null,null,null,null,null,null,null,null,null,null,null],"q":[667,643,603,604,588,576,632,706,945,2030,4130,7030,9870,5560,2930,1960,1730,1150,1360,2440,2490,2240,null,5160,6850,4710,3740,2210,1530,1260],"latest":{"d":"2026-09-18","t":19.3,"q":7030}}},{"type":"Feature","geometry":{"type":"Point","coordinates":[-109.86669,37.15068]},"properties":{"site":"09379500","name":"SAN JUAN RIVER NEAR BLUFF, UT","state":"Utah","huc":"140802050406","type":"ST","d0":"2026-09-07","t":[23.5,23.8,23.6,22.9,22.4,23.3,24.2,24.6,23.5,21.1,20.5,20.0,20.3,19.7,19.3,19.7,19.6,19.1,19.7,20.3,19.5,18.1,17.1,16.1,15.7,16.6,17.4,null,null,18.6],"q":[591,595,576,539,519,530,525,537,881,1480,3800,6300,7770,7750,4290,2310,1660,1150,817,986,2870,1870,2260,6170,6580,6390,4610,3000,1550,1070],"latest":{"d":"2026-10-06","t":18.6,"q":1070}}},{"type":"Feature","geometry":{"type":"Point","coordinates":[-111.58787,36.86433]},"properties":{"site":"09380000","name":"COLORADO RIVER AT LEES FERRY, AZ","state":"Arizona","huc":"140700061105","type":"ST","d0":"2026-09-07","t":[20.1,19.9,20.2,20.6,21.0,21.3,21.4,20.9,20.8,20.6,21.3,21.8,21.5,20.7,20.5,21.0,20.4,20.3,20.6,21.0,20.8,20.3,19.8,20.0,20.1,20.7,20.2,20.1,20.1,20.1],"q":[7740,7770,7840,7840,7820,7660,7690,7870,8030,7830,7840,7840,7650,7670,7660,7680,8070,8220,8200,8190,8220,8170,8240,7940,7100,6610,6580,6580,6620,6630],"latest":{"d":"2026-10-06","t":20.1,"q":6630}}},{"type":"Feature","geometry":{"type":"Point","coordinates":[-111.7771,36.19526]},"properties":{"site":"09402300","name":"LITTLE COLORADO RIVER ABV MOUTH NR DESERT VIEW, AZ","state":"Arizona","huc":"150200161009","type":"ST","d0":"2026-09-07","t":[22.2,22.7,22.6,22.4,22.5,22.6,22.4,22.9,22.5,22.1,22.2,21.8,21.2,20.7,20.7,20.8,20.7,20.9,21.2,20.9,20.5,20.3,19.9,18.5,18.5,18.9,19.1,19.4,19.7,20.0],"q":[305,277,260,249,241,521,626,337,301,618,1310,1640,1570,1380,1440,1610,1080,528,404,728,843,621,515,1510,2050,2060,2050,2090,2200,2340],"latest":{"d":"2026-10-06","t":20.0,"q":2340}}},{"type":"Feature","geometry":{"type":"Point","coordinates":[-113.18078,37.20415]},"properties":{"site":"09406000","name":"VIRGIN RIVER AT VIRGIN, UT","state":"Utah","huc":"150100080508","type":"ST","d0":"2026-09-07","t":[20.8,21.7,21.6,21.7,22.2,23.1,23.0,22.8,21.6,22.3,22.1,22.6,21.0,19.1,17.5,19.2,19.2,19.0,20.0,19.3,18.7,18.0,null,null,18.2,18.9,19.3,19.2,19.1,19.0],"q":[82.4,77.8,70.7,61.6,68.5,68.5,67.8,66.6,67.3,72.0,132,73.9,69.4,67.7,67.9,75.3,68.5,64.5,67.3,64.7,67.9,249,686,177,93.9,82.7,73.9,69.7,68.5,67.1],"latest":{"d":"2026-10-06","t":19.0,"q":67.1}}},{"type":"Feature","geometry":{"type":"Point","coordinates":[-114.46811,32.88494]},"properties":{"site":"09429490","name":"COLORADO RIVER ABOVE IMPERIAL DAM, AZ-CA","state":"California","huc":"150301041311","type":"ST","d0":"2026-09-07","t":[27.5,28.6,29.6,30.4,30.7,30.7,30.6,30.3,29.6,28.8,28.7,28.7,28.4,28.0,27.8,27.4,27.5,27.3,27.3,27.7,27.6,26.6,26.0,25.6,26.4,26.8,26.8,27.1,27.6,28.1],"q":[6830,7720,7780,7410,5630,4150,4570,5940,null,null,6900,6160,5510,5320,6410,6790,7070,7210,null,null,null,null,6370,7260,6000,5760,5440,4860,5590,5900],"latest":{"d":"2026-10-06","t":28.1,"q":5900}}},{"type":"Feature","geometry":{"type":"Point","coordinates":[-110.1751,31.62594]},"properties":{"site":"09471000","name":"SAN PEDRO RIVER AT CHARLESTON, AZ","state":"Arizona","huc":"150502020706","type":"ST","d0":"2026-09-07","t":[25.2,23.5,23.8,22.7,23.8,23.4,23.6,23.8,23.4,22.4,22.6,23.2,23.0,22.5,22.7,22.4,22.3,21.4,20.8,20.9,21.4,20.3,20.3,19.4,19.0,19.4,20.1,20.3,20.5,21.1],"q":[1.21,233,51.7,715,209,25.3,27.0,32.3,28.3,48.5,22.7,7.51,3.87,2.83,2.34,1.99,1.81,53.4,15.5,3.66,2.02,1.64,79.3,21.5,26.3,5.88,2.59,1.7,1.4,1.31],"latest":{"d":"2026-10-06","t":21.1,"q":1.31}}},{"type":"Feature","geometry":{"type":"Point","coordinates":[-111.74619,34.98775]},"properties":{"site":"09504350","name":"WEST FORK OAK CREEK NR SEDONA, AZ","state":"Arizona","huc":"150602020503","type":"ST","d0":"2026-09-07","t":[19.1,18.9,18.9,18.7,18.7,19.2,18.8,18.9,19.1,17.9,17.3,17.3,16.5,15.7,15.9,15.7,15.9,15.9,15.4,15.3,15.4,15.2,14.4,13.7,13.5,13.7,13.8,13.9,13.5,14.0],"q":[0.92,0.92,0.93,0.94,0.96,1.0,0.92,0.92,0.9,30.1,3.21,1.34,1.1,1.07,1.01,0.98,1.07,1.08,1.08,1.09,1.12,1.96,2.8,2.04,1.28,1.1,1.14,1.09,1.09,1.16],"latest":{"d":"2026-10-06","t":14.0,"q":1.16}}},{"type":"Feature","geometry":{"type":"Point","coordinates":[-111.762,34.86154]},"properties":{"site":"09504420","name":"OAK CREEK NEAR SEDONA, AZ","state":"Arizona","huc":"150602020508","type":"ST","d0":"2026-09-07","t":[19.5,19.5,19.6,19.5,19.5,19.5,19.4,19.6,19.6,18.7,17.9,18.1,17.9,17.1,17.2,17.4,17.4,16.9,16.9,17.2,16.9,16.5,15.9,15.2,15.7,16.2,16.4,16.6,16.4,16.6],"q":[32.0,31.7,31.3,31.4,32.2,32.9,33.6,32.9,32.6,80.5,55.8,36.2,34.4,33.5,33.4,32.9,32.1,33.1,33.3,33.7,34.5,44.1,63.5,62.7,47.2,37.9,36.3,35.3,35.5,36.1],"latest":{"d":"2026-10-06","t":16.6,"q":36.1}}},{"type":"Feature","geometry":{"type":"Point","coordinates":[-111.69404,34.53864]},"properties":{"site":"09505800","name":"WEST CLEAR CREEK NEAR CAMP VERDE, AZ","state":"Arizona","huc":"150602030108","type":"ST","d0":"2026-09-07","t":[23.1,23.2,23.7,24.0,23.7,23.3,23.5,23.7,23.5,22.1,21.1,21.5,21.5,20.9,20.6,20.7,20.8,20.4,20.3,20.6,20.5,19.5,18.5,17.2,17.1,18.2,18.4,18.8,19.0,19.3],"q":[13.2,12.8,12.5,12.3,15.0,18.8,17.6,17.4,15.7,19.9,23.3,19.0,17.5,16.1,15.2,14.7,15.3,15.2,14.8,14.8,15.0,21.3,38.2,133,49.5,27.0,21.0,18.6,17.3,16.9],"latest":{"d":"2026-10-06","t":19.3,"q":16.9}}},{"type":"Feature","geometry":{"type":"Point","coordinates":[-111.66191,33.80829]},"properties":{"site":"09510000","name":"VERDE RIVER BELOW BARTLETT DAM, AZ","state":"Arizona","huc":"150602030702","type":"ST","d0":"2026-09-07","t":[18.6,18.7,18.8,19.0,19.1,18.9,18.8,18.8,18.9,18.2,18.8,19.1,19.0,18.6,18.5,18.7,18.7,18.5,18.7,18.8,18.5,18.2,18.6,18.5,18.7,18.8,18.8,18.9,18.8,18.9],"q":[161,158,157,137,112,133,137,130,126,131,126,124,123,122,122,122,128,140,138,137,136,138,140,139,138,138,138,138,138,138],"latest":{"d":"2026-10-06","t":18.9,"q":138}}},{"type":"Feature","geometry":{"type":"Point","coordinates":[-112.10078,41.57632]},"properties":{"site":"10126000","name":"BEAR RIVER NEAR CORINNE, UT","state":"Utah","huc":"160102040505","type":"ST","d0":"2026-09-07","t":[20.9,20.2,19.9,19.8,20.5,20.7,21.0,19.5,18.6,18.6,null,null,null,null,null,18.6,18.8,19.0,19.3,18.6,18.8,18.6,18.1,17.8,17.7,17.7,18.0,18.2,18.3,18.2],"q":[231,214,224,189,201,209,215,215,211,213,243,314,552,723,787,808,817,723,500,291,237,264,428,473,342,319,436,477,476,468],"latest":{"d":"2026-10-06","t":18.2,"q":468}}},{"type":"Feature","geometry":{"type":"Point","coordinates":[-111.47603,40.73523]},"properties":{"site":"10129900","name":"SILVER CREEK NEAR SILVER CREEK JUNCTION, UT","state":"Utah","huc":"160201010403","type":"ST","d0":"2026-09-07","t":[18.9,18.5,18.3,18.1,18.6,18.5,18.9,18.4,18.0,18.6,18.9,18.9,18.4,18.0,18.0,17.8,17.6,17.2,17.0,17.4,17.8,17.6,16.6,16.6,16.5,16.4,17.2,17.3,17.5,17.4],"q":[2.26,2.1,2.0,1.95,2.09,2.14,2.17,2.07,2.05,1.98,1.95,2.14,2.29,2.12,1.88,2.04,2.1,2.07,2.06,1.83,1.64,1.81,2.38,1.85,1.89,1.87,1.64,1.62,1.47,1.44],"latest":{"d":"2026-10-06","t":17.4,"q":1.44}}},{"type":"Feature","geometry":{"type":"Point","coordinates":[-111.51964,40.72384]},"properties":{"site":"10133650","name":"E CANYON CR BL I-80 REST STOP NR PARK CITY, UT","state":"Utah","huc":"160201020102","type":"ST","d0":"2026-09-07","t":[15.6,14.9,13.6,13.3,15.3,14.7,16.0,14.3,12.6,15.0,15.6,15.0,13.9,12.5,12.8,13.9,13.2,12.8,12.8,12.9,13.3,12.2,12.9,12.3,12.0,11.7,12.3,12.6,12.5,11.8],"q":[4.68,3.05,2.69,3.32,2.44,4.51,4.8,4.41,4.69,4.5,2.28,6.91,7.94,5.99,5.28,6.64,5.82,5.2,5.17,5.83,5.3,7.22,7.46,5.75,5.42,5.56,5.16,4.94,5.34,6.2],"latest":{"d":"2026-10-06","t":11.8,"q":6.2}}},{"type":"Feature","geometry":{"type":"Point","coordinates":[-111.56409,40.75967]},"properties":{"site":"10133800","name":"EAST CANYON CREEK NEAR JEREMY RANCH, UT","state":"Utah","huc":"160201020103","type":"ST","d0":"2026-09-07","t":[18.1,17.1,16.8,16.7,17.8,17.7,18.1,17.0,15.4,16.7,16.9,16.2,15.7,14.9,15.0,15.6,15.4,15.2,15.4,15.0,15.4,14.2,14.2,14.4,14.4,14.1,14.5,14.9,14.9,14.7],"q":[6.16,5.99,4.61,4.48,4.82,4.53,6.48,7.04,5.87,6.88,5.0,25.0,16.7,12.0,11.1,10.8,11.9,9.78,9.58,8.75,8.46,10.3,null,null,null,null,null,null,null,null],"latest":{"d":"2026-10-06","t":14.7,"q":null}}},{"type":"Feature","geometry":{"type":"Point","coordinates":[-111.58662,40.86959]},"properties":{"site":"10133980","name":"EAST CANYON CREEK AB EAST CYN RES NR MORGAN, UTAH","state":"Utah","huc":"160201020104","type":"ST","d0":"2026-09-07","t":[16.6,15.4,14.8,14.3,16.0,15.8,15.9,14.6,13.3,15.1,16.3,15.6,14.7,14.0,13.9,14.9,14.0,14.1,14.1,14.0,13.9,12.9,13.3,13.3,13.1,12.8,13.3,13.6,13.6,13.3],"q":[8.69,9.15,8.42,7.06,7.04,7.16,8.15,9.22,9.77,8.46,9.48,25.5,22.0,14.0,12.8,13.0,14.7,12.3,11.8,11.0,11.3,12.6,18.7,15.8,13.3,12.7,12.6,12.1,11.9,12.5],"latest":{"d":"2026-10-06","t":13.3,"q":12.5}}},{"type":"Feature","geometry":{"type":"Point","coordinates":[-112.09189,41.27828]},"properties":{"site":"10141000","name":"WEBER RIVER NEAR PLAIN CITY, UT","state":"Utah","huc":"160201020603","type":"ST","d0":"2026-09-07","t":[21.1,20.8,20.7,20.5,20.8,20.9,21.1,null,null,null,19.8,19.4,19.0,18.4,18.1,18.4,18.5,18.8,19.0,18.6,18.4,18.2,17.7,17.4,17.5,17.4,17.6,17.6,null,null],"q":[55.5,57.2,57.3,54.0,56.3,55.7,53.9,47.7,42.0,33.5,27.1,28.1,55.2,62.3,68.3,105,61.3,36.0,31.8,49.9,59.0,72.9,68.8,60.7,54.5,58.5,59.8,58.0,57.9,57.5],"latest":{"d":"2026-10-04","t":17.6,"q":58.0}}},{"type":"Feature","geometry":{"type":"Point","coordinates":[-111.46352,40.48412]},"properties":{"site":"10155500","name":"PROVO RIVER NEAR CHARLESTON, UT","state":"Utah","huc":"160202030306","type":"ST","d0":"2026-09-07","t":[14.0,13.5,12.9,12.7,13.6,13.3,13.9,13.7,12.6,13.6,13.8,13.2,13.2,12.6,12.7,13.0,12.7,12.5,12.4,12.3,12.8,11.9,12.9,12.4,12.4,12.1,12.5,12.7,12.7,12.3],"q":[240,242,235,234,236,242,240,242,241,263,273,321,313,289,285,296,298,290,285,285,284,291,296,305,306,309,307,304,305,307],"latest":{"d":"2026-10-06","t":12.3,"q":307}}},{"type":"Feature","geometry":{"type":"Point","coordinates":[-111.80604,40.77995]},"properties":{"site":"10172200","name":"RED BUTTE CREEK AT FORT DOUGLAS, NEAR SLC, UT","state":"Utah","huc":"160202040306","type":"ST","d0":"2026-09-07","t":[13.8,12.4,12.0,12.0,13.1,13.4,14.7,12.0,10.8,13.3,14.3,13.6,12.1,10.8,11.1,12.0,11.4,11.4,11.5,11.7,12.1,11.6,10.8,10.6,10.5,10.7,11.4,11.8,11.9,11.5],"q":[0.46,0.48,0.47,0.46,0.44,0.44,0.42,0.45,0.47,0.44,0.43,0.54,0.54,0.54,0.53,0.57,0.55,0.53,0.51,0.51,0.5,0.62,0.62,0.58,0.58,0.57,0.57,0.54,0.54,0.55],"latest":{"d":"2026-10-06","t":11.5,"q":0.55}}},{"type":"Feature","geometry":{"type":"Point","coordinates":[-112.10078,40.81661]},"properties":{"site":"10172630","name":"GOGGIN DRAIN NEAR MAGNA UTAH","state":"Utah","huc":"160202040404","type":"ST","d0":"2026-09-07","t":[19.8,20.6,20.6,20.2,21.0,22.1,21.4,19.7,19.1,19.6,19.7,19.5,19.9,19.5,19.5,19.6,19.5,19.8,19.8,19.6,19.5,18.4,18.2,18.5,18.5,18.7,18.6,19.1,19.5,19.1],"q":[45.1,9.39,6.64,6.42,6.1,3.9,3.42,3.0,2.88,2.82,5.26,95.6,238,86.5,81.9,84.1,91.3,80.4,75.8,69.0,65.0,70.4,108,87.1,70.6,64.4,39.4,9.46,7.69,9.23],"latest":{"d":"2026-10-06","t":19.1,"q":9.23}}},{"type":"Feature","geometry":{"type":"Point","coordinates":[-115.70328,38.95019]},"properties":{"site":"10246835","name":"BIG WARM SPGS NR DUCKWATER, NV","state":"Nevada","huc":"160600121307","type":"ST","d0":"2026-09-07","t":[32.5,32.5,32.5,32.5,32.5,32.5,32.4,32.4,32.4,32.4,32.3,32.4,32.5,32.5,32.4,32.5,32.5,32.4,32.4,32.4,32.3,32.4,32.3,32.4,32.5,32.4,32.5,32.4,32.4,32.5],"q":[12.5,12.4,12.4,12.4,12.4,12.4,12.4,12.4,12.3,12.4,12.4,12.4,12.4,12.3,12.3,12.4,12.4,12.5,12.4,12.3,12.3,12.4,12.5,12.5,12.5,12.5,12.5,12.5,12.5,12.5],"latest":{"d":"2026-10-06","t":32.5,"q":12.5}}},{"type":"Feature","geometry":{"type":"Point","coordinates":[-117.24537,38.88743]},"properties":{"site":"10249300","name":"S TWIN RV NR ROUND MOUNTAIN, NV","state":"Nevada","huc":"160600040701","type":"ST","d0":"2026-09-07","t":[11.2,11.4,12.1,12.6,12.7,12.6,12.2,10.8,10.9,10.9,11.1,10.5,10.1,10.4,10.6,11.0,10.9,11.2,11.5,11.0,10.7,10.2,9.4,9.6,10.4,10.9,11.2,11.4,11.3,10.9],"q":[0.84,0.82,0.8,0.81,0.79,0.78,0.76,0.76,0.74,0.73,0.72,0.74,0.76,0.76,0.77,0.82,0.82,0.85,0.87,0.88,0.9,0.94,0.93,0.94,0.98,1.0,1.01,1.02,1.02,1.01],"latest":{"d":"2026-10-06","t":10.9,"q":1.01}}},{"type":"Feature","geometry":{"type":"Point","coordinates":[-117.22643,34.34306]},"properties":{"site":"10260500","name":"DEEP C NR HESPERIA CA","state":"California","huc":"180902080104","type":"ST","d0":"2026-09-07","t":[21.9,23.0,24.5,25.7,25.7,25.0,24.4,23.7,23.0,21.9,21.5,21.2,20.2,20.4,20.4,20.0,20.2,20.2,21.3,21.2,21.0,20.4,19.1,19.2,19.4,19.9,20.3,20.6,20.8,20.9],"q":[2.66,2.83,2.38,1.72,1.26,1.0,0.87,0.75,0.7,0.76,0.76,0.73,0.63,0.52,0.52,0.53,0.58,0.64,0.72,0.86,0.93,0.84,0.79,0.77,0.76,0.77,0.86,0.88,0.88,0.88],"latest":{"d":"2026-10-06","t":20.9,"q":0.88}}},{"type":"Feature","geometry":{"type":"Point","coordinates":[-117.3206,34.57305]},"properties":{"site":"10261500","name":"MOJAVE R A LO NARROWS NR VICTORVILLE CA","state":"California","huc":"180902080706","type":"ST","d0":"2026-09-07","t":[22.4,22.6,23.7,24.3,24.0,23.5,23.1,22.5,22.1,21.6,21.5,21.5,21.4,21.0,20.9,21.0,21.1,21.3,21.6,21.3,20.5,20.7,20.2,20.4,20.6,20.8,20.9,21.1,21.4,21.2],"q":[2.99,2.94,2.93,3.0,3.03,3.07,3.14,3.17,3.19,3.22,3.22,3.19,3.16,3.16,3.1,2.95,2.94,2.94,2.94,2.92,2.93,2.9,2.88,2.85,2.78,2.7,2.65,2.62,2.57,2.54],"latest":{"d":"2026-10-06","t":21.2,"q":2.54}}},{"type":"Feature","geometry":{"type":"Point","coordinates":[-119.09889,39.15246]},"properties":{"site":"10301500","name":"WALKER RV NR WABUSKA, NV","state":"Nevada","huc":"160503030202","type":"ST","d0":"2026-09-07","t":[18.7,19.1,19.7,20.2,20.7,19.4,18.7,17.4,16.9,17.3,17.3,16.9,16.9,16.4,17.1,18.0,18.3,18.4,17.2,16.7,16.3,16.5,16.1,16.1,16.5,17.3,17.7,17.3,17.7,17.9],"q":[40.3,47.7,48.7,54.1,48.5,39.6,37.1,35.6,31.9,28.1,33.4,35.8,40.0,59.6,62.2,56.1,63.6,64.3,53.5,53.6,55.3,55.5,53.6,47.0,57.0,55.9,50.0,46.6,42.0,37.1],"latest":{"d":"2026-10-06","t":17.9,"q":37.1}}},{"type":"Feature","geometry":{"type":"Point","coordinates":[-118.80376,38.9402]},"properties":{"site":"10302002","name":"WALKER RV AT LATERAL 2-A SIPHON NR SCHURZ, NV","state":"Nevada","huc":"160503030500","type":"ST","d0":"2026-09-07","t":[19.8,20.2,20.8,20.9,21.3,21.8,20.7,19.8,19.0,19.1,18.6,18.3,18.1,17.7,17.7,18.7,18.6,18.9,18.7,18.6,18.3,17.5,17.2,16.6,17.0,17.2,17.5,17.2,18.2,19.0],"q":[6.49,3.85,2.4,2.07,4.55,2.76,1.42,1.24,1.21,1.26,2.86,2.35,1.98,2.43,2.63,2.1,1.94,1.9,1.57,1.44,1.2,1.09,2.76,6.11,2.1,1.65,1.35,1.17,1.61,2.95],"latest":{"d":"2026-10-06","t":19.0,"q":2.95}}},{"type":"Feature","geometry":{"type":"Point","coordinates":[-119.99157,38.92241]},"properties":{"site":"10336610","name":"UPPER TRUCKEE RV AT SOUTH LAKE TAHOE, CA","state":"California","huc":"160501010303","type":"ST","d0":"2026-09-07","t":[14.2,14.9,16.0,16.8,16.2,14.9,14.3,13.4,null,null,null,null,13.5,13.4,14.2,14.0,14.0,14.3,14.3,13.9,13.2,12.2,11.9,12.5,13.2,13.6,14.0,13.8,13.9,13.9],"q":[3.84,3.72,3.66,3.62,3.54,3.34,3.25,3.25,null,null,null,4.5,4.62,4.68,4.6,4.59,4.53,4.23,3.91,3.84,3.88,3.92,4.18,4.14,4.16,4.13,4.31,4.92,5.05,5.14],"latest":{"d":"2026-10-06","t":13.9,"q":5.14}}},{"type":"Feature","geometry":{"type":"Point","coordinates":[-119.93991,39.08741]},"properties":{"site":"10336730","name":"GLENBROOK CK AT GLENBROOK, NV","state":"Nevada","huc":"160501010202","type":"ST","d0":"2026-09-07","t":[9.8,9.8,10.4,11.2,10.9,10.4,10.8,9.6,9.4,9.3,9.2,8.7,8.8,9.2,9.9,9.8,9.5,9.6,10.4,9.8,9.6,9.2,8.5,8.5,8.9,9.3,9.5,9.4,9.8,9.8],"q":[0.04,0.04,0.04,0.04,0.04,0.04,0.04,0.04,0.04,0.04,0.05,0.05,0.05,0.05,0.05,0.05,0.05,0.05,0.05,0.05,0.05,0.05,0.05,0.05,0.05,0.05,0.05,0.05,0.05,0.05],"latest":{"d":"2026-10-06","t":9.8,"q":0.05}}},{"type":"Feature","geometry":{"type":"Point","coordinates":[-119.9724,38.91991]},"properties":{"site":"10336780","name":"TROUT CK NR TAHOE VALLEY, CA","state":"California","huc":"160501010302","type":"ST","d0":"2026-09-07","t":[13.0,13.3,14.3,15.1,14.8,14.0,13.6,12.5,12.1,12.1,12.2,null,11.5,11.4,12.4,12.3,12.1,12.4,null,null,null,null,null,10.7,11.1,11.7,12.4,11.9,12.2,12.2],"q":[12.4,12.2,11.9,11.8,11.5,11.3,null,11.4,11.7,11.7,11.9,null,12.8,13.8,13.6,13.9,13.8,13.7,null,null,null,null,null,16.0,16.0,16.0,16.1,16.1,16.4,16.6],"latest":{"d":"2026-10-06","t":12.2,"q":16.6}}},{"type":"Feature","geometry":{"type":"Point","coordinates":[-119.74164,39.51762]},"properties":{"site":"10348200","name":"TRUCKEE RV NR SPARKS, NV","state":"Nevada","huc":"160501020508","type":"ST","d0":"2026-09-07","t":[16.0,16.8,17.6,18.3,18.3,16.5,16.0,15.2,15.1,15.7,15.2,15.0,15.7,15.5,16.4,16.8,16.2,16.3,15.8,15.2,15.1,15.1,14.8,14.9,15.6,16.1,16.3,16.1,16.0,16.3],"q":[328,310,297,295,289,300,312,327,319,309,300,333,341,339,354,331,342,349,342,348,361,377,375,354,313,261,265,267,311,296],"latest":{"d":"2026-10-06","t":16.3,"q":296}}},{"type":"Feature","geometry":{"type":"Point","coordinates":[-119.44129,39.58463]},"properties":{"site":"10351600","name":"TRUCKEE RV BLW DERBY DAM NR WADSWORTH, NV","state":"Nevada","huc":"160501020608","type":"ST","d0":"2026-09-07","t":[18.0,18.7,19.6,20.3,20.5,19.5,18.5,17.7,17.2,17.4,17.4,17.1,17.4,17.4,17.9,18.3,18.7,18.7,17.6,16.3,16.6,16.6,16.6,16.7,17.0,17.6,18.4,18.2,18.4,18.2],"q":[263,265,252,249,247,242,250,259,265,265,241,264,293,281,301,286,272,286,280,284,291,305,318,301,null,218,198,200,221,241],"latest":{"d":"2026-10-06","t":18.2,"q":241}}},{"type":"Feature","geometry":{"type":"Point","coordinates":[-119.33752,39.77737]},"properties":{"site":"10351700","name":"TRUCKEE RV NR NIXON, NV","state":"Nevada","huc":"160501030103","type":"ST","d0":"2026-09-07","t":[18.3,18.7,19.4,20.0,20.5,20.2,19.4,18.2,18.0,17.9,17.7,17.2,17.4,17.7,18.0,18.3,19.0,18.7,18.1,16.3,16.1,16.5,16.4,16.7,17.1,17.5,18.2,17.9,18.0,18.1],"q":[260,266,254,248,245,240,267,290,290,294,303,284,315,321,339,346,320,326,327,332,339,353,368,359,350,315,267,262,264,301],"latest":{"d":"2026-10-06","t":18.1,"q":301}}},{"type":"Feature","geometry":{"type":"Point","coordinates":[-118.8675,42.79083]},"properties":{"site":"10396000","name":"DONNER UND BLITZEN RIVER NR FRENCHGLEN OR","state":"Oregon","huc":"171200030108","type":"ST","d0":"2026-09-07","t":[12.8,13.8,15.0,14.8,15.3,15.1,13.5,12.9,13.1,13.8,13.7,13.7,13.9,14.1,14.0,14.1,13.6,13.9,13.1,11.6,11.6,12.1,11.7,12.4,12.8,13.2,13.0,13.2,13.7,null],"q":[32.7,31.5,30.7,30.0,29.7,29.2,29.5,30.0,30.1,29.7,29.5,30.1,30.5,29.8,29.4,29.2,29.0,28.8,28.4,29.3,29.5,29.5,29.5,29.5,29.5,29.3,29.2,29.1,28.8,29.0],"latest":{"d":"2026-10-05","t":13.7,"q":28.8}}},{"type":"Feature","geometry":{"type":"Point","coordinates":[-117.14225,33.47392]},"properties":{"site":"11044000","name":"SANTA MARGARITA R NR TEMECULA CA","state":"California","huc":"180703020503","type":"ST","d0":"2026-09-07","t":[22.5,23.5,24.0,24.0,23.8,23.6,23.2,22.7,22.2,21.8,21.6,21.1,20.9,20.9,21.2,21.4,21.1,20.9,21.0,21.1,21.0,21.2,20.6,20.2,20.0,20.2,20.6,20.8,20.8,21.1],"q":[4.92,6.38,8.26,4.08,3.85,3.86,3.89,3.51,5.99,5.4,4.93,4.82,5.04,4.85,4.58,4.39,4.42,4.21,4.51,4.39,4.27,4.08,3.86,3.55,3.9,3.75,3.56,3.43,3.41,3.28],"latest":{"d":"2026-10-06","t":21.1,"q":3.28}}},{"type":"Feature","geometry":{"type":"Point","coordinates":[-120.48489,34.51369]},"properties":{"site":"11120600","name":"JALAMA C NR LOMPOC CA","state":"California","huc":"180600130101","type":"ST","d0":"2026-09-07","t":[21.1,21.3,22.6,23.6,22.4,21.2,20.3,19.7,19.6,19.8,19.7,19.7,19.8,19.3,19.4,19.4,19.7,20.1,20.9,20.5,19.9,18.5,18.9,19.1,19.2,19.8,20.3,20.8,21.1,21.5],"q":[0.23,0.18,0.13,0.09,0.03,0.02,0.02,null,null,0.06,0.1,0.1,0.1,0.1,0.12,0.11,0.09,0.09,0.08,0.08,0.08,0.08,0.1,0.11,0.09,0.12,0.1,0.08,0.06,0.06],"latest":{"d":"2026-10-06","t":21.5,"q":0.06}}},{"type":"Feature","geometry":{"type":"Point","coordinates":[-120.42456,34.63609]},"properties":{"site":"11133000","name":"SANTA YNEZ R A NARROWS NR LOMPOC CA","state":"California","huc":"180600100703","type":"ST","d0":"2026-09-07","t":[21.9,22.1,23.5,23.5,22.5,22.3,21.4,21.6,21.9,21.7,21.2,21.4,21.7,21.1,21.0,21.2,21.8,22.1,22.6,21.0,21.3,20.6,21.1,21.6,21.3,21.1,21.5,21.9,22.0,21.7],"q":[6.19,5.71,5.09,4.42,3.95,3.79,3.59,4.08,4.39,4.56,4.8,5.15,4.81,5.19,5.76,6.16,6.64,6.92,6.87,6.29,6.34,7.18,6.92,7.21,7.16,6.77,5.72,5.7,6.12,5.37],"latest":{"d":"2026-10-06","t":21.7,"q":5.37}}},{"type":"Feature","geometry":{"type":"Point","coordinates":[-118.81343,36.02412]},"properties":{"site":"11204100","name":"SF TULE R NR RESERVATION BNDRY NR PORTERVILLE CA","state":"California","huc":"180300060302","type":"ST","d0":"2026-09-07","t":[20.9,21.9,23.3,24.3,24.0,22.8,21.8,20.7,20.8,20.4,20.1,19.8,20.1,20.3,20.3,20.2,20.3,20.8,21.0,20.8,20.4,19.0,18.7,19.0,19.4,19.9,20.3,20.8,21.1,21.5],"q":[7.99,7.67,7.59,7.31,6.95,6.93,7.14,7.7,7.83,7.68,7.95,8.21,8.54,8.27,8.05,8.2,8.21,7.7,7.41,7.78,7.68,7.85,8.43,8.34,7.65,7.59,7.49,7.38,7.35,7.38],"latest":{"d":"2026-10-06","t":21.5,"q":7.38}}},{"type":"Feature","geometry":{"type":"Point","coordinates":[-118.70167,36.61167]},"properties":{"site":"11206820","name":"MARBLE FORK KAWEAH R AB HORSE C NR LODGEPOLE CA","state":"California","huc":"180300070401","type":"ST","d0":"2026-09-07","t":[9.7,10.8,11.9,12.3,12.0,11.0,10.6,10.1,9.8,9.7,9.2,8.8,9.2,9.9,9.5,9.1,9.7,10.1,10.1,9.6,8.9,8.4,8.1,8.4,8.9,9.4,9.5,9.5,9.4,9.5],"q":[0.13,0.13,0.13,0.13,0.13,0.13,0.13,0.13,0.13,0.13,0.13,0.13,0.13,0.12,0.13,0.14,0.14,0.14,0.13,0.13,0.14,0.15,0.15,0.15,0.16,0.16,0.16,0.16,0.16,0.16],"latest":{"d":"2026-10-06","t":9.5,"q":0.16}}},{"type":"Feature","geometry":{"type":"Point","coordinates":[-119.56864,36.211]},"properties":{"site":"11212260","name":"CROSS C A KANSAS AVE NR HANFORD CA","state":"California","huc":"180300071303","type":"ST","d0":"2026-09-07","t":[22.2,25.7,28.1,29.3,27.8,25.6,22.5,19.9,21.0,22.0,19.9,19.8,20.5,22.2,20.1,20.4,21.5,23.8,23.3,21.8,21.5,18.2,18.8,20.0,21.1,23.5,24.2,25.1,24.9,24.7],"q":[0.0,0.0,0.0,0.0,0.0,0.0,0.0,0.0,0.0,0.0,0.0,0.0,0.0,0.0,0.0,0.0,0.0,0.0,0.0,0.0,0.0,0.0,0.0,0.0,0.0,0.0,0.0,0.0,0.0,0.0],"latest":{"d":"2026-10-06","t":24.7,"q":0.0}}},{"type":"Feature","geometry":{"type":"Point","coordinates":[-119.88725,36.37426]},"properties":{"site":"11222975","name":"NF KINGS R A 24TH AVE BR NR LEMOORE CA","state":"California","huc":"180300120701","type":"ST","d0":"2026-09-07","t":[24.8,27.5,30.3,30.7,30.0,27.5,23.9,21.2,21.8,22.8,21.7,22.0,22.1,23.1,22.6,23.3,24.2,26.1,26.1,24.5,24.2,19.8,20.9,22.9,23.9,25.0,26.3,27.5,27.4,27.1],"q":[0.0,0.0,0.0,0.0,0.0,0.0,0.0,0.0,0.0,0.0,0.0,0.0,0.0,0.0,0.0,0.0,0.0,0.0,0.0,0.0,0.0,0.0,0.0,0.0,0.0,0.0,0.0,0.0,0.0,0.0],"latest":{"d":"2026-10-06","t":27.1,"q":0.0}}},{"type":"Feature","geometry":{"type":"Point","coordinates":[-119.72431,36.98439]},"properties":{"site":"11251000","name":"SAN JOAQUIN R BL FRIANT CA","state":"California","huc":"180400010302","type":"ST","d0":"2026-09-07","t":[12.1,12.1,12.4,12.4,12.3,12.3,12.3,12.2,12.3,12.2,12.4,12.4,12.5,12.4,12.6,12.6,12.6,12.8,12.8,12.7,12.7,12.8,12.8,null,null,null,null,null,null,null],"q":[381,380,383,383,383,383,383,390,401,401,401,401,401,403,405,405,405,405,416,424,424,424,424,424,424,424,424,424,418,414],"latest":{"d":"2026-09-29","t":12.8,"q":424}}},{"type":"Feature","geometry":{"type":"Point","coordinates":[-120.931,37.30991]},"properties":{"site":"11261500","name":"SAN JOAQUIN R A FREMONT FORD BRIDGE CA","state":"California","huc":"180400012103","type":"ST","d0":"2026-09-07","t":[23.2,24.0,25.0,25.8,25.3,24.9,23.5,22.4,22.6,22.7,22.1,22.0,22.4,21.6,21.9,22.0,22.4,23.1,22.9,22.0,21.2,20.5,20.6,21.5,22.2,22.1,22.4,23.1,23.7,23.6],"q":[44.5,41.6,47.4,49.4,48.9,52.8,58.5,55.4,51.0,46.2,46.5,47.4,51.2,52.0,53.8,52.3,52.2,50.7,49.7,48.7,52.0,47.0,42.1,41.4,40.3,46.0,56.8,61.8,63.0,65.0],"latest":{"d":"2026-10-06","t":23.6,"q":65.0}}},{"type":"Feature","geometry":{"type":"Point","coordinates":[-120.97614,37.34719]},"properties":{"site":"11273400","name":"SAN JOAQUIN R AB MERCED R NR NEWMAN CA","state":"California","huc":"180400012104","type":"ST","d0":"2026-09-07","t":[22.9,23.4,24.7,25.8,25.0,24.3,23.1,22.0,22.3,22.3,21.6,21.7,22.3,21.6,21.6,22.0,22.4,23.1,22.8,21.8,21.2,20.4,20.6,21.6,22.2,22.0,22.5,23.2,23.9,23.8],"q":[61.7,54.6,50.1,62.3,61.4,65.6,77.5,77.4,69.3,58.2,65.5,77.8,85.7,90.7,93.2,81.1,80.9,80.8,81.4,80.4,85.4,86.6,86.8,80.7,87.5,86.2,95.3,105,108,101],"latest":{"d":"2026-10-06","t":23.8,"q":101}}},{"type":"Feature","geometry":{"type":"Point","coordinates":[-121.01334,37.43219]},"properties":{"site":"11274550","name":"SAN JOAQUIN R NR CROWS LANDING CA","state":"California","huc":"180400020205","type":"ST","d0":"2026-09-07","t":[22.9,23.5,24.6,25.6,24.6,24.4,23.2,22.2,22.3,22.5,21.8,21.8,22.3,22.0,21.5,22.0,22.3,22.8,22.8,21.7,21.1,20.4,20.4,21.1,22.0,22.2,22.1,22.8,23.6,23.6],"q":[272,257,252,256,267,265,281,282,280,277,281,289,282,289,294,281,276,280,280,289,287,288,294,281,285,281,290,291,295,281],"latest":{"d":"2026-10-06","t":23.6,"q":281}}},{"type":"Feature","geometry":{"type":"Point","coordinates":[-119.96265,37.89435]},"properties":{"site":"11278300","name":"CHERRY C NR EARLY INTAKE CA","state":"California","huc":"180400090405","type":"ST","d0":"2026-09-07","t":[17.5,17.6,18.4,19.3,19.2,18.2,17.5,17.0,16.9,16.6,16.5,16.2,16.2,16.3,16.2,16.1,16.4,16.6,16.6,16.4,15.7,15.2,15.1,15.1,15.4,15.7,16.1,16.6,17.1,17.3],"q":[33.8,33.7,33.7,33.8,34.2,33.9,34.2,34.3,34.3,32.1,25.2,25.1,25.0,25.0,24.9,25.0,25.0,24.9,25.0,25.0,24.9,25.1,25.0,24.9,24.0,15.1,14.6,14.5,14.4,14.3],"latest":{"d":"2026-10-06","t":17.3,"q":14.3}}},{"type":"Feature","geometry":{"type":"Point","coordinates":[-121.42281,40.68911]},"properties":{"site":"11355500","name":"HAT C NR HAT CREEK CA","state":"California","huc":"180200030706","type":"ST","d0":"2026-09-07","t":[8.4,8.5,8.7,9.0,8.9,8.7,8.3,8.3,8.4,8.4,8.1,8.4,8.4,8.5,8.6,8.6,8.5,8.5,8.4,8.1,8.2,8.1,8.2,8.4,8.4,8.4,8.5,8.4,8.7,8.5],"q":[113,118,121,121,121,121,121,121,120,120,120,114,110,109,110,111,110,110,110,110,110,118,120,120,120,119,119,120,119,119],"latest":{"d":"2026-10-06","t":8.5,"q":119}}},{"type":"Feature","geometry":{"type":"Point","coordinates":[-122.02415,40.0546]},"properties":{"site":"11381500","name":"MILL C NR LOS MOLINOS CA","state":"California","huc":"180201560303","type":"ST","d0":"2026-09-07","t":[17.2,17.8,18.5,19.6,20.1,19.7,18.3,17.3,17.5,17.5,17.4,17.2,17.5,17.6,17.9,18.3,18.3,18.0,17.8,17.0,16.4,16.0,16.0,16.6,17.2,17.4,17.6,17.3,17.8,18.3],"q":[117,115,112,111,110,109,110,110,111,111,111,113,111,110,110,109,109,108,107,107,107,107,107,107,106,106,105,105,105,105],"latest":{"d":"2026-10-06","t":18.3,"q":105}}},{"type":"Feature","geometry":{"type":"Point","coordinates":[-121.94829,40.01402]},"properties":{"site":"11383500","name":"DEER C NR VINA CA","state":"California","huc":"180201570206","type":"ST","d0":"2026-09-07","t":[17.6,18.1,18.8,19.8,20.2,19.9,18.8,17.8,17.9,18.0,17.6,17.5,17.7,17.8,18.1,18.4,18.4,18.2,18.0,17.1,16.5,16.3,16.3,16.8,17.2,17.5,17.7,17.5,18.0,18.4],"q":[102,101,99.6,98.3,98.2,97.4,96.4,97.1,97.5,97.3,97.2,98.0,97.2,96.2,96.2,96.0,95.9,94.9,94.2,94.3,94.7,94.4,94.7,95.0,94.8,94.4,94.3,94.2,94.6,94.2],"latest":{"d":"2026-10-06","t":18.4,"q":94.2}}},{"type":"Feature","geometry":{"type":"Point","coordinates":[-121.70886,39.726]},"properties":{"site":"11390000","name":"BUTTE C NR CHICO CA","state":"California","huc":"180201580202","type":"ST","d0":"2026-09-07","t":[16.5,16.8,17.3,18.0,18.5,18.3,17.8,17.0,17.1,17.0,16.7,16.7,17.0,16.8,17.3,17.4,17.3,17.1,17.0,16.1,16.3,15.8,15.8,16.1,16.4,16.6,16.8,16.5,17.4,17.4],"q":[133,123,121,119,116,108,107,107,107,106,106,115,120,118,117,109,108,109,108,107,108,107,106,106,106,106,106,105,106,104],"latest":{"d":"2026-10-06","t":17.4,"q":104}}},{"type":"Feature","geometry":{"type":"Point","coordinates":[-123.13025,39.24652]},"properties":{"site":"11461500","name":"EF RUSSIAN R NR CALPELLA CA","state":"California","huc":"180101100103","type":"ST","d0":"2026-09-07","t":[18.2,18.6,18.9,19.7,19.4,18.8,17.8,17.5,17.7,17.6,17.6,17.9,18.0,18.0,18.3,18.1,17.9,17.9,17.8,16.9,16.4,16.2,16.5,17.2,17.4,17.7,18.0,17.8,17.9,18.2],"q":[57.3,56.0,49.9,38.1,36.1,34.1,28.6,36.2,37.2,37.8,35.9,35.3,37.0,35.5,34.4,null,null,29.2,25.9,36.1,37.4,39.0,42.0,39.7,37.0,22.1,19.7,24.4,26.0,28.6],"latest":{"d":"2026-10-06","t":18.2,"q":28.6}}},{"type":"Feature","geometry":{"type":"Point","coordinates":[-123.13053,39.02653]},"properties":{"site":"11462500","name":"RUSSIAN R NR HOPLAND CA","state":"California","huc":"180101100407","type":"ST","d0":"2026-09-07","t":[14.7,15.0,14.9,15.3,15.0,14.9,14.6,14.6,15.0,15.0,14.9,15.1,15.3,15.0,15.3,15.3,15.1,15.1,15.3,14.7,14.4,14.3,14.8,14.9,15.0,15.0,15.2,15.0,15.1,15.4],"q":[115,114,118,124,125,125,127,125,117,118,118,116,116,117,118,117,118,115,117,119,120,120,122,148,157,159,175,176,179,180],"latest":{"d":"2026-10-06","t":15.4,"q":180}}},{"type":"Feature","geometry":{"type":"Point","coordinates":[-123.05358,38.87931]},"properties":{"site":"11463000","name":"RUSSIAN R NR CLOVERDALE CA","state":"California","huc":"180101100411","type":"ST","d0":"2026-09-07","t":[16.4,16.8,17.1,17.6,17.6,17.2,16.8,16.6,16.6,16.6,16.8,16.8,17.1,16.8,16.8,16.9,17.0,16.8,16.9,16.4,15.9,15.4,15.7,16.1,16.2,16.2,16.3,16.2,16.1,16.4],"q":[115,108,111,117,118,119,121,122,117,116,115,113,113,114,114,114,112,112,113,113,115,114,113,124,144,146,157,162,166,165],"latest":{"d":"2026-10-06","t":16.4,"q":165}}},{"type":"Feature","geometry":{"type":"Point","coordinates":[-122.8294,38.6582]},"properties":{"site":"11463682","name":"RUSSIAN R A JIMTOWN CA","state":"California","huc":"180101100602","type":"ST","d0":"2026-09-07","t":[19.7,20.1,20.5,21.1,20.6,20.1,19.5,19.5,19.5,19.4,19.4,19.3,19.4,19.3,18.7,19.0,19.2,19.5,19.2,18.4,18.5,18.2,18.5,19.1,19.0,18.8,19.1,19.2,19.1,19.2],"q":[112,106,102,101,103,105,107,108,107,105,103,103,103,104,105,104,103,103,102,103,105,106,104,103,110,119,124,132,136,138],"latest":{"d":"2026-10-06","t":19.2,"q":138}}},{"type":"Feature","geometry":{"type":"Point","coordinates":[-122.85551,38.63292]},"properties":{"site":"11463980","name":"RUSSIAN R A DIGGER BEND NR HEALDSBURG CA","state":"California","huc":"180101100605","type":"ST","d0":"2026-09-07","t":[20.8,21.2,21.6,22.5,22.3,21.6,20.9,20.7,20.6,20.8,20.4,20.4,20.5,20.2,19.8,20.0,20.2,20.5,20.3,19.3,19.4,19.0,19.3,19.9,19.9,19.7,19.9,19.9,20.1,20.2],"q":[112,106,101,97.5,97.8,101,104,106,104,103,100,99.5,100,102,102,99.3,99.8,98.8,97.0,97.9,100,103,100,98.7,102,112,118,126,134,135],"latest":{"d":"2026-10-06","t":20.2,"q":135}}},{"type":"Feature","geometry":{"type":"Point","coordinates":[-122.92718,38.6532]},"properties":{"site":"11465240","name":"DRY C BLW LAMBERT BR NR GEYSERVILLE CA","state":"California","huc":"180101100507","type":"ST","d0":"2026-09-07","t":[13.7,14.0,14.1,14.5,14.2,13.9,13.8,13.9,13.7,13.9,13.7,13.7,13.8,13.5,13.6,13.8,13.6,13.8,13.9,13.4,13.5,13.2,13.7,14.0,13.6,13.5,13.9,13.8,13.9,13.9],"q":[91.8,91.3,90.5,90.5,91.7,92.8,93.3,92.0,91.2,91.6,91.3,91.3,92.3,92.8,92.7,92.5,91.7,91.3,91.1,91.9,92.3,91.9,91.1,90.9,91.0,90.7,90.7,90.4,90.2,90.2],"latest":{"d":"2026-10-06","t":13.9,"q":90.2}}},{"type":"Feature","geometry":{"type":"Point","coordinates":[-122.92773,38.50848]},"properties":{"site":"11467000","name":"RUSSIAN R A HACIENDA BRIDGE NR GUERNEVILLE CA","state":"California","huc":"180101100903","type":"ST","d0":"2026-09-07","t":[20.0,20.2,20.8,21.5,21.4,21.0,20.4,19.9,19.7,19.8,19.5,19.4,19.5,19.3,18.9,18.8,19.1,19.4,19.4,18.8,18.5,18.2,18.3,18.6,18.8,18.9,19.0,19.1,19.3,19.5],"q":[116,147,141,112,101,102,104,107,106,105,105,103,102,106,108,107,106,105,101,99.7,103,105,106,103,101,103,109,114,121,123],"latest":{"d":"2026-10-06","t":19.5,"q":123}}},{"type":"Feature","geometry":{"type":"Point","coordinates":[-123.64388,39.72957]},"properties":{"site":"11475560","name":"ELDER C NR BRANSCOMB CA","state":"California","huc":"180101060103","type":"ST","d0":"2026-09-07","t":[13.1,13.6,14.1,15.3,14.7,14.2,13.0,13.0,13.3,13.2,13.3,13.2,13.2,13.7,13.9,13.7,13.2,13.2,13.6,12.8,12.5,12.2,12.4,12.8,13.1,13.3,13.8,13.9,14.1,14.2],"q":[0.63,0.64,0.64,0.63,0.61,0.61,0.63,0.67,0.67,0.67,0.68,0.7,0.7,0.67,0.64,0.64,0.64,0.63,0.63,0.65,0.65,0.64,0.63,0.62,0.62,0.62,0.62,0.6,0.62,0.61],"latest":{"d":"2026-10-06","t":14.2,"q":0.61}}},{"type":"Feature","geometry":{"type":"Point","coordinates":[-121.45906,42.95167]},"properties":{"site":"11491450","name":"IRVING CREEK NEAR LENZ, OR","state":"Oregon","huc":"180102010104","type":"ST","d0":"2026-09-07","t":[6.6,6.9,7.2,7.5,7.2,6.9,6.8,6.5,6.7,7.2,6.9,7.2,7.1,7.2,7.3,7.2,6.9,7.0,7.1,6.6,6.6,6.5,6.8,6.9,7.0,7.1,7.0,7.2,7.3,7.1],"q":[1.12,1.12,1.07,1.09,1.12,1.16,1.17,1.14,1.17,1.17,1.17,1.14,1.12,1.12,1.12,1.13,1.12,1.13,1.17,1.16,1.17,1.17,1.14,1.12,1.12,1.12,1.12,1.12,1.12,1.12],"latest":{"d":"2026-10-06","t":7.1,"q":1.12}}},{"type":"Feature","geometry":{"type":"Point","coordinates":[-121.45936,42.97836]},"properties":{"site":"11491470","name":"JACKSON CREEK NEAR LENZ, OR","state":"Oregon","huc":"180102010105","type":"ST","d0":"2026-09-07","t":[6.7,7.4,8.5,9.5,9.1,8.0,7.7,6.6,6.9,8.4,7.6,8.1,8.0,8.5,9.0,9.1,8.0,8.0,8.8,6.9,6.8,6.4,6.9,7.5,7.9,8.2,8.1,8.5,9.1,8.6],"q":[1.76,1.39,1.3,1.24,1.24,1.3,1.66,1.72,1.57,1.96,2.02,2.22,1.81,1.69,1.62,1.57,1.57,1.6,1.89,1.81,1.74,1.66,1.65,1.64,1.64,1.65,1.61,1.61,1.59,1.55],"latest":{"d":"2026-10-06","t":8.6,"q":1.55}}},{"type":"Feature","geometry":{"type":"Point","coordinates":[-121.87356,43.18333]},"properties":{"site":"11491950","name":"MILLER CREEK NEAR BEAVER MARSH, OR","state":"Oregon","huc":"180102010204","type":"ST","d0":"2026-09-07","t":[6.8,7.5,8.4,9.1,9.3,7.2,7.1,6.2,6.9,8.3,7.4,7.3,7.4,7.8,8.4,8.7,7.1,7.2,7.8,6.1,6.3,6.2,6.6,7.1,7.5,7.3,7.2,7.4,7.8,7.2],"q":[2.96,2.92,2.94,2.98,2.54,2.45,2.38,2.23,2.2,2.22,2.61,2.55,2.39,2.39,2.39,2.36,2.35,2.39,2.45,2.39,2.39,2.4,2.42,2.44,2.44,2.44,2.44,2.55,2.56,2.52],"latest":{"d":"2026-10-06","t":7.2,"q":2.52}}},{"type":"Feature","geometry":{"type":"Point","coordinates":[-121.84847,42.87041]},"properties":{"site":"11492550","name":"SAND CREEK BLW SAND CREEK CANAL NR CHINCHALO, OR","state":"Oregon","huc":"180102010502","type":"ST","d0":"2026-09-07","t":[6.7,7.1,7.9,8.9,8.7,7.4,7.4,6.2,6.7,8.5,7.8,7.6,7.4,7.7,8.1,8.3,7.4,7.2,8.1,6.0,6.3,6.2,6.5,6.9,7.3,7.3,7.1,7.3,8.0,7.6],"q":[11.1,10.9,10.7,10.5,10.4,10.4,10.8,10.7,10.6,10.8,11.4,11.2,10.9,10.7,10.4,10.0,10.2,10.5,10.6,10.7,10.8,10.7,10.7,10.6,10.6,10.5,10.4,10.4,10.3,10.3],"latest":{"d":"2026-10-06","t":7.6,"q":10.3}}},{"type":"Feature","geometry":{"type":"Point","coordinates":[-121.87276,42.88709]},"properties":{"site":"11493100","name":"SCOTT CREEK BLW SAND CREEK CANAL NR CHINCHALO, OR","state":"Oregon","huc":"180102010406","type":"ST","d0":"2026-09-07","t":[9.3,9.8,10.7,11.5,11.2,10.1,10.1,9.2,9.6,10.9,10.0,10.3,9.9,10.2,10.6,10.7,9.9,9.7,10.4,8.8,9.0,8.8,8.9,9.2,9.5,9.4,9.1,9.3,9.7,9.5],"q":[1.66,1.62,1.64,1.54,1.51,1.52,1.59,1.58,1.6,1.71,1.86,1.71,1.61,1.54,1.52,1.5,1.51,1.53,1.51,1.51,1.54,1.53,1.54,1.53,1.52,1.48,1.44,1.44,1.42,1.41],"latest":{"d":"2026-10-06","t":9.5,"q":1.41}}},{"type":"Feature","geometry":{"type":"Point","coordinates":[-121.84833,42.58431]},"properties":{"site":"11501000","name":"SPRAGUE RIVER NEAR CHILOQUIN, OR","state":"Oregon","huc":"180102020715","type":"ST","d0":"2026-09-07","t":[14.4,15.7,16.9,17.8,17.8,16.5,15.3,15.0,15.4,16.2,15.7,16.1,16.7,16.8,17.0,17.2,16.6,15.8,15.5,14.8,14.5,14.3,14.5,14.7,15.0,15.3,15.2,15.0,15.3,15.4],"q":[226,215,null,207,203,193,189,184,188,199,197,194,193,187,183,180,184,184,186,183,185,181,183,186,181,183,185,181,177,178],"latest":{"d":"2026-10-06","t":15.4,"q":178}}},{"type":"Feature","geometry":{"type":"Point","coordinates":[-121.87971,42.56437]},"properties":{"site":"11502500","name":"WILLIAMSON RIVER BLW SPRAGUE RIVER NR CHILOQUIN,OR","state":"Oregon","huc":"180102010605","type":"ST","d0":"2026-09-07","t":[11.6,12.2,13.0,13.7,13.5,12.2,11.7,11.2,11.6,12.6,11.9,12.2,12.5,12.5,12.4,12.6,12.2,11.4,11.8,11.0,10.8,10.9,11.1,11.3,11.5,11.6,11.4,11.2,11.5,11.6],"q":[554,546,544,541,536,526,522,518,521,532,534,527,528,524,524,519,520,519,523,522,522,522,519,522,522,520,523,522,519,519],"latest":{"d":"2026-10-06","t":11.6,"q":519}}},{"type":"Feature","geometry":{"type":"Point","coordinates":[-122.16892,42.87152]},"properties":{"site":"11503000","name":"ANNIE SPRING NEAR CRATER LAKE, OR","state":"Oregon","huc":"180102030101","type":"SP","d0":"2026-09-07","t":[2.9,2.9,2.9,3.0,2.9,2.9,2.9,2.9,2.9,2.9,2.9,2.9,2.9,2.9,2.9,3.0,2.9,2.9,2.9,2.9,2.9,2.9,2.9,2.9,2.9,3.0,3.0,3.0,3.0,3.0],"q":[1.18,1.18,1.18,1.18,1.18,1.14,1.13,1.13,1.13,1.13,1.13,1.11,1.08,1.08,1.08,1.04,1.03,1.03,1.03,1.03,1.03,1.03,0.98,0.98,0.96,0.94,0.94,0.94,0.94,0.9],"latest":{"d":"2026-10-06","t":3.0,"q":0.9}}},{"type":"Feature","geometry":{"type":"Point","coordinates":[-121.9417,42.58156]},"properties":{"site":"11504115","name":"WOOD RIVER NEAR KLAMATH AGENCY, OR","state":"Oregon","huc":"180102030105","type":"ST","d0":"2026-09-07","t":[10.0,10.5,11.1,11.6,11.4,10.3,9.8,null,null,10.9,10.0,9.9,10.6,10.5,10.4,10.8,null,9.4,9.9,9.4,9.4,9.6,9.7,9.9,10.2,10.1,10.0,9.5,9.8,10.0],"q":[326,325,323,319,317,319,320,316,316,316,317,316,312,312,311,311,null,311,null,315,316,315,312,310,308,306,310,311,313,311],"latest":{"d":"2026-10-06","t":10.0,"q":311}}},{"type":"Feature","geometry":{"type":"Point","coordinates":[-122.05136,42.5745]},"properties":{"site":"11504260","name":"FOURMILE CANAL NEAR KLAMATH AGENCY, OR","state":"Oregon","huc":"180102030302","type":"ST-CA","d0":"2026-09-07","t":[13.3,14.0,14.8,15.9,16.6,16.2,15.3,14.4,14.6,14.9,14.5,14.2,14.7,15.1,15.2,15.5,15.2,14.6,14.7,14.0,13.6,13.4,13.5,13.5,14.1,14.5,14.4,14.3,14.2,14.5],"q":[22.7,23.3,25.9,26.6,23.1,11.9,9.09,19.0,23.9,26.8,24.1,22.6,25.2,23.8,25.1,22.6,21.9,14.9,17.8,22.1,19.7,23.1,20.6,23.1,14.8,11.9,20.4,18.3,18.6,20.1],"latest":{"d":"2026-10-06","t":14.5,"q":20.1}}},{"type":"Feature","geometry":{"type":"Point","coordinates":[-121.79417,42.22348]},"properties":{"site":"11507500","name":"LINK RIVER AT KLAMATH FALLS, OR","state":"Oregon","huc":"180102041201","type":"ST","d0":"2026-09-07","t":[14.9,16.1,17.0,18.2,18.4,18.2,16.6,15.7,16.2,16.4,16.2,16.4,17.1,17.6,17.9,18.2,18.0,17.6,16.5,15.0,14.8,14.5,15.0,15.6,16.3,17.0,17.4,17.5,17.8,18.1],"q":[960,935,966,906,864,867,924,949,951,985,1040,1050,1080,1080,1080,1080,1080,1110,1220,1260,1270,1250,1210,1210,1210,1210,1310,1350,1320,1280],"latest":{"d":"2026-10-06","t":18.1,"q":1280}}},{"type":"Feature","geometry":{"type":"Point","coordinates":[-121.96223,42.1332]},"properties":{"site":"11509500","name":"KLAMATH RIVER AT KENO, OR","state":"Oregon","huc":"180102060201","type":"ST","d0":"2026-09-07","t":[16.5,16.7,17.0,17.3,17.3,17.2,16.7,16.6,16.7,16.7,16.8,16.7,17.2,17.5,17.6,17.3,17.2,17.0,16.9,16.6,16.4,16.1,16.1,16.3,16.6,16.7,16.6,16.6,16.7,16.9],"q":[734,746,757,756,762,753,745,760,761,768,768,768,768,768,771,771,771,762,753,753,757,757,760,762,762,760,757,758,759,760],"latest":{"d":"2026-10-06","t":16.9,"q":760}}},{"type":"Feature","geometry":{"type":"Point","coordinates":[-122.07335,42.08459]},"properties":{"site":"11510700","name":"KLAMATH RIVER BLW JOHN C.BOYLE PWRPLNT, NR KENO,OR","state":"Oregon","huc":"180102060202","type":"ST","d0":"2026-09-07","t":[15.2,15.6,16.0,16.5,16.3,15.6,15.1,15.1,15.3,15.8,15.7,15.9,15.7,16.0,16.0,16.2,15.7,15.4,15.5,14.9,14.9,15.0,14.8,15.0,15.3,15.5,15.3,15.2,15.6,15.6],"q":[937,942,959,953,962,958,939,958,961,974,970,969,967,966,969,968,967,964,952,951,953,953,955,958,959,956,952,953,954,955],"latest":{"d":"2026-10-06","t":15.6,"q":955}}},{"type":"Feature","geometry":{"type":"Point","coordinates":[-122.80111,40.72472]},"properties":{"site":"11525500","name":"TRINITY R A LEWISTON CA","state":"California","huc":"180102110703","type":"ST","d0":"2026-09-07","t":[10.1,10.2,10.1,10.1,10.1,10.0,10.2,10.2,10.1,10.0,10.1,10.0,10.0,10.0,10.1,10.1,10.1,10.2,10.4,10.5,10.5,10.4,10.3,10.3,10.4,10.5,10.4,10.4,10.6,10.4],"q":[1200,1200,1200,1200,1200,1200,1200,1200,1200,1200,1200,1200,1200,1200,1200,826,457,449,449,451,451,454,451,451,452,452,453,454,454,463],"latest":{"d":"2026-10-06","t":10.4,"q":463}}},{"type":"Feature","geometry":{"type":"Point","coordinates":[-122.95667,40.64528]},"properties":{"site":"11525854","name":"TRINITY R A DOUGLAS CITY CA","state":"California","huc":"180102110707","type":"ST","d0":"2026-09-07","t":[11.5,11.6,11.6,11.7,11.6,11.5,11.3,11.4,11.4,11.3,11.2,11.4,11.4,11.4,11.6,11.7,12.1,12.4,13.1,12.4,12.0,12.0,12.3,12.4,12.4,12.7,12.6,12.2,12.3,12.6],"q":[1180,1180,1180,1170,1180,1180,1180,1180,1180,1180,1180,1180,1180,1180,1180,963,568,509,506,509,510,508,507,506,506,507,506,508,504,518],"latest":{"d":"2026-10-06","t":12.6,"q":518}}},{"type":"Feature","geometry":{"type":"Point","coordinates":[-123.11444,40.7665]},"properties":{"site":"11526400","name":"TRINITY R AB NF TRINITY R NR HELENA CA","state":"California","huc":"180102111101","type":"ST","d0":"2026-09-07","t":[13.1,13.1,13.2,13.5,13.1,13.2,12.6,12.8,12.9,12.9,12.6,12.8,12.9,12.8,13.1,13.2,13.9,14.1,14.7,14.4,13.6,13.5,13.9,14.1,14.1,14.3,14.4,13.8,13.9,14.3],"q":[1210,1200,1200,1190,1190,1190,1190,1190,1190,1190,1190,1190,1190,1190,1190,1080,667,510,498,497,497,496,494,491,490,492,489,491,492,499],"latest":{"d":"2026-10-06","t":14.3,"q":499}}},{"type":"Feature","geometry":{"type":"Point","coordinates":[-123.67363,41.04982]},"properties":{"site":"11530000","name":"TRINITY R A HOOPA CA","state":"California","huc":"180102111206","type":"ST","d0":"2026-09-07","t":[16.8,17.2,17.5,17.8,17.5,16.9,16.5,16.4,16.4,16.6,16.8,16.8,16.7,16.9,16.9,16.7,16.7,16.8,17.3,17.3,17.5,17.4,17.1,17.1,17.4,17.7,18.0,17.7,17.4,17.7],"q":[1480,1470,1450,1430,1420,1410,1410,1410,1420,1410,1410,1420,1420,1420,1410,1400,1170,831,722,709,712,712,710,708,707,704,703,700,702,700],"latest":{"d":"2026-10-06","t":17.7,"q":700}}},{"type":"Feature","geometry":{"type":"Point","coordinates":[-123.97948,41.51093]},"properties":{"site":"11530500","name":"KLAMATH R NR KLAMATH CA","state":"California","huc":"180102091103","type":"ST","d0":"2026-09-07","t":[18.5,19.0,19.5,20.0,20.0,19.3,19.0,18.8,18.8,18.8,18.7,18.9,18.8,18.8,18.8,18.4,18.7,18.5,18.8,18.8,18.4,18.5,18.4,18.6,18.7,18.7,18.6,18.4,18.4,18.5],"q":[3440,3420,3360,3310,3280,3230,3220,3240,3250,3250,3250,3290,3300,3290,3270,3240,3200,2870,2620,2580,2520,2520,2530,2520,2500,2490,2500,2490,2500,2500],"latest":{"d":"2026-10-06","t":18.5,"q":2500}}},{"type":"Feature","geometry":{"type":"Point","coordinates":[-124.18444,47.35778]},"properties":{"site":"1203951610","name":"QUINAULT RIVER NEAR TAHOLAH, WA","state":"Washington","huc":"171001020504","type":"ST","d0":"2026-09-07","t":[17.8,17.7,18.1,18.2,17.0,16.3,16.3,16.4,16.5,16.7,17.1,17.1,16.8,16.0,16.0,16.3,16.6,15.1,14.6,14.2,14.5,14.3,14.4,14.4,15.3,16.0,16.1,16.0,16.1,16.2],"q":[779,726,682,643,609,590,665,637,602,577,554,538,521,508,498,484,480,479,682,692,662,647,1610,1750,1500,1340,1200,1090,1000,929],"latest":{"d":"2026-10-06","t":16.2,"q":929}}},{"type":"Feature","geometry":{"type":"Point","coordinates":[-124.35709,47.89442]},"properties":{"site":"12042800","name":"BOGACHIEL RIVER NEAR FORKS, WA","state":"Washington","huc":"171001010503","type":"ST","d0":"2026-09-07","t":[15.2,15.9,16.6,17.0,15.7,15.4,15.4,15.3,15.3,15.6,15.7,15.2,15.7,15.4,15.3,15.5,15.4,13.3,12.9,12.4,12.3,12.4,11.9,11.6,12.0,12.9,13.4,13.3,13.4,13.6],"q":[177,143,126,114,107,102,108,102,96.5,91.8,88.2,85.3,84.0,81.9,80.2,78.6,77.9,81.1,337,288,171,161,2010,854,498,392,328,276,242,219],"latest":{"d":"2026-10-06","t":13.6,"q":219}}},{"type":"Feature","geometry":{"type":"Point","coordinates":[-124.39299,47.96008]},"properties":{"site":"12043000","name":"CALAWAH RIVER NEAR FORKS, WA","state":"Washington","huc":"171001010404","type":"ST","d0":"2026-09-07","t":[13.4,13.2,13.9,14.1,13.5,12.9,13.1,13.1,12.9,13.0,12.8,12.4,12.9,12.8,12.5,12.6,12.5,11.1,11.3,11.2,10.5,10.6,11.5,10.7,11.0,11.9,12.1,11.7,11.9,12.2],"q":[114,95.1,85.9,80.4,76.1,73.5,75.1,72.2,68.8,66.2,64.2,62.7,61.7,60.3,59.8,58.7,58.5,59.6,215,177,104,90.2,1560,655,353,281,236,203,182,167],"latest":{"d":"2026-10-06","t":12.2,"q":167}}},{"type":"Feature","geometry":{"type":"Point","coordinates":[-123.32989,47.51426]},"properties":{"site":"12056500","name":"NF SKOKOMISH R BL STAIRCASE RPDS NR HOODSPORT, WA","state":"Washington","huc":"171100170202","type":"ST","d0":"2026-09-07","t":[10.7,10.9,11.1,11.3,11.1,10.7,10.5,10.5,10.4,10.5,10.7,10.8,10.6,10.5,10.5,10.7,10.4,9.9,9.4,8.6,8.5,8.8,9.2,9.2,9.1,9.4,9.6,9.4,9.5,9.5],"q":[95.8,77.4,69.0,63.9,59.8,56.9,70.9,59.7,55.2,51.7,49.4,47.4,46.3,44.5,42.8,41.8,40.8,47.4,372,213,138,111,311,227,159,133,117,106,96.8,90.4],"latest":{"d":"2026-10-06","t":9.5,"q":90.4}}},{"type":"Feature","geometry":{"type":"Point","coordinates":[-122.20788,47.27479]},"properties":{"site":"12100490","name":"WHITE RIVER AT R STREET NEAR AUBURN, WA","state":"Washington","huc":"171100140404","type":"ST","d0":"2026-09-07","t":[14.1,14.6,15.6,16.1,14.9,14.1,null,12.9,13.5,13.9,14.8,14.5,13.7,14.1,14.3,15.3,14.0,null,12.8,11.7,11.4,11.7,13.0,13.4,13.0,13.1,13.2,13.4,13.3,13.1],"q":[444,432,437,458,484,594,818,798,698,669,671,669,655,665,669,691,652,616,725,772,632,589,588,769,738,691,669,648,635,611],"latest":{"d":"2026-10-06","t":13.1,"q":611}}},{"type":"Feature","geometry":{"type":"Point","coordinates":[-122.22817,47.23816]},"properties":{"site":"12101100","name":"LAKE TAPPS DIVERSION AT DIERINGER, WA","state":"Washington","huc":"171100140404","type":"ST-CA","d0":"2026-09-07","t":[13.5,13.6,13.8,13.8,13.9,13.8,14.0,14.2,13.9,14.3,14.4,14.5,14.5,14.8,14.8,15.0,15.0,14.9,15.0,16.1,15.5,15.8,16.4,16.4,16.1,16.5,16.4,16.3,16.5,16.5],"q":[24.4,24.9,25.1,24.9,24.8,24.5,25.7,26.0,26.3,26.7,26.7,26.5,26.0,26.6,26.3,26.4,26.4,26.1,26.5,26.1,25.2,25.0,24.7,24.8,24.7,24.2,23.8,23.3,23.3,23.2],"latest":{"d":"2026-10-06","t":16.5,"q":23.2}}},{"type":"Feature","geometry":{"type":"Point","coordinates":[-121.54897,47.34202]},"properties":{"site":"12114500","name":"CEDAR RIVER BELOW BEAR CREEK NEAR CEDAR FALLS, WA","state":"Washington","huc":"171100120103","type":"ST","d0":"2026-09-07","t":[9.6,9.5,10.0,10.4,10.4,10.0,9.7,9.6,9.5,9.3,9.4,9.5,9.8,9.5,9.8,10.1,9.6,9.7,9.5,8.4,7.9,7.8,9.1,8.8,8.7,9.0,9.4,9.7,9.3,9.5],"q":[13.9,13.7,13.3,13.0,13.0,12.8,26.3,19.6,15.2,14.2,13.7,13.3,13.0,12.9,12.6,12.6,12.2,12.2,18.1,15.7,13.5,12.8,18.9,21.2,15.0,14.0,13.4,13.0,12.6,12.6],"latest":{"d":"2026-10-06","t":9.5,"q":12.6}}},{"type":"Feature","geometry":{"type":"Point","coordinates":[-121.6251,47.37011]},"properties":{"site":"12115000","name":"CEDAR RIVER NEAR CEDAR FALLS, WA","state":"Washington","huc":"171100120103","type":"ST","d0":"2026-09-07","t":[10.1,10.3,10.5,10.5,10.5,10.2,10.0,10.5,10.3,10.4,10.4,10.3,10.4,9.9,9.2,9.6,9.6,9.6,9.2,9.0,9.2,9.1,9.1,10.0,10.2,10.2,10.1,10.0,9.4,9.1],"q":[23.9,22.6,21.8,21.4,20.8,20.8,28.0,33.3,30.2,27.1,24.9,23.0,21.7,21.2,20.8,20.5,20.4,20.4,22.5,24.3,26.1,24.5,24.8,34.8,31.7,28.5,26.2,24.2,23.0,22.0],"latest":{"d":"2026-10-06","t":9.1,"q":22.0}}},{"type":"Feature","geometry":{"type":"Point","coordinates":[-121.66314,47.35063]},"properties":{"site":"12115500","name":"REX RIVER NEAR CEDAR FALLS, WA","state":"Washington","huc":"171100120102","type":"ST","d0":"2026-09-07","t":[10.5,10.3,10.6,11.2,11.2,10.8,10.5,10.3,10.4,10.1,10.1,10.1,10.4,10.1,10.3,10.8,10.4,10.3,10.1,8.7,8.2,8.2,9.5,8.9,9.0,9.6,9.7,9.9,9.9,10.0],"q":[4.33,4.22,4.03,3.79,3.79,3.79,14.7,10.4,6.41,5.49,4.93,4.61,4.53,4.33,4.07,4.05,3.9,3.79,14.1,9.12,5.69,4.85,32.0,26.8,10.9,8.49,7.29,6.52,6.13,5.85],"latest":{"d":"2026-10-06","t":10.0,"q":5.85}}},{"type":"Feature","geometry":{"type":"Point","coordinates":[-121.7665,47.41955]},"properties":{"site":"12116100","name":"CANYON CREEK NEAR CEDAR FALLS, WA","state":"Washington","huc":"171100120104","type":"ST","d0":"2026-09-07","t":[17.4,17.4,17.5,17.6,17.5,17.5,17.4,17.4,17.4,17.5,17.5,17.4,17.4,17.4,17.4,17.4,17.2,17.2,17.0,16.9,16.9,16.9,17.0,16.8,17.0,17.0,17.0,17.0,17.0,16.9],"q":[2.55,2.47,2.26,2.24,2.08,2.03,1.93,1.81,1.66,1.5,1.44,1.35,1.23,1.16,1.09,1.03,0.97,0.91,0.87,0.87,0.87,0.82,0.77,0.71,0.68,0.62,0.6,0.55,0.53,0.48],"latest":{"d":"2026-10-06","t":16.9,"q":0.48}}},{"type":"Feature","geometry":{"type":"Point","coordinates":[-121.7815,47.41871]},"properties":{"site":"12116400","name":"CEDAR RIVER AT POWERPLANT AT CEDAR FALLS, WA","state":"Washington","huc":"171100120104","type":"ST","d0":"2026-09-07","t":[16.2,16.2,16.5,16.8,16.2,16.1,15.7,15.7,15.7,15.5,15.6,15.6,15.7,15.6,15.9,16.2,15.9,15.7,15.3,14.3,13.7,13.8,14.4,13.8,14.2,14.5,14.3,14.4,14.5,14.4],"q":[36.1,36.8,37.1,36.5,36.0,35.5,37.2,39.3,44.3,43.8,43.5,43.5,43.5,43.5,46.4,66.3,65.9,65.9,65.8,53.6,40.2,40.2,41.5,40.5,39.4,39.4,39.6,39.5,39.3,39.3],"latest":{"d":"2026-10-06","t":14.4,"q":39.3}}},{"type":"Feature","geometry":{"type":"Point","coordinates":[-121.79203,47.41702]},"properties":{"site":"12116500","name":"CEDAR RIVER AT CEDAR FALLS, WA","state":"Washington","huc":"171100120104","type":"ST","d0":"2026-09-07","t":[16.2,16.2,16.5,16.8,16.2,16.1,15.6,15.6,15.7,15.5,15.6,15.6,15.7,15.6,15.9,16.5,16.5,16.3,15.8,15.1,14.8,14.7,14.9,14.7,14.9,14.9,14.8,15.0,15.1,15.0],"q":[35.2,35.6,36.0,35.5,34.5,34.2,36.7,38.6,44.5,43.9,43.0,43.0,43.0,43.0,46.2,107,147,156,167,157,149,151,151,159,154,148,149,157,172,183],"latest":{"d":"2026-10-06","t":15.0,"q":183}}},{"type":"Feature","geometry":{"type":"Point","coordinates":[-121.8462,47.38647]},"properties":{"site":"12117000","name":"TAYLOR CREEK NEAR SELLECK, WA","state":"Washington","huc":"171100120104","type":"ST","d0":"2026-09-07","t":[9.2,9.3,9.5,9.6,9.4,9.2,9.4,9.5,9.1,9.2,9.2,9.1,9.0,9.0,9.2,9.4,9.0,8.9,9.1,8.8,8.2,8.4,9.1,8.9,8.9,9.0,8.9,8.8,8.9,8.8],"q":[18.3,18.3,18.0,17.5,17.5,17.5,28.7,21.5,18.7,17.7,17.5,17.5,17.3,16.8,16.8,16.8,16.8,16.8,24.0,20.3,17.2,16.8,19.0,22.9,17.8,16.6,16.2,16.2,16.2,16.2],"latest":{"d":"2026-10-06","t":8.8,"q":16.2}}},{"type":"Feature","geometry":{"type":"Point","coordinates":[-121.95454,47.39369]},"properties":{"site":"12117500","name":"CEDAR RIVER NEAR LANDSBURG, WA","state":"Washington","huc":"171100120105","type":"ST","d0":"2026-09-07","t":[11.4,11.5,11.7,11.8,11.6,11.4,11.1,11.2,11.3,11.3,11.4,11.3,11.2,11.2,11.3,11.9,12.5,12.5,12.4,11.9,11.5,11.7,12.1,11.8,12.0,12.1,12.1,12.0,12.2,12.2],"q":[231,229,228,227,225,224,279,249,239,234,232,228,226,225,232,271,331,341,371,361,337,339,339,353,342,330,327,330,343,355],"latest":{"d":"2026-10-06","t":12.2,"q":355}}},{"type":"Feature","geometry":{"type":"Point","coordinates":[-121.98345,47.37955]},"properties":{"site":"12117600","name":"CEDAR RIVER BELOW DIVERSION NEAR LANDSBURG, WA","state":"Washington","huc":"171100120105","type":"ST","d0":"2026-09-07","t":[11.7,11.8,12.1,12.3,12.1,11.7,11.4,11.5,11.6,11.6,11.8,11.6,11.4,11.4,11.7,12.1,12.5,12.6,12.4,11.9,11.5,11.6,12.2,11.9,12.1,12.2,12.2,12.0,12.2,12.2],"q":[90.5,91.6,92.9,92.7,92.5,92.1,135,144,141,150,149,145,145,146,145,156,228,233,239,239,236,233,232,231,226,222,223,224,223,224],"latest":{"d":"2026-10-06","t":12.2,"q":224}}},{"type":"Feature","geometry":{"type":"Point","coordinates":[-122.20345,47.4826]},"properties":{"site":"12119000","name":"CEDAR RIVER AT RENTON, WA","state":"Washington","huc":"171100120107","type":"ST","d0":"2026-09-07","t":[14.7,14.8,15.2,15.6,15.0,14.4,13.8,13.6,13.9,14.0,14.2,13.7,13.1,13.6,13.8,14.2,13.1,13.3,13.1,12.5,12.2,12.2,13.1,12.9,12.9,13.3,13.4,13.1,12.9,13.1],"q":[127,127,129,129,129,131,168,207,185,184,188,182,183,182,181,179,235,264,288,283,273,269,266,266,261,257,257,260,260,259],"latest":{"d":"2026-10-06","t":13.1,"q":259}}},{"type":"Feature","geometry":{"type":"Point","coordinates":[-121.66678,47.83733]},"properties":{"site":"12134500","name":"SKYKOMISH RIVER NEAR GOLD BAR, WA","state":"Washington","huc":"171100090603","type":"ST","d0":"2026-09-07","t":[14.8,15.2,15.9,16.1,15.9,15.4,14.6,13.8,13.5,14.3,14.9,15.2,15.0,15.2,15.4,15.4,14.4,13.9,13.5,12.6,12.3,12.3,12.4,12.1,12.1,12.6,13.0,13.2,13.3,13.3],"q":[401,388,375,363,356,352,498,802,622,530,476,441,420,403,389,376,366,361,433,952,682,558,883,1670,1040,809,685,608,554,518],"latest":{"d":"2026-10-06","t":13.3,"q":518}}},{"type":"Feature","geometry":{"type":"Point","coordinates":[-121.62678,47.94733]},"properties":{"site":"12137290","name":"SOUTH FORK SULTAN RIVER NEAR SULTAN, WA","state":"Washington","huc":"171100090502","type":"ST","d0":"2026-09-07","t":[10.8,10.9,11.2,11.7,11.6,11.4,11.0,10.7,10.6,10.4,10.5,10.5,10.8,10.5,10.6,11.1,10.5,10.4,10.3,9.3,8.7,8.7,9.4,8.8,9.2,9.7,9.5,9.6,9.5,9.7],"q":[6.34,5.99,5.67,5.46,5.2,5.2,25.1,21.6,13.2,10.2,8.51,7.4,6.86,6.3,6.0,5.76,5.56,5.51,32.9,30.3,15.1,11.5,270,98.7,37.9,25.8,20.3,16.8,14.5,13.0],"latest":{"d":"2026-10-06","t":9.7,"q":13.0}}},{"type":"Feature","geometry":{"type":"Point","coordinates":[-121.79734,47.95927]},"properties":{"site":"12137800","name":"SULTAN RIVER BELOW DIVERSION DAM NEAR SULTAN, WA","state":"Washington","huc":"171100090503","type":"ST","d0":"2026-09-07","t":[11.5,11.7,12.1,12.3,12.0,11.9,10.5,12.1,12.8,12.6,12.7,12.7,12.8,12.8,12.9,12.5,11.1,11.1,11.0,10.9,10.7,10.9,11.0,11.1,11.3,11.2,11.0,11.0,11.1,11.2],"q":[109,109,109,109,109,109,409,258,214,216,212,211,210,209,199,185,184,184,189,183,183,184,228,194,184,183,183,183,184,183],"latest":{"d":"2026-10-06","t":11.2,"q":183}}},{"type":"Feature","geometry":{"type":"Point","coordinates":[-121.8154,47.90732]},"properties":{"site":"12138160","name":"SULTAN RIVER BELOW POWERPLANT NEAR SULTAN, WA","state":"Washington","huc":"171100090503","type":"ST","d0":"2026-09-07","t":[12.5,12.5,12.9,13.0,13.0,12.8,12.4,12.7,13.2,13.1,13.2,13.2,13.2,13.4,13.5,13.1,11.6,11.6,11.5,11.4,11.2,11.4,11.5,11.6,11.8,11.9,11.7,11.7,11.7,11.8],"q":[306,306,306,306,305,305,767,755,362,344,324,320,325,324,325,315,316,317,329,321,319,394,522,541,520,426,337,337,335,332],"latest":{"d":"2026-10-06","t":11.8,"q":332}}},{"type":"Feature","geometry":{"type":"Point","coordinates":[-121.7432,47.71972]},"properties":{"site":"12147470","name":"NF TOLT RIVER ABOVE YELLOW CREEK NR CARNATION, WA","state":"Washington","huc":"171100100502","type":"ST","d0":"2026-09-07","t":[11.0,11.3,11.7,11.9,11.7,11.5,11.1,11.2,11.0,11.2,11.3,11.2,11.3,11.1,11.3,11.7,11.3,11.2,10.8,10.4,10.0,10.0,10.4,10.2,10.5,10.6,10.6,10.5,10.5,10.6],"q":[19.3,18.4,17.5,16.9,16.5,16.3,53.3,63.2,39.5,29.9,25.1,22.3,20.4,19.2,18.1,17.2,16.6,16.3,72.3,101,44.3,32.5,264,194,78.4,53.2,43.5,37.7,33.4,30.6],"latest":{"d":"2026-10-06","t":10.6,"q":30.6}}},{"type":"Feature","geometry":{"type":"Point","coordinates":[-121.60011,47.70677]},"properties":{"site":"12147600","name":"SOUTH FORK TOLT RIVER NEAR INDEX, WA","state":"Washington","huc":"171100100503","type":"ST","d0":"2026-09-07","t":[11.0,10.8,11.1,11.8,11.7,11.3,10.9,10.7,10.6,10.6,10.7,10.7,10.8,10.5,10.8,11.4,10.7,10.6,10.4,9.3,9.1,8.9,9.7,8.8,9.3,9.7,9.7,10.1,9.8,9.8],"q":[2.65,2.52,2.42,2.38,2.33,2.34,16.5,12.8,7.22,5.12,4.11,3.56,3.27,3.07,2.88,2.77,2.69,2.63,22.8,22.6,8.56,5.9,51.8,42.9,15.5,9.8,7.62,6.29,5.54,5.09],"latest":{"d":"2026-10-06","t":9.8,"q":5.09}}},{"type":"Feature","geometry":{"type":"Point","coordinates":[-121.71345,47.68927]},"properties":{"site":"12148000","name":"SOUTH FORK TOLT RIVER NEAR CARNATION, WA","state":"Washington","huc":"171100100504","type":"ST","d0":"2026-09-07","t":[11.9,11.9,12.1,12.2,11.9,12.0,11.7,11.7,11.7,10.8,9.0,9.0,9.1,9.1,9.2,9.3,9.2,9.4,9.5,9.2,9.4,9.8,10.3,10.1,10.7,11.1,11.2,11.4,11.6,11.9],"q":[62.3,60.5,59.1,59.1,59.3,59.8,63.4,60.4,59.9,59.6,59.3,59.5,59.8,59.7,59.8,59.6,59.5,59.4,65.1,61.4,60.5,60.0,63.0,61.9,59.5,57.7,57.7,57.6,57.4,57.4],"latest":{"d":"2026-10-06","t":11.9,"q":57.4}}},{"type":"Feature","geometry":{"type":"Point","coordinates":[-121.78734,47.69677]},"properties":{"site":"12148300","name":"SF TOLT RIVER BL REGULATING BASIN NR CARNATION, WA","state":"Washington","huc":"171100100504","type":"ST","d0":"2026-09-07","t":[12.3,12.3,12.6,12.8,12.6,12.4,12.2,12.3,12.1,12.0,10.5,10.3,10.2,10.1,10.3,10.5,10.2,10.5,10.4,9.8,9.6,9.9,10.8,10.4,11.1,11.5,11.4,11.5,11.7,11.9],"q":[65.8,64.3,62.8,62.7,62.9,63.3,74.6,65.9,64.3,63.8,63.5,63.5,63.6,63.5,63.4,63.1,62.9,63.0,75.2,68.8,65.2,64.2,69.4,68.5,64.8,62.7,62.3,61.9,61.8,61.4],"latest":{"d":"2026-10-06","t":11.9,"q":61.4}}},{"type":"Feature","geometry":{"type":"Point","coordinates":[-121.82401,47.69566]},"properties":{"site":"12148500","name":"TOLT RIVER NEAR CARNATION, WA","state":"Washington","huc":"171100100505","type":"ST","d0":"2026-09-07","t":[12.4,12.3,12.7,13.0,12.9,12.5,12.1,12.1,12.0,12.0,11.6,11.3,11.1,11.0,11.2,11.5,11.0,11.2,11.0,10.3,9.9,10.0,10.9,10.5,11.0,11.4,11.2,11.2,11.3,11.5],"q":[107,105,104,104,104,104,155,158,129,116,111,108,106,106,104,104,104,102,164,222,137,120,327,319,173,141,129,122,117,114],"latest":{"d":"2026-10-06","t":11.5,"q":114}}},{"type":"Feature","geometry":{"type":"Point","coordinates":[-121.07343,48.77759]},"properties":{"site":"12172000","name":"BIG BEAVER CREEK NEAR NEWHALEM, WA","state":"Washington","huc":"171100050606","type":"ST","d0":"2026-09-07","t":[9.4,9.6,9.9,10.5,10.2,9.7,9.7,9.3,9.3,9.2,9.1,9.1,9.2,9.0,9.0,8.9,8.5,8.4,8.7,8.2,7.4,7.2,8.2,8.1,8.1,8.6,8.9,8.3,8.0,8.2],"q":[112,108,113,135,117,103,99.1,96.1,94.4,92.0,92.3,93.5,93.4,89.5,89.7,92.9,85.3,80.0,118,165,108,91.5,249,258,136,153,144,123,117,110],"latest":{"d":"2026-10-06","t":8.2,"q":110}}},{"type":"Feature","geometry":{"type":"Point","coordinates":[-120.97732,48.70814]},"properties":{"site":"12173500","name":"RUBY CREEK BELOW PANTHER CREEK NEAR NEWHALEM, WA","state":"Washington","huc":"171100050505","type":"ST","d0":"2026-09-07","t":[10.4,10.5,10.5,11.2,10.4,10.3,10.4,10.3,10.3,9.6,9.5,9.7,9.9,9.8,10.0,10.0,9.5,9.2,9.6,8.6,7.4,7.5,8.7,8.2,8.5,9.4,9.3,8.8,8.9,8.7],"q":[102,97.9,97.1,104,95.4,88.9,94.0,95.4,92.0,91.3,87.2,84.7,84.1,83.5,82.5,82.4,78.2,75.9,89.4,97.6,84.9,78.3,116,129,95.4,90.7,87.8,83.5,79.3,76.8],"latest":{"d":"2026-10-06","t":8.7,"q":76.8}}},{"type":"Feature","geometry":{"type":"Point","coordinates":[-121.24623,48.67179]},"properties":{"site":"12178000","name":"SKAGIT RIVER AT NEWHALEM, WA","state":"Washington","huc":"171100050708","type":"ST","d0":"2026-09-07","t":[10.9,10.9,10.9,10.9,10.7,10.6,10.6,10.4,10.5,10.5,10.4,10.5,10.5,10.6,10.6,10.7,10.8,10.9,10.8,10.8,10.8,10.8,10.7,10.7,10.8,10.8,10.8,10.8,10.8,10.8],"q":[2260,3870,4280,4280,4280,4280,4260,4280,4270,4280,4280,4270,4270,4270,4260,4260,4260,4260,3990,3470,3320,3310,3390,3340,3340,3460,3570,3570,3490,3740],"latest":{"d":"2026-10-06","t":10.8,"q":3740}}},{"type":"Feature","geometry":{"type":"Point","coordinates":[-121.39955,48.60453]},"properties":{"site":"12179900","name":"BACON CREEK BELOW OAKES CREEK NEAR MARBLEMOUNT, WA","state":"Washington","huc":"171100050903","type":"ST","d0":"2026-09-07","t":[11.5,12.1,12.4,12.9,12.2,12.0,11.5,11.7,12.0,11.8,11.8,11.9,11.9,11.8,11.6,11.7,11.3,11.3,11.2,10.5,10.0,10.3,10.5,10.6,10.7,11.0,11.1,10.9,10.9,11.1],"q":[83.7,77.5,73.3,70.4,68.9,67.4,67.3,67.1,67.7,65.0,62.9,61.2,59.6,58.2,56.8,56.0,55.2,54.4,75.6,143,117,96.7,722,412,216,172,147,121,105,94.6],"latest":{"d":"2026-10-06","t":11.1,"q":94.6}}},{"type":"Feature","geometry":{"type":"Point","coordinates":[-121.42985,48.53373]},"properties":{"site":"12181000","name":"SKAGIT RIVER AT MARBLEMOUNT, WA","state":"Washington","huc":"171100050905","type":"ST","d0":"2026-09-07","t":[11.4,11.6,11.6,11.8,11.4,11.2,11.0,11.0,11.0,11.1,11.1,11.1,11.1,11.2,11.2,11.3,11.2,11.2,11.2,11.2,10.9,10.9,10.8,11.0,11.0,11.3,11.3,11.2,11.1,11.3],"q":[2320,3680,4410,4420,4420,4420,4400,4410,4420,4410,4410,4390,4390,4380,4370,4360,4350,4360,4250,3950,3590,3490,5140,4430,3860,3860,3890,3900,3730,3900],"latest":{"d":"2026-10-06","t":11.3,"q":3900}}},{"type":"Feature","geometry":{"type":"Point","coordinates":[-121.4154,48.52623]},"properties":{"site":"12182500","name":"CASCADE RIVER AT MARBLEMOUNT, WA","state":"Washington","huc":"171100050805","type":"ST","d0":"2026-09-07","t":[12.0,12.3,12.7,13.3,12.3,12.2,11.9,11.7,11.8,11.8,11.9,12.1,12.1,12.0,11.9,12.4,11.8,11.5,11.3,10.6,9.8,9.9,10.5,10.4,10.5,11.3,11.3,11.0,10.9,11.2],"q":[254,237,237,255,253,224,260,289,245,225,222,218,217,216,215,216,201,190,277,366,276,229,814,739,376,316,285,267,247,230],"latest":{"d":"2026-10-06","t":11.2,"q":230}}},{"type":"Feature","geometry":{"type":"Point","coordinates":[-121.47065,48.16869]},"properties":{"site":"12186000","name":"SAUK RIVER AB WHITE CHUCK RIVER NR  DARRINGTON, WA","state":"Washington","huc":"171100060106","type":"ST","d0":"2026-09-07","t":[12.9,13.6,14.0,14.4,13.7,13.4,12.5,12.4,12.4,13.0,13.1,13.2,13.3,13.2,13.1,13.3,12.3,12.4,12.1,11.3,10.5,10.6,11.0,10.8,11.0,11.6,11.9,11.6,11.5,12.1],"q":[110,104,101,99.3,98.0,93.0,193,197,156,133,121,113,107,102,99.4,98.3,93.8,90.9,107,244,181,145,312,513,280,219,188,165,148,135],"latest":{"d":"2026-10-06","t":12.1,"q":135}}},{"type":"Feature","geometry":{"type":"Point","coordinates":[-121.56846,48.42456]},"properties":{"site":"12189500","name":"SAUK RIVER NEAR SAUK, WA","state":"Washington","huc":"171100060405","type":"ST","d0":"2026-09-07","t":[13.9,14.2,15.2,15.9,14.5,14.0,13.5,13.0,13.5,13.7,14.1,14.3,14.5,14.4,14.2,14.4,13.5,12.6,12.6,12.2,11.4,11.2,11.6,11.8,11.7,12.8,13.4,13.1,12.8,13.2],"q":[872,846,864,939,940,827,1000,1240,980,886,868,849,844,841,833,851,786,747,822,1130,986,844,1080,2190,1310,1110,1030,956,901,851],"latest":{"d":"2026-10-06","t":13.2,"q":851}}},{"type":"Feature","geometry":{"type":"Point","coordinates":[-122.33544,48.44483]},"properties":{"site":"12200500","name":"SKAGIT RIVER NEAR MOUNT VERNON, WA","state":"Washington","huc":"171100070203","type":"ST","d0":"2026-09-07","t":[15.3,15.3,15.4,15.7,15.0,14.4,13.9,13.4,13.8,14.0,14.3,14.3,14.3,14.3,14.3,14.1,13.8,13.0,12.9,13.1,13.0,12.8,12.7,12.4,13.0,13.2,13.8,14.0,13.7,13.5],"q":[6360,6420,7730,8490,7680,7600,7560,7850,7780,7620,7560,7530,7520,7520,7500,7500,7470,7420,7500,7660,7480,7130,7500,10300,8840,7980,7830,7750,7600,7490],"latest":{"d":"2026-10-06","t":13.5,"q":7490}}},{"type":"Feature","geometry":{"type":"Point","coordinates":[-121.84431,48.90596]},"properties":{"site":"12205000","name":"NF NOOKSACK RIVER BL CASCADE CREEK NR GLACIER, WA","state":"Washington","huc":"171100040106","type":"ST","d0":"2026-09-07","t":[9.7,10.5,10.6,10.8,10.1,10.3,10.3,10.0,10.1,9.9,10.1,10.1,10.1,9.9,9.9,9.7,9.6,9.0,9.0,8.6,7.8,7.9,8.4,8.1,8.6,9.1,9.2,9.1,9.1,9.1],"q":[253,246,261,308,242,217,213,210,219,203,198,193,187,182,192,186,176,164,451,425,233,183,1150,522,319,477,381,304,270,242],"latest":{"d":"2026-10-06","t":9.1,"q":242}}},{"type":"Feature","geometry":{"type":"Point","coordinates":[-122.1393,48.67285]},"properties":{"site":"12209490","name":"SKOOKUM CREEK ABOVE DIVERSION NEAR WICKERSHAM, WA","state":"Washington","huc":"171100040404","type":"ST","d0":"2026-09-07","t":[11.6,12.2,12.3,13.1,12.4,12.2,12.5,12.4,12.2,11.7,11.7,11.6,11.6,11.5,11.6,11.8,11.7,10.9,11.0,9.6,8.8,9.0,10.0,9.2,9.8,10.6,10.6,10.6,10.7,10.5],"q":[16.7,15.0,13.5,12.2,12.2,12.1,11.9,12.3,12.5,12.1,11.8,11.4,11.2,11.0,10.7,10.5,10.6,11.6,48.9,130,35.3,25.2,411,115,56.5,46.7,41.2,35.2,28.9,25.4],"latest":{"d":"2026-10-06","t":10.5,"q":25.4}}},{"type":"Feature","geometry":{"type":"Point","coordinates":[-122.16652,48.67757]},"properties":{"site":"12210000","name":"SF NOOKSACK RIVER AT SAXON BRIDGE, WA","state":"Washington","huc":"171100040405","type":"ST","d0":"2026-09-07","t":[14.5,15.1,15.7,16.5,15.4,15.2,15.1,14.6,14.5,14.2,14.5,14.4,14.5,14.3,14.3,14.4,14.0,12.7,12.5,11.1,10.6,10.5,10.9,10.6,11.3,11.9,12.3,12.2,12.2,12.3],"q":[86.5,84.7,80.5,77.8,75.4,74.7,75.8,78.0,80.4,75.8,73.8,71.3,70.3,69.2,67.7,66.6,66.3,68.2,135,610,236,152,2150,794,341,253,228,193,169,154],"latest":{"d":"2026-10-06","t":12.3,"q":154}}},{"type":"Feature","geometry":{"type":"Point","coordinates":[-122.2943,48.84174]},"properties":{"site":"12210700","name":"NOOKSACK RIVER AT NORTH CEDARVILLE, WA","state":"Washington","huc":"171100040501","type":"ST","d0":"2026-09-07","t":[13.6,14.8,14.9,15.0,14.0,13.9,13.8,13.5,13.4,13.7,14.0,13.8,13.9,13.8,13.7,13.5,13.0,11.7,11.7,11.3,11.0,10.9,11.0,10.8,11.1,11.6,12.2,12.3,12.2,12.0],"q":[759,721,742,828,760,703,685,670,680,668,662,660,645,644,663,659,617,600,834,1500,936,731,4150,2660,1220,1180,1160,916,822,756],"latest":{"d":"2026-10-06","t":12.0,"q":756}}},{"type":"Feature","geometry":{"type":"Point","coordinates":[-122.33903,48.83257]},"properties":{"site":"12210900","name":"ANDERSON CREEK AT SMITH ROAD NEAR GOSHEN, WA","state":"Washington","huc":"171100040501","type":"ST","d0":"2026-09-07","t":[14.8,15.5,15.3,15.8,14.5,14.2,14.7,14.6,14.6,14.4,14.4,14.2,14.1,14.0,13.8,14.1,13.3,11.7,12.6,12.3,11.1,10.8,12.1,11.8,12.2,13.2,13.8,13.3,13.0,13.0],"q":[null,null,null,null,null,null,null,null,null,null,null,null,null,null,null,null,null,null,null,1.69,0.39,0.21,13.2,3.48,1.1,0.71,0.5,0.39,0.35,0.33],"latest":{"d":"2026-10-06","t":13.0,"q":0.33}}},{"type":"Feature","geometry":{"type":"Point","coordinates":[-122.47904,48.93868]},"properties":{"site":"12212050","name":"FISHTRAP CREEK AT FRONT STREET AT LYNDEN, WA","state":"Washington","huc":"171100040502","type":"ST","d0":"2026-09-07","t":[14.1,14.7,14.3,14.6,13.9,13.9,14.1,14.0,14.0,13.6,13.5,13.3,13.2,13.1,13.1,13.4,13.3,12.6,13.2,12.9,12.3,12.2,13.2,13.3,13.2,13.7,13.9,13.7,13.3,13.5],"q":[2.89,2.88,2.86,2.84,2.83,2.84,2.8,2.8,2.78,2.81,2.77,2.77,2.75,2.77,2.79,2.77,2.8,3.01,6.3,8.04,6.25,4.78,14.4,25.6,9.35,6.87,6.19,5.77,5.3,5.05],"latest":{"d":"2026-10-06","t":13.5,"q":5.05}}},{"type":"Feature","geometry":{"type":"Point","coordinates":[-122.5232,49.00229]},"properties":{"site":"12212390","name":"BERTRAND CREEK AT INTERNATIONAL BOUNDARY","state":"British Columbia","huc":null,"type":"ST","d0":"2026-09-07","t":[15.3,16.0,15.7,16.1,15.1,15.0,15.3,15.1,15.3,14.9,14.6,14.3,14.1,13.9,13.8,14.1,13.9,13.0,13.1,12.8,12.4,11.9,12.7,13.4,13.2,13.8,13.9,13.5,13.2,13.4],"q":[0.89,0.99,1.03,1.04,1.08,1.16,1.23,1.25,1.34,1.31,1.31,1.32,1.35,1.34,1.36,1.37,1.5,1.57,3.21,15.1,5.52,2.35,21.1,32.3,7.18,4.15,3.62,2.5,2.05,1.67],"latest":{"d":"2026-10-06","t":13.4,"q":1.67}}},{"type":"Feature","geometry":{"type":"Point","coordinates":[-122.50126,48.99813]},"properties":{"site":"12212430","name":"UNNAMED TRIB TO BERTRAND CR NR H ST NR LYNDEN, WA","state":"Washington","huc":"171100040503","type":"ST","d0":"2026-09-07","t":[15.3,16.5,15.8,16.2,14.9,14.7,15.2,15.0,15.2,14.7,14.5,14.2,14.0,13.8,13.6,14.1,13.8,12.6,12.9,12.9,12.1,11.6,12.6,13.1,12.8,13.6,13.9,13.4,13.1,13.3],"q":[0.26,null,null,0.13,0.51,0.51,0.16,0.12,0.14,0.27,0.26,0.41,0.49,0.54,0.71,0.73,0.77,0.86,3.55,2.32,0.72,0.53,6.13,2.63,0.79,0.48,0.53,0.63,0.99,0.59],"latest":{"d":"2026-10-06","t":13.3,"q":0.59}}},{"type":"Feature","geometry":{"type":"Point","coordinates":[-122.58931,48.84479]},"properties":{"site":"12213100","name":"NOOKSACK RIVER AT FERNDALE, WA","state":"Washington","huc":"171100040506","type":"ST","d0":"2026-09-07","t":[15.8,15.9,16.5,16.8,16.0,15.5,15.3,15.2,15.1,15.3,15.5,15.5,15.4,15.4,15.3,15.3,14.7,13.4,12.9,12.3,12.2,12.1,12.1,11.2,11.9,12.6,13.0,13.6,13.4,13.4],"q":[664,619,621,697,731,635,616,599,600,597,588,589,569,561,555,574,509,484,590,1640,1190,728,2900,4930,1820,1350,1530,1120,942,827],"latest":{"d":"2026-10-06","t":13.4,"q":827}}},{"type":"Feature","geometry":{"type":"Point","coordinates":[-116.04919,48.61688]},"properties":{"site":"12305000","name":"KOOTENAI RIVER AT LEONIA, ID","state":"Idaho","huc":"170101040203","type":"ST","d0":"2026-09-07","t":[15.6,15.2,14.8,14.0,13.5,13.8,13.8,13.8,14.0,14.0,14.4,14.7,15.2,15.2,15.0,14.3,13.7,13.4,13.1,12.6,12.4,12.4,12.6,13.4,13.4,13.0,13.3,13.6,13.6,13.6],"q":[7250,7400,7310,7230,7190,7160,7190,7190,7200,7210,7200,7170,7150,7140,7070,7030,6660,6620,6620,6630,6630,6620,6610,6640,5900,4890,4450,4430,4420,4420],"latest":{"d":"2026-10-06","t":13.6,"q":4420}}},{"type":"Feature","geometry":{"type":"Point","coordinates":[-116.5075,48.99639]},"properties":{"site":"12322000","name":"KOOTENAI RIVER AT PORTHILL ID","state":"Idaho","huc":"170101040711","type":"ST","d0":"2026-09-07","t":[14.5,15.0,14.8,15.1,15.2,15.6,15.5,15.2,14.7,14.3,14.3,14.0,14.2,14.6,14.9,15.1,15.3,15.6,15.4,14.9,14.4,13.6,13.1,12.7,12.5,12.4,12.3,12.6,12.8,13.1],"q":[7600,7090,7210,6710,7080,7140,6620,6510,6220,6670,6800,6430,7060,7040,6850,7110,6980,6430,6320,5900,6280,6250,5800,5960,5940,4810,4490,4610,4530,4470],"latest":{"d":"2026-10-06","t":13.1,"q":4470}}},{"type":"Feature","geometry":{"type":"Point","coordinates":[-112.52736,45.99127]},"properties":{"site":"12323233","name":"Blacktail Creek above Grove Gulch, at Butte, MT","state":"Montana","huc":"170102010204","type":"ST","d0":"2026-09-07","t":[11.9,10.8,11.2,11.8,11.8,11.8,11.8,10.3,10.4,11.0,11.2,11.8,11.8,11.9,11.6,11.3,12.1,11.8,11.7,10.1,9.0,10.2,10.1,10.7,10.7,11.0,10.7,10.5,10.4,10.1],"q":[4.65,4.36,4.25,4.19,4.11,4.1,4.19,4.02,4.09,4.01,3.97,4.12,4.96,4.14,4.08,4.02,3.85,4.0,3.82,3.94,3.93,3.95,3.98,4.0,4.69,5.21,5.49,5.69,5.39,11.9],"latest":{"d":"2026-10-06","t":10.1,"q":11.9}}},{"type":"Feature","geometry":{"type":"Point","coordinates":[-112.53876,45.99573]},"properties":{"site":"12323242","name":"Silver Bow Creek at Montana Street, at Butte, MT","state":"Montana","huc":"170102010204","type":"ST","d0":"2026-09-07","t":[12.5,11.0,11.5,12.2,12.2,12.3,12.2,10.4,10.6,11.3,11.5,12.2,12.3,12.4,12.0,11.6,12.6,12.2,12.1,10.2,8.8,10.2,10.1,10.8,10.8,11.1,10.9,10.6,10.6,10.2],"q":[7.04,5.5,5.11,4.91,4.75,4.66,5.17,4.76,5.0,5.07,4.99,5.56,9.23,5.41,5.19,5.16,4.72,5.31,4.88,5.35,5.52,5.35,5.22,4.93,5.42,5.14,5.26,5.23,5.03,6.99],"latest":{"d":"2026-10-06","t":10.2,"q":6.99}}},{"type":"Feature","geometry":{"type":"Point","coordinates":[-112.57732,45.99917]},"properties":{"site":"12323250","name":"Silver Bow Cr bl Blacktail Cr, at Butte, MT","state":"Montana","huc":"170102010204","type":"ST","d0":"2026-09-07","t":[14.6,13.6,13.9,14.7,14.7,14.7,14.4,13.2,13.0,13.8,14.1,14.6,14.0,14.3,14.3,14.2,15.0,14.5,14.6,12.8,11.6,12.5,12.4,13.5,13.0,13.2,13.1,12.9,13.2,12.7],"q":[14.9,12.3,12.1,12.5,12.3,11.8,12.6,11.6,11.9,12.3,11.8,12.8,19.3,14.2,14.2,14.3,13.9,13.4,13.4,13.8,14.6,14.0,14.1,14.9,14.3,14.5,15.4,16.3,17.3,20.6],"latest":{"d":"2026-10-06","t":12.7,"q":20.6}}},{"type":"Feature","geometry":{"type":"Point","coordinates":[-112.80528,46.10776]},"properties":{"site":"12323600","name":"Silver Bow Creek at Opportunity MT","state":"Montana","huc":"170102010209","type":"ST","d0":"2026-09-07","t":[14.1,12.7,13.0,14.5,14.1,13.9,13.7,11.8,11.3,12.6,13.6,14.4,13.4,12.7,14.1,13.8,14.7,14.7,14.1,11.5,9.0,10.4,10.4,12.0,12.2,12.7,12.4,12.1,12.4,11.7],"q":[15.8,19.1,14.3,13.3,13.0,12.9,12.2,13.0,11.6,11.1,11.7,11.9,40.2,38.4,20.1,17.2,14.2,11.8,11.3,10.7,12.9,14.6,13.7,14.9,16.0,15.1,12.5,8.73,8.77,10.1],"latest":{"d":"2026-10-06","t":11.7,"q":10.1}}},{"type":"Feature","geometry":{"type":"Point","coordinates":[-112.82806,46.1136]},"properties":{"site":"12323700","name":"Mill Creek at Opportunity, MT","state":"Montana","huc":"170102010208","type":"ST","d0":"2026-09-07","t":[11.8,10.7,10.9,12.3,12.0,11.5,11.2,10.1,9.7,10.3,11.4,12.3,11.6,10.6,11.4,11.6,12.1,12.5,12.4,9.9,7.8,9.3,9.5,10.6,10.6,11.1,10.9,10.5,11.3,10.5],"q":[5.73,3.18,2.42,2.03,1.71,1.69,1.63,1.58,1.55,1.57,1.53,1.54,11.4,10.6,6.44,5.13,4.91,4.3,3.93,4.2,5.73,5.64,6.26,6.74,6.59,5.97,5.07,5.79,7.18,6.65],"latest":{"d":"2026-10-06","t":10.5,"q":6.65}}},{"type":"Feature","geometry":{"type":"Point","coordinates":[-112.81061,46.10716]},"properties":{"site":"12323720","name":"Willow Creek at Opportunity, MT","state":"Montana","huc":"170102010207","type":"ST","d0":"2026-09-07","t":[11.7,11.1,11.9,12.6,12.0,12.2,12.0,10.7,10.9,11.6,12.0,12.4,11.8,12.0,12.5,12.1,12.8,12.8,12.4,10.3,9.0,10.7,10.3,10.9,11.1,11.7,11.5,11.2,11.5,10.8],"q":[4.63,4.31,4.24,3.84,3.97,4.47,4.63,4.78,4.87,4.81,4.79,4.81,9.03,7.32,6.36,5.87,5.51,5.33,5.09,4.68,5.1,4.99,5.18,5.03,4.85,4.88,5.1,5.28,4.64,4.25],"latest":{"d":"2026-10-06","t":10.8,"q":4.25}}},{"type":"Feature","geometry":{"type":"Point","coordinates":[-112.78056,46.1795]},"properties":{"site":"12323750","name":"Silver Bow Creek at Warm Springs MT","state":"Montana","huc":"170102010401","type":"ST","d0":"2026-09-07","t":[13.8,12.8,13.6,14.7,14.6,14.4,14.2,13.0,12.8,13.3,13.9,14.3,13.7,13.2,13.9,13.8,14.3,14.5,14.4,12.1,10.4,11.3,11.4,12.8,12.6,12.7,12.8,12.7,12.9,12.3],"q":[35.5,31.9,28.2,25.7,21.3,24.1,23.4,21.8,20.8,21.5,24.6,23.0,44.9,53.7,43.6,37.6,35.9,33.5,29.1,23.0,24.9,27.3,28.5,27.3,28.3,28.8,27.2,26.6,26.6,25.1],"latest":{"d":"2026-10-06","t":12.3,"q":25.1}}},{"type":"Feature","geometry":{"type":"Point","coordinates":[-112.78508,46.18037]},"properties":{"site":"12323770","name":"Warm Springs Creek at Warm Springs MT","state":"Montana","huc":"170102010401","type":"ST","d0":"2026-09-07","t":[11.4,10.3,10.8,12.2,12.0,11.7,11.5,10.0,9.5,10.3,11.0,11.8,11.0,10.4,10.9,10.8,11.1,11.4,11.4,9.5,7.6,9.3,9.2,10.7,10.7,10.5,10.4,10.2,10.5,9.9],"q":[61.2,56.6,53.4,51.1,48.8,40.4,36.5,36.0,46.4,46.8,47.6,47.4,79.2,81.5,67.9,63.0,62.5,59.1,57.0,56.0,55.6,55.5,54.7,53.1,52.8,52.7,48.9,47.2,45.5,44.3],"latest":{"d":"2026-10-06","t":9.9,"q":44.3}}},{"type":"Feature","geometry":{"type":"Point","coordinates":[-112.76735,46.20824]},"properties":{"site":"12323800","name":"Clark Fork near Galen MT","state":"Montana","huc":"170102010401","type":"ST","d0":"2026-09-07","t":[13.0,11.8,12.5,13.7,13.5,13.4,13.3,11.6,11.3,12.0,12.5,13.3,12.5,12.0,12.7,12.5,13.0,13.2,13.1,10.8,9.0,10.4,10.5,11.7,12.0,11.8,11.8,11.7,12.0,11.4],"q":[109,101,92.0,85.9,78.4,69.3,62.0,61.0,74.1,74.3,78.8,76.9,138,163,129,114,110,104,96.6,89.7,90.8,92.3,92.5,90.1,90.0,90.9,84.4,81.6,79.4,76.6],"latest":{"d":"2026-10-06","t":11.4,"q":76.6}}},{"type":"Feature","geometry":{"type":"Point","coordinates":[-112.77417,46.21857]},"properties":{"site":"12323850","name":"Lost Creek near Galen, MT","state":"Montana","huc":"170102010403","type":"ST","d0":"2026-09-07","t":[12.7,11.5,12.4,13.7,13.3,12.9,12.7,10.8,11.3,12.2,12.8,13.3,12.2,12.3,12.9,12.7,13.5,13.3,13.0,9.7,8.5,10.5,10.7,11.5,12.3,12.0,11.9,11.5,11.7,11.0],"q":[12.2,11.6,11.5,10.8,10.7,10.8,10.5,10.2,9.96,9.59,9.5,9.93,16.2,15.4,13.7,12.5,12.7,10.3,7.56,7.42,7.59,7.73,7.62,7.67,7.75,7.65,7.53,7.6,7.66,8.15],"latest":{"d":"2026-10-06","t":11.0,"q":8.15}}},{"type":"Feature","geometry":{"type":"Point","coordinates":[-112.74254,46.39765]},"properties":{"site":"12324200","name":"Clark Fork at Deer Lodge MT","state":"Montana","huc":"170102010707","type":"ST","d0":"2026-09-07","t":[14.1,12.7,13.5,14.7,14.8,14.3,14.4,12.4,12.0,13.3,14.1,14.5,13.6,13.3,13.9,13.9,14.5,14.7,14.0,11.5,10.0,11.1,10.9,12.1,12.9,12.8,12.6,12.4,12.2,11.7],"q":[152,143,131,124,117,113,102,98.5,107,110,109,110,149,229,191,169,161,156,145,135,134,138,145,137,135,136,129,126,124,120],"latest":{"d":"2026-10-06","t":11.7,"q":120}}},{"type":"Feature","geometry":{"type":"Point","coordinates":[-112.78969,46.51091]},"properties":{"site":"12324400","name":"Clark Fork ab Little Blackfoot R nr Garrison MT","state":"Montana","huc":"170102010708","type":"ST","d0":"2026-09-07","t":[14.4,13.2,13.6,15.0,15.4,14.8,14.5,12.6,12.4,13.6,14.4,15.3,14.1,13.9,14.3,14.3,15.0,15.2,14.8,11.8,10.1,11.5,10.9,11.7,13.0,13.0,13.0,12.8,12.4,11.7],"q":[161,156,145,140,131,128,122,119,123,129,128,130,155,221,208,187,178,174,165,157,154,157,162,159,157,156,153,151,149,146],"latest":{"d":"2026-10-06","t":11.7,"q":146}}},{"type":"Feature","geometry":{"type":"Point","coordinates":[-112.79317,46.51948]},"properties":{"site":"12324590","name":"Little Blackfoot River near Garrison MT","state":"Montana","huc":"170102010611","type":"ST","d0":"2026-09-07","t":[13.0,12.4,13.0,13.7,13.7,13.4,13.2,11.4,11.8,12.7,13.3,13.9,13.2,13.4,13.3,13.1,13.5,13.6,13.0,11.1,10.1,11.4,10.7,11.6,12.6,11.9,11.7,11.5,11.3,10.6],"q":[51.6,48.2,44.5,42.2,39.6,37.3,37.7,38.5,40.4,39.3,39.4,42.4,56.1,62.8,55.3,50.4,48.0,45.9,46.3,45.6,45.5,49.6,54.9,53.5,51.6,49.7,47.4,45.3,45.9,45.8],"latest":{"d":"2026-10-06","t":10.6,"q":45.8}}},{"type":"Feature","geometry":{"type":"Point","coordinates":[-113.68306,46.72234]},"properties":{"site":"12334510","name":"Rock Creek near Clinton MT","state":"Montana","huc":"170102021306","type":"ST","d0":"2026-09-07","t":[13.4,11.8,12.0,13.0,13.7,13.2,12.6,11.4,10.8,11.7,12.3,13.2,13.3,12.6,12.5,12.7,13.2,13.2,12.7,11.1,9.3,10.7,10.4,11.3,11.9,11.8,11.6,11.2,10.9,10.6],"q":[485,477,407,354,337,320,306,300,297,290,280,277,304,415,372,331,311,309,296,281,275,272,265,259,255,250,245,241,240,239],"latest":{"d":"2026-10-06","t":10.6,"q":239}}},{"type":"Feature","geometry":{"type":"Point","coordinates":[-113.09219,46.97949]},"properties":{"site":"12338300","name":"NF Blackfoot R ab Dry Gulch nr Ovando MT","state":"Montana","huc":"170102030706","type":"ST","d0":"2026-09-07","t":[10.3,10.3,10.5,10.9,11.3,10.5,10.7,9.5,9.6,10.4,10.6,10.8,10.3,10.4,10.5,10.4,10.6,10.6,10.4,9.4,8.8,9.8,8.8,null,null,null,null,null,null,null],"q":[245,245,230,223,221,219,214,211,210,208,204,201,199,199,197,195,193,190,188,186,187,186,184,184,182,180,178,177,175,173],"latest":{"d":"2026-09-29","t":8.8,"q":184}}},{"type":"Feature","geometry":{"type":"Point","coordinates":[-113.75632,46.89941]},"properties":{"site":"12340000","name":"Blackfoot River near Bonner MT","state":"Montana","huc":"170102031308","type":"ST","d0":"2026-09-07","t":[14.7,13.5,13.4,14.0,15.2,14.6,13.7,13.0,11.7,12.5,12.9,13.6,14.2,14.0,13.6,13.6,13.8,13.8,13.6,12.3,10.2,10.6,10.7,11.7,11.6,11.4,11.4,11.3,11.0,10.7],"q":[817,888,852,792,761,743,731,712,710,709,692,678,668,659,647,637,623,615,609,600,593,594,590,591,592,594,591,588,586,581],"latest":{"d":"2026-10-06","t":10.7,"q":581}}},{"type":"Feature","geometry":{"type":"Point","coordinates":[-113.93212,46.87676]},"properties":{"site":"12340500","name":"Clark Fork above Missoula MT","state":"Montana","huc":"170102040104","type":"ST","d0":"2026-09-07","t":[14.6,13.8,13.8,14.4,15.4,14.8,14.2,12.9,12.1,13.1,13.7,14.4,14.7,14.4,14.2,14.3,14.7,14.8,14.3,12.6,10.6,11.4,11.3,12.3,12.5,12.6,12.6,12.4,12.1,11.7],"q":[1810,1920,1790,1640,1570,1520,1490,1460,1450,1470,1450,1430,1460,1610,1650,1570,1490,1460,1440,1390,1360,1360,1350,1360,1360,1370,1350,1340,1330,1320],"latest":{"d":"2026-10-06","t":11.7,"q":1320}}},{"type":"Feature","geometry":{"type":"Point","coordinates":[-114.14123,45.97205]},"properties":{"site":"12344000","name":"Bitterroot River near Darby MT","state":"Montana","huc":"170102050806","type":"ST","d0":"2026-09-07","t":[13.8,13.1,13.8,14.6,14.5,14.2,13.8,12.7,12.6,13.3,14.2,14.4,13.4,13.3,13.3,13.4,13.8,13.8,13.5,11.8,10.6,11.8,11.5,null,null,null,null,null,null,null],"q":[638,617,552,520,500,490,482,478,478,470,463,467,614,596,506,472,482,414,384,370,360,316,308,300,295,297,236,223,218,213],"latest":{"d":"2026-09-29","t":11.5,"q":308}}},{"type":"Feature","geometry":{"type":"Point","coordinates":[-114.05486,46.83174]},"properties":{"site":"12352500","name":"Bitterroot River near Missoula MT","state":"Montana","huc":"170102051603","type":"ST","d0":"2026-09-07","t":[15.7,14.5,15.1,16.2,17.2,16.5,15.8,14.2,13.3,14.4,15.2,15.9,16.0,15.7,16.0,15.9,16.3,16.5,15.9,13.8,12.0,12.8,13.1,null,null,null,null,null,null,null],"q":[1250,1390,1380,1260,1180,1130,1100,1080,1040,1020,991,961,989,1110,1170,1090,1060,1050,1010,969,946,933,907,877,876,885,897,872,838,815],"latest":{"d":"2026-09-29","t":13.1,"q":907}}},{"type":"Feature","geometry":{"type":"Point","coordinates":[-114.12676,48.4958]},"properties":{"site":"12355500","name":"N F Flathead River nr Columbia Falls MT","state":"Montana","huc":"170102060607","type":"ST","d0":"2026-09-07","t":[12.7,11.6,12.8,13.2,13.4,13.0,11.9,10.5,10.9,11.7,12.3,12.8,12.9,13.1,13.1,12.7,12.5,12.0,11.8,10.5,9.0,8.6,8.9,10.2,9.9,9.8,10.1,10.3,10.7,10.4],"q":[984,1570,1670,1520,1440,1350,1280,1310,1330,1310,1270,1230,1180,1140,1110,1080,1040,1010,981,953,931,915,895,911,899,888,873,860,845,826],"latest":{"d":"2026-10-06","t":10.4,"q":826}}},{"type":"Feature","geometry":{"type":"Point","coordinates":[-113.56068,47.9791]},"properties":{"site":"12359800","name":"S F Flathead R ab Twin C nr Hungry Horse MT","state":"Montana","huc":"170102090509","type":"ST","d0":"2026-09-07","t":[12.4,10.9,11.7,12.4,13.0,12.2,11.8,10.8,10.3,11.2,11.9,12.8,13.4,12.9,12.4,12.2,12.0,11.9,12.3,10.9,9.5,9.1,9.3,null,null,null,null,null,null,null],"q":[1010,1350,1130,967,965,1070,975,904,864,818,770,734,699,671,640,614,592,572,555,539,526,516,503,500,492,482,474,464,456,445],"latest":{"d":"2026-09-29","t":9.3,"q":503}}},{"type":"Feature","geometry":{"type":"Point","coordinates":[-114.03786,48.35658]},"properties":{"site":"12362500","name":"S F Flathead River nr Columbia Falls MT","state":"Montana","huc":"170102090707","type":"ST","d0":"2026-09-07","t":[15.5,14.5,14.6,13.8,12.9,13.7,13.6,12.8,13.4,12.4,12.8,12.2,12.3,12.8,13.1,13.0,12.4,11.9,11.5,11.6,11.5,11.1,11.6,11.4,11.0,11.6,11.5,9.2,10.3,11.6],"q":[3020,3020,2990,2990,3000,3000,3020,3020,2980,2980,3020,3020,3020,2990,3000,3000,2980,3000,2990,3010,2990,3010,3000,2990,3000,3020,3010,2990,2760,2290],"latest":{"d":"2026-10-06","t":11.6,"q":2290}}},{"type":"Feature","geometry":{"type":"Point","coordinates":[-114.18495,48.36181]},"properties":{"site":"12363000","name":"Flathead River at Columbia Falls MT","state":"Montana","huc":"170102080203","type":"ST","d0":"2026-09-07","t":[14.2,13.3,13.6,13.3,13.2,13.5,12.8,12.0,12.1,12.5,12.7,12.9,12.8,13.2,13.3,13.3,12.9,12.4,11.9,11.2,10.9,10.5,10.7,11.2,10.9,10.9,11.3,10.4,10.3,11.4],"q":[4830,6190,6710,6250,6050,5900,5740,5690,5750,5730,5670,5560,5430,5290,5200,5130,5040,4970,4920,4910,4800,4780,4720,4790,4860,4810,4750,4670,4470,3950],"latest":{"d":"2026-10-06","t":11.4,"q":3950}}},{"type":"Feature","geometry":{"type":"Point","coordinates":[-114.24673,47.68029]},"properties":{"site":"12372000","name":"Flathead River near Polson MT","state":"Montana","huc":"170102120301","type":"ST","d0":"2026-09-07","t":[19.1,18.6,18.2,17.9,17.8,17.7,17.5,17.2,16.8,16.5,16.4,16.5,16.7,16.9,17.0,17.2,17.4,17.5,17.5,17.3,16.7,16.2,15.9,15.6,15.5,15.3,15.3,15.3,15.3,15.4],"q":[4850,4830,5220,5590,5590,5590,5590,5660,6440,7070,7120,7100,7110,7130,7150,7120,7130,7170,7170,7150,7140,7140,7140,7140,7140,7150,7150,7150,7160,7170],"latest":{"d":"2026-10-06","t":15.4,"q":7170}}},{"type":"Feature","geometry":{"type":"Point","coordinates":[-114.585,47.36679]},"properties":{"site":"12388700","name":"Flathead River at Perma MT","state":"Montana","huc":"170102120809","type":"ST","d0":"2026-09-07","t":[17.9,17.0,17.4,18.5,18.7,17.9,16.9,15.8,15.7,null,16.9,17.2,17.9,18.1,17.8,17.8,17.9,17.9,17.3,15.9,15.4,15.7,15.5,15.8,15.6,15.7,15.8,15.6,15.7,15.6],"q":[5600,5750,5580,6020,6210,6150,6140,6170,6350,7120,7600,7600,7600,7560,7570,7540,7540,7510,7570,7510,7480,7490,7460,7500,7470,7480,7480,7460,7470,7490],"latest":{"d":"2026-10-06","t":15.6,"q":7490}}},{"type":"Feature","geometry":{"type":"Point","coordinates":[-117.35358,48.99881]},"properties":{"site":"12398600","name":"PEND OREILLE RIVER AT INTERNATIONAL BOUNDARY","state":"Washington","huc":"170102160905","type":"ST","d0":"2026-09-07","t":[20.1,19.7,19.4,19.2,19.0,18.8,18.6,18.7,18.7,18.5,18.3,18.1,17.9,17.8,17.6,17.4,17.6,17.9,17.9,17.7,17.2,16.7,16.3,15.9,15.7,15.8,15.8,15.7,15.7,15.7],"q":[7470,10200,14100,10900,13800,17800,6940,14000,14200,7560,11500,5780,9970,11600,15300,13500,19000,23900,16000,22800,22500,23500,15600,18800,null,null,null,null,null,null],"latest":{"d":"2026-10-06","t":15.7,"q":null}}},{"type":"Feature","geometry":{"type":"Point","coordinates":[-118.6914,48.08432]},"properties":{"site":"12434590","name":"SANPOIL RIVER ABOVE JACK CREEK AT KELLER, WA","state":"Washington","huc":"170200040403","type":"ST","d0":"2026-09-07","t":[16.3,17.5,17.4,17.7,16.6,15.9,15.4,15.3,15.4,15.4,15.3,15.2,15.6,15.9,16.0,15.9,14.4,13.6,13.3,12.0,11.6,11.1,11.7,12.9,12.7,13.1,13.5,13.6,13.0,12.5],"q":[15.9,16.0,15.3,14.5,14.0,13.4,14.5,15.4,16.5,17.1,16.8,16.2,15.5,15.4,15.0,14.5,14.0,13.5,14.1,15.0,15.1,15.4,15.9,16.5,16.1,16.0,16.0,16.0,16.1,16.3],"latest":{"d":"2026-10-06","t":12.5,"q":16.3}}},{"type":"Feature","geometry":{"type":"Point","coordinates":[-119.42034,48.93072]},"properties":{"site":"12439500","name":"OKANOGAN RIVER AT OROVILLE, WA","state":"Washington","huc":"170200061506","type":"ST","d0":"2026-09-07","t":[20.5,20.3,20.7,20.6,19.9,20.1,19.6,19.0,19.2,19.1,19.5,19.9,20.2,20.2,19.8,19.2,19.1,18.9,18.6,18.1,18.1,17.9,17.9,17.6,17.5,17.0,17.3,17.6,17.7,17.5],"q":[303,303,303,303,299,297,297,297,304,308,308,306,303,303,303,303,297,297,297,297,297,297,294,292,292,266,234,230,230,230],"latest":{"d":"2026-10-06","t":17.5,"q":230}}},{"type":"Feature","geometry":{"type":"Point","coordinates":[-119.61841,48.9846]},"properties":{"site":"12442500","name":"SIMILKAMEEN RIVER NEAR NIGHTHAWK, WA","state":"Washington","huc":"170200072009","type":"ST","d0":"2026-09-07","t":[17.0,16.6,17.3,18.1,18.0,17.6,16.8,15.5,15.8,15.9,16.5,16.7,17.0,17.2,17.4,17.5,16.9,16.0,15.4,14.8,14.1,13.7,13.8,13.7,13.5,13.2,13.3,13.9,14.1,14.0],"q":[279,278,274,261,246,233,233,237,244,257,267,267,260,248,239,230,221,215,219,232,250,261,265,264,260,288,296,287,297,292],"latest":{"d":"2026-10-06","t":14.0,"q":292}}},{"type":"Feature","geometry":{"type":"Point","coordinates":[-119.7045,48.28126]},"properties":{"site":"12447200","name":"OKANOGAN RIVER AT MALOTT, WA","state":"Washington","huc":"170200062205","type":"ST","d0":"2026-09-07","t":[18.4,19.0,19.6,20.1,19.3,18.6,18.0,17.3,17.6,17.6,17.8,18.1,18.4,19.0,19.1,19.2,18.3,17.5,17.4,16.2,15.6,15.2,15.5,15.2,15.3,15.4,15.9,16.2,15.9,15.6],"q":[592,584,574,556,528,519,535,538,563,578,594,590,599,585,557,528,485,472,491,511,549,558,586,617,614,614,621,625,599,576],"latest":{"d":"2026-10-06","t":15.6,"q":576}}},{"type":"Feature","geometry":{"type":"Point","coordinates":[-120.1459,48.82287]},"properties":{"site":"12447390","name":"ANDREWS CREEK NEAR MAZAMA, WA","state":"Washington","huc":"170200080304","type":"ST","d0":"2026-09-07","t":[8.9,9.2,9.8,10.4,9.4,9.4,8.9,9.0,9.2,9.1,9.1,9.3,9.5,9.6,9.7,9.2,8.5,8.6,8.6,7.5,6.8,7.1,8.0,7.2,7.7,8.1,8.2,8.3,7.8,8.0],"q":[3.59,3.38,3.04,2.8,2.68,2.61,2.83,3.24,4.1,4.42,3.39,2.99,2.81,2.72,2.63,2.55,2.55,2.58,4.04,5.06,3.79,3.37,3.3,3.44,3.23,3.1,3.05,2.99,2.92,2.86],"latest":{"d":"2026-10-06","t":8.0,"q":2.86}}},{"type":"Feature","geometry":{"type":"Point","coordinates":[-120.42449,47.49926]},"properties":{"site":"12462500","name":"WENATCHEE RIVER AT MONITOR, WA","state":"Washington","huc":"170200110708","type":"ST","d0":"2026-09-07","t":[null,null,null,null,null,null,null,15.1,15.1,15.6,15.8,16.3,16.7,16.9,17.1,16.9,15.7,15.1,15.2,13.5,12.9,12.8,14.1,14.2,13.8,14.1,14.4,14.4,14.3,14.0],"q":[341,325,301,288,280,273,413,550,499,426,387,362,342,326,312,302,291,278,290,368,428,406,384,395,426,414,393,378,368,366],"latest":{"d":"2026-10-06","t":14.0,"q":366}}},{"type":"Feature","geometry":{"type":"Point","coordinates":[-110.6675,44.09889]},"properties":{"site":"13010065","name":"SNAKE RIVER AB JACKSON LAKE AT FLAGG RANCH WY","state":"Wyoming","huc":"170401010402","type":"ST","d0":"2026-09-07","t":[15.9,13.5,13.6,13.7,15.1,14.1,14.8,13.7,12.6,13.9,13.7,13.1,13.7,13.3,13.5,13.0,13.6,13.5,13.6,13.3,13.1,13.8,12.7,12.8,13.2,12.9,12.7,12.3,12.5,12.8],"q":[239,null,null,217,214,212,null,209,207,204,215,318,296,271,257,246,247,242,237,232,229,236,null,232,228,225,223,221,218,216],"latest":{"d":"2026-10-06","t":12.8,"q":216}}},{"type":"Feature","geometry":{"type":"Point","coordinates":[-110.58662,43.85852]},"properties":{"site":"13011000","name":"SNAKE RIVER NEAR MORAN, WY","state":"Wyoming","huc":"170401010409","type":"ST","d0":"2026-09-07","t":[14.6,14.2,14.2,14.4,14.7,14.7,14.8,14.7,14.6,14.5,14.3,14.0,13.9,13.9,14.0,13.8,13.8,14.0,14.2,14.3,14.2,14.0,14.0,14.0,14.0,14.0,13.9,14.0,14.1,14.0],"q":[5050,5090,4900,4660,4440,3720,3090,3040,3010,2940,2740,2250,2090,2050,2010,1960,1790,1540,1260,1140,1130,987,783,617,475,340,287,287,284,274],"latest":{"d":"2026-10-06","t":14.0,"q":274}}},{"type":"Feature","geometry":{"type":"Point","coordinates":[-110.51639,43.85111]},"properties":{"site":"13011500","name":"Pacific Creek at Moran, WY","state":"Wyoming","huc":"170401010304","type":"ST","d0":"2026-09-07","t":[14.4,12.7,12.7,12.6,13.7,13.1,13.6,12.9,11.9,12.7,12.0,11.0,11.8,11.4,11.4,10.6,11.6,11.6,11.8,11.7,11.5,11.5,11.0,11.2,11.4,11.1,11.0,10.9,11.0,11.0],"q":[47.6,47.5,46.4,45.6,44.7,44.4,43.1,43.7,44.8,44.1,51.5,77.7,71.6,65.1,58.5,54.7,53.0,51.3,49.1,47.4,46.9,48.8,48.7,46.8,45.8,45.1,44.6,44.2,43.8,43.4],"latest":{"d":"2026-10-06","t":11.0,"q":43.4}}},{"type":"Feature","geometry":{"type":"Point","coordinates":[-110.44083,43.83806]},"properties":{"site":"13011900","name":"BUFFALO FORK AB LAVA CREEK, NR MORAN, WY","state":"Wyoming","huc":"170401010510","type":"ST","d0":"2026-09-07","t":[13.9,11.7,11.0,11.0,12.4,12.2,12.4,12.0,10.4,10.8,10.5,9.7,10.0,9.9,10.1,9.4,9.7,10.1,10.7,10.4,10.5,10.5,10.0,10.0,10.2,10.0,9.7,9.6,9.6,9.9],"q":[216,210,201,197,197,195,190,192,189,185,191,249,300,241,213,198,196,190,184,180,177,183,189,178,174,172,168,166,164,162],"latest":{"d":"2026-10-06","t":9.9,"q":162}}},{"type":"Feature","geometry":{"type":"Point","coordinates":[-110.71547,43.65406]},"properties":{"site":"13013650","name":"SNAKE RIVER AT MOOSE, WY","state":"Wyoming","huc":"170401010610","type":"ST","d0":"2026-09-07","t":[14.7,13.7,13.6,13.7,14.5,14.2,14.3,13.8,13.4,13.9,13.4,13.0,13.2,12.8,13.1,12.4,13.2,13.1,13.1,13.1,13.0,12.7,12.2,null,null,null,null,null,null,null],"q":[5300,5330,5230,5010,4830,4440,3620,3540,3500,3440,3440,3120,2920,2790,2700,2630,2540,2290,2050,1830,1800,1770,1590,1400,1250,1120,1020,998,990,981],"latest":{"d":"2026-09-29","t":12.2,"q":1590}}},{"type":"Feature","geometry":{"type":"Point","coordinates":[-110.62306,43.62089]},"properties":{"site":"13014500","name":"GROS VENTRE RIVER AT KELLY, WY","state":"Wyoming","huc":"170401020305","type":"ST","d0":"2026-09-07","t":[14.5,13.8,13.7,13.5,14.1,13.8,14.1,13.2,13.0,13.5,13.3,13.2,13.1,12.9,12.8,12.3,13.0,12.7,12.7,12.6,12.6,12.4,12.3,12.3,12.2,12.1,12.0,12.0,12.0,12.0],"q":[235,236,233,225,220,215,210,206,203,201,205,227,264,284,275,260,251,247,242,236,230,230,235,236,230,222,217,211,205,202],"latest":{"d":"2026-10-06","t":12.0,"q":202}}},{"type":"Feature","geometry":{"type":"Point","coordinates":[-110.8716,43.50076]},"properties":{"site":"13016450","name":"FISH CREEK AT WILSON, WY","state":"Wyoming","huc":"170401030502","type":"ST","d0":"2026-09-07","t":[13.5,12.5,12.6,12.6,13.7,13.1,13.5,13.0,12.6,13.3,13.0,12.7,13.2,12.4,12.7,12.1,12.8,12.8,12.7,12.7,12.6,12.2,11.8,12.0,12.0,11.7,11.7,11.6,11.7,11.7],"q":[205,200,200,200,192,184,187,271,325,354,383,384,342,323,306,290,280,259,238,216,208,205,192,181,172,162,153,147,142,138],"latest":{"d":"2026-10-06","t":11.7,"q":138}}},{"type":"Feature","geometry":{"type":"Point","coordinates":[-110.70412,43.45213]},"properties":{"site":"13018300","name":"CACHE CREEK NEAR JACKSON, WY","state":"Wyoming","huc":"170401030103","type":"ST","d0":"2026-09-07","t":[8.0,6.4,6.2,6.6,8.1,7.5,7.9,6.7,5.5,7.0,7.6,7.5,7.2,6.7,6.0,6.3,6.9,6.2,6.3,6.8,6.9,7.2,6.1,5.6,5.6,5.9,5.7,5.3,5.9,6.0],"q":[7.29,6.55,6.46,6.48,6.92,6.68,6.84,6.53,6.17,6.53,7.58,8.32,7.35,6.97,6.61,6.7,6.84,6.53,6.53,6.5,6.48,6.74,6.31,6.09,6.02,6.05,5.97,5.83,5.97,5.96],"latest":{"d":"2026-10-06","t":6.0,"q":5.96}}},{"type":"Feature","geometry":{"type":"Point","coordinates":[-110.79703,43.45836]},"properties":{"site":"13018350","name":"FLAT CREEK BELOW CACHE CREEK, NEAR JACKSON, WY","state":"Wyoming","huc":"170401030105","type":"ST","d0":"2026-09-07","t":[14.4,12.7,12.2,12.0,13.8,13.6,13.9,12.9,11.4,12.2,12.1,11.2,11.6,11.5,11.2,10.5,11.2,11.6,11.8,11.9,11.8,11.6,10.9,11.0,11.0,10.9,10.7,10.5,10.6,10.8],"q":[45.3,39.3,37.7,37.5,43.5,42.7,43.4,40.1,35.5,38.0,46.6,48.9,47.6,45.5,43.0,40.5,44.7,46.4,46.8,46.2,44.1,43.9,41.1,40.8,60.0,84.3,83.7,82.6,83.0,83.6],"latest":{"d":"2026-10-06","t":10.8,"q":83.6}}},{"type":"Feature","geometry":{"type":"Point","coordinates":[-110.73861,43.37222]},"properties":{"site":"13018750","name":"SNAKE RIVER BELOW FLAT CREEK, NEAR JACKSON, WY","state":"Wyoming","huc":"170401030507","type":"ST","d0":"2026-09-07","t":[15.1,14.1,14.0,13.9,14.9,14.6,14.9,14.0,13.3,14.0,13.5,13.1,13.4,13.0,13.1,12.6,13.1,13.5,13.5,13.5,13.3,13.0,12.5,12.7,12.8,12.5,12.4,12.2,12.3,12.4],"q":[6060,6070,5990,5780,5560,5270,4360,4000,3940,3930,4060,3970,3590,3440,3290,3180,3110,2880,2650,2390,2300,2290,2130,1940,1780,1660,1520,1440,1410,1380],"latest":{"d":"2026-10-06","t":12.4,"q":1380}}},{"type":"Feature","geometry":{"type":"Point","coordinates":[-110.68019,43.30528]},"properties":{"site":"13019500","name":"HOBACK RIVER NEAR JACKSON, WY","state":"Wyoming","huc":"170401030307","type":"ST","d0":"2026-09-07","t":[13.1,11.0,10.7,10.6,12.5,11.7,12.2,11.3,9.9,11.0,10.9,10.7,10.8,10.3,10.2,10.0,10.7,10.7,10.5,10.5,10.5,10.3,10.0,10.0,9.8,9.5,9.4,9.1,9.2,9.6],"q":[248,240,233,227,225,218,213,214,211,209,222,265,303,275,255,245,252,242,233,225,221,226,220,215,209,207,204,202,200,195],"latest":{"d":"2026-10-06","t":9.6,"q":195}}},{"type":"Feature","geometry":{"type":"Point","coordinates":[-110.88944,43.19611]},"properties":{"site":"13022500","name":"SNAKE RIVER ABOVE RESERVOIR, NEAR ALPINE, WY","state":"Wyoming","huc":"170401030509","type":"ST","d0":"2026-09-07","t":[15.1,13.7,13.5,13.5,14.6,14.2,14.6,13.8,12.7,13.4,13.4,12.7,12.8,12.7,12.3,12.3,12.3,12.8,12.8,12.9,12.5,12.3,11.9,11.8,11.8,11.6,11.4,11.1,11.2,11.4],"q":[6520,6530,6480,6260,6040,5790,4920,4390,4330,4320,4460,4560,4160,3940,3780,3640,3570,3350,3090,2800,2660,2650,2520,2300,2110,1980,1830,1720,1680,1650],"latest":{"d":"2026-10-06","t":11.4,"q":1650}}},{"type":"Feature","geometry":{"type":"Point","coordinates":[-114.49472,42.5625]},"properties":{"site":"13092747","name":"ROCK CREEK AB HWY 30/93 XING AT TWIN FALLS ID","state":"Idaho","huc":"170402120608","type":"ST","d0":"2026-09-07","t":[15.4,14.9,15.1,15.3,16.2,15.8,15.6,14.7,14.2,14.7,16.1,15.4,14.7,14.8,15.2,15.1,15.1,15.3,15.2,14.4,14.4,14.6,14.2,14.4,14.7,14.6,14.7,14.5,14.9,15.0],"q":[115,107,109,116,114,120,131,134,125,125,124,121,121,136,131,130,126,124,129,129,126,124,116,112,104,97.5,96.9,98.0,104,101],"latest":{"d":"2026-10-06","t":15.0,"q":101}}},{"type":"Feature","geometry":{"type":"Point","coordinates":[-114.10835,43.32336]},"properties":{"site":"13150430","name":"SILVER CREEK AT SPORTSMAN ACCESS NR PICABO ID","state":"Idaho","huc":"170402210503","type":"ST","d0":"2026-09-07","t":[14.7,13.6,13.5,13.6,14.2,14.1,14.2,12.9,13.1,13.6,15.6,15.3,14.0,14.1,14.7,14.1,14.0,14.7,14.5,13.1,12.5,12.8,12.7,12.9,13.2,13.2,12.8,12.9,13.3,13.3],"q":[91.7,90.3,90.4,91.7,92.2,91.4,91.3,88.5,80.7,80.3,78.2,78.6,78.2,76.8,76.7,78.0,79.6,78.1,78.1,77.5,76.9,78.2,77.9,78.5,78.3,78.7,77.2,74.9,75.1,75.6],"latest":{"d":"2026-10-06","t":13.3,"q":75.6}}},{"type":"Feature","geometry":{"type":"Point","coordinates":[-115.2025,43.00222]},"properties":{"site":"13154500","name":"SNAKE RIVER AT KING HILL ID","state":"Idaho","huc":"170501010306","type":"ST","d0":"2026-09-07","t":[16.9,17.0,17.0,16.9,17.2,17.4,17.1,16.8,16.5,16.4,16.8,16.7,17.0,17.0,16.9,16.8,17.1,17.1,16.9,16.6,16.2,null,null,null,15.9,16.0,16.2,16.2,null,null],"q":[6950,6950,6830,6710,6780,6850,6920,7050,7100,7070,7070,7170,7090,7320,7350,7290,7130,7160,7110,7170,7290,null,null,null,7070,7030,6930,6950,null,null],"latest":{"d":"2026-10-04","t":16.2,"q":6950}}},{"type":"Feature","geometry":{"type":"Point","coordinates":[-116.86844,42.26137]},"properties":{"site":"13176400","name":"EF OWYHEE RIVER AT CRUTCHER CROSSING, ID","state":"Idaho","huc":"170501041705","type":"ST","d0":"2026-09-07","t":[16.6,17.0,17.3,16.7,17.5,17.5,17.2,16.5,16.2,16.2,16.2,15.6,15.9,16.3,16.4,16.7,16.6,16.5,15.9,14.9,14.8,14.8,14.2,14.3,14.5,14.4,14.4,14.8,15.1,15.2],"q":[14.7,15.1,15.1,14.7,15.0,15.0,14.5,13.9,13.9,13.8,14.7,15.6,16.9,16.5,16.1,16.5,16.6,16.0,15.4,15.3,15.5,15.6,15.5,15.6,15.9,16.3,16.8,16.9,16.6,16.6],"latest":{"d":"2026-10-06","t":15.2,"q":16.6}}},{"type":"Feature","geometry":{"type":"Point","coordinates":[-115.4775,43.34361]},"properties":{"site":"13190500","name":"SF BOISE RIVER AT ANDERSON RANCH DAM ID","state":"Idaho","huc":"170501130901","type":"ST","d0":"2026-09-07","t":[10.9,10.8,11.0,10.8,11.0,11.0,11.0,11.0,10.8,10.9,11.0,10.8,10.9,11.0,11.0,10.9,11.0,11.1,10.9,10.8,10.9,11.0,10.9,11.0,11.1,11.0,11.1,11.0,11.1,11.1],"q":[605,604,601,595,592,592,595,586,335,301,300,297,296,300,300,302,301,304,306,309,309,309,309,305,302,305,306,307,294,299],"latest":{"d":"2026-10-06","t":11.1,"q":299}}},{"type":"Feature","geometry":{"type":"Point","coordinates":[-116.70113,43.67735]},"properties":{"site":"13211205","name":"BOISE RIVER AT CALDWELL, ID","state":"Idaho","huc":"170501140410","type":"ST","d0":"2026-09-07","t":[17.6,17.7,18.0,18.3,18.9,18.8,18.5,17.4,17.0,17.4,18.2,18.1,18.3,18.5,18.7,18.8,18.8,18.8,18.1,16.2,15.6,16.0,16.2,16.7,17.2,17.1,17.1,17.1,17.2,17.0],"q":[701,698,645,607,594,582,573,575,581,582,567,575,580,584,595,585,575,570,596,596,680,856,728,596,581,561,564,538,548,510],"latest":{"d":"2026-10-06","t":17.0,"q":510}}},{"type":"Feature","geometry":{"type":"Point","coordinates":[-116.97278,43.78167]},"properties":{"site":"13213000","name":"BOISE RIVER NR PARMA ID","state":"Idaho","huc":"170501140803","type":"ST","d0":"2026-09-07","t":[17.6,17.9,18.3,18.5,19.0,18.9,18.5,17.6,17.2,17.6,18.3,18.1,18.7,18.8,18.8,19.0,19.0,19.0,18.2,16.3,15.4,15.6,16.2,16.7,17.4,17.2,17.2,17.2,17.3,17.0],"q":[860,848,790,734,723,693,705,697,701,693,700,695,708,722,721,714,708,693,697,696,756,868,838,636,602,596,592,569,537,511],"latest":{"d":"2026-10-06","t":17.0,"q":511}}},{"type":"Feature","geometry":{"type":"Point","coordinates":[-116.98083,44.24556]},"properties":{"site":"13269000","name":"SNAKE RIVER AT WEISER ID","state":"Idaho","huc":"170502010106","type":"ST","d0":"2026-09-07","t":[17.6,18.2,18.9,19.3,20.1,19.8,19.3,18.7,18.3,18.6,19.4,19.0,18.3,19.0,19.3,19.4,19.5,19.4,19.2,17.8,16.5,16.3,16.5,16.9,17.4,17.4,17.4,17.6,17.8,17.8],"q":[9150,9330,9360,9240,9070,8450,8480,8800,8840,9170,9260,9240,9270,9230,9390,9600,9670,9670,9760,9740,9720,9890,10100,9610,9250,9360,9230,9030,9000,8840],"latest":{"d":"2026-10-06","t":17.8,"q":8840}}},{"type":"Feature","geometry":{"type":"Point","coordinates":[-114.73389,44.27889]},"properties":{"site":"13296000","name":"YANKEE FORK SALMON RIVER NR CLAYTON ID","state":"Idaho","huc":"170602010505","type":"ST","d0":"2026-09-07","t":[11.2,10.2,10.5,10.6,10.9,10.3,10.7,9.8,9.4,10.1,10.5,9.7,9.7,10.1,10.3,10.3,11.0,10.3,9.6,8.3,7.9,8.8,8.4,8.9,9.0,8.9,8.5,8.3,8.3,8.4],"q":[81.2,75.5,71.9,71.6,67.8,66.2,65.4,64.7,64.5,63.6,64.5,75.3,80.5,70.1,67.8,68.1,73.1,67.1,64.5,63.1,62.8,62.2,61.5,60.7,59.8,59.1,58.3,57.7,57.1,56.6],"latest":{"d":"2026-10-06","t":8.4,"q":56.6}}},{"type":"Feature","geometry":{"type":"Point","coordinates":[-113.37041,44.68879]},"properties":{"site":"13304050","name":"Big Timber Creek Abv Mouth at Leadore ID","state":"Idaho","huc":"170602040402","type":"ST","d0":"2026-09-07","t":[11.1,9.6,9.9,10.3,11.2,10.9,10.9,9.0,8.4,9.3,11.3,11.2,10.4,10.9,11.0,10.4,11.3,11.7,11.3,9.1,7.6,8.5,8.3,9.2,9.6,9.6,9.7,9.5,9.8,9.7],"q":[3.84,3.81,3.71,3.48,3.75,3.17,3.21,3.38,4.37,4.26,5.05,6.18,7.28,5.74,5.19,5.26,3.89,3.2,2.7,3.05,2.26,2.56,4.6,4.53,4.51,4.55,3.82,2.66,1.99,2.69],"latest":{"d":"2026-10-06","t":9.7,"q":2.69}}},{"type":"Feature","geometry":{"type":"Point","coordinates":[-114.44,45.3225]},"properties":{"site":"13307000","name":"SALMON RIVER NR SHOUP ID","state":"Idaho","huc":"170602031302","type":"ST","d0":"2026-09-07","t":[16.6,15.7,15.9,16.6,17.1,17.1,16.7,15.5,14.7,15.2,15.9,16.0,16.1,15.9,15.9,15.9,16.0,16.6,16.1,14.8,13.0,12.2,12.9,14.1,14.7,15.0,14.9,14.5,14.2,14.0],"q":[1290,1270,1220,1180,1140,1110,1080,1060,1060,1060,1070,1160,1420,1570,1540,1460,1430,1410,1390,1340,1320,1340,1330,1330,1310,1290,1280,1270,1260,1260],"latest":{"d":"2026-10-06","t":14.0,"q":1260}}},{"type":"Feature","geometry":{"type":"Point","coordinates":[-116.32389,45.75028]},"properties":{"site":"13317000","name":"SALMON RIVER AT WHITE BIRD ID","state":"Idaho","huc":"170602090504","type":"ST","d0":"2026-09-07","t":[17.5,17.6,18.1,18.5,18.6,18.4,18.1,17.9,17.6,17.9,17.6,17.5,18.0,17.8,17.7,18.0,18.0,18.1,17.6,17.0,16.4,16.3,16.1,16.1,16.1,16.0,16.0,16.1,16.3,16.2],"q":[4410,4510,4400,4110,3880,3720,3650,3550,3510,3490,3490,3470,3760,4330,4380,4250,4020,3910,3850,3760,3690,3650,3660,3650,3620,3590,3540,3500,3460,3440],"latest":{"d":"2026-10-06","t":16.2,"q":3440}}},{"type":"Feature","geometry":{"type":"Point","coordinates":[-116.91694,46.00306]},"properties":{"site":"13317660","name":"SNAKE RIVER AT McDUFF RAPIDS AT CHINA GARDEN ID","state":"Idaho","huc":"170601030105","type":"ST","d0":"2026-09-07","t":[20.0,20.0,20.3,20.5,20.7,20.6,20.3,20.0,19.9,19.9,19.9,19.9,20.2,20.3,20.2,20.0,19.8,19.8,19.7,19.0,18.7,18.5,18.7,18.9,19.0,19.0,18.9,18.8,18.7,18.7],"q":[13900,14200,14300,13400,14100,13600,13200,12900,13400,13200,13600,13400,13100,13300,13500,14000,13800,13200,14100,13400,13000,12900,13400,13300,14000,13400,13100,13000,13000,12900],"latest":{"d":"2026-10-06","t":18.7,"q":12900}}},{"type":"Feature","geometry":{"type":"Point","coordinates":[-117.72659,45.61987]},"properties":{"site":"13331500","name":"MINAM RIVER AT MINAM, OR","state":"Oregon","huc":"170601050507","type":"ST","d0":"2026-09-07","t":[14.1,15.2,15.5,16.4,16.4,15.2,14.7,14.0,13.1,15.0,13.8,15.3,16.1,15.8,15.9,16.2,14.6,14.8,13.8,12.4,10.6,11.7,12.3,14.1,13.5,13.7,13.3,13.3,13.4,12.3],"q":[74.6,71.9,65.4,61.2,58.9,56.8,78.1,93.6,91.9,74.2,68.5,70.1,71.1,66.0,61.9,58.8,57.2,56.1,55.9,58.0,56.2,55.4,54.4,53.5,52.8,52.4,50.9,49.6,48.5,47.6],"latest":{"d":"2026-10-06","t":12.3,"q":47.6}}},{"type":"Feature","geometry":{"type":"Point","coordinates":[-116.2575,46.47833]},"properties":{"site":"13340000","name":"CLEARWATER RIVER AT OROFINO ID","state":"Idaho","huc":"170603060504","type":"ST","d0":"2026-09-07","t":[17.5,16.7,17.1,18.0,19.0,19.0,18.2,17.5,16.5,16.7,17.0,17.7,18.9,19.4,18.6,18.4,18.3,18.3,17.7,16.8,15.3,15.1,14.8,14.8,15.4,16.1,16.3,16.2,16.1,15.8],"q":[1710,2630,2420,1890,1650,1560,1540,1600,1770,1670,1550,1450,1480,2260,1910,1630,1490,1420,1400,1360,1360,1360,1330,1310,1290,1280,1270,1240,1220,1190],"latest":{"d":"2026-10-06","t":15.8,"q":1190}}},{"type":"Feature","geometry":{"type":"Point","coordinates":[-115.62111,46.84056]},"properties":{"site":"13340600","name":"NF CLEARWATER RIVER NR CANYON RANGER STATION ID","state":"Idaho","huc":"170603071002","type":"ST","d0":"2026-09-07","t":[14.8,13.6,13.7,14.6,15.6,15.4,14.9,13.7,12.5,12.5,13.6,14.7,15.6,15.9,15.6,15.2,14.9,14.6,14.5,13.2,11.5,11.1,10.7,11.2,11.5,12.3,12.6,12.2,11.9,11.4],"q":[1020,1300,901,804,901,902,837,981,986,842,783,760,748,790,739,711,698,685,679,699,699,678,665,662,703,692,667,650,641,630],"latest":{"d":"2026-10-06","t":11.4,"q":630}}},{"type":"Feature","geometry":{"type":"Point","coordinates":[-116.3925,46.50028]},"properties":{"site":"13341050","name":"CLEARWATER RIVER NR PECK ID","state":"Idaho","huc":"170603061302","type":"ST","d0":"2026-09-07","t":[10.4,11.0,11.1,11.0,11.1,11.2,11.1,11.3,11.5,11.8,11.6,12.4,13.4,15.1,14.9,14.4,14.0,14.0,13.6,13.1,12.4,12.4,12.2,12.3,12.5,12.7,12.8,12.8,12.8,12.6],"q":[10400,11300,11200,10200,9490,8780,8280,7780,7210,6370,5920,4300,3990,4250,3840,3550,3410,3340,3320,3290,3280,3270,3250,3230,3210,3210,3200,3180,3150,3130],"latest":{"d":"2026-10-06","t":12.6,"q":3130}}},{"type":"Feature","geometry":{"type":"Point","coordinates":[-116.8275,46.44833]},"properties":{"site":"13342500","name":"CLEARWATER RIVER AT SPALDING ID","state":"Idaho","huc":"170603061308","type":"ST","d0":"2026-09-07","t":[11.2,11.7,12.1,12.2,12.3,12.2,12.2,12.2,12.2,12.9,12.8,13.1,14.6,15.3,16.4,16.0,15.3,15.2,14.7,13.8,13.3,13.0,13.1,13.1,13.3,13.9,13.9,14.0,13.9,13.7],"q":[10500,11200,11400,10600,9790,9120,8630,8130,7590,6810,6360,4830,3980,4280,3960,3570,3380,3290,3260,3220,3190,3190,3160,3160,3130,3120,3120,3090,3060,3040],"latest":{"d":"2026-10-06","t":13.7,"q":3040}}},{"type":"Feature","geometry":{"type":"Point","coordinates":[-118.32329,45.71958]},"properties":{"site":"14020000","name":"UMATILLA RIVER ABOVE MEACHAM CREEK, NR GIBBON, OR","state":"Oregon","huc":"170701030106","type":"ST","d0":"2026-09-07","t":[14.3,14.2,14.4,14.9,14.8,13.9,13.7,13.7,13.3,14.0,12.6,13.7,13.8,14.1,14.3,14.0,12.9,13.1,12.8,12.0,11.3,11.1,11.7,12.7,12.4,12.4,12.2,12.1,12.0,11.5],"q":[48.7,48.3,47.8,48.7,48.5,48.5,56.4,58.9,52.1,50.8,51.1,51.1,49.7,49.6,50.9,51.3,51.7,51.1,52.7,52.4,51.6,51.2,50.5,51.1,51.9,51.4,50.3,49.8,51.0,51.9],"latest":{"d":"2026-10-06","t":11.5,"q":51.9}}},{"type":"Feature","geometry":{"type":"Point","coordinates":[-119.32708,45.90269]},"properties":{"site":"14033500","name":"UMATILLA RIVER NEAR UMATILLA, OR","state":"Oregon","huc":"170701031306","type":"ST","d0":"2026-09-07","t":[18.7,18.7,18.9,19.2,19.1,18.6,17.6,17.0,16.8,17.4,17.0,17.2,17.8,18.2,18.5,18.5,18.1,17.3,16.5,16.0,15.1,14.5,15.3,16.6,16.6,16.5,16.5,16.6,16.5,16.3],"q":[71.7,68.5,63.1,56.5,58.4,62.4,74.5,98.9,107,96.1,82.2,75.6,64.0,64.9,64.8,57.3,57.4,74.0,101,100,102,105,107,103,106,105,142,142,133,136],"latest":{"d":"2026-10-06","t":16.3,"q":136}}},{"type":"Feature","geometry":{"type":"Point","coordinates":[-119.51585,45.34068]},"properties":{"site":"14034470","name":"WILLOW CREEK ABV WILLOW CR LAKE, NR HEPPNER, OR","state":"Oregon","huc":"170701040105","type":"ST","d0":"2026-09-07","t":[null,null,null,null,null,null,null,14.2,13.8,14.6,14.0,14.8,15.3,15.7,16.1,15.7,14.4,13.8,14.0,13.2,12.0,11.6,12.5,13.7,14.0,14.0,14.1,14.0,14.2,13.5],"q":[0.08,0.06,0.06,0.05,0.05,0.07,0.38,1.06,0.88,0.68,0.64,0.79,0.77,0.63,0.53,0.46,0.44,0.52,0.55,0.54,0.63,0.71,0.69,0.66,0.74,0.78,0.77,0.74,0.75,0.71],"latest":{"d":"2026-10-06","t":13.5,"q":0.71}}},{"type":"Feature","geometry":{"type":"Point","coordinates":[-119.55002,45.35041]},"properties":{"site":"14034500","name":"WILLOW CREEK AT HEPPNER, OR","state":"Oregon","huc":"170701040105","type":"ST","d0":"2026-09-07","t":[17.5,17.5,17.7,18.1,17.9,17.6,17.2,16.8,16.7,16.9,16.8,16.8,17.1,17.3,17.6,17.7,17.3,17.0,16.7,15.9,15.4,15.1,15.8,15.4,15.5,15.7,15.8,15.9,15.8,15.5],"q":[8.43,8.38,7.99,7.52,7.49,7.56,7.69,7.56,7.52,7.51,7.18,6.64,6.64,6.64,6.64,6.64,6.64,6.64,6.53,6.46,6.47,6.48,2.46,0.95,0.95,0.95,0.95,0.95,0.79,0.78],"latest":{"d":"2026-10-06","t":15.5,"q":0.78}}},{"type":"Feature","geometry":{"type":"Point","coordinates":[-118.90634,44.41849]},"properties":{"site":"14038530","name":"JOHN DAY RIVER NEAR JOHN DAY, OR","state":"Oregon","huc":"170702010608","type":"ST","d0":"2026-09-07","t":[15.1,15.3,15.8,16.1,16.8,14.9,14.7,15.0,13.8,15.0,14.7,14.5,14.5,15.1,15.3,15.5,13.6,13.6,13.9,12.4,10.9,11.1,11.7,12.6,13.1,13.1,12.9,13.1,13.4,null],"q":[42.6,43.5,42.3,44.8,42.9,37.7,44.2,44.5,44.0,44.0,46.7,56.5,52.4,51.0,47.9,47.0,47.8,49.9,50.7,51.3,51.3,51.5,51.7,54.3,56.7,57.7,58.5,58.7,58.1,59.0],"latest":{"d":"2026-10-05","t":13.4,"q":58.1}}},{"type":"Feature","geometry":{"type":"Point","coordinates":[-118.79431,44.69262]},"properties":{"site":"14043840","name":"MF JOHN DAY RIVER ABV CAMP CREEK, NR GALENA, OR","state":"Oregon","huc":"170702030208","type":"ST","d0":"2026-09-07","t":[14.2,14.3,14.9,15.2,16.3,14.1,13.5,14.4,13.0,14.4,14.6,15.1,15.6,15.5,15.2,14.9,12.9,13.1,12.8,11.4,9.6,10.2,10.6,11.9,12.4,12.6,12.3,12.8,12.9,11.4],"q":[15.9,14.8,14.2,13.2,13.1,13.0,15.3,16.6,16.3,15.7,15.9,21.2,19.1,16.4,15.3,14.8,14.6,14.7,14.9,15.1,15.1,15.4,15.2,15.0,15.1,15.0,14.7,14.5,14.2,14.0],"latest":{"d":"2026-10-06","t":11.4,"q":14.0}}},{"type":"Feature","geometry":{"type":"Point","coordinates":[-119.14137,44.88876]},"properties":{"site":"14044000","name":"MIDDLE FORK JOHN DAY RIVER AT RITTER, OR","state":"Oregon","huc":"170702030503","type":"ST","d0":"2026-09-07","t":[16.9,17.0,17.6,18.1,19.0,16.4,16.0,16.2,15.1,16.4,15.8,16.3,16.8,17.4,17.8,17.3,15.0,15.2,14.9,13.6,11.9,11.6,12.5,14.1,14.9,14.9,14.6,14.6,14.5,13.2],"q":[27.3,24.4,21.3,20.2,18.0,17.4,20.0,23.7,25.3,23.7,24.4,26.7,30.7,28.3,24.3,21.9,20.8,20.5,20.6,20.8,21.4,21.7,22.0,21.8,21.7,21.7,21.6,21.0,20.6,20.0],"latest":{"d":"2026-10-06","t":13.2,"q":20.0}}},{"type":"Feature","geometry":{"type":"Point","coordinates":[-120.30192,44.72687]},"properties":{"site":"14046778","name":"BRIDGE CR ABV COYOTE CANYON NR MITCHELL, OR","state":"Oregon","huc":"170702040308","type":"ST","d0":"2026-09-07","t":[17.7,17.8,18.8,19.0,19.0,15.2,15.2,16.2,15.7,17.0,14.6,17.0,17.1,17.8,18.4,17.4,14.8,14.9,15.9,14.6,13.0,12.7,14.2,16.1,16.5,16.1,15.8,16.3,16.1,14.4],"q":[0.78,0.75,0.53,0.52,0.42,0.35,0.43,0.57,0.65,0.7,0.68,0.79,0.71,0.6,0.53,0.44,0.34,0.38,0.42,0.34,0.36,0.4,0.47,0.45,0.43,0.36,0.33,0.38,0.38,0.34],"latest":{"d":"2026-10-06","t":14.4,"q":0.34}}},{"type":"Feature","geometry":{"type":"Point","coordinates":[-120.40949,45.58763]},"properties":{"site":"14048000","name":"JOHN DAY RIVER AT MCDONALD FERRY, OR","state":"Oregon","huc":"170702041401","type":"ST","d0":"2026-09-07","t":[19.0,20.1,21.1,21.0,19.5,18.6,17.5,17.6,17.6,18.6,18.1,19.1,20.0,20.7,21.0,19.1,18.0,17.6,17.4,16.4,15.5,15.1,16.6,18.2,18.4,18.3,18.8,18.9,18.7,18.4],"q":[21.7,21.7,22.8,24.3,26.4,31.3,40.5,81.1,90.3,90.3,86.4,79.4,75.4,75.0,75.1,85.0,92.1,96.6,102,104,107,107,97.7,94.6,93.6,96.1,97.5,108,118,128],"latest":{"d":"2026-10-06","t":18.4,"q":128}}},{"type":"Feature","geometry":{"type":"Point","coordinates":[-121.63277,44.03711]},"properties":{"site":"14070615","name":"M F TUMALO CREEK ABV PROWELL SPRINGS, NR BEND, OR","state":"Oregon","huc":"170703010501","type":"ST","d0":"2026-09-07","t":[5.5,6.0,6.7,7.0,7.0,4.8,4.1,5.2,5.1,5.9,5.7,6.0,5.8,6.0,6.5,5.7,4.9,5.5,4.8,4.5,4.4,4.3,5.1,5.3,5.4,5.3,5.2,5.7,5.8,4.6],"q":[0.43,0.4,0.39,0.39,0.39,0.41,0.5,0.41,0.4,0.38,0.4,0.37,0.37,0.37,0.35,0.35,0.35,0.35,0.48,0.39,0.37,0.37,0.37,0.35,0.34,0.33,0.32,0.32,0.32,0.32],"latest":{"d":"2026-10-06","t":4.6,"q":0.32}}},{"type":"Feature","geometry":{"type":"Point","coordinates":[-121.63259,44.03707]},"properties":{"site":"14070621","name":"DIVERSION CANAL TO BRIDGE CREEK, NEAR BEND, OR","state":"Oregon","huc":"170703010501","type":"ST-CA","d0":"2026-09-07","t":[3.5,3.6,3.6,3.7,3.6,3.4,3.4,3.5,3.5,3.6,3.5,3.6,3.6,3.6,3.6,3.6,3.5,3.6,3.4,3.5,3.5,3.5,3.6,3.6,3.6,3.6,3.6,3.6,3.6,3.5],"q":[18.4,18.4,18.5,18.5,18.5,18.5,18.6,18.6,18.6,18.6,18.6,18.6,18.6,18.6,18.6,18.6,18.6,18.6,18.7,18.7,18.7,18.7,18.7,18.7,18.7,18.7,18.8,18.8,18.8,18.8],"latest":{"d":"2026-10-06","t":3.5,"q":18.8}}},{"type":"Feature","geometry":{"type":"Point","coordinates":[-121.63256,44.03723]},"properties":{"site":"14070624","name":"M F TUMALO CREEK BLW PROWELL SPRINGS, NR BEND, OR","state":"Oregon","huc":"170703010501","type":"ST","d0":"2026-09-07","t":[3.8,3.9,4.0,4.1,4.1,3.7,3.6,3.8,3.7,3.9,3.8,3.9,3.9,3.9,4.0,3.9,3.7,3.8,3.7,3.7,3.7,3.7,3.8,3.8,3.8,3.8,3.8,3.9,3.9,3.7],"q":[6.14,6.1,6.08,6.05,6.07,6.2,6.37,6.13,6.1,6.07,6.08,6.09,6.06,6.04,5.97,5.93,5.87,5.88,6.11,5.95,5.77,5.77,5.71,5.67,5.68,5.65,5.69,5.62,5.58,5.59],"latest":{"d":"2026-10-06","t":3.7,"q":5.59}}},{"type":"Feature","geometry":{"type":"Point","coordinates":[-121.56783,44.03108]},"properties":{"site":"14070900","name":"BRIDGE CREEK BELOW INTAKE, NEAR BEND, OR","state":"Oregon","huc":"170703010501","type":"ST","d0":"2026-09-07","t":[4.9,5.2,5.6,5.8,5.7,4.9,4.7,4.8,4.9,5.3,5.3,5.4,5.3,5.4,5.7,5.4,4.9,5.3,5.1,4.6,4.5,4.5,5.0,5.2,5.3,5.3,5.2,5.5,5.5,4.9],"q":[16.3,15.8,14.6,13.4,12.7,14.2,14.5,13.5,13.2,12.6,12.6,13.0,12.7,12.3,12.6,12.3,12.5,12.6,13.7,12.5,14.1,16.5,13.6,13.6,12.5,12.3,12.0,12.5,11.9,12.8],"latest":{"d":"2026-10-06","t":4.9,"q":12.8}}},{"type":"Feature","geometry":{"type":"Point","coordinates":[-121.32116,44.49873]},"properties":{"site":"14076500","name":"DESCHUTES RIVER NEAR CULVER, OR","state":"Oregon","huc":"170703011104","type":"ST","d0":"2026-09-07","t":[12.8,13.0,13.3,13.6,13.8,12.8,12.5,12.4,12.2,12.5,12.2,12.6,12.9,13.1,13.2,13.4,13.0,12.4,12.4,12.0,11.8,11.4,11.8,12.2,12.5,12.4,12.4,12.3,12.3,12.0],"q":[642,614,603,586,596,576,600,610,587,582,600,633,651,664,678,691,693,690,630,577,598,593,606,595,583,543,518,505,505,503],"latest":{"d":"2026-10-06","t":12.0,"q":503}}},{"type":"Feature","geometry":{"type":"Point","coordinates":[-120.04331,44.062]},"properties":{"site":"14078260","name":"SF CROOKED RIVER NEAR BELL BUTTE, NEAR PAULINA, OR","state":"Oregon","huc":"170703031009","type":"ST","d0":"2026-09-07","t":[14.4,15.2,16.2,17.0,18.1,15.4,13.9,13.7,13.6,14.8,13.8,14.7,15.4,15.7,16.2,16.2,14.6,14.3,15.2,13.5,12.0,11.3,12.0,13.0,13.5,13.8,13.7,13.9,14.2,13.1],"q":[10.4,9.05,8.66,8.6,9.29,9.47,9.86,10.7,10.9,11.1,10.8,11.4,12.0,11.8,12.3,12.2,11.9,11.6,13.0,12.5,12.3,12.1,12.3,12.3,12.7,12.9,12.8,9.63,12.5,12.4],"latest":{"d":"2026-10-06","t":13.1,"q":12.4}}},{"type":"Feature","geometry":{"type":"Point","coordinates":[-121.29838,44.49234]},"properties":{"site":"14087400","name":"CROOKED RIVER BELOW OPAL SPRINGS, NEAR CULVER, OR","state":"Oregon","huc":"170703051102","type":"ST","d0":"2026-09-07","t":[13.0,13.0,13.1,13.2,13.2,12.9,12.8,12.8,12.8,12.9,12.8,12.9,13.0,13.0,13.0,13.0,12.9,12.8,12.8,12.7,12.6,12.6,12.7,12.8,12.9,12.8,12.9,12.9,12.9,12.8],"q":[1380,1310,1310,1290,1270,1270,1270,1290,1300,1300,1300,1280,1280,1280,1280,1280,1270,1260,1250,1250,1260,1270,1270,1260,1250,1240,1240,1240,1240,1270],"latest":{"d":"2026-10-06","t":12.8,"q":1270}}},{"type":"Feature","geometry":{"type":"Point","coordinates":[-121.48394,44.62623]},"properties":{"site":"14091500","name":"METOLIUS RIVER NEAR GRANDVIEW, OR","state":"Oregon","huc":"170703011003","type":"ST","d0":"2026-09-07","t":[8.3,8.3,8.6,8.9,8.9,7.8,7.9,8.1,8.0,8.5,7.9,8.3,8.3,8.3,8.5,8.5,8.0,7.6,8.2,7.5,7.4,7.3,8.0,8.3,8.3,8.2,8.0,8.1,8.1,7.7],"q":[1230,1220,1220,1210,1220,1210,1210,1210,1210,1210,1210,1210,1210,1210,1210,1210,1200,1200,1210,1210,1200,1200,1200,1210,1200,1200,1200,1200,1200,1200],"latest":{"d":"2026-10-06","t":7.7,"q":1200}}},{"type":"Feature","geometry":{"type":"Point","coordinates":[-121.24699,44.72595]},"properties":{"site":"14092500","name":"DESCHUTES RIVER NEAR MADRAS, OR","state":"Oregon","huc":"170703060304","type":"ST","d0":"2026-09-07","t":[14.0,14.1,14.1,14.1,14.1,13.9,14.0,14.1,14.0,14.0,13.9,14.0,13.9,14.0,14.0,14.0,13.9,13.9,14.0,14.0,13.9,13.9,13.9,13.8,13.9,13.9,14.1,14.3,14.7,14.8],"q":[3990,3990,3990,3870,3870,3750,3750,3750,3710,3990,3990,3990,4070,4070,4070,4120,4120,4120,4120,4070,3940,3820,3630,3630,3630,3640,3710,3710,3700,3630],"latest":{"d":"2026-10-06","t":14.8,"q":3630}}},{"type":"Feature","geometry":{"type":"Point","coordinates":[-121.14977,44.85651]},"properties":{"site":"14097100","name":"WARM SPRINGS RIVER NEAR KAHNEETA HOT SPRINGS, OR","state":"Oregon","huc":"170703060608","type":"ST","d0":"2026-09-07","t":[14.5,15.1,15.8,16.6,16.7,14.8,13.6,13.7,14.0,14.5,14.0,14.3,15.0,15.2,15.5,15.3,14.3,13.1,13.3,13.1,12.4,11.5,12.4,14.0,14.8,14.4,14.4,14.2,14.0,13.3],"q":[242,212,204,201,199,200,201,201,199,199,199,199,197,196,197,195,195,197,201,203,203,200,200,200,200,199,199,199,199,199],"latest":{"d":"2026-10-06","t":13.3,"q":199}}},{"type":"Feature","geometry":{"type":"Point","coordinates":[-120.90562,45.62207]},"properties":{"site":"14103000","name":"DESCHUTES RIVER AT MOODY, NEAR BIGGS, OR","state":"Oregon","huc":"170703061205","type":"ST","d0":"2026-09-07","t":[16.2,16.6,17.0,17.4,17.1,16.3,15.3,15.3,15.7,16.2,16.0,15.9,16.5,16.8,16.9,16.6,15.8,15.4,15.2,15.0,14.6,14.3,14.9,16.1,16.3,16.1,16.2,16.2,16.2,15.9],"q":[4450,4490,4460,4410,4310,4290,4220,4200,4190,4220,4450,4450,4470,4530,4520,4520,4560,4570,4590,4580,4510,4380,4230,4070,4070,4070,4090,4150,4150,4130],"latest":{"d":"2026-10-06","t":15.9,"q":4130}}},{"type":"Feature","geometry":{"type":"Point","coordinates":[-121.18992,45.60828]},"properties":{"site":"14105700","name":"COLUMBIA RIVER AT THE DALLES, OR","state":"Oregon","huc":"170701050406","type":"ST","d0":"2026-09-07","t":[20.8,20.6,20.6,20.8,20.6,20.4,20.1,19.9,19.8,19.8,19.9,20.0,19.8,19.8,19.9,19.8,19.5,19.2,19.0,19.0,18.9,18.7,18.6,18.7,18.8,18.9,18.9,18.9,18.9,18.7],"q":[85200,86300,87800,91200,82800,82300,82000,83500,79100,82600,82000,83900,82000,84500,87800,82800,79100,80500,86400,84200,81300,85800,90800,null,null,87500,81100,80900,84300,85000],"latest":{"d":"2026-10-06","t":18.7,"q":85000}}},{"type":"Feature","geometry":{"type":"Point","coordinates":[-121.5488,45.6545]},"properties":{"site":"14120000","name":"HOOD RIVER AT TUCKER BRIDGE, NEAR HOOD RIVER, OR","state":"Oregon","huc":"170701050702","type":"ST","d0":"2026-09-07","t":[12.2,12.6,12.9,13.7,13.4,12.3,11.4,12.4,12.0,12.6,12.7,13.2,12.7,12.7,13.2,13.1,12.3,11.5,11.9,10.5,10.0,9.8,11.2,12.9,12.1,11.9,12.0,11.7,11.5,11.0],"q":[292,253,244,234,240,229,239,242,233,229,227,224,223,226,230,228,222,222,263,280,221,219,234,273,313,331,326,324,319,308],"latest":{"d":"2026-10-06","t":11.0,"q":308}}},{"type":"Feature","geometry":{"type":"Point","coordinates":[-121.79477,45.72675]},"properties":{"site":"14128500","name":"WIND RIVER NEAR CARSON, WA","state":"Washington","huc":"170701051008","type":"ST","d0":"2026-09-07","t":[12.2,12.1,12.3,12.9,12.6,11.9,11.6,11.6,11.2,11.5,11.9,12.1,12.0,12.1,12.3,12.2,11.6,11.2,11.5,10.7,10.2,9.9,10.7,null,null,null,null,null,null,null],"q":[157,153,150,148,146,146,150,154,151,148,146,145,143,143,142,142,141,141,146,155,148,144,142,null,null,null,null,null,null,null],"latest":{"d":"2026-09-29","t":10.7,"q":142}}},{"type":"Feature","geometry":{"type":"Point","coordinates":[-121.86536,45.47095]},"properties":{"site":"14138720","name":"BULL RUN RIVER AT LOWER FLUME NR BRIGHTWOOD, OR","state":"Oregon","huc":"170800010502","type":"ST","d0":"2026-09-07","t":[6.6,6.6,6.6,6.6,6.6,6.6,6.6,6.6,6.6,6.6,6.6,6.6,6.6,6.6,6.6,6.6,6.6,6.6,6.6,6.6,6.6,6.6,6.7,6.7,6.7,6.7,6.7,6.7,6.7,6.7],"q":[15.2,15.1,15.1,15.0,14.9,14.8,14.8,14.8,14.7,14.3,14.1,14.0,14.0,13.9,13.8,13.6,13.6,13.6,13.6,13.6,13.6,13.6,13.5,13.5,13.4,13.4,13.3,13.4,13.4,13.3],"latest":{"d":"2026-10-06","t":6.7,"q":13.3}}},{"type":"Feature","geometry":{"type":"Point","coordinates":[-122.0123,45.49817]},"properties":{"site":"14138850","name":"BULL RUN RIVER NEAR MULTNOMAH FALLS, OR","state":"Oregon","huc":"170800010503","type":"ST","d0":"2026-09-07","t":[11.2,11.2,11.5,11.9,12.1,11.4,10.9,10.9,10.7,10.6,11.0,11.1,10.8,10.9,11.2,11.7,11.3,10.8,10.9,10.0,9.5,9.1,9.5,10.6,10.7,10.7,10.7,10.8,10.8,10.2],"q":[47.3,40.3,37.9,36.7,36.0,35.8,39.9,45.8,39.1,37.1,35.9,35.0,34.8,34.3,34.1,33.9,33.7,33.7,42.7,42.6,35.8,34.1,33.8,36.0,35.5,34.2,33.5,33.0,32.5,32.2],"latest":{"d":"2026-10-06","t":10.2,"q":32.2}}},{"type":"Feature","geometry":{"type":"Point","coordinates":[-122.02564,45.48012]},"properties":{"site":"14138870","name":"FIR CREEK NEAR BRIGHTWOOD, OR","state":"Oregon","huc":"170800010503","type":"ST","d0":"2026-09-07","t":[10.9,10.8,11.3,11.6,11.5,11.1,10.7,10.7,10.4,10.5,10.8,10.9,10.6,10.8,11.0,11.1,10.8,10.6,10.7,9.8,9.5,9.1,9.5,10.3,10.4,10.5,10.6,10.8,10.8,10.4],"q":[4.35,2.86,2.49,2.33,2.23,2.2,2.65,3.15,2.49,2.31,2.2,2.11,2.08,2.04,2.01,1.98,1.95,1.96,2.29,2.41,2.07,1.93,1.92,2.13,2.07,1.95,1.87,1.84,1.78,1.77],"latest":{"d":"2026-10-06","t":10.4,"q":1.77}}},{"type":"Feature","geometry":{"type":"Point","coordinates":[-122.03589,45.49425]},"properties":{"site":"14138900","name":"NORTH FORK BULL RUN RIVER NEAR MULTNOMAH FALLS, OR","state":"Oregon","huc":"170800010503","type":"ST","d0":"2026-09-07","t":[9.6,9.5,9.9,10.1,9.8,9.3,8.9,9.3,8.9,9.2,9.5,9.5,9.2,9.4,9.6,9.5,9.1,9.0,9.1,8.8,8.6,8.3,8.5,9.2,9.3,9.4,9.5,9.6,9.5,9.1],"q":[11.4,10.1,9.64,9.48,9.32,9.28,10.5,10.9,9.96,9.57,9.33,9.19,9.16,8.96,8.91,8.91,8.91,8.92,13.5,12.6,9.97,9.28,9.23,9.84,9.69,9.28,9.19,8.94,8.91,8.89],"latest":{"d":"2026-10-06","t":9.1,"q":8.89}}},{"type":"Feature","geometry":{"type":"Point","coordinates":[-122.10953,45.44456]},"properties":{"site":"14139800","name":"SOUTH FORK BULL RUN RIVER NEAR BULL RUN, OR","state":"Oregon","huc":"170800010504","type":"ST","d0":"2026-09-07","t":[12.7,12.7,13.0,13.4,13.2,12.9,12.3,12.3,12.0,12.1,12.4,12.4,12.1,12.3,12.5,12.6,12.2,12.0,12.0,11.1,10.8,10.4,10.9,11.6,11.6,11.8,11.7,11.8,11.7,11.2],"q":[12.0,9.16,7.92,7.48,7.12,7.0,8.1,10.1,8.11,7.42,7.02,6.8,6.69,6.63,6.51,6.45,6.35,6.33,7.31,7.49,6.75,6.29,6.23,6.86,6.82,6.43,6.24,6.05,5.89,5.78],"latest":{"d":"2026-10-06","t":11.2,"q":5.78}}},{"type":"Feature","geometry":{"type":"Point","coordinates":[-122.15519,45.44853]},"properties":{"site":"14139940","name":"BULL RUN RIVER BLW BULL RUN RES 2, NR BULL RUN, OR","state":"Oregon","huc":"170800010506","type":"ST","d0":"2026-09-07","t":[10.5,10.7,10.8,10.9,10.9,11.0,10.9,11.0,11.3,11.4,11.6,11.7,11.6,11.9,12.0,12.0,12.0,12.3,12.2,12.2,12.3,12.4,12.5,12.7,12.7,12.8,12.9,12.9,13.0,12.9],"q":[18.8,37.0,39.4,40.2,36.6,33.8,21.3,21.3,37.4,38.5,38.9,42.1,21.4,39.7,33.7,21.4,21.4,35.2,21.4,21.4,21.4,21.4,21.4,21.4,21.4,21.4,21.4,21.4,21.4,21.4],"latest":{"d":"2026-10-06","t":12.9,"q":21.4}}},{"type":"Feature","geometry":{"type":"Point","coordinates":[-122.17147,45.4154]},"properties":{"site":"14141500","name":"LITTLE SANDY RIVER NEAR BULL RUN, OR","state":"Oregon","huc":"170800010505","type":"ST","d0":"2026-09-07","t":[12.6,12.0,12.5,12.9,13.0,12.3,11.9,12.0,11.4,11.4,11.8,11.9,11.3,11.5,11.9,12.4,11.8,11.4,12.0,10.6,10.0,9.4,10.4,11.8,11.4,11.4,11.3,11.3,11.3,10.6],"q":[16.3,13.8,12.1,11.6,11.2,11.1,12.2,13.6,12.6,11.6,11.2,10.9,10.8,10.5,10.5,10.5,10.4,10.4,11.0,11.0,10.8,10.4,10.1,10.5,10.9,10.5,10.2,10.1,9.95,9.67],"latest":{"d":"2026-10-06","t":10.6,"q":9.67}}},{"type":"Feature","geometry":{"type":"Point","coordinates":[-122.24509,45.44901]},"properties":{"site":"14142500","name":"SANDY RIVER BLW BULL RUN RIVER, NR BULL RUN, OR","state":"Oregon","huc":"170800010702","type":"ST","d0":"2026-09-07","t":[14.3,14.9,15.4,16.0,15.9,14.8,13.7,13.6,13.4,13.8,14.5,14.0,14.0,14.2,14.1,14.8,14.2,13.3,13.6,13.1,12.5,12.1,12.3,13.7,13.8,14.1,14.1,14.1,14.0,13.5],"q":[420,351,326,316,312,302,304,328,326,314,310,309,285,302,296,285,279,291,288,321,294,276,272,283,283,279,273,270,268,264],"latest":{"d":"2026-10-06","t":13.5,"q":264}}},{"type":"Feature","geometry":{"type":"Point","coordinates":[-122.43783,43.72096]},"properties":{"site":"14145500","name":"MF WILLAMETTE RIVER ABV SALT CRK, NEAR OAKRIDGE,OR","state":"Oregon","huc":"170900010505","type":"ST","d0":"2026-09-07","t":[17.5,17.5,17.6,17.5,17.5,17.5,17.4,17.6,17.3,17.4,17.4,17.3,17.4,17.3,17.2,17.3,17.3,17.2,17.2,17.0,17.0,16.9,16.9,17.1,16.9,17.0,16.9,17.0,16.9,16.8],"q":[440,441,441,null,448,448,447,447,448,448,459,462,463,462,462,462,462,464,464,465,465,464,464,622,480,469,468,468,474,460],"latest":{"d":"2026-10-06","t":16.8,"q":460}}},{"type":"Feature","geometry":{"type":"Point","coordinates":[-122.24513,43.88469]},"properties":{"site":"14147200","name":"NF OF MF WILLAMETTE R AB PARKER CR NR OAKRIDGE, OR","state":"Oregon","huc":"170900010604","type":"ST","d0":"2026-09-07","t":[10.6,10.5,null,null,null,null,null,null,null,null,null,null,null,null,null,null,null,null,null,null,null,null,null,null,null,null,null,null,null,null],"q":[102,98.4,97.1,null,null,null,null,null,null,null,null,null,null,null,null,null,null,null,null,null,null,null,null,null,null,null,null,null,null,null],"latest":{"d":"2026-09-08","t":10.5,"q":98.4}}},{"type":"Feature","geometry":{"type":"Point","coordinates":[-122.56089,43.80124]},"properties":{"site":"14148000","name":"MF WILLAMETTE RIVER BLW N FORK, NR OAKRIDGE, OR.","state":"Oregon","huc":"170900010701","type":"ST","d0":"2026-09-07","t":[15.9,16.2,16.6,16.7,16.7,15.4,15.2,15.8,15.1,15.5,15.6,16.0,15.9,16.0,15.9,16.0,15.5,15.3,15.2,15.0,14.8,14.5,14.5,15.1,15.7,15.5,15.4,15.4,15.5,15.2],"q":[784,758,743,null,736,736,779,789,759,750,752,756,748,746,746,746,744,745,776,782,768,756,746,898,771,756,754,748,752,738],"latest":{"d":"2026-10-06","t":15.2,"q":738}}},{"type":"Feature","geometry":{"type":"Point","coordinates":[-122.8373,43.94568]},"properties":{"site":"14150000","name":"MIDDLE FORK WILLAMETTE RIVER NEAR DEXTER, OR","state":"Oregon","huc":"170900010703","type":"ST","d0":"2026-09-07","t":[18.4,18.4,18.7,18.8,18.7,18.6,18.7,18.8,18.6,18.7,18.8,18.6,18.7,18.8,18.8,18.9,18.8,18.9,18.8,18.8,18.7,18.6,18.6,18.8,18.7,18.8,18.7,18.6,18.7,18.5],"q":[1590,1660,1680,null,1650,1550,1560,1840,2000,1860,1590,1590,1590,1590,1570,1560,1570,1580,1580,1580,1580,1570,1570,1560,1440,1460,1460,1460,1310,1260],"latest":{"d":"2026-10-06","t":18.5,"q":1260}}},{"type":"Feature","geometry":{"type":"Point","coordinates":[-122.68868,43.91429]},"properties":{"site":"14150800","name":"WINBERRY CREEK NEAR LOWELL,OR","state":"Oregon","huc":"170900010905","type":"ST","d0":"2026-09-07","t":[13.7,13.8,14.5,15.2,15.4,14.1,13.9,13.6,12.8,13.3,13.7,14.0,13.3,13.4,13.7,13.8,12.8,12.6,13.5,13.0,12.3,11.1,10.8,11.6,12.2,12.5,12.6,12.6,13.0,12.6],"q":[5.32,4.33,3.89,null,3.43,3.4,6.09,8.45,5.41,4.43,4.08,3.8,3.6,3.58,3.44,3.4,3.4,3.48,5.62,5.99,4.62,4.02,3.69,3.58,3.57,3.5,3.4,3.4,3.29,3.22],"latest":{"d":"2026-10-06","t":12.6,"q":3.22}}},{"type":"Feature","geometry":{"type":"Point","coordinates":[-122.77479,43.94429]},"properties":{"site":"14151000","name":"FALL CREEK BLW WINBERRY CREEK, NEAR FALL CREEK, OR","state":"Oregon","huc":"170900010906","type":"ST","d0":"2026-09-07","t":[13.8,13.8,13.9,12.3,9.2,9.4,9.5,9.9,10.8,11.5,11.7,11.9,12.2,12.4,12.7,13.0,13.2,13.5,13.9,14.2,14.5,14.8,15.0,15.2,15.4,15.6,15.8,15.9,16.1,16.3],"q":[534,531,529,530,554,565,564,495,311,214,214,213,212,212,212,212,211,210,212,211,210,209,209,209,208,207,206,206,206,205],"latest":{"d":"2026-10-06","t":16.3,"q":205}}},{"type":"Feature","geometry":{"type":"Point","coordinates":[-122.90591,43.99818]},"properties":{"site":"14152000","name":"MIDDLE FORK WILLAMETTE RIVER AT JASPER, OR","state":"Oregon","huc":"170900011003","type":"ST","d0":"2026-09-07","t":[17.2,17.3,17.6,17.7,16.2,15.6,15.8,16.5,16.8,17.8,17.9,17.7,17.8,17.9,17.8,18.0,17.8,17.9,17.9,17.9,17.8,17.7,17.9,18.3,18.1,18.3,18.2,18.2,18.3,17.9],"q":[2310,2340,2380,2360,2350,2260,2280,2480,2490,2240,1950,1940,1940,1930,1920,1910,1910,1920,1930,1940,1930,1920,1910,1910,1800,1810,1800,1800,1680,1610],"latest":{"d":"2026-10-06","t":17.9,"q":1610}}},{"type":"Feature","geometry":{"type":"Point","coordinates":[-123.08591,43.64151]},"properties":{"site":"14152500","name":"COAST FORK WILLAMETTE AT LONDON, OR","state":"Oregon","huc":"170900020303","type":"ST","d0":"2026-09-07","t":[14.8,15.3,16.2,17.0,17.4,15.4,14.4,14.7,13.7,14.3,15.0,15.3,15.0,15.0,15.3,14.9,13.9,13.6,13.9,13.7,12.7,12.3,12.5,13.9,14.5,14.4,14.7,14.7,15.0,14.1],"q":[16.8,11.9,10.5,9.52,8.79,8.87,13.3,14.0,11.3,10.5,9.84,9.25,9.34,9.17,8.82,9.16,9.21,9.13,19.6,18.8,13.2,11.3,10.3,9.85,9.79,9.77,9.28,9.17,8.99,8.68],"latest":{"d":"2026-10-06","t":14.1,"q":8.68}}},{"type":"Feature","geometry":{"type":"Point","coordinates":[-123.0498,43.72068]},"properties":{"site":"14153500","name":"COAST FORK WILLAMETTE R BLW COTTAGE GROVE DAM, OR","state":"Oregon","huc":"170900020305","type":"ST","d0":"2026-09-07","t":[20.3,20.2,20.3,20.4,20.2,20.1,20.1,20.1,19.7,19.6,19.6,19.6,19.6,19.5,19.5,19.4,19.3,19.1,19.2,18.9,18.5,18.3,18.2,18.2,18.3,18.3,18.4,18.5,18.5,18.6],"q":[52.7,52.1,52.0,51.5,51.5,51.7,51.6,51.5,51.5,112,174,173,173,172,171,170,170,169,168,167,166,165,164,163,162,161,160,159,158,157],"latest":{"d":"2026-10-06","t":18.6,"q":157}}},{"type":"Feature","geometry":{"type":"Point","coordinates":[-122.87444,43.73528]},"properties":{"site":"14154500","name":"ROW RIVER ABOVE PITCHER CREEK, NEAR DORENA, OR","state":"Oregon","huc":"170900020204","type":"ST","d0":"2026-09-07","t":[15.5,16.1,17.0,17.5,17.9,17.0,16.0,15.7,15.3,15.3,15.6,15.7,15.6,16.0,16.2,16.0,15.6,15.3,15.2,14.7,14.5,13.8,13.5,13.9,14.5,14.8,15.0,15.3,15.5,15.0],"q":[47.3,34.6,28.8,25.4,22.8,21.9,31.3,47.3,38.0,31.1,27.3,25.1,23.9,22.8,22.0,21.1,20.8,20.9,37.0,43.6,34.1,28.5,25.3,23.4,22.5,22.2,21.7,21.0,20.2,19.0],"latest":{"d":"2026-10-06","t":15.0,"q":19.0}}},{"type":"Feature","geometry":{"type":"Point","coordinates":[-122.99147,43.7929]},"properties":{"site":"14155500","name":"ROW RIVER NEAR COTTAGE GROVE, OR","state":"Oregon","huc":"170900020205","type":"ST","d0":"2026-09-07","t":[16.0,16.1,16.4,16.5,16.2,15.6,15.8,16.4,15.8,16.1,16.5,16.6,16.8,17.2,17.3,17.7,17.8,18.4,18.6,18.8,18.9,18.9,18.9,18.9,18.8,18.8,18.8,18.8,18.8,18.8],"q":[107,107,107,107,107,108,108,107,114,163,241,245,245,245,251,260,251,264,293,293,341,421,501,542,546,581,600,599,577,517],"latest":{"d":"2026-10-06","t":18.8,"q":517}}},{"type":"Feature","geometry":{"type":"Point","coordinates":[-122.96647,43.9804]},"properties":{"site":"14157500","name":"COAST FORK WILLAMETTE RIVER NEAR GOSHEN, OR","state":"Oregon","huc":"170900020405","type":"ST","d0":"2026-09-07","t":[18.7,19.1,19.6,20.0,19.6,18.6,17.8,18.4,17.8,17.6,18.1,18.3,17.9,18.1,18.4,18.1,17.9,17.6,18.0,17.7,17.6,17.6,17.9,18.7,18.6,18.5,18.7,18.6,18.7,18.3],"q":[192,182,176,176,176,177,186,181,184,195,400,427,428,429,428,447,430,442,499,495,497,612,659,734,743,764,801,800,789,743],"latest":{"d":"2026-10-06","t":18.3,"q":743}}},{"type":"Feature","geometry":{"type":"Point","coordinates":[-121.99562,44.36095]},"properties":{"site":"14158500","name":"MCKENZIE RIVER AT OUTLET OF CLEAR LAKE, OR","state":"Oregon","huc":"170900040202","type":"ST","d0":"2026-09-07","t":[8.6,9.1,9.2,9.4,9.4,8.6,7.4,8.0,8.2,8.3,8.1,8.2,8.4,8.6,8.8,8.8,8.8,8.4,7.5,8.0,7.8,7.6,7.8,8.1,8.4,8.5,8.3,8.2,8.3,8.0],"q":[131,129,129,128,128,127,128,127,126,125,125,124,123,123,122,122,122,120,123,121,119,119,118,117,117,117,116,115,115,114],"latest":{"d":"2026-10-06","t":8.0,"q":114}}},{"type":"Feature","geometry":{"type":"Point","coordinates":[-122.03681,44.28639]},"properties":{"site":"14158740","name":"MCKENZIE RIVER BL PAYNE CR, NR BELKNAP SPRINGS, OR","state":"Oregon","huc":"170900040204","type":"ST","d0":"2026-09-07","t":[6.0,6.0,6.0,6.1,6.1,5.9,5.9,6.0,5.9,5.9,6.0,6.0,6.0,6.0,6.0,6.1,6.0,6.0,5.9,5.9,5.9,5.9,6.0,6.0,6.0,6.0,6.0,6.0,6.0,6.0],"q":[186,186,186,186,185,181,181,187,191,193,190,190,190,190,190,189,188,188,190,187,187,186,186,186,186,186,186,185,181,181],"latest":{"d":"2026-10-06","t":6.0,"q":181}}},{"type":"Feature","geometry":{"type":"Point","coordinates":[-122.04701,44.33457]},"properties":{"site":"14158790","name":"SMITH RIVER ABV SMITH R RESV,NR BELKNAP SPRNGS,OR","state":"Oregon","huc":"170900040203","type":"ST","d0":"2026-09-07","t":[11.3,11.0,11.5,12.0,12.5,11.5,10.8,11.0,10.6,10.8,11.1,11.3,11.0,11.3,11.7,12.1,11.3,11.1,11.1,9.9,9.3,8.9,9.1,10.0,10.4,10.8,10.8,10.9,11.0,10.5],"q":[4.09,3.6,3.45,3.29,3.28,3.32,4.55,4.04,3.46,3.31,3.24,3.11,3.11,3.09,2.94,2.94,2.94,2.95,4.85,4.26,3.34,3.11,3.11,3.11,3.1,2.94,2.94,2.93,2.78,2.78],"latest":{"d":"2026-10-06","t":10.5,"q":2.78}}},{"type":"Feature","geometry":{"type":"Point","coordinates":[-122.04858,44.28989]},"properties":{"site":"14158798","name":"SMITH RIVER ABV TRAIL BRDG RESV NR BELKNAP SPRINGS","state":"Oregon","huc":"170900040203","type":"ST","d0":"2026-09-07","t":[10.4,10.3,10.9,11.4,11.7,10.7,10.0,10.3,9.9,10.0,10.4,10.7,10.6,10.9,11.1,11.5,10.8,10.6,10.4,9.6,9.3,8.9,9.2,9.8,10.3,10.6,10.7,10.9,11.5,11.0],"q":[4.48,4.36,4.34,4.35,4.34,4.32,4.71,4.46,4.35,4.33,4.34,4.33,4.29,4.28,4.28,4.28,4.25,4.25,4.97,4.52,4.31,4.24,4.24,4.27,4.26,null,null,4.23,219,245],"latest":{"d":"2026-10-06","t":11.0,"q":245}}},{"type":"Feature","geometry":{"type":"Point","coordinates":[-122.04978,44.2679]},"properties":{"site":"14158850","name":"MCKENZIE R BLW TRAIL BR DAM NR BELKNAP SPRINGS, OR","state":"Oregon","huc":"170900040206","type":"ST","d0":"2026-09-07","t":[8.6,8.7,8.7,8.7,8.8,8.6,8.4,8.5,8.4,8.5,8.3,8.4,8.4,8.5,8.4,8.5,8.4,8.4,8.2,8.4,8.3,8.2,8.2,8.3,8.3,8.3,8.3,8.2,8.8,9.2],"q":[580,580,581,581,581,581,581,577,574,574,574,574,574,574,574,574,571,572,575,576,575,576,575,575,576,576,579,577,581,580],"latest":{"d":"2026-10-06","t":9.2,"q":580}}},{"type":"Feature","geometry":{"type":"Point","coordinates":[-122.154,44.16269]},"properties":{"site":"14159100","name":"HORSE CREEK NEAR MCKENZIE BRIDGE, OR","state":"Oregon","huc":"170900040105","type":"ST","d0":"2026-09-07","t":[9.5,9.5,10.1,10.4,10.6,9.5,9.1,9.2,8.9,9.4,9.6,9.7,9.5,9.8,9.9,10.1,null,null,null,null,null,null,null,null,null,null,null,null,null,null],"q":[249,240,236,232,230,232,258,245,236,235,234,234,231,230,230,231,null,null,null,null,null,null,null,null,null,null,null,null,null,null],"latest":{"d":"2026-09-22","t":10.1,"q":231}}},{"type":"Feature","geometry":{"type":"Point","coordinates":[-122.085,43.95703]},"properties":{"site":"14159130","name":"SF MCKENZIE RIVER ABV ROARING R NR COUGAR DAM, OR","state":"Oregon","huc":"170900040302","type":"ST","d0":"2026-09-07","t":[7.9,7.9,8.3,8.4,8.5,7.9,7.9,7.7,7.7,8.0,8.0,8.0,7.9,8.2,8.2,8.4,7.9,7.9,8.0,7.6,7.6,null,7.5,7.7,7.9,8.0,8.0,8.1,8.2,7.8],"q":[72.2,71.3,null,null,70.0,70.2,73.3,71.3,70.7,70.5,70.5,70.1,70.0,69.9,69.9,69.9,69.9,69.9,71.0,70.4,69.9,null,null,69.5,69.5,69.3,69.3,69.1,69.0,68.8],"latest":{"d":"2026-10-06","t":7.8,"q":68.8}}},{"type":"Feature","geometry":{"type":"Point","coordinates":[-122.21782,44.04707]},"properties":{"site":"14159200","name":"SO FK MCKENZIE RIVER ABV COUGAR LAKE NR RAINBOW OR","state":"Oregon","huc":"170900040307","type":"ST","d0":"2026-09-07","t":[9.6,9.5,10.0,10.2,10.4,9.2,9.1,9.3,8.8,9.3,9.3,9.5,9.4,9.6,9.5,9.9,9.1,9.2,9.2,8.9,8.8,8.6,8.6,8.8,9.0,9.3,9.1,9.3,9.3,8.9],"q":[195,189,187,185,184,185,204,197,190,187,186,185,184,182,182,181,181,181,191,189,184,182,181,180,180,179,179,178,177,177],"latest":{"d":"2026-10-06","t":8.9,"q":177}}},{"type":"Feature","geometry":{"type":"Point","coordinates":[-122.24839,44.13596]},"properties":{"site":"14159500","name":"SOUTH FORK MCKENZIE RIVER NEAR RAINBOW, OR","state":"Oregon","huc":"170900040308","type":"ST","d0":"2026-09-07","t":[12.7,12.8,12.9,13.1,13.2,13.0,13.2,13.2,13.2,13.3,13.4,13.5,13.4,13.5,13.6,13.6,13.5,13.7,13.6,13.7,13.6,13.6,13.8,13.8,13.8,13.8,13.8,13.8,14.0,14.0],"q":[340,337,341,null,353,348,354,345,349,345,344,346,347,344,345,350,349,345,345,346,348,342,379,352,351,354,348,354,347,333],"latest":{"d":"2026-10-06","t":14.0,"q":333}}},{"type":"Feature","geometry":{"type":"Point","coordinates":[-122.25673,44.20957]},"properties":{"site":"14161500","name":"LOOKOUT CREEK NEAR BLUE RIVER, OR","state":"Oregon","huc":"170900040401","type":"ST","d0":"2026-09-07","t":[13.5,13.4,14.0,14.2,14.5,13.5,13.0,13.3,12.9,13.0,13.3,13.4,13.2,13.5,13.8,14.0,13.1,13.0,13.1,12.2,12.0,11.7,11.9,12.4,12.6,12.9,12.7,12.8,12.9,12.5],"q":[14.2,12.4,11.1,9.6,9.44,9.43,11.5,11.4,10.0,9.63,9.38,8.97,8.78,8.72,8.42,8.42,8.42,8.47,11.7,11.8,9.91,9.02,8.72,8.38,8.67,8.42,8.42,8.36,8.06,8.06],"latest":{"d":"2026-10-06","t":12.5,"q":8.06}}},{"type":"Feature","geometry":{"type":"Point","coordinates":[-122.31481,44.1845]},"properties":{"site":"14162050","name":"NF QUARTZ CREEK NEAR BLUE RIVER, OR","state":"Oregon","huc":"170900040403","type":"ST","d0":"2026-09-07","t":[14.6,14.8,15.5,15.9,15.8,14.4,13.7,14.2,13.8,14.1,14.6,14.7,14.5,15.0,15.3,15.3,14.1,14.2,14.0,12.8,12.8,12.6,12.9,13.5,13.9,14.2,14.1,14.2,14.3,13.8],"q":[1.71,1.39,1.3,1.24,1.22,1.2,1.68,1.64,1.32,1.26,1.21,1.19,1.18,1.15,1.14,1.13,1.1,1.13,1.97,1.64,1.25,1.16,1.13,1.11,1.1,1.09,1.09,1.06,1.04,1.03],"latest":{"d":"2026-10-06","t":13.8,"q":1.03}}},{"type":"Feature","geometry":{"type":"Point","coordinates":[-122.33312,44.16235]},"properties":{"site":"14162200","name":"BLUE RIVER AT BLUE RIVER, OR","state":"Oregon","huc":"170900040403","type":"ST","d0":"2026-09-07","t":[18.6,18.8,19.0,19.1,19.2,19.2,19.3,19.4,19.5,19.5,19.6,19.5,19.4,19.5,19.5,19.5,19.5,19.5,19.6,19.6,19.2,19.0,18.9,18.8,18.8,18.9,19.0,19.0,18.9,18.9],"q":[153,153,153,153,152,151,151,150,150,150,150,149,149,149,149,149,148,148,218,241,240,239,238,237,245,250,248,247,213,199],"latest":{"d":"2026-10-06","t":18.9,"q":199}}},{"type":"Feature","geometry":{"type":"Point","coordinates":[-122.35521,44.10798]},"properties":{"site":"14162440","name":"QUARTZ CREEK BLW CANE CREEK NEAR FINN ROCK, OR","state":"Oregon","huc":"170900040501","type":"ST","d0":"2026-09-07","t":[15.6,16.3,17.3,17.7,17.8,15.4,14.6,14.9,14.3,14.8,15.5,16.0,15.9,16.4,16.6,16.6,15.4,15.3,14.8,14.4,14.1,13.8,13.8,14.8,15.2,15.5,15.4,15.5,15.5,14.8],"q":[8.29,7.18,6.57,6.09,5.76,5.81,9.81,10.7,7.83,7.05,6.6,6.23,6.22,6.08,5.81,5.75,5.69,5.81,8.98,10.9,7.97,6.89,6.46,6.31,6.26,6.18,6.04,5.83,5.62,5.46],"latest":{"d":"2026-10-06","t":14.8,"q":5.46},"sensor":"WQMONITOR"}},{"type":"Feature","geometry":{"type":"Point","coordinates":[-122.47062,44.12485]},"properties":{"site":"14162500","name":"MCKENZIE RIVER NEAR VIDA, OR","state":"Oregon","huc":"170900040702","type":"ST","d0":"2026-09-07","t":[12.8,13.0,13.5,13.6,13.6,12.0,11.8,12.8,11.9,12.3,12.6,12.9,12.8,13.1,13.2,13.1,12.3,12.2,12.3,12.4,12.4,12.2,12.3,12.8,12.9,13.0,12.9,12.8,12.9,12.6],"q":[1770,1730,1720,1730,1720,1740,1800,1760,1740,1720,1710,1710,1710,1700,1700,1700,1710,1690,1830,1850,1830,1810,1830,1820,1800,1830,1810,1810,1780,1730],"latest":{"d":"2026-10-06","t":12.6,"q":1730}}},{"type":"Feature","geometry":{"type":"Point","coordinates":[-122.57303,44.14609]},"properties":{"site":"14163000","name":"GATE CREEK AT VIDA, OR","state":"Oregon","huc":"170900040701","type":"ST","d0":"2026-09-07","t":[15.9,16.7,17.9,18.3,17.8,15.7,15.2,16.1,15.0,15.3,16.0,16.4,15.9,16.4,16.6,16.2,15.0,14.8,15.3,14.2,13.7,13.4,13.9,15.3,15.4,15.6,15.6,15.6,15.7,14.9],"q":[25.9,19.5,17.3,16.0,15.4,16.1,20.6,22.3,18.5,17.6,16.4,15.8,15.9,15.5,15.3,15.3,15.2,15.4,27.8,24.7,19.1,17.1,16.2,15.7,15.5,15.4,15.0,14.7,14.5,14.1],"latest":{"d":"2026-10-06","t":14.9,"q":14.1}}},{"type":"Feature","geometry":{"type":"Point","coordinates":[-122.62757,44.12374]},"properties":{"site":"14163150","name":"MCKENZIE RIVER BLW LEABURG DAM, NR LEABURG, OR","state":"Oregon","huc":"170900040703","type":"ST","d0":"2026-09-07","t":[13.0,13.9,14.4,14.6,14.6,13.3,12.3,13.1,12.9,12.8,13.3,13.4,13.6,13.8,14.0,13.8,13.2,12.8,13.1,12.8,12.9,12.7,12.8,13.4,13.6,13.7,13.6,13.5,13.6,13.3],"q":[1780,1730,1730,1730,1720,1740,1790,1770,1740,1730,1720,1720,1720,1710,1710,1710,1720,1710,1840,1860,1840,1810,1830,1820,1800,1830,1810,1810,1790,1740],"latest":{"d":"2026-10-06","t":13.3,"q":1740}}},{"type":"Feature","geometry":{"type":"Point","coordinates":[-122.77119,44.06985]},"properties":{"site":"14163900","name":"MCKENZIE RIVER NEAR WALTERVILLE, OR","state":"Oregon","huc":"170900040706","type":"ST","d0":"2026-09-07","t":[13.4,14.5,15.0,15.3,15.1,14.0,12.8,13.4,13.5,13.2,13.7,13.9,14.1,14.3,14.5,14.3,13.7,13.2,13.4,13.0,13.2,13.0,13.0,13.7,13.9,14.0,14.1,13.9,14.0,13.7],"q":[1740,1700,1690,1690,1680,1700,1750,1740,1730,1730,1720,1720,1720,1710,1710,1710,1710,1700,1820,1850,1820,1800,1800,1830,1790,1810,1800,1790,1790,1730],"latest":{"d":"2026-10-06","t":13.7,"q":1730}}},{"type":"Feature","geometry":{"type":"Point","coordinates":[-122.88467,44.07067]},"properties":{"site":"14164550","name":"CAMP CRK AT CAMP CRK RD BRIDGE, NR SPRINGFIELD, OR","state":"Oregon","huc":"170900040705","type":"ST","d0":"2026-09-07","t":[15.6,15.8,16.3,16.7,16.5,15.5,15.1,15.2,14.7,14.7,15.1,15.3,14.9,15.0,15.3,15.2,14.6,14.3,14.7,14.3,13.8,13.0,12.9,13.9,14.2,14.3,14.3,14.3,14.6,14.1],"q":[4.16,2.9,2.57,2.39,2.24,2.28,2.59,3.56,2.79,2.53,2.39,2.28,2.49,2.45,2.39,2.43,2.35,2.27,3.32,3.53,2.95,2.57,2.42,2.34,2.26,2.34,2.32,2.25,2.25,2.25],"latest":{"d":"2026-10-06","t":14.1,"q":2.25}}},{"type":"Feature","geometry":{"type":"Point","coordinates":[-122.91966,44.05935]},"properties":{"site":"14164700","name":"CEDAR CREEK AT SPRINGFIELD, OR","state":"Oregon","huc":"170900040706","type":"ST","d0":"2026-09-07","t":[15.9,16.2,16.7,17.0,16.6,15.5,15.1,15.7,14.9,14.8,15.3,15.4,15.1,15.1,15.2,15.2,14.6,14.5,14.9,14.7,14.1,13.6,13.7,15.0,15.1,15.1,15.1,15.1,15.2,14.5],"q":[4.58,4.54,4.9,4.29,5.83,5.91,4.18,3.9,5.51,5.06,3.93,3.33,3.41,3.48,3.51,3.66,3.24,3.26,3.89,3.9,4.52,4.68,4.2,4.02,4.2,3.93,4.32,4.49,4.93,4.81],"latest":{"d":"2026-10-06","t":14.5,"q":4.81}}},{"type":"Feature","geometry":{"type":"Point","coordinates":[-122.96453,44.07124]},"properties":{"site":"14164900","name":"McKENZIE RIVER ABV HAYDEN BR, AT SPRINGFIELD,OR","state":"Oregon","huc":"170900040706","type":"ST","d0":"2026-09-07","t":[14.4,15.3,15.9,16.3,16.0,14.9,13.7,14.3,14.2,13.9,14.5,14.5,14.7,14.9,15.1,15.1,14.5,13.9,14.0,13.8,13.7,13.5,13.6,14.4,14.6,14.7,14.7,14.6,14.7,14.3],"q":[1700,1630,1610,1600,1600,1620,1680,1690,1650,1630,1600,1600,1610,1600,1590,1600,1600,1590,1720,1790,1740,1710,1700,1740,1690,1720,1700,1700,1700,1630],"latest":{"d":"2026-10-06","t":14.3,"q":1630}}},{"type":"Feature","geometry":{"type":"Point","coordinates":[-122.95731,44.0929]},"properties":{"site":"14165000","name":"MOHAWK RIVER NEAR SPRINGFIELD, OR","state":"Oregon","huc":"170900040605","type":"ST","d0":"2026-09-07","t":[17.5,18.1,19.2,19.9,19.5,18.0,17.0,17.5,16.6,16.8,17.4,17.6,17.4,17.6,17.9,17.7,16.9,16.4,16.5,15.9,15.6,15.2,15.4,17.0,17.2,17.3,17.5,17.4,17.7,16.9],"q":[53.7,31.1,26.2,23.3,21.4,21.1,26.5,32.2,27.7,25.1,23.3,21.8,21.9,22.1,21.5,21.5,21.3,21.0,27.0,35.8,28.7,24.9,23.1,22.1,21.7,21.5,21.2,20.9,20.5,19.4],"latest":{"d":"2026-10-06","t":16.9,"q":19.4}}},{"type":"Feature","geometry":{"type":"Point","coordinates":[-123.04697,44.11306]},"properties":{"site":"14165500","name":"MCKENZIE RIVER NEAR COBURG, OR","state":"Oregon","huc":"170900040706","type":"ST","d0":"2026-09-07","t":[16.1,16.4,16.8,16.7,16.5,15.8,15.0,15.6,15.5,15.5,15.5,15.5,15.3,15.6,15.6,15.7,15.4,14.9,14.8,14.9,14.7,14.6,14.5,15.4,15.4,15.4,15.3,15.5,15.5,15.4],"q":[1880,1790,1760,1750,1740,1760,1810,1830,1800,1770,1750,1740,1750,1740,1730,1740,1740,1740,1840,1920,1880,1840,1850,1860,1820,1840,1830,1830,1830,1770],"latest":{"d":"2026-10-06","t":15.4,"q":1770}}},{"type":"Feature","geometry":{"type":"Point","coordinates":[-123.1737,44.2704]},"properties":{"site":"14166000","name":"WILLAMETTE RIVER AT HARRISBURG, OR","state":"Oregon","huc":"170900030602","type":"ST","d0":"2026-09-07","t":[17.0,17.6,18.3,18.7,18.3,16.9,16.1,16.4,16.5,16.6,17.4,17.3,16.6,17.1,17.5,17.4,17.1,16.7,16.8,16.2,16.2,16.3,16.5,17.2,17.4,17.5,17.7,17.6,17.6,17.1],"q":[4090,3990,3980,null,3940,3910,3970,4060,4200,4020,3810,3830,3830,3840,3830,3820,3820,3830,3970,4060,4030,4040,4080,4160,4090,4090,4120,4130,4090,3900],"latest":{"d":"2026-10-06","t":17.1,"q":3900}}},{"type":"Feature","geometry":{"type":"Point","coordinates":[-123.42621,44.04984]},"properties":{"site":"14166500","name":"LONG TOM RIVER NEAR NOTI, OR","state":"Oregon","huc":"170900030107","type":"ST","d0":"2026-09-07","t":[15.1,15.2,15.4,15.8,15.6,14.8,14.4,14.1,13.5,13.7,14.2,14.7,14.6,14.7,15.2,15.3,14.6,13.9,14.2,13.4,12.5,12.1,12.2,13.2,13.4,13.5,13.9,14.0,14.2,13.8],"q":[21.7,18.3,16.5,14.7,14.4,14.3,19.6,19.5,16.7,15.2,14.9,14.2,14.3,14.5,14.8,14.7,13.9,13.4,23.4,25.0,18.9,16.9,15.9,15.5,15.5,14.8,14.3,14.0,13.4,13.0],"latest":{"d":"2026-10-06","t":13.8,"q":13.0}}},{"type":"Feature","geometry":{"type":"Point","coordinates":[-123.30031,44.12261]},"properties":{"site":"14169000","name":"LONG TOM RIVER NEAR ALVADORE, OR","state":"Oregon","huc":"170900030109","type":"ST","d0":"2026-09-07","t":[18.2,18.0,18.1,18.4,18.7,18.9,18.9,18.5,17.9,18.0,18.1,18.4,18.1,18.2,18.1,18.1,18.3,18.1,18.3,17.9,17.5,17.2,17.0,17.0,7.2,-0.1,-0.1,-0.1,-0.1,-0.1],"q":[68.6,68.8,69.1,69.2,68.7,68.7,68.7,68.8,68.8,69.7,70.2,70.1,70.0,70.1,70.4,70.3,69.9,70.1,null,null,null,null,null,null,null,67.4,68.0,68.2,68.4,68.4],"latest":{"d":"2026-10-06","t":-0.1,"q":68.4}}},{"type":"Feature","geometry":{"type":"Point","coordinates":[-123.29636,44.31283]},"properties":{"site":"14170000","name":"LONG TOM RIVER AT MONROE, OR","state":"Oregon","huc":"170900030110","type":"ST","d0":"2026-09-07","t":[18.5,19.3,19.9,20.2,19.9,18.7,17.7,17.9,17.6,17.9,18.6,18.6,18.1,18.1,18.2,18.3,18.2,17.7,17.5,16.9,16.8,16.6,16.5,17.5,17.9,18.0,18.3,18.3,18.6,18.1],"q":[86.5,76.9,74.9,70.7,68.1,68.1,73.4,77.9,71.5,64.7,58.8,56.7,63.8,67.0,64.7,65.6,65.9,67.6,77.0,92.7,81.9,108,73.5,67.7,66.1,66.0,65.6,64.4,59.2,58.6],"latest":{"d":"2026-10-06","t":18.1,"q":58.6}}},{"type":"Feature","geometry":{"type":"Point","coordinates":[-123.334,44.525]},"properties":{"site":"14171000","name":"MARYS RIVER NEAR PHILOMATH, OR","state":"Oregon","huc":"170900030205","type":"ST","d0":"2026-09-07","t":[15.7,16.1,16.7,17.3,17.0,16.1,15.2,15.0,15.0,15.2,15.8,15.8,15.6,15.9,16.2,16.5,15.9,15.4,15.3,14.6,14.1,13.8,14.0,14.8,15.1,15.6,15.8,15.9,16.0,15.7],"q":[40.6,31.1,21.4,15.4,13.0,11.9,12.9,13.3,13.8,13.5,11.8,10.8,11.5,11.1,10.4,10.6,9.89,9.99,14.4,16.8,13.6,14.8,12.3,11.2,10.8,9.26,9.51,9.2,8.62,8.58],"latest":{"d":"2026-10-06","t":15.7,"q":8.58}}},{"type":"Feature","geometry":{"type":"Point","coordinates":[-123.25681,44.56636]},"properties":{"site":"14171600","name":"WILLAMETTE RIVER AT CORVALLIS, OR","state":"Oregon","huc":"170900030609","type":"ST","d0":"2026-09-07","t":[17.6,17.9,18.7,19.2,18.9,17.9,16.6,16.6,16.8,16.9,17.6,17.7,17.2,17.1,17.7,17.9,17.4,17.0,16.9,16.5,16.3,16.4,16.6,17.3,17.5,17.8,18.0,18.0,17.9,17.7],"q":[4740,4600,4530,4490,4450,4440,4460,4550,4710,4620,4360,4280,4270,4290,4280,4260,4270,4280,4420,4570,4580,4540,4610,4630,4630,4580,4610,4630,4630,4430],"latest":{"d":"2026-10-06","t":17.7,"q":4430}}},{"type":"Feature","geometry":{"type":"Point","coordinates":[-123.12847,44.62003]},"properties":{"site":"14173500","name":"CALAPOOIA RIVER AT ALBANY, OR","state":"Oregon","huc":"170900030403","type":"ST","d0":"2026-09-07","t":[18.4,19.2,20.0,20.6,20.3,19.2,17.7,17.6,17.7,18.1,18.9,18.6,17.9,17.9,18.4,18.7,18.1,17.4,17.0,16.8,16.5,16.3,16.4,null,null,18.0,18.4,18.4,18.3,18.1],"q":[49.0,54.0,46.9,36.5,30.7,24.6,24.0,23.8,25.8,30.0,31.6,28.0,26.3,24.9,21.8,21.6,22.5,24.2,28.8,23.9,28.2,46.5,38.7,null,null,26.6,23.2,22.6,21.3,20.2],"latest":{"d":"2026-10-06","t":18.1,"q":20.2}}},{"type":"Feature","geometry":{"type":"Point","coordinates":[-123.10676,44.63873]},"properties":{"site":"14174000","name":"WILLAMETTE RIVER AT ALBANY, OR","state":"Oregon","huc":"170900030610","type":"ST","d0":"2026-09-07","t":[18.0,18.4,19.1,19.7,19.5,18.5,17.0,17.0,17.1,17.4,18.0,18.1,17.6,17.5,18.0,18.3,17.8,17.4,17.1,16.9,16.6,16.7,16.9,17.6,17.9,18.2,18.5,18.5,18.4,18.1],"q":[4710,4610,4490,4430,4370,4350,4340,4390,4520,4550,4310,4150,4150,4170,4160,4150,4150,4160,4300,4420,4500,4460,4490,4520,4590,4490,4530,4570,4590,4500],"latest":{"d":"2026-10-06","t":18.1,"q":4500}}},{"type":"Feature","geometry":{"type":"Point","coordinates":[-121.966,44.59908]},"properties":{"site":"14174450","name":"NORTH SANTIAM RIVER NR MARION FORKS, OR","state":"Oregon","huc":"170900050205","type":"ST","d0":"2026-09-07","t":[8.0,7.7,null,null,8.1,7.4,7.4,7.7,7.3,7.7,7.7,7.8,7.6,7.8,7.9,8.1,7.4,7.5,7.6,7.3,6.9,null,7.0,7.4,7.5,7.6,7.4,7.5,7.5,7.1],"q":[63.7,61.2,null,null,59.0,59.9,63.0,61.3,59.7,59.2,58.6,58.3,58.0,57.7,57.6,57.5,57.2,57.2,64.2,62.7,59.1,null,57.6,57.4,57.3,57.0,56.7,56.6,56.3,56.1],"latest":{"d":"2026-10-06","t":7.1,"q":56.1}}},{"type":"Feature","geometry":{"type":"Point","coordinates":[-122.10119,44.70679]},"properties":{"site":"14178000","name":"NO SANTIAM R BLW BOULDER CRK, NR DETROIT, OR","state":"Oregon","huc":"170900050208","type":"ST","d0":"2026-09-07","t":[11.8,11.4,11.9,12.5,12.5,10.9,10.5,11.3,10.6,11.0,11.0,11.6,11.3,11.5,11.8,12.2,10.9,10.6,10.8,10.2,9.8,9.5,10.0,11.1,11.0,11.3,10.8,10.8,10.9,10.4],"q":[346,326,315,311,311,307,324,317,309,306,304,302,299,299,298,295,295,296,316,317,302,296,294,296,294,292,290,290,290,287],"latest":{"d":"2026-10-06","t":10.4,"q":287}}},{"type":"Feature","geometry":{"type":"Point","coordinates":[-121.99689,44.77794]},"properties":{"site":"14178610","name":"BREITENBUSH RIVER BLW BREITENBUSH HOT SPRINGS, OR","state":"Oregon","huc":"170900050104","type":"ST","d0":"2026-09-07","t":[10.7,10.4,10.8,11.2,11.1,10.0,9.8,10.4,9.8,10.5,10.3,10.5,10.3,10.5,10.7,null,null,null,null,null,null,null,null,null,null,null,null,null,null,null],"q":[103,98.9,96.2,94.5,92.9,93.6,98.1,96.0,93.8,91.7,90.6,89.6,88.8,88.0,87.2,87.4,null,null,null,null,null,null,null,null,null,null,null,null,null,null],"latest":{"d":"2026-09-21","t":10.7,"q":87.2}}},{"type":"Feature","geometry":{"type":"Point","coordinates":[-122.12896,44.75262]},"properties":{"site":"14179000","name":"BREITENBUSH R ABV FRENCH CR NR DETROIT, OR.","state":"Oregon","huc":"170900050105","type":"ST","d0":"2026-09-07","t":[12.4,12.3,12.7,13.3,13.3,11.7,11.2,12.0,11.3,11.9,11.9,12.2,12.1,12.4,12.6,12.8,11.5,11.3,11.3,10.8,10.4,10.0,10.7,12.0,11.9,11.9,11.6,11.5,11.6,11.1],"q":[128,121,117,115,113,113,null,117,114,111,null,109,108,107,106,106,105,105,116,115,108,106,106,106,105,104,104,103,102,102],"latest":{"d":"2026-10-06","t":11.1,"q":102}}},{"type":"Feature","geometry":{"type":"Point","coordinates":[-122.13091,44.6529]},"properties":{"site":"14180300","name":"BLOWOUT CREEK NEAR DETROIT, OR","state":"Oregon","huc":"170900050301","type":"ST","d0":"2026-09-07","t":[12.5,12.0,12.6,13.2,13.2,12.0,11.8,12.2,11.5,11.6,11.8,12.1,11.9,12.3,12.6,12.7,11.6,11.6,11.8,11.1,10.4,10.0,10.4,11.6,11.8,12.0,11.7,11.7,11.8,11.3],"q":[6.83,5.83,5.29,4.63,4.44,4.42,5.63,5.42,5.09,4.72,4.58,4.28,4.2,4.09,3.87,3.83,3.85,3.91,7.2,6.82,5.6,5.02,4.58,4.28,4.24,4.01,3.87,3.87,3.83,3.56],"latest":{"d":"2026-10-06","t":11.3,"q":3.56}}},{"type":"Feature","geometry":{"type":"Point","coordinates":[-122.29744,44.75378]},"properties":{"site":"14181500","name":"NORTH SANTIAM RIVER AT NIAGARA, OR","state":"Oregon","huc":"170900050401","type":"ST","d0":"2026-09-07","t":[10.2,10.4,10.6,10.8,10.9,11.0,11.1,11.4,11.5,11.7,11.8,12.0,12.3,12.3,12.3,12.5,12.7,12.7,12.8,13.2,13.2,13.2,13.3,13.6,13.8,13.7,13.8,13.8,13.9,14.0],"q":[1580,1580,1580,1580,1570,1580,1580,1580,1580,1590,1590,1540,1520,1530,1520,1530,1550,1530,1520,1540,1520,1530,1530,1550,1520,1530,1530,1520,1530,1520],"latest":{"d":"2026-10-06","t":14.0,"q":1520}}},{"type":"Feature","geometry":{"type":"Point","coordinates":[-122.57897,44.79151]},"properties":{"site":"14182500","name":"LITTLE NORTH SANTIAM RIVER NEAR MEHAMA, OR","state":"Oregon","huc":"170900050505","type":"ST","d0":"2026-09-07","t":[17.7,18.3,19.5,20.1,19.3,17.6,16.4,16.7,16.5,17.1,17.4,17.0,17.1,17.8,17.9,17.5,16.8,16.5,16.1,15.4,15.4,15.2,15.2,17.2,17.6,17.9,17.7,17.7,17.7,17.0],"q":[68.6,64.1,59.7,57.1,55.2,54.1,58.4,74.2,68.9,62.3,58.7,56.7,56.3,55.1,54.0,53.2,52.2,51.9,55.0,76.2,69.2,62.3,59.8,58.8,58.1,57.2,56.0,55.1,54.1,52.9],"latest":{"d":"2026-10-06","t":17.0,"q":52.9}}},{"type":"Feature","geometry":{"type":"Point","coordinates":[-122.97311,44.70794]},"properties":{"site":"14184100","name":"NORTH SANTIAM R AT GREENS BRIDGE, NR JEFFERSON, OR","state":"Oregon","huc":"170900050604","type":"ST","d0":"2026-09-07","t":[13.8,14.5,15.0,15.3,15.0,14.2,13.2,13.7,14.0,14.3,14.8,14.5,13.9,14.8,15.0,15.0,14.6,14.3,14.7,14.2,14.4,14.2,14.6,15.7,15.7,15.8,15.8,15.7,15.7,15.5],"q":[1120,1110,1100,1110,1100,1110,1120,1120,1120,1120,1110,1090,1060,1070,1060,1060,1080,1080,1080,1090,1090,1090,1080,1090,1100,1080,1080,1080,1080,1070],"latest":{"d":"2026-10-06","t":15.5,"q":1070}}},{"type":"Feature","geometry":{"type":"Point","coordinates":[-122.49758,44.39179]},"properties":{"site":"14185000","name":"SOUTH SANTIAM RIVER BELOW CASCADIA, OR","state":"Oregon","huc":"170900060401","type":"ST","d0":"2026-09-07","t":[14.4,14.4,14.8,15.3,15.1,14.6,14.3,14.0,13.7,13.7,13.9,14.1,13.8,13.8,14.2,14.4,13.8,13.7,13.7,12.8,12.1,11.5,11.6,12.4,12.7,13.0,13.1,13.0,13.1,12.9],"q":[66.1,51.4,45.1,41.2,38.6,38.1,45.5,52.3,46.9,43.1,40.5,38.5,37.4,36.3,36.0,35.1,34.5,34.3,54.3,76.5,56.6,46.8,42.3,39.7,38.4,37.4,36.3,35.7,34.6,33.6],"latest":{"d":"2026-10-06","t":12.9,"q":33.6}}},{"type":"Feature","geometry":{"type":"Point","coordinates":[-122.16906,44.50133]},"properties":{"site":"14185600","name":"MIDDLE SANTIAM RIVER NR SANTIAM JUNCTION, OR","state":"Oregon","huc":"170900060102","type":"ST","d0":"2026-09-07","t":[12.7,12.4,null,null,13.7,12.5,11.9,12.3,11.8,12.1,12.2,12.5,12.2,12.5,12.8,13.3,12.2,12.1,12.1,11.1,10.6,null,10.4,11.5,11.7,12.0,11.7,11.8,11.8,11.3],"q":[11.7,9.9,null,null,8.46,8.48,11.6,11.3,9.72,9.23,8.85,8.52,8.41,8.06,7.76,7.82,7.72,7.73,13.1,13.0,9.69,null,8.31,8.08,8.08,8.07,7.85,7.67,7.47,7.28],"latest":{"d":"2026-10-06","t":11.3,"q":7.28}}},{"type":"Feature","geometry":{"type":"Point","coordinates":[-122.335,44.58106]},"properties":{"site":"14185865","name":"QUARTZVILLE CREEK BLW GALENA CREEK NR CASCADIA, OR","state":"Oregon","huc":"170900060302","type":"ST","d0":"2026-09-07","t":[13.0,12.7,null,null,14.0,13.1,12.5,12.5,12.2,null,12.3,12.6,12.2,12.5,12.9,13.2,12.3,12.3,12.3,11.2,10.5,null,null,11.2,11.5,11.8,11.6,11.5,11.6,11.2],"q":[12.3,10.7,9.85,9.26,8.81,8.63,12.0,12.8,10.6,9.47,8.87,8.37,8.11,7.81,7.79,7.46,7.3,7.39,13.3,15.6,11.2,9.4,8.33,7.83,7.81,7.62,7.3,7.25,6.84,6.8],"latest":{"d":"2026-10-06","t":11.2,"q":6.8}}},{"type":"Feature","geometry":{"type":"Point","coordinates":[-122.43592,44.54012]},"properties":{"site":"14185900","name":"QUARTZVILLE CREEK NEAR CASCADIA, OR","state":"Oregon","huc":"170900060305","type":"ST","d0":"2026-09-07","t":[14.7,14.7,15.3,15.9,15.8,15.0,14.2,14.2,14.0,13.8,14.0,14.3,14.2,14.6,15.0,14.9,14.1,14.0,13.8,12.8,12.4,12.0,12.2,13.1,13.5,13.7,13.7,13.7,13.8,13.4],"q":[33.3,28.6,25.5,23.6,22.0,21.4,29.5,34.0,28.4,24.9,22.9,21.6,20.6,20.0,19.5,18.9,18.5,18.4,29.1,39.1,29.7,23.9,21.3,20.1,19.5,19.0,18.5,18.1,17.6,17.2],"latest":{"d":"2026-10-06","t":13.4,"q":17.2}}},{"type":"Feature","geometry":{"type":"Point","coordinates":[-122.62314,44.37235]},"properties":{"site":"14187000","name":"WILEY CREEK NEAR FOSTER, OR","state":"Oregon","huc":"170900060502","type":"ST","d0":"2026-09-07","t":[14.4,14.2,14.9,15.5,15.1,13.9,13.8,14.0,13.0,13.4,13.9,13.8,13.1,13.5,13.8,14.0,12.9,12.9,13.6,12.3,11.6,11.0,11.6,13.6,13.1,13.2,13.1,13.2,13.4,12.7],"q":[13.1,9.55,8.29,null,7.0,7.1,9.0,10.7,8.87,8.3,7.67,7.24,7.21,7.15,7.01,7.04,6.91,6.99,14.2,18.8,11.9,9.81,8.82,8.3,8.26,8.13,7.85,7.63,7.45,7.28],"latest":{"d":"2026-10-06","t":12.7,"q":7.28}}},{"type":"Feature","geometry":{"type":"Point","coordinates":[-122.6887,44.41235]},"properties":{"site":"14187200","name":"SOUTH SANTIAM RIVER NEAR FOSTER, OR","state":"Oregon","huc":"170900060801","type":"ST","d0":"2026-09-07","t":[11.8,11.8,12.3,12.6,12.2,12.2,12.4,12.6,12.8,12.9,13.2,13.3,13.6,13.8,14.0,14.3,14.5,14.8,15.0,15.1,15.2,15.4,15.6,15.8,16.0,15.6,15.1,15.0,15.0,15.1],"q":[1530,1530,1530,1540,1540,1380,1330,1330,1330,1340,1350,1350,1350,1340,1330,1340,1340,1340,1350,1340,1340,1340,1350,1350,1350,1350,1340,1330,1330,1340],"latest":{"d":"2026-10-06","t":15.1,"q":1340}}},{"type":"Feature","geometry":{"type":"Point","coordinates":[-122.82342,44.49846]},"properties":{"site":"14187500","name":"SOUTH SANTIAM RIVER AT WATERLOO, OR","state":"Oregon","huc":"170900060803","type":"ST","d0":"2026-09-07","t":[13.1,13.1,13.3,14.3,13.3,12.6,12.8,13.5,13.1,13.7,13.9,13.8,14.1,14.6,14.6,14.9,14.7,15.0,15.1,15.3,15.3,15.3,15.6,16.2,16.2,16.5,16.0,15.8,15.7,15.4],"q":[1540,1530,1530,1550,1550,1430,1350,1350,1360,1360,1370,1370,1370,1350,1340,1350,1350,1350,1370,1360,1350,1350,1350,1360,1360,1360,1350,1350,1340,1340],"latest":{"d":"2026-10-06","t":15.4,"q":1340}}},{"type":"Feature","geometry":{"type":"Point","coordinates":[-122.46592,44.61957]},"properties":{"site":"14188610","name":"SCHAFER CREEK NEAR LACOMB, OR","state":"Oregon","huc":"170900060601","type":"ST","d0":"2026-09-07","t":[9.7,9.5,10.2,10.6,10.2,9.6,9.2,9.3,9.1,9.4,9.9,9.9,9.3,9.8,10.2,9.8,9.3,9.6,9.5,8.1,8.2,7.9,8.2,9.2,9.5,9.7,9.6,9.9,9.8,9.2],"q":[0.26,0.22,0.18,0.15,0.13,0.13,0.22,0.21,0.17,0.15,0.14,0.13,0.12,0.11,0.11,0.1,0.1,0.1,0.33,0.3,0.24,0.24,0.23,0.22,0.22,0.2,0.19,0.18,0.18,0.17],"latest":{"d":"2026-10-06","t":9.2,"q":0.17}}},{"type":"Feature","geometry":{"type":"Point","coordinates":[-122.91925,44.67314]},"properties":{"site":"14188750","name":"CRABTREE CREEK NEAR SCIO, OR","state":"Oregon","huc":"170900060604","type":"ST","d0":"2026-09-07","t":[18.0,18.4,19.0,19.6,19.6,19.0,17.8,17.4,17.2,17.1,17.6,17.7,17.0,16.9,17.2,17.4,17.1,16.7,16.7,16.3,16.1,15.7,15.9,16.7,16.9,17.2,17.4,17.5,17.5,17.3],"q":[37.1,31.0,26.1,24.1,21.3,20.5,23.2,24.8,24.8,25.8,23.9,21.4,21.1,21.5,21.4,20.7,20.1,20.3,23.1,23.1,25.0,24.3,22.6,20.8,19.9,27.7,28.1,27.7,26.7,26.4],"latest":{"d":"2026-10-06","t":17.3,"q":26.4}}},{"type":"Feature","geometry":{"type":"Point","coordinates":[-122.77009,44.71207]},"properties":{"site":"14188800","name":"THOMAS CREEK NEAR SCIO, OR","state":"Oregon","huc":"170900060705","type":"ST","d0":"2026-09-07","t":[16.7,16.8,17.6,18.1,17.6,16.4,15.5,15.7,15.3,15.5,16.0,15.8,15.1,15.5,15.9,16.0,15.1,14.7,15.1,14.3,13.7,13.0,13.5,15.4,15.4,15.5,15.2,15.1,15.0,14.3],"q":[25.5,19.7,16.5,14.3,12.8,12.6,15.0,17.0,15.5,14.2,13.1,11.8,11.4,11.3,11.2,9.4,9.12,9.65,12.6,16.5,15.8,13.2,11.6,10.0,9.81,9.73,9.2,10.7,10.5,9.87],"latest":{"d":"2026-10-06","t":14.3,"q":9.87}}},{"type":"Feature","geometry":{"type":"Point","coordinates":[-123.23454,44.78318]},"properties":{"site":"14190500","name":"LUCKIAMUTE RIVER NEAR SUVER, OR","state":"Oregon","huc":"170900030512","type":"ST","d0":"2026-09-07","t":[16.5,16.7,17.3,18.0,17.6,17.0,16.0,15.9,15.6,15.8,16.5,16.5,16.2,16.3,16.7,17.0,16.5,16.1,16.2,15.2,14.6,14.1,14.6,15.4,15.5,15.8,15.9,15.9,15.8,15.7],"q":[111,86.2,67.5,58.4,51.0,47.4,50.7,63.9,59.0,53.3,49.3,44.9,42.0,43.9,43.7,39.1,37.9,40.1,45.9,81.7,83.9,62.9,54.7,51.3,48.6,47.1,45.1,46.2,48.6,47.7],"latest":{"d":"2026-10-06","t":15.7,"q":47.7}}},{"type":"Feature","geometry":{"type":"Point","coordinates":[-123.1623,44.73009]},"properties":{"site":"14190610","name":"LUCKIAMUTE RIVER NEAR BUENA VISTA, OR","state":"Oregon","huc":"170900030512","type":"ST","d0":"2026-09-07","t":[16.8,17.1,17.6,18.2,18.3,18.2,17.8,17.3,16.7,16.8,16.9,16.9,16.8,16.9,16.9,17.2,17.2,17.0,17.0,16.6,16.0,15.5,15.3,15.5,15.8,16.1,16.4,16.5,16.6,16.5],"q":[89.2,85.0,61.1,50.6,45.8,41.0,40.2,48.5,52.2,47.4,44.4,40.9,37.9,37.1,39.1,36.7,33.8,33.9,37.9,47.8,80.0,59.3,48.0,45.4,41.4,40.1,39.2,37.0,37.0,38.1],"latest":{"d":"2026-10-06","t":16.5,"q":38.1}}},{"type":"Feature","geometry":{"type":"Point","coordinates":[-122.96149,45.28456]},"properties":{"site":"14197900","name":"WILLAMETTE RIVER AT NEWBERG, OR","state":"Oregon","huc":"170900070307","type":"ST","d0":"2026-09-07","t":[null,null,null,null,null,null,null,17.0,16.6,16.4,17.2,17.6,17.4,17.1,17.2,17.7,17.6,17.4,17.0,16.5,16.3,16.3,16.5,16.8,17.1,17.5,17.9,18.1,18.2,18.1],"q":[null,null,null,null,null,null,null,null,7190,7530,7450,7170,6800,6900,7100,7290,6580,6780,7110,7030,7250,7400,7350,7350,7380,7330,7220,7270,7250,7190],"latest":{"d":"2026-10-06","t":18.1,"q":7190}}},{"type":"Feature","geometry":{"type":"Point","coordinates":[-122.48092,45.00972]},"properties":{"site":"14198500","name":"MOLALLA R AB PC NR WILHOIT, OR","state":"Oregon","huc":"170900090403","type":"ST","d0":"2026-09-07","t":[15.5,15.6,16.3,16.9,17.1,16.0,14.7,14.8,14.4,14.6,15.1,15.4,15.0,15.4,15.8,15.9,14.8,14.5,14.7,13.6,13.1,12.8,13.6,15.3,14.9,15.0,14.9,14.8,14.7,14.1],"q":[47.6,40.3,36.3,33.6,32.0,32.0,34.0,39.0,35.9,33.9,32.3,30.9,30.6,30.0,29.2,28.7,28.7,28.7,34.9,47.1,37.9,34.0,32.2,31.5,31.2,30.0,29.6,29.1,28.4,27.4],"latest":{"d":"2026-10-06","t":14.1,"q":27.4}}},{"type":"Feature","geometry":{"type":"Point","coordinates":[-122.41211,45.20544]},"properties":{"site":"14199704","name":"NATE CREEK TRIBUTARY NEAR COLTON, OR","state":"Oregon","huc":"170900090603","type":"ST","d0":"2026-09-07","t":[11.7,11.3,11.7,12.0,11.7,11.4,11.0,11.3,10.8,11.2,11.9,11.4,10.8,11.1,11.4,11.7,10.9,10.7,11.3,10.3,10.2,9.8,10.8,11.6,11.1,11.4,11.4,11.5,11.4,11.0],"q":[0.25,0.24,0.24,0.24,0.24,0.24,0.24,0.24,0.24,0.24,0.23,0.24,0.24,0.23,0.24,0.23,0.23,0.23,0.24,0.23,0.23,0.22,0.23,0.23,0.23,0.23,0.23,0.23,0.22,0.22],"latest":{"d":"2026-10-06","t":11.0,"q":0.22}}},{"type":"Feature","geometry":{"type":"Point","coordinates":[-122.68744,45.24392]},"properties":{"site":"14200000","name":"MOLALLA RIVER NEAR CANBY, OR","state":"Oregon","huc":"170900090607","type":"ST","d0":"2026-09-07","t":[18.3,18.7,19.5,19.7,19.0,18.2,17.1,17.5,17.2,17.8,18.7,17.8,17.3,17.5,17.6,17.9,17.4,17.0,16.7,16.2,16.3,15.9,16.5,17.6,17.4,17.6,17.9,17.8,17.5,17.7],"q":[133,105,84.7,73.3,66.9,null,65.7,70.0,74.1,69.2,64.3,60.6,null,60.3,60.6,59.5,58.4,58.4,null,71.1,84.1,70.9,63.9,61.8,60.0,58.1,57.4,55.6,53.8,52.5],"latest":{"d":"2026-10-06","t":17.7,"q":52.5}}},{"type":"Feature","geometry":{"type":"Point","coordinates":[-122.80426,45.15123]},"properties":{"site":"14201340","name":"PUDDING RIVER NEAR WOODBURN, OR","state":"Oregon","huc":"170900090204","type":"ST","d0":"2026-09-07","t":[17.8,18.1,18.7,19.1,18.8,18.2,17.2,17.2,16.8,17.2,17.9,17.4,16.8,16.8,16.9,17.5,17.0,16.6,16.2,15.7,15.5,15.3,15.8,16.8,16.7,17.0,17.0,16.9,16.8,16.8],"q":[51.4,52.1,39.2,38.6,36.6,33.1,27.9,24.0,23.1,21.1,21.8,21.0,21.7,21.8,24.4,25.6,24.6,23.9,26.4,26.7,29.9,30.0,27.6,25.2,23.8,23.0,21.3,21.2,22.6,24.7],"latest":{"d":"2026-10-06","t":16.8,"q":24.7}}},{"type":"Feature","geometry":{"type":"Point","coordinates":[-122.7462,45.10151]},"properties":{"site":"14201500","name":"BUTTE CREEK AT MONITOR, OR","state":"Oregon","huc":"170900090203","type":"ST","d0":"2026-09-07","t":[17.1,17.5,18.3,18.8,18.2,17.5,16.3,16.6,16.3,16.4,17.3,17.0,15.7,16.0,16.3,17.0,16.3,15.8,15.9,15.1,14.7,14.4,15.3,16.7,16.2,16.5,16.6,16.5,16.3,16.4],"q":[7.78,6.17,5.14,4.6,4.22,4.1,4.19,4.45,4.72,4.26,3.99,3.72,3.88,3.65,3.46,3.05,2.77,2.94,4.13,5.74,5.77,4.37,3.74,3.39,3.25,3.47,3.69,3.74,3.52,2.99],"latest":{"d":"2026-10-06","t":16.4,"q":2.99}}},{"type":"Feature","geometry":{"type":"Point","coordinates":[-122.75092,45.23328]},"properties":{"site":"14202000","name":"PUDDING RIVER AT AURORA, OR","state":"Oregon","huc":"170900090502","type":"ST","d0":"2026-09-07","t":[18.3,18.8,19.5,19.9,19.7,19.0,17.9,17.8,17.7,17.8,18.6,18.4,17.7,17.6,17.6,18.0,17.9,17.5,17.1,16.7,16.6,16.3,16.4,17.2,17.4,17.7,17.9,17.9,17.7,17.8],"q":[79.2,83.8,73.0,58.2,55.0,51.7,47.7,42.9,38.4,37.9,35.0,33.4,32.8,33.1,33.1,35.2,35.6,34.2,34.2,38.5,40.3,45.7,45.2,40.7,36.2,33.7,33.6,32.6,33.4,32.4],"latest":{"d":"2026-10-06","t":17.8,"q":32.4}}},{"type":"Feature","geometry":{"type":"Point","coordinates":[-123.125,45.44064]},"properties":{"site":"14202650","name":"WAPATO CREEK AT SW GASTON ROAD, AT GASTON, OR","state":"Oregon","huc":"170900100202","type":"ST","d0":"2026-09-07","t":[17.7,17.9,18.2,18.7,18.3,18.2,17.2,16.9,16.9,16.8,17.2,17.8,17.5,17.1,17.4,17.8,17.6,16.8,16.8,15.9,15.7,15.4,16.0,16.7,16.7,17.0,17.2,17.2,17.2,17.2],"q":[2.66,2.58,2.6,2.47,2.32,2.33,2.37,2.43,2.41,2.37,2.31,2.24,2.22,2.22,2.19,2.15,2.22,2.19,2.08,2.21,2.13,2.19,2.03,2.2,2.14,2.07,2.13,2.12,2.12,2.11],"latest":{"d":"2026-10-06","t":17.2,"q":2.11}}},{"type":"Feature","geometry":{"type":"Point","coordinates":[-123.12427,45.47484]},"properties":{"site":"14203500","name":"TUALATIN RIVER NEAR DILLEY, OR","state":"Oregon","huc":"170900100205","type":"ST","d0":"2026-09-07","t":[14.6,14.9,15.3,15.5,15.3,15.2,15.1,15.5,15.7,16.1,16.6,16.7,16.5,16.6,17.0,17.2,16.7,16.6,16.9,16.0,16.2,15.9,16.6,17.2,17.1,17.2,17.2,17.1,17.0,17.0],"q":[171,166,167,175,173,169,177,181,194,203,204,205,194,194,194,194,193,199,190,178,157,150,148,163,169,183,191,191,184,179],"latest":{"d":"2026-10-06","t":17.0,"q":179}}},{"type":"Feature","geometry":{"type":"Point","coordinates":[-123.07002,45.69386]},"properties":{"site":"14205350","name":"EF DAIRY CR ABV MURTAUGH CR NR MEACHAM CORNER, OR","state":"Oregon","huc":"170900100304","type":"ST","d0":"2026-09-07","t":[13.2,13.6,14.3,14.6,13.4,12.8,12.7,13.0,12.7,13.2,13.9,13.3,12.8,13.3,13.7,14.0,12.9,12.4,13.0,11.1,11.3,11.2,12.4,12.9,12.4,13.2,13.3,13.2,13.4,13.4],"q":[11.6,10.2,9.59,9.17,9.09,9.38,9.84,9.76,9.33,9.21,8.94,8.76,8.9,8.9,8.86,8.71,8.67,9.27,12.3,10.2,9.43,8.96,9.0,9.03,8.76,8.66,8.72,8.62,8.51,8.51],"latest":{"d":"2026-10-06","t":13.4,"q":8.51}}},{"type":"Feature","geometry":{"type":"Point","coordinates":[-122.99094,45.50039]},"properties":{"site":"14206241","name":"TUALATIN RIVER AT HWY 219 NEAR HILLSBORO, OR","state":"Oregon","huc":"170900100404","type":"ST","d0":"2026-09-07","t":[15.4,15.7,16.2,16.5,16.0,15.6,15.0,15.2,15.4,15.8,16.3,16.4,16.1,16.1,16.5,16.9,16.4,15.8,15.9,15.3,14.9,14.6,14.9,15.6,15.6,16.0,16.2,16.2,16.1,16.2],"q":[166,164,147,136,134,127,134,143,139,145,144,142,139,142,140,131,137,144,145,147,142,128,116,114,119,119,122,132,132,121],"latest":{"d":"2026-10-06","t":16.2,"q":121}}},{"type":"Feature","geometry":{"type":"Point","coordinates":[-122.83706,45.38542]},"properties":{"site":"14206752","name":"CHICKEN CREEK ABV SEASONAL TRAIL, NR SHERWOOD, OR","state":"Oregon","huc":"170900100501","type":"ST","d0":"2026-09-07","t":[17.7,18.3,18.8,18.6,17.3,16.7,16.1,16.2,16.1,16.4,17.1,16.9,15.9,15.8,16.2,16.9,16.3,15.7,15.6,14.9,14.9,14.5,15.6,16.7,16.2,16.4,16.5,16.4,16.3,16.3],"q":[3.47,2.03,1.56,1.33,1.18,1.13,1.2,1.19,1.17,1.1,0.96,0.93,1.01,1.02,1.0,1.04,0.98,1.23,2.96,2.07,1.73,1.33,1.24,1.29,1.07,0.96,0.95,1.08,1.07,null],"latest":{"d":"2026-10-06","t":16.3,"q":null}}},{"type":"Feature","geometry":{"type":"Point","coordinates":[-122.75482,45.40345]},"properties":{"site":"14206950","name":"FANNO CREEK AT DURHAM, OR","state":"Oregon","huc":"170900100502","type":"ST","d0":"2026-09-07","t":[17.1,17.4,18.1,18.6,18.0,17.3,16.6,16.7,16.4,16.7,17.2,17.0,16.4,16.4,16.7,17.0,16.6,16.1,15.9,15.1,14.8,14.7,15.3,16.2,16.0,16.3,16.3,16.3,16.2,16.3],"q":[12.8,6.15,3.34,2.36,1.99,1.79,2.05,1.97,1.93,1.96,1.94,2.32,1.98,1.92,2.46,2.76,2.78,5.76,20.0,8.15,4.19,3.28,2.93,2.43,2.25,1.89,2.62,2.51,2.36,2.52],"latest":{"d":"2026-10-06","t":16.3,"q":2.52}}},{"type":"Feature","geometry":{"type":"Point","coordinates":[-122.35397,45.29984]},"properties":{"site":"14210000","name":"CLACKAMAS RIVER AT ESTACADA, OR","state":"Oregon","huc":"170900110603","type":"ST","d0":"2026-09-07","t":[15.2,15.2,15.3,15.3,15.4,15.4,15.1,15.0,14.9,14.7,14.6,14.6,14.4,14.4,14.4,14.3,14.3,14.3,14.3,14.1,14.0,14.1,14.0,14.0,13.9,13.9,13.8,13.9,13.9,13.9],"q":[845,728,670,666,670,664,678,695,674,665,653,649,644,652,646,636,660,658,692,728,674,642,644,644,639,630,625,622,622,627],"latest":{"d":"2026-10-06","t":13.9,"q":627}}},{"type":"Feature","geometry":{"type":"Point","coordinates":[-122.49383,45.38981]},"properties":{"site":"14210750","name":"CLEAR CREEK AT CARVER, OR","state":"Oregon","huc":"170900110606","type":"ST","d0":"2026-09-07","t":[16.6,16.8,17.6,17.8,17.3,16.6,15.7,16.0,15.5,15.9,16.5,15.9,15.6,15.7,15.4,15.8,15.5,14.9,15.4,14.6,14.4,13.8,14.3,15.8,15.3,15.4,15.5,15.4,15.1,15.1],"q":[24.9,null,16.3,15.3,null,14.7,15.6,16.5,null,null,null,14.0,null,null,14.3,14.5,null,null,15.5,null,null,null,13.8,13.8,13.9,13.9,13.5,13.6,13.5,13.7],"latest":{"d":"2026-10-06","t":15.1,"q":13.7}}},{"type":"Feature","geometry":{"type":"Point","coordinates":[-122.57731,45.37929]},"properties":{"site":"14211010","name":"CLACKAMAS RIVER NEAR OREGON CITY, OR","state":"Oregon","huc":"170900110607","type":"ST","d0":"2026-09-07","t":[17.0,17.3,18.0,18.1,17.5,17.0,15.9,16.3,16.1,16.5,17.1,16.5,15.9,16.4,16.2,16.2,16.1,15.5,15.8,15.4,15.4,15.2,15.3,16.3,15.7,15.9,16.0,15.9,15.8,15.6],"q":[942,789,741,726,731,722,740,748,739,716,717,707,707,709,708,702,692,727,735,775,748,712,705,701,708,701,695,692,687,697],"latest":{"d":"2026-10-06","t":15.6,"q":697}}},{"type":"Feature","geometry":{"type":"Point","coordinates":[-122.42183,45.48633]},"properties":{"site":"14211400","name":"JOHNSON CREEK AT REGNER ROAD, AT GRESHAM, OR","state":"Oregon","huc":"170900120101","type":"ST","d0":"2026-09-07","t":[16.0,16.0,null,null,null,null,null,null,null,15.1,15.6,14.9,15.0,14.8,14.6,15.0,14.4,14.1,14.6,13.5,13.6,13.0,13.8,15.4,14.6,14.7,14.6,14.5,14.3,14.5],"q":[5.69,3.22,null,null,null,null,null,null,null,2.17,1.91,1.75,1.52,1.83,1.63,1.89,1.92,1.64,2.47,2.39,1.73,1.11,1.23,2.04,2.24,1.62,1.48,1.25,1.4,1.42],"latest":{"d":"2026-10-06","t":14.5,"q":1.42}}},{"type":"Feature","geometry":{"type":"Point","coordinates":[-122.49842,45.47679]},"properties":{"site":"14211499","name":"KELLEY CREEK AT SE 159TH DRIVE AT PORTLAND, OR","state":"Oregon","huc":"170900120101","type":"ST","d0":"2026-09-07","t":[15.3,14.7,15.2,15.3,14.7,14.3,14.2,14.6,14.1,14.2,14.5,14.4,13.8,14.0,14.1,14.3,13.8,13.3,13.8,12.6,12.5,12.1,12.9,14.3,13.3,13.7,14.1,14.1,13.8,14.0],"q":[0.75,0.4,0.28,0.22,0.19,0.17,0.19,0.19,0.18,0.16,0.14,0.14,0.14,0.15,0.16,0.13,0.12,0.12,0.26,0.29,0.21,0.19,0.17,0.14,0.15,0.11,0.15,0.17,0.14,0.12],"latest":{"d":"2026-10-06","t":14.0,"q":0.12}}},{"type":"Feature","geometry":{"type":"Point","coordinates":[-122.50802,45.47746]},"properties":{"site":"14211500","name":"JOHNSON CREEK AT SYCAMORE, OR","state":"Oregon","huc":"170900120103","type":"ST","d0":"2026-09-07","t":[16.3,16.2,16.6,16.8,15.9,15.8,15.2,15.4,15.1,15.1,15.7,15.4,14.7,14.9,15.2,15.4,14.8,14.5,14.9,13.7,13.4,12.8,14.1,14.9,14.2,14.6,14.5,14.4,14.4,14.7],"q":[7.17,3.13,1.93,1.73,1.73,1.64,1.83,1.76,1.9,1.73,1.92,1.79,1.68,1.64,1.86,1.66,1.83,1.9,3.37,2.71,2.18,1.76,1.35,1.14,1.86,1.97,1.53,1.59,1.51,1.49],"latest":{"d":"2026-10-06","t":14.7,"q":1.49}}},{"type":"Feature","geometry":{"type":"Point","coordinates":[-122.64172,45.47403]},"properties":{"site":"14211542","name":"CRYSTAL SPRINGS CREEK AT BYBEE ST, PORTLAND, OR","state":"Oregon","huc":"170900120103","type":"ST","d0":"2026-09-07","t":[15.6,16.2,16.6,16.4,15.8,15.2,14.3,14.5,14.8,15.5,16.1,15.3,14.7,15.1,15.3,15.3,14.9,14.7,14.6,14.2,14.2,14.3,14.7,15.2,15.1,15.3,15.5,15.4,15.3,15.4],"q":[13.4,13.5,13.1,13.2,13.1,13.7,13.6,13.6,13.7,13.6,13.5,13.2,13.3,13.3,14.1,14.2,14.5,13.4,13.3,12.9,13.3,13.2,13.4,11.8,10.2,12.6,12.3,12.4,13.3,13.8],"latest":{"d":"2026-10-06","t":15.4,"q":13.8}}},{"type":"Feature","geometry":{"type":"Point","coordinates":[-122.64315,45.4529]},"properties":{"site":"14211550","name":"JOHNSON CREEK AT MILWAUKIE, OR","state":"Oregon","huc":"170900120103","type":"ST","d0":"2026-09-07","t":[15.9,16.4,17.0,16.9,15.7,15.3,14.4,14.8,14.9,15.9,16.5,15.3,14.7,15.3,15.5,15.7,14.9,14.5,14.5,13.8,14.0,13.8,14.9,15.5,15.2,15.6,15.8,15.6,15.6,15.8],"q":[28.6,21.6,18.2,17.0,17.0,16.7,16.2,17.1,16.4,16.9,16.6,16.4,16.2,16.2,17.0,17.6,17.9,18.7,18.4,18.4,18.5,17.7,17.2,17.2,17.0,17.7,18.6,17.8,16.9,15.4],"latest":{"d":"2026-10-06","t":15.8,"q":15.4}}},{"type":"Feature","geometry":{"type":"Point","coordinates":[-122.66917,45.5175]},"properties":{"site":"14211720","name":"WILLAMETTE RIVER AT PORTLAND, OR","state":"Oregon","huc":"170900120202","type":"ST-TS","d0":"2026-09-07","t":[19.8,19.4,18.8,18.5,18.3,18.4,18.2,18.3,18.5,18.6,18.9,18.9,18.6,18.3,17.9,17.7,17.9,18.0,18.1,17.8,17.5,17.6,17.7,null,null,17.6,17.5,17.6,17.7,17.8],"q":[10400,8990,7450,6000,6630,6510,6930,6780,6710,6060,6900,6380,5900,5520,6830,8400,5490,6710,6040,6370,5790,7100,6580,null,null,6290,5720,6230,null,null],"latest":{"d":"2026-10-06","t":17.8,"q":null}}},{"type":"Feature","geometry":{"type":"Point","coordinates":[-123.75541,45.704]},"properties":{"site":"14301000","name":"NEHALEM RIVER NEAR FOSS, OR","state":"Oregon","huc":"171002020602","type":"ST","d0":"2026-09-07","t":[17.4,17.4,18.1,18.6,17.9,17.4,16.5,16.4,16.1,16.3,16.9,17.4,17.4,18.0,18.2,18.1,17.1,16.4,15.4,14.6,14.3,14.5,14.7,15.4,15.5,15.8,15.9,16.3,16.4,16.3],"q":[134,117,109,106,103,100,101,103,103,101,100,99.3,96.2,94.7,93.5,92.3,91.0,91.7,133,157,142,128,132,123,115,110,106,103,101,99.5],"latest":{"d":"2026-10-06","t":16.3,"q":99.5}}},{"type":"Feature","geometry":{"type":"Point","coordinates":[-123.7104,45.44622]},"properties":{"site":"14302480","name":"TRASK RIVER ABOVE CEDAR CREEK, NEAR TILLAMOOK, OR","state":"Oregon","huc":"171002030405","type":"ST","d0":"2026-09-07","t":[15.2,15.7,16.2,16.5,15.6,14.6,13.9,14.1,14.3,14.9,15.3,15.2,15.2,15.6,15.8,16.0,15.0,14.4,13.9,13.0,12.5,12.4,12.9,13.8,14.2,14.3,14.7,15.0,15.1,15.0],"q":[89.9,83.4,79.6,76.4,75.2,77.0,87.9,85.4,80.9,78.7,75.9,73.8,74.0,73.8,73.8,73.8,72.6,74.7,149,151,102,88.8,92.8,100,90.5,84.8,81.9,80.1,78.4,76.7],"latest":{"d":"2026-10-06","t":15.0,"q":76.7}}},{"type":"Feature","geometry":{"type":"Point","coordinates":[-123.84706,45.26649]},"properties":{"site":"14303600","name":"NESTUCCA RIVER NEAR BEAVER, OR","state":"Oregon","huc":"171002030209","type":"ST","d0":"2026-09-07","t":[15.7,16.1,16.7,17.4,16.5,15.2,14.5,15.1,14.5,15.6,16.1,16.2,15.9,15.9,16.3,16.7,15.3,14.9,14.4,13.4,13.0,13.0,13.6,14.9,14.8,14.9,15.6,15.8,15.7,15.6],"q":[100,91.8,86.2,81.3,78.9,79.1,84.6,84.2,80.7,79.3,77.2,74.5,73.9,74.0,73.3,71.9,71.2,72.5,172,160,100,87.9,85.2,86.7,84.7,80.4,78.4,77.1,75.9,75.5],"latest":{"d":"2026-10-06","t":15.6,"q":75.5}}},{"type":"Feature","geometry":{"type":"Point","coordinates":[-123.88733,44.71512]},"properties":{"site":"14305500","name":"SILETZ RIVER AT SILETZ, OR","state":"Oregon","huc":"171002040703","type":"ST","d0":"2026-09-07","t":[16.1,16.7,17.5,17.9,17.1,16.4,15.5,15.8,15.5,16.0,16.4,16.5,16.4,16.2,16.5,16.8,16.2,15.6,15.4,14.5,13.8,13.7,13.8,14.8,15.0,15.1,15.8,16.2,16.2,16.1],"q":[128,103,90.3,82.5,77.0,75.1,91.0,97.3,85.4,78.9,74.8,71.4,69.8,68.8,68.6,67.5,66.0,65.3,95.6,178,114,92.7,85.0,84.6,83.1,78.3,75.5,73.0,71.5,70.0],"latest":{"d":"2026-10-06","t":16.1,"q":70.0}}},{"type":"Feature","geometry":{"type":"Point","coordinates":[-123.9138,44.7646]},"properties":{"site":"14305800","name":"SILETZ RIVER NEAR SILETZ, OR","state":"Oregon","huc":"171002040703","type":"ST","d0":"2026-09-07","t":[17.0,18.0,18.8,19.4,18.6,17.6,16.7,17.1,16.6,17.0,17.7,17.9,17.4,17.2,17.3,18.0,17.3,16.8,16.6,15.8,15.3,15.2,15.4,16.0,16.1,16.3,16.8,17.2,17.2,17.1],"q":[133,107,90.9,83.8,81.3,80.5,89.3,94.0,84.6,83.7,81.5,76.9,74.1,73.0,72.7,71.2,68.8,68.5,94.3,180,106,82.7,84.0,86.6,88.3,85.5,80.4,77.8,75.7,73.8],"latest":{"d":"2026-10-06","t":17.1,"q":73.8}}},{"type":"Feature","geometry":{"type":"Point","coordinates":[-123.85206,44.60372]},"properties":{"site":"14306032","name":"BIG ELK CREEK NEAR ELK CITY, OR","state":"Oregon","huc":"171002040203","type":"ST","d0":"2026-09-07","t":[16.9,17.5,18.5,18.9,18.2,17.2,16.6,17.1,16.1,17.0,17.3,17.1,17.3,17.0,17.5,17.9,17.1,16.7,16.9,16.5,15.8,15.5,15.5,16.3,16.3,16.5,17.1,17.3,17.5,17.4],"q":[28.7,21.3,17.4,15.3,13.7,13.1,14.1,15.1,13.3,12.5,11.8,11.3,11.1,10.9,11.1,11.1,10.4,10.5,15.2,22.1,17.2,14.0,12.7,12.3,12.2,11.9,11.2,10.9,10.6,10.3],"latest":{"d":"2026-10-06","t":17.4,"q":10.3}}},{"type":"Feature","geometry":{"type":"Point","coordinates":[-123.83178,44.38595]},"properties":{"site":"14306500","name":"ALSEA RIVER NEAR TIDEWATER, OR","state":"Oregon","huc":"171002050403","type":"ST","d0":"2026-09-07","t":[16.6,17.4,18.4,19.1,18.8,17.7,16.7,16.7,16.7,16.9,17.3,17.7,17.7,18.1,18.2,18.2,17.5,16.7,16.4,16.0,15.6,15.4,15.1,15.6,16.4,16.6,16.8,17.0,17.1,17.1],"q":[148,121,101,92.0,84.7,81.2,89.5,97.0,89.1,83.6,80.2,77.6,75.8,74.8,74.1,73.4,71.7,71.8,86.4,117,97.0,83.7,78.7,76.9,75.9,74.7,72.8,71.8,71.2,70.4],"latest":{"d":"2026-10-06","t":17.1,"q":70.4}}},{"type":"Feature","geometry":{"type":"Point","coordinates":[-123.61158,43.92114]},"properties":{"site":"14306950","name":"SIUSLAW RIVER NEAR ALMA, OR","state":"Oregon","huc":"171002060308","type":"ST","d0":"2026-09-07","t":[16.7,17.0,17.4,18.2,17.6,16.2,16.0,16.3,15.6,16.1,16.5,16.7,16.9,17.2,17.3,17.0,16.3,15.5,15.4,15.0,14.2,13.9,14.1,15.1,15.6,15.8,16.1,16.4,16.7,16.2],"q":[39.7,31.9,31.6,28.0,24.6,22.8,24.6,23.8,23.6,23.7,23.9,24.0,23.7,23.0,22.9,22.3,22.1,22.8,28.3,31.7,33.1,33.7,34.3,32.7,31.0,29.9,29.3,35.2,33.0,32.3],"latest":{"d":"2026-10-06","t":16.2,"q":32.3}}},{"type":"Feature","geometry":{"type":"Point","coordinates":[-123.79469,44.0565]},"properties":{"site":"14307605","name":"LAKE CREEK AT SWISSHOME, OR","state":"Oregon","huc":"171002060604","type":"ST","d0":"2026-09-07","t":[16.6,17.4,18.1,18.7,17.7,16.4,15.9,16.5,15.9,16.4,16.9,17.2,17.3,17.7,17.9,17.9,16.6,16.2,15.8,15.0,14.6,14.1,14.3,15.9,16.5,16.8,17.0,17.2,17.7,17.4],"q":[153,119,102,90.4,80.6,78.6,121,109,92.4,84.5,76.7,71.8,68.8,66.6,64.0,61.3,59.5,59.9,95.5,99.3,81.2,72.1,67.9,65.8,64.1,62.0,60.4,58.9,57.7,56.5],"latest":{"d":"2026-10-06","t":17.4,"q":56.5}}},{"type":"Feature","geometry":{"type":"Point","coordinates":[-123.88317,44.06234]},"properties":{"site":"14307620","name":"SIUSLAW RIVER NEAR MAPLETON, OR","state":"Oregon","huc":"171002060803","type":"ST","d0":"2026-09-07","t":[17.4,18.5,19.4,20.1,19.2,17.7,16.9,17.6,17.1,17.4,18.1,18.0,18.1,18.6,18.9,18.7,17.8,17.2,16.9,16.2,15.8,15.5,15.5,16.8,17.4,17.8,18.1,18.2,18.4,18.4],"q":[291,230,189,163,147,140,186,191,163,147,136,127,122,118,115,110,107,107,150,191,167,146,134,128,125,119,114,110,107,108],"latest":{"d":"2026-10-06","t":18.4,"q":108}}},{"type":"Feature","geometry":{"type":"Point","coordinates":[-122.94839,42.9304]},"properties":{"site":"14308000","name":"SOUTH UMPQUA RIVER AT TILLER, OR","state":"Oregon","huc":"171003020306","type":"ST","d0":"2026-09-07","t":[17.6,18.3,18.6,19.1,19.4,18.7,17.8,17.4,17.3,17.3,17.2,16.9,17.2,17.3,17.7,17.8,17.5,16.9,17.0,16.3,16.2,15.6,15.1,15.0,15.9,16.6,16.6,16.4,16.4,16.2],"q":[89.2,69.7,56.3,49.2,45.4,42.8,45.3,58.6,58.4,50.9,47.9,48.1,47.1,44.6,43.0,41.9,41.3,41.6,50.5,63.6,56.5,48.8,45.7,44.1,43.6,42.9,42.0,40.9,39.7,38.1],"latest":{"d":"2026-10-06","t":16.2,"q":38.1}}},{"type":"Feature","geometry":{"type":"Point","coordinates":[-123.28592,42.94369]},"properties":{"site":"14308910","name":"S UMPQUA RIVER AT CANYONVILLE, OR","state":"Oregon","huc":"171003020508","type":"ST","d0":"2026-09-07","t":[20.0,20.0,21.0,21.5,21.2,19.5,18.9,18.7,18.6,18.7,18.4,18.6,18.9,19.0,19.4,18.9,18.3,18.1,18.1,17.7,17.7,17.0,16.8,17.7,18.2,18.3,18.4,18.5,18.6,18.1],"q":[72.5,81.6,57.1,40.5,34.0,32.2,33.3,35.0,46.6,49.1,40.7,37.9,38.0,39.7,35.0,30.2,29.4,30.8,38.5,40.8,57.0,50.4,40.8,36.0,34.3,34.4,33.1,31.3,29.4,26.2],"latest":{"d":"2026-10-06","t":18.1,"q":26.2}}},{"type":"Feature","geometry":{"type":"Point","coordinates":[-123.42896,42.92345]},"properties":{"site":"14310000","name":"COW CREEK NEAR RIDDLE, OR","state":"Oregon","huc":"171003020905","type":"ST","d0":"2026-09-07","t":[18.5,18.4,19.0,19.6,19.8,18.1,17.8,17.6,17.2,17.8,17.5,17.9,18.1,18.2,18.4,18.2,17.6,17.4,17.2,16.7,16.2,15.8,15.6,16.2,16.6,16.7,16.7,16.8,17.2,16.7],"q":[73.5,71.2,68.6,64.0,57.0,54.5,54.5,56.4,57.7,57.2,56.6,58.0,61.6,62.7,64.1,65.8,66.8,67.3,69.9,77.0,79.3,79.3,78.5,76.8,76.9,76.5,68.1,68.0,71.7,68.3],"latest":{"d":"2026-10-06","t":16.7,"q":68.3}}},{"type":"Feature","geometry":{"type":"Point","coordinates":[-123.39841,43.13317]},"properties":{"site":"14312000","name":"SOUTH UMPQUA RIVER NEAR BROCKWAY, OR","state":"Oregon","huc":"171003021305","type":"ST","d0":"2026-09-07","t":[19.7,20.3,21.0,21.8,22.0,21.1,20.2,19.7,19.4,19.5,19.6,19.8,19.7,19.9,20.0,19.9,19.8,19.2,19.0,18.5,18.3,17.9,17.9,18.4,18.8,18.9,19.0,19.2,19.6,19.4],"q":[160,149,151,128,108,90.8,93.8,95.6,97.0,100,107,99.1,98.7,104,108,106,100,98.0,116,126,130,142,133,123,113,113,109,106,94.7,97.6],"latest":{"d":"2026-10-06","t":19.4,"q":97.6}}},{"type":"Feature","geometry":{"type":"Point","coordinates":[-123.4477,43.25176]},"properties":{"site":"14312330","name":"SOUTH UMPQUA RIVER AT MELROSE, OR","state":"Oregon","huc":"171003021305","type":"ST","d0":"2026-09-07","t":[20.8,21.2,22.0,22.7,21.9,20.0,19.4,19.9,19.8,20.0,20.4,20.1,19.8,20.2,20.4,19.8,19.5,19.1,18.9,18.0,17.8,18.1,18.3,19.2,19.3,19.1,19.6,20.0,20.4,19.8],"q":[182,168,158,156,134,117,116,111,111,114,115,120,113,112,117,129,128,128,167,165,166,166,175,162,151,129,130,120,117,105],"latest":{"d":"2026-10-06","t":19.8,"q":105}}},{"type":"Feature","geometry":{"type":"Point","coordinates":[-122.53671,43.29595]},"properties":{"site":"14316500","name":"N UMPQUA RIVER ABV COPELAND CK NR TOKETEE FALLS,OR","state":"Oregon","huc":"171003010803","type":"ST","d0":"2026-09-07","t":[10.8,10.8,11.1,11.5,11.7,11.3,10.5,10.3,10.4,10.6,10.8,10.5,10.6,10.7,10.9,11.0,11.1,10.6,10.5,10.2,10.1,10.1,10.0,9.9,10.1,10.3,10.3,10.2,10.3,10.2],"q":[715,703,754,759,741,772,801,766,766,765,765,764,763,753,753,753,748,742,754,761,744,734,729,741,742,742,742,736,727,726],"latest":{"d":"2026-10-06","t":10.2,"q":726}}},{"type":"Feature","geometry":{"type":"Point","coordinates":[-122.99259,43.34666]},"properties":{"site":"14317600","name":"ROCK CREEK NEAR GLIDE, OR","state":"Oregon","huc":"171003010903","type":"ST","d0":"2026-09-07","t":[17.3,18.1,19.0,19.5,19.5,17.6,16.8,16.6,16.5,17.2,17.9,18.0,17.6,17.9,17.9,17.5,17.0,17.0,16.9,15.8,15.9,15.6,15.7,16.3,16.8,16.8,16.9,16.8,17.0,16.5],"q":[26.4,21.6,19.1,17.1,16.0,16.3,26.0,31.3,22.7,20.5,18.9,17.9,17.5,17.0,16.6,16.8,16.4,16.6,27.9,27.5,22.8,20.2,18.6,17.7,17.3,17.2,16.9,16.3,15.8,15.4],"latest":{"d":"2026-10-06","t":16.5,"q":15.4}}},{"type":"Feature","geometry":{"type":"Point","coordinates":[-123.41154,43.27097]},"properties":{"site":"14319500","name":"NORTH UMPQUA RIVER AT WINCHESTER, OR","state":"Oregon","huc":"171003011105","type":"ST","d0":"2026-09-07","t":[17.3,17.8,18.5,19.2,19.2,17.9,17.1,16.9,16.7,16.6,16.9,17.0,17.0,17.2,17.5,16.9,16.4,16.2,16.2,15.8,15.3,15.3,15.4,16.0,16.3,16.1,16.1,16.4,16.6,16.3],"q":[769,779,753,761,756,746,770,850,811,785,775,760,754,752,751,745,743,753,778,800,801,751,744,749,746,745,746,749,748,745],"latest":{"d":"2026-10-06","t":16.3,"q":745}}},{"type":"Feature","geometry":{"type":"Point","coordinates":[-123.58676,43.43123]},"properties":{"site":"14320934","name":"LITTLE WOLF CREEK NEAR TYEE, OR","state":"Oregon","huc":"171003030204","type":"ST","d0":"2026-09-07","t":[15.2,14.4,14.5,15.2,15.2,14.1,14.2,14.3,13.4,14.4,14.4,14.9,15.1,14.9,15.4,14.4,13.6,13.5,14.3,13.5,12.0,11.5,11.2,12.6,13.3,12.9,13.6,14.1,14.7,13.3],"q":[0.36,0.28,0.23,0.2,0.19,0.23,0.79,0.77,0.56,0.49,0.38,0.31,0.28,0.28,0.31,0.32,0.32,0.37,1.04,0.85,0.59,0.52,0.45,0.41,0.35,0.34,0.34,0.34,0.33,0.31],"latest":{"d":"2026-10-06","t":13.3,"q":0.31}}},{"type":"Feature","geometry":{"type":"Point","coordinates":[-123.55537,43.58595]},"properties":{"site":"14321000","name":"UMPQUA RIVER NEAR ELKTON, OR","state":"Oregon","huc":"171003030208","type":"ST","d0":"2026-09-07","t":[20.0,20.4,20.8,21.4,21.3,20.5,19.7,19.7,19.6,19.7,20.1,20.1,20.1,20.0,20.0,19.7,19.2,19.1,19.0,18.7,18.3,18.0,17.8,18.2,18.6,18.7,19.1,19.4,19.7,19.6],"q":[1010,1050,1080,1010,1030,1040,1060,1050,1130,1160,1140,1150,1160,1170,1160,1170,1170,1190,1240,1270,1280,1300,1260,1250,1220,1210,1200,1190,1160,1130],"latest":{"d":"2026-10-06","t":19.6,"q":1130}}},{"type":"Feature","geometry":{"type":"Point","coordinates":[-123.56464,43.63522]},"properties":{"site":"14322810","name":"ELK CREEK AT ELKTON, OR","state":"Oregon","huc":"171003030310","type":"ST","d0":"2026-09-07","t":[18.8,19.1,19.4,20.0,19.6,18.1,18.1,18.1,17.3,18.1,18.4,18.8,18.9,18.9,19.0,18.3,17.9,17.3,18.0,17.3,16.7,16.3,16.2,16.7,17.2,17.5,18.1,18.5,18.6,17.8],"q":[20.5,16.1,14.9,13.2,9.81,8.1,10.0,10.8,10.1,9.15,11.2,10.4,8.73,7.89,7.3,6.89,6.82,7.17,9.9,13.4,15.5,19.5,17.6,14.7,12.2,10.6,9.74,8.75,7.98,8.19],"latest":{"d":"2026-10-06","t":17.8,"q":8.19}}},{"type":"Feature","geometry":{"type":"Point","coordinates":[-124.04025,43.03472]},"properties":{"site":"14326300","name":"MF COQUILLE RIVER BLW MCMULLEN CREEK NR BRIDGE, OR","state":"Oregon","huc":"171003050110","type":"ST","d0":"2026-09-07","t":[19.4,19.6,20.0,20.4,20.3,19.5,18.9,18.8,18.7,18.8,19.0,19.1,19.1,19.2,19.2,19.1,19.1,18.8,18.7,18.2,17.6,17.2,16.9,17.5,17.8,17.5,17.6,17.7,17.8,17.8],"q":[11.7,10.3,8.76,7.61,6.56,5.74,6.55,7.48,9.92,8.81,8.06,7.31,7.13,7.17,6.87,6.85,6.49,6.72,9.47,16.3,16.0,12.1,10.1,9.12,8.5,8.19,7.72,7.32,7.17,6.8],"latest":{"d":"2026-10-06","t":17.8,"q":6.8}}},{"type":"Feature","geometry":{"type":"Point","coordinates":[-124.14705,43.06567]},"properties":{"site":"14326510","name":"SF COQUILLE RIVER AT MYRTLE POINT, OR","state":"Oregon","huc":"171003050209","type":"ST","d0":"2026-09-07","t":[19.9,20.1,20.9,21.1,20.5,19.3,19.0,19.3,18.7,19.5,19.7,19.9,19.4,19.0,19.2,19.2,19.0,18.8,18.9,18.3,17.7,17.4,17.1,18.7,18.8,18.5,18.6,18.7,18.7,18.6],"q":[60.8,50.8,41.8,38.6,32.2,30.9,32.2,32.2,35.9,40.2,35.8,32.0,30.0,29.2,29.1,28.4,27.5,27.8,30.8,34.7,59.1,54.2,48.2,46.4,41.2,36.8,32.5,29.2,27.1,25.7],"latest":{"d":"2026-10-06","t":18.6,"q":25.7}}},{"type":"Feature","geometry":{"type":"Point","coordinates":[-124.10784,43.06818]},"properties":{"site":"14327000","name":"N FK COQUILLE R NR MYRTLE POINT, OR","state":"Oregon","huc":"171003050404","type":"ST","d0":"2026-09-07","t":[17.9,18.3,18.8,19.3,19.1,18.3,17.7,17.8,17.4,17.7,17.9,18.2,18.2,18.0,18.1,18.3,18.0,17.9,17.7,16.9,16.3,15.8,15.6,16.6,17.0,16.8,16.9,17.2,17.4,17.3],"q":[37.2,29.4,24.6,20.5,17.5,16.9,20.2,35.2,37.7,32.5,18.5,3.23,2.78,2.24,2.07,2.82,5.17,8.1,18.1,33.4,38.0,30.2,25.0,21.9,20.0,18.6,18.2,17.0,16.0,15.6],"latest":{"d":"2026-10-06","t":17.3,"q":15.6}}},{"type":"Feature","geometry":{"type":"Point","coordinates":[-124.48254,42.81701]},"properties":{"site":"14327150","name":"SIXES RIVER AT SIXES, OR","state":"Oregon","huc":"171003060203","type":"ST","d0":"2026-09-07","t":[17.6,17.9,18.2,18.3,17.8,16.7,17.6,17.3,17.0,17.5,16.8,17.2,17.2,17.4,17.5,17.6,17.0,16.6,16.8,16.2,16.0,15.9,16.2,17.0,16.8,16.7,16.8,16.6,16.6,16.2],"q":[21.7,17.9,16.9,14.9,14.1,13.6,18.2,23.3,18.7,16.4,16.1,14.8,14.2,14.1,14.1,13.5,13.0,13.6,18.9,20.6,16.9,15.8,15.1,15.2,14.6,13.9,13.3,13.0,13.1,13.2],"latest":{"d":"2026-10-06","t":16.2,"q":13.2}}},{"type":"Feature","geometry":{"type":"Point","coordinates":[-122.51615,42.72957]},"properties":{"site":"14330000","name":"ROGUE RIVER BELOW PROSPECT, OR","state":"Oregon","huc":"171003070113","type":"ST","d0":"2026-09-07","t":[9.5,9.7,10.1,10.5,10.6,10.1,9.6,9.3,9.5,9.6,9.6,9.5,9.6,9.8,10.0,10.3,10.0,9.5,9.5,9.3,9.2,9.1,9.0,9.0,9.2,9.3,9.4,9.3,9.4,9.5],"q":[600,597,587,585,585,580,594,598,586,582,590,597,583,578,576,575,575,573,608,590,577,573,574,571,569,560,551,550,549,546],"latest":{"d":"2026-10-06","t":9.5,"q":546}}},{"type":"Feature","geometry":{"type":"Point","coordinates":[-122.68639,42.66583]},"properties":{"site":"14335072","name":"ROGUE R AT COLE M RIVERS F HATCHERY NR MCLEOD, OR","state":"Oregon","huc":"171003070300","type":"ST","d0":"2026-09-07","t":[12.4,12.2,12.1,12.1,12.2,12.0,12.2,12.1,10.9,11.1,10.9,11.0,11.0,11.0,11.0,9.2,9.1,9.2,9.2,9.2,9.2,9.2,9.2,9.3,8.4,8.3,8.4,8.3,8.4,8.4],"q":[1080,1080,1080,946,766,689,690,688,695,692,691,687,688,689,686,685,690,695,691,691,690,688,687,686,691,690,689,690,693,693],"latest":{"d":"2026-10-06","t":8.4,"q":693}}},{"type":"Feature","geometry":{"type":"Point","coordinates":[-122.69143,42.65124]},"properties":{"site":"14337500","name":"BIG BUTTE CREEK NEAR MCLEOD, OR","state":"Oregon","huc":"171003070408","type":"ST","d0":"2026-09-07","t":[13.3,13.5,14.2,14.8,14.9,13.0,12.6,12.3,12.7,13.0,12.4,12.9,12.9,13.3,13.7,13.9,13.0,12.3,12.8,11.8,12.1,11.8,11.7,11.9,12.4,12.8,12.7,12.2,12.5,12.5],"q":[32.2,31.5,29.0,28.5,28.6,28.2,31.0,31.1,32.8,32.1,47.4,34.2,32.4,31.7,31.3,31.5,30.5,27.9,35.1,32.3,30.2,33.9,32.5,30.9,31.0,32.9,34.5,35.5,38.9,39.0],"latest":{"d":"2026-10-06","t":12.5,"q":39.0}}},{"type":"Feature","geometry":{"type":"Point","coordinates":[-122.71504,42.6554]},"properties":{"site":"14337600","name":"ROGUE RIVER NEAR MCLEOD, OR","state":"Oregon","huc":"171003070701","type":"ST","d0":"2026-09-07","t":[12.6,12.4,12.4,12.6,12.5,12.2,12.3,12.3,11.3,11.4,11.1,11.4,11.3,11.4,11.5,9.9,9.5,9.5,9.6,9.5,9.6,9.5,9.5,9.6,8.9,8.8,8.8,8.7,8.8,8.8],"q":[1440,1440,1440,null,1140,1040,1040,1040,1050,1040,1050,1040,1040,1040,1040,1040,1040,1040,1040,1040,1030,1040,1030,1030,1040,1040,1040,1040,1050,1050],"latest":{"d":"2026-10-06","t":8.8,"q":1050}}},{"type":"Feature","geometry":{"type":"Point","coordinates":[-122.74199,42.67874]},"properties":{"site":"14338000","name":"ELK CREEK NEAR TRAIL, OR","state":"Oregon","huc":"171003070505","type":"ST","d0":"2026-09-07","t":[16.9,17.4,18.2,18.9,19.1,17.6,16.7,15.8,16.4,16.2,16.5,16.1,16.2,16.6,17.3,17.4,16.6,15.9,16.5,15.2,15.5,15.0,14.7,14.8,15.5,16.1,16.2,15.9,15.7,15.8],"q":[5.33,3.96,3.36,4.19,6.26,6.65,8.64,11.2,14.0,14.3,18.0,20.2,20.9,19.9,18.7,18.7,18.6,18.9,23.2,26.9,27.7,26.0,25.6,25.1,24.8,24.4,23.5,22.0,20.7,18.9],"latest":{"d":"2026-10-06","t":15.8,"q":18.9}}},{"type":"Feature","geometry":{"type":"Point","coordinates":[-122.84282,42.52485]},"properties":{"site":"14339000","name":"ROGUE RIVER AT DODGE BRIDGE, NEAR EAGLE POINT, OR","state":"Oregon","huc":"171003070703","type":"ST","d0":"2026-09-07","t":[14.0,14.0,14.1,14.3,14.4,13.4,13.4,13.6,13.4,13.1,12.2,13.2,13.1,13.2,13.2,12.7,11.4,11.0,11.2,11.1,11.4,11.2,11.1,11.3,11.3,10.9,10.8,10.4,10.7,10.7],"q":[1550,1550,1550,1470,1290,1170,1170,1150,1160,1160,1180,1160,1150,1150,1150,1150,1160,1160,1170,1160,1160,1160,1150,1150,1150,1150,1150,1150,1160,1160],"latest":{"d":"2026-10-06","t":10.7,"q":1160}}},{"type":"Feature","geometry":{"type":"Point","coordinates":[-122.98727,42.43735]},"properties":{"site":"14359000","name":"ROGUE RIVER AT RAYGOLD NEAR CENTRAL POINT, OR","state":"Oregon","huc":"171003080202","type":"ST","d0":"2026-09-07","t":[15.2,15.6,15.8,16.0,16.3,15.2,15.1,15.4,15.8,15.5,14.2,14.3,14.9,15.0,15.1,15.0,13.5,13.0,13.4,12.8,13.3,12.9,12.8,13.0,13.5,13.1,12.9,12.3,12.4,12.7],"q":[1520,1510,1490,null,1240,1120,1120,1120,1110,1150,1180,1120,1110,1100,1080,1080,1080,1090,1120,1100,1110,1100,1080,1080,1070,1090,1080,1080,1090,1090],"latest":{"d":"2026-10-06","t":12.7,"q":1090}}},{"type":"Feature","geometry":{"type":"Point","coordinates":[-123.31784,42.4304]},"properties":{"site":"14361500","name":"ROGUE RIVER AT GRANTS PASS, OR","state":"Oregon","huc":"171003080402","type":"ST","d0":"2026-09-07","t":[16.3,16.8,17.2,17.5,17.7,16.5,16.0,15.9,16.1,16.5,15.8,15.5,16.1,16.4,16.6,16.6,16.0,14.7,14.8,14.5,14.5,14.4,14.1,14.3,14.8,15.1,14.6,14.1,13.8,14.0],"q":[1490,1460,1440,1410,1190,1020,1010,998,985,980,1110,1030,1010,1000,988,987,995,997,1100,1110,1110,1110,1080,1070,1060,1090,1090,1080,1090,1080],"latest":{"d":"2026-10-06","t":14.0,"q":1080}}},{"type":"Feature","geometry":{"type":"Point","coordinates":[-123.11144,42.06374]},"properties":{"site":"14362000","name":"APPLEGATE RIVER NEAR COPPER, OR","state":"Oregon","huc":"171003090201","type":"ST","d0":"2026-09-07","t":[14.6,14.6,14.7,14.8,14.9,14.7,14.6,14.5,14.5,14.5,14.1,13.4,13.3,13.2,13.3,13.3,11.1,11.3,11.4,11.7,12.0,12.2,12.5,12.9,13.3,13.6,13.9,14.1,14.6,14.8],"q":[124,124,124,124,125,124,124,124,124,124,123,124,126,125,125,125,126,126,126,126,125,125,124,124,124,124,124,123,123,124],"latest":{"d":"2026-10-06","t":14.8,"q":124}}},{"type":"Feature","geometry":{"type":"Point","coordinates":[-123.14005,42.24151]},"properties":{"site":"14366000","name":"APPLEGATE RIVER NEAR APPLEGATE, OR","state":"Oregon","huc":"171003090403","type":"ST","d0":"2026-09-07","t":[16.3,16.7,17.4,17.8,17.3,15.5,15.5,15.6,15.6,15.9,15.8,15.8,15.8,15.6,15.8,16.0,15.2,14.5,15.2,14.1,14.3,14.0,13.8,14.0,14.8,15.4,15.3,15.2,15.3,15.6],"q":[109,106,103,103,104,107,107,107,105,105,108,107,108,106,105,104,107,108,110,110,110,110,109,107,108,108,107,107,106,106],"latest":{"d":"2026-10-06","t":15.6,"q":106}}},{"type":"Feature","geometry":{"type":"Point","coordinates":[-123.40673,42.35401]},"properties":{"site":"14369500","name":"APPLEGATE RIVER NEAR WILDERVILLE, OR","state":"Oregon","huc":"171003090603","type":"ST","d0":"2026-09-07","t":[18.3,18.6,19.3,19.7,19.5,17.7,17.5,17.2,17.3,17.6,17.3,17.4,18.0,17.8,18.3,18.2,17.4,16.8,17.1,16.7,16.7,16.3,15.9,16.2,16.9,17.1,17.0,16.9,16.9,17.0],"q":[109,105,101,111,107,96.2,106,106,103,102,106,109,109,113,116,107,101,105,112,117,117,116,114,113,126,126,115,117,116,115],"latest":{"d":"2026-10-06","t":17.0,"q":115}}},{"type":"Feature","geometry":{"type":"Point","coordinates":[-124.062,42.59278]},"properties":{"site":"14372300","name":"ROGUE RIVER NEAR AGNESS, OR","state":"Oregon","huc":"171003100602","type":"ST","d0":"2026-09-07","t":[17.7,18.4,19.0,19.4,19.6,19.0,18.7,18.5,18.1,18.2,18.4,18.6,18.8,18.6,18.7,18.6,18.7,18.7,18.2,17.7,17.2,16.7,16.7,16.8,17.1,17.1,17.3,17.2,17.6,17.5],"q":[1780,1720,1700,1650,1620,1390,1270,1260,1250,1230,1230,1350,1290,1270,1250,1240,1230,1250,1300,1370,1350,1350,1340,1320,1300,1310,1330,1320,1320,1320],"latest":{"d":"2026-10-06","t":17.5,"q":1320}}},{"type":"Feature","geometry":{"type":"Point","coordinates":[-123.66368,42.23178]},"properties":{"site":"14377100","name":"ILLINOIS RIVER NEAR KERBY, OR","state":"Oregon","huc":"171003110601","type":"ST","d0":"2026-09-07","t":[19.2,20.0,21.1,21.8,21.0,18.3,18.0,18.5,18.8,19.3,19.1,19.5,19.8,19.7,20.2,20.0,19.3,18.8,18.9,18.4,18.5,18.1,17.9,18.3,19.0,19.4,19.3,18.7,18.9,19.2],"q":[37.4,35.8,35.0,33.2,31.2,30.5,31.6,31.9,32.6,32.4,31.9,32.1,32.3,32.0,31.3,30.4,29.8,29.9,31.5,33.4,36.7,35.7,34.5,33.7,32.3,31.8,32.2,32.3,32.7,31.7],"latest":{"d":"2026-10-06","t":19.2,"q":31.7}}},{"type":"Feature","geometry":{"type":"Point","coordinates":[-124.05191,42.54488]},"properties":{"site":"14378200","name":"ILLINOIS RIVER NEAR AGNESS, OR","state":"Oregon","huc":"171003111102","type":"ST","d0":"2026-09-07","t":[18.4,19.0,19.7,20.1,20.0,18.7,18.4,18.5,18.3,18.4,18.7,19.0,19.1,19.3,19.4,19.0,18.8,18.7,18.3,17.8,17.9,17.5,17.3,17.7,18.1,18.3,18.4,18.0,18.3,18.3],"q":[245,226,212,200,192,184,197,207,198,191,186,183,182,181,178,174,171,173,205,209,194,187,186,183,179,177,174,170,171,167],"latest":{"d":"2026-10-06","t":18.3,"q":167}}},{"type":"Feature","geometry":{"type":"Point","coordinates":[-124.18731,42.12344]},"properties":{"site":"14400000","name":"CHETCO RIVER NEAR BROOKINGS, OR","state":"Oregon","huc":"171003120109","type":"ST","d0":"2026-09-07","t":[19.3,20.1,20.6,20.8,20.5,19.5,19.3,19.4,19.8,19.7,19.7,19.8,19.7,19.7,19.8,19.8,20.1,19.8,19.4,19.0,18.9,18.8,19.0,null,null,null,19.5,19.1,19.3,19.3],"q":[136,111,97.6,89.0,83.2,79.9,93.0,109,91.7,82.5,77.7,75.7,74.4,73.3,72.2,70.9,69.0,70.7,111,116,93.6,83.6,78.4,null,null,null,68.1,67.5,66.6,64.9],"latest":{"d":"2026-10-06","t":19.3,"q":64.9}}},{"type":"Feature","geometry":{"type":"Point","coordinates":[-130.06528,56.02611]},"properties":{"site":"15008000","name":"SALMON R NR HYDER AK","state":"Alaska","huc":"190101060106","type":"ST","d0":"2026-09-07","t":[2.4,2.5,3.2,2.5,2.3,2.5,2.6,3.0,3.3,3.4,3.2,3.4,3.5,3.1,2.8,2.8,2.9,2.8,2.3,3.8,4.0,4.6,3.8,3.5,3.3,3.1,3.2,3.4,4.0,3.5],"q":[1630,1710,2510,2630,2850,1880,1350,1270,1130,1110,1170,1070,1100,1540,1880,1740,1630,1720,1480,637,769,1330,1020,1010,798,688,681,1060,1760,null],"latest":{"d":"2026-10-06","t":3.5,"q":null}}},{"type":"Feature","geometry":{"type":"Point","coordinates":[-130.88028,56.24056]},"properties":{"site":"15015595","name":"UNUK R BL BLUE R NR WRANGELL AK","state":"Alaska","huc":"190101050403","type":"ST","d0":"2026-09-07","t":[9.2,8.0,7.6,7.3,7.4,7.5,7.4,7.8,8.6,9.7,12.3,11.8,8.8,7.2,7.0,6.9,6.7,8.5,9.8,7.0,6.9,6.7,6.7,6.5,7.3,8.7,9.9,7.1,6.6,6.3],"q":[5700,5840,9550,9080,8000,6410,5620,5210,4630,4490,4600,4340,5230,7860,8340,7000,6150,5050,4210,3780,5710,12300,8350,7090,5710,4660,4240,8120,12700,null],"latest":{"d":"2026-10-06","t":6.3,"q":null}}},{"type":"Feature","geometry":{"type":"Point","coordinates":[-133.7,58.53861]},"properties":{"site":"15041200","name":"TAKU R NR JUNEAU AK","state":"Alaska","huc":"190103040706","type":"ST","d0":"2026-09-07","t":[9.0,8.9,8.1,7.4,7.6,7.3,7.3,7.5,7.1,8.2,8.0,6.8,6.4,6.3,6.1,5.8,6.1,6.1,5.6,5.0,5.0,5.3,5.8,5.9,6.0,6.0,6.0,5.9,6.2,5.9],"q":[16100,17100,24000,26000,22200,18000,15700,14900,13800,13700,15600,15100,17400,28000,33200,25100,17400,14300,12500,11300,13300,16600,15000,13100,13100,13200,12300,16400,25000,null],"latest":{"d":"2026-10-06","t":5.9,"q":null}}},{"type":"Feature","geometry":{"type":"Point","coordinates":[-135.34444,59.51194]},"properties":{"site":"15056210","name":"TAIYA R NR SKAGWAY AK","state":"Alaska","huc":"190103030104","type":"ST","d0":"2026-09-07","t":[6.3,6.8,6.3,6.0,5.8,5.6,5.9,5.9,5.6,6.6,6.1,5.6,6.1,5.6,5.6,5.6,5.6,5.6,5.3,5.3,5.3,5.5,5.5,5.6,5.6,5.5,5.6,5.7,5.7,5.4],"q":[1670,3520,4790,2580,1790,1540,1490,1470,1270,1880,1810,1560,3750,6950,3660,2120,1650,1290,1030,965,1540,1510,1330,1230,1560,1480,1530,2460,3030,null],"latest":{"d":"2026-10-06","t":5.4,"q":null}}},{"type":"Feature","geometry":{"type":"Point","coordinates":[-135.99694,59.41306]},"properties":{"site":"15056560","name":"KLEHINI R NR KLUKWAN AK","state":"Alaska","huc":"190103031208","type":"ST","d0":"2026-09-07","t":[6.5,6.3,6.1,5.9,6.1,5.8,6.3,6.4,6.0,6.5,6.3,5.7,6.0,5.8,5.4,5.3,5.7,5.7,5.5,5.5,5.5,5.6,5.8,6.0,5.9,5.8,5.6,5.6,5.7,5.6],"q":[1160,1510,1850,1310,1010,928,958,974,882,952,835,772,1930,6820,4280,2700,null,1960,1620,1490,1730,1540,1440,1350,1530,1360,1290,2140,2580,null],"latest":{"d":"2026-10-06","t":5.6,"q":null}}},{"type":"Feature","geometry":{"type":"Point","coordinates":[-135.74,58.445]},"properties":{"site":"15057596","name":"SALMON R AT GUSTAVUS AK","state":"Alaska","huc":"190103021404","type":"ST","d0":"2026-09-07","t":[9.3,9.8,11.2,9.5,8.5,7.9,7.9,8.0,8.1,9.1,9.5,9.1,10.3,9.9,9.2,8.3,8.2,8.0,7.1,7.2,8.4,8.1,8.2,7.9,7.8,7.7,7.7,8.3,8.3,8.0],"q":[68.3,130,null,130,98.9,82.8,74.7,68.8,64.4,101,96.2,178,null,null,425,229,163,125,104,106,809,491,596,299,416,383,375,1290,812,null],"latest":{"d":"2026-10-06","t":8.0,"q":null}}},{"type":"Feature","geometry":{"type":"Point","coordinates":[-131.5244,55.5193]},"properties":{"site":"15068040","name":"LEASK CREEK AT SHELTER COVE NR KETCHIKAN AK","state":"Alaska","huc":"190101020507","type":"ST","d0":"2026-09-07","t":[17.7,17.2,15.7,16.8,16.9,16.6,16.1,15.9,15.7,15.6,15.8,15.4,15.0,14.1,14.2,13.4,13.0,13.0,12.9,12.4,11.8,11.9,11.8,11.8,12.0,12.1,11.9,11.4,11.7,11.6],"q":[13.3,12.0,61.1,60.1,47.4,36.2,27.7,20.8,16.7,13.7,11.2,10.4,10.3,41.0,68.9,131,181,139,94.3,70.1,138,190,135,101,76.1,58.4,47.0,85.7,122,null],"latest":{"d":"2026-10-06","t":11.6,"q":null}}},{"type":"Feature","geometry":{"type":"Point","coordinates":[-133.1103,55.80123]},"properties":{"site":"15081497","name":"STANEY C NR KLAWOCK AK","state":"Alaska","huc":"190101031003","type":"ST","d0":"2026-09-07","t":[14.0,13.9,12.6,12.2,12.0,11.5,11.2,11.6,11.5,11.8,12.9,12.6,12.6,11.6,11.0,10.2,9.8,9.4,8.6,8.9,9.7,9.9,9.5,9.4,9.5,8.8,9.3,9.6,10.0,9.7],"q":[33.7,33.0,1330,277,123,77.7,57.6,46.9,40.3,36.1,36.3,34.7,190,1540,919,640,586,313,160,118,2410,2020,1100,563,292,170,135,809,869,null],"latest":{"d":"2026-10-06","t":9.7,"q":null}}},{"type":"Feature","geometry":{"type":"Point","coordinates":[-132.93083,55.90861]},"properties":{"site":"15086225","name":"HATCHERY C AT FOREST SVC RD 23 NR COFFMAN COVE AK","state":"Alaska","huc":"190101030102","type":"ST","d0":"2026-09-07","t":[16.0,15.9,15.4,14.5,14.4,14.5,14.7,15.0,14.7,14.8,14.9,14.6,14.6,14.3,14.1,null,null,null,null,null,null,null,null,null,null,null,null,null,null,null],"q":[40.0,35.0,428,459,268,161,102,66.2,45.7,33.1,26.7,21.9,22.7,77.6,null,null,null,null,null,null,null,null,null,null,null,null,null,null,null,null],"latest":{"d":"2026-09-21","t":14.1,"q":null}}},{"type":"Feature","geometry":{"type":"Point","coordinates":[-133.06806,56.96861]},"properties":{"site":"15087585","name":"TWELVEMILE C NR PETERSBURG AK","state":"Alaska","huc":"190102100103","type":"ST","d0":"2026-09-07","t":[11.8,11.9,12.0,11.4,10.4,9.8,9.5,9.7,9.3,10.1,10.8,10.4,11.1,11.0,10.2,9.7,9.5,9.2,7.7,7.6,8.8,8.9,8.7,8.6,8.7,8.5,8.6,9.0,9.2,9.0],"q":[6.48,10.7,177,67.1,29.1,17.6,12.8,10.1,8.42,7.34,7.05,6.89,124,320,159,154,91.7,63.0,32.8,43.5,479,235,227,75.9,103,58.4,71.2,289,106,105],"latest":{"d":"2026-10-06","t":9.0,"q":105}}},{"type":"Feature","geometry":{"type":"Point","coordinates":[-135.31626,57.05316]},"properties":{"site":"15087700","name":"INDIAN R AT SITKA AK","state":"Alaska","huc":"190102121106","type":"ST","d0":"2026-09-07","t":[8.3,9.2,10.3,8.8,8.3,7.9,8.1,8.0,8.1,9.0,8.8,8.4,9.7,9.4,8.6,8.2,8.0,7.7,7.4,7.5,8.5,8.3,8.2,8.4,8.0,7.8,7.9,8.7,8.7,8.5],"q":[48.7,null,762,197,124,97.7,84.1,74.2,65.6,303,203,135,351,389,226,190,168,133,114,109,289,235,276,null,257,203,212,null,null,null],"latest":{"d":"2026-10-06","t":8.5,"q":null}}},{"type":"Feature","geometry":{"type":"Point","coordinates":[-135.21154,57.06094]},"properties":{"site":"15087810","name":"SAWMILL C BL U TAILRACE NR SITKA AK","state":"Alaska","huc":"190102121103","type":"ST","d0":"2026-09-07","t":[5.9,6.6,13.1,14.1,11.8,8.9,8.2,6.1,6.2,7.2,8.6,8.7,8.8,11.4,11.5,10.2,10.2,9.4,8.5,8.0,10.0,10.5,10.9,10.8,10.5,10.0,9.4,10.2,10.3,10.6],"q":[67.9,131,1610,1130,546,229,100,67.8,66.9,91.8,178,124,201,762,755,529,490,371,245,180,486,781,865,952,882,616,463,805,1220,1420],"latest":{"d":"2026-10-06","t":10.6,"q":1420}}},{"type":"Feature","geometry":{"type":"Point","coordinates":[-139.49437,59.58623]},"properties":{"site":"15129500","name":"SITUK R NR YAKUTAT AK","state":"Alaska","huc":"190104051806","type":"ST","d0":"2026-09-07","t":[12.2,12.1,13.0,13.0,12.8,12.5,12.5,12.1,11.9,12.3,12.2,11.2,11.4,11.2,11.2,11.2,11.2,10.6,10.2,10.3,9.7,9.3,9.6,9.6,9.0,8.8,8.7,8.7,8.7,8.7],"q":[141,266,379,339,293,252,218,191,170,235,246,291,419,752,1060,811,592,450,362,310,360,451,385,344,400,381,403,630,1060,null],"latest":{"d":"2026-10-06","t":8.7,"q":null}}},{"type":"Feature","geometry":{"type":"Point","coordinates":[-145.53083,62.52083]},"properties":{"site":"15200280","name":"GULKANA R AT SOURDOUGH AK","state":"Alaska","huc":"190201020609","type":"ST","d0":"2026-09-07","t":[11.2,11.5,10.6,10.0,10.0,10.9,9.7,8.7,8.5,9.3,9.3,8.0,8.3,8.3,8.1,7.1,6.4,6.2,5.5,5.4,5.9,5.6,5.0,4.3,4.3,4.0,2.1,2.4,3.5,3.5],"q":[981,978,1030,1040,1000,978,954,936,921,989,1140,1180,1200,1310,1390,1500,1470,1370,1280,1220,1160,1120,1100,1090,1100,1120,1100,1100,1120,null],"latest":{"d":"2026-10-06","t":3.5,"q":null}}},{"type":"Feature","geometry":{"type":"Point","coordinates":[-142.88662,61.48469]},"properties":{"site":"15209770","name":"NATIONAL C NR MCCARTHY AK","state":"Alaska","huc":"190201032107","type":"ST","d0":"2026-09-07","t":[5.0,4.8,4.6,4.2,4.2,4.6,4.5,4.1,4.3,4.6,4.4,3.6,4.0,4.1,4.0,3.1,2.7,3.0,2.6,2.9,3.3,2.9,3.1,3.2,2.8,2.2,1.5,2.5,3.2,3.0],"q":[6.06,7.11,7.2,7.62,7.58,7.44,6.87,6.5,6.26,6.52,6.12,6.04,6.01,5.98,6.23,5.83,5.67,5.48,5.38,5.22,5.07,4.92,4.79,4.69,4.53,4.33,4.28,4.38,4.68,null],"latest":{"d":"2026-10-06","t":3.0,"q":null}}},{"type":"Feature","geometry":{"type":"Point","coordinates":[-145.37861,60.53333]},"properties":{"site":"15215900","name":"GLACIER R TRIB NR CORDOVA AK","state":"Alaska","huc":"190201041503","type":"ST","d0":"2026-09-07","t":[8.1,8.4,7.4,7.4,7.4,7.3,7.2,7.2,7.5,7.9,7.2,7.0,7.3,7.2,7.1,6.3,6.0,6.6,6.5,6.4,6.3,6.4,6.4,6.2,5.7,5.0,5.4,6.2,6.1,6.0],"q":[9.83,105,28.9,10.7,6.94,5.46,4.59,3.98,18.5,87.3,16.5,null,null,null,null,24.9,11.5,7.81,6.09,5.48,null,null,null,null,null,14.5,9.15,null,null,null],"latest":{"d":"2026-10-06","t":6.0,"q":null}}},{"type":"Feature","geometry":{"type":"Point","coordinates":[-146.17222,60.76139]},"properties":{"site":"15219000","name":"WF OLSEN BAY C NR CORDOVA AK","state":"Alaska","huc":"190202010602","type":"ST","d0":"2026-09-07","t":[8.9,9.0,8.4,8.3,8.3,8.3,8.1,8.0,8.2,8.9,8.3,8.2,8.1,8.0,8.0,7.2,6.8,7.3,7.4,7.7,8.0,7.9,7.8,7.1,6.6,6.0,5.9,6.7,6.8,6.8],"q":[41.5,169,83.2,43.1,28.1,20.8,16.5,13.5,40.7,145,44.8,43.4,74.0,50.6,132,68.4,38.6,27.5,21.3,17.6,17.1,15.0,14.3,87.5,81.1,51.7,36.6,65.2,108,79.8],"latest":{"d":"2026-10-06","t":6.8,"q":79.8}}},{"type":"Feature","geometry":{"type":"Point","coordinates":[-148.89667,60.37056]},"properties":{"site":"15236900","name":"WOLVERINE C NR LAWING AK","state":"Alaska","huc":"190202012203","type":"ST","d0":"2026-09-07","t":[1.4,1.5,1.5,1.4,1.5,1.5,1.7,1.7,1.4,1.6,1.6,1.6,1.6,1.9,1.6,1.6,1.4,1.4,2.1,2.3,2.2,1.8,1.7,1.7,1.5,1.1,1.3,2.3,2.2,2.2],"q":[291,285,334,327,289,273,224,205,199,201,141,181,160,240,164,96.1,77.8,62.2,185,342,272,155,84.7,55.3,44.0,33.3,33.2,53.5,59.7,null],"latest":{"d":"2026-10-06","t":2.2,"q":null}}},{"type":"Feature","geometry":{"type":"Point","coordinates":[-150.95306,59.76233]},"properties":{"site":"15238986","name":"BATTLE C 1.0 MI AB MOUTH NR HOMER AK","state":"Alaska","huc":"190203011103","type":"ST","d0":"2026-09-07","t":[8.0,8.1,6.9,6.8,6.7,7.9,7.1,7.0,7.7,7.2,6.7,7.2,6.7,6.7,6.9,5.6,4.9,4.5,6.1,6.3,6.0,5.5,5.0,5.1,3.4,2.3,3.3,4.4,4.9,5.0],"q":[43.0,40.1,36.0,33.0,32.9,35.6,32.8,49.1,39.6,null,null,null,21.6,21.6,20.9,19.8,18.8,17.8,26.6,49.0,56.3,39.7,33.5,34.3,52.7,48.9,50.3,55.2,54.8,null],"latest":{"d":"2026-10-06","t":5.0,"q":null}}},{"type":"Feature","geometry":{"type":"Point","coordinates":[-150.88492,59.80106]},"properties":{"site":"15239070","name":"BRADLEY R NR TIDEWATER NR HOMER AK","state":"Alaska","huc":"190203011102","type":"ST","d0":"2026-09-07","t":[10.4,10.4,9.3,9.3,9.2,10.0,9.4,9.6,10.1,9.2,8.8,9.3,8.9,8.8,8.7,7.9,7.6,7.2,8.1,8.0,7.8,7.2,7.0,6.8,5.5,4.8,5.4,6.1,7.1,6.8],"q":[118,118,118,118,117,118,118,116,116,109,104,103,95.3,88.1,83.4,74.8,67.9,63.7,64.5,67.0,67.2,67.9,67.0,64.6,60.0,63.2,64.4,61.9,72.5,null],"latest":{"d":"2026-10-06","t":6.8,"q":null}}},{"type":"Feature","geometry":{"type":"Point","coordinates":[-149.80995,60.4922]},"properties":{"site":"15258000","name":"KENAI R AT COOPER LANDING AK","state":"Alaska","huc":"190203021205","type":"ST","d0":"2026-09-07","t":[10.0,9.9,9.4,9.3,9.3,9.3,9.0,8.8,9.3,9.3,9.5,9.7,9.6,9.6,9.6,9.5,9.4,9.4,9.4,9.3,9.2,9.2,9.2,9.1,8.9,8.8,8.6,8.5,8.5,8.5],"q":[3360,3570,3780,3970,4060,4020,3950,3860,3750,3730,3660,3560,3490,3440,3480,3390,3220,3040,2890,2860,3100,3280,3320,3230,3090,2960,2770,2650,2550,null],"latest":{"d":"2026-10-06","t":8.5,"q":null}}},{"type":"Feature","geometry":{"type":"Point","coordinates":[-149.88272,60.47998]},"properties":{"site":"15261000","name":"COOPER C AT MOUTH NR COOPER LANDING AK","state":"Alaska","huc":"190203021403","type":"ST","d0":"2026-09-07","t":[10.9,10.9,9.8,9.4,9.8,10.4,9.9,10.0,10.6,9.6,9.2,9.5,9.2,9.4,9.3,8.0,8.0,7.9,9.1,8.8,8.6,8.0,7.9,7.4,7.0,5.4,6.2,7.1,7.5,7.3],"q":[38.3,38.8,39.0,39.9,40.2,40.2,40.2,40.2,40.8,41.3,40.2,40.3,38.5,36.5,36.2,36.0,36.3,36.8,36.0,35.7,36.6,36.1,35.9,36.6,33.4,29.5,29.9,29.8,29.4,null],"latest":{"d":"2026-10-06","t":7.3,"q":null}}},{"type":"Feature","geometry":{"type":"Point","coordinates":[-151.07944,60.4775]},"properties":{"site":"15266300","name":"KENAI R AT SOLDOTNA AK","state":"Alaska","huc":"190203021806","type":"ST","d0":"2026-09-07","t":[11.0,10.7,10.2,10.2,10.1,11.1,10.7,11.1,11.2,10.8,10.1,10.5,10.2,10.0,10.0,9.4,9.1,9.0,9.1,9.0,8.9,8.8,8.9,8.6,8.3,7.6,7.3,7.3,7.8,7.9],"q":[8610,8650,8730,8820,8900,9010,9180,9150,9090,9330,9140,8910,8710,8480,8270,8010,7650,7330,7100,6940,6770,6650,6540,6460,6350,6170,5960,5820,5820,null],"latest":{"d":"2026-10-06","t":7.9,"q":null}}},{"type":"Feature","geometry":{"type":"Point","coordinates":[-149.92333,61.13944]},"properties":{"site":"15274600","name":"CAMPBELL C NR SPENARD AK","state":"Alaska","huc":"190204010603","type":"ST","d0":"2026-09-07","t":[null,null,null,8.6,8.6,9.4,8.9,8.7,9.5,9.2,8.2,8.4,8.0,7.9,7.9,6.8,5.8,5.3,5.8,6.6,6.9,6.0,6.2,5.3,4.4,4.1,2.9,4.3,5.2,null],"q":[112,120,125,111,104,102,98.7,95.1,139,145,112,107,108,103,102,101,93.5,91.6,92.1,89.3,88.0,85.9,84.8,148,113,94.3,87.0,110,125,null],"latest":{"d":"2026-10-05","t":5.2,"q":125}}},{"type":"Feature","geometry":{"type":"Point","coordinates":[-149.635,61.22556]},"properties":{"site":"15276000","name":"SHIP C NR ANCHORAGE AK","state":"Alaska","huc":"190204010404","type":"ST","d0":"2026-09-07","t":[7.6,7.7,7.4,6.9,7.1,7.8,6.9,6.7,7.4,7.1,6.4,6.7,6.4,6.2,6.3,5.0,4.4,4.2,5.2,5.7,5.5,4.6,4.7,2.8,3.0,2.4,2.2,3.8,4.4,4.4],"q":[190,232,242,226,217,210,200,189,217,294,237,236,225,206,224,204,190,198,201,192,192,182,175,183,179,167,162,184,192,null],"latest":{"d":"2026-10-06","t":4.4,"q":null}}},{"type":"Feature","geometry":{"type":"Point","coordinates":[-149.05242,61.68439]},"properties":{"site":"15283700","name":"MOOSE C NR PALMER AK","state":"Alaska","huc":"190204020706","type":"ST","d0":"2026-09-07","t":[6.7,6.5,6.1,5.8,6.4,6.9,6.1,5.9,6.3,6.0,5.5,5.5,5.5,5.6,5.5,4.8,4.2,3.9,4.5,5.1,4.8,4.9,5.0,3.4,3.2,3.0,2.1,3.5,3.9,4.1],"q":[241,375,401,326,287,291,259,231,274,612,436,372,342,298,284,248,222,201,187,175,164,154,147,138,133,124,117,118,115,null],"latest":{"d":"2026-10-06","t":4.1,"q":null}}},{"type":"Feature","geometry":{"type":"Point","coordinates":[-149.07306,61.60863]},"properties":{"site":"15284000","name":"MATANUSKA R AT PALMER AK","state":"Alaska","huc":"190204020709","type":"ST","d0":"2026-09-07","t":[7.7,7.4,6.5,6.1,6.5,7.1,6.7,6.0,6.1,6.3,5.8,5.6,5.9,6.0,6.0,5.2,4.7,4.1,4.4,5.4,5.1,5.4,5.7,3.8,3.5,3.6,2.3,3.2,3.9,4.2],"q":[6160,7620,8370,7400,7120,7400,6730,5620,5380,9030,7640,6420,5660,4900,4610,4230,3870,3630,3400,3250,3120,3030,2990,2890,2800,2590,2380,2330,2280,null],"latest":{"d":"2026-10-06","t":4.2,"q":null}}},{"type":"Feature","geometry":{"type":"Point","coordinates":[-149.23196,61.70974]},"properties":{"site":"15290000","name":"L SUSITNA R NR PALMER AK","state":"Alaska","huc":"190205051202","type":"ST","d0":"2026-09-07","t":[6.7,6.4,6.0,5.8,6.4,7.0,6.0,5.9,6.3,5.7,5.4,5.5,5.4,5.3,5.1,4.6,4.1,4.0,4.6,5.0,4.7,4.9,4.8,2.8,2.8,2.6,1.7,3.5,4.0,4.0],"q":[480,860,850,670,578,588,499,436,650,1260,815,684,620,528,500,441,379,341,316,294,277,261,244,234,222,207,196,200,199,null],"latest":{"d":"2026-10-06","t":4.0,"q":null}}},{"type":"Feature","geometry":{"type":"Point","coordinates":[-150.01925,62.3464]},"properties":{"site":"15292700","name":"TALKEETNA R NR TALKEETNA AK","state":"Alaska","huc":"190205030610","type":"ST","d0":"2026-09-07","t":[8.0,8.0,7.8,7.6,7.8,8.1,7.4,6.7,7.2,7.2,7.0,6.8,6.7,6.7,5.9,5.9,5.1,4.8,5.4,5.3,5.3,5.2,5.6,4.0,4.0,4.0,2.3,3.1,4.2,4.1],"q":[9220,11000,10600,8900,7870,7910,7640,6470,7270,15400,10700,8960,8160,7380,6740,6750,5960,5440,5080,4730,4440,4160,4440,4320,3980,3740,3330,3360,3460,null],"latest":{"d":"2026-10-06","t":4.1,"q":null}}},{"type":"Feature","geometry":{"type":"Point","coordinates":[-149.88444,61.78083]},"properties":{"site":"15294005","name":"WILLOW C NR WILLOW AK","state":"Alaska","huc":"190205050605","type":"ST","d0":"2026-09-07","t":[8.3,8.3,7.6,7.2,7.5,8.7,7.4,6.9,7.7,7.3,6.6,6.8,6.9,6.6,5.9,5.3,4.5,4.5,5.1,5.8,5.6,5.7,5.3,null,3.4,3.2,2.0,3.5,4.4,4.4],"q":[775,1130,1180,939,849,868,785,711,852,1560,1070,944,925,838,820,777,700,650,613,580,552,539,504,490,484,459,430,465,503,null],"latest":{"d":"2026-10-06","t":4.4,"q":null}}},{"type":"Feature","geometry":{"type":"Point","coordinates":[-153.16372,57.69404]},"properties":{"site":"15295700","name":"TERROR R AT MOUTH NR KODIAK AK","state":"Alaska","huc":"190207010301","type":"ST","d0":"2026-09-07","t":[9.3,9.1,8.9,8.8,8.6,9.7,9.4,9.4,9.6,8.7,8.3,8.5,8.2,8.4,8.1,7.8,7.3,7.1,8.0,7.8,7.9,7.7,7.3,6.9,5.8,5.9,6.1,6.4,6.5,6.5],"q":[156,156,157,156,155,156,157,156,158,156,156,157,169,154,160,157,154,165,307,168,176,157,170,154,153,159,416,230,177,null],"latest":{"d":"2026-10-06","t":6.5,"q":null}}},{"type":"Feature","geometry":{"type":"Point","coordinates":[-152.62428,57.816]},"properties":{"site":"15297475","name":"RED CLOUD R TR NR KODIAK AK","state":"Alaska","huc":"190207011304","type":"ST","d0":"2026-09-07","t":[11.1,10.6,10.2,9.9,8.9,10.2,11.0,11.1,11.2,10.0,8.7,8.7,8.5,8.9,8.4,7.8,6.6,6.3,8.5,8.3,7.9,7.8,6.9,6.6,4.5,4.5,6.6,6.8,6.7,6.4],"q":[1.74,1.44,1.28,1.2,1.16,1.14,1.13,1.1,1.1,1.07,1.04,1.05,8.07,12.7,7.28,6.3,4.73,5.87,37.3,13.9,9.43,7.28,5.49,4.55,3.85,7.02,93.4,21.7,11.0,null],"latest":{"d":"2026-10-06","t":6.4,"q":null}}},{"type":"Feature","geometry":{"type":"Point","coordinates":[-162.68955,55.17692]},"properties":{"site":"15297610","name":"RUSSELL C NR COLD BAY AK","state":"Alaska","huc":"190301012203","type":"ST","d0":"2026-09-07","t":[9.7,9.0,9.0,9.9,10.6,10.4,10.8,11.0,9.5,9.2,8.8,8.4,7.7,5.3,5.7,6.4,6.0,8.1,7.5,7.3,6.7,6.4,6.1,6.1,5.9,6.4,6.6,6.5,6.1,5.3],"q":[223,233,199,177,201,199,213,292,235,168,186,205,247,225,203,195,185,760,461,474,908,582,399,338,291,255,304,387,364,null],"latest":{"d":"2026-10-06","t":5.3,"q":null}}},{"type":"Feature","geometry":{"type":"Point","coordinates":[-153.84689,59.75795]},"properties":{"site":"15300300","name":"ILIAMNA R NR PEDRO BAY AK","state":"Alaska","huc":"190302060205","type":"ST","d0":"2026-09-07","t":[9.0,8.9,8.7,8.5,8.3,8.9,9.2,8.7,8.6,7.9,7.6,7.4,7.3,7.3,7.0,6.6,5.9,5.5,6.2,6.3,6.3,6.3,5.9,5.2,3.9,3.2,3.7,4.7,5.5,5.8],"q":[1240,1070,1020,885,812,782,744,686,685,1150,1140,1120,1100,971,907,990,871,737,1510,2350,3200,1820,1320,1090,946,827,763,753,758,null],"latest":{"d":"2026-10-06","t":5.8,"q":null}}},{"type":"Feature","geometry":{"type":"Point","coordinates":[-155.89917,59.32889]},"properties":{"site":"15300500","name":"KVICHAK R AT IGIUGIG AK","state":"Alaska","huc":"190302061401","type":"ST","d0":"2026-09-07","t":[11.9,12.0,11.9,11.8,11.8,12.0,12.0,12.1,11.9,11.6,11.4,11.5,11.4,11.3,11.1,11.0,10.7,10.4,10.1,10.1,10.2,10.3,10.3,9.9,9.5,8.9,8.2,8.4,8.9,8.8],"q":[28900,28800,28700,28900,29100,29100,29200,29400,29200,28700,29500,29700,29700,29500,29600,29700,29600,30900,30900,29800,29200,29000,29100,29100,29200,29600,29100,29100,28800,28600],"latest":{"d":"2026-10-06","t":8.8,"q":28600}}},{"type":"Feature","geometry":{"type":"Point","coordinates":[-158.19005,59.93483]},"properties":{"site":"15302000","name":"NUYAKUK R NR DILLINGHAM AK","state":"Alaska","huc":"190303011704","type":"ST","d0":"2026-09-07","t":[11.9,12.5,12.3,12.6,11.7,12.5,11.9,12.0,11.9,10.9,10.6,10.7,10.9,8.7,7.4,7.6,8.4,8.2,8.8,9.0,9.2,9.3,8.0,6.9,6.0,5.9,5.8,6.5,7.3,7.2],"q":[null,null,null,null,null,null,null,null,null,null,null,null,null,null,null,null,null,null,null,null,null,null,null,null,6800,6800,6810,6750,6750,null],"latest":{"d":"2026-10-06","t":7.2,"q":null}}},{"type":"Feature","geometry":{"type":"Point","coordinates":[-158.15444,61.89]},"properties":{"site":"15304010","name":"CROOKED C AB AIRPORT RD NR CROOKED CREEK AK","state":"Alaska","huc":"190305010809","type":"ST","d0":"2026-09-07","t":[5.4,5.5,5.3,5.4,5.2,5.2,4.8,4.0,5.1,5.5,5.2,4.9,4.7,4.3,3.2,2.4,2.9,2.4,3.5,4.1,4.2,3.2,2.9,2.2,1.0,0.1,0.0,0.1,0.7,1.4],"q":[2020,2090,1870,1670,1540,1530,1410,1280,1460,1610,1810,1660,1600,1530,1420,1280,1160,1060,994,927,870,810,757,708,660,null,null,null,null,null],"latest":{"d":"2026-10-06","t":1.4,"q":null}}},{"type":"Feature","geometry":{"type":"Point","coordinates":[-144.33579,65.71075]},"properties":{"site":"15446000","name":"BIRCH C NR CIRCLE AK","state":"Alaska","huc":"190804010903","type":"ST","d0":"2026-09-07","t":[9.7,9.3,9.3,9.1,8.9,9.0,8.5,7.8,6.5,5.8,6.4,6.4,6.2,5.9,5.8,5.9,5.2,4.1,3.3,2.9,2.8,2.8,3.3,3.4,2.9,2.3,1.9,1.4,1.3,1.5],"q":[3590,3350,3080,3040,3150,3120,3360,3780,3610,3380,4040,5000,4630,4230,3950,3910,3800,3480,3170,2930,2740,2570,2430,2300,2190,2070,1930,1790,1700,1720],"latest":{"d":"2026-10-06","t":1.5,"q":1720}}},{"type":"Feature","geometry":{"type":"Point","coordinates":[-146.92806,64.47153]},"properties":{"site":"15484000","name":"SALCHA R NR SALCHAKET AK","state":"Alaska","huc":"190803050809","type":"ST","d0":"2026-09-07","t":[8.2,8.3,8.0,7.2,6.7,7.2,6.7,5.9,5.5,5.2,5.6,5.2,5.2,5.2,5.0,4.8,4.3,3.8,3.3,3.3,3.3,3.6,3.7,3.3,2.6,2.2,1.4,1.5,2.1,2.5],"q":[4700,4410,4200,5020,6800,6980,7130,7160,6790,6380,7440,8790,8050,7290,6720,6350,6000,5570,5170,4820,4540,4290,4090,3930,3750,3570,3350,3180,3100,null],"latest":{"d":"2026-10-06","t":2.5,"q":null}}},{"type":"Feature","geometry":{"type":"Point","coordinates":[-146.36133,64.90197]},"properties":{"site":"15493000","name":"CHENA R NR TWO RIVERS AK","state":"Alaska","huc":"190803060602","type":"ST","d0":"2026-09-07","t":[6.1,6.1,6.0,5.5,5.6,5.9,5.1,4.7,3.9,4.5,4.5,4.0,4.1,3.8,4.0,3.8,3.4,3.0,2.4,2.5,2.5,2.8,3.1,2.6,2.3,1.9,1.5,1.4,2.0,null],"q":[2510,2260,2430,3220,3460,3520,3910,4010,3710,4300,6610,6960,5990,5290,4750,4430,4040,3670,3340,3070,2850,2650,2490,2340,2210,2070,1930,1830,1790,null],"latest":{"d":"2026-10-05","t":2.0,"q":1790}}},{"type":"Feature","geometry":{"type":"Point","coordinates":[-149.094,64.56494]},"properties":{"site":"15515500","name":"TANANA R AT NENANA AK","state":"Alaska","huc":"190803072206","type":"ST","d0":"2026-09-07","t":[null,null,10.4,9.7,9.2,9.1,8.9,8.7,null,null,null,null,null,null,null,null,null,null,null,null,null,null,null,null,null,null,null,null,null,null],"q":[44000,44300,46100,49600,52300,53600,53300,52600,49800,48400,49500,51700,52300,50800,48000,45900,44200,42400,40100,38400,36600,34800,33300,32200,31200,30200,29000,28000,27500,null],"latest":{"d":"2026-09-14","t":8.7,"q":52600}}},{"type":"Feature","geometry":{"type":"Point","coordinates":[-148.54639,65.52297]},"properties":{"site":"15519030","name":"LIVENGOOD C AT LIVENGOOD AK","state":"Alaska","huc":"190803090206","type":"ST","d0":"2026-09-07","t":[3.8,3.9,4.2,4.0,4.3,4.4,3.9,3.1,2.6,3.2,3.5,2.9,3.1,2.7,2.9,2.0,1.9,1.4,0.7,0.6,0.6,1.0,1.2,1.0,0.5,0.1,null,0.1,0.1,0.3],"q":[80.4,63.5,125,89.7,79.6,124,74.6,55.6,48.4,71.4,160,95.3,67.4,54.1,50.5,43.9,35.7,30.7,25.9,23.1,21.6,19.7,19.4,18.7,16.8,12.8,null,null,null,null],"latest":{"d":"2026-10-06","t":0.3,"q":null}}},{"type":"Feature","geometry":{"type":"Point","coordinates":[-148.63111,65.46484]},"properties":{"site":"15519100","name":"TOLOVANA R BL ROSEBUD C NR LIVENGOOD AK","state":"Alaska","huc":"190803090210","type":"ST","d0":"2026-09-07","t":[4.9,5.3,5.3,5.1,5.3,5.2,5.0,4.6,3.8,3.8,4.1,3.9,3.9,3.7,3.8,3.4,3.0,2.7,2.0,1.7,1.7,1.7,2.0,1.9,1.6,0.9,0.3,0.2,0.2,0.6],"q":[1380,833,892,954,817,1570,1410,896,713,769,1700,1770,1030,830,719,717,626,545,483,439,406,375,355,351,328,288,null,null,null,null],"latest":{"d":"2026-10-06","t":0.6,"q":null}}},{"type":"Feature","geometry":{"type":"Point","coordinates":[-150.17722,67.25444]},"properties":{"site":"15564879","name":"SLATE C AT COLDFOOT AK","state":"Alaska","huc":"190901010604","type":"ST","d0":"2026-09-07","t":[4.7,4.8,4.7,4.2,4.6,4.2,3.7,3.2,2.6,3.1,3.6,3.5,3.1,2.9,2.4,2.1,2.3,2.2,1.2,1.2,1.6,2.0,1.4,1.0,0.4,0.1,0.0,0.0,0.0,0.1],"q":[243,235,238,255,366,479,443,388,349,373,357,339,340,340,310,286,269,252,225,202,182,165,150,135,117,106,null,null,null,null],"latest":{"d":"2026-10-06","t":0.1,"q":null}}},{"type":"Feature","geometry":{"type":"Point","coordinates":[-162.88056,61.93444]},"properties":{"site":"15565447","name":"YUKON R AT PILOT STATION AK","state":"Alaska","huc":"190903042303","type":"ST","d0":"2026-09-07","t":[12.1,11.8,11.5,11.2,11.0,10.7,10.5,10.3,10.3,10.2,10.1,10.1,10.0,9.8,9.6,9.4,9.2,9.0,8.8,8.6,8.4,8.2,7.9,7.5,7.1,6.8,6.2,5.5,5.1,4.8],"q":[499000,506000,510000,512000,518000,527000,535000,540000,537000,547000,557000,563000,570000,576000,582000,587000,591000,595000,598000,601000,604000,603000,600000,595000,591000,585000,577000,570000,562000,553000],"latest":{"d":"2026-10-06","t":4.8,"q":553000}}},{"type":"Feature","geometry":{"type":"Point","coordinates":[-160.30763,63.93432]},"properties":{"site":"15565700","name":"UNALAKLEET R AB CHIROSKEY R NR UNALAKLEET AK","state":"Alaska","huc":"190501021406","type":"ST","d0":"2026-09-07","t":[6.7,6.7,6.8,6.6,6.8,6.7,6.4,6.2,6.3,6.4,6.1,5.7,5.5,5.0,4.1,3.6,4.0,3.9,4.1,4.5,4.7,4.5,3.8,2.7,2.0,1.1,0.5,0.3,1.0,null],"q":[5600,5440,5220,5590,6010,6250,6120,5830,5890,7350,8550,8810,8450,7940,7000,6230,5670,5240,4810,4440,4140,3850,3600,3400,3220,3040,2890,2800,2760,null],"latest":{"d":"2026-10-05","t":1.0,"q":2760}}},{"type":"Feature","geometry":{"type":"Point","coordinates":[-163.67,64.89194]},"properties":{"site":"15580095","name":"NIUKLUK R AB MELSING C AT COUNCIL AK","state":"Alaska","huc":"190501040704","type":"ST","d0":"2026-09-07","t":[7.4,7.7,7.7,7.7,8.0,7.1,6.5,6.6,7.2,7.0,6.0,5.6,3.9,3.2,3.5,3.8,3.9,3.9,4.4,5.3,5.0,4.1,2.5,1.7,0.8,null,null,null,null,null],"q":[2190,2180,2120,2190,3320,3140,2720,2490,3500,4480,3380,3670,3900,3290,3000,2790,2600,2440,2310,2170,2050,1920,1810,1730,null,null,null,null,null,null],"latest":{"d":"2026-10-01","t":0.8,"q":null}}},{"type":"Feature","geometry":{"type":"Point","coordinates":[-163.67756,67.87548]},"properties":{"site":"15747000","name":"WULIK R BL TUTAK C NR KIVALINA AK","state":"Alaska","huc":"190504040903","type":"ST","d0":"2026-09-07","t":[6.8,7.2,7.2,7.2,6.7,5.7,4.6,4.5,4.5,5.1,4.7,3.3,2.5,2.2,2.4,3.1,3.4,3.4,2.8,3.6,3.5,2.7,1.2,0.7,0.2,0.0,0.4,0.2,0.0,0.0],"q":[1370,1360,1440,2060,23300,24600,10100,6340,4940,4070,3420,2910,2550,2220,2010,1880,1800,1720,1590,1480,1370,1270,1150,1010,null,null,null,null,null,null],"latest":{"d":"2026-10-06","t":0.0,"q":null}}},{"type":"Feature","geometry":{"type":"Point","coordinates":[-156.5545,20.97869]},"properties":{"site":"16618000","name":"Kahakuloa Stream near Honokohau, Maui, HI","state":"Hawaii","huc":"200200000101","type":"ST","d0":"2026-09-07","t":[22.0,22.8,22.5,22.1,21.5,21.2,21.2,21.1,21.5,21.8,22.7,22.2,21.9,21.8,21.6,22.2,22.0,21.6,21.5,21.4,21.3,21.4,21.0,20.8,21.2,21.0,21.1,20.9,20.9,null],"q":[28.4,42.7,16.5,18.9,13.7,10.1,9.41,28.1,22.3,25.5,70.0,13.9,12.7,12.8,11.7,18.2,12.3,13.5,16.6,12.0,10.2,8.89,8.39,8.14,7.94,7.81,7.74,7.65,9.85,null],"latest":{"d":"2026-10-05","t":20.9,"q":9.85}}},{"type":"Feature","geometry":{"type":"Point","coordinates":[-80.73359,25.16819]},"properties":{"site":"251003080435500","name":"MCCORMICK CREEK AT MOUTH NEAR KEY LARGO, FL","state":"Florida","huc":"030902021400","type":"ST","d0":"2026-09-07","t":[31.9,32.3,30.9,30.5,30.8,31.6,31.7,31.6,31.8,31.6,30.4,30.6,30.0,30.4,29.9,30.0,29.0,29.0,29.7,29.6,29.1,29.2,28.7,27.2,26.9,27.6,28.5,29.2,30.0,30.1],"q":[-8.67,-15.8,35.9,26.0,-32.6,-83.5,-52.6,-31.7,-21.3,71.4,110,43.6,39.9,2.1,-74.2,-36.7,1.3,76.3,42.0,-23.6,-150,-119,-27.0,43.0,105,118,113,101,60.5,54.8],"latest":{"d":"2026-10-06","t":30.1,"q":54.8},"sensor":"BOTTOM"}},{"type":"Feature","geometry":{"type":"Point","coordinates":[-80.53351,25.2149]},"properties":{"site":"251253080320100","name":"TROUT CREEK AT MOUTH NEAR KEY LARGO, FL","state":"Florida","huc":"03090202","type":"ST","d0":"2026-09-07","t":[31.3,31.5,30.9,30.1,30.8,31.5,31.2,31.4,31.2,31.1,29.9,29.6,29.5,30.9,30.3,30.2,28.7,28.6,29.8,30.0,30.0,29.6,29.0,27.5,27.0,28.0,28.9,29.5,30.5,31.4],"q":[151,88.1,374,364,122,-147,55.2,183,300,566,598,449,353,201,-220,43.5,276,463,220,254,-531,-255,111,621,891,847,693,637,322,136],"latest":{"d":"2026-10-06","t":31.4,"q":136},"sensor":"BOTTOM"}},{"type":"Feature","geometry":{"type":"Point","coordinates":[-80.36061,25.69906]},"properties":{"site":"254157080213800","name":"SNAPPER CREEK NO.5 ABV WATER PIPE NR S. MIAMI, FL","state":"Florida","huc":"03090202","type":"ST-CA","d0":"2026-09-07","t":[28.1,28.1,28.0,27.6,27.2,27.3,27.2,27.4,27.8,28.1,27.6,27.1,26.9,26.8,27.3,27.4,27.1,27.0,27.6,27.5,27.4,27.3,27.1,26.7,26.3,26.7,27.1,27.2,27.6,27.8],"q":[288,260,260,256,256,271,304,300,278,277,275,263,288,435,640,539,465,326,287,237,213,231,292,368,433,463,338,314,305,283],"latest":{"d":"2026-10-06","t":27.8,"q":283},"sensor":"LOWER"}},{"type":"Feature","geometry":{"type":"Point","coordinates":[-81.4555,25.89539]},"properties":{"site":"255327081275900","name":"EAST RIVER NEAR EVERGLADES CITY, FL","state":"Florida","huc":"030902040700","type":"ST-TS","d0":"2026-09-07","t":[30.0,30.0,29.4,29.2,29.7,30.4,29.7,29.6,30.1,29.5,28.8,28.8,28.7,28.2,28.4,28.7,28.8,28.8,28.5,28.0,27.8,27.7,27.5,27.0,26.4,26.5,27.6,28.5,29.1,29.0],"q":[20.0,15.6,17.8,9.66,-13.0,-14.1,3.4,17.2,20.3,44.3,51.3,38.6,31.4,26.9,13.7,15.3,30.7,22.4,20.8,-2.93,-44.4,-29.6,0.84,50.7,111,75.0,62.4,22.9,31.6,54.7],"latest":{"d":"2026-10-06","t":29.0,"q":54.7},"sensor":"Near Bottom"}},{"type":"Feature","geometry":{"type":"Point","coordinates":[-81.51092,25.90881]},"properties":{"site":"255432081303900","name":"FAKA-UNION RIVER NEAR THE MOUTH","state":"Florida","huc":"030902040700","type":"ST-TS","d0":"2026-09-07","t":[31.7,31.7,31.2,30.5,30.6,30.9,30.3,30.6,31.0,30.5,29.9,30.1,30.1,29.6,29.5,29.7,29.7,29.7,29.3,28.7,28.5,28.4,28.1,27.6,27.1,27.1,28.2,29.3,30.0,30.0],"q":[138,114,109,58.9,-46.7,-3.18,132,196,205,264,190,72.4,106,138,108,94.1,220,158,101,47.0,-175,-55.9,42.7,426,576,214,125,-57.5,142,255],"latest":{"d":"2026-10-06","t":30.0,"q":255},"sensor":"Near Bottom"}},{"type":"Feature","geometry":{"type":"Point","coordinates":[-81.54431,25.926]},"properties":{"site":"255534081324000","name":"PUMPKIN RIVER NEAR GOODLAND, FL","state":"Florida","huc":"030902040700","type":"ST-TS","d0":"2026-09-07","t":[30.3,30.3,29.4,29.0,29.4,29.9,28.8,29.0,29.6,29.0,29.7,30.3,30.3,30.3,29.7,29.7,29.5,29.4,28.5,27.8,27.4,27.3,27.4,26.8,25.9,26.2,27.7,29.2,29.9,29.2],"q":[15.5,16.2,11.6,9.81,6.65,6.44,9.48,20.3,32.7,39.4,34.8,32.4,31.8,31.3,25.7,21.7,29.6,25.4,22.4,15.7,3.1,6.52,9.27,31.4,44.4,34.2,36.4,23.3,24.3,22.7],"latest":{"d":"2026-10-06","t":29.2,"q":22.7},"sensor":"Near Bottom"}},{"type":"Feature","geometry":{"type":"Point","coordinates":[-85.24361,29.88556]},"properties":{"site":"295308085143700","name":"IWW EAST OF GULF CO CANAL NEAR PORT ST JOE, FL","state":"Florida","huc":"031401010704","type":"ST-CA","d0":"2026-09-07","t":[30.7,30.9,30.9,31.0,30.7,30.3,30.1,30.3,30.7,30.6,30.2,29.8,29.9,30.1,30.2,30.2,30.2,30.1,29.4,29.1,29.1,29.0,28.9,29.0,28.7,28.4,28.0,27.4,27.2,26.3],"q":[452,1130,743,545,709,847,564,342,848,1370,512,1190,790,474,1050,821,null,1230,211,null,null,599,-45.4,1540,2200,2810,2500,3130,3880,5510],"latest":{"d":"2026-10-06","t":26.3,"q":5510},"sensor":"Bottom"}},{"type":"Feature","geometry":{"type":"Point","coordinates":[-85.25472,29.88972]},"properties":{"site":"295323085151700","name":"IWW WEST OF GULF CO CANAL NEAR PORT ST JOE, FL","state":"Florida","huc":"031401010704","type":"ST-CA","d0":"2026-09-07","t":[30.6,30.9,31.0,30.9,30.5,30.1,29.9,30.2,30.5,30.4,30.2,29.8,29.9,30.1,30.1,30.2,30.3,30.1,29.4,29.0,28.8,28.8,28.8,28.9,28.7,28.3,27.8,27.3,27.0,26.2],"q":[-200,173,-84.5,261,389,107,93.9,-131,236,853,-537,-520,-451,-680,-575,-108,158,-150,-403,-234,-479,-164,116,445,282,244,396,498,504,1280],"latest":{"d":"2026-10-06","t":26.2,"q":1280},"sensor":"Bottom"}},{"type":"Feature","geometry":{"type":"Point","coordinates":[-107.99229,38.65721]},"properties":{"site":"383926107593001","name":"LOUTSENHIZER ARROYO AT HWY 50 NEAR OLATHE CO","state":"Colorado","huc":"140200060605","type":"ST","d0":"2026-09-07","t":[18.7,18.6,17.9,16.8,16.4,17.8,18.4,18.5,17.7,18.0,17.8,17.6,17.5,16.4,15.9,15.5,15.6,15.4,15.7,15.4,15.6,15.5,15.4,15.2,14.6,14.8,15.0,15.1,15.2,15.0],"q":[89.6,87.3,88.8,88.2,86.7,91.4,90.1,88.7,123,81.2,131,105,95.9,91.6,85.2,73.1,74.3,67.1,87.5,70.0,66.8,68.3,70.1,66.7,63.0,56.8,53.8,55.5,54.4,55.7],"latest":{"d":"2026-10-06","t":15.0,"q":55.7}}},{"type":"Feature","geometry":{"type":"Point","coordinates":[-106.95338,38.85166]},"properties":{"site":"385106106571000","name":"SLATE R AB BAXTER GL @HWY 135 NR CRESTED BUTTE, CO","state":"Colorado","huc":"140200010206","type":"ST","d0":"2026-09-07","t":[16.0,15.7,15.1,14.3,13.4,13.9,14.3,14.2,14.3,14.1,14.0,13.6,13.1,12.8,12.7,12.6,12.9,12.2,12.2,12.3,12.4,11.3,11.9,10.8,11.9,12.0,12.1,12.6,12.6,11.4],"q":[4.53,4.45,3.89,3.59,3.53,3.43,3.65,27.8,45.2,28.4,33.4,42.4,43.4,46.2,35.9,29.0,26.2,25.7,31.0,35.6,31.9,33.8,40.7,46.1,51.1,42.7,37.7,33.8,31.3,29.3],"latest":{"d":"2026-10-06","t":11.4,"q":29.3}}},{"type":"Feature","geometry":{"type":"Point","coordinates":[-108.21781,39.33119]},"properties":{"site":"391953108130201","name":"ROAN CREEK AT DE BEQUE, CO.","state":"Colorado","huc":"140100051006","type":"ST","d0":"2026-09-07","t":[20.2,19.4,18.5,17.5,17.1,18.9,20.0,21.8,20.1,15.6,18.7,19.9,17.0,17.2,17.2,17.3,17.8,15.3,18.4,17.3,17.5,16.6,17.6,16.9,16.3,16.5,16.4,16.3,16.1,16.5],"q":[0.22,0.17,0.18,0.21,0.2,0.26,0.29,0.21,23.9,49.6,11.0,2.35,25.3,1.75,0.87,0.73,15.4,2.82,0.97,0.89,0.92,0.88,0.76,0.83,0.96,1.0,0.83,0.82,0.68,0.71],"latest":{"d":"2026-10-06","t":16.5,"q":0.71}}},{"type":"Feature","geometry":{"type":"Point","coordinates":[-106.72583,39.705]},"properties":{"site":"394220106431500","name":"EAGLE RIVER BELOW MILK CREEK NEAR WOLCOTT, CO","state":"Colorado","huc":"140100030603","type":"ST","d0":"2026-09-07","t":[18.3,18.0,17.2,16.0,14.4,15.5,16.3,17.7,17.1,17.0,16.4,15.8,14.1,14.2,14.1,14.0,14.5,13.7,14.1,13.7,14.1,13.2,13.5,12.7,12.9,13.1,13.0,13.1,13.0,13.2],"q":[61.0,59.4,57.0,52.7,54.0,53.2,54.1,58.2,79.6,84.2,103,122,117,114,110,97.2,96.1,99.9,98.1,109,111,112,110,113,113,105,101,104,103,101],"latest":{"d":"2026-10-06","t":13.2,"q":101}}},{"type":"Feature","geometry":{"type":"Point","coordinates":[-105.58414,40.35386]},"properties":{"site":"402114105350101","name":"BIG THOMPSON BL MORAINE PARK NR ESTES PARK, CO","state":"Colorado","huc":"101900060202","type":"ST","d0":"2026-09-07","t":[15.1,15.1,13.4,12.9,12.2,12.6,13.6,14.0,13.1,13.1,13.4,14.5,12.3,11.5,11.7,11.6,11.0,10.9,11.7,11.4,11.4,10.8,11.0,10.1,10.5,10.6,11.1,11.0,10.8,11.0],"q":[13.5,12.9,12.2,11.2,10.3,10.2,10.1,11.7,12.0,11.0,12.3,12.8,14.9,17.0,14.5,13.0,12.7,12.7,12.7,12.7,11.7,11.5,12.2,12.8,11.8,11.0,10.1,9.63,9.19,8.85],"latest":{"d":"2026-10-06","t":11.0,"q":8.85}}},{"type":"Feature","geometry":{"type":"Point","coordinates":[-75.55463,40.57982]},"properties":{"site":"403447075331801","name":"LE  SP15 Schantz Spring near Wescosville, PA","state":"Pennsylvania","huc":"020401060703","type":"SP","d0":"2026-09-07","t":[12.3,12.3,12.3,12.3,12.2,12.2,12.2,12.2,12.2,12.2,12.2,12.2,12.2,12.6,12.8,12.6,12.4,12.3,12.3,12.4,12.7,12.9,12.6,12.5,12.3,12.3,12.3,12.2,12.2,12.2],"q":[0.72,0.63,0.61,0.64,0.63,0.65,0.73,0.71,0.69,0.69,0.65,0.63,0.77,1.56,1.31,0.93,0.68,0.88,1.04,1.29,1.98,2.36,1.75,1.28,1.04,0.92,0.84,0.79,1.0,0.95],"latest":{"d":"2026-10-06","t":12.2,"q":0.95}}},{"type":"Feature","geometry":{"type":"Point","coordinates":[-112.23026,41.06656]},"properties":{"site":"410401112134801","name":"GSL FARMINGTON BAY OUTFLOW AT CAUSEWAY BRIDGE","state":"Utah","huc":"160203100200","type":"LK","d0":"2026-09-07","t":[19.5,20.3,20.8,21.8,23.4,23.4,21.4,16.4,17.4,20.2,20.7,18.4,18.4,19.2,20.2,19.1,19.7,20.7,21.0,20.2,20.2,17.1,17.4,17.7,19.1,19.7,20.3,21.1,21.9,22.0],"q":[171,173,171,166,162,159,120,99.0,142,156,187,168,166,155,125,153,183,193,215,204,167,null,198,208,219,236,241,235,261,279],"latest":{"d":"2026-10-06","t":22.0,"q":279}}}]}