{"type":"FeatureCollection","generated_at":"2026-09-19T11:10:13+00:00","source":{"id":"cdc-nwss","name":"CDC National Wastewater Surveillance System","dataset":"data.cdc.gov j9g8-acpt","licence":"Public Domain U.S. Government","url":"https://data.cdc.gov/Public-Health-Surveillance/CDC-Wastewater-Data-for-SARS-CoV-2/j9g8-acpt","excluded_sources":["WastewaterSCAN"],"target":"SARS-CoV-2","note":"per-site 15-day trend, log10 ratio; concentrations are never compared across sites"},"today":"2026-09-19","weeks":["2026-09-19","2026-09-12","2026-09-05","2026-08-29","2026-08-22","2026-08-15","2026-08-08","2026-08-01"],"counts":{"rows":17387,"kept":17387,"sites":1143,"counties":779,"missing_shape":4},"features":[{"type":"Feature","geometry":{"type":"Polygon","coordinates":[[[-88.026,30.753],[-87.945,30.827],[-87.98,30.889],[-87.924,30.935],[-87.965,30.968],[-87.941,31.048],[-87.976,31.09],[-87.94,31.147],[-87.973,31.163],[-87.947,31.193],[-87.836,31.231],[-87.804,31.319],[-87.765,31.297],[-87.714,31.302],[-87.616,31.244],[-87.615,31.0],[-87.599,30.997],[-87.599,30.997],[-87.592,30.951],[-87.635,30.866],[-87.542,30.767],[-87.524,30.738],[-87.442,30.693],[-87.4,30.657],[-87.401,30.604],[-87.431,30.55],[-87.445,30.507],[-87.415,30.457],[-87.367,30.437],[-87.432,30.403],[-87.452,30.344],[-87.518,30.28],[-87.657,30.25],[-87.819,30.228],[-87.893,30.239],[-87.806,30.28],[-87.797,30.324],[-87.865,30.383],[-87.914,30.446],[-87.933,30.487],[-87.902,30.551],[-87.915,30.586],[-87.931,30.653],[-88.008,30.685],[-88.026,30.753]]]},"properties":{"fips":"01003","name":"Baldwin","st":"AL","sites":1,"pop":6500,"trend":0.614,"weeks":[{"w":"2026-09-19","t":null,"n":0},{"w":"2026-09-12","t":null,"n":0},{"w":"2026-09-05","t":0.614,"n":1},{"w":"2026-08-29","t":0.99,"n":1},{"w":"2026-08-22","t":0.579,"n":1},{"w":"2026-08-15","t":-0.137,"n":1},{"w":"2026-08-08","t":-0.219,"n":1},{"w":"2026-08-01","t":-0.306,"n":1}]}},{"type":"Feature","geometry":{"type":"Polygon","coordinates":[[[-85.736,31.624],[-85.666,31.773],[-85.658,31.88],[-85.587,31.997],[-85.428,32.015],[-85.41,32.147],[-85.258,32.148],[-85.185,32.062],[-85.051,32.062],[-85.064,31.992],[-85.068,31.967],[-85.114,31.893],[-85.142,31.839],[-85.129,31.78],[-85.125,31.763],[-85.216,31.702],[-85.416,31.707],[-85.416,31.619],[-85.467,31.621],[-85.748,31.618],[-85.736,31.624]]]},"properties":{"fips":"01005","name":"Barbour","st":"AL","sites":1,"pop":14000,"trend":2.0,"weeks":[{"w":"2026-09-19","t":null,"n":0},{"w":"2026-09-12","t":null,"n":0},{"w":"2026-09-05","t":2.0,"n":1},{"w":"2026-08-29","t":0.0,"n":1},{"w":"2026-08-22","t":0.0,"n":1},{"w":"2026-08-15","t":0.0,"n":1},{"w":"2026-08-08","t":0.0,"n":1},{"w":"2026-08-01","t":0.0,"n":1}]}},{"type":"Feature","geometry":{"type":"Polygon","coordinates":[[[-86.146,33.679],[-86.044,33.764],[-86.065,33.842],[-85.969,33.915],[-85.846,33.957],[-85.741,33.935],[-85.739,33.968],[-85.542,33.957],[-85.53,33.941],[-85.638,33.773],[-85.656,33.627],[-85.796,33.556],[-85.795,33.586],[-85.995,33.586],[-86.051,33.675],[-86.146,33.679]]]},"properties":{"fips":"01015","name":"Calhoun","st":"AL","sites":1,"pop":22600,"trend":0.172,"weeks":[{"w":"2026-09-19","t":null,"n":0},{"w":"2026-09-12","t":null,"n":0},{"w":"2026-09-05","t":0.172,"n":1},{"w":"2026-08-29","t":1.94,"n":1},{"w":"2026-08-22","t":1.843,"n":1},{"w":"2026-08-15","t":1.945,"n":1},{"w":"2026-08-08","t":1.894,"n":1},{"w":"2026-08-01","t":0.0,"n":1}]}},{"type":"Feature","geometry":{"type":"Polygon","coordinates":[[[-87.473,32.308],[-87.422,32.308],[-87.423,32.483],[-87.111,32.49],[-87.018,32.73],[-87.018,32.663],[-86.918,32.664],[-86.906,32.537],[-86.815,32.341],[-86.864,32.275],[-86.81,32.225],[-86.908,32.225],[-86.907,32.048],[-87.178,32.048],[-87.263,32.147],[-87.472,32.265],[-87.473,32.308]]]},"properties":{"fips":"01047","name":"Dallas","st":"AL","sites":1,"pop":19000,"trend":0.382,"weeks":[{"w":"2026-09-19","t":null,"n":0},{"w":"2026-09-12","t":null,"n":0},{"w":"2026-09-05","t":0.382,"n":1},{"w":"2026-08-29","t":0.165,"n":1},{"w":"2026-08-22","t":-0.019,"n":1},{"w":"2026-08-15","t":2.0,"n":1},{"w":"2026-08-08","t":2.0,"n":1},{"w":"2026-08-01","t":-1.846,"n":1}]}},{"type":"Feature","geometry":{"type":"Polygon","coordinates":[[[-85.697,32.697],[-85.68,32.713],[-85.593,32.729],[-85.575,32.736],[-85.285,32.731],[-85.125,32.752],[-85.114,32.73],[-85.089,32.658],[-85.076,32.608],[-85.07,32.583],[-85.007,32.524],[-85.001,32.51],[-85.059,32.473],[-85.334,32.469],[-85.33,32.411],[-85.434,32.41],[-85.439,32.497],[-85.489,32.497],[-85.696,32.596],[-85.697,32.697]]]},"properties":{"fips":"01081","name":"Lee","st":"AL","sites":1,"pop":70000,"trend":-0.277,"weeks":[{"w":"2026-09-19","t":-0.277,"n":1},{"w":"2026-09-12","t":-0.115,"n":1},{"w":"2026-09-05","t":0.544,"n":1},{"w":"2026-08-29","t":0.785,"n":1},{"w":"2026-08-22","t":0.243,"n":1},{"w":"2026-08-15","t":0.036,"n":1},{"w":"2026-08-08","t":-0.079,"n":1},{"w":"2026-08-01","t":-0.151,"n":1}]}},{"type":"Feature","geometry":{"type":"Polygon","coordinates":[[[-86.023,32.42],[-85.853,32.476],[-85.886,32.493],[-85.797,32.494],[-85.799,32.581],[-85.696,32.596],[-85.489,32.497],[-85.439,32.497],[-85.434,32.41],[-85.434,32.235],[-85.856,32.232],[-85.899,32.305],[-85.899,32.275],[-85.919,32.274],[-85.991,32.336],[-86.023,32.42]]]},"properties":{"fips":"01087","name":"Macon","st":"AL","sites":1,"pop":3653,"trend":0.735,"weeks":[{"w":"2026-09-19","t":null,"n":0},{"w":"2026-09-12","t":null,"n":0},{"w":"2026-09-05","t":0.735,"n":1},{"w":"2026-08-29","t":null,"n":0},{"w":"2026-08-22","t":2.0,"n":1},{"w":"2026-08-15","t":null,"n":0},{"w":"2026-08-08","t":0.0,"n":1},{"w":"2026-08-01","t":0.0,"n":1}]}},{"type":"Feature","geometry":{"type":"Polygon","coordinates":[[[-86.784,34.992],[-86.468,34.991],[-86.319,34.991],[-86.311,34.991],[-86.257,34.938],[-86.326,34.937],[-86.359,34.633],[-86.327,34.599],[-86.33,34.513],[-86.424,34.48],[-86.533,34.503],[-86.55,34.546],[-86.579,34.581],[-86.646,34.549],[-86.689,34.586],[-86.79,34.551],[-86.784,34.992]]]},"properties":{"fips":"01089","name":"Madison","st":"AL","sites":1,"pop":46000,"trend":0.466,"weeks":[{"w":"2026-09-19","t":null,"n":0},{"w":"2026-09-12","t":null,"n":0},{"w":"2026-09-05","t":0.466,"n":1},{"w":"2026-08-29","t":0.102,"n":1},{"w":"2026-08-22","t":0.235,"n":1},{"w":"2026-08-15","t":0.536,"n":1},{"w":"2026-08-08","t":0.498,"n":1},{"w":"2026-08-01","t":0.693,"n":1}]}},{"type":"Feature","geometry":{"type":"Polygon","coordinates":[[[-86.581,34.371],[-86.553,34.54],[-86.55,34.546],[-86.533,34.503],[-86.424,34.48],[-86.33,34.513],[-86.327,34.599],[-86.327,34.6],[-86.318,34.6],[-86.316,34.6],[-86.183,34.599],[-86.148,34.599],[-86.098,34.513],[-86.088,34.467],[-86.058,34.476],[-86.119,34.404],[-86.106,34.201],[-86.109,34.186],[-86.206,34.173],[-86.304,34.099],[-86.409,34.205],[-86.453,34.259],[-86.478,34.303],[-86.582,34.305],[-86.581,34.371]]]},"properties":{"fips":"01095","name":"Marshall","st":"AL","sites":1,"pop":18280,"trend":0.235,"weeks":[{"w":"2026-09-19","t":null,"n":0},{"w":"2026-09-12","t":null,"n":0},{"w":"2026-09-05","t":0.235,"n":1},{"w":"2026-08-29","t":0.247,"n":1},{"w":"2026-08-22","t":0.41,"n":1},{"w":"2026-08-15","t":2.0,"n":1},{"w":"2026-08-08","t":2.0,"n":1},{"w":"2026-08-01","t":-1.838,"n":1}]}},{"type":"Feature","geometry":{"type":"Polygon","coordinates":[[[-87.105,34.686],[-86.839,34.557],[-86.79,34.551],[-86.689,34.586],[-86.646,34.549],[-86.579,34.581],[-86.55,34.546],[-86.553,34.54],[-86.581,34.371],[-86.582,34.305],[-87.11,34.314],[-87.105,34.686]]]},"properties":{"fips":"01103","name":"Morgan","st":"AL","sites":1,"pop":50772,"trend":2.0,"weeks":[{"w":"2026-09-19","t":null,"n":0},{"w":"2026-09-12","t":null,"n":0},{"w":"2026-09-05","t":2.0,"n":1},{"w":"2026-08-29","t":2.0,"n":1},{"w":"2026-08-22","t":-1.907,"n":1},{"w":"2026-08-15","t":1.853,"n":1},{"w":"2026-08-08","t":1.879,"n":1},{"w":"2026-08-01","t":-1.908,"n":1}]}},{"type":"Feature","geometry":{"type":"Polygon","coordinates":[[[-86.191,31.966],[-85.996,31.968],[-85.997,32.051],[-85.946,32.062],[-85.894,32.047],[-85.884,31.967],[-85.79,31.967],[-85.791,31.88],[-85.658,31.88],[-85.666,31.773],[-85.736,31.624],[-85.748,31.618],[-85.789,31.618],[-86.146,31.618],[-86.18,31.616],[-86.147,31.663],[-86.148,31.791],[-86.199,31.79],[-86.191,31.966]]]},"properties":{"fips":"01109","name":"Pike","st":"AL","sites":1,"pop":20000,"trend":0.085,"weeks":[{"w":"2026-09-19","t":null,"n":0},{"w":"2026-09-12","t":null,"n":0},{"w":"2026-09-05","t":0.085,"n":1},{"w":"2026-08-29","t":1.202,"n":1},{"w":"2026-08-22","t":1.146,"n":1},{"w":"2026-08-15","t":1.767,"n":1},{"w":"2026-08-08","t":2.0,"n":1},{"w":"2026-08-01","t":-0.078,"n":1}]}},{"type":"Feature","geometry":{"type":"Polygon","coordinates":[[[-85.641,33.321],[-85.643,33.496],[-85.348,33.501],[-85.305,33.483],[-85.294,33.428],[-85.237,33.13],[-85.232,33.108],[-85.593,33.107],[-85.654,33.107],[-85.641,33.321]]]},"properties":{"fips":"01111","name":"Randolph","st":"AL","sites":1,"pop":5311,"trend":0.166,"weeks":[{"w":"2026-09-19","t":null,"n":0},{"w":"2026-09-12","t":null,"n":0},{"w":"2026-09-05","t":0.166,"n":1},{"w":"2026-08-29","t":0.226,"n":1},{"w":"2026-08-22","t":0.253,"n":1},{"w":"2026-08-15","t":2.0,"n":1},{"w":"2026-08-08","t":2.0,"n":1},{"w":"2026-08-01","t":1.848,"n":1}]}},{"type":"Feature","geometry":{"type":"Polygon","coordinates":[[[-88.389,32.578],[-88.373,32.712],[-88.347,32.929],[-88.34,32.991],[-88.172,32.996],[-88.175,32.932],[-88.207,32.925],[-88.133,32.833],[-88.054,32.593],[-87.929,32.632],[-87.841,32.605],[-87.898,32.592],[-87.853,32.532],[-88.032,32.434],[-88.046,32.377],[-87.931,32.311],[-88.421,32.309],[-88.389,32.578]]]},"properties":{"fips":"01119","name":"Sumter","st":"AL","sites":1,"pop":4000,"trend":0.686,"weeks":[{"w":"2026-09-19","t":null,"n":0},{"w":"2026-09-12","t":null,"n":0},{"w":"2026-09-05","t":0.686,"n":1},{"w":"2026-08-29","t":0.78,"n":1},{"w":"2026-08-22","t":0.405,"n":1},{"w":"2026-08-15","t":2.0,"n":1},{"w":"2026-08-08","t":0.71,"n":1},{"w":"2026-08-01","t":-1.61,"n":1}]}},{"type":"Feature","geometry":{"type":"Polygon","coordinates":[[[-86.503,33.179],[-86.458,33.241],[-86.357,33.297],[-86.341,33.355],[-86.379,33.391],[-86.282,33.51],[-86.235,33.495],[-86.169,33.619],[-86.194,33.698],[-86.146,33.679],[-86.051,33.675],[-85.995,33.586],[-85.795,33.586],[-85.796,33.556],[-85.805,33.535],[-85.852,33.499],[-85.905,33.499],[-85.924,33.396],[-85.977,33.382],[-85.98,33.294],[-86.118,33.296],[-86.121,33.195],[-86.173,33.196],[-86.174,33.104],[-86.491,33.103],[-86.503,33.179]]]},"properties":{"fips":"01121","name":"Talladega","st":"AL","sites":1,"pop":15000,"trend":-1.737,"weeks":[{"w":"2026-09-19","t":null,"n":0},{"w":"2026-09-12","t":null,"n":0},{"w":"2026-09-05","t":-1.737,"n":1},{"w":"2026-08-29","t":0.977,"n":1},{"w":"2026-08-22","t":2.0,"n":1},{"w":"2026-08-15","t":1.873,"n":1},{"w":"2026-08-08","t":-0.004,"n":1},{"w":"2026-08-01","t":0.012,"n":1}]}},{"type":"Feature","geometry":{"type":"Polygon","coordinates":[[[-87.841,33.525],[-87.667,33.522],[-87.632,33.61],[-87.424,33.602],[-87.371,33.587],[-87.319,33.587],[-87.318,33.514],[-87.267,33.513],[-87.342,33.471],[-87.195,33.343],[-87.18,33.328],[-87.18,33.321],[-87.162,33.321],[-87.162,33.307],[-87.127,33.306],[-87.127,33.291],[-87.087,33.291],[-87.088,33.28],[-87.075,33.28],[-87.075,33.276],[-87.066,33.276],[-87.066,33.247],[-87.199,33.197],[-87.199,33.131],[-87.282,33.133],[-87.319,33.006],[-87.422,33.003],[-87.716,33.007],[-87.832,33.017],[-87.831,33.094],[-87.838,33.137],[-87.838,33.154],[-87.841,33.525]]]},"properties":{"fips":"01125","name":"Tuscaloosa","st":"AL","sites":1,"pop":12278,"trend":0.227,"weeks":[{"w":"2026-09-19","t":null,"n":0},{"w":"2026-09-12","t":null,"n":0},{"w":"2026-09-05","t":0.227,"n":1},{"w":"2026-08-29","t":0.021,"n":1},{"w":"2026-08-22","t":0.005,"n":1},{"w":"2026-08-15","t":0.131,"n":1},{"w":"2026-08-08","t":0.266,"n":1},{"w":"2026-08-01","t":0.194,"n":1}]}},{"type":"Feature","geometry":{"type":"Polygon","coordinates":[[[-150.229,61.163],[-150.221,61.194],[-149.987,61.224],[-149.898,61.267],[-149.748,61.397],[-149.359,61.484],[-149.24,61.484],[-149.18,61.426],[-148.462,61.426],[-148.472,60.849],[-148.738,60.849],[-148.746,60.733],[-149.038,60.733],[-149.034,60.849],[-149.182,60.906],[-149.359,60.906],[-149.748,61.001],[-149.717,61.011],[-149.832,61.076],[-150.005,61.139],[-150.066,61.151],[-150.266,61.127],[-150.229,61.163]]]},"properties":{"fips":"02020","name":"Anchorage","st":"AK","sites":2,"pop":243000,"trend":-0.018,"weeks":[{"w":"2026-09-19","t":-0.018,"n":2},{"w":"2026-09-12","t":-0.027,"n":2},{"w":"2026-09-05","t":0.16,"n":2},{"w":"2026-08-29","t":0.178,"n":2},{"w":"2026-08-22","t":0.085,"n":2},{"w":"2026-08-15","t":0.076,"n":2},{"w":"2026-08-08","t":0.159,"n":2},{"w":"2026-08-01","t":0.251,"n":2}]}},{"type":"Feature","geometry":{"type":"MultiPolygon","coordinates":[[[[-165.368,60.581],[-165.206,60.61],[-165.073,60.684],[-164.992,60.699],[-165.01,60.745],[-165.041,60.773],[-165.03,60.838],[-165.085,60.914],[-165.108,60.927],[-164.798,60.982],[-164.617,60.979],[-164.53,60.941],[-164.235,60.988],[-164.155,61.023],[-164.146,61.075],[-164.212,61.082],[-164.202,61.152],[-164.121,61.127],[-164.018,61.193],[-163.921,61.211],[-163.982,61.243],[-163.993,61.372],[-163.785,61.367],[-163.655,61.336],[-163.524,61.355],[-163.531,61.401],[-163.431,61.484],[-163.171,61.449],[-163.062,61.48],[-162.847,61.499],[-162.754,61.543],[-162.506,61.556],[-162.476,61.504],[-162.328,61.518],[-162.013,61.477],[-161.885,61.483],[-161.697,61.53],[-161.45,61.569],[-161.127,61.6],[-160.954,61.686],[-160.775,61.739],[-160.598,61.76],[-160.35,61.819],[-160.187,61.832],[-160.469,61.869],[-160.535,61.946],[-159.265,61.946],[-159.265,62.033],[-158.531,62.033],[-158.531,62.119],[-157.064,62.119],[-157.064,62.033],[-156.277,62.033],[-155.498,62.033],[-154.537,62.033],[-153.762,62.033],[-153.762,62.119],[-153.395,62.119],[-153.395,62.206],[-153.07,62.206],[-153.07,62.293],[-153.002,62.293],[-153.002,61.426],[-153.486,61.426],[-153.486,61.166],[-153.441,60.906],[-154.456,60.906],[-155.144,60.906],[-156.0,60.906],[-157.167,60.906],[-157.167,60.993],[-157.522,60.993],[-157.522,60.906],[-157.7,60.906],[-157.7,60.82],[-157.877,60.82],[-157.877,60.906],[-158.942,60.906],[-158.942,60.82],[-159.015,60.82],[-159.015,60.733],[-159.191,60.733],[-159.191,60.646],[-159.366,60.646],[-159.366,60.473],[-159.435,60.473],[-159.434,60.386],[-159.608,60.386],[-159.608,60.213],[-159.782,60.213],[-159.782,60.126],[-159.846,60.126],[-159.846,59.953],[-160.017,59.953],[-160.017,59.78],[-160.249,59.78],[-160.249,59.606],[-160.419,59.606],[-160.419,59.433],[-160.475,59.433],[-160.475,59.346],[-160.644,59.346],[-160.644,59.259],[-160.812,59.259],[-160.865,59.086],[-160.865,58.999],[-161.031,58.999],[-161.031,58.84],[-161.074,58.826],[-161.365,58.826],[-161.365,58.739],[-161.34,58.739],[-161.372,58.666],[-161.551,58.611],[-161.752,58.552],[-161.802,58.612],[-162.027,58.607],[-162.172,58.648],[-161.995,58.689],[-161.824,58.735],[-161.765,58.846],[-161.804,58.992],[-161.91,59.094],[-161.997,59.174],[-162.049,59.254],[-161.993,59.338],[-161.849,59.432],[-161.79,59.468],[-161.703,59.491],[-161.773,59.566],[-161.874,59.649],[-161.886,59.698],[-162.047,59.85],[-162.109,59.92],[-162.143,59.968],[-162.228,60.056],[-162.372,60.167],[-162.451,60.174],[-162.494,60.13],[-162.496,60.079],[-162.488,60.028],[-162.515,59.976],[-162.623,59.972],[-162.737,59.972],[-162.809,59.934],[-162.929,59.908],[-163.173,59.845],[-163.458,59.81],[-163.772,59.796],[-163.931,59.804],[-164.133,59.846],[-164.208,59.934],[-164.179,59.962],[-164.132,59.991],[-164.273,60.046],[-164.411,60.098],[-164.518,60.199],[-164.62,60.235],[-164.699,60.296],[-164.777,60.294],[-164.985,60.35],[-165.129,60.434],[-165.07,60.461],[-165.015,60.471],[-164.957,60.528],[-164.987,60.542],[-165.094,60.532],[-165.19,60.498],[-165.275,60.499],[-165.363,60.507],[-165.42,60.551],[-165.368,60.581]]],[[[-167.431,60.197],[-167.318,60.232],[-167.113,60.231],[-166.939,60.215],[-166.843,60.21],[-166.813,60.25],[-166.836,60.269],[-166.714,60.327],[-166.617,60.319],[-166.549,60.362],[-166.49,60.389],[-166.372,60.355],[-166.241,60.389],[-166.15,60.437],[-166.103,60.367],[-166.037,60.319],[-165.883,60.343],[-165.68,60.292],[-165.723,60.236],[-165.684,60.198],[-165.723,60.164],[-165.667,60.124],[-165.709,60.066],[-165.634,60.02],[-165.533,59.953],[-165.582,59.908],[-165.707,59.884],[-165.77,59.9],[-165.857,59.87],[-165.982,59.872],[-166.085,59.84],[-166.084,59.776],[-166.19,59.75],[-166.272,59.811],[-166.362,59.839],[-166.513,59.846],[-166.666,59.878],[-166.795,59.913],[-166.94,59.965],[-167.066,59.988],[-167.226,60.041],[-167.333,60.067],[-167.344,60.126],[-167.431,60.197]]],[[[-173.075,60.705],[-172.913,60.604],[-172.847,60.517],[-172.546,60.412],[-172.381,60.383],[-172.239,60.337],[-172.254,60.297],[-172.417,60.314],[-172.63,60.335],[-172.896,60.451],[-173.064,60.503],[-173.116,60.659],[-173.075,60.705]]]]},"properties":{"fips":"02050","name":"Bethel","st":"AK","sites":1,"pop":6500,"trend":-2.0,"weeks":[{"w":"2026-09-19","t":null,"n":0},{"w":"2026-09-12","t":-2.0,"n":1},{"w":"2026-09-05","t":-0.566,"n":1},{"w":"2026-08-29","t":0.783,"n":1},{"w":"2026-08-22","t":0.54,"n":1},{"w":"2026-08-15","t":-0.3,"n":1},{"w":"2026-08-08","t":1.615,"n":1},{"w":"2026-08-01","t":2.0,"n":1}]}},{"type":"Feature","geometry":{"type":"Polygon","coordinates":[[[-148.661,65.21],[-147.558,65.21],[-147.279,65.28],[-146.903,65.283],[-146.549,65.345],[-146.508,65.433],[-146.397,65.418],[-146.199,65.454],[-146.119,65.404],[-145.987,65.408],[-146.008,65.359],[-146.139,65.315],[-146.08,65.248],[-145.95,65.205],[-145.689,65.189],[-145.634,65.137],[-145.779,65.08],[-145.65,65.034],[-145.373,65.069],[-145.226,65.069],[-144.984,65.137],[-144.685,65.106],[-144.444,65.058],[-144.331,65.108],[-143.974,65.119],[-143.884,65.091],[-144.098,65.02],[-143.987,64.967],[-144.128,64.799],[-144.03,64.768],[-144.095,64.742],[-144.069,64.684],[-144.073,64.654],[-144.316,64.645],[-144.46,64.583],[-144.553,64.601],[-144.798,64.568],[-144.985,64.569],[-145.083,64.507],[-145.374,64.484],[-145.374,64.455],[-145.603,64.423],[-145.74,64.46],[-145.926,64.425],[-146.004,64.381],[-146.231,64.364],[-146.232,64.311],[-146.345,64.276],[-146.486,64.282],[-146.655,64.257],[-147.0,64.257],[-147.779,64.259],[-148.047,64.344],[-148.176,64.401],[-148.271,64.492],[-148.403,64.531],[-148.425,64.575],[-148.551,64.617],[-148.663,64.591],[-148.661,65.21]]]},"properties":{"fips":"02090","name":"Fairbanks North Star","st":"AK","sites":1,"pop":92000,"trend":0.023,"weeks":[{"w":"2026-09-19","t":0.023,"n":1},{"w":"2026-09-12","t":0.052,"n":1},{"w":"2026-09-05","t":0.113,"n":1},{"w":"2026-08-29","t":0.074,"n":1},{"w":"2026-08-22","t":0.024,"n":1},{"w":"2026-08-15","t":0.161,"n":1},{"w":"2026-08-08","t":0.305,"n":1},{"w":"2026-08-01","t":0.391,"n":1}]}},{"type":"Feature","geometry":{"type":"MultiPolygon","coordinates":[[[[-134.773,58.166],[-134.724,58.211],[-134.7,58.161],[-134.609,58.172],[-134.462,58.159],[-134.33,58.135],[-134.256,58.145],[-134.254,58.144],[-134.538,58.098],[-134.578,58.054],[-134.698,58.032],[-134.785,58.097],[-134.773,58.166]]],[[[-135.219,58.975],[-134.942,58.966],[-134.328,58.963],[-134.329,58.92],[-134.251,58.858],[-133.84,58.728],[-133.7,58.607],[-133.38,58.428],[-133.461,58.386],[-133.344,58.271],[-133.177,58.151],[-133.697,57.793],[-133.703,57.792],[-133.703,57.792],[-133.849,57.935],[-134.05,58.062],[-134.078,58.152],[-134.147,58.199],[-134.235,58.197],[-134.376,58.209],[-134.465,58.227],[-134.631,58.247],[-134.751,58.392],[-134.937,58.457],[-135.062,58.451],[-135.219,58.975]]]]},"properties":{"fips":"02110","name":"Juneau","st":"AK","sites":2,"pop":34000,"trend":0.046,"weeks":[{"w":"2026-09-19","t":null,"n":0},{"w":"2026-09-12","t":0.046,"n":1},{"w":"2026-09-05","t":-0.147,"n":2},{"w":"2026-08-29","t":0.007,"n":1},{"w":"2026-08-22","t":0.249,"n":2},{"w":"2026-08-15","t":0.312,"n":2},{"w":"2026-08-08","t":0.193,"n":2},{"w":"2026-08-01","t":0.293,"n":2}]}},{"type":"Feature","geometry":{"type":"MultiPolygon","coordinates":[[[[-151.963,59.345],[-151.887,59.421],[-151.743,59.468],[-151.516,59.524],[-151.328,59.573],[-151.205,59.63],[-151.297,59.697],[-151.449,59.648],[-151.643,59.647],[-151.747,59.686],[-151.869,59.769],[-151.814,59.844],[-151.758,59.918],[-151.718,60.009],[-151.607,60.1],[-151.422,60.213],[-151.382,60.297],[-151.367,60.373],[-151.306,60.387],[-151.282,60.496],[-151.303,60.561],[-151.35,60.635],[-151.41,60.711],[-151.371,60.734],[-151.261,60.77],[-151.063,60.787],[-150.896,60.853],[-150.706,60.938],[-150.502,61.008],[-150.402,61.036],[-150.342,61.024],[-150.194,60.901],[-150.109,60.89],[-149.985,60.879],[-149.9,60.94],[-149.854,60.967],[-149.748,61.001],[-149.359,60.906],[-149.182,60.906],[-149.034,60.849],[-149.038,60.733],[-148.746,60.733],[-148.657,60.733],[-148.664,60.415],[-148.564,60.415],[-148.563,60.126],[-148.586,59.939],[-148.65,59.924],[-148.689,59.945],[-148.801,59.953],[-148.86,59.924],[-148.936,59.953],[-149.036,59.942],[-149.123,59.969],[-149.221,59.939],[-149.271,59.872],[-149.377,59.836],[-149.472,59.904],[-149.573,59.852],[-149.596,59.798],[-149.507,59.771],[-149.528,59.707],[-149.626,59.734],[-149.732,59.707],[-149.746,59.638],[-149.843,59.701],[-149.919,59.692],[-150.002,59.631],[-150.134,59.557],[-150.281,59.467],[-150.297,59.425],[-150.359,59.4],[-150.385,59.342],[-150.43,59.343],[-150.478,59.422],[-150.499,59.456],[-150.581,59.445],[-150.609,59.386],[-150.681,59.305],[-150.722,59.292],[-150.823,59.331],[-150.913,59.305],[-150.888,59.268],[-150.942,59.233],[-151.001,59.224],[-151.126,59.21],[-151.288,59.219],[-151.342,59.222],[-151.471,59.243],[-151.433,59.136],[-151.662,59.09],[-151.858,59.144],[-151.916,59.228],[-151.984,59.279],[-151.963,59.345]]],[[[-152.064,60.417],[-151.952,60.511],[-151.839,60.486],[-151.892,60.44],[-151.956,60.368],[-152.08,60.341],[-152.064,60.417]]],[[[-153.597,59.387],[-153.489,59.415],[-153.412,59.415],[-153.348,59.378],[-153.387,59.331],[-153.515,59.321],[-153.547,59.331],[-153.597,59.387]]],[[[-154.749,59.26],[-154.412,59.26],[-154.412,59.433],[-154.123,59.433],[-154.123,59.52],[-153.953,59.52],[-153.953,59.693],[-153.783,59.693],[-153.783,59.78],[-153.657,59.78],[-153.657,60.126],[-153.528,60.126],[-153.528,60.473],[-153.397,60.473],[-153.397,60.82],[-153.441,60.906],[-153.486,61.166],[-153.486,61.426],[-153.002,61.426],[-151.858,61.426],[-151.333,61.426],[-151.333,61.253],[-150.974,61.253],[-150.974,61.194],[-151.048,61.161],[-151.122,61.084],[-151.167,61.046],[-151.252,61.04],[-151.349,61.01],[-151.48,61.011],[-151.6,60.966],[-151.721,60.904],[-151.8,60.854],[-151.777,60.81],[-151.704,60.732],[-151.716,60.71],[-151.898,60.722],[-152.039,60.661],[-152.136,60.578],[-152.261,60.538],[-152.331,60.474],[-152.302,60.414],[-152.234,60.394],[-152.377,60.346],[-152.411,60.288],[-152.54,60.242],[-152.575,60.206],[-152.579,60.17],[-152.55,60.114],[-152.575,60.048],[-152.679,59.968],[-152.701,59.92],[-152.861,59.875],[-152.967,59.881],[-153.009,59.831],[-153.016,59.751],[-153.052,59.692],[-153.155,59.654],[-153.24,59.632],[-153.309,59.626],[-153.409,59.636],[-153.542,59.63],[-153.553,59.597],[-153.578,59.556],[-153.685,59.553],[-153.761,59.543],[-153.699,59.464],[-153.747,59.43],[-153.862,59.424],[-153.925,59.405],[-153.999,59.385],[-154.031,59.327],[-154.123,59.288],[-154.141,59.217],[-154.173,59.172],[-154.181,59.123],[-154.063,59.072],[-153.933,59.063],[-153.794,59.071],[-153.696,59.074],[-153.596,59.0],[-153.48,58.995],[-153.393,58.951],[-153.323,58.908],[-153.267,58.867],[-153.294,58.855],[-153.639,58.855],[-153.639,58.739],[-153.817,58.739],[-153.817,58.653],[-154.312,58.653],[-154.643,58.653],[-154.643,58.739],[-154.695,58.739],[-154.695,59.086],[-154.749,59.26]]]]},"properties":{"fips":"02122","name":"Kenai Peninsula","st":"AK","sites":1,"pop":8000,"trend":1.625,"weeks":[{"w":"2026-09-19","t":null,"n":0},{"w":"2026-09-12","t":1.625,"n":1},{"w":"2026-09-05","t":1.398,"n":1},{"w":"2026-08-29","t":0.302,"n":1},{"w":"2026-08-22","t":null,"n":0},{"w":"2026-08-15","t":null,"n":0},{"w":"2026-08-08","t":null,"n":0},{"w":"2026-08-01","t":null,"n":0}]}},{"type":"Feature","geometry":{"type":"Polygon","coordinates":[[[-113.32,36.097],[-113.225,36.091],[-113.197,36.153],[-113.137,36.166],[-113.009,36.239],[-112.903,36.254],[-112.865,36.282],[-112.792,36.285],[-112.724,36.346],[-112.682,36.342],[-112.629,36.392],[-112.623,36.475],[-112.66,36.544],[-112.621,36.596],[-112.639,36.674],[-112.6,36.832],[-112.529,36.952],[-112.539,37.001],[-112.358,37.001],[-111.413,37.001],[-111.406,37.001],[-111.278,37.0],[-111.066,37.002],[-110.751,37.003],[-110.751,35.034],[-110.751,34.263],[-110.783,34.3],[-110.848,34.267],[-110.959,34.314],[-111.097,34.396],[-111.147,34.375],[-111.25,34.453],[-111.397,34.426],[-111.419,34.377],[-111.423,34.437],[-111.518,34.43],[-111.472,34.462],[-111.502,34.498],[-111.555,34.472],[-111.552,34.803],[-111.778,34.803],[-111.778,34.981],[-112.008,34.976],[-112.335,34.973],[-112.336,35.148],[-112.442,35.149],[-112.442,35.259],[-112.542,35.236],[-112.695,35.312],[-112.735,35.305],[-112.953,35.353],[-112.977,35.393],[-113.148,35.479],[-113.176,35.507],[-113.334,35.528],[-113.334,35.803],[-113.311,35.864],[-113.335,35.914],[-113.317,35.961],[-113.354,36.04],[-113.32,36.097]]]},"properties":{"fips":"04005","name":"Coconino","st":"AZ","sites":2,"pop":126000,"trend":0.335,"weeks":[{"w":"2026-09-19","t":null,"n":0},{"w":"2026-09-12","t":null,"n":0},{"w":"2026-09-05","t":0.335,"n":2},{"w":"2026-08-29","t":0.374,"n":2},{"w":"2026-08-22","t":-0.077,"n":2},{"w":"2026-08-15","t":-0.064,"n":2},{"w":"2026-08-08","t":0.295,"n":2},{"w":"2026-08-01","t":0.056,"n":2}]}},{"type":"Feature","geometry":{"type":"Polygon","coordinates":[[[-114.725,33.405],[-114.674,33.418],[-114.635,33.423],[-114.629,33.434],[-114.597,33.491],[-114.525,33.552],[-114.529,33.607],[-114.525,33.662],[-114.505,33.693],[-114.497,33.719],[-114.505,33.76],[-114.52,33.828],[-114.506,33.864],[-114.509,33.901],[-114.535,33.928],[-114.51,33.957],[-114.455,34.011],[-114.436,34.043],[-114.43,34.079],[-114.428,34.093],[-114.406,34.112],[-114.348,34.134],[-114.293,34.167],[-114.23,34.187],[-114.178,34.24],[-114.139,34.26],[-114.141,34.303],[-114.031,34.26],[-113.731,34.24],[-113.683,34.21],[-113.606,34.229],[-113.54,34.306],[-113.371,34.292],[-113.333,34.318],[-113.333,34.0],[-113.335,33.567],[-113.335,33.377],[-113.957,33.377],[-113.958,33.464],[-114.269,33.464],[-114.269,33.03],[-114.517,33.025],[-114.575,33.037],[-114.628,33.031],[-114.671,33.038],[-114.706,33.105],[-114.679,33.16],[-114.678,33.23],[-114.674,33.256],[-114.723,33.288],[-114.708,33.323],[-114.707,33.377],[-114.725,33.405]]]},"properties":{"fips":"04012","name":"La Paz","st":"AZ","sites":2,"pop":6900,"trend":0.932,"weeks":[{"w":"2026-09-19","t":null,"n":0},{"w":"2026-09-12","t":0.932,"n":2},{"w":"2026-09-05","t":1.113,"n":2},{"w":"2026-08-29","t":0.029,"n":2},{"w":"2026-08-22","t":0.986,"n":2},{"w":"2026-08-15","t":0.986,"n":2},{"w":"2026-08-08","t":0.0,"n":2},{"w":"2026-08-01","t":0.0,"n":2}]}},{"type":"Feature","geometry":{"type":"Polygon","coordinates":[[[-113.335,33.567],[-113.333,34.0],[-112.744,34.0],[-112.276,33.882],[-112.229,33.954],[-112.161,34.018],[-112.164,34.048],[-111.726,34.0],[-111.495,34.0],[-111.445,34.001],[-111.451,33.92],[-111.372,33.824],[-111.389,33.777],[-111.286,33.657],[-111.222,33.602],[-111.153,33.678],[-111.04,33.466],[-111.581,33.466],[-111.583,33.205],[-111.686,33.205],[-111.87,33.204],[-111.893,33.205],[-112.082,33.205],[-112.192,33.265],[-112.203,33.31],[-112.202,33.247],[-112.204,32.684],[-112.204,32.507],[-112.625,32.505],[-113.334,32.505],[-113.334,32.768],[-113.335,33.377],[-113.335,33.567]]]},"properties":{"fips":"04013","name":"Maricopa","st":"AZ","sites":17,"pop":3149226,"trend":-0.015,"weeks":[{"w":"2026-09-19","t":null,"n":0},{"w":"2026-09-12","t":-0.015,"n":14},{"w":"2026-09-05","t":0.169,"n":15},{"w":"2026-08-29","t":0.29,"n":15},{"w":"2026-08-22","t":0.253,"n":15},{"w":"2026-08-15","t":0.22,"n":13},{"w":"2026-08-08","t":0.196,"n":14},{"w":"2026-08-01","t":0.178,"n":15}]}},{"type":"Feature","geometry":{"type":"Polygon","coordinates":[[[-114.743,36.071],[-114.736,36.104],[-114.667,36.117],[-114.628,36.141],[-114.572,36.152],[-114.512,36.151],[-114.487,36.129],[-114.449,36.126],[-114.417,36.146],[-114.372,36.143],[-114.337,36.108],[-114.316,36.063],[-114.271,36.036],[-114.214,36.016],[-114.152,36.025],[-114.138,36.053],[-114.1,36.122],[-114.047,36.194],[-114.048,36.269],[-114.048,36.326],[-114.049,36.604],[-114.05,36.843],[-114.051,37.0],[-113.966,37.0],[-112.966,37.0],[-112.899,37.0],[-112.83,37.0],[-112.545,37.001],[-112.539,37.001],[-112.529,36.952],[-112.6,36.832],[-112.639,36.674],[-112.621,36.596],[-112.66,36.544],[-112.623,36.475],[-112.629,36.392],[-112.682,36.342],[-112.724,36.346],[-112.792,36.285],[-112.865,36.282],[-112.903,36.254],[-113.009,36.239],[-113.137,36.166],[-113.197,36.153],[-113.225,36.091],[-113.32,36.097],[-113.354,36.04],[-113.317,35.961],[-113.335,35.914],[-113.311,35.864],[-113.334,35.803],[-113.334,35.528],[-113.334,35.508],[-113.334,34.561],[-113.333,34.318],[-113.371,34.292],[-113.54,34.306],[-113.606,34.229],[-113.683,34.21],[-113.731,34.24],[-114.031,34.26],[-114.141,34.303],[-114.141,34.306],[-114.173,34.345],[-114.264,34.401],[-114.335,34.45],[-114.379,34.45],[-114.378,34.517],[-114.422,34.581],[-114.465,34.691],[-114.491,34.725],[-114.576,34.815],[-114.634,34.873],[-114.63,34.943],[-114.633,35.002],[-114.625,35.068],[-114.62,35.122],[-114.599,35.121],[-114.573,35.139],[-114.587,35.262],[-114.627,35.41],[-114.665,35.449],[-114.663,35.524],[-114.653,35.611],[-114.689,35.651],[-114.697,35.734],[-114.704,35.815],[-114.67,35.865],[-114.7,35.902],[-114.731,35.944],[-114.743,36.01],[-114.743,36.066],[-114.743,36.071]]]},"properties":{"fips":"04015","name":"Mohave","st":"AZ","sites":2,"pop":43500,"trend":0.258,"weeks":[{"w":"2026-09-19","t":null,"n":0},{"w":"2026-09-12","t":0.258,"n":2},{"w":"2026-09-05","t":-1.724,"n":2},{"w":"2026-08-29","t":-1.724,"n":2},{"w":"2026-08-22","t":1.724,"n":2},{"w":"2026-08-15","t":1.724,"n":2},{"w":"2026-08-08","t":1.724,"n":2},{"w":"2026-08-01","t":-1.724,"n":2}]}},{"type":"Feature","geometry":{"type":"Polygon","coordinates":[[[-113.334,32.505],[-112.625,32.505],[-112.204,32.507],[-111.793,32.507],[-111.352,32.501],[-111.157,32.511],[-110.859,32.511],[-110.842,32.514],[-110.452,32.514],[-110.451,32.428],[-110.452,31.731],[-111.058,31.726],[-111.164,31.726],[-111.164,31.522],[-111.367,31.521],[-111.367,31.425],[-112.365,31.741],[-113.334,32.04],[-113.334,32.505]]]},"properties":{"fips":"04019","name":"Pima","st":"AZ","sites":3,"pop":768307,"trend":-0.043,"weeks":[{"w":"2026-09-19","t":null,"n":0},{"w":"2026-09-12","t":-0.043,"n":3},{"w":"2026-09-05","t":0.053,"n":3},{"w":"2026-08-29","t":0.186,"n":3},{"w":"2026-08-22","t":0.261,"n":3},{"w":"2026-08-15","t":0.234,"n":3},{"w":"2026-08-08","t":0.331,"n":3},{"w":"2026-08-01","t":0.989,"n":3}]}},{"type":"Feature","geometry":{"type":"Polygon","coordinates":[[[-111.367,31.521],[-111.164,31.522],[-111.164,31.726],[-111.058,31.726],[-110.452,31.731],[-110.461,31.614],[-110.46,31.333],[-111.075,31.332],[-111.367,31.425],[-111.367,31.521]]]},"properties":{"fips":"04023","name":"Santa Cruz","st":"AZ","sites":1,"pop":251503,"trend":null,"weeks":[{"w":"2026-09-19","t":null,"n":0},{"w":"2026-09-12","t":null,"n":0},{"w":"2026-09-05","t":null,"n":0},{"w":"2026-08-29","t":null,"n":0},{"w":"2026-08-22","t":null,"n":0},{"w":"2026-08-15","t":null,"n":0},{"w":"2026-08-08","t":null,"n":0},{"w":"2026-08-01","t":null,"n":0}]}},{"type":"Feature","geometry":{"type":"Polygon","coordinates":[[[-113.334,35.508],[-113.334,35.528],[-113.176,35.507],[-113.148,35.479],[-112.977,35.393],[-112.953,35.353],[-112.735,35.305],[-112.695,35.312],[-112.542,35.236],[-112.442,35.259],[-112.442,35.149],[-112.336,35.148],[-112.335,34.973],[-112.008,34.976],[-111.778,34.981],[-111.778,34.803],[-111.552,34.803],[-111.555,34.472],[-111.577,34.42],[-111.66,34.386],[-111.674,34.306],[-111.721,34.16],[-111.477,34.151],[-111.464,34.072],[-111.495,34.0],[-111.726,34.0],[-112.164,34.048],[-112.161,34.018],[-112.229,33.954],[-112.276,33.882],[-112.744,34.0],[-113.333,34.0],[-113.333,34.318],[-113.334,34.561],[-113.334,35.508]]]},"properties":{"fips":"04025","name":"Yavapai","st":"AZ","sites":3,"pop":80000,"trend":-0.748,"weeks":[{"w":"2026-09-19","t":null,"n":0},{"w":"2026-09-12","t":-0.748,"n":3},{"w":"2026-09-05","t":-0.735,"n":3},{"w":"2026-08-29","t":-0.009,"n":3},{"w":"2026-08-22","t":-0.033,"n":3},{"w":"2026-08-15","t":-0.018,"n":1},{"w":"2026-08-08","t":0.096,"n":1},{"w":"2026-08-01","t":2.0,"n":1}]}},{"type":"Feature","geometry":{"type":"Polygon","coordinates":[[[-114.8,32.594],[-114.809,32.617],[-114.765,32.649],[-114.72,32.719],[-114.706,32.742],[-114.667,32.734],[-114.617,32.741],[-114.571,32.747],[-114.532,32.783],[-114.469,32.845],[-114.463,32.902],[-114.477,32.924],[-114.481,32.972],[-114.511,33.023],[-114.517,33.025],[-114.269,33.03],[-114.269,33.464],[-113.958,33.464],[-113.957,33.377],[-113.335,33.377],[-113.334,32.768],[-113.334,32.505],[-113.334,32.04],[-113.751,32.169],[-114.814,32.494],[-114.812,32.523],[-114.796,32.551],[-114.814,32.565],[-114.8,32.594]]]},"properties":{"fips":"04027","name":"Yuma","st":"AZ","sites":6,"pop":59476,"trend":-0.74,"weeks":[{"w":"2026-09-19","t":null,"n":0},{"w":"2026-09-12","t":null,"n":0},{"w":"2026-09-05","t":null,"n":0},{"w":"2026-08-29","t":null,"n":0},{"w":"2026-08-22","t":null,"n":0},{"w":"2026-08-15","t":-0.74,"n":6},{"w":"2026-08-08","t":-0.48,"n":5},{"w":"2026-08-01","t":null,"n":0}]}},{"type":"Feature","geometry":{"type":"Polygon","coordinates":[[[-94.618,36.499],[-94.361,36.5],[-94.077,36.499],[-93.959,36.499],[-93.867,36.499],[-93.89,36.378],[-93.815,36.307],[-93.869,36.307],[-93.888,36.235],[-93.974,36.204],[-94.334,36.215],[-94.336,36.142],[-94.391,36.099],[-94.552,36.102],[-94.562,36.162],[-94.586,36.3],[-94.618,36.499]]]},"properties":{"fips":"05007","name":"Benton","st":"AR","sites":1,"pop":19000,"trend":-0.707,"weeks":[{"w":"2026-09-19","t":-0.707,"n":1},{"w":"2026-09-12","t":-0.609,"n":1},{"w":"2026-09-05","t":0.117,"n":1},{"w":"2026-08-29","t":0.55,"n":1},{"w":"2026-08-22","t":0.534,"n":1},{"w":"2026-08-15","t":2.0,"n":1},{"w":"2026-08-08","t":1.866,"n":1},{"w":"2026-08-01","t":-1.766,"n":1}]}},{"type":"Feature","geometry":{"type":"Polygon","coordinates":[[[-93.402,34.685],[-93.394,34.743],[-93.394,34.772],[-93.288,34.773],[-93.075,34.772],[-92.969,34.772],[-92.98,34.637],[-92.875,34.635],[-92.808,34.59],[-92.793,34.504],[-92.915,34.506],[-92.948,34.389],[-93.407,34.397],[-93.402,34.685]]]},"properties":{"fips":"05051","name":"Garland","st":"AR","sites":1,"pop":38000,"trend":0.536,"weeks":[{"w":"2026-09-19","t":0.536,"n":1},{"w":"2026-09-12","t":0.363,"n":1},{"w":"2026-09-05","t":-0.087,"n":1},{"w":"2026-08-29","t":-0.087,"n":1},{"w":"2026-08-22","t":-0.083,"n":1},{"w":"2026-08-15","t":0.12,"n":1},{"w":"2026-08-08","t":0.243,"n":1},{"w":"2026-08-01","t":0.104,"n":1}]}},{"type":"Feature","geometry":{"type":"Polygon","coordinates":[[[-90.819,36.08],[-90.748,36.149],[-90.81,36.15],[-90.807,36.267],[-90.32,36.259],[-90.321,36.201],[-90.189,36.199],[-90.22,36.185],[-90.236,36.139],[-90.294,36.113],[-90.339,36.047],[-90.369,35.996],[-90.387,35.965],[-90.852,35.968],[-90.819,36.08]]]},"properties":{"fips":"05055","name":"Greene","st":"AR","sites":1,"pop":25000,"trend":-0.17,"weeks":[{"w":"2026-09-19","t":null,"n":0},{"w":"2026-09-12","t":-0.17,"n":1},{"w":"2026-09-05","t":-0.144,"n":1},{"w":"2026-08-29","t":0.744,"n":1},{"w":"2026-08-22","t":0.79,"n":1},{"w":"2026-08-15","t":0.273,"n":1},{"w":"2026-08-08","t":1.718,"n":1},{"w":"2026-08-01","t":2.0,"n":1}]}},{"type":"Feature","geometry":{"type":"Polygon","coordinates":[[[-92.754,34.911],[-92.544,34.953],[-92.474,34.947],[-92.436,34.843],[-92.419,34.932],[-92.23,34.928],[-92.227,35.015],[-92.122,35.012],[-92.071,35.012],[-92.079,34.722],[-92.109,34.623],[-92.03,34.622],[-92.03,34.49],[-92.208,34.493],[-92.246,34.494],[-92.244,34.581],[-92.349,34.582],[-92.346,34.626],[-92.445,34.627],[-92.443,34.672],[-92.552,34.689],[-92.55,34.762],[-92.654,34.765],[-92.651,34.852],[-92.74,34.854],[-92.755,34.872],[-92.754,34.911]]]},"properties":{"fips":"05119","name":"Pulaski","st":"AR","sites":2,"pop":48840,"trend":0.166,"weeks":[{"w":"2026-09-19","t":0.166,"n":2},{"w":"2026-09-12","t":0.07,"n":2},{"w":"2026-09-05","t":0.077,"n":2},{"w":"2026-08-29","t":0.124,"n":2},{"w":"2026-08-22","t":0.27,"n":2},{"w":"2026-08-15","t":0.437,"n":2},{"w":"2026-08-08","t":0.238,"n":2},{"w":"2026-08-01","t":-0.084,"n":2}]}},{"type":"Feature","geometry":{"type":"Polygon","coordinates":[[[-122.334,37.81],[-122.304,37.83],[-122.329,37.894],[-122.264,37.904],[-122.14,37.805],[-122.045,37.798],[-122.005,37.771],[-121.997,37.763],[-122.011,37.755],[-122.012,37.747],[-121.988,37.733],[-121.972,37.73],[-121.96,37.719],[-121.874,37.739],[-121.577,37.812],[-121.557,37.816],[-121.557,37.743],[-121.557,37.543],[-121.472,37.482],[-121.473,37.482],[-121.856,37.485],[-121.925,37.454],[-122.06,37.464],[-122.081,37.478],[-122.117,37.507],[-122.129,37.521],[-122.112,37.529],[-122.144,37.582],[-122.153,37.641],[-122.163,37.667],[-122.163,37.668],[-122.214,37.699],[-122.25,37.726],[-122.252,37.755],[-122.313,37.777],[-122.334,37.81]]]},"properties":{"fips":"06001","name":"Alameda","st":"CA","sites":2,"pop":800000,"trend":-0.37,"weeks":[{"w":"2026-09-19","t":-0.37,"n":1},{"w":"2026-09-12","t":0.218,"n":2},{"w":"2026-09-05","t":0.211,"n":2},{"w":"2026-08-29","t":0.091,"n":2},{"w":"2026-08-22","t":0.194,"n":2},{"w":"2026-08-15","t":0.283,"n":2},{"w":"2026-08-08","t":0.177,"n":2},{"w":"2026-08-01","t":-0.008,"n":2}]}},{"type":"Feature","geometry":{"type":"Polygon","coordinates":[[[-122.045,39.884],[-121.804,39.884],[-121.703,39.984],[-121.646,39.983],[-121.586,40.101],[-121.437,40.152],[-121.367,40.086],[-121.419,40.016],[-121.43,39.9],[-121.351,39.826],[-121.211,39.726],[-121.137,39.628],[-121.077,39.597],[-121.15,39.526],[-121.305,39.52],[-121.334,39.425],[-121.408,39.34],[-121.624,39.296],[-121.638,39.306],[-121.908,39.304],[-121.899,39.357],[-121.89,39.384],[-121.857,39.537],[-121.994,39.534],[-121.994,39.671],[-121.95,39.733],[-121.968,39.722],[-122.026,39.8],[-122.046,39.798],[-122.045,39.884]]]},"properties":{"fips":"06007","name":"Butte","st":"CA","sites":2,"pop":145299,"trend":0.101,"weeks":[{"w":"2026-09-19","t":0.101,"n":1},{"w":"2026-09-12","t":0.444,"n":2},{"w":"2026-09-05","t":0.507,"n":2},{"w":"2026-08-29","t":0.402,"n":2},{"w":"2026-08-22","t":0.504,"n":2},{"w":"2026-08-15","t":0.383,"n":2},{"w":"2026-08-08","t":0.039,"n":2},{"w":"2026-08-01","t":0.037,"n":2}]}},{"type":"Feature","geometry":{"type":"Polygon","coordinates":[[[-122.425,37.956],[-122.368,37.978],[-122.369,38.008],[-122.343,38.009],[-122.322,38.01],[-122.263,38.051],[-122.269,38.06],[-122.143,38.032],[-122.096,38.048],[-122.05,38.06],[-121.878,38.049],[-121.862,38.066],[-121.801,38.022],[-121.738,38.027],[-121.673,38.094],[-121.58,38.094],[-121.534,37.849],[-121.557,37.816],[-121.577,37.812],[-121.874,37.739],[-121.96,37.719],[-121.972,37.73],[-121.988,37.733],[-122.012,37.747],[-122.011,37.755],[-121.997,37.763],[-122.005,37.771],[-122.045,37.798],[-122.14,37.805],[-122.264,37.904],[-122.329,37.894],[-122.335,37.909],[-122.379,37.905],[-122.425,37.956]]]},"properties":{"fips":"06013","name":"Contra Costa","st":"CA","sites":4,"pop":1555281,"trend":0.084,"weeks":[{"w":"2026-09-19","t":0.084,"n":3},{"w":"2026-09-12","t":0.164,"n":4},{"w":"2026-09-05","t":0.187,"n":4},{"w":"2026-08-29","t":0.179,"n":4},{"w":"2026-08-22","t":0.194,"n":4},{"w":"2026-08-15","t":0.216,"n":4},{"w":"2026-08-08","t":0.101,"n":4},{"w":"2026-08-01","t":-0.005,"n":4}]}},{"type":"Feature","geometry":{"type":"Polygon","coordinates":[[[-124.22,41.846],[-124.203,41.941],[-124.212,41.998],[-124.001,41.996],[-123.822,41.996],[-123.657,41.995],[-123.519,41.999],[-123.565,41.903],[-123.643,41.889],[-123.704,41.829],[-123.66,41.714],[-123.719,41.596],[-123.648,41.535],[-123.612,41.462],[-123.661,41.382],[-123.77,41.381],[-123.771,41.464],[-124.067,41.465],[-124.082,41.548],[-124.116,41.629],[-124.143,41.709],[-124.154,41.729],[-124.191,41.736],[-124.245,41.792],[-124.22,41.846]]]},"properties":{"fips":"06015","name":"Del Norte","st":"CA","sites":1,"pop":15372,"trend":0.114,"weeks":[{"w":"2026-09-19","t":0.114,"n":1},{"w":"2026-09-12","t":0.541,"n":1},{"w":"2026-09-05","t":0.443,"n":1},{"w":"2026-08-29","t":0.1,"n":1},{"w":"2026-08-22","t":0.499,"n":1},{"w":"2026-08-15","t":0.58,"n":1},{"w":"2026-08-08","t":0.275,"n":1},{"w":"2026-08-01","t":2.0,"n":1}]}},{"type":"Feature","geometry":{"type":"Polygon","coordinates":[[[-121.142,38.712],[-121.058,38.848],[-121.041,38.916],[-121.038,38.916],[-120.94,38.962],[-120.859,38.952],[-120.812,39.0],[-120.746,39.01],[-120.642,38.944],[-120.564,38.914],[-120.471,38.966],[-120.435,39.028],[-120.184,39.031],[-120.144,39.067],[-120.002,39.067],[-120.001,39.0],[-119.904,38.933],[-119.877,38.87],[-119.965,38.776],[-120.072,38.703],[-120.098,38.709],[-120.14,38.638],[-120.213,38.629],[-120.302,38.549],[-120.511,38.511],[-120.628,38.503],[-120.814,38.562],[-121.028,38.508],[-121.119,38.718],[-121.142,38.712]]]},"properties":{"fips":"06017","name":"El Dorado","st":"CA","sites":3,"pop":205000,"trend":0.063,"weeks":[{"w":"2026-09-19","t":0.063,"n":3},{"w":"2026-09-12","t":0.126,"n":3},{"w":"2026-09-05","t":0.271,"n":3},{"w":"2026-08-29","t":0.304,"n":3},{"w":"2026-08-22","t":0.115,"n":3},{"w":"2026-08-15","t":0.077,"n":3},{"w":"2026-08-08","t":0.051,"n":3},{"w":"2026-08-01","t":0.133,"n":3}]}},{"type":"Feature","geometry":{"type":"Polygon","coordinates":[[[-120.656,36.953],[-120.591,36.953],[-120.542,37.045],[-120.45,36.911],[-120.456,36.863],[-120.37,36.785],[-120.229,36.77],[-120.058,36.823],[-120.028,36.815],[-119.932,36.843],[-119.814,36.85],[-119.713,36.992],[-119.705,37.0],[-119.691,37.012],[-119.659,37.013],[-119.659,37.039],[-119.647,37.044],[-119.621,37.027],[-119.605,37.071],[-119.563,37.064],[-119.567,37.116],[-119.507,37.151],[-119.471,37.111],[-119.433,37.162],[-119.363,37.167],[-119.331,37.206],[-119.335,37.311],[-119.287,37.375],[-119.022,37.586],[-118.917,37.55],[-118.85,37.476],[-118.775,37.463],[-118.787,37.343],[-118.716,37.328],[-118.655,37.142],[-118.593,37.138],[-118.437,37.06],[-118.361,36.888],[-118.39,36.834],[-118.361,36.745],[-118.982,36.742],[-118.985,36.657],[-119.088,36.658],[-119.175,36.659],[-119.305,36.661],[-119.305,36.574],[-119.466,36.575],[-119.546,36.509],[-119.573,36.489],[-119.666,36.419],[-119.754,36.402],[-119.959,36.401],[-119.959,36.182],[-120.315,35.907],[-120.433,35.969],[-120.668,36.138],[-120.627,36.203],[-120.679,36.267],[-120.597,36.328],[-120.597,36.488],[-120.919,36.74],[-120.656,36.953]]]},"properties":{"fips":"06019","name":"Fresno","st":"CA","sites":1,"pop":650000,"trend":0.202,"weeks":[{"w":"2026-09-19","t":null,"n":0},{"w":"2026-09-12","t":null,"n":0},{"w":"2026-09-05","t":null,"n":0},{"w":"2026-08-29","t":null,"n":0},{"w":"2026-08-22","t":null,"n":0},{"w":"2026-08-15","t":0.202,"n":1},{"w":"2026-08-08","t":0.178,"n":1},{"w":"2026-08-01","t":0.629,"n":1}]}},{"type":"Feature","geometry":{"type":"Polygon","coordinates":[[[-124.387,40.505],[-124.301,40.66],[-124.177,40.844],[-124.118,40.989],[-124.125,41.049],[-124.155,41.087],[-124.164,41.139],[-124.123,41.19],[-124.092,41.288],[-124.063,41.44],[-124.067,41.465],[-123.771,41.464],[-123.77,41.381],[-123.661,41.382],[-123.488,41.377],[-123.408,41.18],[-123.464,41.076],[-123.406,41.014],[-123.481,40.915],[-123.56,40.95],[-123.624,40.929],[-123.56,40.83],[-123.544,40.739],[-123.544,40.002],[-124.025,40.001],[-124.036,40.013],[-124.069,40.021],[-124.087,40.078],[-124.14,40.116],[-124.188,40.131],[-124.258,40.184],[-124.343,40.244],[-124.363,40.261],[-124.353,40.331],[-124.365,40.375],[-124.41,40.438],[-124.387,40.505]]]},"properties":{"fips":"06023","name":"Humboldt","st":"CA","sites":1,"pop":45000,"trend":0.242,"weeks":[{"w":"2026-09-19","t":0.242,"n":1},{"w":"2026-09-12","t":0.043,"n":1},{"w":"2026-09-05","t":0.158,"n":1},{"w":"2026-08-29","t":0.178,"n":1},{"w":"2026-08-22","t":0.274,"n":1},{"w":"2026-08-15","t":0.399,"n":1},{"w":"2026-08-08","t":0.281,"n":1},{"w":"2026-08-01","t":0.875,"n":1}]}},{"type":"Feature","geometry":{"type":"Polygon","coordinates":[[[-120.194,35.789],[-119.538,35.79],[-119.053,35.791],[-118.802,35.79],[-118.059,35.791],[-118.008,35.789],[-117.924,35.798],[-117.634,35.797],[-117.652,35.71],[-117.617,35.681],[-117.63,35.564],[-117.632,34.822],[-117.667,34.823],[-117.774,34.823],[-118.326,34.82],[-118.895,34.818],[-118.88,34.789],[-118.978,34.812],[-119.243,34.814],[-119.276,34.872],[-119.444,34.901],[-119.472,34.901],[-119.473,35.077],[-119.562,35.088],[-119.554,35.18],[-119.667,35.175],[-119.667,35.263],[-119.809,35.264],[-119.809,35.351],[-119.88,35.351],[-119.88,35.439],[-119.914,35.439],[-120.087,35.526],[-120.086,35.614],[-120.194,35.614],[-120.194,35.789]]]},"properties":{"fips":"06029","name":"Kern","st":"CA","sites":1,"pop":168750,"trend":0.484,"weeks":[{"w":"2026-09-19","t":0.484,"n":1},{"w":"2026-09-12","t":0.292,"n":1},{"w":"2026-09-05","t":0.27,"n":1},{"w":"2026-08-29","t":0.127,"n":1},{"w":"2026-08-22","t":0.156,"n":1},{"w":"2026-08-15","t":0.241,"n":1},{"w":"2026-08-08","t":0.201,"n":1},{"w":"2026-08-01","t":0.37,"n":1}]}},{"type":"Feature","geometry":{"type":"Polygon","coordinates":[[[-120.315,35.907],[-119.959,36.182],[-119.959,36.401],[-119.754,36.402],[-119.666,36.419],[-119.573,36.489],[-119.528,36.488],[-119.529,36.401],[-119.475,36.401],[-119.475,36.269],[-119.529,36.27],[-119.536,36.051],[-119.538,35.79],[-120.194,35.789],[-120.214,35.789],[-120.276,35.906],[-120.315,35.907]]]},"properties":{"fips":"06031","name":"Kings","st":"CA","sites":1,"pop":56000,"trend":-0.019,"weeks":[{"w":"2026-09-19","t":-0.019,"n":1},{"w":"2026-09-12","t":0.345,"n":1},{"w":"2026-09-05","t":0.408,"n":1},{"w":"2026-08-29","t":0.229,"n":1},{"w":"2026-08-22","t":0.112,"n":1},{"w":"2026-08-15","t":0.172,"n":1},{"w":"2026-08-08","t":0.32,"n":1},{"w":"2026-08-01","t":0.327,"n":1}]}},{"type":"Feature","geometry":{"type":"Polygon","coordinates":[[[-123.078,39.174],[-122.995,39.236],[-123.075,39.408],[-123.063,39.504],[-122.89,39.529],[-122.885,39.58],[-122.736,39.581],[-122.739,39.383],[-122.785,39.383],[-122.743,39.368],[-122.775,39.312],[-122.681,39.239],[-122.477,39.174],[-122.491,39.053],[-122.413,39.02],[-122.409,38.963],[-122.34,38.924],[-122.404,38.925],[-122.422,38.904],[-122.395,38.864],[-122.398,38.804],[-122.464,38.705],[-122.627,38.668],[-122.772,38.822],[-122.822,38.85],[-122.949,38.9],[-122.987,38.997],[-123.056,39.021],[-123.056,39.049],[-123.078,39.174]]]},"properties":{"fips":"06033","name":"Lake","st":"CA","sites":1,"pop":13200,"trend":-0.131,"weeks":[{"w":"2026-09-19","t":-0.131,"n":1},{"w":"2026-09-12","t":0.151,"n":1},{"w":"2026-09-05","t":0.531,"n":1},{"w":"2026-08-29","t":0.31,"n":1},{"w":"2026-08-22","t":0.388,"n":1},{"w":"2026-08-15","t":0.613,"n":1},{"w":"2026-08-08","t":0.862,"n":1},{"w":"2026-08-01","t":0.715,"n":1}]}},{"type":"Feature","geometry":{"type":"MultiPolygon","coordinates":[[[[-118.594,33.467],[-118.485,33.487],[-118.37,33.409],[-118.286,33.351],[-118.325,33.299],[-118.375,33.32],[-118.465,33.326],[-118.483,33.37],[-118.563,33.434],[-118.594,33.467]]],[[[-118.594,33.036],[-118.54,32.981],[-118.447,32.895],[-118.354,32.822],[-118.426,32.801],[-118.488,32.845],[-118.582,32.932],[-118.642,33.017],[-118.594,33.036]]],[[[-118.941,34.075],[-118.856,34.127],[-118.789,34.168],[-118.723,34.168],[-118.694,34.169],[-118.668,34.199],[-118.668,34.237],[-118.633,34.27],[-118.652,34.323],[-118.739,34.499],[-118.88,34.789],[-118.895,34.818],[-118.326,34.82],[-117.774,34.823],[-117.667,34.823],[-117.655,34.397],[-117.646,34.289],[-117.677,34.167],[-117.694,34.122],[-117.704,34.095],[-117.711,34.08],[-117.744,34.02],[-117.768,34.019],[-117.803,33.976],[-117.783,33.946],[-117.92,33.948],[-117.967,33.946],[-117.977,33.903],[-118.029,33.866],[-118.059,33.846],[-118.063,33.824],[-118.093,33.786],[-118.115,33.744],[-118.133,33.753],[-118.184,33.736],[-118.232,33.715],[-118.259,33.704],[-118.317,33.713],[-118.333,33.721],[-118.355,33.732],[-118.397,33.736],[-118.428,33.775],[-118.394,33.804],[-118.413,33.884],[-118.461,33.969],[-118.52,34.028],[-118.604,34.039],[-118.679,34.033],[-118.745,34.032],[-118.805,34.001],[-118.855,34.034],[-118.944,34.047],[-118.941,34.075]]]]},"properties":{"fips":"06037","name":"Los Angeles","st":"CA","sites":4,"pop":7775000,"trend":-0.126,"weeks":[{"w":"2026-09-19","t":-0.126,"n":4},{"w":"2026-09-12","t":-0.06,"n":4},{"w":"2026-09-05","t":0.153,"n":4},{"w":"2026-08-29","t":0.24,"n":4},{"w":"2026-08-22","t":0.229,"n":4},{"w":"2026-08-15","t":0.214,"n":4},{"w":"2026-08-08","t":0.162,"n":4},{"w":"2026-08-01","t":0.123,"n":4}]}},{"type":"Feature","geometry":{"type":"Polygon","coordinates":[[[-120.477,37.096],[-120.227,37.163],[-120.106,37.167],[-120.052,37.183],[-119.762,37.417],[-119.651,37.418],[-119.651,37.461],[-119.584,37.495],[-119.584,37.56],[-119.309,37.778],[-119.269,37.739],[-119.124,37.734],[-119.022,37.586],[-119.287,37.375],[-119.335,37.311],[-119.331,37.206],[-119.363,37.167],[-119.433,37.162],[-119.471,37.111],[-119.507,37.151],[-119.567,37.116],[-119.563,37.064],[-119.605,37.071],[-119.621,37.027],[-119.647,37.044],[-119.659,37.039],[-119.659,37.013],[-119.691,37.012],[-119.705,37.0],[-119.713,36.992],[-119.814,36.85],[-119.932,36.843],[-120.028,36.815],[-120.058,36.823],[-120.229,36.77],[-120.37,36.785],[-120.456,36.863],[-120.45,36.911],[-120.542,37.045],[-120.477,37.096]]]},"properties":{"fips":"06039","name":"Madera","st":"CA","sites":1,"pop":60000,"trend":0.023,"weeks":[{"w":"2026-09-19","t":0.023,"n":1},{"w":"2026-09-12","t":-0.587,"n":1},{"w":"2026-09-05","t":-0.283,"n":1},{"w":"2026-08-29","t":0.485,"n":1},{"w":"2026-08-22","t":0.27,"n":1},{"w":"2026-08-15","t":0.433,"n":1},{"w":"2026-08-08","t":0.575,"n":1},{"w":"2026-08-01","t":0.291,"n":1}]}},{"type":"Feature","geometry":{"type":"Polygon","coordinates":[[[-123.012,38.003],[-122.961,38.113],[-122.954,38.176],[-122.987,38.238],[-122.986,38.273],[-123.003,38.296],[-122.911,38.321],[-122.74,38.207],[-122.565,38.182],[-122.506,38.116],[-122.488,38.109],[-122.491,38.108],[-122.499,38.032],[-122.453,37.996],[-122.489,37.967],[-122.486,37.922],[-122.448,37.893],[-122.418,37.853],[-122.483,37.827],[-122.537,37.83],[-122.601,37.875],[-122.678,37.907],[-122.703,37.894],[-122.755,37.936],[-122.797,37.977],[-122.857,38.017],[-122.94,38.032],[-122.974,37.992],[-123.012,38.003]]]},"properties":{"fips":"06041","name":"Marin","st":"CA","sites":1,"pop":30000,"trend":0.302,"weeks":[{"w":"2026-09-19","t":0.302,"n":1},{"w":"2026-09-12","t":0.463,"n":1},{"w":"2026-09-05","t":0.224,"n":1},{"w":"2026-08-29","t":0.02,"n":1},{"w":"2026-08-22","t":0.108,"n":1},{"w":"2026-08-15","t":0.241,"n":1},{"w":"2026-08-08","t":0.143,"n":1},{"w":"2026-08-01","t":0.194,"n":1}]}},{"type":"Feature","geometry":{"type":"Polygon","coordinates":[[[-119.639,38.327],[-119.542,38.482],[-119.619,38.604],[-119.585,38.713],[-119.33,38.536],[-119.279,38.5],[-119.156,38.413],[-118.95,38.269],[-118.501,37.949],[-118.428,37.896],[-118.022,37.603],[-117.834,37.465],[-118.775,37.463],[-118.85,37.476],[-118.917,37.55],[-119.022,37.586],[-119.124,37.734],[-119.269,37.739],[-119.201,37.804],[-119.2,37.886],[-119.308,37.947],[-119.305,38.024],[-119.346,38.083],[-119.469,38.128],[-119.576,38.158],[-119.633,38.199],[-119.604,38.235],[-119.652,38.286],[-119.639,38.327]]]},"properties":{"fips":"06051","name":"Mono","st":"CA","sites":1,"pop":8200,"trend":0.399,"weeks":[{"w":"2026-09-19","t":0.399,"n":1},{"w":"2026-09-12","t":-0.345,"n":1},{"w":"2026-09-05","t":-0.9,"n":1},{"w":"2026-08-29","t":-0.326,"n":1},{"w":"2026-08-22","t":0.823,"n":1},{"w":"2026-08-15","t":1.213,"n":1},{"w":"2026-08-08","t":0.325,"n":1},{"w":"2026-08-01","t":-0.608,"n":1}]}},{"type":"Feature","geometry":{"type":"Polygon","coordinates":[[[-121.97,36.583],[-121.924,36.635],[-121.861,36.611],[-121.814,36.683],[-121.797,36.778],[-121.792,36.815],[-121.813,36.85],[-121.7,36.92],[-121.644,36.894],[-121.598,36.837],[-121.451,36.725],[-121.468,36.686],[-121.35,36.648],[-121.318,36.61],[-121.312,36.503],[-121.244,36.507],[-121.193,36.446],[-121.041,36.324],[-121.027,36.26],[-120.921,36.311],[-120.865,36.293],[-120.761,36.204],[-120.718,36.197],[-120.718,36.26],[-120.758,36.309],[-120.679,36.267],[-120.627,36.203],[-120.668,36.138],[-120.433,35.969],[-120.315,35.907],[-120.276,35.906],[-120.214,35.789],[-120.751,35.791],[-121.347,35.795],[-121.407,35.845],[-121.462,35.886],[-121.486,35.97],[-121.532,36.014],[-121.575,36.025],[-121.622,36.1],[-121.68,36.166],[-121.78,36.227],[-121.826,36.242],[-121.888,36.303],[-121.903,36.394],[-121.942,36.486],[-121.97,36.583]]]},"properties":{"fips":"06053","name":"Monterey","st":"CA","sites":2,"pop":76000,"trend":-0.401,"weeks":[{"w":"2026-09-19","t":null,"n":0},{"w":"2026-09-12","t":null,"n":0},{"w":"2026-09-05","t":-0.401,"n":1},{"w":"2026-08-29","t":-0.437,"n":1},{"w":"2026-08-22","t":0.42,"n":1},{"w":"2026-08-15","t":0.63,"n":1},{"w":"2026-08-08","t":0.305,"n":1},{"w":"2026-08-01","t":0.313,"n":1}]}},{"type":"Feature","geometry":{"type":"Polygon","coordinates":[[[-122.627,38.668],[-122.464,38.705],[-122.398,38.804],[-122.395,38.864],[-122.288,38.84],[-122.224,38.7],[-122.168,38.655],[-122.103,38.513],[-122.126,38.429],[-122.061,38.327],[-122.206,38.316],[-122.196,38.163],[-122.213,38.155],[-122.407,38.156],[-122.35,38.194],[-122.544,38.52],[-122.603,38.557],[-122.632,38.569],[-122.627,38.668]]]},"properties":{"fips":"06055","name":"Napa","st":"CA","sites":1,"pop":20256,"trend":0.019,"weeks":[{"w":"2026-09-19","t":0.019,"n":1},{"w":"2026-09-12","t":-0.248,"n":1},{"w":"2026-09-05","t":-0.078,"n":1},{"w":"2026-08-29","t":0.333,"n":1},{"w":"2026-08-22","t":0.364,"n":1},{"w":"2026-08-15","t":0.147,"n":1},{"w":"2026-08-08","t":0.273,"n":1},{"w":"2026-08-01","t":0.169,"n":1}]}},{"type":"Feature","geometry":{"type":"Polygon","coordinates":[[[-121.266,39.273],[-121.127,39.38],[-121.022,39.392],[-120.993,39.414],[-120.756,39.453],[-120.655,39.527],[-120.576,39.522],[-120.505,39.446],[-120.003,39.445],[-120.005,39.316],[-120.037,39.316],[-120.322,39.316],[-120.555,39.316],[-120.728,39.288],[-120.909,39.17],[-121.068,39.005],[-121.138,39.038],[-121.28,39.035],[-121.266,39.273]]]},"properties":{"fips":"06057","name":"Nevada","st":"CA","sites":2,"pop":63754,"trend":0.208,"weeks":[{"w":"2026-09-19","t":0.208,"n":2},{"w":"2026-09-12","t":0.264,"n":2},{"w":"2026-09-05","t":0.256,"n":2},{"w":"2026-08-29","t":0.244,"n":2},{"w":"2026-08-22","t":0.13,"n":2},{"w":"2026-08-15","t":0.078,"n":2},{"w":"2026-08-08","t":0.09,"n":2},{"w":"2026-08-01","t":0.065,"n":2}]}},{"type":"Feature","geometry":{"type":"Polygon","coordinates":[[[-118.093,33.786],[-118.063,33.824],[-118.059,33.846],[-118.029,33.866],[-117.977,33.903],[-117.967,33.946],[-117.92,33.948],[-117.783,33.946],[-117.673,33.871],[-117.675,33.869],[-117.534,33.71],[-117.413,33.659],[-117.458,33.602],[-117.51,33.534],[-117.51,33.505],[-117.509,33.47],[-117.578,33.454],[-117.596,33.387],[-117.646,33.441],[-117.715,33.461],[-117.726,33.483],[-117.732,33.488],[-117.814,33.552],[-117.84,33.574],[-117.927,33.606],[-118.001,33.654],[-118.089,33.73],[-118.115,33.744],[-118.093,33.786]]]},"properties":{"fips":"06059","name":"Orange","st":"CA","sites":1,"pop":1800000,"trend":-0.141,"weeks":[{"w":"2026-09-19","t":-0.141,"n":1},{"w":"2026-09-12","t":0.066,"n":1},{"w":"2026-09-05","t":0.278,"n":1},{"w":"2026-08-29","t":0.258,"n":1},{"w":"2026-08-22","t":0.232,"n":1},{"w":"2026-08-15","t":0.187,"n":1},{"w":"2026-08-08","t":0.105,"n":1},{"w":"2026-08-01","t":0.172,"n":1}]}},{"type":"Feature","geometry":{"type":"Polygon","coordinates":[[[-121.469,38.926],[-121.414,38.926],[-121.415,38.996],[-121.366,39.032],[-121.332,39.042],[-121.28,39.035],[-121.138,39.038],[-121.068,39.005],[-120.909,39.17],[-120.728,39.288],[-120.555,39.316],[-120.322,39.316],[-120.037,39.316],[-120.005,39.316],[-120.005,39.291],[-120.003,39.166],[-120.003,39.113],[-120.002,39.067],[-120.144,39.067],[-120.184,39.031],[-120.435,39.028],[-120.471,38.966],[-120.564,38.914],[-120.642,38.944],[-120.746,39.01],[-120.812,39.0],[-120.859,38.952],[-120.94,38.962],[-121.038,38.916],[-121.041,38.916],[-121.058,38.848],[-121.142,38.712],[-121.309,38.723],[-121.382,38.728],[-121.484,38.735],[-121.469,38.926]]]},"properties":{"fips":"06061","name":"Placer","st":"CA","sites":3,"pop":285444,"trend":-0.007,"weeks":[{"w":"2026-09-19","t":-0.007,"n":3},{"w":"2026-09-12","t":0.2,"n":3},{"w":"2026-09-05","t":0.934,"n":3},{"w":"2026-08-29","t":0.056,"n":3},{"w":"2026-08-22","t":-0.748,"n":3},{"w":"2026-08-15","t":0.271,"n":3},{"w":"2026-08-08","t":0.209,"n":3},{"w":"2026-08-01","t":0.007,"n":3}]}},{"type":"Feature","geometry":{"type":"Polygon","coordinates":[[[-121.498,40.446],[-121.361,40.447],[-121.328,40.445],[-121.061,40.447],[-121.061,40.256],[-120.929,40.192],[-120.764,40.316],[-120.652,40.308],[-120.511,40.249],[-120.446,40.177],[-120.341,40.115],[-120.21,40.086],[-120.201,40.013],[-120.109,39.94],[-120.111,39.766],[-120.147,39.708],[-120.654,39.707],[-120.681,39.677],[-120.792,39.71],[-120.871,39.777],[-121.009,39.639],[-121.077,39.597],[-121.137,39.628],[-121.211,39.726],[-121.351,39.826],[-121.43,39.9],[-121.419,40.016],[-121.367,40.086],[-121.437,40.152],[-121.368,40.212],[-121.342,40.31],[-121.47,40.35],[-121.498,40.446]]]},"properties":{"fips":"06063","name":"Plumas","st":"CA","sites":1,"pop":4217,"trend":0.054,"weeks":[{"w":"2026-09-19","t":0.054,"n":1},{"w":"2026-09-12","t":0.308,"n":1},{"w":"2026-09-05","t":0.126,"n":1},{"w":"2026-08-29","t":0.328,"n":1},{"w":"2026-08-22","t":1.062,"n":1},{"w":"2026-08-15","t":0.734,"n":1},{"w":"2026-08-08","t":-0.164,"n":1},{"w":"2026-08-01","t":-0.013,"n":1}]}},{"type":"Feature","geometry":{"type":"Polygon","coordinates":[[[-121.644,36.894],[-121.581,36.899],[-121.548,36.917],[-121.54,36.921],[-121.534,36.931],[-121.514,36.945],[-121.51,36.956],[-121.501,36.972],[-121.452,36.989],[-121.418,36.961],[-121.215,36.961],[-121.235,36.927],[-121.142,36.837],[-120.919,36.74],[-120.597,36.488],[-120.597,36.328],[-120.679,36.267],[-120.758,36.309],[-120.718,36.26],[-120.718,36.197],[-120.761,36.204],[-120.865,36.293],[-120.921,36.311],[-121.027,36.26],[-121.041,36.324],[-121.193,36.446],[-121.244,36.507],[-121.312,36.503],[-121.318,36.61],[-121.35,36.648],[-121.468,36.686],[-121.451,36.725],[-121.598,36.837],[-121.644,36.894]]]},"properties":{"fips":"06069","name":"San Benito","st":"CA","sites":1,"pop":43000,"trend":1.085,"weeks":[{"w":"2026-09-19","t":null,"n":0},{"w":"2026-09-12","t":null,"n":0},{"w":"2026-09-05","t":null,"n":0},{"w":"2026-08-29","t":1.085,"n":1},{"w":"2026-08-22","t":0.802,"n":1},{"w":"2026-08-15","t":0.006,"n":1},{"w":"2026-08-08","t":0.468,"n":1},{"w":"2026-08-01","t":2.0,"n":1}]}},{"type":"Feature","geometry":{"type":"Polygon","coordinates":[[[-117.803,33.976],[-117.768,34.019],[-117.744,34.02],[-117.711,34.08],[-117.704,34.095],[-117.694,34.122],[-117.677,34.167],[-117.646,34.289],[-117.655,34.397],[-117.667,34.823],[-117.632,34.822],[-117.63,35.564],[-117.617,35.681],[-117.652,35.71],[-117.634,35.797],[-117.251,35.795],[-116.277,35.793],[-115.736,35.794],[-115.648,35.81],[-115.648,35.809],[-115.405,35.618],[-115.304,35.538],[-115.16,35.424],[-115.044,35.332],[-114.804,35.14],[-114.633,35.002],[-114.63,34.943],[-114.634,34.873],[-114.576,34.815],[-114.491,34.725],[-114.465,34.691],[-114.422,34.581],[-114.378,34.517],[-114.379,34.45],[-114.335,34.45],[-114.264,34.401],[-114.173,34.345],[-114.141,34.306],[-114.141,34.303],[-114.139,34.26],[-114.178,34.24],[-114.23,34.187],[-114.293,34.167],[-114.348,34.134],[-114.406,34.112],[-114.428,34.093],[-114.43,34.079],[-115.316,34.078],[-115.316,34.034],[-116.301,34.033],[-116.93,34.034],[-116.929,34.005],[-117.104,34.004],[-117.121,34.003],[-117.226,34.018],[-117.372,34.019],[-117.375,34.034],[-117.558,34.019],[-117.611,33.925],[-117.655,33.924],[-117.673,33.871],[-117.783,33.946],[-117.803,33.976]]]},"properties":{"fips":"06071","name":"San Bernardino","st":"CA","sites":1,"pop":325000,"trend":0.125,"weeks":[{"w":"2026-09-19","t":0.125,"n":1},{"w":"2026-09-12","t":0.127,"n":1},{"w":"2026-09-05","t":0.196,"n":1},{"w":"2026-08-29","t":0.401,"n":1},{"w":"2026-08-22","t":0.19,"n":1},{"w":"2026-08-15","t":-0.03,"n":1},{"w":"2026-08-08","t":0.38,"n":1},{"w":"2026-08-01","t":0.353,"n":1}]}},{"type":"Feature","geometry":{"type":"Polygon","coordinates":[[[-117.596,33.387],[-117.578,33.454],[-117.509,33.47],[-117.51,33.505],[-117.364,33.505],[-117.259,33.455],[-117.25,33.452],[-117.242,33.449],[-117.241,33.432],[-117.142,33.433],[-117.089,33.43],[-117.031,33.427],[-116.822,33.427],[-116.085,33.426],[-116.081,33.075],[-116.106,32.722],[-116.106,32.619],[-116.541,32.584],[-116.627,32.576],[-116.857,32.557],[-117.125,32.534],[-117.132,32.586],[-117.137,32.619],[-117.169,32.672],[-117.177,32.677],[-117.197,32.689],[-117.246,32.669],[-117.255,32.7],[-117.255,32.787],[-117.281,32.822],[-117.282,32.84],[-117.274,32.851],[-117.263,32.849],[-117.256,32.859],[-117.256,32.86],[-117.254,32.9],[-117.272,32.976],[-117.281,33.012],[-117.315,33.094],[-117.363,33.168],[-117.446,33.269],[-117.548,33.365],[-117.596,33.387],[-117.596,33.387]]]},"properties":{"fips":"06073","name":"San Diego","st":"CA","sites":1,"pop":2200000,"trend":-0.81,"weeks":[{"w":"2026-09-19","t":-0.81,"n":1},{"w":"2026-09-12","t":0.196,"n":1},{"w":"2026-09-05","t":0.164,"n":1},{"w":"2026-08-29","t":-0.117,"n":1},{"w":"2026-08-22","t":0.243,"n":1},{"w":"2026-08-15","t":1.19,"n":1},{"w":"2026-08-08","t":0.564,"n":1},{"w":"2026-08-01","t":-0.695,"n":1}]}},{"type":"Feature","geometry":{"type":"Polygon","coordinates":[[[-122.512,37.771],[-122.465,37.801],[-122.398,37.806],[-122.385,37.791],[-122.376,37.739],[-122.357,37.73],[-122.362,37.715],[-122.39,37.708],[-122.501,37.708],[-122.506,37.736],[-122.512,37.771]]]},"properties":{"fips":"06075","name":"San Francisco","st":"CA","sites":7,"pop":852713,"trend":0.03,"weeks":[{"w":"2026-09-19","t":null,"n":0},{"w":"2026-09-12","t":0.03,"n":7},{"w":"2026-09-05","t":0.064,"n":7},{"w":"2026-08-29","t":0.242,"n":1},{"w":"2026-08-22","t":0.207,"n":6},{"w":"2026-08-15","t":0.029,"n":1},{"w":"2026-08-08","t":0.15,"n":6},{"w":"2026-08-01","t":0.105,"n":6}]}},{"type":"Feature","geometry":{"type":"Polygon","coordinates":[[[-121.58,38.094],[-121.472,38.26],[-121.448,38.255],[-121.398,38.227],[-121.282,38.25],[-121.224,38.244],[-121.027,38.3],[-120.995,38.225],[-120.942,38.096],[-120.926,38.077],[-120.921,37.738],[-120.996,37.76],[-121.11,37.742],[-121.241,37.664],[-121.472,37.482],[-121.557,37.543],[-121.557,37.743],[-121.557,37.816],[-121.534,37.849],[-121.58,38.094]]]},"properties":{"fips":"06077","name":"San Joaquin","st":"CA","sites":2,"pop":97000,"trend":0.038,"weeks":[{"w":"2026-09-19","t":0.038,"n":1},{"w":"2026-09-12","t":-0.039,"n":2},{"w":"2026-09-05","t":0.079,"n":2},{"w":"2026-08-29","t":0.246,"n":2},{"w":"2026-08-22","t":0.292,"n":2},{"w":"2026-08-15","t":0.262,"n":2},{"w":"2026-08-08","t":0.339,"n":2},{"w":"2026-08-01","t":0.215,"n":2}]}},{"type":"Feature","geometry":{"type":"Polygon","coordinates":[[[-121.347,35.795],[-120.751,35.791],[-120.214,35.789],[-120.194,35.789],[-120.194,35.614],[-120.086,35.614],[-120.087,35.526],[-119.914,35.439],[-119.88,35.439],[-119.88,35.351],[-119.809,35.351],[-119.809,35.264],[-119.667,35.263],[-119.667,35.175],[-119.554,35.18],[-119.562,35.088],[-119.473,35.077],[-119.472,34.901],[-119.536,34.898],[-119.673,34.973],[-119.746,34.974],[-119.928,35.06],[-119.98,35.058],[-120.082,35.115],[-120.168,35.075],[-120.188,35.03],[-120.335,35.006],[-120.302,34.906],[-120.435,34.987],[-120.496,34.993],[-120.65,34.975],[-120.634,35.033],[-120.63,35.078],[-120.636,35.124],[-120.675,35.153],[-120.714,35.176],[-120.756,35.16],[-120.847,35.204],[-120.897,35.248],[-120.88,35.294],[-120.862,35.361],[-120.885,35.43],[-120.956,35.454],[-121.003,35.461],[-121.114,35.572],[-121.167,35.635],[-121.272,35.667],[-121.315,35.713],[-121.332,35.783],[-121.347,35.795]]]},"properties":{"fips":"06079","name":"San Luis Obispo","st":"CA","sites":5,"pop":122041,"trend":0.042,"weeks":[{"w":"2026-09-19","t":0.042,"n":4},{"w":"2026-09-12","t":0.209,"n":5},{"w":"2026-09-05","t":0.366,"n":5},{"w":"2026-08-29","t":0.136,"n":5},{"w":"2026-08-22","t":-0.039,"n":5},{"w":"2026-08-15","t":0.081,"n":5},{"w":"2026-08-08","t":0.451,"n":5},{"w":"2026-08-01","t":0.423,"n":5}]}},{"type":"Feature","geometry":{"type":"Polygon","coordinates":[[[-122.518,37.576],[-122.497,37.612],[-122.497,37.686],[-122.501,37.708],[-122.39,37.708],[-122.393,37.708],[-122.36,37.593],[-122.244,37.558],[-122.168,37.504],[-122.129,37.521],[-122.117,37.507],[-122.081,37.478],[-122.145,37.458],[-122.19,37.431],[-122.192,37.319],[-122.152,37.286],[-122.153,37.215],[-122.318,37.187],[-122.294,37.105],[-122.323,37.115],[-122.344,37.144],[-122.397,37.187],[-122.418,37.249],[-122.406,37.315],[-122.401,37.337],[-122.409,37.375],[-122.444,37.436],[-122.446,37.462],[-122.494,37.492],[-122.517,37.521],[-122.518,37.576]]]},"properties":{"fips":"06081","name":"San Mateo","st":"CA","sites":4,"pop":993446,"trend":-0.235,"weeks":[{"w":"2026-09-19","t":-0.235,"n":2},{"w":"2026-09-12","t":0.054,"n":4},{"w":"2026-09-05","t":0.088,"n":4},{"w":"2026-08-29","t":0.199,"n":3},{"w":"2026-08-22","t":0.181,"n":4},{"w":"2026-08-15","t":0.037,"n":3},{"w":"2026-08-08","t":0.173,"n":4},{"w":"2026-08-01","t":0.105,"n":4}]}},{"type":"Feature","geometry":{"type":"MultiPolygon","coordinates":[[[[-119.916,34.058],[-119.857,34.071],[-119.739,34.049],[-119.567,34.053],[-119.471,34.054],[-119.488,33.997],[-119.554,33.998],[-119.663,33.986],[-119.721,33.96],[-119.796,33.963],[-119.873,33.98],[-119.877,34.024],[-119.916,34.058]]],[[[-120.368,34.076],[-120.242,34.057],[-120.136,34.026],[-120.055,34.038],[-119.984,33.984],[-119.974,33.942],[-120.05,33.915],[-120.122,33.896],[-120.179,33.928],[-120.2,33.957],[-120.365,33.992],[-120.454,34.028],[-120.368,34.076]]],[[[-120.65,34.975],[-120.496,34.993],[-120.435,34.987],[-120.302,34.906],[-120.335,35.006],[-120.188,35.03],[-120.168,35.075],[-120.082,35.115],[-119.98,35.058],[-119.928,35.06],[-119.746,34.974],[-119.673,34.973],[-119.536,34.898],[-119.472,34.901],[-119.444,34.901],[-119.442,34.561],[-119.442,34.464],[-119.446,34.404],[-119.478,34.379],[-119.537,34.395],[-119.617,34.421],[-119.685,34.408],[-119.709,34.395],[-119.786,34.416],[-119.836,34.416],[-119.874,34.409],[-119.972,34.445],[-120.051,34.462],[-120.141,34.473],[-120.295,34.471],[-120.451,34.447],[-120.511,34.523],[-120.55,34.543],[-120.581,34.557],[-120.623,34.554],[-120.646,34.581],[-120.602,34.692],[-120.615,34.731],[-120.626,34.738],[-120.61,34.858],[-120.671,34.904],[-120.65,34.975]]]]},"properties":{"fips":"06083","name":"Santa Barbara","st":"CA","sites":2,"pop":174600,"trend":0.181,"weeks":[{"w":"2026-09-19","t":0.181,"n":2},{"w":"2026-09-12","t":0.276,"n":2},{"w":"2026-09-05","t":0.359,"n":2},{"w":"2026-08-29","t":0.219,"n":2},{"w":"2026-08-22","t":0.296,"n":2},{"w":"2026-08-15","t":0.135,"n":2},{"w":"2026-08-08","t":-0.08,"n":2},{"w":"2026-08-01","t":-0.062,"n":2}]}},{"type":"Feature","geometry":{"type":"Polygon","coordinates":[[[-122.318,37.187],[-122.153,37.215],[-122.152,37.286],[-121.991,37.144],[-121.846,37.097],[-121.809,37.069],[-121.739,36.99],[-121.581,36.899],[-121.644,36.894],[-121.7,36.92],[-121.813,36.85],[-121.862,36.932],[-121.906,36.969],[-121.952,36.971],[-122.027,36.951],[-122.067,36.954],[-122.106,36.956],[-122.206,37.014],[-122.26,37.073],[-122.285,37.102],[-122.294,37.105],[-122.318,37.187]]]},"properties":{"fips":"06087","name":"Santa Cruz","st":"CA","sites":3,"pop":318000,"trend":-0.231,"weeks":[{"w":"2026-09-19","t":-0.231,"n":2},{"w":"2026-09-12","t":0.009,"n":2},{"w":"2026-09-05","t":0.406,"n":2},{"w":"2026-08-29","t":0.445,"n":2},{"w":"2026-08-22","t":0.204,"n":2},{"w":"2026-08-15","t":0.729,"n":2},{"w":"2026-08-08","t":0.637,"n":2},{"w":"2026-08-01","t":0.783,"n":2}]}},{"type":"Feature","geometry":{"type":"Polygon","coordinates":[[[-123.069,40.332],[-122.999,40.418],[-122.904,40.445],[-122.846,40.505],[-122.699,40.569],[-122.752,40.69],[-122.67,40.774],[-122.666,40.826],[-122.6,40.9],[-122.607,40.958],[-122.528,41.014],[-122.513,41.088],[-122.457,41.097],[-122.445,41.158],[-122.498,41.183],[-121.446,41.183],[-121.332,41.184],[-121.32,40.906],[-121.328,40.445],[-121.361,40.447],[-121.498,40.446],[-121.734,40.436],[-121.807,40.445],[-121.941,40.415],[-122.01,40.427],[-122.31,40.371],[-122.526,40.388],[-122.651,40.328],[-122.74,40.365],[-122.872,40.349],[-122.918,40.307],[-122.977,40.315],[-123.065,40.287],[-123.069,40.332]]]},"properties":{"fips":"06089","name":"Shasta","st":"CA","sites":2,"pop":89000,"trend":0.236,"weeks":[{"w":"2026-09-19","t":null,"n":0},{"w":"2026-09-12","t":0.236,"n":2},{"w":"2026-09-05","t":0.182,"n":2},{"w":"2026-08-29","t":0.21,"n":2},{"w":"2026-08-22","t":0.137,"n":2},{"w":"2026-08-15","t":-0.006,"n":2},{"w":"2026-08-08","t":0.276,"n":2},{"w":"2026-08-01","t":0.595,"n":2}]}},{"type":"Feature","geometry":{"type":"Polygon","coordinates":[[[-122.407,38.156],[-122.213,38.155],[-122.196,38.163],[-122.206,38.316],[-122.061,38.327],[-122.126,38.429],[-122.103,38.513],[-122.012,38.489],[-121.94,38.533],[-121.708,38.535],[-121.694,38.314],[-121.593,38.313],[-121.615,38.196],[-121.686,38.16],[-121.712,38.086],[-121.743,38.087],[-121.796,38.061],[-121.828,38.066],[-121.843,38.077],[-121.86,38.071],[-121.862,38.066],[-121.878,38.049],[-122.05,38.06],[-122.096,38.048],[-122.143,38.032],[-122.269,38.06],[-122.302,38.105],[-122.394,38.143],[-122.398,38.142],[-122.407,38.156]]]},"properties":{"fips":"06095","name":"Solano","st":"CA","sites":1,"pop":155000,"trend":-0.476,"weeks":[{"w":"2026-09-19","t":-0.476,"n":1},{"w":"2026-09-12","t":-0.113,"n":1},{"w":"2026-09-05","t":0.187,"n":1},{"w":"2026-08-29","t":0.195,"n":1},{"w":"2026-08-22","t":0.285,"n":1},{"w":"2026-08-15","t":0.262,"n":1},{"w":"2026-08-08","t":0.281,"n":1},{"w":"2026-08-01","t":0.21,"n":1}]}},{"type":"Feature","geometry":{"type":"Polygon","coordinates":[[[-123.541,38.768],[-123.368,38.777],[-123.136,38.809],[-123.081,38.852],[-122.822,38.85],[-122.772,38.822],[-122.627,38.668],[-122.632,38.569],[-122.603,38.557],[-122.544,38.52],[-122.35,38.194],[-122.407,38.156],[-122.398,38.142],[-122.488,38.109],[-122.506,38.116],[-122.565,38.182],[-122.74,38.207],[-122.911,38.321],[-123.003,38.296],[-123.004,38.297],[-123.054,38.299],[-123.068,38.335],[-123.086,38.391],[-123.166,38.475],[-123.25,38.511],[-123.332,38.566],[-123.35,38.597],[-123.442,38.7],[-123.515,38.742],[-123.541,38.768]]]},"properties":{"fips":"06097","name":"Sonoma","st":"CA","sites":1,"pop":28000,"trend":0.22,"weeks":[{"w":"2026-09-19","t":null,"n":0},{"w":"2026-09-12","t":0.22,"n":1},{"w":"2026-09-05","t":0.048,"n":1},{"w":"2026-08-29","t":-0.061,"n":1},{"w":"2026-08-22","t":0.307,"n":1},{"w":"2026-08-15","t":0.481,"n":1},{"w":"2026-08-08","t":0.437,"n":1},{"w":"2026-08-01","t":0.309,"n":1}]}},{"type":"Feature","geometry":{"type":"Polygon","coordinates":[[[-121.472,37.482],[-121.241,37.664],[-121.11,37.742],[-120.996,37.76],[-120.921,37.738],[-120.926,38.077],[-120.653,37.832],[-120.388,37.634],[-120.388,37.633],[-120.99,37.396],[-120.964,37.346],[-121.227,37.135],[-121.282,37.184],[-121.405,37.156],[-121.459,37.283],[-121.41,37.382],[-121.473,37.482],[-121.472,37.482]]]},"properties":{"fips":"06099","name":"Stanislaus","st":"CA","sites":1,"pop":230000,"trend":0.01,"weeks":[{"w":"2026-09-19","t":0.01,"n":1},{"w":"2026-09-12","t":0.215,"n":1},{"w":"2026-09-05","t":0.225,"n":1},{"w":"2026-08-29","t":0.129,"n":1},{"w":"2026-08-22","t":0.454,"n":1},{"w":"2026-08-15","t":0.434,"n":1},{"w":"2026-08-08","t":0.348,"n":1},{"w":"2026-08-01","t":0.234,"n":1}]}},{"type":"Feature","geometry":{"type":"Polygon","coordinates":[[[-121.908,39.304],[-121.638,39.306],[-121.624,39.296],[-121.586,39.09],[-121.575,38.918],[-121.543,38.972],[-121.415,38.996],[-121.414,38.926],[-121.469,38.926],[-121.484,38.735],[-121.56,38.736],[-121.603,38.736],[-121.673,38.743],[-121.723,38.851],[-121.815,38.877],[-121.835,38.924],[-121.795,38.996],[-121.889,39.072],[-121.946,39.18],[-121.908,39.304]]]},"properties":{"fips":"06101","name":"Sutter","st":"CA","sites":1,"pop":70000,"trend":0.097,"weeks":[{"w":"2026-09-19","t":0.097,"n":1},{"w":"2026-09-12","t":0.229,"n":1},{"w":"2026-09-05","t":0.383,"n":1},{"w":"2026-08-29","t":0.397,"n":1},{"w":"2026-08-22","t":0.196,"n":1},{"w":"2026-08-15","t":0.068,"n":1},{"w":"2026-08-08","t":0.235,"n":1},{"w":"2026-08-01","t":0.646,"n":1}]}},{"type":"Feature","geometry":{"type":"MultiPolygon","coordinates":[[[[-119.478,34.379],[-119.446,34.404],[-119.442,34.464],[-119.442,34.561],[-119.444,34.901],[-119.276,34.872],[-119.243,34.814],[-118.978,34.812],[-118.88,34.789],[-118.739,34.499],[-118.652,34.323],[-118.633,34.27],[-118.668,34.237],[-118.668,34.199],[-118.694,34.169],[-118.723,34.168],[-118.789,34.168],[-118.856,34.127],[-118.941,34.075],[-118.944,34.047],[-118.955,34.048],[-119.07,34.09],[-119.11,34.095],[-119.228,34.162],[-119.257,34.213],[-119.27,34.253],[-119.277,34.256],[-119.313,34.276],[-119.376,34.321],[-119.461,34.374],[-119.478,34.379]]],[[[-119.471,34.054],[-119.443,34.054],[-119.364,34.051],[-119.363,34.001],[-119.392,33.995],[-119.488,33.997],[-119.471,34.054]]],[[[-119.579,33.279],[-119.51,33.307],[-119.427,33.266],[-119.43,33.228],[-119.465,33.215],[-119.546,33.233],[-119.579,33.279]]]]},"properties":{"fips":"06111","name":"Ventura","st":"CA","sites":3,"pop":4325000,"trend":0.002,"weeks":[{"w":"2026-09-19","t":0.002,"n":3},{"w":"2026-09-12","t":-0.005,"n":3},{"w":"2026-09-05","t":0.06,"n":3},{"w":"2026-08-29","t":0.11,"n":3},{"w":"2026-08-22","t":0.196,"n":3},{"w":"2026-08-15","t":0.296,"n":3},{"w":"2026-08-08","t":0.304,"n":3},{"w":"2026-08-01","t":0.163,"n":3}]}},{"type":"Feature","geometry":{"type":"Polygon","coordinates":[[[-105.053,39.914],[-105.016,39.981],[-104.997,39.981],[-104.997,39.969],[-104.988,39.968],[-104.961,40.0],[-104.49,40.001],[-104.15,40.001],[-103.706,40.001],[-103.707,39.74],[-103.707,39.74],[-103.717,39.74],[-103.724,39.74],[-103.724,39.74],[-103.725,39.74],[-103.725,39.74],[-103.725,39.74],[-103.728,39.74],[-103.737,39.74],[-103.742,39.74],[-103.756,39.74],[-103.757,39.74],[-103.757,39.74],[-103.76,39.74],[-103.772,39.74],[-103.773,39.74],[-103.791,39.74],[-103.794,39.74],[-103.796,39.74],[-103.796,39.74],[-103.796,39.74],[-103.797,39.74],[-103.797,39.74],[-103.798,39.74],[-103.798,39.74],[-103.798,39.74],[-103.798,39.74],[-103.798,39.74],[-103.798,39.74],[-103.798,39.74],[-103.798,39.74],[-103.8,39.74],[-103.804,39.74],[-103.804,39.74],[-103.807,39.74],[-103.811,39.74],[-103.812,39.74],[-103.818,39.74],[-103.821,39.74],[-103.825,39.74],[-103.828,39.74],[-103.829,39.74],[-103.829,39.74],[-103.834,39.74],[-103.838,39.74],[-103.848,39.74],[-103.85,39.74],[-103.852,39.74],[-103.852,39.74],[-103.855,39.74],[-103.866,39.74],[-103.867,39.74],[-103.867,39.74],[-103.876,39.74],[-103.877,39.74],[-103.889,39.74],[-103.9,39.741],[-103.9,39.741],[-103.908,39.741],[-103.919,39.741],[-103.93,39.741],[-103.931,39.741],[-103.936,39.741],[-103.941,39.741],[-103.941,39.741],[-103.946,39.741],[-103.956,39.741],[-103.96,39.741],[-103.966,39.741],[-103.972,39.74],[-103.973,39.74],[-103.974,39.74],[-103.974,39.74],[-103.975,39.74],[-103.975,39.74],[-103.976,39.74],[-103.976,39.74],[-103.976,39.74],[-103.977,39.74],[-103.977,39.74],[-103.978,39.74],[-103.978,39.74],[-103.982,39.74],[-103.983,39.74],[-103.983,39.74],[-103.984,39.74],[-103.985,39.74],[-103.988,39.74],[-103.988,39.74],[-104.002,39.74],[-104.002,39.74],[-104.003,39.74],[-104.003,39.74],[-104.003,39.74],[-104.004,39.74],[-104.009,39.74],[-104.013,39.74],[-104.021,39.74],[-104.021,39.74],[-104.021,39.74],[-104.022,39.74],[-104.022,39.74],[-104.022,39.74],[-104.025,39.74],[-104.025,39.74],[-104.026,39.74],[-104.027,39.74],[-104.027,39.74],[-104.027,39.74],[-104.028,39.74],[-104.029,39.74],[-104.031,39.74],[-104.031,39.74],[-104.034,39.74],[-104.034,39.74],[-104.034,39.74],[-104.034,39.74],[-104.034,39.74],[-104.034,39.74],[-104.034,39.74],[-104.035,39.74],[-104.035,39.74],[-104.035,39.74],[-104.035,39.74],[-104.035,39.74],[-104.035,39.74],[-104.035,39.74],[-104.035,39.74],[-104.035,39.74],[-104.035,39.74],[-104.035,39.74],[-104.035,39.74],[-104.035,39.74],[-104.035,39.74],[-104.035,39.74],[-104.035,39.74],[-104.035,39.74],[-104.035,39.74],[-104.035,39.74],[-104.035,39.74],[-104.035,39.74],[-104.035,39.74],[-104.035,39.74],[-104.035,39.74],[-104.035,39.74],[-104.035,39.74],[-104.035,39.74],[-104.035,39.74],[-104.035,39.74],[-104.035,39.74],[-104.036,39.74],[-104.036,39.74],[-104.04,39.74],[-104.04,39.74],[-104.04,39.74],[-104.041,39.74],[-104.041,39.74],[-104.051,39.74],[-104.059,39.74],[-104.06,39.74],[-104.063,39.74],[-104.063,39.74],[-104.066,39.74],[-104.067,39.74],[-104.068,39.74],[-104.068,39.74],[-104.071,39.74],[-104.071,39.74],[-104.071,39.74],[-104.071,39.74],[-104.071,39.74],[-104.071,39.74],[-104.071,39.74],[-104.071,39.74],[-104.078,39.74],[-104.078,39.74],[-104.082,39.74],[-104.087,39.74],[-104.088,39.74],[-104.091,39.74],[-104.092,39.74],[-104.094,39.74],[-104.096,39.74],[-104.096,39.74],[-104.096,39.74],[-104.097,39.74],[-104.097,39.74],[-104.097,39.74],[-104.097,39.74],[-104.097,39.74],[-104.097,39.74],[-104.098,39.74],[-104.1,39.74],[-104.1,39.74],[-104.104,39.74],[-104.105,39.74],[-104.105,39.74],[-104.106,39.74],[-104.113,39.74],[-104.113,39.74],[-104.114,39.74],[-104.115,39.74],[-104.116,39.74],[-104.116,39.74],[-104.127,39.74],[-104.127,39.74],[-104.128,39.74],[-104.134,39.74],[-104.134,39.74],[-104.141,39.74],[-104.142,39.74],[-104.142,39.74],[-104.146,39.74],[-104.148,39.74],[-104.153,39.739],[-104.153,39.739],[-104.159,39.739],[-104.162,39.739],[-104.172,39.739],[-104.172,39.739],[-104.175,39.739],[-104.191,39.739],[-104.191,39.739],[-104.195,39.739],[-104.2,39.739],[-104.2,39.739],[-104.201,39.739],[-104.204,39.739],[-104.209,39.739],[-104.21,39.739],[-104.21,39.739],[-104.223,39.739],[-104.223,39.739],[-104.224,39.739],[-104.226,39.739],[-104.227,39.739],[-104.227,39.739],[-104.227,39.739],[-104.228,39.739],[-104.228,39.739],[-104.228,39.739],[-104.228,39.739],[-104.23,39.739],[-104.237,39.739],[-104.243,39.739],[-104.247,39.739],[-104.247,39.739],[-104.248,39.739],[-104.251,39.739],[-104.251,39.739],[-104.255,39.739],[-104.265,39.739],[-104.265,39.739],[-104.265,39.739],[-104.265,39.739],[-104.266,39.739],[-104.267,39.739],[-104.267,39.739],[-104.268,39.739],[-104.27,39.739],[-104.27,39.739],[-104.276,39.739],[-104.276,39.739],[-104.276,39.739],[-104.276,39.739],[-104.276,39.739],[-104.281,39.739],[-104.281,39.739],[-104.284,39.739],[-104.284,39.739],[-104.285,39.739],[-104.286,39.739],[-104.287,39.739],[-104.287,39.739],[-104.29,39.739],[-104.29,39.739],[-104.293,39.739],[-104.294,39.739],[-104.298,39.739],[-104.298,39.739],[-104.299,39.739],[-104.3,39.739],[-104.301,39.739],[-104.301,39.739],[-104.301,39.739],[-104.302,39.739],[-104.302,39.739],[-104.303,39.738],[-104.303,39.738],[-104.303,39.738],[-104.303,39.738],[-104.304,39.739],[-104.307,39.738],[-104.309,39.738],[-104.312,39.738],[-104.312,39.738],[-104.314,39.738],[-104.315,39.738],[-104.316,39.738],[-104.317,39.738],[-104.318,39.738],[-104.318,39.738],[-104.318,39.738],[-104.32,39.738],[-104.321,39.738],[-104.321,39.738],[-104.321,39.738],[-104.323,39.738],[-104.323,39.738],[-104.323,39.738],[-104.323,39.738],[-104.323,39.738],[-104.323,39.738],[-104.323,39.738],[-104.323,39.738],[-104.323,39.738],[-104.324,39.738],[-104.324,39.738],[-104.325,39.738],[-104.325,39.738],[-104.326,39.738],[-104.326,39.738],[-104.327,39.738],[-104.327,39.738],[-104.327,39.738],[-104.327,39.738],[-104.327,39.738],[-104.327,39.738],[-104.327,39.738],[-104.327,39.738],[-104.328,39.738],[-104.328,39.738],[-104.329,39.738],[-104.329,39.738],[-104.331,39.738],[-104.331,39.738],[-104.331,39.738],[-104.332,39.738],[-104.332,39.738],[-104.332,39.738],[-104.333,39.738],[-104.334,39.738],[-104.335,39.738],[-104.336,39.738],[-104.34,39.738],[-104.34,39.738],[-104.34,39.738],[-104.34,39.738],[-104.349,39.738],[-104.359,39.738],[-104.359,39.738],[-104.361,39.738],[-104.373,39.738],[-104.373,39.738],[-104.377,39.738],[-104.377,39.738],[-104.379,39.738],[-104.38,39.738],[-104.38,39.738],[-104.38,39.738],[-104.382,39.738],[-104.382,39.738],[-104.382,39.738],[-104.382,39.738],[-104.383,39.738],[-104.383,39.738],[-104.383,39.738],[-104.383,39.738],[-104.383,39.738],[-104.383,39.738],[-104.383,39.738],[-104.383,39.738],[-104.384,39.738],[-104.384,39.738],[-104.385,39.738],[-104.385,39.738],[-104.386,39.738],[-104.386,39.738],[-104.387,39.738],[-104.389,39.738],[-104.392,39.738],[-104.395,39.738],[-104.396,39.738],[-104.396,39.738],[-104.397,39.738],[-104.398,39.738],[-104.398,39.738],[-104.398,39.738],[-104.399,39.738],[-104.399,39.738],[-104.4,39.738],[-104.401,39.738],[-104.403,39.738],[-104.403,39.738],[-104.404,39.738],[-104.404,39.738],[-104.404,39.738],[-104.405,39.738],[-104.405,39.738],[-104.405,39.738],[-104.41,39.738],[-104.411,39.738],[-104.412,39.738],[-104.413,39.738],[-104.413,39.738],[-104.413,39.738],[-104.413,39.738],[-104.413,39.738],[-104.413,39.738],[-104.413,39.738],[-104.414,39.738],[-104.414,39.738],[-104.414,39.738],[-104.414,39.738],[-104.414,39.738],[-104.414,39.738],[-104.415,39.738],[-104.415,39.738],[-104.415,39.738],[-104.415,39.738],[-104.415,39.738],[-104.415,39.738],[-104.415,39.738],[-104.415,39.738],[-104.415,39.738],[-104.416,39.738],[-104.416,39.738],[-104.416,39.738],[-104.418,39.738],[-104.419,39.738],[-104.42,39.738],[-104.42,39.738],[-104.42,39.738],[-104.421,39.738],[-104.421,39.738],[-104.421,39.738],[-104.421,39.738],[-104.421,39.738],[-104.422,39.738],[-104.422,39.738],[-104.422,39.738],[-104.422,39.738],[-104.422,39.738],[-104.422,39.738],[-104.422,39.738],[-104.424,39.738],[-104.424,39.738],[-104.424,39.738],[-104.427,39.738],[-104.429,39.738],[-104.429,39.738],[-104.431,39.738],[-104.431,39.738],[-104.432,39.738],[-104.432,39.738],[-104.432,39.738],[-104.432,39.738],[-104.433,39.738],[-104.433,39.738],[-104.433,39.738],[-104.434,39.738],[-104.434,39.738],[-104.434,39.738],[-104.434,39.738],[-104.434,39.738],[-104.434,39.738],[-104.434,39.738],[-104.434,39.738],[-104.434,39.738],[-104.434,39.738],[-104.435,39.738],[-104.435,39.738],[-104.435,39.738],[-104.435,39.738],[-104.435,39.738],[-104.435,39.738],[-104.435,39.738],[-104.435,39.738],[-104.436,39.738],[-104.436,39.738],[-104.436,39.738],[-104.437,39.738],[-104.437,39.738],[-104.438,39.738],[-104.443,39.738],[-104.443,39.738],[-104.448,39.738],[-104.451,39.738],[-104.452,39.738],[-104.452,39.738],[-104.452,39.738],[-104.452,39.738],[-104.453,39.738],[-104.455,39.738],[-104.456,39.738],[-104.457,39.738],[-104.458,39.738],[-104.459,39.738],[-104.461,39.738],[-104.461,39.738],[-104.463,39.738],[-104.471,39.738],[-104.471,39.738],[-104.471,39.738],[-104.472,39.738],[-104.48,39.738],[-104.48,39.738],[-104.48,39.738],[-104.48,39.738],[-104.481,39.738],[-104.481,39.738],[-104.481,39.738],[-104.481,39.738],[-104.481,39.738],[-104.481,39.738],[-104.481,39.738],[-104.481,39.738],[-104.481,39.738],[-104.485,39.738],[-104.489,39.738],[-104.49,39.738],[-104.5,39.738],[-104.505,39.738],[-104.506,39.738],[-104.507,39.738],[-104.507,39.738],[-104.507,39.738],[-104.507,39.738],[-104.507,39.738],[-104.507,39.738],[-104.507,39.738],[-104.507,39.738],[-104.507,39.738],[-104.507,39.738],[-104.511,39.738],[-104.52,39.739],[-104.52,39.739],[-104.52,39.739],[-104.52,39.739],[-104.523,39.739],[-104.523,39.739],[-104.527,39.739],[-104.634,39.74],[-104.659,39.74],[-104.885,39.74],[-104.735,39.769],[-104.762,39.823],[-104.62,39.822],[-104.6,39.899],[-104.64,39.907],[-104.73,39.896],[-104.791,39.798],[-105.053,39.791],[-105.053,39.914]]]},"properties":{"fips":"08001","name":"Adams","st":"CO","sites":2,"pop":308075,"trend":1.931,"weeks":[{"w":"2026-09-19","t":1.931,"n":2},{"w":"2026-09-12","t":1.931,"n":2},{"w":"2026-09-05","t":0.236,"n":2},{"w":"2026-08-29","t":0.0,"n":2},{"w":"2026-08-22","t":0.0,"n":2},{"w":"2026-08-15","t":0.0,"n":2},{"w":"2026-08-08","t":0.0,"n":2},{"w":"2026-08-01","t":0.0,"n":2}]}},{"type":"Feature","geometry":{"type":"Polygon","coordinates":[[[-106.039,37.401],[-106.038,37.748],[-105.457,37.751],[-105.502,37.598],[-105.486,37.578],[-105.501,37.56],[-105.743,37.357],[-106.039,37.357],[-106.039,37.401]]]},"properties":{"fips":"08003","name":"Alamosa","st":"CO","sites":1,"pop":18364,"trend":2.0,"weeks":[{"w":"2026-09-19","t":null,"n":0},{"w":"2026-09-12","t":null,"n":0},{"w":"2026-09-05","t":null,"n":0},{"w":"2026-08-29","t":null,"n":0},{"w":"2026-08-22","t":null,"n":0},{"w":"2026-08-15","t":2.0,"n":1},{"w":"2026-08-08","t":0.0,"n":1},{"w":"2026-08-01","t":-2.0,"n":1}]}},{"type":"Feature","geometry":{"type":"Polygon","coordinates":[[[-105.054,39.621],[-105.035,39.628],[-105.033,39.657],[-105.016,39.661],[-105.016,39.679],[-104.973,39.668],[-104.955,39.653],[-104.932,39.653],[-104.913,39.624],[-104.847,39.657],[-104.899,39.692],[-104.899,39.691],[-104.898,39.691],[-104.899,39.691],[-104.899,39.689],[-104.904,39.699],[-104.892,39.697],[-104.885,39.74],[-104.659,39.74],[-104.634,39.74],[-104.527,39.739],[-104.523,39.739],[-104.523,39.739],[-104.52,39.739],[-104.52,39.739],[-104.52,39.739],[-104.52,39.739],[-104.511,39.738],[-104.507,39.738],[-104.507,39.738],[-104.507,39.738],[-104.507,39.738],[-104.507,39.738],[-104.507,39.738],[-104.507,39.738],[-104.507,39.738],[-104.507,39.738],[-104.507,39.738],[-104.506,39.738],[-104.505,39.738],[-104.5,39.738],[-104.49,39.738],[-104.489,39.738],[-104.485,39.738],[-104.481,39.738],[-104.481,39.738],[-104.481,39.738],[-104.481,39.738],[-104.481,39.738],[-104.481,39.738],[-104.481,39.738],[-104.481,39.738],[-104.481,39.738],[-104.48,39.738],[-104.48,39.738],[-104.48,39.738],[-104.48,39.738],[-104.472,39.738],[-104.471,39.738],[-104.471,39.738],[-104.471,39.738],[-104.463,39.738],[-104.461,39.738],[-104.461,39.738],[-104.459,39.738],[-104.458,39.738],[-104.457,39.738],[-104.456,39.738],[-104.455,39.738],[-104.453,39.738],[-104.452,39.738],[-104.452,39.738],[-104.452,39.738],[-104.452,39.738],[-104.451,39.738],[-104.448,39.738],[-104.443,39.738],[-104.443,39.738],[-104.438,39.738],[-104.437,39.738],[-104.437,39.738],[-104.436,39.738],[-104.436,39.738],[-104.436,39.738],[-104.435,39.738],[-104.435,39.738],[-104.435,39.738],[-104.435,39.738],[-104.435,39.738],[-104.435,39.738],[-104.435,39.738],[-104.435,39.738],[-104.434,39.738],[-104.434,39.738],[-104.434,39.738],[-104.434,39.738],[-104.434,39.738],[-104.434,39.738],[-104.434,39.738],[-104.434,39.738],[-104.434,39.738],[-104.434,39.738],[-104.433,39.738],[-104.433,39.738],[-104.433,39.738],[-104.432,39.738],[-104.432,39.738],[-104.432,39.738],[-104.432,39.738],[-104.431,39.738],[-104.431,39.738],[-104.429,39.738],[-104.429,39.738],[-104.427,39.738],[-104.424,39.738],[-104.424,39.738],[-104.424,39.738],[-104.422,39.738],[-104.422,39.738],[-104.422,39.738],[-104.422,39.738],[-104.422,39.738],[-104.422,39.738],[-104.422,39.738],[-104.421,39.738],[-104.421,39.738],[-104.421,39.738],[-104.421,39.738],[-104.421,39.738],[-104.42,39.738],[-104.42,39.738],[-104.42,39.738],[-104.419,39.738],[-104.418,39.738],[-104.416,39.738],[-104.416,39.738],[-104.416,39.738],[-104.415,39.738],[-104.415,39.738],[-104.415,39.738],[-104.415,39.738],[-104.415,39.738],[-104.415,39.738],[-104.415,39.738],[-104.415,39.738],[-104.415,39.738],[-104.414,39.738],[-104.414,39.738],[-104.414,39.738],[-104.414,39.738],[-104.414,39.738],[-104.414,39.738],[-104.413,39.738],[-104.413,39.738],[-104.413,39.738],[-104.413,39.738],[-104.413,39.738],[-104.413,39.738],[-104.413,39.738],[-104.412,39.738],[-104.411,39.738],[-104.41,39.738],[-104.405,39.738],[-104.405,39.738],[-104.405,39.738],[-104.404,39.738],[-104.404,39.738],[-104.404,39.738],[-104.403,39.738],[-104.403,39.738],[-104.401,39.738],[-104.4,39.738],[-104.399,39.738],[-104.399,39.738],[-104.398,39.738],[-104.398,39.738],[-104.398,39.738],[-104.397,39.738],[-104.396,39.738],[-104.396,39.738],[-104.395,39.738],[-104.392,39.738],[-104.389,39.738],[-104.387,39.738],[-104.386,39.738],[-104.386,39.738],[-104.385,39.738],[-104.385,39.738],[-104.384,39.738],[-104.384,39.738],[-104.383,39.738],[-104.383,39.738],[-104.383,39.738],[-104.383,39.738],[-104.383,39.738],[-104.383,39.738],[-104.383,39.738],[-104.383,39.738],[-104.382,39.738],[-104.382,39.738],[-104.382,39.738],[-104.382,39.738],[-104.38,39.738],[-104.38,39.738],[-104.38,39.738],[-104.379,39.738],[-104.377,39.738],[-104.377,39.738],[-104.373,39.738],[-104.373,39.738],[-104.361,39.738],[-104.359,39.738],[-104.359,39.738],[-104.349,39.738],[-104.34,39.738],[-104.34,39.738],[-104.34,39.738],[-104.34,39.738],[-104.336,39.738],[-104.335,39.738],[-104.334,39.738],[-104.333,39.738],[-104.332,39.738],[-104.332,39.738],[-104.332,39.738],[-104.331,39.738],[-104.331,39.738],[-104.331,39.738],[-104.329,39.738],[-104.329,39.738],[-104.328,39.738],[-104.328,39.738],[-104.327,39.738],[-104.327,39.738],[-104.327,39.738],[-104.327,39.738],[-104.327,39.738],[-104.327,39.738],[-104.327,39.738],[-104.327,39.738],[-104.326,39.738],[-104.326,39.738],[-104.325,39.738],[-104.325,39.738],[-104.324,39.738],[-104.324,39.738],[-104.323,39.738],[-104.323,39.738],[-104.323,39.738],[-104.323,39.738],[-104.323,39.738],[-104.323,39.738],[-104.323,39.738],[-104.323,39.738],[-104.323,39.738],[-104.321,39.738],[-104.321,39.738],[-104.321,39.738],[-104.32,39.738],[-104.318,39.738],[-104.318,39.738],[-104.318,39.738],[-104.317,39.738],[-104.316,39.738],[-104.315,39.738],[-104.314,39.738],[-104.312,39.738],[-104.312,39.738],[-104.309,39.738],[-104.307,39.738],[-104.304,39.739],[-104.303,39.738],[-104.303,39.738],[-104.303,39.738],[-104.303,39.738],[-104.302,39.739],[-104.302,39.739],[-104.301,39.739],[-104.301,39.739],[-104.301,39.739],[-104.3,39.739],[-104.299,39.739],[-104.298,39.739],[-104.298,39.739],[-104.294,39.739],[-104.293,39.739],[-104.29,39.739],[-104.29,39.739],[-104.287,39.739],[-104.287,39.739],[-104.286,39.739],[-104.285,39.739],[-104.284,39.739],[-104.284,39.739],[-104.281,39.739],[-104.281,39.739],[-104.276,39.739],[-104.276,39.739],[-104.276,39.739],[-104.276,39.739],[-104.276,39.739],[-104.27,39.739],[-104.27,39.739],[-104.268,39.739],[-104.267,39.739],[-104.267,39.739],[-104.266,39.739],[-104.265,39.739],[-104.265,39.739],[-104.265,39.739],[-104.265,39.739],[-104.255,39.739],[-104.251,39.739],[-104.251,39.739],[-104.248,39.739],[-104.247,39.739],[-104.247,39.739],[-104.243,39.739],[-104.237,39.739],[-104.23,39.739],[-104.228,39.739],[-104.228,39.739],[-104.228,39.739],[-104.228,39.739],[-104.227,39.739],[-104.227,39.739],[-104.227,39.739],[-104.226,39.739],[-104.224,39.739],[-104.223,39.739],[-104.223,39.739],[-104.21,39.739],[-104.21,39.739],[-104.209,39.739],[-104.204,39.739],[-104.201,39.739],[-104.2,39.739],[-104.2,39.739],[-104.195,39.739],[-104.191,39.739],[-104.191,39.739],[-104.175,39.739],[-104.172,39.739],[-104.172,39.739],[-104.162,39.739],[-104.159,39.739],[-104.153,39.739],[-104.153,39.739],[-104.148,39.74],[-104.146,39.74],[-104.142,39.74],[-104.142,39.74],[-104.141,39.74],[-104.134,39.74],[-104.134,39.74],[-104.128,39.74],[-104.127,39.74],[-104.127,39.74],[-104.116,39.74],[-104.116,39.74],[-104.115,39.74],[-104.114,39.74],[-104.113,39.74],[-104.113,39.74],[-104.106,39.74],[-104.105,39.74],[-104.105,39.74],[-104.104,39.74],[-104.1,39.74],[-104.1,39.74],[-104.098,39.74],[-104.097,39.74],[-104.097,39.74],[-104.097,39.74],[-104.097,39.74],[-104.097,39.74],[-104.097,39.74],[-104.096,39.74],[-104.096,39.74],[-104.096,39.74],[-104.094,39.74],[-104.092,39.74],[-104.091,39.74],[-104.088,39.74],[-104.087,39.74],[-104.082,39.74],[-104.078,39.74],[-104.078,39.74],[-104.071,39.74],[-104.071,39.74],[-104.071,39.74],[-104.071,39.74],[-104.071,39.74],[-104.071,39.74],[-104.071,39.74],[-104.071,39.74],[-104.068,39.74],[-104.068,39.74],[-104.067,39.74],[-104.066,39.74],[-104.063,39.74],[-104.063,39.74],[-104.06,39.74],[-104.059,39.74],[-104.051,39.74],[-104.041,39.74],[-104.041,39.74],[-104.04,39.74],[-104.04,39.74],[-104.04,39.74],[-104.036,39.74],[-104.036,39.74],[-104.035,39.74],[-104.035,39.74],[-104.035,39.74],[-104.035,39.74],[-104.035,39.74],[-104.035,39.74],[-104.035,39.74],[-104.035,39.74],[-104.035,39.74],[-104.035,39.74],[-104.035,39.74],[-104.035,39.74],[-104.035,39.74],[-104.035,39.74],[-104.035,39.74],[-104.035,39.74],[-104.035,39.74],[-104.035,39.74],[-104.035,39.74],[-104.035,39.74],[-104.035,39.74],[-104.035,39.74],[-104.035,39.74],[-104.035,39.74],[-104.035,39.74],[-104.035,39.74],[-104.035,39.74],[-104.035,39.74],[-104.035,39.74],[-104.035,39.74],[-104.034,39.74],[-104.034,39.74],[-104.034,39.74],[-104.034,39.74],[-104.034,39.74],[-104.034,39.74],[-104.034,39.74],[-104.031,39.74],[-104.031,39.74],[-104.029,39.74],[-104.028,39.74],[-104.027,39.74],[-104.027,39.74],[-104.027,39.74],[-104.026,39.74],[-104.025,39.74],[-104.025,39.74],[-104.022,39.74],[-104.022,39.74],[-104.022,39.74],[-104.021,39.74],[-104.021,39.74],[-104.021,39.74],[-104.013,39.74],[-104.009,39.74],[-104.004,39.74],[-104.003,39.74],[-104.003,39.74],[-104.003,39.74],[-104.002,39.74],[-104.002,39.74],[-103.988,39.74],[-103.988,39.74],[-103.985,39.74],[-103.984,39.74],[-103.983,39.74],[-103.983,39.74],[-103.982,39.74],[-103.978,39.74],[-103.978,39.74],[-103.977,39.74],[-103.977,39.74],[-103.976,39.74],[-103.976,39.74],[-103.976,39.74],[-103.975,39.74],[-103.975,39.74],[-103.974,39.74],[-103.974,39.74],[-103.973,39.74],[-103.972,39.74],[-103.966,39.741],[-103.96,39.741],[-103.956,39.741],[-103.946,39.741],[-103.941,39.741],[-103.941,39.741],[-103.936,39.741],[-103.931,39.741],[-103.93,39.741],[-103.919,39.741],[-103.908,39.741],[-103.9,39.741],[-103.9,39.741],[-103.889,39.74],[-103.877,39.74],[-103.876,39.74],[-103.867,39.74],[-103.867,39.74],[-103.866,39.74],[-103.855,39.74],[-103.852,39.74],[-103.852,39.74],[-103.85,39.74],[-103.848,39.74],[-103.838,39.74],[-103.834,39.74],[-103.829,39.74],[-103.829,39.74],[-103.828,39.74],[-103.825,39.74],[-103.821,39.74],[-103.818,39.74],[-103.812,39.74],[-103.811,39.74],[-103.807,39.74],[-103.804,39.74],[-103.804,39.74],[-103.8,39.74],[-103.798,39.74],[-103.798,39.74],[-103.798,39.74],[-103.798,39.74],[-103.798,39.74],[-103.798,39.74],[-103.798,39.74],[-103.798,39.74],[-103.797,39.74],[-103.797,39.74],[-103.796,39.74],[-103.796,39.74],[-103.796,39.74],[-103.794,39.74],[-103.791,39.74],[-103.773,39.74],[-103.772,39.74],[-103.76,39.74],[-103.757,39.74],[-103.757,39.74],[-103.756,39.74],[-103.742,39.74],[-103.737,39.74],[-103.728,39.74],[-103.725,39.74],[-103.725,39.74],[-103.725,39.74],[-103.724,39.74],[-103.724,39.74],[-103.717,39.74],[-103.707,39.74],[-103.707,39.74],[-103.707,39.566],[-103.714,39.566],[-104.642,39.566],[-104.661,39.566],[-104.904,39.566],[-105.049,39.566],[-105.054,39.621]]]},"properties":{"fips":"08005","name":"Arapahoe","st":"CO","sites":2,"pop":515447,"trend":1.959,"weeks":[{"w":"2026-09-19","t":1.959,"n":2},{"w":"2026-09-12","t":1.87,"n":2},{"w":"2026-09-05","t":0.0,"n":2},{"w":"2026-08-29","t":0.0,"n":2},{"w":"2026-08-22","t":0.0,"n":2},{"w":"2026-08-15","t":0.0,"n":2},{"w":"2026-08-08","t":0.0,"n":2},{"w":"2026-08-01","t":0.0,"n":2}]}},{"type":"Feature","geometry":{"type":"Polygon","coordinates":[[[-105.693,39.944],[-105.639,40.039],[-105.653,40.26],[-105.159,40.261],[-105.055,40.262],[-105.055,40.138],[-105.055,40.018],[-105.053,40.0],[-105.072,39.95],[-105.11,39.957],[-105.166,39.914],[-105.34,39.914],[-105.398,39.913],[-105.398,39.935],[-105.676,39.932],[-105.693,39.944]]]},"properties":{"fips":"08013","name":"Boulder","st":"CO","sites":1,"pop":89383,"trend":0.065,"weeks":[{"w":"2026-09-19","t":null,"n":0},{"w":"2026-09-12","t":0.065,"n":1},{"w":"2026-09-05","t":2.0,"n":1},{"w":"2026-08-29","t":2.0,"n":1},{"w":"2026-08-22","t":1.776,"n":1},{"w":"2026-08-15","t":-1.816,"n":1},{"w":"2026-08-08","t":-1.816,"n":1},{"w":"2026-08-01","t":-2.0,"n":1}]}},{"type":"Feature","geometry":{"type":"Polygon","coordinates":[[[-105.065,39.619],[-105.053,39.791],[-104.791,39.798],[-104.73,39.896],[-104.64,39.907],[-104.6,39.899],[-104.62,39.822],[-104.762,39.823],[-104.735,39.769],[-104.885,39.74],[-104.892,39.697],[-104.904,39.699],[-104.899,39.689],[-104.899,39.691],[-104.898,39.691],[-104.899,39.691],[-104.899,39.692],[-104.847,39.657],[-104.913,39.624],[-104.932,39.653],[-104.955,39.653],[-104.973,39.668],[-105.016,39.679],[-105.016,39.661],[-105.033,39.657],[-105.035,39.628],[-105.054,39.621],[-105.058,39.614],[-105.097,39.618],[-105.065,39.619]]]},"properties":{"fips":"08031","name":"Denver","st":"CO","sites":1,"pop":709904,"trend":1.875,"weeks":[{"w":"2026-09-19","t":1.875,"n":1},{"w":"2026-09-12","t":2.0,"n":1},{"w":"2026-09-05","t":1.823,"n":1},{"w":"2026-08-29","t":0.0,"n":1},{"w":"2026-08-22","t":0.0,"n":1},{"w":"2026-08-15","t":0.0,"n":1},{"w":"2026-08-08","t":0.0,"n":1},{"w":"2026-08-01","t":-1.808,"n":1}]}},{"type":"Feature","geometry":{"type":"Polygon","coordinates":[[[-105.218,39.26],[-105.171,39.407],[-105.073,39.545],[-105.053,39.563],[-105.049,39.566],[-104.904,39.566],[-104.661,39.566],[-104.663,39.13],[-105.033,39.13],[-105.329,39.129],[-105.218,39.26]]]},"properties":{"fips":"08035","name":"Douglas","st":"CO","sites":1,"pop":60571,"trend":0.116,"weeks":[{"w":"2026-09-19","t":0.116,"n":1},{"w":"2026-09-12","t":-0.269,"n":1},{"w":"2026-09-05","t":-0.19,"n":1},{"w":"2026-08-29","t":0.196,"n":1},{"w":"2026-08-22","t":0.286,"n":1},{"w":"2026-08-15","t":0.172,"n":1},{"w":"2026-08-08","t":-0.213,"n":1},{"w":"2026-08-01","t":-0.117,"n":1}]}},{"type":"Feature","geometry":{"type":"Polygon","coordinates":[[[-105.029,38.869],[-105.033,39.13],[-104.663,39.13],[-104.052,39.128],[-104.056,38.869],[-104.054,38.522],[-104.942,38.52],[-104.942,38.65],[-104.94,38.797],[-105.072,38.799],[-105.029,38.869]]]},"properties":{"fips":"08041","name":"El Paso","st":"CO","sites":2,"pop":406059,"trend":0.0,"weeks":[{"w":"2026-09-19","t":null,"n":0},{"w":"2026-09-12","t":0.0,"n":2},{"w":"2026-09-05","t":0.0,"n":2},{"w":"2026-08-29","t":0.0,"n":2},{"w":"2026-08-22","t":0.0,"n":2},{"w":"2026-08-15","t":0.0,"n":2},{"w":"2026-08-08","t":0.0,"n":2},{"w":"2026-08-01","t":0.0,"n":2}]}},{"type":"Feature","geometry":{"type":"Polygon","coordinates":[[[-109.051,39.498],[-109.051,39.66],[-108.896,39.65],[-108.555,39.65],[-108.555,39.694],[-107.939,39.694],[-107.939,39.825],[-107.432,39.828],[-107.432,39.918],[-107.319,39.915],[-107.317,40.091],[-107.037,40.092],[-107.032,40.003],[-107.034,39.919],[-107.114,39.919],[-107.113,39.366],[-107.431,39.366],[-108.106,39.366],[-109.051,39.367],[-109.051,39.498]]]},"properties":{"fips":"08045","name":"Garfield","st":"CO","sites":1,"pop":16714,"trend":0.281,"weeks":[{"w":"2026-09-19","t":0.281,"n":1},{"w":"2026-09-12","t":-0.034,"n":1},{"w":"2026-09-05","t":2.0,"n":1},{"w":"2026-08-29","t":2.0,"n":1},{"w":"2026-08-22","t":0.0,"n":1},{"w":"2026-08-15","t":0.0,"n":1},{"w":"2026-08-08","t":0.0,"n":1},{"w":"2026-08-01","t":0.0,"n":1}]}},{"type":"Feature","geometry":{"type":"Polygon","coordinates":[[[-105.399,39.566],[-105.398,39.746],[-105.398,39.913],[-105.34,39.914],[-105.166,39.914],[-105.165,39.891],[-105.053,39.914],[-105.053,39.791],[-105.065,39.619],[-105.097,39.618],[-105.058,39.614],[-105.054,39.621],[-105.049,39.566],[-105.053,39.563],[-105.073,39.545],[-105.171,39.407],[-105.218,39.26],[-105.329,39.129],[-105.33,39.129],[-105.398,39.13],[-105.398,39.401],[-105.399,39.566]]]},"properties":{"fips":"08059","name":"Jefferson","st":"CO","sites":1,"pop":345454,"trend":-1.716,"weeks":[{"w":"2026-09-19","t":-1.716,"n":1},{"w":"2026-09-12","t":1.87,"n":1},{"w":"2026-09-05","t":2.0,"n":1},{"w":"2026-08-29","t":0.0,"n":1},{"w":"2026-08-22","t":-1.865,"n":1},{"w":"2026-08-15","t":1.865,"n":1},{"w":"2026-08-08","t":1.865,"n":1},{"w":"2026-08-01","t":-1.872,"n":1}]}},{"type":"Feature","geometry":{"type":"Polygon","coordinates":[[[-108.29,37.146],[-108.29,37.224],[-108.22,37.287],[-108.198,37.355],[-108.106,37.382],[-108.038,37.452],[-108.023,37.591],[-107.97,37.64],[-107.482,37.64],[-107.482,37.423],[-107.482,37.0],[-108.001,37.0],[-108.379,37.0],[-108.29,37.146]]]},"properties":{"fips":"08067","name":"La Plata","st":"CO","sites":1,"pop":23429,"trend":0.0,"weeks":[{"w":"2026-09-19","t":null,"n":0},{"w":"2026-09-12","t":0.0,"n":1},{"w":"2026-09-05","t":0.0,"n":1},{"w":"2026-08-29","t":0.0,"n":1},{"w":"2026-08-22","t":0.0,"n":1},{"w":"2026-08-15","t":0.0,"n":1},{"w":"2026-08-08","t":0.0,"n":1},{"w":"2026-08-01","t":0.0,"n":1}]}},{"type":"Feature","geometry":{"type":"Polygon","coordinates":[[[-106.191,40.998],[-105.277,40.998],[-105.277,40.998],[-104.943,40.998],[-104.946,40.349],[-105.057,40.349],[-105.055,40.262],[-105.159,40.261],[-105.653,40.26],[-105.815,40.421],[-105.807,40.475],[-105.855,40.486],[-105.908,40.515],[-105.911,40.566],[-106.048,40.805],[-106.185,40.934],[-106.191,40.998]]]},"properties":{"fips":"08069","name":"Larimer","st":"CO","sites":1,"pop":92127,"trend":1.892,"weeks":[{"w":"2026-09-19","t":null,"n":0},{"w":"2026-09-12","t":1.892,"n":1},{"w":"2026-09-05","t":0.0,"n":1},{"w":"2026-08-29","t":0.0,"n":1},{"w":"2026-08-22","t":0.0,"n":1},{"w":"2026-08-15","t":0.0,"n":1},{"w":"2026-08-08","t":0.0,"n":1},{"w":"2026-08-01","t":0.0,"n":1}]}},{"type":"Feature","geometry":{"type":"Polygon","coordinates":[[[-109.052,39.126],[-109.051,39.367],[-108.106,39.366],[-107.431,39.366],[-107.465,39.315],[-107.394,39.256],[-107.428,39.258],[-107.501,39.218],[-107.638,39.142],[-107.765,39.043],[-107.859,39.08],[-107.987,39.053],[-108.095,38.98],[-108.14,38.909],[-108.379,38.829],[-108.379,38.668],[-108.379,38.5],[-109.06,38.5],[-109.052,39.126]]]},"properties":{"fips":"08077","name":"Mesa","st":"CO","sites":1,"pop":89286,"trend":-0.05,"weeks":[{"w":"2026-09-19","t":null,"n":0},{"w":"2026-09-12","t":-0.05,"n":1},{"w":"2026-09-05","t":2.0,"n":1},{"w":"2026-08-29","t":1.958,"n":1},{"w":"2026-08-22","t":0.0,"n":1},{"w":"2026-08-15","t":0.0,"n":1},{"w":"2026-08-08","t":null,"n":0},{"w":"2026-08-01","t":null,"n":0}]}},{"type":"Feature","geometry":{"type":"Polygon","coordinates":[[[-104.058,38.146],[-103.836,38.113],[-103.619,38.113],[-103.619,38.171],[-103.509,38.173],[-103.502,38.265],[-103.4,38.265],[-103.404,37.644],[-104.058,37.644],[-104.061,37.735],[-104.058,38.146]]]},"properties":{"fips":"08089","name":"Otero","st":"CO","sites":1,"pop":29643,"trend":2.0,"weeks":[{"w":"2026-09-19","t":2.0,"n":1},{"w":"2026-09-12","t":2.0,"n":1},{"w":"2026-09-05","t":0.0,"n":1},{"w":"2026-08-29","t":0.0,"n":1},{"w":"2026-08-22","t":0.0,"n":1},{"w":"2026-08-15","t":0.0,"n":1},{"w":"2026-08-08","t":0.0,"n":1},{"w":"2026-08-01","t":0.0,"n":1}]}},{"type":"Feature","geometry":{"type":"Polygon","coordinates":[[[-107.431,39.366],[-107.113,39.366],[-106.509,39.362],[-106.426,39.362],[-106.502,39.299],[-106.509,39.167],[-106.561,39.156],[-106.578,39.058],[-106.599,38.998],[-106.695,39.056],[-106.749,39.043],[-106.802,38.978],[-106.862,39.009],[-106.906,38.992],[-107.002,39.042],[-107.066,39.119],[-107.282,39.119],[-107.376,39.198],[-107.394,39.256],[-107.465,39.315],[-107.431,39.366]]]},"properties":{"fips":"08097","name":"Pitkin","st":"CO","sites":1,"pop":5500,"trend":0.166,"weeks":[{"w":"2026-09-19","t":null,"n":0},{"w":"2026-09-12","t":0.166,"n":1},{"w":"2026-09-05","t":0.084,"n":1},{"w":"2026-08-29","t":-0.067,"n":1},{"w":"2026-08-22","t":-0.094,"n":1},{"w":"2026-08-15","t":-0.222,"n":1},{"w":"2026-08-08","t":1.977,"n":1},{"w":"2026-08-01","t":2.0,"n":1}]}},{"type":"Feature","geometry":{"type":"Polygon","coordinates":[[[-105.049,38.258],[-104.94,38.258],[-104.942,38.52],[-104.054,38.522],[-104.054,38.522],[-104.058,38.146],[-104.061,37.735],[-104.351,37.817],[-104.646,37.901],[-105.014,37.881],[-105.05,37.915],[-105.049,38.258]]]},"properties":{"fips":"08101","name":"Pueblo","st":"CO","sites":1,"pop":96515,"trend":1.778,"weeks":[{"w":"2026-09-19","t":1.778,"n":1},{"w":"2026-09-12","t":0.0,"n":1},{"w":"2026-09-05","t":0.0,"n":1},{"w":"2026-08-29","t":0.0,"n":1},{"w":"2026-08-22","t":0.0,"n":1},{"w":"2026-08-15","t":0.0,"n":1},{"w":"2026-08-08","t":0.0,"n":1},{"w":"2026-08-01","t":0.0,"n":1}]}},{"type":"Feature","geometry":{"type":"Polygon","coordinates":[[[-107.429,40.542],[-107.314,40.6],[-107.318,41.003],[-106.86,41.001],[-106.852,40.925],[-106.825,40.932],[-106.739,40.871],[-106.692,40.888],[-106.655,40.849],[-106.637,40.789],[-106.706,40.617],[-106.653,40.495],[-106.652,40.445],[-106.653,40.346],[-106.632,40.342],[-106.637,40.002],[-106.627,39.925],[-106.627,39.919],[-106.657,39.92],[-107.034,39.919],[-107.032,40.003],[-107.037,40.092],[-107.038,40.225],[-107.439,40.223],[-107.429,40.542]]]},"properties":{"fips":"08107","name":"Routt","st":"CO","sites":1,"pop":43741,"trend":1.839,"weeks":[{"w":"2026-09-19","t":null,"n":0},{"w":"2026-09-12","t":1.839,"n":1},{"w":"2026-09-05","t":0.0,"n":1},{"w":"2026-08-29","t":-1.775,"n":1},{"w":"2026-08-22","t":-2.0,"n":1},{"w":"2026-08-15","t":1.775,"n":1},{"w":"2026-08-08","t":2.0,"n":1},{"w":"2026-08-01","t":-1.869,"n":1}]}},{"type":"Feature","geometry":{"type":"Polygon","coordinates":[[[-109.042,38.153],[-107.966,38.152],[-107.891,38.116],[-107.89,38.012],[-107.795,37.989],[-107.738,37.905],[-107.84,37.777],[-107.861,37.776],[-107.989,37.857],[-108.209,37.821],[-108.256,37.895],[-108.821,37.881],[-109.043,37.881],[-109.042,38.153]]]},"properties":{"fips":"08113","name":"San Miguel","st":"CO","sites":1,"pop":15000,"trend":1.818,"weeks":[{"w":"2026-09-19","t":null,"n":0},{"w":"2026-09-12","t":1.818,"n":1},{"w":"2026-09-05","t":0.0,"n":1},{"w":"2026-08-29","t":null,"n":0},{"w":"2026-08-22","t":-2.0,"n":1},{"w":"2026-08-15","t":null,"n":0},{"w":"2026-08-08","t":2.0,"n":1},{"w":"2026-08-01","t":-1.753,"n":1}]}},{"type":"Feature","geometry":{"type":"Polygon","coordinates":[[[-106.435,39.925],[-106.252,39.915],[-106.084,39.806],[-106.013,39.686],[-105.925,39.699],[-105.776,39.609],[-105.83,39.565],[-105.818,39.538],[-105.967,39.438],[-106.022,39.362],[-106.136,39.38],[-106.207,39.38],[-106.252,39.465],[-106.176,39.636],[-106.385,39.767],[-106.435,39.925]]]},"properties":{"fips":"08117","name":"Summit","st":"CO","sites":1,"pop":35643,"trend":-0.106,"weeks":[{"w":"2026-09-19","t":null,"n":0},{"w":"2026-09-12","t":-0.106,"n":1},{"w":"2026-09-05","t":-0.125,"n":1},{"w":"2026-08-29","t":2.0,"n":1},{"w":"2026-08-22","t":2.0,"n":1},{"w":"2026-08-15","t":-0.078,"n":1},{"w":"2026-08-08","t":-2.0,"n":1},{"w":"2026-08-01","t":-0.058,"n":1}]}},{"type":"Feature","geometry":{"type":"Polygon","coordinates":[[[-105.057,40.349],[-104.946,40.349],[-104.943,40.998],[-104.855,40.998],[-104.497,41.002],[-104.053,41.001],[-103.575,41.002],[-103.574,41.002],[-103.582,40.523],[-104.148,40.524],[-104.15,40.35],[-104.15,40.001],[-104.49,40.001],[-104.961,40.0],[-104.961,40.0],[-104.962,40.0],[-104.961,40.015],[-104.961,40.044],[-105.053,40.0],[-105.055,40.018],[-105.055,40.138],[-105.055,40.262],[-105.057,40.349]]]},"properties":{"fips":"08123","name":"Weld","st":"CO","sites":1,"pop":83319,"trend":0.0,"weeks":[{"w":"2026-09-19","t":null,"n":0},{"w":"2026-09-12","t":0.0,"n":1},{"w":"2026-09-05","t":0.0,"n":1},{"w":"2026-08-29","t":0.0,"n":1},{"w":"2026-08-22","t":0.0,"n":1},{"w":"2026-08-15","t":0.0,"n":1},{"w":"2026-08-08","t":0.0,"n":1},{"w":"2026-08-01","t":0.0,"n":1}]}},{"type":"Feature","geometry":{"type":"Polygon","coordinates":[[[-73.696,41.115],[-73.483,41.213],[-73.551,41.295],[-73.544,41.366],[-73.543,41.375],[-73.543,41.376],[-73.543,41.377],[-73.537,41.441],[-73.53,41.527],[-73.52,41.641],[-73.518,41.667],[-73.507,41.666],[-73.441,41.491],[-73.387,41.515],[-73.31,41.469],[-73.298,41.448],[-73.208,41.421],[-73.183,41.392],[-73.148,41.368],[-73.116,41.332],[-73.068,41.301],[-73.087,41.277],[-73.087,41.255],[-73.122,41.18],[-73.101,41.164],[-73.108,41.154],[-73.13,41.147],[-73.173,41.153],[-73.203,41.158],[-73.262,41.117],[-73.27,41.117],[-73.297,41.114],[-73.331,41.11],[-73.372,41.104],[-73.354,41.086],[-73.387,41.058],[-73.422,41.048],[-73.468,41.051],[-73.517,41.039],[-73.562,41.017],[-73.596,41.016],[-73.657,40.985],[-73.657,40.986],[-73.659,41.004],[-73.66,41.018],[-73.728,41.101],[-73.696,41.115]]]},"properties":{"fips":"09001","name":"Fairfield","st":"CT","sites":6,"pop":496060,"trend":0.161,"weeks":[{"w":"2026-09-19","t":0.161,"n":5},{"w":"2026-09-12","t":0.06,"n":5},{"w":"2026-09-05","t":0.215,"n":5},{"w":"2026-08-29","t":0.437,"n":5},{"w":"2026-08-22","t":0.304,"n":5},{"w":"2026-08-15","t":0.006,"n":5},{"w":"2026-08-08","t":0.569,"n":6},{"w":"2026-08-01","t":0.122,"n":6}]}},{"type":"Feature","geometry":{"type":"Polygon","coordinates":[[[-73.009,42.039],[-73.0,42.039],[-72.847,42.037],[-72.81,41.998],[-72.775,42.002],[-72.767,42.003],[-72.735,42.036],[-72.608,42.031],[-72.528,42.034],[-72.509,42.034],[-72.493,41.947],[-72.513,41.945],[-72.517,41.87],[-72.497,41.861],[-72.464,41.746],[-72.409,41.63],[-72.41,41.603],[-72.467,41.584],[-72.505,41.647],[-72.544,41.643],[-72.714,41.628],[-72.715,41.604],[-72.752,41.579],[-72.844,41.545],[-72.946,41.557],[-72.939,41.644],[-72.983,41.64],[-72.999,41.712],[-72.999,41.714],[-73.017,41.798],[-72.949,41.806],[-72.906,41.922],[-72.887,41.973],[-73.03,41.967],[-73.009,42.039]]]},"properties":{"fips":"09003","name":"Hartford","st":"CT","sites":1,"pop":250000,"trend":0.239,"weeks":[{"w":"2026-09-19","t":null,"n":0},{"w":"2026-09-12","t":0.239,"n":1},{"w":"2026-09-05","t":0.377,"n":1},{"w":"2026-08-29","t":0.253,"n":1},{"w":"2026-08-22","t":0.201,"n":1},{"w":"2026-08-15","t":0.04,"n":1},{"w":"2026-08-08","t":-0.11,"n":1},{"w":"2026-08-01","t":null,"n":0}]}},{"type":"Feature","geometry":{"type":"Polygon","coordinates":[[[-73.518,41.667],[-73.505,41.824],[-73.487,42.05],[-73.231,42.045],[-73.127,42.042],[-73.053,42.04],[-73.009,42.039],[-73.03,41.967],[-72.887,41.973],[-72.906,41.922],[-72.949,41.806],[-73.017,41.798],[-72.999,41.714],[-72.999,41.712],[-72.983,41.64],[-73.058,41.607],[-73.058,41.589],[-73.145,41.558],[-73.156,41.515],[-73.204,41.509],[-73.252,41.512],[-73.321,41.504],[-73.31,41.469],[-73.387,41.515],[-73.441,41.491],[-73.507,41.666],[-73.518,41.667]]]},"properties":{"fips":"09005","name":"Litchfield","st":"CT","sites":2,"pop":37105,"trend":-0.378,"weeks":[{"w":"2026-09-19","t":-0.378,"n":1},{"w":"2026-09-12","t":0.068,"n":2},{"w":"2026-09-05","t":-0.215,"n":2},{"w":"2026-08-29","t":-0.037,"n":2},{"w":"2026-08-22","t":0.557,"n":2},{"w":"2026-08-15","t":0.758,"n":2},{"w":"2026-08-08","t":2.0,"n":2},{"w":"2026-08-01","t":1.546,"n":2}]}},{"type":"Feature","geometry":{"type":"Polygon","coordinates":[[[-73.321,41.504],[-73.252,41.512],[-73.204,41.509],[-73.156,41.515],[-73.145,41.558],[-73.058,41.589],[-73.058,41.607],[-72.983,41.64],[-72.939,41.644],[-72.946,41.557],[-72.844,41.545],[-72.752,41.579],[-72.749,41.544],[-72.745,41.498],[-72.746,41.423],[-72.679,41.434],[-72.654,41.438],[-72.614,41.329],[-72.535,41.254],[-72.547,41.25],[-72.598,41.269],[-72.654,41.266],[-72.654,41.266],[-72.69,41.247],[-72.76,41.241],[-72.786,41.265],[-72.881,41.243],[-72.904,41.249],[-72.936,41.258],[-72.971,41.241],[-72.985,41.234],[-72.986,41.233],[-73.02,41.206],[-73.079,41.194],[-73.101,41.164],[-73.122,41.18],[-73.087,41.255],[-73.087,41.277],[-73.068,41.301],[-73.116,41.332],[-73.148,41.368],[-73.183,41.392],[-73.208,41.421],[-73.298,41.448],[-73.31,41.469],[-73.321,41.504]]]},"properties":{"fips":"09009","name":"New Haven","st":"CT","sites":2,"pop":348000,"trend":0.253,"weeks":[{"w":"2026-09-19","t":0.253,"n":2},{"w":"2026-09-12","t":0.422,"n":2},{"w":"2026-09-05","t":0.404,"n":2},{"w":"2026-08-29","t":0.432,"n":2},{"w":"2026-08-22","t":0.283,"n":2},{"w":"2026-08-15","t":0.139,"n":2},{"w":"2026-08-08","t":0.226,"n":2},{"w":"2026-08-01","t":0.112,"n":2}]}},{"type":"Feature","geometry":{"type":"Polygon","coordinates":[[[-72.467,41.584],[-72.41,41.603],[-72.384,41.589],[-72.325,41.619],[-72.334,41.644],[-72.24,41.714],[-72.158,41.658],[-72.147,41.667],[-72.062,41.652],[-71.955,41.635],[-71.858,41.644],[-71.789,41.64],[-71.789,41.597],[-71.789,41.597],[-71.798,41.417],[-71.798,41.417],[-71.84,41.412],[-71.836,41.354],[-71.861,41.32],[-71.886,41.336],[-71.957,41.33],[-72.022,41.317],[-72.094,41.314],[-72.134,41.299],[-72.201,41.316],[-72.236,41.3],[-72.293,41.28],[-72.34,41.278],[-72.376,41.376],[-72.434,41.424],[-72.306,41.436],[-72.323,41.518],[-72.431,41.525],[-72.467,41.584]]]},"properties":{"fips":"09011","name":"New London","st":"CT","sites":1,"pop":40000,"trend":-0.275,"weeks":[{"w":"2026-09-19","t":null,"n":0},{"w":"2026-09-12","t":-0.275,"n":1},{"w":"2026-09-05","t":0.193,"n":1},{"w":"2026-08-29","t":0.12,"n":1},{"w":"2026-08-22","t":0.014,"n":1},{"w":"2026-08-15","t":0.02,"n":1},{"w":"2026-08-08","t":0.677,"n":1},{"w":"2026-08-01","t":1.057,"n":1}]}},{"type":"Feature","geometry":{"type":"Polygon","coordinates":[[[-72.513,41.945],[-72.493,41.947],[-72.509,42.034],[-72.397,42.033],[-72.317,42.032],[-72.199,42.03],[-72.136,42.029],[-72.102,42.029],[-72.099,41.959],[-72.152,41.959],[-72.217,41.958],[-72.218,41.835],[-72.164,41.835],[-72.156,41.753],[-72.253,41.728],[-72.24,41.714],[-72.334,41.644],[-72.325,41.619],[-72.384,41.589],[-72.41,41.603],[-72.409,41.63],[-72.464,41.746],[-72.497,41.861],[-72.517,41.87],[-72.513,41.945]]]},"properties":{"fips":"09013","name":"Tolland","st":"CT","sites":1,"pop":31000,"trend":0.707,"weeks":[{"w":"2026-09-19","t":0.707,"n":1},{"w":"2026-09-12","t":0.498,"n":1},{"w":"2026-09-05","t":0.117,"n":1},{"w":"2026-08-29","t":0.196,"n":1},{"w":"2026-08-22","t":-0.389,"n":1},{"w":"2026-08-15","t":-0.312,"n":1},{"w":"2026-08-08","t":2.0,"n":1},{"w":"2026-08-01","t":2.0,"n":1}]}},{"type":"Feature","geometry":{"type":"Polygon","coordinates":[[[-75.76,39.297],[-75.715,39.299],[-75.651,39.292],[-75.62,39.31],[-75.585,39.309],[-75.506,39.37],[-75.469,39.331],[-75.408,39.265],[-75.395,39.188],[-75.407,39.134],[-75.396,39.058],[-75.341,39.02],[-75.307,38.948],[-75.381,38.962],[-75.41,38.916],[-75.484,38.904],[-75.555,38.836],[-75.723,38.83],[-75.748,39.143],[-75.756,39.247],[-75.76,39.297]]]},"properties":{"fips":"10001","name":"Kent","st":"DE","sites":1,"pop":130000,"trend":0.342,"weeks":[{"w":"2026-09-19","t":0.342,"n":1},{"w":"2026-09-12","t":0.164,"n":1},{"w":"2026-09-05","t":-0.166,"n":1},{"w":"2026-08-29","t":-0.119,"n":1},{"w":"2026-08-22","t":0.114,"n":1},{"w":"2026-08-15","t":2.0,"n":1},{"w":"2026-08-08","t":2.0,"n":1},{"w":"2026-08-01","t":0.0,"n":1}]}},{"type":"Feature","geometry":{"type":"Polygon","coordinates":[[[-75.774,39.722],[-75.753,39.758],[-75.717,39.792],[-75.663,39.821],[-75.594,39.835],[-75.593,39.835],[-75.58,39.837],[-75.57,39.839],[-75.481,39.829],[-75.415,39.802],[-75.459,39.766],[-75.478,39.715],[-75.51,39.686],[-75.535,39.647],[-75.559,39.63],[-75.544,39.596],[-75.513,39.578],[-75.528,39.535],[-75.528,39.498],[-75.593,39.479],[-75.572,39.439],[-75.522,39.388],[-75.506,39.37],[-75.585,39.309],[-75.62,39.31],[-75.651,39.292],[-75.715,39.299],[-75.76,39.297],[-75.767,39.377],[-75.767,39.378],[-75.789,39.722],[-75.774,39.722]]]},"properties":{"fips":"10003","name":"New Castle","st":"DE","sites":2,"pop":556145,"trend":0.495,"weeks":[{"w":"2026-09-19","t":0.495,"n":2},{"w":"2026-09-12","t":0.499,"n":2},{"w":"2026-09-05","t":0.014,"n":2},{"w":"2026-08-29","t":0.029,"n":2},{"w":"2026-08-22","t":1.935,"n":2},{"w":"2026-08-15","t":1.929,"n":2},{"w":"2026-08-08","t":0.094,"n":2},{"w":"2026-08-01","t":0.094,"n":2}]}},{"type":"Feature","geometry":{"type":"Polygon","coordinates":[[[-75.723,38.83],[-75.555,38.836],[-75.484,38.904],[-75.41,38.916],[-75.381,38.962],[-75.307,38.948],[-75.303,38.939],[-75.304,38.913],[-75.232,38.844],[-75.159,38.79],[-75.113,38.783],[-75.089,38.797],[-75.072,38.696],[-75.054,38.536],[-75.049,38.451],[-75.185,38.451],[-75.341,38.452],[-75.479,38.454],[-75.694,38.46],[-75.7,38.543],[-75.702,38.561],[-75.708,38.635],[-75.708,38.635],[-75.723,38.83]]]},"properties":{"fips":"10005","name":"Sussex","st":"DE","sites":7,"pop":110858,"trend":0.215,"weeks":[{"w":"2026-09-19","t":0.215,"n":5},{"w":"2026-09-12","t":0.205,"n":6},{"w":"2026-09-05","t":0.253,"n":6},{"w":"2026-08-29","t":0.53,"n":6},{"w":"2026-08-22","t":0.207,"n":6},{"w":"2026-08-15","t":1.651,"n":6},{"w":"2026-08-08","t":0.093,"n":6},{"w":"2026-08-01","t":-1.44,"n":6}]}},{"type":"Feature","geometry":{"type":"Polygon","coordinates":[[[-77.12,38.934],[-77.041,38.996],[-77.003,38.966],[-76.909,38.893],[-76.979,38.838],[-77.039,38.792],[-77.039,38.841],[-77.039,38.868],[-77.09,38.904],[-77.12,38.934]]]},"properties":{"fips":"11001","name":"District of Columbia","st":"DC","sites":1,"pop":1600000,"trend":0.056,"weeks":[{"w":"2026-09-19","t":null,"n":0},{"w":"2026-09-12","t":0.056,"n":1},{"w":"2026-09-05","t":0.175,"n":1},{"w":"2026-08-29","t":0.409,"n":1},{"w":"2026-08-22","t":0.224,"n":1},{"w":"2026-08-15","t":-0.192,"n":1},{"w":"2026-08-08","t":0.051,"n":1},{"w":"2026-08-01","t":0.095,"n":1}]}},{"type":"Feature","geometry":{"type":"Polygon","coordinates":[[[-87.592,30.951],[-87.599,30.997],[-87.599,30.997],[-87.52,30.998],[-87.426,30.998],[-87.312,30.998],[-87.164,30.999],[-87.287,30.925],[-87.314,30.847],[-87.303,30.719],[-87.269,30.712],[-87.259,30.611],[-87.21,30.555],[-87.121,30.497],[-87.152,30.413],[-87.233,30.37],[-87.229,30.32],[-87.268,30.315],[-87.32,30.318],[-87.42,30.297],[-87.518,30.28],[-87.452,30.344],[-87.432,30.403],[-87.367,30.437],[-87.415,30.457],[-87.445,30.507],[-87.431,30.55],[-87.401,30.604],[-87.4,30.657],[-87.442,30.693],[-87.524,30.738],[-87.542,30.767],[-87.635,30.866],[-87.592,30.951]]]},"properties":{"fips":"12033","name":"Escambia","st":"FL","sites":1,"pop":207000,"trend":0.154,"weeks":[{"w":"2026-09-19","t":0.154,"n":1},{"w":"2026-09-12","t":0.066,"n":1},{"w":"2026-09-05","t":-0.028,"n":1},{"w":"2026-08-29","t":-0.016,"n":1},{"w":"2026-08-22","t":0.209,"n":1},{"w":"2026-08-15","t":0.166,"n":1},{"w":"2026-08-08","t":-0.129,"n":1},{"w":"2026-08-01","t":-0.026,"n":1}]}},{"type":"Feature","geometry":{"type":"Polygon","coordinates":[[[-81.659,28.766],[-81.647,28.786],[-81.415,28.786],[-81.46,28.713],[-81.46,28.64],[-81.415,28.64],[-81.328,28.611],[-81.129,28.612],[-80.987,28.613],[-80.873,28.482],[-80.863,28.347],[-81.095,28.348],[-81.31,28.348],[-81.657,28.347],[-81.657,28.546],[-81.659,28.766]]]},"properties":{"fips":"12095","name":"Orange","st":"FL","sites":1,"pop":95000,"trend":0.294,"weeks":[{"w":"2026-09-19","t":0.294,"n":1},{"w":"2026-09-12","t":0.261,"n":1},{"w":"2026-09-05","t":0.155,"n":1},{"w":"2026-08-29","t":0.249,"n":1},{"w":"2026-08-22","t":0.312,"n":1},{"w":"2026-08-15","t":0.29,"n":1},{"w":"2026-08-08","t":-0.023,"n":1},{"w":"2026-08-01","t":-0.148,"n":1}]}},{"type":"Feature","geometry":{"type":"Polygon","coordinates":[[[-81.46,28.713],[-81.415,28.786],[-81.419,28.819],[-81.367,28.879],[-81.32,28.835],[-81.226,28.833],[-81.181,28.783],[-81.068,28.813],[-81.061,28.75],[-80.987,28.613],[-81.129,28.612],[-81.328,28.611],[-81.415,28.64],[-81.46,28.64],[-81.46,28.713]]]},"properties":{"fips":"12117","name":"Seminole","st":"FL","sites":1,"pop":95000,"trend":0.294,"weeks":[{"w":"2026-09-19","t":0.294,"n":1},{"w":"2026-09-12","t":0.261,"n":1},{"w":"2026-09-05","t":0.155,"n":1},{"w":"2026-08-29","t":0.249,"n":1},{"w":"2026-08-22","t":0.312,"n":1},{"w":"2026-08-15","t":0.29,"n":1},{"w":"2026-08-08","t":-0.023,"n":1},{"w":"2026-08-01","t":-0.148,"n":1}]}},{"type":"Feature","geometry":{"type":"Polygon","coordinates":[[[-82.001,32.607],[-81.841,32.649],[-81.828,32.653],[-81.69,32.546],[-81.548,32.489],[-81.535,32.394],[-81.446,32.285],[-81.436,32.241],[-81.781,32.153],[-81.816,32.237],[-81.969,32.269],[-81.919,32.415],[-82.03,32.539],[-82.001,32.607]]]},"properties":{"fips":"13031","name":"Bulloch","st":"GA","sites":1,"pop":35000,"trend":-0.039,"weeks":[{"w":"2026-09-19","t":null,"n":0},{"w":"2026-09-12","t":null,"n":0},{"w":"2026-09-05","t":null,"n":0},{"w":"2026-08-29","t":null,"n":0},{"w":"2026-08-22","t":null,"n":0},{"w":"2026-08-15","t":null,"n":0},{"w":"2026-08-08","t":-0.039,"n":1},{"w":"2026-08-01","t":null,"n":0}]}},{"type":"Feature","geometry":{"type":"Polygon","coordinates":[[[-84.644,34.355],[-84.653,34.413],[-84.583,34.412],[-84.583,34.381],[-84.425,34.387],[-84.401,34.373],[-84.258,34.381],[-84.258,34.335],[-84.259,34.237],[-84.259,34.186],[-84.352,34.177],[-84.419,34.073],[-84.515,34.079],[-84.572,34.076],[-84.624,34.082],[-84.659,34.078],[-84.644,34.355]]]},"properties":{"fips":"13057","name":"Cherokee","st":"GA","sites":3,"pop":250000,"trend":0.31,"weeks":[{"w":"2026-09-19","t":null,"n":0},{"w":"2026-09-12","t":null,"n":0},{"w":"2026-09-05","t":0.31,"n":3},{"w":"2026-08-29","t":0.389,"n":3},{"w":"2026-08-22","t":0.109,"n":3},{"w":"2026-08-15","t":0.087,"n":3},{"w":"2026-08-08","t":0.344,"n":3},{"w":"2026-08-01","t":0.462,"n":3}]}},{"type":"Feature","geometry":{"type":"Polygon","coordinates":[[[-83.537,33.966],[-83.503,34.0],[-83.454,34.005],[-83.385,34.038],[-83.36,34.041],[-83.294,34.008],[-83.258,33.999],[-83.279,33.952],[-83.241,33.904],[-83.276,33.848],[-83.416,33.919],[-83.508,33.931],[-83.537,33.966]]]},"properties":{"fips":"13059","name":"Clarke","st":"GA","sites":1,"pop":60000,"trend":1.232,"weeks":[{"w":"2026-09-19","t":null,"n":0},{"w":"2026-09-12","t":null,"n":0},{"w":"2026-09-05","t":1.232,"n":1},{"w":"2026-08-29","t":1.256,"n":1},{"w":"2026-08-22","t":-0.003,"n":1},{"w":"2026-08-15","t":-0.057,"n":1},{"w":"2026-08-08","t":null,"n":0},{"w":"2026-08-01","t":1.835,"n":1}]}},{"type":"Feature","geometry":{"type":"Polygon","coordinates":[[[-84.459,33.594],[-84.458,33.629],[-84.458,33.649],[-84.35,33.648],[-84.281,33.647],[-84.244,33.59],[-84.284,33.549],[-84.295,33.436],[-84.354,33.436],[-84.354,33.397],[-84.354,33.353],[-84.388,33.352],[-84.382,33.463],[-84.397,33.486],[-84.438,33.548],[-84.459,33.551],[-84.459,33.594]]]},"properties":{"fips":"13063","name":"Clayton","st":"GA","sites":1,"pop":124000,"trend":2.0,"weeks":[{"w":"2026-09-19","t":null,"n":0},{"w":"2026-09-12","t":null,"n":0},{"w":"2026-09-05","t":null,"n":0},{"w":"2026-08-29","t":null,"n":0},{"w":"2026-08-22","t":null,"n":0},{"w":"2026-08-15","t":null,"n":0},{"w":"2026-08-08","t":2.0,"n":1},{"w":"2026-08-01","t":2.0,"n":1}]}},{"type":"Feature","geometry":{"type":"Polygon","coordinates":[[[-84.738,34.079],[-84.659,34.078],[-84.624,34.082],[-84.572,34.076],[-84.515,34.079],[-84.419,34.073],[-84.375,33.986],[-84.443,33.902],[-84.46,33.852],[-84.455,33.827],[-84.48,33.817],[-84.578,33.744],[-84.623,33.804],[-84.724,33.806],[-84.724,33.904],[-84.74,33.948],[-84.738,34.079]]]},"properties":{"fips":"13067","name":"Cobb","st":"GA","sites":2,"pop":417099,"trend":0.528,"weeks":[{"w":"2026-09-19","t":null,"n":0},{"w":"2026-09-12","t":0.528,"n":2},{"w":"2026-09-05","t":0.589,"n":2},{"w":"2026-08-29","t":0.388,"n":2},{"w":"2026-08-22","t":0.405,"n":2},{"w":"2026-08-15","t":-0.075,"n":2},{"w":"2026-08-08","t":0.061,"n":2},{"w":"2026-08-01","t":0.418,"n":2}]}},{"type":"Feature","geometry":{"type":"Polygon","coordinates":[[[-84.348,33.845],[-84.348,33.858],[-84.348,33.891],[-84.347,33.968],[-84.277,33.958],[-84.237,33.904],[-84.204,33.873],[-84.173,33.859],[-84.076,33.778],[-84.024,33.753],[-84.116,33.615],[-84.184,33.646],[-84.245,33.631],[-84.267,33.647],[-84.281,33.647],[-84.35,33.648],[-84.348,33.845]]]},"properties":{"fips":"13089","name":"DeKalb","st":"GA","sites":1,"pop":300000,"trend":2.0,"weeks":[{"w":"2026-09-19","t":null,"n":0},{"w":"2026-09-12","t":null,"n":0},{"w":"2026-09-05","t":null,"n":0},{"w":"2026-08-29","t":null,"n":0},{"w":"2026-08-22","t":null,"n":0},{"w":"2026-08-15","t":2.0,"n":1},{"w":"2026-08-08","t":2.0,"n":1},{"w":"2026-08-01","t":null,"n":0}]}},{"type":"Feature","geometry":{"type":"Polygon","coordinates":[[[-84.902,33.781],[-84.731,33.789],[-84.724,33.806],[-84.623,33.804],[-84.578,33.744],[-84.63,33.693],[-84.797,33.596],[-84.809,33.574],[-84.906,33.573],[-84.902,33.781]]]},"properties":{"fips":"13097","name":"Douglas","st":"GA","sites":1,"pop":37256,"trend":0.523,"weeks":[{"w":"2026-09-19","t":null,"n":0},{"w":"2026-09-12","t":null,"n":0},{"w":"2026-09-05","t":0.523,"n":1},{"w":"2026-08-29","t":0.112,"n":1},{"w":"2026-08-22","t":0.106,"n":1},{"w":"2026-08-15","t":0.364,"n":1},{"w":"2026-08-08","t":0.345,"n":1},{"w":"2026-08-01","t":0.164,"n":1}]}},{"type":"Feature","geometry":{"type":"Polygon","coordinates":[[[-85.463,34.286],[-85.387,34.286],[-85.335,34.37],[-85.181,34.436],[-85.108,34.587],[-85.069,34.587],[-85.104,34.404],[-85.006,34.392],[-85.023,34.347],[-85.047,34.096],[-85.258,34.101],[-85.421,34.081],[-85.429,34.125],[-85.463,34.286]]]},"properties":{"fips":"13115","name":"Floyd","st":"GA","sites":1,"pop":38111,"trend":0.638,"weeks":[{"w":"2026-09-19","t":null,"n":0},{"w":"2026-09-12","t":null,"n":0},{"w":"2026-09-05","t":0.638,"n":1},{"w":"2026-08-29","t":0.202,"n":1},{"w":"2026-08-22","t":-0.134,"n":1},{"w":"2026-08-15","t":-0.173,"n":1},{"w":"2026-08-08","t":0.196,"n":1},{"w":"2026-08-01","t":2.0,"n":1}]}},{"type":"Feature","geometry":{"type":"Polygon","coordinates":[[[-84.259,34.186],[-84.259,34.237],[-84.258,34.335],[-83.957,34.334],[-83.926,34.286],[-83.989,34.196],[-84.058,34.183],[-84.063,34.168],[-84.118,34.066],[-84.098,34.051],[-84.259,34.11],[-84.259,34.186]]]},"properties":{"fips":"13117","name":"Forsyth","st":"GA","sites":1,"pop":44000,"trend":0.429,"weeks":[{"w":"2026-09-19","t":null,"n":0},{"w":"2026-09-12","t":null,"n":0},{"w":"2026-09-05","t":0.429,"n":1},{"w":"2026-08-29","t":0.369,"n":1},{"w":"2026-08-22","t":0.119,"n":1},{"w":"2026-08-15","t":-0.048,"n":1},{"w":"2026-08-08","t":-0.062,"n":1},{"w":"2026-08-01","t":0.45,"n":1}]}},{"type":"Feature","geometry":{"type":"Polygon","coordinates":[[[-84.262,33.987],[-84.182,33.998],[-84.098,34.051],[-84.118,34.066],[-84.063,34.168],[-83.89,34.106],[-83.818,34.127],[-83.869,34.004],[-83.799,33.93],[-83.855,33.885],[-83.908,33.843],[-83.982,33.786],[-84.024,33.753],[-84.076,33.778],[-84.173,33.859],[-84.204,33.873],[-84.237,33.904],[-84.277,33.958],[-84.262,33.987]]]},"properties":{"fips":"13135","name":"Gwinnett","st":"GA","sites":1,"pop":496000,"trend":2.0,"weeks":[{"w":"2026-09-19","t":null,"n":0},{"w":"2026-09-12","t":2.0,"n":1},{"w":"2026-09-05","t":0.185,"n":1},{"w":"2026-08-29","t":-1.865,"n":1},{"w":"2026-08-22","t":0.15,"n":1},{"w":"2026-08-15","t":0.527,"n":1},{"w":"2026-08-08","t":2.0,"n":1},{"w":"2026-08-01","t":2.0,"n":1}]}},{"type":"Feature","geometry":{"type":"Polygon","coordinates":[[[-84.044,33.526],[-84.003,33.555],[-83.931,33.652],[-83.915,33.744],[-83.791,33.667],[-83.692,33.617],[-83.681,33.597],[-83.678,33.572],[-83.682,33.526],[-83.675,33.487],[-83.825,33.437],[-83.863,33.368],[-83.913,33.418],[-83.924,33.444],[-83.947,33.482],[-84.054,33.515],[-84.044,33.526]]]},"properties":{"fips":"13217","name":"Newton","st":"GA","sites":1,"pop":22675,"trend":0.377,"weeks":[{"w":"2026-09-19","t":null,"n":0},{"w":"2026-09-12","t":null,"n":0},{"w":"2026-09-05","t":0.377,"n":1},{"w":"2026-08-29","t":0.454,"n":1},{"w":"2026-08-22","t":0.461,"n":1},{"w":"2026-08-15","t":-0.045,"n":1},{"w":"2026-08-08","t":0.155,"n":1},{"w":"2026-08-01","t":0.208,"n":1}]}},{"type":"Feature","geometry":{"type":"Polygon","coordinates":[[[-85.05,33.953],[-84.979,33.951],[-84.923,34.082],[-84.91,34.075],[-84.738,34.079],[-84.74,33.948],[-84.724,33.904],[-84.724,33.806],[-84.731,33.789],[-84.902,33.781],[-84.971,33.8],[-85.038,33.812],[-85.037,33.896],[-85.05,33.904],[-85.05,33.953]]]},"properties":{"fips":"13223","name":"Paulding","st":"GA","sites":2,"pop":33000,"trend":0.245,"weeks":[{"w":"2026-09-19","t":null,"n":0},{"w":"2026-09-12","t":null,"n":0},{"w":"2026-09-05","t":null,"n":0},{"w":"2026-08-29","t":null,"n":0},{"w":"2026-08-22","t":null,"n":0},{"w":"2026-08-15","t":0.245,"n":2},{"w":"2026-08-08","t":1.075,"n":2},{"w":"2026-08-01","t":1.324,"n":2}]}},{"type":"Feature","geometry":{"type":"Polygon","coordinates":[[[-84.008,32.522],[-84.003,32.53],[-83.767,32.693],[-83.701,32.692],[-83.723,32.521],[-83.847,32.469],[-84.018,32.506],[-84.008,32.522]]]},"properties":{"fips":"13225","name":"Peach","st":"GA","sites":1,"pop":8008,"trend":-0.418,"weeks":[{"w":"2026-09-19","t":null,"n":0},{"w":"2026-09-12","t":null,"n":0},{"w":"2026-09-05","t":-0.418,"n":1},{"w":"2026-08-29","t":1.063,"n":1},{"w":"2026-08-22","t":0.828,"n":1},{"w":"2026-08-15","t":0.262,"n":1},{"w":"2026-08-08","t":0.351,"n":1},{"w":"2026-08-01","t":2.0,"n":1}]}},{"type":"Feature","geometry":{"type":"Polygon","coordinates":[[[-82.353,33.312],[-82.294,33.355],[-82.283,33.363],[-82.028,33.545],[-82.017,33.529],[-81.991,33.494],[-81.926,33.463],[-81.92,33.411],[-81.933,33.344],[-81.846,33.304],[-81.847,33.247],[-82.097,33.231],[-82.174,33.297],[-82.268,33.267],[-82.333,33.309],[-82.353,33.312]]]},"properties":{"fips":"13245","name":"Richmond","st":"GA","sites":1,"pop":200000,"trend":1.025,"weeks":[{"w":"2026-09-19","t":null,"n":0},{"w":"2026-09-12","t":null,"n":0},{"w":"2026-09-05","t":1.025,"n":1},{"w":"2026-08-29","t":0.514,"n":1},{"w":"2026-08-22","t":-0.556,"n":1},{"w":"2026-08-15","t":-0.142,"n":1},{"w":"2026-08-08","t":0.498,"n":1},{"w":"2026-08-01","t":-0.081,"n":1}]}},{"type":"Feature","geometry":{"type":"Polygon","coordinates":[[[-156.05,19.78],[-156.006,19.818],[-155.977,19.851],[-155.949,19.857],[-155.916,19.887],[-155.893,19.932],[-155.857,19.969],[-155.832,19.983],[-155.825,20.026],[-155.85,20.063],[-155.891,20.124],[-155.903,20.177],[-155.891,20.255],[-155.853,20.272],[-155.799,20.254],[-155.737,20.223],[-155.704,20.192],[-155.637,20.153],[-155.598,20.125],[-155.559,20.132],[-155.503,20.114],[-155.388,20.067],[-155.27,20.015],[-155.167,19.938],[-155.125,19.897],[-155.086,19.855],[-155.091,19.776],[-155.087,19.728],[-155.045,19.74],[-155.006,19.739],[-154.981,19.691],[-154.974,19.633],[-154.947,19.605],[-154.853,19.549],[-154.814,19.53],[-154.816,19.501],[-154.877,19.433],[-154.944,19.382],[-155.021,19.331],[-155.113,19.291],[-155.16,19.268],[-155.206,19.261],[-155.265,19.274],[-155.313,19.251],[-155.361,19.209],[-155.391,19.201],[-155.454,19.152],[-155.505,19.138],[-155.555,19.069],[-155.591,19.008],[-155.614,18.97],[-155.638,18.942],[-155.672,18.917],[-155.726,18.969],[-155.806,19.014],[-155.882,19.037],[-155.914,19.099],[-155.912,19.179],[-155.903,19.258],[-155.891,19.299],[-155.889,19.348],[-155.909,19.415],[-155.925,19.454],[-155.951,19.487],[-155.969,19.556],[-155.978,19.608],[-155.998,19.643],[-156.029,19.65],[-156.033,19.669],[-156.064,19.731],[-156.05,19.78]]]},"properties":{"fips":"15001","name":"Hawaii","st":"HI","sites":1,"pop":32600,"trend":0.181,"weeks":[{"w":"2026-09-19","t":0.181,"n":1},{"w":"2026-09-12","t":0.219,"n":1},{"w":"2026-09-05","t":0.344,"n":1},{"w":"2026-08-29","t":0.449,"n":1},{"w":"2026-08-22","t":0.587,"n":1},{"w":"2026-08-15","t":0.651,"n":1},{"w":"2026-08-08","t":2.0,"n":1},{"w":"2026-08-01","t":0.126,"n":1}]}},{"type":"Feature","geometry":{"type":"Polygon","coordinates":[[[-158.232,21.584],[-158.126,21.587],[-158.08,21.628],[-158.051,21.671],[-157.992,21.708],[-157.969,21.713],[-157.925,21.651],[-157.877,21.575],[-157.837,21.53],[-157.845,21.467],[-157.814,21.44],[-157.765,21.461],[-157.723,21.459],[-157.724,21.403],[-157.711,21.358],[-157.652,21.314],[-157.655,21.309],[-157.673,21.284],[-157.7,21.264],[-157.757,21.278],[-157.78,21.265],[-157.81,21.258],[-157.851,21.285],[-157.89,21.306],[-157.951,21.313],[-157.982,21.316],[-158.024,21.309],[-158.088,21.299],[-158.103,21.298],[-158.129,21.345],[-158.131,21.349],[-158.14,21.374],[-158.179,21.404],[-158.183,21.43],[-158.233,21.488],[-158.231,21.524],[-158.278,21.579],[-158.232,21.584]]]},"properties":{"fips":"15003","name":"Honolulu","st":"HI","sites":3,"pop":167000,"trend":0.18,"weeks":[{"w":"2026-09-19","t":null,"n":0},{"w":"2026-09-12","t":0.18,"n":3},{"w":"2026-09-05","t":0.283,"n":3},{"w":"2026-08-29","t":0.01,"n":3},{"w":"2026-08-22","t":0.069,"n":3},{"w":"2026-08-15","t":0.332,"n":3},{"w":"2026-08-08","t":0.113,"n":3},{"w":"2026-08-01","t":0.082,"n":3}]}},{"type":"Feature","geometry":{"type":"MultiPolygon","coordinates":[[[[-159.784,22.065],[-159.745,22.098],[-159.731,22.14],[-159.706,22.159],[-159.612,22.201],[-159.581,22.223],[-159.544,22.222],[-159.511,22.204],[-159.488,22.23],[-159.432,22.22],[-159.402,22.233],[-159.362,22.214],[-159.312,22.183],[-159.293,22.123],[-159.318,22.061],[-159.334,22.042],[-159.333,21.999],[-159.338,21.951],[-159.385,21.912],[-159.445,21.869],[-159.527,21.884],[-159.575,21.893],[-159.603,21.892],[-159.65,21.934],[-159.708,21.961],[-159.755,21.978],[-159.787,22.019],[-159.784,22.065]]],[[[-160.25,21.815],[-160.229,21.889],[-160.194,21.922],[-160.137,21.949],[-160.122,21.963],[-160.113,21.995],[-160.072,22.003],[-160.059,21.996],[-160.051,21.981],[-160.07,21.964],[-160.086,21.927],[-160.079,21.896],[-160.124,21.877],[-160.156,21.868],[-160.175,21.847],[-160.19,21.822],[-160.206,21.78],[-160.23,21.79],[-160.25,21.815]]]]},"properties":{"fips":"15007","name":"Kauai","st":"HI","sites":1,"pop":10000,"trend":0.226,"weeks":[{"w":"2026-09-19","t":null,"n":0},{"w":"2026-09-12","t":null,"n":0},{"w":"2026-09-05","t":0.226,"n":1},{"w":"2026-08-29","t":-0.118,"n":1},{"w":"2026-08-22","t":-0.034,"n":1},{"w":"2026-08-15","t":0.387,"n":1},{"w":"2026-08-08","t":2.0,"n":1},{"w":"2026-08-01","t":2.0,"n":1}]}},{"type":"Feature","geometry":{"type":"MultiPolygon","coordinates":[[[[-156.7,20.921],[-156.681,20.98],[-156.62,21.028],[-156.563,21.016],[-156.519,20.955],[-156.481,20.898],[-156.403,20.916],[-156.333,20.946],[-156.243,20.938],[-156.195,20.892],[-156.133,20.861],[-156.06,20.811],[-156.004,20.796],[-155.985,20.744],[-156.002,20.698],[-156.044,20.665],[-156.13,20.628],[-156.21,20.629],[-156.284,20.596],[-156.378,20.578],[-156.432,20.598],[-156.444,20.656],[-156.458,20.737],[-156.462,20.754],[-156.474,20.791],[-156.506,20.799],[-156.538,20.778],[-156.555,20.786],[-156.632,20.821],[-156.688,20.891],[-156.7,20.921]]],[[[-156.67,20.56],[-156.611,20.594],[-156.567,20.605],[-156.543,20.58],[-156.54,20.528],[-156.586,20.512],[-156.669,20.505],[-156.702,20.532],[-156.67,20.56]]],[[[-157.059,20.913],[-157.01,20.93],[-156.938,20.925],[-156.873,20.895],[-156.837,20.864],[-156.808,20.82],[-156.838,20.765],[-156.89,20.745],[-156.909,20.74],[-156.968,20.735],[-156.991,20.776],[-156.992,20.827],[-157.011,20.854],[-157.06,20.885],[-157.059,20.913]]],[[[-157.277,21.158],[-157.25,21.184],[-157.261,21.226],[-157.202,21.219],[-157.128,21.201],[-157.04,21.191],[-157.014,21.201],[-157.015,21.182],[-156.974,21.175],[-156.942,21.16],[-156.918,21.129],[-156.9,21.132],[-156.918,21.169],[-156.842,21.168],[-156.742,21.176],[-156.709,21.159],[-156.739,21.111],[-156.802,21.067],[-156.877,21.049],[-156.954,21.066],[-157.026,21.089],[-157.081,21.102],[-157.172,21.091],[-157.253,21.088],[-157.311,21.102],[-157.277,21.158]]]]},"properties":{"fips":"15009","name":"Maui","st":"HI","sites":3,"pop":156400,"trend":0.018,"weeks":[{"w":"2026-09-19","t":0.018,"n":3},{"w":"2026-09-12","t":0.118,"n":3},{"w":"2026-09-05","t":0.164,"n":3},{"w":"2026-08-29","t":0.253,"n":3},{"w":"2026-08-22","t":0.168,"n":3},{"w":"2026-08-15","t":0.141,"n":3},{"w":"2026-08-08","t":0.353,"n":3},{"w":"2026-08-01","t":0.39,"n":3}]}},{"type":"Feature","geometry":{"type":"Polygon","coordinates":[[[-112.751,42.952],[-112.678,43.022],[-112.063,43.022],[-112.082,42.95],[-112.15,42.896],[-112.12,42.831],[-112.141,42.763],[-112.106,42.699],[-111.969,42.718],[-111.917,42.617],[-111.876,42.416],[-111.897,42.256],[-111.984,42.286],[-112.126,42.285],[-112.191,42.351],[-112.327,42.324],[-112.298,42.454],[-112.42,42.503],[-112.38,42.646],[-112.497,42.733],[-112.516,42.91],[-112.559,42.961],[-112.747,42.913],[-112.751,42.952]]]},"properties":{"fips":"16005","name":"Bannock","st":"ID","sites":1,"pop":74708,"trend":0.24,"weeks":[{"w":"2026-09-19","t":0.24,"n":1},{"w":"2026-09-12","t":0.286,"n":1},{"w":"2026-09-05","t":0.418,"n":1},{"w":"2026-08-29","t":0.369,"n":1},{"w":"2026-08-22","t":-0.1,"n":1},{"w":"2026-08-15","t":0.026,"n":1},{"w":"2026-08-08","t":1.947,"n":1},{"w":"2026-08-01","t":-0.023,"n":1}]}},{"type":"Feature","geometry":{"type":"Polygon","coordinates":[[[-117.04,47.127],[-116.835,47.032],[-116.458,47.037],[-116.329,47.022],[-116.329,46.935],[-116.33,46.628],[-116.456,46.629],[-116.612,46.631],[-116.719,46.543],[-117.04,46.542],[-117.04,47.127]]]},"properties":{"fips":"16057","name":"Latah","st":"ID","sites":1,"pop":25500,"trend":0.55,"weeks":[{"w":"2026-09-19","t":null,"n":0},{"w":"2026-09-12","t":0.55,"n":1},{"w":"2026-09-05","t":0.266,"n":1},{"w":"2026-08-29","t":0.096,"n":1},{"w":"2026-08-22","t":0.769,"n":1},{"w":"2026-08-15","t":2.0,"n":1},{"w":"2026-08-08","t":1.579,"n":1},{"w":"2026-08-01","t":-0.315,"n":1}]}},{"type":"Feature","geometry":{"type":"Polygon","coordinates":[[[-91.506,40.2],[-90.912,40.193],[-90.913,40.104],[-90.917,39.845],[-90.916,39.757],[-91.365,39.759],[-91.362,39.788],[-91.398,39.821],[-91.436,39.846],[-91.429,39.908],[-91.437,39.945],[-91.437,39.946],[-91.484,40.019],[-91.498,40.078],[-91.512,40.17],[-91.506,40.2]]]},"properties":{"fips":"17001","name":"Adams","st":"IL","sites":1,"pop":50695,"trend":-0.058,"weeks":[{"w":"2026-09-19","t":-0.058,"n":1},{"w":"2026-09-12","t":-0.116,"n":1},{"w":"2026-09-05","t":0.148,"n":1},{"w":"2026-08-29","t":0.205,"n":1},{"w":"2026-08-22","t":2.0,"n":1},{"w":"2026-08-15","t":0.351,"n":1},{"w":"2026-08-08","t":-2.0,"n":1},{"w":"2026-08-01","t":2.0,"n":1}]}},{"type":"Feature","geometry":{"type":"Polygon","coordinates":[[[-88.94,42.495],[-88.777,42.494],[-88.707,42.494],[-88.706,42.154],[-88.94,42.152],[-88.94,42.495]]]},"properties":{"fips":"17007","name":"Boone","st":"IL","sites":1,"pop":25134,"trend":null,"weeks":[{"w":"2026-09-19","t":null,"n":0},{"w":"2026-09-12","t":null,"n":0},{"w":"2026-09-05","t":null,"n":0},{"w":"2026-08-29","t":null,"n":0},{"w":"2026-08-22","t":null,"n":0},{"w":"2026-08-15","t":null,"n":0},{"w":"2026-08-08","t":null,"n":0},{"w":"2026-08-01","t":null,"n":0}]}},{"type":"Feature","geometry":{"type":"Polygon","coordinates":[[[-89.862,41.584],[-89.631,41.585],[-89.167,41.585],[-89.164,41.31],[-89.335,41.301],[-89.357,41.233],[-89.466,41.234],[-89.466,41.149],[-89.639,41.149],[-89.639,41.234],[-89.858,41.234],[-89.862,41.584]]]},"properties":{"fips":"17011","name":"Bureau","st":"IL","sites":2,"pop":12955,"trend":2.0,"weeks":[{"w":"2026-09-19","t":null,"n":0},{"w":"2026-09-12","t":2.0,"n":1},{"w":"2026-09-05","t":0.144,"n":1},{"w":"2026-08-29","t":-2.0,"n":1},{"w":"2026-08-22","t":0.013,"n":2},{"w":"2026-08-15","t":-0.751,"n":2},{"w":"2026-08-08","t":0.325,"n":2},{"w":"2026-08-01","t":1.986,"n":1}]}},{"type":"Feature","geometry":{"type":"Polygon","coordinates":[[[-90.315,42.194],[-89.92,42.197],[-89.688,42.199],[-89.685,41.93],[-90.128,41.929],[-90.158,41.93],[-90.157,41.938],[-90.141,41.996],[-90.16,42.033],[-90.163,42.04],[-90.161,42.106],[-90.207,42.149],[-90.269,42.175],[-90.315,42.194]]]},"properties":{"fips":"17015","name":"Carroll","st":"IL","sites":1,"pop":5615,"trend":1.858,"weeks":[{"w":"2026-09-19","t":null,"n":0},{"w":"2026-09-12","t":1.858,"n":1},{"w":"2026-09-05","t":1.858,"n":1},{"w":"2026-08-29","t":0.0,"n":1},{"w":"2026-08-22","t":-2.0,"n":1},{"w":"2026-08-15","t":-2.0,"n":1},{"w":"2026-08-08","t":2.0,"n":1},{"w":"2026-08-01","t":2.0,"n":1}]}},{"type":"Feature","geometry":{"type":"Polygon","coordinates":[[[-90.513,39.965],[-90.514,39.988],[-90.436,40.021],[-90.355,40.124],[-90.285,40.055],[-90.195,40.054],[-89.995,40.109],[-89.995,39.902],[-89.994,39.873],[-90.584,39.877],[-90.513,39.965]]]},"properties":{"fips":"17017","name":"Cass","st":"IL","sites":1,"pop":5446,"trend":2.0,"weeks":[{"w":"2026-09-19","t":null,"n":0},{"w":"2026-09-12","t":null,"n":0},{"w":"2026-09-05","t":2.0,"n":1},{"w":"2026-08-29","t":-0.005,"n":1},{"w":"2026-08-22","t":-1.864,"n":1},{"w":"2026-08-15","t":1.864,"n":1},{"w":"2026-08-08","t":1.864,"n":1},{"w":"2026-08-01","t":null,"n":0}]}},{"type":"Feature","geometry":{"type":"Polygon","coordinates":[[[-88.463,40.142],[-88.46,40.282],[-88.46,40.399],[-88.347,40.398],[-87.932,40.399],[-87.942,40.225],[-87.938,39.88],[-88.349,39.879],[-88.462,39.879],[-88.463,40.142]]]},"properties":{"fips":"17019","name":"Champaign","st":"IL","sites":2,"pop":143041,"trend":0.263,"weeks":[{"w":"2026-09-19","t":null,"n":0},{"w":"2026-09-12","t":0.263,"n":2},{"w":"2026-09-05","t":0.418,"n":2},{"w":"2026-08-29","t":0.802,"n":2},{"w":"2026-08-22","t":1.065,"n":2},{"w":"2026-08-15","t":-0.38,"n":2},{"w":"2026-08-08","t":-0.548,"n":2},{"w":"2026-08-01","t":2.0,"n":2}]}},{"type":"Feature","geometry":{"type":"Polygon","coordinates":[[[-89.535,39.641],[-89.478,39.641],[-89.479,39.684],[-89.425,39.684],[-89.426,39.748],[-89.303,39.776],[-89.247,39.826],[-89.217,39.814],[-89.142,39.801],[-89.139,39.655],[-89.026,39.654],[-89.025,39.346],[-89.14,39.349],[-89.531,39.349],[-89.534,39.525],[-89.535,39.612],[-89.535,39.641]]]},"properties":{"fips":"17021","name":"Christian","st":"IL","sites":1,"pop":12663,"trend":0.094,"weeks":[{"w":"2026-09-19","t":null,"n":0},{"w":"2026-09-12","t":null,"n":0},{"w":"2026-09-05","t":0.094,"n":1},{"w":"2026-08-29","t":2.0,"n":1},{"w":"2026-08-22","t":2.0,"n":1},{"w":"2026-08-15","t":null,"n":0},{"w":"2026-08-08","t":null,"n":0},{"w":"2026-08-01","t":null,"n":0}]}},{"type":"Feature","geometry":{"type":"Polygon","coordinates":[[[-88.472,39.652],[-88.064,39.653],[-87.966,39.686],[-87.96,39.481],[-88.014,39.481],[-88.012,39.379],[-88.471,39.375],[-88.471,39.447],[-88.472,39.652]]]},"properties":{"fips":"17029","name":"Coles","st":"IL","sites":1,"pop":17000,"trend":0.214,"weeks":[{"w":"2026-09-19","t":null,"n":0},{"w":"2026-09-12","t":0.214,"n":1},{"w":"2026-09-05","t":0.963,"n":1},{"w":"2026-08-29","t":2.0,"n":1},{"w":"2026-08-22","t":2.0,"n":1},{"w":"2026-08-15","t":1.861,"n":1},{"w":"2026-08-08","t":0.0,"n":1},{"w":"2026-08-01","t":0.0,"n":1}]}},{"type":"Feature","geometry":{"type":"Polygon","coordinates":[[[-88.264,42.067],[-88.238,42.092],[-88.238,42.154],[-88.2,42.154],[-88.024,42.154],[-88.004,42.154],[-87.946,42.153],[-87.759,42.152],[-87.742,42.128],[-87.742,42.128],[-87.741,42.128],[-87.689,42.082],[-87.682,42.076],[-87.669,42.029],[-87.634,41.933],[-87.625,41.907],[-87.624,41.904],[-87.612,41.893],[-87.614,41.884],[-87.616,41.871],[-87.609,41.845],[-87.588,41.811],[-87.582,41.8],[-87.561,41.766],[-87.531,41.748],[-87.524,41.724],[-87.524,41.708],[-87.525,41.53],[-87.525,41.47],[-87.787,41.47],[-87.79,41.528],[-87.812,41.558],[-87.909,41.557],[-87.912,41.644],[-88.029,41.67],[-88.029,41.685],[-88.005,41.686],[-87.982,41.686],[-87.98,41.687],[-87.967,41.687],[-87.955,41.693],[-87.947,41.696],[-87.942,41.699],[-87.941,41.703],[-87.914,41.72],[-87.916,41.772],[-87.917,41.791],[-87.917,41.796],[-87.92,41.907],[-87.92,41.942],[-87.939,41.994],[-88.174,41.988],[-88.263,41.986],[-88.263,42.015],[-88.264,42.067]]]},"properties":{"fips":"17031","name":"Cook","st":"IL","sites":16,"pop":6847924,"trend":-0.282,"weeks":[{"w":"2026-09-19","t":-0.282,"n":16},{"w":"2026-09-12","t":-0.062,"n":16},{"w":"2026-09-05","t":0.315,"n":16},{"w":"2026-08-29","t":-0.016,"n":16},{"w":"2026-08-22","t":-0.367,"n":16},{"w":"2026-08-15","t":0.993,"n":16},{"w":"2026-08-08","t":1.227,"n":16},{"w":"2026-08-01","t":0.013,"n":16}]}},{"type":"Feature","geometry":{"type":"Polygon","coordinates":[[[-88.94,42.152],[-88.706,42.154],[-88.589,42.154],[-88.588,42.066],[-88.602,42.018],[-88.602,41.72],[-88.602,41.631],[-88.712,41.63],[-88.818,41.631],[-88.939,41.628],[-88.941,41.892],[-88.94,42.152]]]},"properties":{"fips":"17037","name":"DeKalb","st":"IL","sites":1,"pop":45000,"trend":0.118,"weeks":[{"w":"2026-09-19","t":null,"n":0},{"w":"2026-09-12","t":0.118,"n":1},{"w":"2026-09-05","t":0.665,"n":1},{"w":"2026-08-29","t":0.387,"n":1},{"w":"2026-08-22","t":-0.455,"n":1},{"w":"2026-08-15","t":-0.064,"n":1},{"w":"2026-08-08","t":2.0,"n":1},{"w":"2026-08-01","t":2.0,"n":1}]}},{"type":"Feature","geometry":{"type":"Polygon","coordinates":[[[-88.263,41.986],[-88.174,41.988],[-87.939,41.994],[-87.92,41.942],[-87.92,41.907],[-87.917,41.796],[-87.917,41.791],[-87.916,41.772],[-87.914,41.72],[-87.941,41.703],[-87.942,41.699],[-87.947,41.696],[-87.955,41.693],[-87.967,41.687],[-87.98,41.687],[-87.982,41.686],[-88.005,41.686],[-88.029,41.685],[-88.03,41.729],[-88.148,41.726],[-88.261,41.725],[-88.262,41.725],[-88.263,41.812],[-88.263,41.812],[-88.262,41.883],[-88.262,41.899],[-88.263,41.986]]]},"properties":{"fips":"17043","name":"DuPage","st":"IL","sites":6,"pop":417791,"trend":-2.0,"weeks":[{"w":"2026-09-19","t":-2.0,"n":1},{"w":"2026-09-12","t":-0.658,"n":3},{"w":"2026-09-05","t":0.228,"n":6},{"w":"2026-08-29","t":0.838,"n":6},{"w":"2026-08-22","t":-0.055,"n":5},{"w":"2026-08-15","t":-0.96,"n":5},{"w":"2026-08-08","t":-0.065,"n":5},{"w":"2026-08-01","t":1.257,"n":5}]}},{"type":"Feature","geometry":{"type":"Polygon","coordinates":[[[-88.805,39.216],[-88.471,39.215],[-88.471,39.171],[-88.361,39.171],[-88.362,38.911],[-88.694,38.915],[-88.807,38.912],[-88.805,39.216]]]},"properties":{"fips":"17049","name":"Effingham","st":"IL","sites":1,"pop":12384,"trend":-0.036,"weeks":[{"w":"2026-09-19","t":null,"n":0},{"w":"2026-09-12","t":-0.036,"n":1},{"w":"2026-09-05","t":0.15,"n":1},{"w":"2026-08-29","t":1.724,"n":1},{"w":"2026-08-22","t":0.055,"n":1},{"w":"2026-08-15","t":-1.664,"n":1},{"w":"2026-08-08","t":1.654,"n":1},{"w":"2026-08-01","t":2.0,"n":1}]}},{"type":"Feature","geometry":{"type":"Polygon","coordinates":[[[-90.615,39.142],[-90.591,39.199],[-90.614,39.395],[-90.611,39.457],[-90.581,39.522],[-90.302,39.52],[-90.154,39.52],[-90.148,39.262],[-90.314,39.225],[-90.313,39.174],[-90.581,39.185],[-90.604,39.118],[-90.615,39.142]]]},"properties":{"fips":"17061","name":"Greene","st":"IL","sites":1,"pop":3064,"trend":-2.0,"weeks":[{"w":"2026-09-19","t":null,"n":0},{"w":"2026-09-12","t":-2.0,"n":1},{"w":"2026-09-05","t":0.647,"n":1},{"w":"2026-08-29","t":2.0,"n":1},{"w":"2026-08-22","t":1.462,"n":1},{"w":"2026-08-15","t":1.854,"n":1},{"w":"2026-08-08","t":1.854,"n":1},{"w":"2026-08-01","t":0.0,"n":1}]}},{"type":"Feature","geometry":{"type":"Polygon","coordinates":[[[-88.132,40.998],[-87.526,41.01],[-87.526,40.896],[-87.526,40.737],[-87.526,40.535],[-87.527,40.491],[-87.935,40.486],[-88.118,40.488],[-88.118,40.517],[-88.132,40.998]]]},"properties":{"fips":"17075","name":"Iroquois","st":"IL","sites":1,"pop":4700,"trend":-0.325,"weeks":[{"w":"2026-09-19","t":null,"n":0},{"w":"2026-09-12","t":-0.325,"n":1},{"w":"2026-09-05","t":2.0,"n":1},{"w":"2026-08-29","t":null,"n":0},{"w":"2026-08-22","t":null,"n":0},{"w":"2026-08-15","t":null,"n":0},{"w":"2026-08-08","t":null,"n":0},{"w":"2026-08-01","t":1.833,"n":1}]}},{"type":"Feature","geometry":{"type":"Polygon","coordinates":[[[-90.643,42.508],[-90.437,42.507],[-90.426,42.507],[-90.223,42.508],[-89.926,42.506],[-89.926,42.506],[-89.92,42.197],[-90.315,42.194],[-90.338,42.203],[-90.401,42.239],[-90.431,42.278],[-90.417,42.32],[-90.446,42.357],[-90.484,42.382],[-90.518,42.403],[-90.565,42.439],[-90.59,42.447],[-90.647,42.472],[-90.643,42.508]]]},"properties":{"fips":"17085","name":"Jo Daviess","st":"IL","sites":1,"pop":3460,"trend":-2.0,"weeks":[{"w":"2026-09-19","t":null,"n":0},{"w":"2026-09-12","t":-2.0,"n":1},{"w":"2026-09-05","t":0.255,"n":1},{"w":"2026-08-29","t":2.0,"n":1},{"w":"2026-08-22","t":2.0,"n":1},{"w":"2026-08-15","t":0.043,"n":1},{"w":"2026-08-08","t":1.827,"n":1},{"w":"2026-08-01","t":1.827,"n":1}]}},{"type":"Feature","geometry":{"type":"Polygon","coordinates":[[[-88.602,42.018],[-88.588,42.066],[-88.589,42.154],[-88.394,42.154],[-88.354,42.154],[-88.258,42.154],[-88.238,42.154],[-88.238,42.092],[-88.264,42.067],[-88.263,42.015],[-88.263,41.986],[-88.262,41.899],[-88.262,41.883],[-88.263,41.812],[-88.263,41.812],[-88.262,41.725],[-88.375,41.723],[-88.404,41.722],[-88.602,41.72],[-88.602,42.018]]]},"properties":{"fips":"17089","name":"Kane","st":"IL","sites":4,"pop":224847,"trend":0.352,"weeks":[{"w":"2026-09-19","t":null,"n":0},{"w":"2026-09-12","t":0.352,"n":2},{"w":"2026-09-05","t":-0.038,"n":2},{"w":"2026-08-29","t":0.477,"n":3},{"w":"2026-08-22","t":0.491,"n":3},{"w":"2026-08-15","t":-0.334,"n":3},{"w":"2026-08-08","t":0.926,"n":3},{"w":"2026-08-01","t":1.594,"n":3}]}},{"type":"Feature","geometry":{"type":"Polygon","coordinates":[[[-88.252,41.114],[-88.241,41.129],[-88.244,41.202],[-88.012,41.206],[-88.014,41.292],[-87.527,41.298],[-87.527,41.166],[-87.527,41.025],[-87.526,41.01],[-88.132,40.998],[-88.247,40.995],[-88.252,41.114]]]},"properties":{"fips":"17091","name":"Kankakee","st":"IL","sites":1,"pop":56317,"trend":-2.0,"weeks":[{"w":"2026-09-19","t":null,"n":0},{"w":"2026-09-12","t":null,"n":0},{"w":"2026-09-05","t":-2.0,"n":1},{"w":"2026-08-29","t":-0.31,"n":1},{"w":"2026-08-22","t":2.0,"n":1},{"w":"2026-08-15","t":0.335,"n":1},{"w":"2026-08-08","t":1.83,"n":1},{"w":"2026-08-01","t":-0.035,"n":1}]}},{"type":"Feature","geometry":{"type":"Polygon","coordinates":[[[-88.602,41.72],[-88.404,41.722],[-88.375,41.723],[-88.262,41.725],[-88.261,41.725],[-88.261,41.696],[-88.257,41.593],[-88.254,41.521],[-88.252,41.463],[-88.596,41.457],[-88.602,41.631],[-88.602,41.72]]]},"properties":{"fips":"17093","name":"Kendall","st":"IL","sites":2,"pop":309000,"trend":-0.181,"weeks":[{"w":"2026-09-19","t":-0.181,"n":1},{"w":"2026-09-12","t":0.425,"n":1},{"w":"2026-09-05","t":0.812,"n":2},{"w":"2026-08-29","t":0.133,"n":2},{"w":"2026-08-22","t":-0.503,"n":2},{"w":"2026-08-15","t":-0.159,"n":2},{"w":"2026-08-08","t":0.236,"n":2},{"w":"2026-08-01","t":1.888,"n":2}]}},{"type":"Feature","geometry":{"type":"Polygon","coordinates":[[[-90.439,41.064],[-90.438,41.151],[-89.985,41.149],[-89.985,40.974],[-89.986,40.712],[-90.444,40.715],[-90.439,41.064]]]},"properties":{"fips":"17095","name":"Knox","st":"IL","sites":1,"pop":39153,"trend":null,"weeks":[{"w":"2026-09-19","t":null,"n":0},{"w":"2026-09-12","t":null,"n":0},{"w":"2026-09-05","t":null,"n":0},{"w":"2026-08-29","t":null,"n":0},{"w":"2026-08-22","t":null,"n":0},{"w":"2026-08-15","t":null,"n":0},{"w":"2026-08-08","t":null,"n":0},{"w":"2026-08-01","t":null,"n":0}]}},{"type":"Feature","geometry":{"type":"Polygon","coordinates":[[[-88.198,42.242],[-88.198,42.242],[-88.199,42.329],[-88.199,42.416],[-88.199,42.496],[-87.898,42.493],[-87.8,42.492],[-87.803,42.421],[-87.821,42.362],[-87.835,42.302],[-87.833,42.298],[-87.801,42.21],[-87.8,42.208],[-87.759,42.152],[-87.946,42.153],[-88.004,42.154],[-88.024,42.154],[-88.2,42.154],[-88.198,42.242]]]},"properties":{"fips":"17097","name":"Lake","st":"IL","sites":4,"pop":367572,"trend":1.546,"weeks":[{"w":"2026-09-19","t":null,"n":0},{"w":"2026-09-12","t":1.546,"n":3},{"w":"2026-09-05","t":0.062,"n":3},{"w":"2026-08-29","t":-0.947,"n":2},{"w":"2026-08-22","t":0.952,"n":2},{"w":"2026-08-15","t":-0.403,"n":2},{"w":"2026-08-08","t":-0.836,"n":2},{"w":"2026-08-01","t":1.155,"n":2}]}},{"type":"Feature","geometry":{"type":"Polygon","coordinates":[[[-89.167,41.629],[-88.939,41.628],[-88.818,41.631],[-88.712,41.63],[-88.602,41.631],[-88.596,41.457],[-88.586,41.108],[-88.931,41.106],[-88.931,40.928],[-89.048,40.926],[-89.047,41.105],[-89.162,41.104],[-89.164,41.31],[-89.167,41.585],[-89.167,41.629]]]},"properties":{"fips":"17099","name":"LaSalle","st":"IL","sites":1,"pop":18768,"trend":-1.77,"weeks":[{"w":"2026-09-19","t":null,"n":0},{"w":"2026-09-12","t":-1.77,"n":1},{"w":"2026-09-05","t":0.374,"n":1},{"w":"2026-08-29","t":0.117,"n":1},{"w":"2026-08-22","t":1.848,"n":1},{"w":"2026-08-15","t":2.0,"n":1},{"w":"2026-08-08","t":1.876,"n":1},{"w":"2026-08-01","t":0.0,"n":1}]}},{"type":"Feature","geometry":{"type":"Polygon","coordinates":[[[-89.629,41.902],[-89.422,41.905],[-89.415,41.886],[-88.941,41.892],[-88.939,41.628],[-89.167,41.629],[-89.167,41.585],[-89.631,41.585],[-89.629,41.902]]]},"properties":{"fips":"17103","name":"Lee","st":"IL","sites":1,"pop":15115,"trend":-2.0,"weeks":[{"w":"2026-09-19","t":null,"n":0},{"w":"2026-09-12","t":-2.0,"n":1},{"w":"2026-09-05","t":-2.0,"n":1},{"w":"2026-08-29","t":1.749,"n":1},{"w":"2026-08-22","t":2.0,"n":1},{"w":"2026-08-15","t":-1.302,"n":1},{"w":"2026-08-08","t":0.0,"n":1},{"w":"2026-08-01","t":1.796,"n":1}]}},{"type":"Feature","geometry":{"type":"Polygon","coordinates":[[[-90.904,40.639],[-90.79,40.636],[-90.446,40.628],[-90.45,40.276],[-90.91,40.284],[-90.904,40.639]]]},"properties":{"fips":"17109","name":"McDonough","st":"IL","sites":1,"pop":15052,"trend":-1.856,"weeks":[{"w":"2026-09-19","t":null,"n":0},{"w":"2026-09-12","t":-1.856,"n":1},{"w":"2026-09-05","t":-0.152,"n":1},{"w":"2026-08-29","t":-2.0,"n":1},{"w":"2026-08-22","t":-0.087,"n":1},{"w":"2026-08-15","t":2.0,"n":1},{"w":"2026-08-08","t":0.021,"n":1},{"w":"2026-08-01","t":2.0,"n":1}]}},{"type":"Feature","geometry":{"type":"Polygon","coordinates":[[[-88.707,42.494],[-88.507,42.495],[-88.305,42.496],[-88.217,42.496],[-88.199,42.496],[-88.199,42.416],[-88.199,42.329],[-88.198,42.242],[-88.198,42.242],[-88.2,42.154],[-88.238,42.154],[-88.258,42.154],[-88.354,42.154],[-88.394,42.154],[-88.589,42.154],[-88.706,42.154],[-88.707,42.494],[-88.707,42.494]]]},"properties":{"fips":"17111","name":"McHenry","st":"IL","sites":5,"pop":82387,"trend":-1.811,"weeks":[{"w":"2026-09-19","t":null,"n":0},{"w":"2026-09-12","t":-1.811,"n":2},{"w":"2026-09-05","t":0.425,"n":5},{"w":"2026-08-29","t":0.812,"n":5},{"w":"2026-08-22","t":0.39,"n":4},{"w":"2026-08-15","t":-1.55,"n":3},{"w":"2026-08-08","t":1.546,"n":3},{"w":"2026-08-01","t":2.0,"n":3}]}},{"type":"Feature","geometry":{"type":"Polygon","coordinates":[[[-89.218,39.917],[-89.143,39.918],[-89.145,40.049],[-88.745,40.055],[-88.746,39.792],[-88.813,39.74],[-88.811,39.653],[-89.026,39.654],[-89.139,39.655],[-89.142,39.801],[-89.217,39.814],[-89.218,39.917]]]},"properties":{"fips":"17115","name":"Macon","st":"IL","sites":1,"pop":88500,"trend":0.0,"weeks":[{"w":"2026-09-19","t":null,"n":0},{"w":"2026-09-12","t":null,"n":0},{"w":"2026-09-05","t":0.0,"n":1},{"w":"2026-08-29","t":0.0,"n":1},{"w":"2026-08-22","t":0.0,"n":1},{"w":"2026-08-15","t":null,"n":0},{"w":"2026-08-08","t":null,"n":0},{"w":"2026-08-01","t":null,"n":0}]}},{"type":"Feature","geometry":{"type":"Polygon","coordinates":[[[-90.154,39.52],[-89.926,39.522],[-89.702,39.523],[-89.699,38.999],[-90.146,38.999],[-90.148,39.262],[-90.154,39.52]]]},"properties":{"fips":"17117","name":"Macoupin","st":"IL","sites":1,"pop":4480,"trend":0.239,"weeks":[{"w":"2026-09-19","t":null,"n":0},{"w":"2026-09-12","t":null,"n":0},{"w":"2026-09-05","t":0.239,"n":1},{"w":"2026-08-29","t":null,"n":0},{"w":"2026-08-22","t":null,"n":0},{"w":"2026-08-15","t":null,"n":0},{"w":"2026-08-08","t":null,"n":0},{"w":"2026-08-01","t":1.841,"n":1}]}},{"type":"Feature","geometry":{"type":"Polygon","coordinates":[[[-90.274,38.999],[-90.146,38.999],[-89.699,38.999],[-89.639,38.999],[-89.637,38.918],[-89.638,38.918],[-89.6,38.875],[-89.597,38.743],[-89.595,38.656],[-89.707,38.655],[-90.038,38.658],[-90.181,38.66],[-90.195,38.688],[-90.21,38.726],[-90.166,38.773],[-90.166,38.773],[-90.118,38.806],[-90.113,38.849],[-90.207,38.899],[-90.23,38.911],[-90.276,38.919],[-90.274,38.999]]]},"properties":{"fips":"17119","name":"Madison","st":"IL","sites":1,"pop":26000,"trend":0.462,"weeks":[{"w":"2026-09-19","t":null,"n":0},{"w":"2026-09-12","t":0.462,"n":1},{"w":"2026-09-05","t":null,"n":0},{"w":"2026-08-29","t":null,"n":0},{"w":"2026-08-22","t":null,"n":0},{"w":"2026-08-15","t":null,"n":0},{"w":"2026-08-08","t":null,"n":0},{"w":"2026-08-01","t":0.455,"n":1}]}},{"type":"Feature","geometry":{"type":"Polygon","coordinates":[[[-89.144,38.503],[-89.138,38.736],[-89.138,38.824],[-88.695,38.826],[-88.698,38.606],[-88.699,38.475],[-89.144,38.474],[-89.144,38.503]]]},"properties":{"fips":"17121","name":"Marion","st":"IL","sites":1,"pop":15738,"trend":0.554,"weeks":[{"w":"2026-09-19","t":null,"n":0},{"w":"2026-09-12","t":null,"n":0},{"w":"2026-09-05","t":null,"n":0},{"w":"2026-08-29","t":null,"n":0},{"w":"2026-08-22","t":0.554,"n":1},{"w":"2026-08-15","t":1.868,"n":1},{"w":"2026-08-08","t":1.868,"n":1},{"w":"2026-08-01","t":null,"n":0}]}},{"type":"Feature","geometry":{"type":"Polygon","coordinates":[[[-90.571,39.839],[-90.584,39.877],[-89.994,39.873],[-89.994,39.785],[-89.926,39.522],[-90.154,39.52],[-90.302,39.52],[-90.301,39.637],[-90.373,39.666],[-90.371,39.753],[-90.483,39.789],[-90.599,39.79],[-90.571,39.839]]]},"properties":{"fips":"17137","name":"Morgan","st":"IL","sites":1,"pop":23818,"trend":null,"weeks":[{"w":"2026-09-19","t":null,"n":0},{"w":"2026-09-12","t":null,"n":0},{"w":"2026-09-05","t":null,"n":0},{"w":"2026-08-29","t":null,"n":0},{"w":"2026-08-22","t":null,"n":0},{"w":"2026-08-15","t":null,"n":0},{"w":"2026-08-08","t":null,"n":0},{"w":"2026-08-01","t":null,"n":0}]}},{"type":"Feature","geometry":{"type":"Polygon","coordinates":[[[-89.986,40.712],[-89.985,40.974],[-89.639,40.974],[-89.448,40.973],[-89.473,40.921],[-89.561,40.794],[-89.553,40.748],[-89.552,40.706],[-89.592,40.685],[-89.674,40.555],[-89.771,40.553],[-89.872,40.513],[-89.874,40.625],[-89.989,40.626],[-89.986,40.712]]]},"properties":{"fips":"17143","name":"Peoria","st":"IL","sites":1,"pop":131000,"trend":2.0,"weeks":[{"w":"2026-09-19","t":null,"n":0},{"w":"2026-09-12","t":2.0,"n":1},{"w":"2026-09-05","t":2.0,"n":1},{"w":"2026-08-29","t":-2.0,"n":1},{"w":"2026-08-22","t":-2.0,"n":1},{"w":"2026-08-15","t":1.875,"n":1},{"w":"2026-08-08","t":2.0,"n":1},{"w":"2026-08-01","t":1.857,"n":1}]}},{"type":"Feature","geometry":{"type":"Polygon","coordinates":[[[-90.204,38.087],[-90.036,38.136],[-90.036,38.223],[-89.899,38.221],[-89.703,38.219],[-89.593,38.219],[-89.595,37.955],[-89.664,37.829],[-89.687,37.796],[-89.697,37.814],[-89.782,37.855],[-89.851,37.904],[-89.923,37.871],[-89.933,37.88],[-89.974,37.919],[-89.955,37.967],[-90.008,37.97],[-90.081,38.015],[-90.126,38.051],[-90.204,38.087]]]},"properties":{"fips":"17157","name":"Randolph","st":"IL","sites":1,"pop":6814,"trend":1.854,"weeks":[{"w":"2026-09-19","t":null,"n":0},{"w":"2026-09-12","t":null,"n":0},{"w":"2026-09-05","t":null,"n":0},{"w":"2026-08-29","t":null,"n":0},{"w":"2026-08-22","t":1.854,"n":1},{"w":"2026-08-15","t":0.0,"n":1},{"w":"2026-08-08","t":0.0,"n":1},{"w":"2026-08-01","t":0.0,"n":1}]}},{"type":"Feature","geometry":{"type":"Polygon","coordinates":[[[-91.072,41.34],[-91.065,41.369],[-91.028,41.424],[-90.967,41.43],[-90.924,41.423],[-90.867,41.448],[-90.786,41.453],[-90.701,41.455],[-90.619,41.485],[-90.571,41.516],[-90.513,41.52],[-90.461,41.524],[-90.416,41.563],[-90.364,41.58],[-90.34,41.599],[-90.337,41.665],[-90.315,41.695],[-90.312,41.729],[-90.311,41.742],[-90.249,41.78],[-90.242,41.783],[-90.23,41.675],[-90.161,41.644],[-90.186,41.585],[-90.197,41.54],[-90.333,41.514],[-90.432,41.457],[-90.434,41.327],[-91.074,41.334],[-91.072,41.34]]]},"properties":{"fips":"17161","name":"Rock Island","st":"IL","sites":2,"pop":68970,"trend":-0.025,"weeks":[{"w":"2026-09-19","t":null,"n":0},{"w":"2026-09-12","t":-0.025,"n":1},{"w":"2026-09-05","t":0.01,"n":2},{"w":"2026-08-29","t":-0.82,"n":2},{"w":"2026-08-22","t":0.063,"n":2},{"w":"2026-08-15","t":0.592,"n":2},{"w":"2026-08-08","t":1.162,"n":2},{"w":"2026-08-01","t":-1.881,"n":1}]}},{"type":"Feature","geometry":{"type":"Polygon","coordinates":[[[-90.255,38.531],[-90.249,38.545],[-90.185,38.612],[-90.181,38.66],[-90.181,38.66],[-90.038,38.658],[-89.707,38.655],[-89.704,38.416],[-89.703,38.219],[-89.899,38.221],[-89.901,38.288],[-90.036,38.309],[-90.145,38.427],[-90.261,38.518],[-90.255,38.531]]]},"properties":{"fips":"17163","name":"St. Clair","st":"IL","sites":4,"pop":170182,"trend":1.854,"weeks":[{"w":"2026-09-19","t":1.854,"n":1},{"w":"2026-09-12","t":1.838,"n":1},{"w":"2026-09-05","t":-0.934,"n":4},{"w":"2026-08-29","t":-0.103,"n":4},{"w":"2026-08-22","t":0.848,"n":3},{"w":"2026-08-15","t":1.175,"n":3},{"w":"2026-08-08","t":0.726,"n":3},{"w":"2026-08-01","t":0.726,"n":3}]}},{"type":"Feature","geometry":{"type":"Polygon","coordinates":[[[-89.995,39.902],[-89.769,39.902],[-89.702,39.917],[-89.698,39.975],[-89.578,39.976],[-89.484,39.977],[-89.405,39.918],[-89.218,39.917],[-89.217,39.814],[-89.247,39.826],[-89.303,39.776],[-89.426,39.748],[-89.425,39.684],[-89.479,39.684],[-89.478,39.641],[-89.535,39.641],[-89.535,39.612],[-89.534,39.525],[-89.702,39.523],[-89.926,39.522],[-89.994,39.785],[-89.994,39.873],[-89.995,39.902]]]},"properties":{"fips":"17167","name":"Sangamon","st":"IL","sites":2,"pop":152000,"trend":-0.057,"weeks":[{"w":"2026-09-19","t":-0.057,"n":1},{"w":"2026-09-12","t":0.967,"n":2},{"w":"2026-09-05","t":0.944,"n":2},{"w":"2026-08-29","t":0.147,"n":2},{"w":"2026-08-22","t":1.303,"n":2},{"w":"2026-08-15","t":-0.01,"n":2},{"w":"2026-08-08","t":-0.584,"n":2},{"w":"2026-08-01","t":1.994,"n":2}]}},{"type":"Feature","geometry":{"type":"Polygon","coordinates":[[[-89.14,39.349],[-89.025,39.346],[-89.026,39.654],[-88.811,39.653],[-88.809,39.58],[-88.717,39.579],[-88.717,39.521],[-88.641,39.521],[-88.584,39.448],[-88.471,39.447],[-88.471,39.375],[-88.471,39.215],[-88.805,39.216],[-89.028,39.215],[-89.139,39.218],[-89.14,39.349]]]},"properties":{"fips":"17173","name":"Shelby","st":"IL","sites":1,"pop":5329,"trend":2.0,"weeks":[{"w":"2026-09-19","t":null,"n":0},{"w":"2026-09-12","t":2.0,"n":1},{"w":"2026-09-05","t":2.0,"n":1},{"w":"2026-08-29","t":0.0,"n":1},{"w":"2026-08-22","t":0.0,"n":1},{"w":"2026-08-15","t":0.0,"n":1},{"w":"2026-08-08","t":0.0,"n":1},{"w":"2026-08-01","t":0.0,"n":1}]}},{"type":"Feature","geometry":{"type":"Polygon","coordinates":[[[-89.926,42.506],[-89.838,42.505],[-89.493,42.502],[-89.401,42.5],[-89.398,42.307],[-89.396,42.202],[-89.688,42.199],[-89.92,42.197],[-89.926,42.506]]]},"properties":{"fips":"17177","name":"Stephenson","st":"IL","sites":1,"pop":23650,"trend":2.0,"weeks":[{"w":"2026-09-19","t":null,"n":0},{"w":"2026-09-12","t":null,"n":0},{"w":"2026-09-05","t":2.0,"n":1},{"w":"2026-08-29","t":2.0,"n":1},{"w":"2026-08-22","t":0.508,"n":1},{"w":"2026-08-15","t":1.858,"n":1},{"w":"2026-08-08","t":1.858,"n":1},{"w":"2026-08-01","t":-2.0,"n":1}]}},{"type":"Feature","geometry":{"type":"Polygon","coordinates":[[[-89.885,40.492],[-89.872,40.513],[-89.771,40.553],[-89.674,40.555],[-89.592,40.685],[-89.552,40.706],[-89.553,40.748],[-89.33,40.748],[-89.327,40.616],[-89.269,40.594],[-89.264,40.325],[-89.603,40.32],[-89.715,40.319],[-89.717,40.436],[-89.925,40.436],[-89.885,40.492]]]},"properties":{"fips":"17179","name":"Tazewell","st":"IL","sites":1,"pop":32540,"trend":-1.836,"weeks":[{"w":"2026-09-19","t":null,"n":0},{"w":"2026-09-12","t":null,"n":0},{"w":"2026-09-05","t":null,"n":0},{"w":"2026-08-29","t":null,"n":0},{"w":"2026-08-22","t":null,"n":0},{"w":"2026-08-15","t":-1.836,"n":1},{"w":"2026-08-08","t":1.836,"n":1},{"w":"2026-08-01","t":-0.028,"n":1}]}},{"type":"Feature","geometry":{"type":"Polygon","coordinates":[[[-87.942,40.225],[-87.932,40.399],[-87.935,40.486],[-87.527,40.491],[-87.527,40.477],[-87.53,40.251],[-87.531,40.148],[-87.532,40.012],[-87.532,39.883],[-87.558,39.869],[-87.615,39.882],[-87.938,39.88],[-87.942,40.225]]]},"properties":{"fips":"17183","name":"Vermilion","st":"IL","sites":1,"pop":30479,"trend":0.449,"weeks":[{"w":"2026-09-19","t":null,"n":0},{"w":"2026-09-12","t":0.449,"n":1},{"w":"2026-09-05","t":null,"n":0},{"w":"2026-08-29","t":null,"n":0},{"w":"2026-08-22","t":null,"n":0},{"w":"2026-08-15","t":null,"n":0},{"w":"2026-08-08","t":0.0,"n":1},{"w":"2026-08-01","t":null,"n":0}]}},{"type":"Feature","geometry":{"type":"Polygon","coordinates":[[[-87.991,38.26],[-87.951,38.291],[-87.977,38.377],[-87.942,38.461],[-87.955,38.57],[-87.912,38.57],[-87.648,38.567],[-87.661,38.541],[-87.654,38.512],[-87.714,38.48],[-87.741,38.436],[-87.751,38.419],[-87.78,38.371],[-87.832,38.307],[-87.909,38.269],[-87.969,38.237],[-87.991,38.26]]]},"properties":{"fips":"17185","name":"Wabash","st":"IL","sites":1,"pop":7800,"trend":-2.0,"weeks":[{"w":"2026-09-19","t":null,"n":0},{"w":"2026-09-12","t":null,"n":0},{"w":"2026-09-05","t":-2.0,"n":1},{"w":"2026-08-29","t":-2.0,"n":1},{"w":"2026-08-22","t":1.915,"n":1},{"w":"2026-08-15","t":2.0,"n":1},{"w":"2026-08-08","t":2.0,"n":1},{"w":"2026-08-01","t":-1.868,"n":1}]}},{"type":"Feature","geometry":{"type":"Polygon","coordinates":[[[-90.785,41.069],[-90.439,41.064],[-90.444,40.715],[-90.446,40.628],[-90.79,40.636],[-90.785,41.069]]]},"properties":{"fips":"17187","name":"Warren","st":"IL","sites":1,"pop":10836,"trend":2.0,"weeks":[{"w":"2026-09-19","t":null,"n":0},{"w":"2026-09-12","t":2.0,"n":1},{"w":"2026-09-05","t":null,"n":0},{"w":"2026-08-29","t":null,"n":0},{"w":"2026-08-22","t":null,"n":0},{"w":"2026-08-15","t":null,"n":0},{"w":"2026-08-08","t":null,"n":0},{"w":"2026-08-01","t":null,"n":0}]}},{"type":"Feature","geometry":{"type":"Polygon","coordinates":[[[-89.704,38.416],[-89.572,38.483],[-89.482,38.469],[-89.351,38.519],[-89.144,38.503],[-89.144,38.474],[-89.148,38.213],[-89.593,38.219],[-89.703,38.219],[-89.704,38.416]]]},"properties":{"fips":"17189","name":"Washington","st":"IL","sites":1,"pop":3425,"trend":1.767,"weeks":[{"w":"2026-09-19","t":null,"n":0},{"w":"2026-09-12","t":1.767,"n":1},{"w":"2026-09-05","t":-1.948,"n":1},{"w":"2026-08-29","t":-1.765,"n":1},{"w":"2026-08-22","t":-0.577,"n":1},{"w":"2026-08-15","t":-0.486,"n":1},{"w":"2026-08-08","t":2.0,"n":1},{"w":"2026-08-01","t":2.0,"n":1}]}},{"type":"Feature","geometry":{"type":"Polygon","coordinates":[[[-90.242,41.783],[-90.181,41.812],[-90.181,41.845],[-90.165,41.884],[-90.158,41.93],[-90.128,41.929],[-89.685,41.93],[-89.629,41.902],[-89.631,41.585],[-89.862,41.584],[-90.186,41.585],[-90.161,41.644],[-90.23,41.675],[-90.242,41.783]]]},"properties":{"fips":"17195","name":"Whiteside","st":"IL","sites":1,"pop":18678,"trend":-0.17,"weeks":[{"w":"2026-09-19","t":null,"n":0},{"w":"2026-09-12","t":null,"n":0},{"w":"2026-09-05","t":-0.17,"n":1},{"w":"2026-08-29","t":2.0,"n":1},{"w":"2026-08-22","t":2.0,"n":1},{"w":"2026-08-15","t":-2.0,"n":1},{"w":"2026-08-08","t":-2.0,"n":1},{"w":"2026-08-01","t":null,"n":0}]}},{"type":"Feature","geometry":{"type":"Polygon","coordinates":[[[-88.261,41.725],[-88.148,41.726],[-88.03,41.729],[-88.029,41.685],[-88.029,41.67],[-87.912,41.644],[-87.909,41.557],[-87.812,41.558],[-87.79,41.528],[-87.787,41.47],[-87.525,41.47],[-87.527,41.298],[-87.527,41.298],[-88.014,41.292],[-88.012,41.206],[-88.244,41.202],[-88.252,41.463],[-88.252,41.463],[-88.254,41.521],[-88.257,41.593],[-88.261,41.696],[-88.261,41.725]]]},"properties":{"fips":"17197","name":"Will","st":"IL","sites":1,"pop":50458,"trend":0.161,"weeks":[{"w":"2026-09-19","t":null,"n":0},{"w":"2026-09-12","t":null,"n":0},{"w":"2026-09-05","t":0.161,"n":1},{"w":"2026-08-29","t":0.104,"n":1},{"w":"2026-08-22","t":0.453,"n":1},{"w":"2026-08-15","t":0.129,"n":1},{"w":"2026-08-08","t":-0.166,"n":1},{"w":"2026-08-01","t":1.953,"n":1}]}},{"type":"Feature","geometry":{"type":"Polygon","coordinates":[[[-89.151,37.862],[-88.707,37.863],[-88.709,37.599],[-89.041,37.597],[-89.154,37.6],[-89.151,37.862]]]},"properties":{"fips":"17199","name":"Williamson","st":"IL","sites":2,"pop":29500,"trend":-0.414,"weeks":[{"w":"2026-09-19","t":null,"n":0},{"w":"2026-09-12","t":-0.414,"n":1},{"w":"2026-09-05","t":-0.554,"n":1},{"w":"2026-08-29","t":1.319,"n":2},{"w":"2026-08-22","t":-0.746,"n":2},{"w":"2026-08-15","t":-0.305,"n":2},{"w":"2026-08-08","t":2.0,"n":2},{"w":"2026-08-01","t":2.0,"n":2}]}},{"type":"Feature","geometry":{"type":"Polygon","coordinates":[[[-89.401,42.5],[-89.366,42.5],[-89.043,42.496],[-88.993,42.496],[-88.94,42.495],[-88.94,42.152],[-89.092,42.151],[-89.173,42.15],[-89.173,42.204],[-89.396,42.202],[-89.398,42.307],[-89.401,42.5]]]},"properties":{"fips":"17201","name":"Winnebago","st":"IL","sites":1,"pop":353599,"trend":0.23,"weeks":[{"w":"2026-09-19","t":0.23,"n":1},{"w":"2026-09-12","t":0.312,"n":1},{"w":"2026-09-05","t":0.148,"n":1},{"w":"2026-08-29","t":0.034,"n":1},{"w":"2026-08-22","t":0.38,"n":1},{"w":"2026-08-15","t":2.0,"n":1},{"w":"2026-08-08","t":0.027,"n":1},{"w":"2026-08-01","t":-1.858,"n":1}]}},{"type":"Feature","geometry":{"type":"Polygon","coordinates":[[[-85.339,41.179],[-85.308,41.264],[-85.192,41.264],[-84.804,41.271],[-84.804,41.253],[-84.803,41.121],[-84.803,40.989],[-84.803,40.923],[-85.074,40.918],[-85.336,40.917],[-85.336,41.005],[-85.339,41.179]]]},"properties":{"fips":"18003","name":"Allen","st":"IN","sites":1,"pop":315000,"trend":0.0,"weeks":[{"w":"2026-09-19","t":null,"n":0},{"w":"2026-09-12","t":0.0,"n":1},{"w":"2026-09-05","t":0.0,"n":1},{"w":"2026-08-29","t":0.0,"n":1},{"w":"2026-08-22","t":0.0,"n":1},{"w":"2026-08-15","t":-2.0,"n":1},{"w":"2026-08-08","t":-2.0,"n":1},{"w":"2026-08-01","t":2.0,"n":1}]}},{"type":"Feature","geometry":{"type":"Polygon","coordinates":[[[-86.086,39.344],[-85.952,39.347],[-85.685,39.35],[-85.687,39.131],[-85.8,39.129],[-85.799,39.069],[-85.861,39.041],[-86.08,39.05],[-86.079,39.08],[-86.086,39.344]]]},"properties":{"fips":"18005","name":"Bartholomew","st":"IN","sites":1,"pop":50000,"trend":-0.101,"weeks":[{"w":"2026-09-19","t":null,"n":0},{"w":"2026-09-12","t":-0.101,"n":1},{"w":"2026-09-05","t":0.0,"n":1},{"w":"2026-08-29","t":2.0,"n":1},{"w":"2026-08-22","t":2.0,"n":1},{"w":"2026-08-15","t":2.0,"n":1},{"w":"2026-08-08","t":-2.0,"n":1},{"w":"2026-08-01","t":null,"n":0}]}},{"type":"Feature","geometry":{"type":"Polygon","coordinates":[[[-85.685,39.35],[-85.631,39.35],[-85.629,39.453],[-85.298,39.453],[-85.297,39.268],[-85.44,39.196],[-85.566,39.133],[-85.687,39.131],[-85.685,39.35]]]},"properties":{"fips":"18031","name":"Decatur","st":"IN","sites":1,"pop":5200,"trend":0.0,"weeks":[{"w":"2026-09-19","t":0.0,"n":1},{"w":"2026-09-12","t":-2.0,"n":1},{"w":"2026-09-05","t":null,"n":0},{"w":"2026-08-29","t":null,"n":0},{"w":"2026-08-22","t":null,"n":0},{"w":"2026-08-15","t":null,"n":0},{"w":"2026-08-08","t":null,"n":0},{"w":"2026-08-01","t":null,"n":0}]}},{"type":"Feature","geometry":{"type":"Polygon","coordinates":[[[-85.579,40.38],[-85.444,40.379],[-85.22,40.379],[-85.219,40.307],[-85.214,40.077],[-85.576,40.077],[-85.579,40.38]]]},"properties":{"fips":"18035","name":"Delaware","st":"IN","sites":1,"pop":67000,"trend":-2.0,"weeks":[{"w":"2026-09-19","t":-2.0,"n":1},{"w":"2026-09-12","t":0.0,"n":1},{"w":"2026-09-05","t":2.0,"n":1},{"w":"2026-08-29","t":0.0,"n":1},{"w":"2026-08-22","t":0.0,"n":1},{"w":"2026-08-15","t":0.0,"n":1},{"w":"2026-08-08","t":0.0,"n":1},{"w":"2026-08-01","t":0.0,"n":1}]}},{"type":"Feature","geometry":{"type":"Polygon","coordinates":[[[-87.072,38.515],[-86.948,38.49],[-86.924,38.505],[-86.886,38.495],[-86.837,38.526],[-86.682,38.526],[-86.681,38.395],[-86.68,38.263],[-86.792,38.249],[-86.791,38.205],[-87.017,38.204],[-87.073,38.233],[-87.072,38.515]]]},"properties":{"fips":"18037","name":"Dubois","st":"IN","sites":1,"pop":16000,"trend":0.301,"weeks":[{"w":"2026-09-19","t":null,"n":0},{"w":"2026-09-12","t":0.301,"n":1},{"w":"2026-09-05","t":-0.08,"n":1},{"w":"2026-08-29","t":-0.171,"n":1},{"w":"2026-08-22","t":2.0,"n":1},{"w":"2026-08-15","t":2.0,"n":1},{"w":"2026-08-08","t":0.0,"n":1},{"w":"2026-08-01","t":0.0,"n":1}]}},{"type":"Feature","geometry":{"type":"Polygon","coordinates":[[[-86.063,41.76],[-85.791,41.759],[-85.791,41.759],[-85.66,41.759],[-85.655,41.523],[-85.654,41.437],[-86.059,41.436],[-86.059,41.479],[-86.063,41.76]]]},"properties":{"fips":"18039","name":"Elkhart","st":"IN","sites":2,"pop":86600,"trend":-0.063,"weeks":[{"w":"2026-09-19","t":null,"n":0},{"w":"2026-09-12","t":-0.063,"n":2},{"w":"2026-09-05","t":-0.076,"n":2},{"w":"2026-08-29","t":2.0,"n":2},{"w":"2026-08-22","t":2.0,"n":2},{"w":"2026-08-15","t":0.0,"n":2},{"w":"2026-08-08","t":0.0,"n":2},{"w":"2026-08-01","t":0.0,"n":2}]}},{"type":"Feature","geometry":{"type":"Polygon","coordinates":[[[-86.243,40.216],[-85.862,40.219],[-85.862,39.944],[-85.938,39.927],[-86.241,39.926],[-86.242,40.181],[-86.243,40.216]]]},"properties":{"fips":"18057","name":"Hamilton","st":"IN","sites":2,"pop":184000,"trend":0.29,"weeks":[{"w":"2026-09-19","t":0.29,"n":1},{"w":"2026-09-12","t":0.273,"n":2},{"w":"2026-09-05","t":0.25,"n":2},{"w":"2026-08-29","t":2.0,"n":2},{"w":"2026-08-22","t":-0.11,"n":2},{"w":"2026-08-15","t":-2.0,"n":2},{"w":"2026-08-08","t":1.245,"n":2},{"w":"2026-08-01","t":2.0,"n":2}]}},{"type":"Feature","geometry":{"type":"Polygon","coordinates":[[[-86.374,40.561],[-86.165,40.563],[-86.013,40.564],[-85.864,40.566],[-85.862,40.407],[-86.061,40.405],[-86.243,40.403],[-86.243,40.374],[-86.309,40.432],[-86.376,40.432],[-86.374,40.561]]]},"properties":{"fips":"18067","name":"Howard","st":"IN","sites":1,"pop":45000,"trend":-2.0,"weeks":[{"w":"2026-09-19","t":-2.0,"n":1},{"w":"2026-09-12","t":2.0,"n":1},{"w":"2026-09-05","t":2.0,"n":1},{"w":"2026-08-29","t":0.0,"n":1},{"w":"2026-08-22","t":0.0,"n":1},{"w":"2026-08-15","t":0.0,"n":1},{"w":"2026-08-08","t":0.0,"n":1},{"w":"2026-08-01","t":0.0,"n":1}]}},{"type":"Feature","geometry":{"type":"Polygon","coordinates":[[[-87.276,41.219],[-87.219,41.242],[-87.131,41.286],[-86.968,41.22],[-86.93,41.237],[-86.93,41.172],[-86.931,40.912],[-86.987,40.912],[-86.986,40.838],[-87.1,40.838],[-87.098,40.737],[-87.267,40.737],[-87.276,41.219]]]},"properties":{"fips":"18073","name":"Jasper","st":"IN","sites":1,"pop":5800,"trend":2.0,"weeks":[{"w":"2026-09-19","t":null,"n":0},{"w":"2026-09-12","t":2.0,"n":1},{"w":"2026-09-05","t":2.0,"n":1},{"w":"2026-08-29","t":0.0,"n":1},{"w":"2026-08-22","t":0.0,"n":1},{"w":"2026-08-15","t":0.0,"n":1},{"w":"2026-08-08","t":0.0,"n":1},{"w":"2026-08-01","t":0.0,"n":1}]}},{"type":"Feature","geometry":{"type":"Polygon","coordinates":[[[-86.078,41.173],[-86.054,41.176],[-86.059,41.436],[-85.654,41.437],[-85.653,41.351],[-85.652,41.295],[-85.653,41.178],[-85.687,41.178],[-85.684,41.047],[-85.796,41.044],[-85.946,41.043],[-86.076,41.085],[-86.078,41.173]]]},"properties":{"fips":"18085","name":"Kosciusko","st":"IN","sites":1,"pop":21600,"trend":-2.0,"weeks":[{"w":"2026-09-19","t":null,"n":0},{"w":"2026-09-12","t":-2.0,"n":1},{"w":"2026-09-05","t":-2.0,"n":1},{"w":"2026-08-29","t":0.119,"n":1},{"w":"2026-08-22","t":2.0,"n":1},{"w":"2026-08-15","t":2.0,"n":1},{"w":"2026-08-08","t":-2.0,"n":1},{"w":"2026-08-01","t":0.0,"n":1}]}},{"type":"Feature","geometry":{"type":"Polygon","coordinates":[[[-87.527,41.298],[-87.525,41.47],[-87.525,41.53],[-87.524,41.708],[-87.471,41.673],[-87.416,41.688],[-87.365,41.63],[-87.262,41.62],[-87.223,41.629],[-87.219,41.242],[-87.276,41.219],[-87.394,41.163],[-87.527,41.166],[-87.527,41.298],[-87.527,41.298]]]},"properties":{"fips":"18089","name":"Lake","st":"IN","sites":2,"pop":228000,"trend":0.0,"weeks":[{"w":"2026-09-19","t":null,"n":0},{"w":"2026-09-12","t":0.0,"n":2},{"w":"2026-09-05","t":0.0,"n":2},{"w":"2026-08-29","t":-1.754,"n":2},{"w":"2026-08-22","t":0.0,"n":2},{"w":"2026-08-15","t":1.754,"n":2},{"w":"2026-08-08","t":0.0,"n":2},{"w":"2026-08-01","t":0.0,"n":2}]}},{"type":"Feature","geometry":{"type":"Polygon","coordinates":[[[-86.683,38.905],[-86.682,38.992],[-86.317,38.991],[-86.28,38.991],[-86.275,38.764],[-86.31,38.733],[-86.309,38.688],[-86.683,38.687],[-86.683,38.905]]]},"properties":{"fips":"18093","name":"Lawrence","st":"IN","sites":1,"pop":12000,"trend":-2.0,"weeks":[{"w":"2026-09-19","t":null,"n":0},{"w":"2026-09-12","t":-2.0,"n":1},{"w":"2026-09-05","t":-2.0,"n":1},{"w":"2026-08-29","t":2.0,"n":1},{"w":"2026-08-22","t":2.0,"n":1},{"w":"2026-08-15","t":0.0,"n":1},{"w":"2026-08-08","t":0.0,"n":1},{"w":"2026-08-01","t":0.0,"n":1}]}},{"type":"Feature","geometry":{"type":"Polygon","coordinates":[[[-86.327,39.823],[-86.325,39.866],[-86.326,39.924],[-86.241,39.926],[-85.938,39.927],[-85.938,39.87],[-85.954,39.856],[-85.952,39.697],[-85.952,39.638],[-86.25,39.634],[-86.326,39.632],[-86.327,39.823]]]},"properties":{"fips":"18097","name":"Marion","st":"IN","sites":1,"pop":800000,"trend":2.0,"weeks":[{"w":"2026-09-19","t":null,"n":0},{"w":"2026-09-12","t":2.0,"n":1},{"w":"2026-09-05","t":2.0,"n":1},{"w":"2026-08-29","t":2.0,"n":1},{"w":"2026-08-22","t":0.0,"n":1},{"w":"2026-08-15","t":0.0,"n":1},{"w":"2026-08-08","t":0.0,"n":1},{"w":"2026-08-01","t":-2.0,"n":1}]}},{"type":"Feature","geometry":{"type":"Polygon","coordinates":[[[-86.686,39.336],[-86.631,39.347],[-86.612,39.34],[-86.381,39.34],[-86.37,39.048],[-86.318,39.049],[-86.317,38.991],[-86.682,38.992],[-86.683,39.166],[-86.686,39.336]]]},"properties":{"fips":"18105","name":"Monroe","st":"IN","sites":2,"pop":95850,"trend":-0.404,"weeks":[{"w":"2026-09-19","t":-0.404,"n":2},{"w":"2026-09-12","t":1.651,"n":2},{"w":"2026-09-05","t":2.0,"n":2},{"w":"2026-08-29","t":0.668,"n":2},{"w":"2026-08-22","t":0.0,"n":2},{"w":"2026-08-15","t":1.408,"n":2},{"w":"2026-08-08","t":-1.408,"n":2},{"w":"2026-08-01","t":0.0,"n":2}]}},{"type":"Feature","geometry":{"type":"Polygon","coordinates":[[[-85.655,41.523],[-85.194,41.526],[-85.192,41.264],[-85.308,41.264],[-85.537,41.266],[-85.652,41.295],[-85.653,41.351],[-85.654,41.437],[-85.655,41.523]]]},"properties":{"fips":"18113","name":"Noble","st":"IN","sites":1,"pop":10000,"trend":0.0,"weeks":[{"w":"2026-09-19","t":0.0,"n":1},{"w":"2026-09-12","t":0.0,"n":1},{"w":"2026-09-05","t":-2.0,"n":1},{"w":"2026-08-29","t":0.0,"n":1},{"w":"2026-08-22","t":2.0,"n":1},{"w":"2026-08-15","t":0.0,"n":1},{"w":"2026-08-08","t":0.0,"n":1},{"w":"2026-08-01","t":0.0,"n":1}]}},{"type":"Feature","geometry":{"type":"Polygon","coordinates":[[[-87.223,41.629],[-87.126,41.65],[-87.028,41.675],[-86.933,41.716],[-86.93,41.237],[-86.968,41.22],[-87.131,41.286],[-87.219,41.242],[-87.223,41.629]]]},"properties":{"fips":"18127","name":"Porter","st":"IN","sites":1,"pop":38882,"trend":2.0,"weeks":[{"w":"2026-09-19","t":null,"n":0},{"w":"2026-09-12","t":2.0,"n":1},{"w":"2026-09-05","t":2.0,"n":1},{"w":"2026-08-29","t":2.0,"n":1},{"w":"2026-08-22","t":0.0,"n":1},{"w":"2026-08-15","t":0.0,"n":1},{"w":"2026-08-08","t":0.0,"n":1},{"w":"2026-08-01","t":0.0,"n":1}]}},{"type":"Feature","geometry":{"type":"Polygon","coordinates":[[[-86.524,41.76],[-86.502,41.76],[-86.226,41.76],[-86.226,41.76],[-86.063,41.76],[-86.059,41.479],[-86.467,41.476],[-86.467,41.433],[-86.525,41.433],[-86.486,41.571],[-86.527,41.65],[-86.524,41.76]]]},"properties":{"fips":"18141","name":"St. Joseph","st":"IN","sites":1,"pop":130000,"trend":-2.0,"weeks":[{"w":"2026-09-19","t":-2.0,"n":1},{"w":"2026-09-12","t":2.0,"n":1},{"w":"2026-09-05","t":2.0,"n":1},{"w":"2026-08-29","t":2.0,"n":1},{"w":"2026-08-22","t":0.0,"n":1},{"w":"2026-08-15","t":0.0,"n":1},{"w":"2026-08-08","t":0.0,"n":1},{"w":"2026-08-01","t":0.0,"n":1}]}},{"type":"Feature","geometry":{"type":"Polygon","coordinates":[[[-87.095,40.563],[-86.771,40.562],[-86.695,40.562],[-86.695,40.432],[-86.696,40.214],[-87.093,40.215],[-87.092,40.367],[-87.094,40.476],[-87.095,40.563]]]},"properties":{"fips":"18157","name":"Tippecanoe","st":"IN","sites":1,"pop":60000,"trend":0.53,"weeks":[{"w":"2026-09-19","t":null,"n":0},{"w":"2026-09-12","t":0.53,"n":1},{"w":"2026-09-05","t":0.665,"n":1},{"w":"2026-08-29","t":-0.191,"n":1},{"w":"2026-08-22","t":-0.336,"n":1},{"w":"2026-08-15","t":2.0,"n":1},{"w":"2026-08-08","t":2.0,"n":1},{"w":"2026-08-01","t":0.192,"n":1}]}},{"type":"Feature","geometry":{"type":"Polygon","coordinates":[[[-87.7,37.899],[-87.688,38.168],[-87.467,38.165],[-87.473,38.035],[-87.449,37.934],[-87.486,37.92],[-87.551,37.925],[-87.608,37.899],[-87.626,37.852],[-87.682,37.856],[-87.713,37.883],[-87.7,37.899]]]},"properties":{"fips":"18163","name":"Vanderburgh","st":"IN","sites":2,"pop":116000,"trend":-0.103,"weeks":[{"w":"2026-09-19","t":null,"n":0},{"w":"2026-09-12","t":-0.103,"n":2},{"w":"2026-09-05","t":0.948,"n":2},{"w":"2026-08-29","t":2.0,"n":2},{"w":"2026-08-22","t":0.0,"n":2},{"w":"2026-08-15","t":0.0,"n":2},{"w":"2026-08-08","t":0.0,"n":2},{"w":"2026-08-01","t":0.0,"n":2}]}},{"type":"Feature","geometry":{"type":"Polygon","coordinates":[[[-87.6,39.313],[-87.578,39.34],[-87.532,39.348],[-87.532,39.469],[-87.532,39.477],[-87.532,39.607],[-87.382,39.608],[-87.199,39.607],[-87.239,39.521],[-87.24,39.259],[-87.595,39.259],[-87.6,39.313]]]},"properties":{"fips":"18167","name":"Vigo","st":"IN","sites":1,"pop":58500,"trend":0.0,"weeks":[{"w":"2026-09-19","t":null,"n":0},{"w":"2026-09-12","t":null,"n":0},{"w":"2026-09-05","t":null,"n":0},{"w":"2026-08-29","t":null,"n":0},{"w":"2026-08-22","t":null,"n":0},{"w":"2026-08-15","t":0.0,"n":1},{"w":"2026-08-08","t":-2.0,"n":1},{"w":"2026-08-01","t":0.0,"n":1}]}},{"type":"Feature","geometry":{"type":"Polygon","coordinates":[[[-85.201,39.874],[-85.201,40.005],[-84.81,40.005],[-84.811,39.917],[-84.814,39.727],[-85.023,39.729],[-85.035,39.715],[-85.185,39.716],[-85.221,39.788],[-85.201,39.874]]]},"properties":{"fips":"18177","name":"Wayne","st":"IN","sites":1,"pop":36000,"trend":0.0,"weeks":[{"w":"2026-09-19","t":null,"n":0},{"w":"2026-09-12","t":0.0,"n":1},{"w":"2026-09-05","t":0.0,"n":1},{"w":"2026-08-29","t":0.0,"n":1},{"w":"2026-08-22","t":0.0,"n":1},{"w":"2026-08-15","t":0.0,"n":1},{"w":"2026-08-08","t":0.0,"n":1},{"w":"2026-08-01","t":0.0,"n":1}]}},{"type":"Feature","geometry":{"type":"Polygon","coordinates":[[[-91.133,42.646],[-90.897,42.646],[-90.897,42.674],[-90.852,42.665],[-90.744,42.646],[-90.701,42.626],[-90.673,42.577],[-90.643,42.508],[-90.647,42.472],[-90.59,42.447],[-90.565,42.439],[-90.518,42.403],[-90.484,42.382],[-90.665,42.382],[-90.666,42.295],[-90.898,42.295],[-91.13,42.296],[-91.133,42.646]]]},"properties":{"fips":"19061","name":"Dubuque","st":"IA","sites":1,"pop":59667,"trend":2.0,"weeks":[{"w":"2026-09-19","t":null,"n":0},{"w":"2026-09-12","t":2.0,"n":1},{"w":"2026-09-05","t":2.0,"n":1},{"w":"2026-08-29","t":0.0,"n":1},{"w":"2026-08-22","t":0.0,"n":1},{"w":"2026-08-15","t":0.0,"n":1},{"w":"2026-08-08","t":0.0,"n":1},{"w":"2026-08-01","t":0.0,"n":1}]}},{"type":"Feature","geometry":{"type":"Polygon","coordinates":[[[-94.915,43.501],[-94.874,43.501],[-94.855,43.501],[-94.443,43.5],[-94.443,43.255],[-94.914,43.255],[-94.915,43.501]]]},"properties":{"fips":"19063","name":"Emmet","st":"IA","sites":1,"pop":5904,"trend":2.0,"weeks":[{"w":"2026-09-19","t":null,"n":0},{"w":"2026-09-12","t":null,"n":0},{"w":"2026-09-05","t":null,"n":0},{"w":"2026-08-29","t":null,"n":0},{"w":"2026-08-22","t":2.0,"n":1},{"w":"2026-08-15","t":2.0,"n":1},{"w":"2026-08-08","t":0.0,"n":1},{"w":"2026-08-01","t":0.0,"n":1}]}},{"type":"Feature","geometry":{"type":"Polygon","coordinates":[[[-91.831,41.862],[-91.366,41.86],[-91.366,41.598],[-91.369,41.423],[-91.484,41.424],[-91.52,41.511],[-91.829,41.511],[-91.831,41.862]]]},"properties":{"fips":"19103","name":"Johnson","st":"IA","sites":1,"pop":74828,"trend":0.143,"weeks":[{"w":"2026-09-19","t":0.143,"n":1},{"w":"2026-09-12","t":0.099,"n":1},{"w":"2026-09-05","t":0.339,"n":1},{"w":"2026-08-29","t":0.667,"n":1},{"w":"2026-08-22","t":0.453,"n":1},{"w":"2026-08-15","t":2.0,"n":1},{"w":"2026-08-08","t":2.0,"n":1},{"w":"2026-08-01","t":-1.592,"n":1}]}},{"type":"Feature","geometry":{"type":"Polygon","coordinates":[[[-91.831,42.299],[-91.597,42.296],[-91.363,42.296],[-91.366,41.947],[-91.366,41.86],[-91.831,41.862],[-91.831,42.299]]]},"properties":{"fips":"19113","name":"Linn","st":"IA","sites":1,"pop":137210,"trend":2.0,"weeks":[{"w":"2026-09-19","t":null,"n":0},{"w":"2026-09-12","t":2.0,"n":1},{"w":"2026-09-05","t":0.0,"n":1},{"w":"2026-08-29","t":0.0,"n":1},{"w":"2026-08-22","t":0.0,"n":1},{"w":"2026-08-15","t":0.0,"n":1},{"w":"2026-08-08","t":null,"n":0},{"w":"2026-08-01","t":null,"n":0}]}},{"type":"Feature","geometry":{"type":"Polygon","coordinates":[[[-93.816,41.863],[-93.698,41.863],[-93.348,41.863],[-93.349,41.601],[-93.329,41.508],[-93.328,41.491],[-93.344,41.482],[-93.414,41.507],[-93.791,41.512],[-93.814,41.6],[-93.816,41.863]]]},"properties":{"fips":"19153","name":"Polk","st":"IA","sites":1,"pop":520000,"trend":2.0,"weeks":[{"w":"2026-09-19","t":null,"n":0},{"w":"2026-09-12","t":2.0,"n":1},{"w":"2026-09-05","t":-2.0,"n":1},{"w":"2026-08-29","t":-2.0,"n":1},{"w":"2026-08-22","t":0.119,"n":1},{"w":"2026-08-15","t":2.0,"n":1},{"w":"2026-08-08","t":-0.052,"n":1},{"w":"2026-08-01","t":-2.0,"n":1}]}},{"type":"Feature","geometry":{"type":"Polygon","coordinates":[[[-90.898,41.771],[-90.676,41.761],[-90.472,41.774],[-90.312,41.729],[-90.315,41.695],[-90.337,41.665],[-90.34,41.599],[-90.364,41.58],[-90.416,41.563],[-90.461,41.524],[-90.513,41.52],[-90.571,41.516],[-90.619,41.485],[-90.701,41.455],[-90.786,41.453],[-90.784,41.597],[-90.9,41.597],[-90.898,41.771]]]},"properties":{"fips":"19163","name":"Scott","st":"IA","sites":1,"pop":141344,"trend":2.0,"weeks":[{"w":"2026-09-19","t":null,"n":0},{"w":"2026-09-12","t":2.0,"n":1},{"w":"2026-09-05","t":0.0,"n":1},{"w":"2026-08-29","t":0.0,"n":1},{"w":"2026-08-22","t":0.0,"n":1},{"w":"2026-08-15","t":0.0,"n":1},{"w":"2026-08-08","t":0.0,"n":1},{"w":"2026-08-01","t":0.0,"n":1}]}},{"type":"Feature","geometry":{"type":"Polygon","coordinates":[[[-93.698,42.209],[-93.463,42.209],[-93.232,42.209],[-93.232,41.863],[-93.348,41.863],[-93.698,41.863],[-93.698,42.209]]]},"properties":{"fips":"19169","name":"Story","st":"IA","sites":1,"pop":66000,"trend":0.33,"weeks":[{"w":"2026-09-19","t":0.33,"n":1},{"w":"2026-09-12","t":0.097,"n":1},{"w":"2026-09-05","t":0.017,"n":1},{"w":"2026-08-29","t":2.0,"n":1},{"w":"2026-08-22","t":2.0,"n":1},{"w":"2026-08-15","t":2.0,"n":1},{"w":"2026-08-08","t":0.0,"n":1},{"w":"2026-08-01","t":0.0,"n":1}]}},{"type":"Feature","geometry":{"type":"Polygon","coordinates":[[[-96.493,42.517],[-96.477,42.556],[-96.48,42.561],[-95.86,42.561],[-95.742,42.561],[-95.742,42.475],[-95.669,42.475],[-95.671,42.211],[-96.337,42.215],[-96.336,42.219],[-96.336,42.265],[-96.352,42.281],[-96.408,42.337],[-96.412,42.411],[-96.381,42.462],[-96.446,42.491],[-96.477,42.51],[-96.493,42.517]]]},"properties":{"fips":"19193","name":"Woodbury","st":"IA","sites":1,"pop":110000,"trend":0.0,"weeks":[{"w":"2026-09-19","t":0.0,"n":1},{"w":"2026-09-12","t":0.0,"n":1},{"w":"2026-09-05","t":0.0,"n":1},{"w":"2026-08-29","t":-1.632,"n":1},{"w":"2026-08-22","t":-2.0,"n":1},{"w":"2026-08-15","t":0.037,"n":1},{"w":"2026-08-08","t":2.0,"n":1},{"w":"2026-08-01","t":1.595,"n":1}]}},{"type":"Feature","geometry":{"type":"Polygon","coordinates":[[[-95.056,38.982],[-94.923,39.003],[-94.909,38.991],[-94.875,39.058],[-94.608,39.044],[-94.608,38.982],[-94.609,38.847],[-94.609,38.741],[-94.609,38.738],[-94.909,38.738],[-95.056,38.739],[-95.056,38.982]]]},"properties":{"fips":"20091","name":"Johnson","st":"KS","sites":5,"pop":426115,"trend":-0.121,"weeks":[{"w":"2026-09-19","t":-0.121,"n":5},{"w":"2026-09-12","t":0.164,"n":5},{"w":"2026-09-05","t":0.024,"n":5},{"w":"2026-08-29","t":-0.001,"n":5},{"w":"2026-08-22","t":0.146,"n":5},{"w":"2026-08-15","t":0.314,"n":5},{"w":"2026-08-08","t":0.246,"n":5},{"w":"2026-08-01","t":-0.027,"n":5}]}},{"type":"Feature","geometry":{"type":"Polygon","coordinates":[[[-95.187,39.044],[-95.18,39.129],[-95.181,39.419],[-94.998,39.419],[-94.966,39.422],[-94.947,39.4],[-94.889,39.392],[-94.908,39.324],[-94.857,39.274],[-94.826,39.242],[-94.8,39.206],[-94.792,39.201],[-94.9,39.203],[-94.909,38.991],[-94.923,39.003],[-95.056,38.982],[-95.186,38.965],[-95.187,39.044]]]},"properties":{"fips":"20103","name":"Leavenworth","st":"KS","sites":1,"pop":36991,"trend":-2.0,"weeks":[{"w":"2026-09-19","t":-2.0,"n":1},{"w":"2026-09-12","t":2.0,"n":1},{"w":"2026-09-05","t":2.0,"n":1},{"w":"2026-08-29","t":-2.0,"n":1},{"w":"2026-08-22","t":0.0,"n":1},{"w":"2026-08-15","t":2.0,"n":1},{"w":"2026-08-08","t":-2.0,"n":1},{"w":"2026-08-01","t":-2.0,"n":1}]}},{"type":"Feature","geometry":{"type":"Polygon","coordinates":[[[-98.473,38.173],[-98.216,38.173],[-98.216,38.159],[-97.922,38.174],[-97.702,38.174],[-97.702,37.911],[-97.699,37.735],[-97.808,37.734],[-98.465,37.733],[-98.465,37.81],[-98.472,37.824],[-98.473,38.173]]]},"properties":{"fips":"20155","name":"Reno","st":"KS","sites":1,"pop":39712,"trend":-2.0,"weeks":[{"w":"2026-09-19","t":-2.0,"n":1},{"w":"2026-09-12","t":-2.0,"n":1},{"w":"2026-09-05","t":2.0,"n":1},{"w":"2026-08-29","t":2.0,"n":1},{"w":"2026-08-22","t":-2.0,"n":1},{"w":"2026-08-15","t":0.0,"n":1},{"w":"2026-08-08","t":2.0,"n":1},{"w":"2026-08-01","t":-2.0,"n":1}]}},{"type":"Feature","geometry":{"type":"Polygon","coordinates":[[[-96.036,39.144],[-96.036,39.217],[-95.589,39.216],[-95.597,39.065],[-95.5,39.057],[-95.501,38.87],[-95.947,38.87],[-95.947,39.099],[-95.994,39.134],[-96.039,39.127],[-96.036,39.144]]]},"properties":{"fips":"20177","name":"Shawnee","st":"KS","sites":2,"pop":135000,"trend":-0.1,"weeks":[{"w":"2026-09-19","t":-0.1,"n":2},{"w":"2026-09-12","t":-0.207,"n":2},{"w":"2026-09-05","t":-0.441,"n":2},{"w":"2026-08-29","t":0.092,"n":2},{"w":"2026-08-22","t":1.424,"n":2},{"w":"2026-08-15","t":0.96,"n":2},{"w":"2026-08-08","t":-0.815,"n":2},{"w":"2026-08-01","t":1.407,"n":2}]}},{"type":"Feature","geometry":{"type":"Polygon","coordinates":[[[-94.9,39.203],[-94.792,39.201],[-94.742,39.17],[-94.68,39.184],[-94.624,39.157],[-94.602,39.156],[-94.592,39.155],[-94.607,39.113],[-94.608,39.044],[-94.875,39.058],[-94.909,38.991],[-94.9,39.203]]]},"properties":{"fips":"20209","name":"Wyandotte","st":"KS","sites":4,"pop":201250,"trend":-0.935,"weeks":[{"w":"2026-09-19","t":null,"n":0},{"w":"2026-09-12","t":-0.935,"n":4},{"w":"2026-09-05","t":-0.326,"n":4},{"w":"2026-08-29","t":0.573,"n":4},{"w":"2026-08-22","t":0.428,"n":4},{"w":"2026-08-15","t":-0.222,"n":4},{"w":"2026-08-08","t":-0.102,"n":4},{"w":"2026-08-01","t":0.86,"n":4}]}},{"type":"Feature","geometry":{"type":"Polygon","coordinates":[[[-86.114,37.061],[-86.074,37.053],[-86.056,37.167],[-85.906,37.148],[-85.744,37.17],[-85.777,37.138],[-85.756,37.11],[-85.739,36.841],[-85.772,36.836],[-85.977,36.723],[-86.07,36.806],[-86.065,36.899],[-86.106,36.865],[-86.167,36.934],[-86.114,37.061]]]},"properties":{"fips":"21009","name":"Barren","st":"KY","sites":1,"pop":3336,"trend":null,"weeks":[{"w":"2026-09-19","t":null,"n":0},{"w":"2026-09-12","t":null,"n":0},{"w":"2026-09-05","t":null,"n":0},{"w":"2026-08-29","t":null,"n":0},{"w":"2026-08-22","t":null,"n":0},{"w":"2026-08-15","t":null,"n":0},{"w":"2026-08-08","t":null,"n":0},{"w":"2026-08-01","t":null,"n":0}]}},{"type":"Feature","geometry":{"type":"Polygon","coordinates":[[[-82.811,38.393],[-82.769,38.434],[-82.664,38.508],[-82.618,38.477],[-82.594,38.422],[-82.596,38.381],[-82.598,38.345],[-82.572,38.316],[-82.582,38.249],[-82.585,38.241],[-82.614,38.266],[-82.794,38.244],[-82.772,38.363],[-82.817,38.374],[-82.811,38.393]]]},"properties":{"fips":"21019","name":"Boyd","st":"KY","sites":1,"pop":21654,"trend":0.618,"weeks":[{"w":"2026-09-19","t":0.618,"n":1},{"w":"2026-09-12","t":2.0,"n":1},{"w":"2026-09-05","t":2.0,"n":1},{"w":"2026-08-29","t":2.0,"n":1},{"w":"2026-08-22","t":0.0,"n":1},{"w":"2026-08-15","t":0.0,"n":1},{"w":"2026-08-08","t":0.0,"n":1},{"w":"2026-08-01","t":0.0,"n":1}]}},{"type":"Feature","geometry":{"type":"Polygon","coordinates":[[[-88.486,36.75],[-88.111,36.747],[-88.08,36.707],[-88.071,36.678],[-88.056,36.63],[-88.034,36.552],[-88.05,36.5],[-88.053,36.5],[-88.127,36.499],[-88.489,36.501],[-88.486,36.75]]]},"properties":{"fips":"21035","name":"Calloway","st":"KY","sites":1,"pop":28837,"trend":0.0,"weeks":[{"w":"2026-09-19","t":null,"n":0},{"w":"2026-09-12","t":null,"n":0},{"w":"2026-09-05","t":null,"n":0},{"w":"2026-08-29","t":null,"n":0},{"w":"2026-08-22","t":null,"n":0},{"w":"2026-08-15","t":0.0,"n":1},{"w":"2026-08-08","t":2.0,"n":1},{"w":"2026-08-01","t":0.0,"n":1}]}},{"type":"Feature","geometry":{"type":"Polygon","coordinates":[[[-83.341,38.32],[-83.231,38.339],[-83.237,38.426],[-83.166,38.504],[-83.052,38.465],[-82.971,38.394],[-82.817,38.374],[-82.772,38.363],[-82.794,38.244],[-82.823,38.208],[-82.925,38.175],[-83.053,38.19],[-83.178,38.267],[-83.244,38.192],[-83.301,38.21],[-83.341,38.32]]]},"properties":{"fips":"21043","name":"Carter","st":"KY","sites":1,"pop":4614,"trend":null,"weeks":[{"w":"2026-09-19","t":null,"n":0},{"w":"2026-09-12","t":null,"n":0},{"w":"2026-09-05","t":null,"n":0},{"w":"2026-08-29","t":null,"n":0},{"w":"2026-08-22","t":null,"n":0},{"w":"2026-08-15","t":null,"n":0},{"w":"2026-08-08","t":null,"n":0},{"w":"2026-08-01","t":null,"n":0}]}},{"type":"Feature","geometry":{"type":"Polygon","coordinates":[[[-87.394,37.724],[-87.272,37.78],[-87.323,37.819],[-87.304,37.893],[-87.27,37.875],[-87.255,37.867],[-87.18,37.841],[-87.138,37.807],[-87.106,37.768],[-87.058,37.827],[-87.043,37.875],[-87.01,37.92],[-86.978,37.926],[-86.987,37.897],[-86.916,37.904],[-86.913,37.837],[-86.854,37.841],[-86.823,37.738],[-86.818,37.674],[-86.949,37.631],[-87.038,37.561],[-87.139,37.576],[-87.409,37.684],[-87.394,37.724]]]},"properties":{"fips":"21059","name":"Daviess","st":"KY","sites":2,"pop":79747,"trend":-0.917,"weeks":[{"w":"2026-09-19","t":-0.917,"n":2},{"w":"2026-09-12","t":-1.226,"n":2},{"w":"2026-09-05","t":2.0,"n":2},{"w":"2026-08-29","t":2.0,"n":2},{"w":"2026-08-22","t":0.159,"n":2},{"w":"2026-08-15","t":-0.918,"n":2},{"w":"2026-08-08","t":-0.165,"n":2},{"w":"2026-08-01","t":0.006,"n":2}]}},{"type":"Feature","geometry":{"type":"Polygon","coordinates":[[[-84.625,38.116],[-84.61,38.134],[-84.402,38.208],[-84.355,38.178],[-84.379,38.111],[-84.286,38.067],[-84.283,38.019],[-84.349,37.899],[-84.337,37.892],[-84.386,37.845],[-84.436,37.847],[-84.48,37.94],[-84.571,37.978],[-84.594,37.987],[-84.66,38.004],[-84.625,38.116]]]},"properties":{"fips":"21067","name":"Fayette","st":"KY","sites":1,"pop":121386,"trend":0.868,"weeks":[{"w":"2026-09-19","t":null,"n":0},{"w":"2026-09-12","t":0.868,"n":1},{"w":"2026-09-05","t":0.737,"n":1},{"w":"2026-08-29","t":-0.624,"n":1},{"w":"2026-08-22","t":-2.0,"n":1},{"w":"2026-08-15","t":0.47,"n":1},{"w":"2026-08-08","t":0.568,"n":1},{"w":"2026-08-01","t":0.185,"n":1}]}},{"type":"Feature","geometry":{"type":"Polygon","coordinates":[[[-82.941,37.716],[-82.752,37.756],[-82.641,37.72],[-82.577,37.694],[-82.564,37.685],[-82.614,37.671],[-82.623,37.504],[-82.585,37.467],[-82.672,37.307],[-82.711,37.285],[-82.763,37.425],[-82.835,37.414],[-82.831,37.467],[-82.925,37.487],[-82.879,37.535],[-82.941,37.716]]]},"properties":{"fips":"21071","name":"Floyd","st":"KY","sites":1,"pop":8187,"trend":0.0,"weeks":[{"w":"2026-09-19","t":null,"n":0},{"w":"2026-09-12","t":0.0,"n":1},{"w":"2026-09-05","t":0.0,"n":1},{"w":"2026-08-29","t":0.0,"n":1},{"w":"2026-08-22","t":0.0,"n":1},{"w":"2026-08-15","t":0.0,"n":1},{"w":"2026-08-08","t":0.0,"n":1},{"w":"2026-08-01","t":0.0,"n":1}]}},{"type":"Feature","geometry":{"type":"Polygon","coordinates":[[[-86.151,37.799],[-86.007,37.818],[-85.976,37.876],[-85.997,37.991],[-85.976,38.004],[-85.952,38.015],[-85.938,37.999],[-85.855,37.945],[-85.838,37.879],[-85.738,37.812],[-85.736,37.781],[-85.68,37.732],[-85.736,37.655],[-85.876,37.544],[-85.893,37.44],[-86.048,37.45],[-86.114,37.567],[-86.275,37.594],[-86.151,37.799]]]},"properties":{"fips":"21093","name":"Hardin","st":"KY","sites":1,"pop":31884,"trend":-2.0,"weeks":[{"w":"2026-09-19","t":-2.0,"n":1},{"w":"2026-09-12","t":-0.486,"n":1},{"w":"2026-09-05","t":2.0,"n":1},{"w":"2026-08-29","t":2.0,"n":1},{"w":"2026-08-22","t":2.0,"n":1},{"w":"2026-08-15","t":0.0,"n":1},{"w":"2026-08-08","t":-2.0,"n":1},{"w":"2026-08-01","t":null,"n":0}]}},{"type":"Feature","geometry":{"type":"Polygon","coordinates":[[[-85.952,38.015],[-85.922,38.029],[-85.905,38.111],[-85.896,38.18],[-85.895,38.188],[-85.84,38.24],[-85.816,38.283],[-85.795,38.278],[-85.751,38.268],[-85.684,38.295],[-85.646,38.343],[-85.634,38.378],[-85.585,38.339],[-85.476,38.29],[-85.468,38.285],[-85.405,38.264],[-85.424,38.147],[-85.429,38.118],[-85.529,38.084],[-85.713,38.087],[-85.883,38.041],[-85.938,37.999],[-85.952,38.015]]]},"properties":{"fips":"21111","name":"Jefferson","st":"KY","sites":5,"pop":765417,"trend":0.149,"weeks":[{"w":"2026-09-19","t":0.149,"n":4},{"w":"2026-09-12","t":0.056,"n":5},{"w":"2026-09-05","t":1.684,"n":5},{"w":"2026-08-29","t":0.808,"n":5},{"w":"2026-08-22","t":-0.886,"n":5},{"w":"2026-08-15","t":-1.652,"n":5},{"w":"2026-08-08","t":-0.683,"n":5},{"w":"2026-08-01","t":0.889,"n":5}]}},{"type":"Feature","geometry":{"type":"Polygon","coordinates":[[[-84.689,37.851],[-84.71,37.862],[-84.66,38.004],[-84.594,37.987],[-84.571,37.978],[-84.48,37.94],[-84.436,37.847],[-84.476,37.853],[-84.462,37.803],[-84.526,37.769],[-84.571,37.729],[-84.657,37.81],[-84.657,37.784],[-84.717,37.815],[-84.689,37.851]]]},"properties":{"fips":"21113","name":"Jessamine","st":"KY","sites":1,"pop":164960,"trend":0.0,"weeks":[{"w":"2026-09-19","t":null,"n":0},{"w":"2026-09-12","t":0.0,"n":1},{"w":"2026-09-05","t":0.022,"n":1},{"w":"2026-08-29","t":-0.241,"n":1},{"w":"2026-08-22","t":-0.381,"n":1},{"w":"2026-08-15","t":0.214,"n":1},{"w":"2026-08-08","t":2.0,"n":1},{"w":"2026-08-01","t":2.0,"n":1}]}},{"type":"Feature","geometry":{"type":"Polygon","coordinates":[[[-84.608,39.073],[-84.551,39.099],[-84.507,39.102],[-84.451,38.994],[-84.451,38.82],[-84.418,38.807],[-84.532,38.792],[-84.616,38.802],[-84.598,38.879],[-84.622,39.078],[-84.608,39.073]]]},"properties":{"fips":"21117","name":"Kenton","st":"KY","sites":1,"pop":212000,"trend":2.0,"weeks":[{"w":"2026-09-19","t":2.0,"n":1},{"w":"2026-09-12","t":2.0,"n":1},{"w":"2026-09-05","t":0.0,"n":1},{"w":"2026-08-29","t":0.0,"n":1},{"w":"2026-08-22","t":0.0,"n":1},{"w":"2026-08-15","t":0.0,"n":1},{"w":"2026-08-08","t":0.0,"n":1},{"w":"2026-08-01","t":0.0,"n":1}]}},{"type":"Feature","geometry":{"type":"Polygon","coordinates":[[[-84.462,37.803],[-84.476,37.853],[-84.436,37.847],[-84.386,37.845],[-84.337,37.892],[-84.272,37.918],[-84.261,37.876],[-84.08,37.853],[-84.12,37.817],[-84.074,37.801],[-84.089,37.668],[-84.127,37.642],[-84.09,37.566],[-84.172,37.558],[-84.199,37.523],[-84.268,37.515],[-84.348,37.539],[-84.45,37.698],[-84.526,37.769],[-84.462,37.803]]]},"properties":{"fips":"21151","name":"Madison","st":"KY","sites":1,"pop":37000,"trend":0.02,"weeks":[{"w":"2026-09-19","t":null,"n":0},{"w":"2026-09-12","t":0.02,"n":1},{"w":"2026-09-05","t":2.0,"n":1},{"w":"2026-08-29","t":2.0,"n":1},{"w":"2026-08-22","t":null,"n":0},{"w":"2026-08-15","t":-2.0,"n":1},{"w":"2026-08-08","t":null,"n":0},{"w":"2026-08-01","t":2.0,"n":1}]}},{"type":"Feature","geometry":{"type":"Polygon","coordinates":[[[-83.548,37.334],[-83.449,37.379],[-83.382,37.338],[-83.215,37.444],[-83.124,37.405],[-83.127,37.236],[-83.066,37.244],[-83.0,37.196],[-83.059,37.124],[-83.055,37.017],[-83.122,37.001],[-83.182,37.021],[-83.167,37.102],[-83.202,37.174],[-83.325,37.226],[-83.398,37.32],[-83.508,37.236],[-83.527,37.259],[-83.552,37.287],[-83.548,37.334]]]},"properties":{"fips":"21193","name":"Perry","st":"KY","sites":1,"pop":7303,"trend":0.235,"weeks":[{"w":"2026-09-19","t":0.235,"n":1},{"w":"2026-09-12","t":2.0,"n":1},{"w":"2026-09-05","t":2.0,"n":1},{"w":"2026-08-29","t":0.0,"n":1},{"w":"2026-08-22","t":0.0,"n":1},{"w":"2026-08-15","t":0.0,"n":1},{"w":"2026-08-08","t":0.0,"n":1},{"w":"2026-08-01","t":0.0,"n":1}]}},{"type":"Feature","geometry":{"type":"Polygon","coordinates":[[[-82.711,37.285],[-82.672,37.307],[-82.585,37.467],[-82.623,37.504],[-82.614,37.671],[-82.564,37.685],[-82.404,37.671],[-82.413,37.712],[-82.321,37.746],[-82.296,37.686],[-82.226,37.653],[-82.142,37.595],[-82.064,37.545],[-81.968,37.538],[-82.202,37.375],[-82.309,37.3],[-82.314,37.296],[-82.355,37.265],[-82.449,37.244],[-82.554,37.201],[-82.558,37.2],[-82.565,37.196],[-82.629,37.248],[-82.684,37.229],[-82.733,37.272],[-82.711,37.285]]]},"properties":{"fips":"21195","name":"Pike","st":"KY","sites":1,"pop":10435,"trend":-0.03,"weeks":[{"w":"2026-09-19","t":-0.03,"n":1},{"w":"2026-09-12","t":-0.279,"n":1},{"w":"2026-09-05","t":-0.102,"n":1},{"w":"2026-08-29","t":0.676,"n":1},{"w":"2026-08-22","t":2.0,"n":1},{"w":"2026-08-15","t":2.0,"n":1},{"w":"2026-08-08","t":2.0,"n":1},{"w":"2026-08-01","t":0.0,"n":1}]}},{"type":"Feature","geometry":{"type":"Polygon","coordinates":[[[-84.901,37.116],[-84.721,37.238],[-84.556,37.356],[-84.503,37.329],[-84.303,37.166],[-84.289,37.152],[-84.303,37.038],[-84.358,36.959],[-84.417,36.947],[-84.578,36.867],[-84.679,36.981],[-84.77,36.958],[-84.836,36.998],[-84.906,37.047],[-84.901,37.116]]]},"properties":{"fips":"21199","name":"Pulaski","st":"KY","sites":1,"pop":7500,"trend":0.0,"weeks":[{"w":"2026-09-19","t":0.0,"n":1},{"w":"2026-09-12","t":0.0,"n":1},{"w":"2026-09-05","t":0.0,"n":1},{"w":"2026-08-29","t":0.0,"n":1},{"w":"2026-08-22","t":0.0,"n":1},{"w":"2026-08-15","t":0.0,"n":1},{"w":"2026-08-08","t":0.0,"n":1},{"w":"2026-08-01","t":0.0,"n":1}]}},{"type":"Feature","geometry":{"type":"Polygon","coordinates":[[[-85.468,38.285],[-85.324,38.31],[-85.283,38.358],[-84.998,38.336],[-84.957,38.332],[-84.999,38.275],[-85.024,38.129],[-85.048,38.072],[-85.102,38.037],[-85.196,38.075],[-85.232,38.089],[-85.424,38.147],[-85.405,38.264],[-85.468,38.285]]]},"properties":{"fips":"21211","name":"Shelby","st":"KY","sites":1,"pop":32160,"trend":0.0,"weeks":[{"w":"2026-09-19","t":null,"n":0},{"w":"2026-09-12","t":0.0,"n":1},{"w":"2026-09-05","t":2.0,"n":1},{"w":"2026-08-29","t":0.0,"n":1},{"w":"2026-08-22","t":-2.0,"n":1},{"w":"2026-08-15","t":0.0,"n":1},{"w":"2026-08-08","t":2.0,"n":1},{"w":"2026-08-01","t":0.0,"n":1}]}},{"type":"Feature","geometry":{"type":"Polygon","coordinates":[[[-88.157,36.867],[-88.003,36.91],[-87.877,36.96],[-87.858,36.951],[-87.733,37.002],[-87.66,36.966],[-87.694,36.637],[-87.853,36.633],[-87.85,36.664],[-88.012,36.677],[-88.071,36.678],[-88.08,36.707],[-88.111,36.747],[-88.13,36.808],[-88.157,36.867]]]},"properties":{"fips":"21221","name":"Trigg","st":"KY","sites":1,"pop":3002,"trend":null,"weeks":[{"w":"2026-09-19","t":null,"n":0},{"w":"2026-09-12","t":null,"n":0},{"w":"2026-09-05","t":null,"n":0},{"w":"2026-08-29","t":null,"n":0},{"w":"2026-08-22","t":null,"n":0},{"w":"2026-08-15","t":null,"n":0},{"w":"2026-08-08","t":null,"n":0},{"w":"2026-08-01","t":null,"n":0}]}},{"type":"Feature","geometry":{"type":"Polygon","coordinates":[[[-86.623,37.181],[-86.497,37.19],[-86.399,37.17],[-86.282,37.081],[-86.219,37.104],[-86.114,37.061],[-86.167,36.934],[-86.201,36.935],[-86.406,36.776],[-86.401,36.807],[-86.583,36.83],[-86.612,36.883],[-86.674,37.0],[-86.623,37.181]]]},"properties":{"fips":"21227","name":"Warren","st":"KY","sites":1,"pop":67233,"trend":-2.0,"weeks":[{"w":"2026-09-19","t":-2.0,"n":1},{"w":"2026-09-12","t":0.339,"n":1},{"w":"2026-09-05","t":0.565,"n":1},{"w":"2026-08-29","t":1.921,"n":1},{"w":"2026-08-22","t":-0.471,"n":1},{"w":"2026-08-15","t":-0.031,"n":1},{"w":"2026-08-08","t":2.0,"n":1},{"w":"2026-08-01","t":2.0,"n":1}]}},{"type":"Feature","geometry":{"type":"Polygon","coordinates":[[[-69.997,46.695],[-69.819,46.875],[-69.566,47.125],[-69.439,47.25],[-69.22,47.457],[-69.156,47.451],[-69.108,47.436],[-69.039,47.422],[-69.054,47.378],[-69.04,47.245],[-68.966,47.213],[-68.901,47.179],[-68.804,47.216],[-68.676,47.243],[-68.605,47.249],[-68.589,47.282],[-68.507,47.297],[-68.46,47.286],[-68.376,47.292],[-68.384,47.327],[-68.362,47.356],[-68.27,47.354],[-68.204,47.34],[-68.154,47.314],[-68.083,47.272],[-67.998,47.218],[-67.952,47.196],[-67.889,47.119],[-67.79,47.066],[-67.79,46.795],[-67.788,46.602],[-67.782,46.279],[-67.78,46.038],[-67.78,45.938],[-67.75,45.918],[-67.804,45.869],[-67.764,45.83],[-67.804,45.782],[-67.782,45.731],[-67.803,45.679],[-67.902,45.68],[-68.048,45.64],[-68.26,45.604],[-68.411,45.573],[-68.433,45.581],[-68.428,45.945],[-68.437,46.043],[-68.436,46.382],[-68.706,46.395],[-68.819,46.396],[-68.821,46.573],[-69.721,46.574],[-70.023,46.573],[-69.997,46.695]]]},"properties":{"fips":"23003","name":"Aroostook","st":"ME","sites":4,"pop":18140,"trend":0.0,"weeks":[{"w":"2026-09-19","t":0.0,"n":1},{"w":"2026-09-12","t":0.551,"n":4},{"w":"2026-09-05","t":-0.442,"n":4},{"w":"2026-08-29","t":-0.442,"n":4},{"w":"2026-08-22","t":-0.071,"n":4},{"w":"2026-08-15","t":0.442,"n":4},{"w":"2026-08-08","t":0.513,"n":4},{"w":"2026-08-01","t":-0.551,"n":4}]}},{"type":"Feature","geometry":{"type":"Polygon","coordinates":[[[-70.822,44.077],[-70.625,44.171],[-70.587,44.123],[-70.596,44.032],[-70.544,44.006],[-70.48,44.032],[-70.364,43.986],[-70.315,44.038],[-70.229,43.974],[-70.116,43.907],[-70.081,43.926],[-70.034,43.976],[-69.976,43.915],[-69.857,43.945],[-69.893,43.879],[-69.887,43.767],[-69.916,43.775],[-69.984,43.744],[-70.001,43.71],[-70.063,43.713],[-70.071,43.714],[-70.088,43.685],[-70.096,43.672],[-70.168,43.675],[-70.191,43.646],[-70.217,43.597],[-70.206,43.558],[-70.245,43.54],[-70.321,43.527],[-70.339,43.528],[-70.492,43.607],[-70.458,43.642],[-70.55,43.716],[-70.66,43.711],[-70.654,43.788],[-70.783,43.814],[-70.802,43.856],[-70.73,43.928],[-70.715,43.962],[-70.822,44.077]]]},"properties":{"fips":"23005","name":"Cumberland","st":"ME","sites":6,"pop":104100,"trend":0.306,"weeks":[{"w":"2026-09-19","t":0.306,"n":3},{"w":"2026-09-12","t":1.281,"n":6},{"w":"2026-09-05","t":1.569,"n":6},{"w":"2026-08-29","t":1.495,"n":6},{"w":"2026-08-22","t":0.065,"n":6},{"w":"2026-08-15","t":-0.929,"n":6},{"w":"2026-08-08","t":-0.861,"n":6},{"w":"2026-08-01","t":0.96,"n":6}]}},{"type":"Feature","geometry":{"type":"Polygon","coordinates":[[[-70.1,44.384],[-70.129,44.487],[-70.042,44.485],[-70.036,44.508],[-70.072,44.529],[-70.041,44.571],[-70.04,44.588],[-69.953,44.575],[-69.947,44.582],[-69.93,44.611],[-69.823,44.608],[-69.793,44.577],[-69.744,44.603],[-69.666,44.586],[-69.606,44.577],[-69.587,44.634],[-69.628,44.672],[-69.633,44.699],[-69.47,44.718],[-69.472,44.693],[-69.393,44.64],[-69.41,44.579],[-69.372,44.545],[-69.396,44.457],[-69.445,44.464],[-69.506,44.343],[-69.528,44.275],[-69.547,44.261],[-69.65,44.28],[-69.665,44.228],[-69.657,44.125],[-69.666,44.124],[-69.758,44.139],[-69.764,44.153],[-69.855,44.168],[-69.898,44.108],[-70.005,44.125],[-70.026,44.134],[-69.994,44.181],[-70.06,44.192],[-70.074,44.29],[-70.1,44.335],[-70.133,44.371],[-70.1,44.384]]]},"properties":{"fips":"23011","name":"Kennebec","st":"ME","sites":1,"pop":5200,"trend":0.0,"weeks":[{"w":"2026-09-19","t":null,"n":0},{"w":"2026-09-12","t":null,"n":0},{"w":"2026-09-05","t":null,"n":0},{"w":"2026-08-29","t":null,"n":0},{"w":"2026-08-22","t":null,"n":0},{"w":"2026-08-15","t":0.0,"n":1},{"w":"2026-08-08","t":0.0,"n":1},{"w":"2026-08-01","t":0.0,"n":1}]}},{"type":"Feature","geometry":{"type":"MultiPolygon","coordinates":[[[[-68.935,44.13],[-68.889,44.16],[-68.935,44.203],[-68.896,44.21],[-68.828,44.209],[-68.721,44.115],[-68.548,44.13],[-68.531,44.09],[-68.584,44.072],[-68.617,44.01],[-68.657,44.004],[-68.669,44.076],[-68.78,44.058],[-68.874,44.025],[-68.905,44.077],[-68.935,44.13]]],[[[-68.924,43.885],[-68.875,43.905],[-68.849,43.85],[-68.888,43.804],[-68.944,43.835],[-68.924,43.885]]],[[[-69.435,44.332],[-69.394,44.343],[-69.347,44.308],[-69.269,44.365],[-69.122,44.256],[-69.021,44.23],[-69.04,44.234],[-69.055,44.172],[-69.076,44.13],[-69.032,44.079],[-69.068,44.04],[-69.044,44.006],[-69.077,43.974],[-69.132,43.976],[-69.175,43.977],[-69.213,43.921],[-69.243,43.919],[-69.28,43.88],[-69.321,43.857],[-69.355,43.918],[-69.38,43.944],[-69.364,44.013],[-69.282,44.053],[-69.338,44.209],[-69.433,44.227],[-69.451,44.314],[-69.435,44.332]]]]},"properties":{"fips":"23013","name":"Knox","st":"ME","sites":1,"pop":7000,"trend":1.895,"weeks":[{"w":"2026-09-19","t":1.895,"n":1},{"w":"2026-09-12","t":-2.0,"n":1},{"w":"2026-09-05","t":-2.0,"n":1},{"w":"2026-08-29","t":2.0,"n":1},{"w":"2026-08-22","t":2.0,"n":1},{"w":"2026-08-15","t":-1.605,"n":1},{"w":"2026-08-08","t":-2.0,"n":1},{"w":"2026-08-01","t":-2.0,"n":1}]}},{"type":"Feature","geometry":{"type":"Polygon","coordinates":[[[-69.758,44.139],[-69.666,44.124],[-69.657,44.125],[-69.665,44.228],[-69.65,44.28],[-69.547,44.261],[-69.528,44.275],[-69.506,44.343],[-69.435,44.332],[-69.451,44.314],[-69.433,44.227],[-69.338,44.209],[-69.282,44.053],[-69.364,44.013],[-69.38,43.944],[-69.393,43.956],[-69.422,43.923],[-69.438,43.91],[-69.503,43.838],[-69.553,43.841],[-69.579,43.823],[-69.651,43.804],[-69.696,43.796],[-69.743,43.894],[-69.7,44.007],[-69.746,44.014],[-69.814,44.026],[-69.758,44.139]]]},"properties":{"fips":"23015","name":"Lincoln","st":"ME","sites":1,"pop":2222,"trend":-0.169,"weeks":[{"w":"2026-09-19","t":-0.169,"n":1},{"w":"2026-09-12","t":-0.175,"n":1},{"w":"2026-09-05","t":-0.279,"n":1},{"w":"2026-08-29","t":2.0,"n":1},{"w":"2026-08-22","t":0.427,"n":1},{"w":"2026-08-15","t":-1.798,"n":1},{"w":"2026-08-08","t":1.733,"n":1},{"w":"2026-08-01","t":-0.185,"n":1}]}},{"type":"Feature","geometry":{"type":"Polygon","coordinates":[[[-71.084,45.305],[-71.038,45.312],[-71.013,45.345],[-70.949,45.332],[-70.912,45.296],[-70.893,45.239],[-70.844,45.235],[-70.834,45.272],[-70.78,45.018],[-70.824,45.014],[-70.774,44.84],[-70.769,44.732],[-70.615,44.796],[-70.511,44.627],[-70.55,44.611],[-70.281,44.57],[-70.308,44.538],[-70.251,44.503],[-70.239,44.459],[-70.325,44.208],[-70.392,44.154],[-70.485,44.06],[-70.48,44.032],[-70.544,44.006],[-70.596,44.032],[-70.587,44.123],[-70.625,44.171],[-70.822,44.077],[-70.715,43.962],[-70.73,43.928],[-70.802,43.856],[-70.783,43.814],[-70.797,43.807],[-70.881,43.811],[-70.958,43.785],[-70.987,43.793],[-70.99,43.839],[-71.001,44.093],[-71.009,44.259],[-71.01,44.285],[-71.011,44.302],[-71.014,44.341],[-71.019,44.44],[-71.023,44.5],[-71.037,44.736],[-71.058,45.0],[-71.084,45.305]]]},"properties":{"fips":"23017","name":"Oxford","st":"ME","sites":2,"pop":8000,"trend":-0.601,"weeks":[{"w":"2026-09-19","t":-0.601,"n":2},{"w":"2026-09-12","t":0.346,"n":2},{"w":"2026-09-05","t":0.692,"n":2},{"w":"2026-08-29","t":0.728,"n":2},{"w":"2026-08-22","t":0.271,"n":2},{"w":"2026-08-15","t":1.311,"n":2},{"w":"2026-08-08","t":0.171,"n":2},{"w":"2026-08-01","t":-1.132,"n":2}]}},{"type":"Feature","geometry":{"type":"Polygon","coordinates":[[[-69.356,45.073],[-69.232,45.09],[-69.109,45.107],[-68.857,45.143],[-68.881,45.225],[-68.776,45.24],[-68.825,45.421],[-68.831,45.442],[-68.857,45.527],[-68.965,45.512],[-68.959,45.662],[-68.827,45.685],[-68.819,46.396],[-68.706,46.395],[-68.436,46.382],[-68.437,46.043],[-68.428,45.945],[-68.433,45.581],[-68.411,45.573],[-68.26,45.604],[-68.048,45.64],[-67.94,45.268],[-68.055,45.253],[-68.304,45.222],[-68.27,45.1],[-68.397,45.083],[-68.376,44.997],[-68.501,44.981],[-68.478,44.889],[-68.455,44.802],[-68.445,44.763],[-68.529,44.752],[-68.617,44.741],[-68.647,44.704],[-68.691,44.722],[-68.744,44.661],[-68.816,44.684],[-68.838,44.702],[-69.014,44.672],[-69.184,44.644],[-69.205,44.73],[-69.267,44.722],[-69.282,44.788],[-69.281,44.809],[-69.306,44.896],[-69.331,44.987],[-69.356,45.073]]]},"properties":{"fips":"23019","name":"Penobscot","st":"ME","sites":1,"pop":31750,"trend":1.85,"weeks":[{"w":"2026-09-19","t":null,"n":0},{"w":"2026-09-12","t":1.85,"n":1},{"w":"2026-09-05","t":1.85,"n":1},{"w":"2026-08-29","t":0.0,"n":1},{"w":"2026-08-22","t":0.0,"n":1},{"w":"2026-08-15","t":null,"n":0},{"w":"2026-08-08","t":0.0,"n":1},{"w":"2026-08-01","t":null,"n":0}]}},{"type":"Feature","geometry":{"type":"Polygon","coordinates":[[[-70.052,43.991],[-70.033,44.001],[-70.005,44.125],[-69.898,44.108],[-69.855,44.168],[-69.764,44.153],[-69.758,44.139],[-69.814,44.026],[-69.746,44.014],[-69.7,44.007],[-69.743,43.894],[-69.696,43.796],[-69.717,43.792],[-69.754,43.744],[-69.807,43.728],[-69.833,43.701],[-69.855,43.705],[-69.862,43.759],[-69.887,43.767],[-69.893,43.879],[-69.857,43.945],[-69.976,43.915],[-70.034,43.976],[-70.052,43.991]]]},"properties":{"fips":"23023","name":"Sagadahoc","st":"ME","sites":1,"pop":8700,"trend":1.915,"weeks":[{"w":"2026-09-19","t":1.915,"n":1},{"w":"2026-09-12","t":-2.0,"n":1},{"w":"2026-09-05","t":0.275,"n":1},{"w":"2026-08-29","t":2.0,"n":1},{"w":"2026-08-22","t":1.715,"n":1},{"w":"2026-08-15","t":0.0,"n":1},{"w":"2026-08-08","t":0.0,"n":1},{"w":"2026-08-01","t":0.0,"n":1}]}},{"type":"Feature","geometry":{"type":"Polygon","coordinates":[[[-69.445,44.464],[-69.396,44.457],[-69.372,44.545],[-69.41,44.579],[-69.393,44.64],[-69.472,44.693],[-69.385,44.754],[-69.267,44.722],[-69.205,44.73],[-69.184,44.644],[-69.014,44.672],[-68.838,44.702],[-68.816,44.684],[-68.816,44.667],[-68.846,44.615],[-68.798,44.568],[-68.805,44.458],[-68.896,44.21],[-68.935,44.203],[-68.952,44.219],[-69.021,44.23],[-69.122,44.256],[-69.269,44.365],[-69.347,44.308],[-69.394,44.343],[-69.435,44.332],[-69.506,44.343],[-69.445,44.464]]]},"properties":{"fips":"23027","name":"Waldo","st":"ME","sites":1,"pop":4000,"trend":1.81,"weeks":[{"w":"2026-09-19","t":null,"n":0},{"w":"2026-09-12","t":1.81,"n":1},{"w":"2026-09-05","t":0.0,"n":1},{"w":"2026-08-29","t":0.0,"n":1},{"w":"2026-08-22","t":0.0,"n":1},{"w":"2026-08-15","t":0.0,"n":1},{"w":"2026-08-08","t":0.0,"n":1},{"w":"2026-08-01","t":-1.962,"n":1}]}},{"type":"Feature","geometry":{"type":"Polygon","coordinates":[[[-70.987,43.793],[-70.958,43.785],[-70.881,43.811],[-70.797,43.807],[-70.783,43.814],[-70.654,43.788],[-70.66,43.711],[-70.55,43.716],[-70.458,43.642],[-70.492,43.607],[-70.339,43.528],[-70.361,43.529],[-70.386,43.487],[-70.327,43.459],[-70.384,43.413],[-70.398,43.391],[-70.416,43.361],[-70.466,43.34],[-70.476,43.341],[-70.518,43.344],[-70.534,43.334],[-70.554,43.322],[-70.585,43.27],[-70.577,43.228],[-70.576,43.222],[-70.596,43.163],[-70.623,43.135],[-70.666,43.076],[-70.704,43.06],[-70.756,43.08],[-70.82,43.123],[-70.828,43.129],[-70.825,43.18],[-70.825,43.18],[-70.813,43.217],[-70.873,43.27],[-70.924,43.325],[-70.984,43.376],[-70.968,43.429],[-70.961,43.474],[-70.955,43.51],[-70.964,43.54],[-70.973,43.57],[-70.976,43.614],[-70.982,43.701],[-70.987,43.793]]]},"properties":{"fips":"23031","name":"York","st":"ME","sites":2,"pop":32000,"trend":-0.417,"weeks":[{"w":"2026-09-19","t":-0.417,"n":1},{"w":"2026-09-12","t":0.373,"n":2},{"w":"2026-09-05","t":1.174,"n":2},{"w":"2026-08-29","t":2.0,"n":2},{"w":"2026-08-22","t":1.25,"n":2},{"w":"2026-08-15","t":-1.25,"n":2},{"w":"2026-08-08","t":-1.078,"n":2},{"w":"2026-08-01","t":1.25,"n":2}]}},{"type":"Feature","geometry":{"type":"Polygon","coordinates":[[[-76.84,39.103],[-76.827,39.11],[-76.825,39.117],[-76.813,39.122],[-76.797,39.123],[-76.787,39.129],[-76.782,39.145],[-76.765,39.165],[-76.747,39.18],[-76.723,39.183],[-76.713,39.194],[-76.712,39.202],[-76.697,39.214],[-76.644,39.249],[-76.58,39.207],[-76.529,39.218],[-76.504,39.199],[-76.526,39.178],[-76.429,39.132],[-76.422,39.081],[-76.42,39.042],[-76.394,39.011],[-76.449,38.983],[-76.471,38.957],[-76.45,38.941],[-76.469,38.908],[-76.474,38.903],[-76.491,38.885],[-76.517,38.851],[-76.49,38.839],[-76.527,38.787],[-76.559,38.756],[-76.527,38.724],[-76.527,38.713],[-76.616,38.721],[-76.643,38.769],[-76.686,38.748],[-76.711,38.816],[-76.67,38.907],[-76.751,39.035],[-76.791,39.046],[-76.831,39.069],[-76.84,39.103]]]},"properties":{"fips":"24003","name":"Anne Arundel","st":"MD","sites":6,"pop":444062,"trend":0.116,"weeks":[{"w":"2026-09-19","t":0.116,"n":6},{"w":"2026-09-12","t":0.48,"n":6},{"w":"2026-09-05","t":0.426,"n":6},{"w":"2026-08-29","t":0.263,"n":6},{"w":"2026-08-22","t":0.903,"n":6},{"w":"2026-08-15","t":-0.024,"n":6},{"w":"2026-08-08","t":-0.297,"n":6},{"w":"2026-08-01","t":0.672,"n":6}]}},{"type":"Feature","geometry":{"type":"Polygon","coordinates":[[[-79.484,39.344],[-79.482,39.532],[-79.477,39.721],[-79.392,39.721],[-79.046,39.723],[-78.928,39.723],[-79.067,39.481],[-79.067,39.473],[-79.091,39.472],[-79.166,39.401],[-79.262,39.326],[-79.284,39.31],[-79.354,39.278],[-79.424,39.228],[-79.487,39.206],[-79.484,39.344]]]},"properties":{"fips":"24023","name":"Garrett","st":"MD","sites":1,"pop":3000,"trend":2.0,"weeks":[{"w":"2026-09-19","t":2.0,"n":1},{"w":"2026-09-12","t":-1.57,"n":1},{"w":"2026-09-05","t":-1.438,"n":1},{"w":"2026-08-29","t":0.4,"n":1},{"w":"2026-08-22","t":1.741,"n":1},{"w":"2026-08-15","t":2.0,"n":1},{"w":"2026-08-08","t":-0.056,"n":1},{"w":"2026-08-01","t":0.0,"n":1}]}},{"type":"Feature","geometry":{"type":"Polygon","coordinates":[[[-77.521,39.161],[-77.486,39.186],[-77.46,39.219],[-77.46,39.219],[-77.286,39.299],[-77.263,39.31],[-77.169,39.354],[-77.187,39.339],[-77.134,39.277],[-77.07,39.254],[-76.974,39.162],[-76.959,39.134],[-76.889,39.131],[-76.906,39.117],[-76.975,39.015],[-77.003,38.966],[-77.041,38.996],[-77.12,38.934],[-77.12,38.934],[-77.147,38.964],[-77.203,38.968],[-77.25,38.986],[-77.248,39.027],[-77.248,39.027],[-77.311,39.052],[-77.33,39.056],[-77.36,39.062],[-77.463,39.076],[-77.481,39.106],[-77.52,39.121],[-77.521,39.161]]]},"properties":{"fips":"24031","name":"Montgomery","st":"MD","sites":3,"pop":1813718,"trend":-0.028,"weeks":[{"w":"2026-09-19","t":null,"n":0},{"w":"2026-09-12","t":-0.028,"n":2},{"w":"2026-09-05","t":0.101,"n":2},{"w":"2026-08-29","t":0.386,"n":2},{"w":"2026-08-22","t":0.283,"n":2},{"w":"2026-08-15","t":-0.102,"n":2},{"w":"2026-08-08","t":0.023,"n":2},{"w":"2026-08-01","t":0.103,"n":2}]}},{"type":"Feature","geometry":{"type":"Polygon","coordinates":[[[-77.079,38.71],[-77.053,38.71],[-77.041,38.738],[-77.041,38.747],[-77.039,38.785],[-77.039,38.792],[-76.979,38.838],[-76.909,38.893],[-77.003,38.966],[-76.975,39.015],[-76.906,39.117],[-76.889,39.131],[-76.84,39.103],[-76.831,39.069],[-76.791,39.046],[-76.751,39.035],[-76.67,38.907],[-76.711,38.816],[-76.686,38.748],[-76.702,38.711],[-76.675,38.536],[-76.741,38.559],[-76.747,38.617],[-76.863,38.659],[-77.011,38.652],[-77.048,38.616],[-77.086,38.705],[-77.079,38.71]]]},"properties":{"fips":"24033","name":"Prince George's","st":"MD","sites":2,"pop":1655848,"trend":0.05,"weeks":[{"w":"2026-09-19","t":null,"n":0},{"w":"2026-09-12","t":0.05,"n":2},{"w":"2026-09-05","t":0.181,"n":2},{"w":"2026-08-29","t":0.388,"n":2},{"w":"2026-08-22","t":0.226,"n":2},{"w":"2026-08-15","t":-0.118,"n":2},{"w":"2026-08-08","t":0.117,"n":2},{"w":"2026-08-01","t":0.149,"n":2}]}},{"type":"Feature","geometry":{"type":"Polygon","coordinates":[[[-71.238,42.669],[-71.255,42.736],[-71.245,42.737],[-71.182,42.738],[-71.186,42.791],[-71.182,42.794],[-71.164,42.806],[-71.15,42.815],[-71.116,42.812],[-71.064,42.806],[-71.049,42.831],[-71.031,42.859],[-70.966,42.869],[-70.931,42.885],[-70.865,42.87],[-70.817,42.872],[-70.805,42.782],[-70.786,42.74],[-70.772,42.711],[-70.73,42.67],[-70.682,42.662],[-70.645,42.689],[-70.603,42.678],[-70.594,42.635],[-70.655,42.582],[-70.699,42.577],[-70.804,42.562],[-70.848,42.55],[-70.846,42.539],[-70.836,42.49],[-70.886,42.47],[-70.899,42.45],[-70.906,42.439],[-70.913,42.428],[-70.955,42.425],[-70.968,42.425],[-70.983,42.424],[-71.053,42.476],[-71.057,42.574],[-71.035,42.57],[-71.034,42.585],[-71.059,42.609],[-71.076,42.604],[-71.156,42.615],[-71.165,42.598],[-71.172,42.617],[-71.256,42.657],[-71.238,42.669]]]},"properties":{"fips":"25009","name":"Essex","st":"MA","sites":1,"pop":94000,"trend":-0.049,"weeks":[{"w":"2026-09-19","t":-0.049,"n":1},{"w":"2026-09-12","t":0.11,"n":1},{"w":"2026-09-05","t":0.125,"n":1},{"w":"2026-08-29","t":null,"n":0},{"w":"2026-08-22","t":null,"n":0},{"w":"2026-08-15","t":null,"n":0},{"w":"2026-08-08","t":null,"n":0},{"w":"2026-08-01","t":0.0,"n":1}]}},{"type":"Feature","geometry":{"type":"Polygon","coordinates":[[[-73.072,42.144],[-73.0,42.313],[-72.885,42.333],[-72.912,42.239],[-72.793,42.237],[-72.687,42.183],[-72.613,42.286],[-72.61,42.285],[-72.6,42.266],[-72.624,42.236],[-72.607,42.216],[-72.593,42.212],[-72.447,42.227],[-72.395,42.186],[-72.334,42.221],[-72.292,42.232],[-72.221,42.245],[-72.264,42.184],[-72.199,42.154],[-72.142,42.161],[-72.135,42.147],[-72.136,42.029],[-72.199,42.03],[-72.317,42.032],[-72.397,42.033],[-72.509,42.034],[-72.528,42.034],[-72.608,42.031],[-72.735,42.036],[-72.767,42.003],[-72.775,42.002],[-72.81,41.998],[-72.847,42.037],[-73.0,42.039],[-73.009,42.039],[-73.053,42.04],[-73.072,42.144]]]},"properties":{"fips":"25013","name":"Hampden","st":"MA","sites":1,"pop":55000,"trend":-0.278,"weeks":[{"w":"2026-09-19","t":null,"n":0},{"w":"2026-09-12","t":-0.278,"n":1},{"w":"2026-09-05","t":0.382,"n":1},{"w":"2026-08-29","t":2.0,"n":1},{"w":"2026-08-22","t":2.0,"n":1},{"w":"2026-08-15","t":1.632,"n":1},{"w":"2026-08-08","t":-1.711,"n":1},{"w":"2026-08-01","t":-1.711,"n":1}]}},{"type":"Feature","geometry":{"type":"Polygon","coordinates":[[[-71.899,42.711],[-71.805,42.709],[-71.773,42.708],[-71.746,42.707],[-71.636,42.705],[-71.543,42.703],[-71.387,42.699],[-71.352,42.698],[-71.294,42.697],[-71.256,42.736],[-71.255,42.736],[-71.238,42.669],[-71.256,42.657],[-71.172,42.617],[-71.165,42.598],[-71.156,42.615],[-71.076,42.604],[-71.059,42.609],[-71.034,42.585],[-71.035,42.57],[-71.057,42.574],[-71.053,42.476],[-70.983,42.424],[-70.983,42.42],[-71.081,42.382],[-71.064,42.369],[-71.077,42.359],[-71.117,42.364],[-71.168,42.36],[-71.157,42.33],[-71.191,42.283],[-71.231,42.321],[-71.27,42.328],[-71.327,42.314],[-71.303,42.248],[-71.332,42.248],[-71.33,42.233],[-71.341,42.224],[-71.34,42.214],[-71.35,42.214],[-71.352,42.207],[-71.344,42.201],[-71.362,42.196],[-71.385,42.192],[-71.402,42.179],[-71.478,42.157],[-71.503,42.191],[-71.556,42.183],[-71.587,42.26],[-71.55,42.266],[-71.522,42.266],[-71.506,42.264],[-71.487,42.33],[-71.551,42.326],[-71.585,42.311],[-71.625,42.35],[-71.604,42.398],[-71.559,42.412],[-71.56,42.474],[-71.53,42.52],[-71.539,42.543],[-71.62,42.553],[-71.636,42.524],[-71.679,42.53],[-71.665,42.612],[-71.776,42.644],[-71.858,42.634],[-71.899,42.711]]]},"properties":{"fips":"25017","name":"Middlesex","st":"MA","sites":3,"pop":2679169,"trend":0.1,"weeks":[{"w":"2026-09-19","t":0.1,"n":2},{"w":"2026-09-12","t":0.239,"n":2},{"w":"2026-09-05","t":0.189,"n":3},{"w":"2026-08-29","t":0.09,"n":3},{"w":"2026-08-22","t":0.805,"n":3},{"w":"2026-08-15","t":0.157,"n":2},{"w":"2026-08-08","t":-0.749,"n":2},{"w":"2026-08-01","t":0.774,"n":2}]}},{"type":"Feature","geometry":{"type":"MultiPolygon","coordinates":[[[[-70.853,42.24],[-70.836,42.265],[-70.789,42.254],[-70.782,42.249],[-70.785,42.225],[-70.827,42.201],[-70.841,42.213],[-70.853,42.24]]],[[[-71.5,42.103],[-71.479,42.131],[-71.478,42.157],[-71.402,42.179],[-71.385,42.192],[-71.362,42.196],[-71.344,42.201],[-71.352,42.207],[-71.35,42.214],[-71.34,42.214],[-71.341,42.224],[-71.33,42.233],[-71.332,42.248],[-71.303,42.248],[-71.327,42.314],[-71.27,42.328],[-71.231,42.321],[-71.191,42.283],[-71.188,42.28],[-71.147,42.256],[-71.131,42.228],[-71.094,42.267],[-71.053,42.278],[-71.042,42.305],[-70.993,42.313],[-70.967,42.268],[-70.948,42.282],[-70.914,42.289],[-70.925,42.158],[-70.941,42.151],[-70.949,42.148],[-71.022,42.119],[-71.061,42.103],[-71.08,42.096],[-71.139,42.073],[-71.169,42.061],[-71.288,42.014],[-71.353,41.99],[-71.381,41.985],[-71.381,42.019],[-71.458,42.017],[-71.498,42.016],[-71.498,42.065],[-71.5,42.103]]]]},"properties":{"fips":"25021","name":"Norfolk","st":"MA","sites":2,"pop":1118656,"trend":-0.0,"weeks":[{"w":"2026-09-19","t":-0.0,"n":2},{"w":"2026-09-12","t":0.214,"n":2},{"w":"2026-09-05","t":0.405,"n":2},{"w":"2026-08-29","t":0.344,"n":2},{"w":"2026-08-22","t":1.95,"n":2},{"w":"2026-08-15","t":0.029,"n":2},{"w":"2026-08-08","t":-1.856,"n":2},{"w":"2026-08-01","t":1.093,"n":2}]}},{"type":"Feature","geometry":{"type":"Polygon","coordinates":[[[-71.191,42.283],[-71.157,42.33],[-71.168,42.36],[-71.117,42.364],[-71.077,42.359],[-71.064,42.369],[-71.081,42.382],[-70.983,42.42],[-70.975,42.356],[-70.976,42.354],[-70.983,42.343],[-70.998,42.321],[-70.993,42.313],[-71.042,42.305],[-71.053,42.278],[-71.094,42.267],[-71.131,42.228],[-71.147,42.256],[-71.188,42.28],[-71.191,42.283]]]},"properties":{"fips":"25025","name":"Suffolk","st":"MA","sites":2,"pop":2450884,"trend":0.1,"weeks":[{"w":"2026-09-19","t":0.1,"n":2},{"w":"2026-09-12","t":0.239,"n":2},{"w":"2026-09-05","t":0.188,"n":2},{"w":"2026-08-29","t":0.073,"n":2},{"w":"2026-08-22","t":0.86,"n":2},{"w":"2026-08-15","t":0.157,"n":2},{"w":"2026-08-08","t":-0.749,"n":2},{"w":"2026-08-01","t":0.774,"n":2}]}},{"type":"Feature","geometry":{"type":"Polygon","coordinates":[[[-72.315,42.399],[-72.245,42.513],[-72.271,42.547],[-72.228,42.616],[-72.283,42.722],[-72.204,42.72],[-72.125,42.718],[-72.111,42.717],[-72.081,42.716],[-71.929,42.712],[-71.899,42.711],[-71.858,42.634],[-71.776,42.644],[-71.665,42.612],[-71.679,42.53],[-71.636,42.524],[-71.62,42.553],[-71.539,42.543],[-71.53,42.52],[-71.56,42.474],[-71.559,42.412],[-71.604,42.398],[-71.625,42.35],[-71.585,42.311],[-71.551,42.326],[-71.487,42.33],[-71.506,42.264],[-71.522,42.266],[-71.55,42.266],[-71.587,42.26],[-71.556,42.183],[-71.503,42.191],[-71.478,42.157],[-71.479,42.131],[-71.5,42.103],[-71.498,42.065],[-71.498,42.016],[-71.559,42.014],[-71.591,42.014],[-71.607,42.013],[-71.799,42.008],[-71.801,42.024],[-71.885,42.025],[-71.987,42.027],[-72.102,42.029],[-72.136,42.029],[-72.135,42.147],[-72.142,42.161],[-72.199,42.154],[-72.264,42.184],[-72.221,42.245],[-72.211,42.251],[-72.211,42.311],[-72.289,42.352],[-72.314,42.344],[-72.315,42.399]]]},"properties":{"fips":"25027","name":"Worcester","st":"MA","sites":3,"pop":312240,"trend":0.267,"weeks":[{"w":"2026-09-19","t":0.267,"n":3},{"w":"2026-09-12","t":0.245,"n":3},{"w":"2026-09-05","t":-0.099,"n":3},{"w":"2026-08-29","t":0.171,"n":3},{"w":"2026-08-22","t":1.703,"n":3},{"w":"2026-08-15","t":1.641,"n":3},{"w":"2026-08-08","t":1.755,"n":1},{"w":"2026-08-01","t":2.0,"n":1}]}},{"type":"Feature","geometry":{"type":"Polygon","coordinates":[[[-86.241,42.54],[-86.229,42.63],[-86.227,42.645],[-86.208,42.763],[-86.209,42.768],[-86.137,42.768],[-86.127,42.768],[-85.782,42.768],[-85.546,42.768],[-85.543,42.421],[-85.765,42.421],[-86.277,42.419],[-86.241,42.54]]]},"properties":{"fips":"26005","name":"Allegan","st":"MI","sites":1,"pop":3777,"trend":0.0,"weeks":[{"w":"2026-09-19","t":null,"n":0},{"w":"2026-09-12","t":null,"n":0},{"w":"2026-09-05","t":null,"n":0},{"w":"2026-08-29","t":null,"n":0},{"w":"2026-08-22","t":null,"n":0},{"w":"2026-08-15","t":0.0,"n":1},{"w":"2026-08-08","t":0.0,"n":1},{"w":"2026-08-01","t":0.0,"n":1}]}},{"type":"Feature","geometry":{"type":"Polygon","coordinates":[[[-85.299,42.42],[-85.072,42.421],[-84.718,42.422],[-84.71,42.07],[-84.826,42.072],[-85.294,42.072],[-85.299,42.42]]]},"properties":{"fips":"26025","name":"Calhoun","st":"MI","sites":1,"pop":70000,"trend":0.0,"weeks":[{"w":"2026-09-19","t":null,"n":0},{"w":"2026-09-12","t":null,"n":0},{"w":"2026-09-05","t":null,"n":0},{"w":"2026-08-29","t":null,"n":0},{"w":"2026-08-22","t":null,"n":0},{"w":"2026-08-15","t":0.0,"n":1},{"w":"2026-08-08","t":0.0,"n":1},{"w":"2026-08-01","t":0.0,"n":1}]}},{"type":"Feature","geometry":{"type":"Polygon","coordinates":[[[-87.368,45.985],[-87.243,45.985],[-87.242,46.159],[-87.116,46.159],[-86.616,46.159],[-86.49,46.158],[-86.49,45.896],[-86.46,45.75],[-86.541,45.708],[-86.617,45.621],[-86.637,45.542],[-86.712,45.611],[-86.705,45.691],[-86.647,45.733],[-86.773,45.811],[-86.839,45.722],[-86.964,45.673],[-87.07,45.719],[-87.172,45.662],[-87.253,45.55],[-87.328,45.551],[-87.325,45.899],[-87.368,45.985]]]},"properties":{"fips":"26041","name":"Delta","st":"MI","sites":1,"pop":12600,"trend":0.0,"weeks":[{"w":"2026-09-19","t":null,"n":0},{"w":"2026-09-12","t":0.0,"n":1},{"w":"2026-09-05","t":0.0,"n":1},{"w":"2026-08-29","t":0.0,"n":1},{"w":"2026-08-22","t":0.0,"n":1},{"w":"2026-08-15","t":null,"n":0},{"w":"2026-08-08","t":null,"n":0},{"w":"2026-08-01","t":null,"n":0}]}},{"type":"Feature","geometry":{"type":"Polygon","coordinates":[[[-88.135,45.822],[-88.074,45.876],[-88.115,45.922],[-88.117,45.923],[-88.117,46.247],[-87.616,46.247],[-87.617,45.986],[-87.617,45.899],[-87.697,45.899],[-87.697,45.723],[-87.833,45.723],[-87.88,45.755],[-87.967,45.764],[-87.996,45.795],[-88.049,45.783],[-88.057,45.785],[-88.106,45.799],[-88.135,45.822]]]},"properties":{"fips":"26043","name":"Dickinson","st":"MI","sites":1,"pop":13500,"trend":0.0,"weeks":[{"w":"2026-09-19","t":null,"n":0},{"w":"2026-09-12","t":0.0,"n":1},{"w":"2026-09-05","t":0.0,"n":1},{"w":"2026-08-29","t":0.0,"n":1},{"w":"2026-08-22","t":0.0,"n":1},{"w":"2026-08-15","t":null,"n":0},{"w":"2026-08-08","t":null,"n":0},{"w":"2026-08-01","t":null,"n":0}]}},{"type":"Feature","geometry":{"type":"Polygon","coordinates":[[[-83.932,43.22],[-83.696,43.221],[-83.461,43.223],[-83.453,42.88],[-83.689,42.871],[-83.686,42.783],[-83.923,42.781],[-83.929,43.133],[-83.932,43.22]]]},"properties":{"fips":"26049","name":"Genesee","st":"MI","sites":1,"pop":95000,"trend":0.0,"weeks":[{"w":"2026-09-19","t":0.0,"n":1},{"w":"2026-09-12","t":0.0,"n":1},{"w":"2026-09-05","t":0.0,"n":1},{"w":"2026-08-29","t":0.0,"n":1},{"w":"2026-08-22","t":0.0,"n":1},{"w":"2026-08-15","t":0.0,"n":1},{"w":"2026-08-08","t":0.0,"n":1},{"w":"2026-08-01","t":0.0,"n":1}]}},{"type":"Feature","geometry":{"type":"Polygon","coordinates":[[[-90.418,46.566],[-90.328,46.608],[-90.238,46.624],[-90.045,46.668],[-89.918,46.74],[-89.884,46.765],[-89.864,46.765],[-89.864,46.593],[-89.74,46.592],[-89.741,46.506],[-89.365,46.506],[-89.366,46.333],[-88.991,46.332],[-88.991,46.097],[-89.092,46.139],[-89.638,46.244],[-89.929,46.3],[-90.12,46.337],[-90.158,46.42],[-90.215,46.5],[-90.286,46.519],[-90.332,46.553],[-90.387,46.534],[-90.418,46.566]]]},"properties":{"fips":"26053","name":"Gogebic","st":"MI","sites":1,"pop":6500,"trend":2.0,"weeks":[{"w":"2026-09-19","t":null,"n":0},{"w":"2026-09-12","t":2.0,"n":1},{"w":"2026-09-05","t":2.0,"n":1},{"w":"2026-08-29","t":0.0,"n":1},{"w":"2026-08-22","t":0.0,"n":1},{"w":"2026-08-15","t":null,"n":0},{"w":"2026-08-08","t":null,"n":0},{"w":"2026-08-01","t":null,"n":0}]}},{"type":"Feature","geometry":{"type":"Polygon","coordinates":[[[-85.815,44.775],[-85.618,44.775],[-85.555,45.027],[-85.52,44.974],[-85.475,44.991],[-85.431,45.017],[-85.474,44.859],[-85.382,44.86],[-85.333,44.812],[-85.334,44.512],[-85.818,44.513],[-85.815,44.775]]]},"properties":{"fips":"26055","name":"Grand Traverse","st":"MI","sites":1,"pop":45000,"trend":-0.062,"weeks":[{"w":"2026-09-19","t":null,"n":0},{"w":"2026-09-12","t":null,"n":0},{"w":"2026-09-05","t":null,"n":0},{"w":"2026-08-29","t":null,"n":0},{"w":"2026-08-22","t":null,"n":0},{"w":"2026-08-15","t":null,"n":0},{"w":"2026-08-08","t":-0.062,"n":1},{"w":"2026-08-01","t":null,"n":0}]}},{"type":"Feature","geometry":{"type":"Polygon","coordinates":[[[-84.846,43.466],[-84.608,43.466],[-84.37,43.466],[-84.368,43.128],[-84.368,43.118],[-84.837,43.119],[-84.846,43.466]]]},"properties":{"fips":"26057","name":"Gratiot","st":"MI","sites":1,"pop":8976,"trend":0.0,"weeks":[{"w":"2026-09-19","t":null,"n":0},{"w":"2026-09-12","t":null,"n":0},{"w":"2026-09-05","t":null,"n":0},{"w":"2026-08-29","t":null,"n":0},{"w":"2026-08-22","t":null,"n":0},{"w":"2026-08-15","t":0.0,"n":1},{"w":"2026-08-08","t":0.0,"n":1},{"w":"2026-08-01","t":0.0,"n":1}]}},{"type":"Feature","geometry":{"type":"Polygon","coordinates":[[[-88.99,46.68],[-88.864,46.679],[-88.864,46.765],[-88.932,46.765],[-88.933,47.034],[-88.924,47.042],[-88.889,47.101],[-88.815,47.141],[-88.7,47.205],[-88.585,47.242],[-88.513,47.286],[-88.299,47.286],[-88.298,47.2],[-88.2,47.2],[-88.24,47.139],[-88.34,47.08],[-88.386,47.005],[-88.439,46.942],[-88.552,46.939],[-88.552,46.852],[-88.679,46.852],[-88.679,46.42],[-88.991,46.42],[-88.99,46.68]]]},"properties":{"fips":"26061","name":"Houghton","st":"MI","sites":1,"pop":14000,"trend":-2.0,"weeks":[{"w":"2026-09-19","t":null,"n":0},{"w":"2026-09-12","t":-2.0,"n":1},{"w":"2026-09-05","t":2.0,"n":1},{"w":"2026-08-29","t":2.0,"n":1},{"w":"2026-08-22","t":0.0,"n":1},{"w":"2026-08-15","t":null,"n":0},{"w":"2026-08-08","t":null,"n":0},{"w":"2026-08-01","t":null,"n":0}]}},{"type":"Feature","geometry":{"type":"Polygon","coordinates":[[[-84.603,42.77],[-84.385,42.77],[-84.364,42.776],[-84.158,42.777],[-84.141,42.425],[-84.6,42.422],[-84.603,42.77]]]},"properties":{"fips":"26065","name":"Ingham","st":"MI","sites":1,"pop":22500,"trend":0.0,"weeks":[{"w":"2026-09-19","t":null,"n":0},{"w":"2026-09-12","t":null,"n":0},{"w":"2026-09-05","t":null,"n":0},{"w":"2026-08-29","t":null,"n":0},{"w":"2026-08-22","t":null,"n":0},{"w":"2026-08-15","t":0.0,"n":1},{"w":"2026-08-08","t":0.0,"n":1},{"w":"2026-08-01","t":0.0,"n":1}]}},{"type":"Feature","geometry":{"type":"Polygon","coordinates":[[[-85.089,43.814],[-84.606,43.815],[-84.608,43.466],[-84.846,43.466],[-85.085,43.466],[-85.089,43.814]]]},"properties":{"fips":"26073","name":"Isabella","st":"MI","sites":1,"pop":25629,"trend":0.0,"weeks":[{"w":"2026-09-19","t":null,"n":0},{"w":"2026-09-12","t":null,"n":0},{"w":"2026-09-05","t":null,"n":0},{"w":"2026-08-29","t":null,"n":0},{"w":"2026-08-22","t":null,"n":0},{"w":"2026-08-15","t":0.0,"n":1},{"w":"2026-08-08","t":0.0,"n":1},{"w":"2026-08-01","t":0.0,"n":1}]}},{"type":"Feature","geometry":{"type":"Polygon","coordinates":[[[-84.718,42.422],[-84.6,42.422],[-84.141,42.425],[-84.131,42.425],[-84.132,42.072],[-84.363,42.073],[-84.71,42.07],[-84.718,42.422]]]},"properties":{"fips":"26075","name":"Jackson","st":"MI","sites":1,"pop":90000,"trend":0.0,"weeks":[{"w":"2026-09-19","t":0.0,"n":1},{"w":"2026-09-12","t":0.0,"n":1},{"w":"2026-09-05","t":0.0,"n":1},{"w":"2026-08-29","t":0.0,"n":1},{"w":"2026-08-22","t":0.0,"n":1},{"w":"2026-08-15","t":0.0,"n":1},{"w":"2026-08-08","t":0.0,"n":1},{"w":"2026-08-01","t":0.0,"n":1}]}},{"type":"Feature","geometry":{"type":"Polygon","coordinates":[[[-85.79,43.293],[-85.563,43.294],[-85.312,43.294],[-85.312,43.206],[-85.313,43.119],[-85.31,42.77],[-85.546,42.768],[-85.782,42.768],[-85.782,42.856],[-85.782,42.915],[-85.789,43.031],[-85.791,43.205],[-85.79,43.293]]]},"properties":{"fips":"26081","name":"Kent","st":"MI","sites":1,"pop":145000,"trend":2.0,"weeks":[{"w":"2026-09-19","t":null,"n":0},{"w":"2026-09-12","t":null,"n":0},{"w":"2026-09-05","t":null,"n":0},{"w":"2026-08-29","t":null,"n":0},{"w":"2026-08-22","t":null,"n":0},{"w":"2026-08-15","t":2.0,"n":1},{"w":"2026-08-08","t":1.877,"n":1},{"w":"2026-08-01","t":-1.981,"n":1}]}},{"type":"Feature","geometry":{"type":"Polygon","coordinates":[[[-84.363,42.073],[-84.132,42.072],[-83.774,42.082],[-83.763,41.724],[-83.88,41.72],[-84.134,41.713],[-84.36,41.707],[-84.363,42.073]]]},"properties":{"fips":"26091","name":"Lenawee","st":"MI","sites":1,"pop":8680,"trend":0.0,"weeks":[{"w":"2026-09-19","t":0.0,"n":1},{"w":"2026-09-12","t":0.0,"n":1},{"w":"2026-09-05","t":0.0,"n":1},{"w":"2026-08-29","t":0.0,"n":1},{"w":"2026-08-22","t":0.0,"n":1},{"w":"2026-08-15","t":0.0,"n":1},{"w":"2026-08-08","t":0.0,"n":1},{"w":"2026-08-01","t":0.0,"n":1}]}},{"type":"Feature","geometry":{"type":"Polygon","coordinates":[[[-83.103,42.889],[-82.984,42.894],[-82.739,42.898],[-82.708,42.675],[-82.801,42.63],[-82.766,42.6],[-82.756,42.564],[-82.859,42.542],[-82.859,42.541],[-82.86,42.535],[-82.868,42.474],[-82.87,42.451],[-83.083,42.447],[-83.087,42.535],[-83.09,42.593],[-83.091,42.624],[-83.103,42.889]]]},"properties":{"fips":"26099","name":"Macomb","st":"MI","sites":3,"pop":1990300,"trend":1.375,"weeks":[{"w":"2026-09-19","t":1.375,"n":3},{"w":"2026-09-12","t":1.489,"n":3},{"w":"2026-09-05","t":0.0,"n":3},{"w":"2026-08-29","t":0.0,"n":3},{"w":"2026-08-22","t":0.0,"n":3},{"w":"2026-08-15","t":0.0,"n":3},{"w":"2026-08-08","t":0.0,"n":3},{"w":"2026-08-01","t":0.0,"n":3}]}},{"type":"Feature","geometry":{"type":"Polygon","coordinates":[[[-88.117,46.42],[-88.116,46.678],[-87.992,46.679],[-87.991,46.765],[-88.045,46.765],[-88.045,46.917],[-87.9,46.91],[-87.777,46.877],[-87.687,46.842],[-87.595,46.783],[-87.573,46.72],[-87.503,46.647],[-87.382,46.58],[-87.367,46.507],[-87.175,46.498],[-87.116,46.506],[-87.116,46.159],[-87.242,46.159],[-87.243,45.985],[-87.368,45.985],[-87.617,45.986],[-87.616,46.247],[-88.117,46.247],[-88.117,46.42]]]},"properties":{"fips":"26103","name":"Marquette","st":"MI","sites":1,"pop":25000,"trend":0.0,"weeks":[{"w":"2026-09-19","t":null,"n":0},{"w":"2026-09-12","t":0.0,"n":1},{"w":"2026-09-05","t":-2.0,"n":1},{"w":"2026-08-29","t":-2.0,"n":1},{"w":"2026-08-22","t":2.0,"n":1},{"w":"2026-08-15","t":null,"n":0},{"w":"2026-08-08","t":null,"n":0},{"w":"2026-08-01","t":null,"n":0}]}},{"type":"Feature","geometry":{"type":"Polygon","coordinates":[[[-85.562,43.815],[-85.089,43.814],[-85.085,43.466],[-85.562,43.468],[-85.562,43.815]]]},"properties":{"fips":"26107","name":"Mecosta","st":"MI","sites":1,"pop":21000,"trend":1.964,"weeks":[{"w":"2026-09-19","t":null,"n":0},{"w":"2026-09-12","t":null,"n":0},{"w":"2026-09-05","t":null,"n":0},{"w":"2026-08-29","t":null,"n":0},{"w":"2026-08-22","t":null,"n":0},{"w":"2026-08-15","t":1.964,"n":1},{"w":"2026-08-08","t":1.964,"n":1},{"w":"2026-08-01","t":0.0,"n":1}]}},{"type":"Feature","geometry":{"type":"Polygon","coordinates":[[[-87.857,45.393],[-87.847,45.444],[-87.806,45.473],[-87.804,45.525],[-87.787,45.575],[-87.778,45.609],[-87.825,45.653],[-87.781,45.674],[-87.805,45.704],[-87.833,45.723],[-87.697,45.723],[-87.697,45.899],[-87.617,45.899],[-87.617,45.986],[-87.368,45.985],[-87.325,45.899],[-87.328,45.551],[-87.253,45.55],[-87.289,45.502],[-87.351,45.408],[-87.465,45.273],[-87.549,45.192],[-87.59,45.095],[-87.648,45.106],[-87.695,45.151],[-87.742,45.197],[-87.711,45.245],[-87.667,45.316],[-87.657,45.369],[-87.707,45.384],[-87.751,45.355],[-87.8,45.354],[-87.863,45.353],[-87.857,45.393]]]},"properties":{"fips":"26109","name":"Menominee","st":"MI","sites":1,"pop":3842,"trend":0.0,"weeks":[{"w":"2026-09-19","t":null,"n":0},{"w":"2026-09-12","t":0.0,"n":1},{"w":"2026-09-05","t":0.0,"n":1},{"w":"2026-08-29","t":0.0,"n":1},{"w":"2026-08-22","t":0.0,"n":1},{"w":"2026-08-15","t":null,"n":0},{"w":"2026-08-08","t":null,"n":0},{"w":"2026-08-01","t":null,"n":0}]}},{"type":"Feature","geometry":{"type":"Polygon","coordinates":[[[-84.606,43.815],[-84.367,43.814],[-84.167,43.826],[-84.168,43.569],[-84.171,43.482],[-84.37,43.466],[-84.608,43.466],[-84.606,43.815]]]},"properties":{"fips":"26111","name":"Midland","st":"MI","sites":1,"pop":40000,"trend":null,"weeks":[{"w":"2026-09-19","t":null,"n":0},{"w":"2026-09-12","t":null,"n":0},{"w":"2026-09-05","t":null,"n":0},{"w":"2026-08-29","t":null,"n":0},{"w":"2026-08-22","t":null,"n":0},{"w":"2026-08-15","t":null,"n":0},{"w":"2026-08-08","t":null,"n":0},{"w":"2026-08-01","t":null,"n":0}]}},{"type":"Feature","geometry":{"type":"Polygon","coordinates":[[[-86.464,43.472],[-86.039,43.467],[-86.039,43.294],[-85.79,43.293],[-85.791,43.205],[-85.908,43.206],[-85.907,43.119],[-86.274,43.118],[-86.316,43.195],[-86.408,43.338],[-86.449,43.432],[-86.464,43.472]]]},"properties":{"fips":"26121","name":"Muskegon","st":"MI","sites":1,"pop":125000,"trend":null,"weeks":[{"w":"2026-09-19","t":null,"n":0},{"w":"2026-09-12","t":null,"n":0},{"w":"2026-09-05","t":null,"n":0},{"w":"2026-08-29","t":null,"n":0},{"w":"2026-08-22","t":null,"n":0},{"w":"2026-08-15","t":null,"n":0},{"w":"2026-08-08","t":null,"n":0},{"w":"2026-08-01","t":null,"n":0}]}},{"type":"Feature","geometry":{"type":"Polygon","coordinates":[[[-83.689,42.871],[-83.453,42.88],[-83.103,42.889],[-83.091,42.624],[-83.09,42.593],[-83.087,42.535],[-83.083,42.447],[-83.152,42.446],[-83.204,42.445],[-83.317,42.442],[-83.434,42.439],[-83.552,42.435],[-83.665,42.431],[-83.683,42.696],[-83.686,42.783],[-83.689,42.871]]]},"properties":{"fips":"26125","name":"Oakland","st":"MI","sites":3,"pop":2336500,"trend":1.172,"weeks":[{"w":"2026-09-19","t":1.172,"n":3},{"w":"2026-09-12","t":1.269,"n":3},{"w":"2026-09-05","t":0.0,"n":3},{"w":"2026-08-29","t":0.0,"n":3},{"w":"2026-08-22","t":0.0,"n":3},{"w":"2026-08-15","t":0.0,"n":3},{"w":"2026-08-08","t":0.0,"n":3},{"w":"2026-08-01","t":0.0,"n":3}]}},{"type":"Feature","geometry":{"type":"Polygon","coordinates":[[[-84.857,45.117],[-84.735,45.115],[-84.734,45.202],[-84.367,45.199],[-84.372,44.855],[-84.847,44.858],[-84.857,45.117]]]},"properties":{"fips":"26137","name":"Otsego","st":"MI","sites":1,"pop":3670,"trend":2.0,"weeks":[{"w":"2026-09-19","t":null,"n":0},{"w":"2026-09-12","t":null,"n":0},{"w":"2026-09-05","t":2.0,"n":1},{"w":"2026-08-29","t":2.0,"n":1},{"w":"2026-08-22","t":0.0,"n":1},{"w":"2026-08-15","t":-1.882,"n":1},{"w":"2026-08-08","t":-2.0,"n":1},{"w":"2026-08-01","t":-0.27,"n":1}]}},{"type":"Feature","geometry":{"type":"Polygon","coordinates":[[[-86.615,46.333],[-86.365,46.332],[-86.365,46.506],[-85.865,46.505],[-85.865,46.245],[-85.866,45.948],[-85.914,45.919],[-86.072,45.965],[-86.278,45.942],[-86.349,45.834],[-86.44,45.761],[-86.46,45.75],[-86.49,45.896],[-86.49,46.158],[-86.616,46.159],[-86.615,46.333]]]},"properties":{"fips":"26153","name":"Schoolcraft","st":"MI","sites":1,"pop":3412,"trend":-1.999,"weeks":[{"w":"2026-09-19","t":null,"n":0},{"w":"2026-09-12","t":-1.999,"n":1},{"w":"2026-09-05","t":-1.999,"n":1},{"w":"2026-08-29","t":1.999,"n":1},{"w":"2026-08-22","t":1.999,"n":1},{"w":"2026-08-15","t":null,"n":0},{"w":"2026-08-08","t":null,"n":0},{"w":"2026-08-01","t":null,"n":0}]}},{"type":"Feature","geometry":{"type":"Polygon","coordinates":[[[-84.131,42.425],[-83.945,42.424],[-83.665,42.431],[-83.552,42.435],[-83.548,42.349],[-83.544,42.262],[-83.542,42.174],[-83.539,42.086],[-83.774,42.082],[-84.132,42.072],[-84.131,42.425]]]},"properties":{"fips":"26161","name":"Washtenaw","st":"MI","sites":2,"pop":480000,"trend":-1.3,"weeks":[{"w":"2026-09-19","t":-1.3,"n":2},{"w":"2026-09-12","t":-1.239,"n":2},{"w":"2026-09-05","t":-0.75,"n":2},{"w":"2026-08-29","t":2.0,"n":2},{"w":"2026-08-22","t":1.375,"n":2},{"w":"2026-08-15","t":0.0,"n":2},{"w":"2026-08-08","t":0.0,"n":2},{"w":"2026-08-01","t":0.0,"n":2}]}},{"type":"Feature","geometry":{"type":"Polygon","coordinates":[[[-83.552,42.435],[-83.434,42.439],[-83.317,42.442],[-83.204,42.445],[-83.152,42.446],[-83.083,42.447],[-82.87,42.451],[-82.87,42.451],[-82.924,42.352],[-82.95,42.344],[-82.989,42.332],[-83.097,42.29],[-83.098,42.286],[-83.116,42.231],[-83.134,42.175],[-83.134,42.088],[-83.186,42.052],[-83.195,42.033],[-83.284,42.09],[-83.539,42.086],[-83.542,42.174],[-83.544,42.262],[-83.548,42.349],[-83.552,42.435]]]},"properties":{"fips":"26163","name":"Wayne","st":"MI","sites":2,"pop":1332600,"trend":0.0,"weeks":[{"w":"2026-09-19","t":0.0,"n":2},{"w":"2026-09-12","t":0.0,"n":2},{"w":"2026-09-05","t":0.0,"n":2},{"w":"2026-08-29","t":0.0,"n":2},{"w":"2026-08-22","t":0.0,"n":2},{"w":"2026-08-15","t":0.0,"n":2},{"w":"2026-08-08","t":0.0,"n":2},{"w":"2026-08-01","t":0.0,"n":2}]}},{"type":"Feature","geometry":{"type":"Polygon","coordinates":[[[-85.818,44.513],[-85.334,44.512],[-85.335,44.165],[-85.565,44.165],[-85.821,44.164],[-85.818,44.513]]]},"properties":{"fips":"26165","name":"Wexford","st":"MI","sites":1,"pop":10450,"trend":-2.0,"weeks":[{"w":"2026-09-19","t":null,"n":0},{"w":"2026-09-12","t":null,"n":0},{"w":"2026-09-05","t":null,"n":0},{"w":"2026-08-29","t":null,"n":0},{"w":"2026-08-22","t":null,"n":0},{"w":"2026-08-15","t":null,"n":0},{"w":"2026-08-08","t":-2.0,"n":1},{"w":"2026-08-01","t":0.426,"n":1}]}},{"type":"Feature","geometry":{"type":"Polygon","coordinates":[[[-93.51,45.415],[-93.02,45.412],[-93.019,45.297],[-93.021,45.124],[-93.228,45.125],[-93.227,45.05],[-93.227,45.036],[-93.283,45.035],[-93.281,45.072],[-93.278,45.103],[-93.296,45.119],[-93.312,45.144],[-93.373,45.178],[-93.426,45.215],[-93.512,45.246],[-93.51,45.415]]]},"properties":{"fips":"27003","name":"Anoka","st":"MN","sites":2,"pop":1966881,"trend":2.0,"weeks":[{"w":"2026-09-19","t":2.0,"n":1},{"w":"2026-09-12","t":0.0,"n":1},{"w":"2026-09-05","t":0.0,"n":2},{"w":"2026-08-29","t":0.0,"n":2},{"w":"2026-08-22","t":0.0,"n":2},{"w":"2026-08-15","t":0.0,"n":2},{"w":"2026-08-08","t":0.0,"n":2},{"w":"2026-08-01","t":0.0,"n":2}]}},{"type":"Feature","geometry":{"type":"Polygon","coordinates":[[[-94.353,45.822],[-93.764,45.822],[-93.759,45.56],[-94.149,45.559],[-94.204,45.62],[-94.183,45.68],[-94.272,45.775],[-94.353,45.822]]]},"properties":{"fips":"27009","name":"Benton","st":"MN","sites":1,"pop":120961,"trend":-2.0,"weeks":[{"w":"2026-09-19","t":-2.0,"n":1},{"w":"2026-09-12","t":2.0,"n":1},{"w":"2026-09-05","t":2.0,"n":1},{"w":"2026-08-29","t":2.0,"n":1},{"w":"2026-08-22","t":0.0,"n":1},{"w":"2026-08-15","t":0.0,"n":1},{"w":"2026-08-08","t":0.0,"n":1},{"w":"2026-08-01","t":0.0,"n":1}]}},{"type":"Feature","geometry":{"type":"Polygon","coordinates":[[[-94.372,44.264],[-94.055,44.154],[-94.005,44.168],[-94.012,44.24],[-93.768,44.239],[-93.768,44.196],[-93.768,43.848],[-94.247,43.848],[-94.369,43.848],[-94.369,44.109],[-94.372,44.264]]]},"properties":{"fips":"27013","name":"Blue Earth","st":"MN","sites":1,"pop":63910,"trend":0.0,"weeks":[{"w":"2026-09-19","t":null,"n":0},{"w":"2026-09-12","t":0.0,"n":1},{"w":"2026-09-05","t":0.0,"n":1},{"w":"2026-08-29","t":0.0,"n":1},{"w":"2026-08-22","t":0.0,"n":1},{"w":"2026-08-15","t":0.0,"n":1},{"w":"2026-08-08","t":0.0,"n":1},{"w":"2026-08-01","t":0.0,"n":1}]}},{"type":"Feature","geometry":{"type":"Polygon","coordinates":[[[-93.065,46.678],[-93.061,46.767],[-92.302,46.764],[-92.292,46.663],[-92.292,46.496],[-92.293,46.417],[-93.055,46.419],[-93.056,46.579],[-93.063,46.593],[-93.065,46.678]]]},"properties":{"fips":"27017","name":"Carlton","st":"MN","sites":1,"pop":130086,"trend":0.0,"weeks":[{"w":"2026-09-19","t":null,"n":0},{"w":"2026-09-12","t":null,"n":0},{"w":"2026-09-05","t":0.0,"n":1},{"w":"2026-08-29","t":0.0,"n":1},{"w":"2026-08-22","t":0.0,"n":1},{"w":"2026-08-15","t":0.0,"n":1},{"w":"2026-08-08","t":0.0,"n":1},{"w":"2026-08-01","t":0.0,"n":1}]}},{"type":"Feature","geometry":{"type":"Polygon","coordinates":[[[-94.012,44.979],[-93.768,44.978],[-93.768,44.891],[-93.521,44.892],[-93.52,44.805],[-93.579,44.794],[-93.594,44.776],[-93.618,44.707],[-93.768,44.64],[-93.768,44.674],[-93.889,44.673],[-93.889,44.717],[-94.01,44.717],[-94.012,44.979]]]},"properties":{"fips":"27019","name":"Carver","st":"MN","sites":1,"pop":450074,"trend":0.0,"weeks":[{"w":"2026-09-19","t":null,"n":0},{"w":"2026-09-12","t":0.0,"n":1},{"w":"2026-09-05","t":0.0,"n":1},{"w":"2026-08-29","t":0.0,"n":1},{"w":"2026-08-22","t":0.0,"n":1},{"w":"2026-08-15","t":0.0,"n":1},{"w":"2026-08-08","t":0.0,"n":1},{"w":"2026-08-01","t":0.0,"n":1}]}},{"type":"Feature","geometry":{"type":"Polygon","coordinates":[[[-93.33,44.791],[-93.252,44.811],[-93.198,44.862],[-93.179,44.888],[-93.096,44.923],[-93.02,44.891],[-93.01,44.846],[-93.016,44.776],[-92.792,44.759],[-92.732,44.715],[-92.732,44.629],[-92.793,44.63],[-92.793,44.543],[-93.039,44.515],[-93.039,44.472],[-93.282,44.472],[-93.282,44.544],[-93.278,44.631],[-93.318,44.718],[-93.33,44.791]]]},"properties":{"fips":"27037","name":"Dakota","st":"MN","sites":5,"pop":2441207,"trend":1.751,"weeks":[{"w":"2026-09-19","t":1.751,"n":3},{"w":"2026-09-12","t":0.154,"n":4},{"w":"2026-09-05","t":0.0,"n":5},{"w":"2026-08-29","t":-0.152,"n":5},{"w":"2026-08-22","t":-0.152,"n":5},{"w":"2026-08-15","t":0.152,"n":5},{"w":"2026-08-08","t":0.152,"n":5},{"w":"2026-08-01","t":0.0,"n":5}]}},{"type":"Feature","geometry":{"type":"Polygon","coordinates":[[[-93.046,44.197],[-93.041,44.197],[-92.679,44.196],[-92.678,43.858],[-92.689,43.849],[-93.046,43.848],[-93.046,44.197]]]},"properties":{"fips":"27039","name":"Dodge","st":"MN","sites":1,"pop":23378,"trend":0.0,"weeks":[{"w":"2026-09-19","t":null,"n":0},{"w":"2026-09-12","t":0.0,"n":1},{"w":"2026-09-05","t":0.0,"n":1},{"w":"2026-08-29","t":0.0,"n":1},{"w":"2026-08-22","t":0.0,"n":1},{"w":"2026-08-15","t":0.0,"n":1},{"w":"2026-08-08","t":0.0,"n":1},{"w":"2026-08-01","t":0.0,"n":1}]}},{"type":"Feature","geometry":{"type":"Polygon","coordinates":[[[-95.77,46.107],[-95.146,46.107],[-95.14,45.773],[-95.14,45.759],[-95.759,45.76],[-95.77,46.107]]]},"properties":{"fips":"27041","name":"Douglas","st":"MN","sites":1,"pop":23378,"trend":0.0,"weeks":[{"w":"2026-09-19","t":null,"n":0},{"w":"2026-09-12","t":0.0,"n":1},{"w":"2026-09-05","t":0.0,"n":1},{"w":"2026-08-29","t":0.0,"n":1},{"w":"2026-08-22","t":0.0,"n":1},{"w":"2026-08-15","t":0.0,"n":1},{"w":"2026-08-08","t":0.0,"n":1},{"w":"2026-08-01","t":0.0,"n":1}]}},{"type":"Feature","geometry":{"type":"Polygon","coordinates":[[[-93.648,43.848],[-93.407,43.848],[-93.05,43.848],[-93.049,43.5],[-93.229,43.5],[-93.497,43.5],[-93.577,43.5],[-93.649,43.5],[-93.648,43.848]]]},"properties":{"fips":"27047","name":"Freeborn","st":"MN","sites":1,"pop":18544,"trend":0.0,"weeks":[{"w":"2026-09-19","t":null,"n":0},{"w":"2026-09-12","t":0.0,"n":1},{"w":"2026-09-05","t":0.0,"n":1},{"w":"2026-08-29","t":0.0,"n":1},{"w":"2026-08-22","t":0.0,"n":1},{"w":"2026-08-15","t":0.0,"n":1},{"w":"2026-08-08","t":0.0,"n":1},{"w":"2026-08-01","t":0.0,"n":1}]}},{"type":"Feature","geometry":{"type":"Polygon","coordinates":[[[-93.039,44.472],[-93.039,44.515],[-92.793,44.543],[-92.793,44.63],[-92.732,44.629],[-92.732,44.715],[-92.696,44.689],[-92.618,44.613],[-92.549,44.578],[-92.399,44.558],[-92.362,44.559],[-92.317,44.539],[-92.314,44.538],[-92.291,44.485],[-92.245,44.454],[-92.43,44.455],[-92.431,44.368],[-92.551,44.369],[-92.551,44.195],[-92.679,44.196],[-93.041,44.197],[-93.039,44.472]]]},"properties":{"fips":"27049","name":"Goodhue","st":"MN","sites":1,"pop":16547,"trend":0.0,"weeks":[{"w":"2026-09-19","t":null,"n":0},{"w":"2026-09-12","t":0.0,"n":1},{"w":"2026-09-05","t":null,"n":0},{"w":"2026-08-29","t":0.0,"n":1},{"w":"2026-08-22","t":0.0,"n":1},{"w":"2026-08-15","t":0.0,"n":1},{"w":"2026-08-08","t":0.0,"n":1},{"w":"2026-08-01","t":0.0,"n":1}]}},{"type":"Feature","geometry":{"type":"Polygon","coordinates":[[[-93.768,44.978],[-93.762,45.081],[-93.676,45.151],[-93.667,45.154],[-93.662,45.153],[-93.648,45.159],[-93.645,45.162],[-93.639,45.166],[-93.639,45.174],[-93.659,45.194],[-93.522,45.247],[-93.512,45.246],[-93.426,45.215],[-93.373,45.178],[-93.312,45.144],[-93.296,45.119],[-93.278,45.103],[-93.281,45.072],[-93.283,45.035],[-93.227,45.036],[-93.208,45.036],[-93.2,44.91],[-93.179,44.888],[-93.198,44.862],[-93.252,44.811],[-93.33,44.791],[-93.357,44.786],[-93.52,44.805],[-93.521,44.892],[-93.768,44.891],[-93.768,44.978]]]},"properties":{"fips":"27053","name":"Hennepin","st":"MN","sites":4,"pop":2673764,"trend":1.769,"weeks":[{"w":"2026-09-19","t":1.769,"n":2},{"w":"2026-09-12","t":0.01,"n":4},{"w":"2026-09-05","t":0.01,"n":4},{"w":"2026-08-29","t":-0.01,"n":4},{"w":"2026-08-22","t":0.01,"n":4},{"w":"2026-08-15","t":0.01,"n":4},{"w":"2026-08-08","t":0.0,"n":4},{"w":"2026-08-01","t":0.0,"n":4}]}},{"type":"Feature","geometry":{"type":"Polygon","coordinates":[[[-94.419,47.846],[-93.776,47.846],[-93.776,47.899],[-93.081,47.892],[-93.061,47.72],[-93.07,47.4],[-93.057,47.026],[-93.775,47.03],[-93.774,47.211],[-93.809,47.233],[-93.774,47.305],[-93.888,47.319],[-93.912,47.298],[-94.042,47.373],[-94.028,47.409],[-94.095,47.478],[-94.328,47.416],[-94.416,47.445],[-94.419,47.846]]]},"properties":{"fips":"27061","name":"Itasca","st":"MN","sites":1,"pop":11200,"trend":0.0,"weeks":[{"w":"2026-09-19","t":null,"n":0},{"w":"2026-09-12","t":null,"n":0},{"w":"2026-09-05","t":0.0,"n":1},{"w":"2026-08-29","t":0.0,"n":1},{"w":"2026-08-22","t":0.0,"n":1},{"w":"2026-08-15","t":0.0,"n":1},{"w":"2026-08-08","t":0.0,"n":1},{"w":"2026-08-01","t":null,"n":0}]}},{"type":"Feature","geometry":{"type":"Polygon","coordinates":[[[-93.518,45.982],[-93.432,45.981],[-93.432,46.154],[-93.283,46.159],[-93.054,46.158],[-93.055,45.981],[-93.143,45.981],[-93.142,45.731],[-93.514,45.734],[-93.518,45.982]]]},"properties":{"fips":"27065","name":"Kanabec","st":"MN","sites":1,"pop":3772,"trend":0.0,"weeks":[{"w":"2026-09-19","t":null,"n":0},{"w":"2026-09-12","t":0.0,"n":1},{"w":"2026-09-05","t":0.0,"n":1},{"w":"2026-08-29","t":0.0,"n":1},{"w":"2026-08-22","t":0.0,"n":1},{"w":"2026-08-15","t":0.0,"n":1},{"w":"2026-08-08","t":0.0,"n":1},{"w":"2026-08-01","t":0.0,"n":1}]}},{"type":"Feature","geometry":{"type":"Polygon","coordinates":[[[-95.255,45.413],[-95.132,45.412],[-94.763,45.413],[-94.763,45.326],[-94.758,44.892],[-95.249,44.891],[-95.246,45.152],[-95.255,45.239],[-95.255,45.413]]]},"properties":{"fips":"27067","name":"Kandiyohi","st":"MN","sites":2,"pop":26900,"trend":0.0,"weeks":[{"w":"2026-09-19","t":0.0,"n":1},{"w":"2026-09-12","t":0.0,"n":2},{"w":"2026-09-05","t":1.562,"n":2},{"w":"2026-08-29","t":0.0,"n":2},{"w":"2026-08-22","t":0.0,"n":2},{"w":"2026-08-15","t":0.0,"n":2},{"w":"2026-08-08","t":0.0,"n":2},{"w":"2026-08-01","t":0.0,"n":2}]}},{"type":"Feature","geometry":{"type":"Polygon","coordinates":[[[-94.025,44.257],[-93.933,44.345],[-93.962,44.364],[-93.955,44.374],[-93.963,44.382],[-93.953,44.384],[-93.951,44.407],[-93.941,44.412],[-93.928,44.445],[-93.93,44.457],[-93.885,44.519],[-93.91,44.543],[-93.524,44.544],[-93.525,44.196],[-93.768,44.196],[-93.768,44.239],[-94.012,44.24],[-94.025,44.257]]]},"properties":{"fips":"27079","name":"Le Sueur","st":"MN","sites":1,"pop":5173,"trend":0.0,"weeks":[{"w":"2026-09-19","t":0.0,"n":1},{"w":"2026-09-12","t":0.0,"n":1},{"w":"2026-09-05","t":0.0,"n":1},{"w":"2026-08-29","t":0.0,"n":1},{"w":"2026-08-22","t":0.0,"n":1},{"w":"2026-08-15","t":0.0,"n":1},{"w":"2026-08-08","t":0.0,"n":1},{"w":"2026-08-01","t":0.0,"n":1}]}},{"type":"Feature","geometry":{"type":"Polygon","coordinates":[[[-96.093,44.63],[-95.604,44.63],[-95.595,44.542],[-95.594,44.196],[-96.064,44.196],[-96.079,44.197],[-96.08,44.543],[-96.093,44.63]]]},"properties":{"fips":"27083","name":"Lyon","st":"MN","sites":1,"pop":13628,"trend":0.0,"weeks":[{"w":"2026-09-19","t":0.0,"n":1},{"w":"2026-09-12","t":0.0,"n":1},{"w":"2026-09-05","t":0.0,"n":1},{"w":"2026-08-29","t":0.0,"n":1},{"w":"2026-08-22","t":0.0,"n":1},{"w":"2026-08-15","t":0.0,"n":1},{"w":"2026-08-08","t":0.0,"n":1},{"w":"2026-08-01","t":0.0,"n":1}]}},{"type":"Feature","geometry":{"type":"Polygon","coordinates":[[[-93.811,46.234],[-93.796,46.243],[-93.431,46.246],[-93.432,46.154],[-93.432,45.981],[-93.518,45.982],[-93.514,45.734],[-93.511,45.559],[-93.759,45.56],[-93.764,45.822],[-93.81,45.983],[-93.81,46.157],[-93.811,46.234]]]},"properties":{"fips":"27095","name":"Mille Lacs","st":"MN","sites":1,"pop":5885,"trend":0.0,"weeks":[{"w":"2026-09-19","t":0.0,"n":1},{"w":"2026-09-12","t":0.0,"n":1},{"w":"2026-09-05","t":0.0,"n":1},{"w":"2026-08-29","t":0.0,"n":1},{"w":"2026-08-22","t":0.0,"n":1},{"w":"2026-08-15","t":0.0,"n":1},{"w":"2026-08-08","t":0.0,"n":1},{"w":"2026-08-01","t":0.0,"n":1}]}},{"type":"Feature","geometry":{"type":"Polygon","coordinates":[[[-94.653,46.349],[-94.535,46.303],[-94.427,46.332],[-94.342,46.278],[-94.389,46.238],[-94.375,46.157],[-93.81,46.157],[-93.81,45.983],[-93.764,45.822],[-94.353,45.822],[-94.272,45.775],[-94.513,45.774],[-94.644,45.774],[-94.653,46.349]]]},"properties":{"fips":"27097","name":"Morrison","st":"MN","sites":1,"pop":9140,"trend":0.0,"weeks":[{"w":"2026-09-19","t":null,"n":0},{"w":"2026-09-12","t":0.0,"n":1},{"w":"2026-09-05","t":0.0,"n":1},{"w":"2026-08-29","t":0.0,"n":1},{"w":"2026-08-22","t":0.0,"n":1},{"w":"2026-08-15","t":0.0,"n":1},{"w":"2026-08-08","t":0.0,"n":1},{"w":"2026-08-01","t":0.0,"n":1}]}},{"type":"Feature","geometry":{"type":"Polygon","coordinates":[[[-96.052,43.849],[-95.462,43.848],[-95.453,43.848],[-95.454,43.5],[-95.487,43.5],[-95.834,43.5],[-95.861,43.5],[-96.053,43.5],[-96.052,43.849]]]},"properties":{"fips":"27105","name":"Nobles","st":"MN","sites":1,"pop":13947,"trend":0.0,"weeks":[{"w":"2026-09-19","t":0.0,"n":1},{"w":"2026-09-12","t":0.0,"n":1},{"w":"2026-09-05","t":0.0,"n":1},{"w":"2026-08-29","t":0.0,"n":1},{"w":"2026-08-22","t":0.0,"n":1},{"w":"2026-08-15","t":0.0,"n":1},{"w":"2026-08-08","t":0.0,"n":1},{"w":"2026-08-01","t":0.0,"n":1}]}},{"type":"Feature","geometry":{"type":"Polygon","coordinates":[[[-92.678,43.858],[-92.679,44.196],[-92.551,44.195],[-92.319,44.194],[-92.319,44.108],[-92.079,44.107],[-92.079,43.847],[-92.424,43.848],[-92.449,43.834],[-92.674,43.834],[-92.689,43.849],[-92.678,43.858]]]},"properties":{"fips":"27109","name":"Olmsted","st":"MN","sites":1,"pop":121395,"trend":0.0,"weeks":[{"w":"2026-09-19","t":0.0,"n":1},{"w":"2026-09-12","t":0.0,"n":1},{"w":"2026-09-05","t":0.0,"n":1},{"w":"2026-08-29","t":0.0,"n":1},{"w":"2026-08-22","t":0.0,"n":1},{"w":"2026-08-15","t":0.0,"n":1},{"w":"2026-08-08","t":0.0,"n":1},{"w":"2026-08-01","t":0.0,"n":1}]}},{"type":"Feature","geometry":{"type":"Polygon","coordinates":[[[-96.281,46.631],[-96.172,46.631],[-96.175,46.718],[-95.248,46.716],[-95.164,46.718],[-95.156,46.63],[-95.156,46.369],[-95.146,46.282],[-95.146,46.107],[-95.77,46.107],[-96.265,46.109],[-96.28,46.282],[-96.281,46.631]]]},"properties":{"fips":"27111","name":"Otter Tail","st":"MN","sites":1,"pop":14119,"trend":0.0,"weeks":[{"w":"2026-09-19","t":0.0,"n":1},{"w":"2026-09-12","t":0.0,"n":1},{"w":"2026-09-05","t":0.0,"n":1},{"w":"2026-08-29","t":0.0,"n":1},{"w":"2026-08-22","t":0.0,"n":1},{"w":"2026-08-15","t":0.0,"n":1},{"w":"2026-08-08","t":0.0,"n":1},{"w":"2026-08-01","t":0.0,"n":1}]}},{"type":"Feature","geometry":{"type":"Polygon","coordinates":[[[-93.228,45.125],[-93.021,45.124],[-92.985,45.124],[-92.984,44.891],[-93.02,44.891],[-93.096,44.923],[-93.179,44.888],[-93.2,44.91],[-93.208,45.036],[-93.227,45.036],[-93.227,45.05],[-93.228,45.125]]]},"properties":{"fips":"27123","name":"Ramsey","st":"MN","sites":1,"pop":1955095,"trend":2.0,"weeks":[{"w":"2026-09-19","t":2.0,"n":1},{"w":"2026-09-12","t":0.0,"n":1},{"w":"2026-09-05","t":0.0,"n":1},{"w":"2026-08-29","t":0.0,"n":1},{"w":"2026-08-22","t":0.0,"n":1},{"w":"2026-08-15","t":0.0,"n":1},{"w":"2026-08-08","t":0.0,"n":1},{"w":"2026-08-01","t":0.0,"n":1}]}},{"type":"Feature","geometry":{"type":"Polygon","coordinates":[[[-93.524,44.544],[-93.358,44.544],[-93.282,44.544],[-93.282,44.472],[-93.039,44.472],[-93.041,44.197],[-93.046,44.197],[-93.162,44.197],[-93.407,44.196],[-93.525,44.196],[-93.524,44.544]]]},"properties":{"fips":"27131","name":"Rice","st":"MN","sites":1,"pop":22502,"trend":0.0,"weeks":[{"w":"2026-09-19","t":null,"n":0},{"w":"2026-09-12","t":null,"n":0},{"w":"2026-09-05","t":0.0,"n":1},{"w":"2026-08-29","t":0.0,"n":1},{"w":"2026-08-22","t":0.0,"n":1},{"w":"2026-08-15","t":0.0,"n":1},{"w":"2026-08-08","t":0.0,"n":1},{"w":"2026-08-01","t":0.0,"n":1}]}},{"type":"Feature","geometry":{"type":"Polygon","coordinates":[[[-93.089,48.627],[-92.955,48.631],[-92.895,48.595],[-92.728,48.539],[-92.635,48.543],[-92.631,48.508],[-92.657,48.467],[-92.576,48.441],[-92.515,48.448],[-92.456,48.414],[-92.47,48.352],[-92.416,48.295],[-92.369,48.22],[-92.315,48.241],[-92.296,48.278],[-92.295,48.324],[-92.262,48.355],[-92.162,48.363],[-92.055,48.359],[-92.0,48.321],[-91.981,48.248],[-91.893,48.238],[-91.797,48.206],[-91.789,47.543],[-91.794,46.943],[-91.807,46.934],[-91.906,46.891],[-92.013,46.834],[-92.062,46.804],[-92.015,46.706],[-92.051,46.711],[-92.1,46.734],[-92.143,46.732],[-92.183,46.695],[-92.205,46.665],[-92.292,46.663],[-92.302,46.764],[-93.061,46.767],[-93.057,47.026],[-93.07,47.4],[-93.061,47.72],[-93.081,47.892],[-93.097,48.068],[-93.089,48.627]]]},"properties":{"fips":"27137","name":"St. Louis","st":"MN","sites":2,"pop":231005,"trend":0.0,"weeks":[{"w":"2026-09-19","t":null,"n":0},{"w":"2026-09-12","t":null,"n":0},{"w":"2026-09-05","t":0.0,"n":1},{"w":"2026-08-29","t":0.0,"n":1},{"w":"2026-08-22","t":0.0,"n":1},{"w":"2026-08-15","t":0.0,"n":1},{"w":"2026-08-08","t":0.0,"n":1},{"w":"2026-08-01","t":0.0,"n":1}]}},{"type":"Feature","geometry":{"type":"Polygon","coordinates":[[[-93.902,44.588],[-93.768,44.64],[-93.618,44.707],[-93.594,44.776],[-93.579,44.794],[-93.52,44.805],[-93.357,44.786],[-93.33,44.791],[-93.318,44.718],[-93.278,44.631],[-93.282,44.544],[-93.358,44.544],[-93.524,44.544],[-93.91,44.543],[-93.902,44.588]]]},"properties":{"fips":"27139","name":"Scott","st":"MN","sites":2,"pop":705698,"trend":0.0,"weeks":[{"w":"2026-09-19","t":0.0,"n":1},{"w":"2026-09-12","t":0.0,"n":2},{"w":"2026-09-05","t":0.0,"n":2},{"w":"2026-08-29","t":0.0,"n":2},{"w":"2026-08-22","t":0.0,"n":2},{"w":"2026-08-15","t":0.0,"n":2},{"w":"2026-08-08","t":0.0,"n":2},{"w":"2026-08-01","t":0.0,"n":2}]}},{"type":"Feature","geometry":{"type":"Polygon","coordinates":[[[-94.149,45.559],[-93.759,45.56],[-93.511,45.559],[-93.51,45.415],[-93.512,45.246],[-93.522,45.247],[-93.564,45.301],[-93.772,45.299],[-94.047,45.423],[-94.142,45.493],[-94.149,45.559]]]},"properties":{"fips":"27141","name":"Sherburne","st":"MN","sites":2,"pop":146796,"trend":-2.0,"weeks":[{"w":"2026-09-19","t":-2.0,"n":1},{"w":"2026-09-12","t":2.0,"n":1},{"w":"2026-09-05","t":1.648,"n":2},{"w":"2026-08-29","t":1.648,"n":2},{"w":"2026-08-22","t":0.0,"n":2},{"w":"2026-08-15","t":0.0,"n":2},{"w":"2026-08-08","t":0.0,"n":2},{"w":"2026-08-01","t":0.0,"n":2}]}},{"type":"Feature","geometry":{"type":"Polygon","coordinates":[[[-95.14,45.773],[-94.644,45.774],[-94.513,45.774],[-94.272,45.775],[-94.183,45.68],[-94.204,45.62],[-94.149,45.559],[-94.142,45.493],[-94.047,45.423],[-94.093,45.342],[-94.261,45.284],[-94.383,45.283],[-94.384,45.327],[-94.64,45.326],[-94.763,45.326],[-94.763,45.413],[-95.132,45.412],[-95.14,45.759],[-95.14,45.773]]]},"properties":{"fips":"27145","name":"Stearns","st":"MN","sites":1,"pop":120961,"trend":-2.0,"weeks":[{"w":"2026-09-19","t":-2.0,"n":1},{"w":"2026-09-12","t":2.0,"n":1},{"w":"2026-09-05","t":2.0,"n":1},{"w":"2026-08-29","t":2.0,"n":1},{"w":"2026-08-22","t":0.0,"n":1},{"w":"2026-08-15","t":0.0,"n":1},{"w":"2026-08-08","t":0.0,"n":1},{"w":"2026-08-01","t":0.0,"n":1}]}},{"type":"Feature","geometry":{"type":"Polygon","coordinates":[[[-93.019,45.297],[-92.748,45.296],[-92.762,45.285],[-92.766,45.21],[-92.767,45.195],[-92.744,45.124],[-92.741,45.113],[-92.803,45.065],[-92.762,45.022],[-92.751,44.942],[-92.767,44.862],[-92.767,44.862],[-92.769,44.854],[-92.805,44.768],[-92.792,44.759],[-93.016,44.776],[-93.01,44.846],[-93.02,44.891],[-92.984,44.891],[-92.985,45.124],[-93.021,45.124],[-93.019,45.297]]]},"properties":{"fips":"27163","name":"Washington","st":"MN","sites":3,"pop":2099598,"trend":2.0,"weeks":[{"w":"2026-09-19","t":2.0,"n":3},{"w":"2026-09-12","t":0.109,"n":3},{"w":"2026-09-05","t":0.0,"n":3},{"w":"2026-08-29","t":0.0,"n":3},{"w":"2026-08-22","t":0.0,"n":3},{"w":"2026-08-15","t":0.0,"n":3},{"w":"2026-08-08","t":0.0,"n":3},{"w":"2026-08-01","t":0.0,"n":3}]}},{"type":"Feature","geometry":{"type":"Polygon","coordinates":[[[-94.261,45.284],[-94.093,45.342],[-94.047,45.423],[-93.772,45.299],[-93.564,45.301],[-93.522,45.247],[-93.659,45.194],[-93.639,45.174],[-93.639,45.166],[-93.645,45.162],[-93.648,45.159],[-93.662,45.153],[-93.667,45.154],[-93.676,45.151],[-93.762,45.081],[-93.768,44.978],[-94.012,44.979],[-94.256,44.979],[-94.257,45.239],[-94.261,45.284]]]},"properties":{"fips":"27171","name":"Wright","st":"MN","sites":1,"pop":16168,"trend":2.0,"weeks":[{"w":"2026-09-19","t":2.0,"n":1},{"w":"2026-09-12","t":0.0,"n":1},{"w":"2026-09-05","t":0.0,"n":1},{"w":"2026-08-29","t":0.0,"n":1},{"w":"2026-08-22","t":0.0,"n":1},{"w":"2026-08-15","t":0.0,"n":1},{"w":"2026-08-08","t":0.0,"n":1},{"w":"2026-08-01","t":0.0,"n":1}]}},{"type":"Feature","geometry":{"type":"Polygon","coordinates":[[[-90.729,32.225],[-90.705,32.347],[-90.636,32.374],[-90.554,32.508],[-90.522,32.503],[-90.45,32.574],[-90.45,32.488],[-90.244,32.488],[-90.244,32.4],[-90.123,32.399],[-90.066,32.4],[-90.159,32.287],[-90.18,32.276],[-90.195,32.188],[-90.255,32.151],[-90.23,32.05],[-90.718,32.048],[-90.729,32.225]]]},"properties":{"fips":"28049","name":"Hinds","st":"MS","sites":1,"pop":150000,"trend":null,"weeks":[{"w":"2026-09-19","t":null,"n":0},{"w":"2026-09-12","t":null,"n":0},{"w":"2026-09-05","t":null,"n":0},{"w":"2026-08-29","t":null,"n":0},{"w":"2026-08-22","t":null,"n":0},{"w":"2026-08-15","t":null,"n":0},{"w":"2026-08-08","t":null,"n":0},{"w":"2026-08-01","t":null,"n":0}]}},{"type":"Feature","geometry":{"type":"Polygon","coordinates":[[[-94.069,36.748],[-94.063,36.932],[-93.611,36.923],[-93.613,36.821],[-93.574,36.82],[-93.584,36.499],[-93.7,36.499],[-93.867,36.499],[-93.959,36.499],[-94.077,36.499],[-94.069,36.748]]]},"properties":{"fips":"29009","name":"Barry","st":"MO","sites":1,"pop":9100,"trend":0.076,"weeks":[{"w":"2026-09-19","t":null,"n":0},{"w":"2026-09-12","t":0.076,"n":1},{"w":"2026-09-05","t":2.0,"n":1},{"w":"2026-08-29","t":-0.018,"n":1},{"w":"2026-08-22","t":-2.0,"n":1},{"w":"2026-08-15","t":0.25,"n":1},{"w":"2026-08-08","t":2.0,"n":1},{"w":"2026-08-01","t":-0.239,"n":1}]}},{"type":"Feature","geometry":{"type":"Polygon","coordinates":[[[-92.565,38.999],[-92.43,39.249],[-92.314,39.246],[-92.104,39.24],[-92.11,39.064],[-92.162,38.866],[-92.135,38.814],[-92.216,38.714],[-92.221,38.643],[-92.358,38.68],[-92.395,38.739],[-92.381,38.809],[-92.498,38.922],[-92.558,38.971],[-92.565,38.999]]]},"properties":{"fips":"29019","name":"Boone","st":"MO","sites":1,"pop":123180,"trend":-0.144,"weeks":[{"w":"2026-09-19","t":null,"n":0},{"w":"2026-09-12","t":-0.144,"n":1},{"w":"2026-09-05","t":-0.006,"n":1},{"w":"2026-08-29","t":0.11,"n":1},{"w":"2026-08-22","t":null,"n":0},{"w":"2026-08-15","t":null,"n":0},{"w":"2026-08-08","t":null,"n":0},{"w":"2026-08-01","t":null,"n":0}]}},{"type":"Feature","geometry":{"type":"Polygon","coordinates":[[[-92.216,38.714],[-92.135,38.814],[-92.162,38.866],[-92.11,39.064],[-91.634,39.059],[-91.647,38.703],[-91.855,38.67],[-92.009,38.571],[-92.162,38.578],[-92.221,38.643],[-92.216,38.714]]]},"properties":{"fips":"29027","name":"Callaway","st":"MO","sites":1,"pop":41153,"trend":0.133,"weeks":[{"w":"2026-09-19","t":null,"n":0},{"w":"2026-09-12","t":0.133,"n":1},{"w":"2026-09-05","t":0.251,"n":1},{"w":"2026-08-29","t":0.417,"n":1},{"w":"2026-08-22","t":0.502,"n":1},{"w":"2026-08-15","t":0.398,"n":1},{"w":"2026-08-08","t":-0.14,"n":1},{"w":"2026-08-01","t":-0.145,"n":1}]}},{"type":"Feature","geometry":{"type":"Polygon","coordinates":[[[-89.861,37.599],[-89.602,37.603],[-89.502,37.559],[-89.512,37.53],[-89.471,37.466],[-89.426,37.407],[-89.428,37.356],[-89.474,37.335],[-89.495,37.325],[-89.517,37.282],[-89.483,37.261],[-89.62,37.233],[-89.765,37.126],[-89.867,37.126],[-89.861,37.599]]]},"properties":{"fips":"29031","name":"Cape Girardeau","st":"MO","sites":1,"pop":33540,"trend":0.124,"weeks":[{"w":"2026-09-19","t":null,"n":0},{"w":"2026-09-12","t":0.124,"n":1},{"w":"2026-09-05","t":-0.077,"n":1},{"w":"2026-08-29","t":0.222,"n":1},{"w":"2026-08-22","t":2.0,"n":1},{"w":"2026-08-15","t":1.709,"n":1},{"w":"2026-08-08","t":-1.898,"n":1},{"w":"2026-08-01","t":-1.95,"n":1}]}},{"type":"Feature","geometry":{"type":"Polygon","coordinates":[[[-94.612,38.548],[-94.609,38.738],[-94.609,38.741],[-94.609,38.847],[-94.119,38.833],[-94.12,38.569],[-94.064,38.567],[-94.068,38.466],[-94.066,38.447],[-94.212,38.447],[-94.312,38.471],[-94.613,38.478],[-94.612,38.548]]]},"properties":{"fips":"29037","name":"Cass","st":"MO","sites":3,"pop":882300,"trend":1.513,"weeks":[{"w":"2026-09-19","t":null,"n":0},{"w":"2026-09-12","t":1.513,"n":1},{"w":"2026-09-05","t":1.043,"n":2},{"w":"2026-08-29","t":-0.718,"n":2},{"w":"2026-08-22","t":-0.907,"n":2},{"w":"2026-08-15","t":0.281,"n":3},{"w":"2026-08-08","t":0.1,"n":3},{"w":"2026-08-01","t":-0.076,"n":3}]}},{"type":"Feature","geometry":{"type":"Polygon","coordinates":[[[-93.609,37.098],[-93.065,37.089],[-92.911,37.086],[-92.903,37.071],[-92.909,36.809],[-93.304,36.817],[-93.337,36.992],[-93.61,36.996],[-93.609,37.098]]]},"properties":{"fips":"29043","name":"Christian","st":"MO","sites":1,"pop":151966,"trend":-0.462,"weeks":[{"w":"2026-09-19","t":null,"n":0},{"w":"2026-09-12","t":-0.462,"n":1},{"w":"2026-09-05","t":0.103,"n":1},{"w":"2026-08-29","t":0.508,"n":1},{"w":"2026-08-22","t":0.6,"n":1},{"w":"2026-08-15","t":0.351,"n":1},{"w":"2026-08-08","t":-0.069,"n":1},{"w":"2026-08-01","t":1.586,"n":1}]}},{"type":"Feature","geometry":{"type":"Polygon","coordinates":[[[-94.601,39.456],[-94.211,39.455],[-94.213,39.207],[-94.291,39.237],[-94.335,39.183],[-94.366,39.163],[-94.409,39.194],[-94.4,39.175],[-94.402,39.165],[-94.426,39.142],[-94.462,39.12],[-94.485,39.146],[-94.495,39.15],[-94.523,39.149],[-94.539,39.143],[-94.55,39.131],[-94.587,39.123],[-94.577,39.181],[-94.592,39.155],[-94.602,39.156],[-94.601,39.456]]]},"properties":{"fips":"29047","name":"Clay","st":"MO","sites":5,"pop":605554,"trend":1.361,"weeks":[{"w":"2026-09-19","t":null,"n":0},{"w":"2026-09-12","t":1.361,"n":2},{"w":"2026-09-05","t":1.398,"n":5},{"w":"2026-08-29","t":-1.045,"n":5},{"w":"2026-08-22","t":-1.236,"n":5},{"w":"2026-08-15","t":0.029,"n":5},{"w":"2026-08-08","t":0.013,"n":5},{"w":"2026-08-01","t":0.241,"n":5}]}},{"type":"Feature","geometry":{"type":"Polygon","coordinates":[[[-92.495,38.428],[-92.395,38.739],[-92.358,38.68],[-92.221,38.643],[-92.162,38.578],[-92.009,38.571],[-92.043,38.466],[-92.167,38.47],[-92.115,38.402],[-92.194,38.336],[-92.408,38.341],[-92.403,38.425],[-92.495,38.428]]]},"properties":{"fips":"29051","name":"Cole","st":"MO","sites":1,"pop":41153,"trend":0.133,"weeks":[{"w":"2026-09-19","t":null,"n":0},{"w":"2026-09-12","t":0.133,"n":1},{"w":"2026-09-05","t":0.251,"n":1},{"w":"2026-08-29","t":0.417,"n":1},{"w":"2026-08-22","t":0.502,"n":1},{"w":"2026-08-15","t":0.398,"n":1},{"w":"2026-08-08","t":-0.14,"n":1},{"w":"2026-08-01","t":-0.145,"n":1}]}},{"type":"Feature","geometry":{"type":"Polygon","coordinates":[[[-91.806,37.791],[-91.529,37.789],[-91.308,37.787],[-91.311,37.7],[-91.153,37.697],[-91.155,37.588],[-91.312,37.593],[-91.314,37.505],[-91.211,37.502],[-91.212,37.415],[-91.647,37.423],[-91.755,37.424],[-91.755,37.599],[-91.809,37.599],[-91.806,37.791]]]},"properties":{"fips":"29065","name":"Dent","st":"MO","sites":1,"pop":4512,"trend":1.694,"weeks":[{"w":"2026-09-19","t":null,"n":0},{"w":"2026-09-12","t":1.694,"n":1},{"w":"2026-09-05","t":1.694,"n":1},{"w":"2026-08-29","t":0.0,"n":1},{"w":"2026-08-22","t":-1.698,"n":1},{"w":"2026-08-15","t":-2.0,"n":1},{"w":"2026-08-08","t":-1.401,"n":1},{"w":"2026-08-01","t":1.699,"n":1}]}},{"type":"Feature","geometry":{"type":"Polygon","coordinates":[[[-93.621,37.427],[-93.182,37.417],[-93.073,37.415],[-93.077,37.27],[-93.062,37.235],[-93.065,37.089],[-93.609,37.098],[-93.605,37.28],[-93.626,37.282],[-93.621,37.427]]]},"properties":{"fips":"29077","name":"Greene","st":"MO","sites":2,"pop":174784,"trend":-0.606,"weeks":[{"w":"2026-09-19","t":null,"n":0},{"w":"2026-09-12","t":-0.606,"n":2},{"w":"2026-09-05","t":-0.172,"n":2},{"w":"2026-08-29","t":0.441,"n":2},{"w":"2026-08-22","t":0.529,"n":2},{"w":"2026-08-15","t":0.275,"n":2},{"w":"2026-08-08","t":-0.059,"n":2},{"w":"2026-08-01","t":1.42,"n":2}]}},{"type":"Feature","geometry":{"type":"Polygon","coordinates":[[[-92.112,36.794],[-92.096,36.798],[-92.089,37.056],[-91.656,37.049],[-91.658,36.889],[-91.674,36.788],[-91.672,36.499],[-91.986,36.498],[-92.12,36.498],[-92.112,36.794]]]},"properties":{"fips":"29091","name":"Howell","st":"MO","sites":1,"pop":12000,"trend":-2.0,"weeks":[{"w":"2026-09-19","t":null,"n":0},{"w":"2026-09-12","t":null,"n":0},{"w":"2026-09-05","t":-2.0,"n":1},{"w":"2026-08-29","t":-0.633,"n":1},{"w":"2026-08-22","t":0.911,"n":1},{"w":"2026-08-15","t":-0.122,"n":1},{"w":"2026-08-08","t":-0.247,"n":1},{"w":"2026-08-01","t":1.779,"n":1}]}},{"type":"Feature","geometry":{"type":"Polygon","coordinates":[[[-94.608,38.982],[-94.608,39.044],[-94.607,39.113],[-94.592,39.155],[-94.577,39.181],[-94.587,39.123],[-94.55,39.131],[-94.539,39.143],[-94.523,39.149],[-94.495,39.15],[-94.485,39.146],[-94.462,39.12],[-94.426,39.142],[-94.402,39.165],[-94.4,39.175],[-94.409,39.194],[-94.366,39.163],[-94.335,39.183],[-94.291,39.237],[-94.213,39.207],[-94.174,39.214],[-94.105,39.144],[-94.11,39.015],[-94.114,38.917],[-94.119,38.833],[-94.609,38.847],[-94.608,38.982]]]},"properties":{"fips":"29095","name":"Jackson","st":"MO","sites":4,"pop":943550,"trend":1.3,"weeks":[{"w":"2026-09-19","t":null,"n":0},{"w":"2026-09-12","t":1.3,"n":2},{"w":"2026-09-05","t":0.989,"n":3},{"w":"2026-08-29","t":-0.651,"n":3},{"w":"2026-08-22","t":-0.84,"n":3},{"w":"2026-08-15","t":0.266,"n":4},{"w":"2026-08-08","t":0.09,"n":4},{"w":"2026-08-01","t":-0.081,"n":4}]}},{"type":"Feature","geometry":{"type":"Polygon","coordinates":[[[-94.618,37.16],[-94.618,37.338],[-94.618,37.364],[-94.082,37.349],[-94.084,37.291],[-94.052,37.29],[-94.059,37.048],[-94.618,37.057],[-94.618,37.16]]]},"properties":{"fips":"29097","name":"Jasper","st":"MO","sites":1,"pop":34403,"trend":-0.045,"weeks":[{"w":"2026-09-19","t":null,"n":0},{"w":"2026-09-12","t":null,"n":0},{"w":"2026-09-05","t":null,"n":0},{"w":"2026-08-29","t":-0.045,"n":1},{"w":"2026-08-22","t":2.0,"n":1},{"w":"2026-08-15","t":1.282,"n":1},{"w":"2026-08-08","t":null,"n":0},{"w":"2026-08-01","t":null,"n":0}]}},{"type":"Feature","geometry":{"type":"Polygon","coordinates":[[[-90.749,38.358],[-90.738,38.416],[-90.736,38.467],[-90.679,38.446],[-90.661,38.479],[-90.513,38.501],[-90.405,38.501],[-90.34,38.387],[-90.343,38.384],[-90.35,38.378],[-90.373,38.323],[-90.364,38.236],[-90.351,38.22],[-90.322,38.182],[-90.253,38.128],[-90.253,38.116],[-90.416,38.042],[-90.628,38.008],[-90.64,38.077],[-90.685,38.086],[-90.78,38.204],[-90.749,38.358]]]},"properties":{"fips":"29099","name":"Jefferson","st":"MO","sites":2,"pop":114738,"trend":-0.067,"weeks":[{"w":"2026-09-19","t":-0.067,"n":2},{"w":"2026-09-12","t":-0.095,"n":2},{"w":"2026-09-05","t":0.202,"n":2},{"w":"2026-08-29","t":0.289,"n":2},{"w":"2026-08-22","t":1.025,"n":2},{"w":"2026-08-15","t":1.025,"n":2},{"w":"2026-08-08","t":0.632,"n":2},{"w":"2026-08-01","t":0.065,"n":2}]}},{"type":"Feature","geometry":{"type":"Polygon","coordinates":[[[-94.119,38.833],[-94.114,38.917],[-93.835,38.938],[-93.497,38.928],[-93.493,38.899],[-93.511,38.556],[-94.064,38.567],[-94.12,38.569],[-94.119,38.833]]]},"properties":{"fips":"29101","name":"Johnson","st":"MO","sites":3,"pop":576250,"trend":1.3,"weeks":[{"w":"2026-09-19","t":null,"n":0},{"w":"2026-09-12","t":1.3,"n":2},{"w":"2026-09-05","t":1.645,"n":2},{"w":"2026-08-29","t":-1.129,"n":2},{"w":"2026-08-22","t":-1.468,"n":2},{"w":"2026-08-15","t":0.094,"n":3},{"w":"2026-08-08","t":0.125,"n":3},{"w":"2026-08-01","t":0.185,"n":3}]}},{"type":"Feature","geometry":{"type":"Polygon","coordinates":[[[-94.059,37.048],[-94.052,37.29],[-93.626,37.282],[-93.605,37.28],[-93.609,37.098],[-93.61,36.996],[-93.611,36.923],[-94.063,36.932],[-94.059,37.048]]]},"properties":{"fips":"29109","name":"Lawrence","st":"MO","sites":1,"pop":9100,"trend":0.076,"weeks":[{"w":"2026-09-19","t":null,"n":0},{"w":"2026-09-12","t":0.076,"n":1},{"w":"2026-09-05","t":2.0,"n":1},{"w":"2026-08-29","t":-0.018,"n":1},{"w":"2026-08-22","t":-2.0,"n":1},{"w":"2026-08-15","t":0.25,"n":1},{"w":"2026-08-08","t":2.0,"n":1},{"w":"2026-08-01","t":-0.239,"n":1}]}},{"type":"Feature","geometry":{"type":"Polygon","coordinates":[[[-93.762,39.96],[-93.362,39.968],[-93.365,39.704],[-93.267,39.704],[-93.261,39.623],[-93.278,39.616],[-93.758,39.611],[-93.759,39.785],[-93.762,39.96]]]},"properties":{"fips":"29117","name":"Livingston","st":"MO","sites":1,"pop":9000,"trend":null,"weeks":[{"w":"2026-09-19","t":null,"n":0},{"w":"2026-09-12","t":null,"n":0},{"w":"2026-09-05","t":null,"n":0},{"w":"2026-08-29","t":null,"n":0},{"w":"2026-08-22","t":null,"n":0},{"w":"2026-08-15","t":null,"n":0},{"w":"2026-08-08","t":null,"n":0},{"w":"2026-08-01","t":null,"n":0}]}},{"type":"Feature","geometry":{"type":"Polygon","coordinates":[[[-89.968,36.402],[-89.959,36.629],[-89.701,36.627],[-89.692,36.86],[-89.568,36.871],[-89.52,36.87],[-89.52,36.848],[-89.374,36.703],[-89.327,36.624],[-89.379,36.622],[-89.408,36.562],[-89.479,36.566],[-89.544,36.575],[-89.571,36.538],[-89.539,36.498],[-89.521,36.462],[-89.542,36.42],[-89.51,36.378],[-89.523,36.345],[-89.545,36.344],[-89.611,36.411],[-89.729,36.428],[-89.752,36.386],[-89.961,36.389],[-89.968,36.402]]]},"properties":{"fips":"29143","name":"New Madrid","st":"MO","sites":1,"pop":17000,"trend":-0.16,"weeks":[{"w":"2026-09-19","t":null,"n":0},{"w":"2026-09-12","t":null,"n":0},{"w":"2026-09-05","t":null,"n":0},{"w":"2026-08-29","t":null,"n":0},{"w":"2026-08-22","t":null,"n":0},{"w":"2026-08-15","t":null,"n":0},{"w":"2026-08-08","t":null,"n":0},{"w":"2026-08-01","t":-0.16,"n":1}]}},{"type":"Feature","geometry":{"type":"Polygon","coordinates":[[[-94.618,36.999],[-94.618,37.057],[-94.059,37.048],[-94.063,36.932],[-94.069,36.748],[-94.618,36.767],[-94.618,36.999]]]},"properties":{"fips":"29145","name":"Newton","st":"MO","sites":1,"pop":12000,"trend":2.0,"weeks":[{"w":"2026-09-19","t":null,"n":0},{"w":"2026-09-12","t":null,"n":0},{"w":"2026-09-05","t":null,"n":0},{"w":"2026-08-29","t":null,"n":0},{"w":"2026-08-22","t":2.0,"n":1},{"w":"2026-08-15","t":0.261,"n":1},{"w":"2026-08-08","t":1.544,"n":1},{"w":"2026-08-01","t":1.544,"n":1}]}},{"type":"Feature","geometry":{"type":"Polygon","coordinates":[[[-95.091,39.533],[-94.601,39.53],[-94.601,39.456],[-94.602,39.156],[-94.624,39.157],[-94.68,39.184],[-94.742,39.17],[-94.792,39.201],[-94.8,39.206],[-94.826,39.242],[-94.857,39.274],[-94.908,39.324],[-94.889,39.392],[-94.947,39.4],[-94.966,39.422],[-94.982,39.441],[-95.05,39.494],[-95.091,39.533]]]},"properties":{"fips":"29165","name":"Platte","st":"MO","sites":3,"pop":103554,"trend":0.389,"weeks":[{"w":"2026-09-19","t":null,"n":0},{"w":"2026-09-12","t":0.389,"n":1},{"w":"2026-09-05","t":-0.432,"n":3},{"w":"2026-08-29","t":0.061,"n":3},{"w":"2026-08-22","t":0.636,"n":3},{"w":"2026-08-15","t":-0.311,"n":3},{"w":"2026-08-08","t":-0.664,"n":3},{"w":"2026-08-01","t":0.317,"n":3}]}},{"type":"Feature","geometry":{"type":"Polygon","coordinates":[[[-90.959,38.871],[-90.707,38.903],[-90.662,38.935],[-90.657,38.92],[-90.595,38.875],[-90.556,38.871],[-90.5,38.91],[-90.468,38.962],[-90.451,38.961],[-90.396,38.96],[-90.299,38.923],[-90.276,38.919],[-90.23,38.911],[-90.207,38.899],[-90.113,38.849],[-90.118,38.806],[-90.196,38.821],[-90.32,38.891],[-90.382,38.822],[-90.441,38.828],[-90.482,38.764],[-90.492,38.752],[-90.539,38.687],[-90.675,38.682],[-90.732,38.639],[-90.742,38.635],[-90.774,38.595],[-90.917,38.535],[-90.964,38.548],[-90.959,38.871]]]},"properties":{"fips":"29183","name":"St. Charles","st":"MO","sites":2,"pop":219389,"trend":-0.063,"weeks":[{"w":"2026-09-19","t":-0.063,"n":1},{"w":"2026-09-12","t":0.006,"n":2},{"w":"2026-09-05","t":-0.111,"n":2},{"w":"2026-08-29","t":-0.17,"n":2},{"w":"2026-08-22","t":2.0,"n":2},{"w":"2026-08-15","t":0.286,"n":2},{"w":"2026-08-08","t":-1.882,"n":2},{"w":"2026-08-01","t":-0.028,"n":2}]}},{"type":"Feature","geometry":{"type":"Polygon","coordinates":[[[-90.732,38.639],[-90.675,38.682],[-90.539,38.687],[-90.492,38.752],[-90.482,38.764],[-90.441,38.828],[-90.382,38.822],[-90.32,38.891],[-90.196,38.821],[-90.118,38.806],[-90.166,38.773],[-90.252,38.719],[-90.318,38.599],[-90.314,38.579],[-90.255,38.531],[-90.261,38.518],[-90.271,38.496],[-90.289,38.438],[-90.34,38.387],[-90.405,38.501],[-90.513,38.501],[-90.661,38.479],[-90.679,38.446],[-90.736,38.467],[-90.732,38.639]]]},"properties":{"fips":"29189","name":"St. Louis","st":"MO","sites":6,"pop":1264296,"trend":0.503,"weeks":[{"w":"2026-09-19","t":0.503,"n":6},{"w":"2026-09-12","t":0.511,"n":6},{"w":"2026-09-05","t":0.035,"n":6},{"w":"2026-08-29","t":0.022,"n":6},{"w":"2026-08-22","t":0.379,"n":6},{"w":"2026-08-15","t":0.067,"n":6},{"w":"2026-08-08","t":-0.254,"n":6},{"w":"2026-08-01","t":0.137,"n":6}]}},{"type":"Feature","geometry":{"type":"Polygon","coordinates":[[[-89.765,37.126],[-89.62,37.233],[-89.483,37.261],[-89.471,37.253],[-89.456,37.188],[-89.384,37.103],[-89.359,37.043],[-89.308,37.029],[-89.465,36.936],[-89.52,36.87],[-89.568,36.871],[-89.692,36.86],[-89.686,36.922],[-89.787,37.087],[-89.765,37.126]]]},"properties":{"fips":"29201","name":"Scott","st":"MO","sites":2,"pop":50540,"trend":0.124,"weeks":[{"w":"2026-09-19","t":null,"n":0},{"w":"2026-09-12","t":0.124,"n":1},{"w":"2026-09-05","t":-0.077,"n":1},{"w":"2026-08-29","t":0.222,"n":1},{"w":"2026-08-22","t":2.0,"n":1},{"w":"2026-08-15","t":1.709,"n":1},{"w":"2026-08-08","t":-1.898,"n":1},{"w":"2026-08-01","t":-1.348,"n":2}]}},{"type":"Feature","geometry":{"type":"Polygon","coordinates":[[[-94.618,37.682],[-94.614,37.988],[-94.614,38.037],[-94.614,38.06],[-94.238,38.026],[-94.135,38.058],[-94.058,38.037],[-94.066,37.901],[-94.074,37.64],[-94.618,37.654],[-94.618,37.673],[-94.618,37.682]]]},"properties":{"fips":"29217","name":"Vernon","st":"MO","sites":1,"pop":8082,"trend":-1.714,"weeks":[{"w":"2026-09-19","t":null,"n":0},{"w":"2026-09-12","t":-1.714,"n":1},{"w":"2026-09-05","t":0.072,"n":1},{"w":"2026-08-29","t":0.078,"n":1},{"w":"2026-08-22","t":-0.167,"n":1},{"w":"2026-08-15","t":1.659,"n":1},{"w":"2026-08-08","t":1.83,"n":1},{"w":"2026-08-01","t":0.045,"n":1}]}},{"type":"Feature","geometry":{"type":"Polygon","coordinates":[[[-90.318,38.599],[-90.252,38.719],[-90.166,38.773],[-90.166,38.773],[-90.21,38.726],[-90.195,38.688],[-90.181,38.66],[-90.181,38.66],[-90.185,38.612],[-90.249,38.545],[-90.255,38.531],[-90.314,38.579],[-90.318,38.599]]]},"properties":{"fips":"29510","name":"St. Louis","st":"MO","sites":1,"pop":306647,"trend":2.0,"weeks":[{"w":"2026-09-19","t":2.0,"n":1},{"w":"2026-09-12","t":2.0,"n":1},{"w":"2026-09-05","t":0.0,"n":1},{"w":"2026-08-29","t":0.0,"n":1},{"w":"2026-08-22","t":0.0,"n":1},{"w":"2026-08-15","t":0.0,"n":1},{"w":"2026-08-08","t":0.0,"n":1},{"w":"2026-08-01","t":0.0,"n":1}]}},{"type":"Feature","geometry":{"type":"Polygon","coordinates":[[[-110.214,47.417],[-110.16,47.415],[-110.031,47.48],[-109.851,47.539],[-109.837,47.712],[-109.723,47.703],[-109.691,47.729],[-109.539,47.739],[-109.425,47.72],[-109.274,47.793],[-109.133,47.781],[-108.978,47.803],[-108.891,47.734],[-108.772,47.646],[-108.526,47.621],[-108.336,47.567],[-108.313,47.584],[-108.315,47.315],[-108.591,47.307],[-108.591,47.27],[-108.719,47.27],[-108.737,47.098],[-108.609,47.098],[-108.611,46.837],[-108.631,46.749],[-109.01,46.751],[-109.389,46.751],[-109.389,46.715],[-109.389,46.714],[-109.389,46.708],[-109.389,46.704],[-109.389,46.704],[-109.389,46.698],[-109.389,46.694],[-109.389,46.694],[-109.746,46.694],[-109.757,46.78],[-109.835,46.809],[-109.755,46.896],[-109.757,47.186],[-109.872,47.185],[-109.872,47.229],[-110.0,47.229],[-110.0,47.272],[-110.128,47.272],[-110.128,47.359],[-110.213,47.359],[-110.214,47.417]]]},"properties":{"fips":"30027","name":"Fergus","st":"MT","sites":1,"pop":6149,"trend":-0.098,"weeks":[{"w":"2026-09-19","t":null,"n":0},{"w":"2026-09-12","t":-0.098,"n":1},{"w":"2026-09-05","t":2.0,"n":1},{"w":"2026-08-29","t":2.0,"n":1},{"w":"2026-08-22","t":0.0,"n":1},{"w":"2026-08-15","t":0.0,"n":1},{"w":"2026-08-08","t":0.0,"n":1},{"w":"2026-08-01","t":0.0,"n":1}]}},{"type":"Feature","geometry":{"type":"Polygon","coordinates":[[[-113.166,47.72],[-113.081,47.75],[-113.087,47.918],[-112.985,47.954],[-112.913,47.826],[-112.914,47.695],[-112.857,47.629],[-112.781,47.599],[-112.55,47.652],[-112.429,47.603],[-112.405,47.552],[-112.317,47.542],[-112.278,47.506],[-112.048,47.516],[-112.044,47.193],[-111.978,47.184],[-111.942,47.144],[-111.789,47.129],[-111.79,46.914],[-111.658,46.913],[-111.64,46.832],[-111.498,46.763],[-111.602,46.778],[-111.639,46.738],[-111.632,46.57],[-111.788,46.569],[-112.029,46.569],[-112.083,46.517],[-112.206,46.5],[-112.176,46.456],[-112.311,46.421],[-112.317,46.574],[-112.299,46.626],[-112.321,46.656],[-112.411,46.656],[-112.411,46.7],[-112.536,46.699],[-112.536,46.834],[-112.796,46.832],[-112.796,47.177],[-113.059,47.18],[-113.059,47.489],[-113.123,47.516],[-113.144,47.596],[-113.166,47.72]]]},"properties":{"fips":"30049","name":"Lewis and Clark","st":"MT","sites":1,"pop":37125,"trend":-0.108,"weeks":[{"w":"2026-09-19","t":null,"n":0},{"w":"2026-09-12","t":-0.108,"n":1},{"w":"2026-09-05","t":0.087,"n":1},{"w":"2026-08-29","t":0.561,"n":1},{"w":"2026-08-22","t":2.0,"n":1},{"w":"2026-08-15","t":2.0,"n":1},{"w":"2026-08-08","t":-0.002,"n":1},{"w":"2026-08-01","t":-1.914,"n":1}]}},{"type":"Feature","geometry":{"type":"Polygon","coordinates":[[[-98.724,40.69],[-98.721,40.699],[-98.283,40.698],[-98.278,40.698],[-98.278,40.35],[-98.724,40.35],[-98.724,40.69]]]},"properties":{"fips":"31001","name":"Adams","st":"NE","sites":1,"pop":24692,"trend":-2.0,"weeks":[{"w":"2026-09-19","t":null,"n":0},{"w":"2026-09-12","t":null,"n":0},{"w":"2026-09-05","t":-2.0,"n":1},{"w":"2026-08-29","t":-2.0,"n":1},{"w":"2026-08-22","t":1.727,"n":1},{"w":"2026-08-15","t":2.0,"n":1},{"w":"2026-08-08","t":2.0,"n":1},{"w":"2026-08-01","t":0.0,"n":1}]}},{"type":"Feature","geometry":{"type":"Polygon","coordinates":[[[-99.426,41.046],[-99.208,41.047],[-98.749,41.047],[-98.722,41.047],[-98.721,40.699],[-98.724,40.69],[-98.906,40.653],[-99.179,40.661],[-99.381,40.665],[-99.417,40.671],[-99.427,40.7],[-99.426,41.046]]]},"properties":{"fips":"31019","name":"Buffalo","st":"NE","sites":1,"pop":33790,"trend":2.0,"weeks":[{"w":"2026-09-19","t":null,"n":0},{"w":"2026-09-12","t":2.0,"n":1},{"w":"2026-09-05","t":1.985,"n":1},{"w":"2026-08-29","t":-1.97,"n":1},{"w":"2026-08-22","t":1.969,"n":1},{"w":"2026-08-15","t":2.0,"n":1},{"w":"2026-08-08","t":0.0,"n":1},{"w":"2026-08-01","t":0.0,"n":1}]}},{"type":"Feature","geometry":{"type":"Polygon","coordinates":[[[-96.727,42.28],[-96.722,42.525],[-96.628,42.527],[-96.611,42.506],[-96.525,42.51],[-96.501,42.483],[-96.446,42.491],[-96.381,42.462],[-96.412,42.411],[-96.408,42.337],[-96.352,42.281],[-96.38,42.276],[-96.727,42.278],[-96.727,42.28]]]},"properties":{"fips":"31043","name":"Dakota","st":"NE","sites":1,"pop":110000,"trend":0.0,"weeks":[{"w":"2026-09-19","t":0.0,"n":1},{"w":"2026-09-12","t":0.0,"n":1},{"w":"2026-09-05","t":0.0,"n":1},{"w":"2026-08-29","t":-1.632,"n":1},{"w":"2026-08-22","t":-2.0,"n":1},{"w":"2026-08-15","t":0.037,"n":1},{"w":"2026-08-08","t":2.0,"n":1},{"w":"2026-08-01","t":1.595,"n":1}]}},{"type":"Feature","geometry":{"type":"Polygon","coordinates":[[[-103.505,43.001],[-103.476,43.001],[-103.001,43.0],[-102.792,43.0],[-102.773,42.785],[-102.773,42.44],[-103.444,42.437],[-103.48,42.437],[-103.48,42.785],[-103.505,43.001]]]},"properties":{"fips":"31045","name":"Dawes","st":"NE","sites":1,"pop":5561,"trend":0.0,"weeks":[{"w":"2026-09-19","t":null,"n":0},{"w":"2026-09-12","t":0.0,"n":1},{"w":"2026-09-05","t":0.0,"n":1},{"w":"2026-08-29","t":0.0,"n":1},{"w":"2026-08-22","t":0.0,"n":1},{"w":"2026-08-15","t":0.0,"n":1},{"w":"2026-08-08","t":0.0,"n":1},{"w":"2026-08-01","t":0.0,"n":1}]}},{"type":"Feature","geometry":{"type":"Polygon","coordinates":[[[-96.906,41.743],[-96.555,41.742],[-96.444,41.742],[-96.445,41.684],[-96.435,41.495],[-96.329,41.393],[-96.471,41.393],[-96.569,41.433],[-96.906,41.453],[-96.906,41.456],[-96.906,41.743]]]},"properties":{"fips":"31053","name":"Dodge","st":"NE","sites":1,"pop":28000,"trend":2.0,"weeks":[{"w":"2026-09-19","t":null,"n":0},{"w":"2026-09-12","t":2.0,"n":1},{"w":"2026-09-05","t":2.0,"n":1},{"w":"2026-08-29","t":0.0,"n":1},{"w":"2026-08-22","t":0.0,"n":1},{"w":"2026-08-15","t":0.0,"n":1},{"w":"2026-08-08","t":0.0,"n":1},{"w":"2026-08-01","t":0.0,"n":1}]}},{"type":"Feature","geometry":{"type":"Polygon","coordinates":[[[-96.471,41.393],[-96.329,41.393],[-95.945,41.393],[-95.927,41.39],[-95.929,41.37],[-95.926,41.322],[-95.89,41.278],[-95.911,41.238],[-95.91,41.191],[-96.009,41.191],[-96.327,41.19],[-96.421,41.364],[-96.471,41.393]]]},"properties":{"fips":"31055","name":"Douglas","st":"NE","sites":2,"pop":800000,"trend":-0.463,"weeks":[{"w":"2026-09-19","t":-0.463,"n":2},{"w":"2026-09-12","t":2.0,"n":2},{"w":"2026-09-05","t":0.03,"n":2},{"w":"2026-08-29","t":-2.0,"n":2},{"w":"2026-08-22","t":2.0,"n":2},{"w":"2026-08-15","t":1.976,"n":2},{"w":"2026-08-08","t":1.528,"n":2},{"w":"2026-08-01","t":1.552,"n":2}]}},{"type":"Feature","geometry":{"type":"Polygon","coordinates":[[[-98.722,41.047],[-98.287,41.046],[-98.282,41.027],[-98.283,40.869],[-98.283,40.698],[-98.721,40.699],[-98.722,41.047]]]},"properties":{"fips":"31079","name":"Hall","st":"NE","sites":1,"pop":52000,"trend":0.0,"weeks":[{"w":"2026-09-19","t":null,"n":0},{"w":"2026-09-12","t":null,"n":0},{"w":"2026-09-05","t":null,"n":0},{"w":"2026-08-29","t":null,"n":0},{"w":"2026-08-22","t":0.0,"n":1},{"w":"2026-08-15","t":-2.0,"n":1},{"w":"2026-08-08","t":-2.0,"n":1},{"w":"2026-08-01","t":2.0,"n":1}]}},{"type":"Feature","geometry":{"type":"Polygon","coordinates":[[[-99.257,42.804],[-98.983,42.896],[-98.893,42.846],[-98.657,42.809],[-98.584,42.78],[-98.305,42.761],[-98.305,42.451],[-98.3,42.437],[-98.301,42.089],[-98.761,42.089],[-99.223,42.088],[-99.235,42.088],[-99.246,42.782],[-99.257,42.804]]]},"properties":{"fips":"31089","name":"Holt","st":"NE","sites":1,"pop":3700,"trend":2.0,"weeks":[{"w":"2026-09-19","t":null,"n":0},{"w":"2026-09-12","t":2.0,"n":1},{"w":"2026-09-05","t":0.0,"n":1},{"w":"2026-08-29","t":0.0,"n":1},{"w":"2026-08-22","t":0.0,"n":1},{"w":"2026-08-15","t":0.0,"n":1},{"w":"2026-08-08","t":0.0,"n":1},{"w":"2026-08-01","t":0.0,"n":1}]}},{"type":"Feature","geometry":{"type":"Polygon","coordinates":[[[-96.913,40.698],[-96.911,40.714],[-96.911,41.046],[-96.909,41.046],[-96.464,41.045],[-96.464,41.016],[-96.464,40.784],[-96.464,40.523],[-96.913,40.524],[-96.913,40.698]]]},"properties":{"fips":"31109","name":"Lancaster","st":"NE","sites":2,"pop":300000,"trend":-0.16,"weeks":[{"w":"2026-09-19","t":-0.16,"n":2},{"w":"2026-09-12","t":-0.003,"n":2},{"w":"2026-09-05","t":0.042,"n":2},{"w":"2026-08-29","t":0.08,"n":2},{"w":"2026-08-22","t":0.241,"n":2},{"w":"2026-08-15","t":0.258,"n":2},{"w":"2026-08-08","t":2.0,"n":2},{"w":"2026-08-01","t":1.854,"n":2}]}},{"type":"Feature","geometry":{"type":"Polygon","coordinates":[[[-101.27,41.395],[-100.713,41.394],[-100.251,41.393],[-100.238,41.061],[-100.224,41.047],[-100.223,40.7],[-100.778,40.7],[-101.248,40.698],[-101.25,41.004],[-101.27,41.047],[-101.27,41.395]]]},"properties":{"fips":"31111","name":"Lincoln","st":"NE","sites":1,"pop":24000,"trend":0.0,"weeks":[{"w":"2026-09-19","t":null,"n":0},{"w":"2026-09-12","t":0.0,"n":1},{"w":"2026-09-05","t":-2.0,"n":1},{"w":"2026-08-29","t":-2.0,"n":1},{"w":"2026-08-22","t":2.0,"n":1},{"w":"2026-08-15","t":2.0,"n":1},{"w":"2026-08-08","t":0.0,"n":1},{"w":"2026-08-01","t":0.0,"n":1}]}},{"type":"Feature","geometry":{"type":"Polygon","coordinates":[[[-97.835,42.09],[-97.368,42.091],[-97.368,41.743],[-97.83,41.742],[-97.833,41.916],[-97.835,42.09]]]},"properties":{"fips":"31119","name":"Madison","st":"NE","sites":1,"pop":27000,"trend":2.0,"weeks":[{"w":"2026-09-19","t":null,"n":0},{"w":"2026-09-12","t":null,"n":0},{"w":"2026-09-05","t":2.0,"n":1},{"w":"2026-08-29","t":-1.789,"n":1},{"w":"2026-08-22","t":-2.0,"n":1},{"w":"2026-08-15","t":0.065,"n":1},{"w":"2026-08-08","t":2.0,"n":1},{"w":"2026-08-01","t":2.0,"n":1}]}},{"type":"Feature","geometry":{"type":"Polygon","coordinates":[[[-96.464,40.784],[-95.834,40.784],[-95.834,40.783],[-95.889,40.736],[-95.846,40.683],[-95.782,40.653],[-95.749,40.603],[-95.766,40.585],[-95.757,40.526],[-95.714,40.527],[-95.712,40.524],[-96.067,40.523],[-96.464,40.523],[-96.464,40.784]]]},"properties":{"fips":"31131","name":"Otoe","st":"NE","sites":1,"pop":8000,"trend":0.0,"weeks":[{"w":"2026-09-19","t":null,"n":0},{"w":"2026-09-12","t":0.0,"n":1},{"w":"2026-09-05","t":0.0,"n":1},{"w":"2026-08-29","t":0.0,"n":1},{"w":"2026-08-22","t":0.0,"n":1},{"w":"2026-08-15","t":0.0,"n":1},{"w":"2026-08-08","t":0.0,"n":1},{"w":"2026-08-01","t":0.0,"n":1}]}},{"type":"Feature","geometry":{"type":"Polygon","coordinates":[[[-97.83,41.742],[-97.368,41.743],[-97.252,41.743],[-97.254,41.384],[-97.288,41.401],[-97.368,41.396],[-97.522,41.362],[-97.598,41.333],[-97.598,41.395],[-97.704,41.395],[-97.704,41.527],[-97.83,41.526],[-97.83,41.742]]]},"properties":{"fips":"31141","name":"Platte","st":"NE","sites":1,"pop":23000,"trend":0.0,"weeks":[{"w":"2026-09-19","t":null,"n":0},{"w":"2026-09-12","t":0.0,"n":1},{"w":"2026-09-05","t":0.0,"n":1},{"w":"2026-08-29","t":0.0,"n":1},{"w":"2026-08-22","t":0.0,"n":1},{"w":"2026-08-15","t":0.0,"n":1},{"w":"2026-08-08","t":-1.942,"n":1},{"w":"2026-08-01","t":-2.0,"n":1}]}},{"type":"Feature","geometry":{"type":"Polygon","coordinates":[[[-100.758,40.35],[-100.198,40.35],[-100.194,40.002],[-100.477,40.002],[-100.739,40.002],[-100.759,40.002],[-100.758,40.35]]]},"properties":{"fips":"31145","name":"Red Willow","st":"NE","sites":1,"pop":7446,"trend":2.0,"weeks":[{"w":"2026-09-19","t":2.0,"n":1},{"w":"2026-09-12","t":2.0,"n":1},{"w":"2026-09-05","t":-2.0,"n":1},{"w":"2026-08-29","t":-2.0,"n":1},{"w":"2026-08-22","t":0.002,"n":1},{"w":"2026-08-15","t":2.0,"n":1},{"w":"2026-08-08","t":2.0,"n":1},{"w":"2026-08-01","t":0.0,"n":1}]}},{"type":"Feature","geometry":{"type":"Polygon","coordinates":[[[-96.327,41.19],[-96.009,41.191],[-95.91,41.191],[-95.91,41.184],[-95.857,41.187],[-95.862,41.16],[-95.869,41.125],[-95.864,41.084],[-95.865,41.053],[-95.979,41.053],[-96.005,41.061],[-96.056,41.065],[-96.219,40.994],[-96.319,41.045],[-96.34,41.083],[-96.327,41.19]]]},"properties":{"fips":"31153","name":"Sarpy","st":"NE","sites":1,"pop":600000,"trend":0.049,"weeks":[{"w":"2026-09-19","t":0.049,"n":1},{"w":"2026-09-12","t":2.0,"n":1},{"w":"2026-09-05","t":0.04,"n":1},{"w":"2026-08-29","t":-2.0,"n":1},{"w":"2026-08-22","t":2.0,"n":1},{"w":"2026-08-15","t":1.982,"n":1},{"w":"2026-08-08","t":2.0,"n":1},{"w":"2026-08-01","t":2.0,"n":1}]}},{"type":"Feature","geometry":{"type":"Polygon","coordinates":[[[-104.053,41.885],[-104.053,42.002],[-103.402,42.004],[-103.363,42.003],[-103.363,41.744],[-103.37,41.699],[-104.053,41.698],[-104.053,41.885]]]},"properties":{"fips":"31157","name":"Scotts Bluff","st":"NE","sites":1,"pop":15932,"trend":-1.946,"weeks":[{"w":"2026-09-19","t":null,"n":0},{"w":"2026-09-12","t":-1.946,"n":1},{"w":"2026-09-05","t":2.0,"n":1},{"w":"2026-08-29","t":1.946,"n":1},{"w":"2026-08-22","t":0.0,"n":1},{"w":"2026-08-15","t":0.0,"n":1},{"w":"2026-08-08","t":0.0,"n":1},{"w":"2026-08-01","t":0.0,"n":1}]}},{"type":"Feature","geometry":{"type":"Polygon","coordinates":[[[-97.368,42.091],[-97.019,42.091],[-97.02,41.743],[-97.252,41.743],[-97.368,41.743],[-97.368,42.091]]]},"properties":{"fips":"31167","name":"Stanton","st":"NE","sites":1,"pop":27000,"trend":2.0,"weeks":[{"w":"2026-09-19","t":null,"n":0},{"w":"2026-09-12","t":null,"n":0},{"w":"2026-09-05","t":2.0,"n":1},{"w":"2026-08-29","t":-1.789,"n":1},{"w":"2026-08-22","t":-2.0,"n":1},{"w":"2026-08-15","t":0.065,"n":1},{"w":"2026-08-08","t":2.0,"n":1},{"w":"2026-08-01","t":2.0,"n":1}]}},{"type":"Feature","geometry":{"type":"Polygon","coordinates":[[[-97.826,41.047],[-97.368,41.047],[-97.368,40.699],[-97.825,40.699],[-97.826,40.699],[-97.826,41.047]]]},"properties":{"fips":"31185","name":"York","st":"NE","sites":1,"pop":8000,"trend":2.0,"weeks":[{"w":"2026-09-19","t":null,"n":0},{"w":"2026-09-12","t":2.0,"n":1},{"w":"2026-09-05","t":2.0,"n":1},{"w":"2026-08-29","t":2.0,"n":1},{"w":"2026-08-22","t":0.0,"n":1},{"w":"2026-08-15","t":0.0,"n":1},{"w":"2026-08-08","t":-1.955,"n":1},{"w":"2026-08-01","t":0.0,"n":1}]}},{"type":"Feature","geometry":{"type":"Polygon","coordinates":[[[-115.897,36.842],[-115.741,36.853],[-114.762,36.844],[-114.05,36.843],[-114.049,36.604],[-114.048,36.326],[-114.048,36.269],[-114.047,36.194],[-114.1,36.122],[-114.138,36.053],[-114.152,36.025],[-114.214,36.016],[-114.271,36.036],[-114.316,36.063],[-114.337,36.108],[-114.372,36.143],[-114.417,36.146],[-114.449,36.126],[-114.487,36.129],[-114.512,36.151],[-114.572,36.152],[-114.628,36.141],[-114.667,36.117],[-114.736,36.104],[-114.743,36.071],[-114.743,36.066],[-114.743,36.01],[-114.731,35.944],[-114.7,35.902],[-114.67,35.865],[-114.704,35.815],[-114.697,35.734],[-114.689,35.651],[-114.653,35.611],[-114.663,35.524],[-114.665,35.449],[-114.627,35.41],[-114.587,35.262],[-114.573,35.139],[-114.599,35.121],[-114.62,35.122],[-114.625,35.068],[-114.633,35.002],[-114.804,35.14],[-115.044,35.332],[-115.16,35.424],[-115.304,35.538],[-115.405,35.618],[-115.648,35.809],[-115.648,35.81],[-115.846,35.964],[-115.846,36.122],[-115.896,36.172],[-115.897,36.842]]]},"properties":{"fips":"32003","name":"Clark","st":"NV","sites":2,"pop":38523,"trend":0.339,"weeks":[{"w":"2026-09-19","t":0.339,"n":1},{"w":"2026-09-12","t":0.711,"n":2},{"w":"2026-09-05","t":-0.737,"n":2},{"w":"2026-08-29","t":0.176,"n":2},{"w":"2026-08-22","t":0.76,"n":2},{"w":"2026-08-15","t":0.167,"n":2},{"w":"2026-08-08","t":-0.555,"n":2},{"w":"2026-08-01","t":-1.083,"n":2}]}},{"type":"Feature","geometry":{"type":"Polygon","coordinates":[[[-117.018,42.0],[-116.626,41.997],[-116.333,41.997],[-115.87,41.997],[-115.626,41.997],[-115.314,41.996],[-115.038,41.999],[-114.899,42.0],[-114.598,41.995],[-114.282,41.994],[-114.282,41.994],[-114.042,41.994],[-114.04,41.754],[-114.04,41.492],[-114.041,41.208],[-114.042,41.0],[-114.042,41.0],[-114.044,40.726],[-114.046,40.496],[-114.046,40.398],[-114.046,40.117],[-114.252,40.117],[-115.264,40.123],[-115.835,40.128],[-116.001,40.127],[-116.158,40.666],[-116.158,41.0],[-116.587,41.0],[-117.018,41.0],[-117.018,42.0]]]},"properties":{"fips":"32007","name":"Elko","st":"NV","sites":1,"pop":20800,"trend":-0.453,"weeks":[{"w":"2026-09-19","t":-0.453,"n":1},{"w":"2026-09-12","t":0.902,"n":1},{"w":"2026-09-05","t":0.956,"n":1},{"w":"2026-08-29","t":1.732,"n":1},{"w":"2026-08-22","t":2.0,"n":1},{"w":"2026-08-15","t":1.589,"n":1},{"w":"2026-08-08","t":-2.0,"n":1},{"w":"2026-08-01","t":-2.0,"n":1}]}},{"type":"Feature","geometry":{"type":"Polygon","coordinates":[[[-120.005,39.316],[-120.003,39.445],[-120.002,39.539],[-120.0,39.722],[-119.998,39.957],[-119.997,40.126],[-119.996,40.321],[-119.998,40.721],[-119.999,40.866],[-120.0,41.184],[-119.998,41.619],[-119.999,41.875],[-119.999,41.995],[-119.726,41.996],[-119.36,41.994],[-119.324,41.994],[-119.324,41.415],[-119.306,41.235],[-119.33,40.974],[-119.31,40.96],[-119.313,40.523],[-119.339,39.999],[-119.225,39.999],[-119.209,39.81],[-119.171,39.68],[-119.189,39.651],[-119.257,39.651],[-119.283,39.622],[-119.541,39.564],[-119.622,39.512],[-119.696,39.52],[-119.659,39.332],[-119.713,39.251],[-119.771,39.215],[-119.844,39.201],[-119.881,39.166],[-120.003,39.166],[-120.005,39.291],[-120.005,39.316]]]},"properties":{"fips":"32031","name":"Washoe","st":"NV","sites":2,"pop":378000,"trend":-0.241,"weeks":[{"w":"2026-09-19","t":-0.241,"n":2},{"w":"2026-09-12","t":0.015,"n":2},{"w":"2026-09-05","t":0.291,"n":2},{"w":"2026-08-29","t":0.261,"n":2},{"w":"2026-08-22","t":0.302,"n":2},{"w":"2026-08-15","t":0.284,"n":2},{"w":"2026-08-08","t":0.33,"n":2},{"w":"2026-08-01","t":0.18,"n":2}]}},{"type":"Feature","geometry":{"type":"Polygon","coordinates":[[[-120.003,39.166],[-119.881,39.166],[-119.844,39.201],[-119.771,39.215],[-119.713,39.251],[-119.712,39.251],[-119.648,39.195],[-119.562,39.195],[-119.55,39.086],[-119.761,39.114],[-120.003,39.113],[-120.003,39.166]]]},"properties":{"fips":"32510","name":"Carson City","st":"NV","sites":1,"pop":60000,"trend":-0.002,"weeks":[{"w":"2026-09-19","t":-0.002,"n":1},{"w":"2026-09-12","t":0.004,"n":1},{"w":"2026-09-05","t":0.087,"n":1},{"w":"2026-08-29","t":0.179,"n":1},{"w":"2026-08-22","t":0.24,"n":1},{"w":"2026-08-15","t":0.42,"n":1},{"w":"2026-08-08","t":0.332,"n":1},{"w":"2026-08-01","t":0.052,"n":1}]}},{"type":"Feature","geometry":{"type":"Polygon","coordinates":[[[-71.651,43.621],[-71.648,43.685],[-71.581,43.692],[-71.521,43.698],[-71.532,43.761],[-71.44,43.696],[-71.344,43.629],[-71.344,43.629],[-71.209,43.551],[-71.163,43.539],[-71.159,43.355],[-71.236,43.285],[-71.349,43.347],[-71.471,43.411],[-71.549,43.452],[-71.601,43.435],[-71.728,43.563],[-71.651,43.621]]]},"properties":{"fips":"33001","name":"Belknap","st":"NH","sites":1,"pop":6500,"trend":-0.278,"weeks":[{"w":"2026-09-19","t":-0.278,"n":1},{"w":"2026-09-12","t":0.029,"n":1},{"w":"2026-09-05","t":0.39,"n":1},{"w":"2026-08-29","t":0.489,"n":1},{"w":"2026-08-22","t":0.334,"n":1},{"w":"2026-08-15","t":1.613,"n":1},{"w":"2026-08-08","t":0.21,"n":1},{"w":"2026-08-01","t":-1.393,"n":1}]}},{"type":"Feature","geometry":{"type":"Polygon","coordinates":[[[-71.565,43.893],[-71.362,43.916],[-71.382,44.098],[-71.416,44.212],[-71.356,44.166],[-71.336,44.086],[-71.252,44.244],[-71.042,44.238],[-71.01,44.285],[-71.009,44.259],[-71.001,44.093],[-70.99,43.839],[-70.987,43.793],[-70.982,43.701],[-70.976,43.614],[-70.973,43.57],[-70.964,43.54],[-71.024,43.483],[-71.038,43.53],[-71.163,43.539],[-71.209,43.551],[-71.344,43.629],[-71.344,43.629],[-71.44,43.696],[-71.532,43.761],[-71.544,43.796],[-71.561,43.875],[-71.565,43.893]]]},"properties":{"fips":"33003","name":"Carroll","st":"NH","sites":1,"pop":6500,"trend":-0.278,"weeks":[{"w":"2026-09-19","t":-0.278,"n":1},{"w":"2026-09-12","t":0.029,"n":1},{"w":"2026-09-05","t":0.39,"n":1},{"w":"2026-08-29","t":0.489,"n":1},{"w":"2026-08-22","t":0.334,"n":1},{"w":"2026-08-15","t":1.613,"n":1},{"w":"2026-08-08","t":0.21,"n":1},{"w":"2026-08-01","t":-1.393,"n":1}]}},{"type":"Feature","geometry":{"type":"Polygon","coordinates":[[[-72.556,42.866],[-72.531,42.898],[-72.532,42.955],[-72.493,42.968],[-72.445,43.004],[-72.452,43.02],[-72.462,43.044],[-72.435,43.087],[-72.452,43.153],[-72.45,43.161],[-72.432,43.136],[-72.372,43.132],[-72.157,43.182],[-72.178,43.132],[-72.038,43.129],[-72.062,42.945],[-72.001,42.919],[-71.975,42.789],[-71.929,42.712],[-72.081,42.716],[-72.111,42.717],[-72.125,42.718],[-72.204,42.72],[-72.283,42.722],[-72.412,42.726],[-72.451,42.727],[-72.459,42.727],[-72.478,42.761],[-72.54,42.805],[-72.554,42.858],[-72.556,42.866]]]},"properties":{"fips":"33005","name":"Cheshire","st":"NH","sites":1,"pop":30000,"trend":2.0,"weeks":[{"w":"2026-09-19","t":null,"n":0},{"w":"2026-09-12","t":null,"n":0},{"w":"2026-09-05","t":2.0,"n":1},{"w":"2026-08-29","t":2.0,"n":1},{"w":"2026-08-22","t":0.117,"n":1},{"w":"2026-08-15","t":-2.0,"n":1},{"w":"2026-08-08","t":0.181,"n":1},{"w":"2026-08-01","t":2.0,"n":1}]}},{"type":"Feature","geometry":{"type":"Polygon","coordinates":[[[-71.763,44.404],[-71.691,44.421],[-71.647,44.469],[-71.58,44.502],[-71.588,44.548],[-71.545,44.579],[-71.552,44.628],[-71.585,44.665],[-71.627,44.747],[-71.57,44.805],[-71.522,44.881],[-71.494,44.912],[-71.532,44.976],[-71.501,45.013],[-71.498,45.07],[-71.449,45.109],[-71.419,45.17],[-71.406,45.198],[-71.439,45.239],[-71.361,45.27],[-71.284,45.302],[-71.244,45.268],[-71.183,45.241],[-71.139,45.243],[-71.109,45.282],[-71.084,45.305],[-71.058,45.0],[-71.037,44.736],[-71.023,44.5],[-71.019,44.44],[-71.014,44.341],[-71.011,44.302],[-71.01,44.285],[-71.042,44.238],[-71.252,44.244],[-71.336,44.086],[-71.356,44.166],[-71.416,44.212],[-71.443,44.249],[-71.576,44.255],[-71.587,44.305],[-71.697,44.332],[-71.763,44.404]]]},"properties":{"fips":"33007","name":"Coos","st":"NH","sites":1,"pop":9000,"trend":1.985,"weeks":[{"w":"2026-09-19","t":null,"n":0},{"w":"2026-09-12","t":null,"n":0},{"w":"2026-09-05","t":1.985,"n":1},{"w":"2026-08-29","t":1.985,"n":1},{"w":"2026-08-22","t":0.0,"n":1},{"w":"2026-08-15","t":-1.865,"n":1},{"w":"2026-08-08","t":-1.865,"n":1},{"w":"2026-08-01","t":1.865,"n":1}]}},{"type":"Feature","geometry":{"type":"Polygon","coordinates":[[[-72.33,43.608],[-72.285,43.72],[-72.222,43.76],[-72.211,43.773],[-72.183,43.808],[-72.17,43.873],[-72.106,43.949],[-72.117,43.992],[-72.08,44.03],[-72.08,44.03],[-72.075,44.035],[-72.037,44.103],[-72.054,44.16],[-72.061,44.185],[-72.054,44.247],[-72.046,44.292],[-72.002,44.325],[-71.945,44.338],[-71.876,44.337],[-71.838,44.348],[-71.819,44.353],[-71.779,44.4],[-71.763,44.404],[-71.697,44.332],[-71.587,44.305],[-71.576,44.255],[-71.443,44.249],[-71.416,44.212],[-71.382,44.098],[-71.362,43.916],[-71.565,43.893],[-71.561,43.875],[-71.544,43.796],[-71.532,43.761],[-71.521,43.698],[-71.581,43.692],[-71.648,43.685],[-71.651,43.621],[-71.728,43.563],[-71.818,43.544],[-71.865,43.598],[-71.892,43.575],[-71.935,43.529],[-72.091,43.529],[-72.334,43.606],[-72.33,43.608]]]},"properties":{"fips":"33009","name":"Grafton","st":"NH","sites":2,"pop":18000,"trend":1.151,"weeks":[{"w":"2026-09-19","t":null,"n":0},{"w":"2026-09-12","t":null,"n":0},{"w":"2026-09-05","t":1.151,"n":2},{"w":"2026-08-29","t":2.0,"n":1},{"w":"2026-08-22","t":-2.0,"n":1},{"w":"2026-08-15","t":-2.0,"n":1},{"w":"2026-08-08","t":-0.774,"n":1},{"w":"2026-08-01","t":-0.279,"n":1}]}},{"type":"Feature","geometry":{"type":"Polygon","coordinates":[[[-72.038,43.129],[-72.036,43.18],[-72.009,43.188],[-71.913,43.207],[-71.856,43.115],[-71.81,43.124],[-71.733,43.14],[-71.668,43.153],[-71.641,43.054],[-71.517,43.069],[-71.513,43.05],[-71.392,43.009],[-71.377,42.947],[-71.451,42.931],[-71.442,42.89],[-71.427,42.825],[-71.361,42.799],[-71.364,42.785],[-71.284,42.76],[-71.245,42.737],[-71.255,42.736],[-71.256,42.736],[-71.294,42.697],[-71.352,42.698],[-71.387,42.699],[-71.543,42.703],[-71.636,42.705],[-71.746,42.707],[-71.773,42.708],[-71.805,42.709],[-71.899,42.711],[-71.929,42.712],[-71.975,42.789],[-72.001,42.919],[-72.062,42.945],[-72.038,43.129]]]},"properties":{"fips":"33011","name":"Hillsborough","st":"NH","sites":4,"pop":328632,"trend":0.495,"weeks":[{"w":"2026-09-19","t":null,"n":0},{"w":"2026-09-12","t":null,"n":0},{"w":"2026-09-05","t":0.495,"n":3},{"w":"2026-08-29","t":1.201,"n":4},{"w":"2026-08-22","t":1.111,"n":4},{"w":"2026-08-15","t":-1.11,"n":4},{"w":"2026-08-08","t":-0.069,"n":4},{"w":"2026-08-01","t":1.515,"n":4}]}},{"type":"Feature","geometry":{"type":"Polygon","coordinates":[[[-71.451,42.931],[-71.377,42.947],[-71.392,43.009],[-71.403,43.041],[-71.356,43.102],[-71.318,43.162],[-71.281,43.219],[-71.262,43.251],[-71.247,43.275],[-71.134,43.204],[-71.128,43.2],[-71.027,43.138],[-71.073,43.082],[-70.875,43.08],[-70.82,43.123],[-70.756,43.08],[-70.704,43.06],[-70.735,43.012],[-70.765,42.975],[-70.799,42.924],[-70.811,42.889],[-70.817,42.872],[-70.865,42.87],[-70.931,42.885],[-70.966,42.869],[-71.031,42.859],[-71.049,42.831],[-71.064,42.806],[-71.116,42.812],[-71.15,42.815],[-71.164,42.806],[-71.182,42.794],[-71.186,42.791],[-71.182,42.738],[-71.245,42.737],[-71.284,42.76],[-71.364,42.785],[-71.361,42.799],[-71.427,42.825],[-71.442,42.89],[-71.451,42.931]]]},"properties":{"fips":"33015","name":"Rockingham","st":"NH","sites":5,"pop":81000,"trend":0.728,"weeks":[{"w":"2026-09-19","t":0.728,"n":1},{"w":"2026-09-12","t":-0.045,"n":1},{"w":"2026-09-05","t":0.028,"n":5},{"w":"2026-08-29","t":1.13,"n":5},{"w":"2026-08-22","t":1.237,"n":5},{"w":"2026-08-15","t":-0.715,"n":5},{"w":"2026-08-08","t":-0.751,"n":5},{"w":"2026-08-01","t":0.183,"n":5}]}},{"type":"Feature","geometry":{"type":"Polygon","coordinates":[[[-71.236,43.285],[-71.159,43.355],[-71.163,43.539],[-71.038,43.53],[-71.024,43.483],[-70.964,43.54],[-70.955,43.51],[-70.961,43.474],[-70.968,43.429],[-70.984,43.376],[-70.924,43.325],[-70.873,43.27],[-70.813,43.217],[-70.825,43.18],[-70.825,43.18],[-70.828,43.129],[-70.82,43.123],[-70.875,43.08],[-71.073,43.082],[-71.027,43.138],[-71.128,43.2],[-71.134,43.204],[-71.247,43.275],[-71.236,43.285]]]},"properties":{"fips":"33017","name":"Strafford","st":"NH","sites":2,"pop":47923,"trend":0.441,"weeks":[{"w":"2026-09-19","t":null,"n":0},{"w":"2026-09-12","t":null,"n":0},{"w":"2026-09-05","t":0.441,"n":2},{"w":"2026-08-29","t":0.634,"n":2},{"w":"2026-08-22","t":1.197,"n":2},{"w":"2026-08-15","t":0.629,"n":2},{"w":"2026-08-08","t":-0.285,"n":2},{"w":"2026-08-01","t":-0.433,"n":2}]}},{"type":"Feature","geometry":{"type":"Polygon","coordinates":[[[-72.441,43.215],[-72.434,43.233],[-72.422,43.263],[-72.403,43.32],[-72.407,43.337],[-72.413,43.363],[-72.397,43.429],[-72.397,43.429],[-72.381,43.493],[-72.379,43.574],[-72.334,43.606],[-72.091,43.529],[-71.935,43.529],[-72.011,43.437],[-72.054,43.441],[-72.09,43.323],[-72.009,43.188],[-72.036,43.18],[-72.038,43.129],[-72.178,43.132],[-72.157,43.182],[-72.372,43.132],[-72.432,43.136],[-72.45,43.161],[-72.441,43.215]]]},"properties":{"fips":"33019","name":"Sullivan","st":"NH","sites":1,"pop":6000,"trend":0.0,"weeks":[{"w":"2026-09-19","t":0.0,"n":1},{"w":"2026-09-12","t":0.0,"n":1},{"w":"2026-09-05","t":0.0,"n":1},{"w":"2026-08-29","t":0.0,"n":1},{"w":"2026-08-22","t":0.0,"n":1},{"w":"2026-08-15","t":0.0,"n":1},{"w":"2026-08-08","t":0.0,"n":1},{"w":"2026-08-01","t":0.0,"n":1}]}},{"type":"Feature","geometry":{"type":"Polygon","coordinates":[[[-74.912,39.578],[-74.877,39.608],[-74.8,39.675],[-74.736,39.73],[-74.724,39.722],[-74.655,39.627],[-74.476,39.551],[-74.417,39.557],[-74.381,39.499],[-74.291,39.508],[-74.292,39.508],[-74.304,39.471],[-74.367,39.402],[-74.413,39.361],[-74.522,39.314],[-74.541,39.3],[-74.653,39.289],[-74.861,39.324],[-74.856,39.424],[-74.985,39.515],[-74.912,39.578]]]},"properties":{"fips":"34001","name":"Atlantic","st":"NJ","sites":2,"pop":262000,"trend":-0.161,"weeks":[{"w":"2026-09-19","t":-0.161,"n":1},{"w":"2026-09-12","t":0.253,"n":2},{"w":"2026-09-05","t":-0.033,"n":2},{"w":"2026-08-29","t":-0.377,"n":2},{"w":"2026-08-22","t":0.747,"n":2},{"w":"2026-08-15","t":0.859,"n":2},{"w":"2026-08-08","t":-0.313,"n":2},{"w":"2026-08-01","t":-0.309,"n":2}]}},{"type":"Feature","geometry":{"type":"Polygon","coordinates":[[[-74.25,41.061],[-74.212,41.133],[-74.041,41.059],[-73.894,40.997],[-73.907,40.951],[-73.92,40.919],[-73.922,40.915],[-73.935,40.883],[-73.938,40.875],[-73.947,40.858],[-73.966,40.825],[-73.968,40.821],[-73.971,40.816],[-73.985,40.798],[-73.994,40.814],[-73.995,40.815],[-73.991,40.821],[-73.996,40.824],[-73.997,40.822],[-74.006,40.827],[-74.01,40.823],[-74.045,40.808],[-74.059,40.806],[-74.069,40.798],[-74.077,40.796],[-74.08,40.79],[-74.09,40.777],[-74.088,40.764],[-74.091,40.762],[-74.148,40.786],[-74.14,40.805],[-74.13,40.82],[-74.107,40.859],[-74.132,40.922],[-74.141,40.966],[-74.171,40.977],[-74.272,41.018],[-74.25,41.061]]]},"properties":{"fips":"34003","name":"Bergen","st":"NJ","sites":3,"pop":2150411,"trend":0.39,"weeks":[{"w":"2026-09-19","t":0.39,"n":1},{"w":"2026-09-12","t":0.364,"n":1},{"w":"2026-09-05","t":0.23,"n":1},{"w":"2026-08-29","t":0.082,"n":1},{"w":"2026-08-22","t":0.136,"n":1},{"w":"2026-08-15","t":0.227,"n":3},{"w":"2026-08-08","t":0.43,"n":3},{"w":"2026-08-01","t":0.436,"n":3}]}},{"type":"Feature","geometry":{"type":"Polygon","coordinates":[[[-75.059,39.993],[-74.99,40.037],[-74.973,40.047],[-74.932,40.068],[-74.864,40.082],[-74.826,40.124],[-74.769,40.129],[-74.723,40.153],[-74.718,40.15],[-74.706,40.162],[-74.704,40.168],[-74.711,40.168],[-74.71,40.181],[-74.588,40.138],[-74.553,40.079],[-74.434,39.855],[-74.39,39.773],[-74.398,39.577],[-74.417,39.557],[-74.476,39.551],[-74.655,39.627],[-74.724,39.722],[-74.736,39.73],[-74.819,39.788],[-74.902,39.791],[-74.931,39.886],[-74.984,39.927],[-74.986,39.93],[-74.975,39.939],[-74.994,39.939],[-75.004,39.941],[-75.015,39.947],[-75.016,39.95],[-75.013,39.957],[-75.018,39.959],[-75.019,39.967],[-75.06,39.992],[-75.059,39.993]]]},"properties":{"fips":"34005","name":"Burlington","st":"NJ","sites":1,"pop":19980,"trend":-0.056,"weeks":[{"w":"2026-09-19","t":-0.056,"n":1},{"w":"2026-09-12","t":-0.54,"n":1},{"w":"2026-09-05","t":-1.334,"n":1},{"w":"2026-08-29","t":-0.307,"n":1},{"w":"2026-08-22","t":1.238,"n":1},{"w":"2026-08-15","t":2.0,"n":1},{"w":"2026-08-08","t":2.0,"n":1},{"w":"2026-08-01","t":0.0,"n":1}]}},{"type":"Feature","geometry":{"type":"Polygon","coordinates":[[[-75.133,39.896],[-75.135,39.922],[-75.136,39.947],[-75.132,39.951],[-75.119,39.965],[-75.06,39.992],[-75.019,39.967],[-75.018,39.959],[-75.013,39.957],[-75.016,39.95],[-75.015,39.947],[-75.004,39.941],[-74.994,39.939],[-74.975,39.939],[-74.986,39.93],[-74.984,39.927],[-74.931,39.886],[-74.902,39.791],[-74.819,39.788],[-74.736,39.73],[-74.8,39.675],[-74.877,39.608],[-74.944,39.698],[-75.087,39.78],[-75.141,39.894],[-75.133,39.896]]]},"properties":{"fips":"34007","name":"Camden","st":"NJ","sites":1,"pop":525000,"trend":0.354,"weeks":[{"w":"2026-09-19","t":0.354,"n":1},{"w":"2026-09-12","t":0.319,"n":1},{"w":"2026-09-05","t":0.063,"n":1},{"w":"2026-08-29","t":-0.02,"n":1},{"w":"2026-08-22","t":-0.008,"n":1},{"w":"2026-08-15","t":0.398,"n":1},{"w":"2026-08-08","t":0.477,"n":1},{"w":"2026-08-01","t":2.0,"n":1}]}},{"type":"Feature","geometry":{"type":"Polygon","coordinates":[[[-75.417,39.389],[-75.368,39.456],[-75.238,39.559],[-75.08,39.461],[-75.062,39.569],[-74.985,39.515],[-74.856,39.424],[-74.861,39.324],[-74.926,39.209],[-74.915,39.177],[-74.998,39.191],[-75.048,39.215],[-75.091,39.211],[-75.137,39.182],[-75.167,39.223],[-75.213,39.263],[-75.244,39.286],[-75.285,39.292],[-75.327,39.332],[-75.356,39.348],[-75.399,39.379],[-75.417,39.389]]]},"properties":{"fips":"34011","name":"Cumberland","st":"NJ","sites":2,"pop":60000,"trend":0.013,"weeks":[{"w":"2026-09-19","t":0.013,"n":2},{"w":"2026-09-12","t":-0.807,"n":2},{"w":"2026-09-05","t":-0.865,"n":2},{"w":"2026-08-29","t":0.931,"n":2},{"w":"2026-08-22","t":2.0,"n":2},{"w":"2026-08-15","t":0.924,"n":2},{"w":"2026-08-08","t":0.0,"n":2},{"w":"2026-08-01","t":0.0,"n":2}]}},{"type":"Feature","geometry":{"type":"Polygon","coordinates":[[[-74.367,40.761],[-74.326,40.909],[-74.272,40.897],[-74.197,40.859],[-74.13,40.82],[-74.14,40.805],[-74.148,40.786],[-74.166,40.748],[-74.118,40.74],[-74.117,40.71],[-74.113,40.702],[-74.137,40.674],[-74.209,40.691],[-74.285,40.722],[-74.297,40.715],[-74.372,40.74],[-74.367,40.761]]]},"properties":{"fips":"34013","name":"Essex","st":"NJ","sites":3,"pop":2885848,"trend":0.127,"weeks":[{"w":"2026-09-19","t":0.127,"n":1},{"w":"2026-09-12","t":0.211,"n":1},{"w":"2026-09-05","t":0.477,"n":1},{"w":"2026-08-29","t":0.623,"n":1},{"w":"2026-08-22","t":-0.014,"n":1},{"w":"2026-08-15","t":-0.053,"n":3},{"w":"2026-08-08","t":0.273,"n":3},{"w":"2026-08-01","t":0.525,"n":3}]}},{"type":"Feature","geometry":{"type":"Polygon","coordinates":[[[-74.148,40.786],[-74.091,40.762],[-74.088,40.764],[-74.09,40.777],[-74.08,40.79],[-74.077,40.796],[-74.069,40.798],[-74.059,40.806],[-74.045,40.808],[-74.01,40.823],[-74.006,40.827],[-73.997,40.822],[-73.996,40.824],[-73.991,40.821],[-73.995,40.815],[-73.994,40.814],[-73.985,40.798],[-74.014,40.757],[-74.023,40.737],[-74.026,40.733],[-74.031,40.723],[-74.041,40.703],[-74.047,40.691],[-74.047,40.69],[-74.068,40.67],[-74.071,40.667],[-74.087,40.652],[-74.16,40.646],[-74.143,40.668],[-74.137,40.674],[-74.113,40.702],[-74.117,40.71],[-74.118,40.74],[-74.166,40.748],[-74.148,40.786]]]},"properties":{"fips":"34017","name":"Hudson","st":"NJ","sites":3,"pop":1730848,"trend":0.059,"weeks":[{"w":"2026-09-19","t":0.059,"n":1},{"w":"2026-09-12","t":0.299,"n":1},{"w":"2026-09-05","t":0.206,"n":1},{"w":"2026-08-29","t":0.224,"n":1},{"w":"2026-08-22","t":0.387,"n":1},{"w":"2026-08-15","t":0.219,"n":3},{"w":"2026-08-08","t":0.314,"n":3},{"w":"2026-08-01","t":0.306,"n":3}]}},{"type":"Feature","geometry":{"type":"Polygon","coordinates":[[[-75.188,40.593],[-75.146,40.629],[-74.983,40.705],[-74.968,40.711],[-74.89,40.788],[-74.824,40.742],[-74.726,40.72],[-74.713,40.584],[-74.798,40.516],[-74.748,40.424],[-74.856,40.347],[-74.928,40.34],[-74.946,40.357],[-74.97,40.4],[-75.025,40.403],[-75.056,40.416],[-75.071,40.455],[-75.062,40.481],[-75.079,40.548],[-75.137,40.576],[-75.187,40.569],[-75.188,40.593]]]},"properties":{"fips":"34019","name":"Hunterdon","st":"NJ","sites":1,"pop":9440,"trend":0.484,"weeks":[{"w":"2026-09-19","t":0.484,"n":1},{"w":"2026-09-12","t":-0.6,"n":1},{"w":"2026-09-05","t":-0.593,"n":1},{"w":"2026-08-29","t":0.388,"n":1},{"w":"2026-08-22","t":0.364,"n":1},{"w":"2026-08-15","t":1.933,"n":1},{"w":"2026-08-08","t":2.0,"n":1},{"w":"2026-08-01","t":-0.115,"n":1}]}},{"type":"Feature","geometry":{"type":"Polygon","coordinates":[[[-74.928,40.34],[-74.856,40.347],[-74.748,40.424],[-74.722,40.375],[-74.623,40.384],[-74.62,40.374],[-74.622,40.325],[-74.485,40.253],[-74.543,40.217],[-74.615,40.182],[-74.588,40.138],[-74.71,40.181],[-74.711,40.168],[-74.704,40.168],[-74.706,40.162],[-74.718,40.15],[-74.723,40.153],[-74.722,40.154],[-74.748,40.185],[-74.761,40.199],[-74.824,40.242],[-74.857,40.277],[-74.903,40.316],[-74.928,40.34]]]},"properties":{"fips":"34021","name":"Mercer","st":"NJ","sites":1,"pop":76500,"trend":2.0,"weeks":[{"w":"2026-09-19","t":2.0,"n":1},{"w":"2026-09-12","t":0.151,"n":1},{"w":"2026-09-05","t":-2.0,"n":1},{"w":"2026-08-29","t":0.057,"n":1},{"w":"2026-08-22","t":0.54,"n":1},{"w":"2026-08-15","t":0.257,"n":1},{"w":"2026-08-08","t":-0.176,"n":1},{"w":"2026-08-01","t":-0.276,"n":1}]}},{"type":"Feature","geometry":{"type":"Polygon","coordinates":[[[-74.62,40.374],[-74.585,40.418],[-74.489,40.474],[-74.46,40.491],[-74.524,40.57],[-74.463,40.599],[-74.442,40.597],[-74.359,40.604],[-74.303,40.609],[-74.291,40.592],[-74.204,40.593],[-74.217,40.559],[-74.249,40.545],[-74.261,40.502],[-74.262,40.465],[-74.225,40.449],[-74.236,40.443],[-74.291,40.373],[-74.327,40.345],[-74.393,40.28],[-74.485,40.253],[-74.622,40.325],[-74.62,40.374]]]},"properties":{"fips":"34023","name":"Middlesex","st":"NJ","sites":1,"pop":880000,"trend":-0.37,"weeks":[{"w":"2026-09-19","t":-0.37,"n":1},{"w":"2026-09-12","t":0.065,"n":1},{"w":"2026-09-05","t":0.351,"n":1},{"w":"2026-08-29","t":0.038,"n":1},{"w":"2026-08-22","t":0.267,"n":1},{"w":"2026-08-15","t":2.0,"n":1},{"w":"2026-08-08","t":1.963,"n":1},{"w":"2026-08-01","t":-0.069,"n":1}]}},{"type":"Feature","geometry":{"type":"Polygon","coordinates":[[[-74.615,40.182],[-74.543,40.217],[-74.485,40.253],[-74.393,40.28],[-74.327,40.345],[-74.291,40.373],[-74.236,40.443],[-74.225,40.449],[-74.206,40.441],[-74.157,40.448],[-74.108,40.444],[-74.048,40.419],[-74.019,40.471],[-73.998,40.477],[-73.977,40.409],[-73.971,40.348],[-73.982,40.279],[-74.001,40.217],[-74.03,40.123],[-74.035,40.103],[-74.107,40.137],[-74.154,40.1],[-74.261,40.166],[-74.407,40.172],[-74.553,40.079],[-74.588,40.138],[-74.615,40.182]]]},"properties":{"fips":"34025","name":"Monmouth","st":"NJ","sites":3,"pop":423298,"trend":-0.012,"weeks":[{"w":"2026-09-19","t":-0.012,"n":3},{"w":"2026-09-12","t":-0.107,"n":2},{"w":"2026-09-05","t":0.027,"n":2},{"w":"2026-08-29","t":0.579,"n":2},{"w":"2026-08-22","t":0.578,"n":2},{"w":"2026-08-15","t":0.078,"n":2},{"w":"2026-08-08","t":0.951,"n":2},{"w":"2026-08-01","t":2.0,"n":2}]}},{"type":"Feature","geometry":{"type":"Polygon","coordinates":[[[-74.851,40.804],[-74.769,40.911],[-74.711,40.899],[-74.636,40.943],[-74.641,40.964],[-74.536,41.058],[-74.503,41.086],[-74.498,41.034],[-74.447,41.054],[-74.363,41.013],[-74.299,41.003],[-74.272,40.897],[-74.326,40.909],[-74.367,40.761],[-74.372,40.74],[-74.38,40.728],[-74.444,40.688],[-74.461,40.674],[-74.523,40.649],[-74.514,40.698],[-74.556,40.758],[-74.657,40.735],[-74.726,40.72],[-74.824,40.742],[-74.89,40.788],[-74.851,40.804]]]},"properties":{"fips":"34027","name":"Morris","st":"NJ","sites":2,"pop":114530,"trend":0.109,"weeks":[{"w":"2026-09-19","t":0.109,"n":1},{"w":"2026-09-12","t":0.285,"n":2},{"w":"2026-09-05","t":0.191,"n":2},{"w":"2026-08-29","t":-0.069,"n":2},{"w":"2026-08-22","t":0.17,"n":2},{"w":"2026-08-15","t":0.606,"n":2},{"w":"2026-08-08","t":0.771,"n":2},{"w":"2026-08-01","t":0.49,"n":2}]}},{"type":"Feature","geometry":{"type":"Polygon","coordinates":[[[-74.553,40.079],[-74.407,40.172],[-74.261,40.166],[-74.154,40.1],[-74.107,40.137],[-74.035,40.103],[-74.064,39.979],[-74.077,39.911],[-74.091,39.8],[-74.1,39.764],[-74.101,39.756],[-74.191,39.625],[-74.291,39.508],[-74.381,39.499],[-74.417,39.557],[-74.398,39.577],[-74.39,39.773],[-74.434,39.855],[-74.553,40.079]]]},"properties":{"fips":"34029","name":"Ocean","st":"NJ","sites":3,"pop":669626,"trend":0.156,"weeks":[{"w":"2026-09-19","t":0.156,"n":3},{"w":"2026-09-12","t":null,"n":0},{"w":"2026-09-05","t":null,"n":0},{"w":"2026-08-29","t":null,"n":0},{"w":"2026-08-22","t":null,"n":0},{"w":"2026-08-15","t":null,"n":0},{"w":"2026-08-08","t":null,"n":0},{"w":"2026-08-01","t":null,"n":0}]}},{"type":"Feature","geometry":{"type":"Polygon","coordinates":[[[-74.503,41.086],[-74.367,41.204],[-74.302,41.173],[-74.234,41.143],[-74.234,41.143],[-74.212,41.133],[-74.25,41.061],[-74.272,41.018],[-74.171,40.977],[-74.141,40.966],[-74.132,40.922],[-74.107,40.859],[-74.13,40.82],[-74.197,40.859],[-74.272,40.897],[-74.299,41.003],[-74.363,41.013],[-74.447,41.054],[-74.498,41.034],[-74.503,41.086]]]},"properties":{"fips":"34031","name":"Passaic","st":"NJ","sites":3,"pop":1639848,"trend":0.337,"weeks":[{"w":"2026-09-19","t":0.337,"n":1},{"w":"2026-09-12","t":0.947,"n":1},{"w":"2026-09-05","t":0.702,"n":1},{"w":"2026-08-29","t":1.488,"n":1},{"w":"2026-08-22","t":1.488,"n":1},{"w":"2026-08-15","t":0.118,"n":3},{"w":"2026-08-08","t":0.337,"n":3},{"w":"2026-08-01","t":0.435,"n":3}]}},{"type":"Feature","geometry":{"type":"Polygon","coordinates":[[[-75.559,39.63],[-75.535,39.647],[-75.51,39.686],[-75.478,39.715],[-75.459,39.766],[-75.415,39.802],[-75.41,39.805],[-75.429,39.784],[-75.378,39.746],[-75.377,39.726],[-75.2,39.667],[-75.062,39.569],[-75.08,39.461],[-75.238,39.559],[-75.368,39.456],[-75.417,39.389],[-75.442,39.402],[-75.465,39.439],[-75.536,39.461],[-75.528,39.498],[-75.528,39.535],[-75.513,39.578],[-75.544,39.596],[-75.559,39.63]]]},"properties":{"fips":"34033","name":"Salem","st":"NJ","sites":1,"pop":5500,"trend":0.325,"weeks":[{"w":"2026-09-19","t":null,"n":0},{"w":"2026-09-12","t":0.325,"n":1},{"w":"2026-09-05","t":-0.534,"n":1},{"w":"2026-08-29","t":-0.432,"n":1},{"w":"2026-08-22","t":2.0,"n":1},{"w":"2026-08-15","t":2.0,"n":1},{"w":"2026-08-08","t":2.0,"n":1},{"w":"2026-08-01","t":0.0,"n":1}]}},{"type":"Feature","geometry":{"type":"Polygon","coordinates":[[[-74.798,40.516],[-74.713,40.584],[-74.726,40.72],[-74.657,40.735],[-74.556,40.758],[-74.514,40.698],[-74.523,40.649],[-74.461,40.674],[-74.405,40.668],[-74.404,40.655],[-74.424,40.62],[-74.463,40.599],[-74.524,40.57],[-74.46,40.491],[-74.489,40.474],[-74.585,40.418],[-74.62,40.374],[-74.623,40.384],[-74.722,40.375],[-74.748,40.424],[-74.798,40.516]]]},"properties":{"fips":"34035","name":"Somerset","st":"NJ","sites":2,"pop":887000,"trend":-0.37,"weeks":[{"w":"2026-09-19","t":-0.37,"n":2},{"w":"2026-09-12","t":0.065,"n":2},{"w":"2026-09-05","t":0.349,"n":2},{"w":"2026-08-29","t":0.053,"n":2},{"w":"2026-08-22","t":0.281,"n":2},{"w":"2026-08-15","t":1.969,"n":2},{"w":"2026-08-08","t":1.935,"n":2},{"w":"2026-08-01","t":-0.053,"n":2}]}},{"type":"Feature","geometry":{"type":"Polygon","coordinates":[[[-74.98,41.11],[-74.905,41.156],[-74.867,41.228],[-74.816,41.296],[-74.76,41.34],[-74.695,41.357],[-74.458,41.248],[-74.367,41.204],[-74.503,41.086],[-74.536,41.058],[-74.641,40.964],[-74.636,40.943],[-74.711,40.899],[-74.769,40.911],[-74.791,40.931],[-74.963,41.091],[-74.983,41.106],[-74.98,41.11]]]},"properties":{"fips":"34037","name":"Sussex","st":"NJ","sites":1,"pop":7751,"trend":0.427,"weeks":[{"w":"2026-09-19","t":0.427,"n":1},{"w":"2026-09-12","t":0.658,"n":1},{"w":"2026-09-05","t":2.0,"n":1},{"w":"2026-08-29","t":1.937,"n":1},{"w":"2026-08-22","t":-2.0,"n":1},{"w":"2026-08-15","t":0.301,"n":1},{"w":"2026-08-08","t":2.0,"n":1},{"w":"2026-08-01","t":-1.977,"n":1}]}},{"type":"Feature","geometry":{"type":"Polygon","coordinates":[[[-74.463,40.599],[-74.424,40.62],[-74.404,40.655],[-74.405,40.668],[-74.461,40.674],[-74.444,40.688],[-74.38,40.728],[-74.372,40.74],[-74.297,40.715],[-74.285,40.722],[-74.209,40.691],[-74.137,40.674],[-74.143,40.668],[-74.16,40.646],[-74.171,40.645],[-74.2,40.632],[-74.202,40.631],[-74.204,40.593],[-74.291,40.592],[-74.303,40.609],[-74.359,40.604],[-74.442,40.597],[-74.463,40.599]]]},"properties":{"fips":"34039","name":"Union","st":"NJ","sites":5,"pop":3969996,"trend":-0.035,"weeks":[{"w":"2026-09-19","t":-0.035,"n":3},{"w":"2026-09-12","t":0.172,"n":3},{"w":"2026-09-05","t":0.418,"n":3},{"w":"2026-08-29","t":0.371,"n":3},{"w":"2026-08-22","t":0.1,"n":3},{"w":"2026-08-15","t":0.507,"n":5},{"w":"2026-08-08","t":0.737,"n":5},{"w":"2026-08-01","t":0.374,"n":5}]}},{"type":"Feature","geometry":{"type":"Polygon","coordinates":[[[-107.197,35.219],[-106.763,35.218],[-106.729,35.218],[-106.63,35.22],[-106.599,35.218],[-106.244,35.216],[-106.244,35.04],[-106.244,34.953],[-106.15,34.953],[-106.15,34.87],[-106.412,34.87],[-106.414,34.892],[-106.424,34.902],[-106.686,34.906],[-106.721,34.87],[-107.025,34.871],[-107.067,34.957],[-107.197,35.219]]]},"properties":{"fips":"35001","name":"Bernalillo","st":"NM","sites":1,"pop":650000,"trend":0.196,"weeks":[{"w":"2026-09-19","t":0.196,"n":1},{"w":"2026-09-12","t":-0.032,"n":1},{"w":"2026-09-05","t":-0.141,"n":1},{"w":"2026-08-29","t":0.148,"n":1},{"w":"2026-08-22","t":0.287,"n":1},{"w":"2026-08-15","t":0.292,"n":1},{"w":"2026-08-08","t":-0.028,"n":1},{"w":"2026-08-01","t":-0.313,"n":1}]}},{"type":"Feature","geometry":{"type":"Polygon","coordinates":[[[-105.316,32.962],[-105.317,33.132],[-104.905,33.139],[-104.885,33.306],[-104.892,33.398],[-104.893,34.088],[-104.786,34.088],[-104.786,34.0],[-104.156,33.995],[-104.156,34.083],[-103.946,34.082],[-103.842,34.082],[-103.842,33.819],[-103.717,33.82],[-103.718,33.656],[-103.51,33.657],[-103.51,33.57],[-103.721,33.57],[-103.766,33.395],[-103.766,32.965],[-103.815,32.965],[-104.842,32.963],[-104.842,32.521],[-104.852,32.521],[-105.354,32.519],[-105.316,32.962]]]},"properties":{"fips":"35005","name":"Chaves","st":"NM","sites":1,"pop":50000,"trend":-0.247,"weeks":[{"w":"2026-09-19","t":null,"n":0},{"w":"2026-09-12","t":-0.247,"n":1},{"w":"2026-09-05","t":-0.238,"n":1},{"w":"2026-08-29","t":0.194,"n":1},{"w":"2026-08-22","t":2.0,"n":1},{"w":"2026-08-15","t":null,"n":0},{"w":"2026-08-08","t":-2.0,"n":1},{"w":"2026-08-01","t":null,"n":0}]}},{"type":"Feature","geometry":{"type":"Polygon","coordinates":[[[-107.299,32.78],[-106.888,32.779],[-106.888,32.823],[-106.341,33.053],[-106.341,32.958],[-106.377,32.958],[-106.377,32.001],[-106.618,32.0],[-106.63,31.971],[-106.623,31.914],[-106.636,31.872],[-106.581,31.814],[-106.528,31.783],[-106.532,31.784],[-106.994,31.784],[-107.297,31.784],[-107.3,32.605],[-107.299,32.78]]]},"properties":{"fips":"35013","name":"Do\u00f1a Ana","st":"NM","sites":2,"pop":97846,"trend":-0.298,"weeks":[{"w":"2026-09-19","t":-0.298,"n":1},{"w":"2026-09-12","t":0.125,"n":2},{"w":"2026-09-05","t":0.303,"n":2},{"w":"2026-08-29","t":0.426,"n":2},{"w":"2026-08-22","t":0.436,"n":2},{"w":"2026-08-15","t":0.07,"n":2},{"w":"2026-08-08","t":-0.217,"n":2},{"w":"2026-08-01","t":-0.193,"n":2}]}},{"type":"Feature","geometry":{"type":"Polygon","coordinates":[[[-108.229,32.517],[-107.924,32.517],[-107.924,32.604],[-107.608,32.605],[-107.3,32.605],[-107.297,31.784],[-107.422,31.784],[-108.208,31.784],[-108.217,31.82],[-108.217,31.864],[-108.217,32.08],[-108.229,32.517]]]},"properties":{"fips":"35029","name":"Luna","st":"NM","sites":1,"pop":14000,"trend":2.0,"weeks":[{"w":"2026-09-19","t":null,"n":0},{"w":"2026-09-12","t":2.0,"n":1},{"w":"2026-09-05","t":2.0,"n":1},{"w":"2026-08-29","t":-2.0,"n":1},{"w":"2026-08-22","t":-0.149,"n":1},{"w":"2026-08-15","t":2.0,"n":1},{"w":"2026-08-08","t":0.106,"n":1},{"w":"2026-08-01","t":2.0,"n":1}]}},{"type":"Feature","geometry":{"type":"Polygon","coordinates":[[[-107.624,36.22],[-106.885,36.217],[-106.885,35.999],[-106.247,36.001],[-106.248,35.966],[-106.399,35.96],[-106.419,35.82],[-106.25,35.756],[-106.249,35.443],[-106.245,35.239],[-106.244,35.216],[-106.599,35.218],[-106.63,35.22],[-106.729,35.218],[-106.763,35.218],[-107.197,35.219],[-107.239,35.306],[-107.309,35.306],[-107.309,35.999],[-107.627,36.0],[-107.624,36.22]]]},"properties":{"fips":"35043","name":"Sandoval","st":"NM","sites":1,"pop":101750,"trend":-0.116,"weeks":[{"w":"2026-09-19","t":-0.116,"n":1},{"w":"2026-09-12","t":0.37,"n":1},{"w":"2026-09-05","t":0.462,"n":1},{"w":"2026-08-29","t":-0.088,"n":1},{"w":"2026-08-22","t":0.301,"n":1},{"w":"2026-08-15","t":0.27,"n":1},{"w":"2026-08-08","t":-0.151,"n":1},{"w":"2026-08-01","t":-0.062,"n":1}]}},{"type":"Feature","geometry":{"type":"Polygon","coordinates":[[[-106.25,35.756],[-106.172,35.828],[-106.248,35.839],[-106.246,35.931],[-106.054,35.931],[-106.071,36.002],[-105.717,36.002],[-105.717,35.979],[-105.721,35.871],[-105.714,35.042],[-106.195,35.04],[-106.244,35.04],[-106.244,35.216],[-106.245,35.239],[-106.249,35.443],[-106.25,35.756]]]},"properties":{"fips":"35049","name":"Santa Fe","st":"NM","sites":1,"pop":87000,"trend":0.567,"weeks":[{"w":"2026-09-19","t":null,"n":0},{"w":"2026-09-12","t":0.567,"n":1},{"w":"2026-09-05","t":-0.149,"n":1},{"w":"2026-08-29","t":-0.047,"n":1},{"w":"2026-08-22","t":0.272,"n":1},{"w":"2026-08-15","t":0.182,"n":1},{"w":"2026-08-08","t":0.487,"n":1},{"w":"2026-08-01","t":0.388,"n":1}]}},{"type":"Feature","geometry":{"type":"Polygon","coordinates":[[[-74.263,42.423],[-74.242,42.551],[-74.17,42.667],[-74.18,42.73],[-73.833,42.772],[-73.809,42.779],[-73.727,42.823],[-73.677,42.783],[-73.761,42.61],[-73.773,42.509],[-73.784,42.464],[-74.254,42.408],[-74.263,42.423]]]},"properties":{"fips":"36001","name":"Albany","st":"NY","sites":4,"pop":242652,"trend":0.982,"weeks":[{"w":"2026-09-19","t":null,"n":0},{"w":"2026-09-12","t":0.982,"n":4},{"w":"2026-09-05","t":0.28,"n":3},{"w":"2026-08-29","t":0.0,"n":3},{"w":"2026-08-22","t":0.0,"n":3},{"w":"2026-08-15","t":-0.28,"n":3},{"w":"2026-08-08","t":-0.256,"n":4},{"w":"2026-08-01","t":0.256,"n":4}]}},{"type":"Feature","geometry":{"type":"Polygon","coordinates":[[[-73.947,40.858],[-73.938,40.875],[-73.935,40.883],[-73.922,40.915],[-73.92,40.919],[-73.851,40.91],[-73.824,40.89],[-73.748,40.872],[-73.779,40.812],[-73.828,40.804],[-73.847,40.801],[-73.912,40.796],[-73.966,40.825],[-73.947,40.858]]]},"properties":{"fips":"36005","name":"Bronx","st":"NY","sites":1,"pop":781885,"trend":-0.022,"weeks":[{"w":"2026-09-19","t":null,"n":0},{"w":"2026-09-12","t":null,"n":0},{"w":"2026-09-05","t":null,"n":0},{"w":"2026-08-29","t":-0.022,"n":1},{"w":"2026-08-22","t":-0.035,"n":1},{"w":"2026-08-15","t":0.289,"n":1},{"w":"2026-08-08","t":0.312,"n":1},{"w":"2026-08-01","t":0.022,"n":1}]}},{"type":"Feature","geometry":{"type":"Polygon","coordinates":[[[-76.13,42.41],[-76.021,42.409],[-75.864,42.416],[-75.837,42.244],[-75.638,42.249],[-75.637,42.196],[-75.484,42.195],[-75.418,42.195],[-75.402,42.011],[-75.36,41.994],[-75.477,41.999],[-75.483,41.999],[-75.553,41.999],[-75.871,41.999],[-76.106,41.999],[-76.105,42.032],[-76.109,42.075],[-76.081,42.258],[-76.13,42.41]]]},"properties":{"fips":"36007","name":"Broome","st":"NY","sites":3,"pop":115899,"trend":0.668,"weeks":[{"w":"2026-09-19","t":null,"n":0},{"w":"2026-09-12","t":0.668,"n":3},{"w":"2026-09-05","t":-0.668,"n":3},{"w":"2026-08-29","t":-0.668,"n":3},{"w":"2026-08-22","t":0.216,"n":3},{"w":"2026-08-15","t":0.216,"n":3},{"w":"2026-08-08","t":0.668,"n":3},{"w":"2026-08-01","t":0.668,"n":3}]}},{"type":"Feature","geometry":{"type":"Polygon","coordinates":[[[-79.061,42.538],[-78.992,42.529],[-78.92,42.442],[-78.696,42.472],[-78.464,42.536],[-78.45,42.519],[-78.309,42.521],[-78.308,41.999],[-78.597,42.0],[-78.919,41.999],[-78.983,41.999],[-79.061,41.999],[-79.061,42.538]]]},"properties":{"fips":"36009","name":"Cattaraugus","st":"NY","sites":1,"pop":17760,"trend":0.0,"weeks":[{"w":"2026-09-19","t":null,"n":0},{"w":"2026-09-12","t":0.0,"n":1},{"w":"2026-09-05","t":0.0,"n":1},{"w":"2026-08-29","t":0.0,"n":1},{"w":"2026-08-22","t":0.0,"n":1},{"w":"2026-08-15","t":0.0,"n":1},{"w":"2026-08-08","t":0.0,"n":1},{"w":"2026-08-01","t":0.0,"n":1}]}},{"type":"Feature","geometry":{"type":"Polygon","coordinates":[[[-76.737,42.97],[-76.714,43.024],[-76.702,43.08],[-76.722,43.338],[-76.685,43.353],[-76.631,43.413],[-76.617,43.42],[-76.605,43.254],[-76.479,43.228],[-76.492,43.005],[-76.451,42.846],[-76.357,42.849],[-76.275,42.771],[-76.266,42.624],[-76.458,42.619],[-76.667,42.623],[-76.732,42.721],[-76.737,42.97]]]},"properties":{"fips":"36011","name":"Cayuga","st":"NY","sites":1,"pop":31814,"trend":0.0,"weeks":[{"w":"2026-09-19","t":null,"n":0},{"w":"2026-09-12","t":0.0,"n":1},{"w":"2026-09-05","t":0.0,"n":1},{"w":"2026-08-29","t":0.0,"n":1},{"w":"2026-08-22","t":0.0,"n":1},{"w":"2026-08-15","t":0.0,"n":1},{"w":"2026-08-08","t":0.0,"n":1},{"w":"2026-08-01","t":0.0,"n":1}]}},{"type":"Feature","geometry":{"type":"Polygon","coordinates":[[[-79.762,42.27],[-79.627,42.325],[-79.454,42.411],[-79.382,42.466],[-79.283,42.511],[-79.193,42.546],[-79.139,42.564],[-79.136,42.569],[-79.108,42.57],[-79.061,42.538],[-79.061,41.999],[-79.472,41.998],[-79.611,41.999],[-79.761,41.999],[-79.762,42.131],[-79.762,42.27]]]},"properties":{"fips":"36013","name":"Chautauqua","st":"NY","sites":4,"pop":57861,"trend":0.0,"weeks":[{"w":"2026-09-19","t":null,"n":0},{"w":"2026-09-12","t":0.0,"n":1},{"w":"2026-09-05","t":0.0,"n":3},{"w":"2026-08-29","t":0.0,"n":4},{"w":"2026-08-22","t":0.0,"n":4},{"w":"2026-08-15","t":0.0,"n":4},{"w":"2026-08-08","t":0.0,"n":4},{"w":"2026-08-01","t":0.0,"n":3}]}},{"type":"Feature","geometry":{"type":"Polygon","coordinates":[[[-76.965,42.278],[-76.734,42.294],[-76.733,42.248],[-76.642,42.234],[-76.619,42.283],[-76.538,42.282],[-76.564,42.152],[-76.558,42.0],[-76.558,42.0],[-76.927,42.001],[-76.966,42.001],[-76.965,42.278]]]},"properties":{"fips":"36015","name":"Chemung","st":"NY","sites":2,"pop":56122,"trend":0.0,"weeks":[{"w":"2026-09-19","t":null,"n":0},{"w":"2026-09-12","t":0.0,"n":2},{"w":"2026-09-05","t":0.0,"n":2},{"w":"2026-08-29","t":0.0,"n":2},{"w":"2026-08-22","t":0.0,"n":2},{"w":"2026-08-15","t":0.0,"n":2},{"w":"2026-08-08","t":0.0,"n":2},{"w":"2026-08-01","t":0.0,"n":2}]}},{"type":"Feature","geometry":{"type":"Polygon","coordinates":[[[-75.89,42.724],[-75.429,42.745],[-75.296,42.744],[-75.325,42.589],[-75.404,42.509],[-75.375,42.411],[-75.415,42.314],[-75.418,42.195],[-75.484,42.195],[-75.637,42.196],[-75.638,42.249],[-75.837,42.244],[-75.864,42.416],[-75.89,42.724]]]},"properties":{"fips":"36017","name":"Chenango","st":"NY","sites":1,"pop":6734,"trend":0.0,"weeks":[{"w":"2026-09-19","t":null,"n":0},{"w":"2026-09-12","t":null,"n":0},{"w":"2026-09-05","t":0.0,"n":1},{"w":"2026-08-29","t":null,"n":0},{"w":"2026-08-22","t":null,"n":0},{"w":"2026-08-15","t":null,"n":0},{"w":"2026-08-08","t":null,"n":0},{"w":"2026-08-01","t":0.0,"n":1}]}},{"type":"Feature","geometry":{"type":"Polygon","coordinates":[[[-74.027,44.997],[-73.875,45.001],[-73.64,45.003],[-73.343,45.011],[-73.345,44.97],[-73.339,44.918],[-73.38,44.857],[-73.366,44.826],[-73.334,44.802],[-73.336,44.799],[-73.358,44.751],[-73.366,44.7],[-73.39,44.62],[-73.367,44.568],[-73.364,44.564],[-73.348,44.546],[-73.464,44.538],[-73.497,44.486],[-73.669,44.441],[-73.91,44.43],[-73.966,44.709],[-73.986,44.708],[-74.027,44.997]]]},"properties":{"fips":"36019","name":"Clinton","st":"NY","sites":2,"pop":26425,"trend":0.0,"weeks":[{"w":"2026-09-19","t":null,"n":0},{"w":"2026-09-12","t":0.0,"n":1},{"w":"2026-09-05","t":0.0,"n":1},{"w":"2026-08-29","t":0.0,"n":1},{"w":"2026-08-22","t":0.0,"n":1},{"w":"2026-08-15","t":0.0,"n":1},{"w":"2026-08-08","t":0.0,"n":1},{"w":"2026-08-01","t":0.0,"n":1}]}},{"type":"Feature","geometry":{"type":"Polygon","coordinates":[[[-73.911,42.127],[-73.787,42.273],[-73.784,42.464],[-73.353,42.51],[-73.411,42.352],[-73.508,42.086],[-73.49,42.054],[-73.527,41.978],[-73.711,42.005],[-73.93,42.079],[-73.911,42.127]]]},"properties":{"fips":"36021","name":"Columbia","st":"NY","sites":1,"pop":6374,"trend":0.0,"weeks":[{"w":"2026-09-19","t":null,"n":0},{"w":"2026-09-12","t":0.0,"n":1},{"w":"2026-09-05","t":0.0,"n":1},{"w":"2026-08-29","t":0.0,"n":1},{"w":"2026-08-22","t":0.0,"n":1},{"w":"2026-08-15","t":0.0,"n":1},{"w":"2026-08-08","t":0.0,"n":1},{"w":"2026-08-01","t":0.0,"n":1}]}},{"type":"Feature","geometry":{"type":"Polygon","coordinates":[[[-76.275,42.771],[-75.896,42.791],[-75.89,42.724],[-75.864,42.416],[-76.021,42.409],[-76.13,42.41],[-76.253,42.408],[-76.266,42.624],[-76.275,42.771]]]},"properties":{"fips":"36023","name":"Cortland","st":"NY","sites":1,"pop":26950,"trend":0.0,"weeks":[{"w":"2026-09-19","t":null,"n":0},{"w":"2026-09-12","t":0.0,"n":1},{"w":"2026-09-05","t":0.0,"n":1},{"w":"2026-08-29","t":0.0,"n":1},{"w":"2026-08-22","t":0.0,"n":1},{"w":"2026-08-15","t":0.0,"n":1},{"w":"2026-08-08","t":0.0,"n":1},{"w":"2026-08-01","t":0.0,"n":1}]}},{"type":"Feature","geometry":{"type":"Polygon","coordinates":[[[-75.415,42.314],[-75.197,42.358],[-74.844,42.513],[-74.712,42.518],[-74.619,42.424],[-74.444,42.355],[-74.537,42.201],[-74.452,42.169],[-74.531,42.146],[-74.781,42.016],[-75.145,41.85],[-75.19,41.862],[-75.263,41.885],[-75.292,41.947],[-75.341,41.993],[-75.36,41.994],[-75.402,42.011],[-75.418,42.195],[-75.415,42.314]]]},"properties":{"fips":"36025","name":"Delaware","st":"NY","sites":1,"pop":3581,"trend":2.0,"weeks":[{"w":"2026-09-19","t":null,"n":0},{"w":"2026-09-12","t":2.0,"n":1},{"w":"2026-09-05","t":2.0,"n":1},{"w":"2026-08-29","t":null,"n":0},{"w":"2026-08-22","t":null,"n":0},{"w":"2026-08-15","t":null,"n":0},{"w":"2026-08-08","t":null,"n":0},{"w":"2026-08-01","t":2.0,"n":1}]}},{"type":"Feature","geometry":{"type":"Polygon","coordinates":[[[-74.0,41.457],[-73.953,41.59],[-73.941,41.736],[-73.964,41.913],[-73.93,42.079],[-73.711,42.005],[-73.527,41.978],[-73.49,42.054],[-73.487,42.05],[-73.505,41.824],[-73.518,41.667],[-73.52,41.641],[-73.53,41.527],[-73.58,41.526],[-73.673,41.515],[-73.934,41.488],[-73.981,41.439],[-74.0,41.457]]]},"properties":{"fips":"36027","name":"Dutchess","st":"NY","sites":4,"pop":88104,"trend":0.783,"weeks":[{"w":"2026-09-19","t":null,"n":0},{"w":"2026-09-12","t":0.783,"n":2},{"w":"2026-09-05","t":0.027,"n":3},{"w":"2026-08-29","t":-0.58,"n":3},{"w":"2026-08-22","t":0.783,"n":2},{"w":"2026-08-15","t":0.783,"n":2},{"w":"2026-08-08","t":0.0,"n":2},{"w":"2026-08-01","t":0.0,"n":2}]}},{"type":"Feature","geometry":{"type":"Polygon","coordinates":[[[-79.111,42.613],[-79.064,42.645],[-79.049,42.689],[-78.972,42.716],[-78.905,42.746],[-78.851,42.792],[-78.857,42.805],[-78.866,42.827],[-78.883,42.867],[-78.912,42.887],[-78.909,42.933],[-78.928,42.953],[-78.962,42.958],[-79.02,42.995],[-79.005,43.057],[-79.018,43.066],[-79.02,43.066],[-78.945,43.067],[-78.906,43.052],[-78.893,43.039],[-78.89,43.022],[-78.869,43.023],[-78.839,43.019],[-78.825,43.034],[-78.831,43.05],[-78.744,43.07],[-78.728,43.086],[-78.604,43.072],[-78.51,43.098],[-78.464,43.089],[-78.464,42.867],[-78.486,42.862],[-78.463,42.78],[-78.464,42.536],[-78.696,42.472],[-78.92,42.442],[-78.992,42.529],[-79.061,42.538],[-79.108,42.57],[-79.136,42.569],[-79.111,42.613]]]},"properties":{"fips":"36029","name":"Erie","st":"NY","sites":8,"pop":792805,"trend":0.0,"weeks":[{"w":"2026-09-19","t":null,"n":0},{"w":"2026-09-12","t":0.0,"n":3},{"w":"2026-09-05","t":0.024,"n":5},{"w":"2026-08-29","t":0.0,"n":5},{"w":"2026-08-22","t":0.0,"n":4},{"w":"2026-08-15","t":-0.04,"n":6},{"w":"2026-08-08","t":-0.05,"n":5},{"w":"2026-08-01","t":0.0,"n":5}]}},{"type":"Feature","geometry":{"type":"Polygon","coordinates":[[[-74.256,43.97],[-74.282,44.121],[-74.093,44.138],[-74.141,44.407],[-73.91,44.43],[-73.669,44.441],[-73.497,44.486],[-73.464,44.538],[-73.348,44.546],[-73.313,44.507],[-73.294,44.441],[-73.321,44.383],[-73.335,44.357],[-73.324,44.31],[-73.317,44.264],[-73.317,44.258],[-73.35,44.23],[-73.395,44.167],[-73.4,44.153],[-73.416,44.099],[-73.437,44.043],[-73.406,44.011],[-73.411,43.976],[-73.408,43.93],[-73.374,43.876],[-73.39,43.817],[-73.383,43.808],[-73.438,43.804],[-74.057,43.745],[-74.047,43.796],[-74.149,43.83],[-74.214,43.811],[-74.337,43.925],[-74.256,43.97]]]},"properties":{"fips":"36031","name":"Essex","st":"NY","sites":3,"pop":12603,"trend":0.0,"weeks":[{"w":"2026-09-19","t":null,"n":0},{"w":"2026-09-12","t":null,"n":0},{"w":"2026-09-05","t":0.0,"n":1},{"w":"2026-08-29","t":0.0,"n":1},{"w":"2026-08-22","t":0.0,"n":1},{"w":"2026-08-15","t":0.659,"n":2},{"w":"2026-08-08","t":0.659,"n":2},{"w":"2026-08-01","t":0.0,"n":2}]}},{"type":"Feature","geometry":{"type":"Polygon","coordinates":[[[-74.611,44.999],[-74.437,44.996],[-74.234,44.992],[-74.027,44.997],[-73.986,44.708],[-73.966,44.709],[-73.91,44.43],[-74.141,44.407],[-74.093,44.138],[-74.282,44.121],[-74.535,44.099],[-74.526,44.171],[-74.645,44.997],[-74.611,44.999]]]},"properties":{"fips":"36033","name":"Franklin","st":"NY","sites":1,"pop":7175,"trend":0.0,"weeks":[{"w":"2026-09-19","t":null,"n":0},{"w":"2026-09-12","t":null,"n":0},{"w":"2026-09-05","t":0.0,"n":1},{"w":"2026-08-29","t":0.0,"n":1},{"w":"2026-08-22","t":0.0,"n":1},{"w":"2026-08-15","t":0.0,"n":1},{"w":"2026-08-08","t":0.0,"n":1},{"w":"2026-08-01","t":0.0,"n":1}]}},{"type":"Feature","geometry":{"type":"Polygon","coordinates":[[[-78.466,43.129],[-77.997,43.133],[-77.906,43.134],[-77.904,43.037],[-77.91,42.988],[-77.956,42.906],[-77.955,42.863],[-78.074,42.87],[-78.464,42.867],[-78.464,43.089],[-78.466,43.129]]]},"properties":{"fips":"36037","name":"Genesee","st":"NY","sites":2,"pop":20650,"trend":0.071,"weeks":[{"w":"2026-09-19","t":null,"n":0},{"w":"2026-09-12","t":0.071,"n":1},{"w":"2026-09-05","t":-0.406,"n":2},{"w":"2026-08-29","t":0.406,"n":2},{"w":"2026-08-22","t":0.406,"n":2},{"w":"2026-08-15","t":0.0,"n":2},{"w":"2026-08-08","t":0.0,"n":2},{"w":"2026-08-01","t":null,"n":0}]}},{"type":"Feature","geometry":{"type":"Polygon","coordinates":[[[-74.537,42.201],[-74.444,42.355],[-74.245,42.377],[-74.254,42.408],[-73.784,42.464],[-73.787,42.273],[-73.911,42.127],[-74.002,42.177],[-74.075,42.097],[-74.308,42.114],[-74.452,42.169],[-74.537,42.201]]]},"properties":{"fips":"36039","name":"Greene","st":"NY","sites":1,"pop":4896,"trend":0.0,"weeks":[{"w":"2026-09-19","t":null,"n":0},{"w":"2026-09-12","t":null,"n":0},{"w":"2026-09-05","t":null,"n":0},{"w":"2026-08-29","t":null,"n":0},{"w":"2026-08-22","t":0.0,"n":1},{"w":"2026-08-15","t":-2.0,"n":1},{"w":"2026-08-08","t":-2.0,"n":1},{"w":"2026-08-01","t":null,"n":0}]}},{"type":"Feature","geometry":{"type":"Polygon","coordinates":[[[-75.219,43.052],[-75.069,43.227],[-75.071,43.227],[-75.072,43.228],[-75.073,43.228],[-75.073,43.229],[-75.074,43.23],[-75.074,43.23],[-75.074,43.231],[-75.073,43.232],[-75.072,43.232],[-75.071,43.232],[-75.07,43.233],[-75.07,43.233],[-75.07,43.234],[-75.071,43.234],[-75.071,43.234],[-75.073,43.235],[-75.074,43.235],[-75.074,43.235],[-75.075,43.234],[-75.077,43.233],[-75.078,43.233],[-75.079,43.232],[-75.081,43.232],[-75.081,43.232],[-75.082,43.231],[-75.083,43.231],[-75.084,43.231],[-75.085,43.23],[-75.087,43.231],[-75.088,43.23],[-75.089,43.23],[-75.091,43.23],[-75.093,43.231],[-75.094,43.231],[-75.1,43.233],[-75.101,43.234],[-75.102,43.235],[-75.104,43.235],[-75.105,43.236],[-75.107,43.237],[-75.108,43.237],[-75.11,43.237],[-75.111,43.238],[-75.112,43.238],[-75.113,43.239],[-75.114,43.239],[-75.114,43.239],[-75.115,43.239],[-75.117,43.239],[-75.118,43.239],[-75.119,43.24],[-75.12,43.24],[-75.121,43.24],[-75.122,43.241],[-75.123,43.241],[-75.123,43.241],[-75.123,43.242],[-75.123,43.243],[-75.124,43.245],[-75.124,43.246],[-75.124,43.246],[-75.124,43.247],[-75.126,43.247],[-75.126,43.247],[-75.126,43.247],[-75.127,43.247],[-75.128,43.248],[-75.132,43.248],[-75.135,43.248],[-75.136,43.249],[-75.137,43.249],[-75.137,43.25],[-75.138,43.25],[-75.138,43.25],[-75.139,43.251],[-75.141,43.252],[-75.142,43.253],[-75.142,43.254],[-75.143,43.255],[-75.143,43.255],[-75.144,43.255],[-75.144,43.255],[-75.145,43.255],[-75.145,43.253],[-75.145,43.252],[-75.146,43.252],[-75.147,43.252],[-75.148,43.251],[-75.149,43.251],[-75.149,43.25],[-75.149,43.25],[-75.148,43.249],[-75.148,43.248],[-75.148,43.248],[-75.148,43.247],[-75.149,43.247],[-75.149,43.247],[-75.15,43.247],[-75.151,43.247],[-75.152,43.247],[-75.152,43.248],[-75.152,43.25],[-75.151,43.25],[-75.151,43.252],[-75.152,43.254],[-75.153,43.255],[-75.153,43.256],[-75.153,43.258],[-75.153,43.258],[-75.153,43.259],[-75.154,43.259],[-75.155,43.258],[-75.155,43.257],[-75.155,43.257],[-75.157,43.256],[-75.158,43.256],[-75.158,43.256],[-75.16,43.256],[-75.162,43.257],[-75.077,43.331],[-75.111,43.615],[-75.168,44.096],[-75.063,44.05],[-74.854,44.07],[-74.776,43.487],[-74.868,43.34],[-74.713,43.286],[-74.696,43.174],[-74.764,43.058],[-74.76,43.047],[-74.744,43.031],[-74.763,42.863],[-74.879,42.898],[-74.907,42.825],[-75.101,42.908],[-75.211,42.857],[-75.212,42.88],[-75.219,43.052]]]},"properties":{"fips":"36043","name":"Herkimer","st":"NY","sites":1,"pop":13924,"trend":0.0,"weeks":[{"w":"2026-09-19","t":null,"n":0},{"w":"2026-09-12","t":null,"n":0},{"w":"2026-09-05","t":0.0,"n":1},{"w":"2026-08-29","t":0.0,"n":1},{"w":"2026-08-22","t":0.0,"n":1},{"w":"2026-08-15","t":0.0,"n":1},{"w":"2026-08-08","t":0.0,"n":1},{"w":"2026-08-01","t":0.0,"n":1}]}},{"type":"Feature","geometry":{"type":"Polygon","coordinates":[[[-76.412,43.926],[-76.279,43.972],[-76.308,44.025],[-76.376,44.032],[-76.362,44.073],[-76.371,44.1],[-76.356,44.133],[-76.335,44.165],[-76.287,44.204],[-76.207,44.215],[-76.164,44.24],[-76.162,44.281],[-76.097,44.3],[-76.001,44.348],[-75.95,44.349],[-75.861,44.405],[-75.446,44.218],[-75.548,44.102],[-75.485,44.074],[-75.543,43.968],[-75.604,43.971],[-75.759,43.879],[-75.84,43.884],[-75.851,43.792],[-75.787,43.789],[-75.774,43.689],[-76.025,43.707],[-76.022,43.668],[-76.201,43.68],[-76.213,43.754],[-76.229,43.804],[-76.297,43.857],[-76.361,43.873],[-76.442,43.883],[-76.412,43.926]]]},"properties":{"fips":"36045","name":"Jefferson","st":"NY","sites":3,"pop":53832,"trend":0.0,"weeks":[{"w":"2026-09-19","t":null,"n":0},{"w":"2026-09-12","t":0.0,"n":2},{"w":"2026-09-05","t":0.0,"n":1},{"w":"2026-08-29","t":0.0,"n":2},{"w":"2026-08-22","t":0.0,"n":1},{"w":"2026-08-15","t":0.0,"n":2},{"w":"2026-08-08","t":0.0,"n":2},{"w":"2026-08-01","t":0.0,"n":2}]}},{"type":"Feature","geometry":{"type":"Polygon","coordinates":[[[-74.068,40.67],[-74.047,40.69],[-74.047,40.691],[-74.041,40.703],[-74.031,40.723],[-73.966,40.719],[-73.963,40.723],[-73.962,40.737],[-73.923,40.717],[-73.923,40.716],[-73.88,40.691],[-73.869,40.695],[-73.864,40.681],[-73.848,40.644],[-73.825,40.576],[-73.941,40.543],[-73.974,40.561],[-73.991,40.57],[-74.037,40.589],[-74.038,40.59],[-74.041,40.603],[-74.057,40.627],[-74.056,40.651],[-74.071,40.667],[-74.068,40.67]]]},"properties":{"fips":"36047","name":"Kings","st":"NY","sites":4,"pop":2727152,"trend":-0.033,"weeks":[{"w":"2026-09-19","t":null,"n":0},{"w":"2026-09-12","t":-0.033,"n":2},{"w":"2026-09-05","t":-0.167,"n":3},{"w":"2026-08-29","t":-0.212,"n":3},{"w":"2026-08-22","t":0.424,"n":3},{"w":"2026-08-15","t":0.133,"n":4},{"w":"2026-08-08","t":-0.007,"n":4},{"w":"2026-08-01","t":0.414,"n":4}]}},{"type":"Feature","geometry":{"type":"Polygon","coordinates":[[[-75.84,43.884],[-75.759,43.879],[-75.604,43.971],[-75.543,43.968],[-75.485,44.074],[-75.548,44.102],[-75.446,44.218],[-75.168,44.096],[-75.111,43.615],[-75.533,43.42],[-75.756,43.47],[-75.774,43.689],[-75.787,43.789],[-75.851,43.792],[-75.84,43.884]]]},"properties":{"fips":"36049","name":"Lewis","st":"NY","sites":1,"pop":3953,"trend":null,"weeks":[{"w":"2026-09-19","t":null,"n":0},{"w":"2026-09-12","t":null,"n":0},{"w":"2026-09-05","t":null,"n":0},{"w":"2026-08-29","t":null,"n":0},{"w":"2026-08-22","t":null,"n":0},{"w":"2026-08-15","t":null,"n":0},{"w":"2026-08-08","t":null,"n":0},{"w":"2026-08-01","t":null,"n":0}]}},{"type":"Feature","geometry":{"type":"Polygon","coordinates":[[[-78.061,42.533],[-77.956,42.667],[-77.955,42.863],[-77.956,42.906],[-77.91,42.988],[-77.731,42.988],[-77.759,42.94],[-77.58,42.944],[-77.612,42.763],[-77.599,42.672],[-77.487,42.67],[-77.491,42.577],[-77.66,42.58],[-77.661,42.535],[-77.721,42.535],[-77.723,42.471],[-77.84,42.475],[-77.841,42.518],[-78.038,42.522],[-78.061,42.533]]]},"properties":{"fips":"36051","name":"Livingston","st":"NY","sites":4,"pop":29067,"trend":0.0,"weeks":[{"w":"2026-09-19","t":null,"n":0},{"w":"2026-09-12","t":0.0,"n":2},{"w":"2026-09-05","t":-0.013,"n":3},{"w":"2026-08-29","t":0.369,"n":4},{"w":"2026-08-22","t":0.0,"n":4},{"w":"2026-08-15","t":-0.369,"n":4},{"w":"2026-08-08","t":0.369,"n":4},{"w":"2026-08-01","t":0.0,"n":3}]}},{"type":"Feature","geometry":{"type":"Polygon","coordinates":[[[-75.993,43.183],[-75.933,43.177],[-75.884,43.156],[-75.724,43.163],[-75.553,43.038],[-75.543,42.932],[-75.444,42.933],[-75.437,42.863],[-75.248,42.872],[-75.251,42.785],[-75.296,42.744],[-75.429,42.745],[-75.89,42.724],[-75.896,42.791],[-75.917,43.086],[-75.976,43.091],[-75.95,43.135],[-75.993,43.183]]]},"properties":{"fips":"36053","name":"Madison","st":"NY","sites":2,"pop":9751,"trend":0.0,"weeks":[{"w":"2026-09-19","t":null,"n":0},{"w":"2026-09-12","t":0.0,"n":1},{"w":"2026-09-05","t":0.0,"n":1},{"w":"2026-08-29","t":0.0,"n":1},{"w":"2026-08-22","t":0.0,"n":1},{"w":"2026-08-15","t":0.0,"n":2},{"w":"2026-08-08","t":0.0,"n":2},{"w":"2026-08-01","t":0.0,"n":2}]}},{"type":"Feature","geometry":{"type":"Polygon","coordinates":[[[-77.996,43.285],[-77.996,43.365],[-77.995,43.365],[-77.817,43.344],[-77.808,43.343],[-77.76,43.341],[-77.66,43.283],[-77.551,43.236],[-77.501,43.25],[-77.376,43.274],[-77.371,43.035],[-77.485,43.035],[-77.483,42.943],[-77.58,42.944],[-77.759,42.94],[-77.731,42.988],[-77.91,42.988],[-77.904,43.037],[-77.906,43.134],[-77.997,43.133],[-77.996,43.285]]]},"properties":{"fips":"36055","name":"Monroe","st":"NY","sites":4,"pop":691892,"trend":0.0,"weeks":[{"w":"2026-09-19","t":null,"n":0},{"w":"2026-09-12","t":0.0,"n":4},{"w":"2026-09-05","t":0.0,"n":4},{"w":"2026-08-29","t":0.0,"n":4},{"w":"2026-08-22","t":0.0,"n":4},{"w":"2026-08-15","t":0.0,"n":4},{"w":"2026-08-08","t":0.0,"n":4},{"w":"2026-08-01","t":0.0,"n":3}]}},{"type":"Feature","geometry":{"type":"Polygon","coordinates":[[[-74.744,43.031],[-74.76,43.047],[-74.542,42.986],[-74.489,42.985],[-74.097,42.983],[-74.097,42.979],[-74.093,42.956],[-74.084,42.897],[-74.263,42.797],[-74.289,42.784],[-74.411,42.776],[-74.455,42.773],[-74.648,42.83],[-74.763,42.863],[-74.744,43.031]]]},"properties":{"fips":"36057","name":"Montgomery","st":"NY","sites":1,"pop":19679,"trend":0.0,"weeks":[{"w":"2026-09-19","t":null,"n":0},{"w":"2026-09-12","t":null,"n":0},{"w":"2026-09-05","t":0.0,"n":1},{"w":"2026-08-29","t":0.0,"n":1},{"w":"2026-08-22","t":0.0,"n":1},{"w":"2026-08-15","t":0.0,"n":1},{"w":"2026-08-08","t":0.0,"n":1},{"w":"2026-08-01","t":0.0,"n":1}]}},{"type":"Feature","geometry":{"type":"Polygon","coordinates":[[[-73.779,40.812],[-73.748,40.872],[-73.741,40.876],[-73.714,40.87],[-73.654,40.878],[-73.618,40.898],[-73.5,40.918],[-73.497,40.923],[-73.462,40.867],[-73.439,40.751],[-73.436,40.735],[-73.423,40.67],[-73.424,40.613],[-73.485,40.599],[-73.507,40.593],[-73.641,40.583],[-73.751,40.589],[-73.742,40.642],[-73.725,40.653],[-73.728,40.666],[-73.726,40.68],[-73.727,40.709],[-73.729,40.719],[-73.725,40.724],[-73.702,40.752],[-73.75,40.782],[-73.779,40.812]]]},"properties":{"fips":"36059","name":"Nassau","st":"NY","sites":8,"pop":1256506,"trend":0.179,"weeks":[{"w":"2026-09-19","t":null,"n":0},{"w":"2026-09-12","t":0.179,"n":5},{"w":"2026-09-05","t":0.453,"n":4},{"w":"2026-08-29","t":0.417,"n":6},{"w":"2026-08-22","t":-0.101,"n":4},{"w":"2026-08-15","t":-0.28,"n":6},{"w":"2026-08-08","t":1.872,"n":6},{"w":"2026-08-01","t":1.917,"n":6}]}},{"type":"Feature","geometry":{"type":"Polygon","coordinates":[[[-74.026,40.733],[-74.023,40.737],[-74.014,40.757],[-73.985,40.798],[-73.971,40.816],[-73.968,40.821],[-73.966,40.825],[-73.912,40.796],[-73.921,40.782],[-73.962,40.737],[-73.963,40.723],[-73.966,40.719],[-74.031,40.723],[-74.026,40.733]]]},"properties":{"fips":"36061","name":"New York","st":"NY","sites":2,"pop":1822997,"trend":-0.026,"weeks":[{"w":"2026-09-19","t":null,"n":0},{"w":"2026-09-12","t":-0.026,"n":2},{"w":"2026-09-05","t":-0.107,"n":2},{"w":"2026-08-29","t":-0.019,"n":2},{"w":"2026-08-22","t":0.203,"n":2},{"w":"2026-08-15","t":0.184,"n":2},{"w":"2026-08-08","t":0.191,"n":2},{"w":"2026-08-01","t":0.231,"n":2}]}},{"type":"Feature","geometry":{"type":"Polygon","coordinates":[[[-79.06,43.125],[-79.055,43.134],[-79.045,43.153],[-79.053,43.222],[-79.07,43.262],[-78.834,43.318],[-78.547,43.37],[-78.466,43.371],[-78.466,43.129],[-78.464,43.089],[-78.51,43.098],[-78.604,43.072],[-78.728,43.086],[-78.744,43.07],[-78.831,43.05],[-78.825,43.034],[-78.839,43.019],[-78.869,43.023],[-78.89,43.022],[-78.893,43.039],[-78.906,43.052],[-78.945,43.067],[-79.02,43.066],[-79.074,43.078],[-79.06,43.125]]]},"properties":{"fips":"36063","name":"Niagara","st":"NY","sites":3,"pop":84860,"trend":0.0,"weeks":[{"w":"2026-09-19","t":null,"n":0},{"w":"2026-09-12","t":0.0,"n":3},{"w":"2026-09-05","t":0.0,"n":3},{"w":"2026-08-29","t":0.0,"n":3},{"w":"2026-08-22","t":0.0,"n":3},{"w":"2026-08-15","t":0.0,"n":3},{"w":"2026-08-08","t":0.0,"n":3},{"w":"2026-08-01","t":0.0,"n":3}]}},{"type":"Feature","geometry":{"type":"Polygon","coordinates":[[[-75.887,43.325],[-75.815,43.484],[-75.756,43.47],[-75.533,43.42],[-75.111,43.615],[-75.077,43.331],[-75.162,43.257],[-75.16,43.256],[-75.158,43.256],[-75.158,43.256],[-75.157,43.256],[-75.155,43.257],[-75.155,43.257],[-75.155,43.258],[-75.154,43.259],[-75.153,43.259],[-75.153,43.258],[-75.153,43.258],[-75.153,43.256],[-75.153,43.255],[-75.152,43.254],[-75.151,43.252],[-75.151,43.25],[-75.152,43.25],[-75.152,43.248],[-75.152,43.247],[-75.151,43.247],[-75.15,43.247],[-75.149,43.247],[-75.149,43.247],[-75.148,43.247],[-75.148,43.248],[-75.148,43.248],[-75.148,43.249],[-75.149,43.25],[-75.149,43.25],[-75.149,43.251],[-75.148,43.251],[-75.147,43.252],[-75.146,43.252],[-75.145,43.252],[-75.145,43.253],[-75.145,43.255],[-75.144,43.255],[-75.144,43.255],[-75.143,43.255],[-75.143,43.255],[-75.142,43.254],[-75.142,43.253],[-75.141,43.252],[-75.139,43.251],[-75.138,43.25],[-75.138,43.25],[-75.137,43.25],[-75.137,43.249],[-75.136,43.249],[-75.135,43.248],[-75.132,43.248],[-75.128,43.248],[-75.127,43.247],[-75.126,43.247],[-75.126,43.247],[-75.126,43.247],[-75.124,43.247],[-75.124,43.246],[-75.124,43.246],[-75.124,43.245],[-75.123,43.243],[-75.123,43.242],[-75.123,43.241],[-75.123,43.241],[-75.122,43.241],[-75.121,43.24],[-75.12,43.24],[-75.119,43.24],[-75.118,43.239],[-75.117,43.239],[-75.115,43.239],[-75.114,43.239],[-75.114,43.239],[-75.113,43.239],[-75.112,43.238],[-75.111,43.238],[-75.11,43.237],[-75.108,43.237],[-75.107,43.237],[-75.105,43.236],[-75.104,43.235],[-75.102,43.235],[-75.101,43.234],[-75.1,43.233],[-75.094,43.231],[-75.093,43.231],[-75.091,43.23],[-75.089,43.23],[-75.088,43.23],[-75.087,43.231],[-75.085,43.23],[-75.084,43.231],[-75.083,43.231],[-75.082,43.231],[-75.081,43.232],[-75.081,43.232],[-75.079,43.232],[-75.078,43.233],[-75.077,43.233],[-75.075,43.234],[-75.074,43.235],[-75.074,43.235],[-75.073,43.235],[-75.071,43.234],[-75.071,43.234],[-75.07,43.234],[-75.07,43.233],[-75.07,43.233],[-75.071,43.232],[-75.072,43.232],[-75.073,43.232],[-75.074,43.231],[-75.074,43.23],[-75.074,43.23],[-75.073,43.229],[-75.073,43.228],[-75.072,43.228],[-75.071,43.227],[-75.069,43.227],[-75.219,43.052],[-75.212,42.88],[-75.248,42.872],[-75.437,42.863],[-75.444,42.933],[-75.543,42.932],[-75.553,43.038],[-75.724,43.163],[-75.884,43.156],[-75.887,43.325]]]},"properties":{"fips":"36065","name":"Oneida","st":"NY","sites":6,"pop":129698,"trend":0.0,"weeks":[{"w":"2026-09-19","t":null,"n":0},{"w":"2026-09-12","t":0.0,"n":1},{"w":"2026-09-05","t":-2.0,"n":2},{"w":"2026-08-29","t":1.441,"n":2},{"w":"2026-08-22","t":2.0,"n":2},{"w":"2026-08-15","t":0.691,"n":2},{"w":"2026-08-08","t":0.0,"n":3},{"w":"2026-08-01","t":0.0,"n":4}]}},{"type":"Feature","geometry":{"type":"Polygon","coordinates":[[[-76.479,43.228],[-76.259,43.237],[-76.199,43.213],[-76.211,43.268],[-76.079,43.199],[-75.993,43.183],[-75.95,43.135],[-75.976,43.091],[-75.917,43.086],[-75.896,42.791],[-76.275,42.771],[-76.357,42.849],[-76.451,42.846],[-76.492,43.005],[-76.479,43.228]]]},"properties":{"fips":"36067","name":"Onondaga","st":"NY","sites":7,"pop":408474,"trend":-0.874,"weeks":[{"w":"2026-09-19","t":null,"n":0},{"w":"2026-09-12","t":-0.874,"n":6},{"w":"2026-09-05","t":null,"n":0},{"w":"2026-08-29","t":null,"n":0},{"w":"2026-08-22","t":null,"n":0},{"w":"2026-08-15","t":2.0,"n":1},{"w":"2026-08-08","t":0.0,"n":1},{"w":"2026-08-01","t":0.0,"n":7}]}},{"type":"Feature","geometry":{"type":"Polygon","coordinates":[[[-77.612,42.763],[-77.58,42.944],[-77.483,42.943],[-77.485,43.035],[-77.371,43.035],[-77.247,43.035],[-77.216,43.04],[-77.133,43.012],[-76.964,43.013],[-76.981,42.861],[-76.971,42.764],[-77.313,42.761],[-77.338,42.733],[-77.367,42.655],[-77.367,42.576],[-77.456,42.577],[-77.491,42.577],[-77.487,42.67],[-77.599,42.672],[-77.612,42.763]]]},"properties":{"fips":"36069","name":"Ontario","st":"NY","sites":2,"pop":34443,"trend":0.0,"weeks":[{"w":"2026-09-19","t":null,"n":0},{"w":"2026-09-12","t":null,"n":0},{"w":"2026-09-05","t":0.0,"n":2},{"w":"2026-08-29","t":0.0,"n":2},{"w":"2026-08-22","t":0.0,"n":2},{"w":"2026-08-15","t":0.0,"n":2},{"w":"2026-08-08","t":0.0,"n":2},{"w":"2026-08-01","t":0.0,"n":2}]}},{"type":"Feature","geometry":{"type":"Polygon","coordinates":[[[-74.761,41.49],[-74.476,41.504],[-74.367,41.591],[-74.264,41.633],[-74.054,41.581],[-73.953,41.59],[-74.0,41.457],[-73.981,41.439],[-73.947,41.395],[-73.981,41.325],[-74.234,41.143],[-74.302,41.173],[-74.367,41.204],[-74.458,41.248],[-74.695,41.357],[-74.735,41.426],[-74.756,41.428],[-74.761,41.49]]]},"properties":{"fips":"36071","name":"Orange","st":"NY","sites":8,"pop":163725,"trend":0.119,"weeks":[{"w":"2026-09-19","t":null,"n":0},{"w":"2026-09-12","t":0.119,"n":6},{"w":"2026-09-05","t":0.002,"n":6},{"w":"2026-08-29","t":1.388,"n":6},{"w":"2026-08-22","t":0.887,"n":5},{"w":"2026-08-15","t":0.328,"n":5},{"w":"2026-08-08","t":0.348,"n":4},{"w":"2026-08-01","t":-0.2,"n":5}]}},{"type":"Feature","geometry":{"type":"Polygon","coordinates":[[[-78.466,43.371],[-78.329,43.373],[-78.145,43.376],[-77.996,43.365],[-77.996,43.285],[-77.997,43.133],[-78.466,43.129],[-78.466,43.371]]]},"properties":{"fips":"36073","name":"Orleans","st":"NY","sites":1,"pop":6191,"trend":0.0,"weeks":[{"w":"2026-09-19","t":null,"n":0},{"w":"2026-09-12","t":0.0,"n":1},{"w":"2026-09-05","t":0.0,"n":1},{"w":"2026-08-29","t":0.0,"n":1},{"w":"2026-08-22","t":0.0,"n":1},{"w":"2026-08-15","t":0.0,"n":1},{"w":"2026-08-08","t":0.0,"n":1},{"w":"2026-08-01","t":0.0,"n":1}]}},{"type":"Feature","geometry":{"type":"Polygon","coordinates":[[[-76.617,43.42],[-76.516,43.471],[-76.418,43.521],[-76.371,43.526],[-76.369,43.526],[-76.32,43.512],[-76.236,43.529],[-76.203,43.575],[-76.197,43.65],[-76.201,43.68],[-76.022,43.668],[-76.025,43.707],[-75.774,43.689],[-75.756,43.47],[-75.815,43.484],[-75.887,43.325],[-75.884,43.156],[-75.933,43.177],[-75.993,43.183],[-76.079,43.199],[-76.211,43.268],[-76.199,43.213],[-76.259,43.237],[-76.479,43.228],[-76.605,43.254],[-76.617,43.42]]]},"properties":{"fips":"36075","name":"Oswego","st":"NY","sites":3,"pop":35165,"trend":0.808,"weeks":[{"w":"2026-09-19","t":null,"n":0},{"w":"2026-09-12","t":0.808,"n":3},{"w":"2026-09-05","t":0.808,"n":3},{"w":"2026-08-29","t":0.0,"n":3},{"w":"2026-08-22","t":0.0,"n":3},{"w":"2026-08-15","t":0.0,"n":3},{"w":"2026-08-08","t":0.0,"n":3},{"w":"2026-08-01","t":0.0,"n":3}]}},{"type":"Feature","geometry":{"type":"Polygon","coordinates":[[[-75.375,42.411],[-75.404,42.509],[-75.325,42.589],[-75.296,42.744],[-75.251,42.785],[-75.248,42.872],[-75.212,42.88],[-75.211,42.857],[-75.101,42.908],[-74.907,42.825],[-74.879,42.898],[-74.763,42.863],[-74.648,42.83],[-74.668,42.751],[-74.631,42.627],[-74.712,42.518],[-74.844,42.513],[-75.197,42.358],[-75.415,42.314],[-75.375,42.411]]]},"properties":{"fips":"36077","name":"Otsego","st":"NY","sites":1,"pop":19383,"trend":2.0,"weeks":[{"w":"2026-09-19","t":null,"n":0},{"w":"2026-09-12","t":null,"n":0},{"w":"2026-09-05","t":2.0,"n":1},{"w":"2026-08-29","t":0.0,"n":1},{"w":"2026-08-22","t":0.0,"n":1},{"w":"2026-08-15","t":0.0,"n":1},{"w":"2026-08-08","t":0.0,"n":1},{"w":"2026-08-01","t":0.0,"n":1}]}},{"type":"Feature","geometry":{"type":"Polygon","coordinates":[[[-73.981,41.325],[-73.947,41.395],[-73.981,41.439],[-73.934,41.488],[-73.673,41.515],[-73.58,41.526],[-73.53,41.527],[-73.537,41.441],[-73.543,41.377],[-73.543,41.376],[-73.543,41.375],[-73.544,41.366],[-73.78,41.343],[-73.983,41.322],[-73.981,41.325]]]},"properties":{"fips":"36079","name":"Putnam","st":"NY","sites":1,"pop":4480,"trend":-0.061,"weeks":[{"w":"2026-09-19","t":null,"n":0},{"w":"2026-09-12","t":-0.061,"n":1},{"w":"2026-09-05","t":0.181,"n":1},{"w":"2026-08-29","t":0.181,"n":1},{"w":"2026-08-22","t":2.0,"n":1},{"w":"2026-08-15","t":2.0,"n":1},{"w":"2026-08-08","t":0.0,"n":1},{"w":"2026-08-01","t":0.0,"n":1}]}},{"type":"Feature","geometry":{"type":"Polygon","coordinates":[[[-73.962,40.737],[-73.921,40.782],[-73.912,40.796],[-73.847,40.801],[-73.828,40.804],[-73.779,40.812],[-73.75,40.782],[-73.702,40.752],[-73.725,40.724],[-73.729,40.719],[-73.727,40.709],[-73.726,40.68],[-73.728,40.666],[-73.725,40.653],[-73.742,40.642],[-73.751,40.589],[-73.775,40.591],[-73.825,40.576],[-73.848,40.644],[-73.864,40.681],[-73.869,40.695],[-73.88,40.691],[-73.923,40.716],[-73.923,40.717],[-73.962,40.737]]]},"properties":{"fips":"36081","name":"Queens","st":"NY","sites":3,"pop":1747356,"trend":-0.265,"weeks":[{"w":"2026-09-19","t":null,"n":0},{"w":"2026-09-12","t":-0.265,"n":2},{"w":"2026-09-05","t":-0.128,"n":3},{"w":"2026-08-29","t":0.148,"n":3},{"w":"2026-08-22","t":0.24,"n":3},{"w":"2026-08-15","t":0.06,"n":3},{"w":"2026-08-08","t":0.349,"n":3},{"w":"2026-08-01","t":0.654,"n":3}]}},{"type":"Feature","geometry":{"type":"Polygon","coordinates":[[[-73.773,42.509],[-73.761,42.61],[-73.677,42.783],[-73.672,42.796],[-73.683,42.904],[-73.66,42.933],[-73.635,42.941],[-73.431,42.959],[-73.274,42.944],[-73.279,42.833],[-73.291,42.802],[-73.265,42.746],[-73.307,42.633],[-73.353,42.51],[-73.784,42.464],[-73.773,42.509]]]},"properties":{"fips":"36083","name":"Rensselaer","st":"NY","sites":2,"pop":93419,"trend":0.0,"weeks":[{"w":"2026-09-19","t":null,"n":0},{"w":"2026-09-12","t":0.0,"n":2},{"w":"2026-09-05","t":0.0,"n":2},{"w":"2026-08-29","t":0.0,"n":2},{"w":"2026-08-22","t":0.0,"n":2},{"w":"2026-08-15","t":0.0,"n":1},{"w":"2026-08-08","t":0.0,"n":1},{"w":"2026-08-01","t":0.0,"n":1}]}},{"type":"Feature","geometry":{"type":"Polygon","coordinates":[[[-74.249,40.545],[-74.217,40.559],[-74.204,40.593],[-74.202,40.631],[-74.2,40.632],[-74.171,40.645],[-74.16,40.646],[-74.087,40.652],[-74.071,40.667],[-74.056,40.651],[-74.057,40.627],[-74.041,40.603],[-74.038,40.59],[-74.057,40.598],[-74.113,40.548],[-74.2,40.512],[-74.261,40.502],[-74.249,40.545]]]},"properties":{"fips":"36085","name":"Richmond","st":"NY","sites":2,"pop":468426,"trend":0.363,"weeks":[{"w":"2026-09-19","t":null,"n":0},{"w":"2026-09-12","t":0.363,"n":1},{"w":"2026-09-05","t":0.231,"n":1},{"w":"2026-08-29","t":0.132,"n":2},{"w":"2026-08-22","t":0.208,"n":2},{"w":"2026-08-15","t":0.158,"n":2},{"w":"2026-08-08","t":1.064,"n":2},{"w":"2026-08-01","t":1.213,"n":2}]}},{"type":"Feature","geometry":{"type":"Polygon","coordinates":[[[-74.234,41.143],[-73.981,41.325],[-73.983,41.322],[-73.971,41.248],[-73.887,41.138],[-73.894,41.005],[-73.894,40.997],[-74.041,41.059],[-74.212,41.133],[-74.234,41.143],[-74.234,41.143]]]},"properties":{"fips":"36087","name":"Rockland","st":"NY","sites":6,"pop":325075,"trend":0.328,"weeks":[{"w":"2026-09-19","t":null,"n":0},{"w":"2026-09-12","t":0.328,"n":3},{"w":"2026-09-05","t":0.32,"n":4},{"w":"2026-08-29","t":0.084,"n":4},{"w":"2026-08-22","t":-0.013,"n":4},{"w":"2026-08-15","t":-1.872,"n":4},{"w":"2026-08-08","t":0.033,"n":4},{"w":"2026-08-01","t":1.872,"n":4}]}},{"type":"Feature","geometry":{"type":"Polygon","coordinates":[[[-75.834,44.422],[-75.808,44.472],[-75.766,44.516],[-75.567,44.659],[-75.424,44.756],[-75.334,44.806],[-75.256,44.858],[-75.143,44.9],[-75.066,44.93],[-75.005,44.958],[-74.993,44.977],[-74.908,44.983],[-74.835,45.015],[-74.745,44.991],[-74.726,44.992],[-74.645,44.997],[-74.526,44.171],[-74.535,44.099],[-74.854,44.07],[-75.063,44.05],[-75.168,44.096],[-75.446,44.218],[-75.861,44.405],[-75.834,44.422]]]},"properties":{"fips":"36089","name":"St. Lawrence","st":"NY","sites":5,"pop":64640,"trend":0.0,"weeks":[{"w":"2026-09-19","t":null,"n":0},{"w":"2026-09-12","t":0.0,"n":3},{"w":"2026-09-05","t":0.0,"n":3},{"w":"2026-08-29","t":0.0,"n":2},{"w":"2026-08-22","t":0.0,"n":3},{"w":"2026-08-15","t":0.0,"n":3},{"w":"2026-08-08","t":0.0,"n":4},{"w":"2026-08-01","t":0.0,"n":5}]}},{"type":"Feature","geometry":{"type":"Polygon","coordinates":[[[-74.16,43.372],[-73.884,43.398],[-73.826,43.305],[-73.836,43.254],[-73.767,43.222],[-73.74,43.266],[-73.595,43.306],[-73.578,43.057],[-73.635,42.941],[-73.66,42.933],[-73.683,42.904],[-73.672,42.796],[-73.677,42.783],[-73.727,42.823],[-73.809,42.779],[-73.896,42.851],[-73.904,42.911],[-73.955,42.897],[-74.093,42.956],[-74.097,42.979],[-74.097,42.983],[-74.14,43.254],[-74.16,43.372]]]},"properties":{"fips":"36091","name":"Saratoga","st":"NY","sites":1,"pop":152482,"trend":2.0,"weeks":[{"w":"2026-09-19","t":null,"n":0},{"w":"2026-09-12","t":2.0,"n":1},{"w":"2026-09-05","t":0.0,"n":1},{"w":"2026-08-29","t":null,"n":0},{"w":"2026-08-22","t":null,"n":0},{"w":"2026-08-15","t":null,"n":0},{"w":"2026-08-08","t":null,"n":0},{"w":"2026-08-01","t":0.0,"n":1}]}},{"type":"Feature","geometry":{"type":"Polygon","coordinates":[[[-74.263,42.797],[-74.084,42.897],[-74.093,42.956],[-73.955,42.897],[-73.904,42.911],[-73.896,42.851],[-73.809,42.779],[-73.833,42.772],[-74.18,42.73],[-74.272,42.714],[-74.263,42.797]]]},"properties":{"fips":"36093","name":"Schenectady","st":"NY","sites":1,"pop":78444,"trend":-0.005,"weeks":[{"w":"2026-09-19","t":null,"n":0},{"w":"2026-09-12","t":-0.005,"n":1},{"w":"2026-09-05","t":2.0,"n":1},{"w":"2026-08-29","t":2.0,"n":1},{"w":"2026-08-22","t":0.0,"n":1},{"w":"2026-08-15","t":0.0,"n":1},{"w":"2026-08-08","t":0.0,"n":1},{"w":"2026-08-01","t":0.0,"n":1}]}},{"type":"Feature","geometry":{"type":"Polygon","coordinates":[[[-74.631,42.627],[-74.668,42.751],[-74.648,42.83],[-74.455,42.773],[-74.411,42.776],[-74.289,42.784],[-74.263,42.797],[-74.272,42.714],[-74.18,42.73],[-74.17,42.667],[-74.242,42.551],[-74.263,42.423],[-74.254,42.408],[-74.245,42.377],[-74.444,42.355],[-74.619,42.424],[-74.712,42.518],[-74.631,42.627]]]},"properties":{"fips":"36095","name":"Schoharie","st":"NY","sites":1,"pop":5326,"trend":0.0,"weeks":[{"w":"2026-09-19","t":null,"n":0},{"w":"2026-09-12","t":null,"n":0},{"w":"2026-09-05","t":0.0,"n":1},{"w":"2026-08-29","t":0.0,"n":1},{"w":"2026-08-22","t":0.0,"n":1},{"w":"2026-08-15","t":0.0,"n":1},{"w":"2026-08-08","t":0.0,"n":1},{"w":"2026-08-01","t":0.0,"n":1}]}},{"type":"Feature","geometry":{"type":"Polygon","coordinates":[[[-76.981,42.861],[-76.964,43.013],[-76.714,43.024],[-76.737,42.97],[-76.732,42.721],[-76.667,42.623],[-76.586,42.55],[-76.697,42.547],[-76.896,42.542],[-76.895,42.656],[-76.947,42.764],[-76.971,42.764],[-76.981,42.861]]]},"properties":{"fips":"36099","name":"Seneca","st":"NY","sites":2,"pop":13121,"trend":0.0,"weeks":[{"w":"2026-09-19","t":null,"n":0},{"w":"2026-09-12","t":0.0,"n":1},{"w":"2026-09-05","t":0.0,"n":1},{"w":"2026-08-29","t":0.0,"n":1},{"w":"2026-08-22","t":0.0,"n":1},{"w":"2026-08-15","t":0.0,"n":1},{"w":"2026-08-08","t":0.0,"n":1},{"w":"2026-08-01","t":0.0,"n":1}]}},{"type":"Feature","geometry":{"type":"Polygon","coordinates":[[[-77.731,42.404],[-77.723,42.471],[-77.721,42.535],[-77.661,42.535],[-77.66,42.58],[-77.491,42.577],[-77.456,42.577],[-77.367,42.576],[-77.144,42.577],[-77.107,42.484],[-77.1,42.272],[-76.965,42.278],[-76.966,42.001],[-77.008,42.001],[-77.61,41.999],[-77.75,41.999],[-77.731,42.404]]]},"properties":{"fips":"36101","name":"Steuben","st":"NY","sites":2,"pop":11103,"trend":0.0,"weeks":[{"w":"2026-09-19","t":null,"n":0},{"w":"2026-09-12","t":0.0,"n":2},{"w":"2026-09-05","t":0.0,"n":2},{"w":"2026-08-29","t":0.0,"n":2},{"w":"2026-08-22","t":0.0,"n":1},{"w":"2026-08-15","t":null,"n":0},{"w":"2026-08-08","t":null,"n":0},{"w":"2026-08-01","t":null,"n":0}]}},{"type":"Feature","geometry":{"type":"MultiPolygon","coordinates":[[[[-72.019,41.274],[-71.927,41.29],[-71.917,41.251],[-72.035,41.235],[-72.019,41.274]]],[[[-73.485,40.946],[-73.437,40.935],[-73.393,40.955],[-73.331,40.93],[-73.236,40.907],[-73.229,40.905],[-73.149,40.929],[-73.145,40.956],[-73.11,40.972],[-73.04,40.964],[-72.86,40.966],[-72.708,40.978],[-72.585,40.998],[-72.504,41.043],[-72.445,41.086],[-72.39,41.108],[-72.354,41.14],[-72.291,41.156],[-72.189,41.194],[-72.182,41.178],[-72.255,41.111],[-72.283,41.068],[-72.217,41.041],[-72.163,41.053],[-72.127,41.115],[-72.084,41.102],[-72.096,41.054],[-72.052,41.021],[-71.96,41.071],[-71.919,41.081],[-71.856,41.071],[-71.937,41.006],[-72.097,40.959],[-72.299,40.903],[-72.396,40.867],[-72.757,40.764],[-72.923,40.713],[-73.013,40.68],[-73.146,40.646],[-73.208,40.631],[-73.306,40.621],[-73.351,40.63],[-73.424,40.613],[-73.423,40.67],[-73.436,40.735],[-73.439,40.751],[-73.462,40.867],[-73.497,40.923],[-73.485,40.946]]]]},"properties":{"fips":"36103","name":"Suffolk","st":"NY","sites":8,"pop":361763,"trend":0.483,"weeks":[{"w":"2026-09-19","t":null,"n":0},{"w":"2026-09-12","t":0.483,"n":1},{"w":"2026-09-05","t":0.491,"n":2},{"w":"2026-08-29","t":2.0,"n":3},{"w":"2026-08-22","t":1.69,"n":3},{"w":"2026-08-15","t":-1.826,"n":3},{"w":"2026-08-08","t":-1.563,"n":8},{"w":"2026-08-01","t":-1.295,"n":8}]}},{"type":"Feature","geometry":{"type":"Polygon","coordinates":[[[-75.145,41.85],[-74.781,42.016],[-74.454,41.876],[-74.575,41.745],[-74.395,41.645],[-74.367,41.591],[-74.476,41.504],[-74.761,41.49],[-74.756,41.428],[-74.8,41.431],[-74.89,41.455],[-74.982,41.496],[-75.044,41.575],[-75.046,41.604],[-75.049,41.642],[-75.053,41.753],[-75.074,41.802],[-75.113,41.841],[-75.145,41.85]]]},"properties":{"fips":"36105","name":"Sullivan","st":"NY","sites":2,"pop":11564,"trend":0.0,"weeks":[{"w":"2026-09-19","t":null,"n":0},{"w":"2026-09-12","t":0.0,"n":1},{"w":"2026-09-05","t":1.148,"n":2},{"w":"2026-08-29","t":0.144,"n":2},{"w":"2026-08-22","t":0.0,"n":1},{"w":"2026-08-15","t":0.0,"n":1},{"w":"2026-08-08","t":0.0,"n":1},{"w":"2026-08-01","t":0.0,"n":1}]}},{"type":"Feature","geometry":{"type":"Polygon","coordinates":[[[-76.564,42.152],[-76.538,42.282],[-76.416,42.263],[-76.415,42.318],[-76.25,42.297],[-76.253,42.408],[-76.13,42.41],[-76.081,42.258],[-76.109,42.075],[-76.105,42.032],[-76.106,41.999],[-76.146,41.999],[-76.462,41.999],[-76.473,41.999],[-76.558,42.0],[-76.564,42.152]]]},"properties":{"fips":"36107","name":"Tioga","st":"NY","sites":1,"pop":3750,"trend":0.0,"weeks":[{"w":"2026-09-19","t":null,"n":0},{"w":"2026-09-12","t":0.0,"n":1},{"w":"2026-09-05","t":0.0,"n":1},{"w":"2026-08-29","t":null,"n":0},{"w":"2026-08-22","t":null,"n":0},{"w":"2026-08-15","t":null,"n":0},{"w":"2026-08-08","t":null,"n":0},{"w":"2026-08-01","t":0.0,"n":1}]}},{"type":"Feature","geometry":{"type":"Polygon","coordinates":[[[-76.697,42.547],[-76.586,42.55],[-76.667,42.623],[-76.458,42.619],[-76.266,42.624],[-76.253,42.408],[-76.25,42.297],[-76.415,42.318],[-76.416,42.263],[-76.538,42.282],[-76.619,42.283],[-76.691,42.284],[-76.697,42.547]]]},"properties":{"fips":"36109","name":"Tompkins","st":"NY","sites":1,"pop":56967,"trend":-2.0,"weeks":[{"w":"2026-09-19","t":null,"n":0},{"w":"2026-09-12","t":-2.0,"n":1},{"w":"2026-09-05","t":2.0,"n":1},{"w":"2026-08-29","t":2.0,"n":1},{"w":"2026-08-22","t":0.0,"n":1},{"w":"2026-08-15","t":0.0,"n":1},{"w":"2026-08-08","t":0.0,"n":1},{"w":"2026-08-01","t":null,"n":0}]}},{"type":"Feature","geometry":{"type":"Polygon","coordinates":[[[-74.531,42.146],[-74.452,42.169],[-74.308,42.114],[-74.075,42.097],[-74.002,42.177],[-73.911,42.127],[-73.93,42.079],[-73.964,41.913],[-73.941,41.736],[-73.953,41.59],[-74.054,41.581],[-74.264,41.633],[-74.367,41.591],[-74.395,41.645],[-74.575,41.745],[-74.454,41.876],[-74.781,42.016],[-74.531,42.146]]]},"properties":{"fips":"36111","name":"Ulster","st":"NY","sites":2,"pop":37176,"trend":-0.033,"weeks":[{"w":"2026-09-19","t":null,"n":0},{"w":"2026-09-12","t":-0.033,"n":2},{"w":"2026-09-05","t":1.408,"n":2},{"w":"2026-08-29","t":2.0,"n":2},{"w":"2026-08-22","t":0.569,"n":2},{"w":"2026-08-15","t":0.0,"n":2},{"w":"2026-08-08","t":0.0,"n":2},{"w":"2026-08-01","t":0.0,"n":2}]}},{"type":"Feature","geometry":{"type":"Polygon","coordinates":[[[-74.215,43.729],[-74.057,43.745],[-73.438,43.804],[-73.493,43.657],[-73.607,43.567],[-73.637,43.497],[-73.595,43.306],[-73.74,43.266],[-73.767,43.222],[-73.836,43.254],[-73.826,43.305],[-73.884,43.398],[-74.16,43.372],[-74.215,43.729]]]},"properties":{"fips":"36113","name":"Warren","st":"NY","sites":1,"pop":23462,"trend":0.0,"weeks":[{"w":"2026-09-19","t":null,"n":0},{"w":"2026-09-12","t":null,"n":0},{"w":"2026-09-05","t":null,"n":0},{"w":"2026-08-29","t":null,"n":0},{"w":"2026-08-22","t":null,"n":0},{"w":"2026-08-15","t":null,"n":0},{"w":"2026-08-08","t":0.0,"n":1},{"w":"2026-08-01","t":0.0,"n":1}]}},{"type":"Feature","geometry":{"type":"Polygon","coordinates":[[[-73.607,43.567],[-73.493,43.657],[-73.438,43.804],[-73.383,43.808],[-73.351,43.77],[-73.361,43.753],[-73.394,43.699],[-73.415,43.658],[-73.425,43.599],[-73.396,43.568],[-73.328,43.626],[-73.292,43.585],[-73.242,43.535],[-73.253,43.363],[-73.255,43.315],[-73.27,43.036],[-73.27,43.03],[-73.274,42.944],[-73.431,42.959],[-73.635,42.941],[-73.578,43.057],[-73.595,43.306],[-73.637,43.497],[-73.607,43.567]]]},"properties":{"fips":"36115","name":"Washington","st":"NY","sites":1,"pop":12260,"trend":0.0,"weeks":[{"w":"2026-09-19","t":null,"n":0},{"w":"2026-09-12","t":null,"n":0},{"w":"2026-09-05","t":null,"n":0},{"w":"2026-08-29","t":null,"n":0},{"w":"2026-08-22","t":null,"n":0},{"w":"2026-08-15","t":null,"n":0},{"w":"2026-08-08","t":0.0,"n":1},{"w":"2026-08-01","t":0.0,"n":1}]}},{"type":"Feature","geometry":{"type":"Polygon","coordinates":[[[-77.376,43.274],[-77.341,43.281],[-77.264,43.277],[-77.13,43.286],[-77.0,43.271],[-76.952,43.271],[-76.842,43.305],[-76.769,43.318],[-76.722,43.338],[-76.702,43.08],[-76.714,43.024],[-76.964,43.013],[-77.133,43.012],[-77.216,43.04],[-77.247,43.035],[-77.371,43.035],[-77.376,43.274]]]},"properties":{"fips":"36117","name":"Wayne","st":"NY","sites":2,"pop":14076,"trend":-0.077,"weeks":[{"w":"2026-09-19","t":null,"n":0},{"w":"2026-09-12","t":-0.077,"n":2},{"w":"2026-09-05","t":-0.731,"n":2},{"w":"2026-08-29","t":0.731,"n":2},{"w":"2026-08-22","t":0.731,"n":2},{"w":"2026-08-15","t":0.0,"n":2},{"w":"2026-08-08","t":0.0,"n":2},{"w":"2026-08-01","t":0.0,"n":1}]}},{"type":"Feature","geometry":{"type":"Polygon","coordinates":[[[-73.983,41.322],[-73.78,41.343],[-73.544,41.366],[-73.551,41.295],[-73.483,41.213],[-73.696,41.115],[-73.728,41.101],[-73.66,41.018],[-73.659,41.004],[-73.657,40.986],[-73.657,40.985],[-73.698,40.94],[-73.757,40.913],[-73.766,40.881],[-73.741,40.876],[-73.748,40.872],[-73.824,40.89],[-73.851,40.91],[-73.92,40.919],[-73.907,40.951],[-73.894,40.997],[-73.894,41.005],[-73.887,41.138],[-73.971,41.248],[-73.983,41.322]]]},"properties":{"fips":"36119","name":"Westchester","st":"NY","sites":7,"pop":839417,"trend":-1.417,"weeks":[{"w":"2026-09-19","t":null,"n":0},{"w":"2026-09-12","t":-1.417,"n":7},{"w":"2026-09-05","t":0.001,"n":7},{"w":"2026-08-29","t":0.202,"n":7},{"w":"2026-08-22","t":1.819,"n":7},{"w":"2026-08-15","t":1.682,"n":7},{"w":"2026-08-08","t":-1.455,"n":7},{"w":"2026-08-01","t":0.01,"n":7}]}},{"type":"Feature","geometry":{"type":"Polygon","coordinates":[[[-78.464,42.867],[-78.074,42.87],[-77.955,42.863],[-77.956,42.667],[-78.061,42.533],[-78.038,42.522],[-78.309,42.521],[-78.45,42.519],[-78.464,42.536],[-78.463,42.78],[-78.486,42.862],[-78.464,42.867]]]},"properties":{"fips":"36121","name":"Wyoming","st":"NY","sites":1,"pop":3448,"trend":0.0,"weeks":[{"w":"2026-09-19","t":null,"n":0},{"w":"2026-09-12","t":0.0,"n":1},{"w":"2026-09-05","t":0.0,"n":1},{"w":"2026-08-29","t":0.0,"n":1},{"w":"2026-08-22","t":0.0,"n":1},{"w":"2026-08-15","t":0.0,"n":1},{"w":"2026-08-08","t":0.0,"n":1},{"w":"2026-08-01","t":0.0,"n":1}]}},{"type":"Feature","geometry":{"type":"Polygon","coordinates":[[[-77.367,42.655],[-77.338,42.733],[-77.313,42.761],[-76.971,42.764],[-76.947,42.764],[-76.895,42.656],[-76.896,42.542],[-76.89,42.463],[-76.988,42.463],[-76.989,42.485],[-77.107,42.484],[-77.144,42.577],[-77.367,42.576],[-77.367,42.655]]]},"properties":{"fips":"36123","name":"Yates","st":"NY","sites":1,"pop":5339,"trend":0.0,"weeks":[{"w":"2026-09-19","t":null,"n":0},{"w":"2026-09-12","t":null,"n":0},{"w":"2026-09-05","t":0.0,"n":1},{"w":"2026-08-29","t":0.0,"n":1},{"w":"2026-08-22","t":0.0,"n":1},{"w":"2026-08-15","t":0.0,"n":1},{"w":"2026-08-08","t":0.0,"n":1},{"w":"2026-08-01","t":0.0,"n":1}]}},{"type":"Feature","geometry":{"type":"Polygon","coordinates":[[[-82.884,35.678],[-82.805,35.686],[-82.513,35.803],[-82.499,35.802],[-82.495,35.799],[-82.488,35.801],[-82.476,35.798],[-82.465,35.802],[-82.464,35.81],[-82.454,35.807],[-82.447,35.81],[-82.435,35.809],[-82.427,35.814],[-82.418,35.813],[-82.409,35.818],[-82.362,35.821],[-82.335,35.749],[-82.285,35.726],[-82.275,35.704],[-82.291,35.591],[-82.169,35.528],[-82.233,35.519],[-82.266,35.468],[-82.333,35.5],[-82.495,35.445],[-82.533,35.417],[-82.673,35.459],[-82.745,35.423],[-82.798,35.47],[-82.771,35.576],[-82.846,35.614],[-82.884,35.678]]]},"properties":{"fips":"37021","name":"Buncombe","st":"NC","sites":1,"pop":173000,"trend":0.333,"weeks":[{"w":"2026-09-19","t":null,"n":0},{"w":"2026-09-12","t":0.333,"n":1},{"w":"2026-09-05","t":0.361,"n":1},{"w":"2026-08-29","t":0.172,"n":1},{"w":"2026-08-22","t":-0.19,"n":1},{"w":"2026-08-15","t":-0.156,"n":1},{"w":"2026-08-08","t":0.152,"n":1},{"w":"2026-08-01","t":0.157,"n":1}]}},{"type":"Feature","geometry":{"type":"Polygon","coordinates":[[[-80.784,35.506],[-80.737,35.506],[-80.295,35.503],[-80.498,35.202],[-80.505,35.185],[-80.55,35.208],[-80.6,35.234],[-80.666,35.268],[-80.693,35.346],[-80.766,35.401],[-80.784,35.506]]]},"properties":{"fips":"37025","name":"Cabarrus","st":"NC","sites":2,"pop":233298,"trend":0.031,"weeks":[{"w":"2026-09-19","t":null,"n":0},{"w":"2026-09-12","t":0.031,"n":1},{"w":"2026-09-05","t":0.136,"n":2},{"w":"2026-08-29","t":0.086,"n":2},{"w":"2026-08-22","t":-0.017,"n":2},{"w":"2026-08-15","t":0.334,"n":2},{"w":"2026-08-08","t":0.315,"n":2},{"w":"2026-08-01","t":0.178,"n":2}]}},{"type":"Feature","geometry":{"type":"Polygon","coordinates":[[[-77.162,34.795],[-77.078,34.811],[-76.954,34.809],[-76.883,34.845],[-76.693,34.869],[-76.653,34.938],[-76.712,34.982],[-76.304,35.201],[-76.066,35.125],[-76.013,35.062],[-76.137,34.988],[-76.233,34.905],[-76.31,34.852],[-76.387,34.785],[-76.45,34.714],[-76.536,34.589],[-76.554,34.628],[-76.619,34.673],[-76.727,34.697],[-76.906,34.683],[-77.113,34.638],[-77.126,34.757],[-77.166,34.785],[-77.162,34.795]]]},"properties":{"fips":"37031","name":"Carteret","st":"NC","sites":1,"pop":3500,"trend":0.097,"weeks":[{"w":"2026-09-19","t":null,"n":0},{"w":"2026-09-12","t":0.097,"n":1},{"w":"2026-09-05","t":0.588,"n":1},{"w":"2026-08-29","t":2.0,"n":1},{"w":"2026-08-22","t":2.0,"n":1},{"w":"2026-08-15","t":0.0,"n":1},{"w":"2026-08-08","t":-1.799,"n":1},{"w":"2026-08-01","t":1.799,"n":1}]}},{"type":"Feature","geometry":{"type":"Polygon","coordinates":[[[-79.071,34.299],[-78.96,34.443],[-78.869,34.485],[-78.83,34.463],[-78.648,34.461],[-78.445,34.377],[-78.335,34.368],[-78.256,34.399],[-78.203,34.353],[-78.162,34.357],[-78.255,34.216],[-78.374,34.205],[-78.423,34.139],[-78.515,34.166],[-78.545,34.146],[-78.557,34.062],[-78.641,34.01],[-78.651,33.945],[-78.812,34.081],[-79.071,34.299],[-79.071,34.299]]]},"properties":{"fips":"37047","name":"Columbus","st":"NC","sites":1,"pop":3200,"trend":-0.551,"weeks":[{"w":"2026-09-19","t":null,"n":0},{"w":"2026-09-12","t":-0.551,"n":1},{"w":"2026-09-05","t":0.269,"n":1},{"w":"2026-08-29","t":0.496,"n":1},{"w":"2026-08-22","t":0.757,"n":1},{"w":"2026-08-15","t":0.757,"n":1},{"w":"2026-08-08","t":1.785,"n":1},{"w":"2026-08-01","t":1.849,"n":1}]}},{"type":"Feature","geometry":{"type":"Polygon","coordinates":[[[-79.098,35.174],[-79.096,35.192],[-78.936,35.219],[-78.794,35.266],[-78.617,35.246],[-78.639,35.116],[-78.672,35.085],[-78.647,34.992],[-78.495,34.856],[-78.516,34.846],[-78.827,34.851],[-78.902,34.835],[-78.941,34.903],[-79.039,34.953],[-79.037,34.957],[-79.113,35.126],[-79.098,35.174]]]},"properties":{"fips":"37051","name":"Cumberland","st":"NC","sites":1,"pop":151589,"trend":0.255,"weeks":[{"w":"2026-09-19","t":null,"n":0},{"w":"2026-09-12","t":0.255,"n":1},{"w":"2026-09-05","t":0.334,"n":1},{"w":"2026-08-29","t":0.373,"n":1},{"w":"2026-08-22","t":0.223,"n":1},{"w":"2026-08-15","t":0.123,"n":1},{"w":"2026-08-08","t":0.414,"n":1},{"w":"2026-08-01","t":0.164,"n":1}]}},{"type":"Feature","geometry":{"type":"Polygon","coordinates":[[[-80.488,35.833],[-80.399,35.841],[-80.37,35.886],[-80.394,35.973],[-80.214,35.997],[-80.214,36.027],[-80.043,36.011],[-80.047,35.921],[-80.067,35.506],[-80.183,35.504],[-80.183,35.504],[-80.209,35.581],[-80.333,35.684],[-80.335,35.72],[-80.423,35.726],[-80.459,35.743],[-80.488,35.833]]]},"properties":{"fips":"37057","name":"Davidson","st":"NC","sites":1,"pop":116390,"trend":0.314,"weeks":[{"w":"2026-09-19","t":null,"n":0},{"w":"2026-09-12","t":0.314,"n":1},{"w":"2026-09-05","t":null,"n":0},{"w":"2026-08-29","t":null,"n":0},{"w":"2026-08-22","t":null,"n":0},{"w":"2026-08-15","t":null,"n":0},{"w":"2026-08-08","t":2.0,"n":1},{"w":"2026-08-01","t":2.0,"n":1}]}},{"type":"Feature","geometry":{"type":"Polygon","coordinates":[[[-78.147,34.903],[-78.163,35.19],[-78.044,35.193],[-77.892,35.146],[-77.834,35.178],[-77.769,35.146],[-77.746,35.03],[-77.731,35.008],[-77.675,34.974],[-77.653,34.941],[-77.68,34.721],[-77.981,34.714],[-78.114,34.722],[-78.199,34.742],[-78.147,34.903]]]},"properties":{"fips":"37061","name":"Duplin","st":"NC","sites":1,"pop":10000,"trend":-0.105,"weeks":[{"w":"2026-09-19","t":-0.105,"n":1},{"w":"2026-09-12","t":0.462,"n":1},{"w":"2026-09-05","t":0.074,"n":1},{"w":"2026-08-29","t":-0.306,"n":1},{"w":"2026-08-22","t":0.092,"n":1},{"w":"2026-08-15","t":-0.055,"n":1},{"w":"2026-08-08","t":0.306,"n":1},{"w":"2026-08-01","t":2.0,"n":1}]}},{"type":"Feature","geometry":{"type":"Polygon","coordinates":[[[-79.01,35.902],[-78.951,36.239],[-78.802,36.236],[-78.807,36.087],[-78.751,36.071],[-78.699,36.011],[-78.758,35.922],[-78.807,35.923],[-78.83,35.867],[-78.906,35.868],[-79.016,35.863],[-79.01,35.902]]]},"properties":{"fips":"37063","name":"Durham","st":"NC","sites":3,"pop":328246,"trend":0.116,"weeks":[{"w":"2026-09-19","t":null,"n":0},{"w":"2026-09-12","t":0.116,"n":3},{"w":"2026-09-05","t":0.115,"n":3},{"w":"2026-08-29","t":0.421,"n":3},{"w":"2026-08-22","t":0.612,"n":3},{"w":"2026-08-15","t":0.439,"n":3},{"w":"2026-08-08","t":0.369,"n":3},{"w":"2026-08-01","t":0.18,"n":2}]}},{"type":"Feature","geometry":{"type":"Polygon","coordinates":[[[-80.506,36.109],[-80.439,36.14],[-80.432,36.218],[-80.453,36.242],[-80.452,36.262],[-80.035,36.257],[-80.039,36.146],[-80.043,36.011],[-80.214,36.027],[-80.214,35.997],[-80.394,35.973],[-80.464,36.063],[-80.496,36.047],[-80.506,36.109]]]},"properties":{"fips":"37067","name":"Forsyth","st":"NC","sites":2,"pop":294390,"trend":0.328,"weeks":[{"w":"2026-09-19","t":null,"n":0},{"w":"2026-09-12","t":0.328,"n":2},{"w":"2026-09-05","t":0.526,"n":1},{"w":"2026-08-29","t":0.522,"n":1},{"w":"2026-08-22","t":0.542,"n":1},{"w":"2026-08-15","t":2.0,"n":1},{"w":"2026-08-08","t":2.0,"n":2},{"w":"2026-08-01","t":0.791,"n":2}]}},{"type":"Feature","geometry":{"type":"Polygon","coordinates":[[[-80.043,36.011],[-80.039,36.146],[-80.035,36.257],[-79.532,36.241],[-79.542,35.9],[-79.713,35.907],[-80.047,35.921],[-80.043,36.011]]]},"properties":{"fips":"37081","name":"Guilford","st":"NC","sites":2,"pop":252211,"trend":0.28,"weeks":[{"w":"2026-09-19","t":null,"n":0},{"w":"2026-09-12","t":0.28,"n":2},{"w":"2026-09-05","t":0.155,"n":1},{"w":"2026-08-29","t":0.656,"n":1},{"w":"2026-08-22","t":2.0,"n":1},{"w":"2026-08-15","t":2.0,"n":1},{"w":"2026-08-08","t":0.177,"n":2},{"w":"2026-08-01","t":0.953,"n":2}]}},{"type":"Feature","geometry":{"type":"Polygon","coordinates":[[[-77.912,36.382],[-77.9,36.504],[-77.645,36.481],[-77.555,36.418],[-77.586,36.336],[-77.541,36.303],[-77.446,36.325],[-77.387,36.214],[-77.311,36.169],[-77.292,36.168],[-77.23,36.105],[-77.328,36.071],[-77.34,36.064],[-77.403,36.005],[-77.518,36.037],[-77.541,36.096],[-77.698,36.153],[-77.721,36.134],[-77.886,36.144],[-78.007,36.203],[-77.912,36.382]]]},"properties":{"fips":"37083","name":"Halifax","st":"NC","sites":1,"pop":14320,"trend":0.511,"weeks":[{"w":"2026-09-19","t":null,"n":0},{"w":"2026-09-12","t":0.511,"n":1},{"w":"2026-09-05","t":0.817,"n":1},{"w":"2026-08-29","t":-0.018,"n":1},{"w":"2026-08-22","t":-0.344,"n":1},{"w":"2026-08-15","t":2.0,"n":1},{"w":"2026-08-08","t":2.0,"n":1},{"w":"2026-08-01","t":0.119,"n":1}]}},{"type":"Feature","geometry":{"type":"Polygon","coordinates":[[[-82.673,35.459],[-82.533,35.417],[-82.495,35.445],[-82.333,35.5],[-82.266,35.468],[-82.281,35.443],[-82.261,35.393],[-82.359,35.244],[-82.353,35.199],[-82.411,35.202],[-82.456,35.177],[-82.533,35.156],[-82.578,35.146],[-82.619,35.304],[-82.745,35.423],[-82.673,35.459]]]},"properties":{"fips":"37089","name":"Henderson","st":"NC","sites":1,"pop":173000,"trend":0.333,"weeks":[{"w":"2026-09-19","t":null,"n":0},{"w":"2026-09-12","t":0.333,"n":1},{"w":"2026-09-05","t":0.361,"n":1},{"w":"2026-08-29","t":0.172,"n":1},{"w":"2026-08-22","t":-0.19,"n":1},{"w":"2026-08-15","t":-0.156,"n":1},{"w":"2026-08-08","t":0.152,"n":1},{"w":"2026-08-01","t":0.157,"n":1}]}},{"type":"Feature","geometry":{"type":"Polygon","coordinates":[[[-83.352,35.468],[-83.236,35.525],[-83.186,35.514],[-83.165,35.51],[-82.921,35.292],[-82.983,35.132],[-83.057,35.054],[-83.008,35.027],[-83.108,35.001],[-83.143,35.078],[-83.224,35.157],[-83.224,35.239],[-83.277,35.228],[-83.34,35.331],[-83.352,35.468]]]},"properties":{"fips":"37099","name":"Jackson","st":"NC","sites":2,"pop":23296,"trend":0.178,"weeks":[{"w":"2026-09-19","t":0.178,"n":1},{"w":"2026-09-12","t":-0.943,"n":2},{"w":"2026-09-05","t":2.0,"n":2},{"w":"2026-08-29","t":2.0,"n":2},{"w":"2026-08-22","t":1.763,"n":2},{"w":"2026-08-15","t":-0.859,"n":2},{"w":"2026-08-08","t":-1.836,"n":2},{"w":"2026-08-01","t":-0.374,"n":2}]}},{"type":"Feature","geometry":{"type":"Polygon","coordinates":[[[-82.275,35.704],[-82.258,35.699],[-82.193,35.735],[-82.133,35.823],[-81.98,35.885],[-81.982,35.911],[-81.943,35.96],[-81.907,35.883],[-81.987,35.807],[-81.869,35.72],[-81.824,35.575],[-81.842,35.542],[-81.968,35.526],[-82.169,35.528],[-82.291,35.591],[-82.275,35.704]]]},"properties":{"fips":"37111","name":"McDowell","st":"NC","sites":1,"pop":8459,"trend":-0.062,"weeks":[{"w":"2026-09-19","t":null,"n":0},{"w":"2026-09-12","t":-0.062,"n":1},{"w":"2026-09-05","t":1.89,"n":1},{"w":"2026-08-29","t":0.061,"n":1},{"w":"2026-08-22","t":1.893,"n":1},{"w":"2026-08-15","t":1.893,"n":1},{"w":"2026-08-08","t":0.0,"n":1},{"w":"2026-08-01","t":0.0,"n":1}]}},{"type":"Feature","geometry":{"type":"Polygon","coordinates":[[[-81.058,35.073],[-81.037,35.123],[-81.042,35.147],[-81.006,35.157],[-81.015,35.269],[-80.973,35.35],[-80.923,35.361],[-80.955,35.4],[-80.942,35.455],[-80.947,35.488],[-80.907,35.515],[-80.784,35.506],[-80.766,35.401],[-80.693,35.346],[-80.666,35.268],[-80.6,35.234],[-80.55,35.208],[-80.772,35.033],[-80.841,35.001],[-80.903,35.072],[-80.906,35.075],[-80.935,35.107],[-81.041,35.045],[-81.058,35.073]]]},"properties":{"fips":"37119","name":"Mecklenburg","st":"NC","sites":4,"pop":453344,"trend":0.108,"weeks":[{"w":"2026-09-19","t":null,"n":0},{"w":"2026-09-12","t":0.108,"n":4},{"w":"2026-09-05","t":0.218,"n":4},{"w":"2026-08-29","t":0.334,"n":4},{"w":"2026-08-22","t":0.289,"n":4},{"w":"2026-08-15","t":0.146,"n":4},{"w":"2026-08-08","t":0.031,"n":4},{"w":"2026-08-01","t":-0.008,"n":4}]}},{"type":"Feature","geometry":{"type":"Polygon","coordinates":[[[-78.03,34.332],[-77.823,34.389],[-77.714,34.29],[-77.764,34.246],[-77.829,34.163],[-77.885,34.038],[-77.957,34.234],[-78.03,34.332]]]},"properties":{"fips":"37129","name":"New Hanover","st":"NC","sites":2,"pop":126104,"trend":0.121,"weeks":[{"w":"2026-09-19","t":null,"n":0},{"w":"2026-09-12","t":0.121,"n":2},{"w":"2026-09-05","t":0.326,"n":2},{"w":"2026-08-29","t":0.517,"n":2},{"w":"2026-08-22","t":0.253,"n":2},{"w":"2026-08-15","t":-0.009,"n":2},{"w":"2026-08-08","t":0.228,"n":2},{"w":"2026-08-01","t":0.286,"n":2}]}},{"type":"Feature","geometry":{"type":"Polygon","coordinates":[[[-77.9,36.545],[-77.767,36.545],[-77.75,36.546],[-77.299,36.546],[-77.19,36.546],[-77.164,36.546],[-77.067,36.497],[-77.123,36.471],[-77.208,36.247],[-77.298,36.208],[-77.292,36.168],[-77.311,36.169],[-77.387,36.214],[-77.446,36.325],[-77.541,36.303],[-77.586,36.336],[-77.555,36.418],[-77.645,36.481],[-77.9,36.504],[-77.9,36.545]]]},"properties":{"fips":"37131","name":"Northampton","st":"NC","sites":1,"pop":14320,"trend":0.511,"weeks":[{"w":"2026-09-19","t":null,"n":0},{"w":"2026-09-12","t":0.511,"n":1},{"w":"2026-09-05","t":0.817,"n":1},{"w":"2026-08-29","t":-0.018,"n":1},{"w":"2026-08-22","t":-0.344,"n":1},{"w":"2026-08-15","t":2.0,"n":1},{"w":"2026-08-08","t":2.0,"n":1},{"w":"2026-08-01","t":0.119,"n":1}]}},{"type":"Feature","geometry":{"type":"Polygon","coordinates":[[[-77.653,34.941],[-77.675,34.974],[-77.503,34.97],[-77.367,34.909],[-77.268,34.926],[-77.166,34.785],[-77.126,34.757],[-77.113,34.638],[-77.137,34.633],[-77.241,34.588],[-77.323,34.536],[-77.463,34.471],[-77.515,34.437],[-77.576,34.477],[-77.68,34.721],[-77.653,34.941]]]},"properties":{"fips":"37133","name":"Onslow","st":"NC","sites":1,"pop":41819,"trend":0.877,"weeks":[{"w":"2026-09-19","t":null,"n":0},{"w":"2026-09-12","t":0.877,"n":1},{"w":"2026-09-05","t":0.191,"n":1},{"w":"2026-08-29","t":-0.034,"n":1},{"w":"2026-08-22","t":2.0,"n":1},{"w":"2026-08-15","t":1.969,"n":1},{"w":"2026-08-08","t":-0.123,"n":1},{"w":"2026-08-01","t":-0.225,"n":1}]}},{"type":"Feature","geometry":{"type":"Polygon","coordinates":[[[-79.258,36.243],[-79.154,36.242],[-78.951,36.239],[-79.01,35.902],[-79.016,35.863],[-79.082,35.861],[-79.25,35.877],[-79.268,35.909],[-79.258,36.243]]]},"properties":{"fips":"37135","name":"Orange","st":"NC","sites":2,"pop":186246,"trend":0.155,"weeks":[{"w":"2026-09-19","t":null,"n":0},{"w":"2026-09-12","t":0.155,"n":2},{"w":"2026-09-05","t":0.106,"n":2},{"w":"2026-08-29","t":0.41,"n":2},{"w":"2026-08-22","t":0.741,"n":2},{"w":"2026-08-15","t":0.544,"n":2},{"w":"2026-08-08","t":0.277,"n":2},{"w":"2026-08-01","t":0.18,"n":2}]}},{"type":"Feature","geometry":{"type":"Polygon","coordinates":[[[-78.256,34.399],[-78.177,34.465],[-78.255,34.509],[-78.254,34.554],[-78.114,34.707],[-78.114,34.722],[-77.981,34.714],[-77.68,34.721],[-77.576,34.477],[-77.515,34.437],[-77.635,34.36],[-77.714,34.29],[-77.823,34.389],[-78.03,34.332],[-78.137,34.372],[-78.162,34.357],[-78.203,34.353],[-78.256,34.399]]]},"properties":{"fips":"37141","name":"Pender","st":"NC","sites":1,"pop":10000,"trend":-0.105,"weeks":[{"w":"2026-09-19","t":-0.105,"n":1},{"w":"2026-09-12","t":0.462,"n":1},{"w":"2026-09-05","t":0.074,"n":1},{"w":"2026-08-29","t":-0.306,"n":1},{"w":"2026-08-22","t":0.092,"n":1},{"w":"2026-08-15","t":-0.055,"n":1},{"w":"2026-08-08","t":0.306,"n":1},{"w":"2026-08-01","t":2.0,"n":1}]}},{"type":"Feature","geometry":{"type":"Polygon","coordinates":[[[-77.665,35.675],[-77.531,35.754],[-77.39,35.833],[-77.35,35.819],[-77.255,35.786],[-77.174,35.733],[-77.196,35.7],[-77.173,35.639],[-77.086,35.553],[-77.101,35.551],[-77.176,35.519],[-77.189,35.418],[-77.248,35.354],[-77.294,35.379],[-77.391,35.34],[-77.426,35.35],[-77.476,35.427],[-77.503,35.518],[-77.61,35.568],[-77.701,35.652],[-77.665,35.675]]]},"properties":{"fips":"37147","name":"Pitt","st":"NC","sites":1,"pop":89616,"trend":0.198,"weeks":[{"w":"2026-09-19","t":null,"n":0},{"w":"2026-09-12","t":0.198,"n":1},{"w":"2026-09-05","t":null,"n":0},{"w":"2026-08-29","t":null,"n":0},{"w":"2026-08-22","t":null,"n":0},{"w":"2026-08-15","t":null,"n":0},{"w":"2026-08-08","t":null,"n":0},{"w":"2026-08-01","t":null,"n":0}]}},{"type":"Feature","geometry":{"type":"Polygon","coordinates":[[[-80.047,35.921],[-79.713,35.907],[-79.542,35.9],[-79.542,35.843],[-79.556,35.515],[-79.768,35.511],[-80.067,35.506],[-80.047,35.921]]]},"properties":{"fips":"37151","name":"Randolph","st":"NC","sites":1,"pop":116390,"trend":0.314,"weeks":[{"w":"2026-09-19","t":null,"n":0},{"w":"2026-09-12","t":0.314,"n":1},{"w":"2026-09-05","t":null,"n":0},{"w":"2026-08-29","t":null,"n":0},{"w":"2026-08-22","t":null,"n":0},{"w":"2026-08-15","t":null,"n":0},{"w":"2026-08-08","t":2.0,"n":1},{"w":"2026-08-01","t":2.0,"n":1}]}},{"type":"Feature","geometry":{"type":"Polygon","coordinates":[[[-80.772,35.672],[-80.708,35.853],[-80.692,35.863],[-80.459,35.743],[-80.423,35.726],[-80.335,35.72],[-80.333,35.684],[-80.209,35.581],[-80.183,35.504],[-80.295,35.503],[-80.737,35.506],[-80.744,35.56],[-80.772,35.672]]]},"properties":{"fips":"37159","name":"Rowan","st":"NC","sites":2,"pop":53000,"trend":0.078,"weeks":[{"w":"2026-09-19","t":null,"n":0},{"w":"2026-09-12","t":null,"n":0},{"w":"2026-09-05","t":null,"n":0},{"w":"2026-08-29","t":null,"n":0},{"w":"2026-08-22","t":null,"n":0},{"w":"2026-08-15","t":null,"n":0},{"w":"2026-08-08","t":0.078,"n":2},{"w":"2026-08-01","t":1.39,"n":2}]}},{"type":"Feature","geometry":{"type":"Polygon","coordinates":[[[-79.693,34.805],[-79.614,34.815],[-79.562,34.91],[-79.573,34.992],[-79.459,35.044],[-79.353,34.944],[-79.348,34.839],[-79.331,34.774],[-79.462,34.63],[-79.675,34.805],[-79.693,34.805]]]},"properties":{"fips":"37165","name":"Scotland","st":"NC","sites":1,"pop":15527,"trend":-0.021,"weeks":[{"w":"2026-09-19","t":null,"n":0},{"w":"2026-09-12","t":-0.021,"n":1},{"w":"2026-09-05","t":-0.145,"n":1},{"w":"2026-08-29","t":0.068,"n":1},{"w":"2026-08-22","t":0.325,"n":1},{"w":"2026-08-15","t":2.0,"n":1},{"w":"2026-08-08","t":2.0,"n":1},{"w":"2026-08-01","t":0.0,"n":1}]}},{"type":"Feature","geometry":{"type":"Polygon","coordinates":[[[-83.917,35.474],[-83.849,35.519],[-83.772,35.562],[-83.663,35.568],[-83.653,35.568],[-83.588,35.567],[-83.498,35.563],[-83.452,35.603],[-83.422,35.611],[-83.347,35.66],[-83.297,35.658],[-83.265,35.703],[-83.182,35.671],[-83.156,35.553],[-83.186,35.514],[-83.236,35.525],[-83.352,35.468],[-83.34,35.331],[-83.432,35.325],[-83.495,35.3],[-83.68,35.279],[-83.586,35.435],[-83.953,35.46],[-83.917,35.474]]]},"properties":{"fips":"37173","name":"Swain","st":"NC","sites":1,"pop":10000,"trend":0.178,"weeks":[{"w":"2026-09-19","t":0.178,"n":1},{"w":"2026-09-12","t":0.023,"n":1},{"w":"2026-09-05","t":2.0,"n":1},{"w":"2026-08-29","t":2.0,"n":1},{"w":"2026-08-22","t":1.595,"n":1},{"w":"2026-08-15","t":-2.0,"n":1},{"w":"2026-08-08","t":-1.617,"n":1},{"w":"2026-08-01","t":1.655,"n":1}]}},{"type":"Feature","geometry":{"type":"Polygon","coordinates":[[[-78.936,35.772],[-78.909,35.843],[-78.906,35.868],[-78.83,35.867],[-78.807,35.923],[-78.758,35.922],[-78.699,36.011],[-78.751,36.071],[-78.683,36.074],[-78.546,36.022],[-78.307,35.897],[-78.256,35.818],[-78.469,35.707],[-78.643,35.57],[-78.709,35.519],[-78.915,35.584],[-78.995,35.61],[-78.936,35.772]]]},"properties":{"fips":"37183","name":"Wake","st":"NC","sites":6,"pop":822837,"trend":0.005,"weeks":[{"w":"2026-09-19","t":null,"n":0},{"w":"2026-09-12","t":0.005,"n":6},{"w":"2026-09-05","t":0.095,"n":6},{"w":"2026-08-29","t":0.304,"n":6},{"w":"2026-08-22","t":0.429,"n":6},{"w":"2026-08-15","t":0.306,"n":6},{"w":"2026-08-08","t":0.194,"n":6},{"w":"2026-08-01","t":0.333,"n":6}]}},{"type":"Feature","geometry":{"type":"Polygon","coordinates":[[[-81.908,36.302],[-81.833,36.347],[-81.769,36.341],[-81.706,36.338],[-81.725,36.39],[-81.638,36.35],[-81.566,36.272],[-81.478,36.24],[-81.456,36.2],[-81.545,36.117],[-81.675,36.123],[-81.811,36.112],[-81.829,36.169],[-81.908,36.214],[-81.918,36.287],[-81.908,36.302]]]},"properties":{"fips":"37189","name":"Watauga","st":"NC","sites":1,"pop":26000,"trend":0.22,"weeks":[{"w":"2026-09-19","t":null,"n":0},{"w":"2026-09-12","t":0.22,"n":1},{"w":"2026-09-05","t":0.484,"n":1},{"w":"2026-08-29","t":0.414,"n":1},{"w":"2026-08-22","t":-0.076,"n":1},{"w":"2026-08-15","t":0.123,"n":1},{"w":"2026-08-08","t":0.483,"n":1},{"w":"2026-08-01","t":0.232,"n":1}]}},{"type":"Feature","geometry":{"type":"Polygon","coordinates":[[[-78.175,35.74],[-77.916,35.836],[-77.845,35.838],[-77.828,35.867],[-77.751,35.828],[-77.718,35.729],[-77.665,35.675],[-77.701,35.652],[-77.802,35.586],[-77.823,35.585],[-77.874,35.586],[-78.049,35.596],[-78.065,35.585],[-78.116,35.6],[-78.161,35.713],[-78.192,35.731],[-78.175,35.74]]]},"properties":{"fips":"37195","name":"Wilson","st":"NC","sites":1,"pop":49384,"trend":0.541,"weeks":[{"w":"2026-09-19","t":null,"n":0},{"w":"2026-09-12","t":0.541,"n":1},{"w":"2026-09-05","t":2.0,"n":1},{"w":"2026-08-29","t":2.0,"n":1},{"w":"2026-08-22","t":1.9,"n":1},{"w":"2026-08-15","t":0.0,"n":1},{"w":"2026-08-08","t":0.0,"n":1},{"w":"2026-08-01","t":0.0,"n":1}]}},{"type":"Feature","geometry":{"type":"Polygon","coordinates":[[[-84.397,40.816],[-84.341,40.859],[-84.11,40.861],[-84.11,40.905],[-83.88,40.92],[-83.88,40.82],[-83.88,40.645],[-84.108,40.643],[-84.223,40.686],[-84.397,40.685],[-84.397,40.816]]]},"properties":{"fips":"39003","name":"Allen","st":"OH","sites":1,"pop":61000,"trend":0.0,"weeks":[{"w":"2026-09-19","t":0.0,"n":1},{"w":"2026-09-12","t":0.0,"n":1},{"w":"2026-09-05","t":0.0,"n":1},{"w":"2026-08-29","t":0.0,"n":1},{"w":"2026-08-22","t":0.0,"n":1},{"w":"2026-08-15","t":0.0,"n":1},{"w":"2026-08-08","t":0.0,"n":1},{"w":"2026-08-01","t":0.0,"n":1}]}},{"type":"Feature","geometry":{"type":"Polygon","coordinates":[[[-81.004,41.715],[-81.002,41.849],[-80.9,41.869],[-80.801,41.91],[-80.582,41.958],[-80.519,41.978],[-80.519,41.85],[-80.519,41.67],[-80.519,41.5],[-81.003,41.502],[-81.004,41.715]]]},"properties":{"fips":"39007","name":"Ashtabula","st":"OH","sites":1,"pop":31430,"trend":0.0,"weeks":[{"w":"2026-09-19","t":null,"n":0},{"w":"2026-09-12","t":0.0,"n":1},{"w":"2026-09-05","t":0.0,"n":1},{"w":"2026-08-29","t":0.0,"n":1},{"w":"2026-08-22","t":0.0,"n":1},{"w":"2026-08-15","t":-2.0,"n":1},{"w":"2026-08-08","t":0.0,"n":1},{"w":"2026-08-01","t":2.0,"n":1}]}},{"type":"Feature","geometry":{"type":"Polygon","coordinates":[[[-82.28,39.473],[-82.167,39.466],[-82.159,39.557],[-82.048,39.551],[-82.056,39.46],[-81.845,39.45],[-81.854,39.318],[-81.818,39.273],[-81.722,39.27],[-81.721,39.211],[-81.753,39.185],[-81.752,39.181],[-81.961,39.189],[-82.269,39.204],[-82.26,39.293],[-82.29,39.384],[-82.28,39.473]]]},"properties":{"fips":"39009","name":"Athens","st":"OH","sites":1,"pop":24536,"trend":0.135,"weeks":[{"w":"2026-09-19","t":0.135,"n":1},{"w":"2026-09-12","t":2.0,"n":1},{"w":"2026-09-05","t":2.0,"n":1},{"w":"2026-08-29","t":0.0,"n":1},{"w":"2026-08-22","t":0.0,"n":1},{"w":"2026-08-15","t":0.0,"n":1},{"w":"2026-08-08","t":0.0,"n":1},{"w":"2026-08-01","t":0.0,"n":1}]}},{"type":"Feature","geometry":{"type":"Polygon","coordinates":[[[-81.234,39.951],[-81.226,40.17],[-81.196,40.172],[-81.09,40.167],[-80.883,40.159],[-80.766,40.155],[-80.703,40.157],[-80.706,40.152],[-80.737,40.08],[-80.738,40.034],[-80.74,39.971],[-80.764,39.95],[-80.803,39.919],[-80.823,39.85],[-81.237,39.868],[-81.234,39.951]]]},"properties":{"fips":"39013","name":"Belmont","st":"OH","sites":1,"pop":13169,"trend":0.0,"weeks":[{"w":"2026-09-19","t":0.0,"n":1},{"w":"2026-09-12","t":0.0,"n":1},{"w":"2026-09-05","t":0.0,"n":1},{"w":"2026-08-29","t":0.0,"n":1},{"w":"2026-08-22","t":0.0,"n":1},{"w":"2026-08-15","t":0.0,"n":1},{"w":"2026-08-08","t":0.0,"n":1},{"w":"2026-08-01","t":0.0,"n":1}]}},{"type":"Feature","geometry":{"type":"Polygon","coordinates":[[[-84.817,39.392],[-84.816,39.522],[-84.816,39.568],[-84.479,39.569],[-84.479,39.591],[-84.365,39.589],[-84.332,39.549],[-84.353,39.292],[-84.63,39.312],[-84.819,39.305],[-84.817,39.392]]]},"properties":{"fips":"39017","name":"Butler","st":"OH","sites":1,"pop":65000,"trend":-2.0,"weeks":[{"w":"2026-09-19","t":-2.0,"n":1},{"w":"2026-09-12","t":2.0,"n":1},{"w":"2026-09-05","t":2.0,"n":1},{"w":"2026-08-29","t":2.0,"n":1},{"w":"2026-08-22","t":0.0,"n":1},{"w":"2026-08-15","t":0.0,"n":1},{"w":"2026-08-08","t":0.0,"n":1},{"w":"2026-08-01","t":0.0,"n":1}]}},{"type":"Feature","geometry":{"type":"Polygon","coordinates":[[[-81.318,40.652],[-81.241,40.651],[-81.199,40.729],[-81.087,40.728],[-80.917,40.727],[-80.918,40.643],[-80.862,40.599],[-80.864,40.555],[-80.921,40.556],[-80.925,40.468],[-80.942,40.425],[-81.212,40.433],[-81.238,40.432],[-81.27,40.433],[-81.268,40.477],[-81.265,40.565],[-81.322,40.567],[-81.318,40.652]]]},"properties":{"fips":"39019","name":"Carroll","st":"OH","sites":1,"pop":3500,"trend":0.0,"weeks":[{"w":"2026-09-19","t":null,"n":0},{"w":"2026-09-12","t":0.0,"n":1},{"w":"2026-09-05","t":0.0,"n":1},{"w":"2026-08-29","t":0.0,"n":1},{"w":"2026-08-22","t":0.0,"n":1},{"w":"2026-08-15","t":0.0,"n":1},{"w":"2026-08-08","t":0.0,"n":1},{"w":"2026-08-01","t":0.0,"n":1}]}},{"type":"Feature","geometry":{"type":"Polygon","coordinates":[[[-84.051,39.88],[-84.036,40.04],[-83.516,40.01],[-83.588,39.769],[-83.647,39.773],[-83.829,39.798],[-83.94,39.844],[-84.054,39.85],[-84.051,39.88]]]},"properties":{"fips":"39023","name":"Clark","st":"OH","sites":1,"pop":60000,"trend":0.0,"weeks":[{"w":"2026-09-19","t":null,"n":0},{"w":"2026-09-12","t":0.0,"n":1},{"w":"2026-09-05","t":0.0,"n":1},{"w":"2026-08-29","t":0.0,"n":1},{"w":"2026-08-22","t":0.0,"n":1},{"w":"2026-08-15","t":0.0,"n":1},{"w":"2026-08-08","t":0.0,"n":1},{"w":"2026-08-01","t":0.0,"n":1}]}},{"type":"Feature","geometry":{"type":"Polygon","coordinates":[[[-82.184,40.456],[-81.709,40.445],[-81.712,40.371],[-81.616,40.368],[-81.623,40.221],[-81.671,40.151],[-81.716,40.152],[-82.187,40.167],[-82.183,40.227],[-82.196,40.239],[-82.184,40.456]]]},"properties":{"fips":"39031","name":"Coshocton","st":"OH","sites":1,"pop":12000,"trend":0.0,"weeks":[{"w":"2026-09-19","t":0.0,"n":1},{"w":"2026-09-12","t":0.0,"n":1},{"w":"2026-09-05","t":0.0,"n":1},{"w":"2026-08-29","t":0.0,"n":1},{"w":"2026-08-22","t":0.0,"n":1},{"w":"2026-08-15","t":0.0,"n":1},{"w":"2026-08-08","t":0.0,"n":1},{"w":"2026-08-01","t":0.0,"n":1}]}},{"type":"Feature","geometry":{"type":"Polygon","coordinates":[[[-83.113,40.993],[-82.856,40.994],[-82.83,40.997],[-82.725,40.996],[-82.727,40.711],[-82.839,40.713],[-82.858,40.705],[-83.111,40.703],[-83.113,40.993]]]},"properties":{"fips":"39033","name":"Crawford","st":"OH","sites":1,"pop":12362,"trend":0.0,"weeks":[{"w":"2026-09-19","t":0.0,"n":1},{"w":"2026-09-12","t":0.0,"n":1},{"w":"2026-09-05","t":0.0,"n":1},{"w":"2026-08-29","t":0.0,"n":1},{"w":"2026-08-22","t":0.0,"n":1},{"w":"2026-08-15","t":0.0,"n":1},{"w":"2026-08-08","t":0.0,"n":1},{"w":"2026-08-01","t":0.0,"n":1}]}},{"type":"Feature","geometry":{"type":"Polygon","coordinates":[[[-81.96,41.501],[-81.938,41.491],[-81.823,41.495],[-81.811,41.496],[-81.769,41.491],[-81.739,41.489],[-81.634,41.54],[-81.489,41.634],[-81.488,41.57],[-81.391,41.57],[-81.392,41.445],[-81.392,41.416],[-81.392,41.348],[-81.45,41.349],[-81.518,41.35],[-81.598,41.351],[-81.565,41.278],[-81.591,41.278],[-81.67,41.277],[-81.685,41.277],[-81.705,41.277],[-81.839,41.276],[-81.878,41.275],[-81.877,41.351],[-81.971,41.351],[-81.96,41.501]]]},"properties":{"fips":"39035","name":"Cuyahoga","st":"OH","sites":3,"pop":940691,"trend":2.0,"weeks":[{"w":"2026-09-19","t":2.0,"n":3},{"w":"2026-09-12","t":0.0,"n":3},{"w":"2026-09-05","t":0.0,"n":3},{"w":"2026-08-29","t":0.0,"n":3},{"w":"2026-08-22","t":0.0,"n":3},{"w":"2026-08-15","t":0.0,"n":3},{"w":"2026-08-08","t":0.0,"n":3},{"w":"2026-08-01","t":0.0,"n":3}]}},{"type":"Feature","geometry":{"type":"Polygon","coordinates":[[[-84.81,40.005],[-84.809,40.107],[-84.805,40.31],[-84.804,40.353],[-84.435,40.354],[-84.433,40.197],[-84.426,39.92],[-84.485,39.918],[-84.811,39.917],[-84.81,40.005]]]},"properties":{"fips":"39037","name":"Darke","st":"OH","sites":1,"pop":13000,"trend":2.0,"weeks":[{"w":"2026-09-19","t":2.0,"n":1},{"w":"2026-09-12","t":0.0,"n":1},{"w":"2026-09-05","t":0.0,"n":1},{"w":"2026-08-29","t":0.0,"n":1},{"w":"2026-08-22","t":0.0,"n":1},{"w":"2026-08-15","t":0.0,"n":1},{"w":"2026-08-08","t":0.0,"n":1},{"w":"2026-08-01","t":0.0,"n":1}]}},{"type":"Feature","geometry":{"type":"Polygon","coordinates":[[[-84.804,41.426],[-84.342,41.428],[-84.228,41.428],[-84.228,41.166],[-84.342,41.166],[-84.342,41.209],[-84.457,41.209],[-84.457,41.253],[-84.804,41.253],[-84.804,41.271],[-84.804,41.408],[-84.804,41.426]]]},"properties":{"fips":"39039","name":"Defiance","st":"OH","sites":1,"pop":19900,"trend":2.0,"weeks":[{"w":"2026-09-19","t":2.0,"n":1},{"w":"2026-09-12","t":0.0,"n":1},{"w":"2026-09-05","t":0.0,"n":1},{"w":"2026-08-29","t":0.0,"n":1},{"w":"2026-08-22","t":0.0,"n":1},{"w":"2026-08-15","t":0.0,"n":1},{"w":"2026-08-08","t":0.0,"n":1},{"w":"2026-08-01","t":0.0,"n":1}]}},{"type":"Feature","geometry":{"type":"Polygon","coordinates":[[[-82.952,41.458],[-82.73,41.479],[-82.691,41.497],[-82.688,41.492],[-82.617,41.428],[-82.533,41.391],[-82.461,41.386],[-82.362,41.427],[-82.348,41.427],[-82.345,41.357],[-82.345,41.353],[-82.342,41.284],[-82.841,41.29],[-82.845,41.363],[-82.848,41.431],[-82.952,41.458]]]},"properties":{"fips":"39043","name":"Erie","st":"OH","sites":1,"pop":55000,"trend":0.0,"weeks":[{"w":"2026-09-19","t":0.0,"n":1},{"w":"2026-09-12","t":0.0,"n":1},{"w":"2026-09-05","t":0.0,"n":1},{"w":"2026-08-29","t":0.0,"n":1},{"w":"2026-08-22","t":0.0,"n":1},{"w":"2026-08-15","t":0.0,"n":1},{"w":"2026-08-08","t":0.0,"n":1},{"w":"2026-08-01","t":0.0,"n":1}]}},{"type":"Feature","geometry":{"type":"Polygon","coordinates":[[[-83.653,39.717],[-83.252,39.695],[-83.267,39.516],[-83.373,39.377],[-83.591,39.379],[-83.578,39.524],[-83.586,39.545],[-83.67,39.55],[-83.653,39.717]]]},"properties":{"fips":"39047","name":"Fayette","st":"OH","sites":1,"pop":14000,"trend":0.0,"weeks":[{"w":"2026-09-19","t":0.0,"n":1},{"w":"2026-09-12","t":-2.0,"n":1},{"w":"2026-09-05","t":0.0,"n":1},{"w":"2026-08-29","t":2.0,"n":1},{"w":"2026-08-22","t":0.0,"n":1},{"w":"2026-08-15","t":0.0,"n":1},{"w":"2026-08-08","t":0.0,"n":1},{"w":"2026-08-01","t":0.0,"n":1}]}},{"type":"Feature","geometry":{"type":"Polygon","coordinates":[[[-83.255,40.048],[-83.211,40.065],[-83.206,40.108],[-83.17,40.143],[-83.005,40.136],[-82.971,40.135],[-82.762,40.126],[-82.767,40.051],[-82.774,39.976],[-82.782,39.94],[-82.811,39.941],[-82.799,39.86],[-82.802,39.823],[-82.824,39.795],[-83.244,39.813],[-83.255,40.048]]]},"properties":{"fips":"39049","name":"Franklin","st":"OH","sites":2,"pop":1300757,"trend":1.036,"weeks":[{"w":"2026-09-19","t":1.036,"n":2},{"w":"2026-09-12","t":0.993,"n":2},{"w":"2026-09-05","t":0.993,"n":2},{"w":"2026-08-29","t":0.0,"n":2},{"w":"2026-08-22","t":0.0,"n":2},{"w":"2026-08-15","t":0.0,"n":2},{"w":"2026-08-08","t":0.0,"n":2},{"w":"2026-08-01","t":0.0,"n":2}]}},{"type":"Feature","geometry":{"type":"Polygon","coordinates":[[[-84.4,41.706],[-84.36,41.707],[-84.134,41.713],[-83.88,41.72],[-83.883,41.488],[-84.342,41.486],[-84.342,41.514],[-84.381,41.514],[-84.381,41.617],[-84.4,41.706]]]},"properties":{"fips":"39051","name":"Fulton","st":"OH","sites":1,"pop":6000,"trend":0.0,"weeks":[{"w":"2026-09-19","t":0.0,"n":1},{"w":"2026-09-12","t":0.0,"n":1},{"w":"2026-09-05","t":0.0,"n":1},{"w":"2026-08-29","t":0.0,"n":1},{"w":"2026-08-22","t":0.0,"n":1},{"w":"2026-08-15","t":0.0,"n":1},{"w":"2026-08-08","t":0.0,"n":1},{"w":"2026-08-01","t":0.0,"n":1}]}},{"type":"Feature","geometry":{"type":"Polygon","coordinates":[[[-84.093,39.838],[-84.054,39.85],[-83.94,39.844],[-83.829,39.798],[-83.647,39.773],[-83.653,39.717],[-83.67,39.55],[-83.977,39.569],[-84.114,39.578],[-84.093,39.838]]]},"properties":{"fips":"39057","name":"Greene","st":"OH","sites":1,"pop":4100,"trend":0.071,"weeks":[{"w":"2026-09-19","t":null,"n":0},{"w":"2026-09-12","t":0.071,"n":1},{"w":"2026-09-05","t":2.0,"n":1},{"w":"2026-08-29","t":2.0,"n":1},{"w":"2026-08-22","t":0.186,"n":1},{"w":"2026-08-15","t":0.0,"n":1},{"w":"2026-08-08","t":2.0,"n":1},{"w":"2026-08-01","t":0.0,"n":1}]}},{"type":"Feature","geometry":{"type":"Polygon","coordinates":[[[-84.82,39.227],[-84.819,39.305],[-84.819,39.305],[-84.63,39.312],[-84.353,39.292],[-84.262,39.288],[-84.259,39.271],[-84.32,39.223],[-84.288,39.186],[-84.299,39.174],[-84.321,39.021],[-84.327,39.027],[-84.401,39.046],[-84.433,39.084],[-84.445,39.114],[-84.462,39.122],[-84.481,39.117],[-84.494,39.102],[-84.499,39.102],[-84.507,39.102],[-84.551,39.099],[-84.608,39.073],[-84.622,39.078],[-84.677,39.098],[-84.714,39.133],[-84.751,39.147],[-84.82,39.105],[-84.82,39.227]]]},"properties":{"fips":"39061","name":"Hamilton","st":"OH","sites":2,"pop":631000,"trend":1.547,"weeks":[{"w":"2026-09-19","t":1.547,"n":2},{"w":"2026-09-12","t":1.547,"n":2},{"w":"2026-09-05","t":0.0,"n":2},{"w":"2026-08-29","t":0.0,"n":2},{"w":"2026-08-22","t":0.0,"n":2},{"w":"2026-08-15","t":0.0,"n":2},{"w":"2026-08-08","t":0.0,"n":2},{"w":"2026-08-01","t":0.0,"n":2}]}},{"type":"Feature","geometry":{"type":"Polygon","coordinates":[[[-83.881,41.168],[-83.421,41.167],[-83.42,40.992],[-83.458,40.992],[-83.515,40.905],[-83.516,40.818],[-83.88,40.82],[-83.88,40.92],[-83.881,41.168]]]},"properties":{"fips":"39063","name":"Hancock","st":"OH","sites":1,"pop":41273,"trend":2.0,"weeks":[{"w":"2026-09-19","t":2.0,"n":1},{"w":"2026-09-12","t":0.0,"n":1},{"w":"2026-09-05","t":0.0,"n":1},{"w":"2026-08-29","t":0.0,"n":1},{"w":"2026-08-22","t":0.0,"n":1},{"w":"2026-08-15","t":0.0,"n":1},{"w":"2026-08-08","t":0.0,"n":1},{"w":"2026-08-01","t":0.0,"n":1}]}},{"type":"Feature","geometry":{"type":"Polygon","coordinates":[[[-83.88,40.82],[-83.516,40.818],[-83.496,40.702],[-83.44,40.702],[-83.42,40.687],[-83.416,40.527],[-83.419,40.505],[-83.52,40.504],[-83.88,40.532],[-83.88,40.539],[-83.88,40.645],[-83.88,40.82]]]},"properties":{"fips":"39065","name":"Hardin","st":"OH","sites":1,"pop":8500,"trend":0.0,"weeks":[{"w":"2026-09-19","t":null,"n":0},{"w":"2026-09-12","t":0.0,"n":1},{"w":"2026-09-05","t":0.0,"n":1},{"w":"2026-08-29","t":0.0,"n":1},{"w":"2026-08-22","t":null,"n":0},{"w":"2026-08-15","t":null,"n":0},{"w":"2026-08-08","t":null,"n":0},{"w":"2026-08-01","t":null,"n":0}]}},{"type":"Feature","geometry":{"type":"Polygon","coordinates":[[[-82.741,39.468],[-82.732,39.554],[-82.62,39.564],[-82.618,39.609],[-82.496,39.603],[-82.49,39.662],[-82.375,39.655],[-82.38,39.597],[-82.262,39.591],[-82.264,39.562],[-82.159,39.557],[-82.167,39.466],[-82.28,39.473],[-82.29,39.384],[-82.514,39.396],[-82.518,39.369],[-82.749,39.368],[-82.741,39.468]]]},"properties":{"fips":"39073","name":"Hocking","st":"OH","sites":1,"pop":8500,"trend":-2.0,"weeks":[{"w":"2026-09-19","t":-2.0,"n":1},{"w":"2026-09-12","t":2.0,"n":1},{"w":"2026-09-05","t":2.0,"n":1},{"w":"2026-08-29","t":2.0,"n":1},{"w":"2026-08-22","t":0.0,"n":1},{"w":"2026-08-15","t":0.0,"n":1},{"w":"2026-08-08","t":0.0,"n":1},{"w":"2026-08-01","t":0.0,"n":1}]}},{"type":"Feature","geometry":{"type":"Polygon","coordinates":[[[-82.841,41.29],[-82.342,41.284],[-82.34,41.211],[-82.34,41.201],[-82.336,41.066],[-82.437,41.065],[-82.433,40.993],[-82.725,40.996],[-82.83,40.997],[-82.839,41.217],[-82.84,41.255],[-82.841,41.29]]]},"properties":{"fips":"39077","name":"Huron","st":"OH","sites":1,"pop":17000,"trend":0.0,"weeks":[{"w":"2026-09-19","t":null,"n":0},{"w":"2026-09-12","t":0.0,"n":1},{"w":"2026-09-05","t":0.0,"n":1},{"w":"2026-08-29","t":0.0,"n":1},{"w":"2026-08-22","t":0.0,"n":1},{"w":"2026-08-15","t":0.0,"n":1},{"w":"2026-08-08","t":0.0,"n":1},{"w":"2026-08-01","t":0.0,"n":1}]}},{"type":"Feature","geometry":{"type":"Polygon","coordinates":[[[-82.745,40.35],[-82.647,40.345],[-82.624,40.55],[-82.375,40.551],[-82.337,40.555],[-82.22,40.568],[-82.179,40.573],[-82.184,40.456],[-82.196,40.239],[-82.477,40.246],[-82.476,40.265],[-82.751,40.277],[-82.745,40.35]]]},"properties":{"fips":"39083","name":"Knox","st":"OH","sites":1,"pop":18000,"trend":0.0,"weeks":[{"w":"2026-09-19","t":0.0,"n":1},{"w":"2026-09-12","t":0.0,"n":1},{"w":"2026-09-05","t":0.0,"n":1},{"w":"2026-08-29","t":0.0,"n":1},{"w":"2026-08-22","t":0.0,"n":1},{"w":"2026-08-15","t":0.0,"n":1},{"w":"2026-08-08","t":0.0,"n":1},{"w":"2026-08-01","t":0.0,"n":1}]}},{"type":"Feature","geometry":{"type":"Polygon","coordinates":[[[-81.489,41.634],[-81.466,41.649],[-81.389,41.707],[-81.287,41.76],[-81.184,41.787],[-81.052,41.84],[-81.002,41.849],[-81.004,41.715],[-81.102,41.714],[-81.101,41.641],[-81.295,41.641],[-81.296,41.57],[-81.391,41.57],[-81.488,41.57],[-81.489,41.634]]]},"properties":{"fips":"39085","name":"Lake","st":"OH","sites":1,"pop":20000,"trend":0.097,"weeks":[{"w":"2026-09-19","t":0.097,"n":1},{"w":"2026-09-12","t":2.0,"n":1},{"w":"2026-09-05","t":2.0,"n":1},{"w":"2026-08-29","t":0.0,"n":1},{"w":"2026-08-22","t":0.0,"n":1},{"w":"2026-08-15","t":0.0,"n":1},{"w":"2026-08-08","t":0.0,"n":1},{"w":"2026-08-01","t":0.0,"n":1}]}},{"type":"Feature","geometry":{"type":"Polygon","coordinates":[[[-82.812,38.572],[-82.74,38.597],[-82.764,38.68],[-82.707,38.677],[-82.663,38.748],[-82.65,38.849],[-82.576,38.844],[-82.583,38.779],[-82.484,38.772],[-82.472,38.682],[-82.354,38.676],[-82.362,38.585],[-82.282,38.58],[-82.293,38.56],[-82.304,38.496],[-82.324,38.449],[-82.382,38.435],[-82.447,38.427],[-82.509,38.415],[-82.561,38.404],[-82.594,38.422],[-82.618,38.477],[-82.664,38.508],[-82.676,38.516],[-82.725,38.558],[-82.8,38.563],[-82.812,38.572]]]},"properties":{"fips":"39087","name":"Lawrence","st":"OH","sites":1,"pop":10445,"trend":-2.0,"weeks":[{"w":"2026-09-19","t":null,"n":0},{"w":"2026-09-12","t":-2.0,"n":1},{"w":"2026-09-05","t":2.0,"n":1},{"w":"2026-08-29","t":2.0,"n":1},{"w":"2026-08-22","t":0.0,"n":1},{"w":"2026-08-15","t":0.0,"n":1},{"w":"2026-08-08","t":0.0,"n":1},{"w":"2026-08-01","t":0.0,"n":1}]}},{"type":"Feature","geometry":{"type":"Polygon","coordinates":[[[-82.774,39.976],[-82.767,40.051],[-82.762,40.126],[-82.751,40.277],[-82.476,40.265],[-82.477,40.246],[-82.196,40.239],[-82.183,40.227],[-82.187,40.167],[-82.195,40.021],[-82.199,39.95],[-82.234,39.913],[-82.419,39.922],[-82.463,39.93],[-82.493,39.926],[-82.782,39.94],[-82.774,39.976]]]},"properties":{"fips":"39089","name":"Licking","st":"OH","sites":1,"pop":45000,"trend":2.0,"weeks":[{"w":"2026-09-19","t":2.0,"n":1},{"w":"2026-09-12","t":0.0,"n":1},{"w":"2026-09-05","t":0.0,"n":1},{"w":"2026-08-29","t":0.0,"n":1},{"w":"2026-08-22","t":0.0,"n":1},{"w":"2026-08-15","t":0.0,"n":1},{"w":"2026-08-08","t":0.0,"n":1},{"w":"2026-08-01","t":0.0,"n":1}]}},{"type":"Feature","geometry":{"type":"Polygon","coordinates":[[[-82.348,41.427],[-82.268,41.431],[-82.182,41.472],[-82.071,41.497],[-81.995,41.514],[-81.968,41.504],[-81.96,41.501],[-81.971,41.351],[-81.877,41.351],[-81.878,41.275],[-81.972,41.275],[-81.974,41.2],[-82.072,41.2],[-82.074,41.136],[-82.17,41.137],[-82.171,41.064],[-82.336,41.066],[-82.34,41.201],[-82.34,41.211],[-82.342,41.284],[-82.345,41.353],[-82.345,41.357],[-82.348,41.427]]]},"properties":{"fips":"39093","name":"Lorain","st":"OH","sites":1,"pop":72000,"trend":2.0,"weeks":[{"w":"2026-09-19","t":2.0,"n":1},{"w":"2026-09-12","t":0.0,"n":1},{"w":"2026-09-05","t":0.0,"n":1},{"w":"2026-08-29","t":0.0,"n":1},{"w":"2026-08-22","t":0.0,"n":1},{"w":"2026-08-15","t":0.0,"n":1},{"w":"2026-08-08","t":0.0,"n":1},{"w":"2026-08-01","t":0.0,"n":1}]}},{"type":"Feature","geometry":{"type":"Polygon","coordinates":[[[-83.883,41.488],[-83.88,41.72],[-83.763,41.724],[-83.763,41.724],[-83.586,41.729],[-83.454,41.733],[-83.41,41.691],[-83.327,41.702],[-83.232,41.644],[-83.164,41.624],[-83.182,41.623],[-83.238,41.623],[-83.416,41.619],[-83.57,41.617],[-83.588,41.601],[-83.712,41.493],[-83.854,41.414],[-83.883,41.415],[-83.883,41.488]]]},"properties":{"fips":"39095","name":"Lucas","st":"OH","sites":2,"pop":432446,"trend":0.0,"weeks":[{"w":"2026-09-19","t":0.0,"n":2},{"w":"2026-09-12","t":0.0,"n":2},{"w":"2026-09-05","t":0.0,"n":2},{"w":"2026-08-29","t":0.0,"n":2},{"w":"2026-08-22","t":0.0,"n":2},{"w":"2026-08-15","t":0.0,"n":2},{"w":"2026-08-08","t":0.0,"n":2},{"w":"2026-08-01","t":0.0,"n":2}]}},{"type":"Feature","geometry":{"type":"Polygon","coordinates":[[[-81.086,40.988],[-81.002,40.988],[-81.002,41.062],[-81.002,41.134],[-80.519,41.133],[-80.519,41.125],[-80.52,40.987],[-80.52,40.907],[-80.52,40.9],[-80.822,40.901],[-80.896,40.93],[-80.896,40.901],[-81.087,40.902],[-81.086,40.988]]]},"properties":{"fips":"39099","name":"Mahoning","st":"OH","sites":1,"pop":174000,"trend":0.0,"weeks":[{"w":"2026-09-19","t":0.0,"n":1},{"w":"2026-09-12","t":0.0,"n":1},{"w":"2026-09-05","t":0.0,"n":1},{"w":"2026-08-29","t":0.0,"n":1},{"w":"2026-08-22","t":0.0,"n":1},{"w":"2026-08-15","t":0.0,"n":1},{"w":"2026-08-08","t":0.0,"n":1},{"w":"2026-08-01","t":0.0,"n":1}]}},{"type":"Feature","geometry":{"type":"Polygon","coordinates":[[[-83.42,40.687],[-83.311,40.687],[-83.305,40.702],[-83.111,40.703],[-82.858,40.705],[-82.86,40.646],[-82.958,40.636],[-82.958,40.491],[-83.021,40.434],[-83.249,40.444],[-83.248,40.501],[-83.268,40.507],[-83.419,40.505],[-83.416,40.527],[-83.42,40.687]]]},"properties":{"fips":"39101","name":"Marion","st":"OH","sites":1,"pop":36000,"trend":0.0,"weeks":[{"w":"2026-09-19","t":null,"n":0},{"w":"2026-09-12","t":0.0,"n":1},{"w":"2026-09-05","t":0.0,"n":1},{"w":"2026-08-29","t":0.0,"n":1},{"w":"2026-08-22","t":0.0,"n":1},{"w":"2026-08-15","t":0.0,"n":1},{"w":"2026-08-08","t":0.0,"n":1},{"w":"2026-08-01","t":0.0,"n":1}]}},{"type":"Feature","geometry":{"type":"Polygon","coordinates":[[[-82.171,41.064],[-82.17,41.137],[-82.074,41.136],[-82.072,41.2],[-81.974,41.2],[-81.972,41.275],[-81.878,41.275],[-81.839,41.276],[-81.705,41.277],[-81.685,41.277],[-81.687,41.136],[-81.688,40.989],[-81.977,40.99],[-82.129,40.992],[-82.173,40.992],[-82.171,41.064]]]},"properties":{"fips":"39103","name":"Medina","st":"OH","sites":1,"pop":86586,"trend":0.0,"weeks":[{"w":"2026-09-19","t":0.0,"n":1},{"w":"2026-09-12","t":0.0,"n":1},{"w":"2026-09-05","t":0.0,"n":1},{"w":"2026-08-29","t":0.0,"n":1},{"w":"2026-08-22","t":0.0,"n":1},{"w":"2026-08-15","t":0.0,"n":1},{"w":"2026-08-08","t":0.0,"n":1},{"w":"2026-08-01","t":0.0,"n":1}]}},{"type":"Feature","geometry":{"type":"Polygon","coordinates":[[[-84.804,40.353],[-84.803,40.465],[-84.803,40.502],[-84.802,40.572],[-84.802,40.728],[-84.456,40.728],[-84.456,40.685],[-84.456,40.568],[-84.455,40.451],[-84.456,40.364],[-84.434,40.355],[-84.435,40.354],[-84.804,40.353],[-84.804,40.353]]]},"properties":{"fips":"39107","name":"Mercer","st":"OH","sites":1,"pop":4800,"trend":0.0,"weeks":[{"w":"2026-09-19","t":null,"n":0},{"w":"2026-09-12","t":0.0,"n":1},{"w":"2026-09-05","t":0.0,"n":1},{"w":"2026-08-29","t":0.0,"n":1},{"w":"2026-08-22","t":0.0,"n":1},{"w":"2026-08-15","t":0.0,"n":1},{"w":"2026-08-08","t":0.0,"n":1},{"w":"2026-08-01","t":0.0,"n":1}]}},{"type":"Feature","geometry":{"type":"Polygon","coordinates":[[[-84.485,39.918],[-84.426,39.92],[-84.158,39.923],[-84.157,39.886],[-84.051,39.88],[-84.054,39.85],[-84.093,39.838],[-84.114,39.578],[-84.286,39.59],[-84.365,39.589],[-84.479,39.591],[-84.485,39.918]]]},"properties":{"fips":"39113","name":"Montgomery","st":"OH","sites":2,"pop":291729,"trend":0.0,"weeks":[{"w":"2026-09-19","t":null,"n":0},{"w":"2026-09-12","t":0.0,"n":2},{"w":"2026-09-05","t":0.0,"n":2},{"w":"2026-08-29","t":0.0,"n":2},{"w":"2026-08-22","t":0.0,"n":2},{"w":"2026-08-15","t":0.0,"n":2},{"w":"2026-08-08","t":0.0,"n":2},{"w":"2026-08-01","t":0.0,"n":2}]}},{"type":"Feature","geometry":{"type":"Polygon","coordinates":[[[-82.199,39.95],[-82.195,40.021],[-82.187,40.167],[-81.716,40.152],[-81.729,39.932],[-81.691,39.931],[-81.694,39.843],[-81.697,39.756],[-82.077,39.771],[-82.073,39.816],[-82.17,39.821],[-82.162,39.909],[-82.234,39.913],[-82.199,39.95]]]},"properties":{"fips":"39119","name":"Muskingum","st":"OH","sites":1,"pop":47500,"trend":2.0,"weeks":[{"w":"2026-09-19","t":2.0,"n":1},{"w":"2026-09-12","t":0.0,"n":1},{"w":"2026-09-05","t":0.0,"n":1},{"w":"2026-08-29","t":0.0,"n":1},{"w":"2026-08-22","t":0.0,"n":1},{"w":"2026-08-15","t":0.0,"n":1},{"w":"2026-08-08","t":0.0,"n":1},{"w":"2026-08-01","t":0.0,"n":1}]}},{"type":"Feature","geometry":{"type":"MultiPolygon","coordinates":[[[[-82.863,41.694],[-82.826,41.723],[-82.783,41.694],[-82.789,41.643],[-82.842,41.628],[-82.863,41.694]]],[[[-83.416,41.619],[-83.238,41.623],[-83.182,41.623],[-83.164,41.624],[-83.067,41.595],[-83.028,41.556],[-82.934,41.514],[-82.86,41.576],[-82.834,41.588],[-82.718,41.542],[-82.691,41.497],[-82.73,41.479],[-82.952,41.458],[-83.067,41.457],[-83.338,41.458],[-83.415,41.5],[-83.416,41.619]]]]},"properties":{"fips":"39123","name":"Ottawa","st":"OH","sites":1,"pop":7000,"trend":0.0,"weeks":[{"w":"2026-09-19","t":0.0,"n":1},{"w":"2026-09-12","t":0.0,"n":1},{"w":"2026-09-05","t":0.0,"n":1},{"w":"2026-08-29","t":0.0,"n":1},{"w":"2026-08-22","t":0.0,"n":1},{"w":"2026-08-15","t":0.0,"n":1},{"w":"2026-08-08","t":0.0,"n":1},{"w":"2026-08-01","t":0.0,"n":1}]}},{"type":"Feature","geometry":{"type":"Polygon","coordinates":[[[-83.252,39.695],[-83.244,39.813],[-82.824,39.795],[-82.843,39.561],[-82.732,39.554],[-82.741,39.468],[-82.998,39.48],[-83.267,39.516],[-83.252,39.695]]]},"properties":{"fips":"39129","name":"Pickaway","st":"OH","sites":1,"pop":13965,"trend":-2.0,"weeks":[{"w":"2026-09-19","t":-2.0,"n":1},{"w":"2026-09-12","t":0.0,"n":1},{"w":"2026-09-05","t":2.0,"n":1},{"w":"2026-08-29","t":0.0,"n":1},{"w":"2026-08-22","t":0.0,"n":1},{"w":"2026-08-15","t":-2.0,"n":1},{"w":"2026-08-08","t":-2.0,"n":1},{"w":"2026-08-01","t":2.0,"n":1}]}},{"type":"Feature","geometry":{"type":"Polygon","coordinates":[[[-81.393,41.025],[-81.393,41.1],[-81.392,41.136],[-81.392,41.277],[-81.392,41.348],[-81.003,41.348],[-81.003,41.348],[-81.003,41.272],[-81.002,41.134],[-81.002,41.062],[-81.002,40.988],[-81.086,40.988],[-81.184,40.988],[-81.196,40.988],[-81.358,40.989],[-81.393,40.989],[-81.393,41.025]]]},"properties":{"fips":"39133","name":"Portage","st":"OH","sites":1,"pop":29000,"trend":2.0,"weeks":[{"w":"2026-09-19","t":null,"n":0},{"w":"2026-09-12","t":2.0,"n":1},{"w":"2026-09-05","t":0.0,"n":1},{"w":"2026-08-29","t":0.0,"n":1},{"w":"2026-08-22","t":-2.0,"n":1},{"w":"2026-08-15","t":0.0,"n":1},{"w":"2026-08-08","t":2.0,"n":1},{"w":"2026-08-01","t":0.0,"n":1}]}},{"type":"Feature","geometry":{"type":"Polygon","coordinates":[[[-84.814,39.727],[-84.814,39.727],[-84.811,39.917],[-84.485,39.918],[-84.479,39.591],[-84.479,39.569],[-84.816,39.568],[-84.814,39.727]]]},"properties":{"fips":"39135","name":"Preble","st":"OH","sites":1,"pop":8400,"trend":0.0,"weeks":[{"w":"2026-09-19","t":0.0,"n":1},{"w":"2026-09-12","t":0.0,"n":1},{"w":"2026-09-05","t":0.0,"n":1},{"w":"2026-08-29","t":0.0,"n":1},{"w":"2026-08-22","t":0.0,"n":1},{"w":"2026-08-15","t":0.0,"n":1},{"w":"2026-08-08","t":0.0,"n":1},{"w":"2026-08-01","t":0.0,"n":1}]}},{"type":"Feature","geometry":{"type":"Polygon","coordinates":[[[-82.725,40.996],[-82.433,40.993],[-82.421,40.823],[-82.339,40.727],[-82.338,40.639],[-82.337,40.555],[-82.375,40.551],[-82.624,40.55],[-82.645,40.666],[-82.627,40.709],[-82.689,40.711],[-82.727,40.711],[-82.725,40.996]]]},"properties":{"fips":"39139","name":"Richland","st":"OH","sites":1,"pop":52000,"trend":0.0,"weeks":[{"w":"2026-09-19","t":0.0,"n":1},{"w":"2026-09-12","t":0.0,"n":1},{"w":"2026-09-05","t":0.0,"n":1},{"w":"2026-08-29","t":0.0,"n":1},{"w":"2026-08-22","t":0.0,"n":1},{"w":"2026-08-15","t":0.0,"n":1},{"w":"2026-08-08","t":0.0,"n":1},{"w":"2026-08-01","t":0.0,"n":1}]}},{"type":"Feature","geometry":{"type":"Polygon","coordinates":[[[-83.415,41.5],[-83.338,41.458],[-83.067,41.457],[-82.952,41.458],[-82.848,41.431],[-82.845,41.363],[-82.841,41.29],[-82.84,41.255],[-83.42,41.254],[-83.415,41.5]]]},"properties":{"fips":"39143","name":"Sandusky","st":"OH","sites":1,"pop":25000,"trend":-2.0,"weeks":[{"w":"2026-09-19","t":null,"n":0},{"w":"2026-09-12","t":-2.0,"n":1},{"w":"2026-09-05","t":0.0,"n":1},{"w":"2026-08-29","t":2.0,"n":1},{"w":"2026-08-22","t":0.0,"n":1},{"w":"2026-08-15","t":0.0,"n":1},{"w":"2026-08-08","t":0.0,"n":1},{"w":"2026-08-01","t":0.0,"n":1}]}},{"type":"Feature","geometry":{"type":"Polygon","coordinates":[[[-83.271,39.016],[-83.212,38.96],[-83.044,38.957],[-82.807,38.948],[-82.753,38.945],[-82.761,38.855],[-82.65,38.849],[-82.663,38.748],[-82.707,38.677],[-82.764,38.68],[-82.74,38.597],[-82.812,38.572],[-82.851,38.604],[-82.87,38.678],[-82.871,38.718],[-82.882,38.742],[-82.889,38.756],[-82.943,38.743],[-83.012,38.73],[-83.03,38.717],[-83.042,38.708],[-83.112,38.672],[-83.129,38.64],[-83.173,38.62],[-83.24,38.629],[-83.264,38.613],[-83.268,38.634],[-83.271,39.016]]]},"properties":{"fips":"39145","name":"Scioto","st":"OH","sites":1,"pop":20366,"trend":0.0,"weeks":[{"w":"2026-09-19","t":null,"n":0},{"w":"2026-09-12","t":0.0,"n":1},{"w":"2026-09-05","t":0.0,"n":1},{"w":"2026-08-29","t":0.0,"n":1},{"w":"2026-08-22","t":0.0,"n":1},{"w":"2026-08-15","t":0.0,"n":1},{"w":"2026-08-08","t":0.0,"n":1},{"w":"2026-08-01","t":0.0,"n":1}]}},{"type":"Feature","geometry":{"type":"Polygon","coordinates":[[[-81.65,40.668],[-81.648,40.826],[-81.648,40.914],[-81.42,40.907],[-81.393,40.989],[-81.358,40.989],[-81.196,40.988],[-81.184,40.988],[-81.086,40.988],[-81.087,40.902],[-81.087,40.899],[-81.087,40.728],[-81.199,40.729],[-81.241,40.651],[-81.318,40.652],[-81.459,40.667],[-81.649,40.635],[-81.65,40.668]]]},"properties":{"fips":"39151","name":"Stark","st":"OH","sites":1,"pop":85000,"trend":0.0,"weeks":[{"w":"2026-09-19","t":0.0,"n":1},{"w":"2026-09-12","t":0.0,"n":1},{"w":"2026-09-05","t":0.0,"n":1},{"w":"2026-08-29","t":0.0,"n":1},{"w":"2026-08-22","t":0.0,"n":1},{"w":"2026-08-15","t":0.0,"n":1},{"w":"2026-08-08","t":0.0,"n":1},{"w":"2026-08-01","t":0.0,"n":1}]}},{"type":"Feature","geometry":{"type":"Polygon","coordinates":[[[-81.687,41.136],[-81.685,41.277],[-81.67,41.277],[-81.591,41.278],[-81.565,41.278],[-81.598,41.351],[-81.518,41.35],[-81.45,41.349],[-81.392,41.348],[-81.392,41.277],[-81.392,41.136],[-81.393,41.1],[-81.393,41.025],[-81.393,40.989],[-81.42,40.907],[-81.648,40.914],[-81.648,40.989],[-81.688,40.989],[-81.687,41.136]]]},"properties":{"fips":"39153","name":"Summit","st":"OH","sites":1,"pop":363897,"trend":-0.088,"weeks":[{"w":"2026-09-19","t":-0.088,"n":1},{"w":"2026-09-12","t":2.0,"n":1},{"w":"2026-09-05","t":2.0,"n":1},{"w":"2026-08-29","t":0.0,"n":1},{"w":"2026-08-22","t":0.0,"n":1},{"w":"2026-08-15","t":0.0,"n":1},{"w":"2026-08-08","t":-2.0,"n":1},{"w":"2026-08-01","t":-2.0,"n":1}]}},{"type":"Feature","geometry":{"type":"Polygon","coordinates":[[[-81.003,41.348],[-81.003,41.502],[-80.519,41.5],[-80.519,41.489],[-80.519,41.334],[-80.519,41.233],[-80.519,41.133],[-81.002,41.134],[-81.003,41.272],[-81.003,41.348],[-81.003,41.348]]]},"properties":{"fips":"39155","name":"Trumbull","st":"OH","sites":2,"pop":73037,"trend":1.712,"weeks":[{"w":"2026-09-19","t":1.712,"n":1},{"w":"2026-09-12","t":0.0,"n":2},{"w":"2026-09-05","t":0.0,"n":2},{"w":"2026-08-29","t":0.0,"n":2},{"w":"2026-08-22","t":0.0,"n":2},{"w":"2026-08-15","t":0.0,"n":2},{"w":"2026-08-08","t":0.0,"n":2},{"w":"2026-08-01","t":0.0,"n":2}]}},{"type":"Feature","geometry":{"type":"Polygon","coordinates":[[[-81.709,40.445],[-81.67,40.444],[-81.649,40.635],[-81.459,40.667],[-81.318,40.652],[-81.322,40.567],[-81.265,40.565],[-81.268,40.477],[-81.27,40.433],[-81.275,40.303],[-81.335,40.304],[-81.338,40.214],[-81.623,40.221],[-81.616,40.368],[-81.712,40.371],[-81.709,40.445]]]},"properties":{"fips":"39157","name":"Tuscarawas","st":"OH","sites":1,"pop":13572,"trend":0.0,"weeks":[{"w":"2026-09-19","t":0.0,"n":1},{"w":"2026-09-12","t":0.0,"n":1},{"w":"2026-09-05","t":0.0,"n":1},{"w":"2026-08-29","t":0.0,"n":1},{"w":"2026-08-22","t":0.0,"n":1},{"w":"2026-08-15","t":0.0,"n":1},{"w":"2026-08-08","t":0.0,"n":1},{"w":"2026-08-01","t":0.0,"n":1}]}},{"type":"Feature","geometry":{"type":"Polygon","coordinates":[[[-83.52,40.504],[-83.419,40.505],[-83.268,40.507],[-83.248,40.501],[-83.249,40.444],[-83.248,40.244],[-83.172,40.244],[-83.17,40.143],[-83.206,40.108],[-83.504,40.111],[-83.494,40.225],[-83.551,40.229],[-83.52,40.504]]]},"properties":{"fips":"39159","name":"Union","st":"OH","sites":1,"pop":24677,"trend":-0.055,"weeks":[{"w":"2026-09-19","t":-0.055,"n":1},{"w":"2026-09-12","t":0.123,"n":1},{"w":"2026-09-05","t":2.0,"n":1},{"w":"2026-08-29","t":2.0,"n":1},{"w":"2026-08-22","t":0.0,"n":1},{"w":"2026-08-15","t":0.0,"n":1},{"w":"2026-08-08","t":0.0,"n":1},{"w":"2026-08-01","t":0.0,"n":1}]}},{"type":"Feature","geometry":{"type":"Polygon","coordinates":[[[-81.845,39.45],[-81.823,39.494],[-81.709,39.481],[-81.713,39.585],[-81.588,39.587],[-81.473,39.583],[-81.473,39.646],[-81.395,39.602],[-81.283,39.606],[-81.037,39.572],[-81.037,39.538],[-81.076,39.51],[-81.121,39.458],[-81.129,39.449],[-81.186,39.431],[-81.249,39.39],[-81.348,39.346],[-81.37,39.349],[-81.394,39.352],[-81.413,39.395],[-81.456,39.409],[-81.503,39.373],[-81.56,39.331],[-81.565,39.276],[-81.614,39.275],[-81.678,39.274],[-81.712,39.219],[-81.721,39.211],[-81.722,39.27],[-81.818,39.273],[-81.854,39.318],[-81.845,39.45]]]},"properties":{"fips":"39167","name":"Washington","st":"OH","sites":1,"pop":15284,"trend":2.0,"weeks":[{"w":"2026-09-19","t":2.0,"n":1},{"w":"2026-09-12","t":2.0,"n":1},{"w":"2026-09-05","t":0.0,"n":1},{"w":"2026-08-29","t":0.0,"n":1},{"w":"2026-08-22","t":0.0,"n":1},{"w":"2026-08-15","t":0.0,"n":1},{"w":"2026-08-08","t":0.0,"n":1},{"w":"2026-08-01","t":0.0,"n":1}]}},{"type":"Feature","geometry":{"type":"Polygon","coordinates":[[[-82.129,40.992],[-81.977,40.99],[-81.688,40.989],[-81.648,40.989],[-81.648,40.914],[-81.648,40.826],[-81.65,40.668],[-82.126,40.668],[-82.129,40.992]]]},"properties":{"fips":"39169","name":"Wayne","st":"OH","sites":1,"pop":27000,"trend":0.0,"weeks":[{"w":"2026-09-19","t":0.0,"n":1},{"w":"2026-09-12","t":0.0,"n":1},{"w":"2026-09-05","t":0.0,"n":1},{"w":"2026-08-29","t":0.0,"n":1},{"w":"2026-08-22","t":0.0,"n":1},{"w":"2026-08-15","t":0.0,"n":1},{"w":"2026-08-08","t":0.0,"n":1},{"w":"2026-08-01","t":0.0,"n":1}]}},{"type":"Feature","geometry":{"type":"Polygon","coordinates":[[[-84.806,41.696],[-84.438,41.705],[-84.4,41.706],[-84.381,41.617],[-84.381,41.514],[-84.342,41.514],[-84.342,41.486],[-84.342,41.428],[-84.804,41.426],[-84.805,41.53],[-84.806,41.696]]]},"properties":{"fips":"39171","name":"Williams","st":"OH","sites":1,"pop":8655,"trend":2.0,"weeks":[{"w":"2026-09-19","t":2.0,"n":1},{"w":"2026-09-12","t":0.0,"n":1},{"w":"2026-09-05","t":0.0,"n":1},{"w":"2026-08-29","t":0.0,"n":1},{"w":"2026-08-22","t":0.0,"n":1},{"w":"2026-08-15","t":0.0,"n":1},{"w":"2026-08-08","t":0.0,"n":1},{"w":"2026-08-01","t":0.0,"n":1}]}},{"type":"Feature","geometry":{"type":"Polygon","coordinates":[[[-83.883,41.415],[-83.854,41.414],[-83.712,41.493],[-83.588,41.601],[-83.57,41.617],[-83.416,41.619],[-83.415,41.5],[-83.42,41.254],[-83.421,41.167],[-83.881,41.168],[-83.883,41.415]]]},"properties":{"fips":"39173","name":"Wood","st":"OH","sites":1,"pop":32000,"trend":-2.0,"weeks":[{"w":"2026-09-19","t":-2.0,"n":1},{"w":"2026-09-12","t":0.0,"n":1},{"w":"2026-09-05","t":2.0,"n":1},{"w":"2026-08-29","t":0.0,"n":1},{"w":"2026-08-22","t":0.0,"n":1},{"w":"2026-08-15","t":0.0,"n":1},{"w":"2026-08-08","t":0.0,"n":1},{"w":"2026-08-01","t":0.0,"n":1}]}},{"type":"Feature","geometry":{"type":"Polygon","coordinates":[[[-83.515,40.905],[-83.458,40.992],[-83.42,40.992],[-83.113,40.993],[-83.111,40.703],[-83.305,40.702],[-83.311,40.687],[-83.42,40.687],[-83.44,40.702],[-83.496,40.702],[-83.516,40.818],[-83.515,40.905]]]},"properties":{"fips":"39175","name":"Wyandot","st":"OH","sites":1,"pop":6700,"trend":0.0,"weeks":[{"w":"2026-09-19","t":0.0,"n":1},{"w":"2026-09-12","t":0.0,"n":1},{"w":"2026-09-05","t":0.0,"n":1},{"w":"2026-08-29","t":0.0,"n":1},{"w":"2026-08-22","t":0.0,"n":1},{"w":"2026-08-15","t":0.0,"n":1},{"w":"2026-08-08","t":0.0,"n":1},{"w":"2026-08-01","t":0.0,"n":1}]}},{"type":"Feature","geometry":{"type":"Polygon","coordinates":[[[-98.623,35.552],[-98.313,35.552],[-98.306,35.377],[-98.096,35.378],[-98.093,34.855],[-98.62,34.855],[-98.621,35.098],[-98.618,35.117],[-98.623,35.464],[-98.623,35.552]]]},"properties":{"fips":"40015","name":"Caddo","st":"OK","sites":1,"pop":6623,"trend":null,"weeks":[{"w":"2026-09-19","t":null,"n":0},{"w":"2026-09-12","t":null,"n":0},{"w":"2026-09-05","t":null,"n":0},{"w":"2026-08-29","t":null,"n":0},{"w":"2026-08-22","t":null,"n":0},{"w":"2026-08-15","t":null,"n":0},{"w":"2026-08-08","t":null,"n":0},{"w":"2026-08-01","t":null,"n":0}]}},{"type":"Feature","geometry":{"type":"Polygon","coordinates":[[[-98.313,35.725],[-98.207,35.725],[-97.674,35.726],[-97.671,35.406],[-97.671,35.377],[-97.671,35.337],[-97.671,35.336],[-97.772,35.346],[-97.834,35.335],[-97.863,35.362],[-97.955,35.346],[-98.096,35.378],[-98.306,35.377],[-98.313,35.552],[-98.313,35.725]]]},"properties":{"fips":"40017","name":"Canadian","st":"OK","sites":1,"pop":24623,"trend":2.0,"weeks":[{"w":"2026-09-19","t":null,"n":0},{"w":"2026-09-12","t":null,"n":0},{"w":"2026-09-05","t":2.0,"n":1},{"w":"2026-08-29","t":-2.0,"n":1},{"w":"2026-08-22","t":0.0,"n":1},{"w":"2026-08-15","t":2.0,"n":1},{"w":"2026-08-08","t":0.0,"n":1},{"w":"2026-08-01","t":0.0,"n":1}]}},{"type":"Feature","geometry":{"type":"Polygon","coordinates":[[[-95.279,35.964],[-95.208,36.075],[-95.118,36.075],[-95.118,36.162],[-95.011,36.162],[-94.797,36.162],[-94.808,35.639],[-95.127,35.639],[-95.127,35.813],[-95.266,35.813],[-95.231,35.851],[-95.279,35.964]]]},"properties":{"fips":"40021","name":"Cherokee","st":"OK","sites":1,"pop":16463,"trend":2.0,"weeks":[{"w":"2026-09-19","t":null,"n":0},{"w":"2026-09-12","t":null,"n":0},{"w":"2026-09-05","t":2.0,"n":1},{"w":"2026-08-29","t":-2.0,"n":1},{"w":"2026-08-22","t":2.0,"n":1},{"w":"2026-08-15","t":2.0,"n":1},{"w":"2026-08-08","t":null,"n":0},{"w":"2026-08-01","t":null,"n":0}]}},{"type":"Feature","geometry":{"type":"Polygon","coordinates":[[[-97.671,35.377],[-97.424,35.377],[-97.318,35.377],[-97.142,35.377],[-97.142,34.928],[-97.334,34.959],[-97.354,35.077],[-97.407,35.138],[-97.541,35.214],[-97.557,35.288],[-97.671,35.337],[-97.671,35.377]]]},"properties":{"fips":"40027","name":"Cleveland","st":"OK","sites":1,"pop":122837,"trend":2.0,"weeks":[{"w":"2026-09-19","t":null,"n":0},{"w":"2026-09-12","t":null,"n":0},{"w":"2026-09-05","t":null,"n":0},{"w":"2026-08-29","t":null,"n":0},{"w":"2026-08-22","t":null,"n":0},{"w":"2026-08-15","t":2.0,"n":1},{"w":"2026-08-08","t":null,"n":0},{"w":"2026-08-01","t":null,"n":0}]}},{"type":"Feature","geometry":{"type":"Polygon","coordinates":[[[-98.104,36.594],[-97.462,36.594],[-97.462,36.594],[-97.461,36.164],[-97.676,36.165],[-98.104,36.165],[-98.104,36.463],[-98.104,36.594]]]},"properties":{"fips":"40047","name":"Garfield","st":"OK","sites":1,"pop":49583,"trend":0.091,"weeks":[{"w":"2026-09-19","t":0.091,"n":1},{"w":"2026-09-12","t":-0.647,"n":1},{"w":"2026-09-05","t":-0.018,"n":1},{"w":"2026-08-29","t":0.725,"n":1},{"w":"2026-08-22","t":1.847,"n":1},{"w":"2026-08-15","t":2.0,"n":1},{"w":"2026-08-08","t":1.626,"n":1},{"w":"2026-08-01","t":0.0,"n":1}]}},{"type":"Feature","geometry":{"type":"Polygon","coordinates":[[[-95.766,35.856],[-95.65,35.857],[-95.59,35.765],[-95.36,35.822],[-95.266,35.813],[-95.127,35.813],[-95.127,35.639],[-95.132,35.526],[-95.086,35.461],[-95.05,35.459],[-95.17,35.31],[-95.241,35.262],[-95.345,35.293],[-95.345,35.552],[-95.713,35.552],[-95.713,35.726],[-95.766,35.726],[-95.766,35.856]]]},"properties":{"fips":"40101","name":"Muskogee","st":"OK","sites":1,"pop":36790,"trend":2.0,"weeks":[{"w":"2026-09-19","t":null,"n":0},{"w":"2026-09-12","t":null,"n":0},{"w":"2026-09-05","t":2.0,"n":1},{"w":"2026-08-29","t":2.0,"n":1},{"w":"2026-08-22","t":0.0,"n":1},{"w":"2026-08-15","t":0.0,"n":1},{"w":"2026-08-08","t":0.0,"n":1},{"w":"2026-08-01","t":0.0,"n":1}]}},{"type":"Feature","geometry":{"type":"Polygon","coordinates":[[[-97.674,35.726],[-97.141,35.724],[-97.141,35.464],[-97.142,35.377],[-97.318,35.377],[-97.424,35.377],[-97.671,35.377],[-97.671,35.406],[-97.674,35.726]]]},"properties":{"fips":"40109","name":"Oklahoma","st":"OK","sites":2,"pop":164619,"trend":0.0,"weeks":[{"w":"2026-09-19","t":null,"n":0},{"w":"2026-09-12","t":null,"n":0},{"w":"2026-09-05","t":0.0,"n":1},{"w":"2026-08-29","t":0.0,"n":1},{"w":"2026-08-22","t":0.0,"n":1},{"w":"2026-08-15","t":-2.0,"n":1},{"w":"2026-08-08","t":0.0,"n":1},{"w":"2026-08-01","t":2.0,"n":1}]}},{"type":"Feature","geometry":{"type":"Polygon","coordinates":[[[-97.354,36.159],[-97.141,36.159],[-97.141,36.246],[-96.925,36.246],[-96.819,36.246],[-96.819,36.159],[-96.622,36.16],[-96.622,36.154],[-96.62,35.942],[-97.141,35.942],[-97.204,35.945],[-97.324,36.011],[-97.354,35.985],[-97.354,36.159]]]},"properties":{"fips":"40119","name":"Payne","st":"OK","sites":1,"pop":48134,"trend":2.0,"weeks":[{"w":"2026-09-19","t":null,"n":0},{"w":"2026-09-12","t":null,"n":0},{"w":"2026-09-05","t":null,"n":0},{"w":"2026-08-29","t":2.0,"n":1},{"w":"2026-08-22","t":2.0,"n":1},{"w":"2026-08-15","t":0.0,"n":1},{"w":"2026-08-08","t":0.0,"n":1},{"w":"2026-08-01","t":0.0,"n":1}]}},{"type":"Feature","geometry":{"type":"Polygon","coordinates":[[[-96.932,34.854],[-96.931,34.964],[-96.885,34.926],[-96.813,34.945],[-96.776,34.9],[-96.728,34.857],[-96.711,34.912],[-96.577,34.917],[-96.529,34.87],[-96.491,34.911],[-96.406,34.934],[-96.406,34.767],[-96.406,34.68],[-96.512,34.68],[-96.514,34.505],[-96.827,34.506],[-96.827,34.593],[-96.932,34.593],[-96.932,34.637],[-96.932,34.854]]]},"properties":{"fips":"40123","name":"Pontotoc","st":"OK","sites":1,"pop":16738,"trend":0.0,"weeks":[{"w":"2026-09-19","t":null,"n":0},{"w":"2026-09-12","t":null,"n":0},{"w":"2026-09-05","t":null,"n":0},{"w":"2026-08-29","t":0.0,"n":1},{"w":"2026-08-22","t":0.0,"n":1},{"w":"2026-08-15","t":0.0,"n":1},{"w":"2026-08-08","t":0.0,"n":1},{"w":"2026-08-01","t":0.0,"n":1}]}},{"type":"Feature","geometry":{"type":"Polygon","coordinates":[[[-96.777,35.411],[-96.624,35.401],[-96.537,35.391],[-96.441,35.468],[-96.441,35.29],[-96.441,35.116],[-96.49,35.116],[-96.491,34.911],[-96.529,34.87],[-96.577,34.917],[-96.711,34.912],[-96.728,34.857],[-96.776,34.9],[-96.777,35.411]]]},"properties":{"fips":"40133","name":"Seminole","st":"OK","sites":1,"pop":7488,"trend":0.0,"weeks":[{"w":"2026-09-19","t":null,"n":0},{"w":"2026-09-12","t":null,"n":0},{"w":"2026-09-05","t":0.0,"n":1},{"w":"2026-08-29","t":0.0,"n":1},{"w":"2026-08-22","t":0.0,"n":1},{"w":"2026-08-15","t":0.0,"n":1},{"w":"2026-08-08","t":0.0,"n":1},{"w":"2026-08-01","t":0.0,"n":1}]}},{"type":"Feature","geometry":{"type":"Polygon","coordinates":[[[-96.001,36.999],[-95.964,36.999],[-95.928,36.999],[-95.787,36.999],[-95.81,36.942],[-95.81,36.598],[-95.812,36.576],[-95.812,36.424],[-96.001,36.424],[-96.001,36.999]]]},"properties":{"fips":"40147","name":"Washington","st":"OK","sites":1,"pop":36495,"trend":0.0,"weeks":[{"w":"2026-09-19","t":null,"n":0},{"w":"2026-09-12","t":0.0,"n":1},{"w":"2026-09-05","t":0.0,"n":1},{"w":"2026-08-29","t":-2.0,"n":1},{"w":"2026-08-22","t":-2.0,"n":1},{"w":"2026-08-15","t":2.0,"n":1},{"w":"2026-08-08","t":2.0,"n":1},{"w":"2026-08-01","t":0.0,"n":1}]}},{"type":"Feature","geometry":{"type":"Polygon","coordinates":[[[-123.817,44.315],[-123.716,44.36],[-123.72,44.433],[-123.598,44.433],[-123.603,44.721],[-123.302,44.72],[-123.149,44.72],[-123.074,44.65],[-123.171,44.634],[-123.26,44.555],[-123.215,44.508],[-123.246,44.332],[-123.18,44.284],[-123.593,44.277],[-123.776,44.284],[-123.817,44.315]]]},"properties":{"fips":"41003","name":"Benton","st":"OR","sites":1,"pop":58856,"trend":-0.223,"weeks":[{"w":"2026-09-19","t":null,"n":0},{"w":"2026-09-12","t":-0.223,"n":1},{"w":"2026-09-05","t":1.799,"n":1},{"w":"2026-08-29","t":2.0,"n":1},{"w":"2026-08-22","t":-1.859,"n":1},{"w":"2026-08-15","t":-2.0,"n":1},{"w":"2026-08-08","t":0.214,"n":1},{"w":"2026-08-01","t":null,"n":0}]}},{"type":"Feature","geometry":{"type":"Polygon","coordinates":[[[-122.868,45.317],[-122.846,45.325],[-122.846,45.346],[-122.744,45.332],[-122.744,45.433],[-122.705,45.433],[-122.661,45.458],[-122.514,45.461],[-121.853,45.46],[-121.82,45.462],[-121.698,45.374],[-121.696,45.258],[-121.682,45.249],[-121.731,45.171],[-121.653,45.102],[-121.659,45.066],[-121.804,45.013],[-121.734,44.886],[-122.401,44.886],[-122.536,44.937],[-122.596,45.02],[-122.705,45.059],[-122.787,45.129],[-122.739,45.259],[-122.85,45.26],[-122.868,45.317]]]},"properties":{"fips":"41005","name":"Clackamas","st":"OR","sites":2,"pop":40803,"trend":-0.49,"weeks":[{"w":"2026-09-19","t":null,"n":0},{"w":"2026-09-12","t":-0.49,"n":1},{"w":"2026-09-05","t":-0.391,"n":2},{"w":"2026-08-29","t":0.902,"n":2},{"w":"2026-08-22","t":2.0,"n":2},{"w":"2026-08-15","t":0.693,"n":2},{"w":"2026-08-08","t":-1.089,"n":2},{"w":"2026-08-01","t":-0.385,"n":1}]}},{"type":"Feature","geometry":{"type":"Polygon","coordinates":[[[-123.998,46.235],[-123.912,46.179],[-123.839,46.192],[-123.758,46.213],[-123.718,46.189],[-123.661,46.216],[-123.586,46.229],[-123.548,46.259],[-123.48,46.269],[-123.428,46.229],[-123.431,46.182],[-123.371,46.146],[-123.364,46.146],[-123.362,45.78],[-123.72,45.773],[-123.966,45.783],[-123.962,45.837],[-123.968,45.908],[-123.994,45.946],[-123.937,45.977],[-123.929,46.042],[-123.959,46.142],[-124.041,46.198],[-123.998,46.235]]]},"properties":{"fips":"41007","name":"Clatsop","st":"OR","sites":1,"pop":11326,"trend":0.09,"weeks":[{"w":"2026-09-19","t":null,"n":0},{"w":"2026-09-12","t":null,"n":0},{"w":"2026-09-05","t":0.09,"n":1},{"w":"2026-08-29","t":-0.006,"n":1},{"w":"2026-08-22","t":2.0,"n":1},{"w":"2026-08-15","t":null,"n":0},{"w":"2026-08-08","t":null,"n":0},{"w":"2026-08-01","t":null,"n":0}]}},{"type":"Feature","geometry":{"type":"Polygon","coordinates":[[[-123.364,46.146],[-123.28,46.145],[-123.212,46.171],[-123.166,46.189],[-123.116,46.185],[-123.004,46.134],[-122.963,46.105],[-122.904,46.084],[-122.856,46.014],[-122.814,45.961],[-122.812,45.913],[-122.785,45.868],[-122.788,45.851],[-122.796,45.81],[-122.761,45.759],[-122.767,45.729],[-122.788,45.721],[-122.929,45.721],[-123.031,45.779],[-123.362,45.78],[-123.364,46.146]]]},"properties":{"fips":"41009","name":"Columbia","st":"OR","sites":1,"pop":13739,"trend":-0.629,"weeks":[{"w":"2026-09-19","t":null,"n":0},{"w":"2026-09-12","t":null,"n":0},{"w":"2026-09-05","t":-0.629,"n":1},{"w":"2026-08-29","t":1.418,"n":1},{"w":"2026-08-22","t":2.0,"n":1},{"w":"2026-08-15","t":1.971,"n":1},{"w":"2026-08-08","t":-2.0,"n":1},{"w":"2026-08-01","t":-2.0,"n":1}]}},{"type":"Feature","geometry":{"type":"Polygon","coordinates":[[[-124.436,43.071],[-124.411,43.16],[-124.396,43.224],[-124.382,43.27],[-124.4,43.302],[-124.353,43.343],[-124.287,43.436],[-124.234,43.557],[-124.219,43.611],[-123.876,43.608],[-123.876,43.516],[-123.817,43.516],[-123.818,43.431],[-123.762,43.422],[-123.764,43.258],[-123.705,43.258],[-123.702,43.087],[-123.761,43.083],[-123.762,42.996],[-123.821,42.996],[-123.812,42.789],[-123.926,42.775],[-123.996,42.686],[-124.133,42.667],[-124.16,42.74],[-124.141,42.851],[-124.22,42.934],[-124.258,42.955],[-124.48,42.954],[-124.436,43.071]]]},"properties":{"fips":"41011","name":"Coos","st":"OR","sites":1,"pop":9975,"trend":2.0,"weeks":[{"w":"2026-09-19","t":null,"n":0},{"w":"2026-09-12","t":null,"n":0},{"w":"2026-09-05","t":null,"n":0},{"w":"2026-08-29","t":null,"n":0},{"w":"2026-08-22","t":2.0,"n":1},{"w":"2026-08-15","t":1.813,"n":1},{"w":"2026-08-08","t":-1.638,"n":1},{"w":"2026-08-01","t":-1.421,"n":1}]}},{"type":"Feature","geometry":{"type":"Polygon","coordinates":[[[-121.965,43.627],[-121.986,43.662],[-121.962,43.764],[-121.975,43.858],[-121.928,43.909],[-121.87,43.912],[-121.857,43.965],[-121.769,44.102],[-121.778,44.219],[-121.799,44.258],[-121.841,44.286],[-121.843,44.393],[-121.108,44.391],[-121.103,44.138],[-120.987,44.134],[-120.987,43.961],[-120.748,43.957],[-120.748,43.871],[-120.379,43.872],[-120.378,43.785],[-120.258,43.785],[-120.258,43.699],[-119.897,43.698],[-119.897,43.611],[-120.351,43.612],[-120.378,43.616],[-121.333,43.617],[-122.002,43.615],[-121.965,43.627]]]},"properties":{"fips":"41017","name":"Deschutes","st":"OR","sites":1,"pop":92850,"trend":0.198,"weeks":[{"w":"2026-09-19","t":null,"n":0},{"w":"2026-09-12","t":null,"n":0},{"w":"2026-09-05","t":null,"n":0},{"w":"2026-08-29","t":null,"n":0},{"w":"2026-08-22","t":0.198,"n":1},{"w":"2026-08-15","t":0.411,"n":1},{"w":"2026-08-08","t":0.329,"n":1},{"w":"2026-08-01","t":0.142,"n":1}]}},{"type":"Feature","geometry":{"type":"Polygon","coordinates":[[[-124.193,43.706],[-124.16,43.864],[-123.946,43.863],[-123.827,43.945],[-123.704,43.944],[-123.619,43.921],[-123.58,43.868],[-123.47,43.81],[-123.348,43.809],[-123.348,43.78],[-123.137,43.78],[-123.137,43.606],[-123.108,43.54],[-122.742,43.545],[-122.742,43.437],[-122.132,43.44],[-122.01,43.345],[-121.974,43.262],[-122.04,43.214],[-122.094,43.076],[-122.283,43.068],[-122.283,42.996],[-122.401,42.997],[-122.46,42.94],[-122.56,42.925],[-122.677,42.881],[-122.795,42.778],[-122.951,42.775],[-123.01,42.752],[-123.152,42.756],[-123.23,42.703],[-123.274,42.732],[-123.445,42.703],[-123.582,42.74],[-123.717,42.74],[-123.716,42.784],[-123.783,42.799],[-123.812,42.789],[-123.821,42.996],[-123.762,42.996],[-123.761,43.083],[-123.702,43.087],[-123.705,43.258],[-123.764,43.258],[-123.762,43.422],[-123.818,43.431],[-123.817,43.516],[-123.876,43.516],[-123.876,43.608],[-124.219,43.611],[-124.193,43.706]]]},"properties":{"fips":"41019","name":"Douglas","st":"OR","sites":1,"pop":30000,"trend":-0.011,"weeks":[{"w":"2026-09-19","t":null,"n":0},{"w":"2026-09-12","t":null,"n":0},{"w":"2026-09-05","t":-0.011,"n":1},{"w":"2026-08-29","t":-0.011,"n":1},{"w":"2026-08-22","t":1.734,"n":1},{"w":"2026-08-15","t":0.147,"n":1},{"w":"2026-08-08","t":-1.587,"n":1},{"w":"2026-08-01","t":1.587,"n":1}]}},{"type":"Feature","geometry":{"type":"Polygon","coordinates":[[[-121.924,45.654],[-121.901,45.662],[-121.867,45.693],[-121.811,45.707],[-121.735,45.694],[-121.668,45.705],[-121.533,45.727],[-121.524,45.724],[-121.441,45.699],[-121.441,45.519],[-121.482,45.258],[-121.696,45.258],[-121.698,45.374],[-121.82,45.462],[-121.907,45.521],[-121.924,45.654]]]},"properties":{"fips":"41027","name":"Hood River","st":"OR","sites":2,"pop":26575,"trend":1.021,"weeks":[{"w":"2026-09-19","t":null,"n":0},{"w":"2026-09-12","t":null,"n":0},{"w":"2026-09-05","t":1.021,"n":1},{"w":"2026-08-29","t":0.639,"n":1},{"w":"2026-08-22","t":1.662,"n":1},{"w":"2026-08-15","t":1.543,"n":1},{"w":"2026-08-08","t":-0.007,"n":1},{"w":"2026-08-01","t":0.085,"n":1}]}},{"type":"Feature","geometry":{"type":"Polygon","coordinates":[[[-123.23,42.291],[-123.23,42.496],[-123.23,42.703],[-123.152,42.756],[-123.01,42.752],[-122.951,42.775],[-122.795,42.778],[-122.677,42.881],[-122.56,42.925],[-122.46,42.94],[-122.401,42.997],[-122.283,42.996],[-122.285,42.474],[-122.288,42.44],[-122.29,42.008],[-122.501,42.008],[-122.8,42.004],[-123.045,42.003],[-123.146,42.009],[-123.231,42.005],[-123.23,42.291]]]},"properties":{"fips":"41029","name":"Jackson","st":"OR","sites":2,"pop":154813,"trend":0.076,"weeks":[{"w":"2026-09-19","t":null,"n":0},{"w":"2026-09-12","t":null,"n":0},{"w":"2026-09-05","t":0.076,"n":1},{"w":"2026-08-29","t":-0.064,"n":1},{"w":"2026-08-22","t":0.789,"n":1},{"w":"2026-08-15","t":0.514,"n":1},{"w":"2026-08-08","t":-0.395,"n":1},{"w":"2026-08-01","t":1.675,"n":1}]}},{"type":"Feature","geometry":{"type":"Polygon","coordinates":[[[-124.008,42.496],[-123.891,42.501],[-123.831,42.632],[-123.716,42.784],[-123.717,42.74],[-123.582,42.74],[-123.445,42.703],[-123.274,42.732],[-123.23,42.703],[-123.23,42.496],[-123.23,42.291],[-123.231,42.005],[-123.348,41.999],[-123.435,42.002],[-123.519,41.999],[-123.657,41.995],[-123.822,41.996],[-123.822,42.088],[-123.859,42.135],[-123.792,42.238],[-123.888,42.352],[-124.042,42.388],[-124.008,42.496]]]},"properties":{"fips":"41033","name":"Josephine","st":"OR","sites":1,"pop":37725,"trend":-1.966,"weeks":[{"w":"2026-09-19","t":null,"n":0},{"w":"2026-09-12","t":null,"n":0},{"w":"2026-09-05","t":-1.966,"n":1},{"w":"2026-08-29","t":-1.915,"n":1},{"w":"2026-08-22","t":0.356,"n":1},{"w":"2026-08-15","t":0.44,"n":1},{"w":"2026-08-08","t":0.161,"n":1},{"w":"2026-08-01","t":-0.008,"n":1}]}},{"type":"Feature","geometry":{"type":"Polygon","coordinates":[[[-122.29,42.008],[-122.288,42.44],[-122.285,42.474],[-122.283,42.996],[-122.283,43.068],[-122.094,43.076],[-122.04,43.214],[-121.974,43.262],[-122.01,43.345],[-122.132,43.44],[-122.131,43.557],[-122.002,43.615],[-121.333,43.617],[-121.348,43.357],[-121.35,42.747],[-120.883,42.744],[-120.88,41.993],[-121.035,41.993],[-121.251,41.998],[-121.44,41.997],[-121.448,41.997],[-121.675,42.0],[-121.847,42.003],[-122.102,42.006],[-122.29,42.008],[-122.29,42.008]]]},"properties":{"fips":"41035","name":"Klamath","st":"OR","sites":1,"pop":20840,"trend":0.046,"weeks":[{"w":"2026-09-19","t":null,"n":0},{"w":"2026-09-12","t":null,"n":0},{"w":"2026-09-05","t":0.046,"n":1},{"w":"2026-08-29","t":1.981,"n":1},{"w":"2026-08-22","t":0.059,"n":1},{"w":"2026-08-15","t":0.081,"n":1},{"w":"2026-08-08","t":-1.505,"n":1},{"w":"2026-08-01","t":-1.441,"n":1}]}},{"type":"Feature","geometry":{"type":"Polygon","coordinates":[[[-124.15,43.911],[-124.122,44.104],[-124.111,44.235],[-124.114,44.276],[-123.962,44.277],[-123.941,44.283],[-123.776,44.284],[-123.593,44.277],[-123.18,44.284],[-123.165,44.2],[-122.906,44.201],[-122.904,44.259],[-122.865,44.287],[-122.763,44.291],[-122.647,44.267],[-122.577,44.228],[-122.385,44.217],[-122.327,44.253],[-121.799,44.258],[-121.778,44.219],[-121.769,44.102],[-121.857,43.965],[-121.87,43.912],[-121.928,43.909],[-121.975,43.858],[-121.962,43.764],[-121.986,43.662],[-121.965,43.627],[-122.002,43.615],[-122.131,43.557],[-122.132,43.44],[-122.742,43.437],[-122.742,43.545],[-123.108,43.54],[-123.137,43.606],[-123.137,43.78],[-123.348,43.78],[-123.348,43.809],[-123.47,43.81],[-123.58,43.868],[-123.619,43.921],[-123.704,43.944],[-123.827,43.945],[-123.946,43.863],[-124.16,43.864],[-124.15,43.911]]]},"properties":{"fips":"41039","name":"Lane","st":"OR","sites":2,"pop":244080,"trend":-1.655,"weeks":[{"w":"2026-09-19","t":null,"n":0},{"w":"2026-09-12","t":null,"n":0},{"w":"2026-09-05","t":-1.655,"n":2},{"w":"2026-08-29","t":0.031,"n":2},{"w":"2026-08-22","t":-0.085,"n":2},{"w":"2026-08-15","t":1.779,"n":2},{"w":"2026-08-08","t":1.923,"n":2},{"w":"2026-08-01","t":0.351,"n":2}]}},{"type":"Feature","geometry":{"type":"Polygon","coordinates":[[[-124.115,44.286],[-124.084,44.416],[-124.084,44.501],[-124.065,44.633],[-124.063,44.703],[-124.074,44.798],[-124.063,44.835],[-124.024,44.95],[-124.01,45.045],[-123.725,45.044],[-123.725,44.739],[-123.704,44.721],[-123.603,44.721],[-123.598,44.433],[-123.72,44.433],[-123.716,44.36],[-123.817,44.315],[-123.776,44.284],[-123.941,44.283],[-123.962,44.277],[-124.114,44.276],[-124.115,44.286]]]},"properties":{"fips":"41041","name":"Lincoln","st":"OR","sites":2,"pop":19265,"trend":-0.107,"weeks":[{"w":"2026-09-19","t":null,"n":0},{"w":"2026-09-12","t":null,"n":0},{"w":"2026-09-05","t":-0.107,"n":2},{"w":"2026-08-29","t":-0.301,"n":2},{"w":"2026-08-22","t":-0.048,"n":2},{"w":"2026-08-15","t":0.235,"n":1},{"w":"2026-08-08","t":null,"n":0},{"w":"2026-08-01","t":null,"n":0}]}},{"type":"Feature","geometry":{"type":"Polygon","coordinates":[[[-123.26,44.555],[-123.171,44.634],[-123.074,44.65],[-123.149,44.72],[-123.144,44.749],[-123.042,44.738],[-123.007,44.687],[-122.956,44.721],[-122.783,44.794],[-122.691,44.775],[-122.62,44.789],[-122.564,44.768],[-122.277,44.746],[-122.231,44.698],[-122.139,44.725],[-122.033,44.686],[-121.8,44.683],[-121.794,44.594],[-121.847,44.491],[-121.843,44.393],[-121.841,44.286],[-121.799,44.258],[-122.327,44.253],[-122.385,44.217],[-122.577,44.228],[-122.647,44.267],[-122.763,44.291],[-122.865,44.287],[-122.904,44.259],[-122.906,44.201],[-123.165,44.2],[-123.18,44.284],[-123.246,44.332],[-123.215,44.508],[-123.26,44.555]]]},"properties":{"fips":"41043","name":"Linn","st":"OR","sites":1,"pop":57785,"trend":0.171,"weeks":[{"w":"2026-09-19","t":null,"n":0},{"w":"2026-09-12","t":null,"n":0},{"w":"2026-09-05","t":0.171,"n":1},{"w":"2026-08-29","t":2.0,"n":1},{"w":"2026-08-22","t":2.0,"n":1},{"w":"2026-08-15","t":-2.0,"n":1},{"w":"2026-08-08","t":-2.0,"n":1},{"w":"2026-08-01","t":0.175,"n":1}]}},{"type":"Feature","geometry":{"type":"Polygon","coordinates":[[[-118.232,44.256],[-118.152,44.3],[-117.972,44.444],[-117.591,44.445],[-117.487,44.387],[-117.487,44.3],[-117.212,44.296],[-117.217,44.288],[-117.17,44.259],[-117.121,44.278],[-117.059,44.237],[-116.972,44.236],[-116.965,44.194],[-116.903,44.179],[-116.896,44.154],[-116.898,44.153],[-116.977,44.085],[-116.937,44.029],[-116.96,43.983],[-116.976,43.896],[-116.986,43.881],[-117.024,43.824],[-117.026,43.68],[-117.027,43.596],[-117.027,43.025],[-117.026,42.807],[-117.027,42.379],[-117.026,42.0],[-117.198,42.0],[-117.404,41.999],[-117.624,41.998],[-117.873,41.998],[-118.197,41.997],[-118.197,41.997],[-118.195,42.267],[-118.215,42.276],[-118.217,42.915],[-118.232,43.771],[-118.228,44.04],[-118.229,44.213],[-118.232,44.256]]]},"properties":{"fips":"41045","name":"Malheur","st":"OR","sites":1,"pop":12000,"trend":null,"weeks":[{"w":"2026-09-19","t":null,"n":0},{"w":"2026-09-12","t":null,"n":0},{"w":"2026-09-05","t":null,"n":0},{"w":"2026-08-29","t":null,"n":0},{"w":"2026-08-22","t":null,"n":0},{"w":"2026-08-15","t":null,"n":0},{"w":"2026-08-08","t":null,"n":0},{"w":"2026-08-01","t":null,"n":0}]}},{"type":"Feature","geometry":{"type":"Polygon","coordinates":[[[-123.11,44.931],[-123.045,44.944],[-123.069,45.075],[-122.997,45.117],[-123.041,45.221],[-122.969,45.285],[-122.85,45.26],[-122.739,45.259],[-122.787,45.129],[-122.705,45.059],[-122.596,45.02],[-122.536,44.937],[-122.401,44.886],[-121.734,44.886],[-121.753,44.83],[-121.82,44.801],[-121.76,44.762],[-121.8,44.683],[-122.033,44.686],[-122.139,44.725],[-122.231,44.698],[-122.277,44.746],[-122.564,44.768],[-122.62,44.789],[-122.691,44.775],[-122.783,44.794],[-122.956,44.721],[-123.007,44.687],[-123.042,44.738],[-123.144,44.749],[-123.093,44.814],[-123.181,44.858],[-123.11,44.931]]]},"properties":{"fips":"41047","name":"Marion","st":"OR","sites":4,"pop":276633,"trend":0.046,"weeks":[{"w":"2026-09-19","t":null,"n":0},{"w":"2026-09-12","t":null,"n":0},{"w":"2026-09-05","t":0.046,"n":4},{"w":"2026-08-29","t":1.683,"n":3},{"w":"2026-08-22","t":1.445,"n":3},{"w":"2026-08-15","t":-0.202,"n":3},{"w":"2026-08-08","t":0.056,"n":3},{"w":"2026-08-01","t":-1.368,"n":3}]}},{"type":"Feature","geometry":{"type":"Polygon","coordinates":[[[-122.929,45.721],[-122.788,45.721],[-122.767,45.729],[-122.775,45.68],[-122.756,45.662],[-122.738,45.644],[-122.644,45.61],[-122.492,45.583],[-122.439,45.564],[-122.38,45.576],[-122.332,45.548],[-122.263,45.544],[-122.249,45.55],[-122.184,45.578],[-122.102,45.584],[-122.004,45.616],[-121.952,45.645],[-121.924,45.654],[-121.907,45.521],[-121.82,45.462],[-121.853,45.46],[-122.514,45.461],[-122.661,45.458],[-122.705,45.433],[-122.744,45.433],[-122.744,45.438],[-122.744,45.517],[-122.929,45.635],[-122.929,45.721]]]},"properties":{"fips":"41051","name":"Multnomah","st":"OR","sites":2,"pop":702235,"trend":0.467,"weeks":[{"w":"2026-09-19","t":null,"n":0},{"w":"2026-09-12","t":null,"n":0},{"w":"2026-09-05","t":0.467,"n":2},{"w":"2026-08-29","t":1.906,"n":2},{"w":"2026-08-22","t":1.771,"n":2},{"w":"2026-08-15","t":null,"n":0},{"w":"2026-08-08","t":null,"n":0},{"w":"2026-08-01","t":null,"n":0}]}},{"type":"Feature","geometry":{"type":"Polygon","coordinates":[[[-123.725,45.044],[-123.724,45.076],[-123.069,45.075],[-123.045,44.944],[-123.11,44.931],[-123.181,44.858],[-123.093,44.814],[-123.144,44.749],[-123.149,44.72],[-123.302,44.72],[-123.603,44.721],[-123.704,44.721],[-123.725,44.739],[-123.725,45.044]]]},"properties":{"fips":"41053","name":"Polk","st":"OR","sites":1,"pop":16555,"trend":0.249,"weeks":[{"w":"2026-09-19","t":null,"n":0},{"w":"2026-09-12","t":null,"n":0},{"w":"2026-09-05","t":null,"n":0},{"w":"2026-08-29","t":null,"n":0},{"w":"2026-08-22","t":null,"n":0},{"w":"2026-08-15","t":0.249,"n":1},{"w":"2026-08-08","t":0.251,"n":1},{"w":"2026-08-01","t":2.0,"n":1}]}},{"type":"Feature","geometry":{"type":"Polygon","coordinates":[[[-124.01,45.047],[-123.975,45.145],[-123.973,45.217],[-123.963,45.28],[-123.98,45.348],[-123.961,45.431],[-123.977,45.49],[-123.948,45.565],[-123.939,45.662],[-123.939,45.709],[-123.969,45.757],[-123.966,45.783],[-123.72,45.773],[-123.362,45.78],[-123.361,45.709],[-123.485,45.709],[-123.423,45.636],[-123.299,45.607],[-123.461,45.492],[-123.465,45.433],[-123.464,45.216],[-123.785,45.216],[-123.784,45.077],[-123.724,45.076],[-123.725,45.044],[-124.01,45.045],[-124.01,45.047]]]},"properties":{"fips":"41057","name":"Tillamook","st":"OR","sites":1,"pop":27748,"trend":0.295,"weeks":[{"w":"2026-09-19","t":null,"n":0},{"w":"2026-09-12","t":null,"n":0},{"w":"2026-09-05","t":0.295,"n":1},{"w":"2026-08-29","t":1.701,"n":1},{"w":"2026-08-22","t":1.328,"n":1},{"w":"2026-08-15","t":-0.241,"n":1},{"w":"2026-08-08","t":1.824,"n":1},{"w":"2026-08-01","t":1.824,"n":1}]}},{"type":"Feature","geometry":{"type":"Polygon","coordinates":[[[-119.432,45.913],[-119.364,45.922],[-119.257,45.94],[-119.126,45.933],[-119.061,45.959],[-118.987,46.0],[-118.987,46.0],[-118.678,46.001],[-118.607,46.001],[-118.368,46.001],[-117.997,46.0],[-117.978,46.0],[-117.978,45.877],[-117.973,45.861],[-117.973,45.817],[-118.045,45.817],[-118.066,45.688],[-118.117,45.689],[-118.116,45.471],[-118.198,45.47],[-118.198,45.427],[-118.429,45.429],[-118.428,45.355],[-118.698,45.346],[-118.697,45.258],[-118.656,45.258],[-118.656,45.197],[-118.547,45.197],[-118.548,45.081],[-118.519,44.996],[-119.163,44.996],[-119.146,45.083],[-119.145,45.516],[-119.248,45.516],[-119.249,45.602],[-119.435,45.603],[-119.432,45.913]]]},"properties":{"fips":"41059","name":"Umatilla","st":"OR","sites":2,"pop":36275,"trend":1.021,"weeks":[{"w":"2026-09-19","t":null,"n":0},{"w":"2026-09-12","t":null,"n":0},{"w":"2026-09-05","t":1.021,"n":1},{"w":"2026-08-29","t":1.296,"n":2},{"w":"2026-08-22","t":1.825,"n":2},{"w":"2026-08-15","t":1.729,"n":2},{"w":"2026-08-08","t":-0.007,"n":1},{"w":"2026-08-01","t":0.085,"n":1}]}},{"type":"Feature","geometry":{"type":"Polygon","coordinates":[[[-121.804,45.013],[-121.659,45.066],[-121.653,45.102],[-121.731,45.171],[-121.682,45.249],[-121.696,45.258],[-121.482,45.258],[-121.441,45.519],[-121.441,45.699],[-121.424,45.694],[-121.338,45.705],[-121.216,45.671],[-121.184,45.606],[-121.122,45.616],[-121.085,45.648],[-120.944,45.656],[-120.914,45.648],[-120.908,45.558],[-120.826,45.515],[-120.869,45.401],[-120.956,45.31],[-121.016,45.307],[-121.024,45.218],[-120.889,45.202],[-120.724,45.131],[-120.73,45.084],[-120.504,45.083],[-120.495,45.068],[-120.455,44.866],[-120.371,44.822],[-121.089,44.823],[-121.725,44.826],[-121.753,44.83],[-121.734,44.886],[-121.804,45.013]]]},"properties":{"fips":"41065","name":"Wasco","st":"OR","sites":1,"pop":15276,"trend":null,"weeks":[{"w":"2026-09-19","t":null,"n":0},{"w":"2026-09-12","t":null,"n":0},{"w":"2026-09-05","t":null,"n":0},{"w":"2026-08-29","t":null,"n":0},{"w":"2026-08-22","t":null,"n":0},{"w":"2026-08-15","t":null,"n":0},{"w":"2026-08-08","t":null,"n":0},{"w":"2026-08-01","t":null,"n":0}]}},{"type":"Feature","geometry":{"type":"Polygon","coordinates":[[[-123.485,45.709],[-123.361,45.709],[-123.362,45.78],[-123.031,45.779],[-122.929,45.721],[-122.929,45.635],[-122.744,45.517],[-122.744,45.438],[-122.744,45.433],[-122.744,45.332],[-122.846,45.346],[-122.846,45.325],[-122.868,45.317],[-122.97,45.346],[-123.032,45.405],[-123.135,45.433],[-123.465,45.433],[-123.461,45.492],[-123.299,45.607],[-123.423,45.636],[-123.485,45.709]]]},"properties":{"fips":"41067","name":"Washington","st":"OR","sites":4,"pop":309900,"trend":-1.787,"weeks":[{"w":"2026-09-19","t":null,"n":0},{"w":"2026-09-12","t":null,"n":0},{"w":"2026-09-05","t":-1.787,"n":4},{"w":"2026-08-29","t":0.289,"n":4},{"w":"2026-08-22","t":0.319,"n":4},{"w":"2026-08-15","t":1.653,"n":4},{"w":"2026-08-08","t":1.793,"n":4},{"w":"2026-08-01","t":1.338,"n":4}]}},{"type":"Feature","geometry":{"type":"Polygon","coordinates":[[[-123.785,45.216],[-123.464,45.216],[-123.465,45.433],[-123.135,45.433],[-123.032,45.405],[-122.97,45.346],[-122.868,45.317],[-122.85,45.26],[-122.969,45.285],[-123.041,45.221],[-122.997,45.117],[-123.069,45.075],[-123.724,45.076],[-123.784,45.077],[-123.785,45.216]]]},"properties":{"fips":"41071","name":"Yamhill","st":"OR","sites":1,"pop":34615,"trend":-0.459,"weeks":[{"w":"2026-09-19","t":null,"n":0},{"w":"2026-09-12","t":null,"n":0},{"w":"2026-09-05","t":-0.459,"n":1},{"w":"2026-08-29","t":0.145,"n":1},{"w":"2026-08-22","t":0.441,"n":1},{"w":"2026-08-15","t":2.0,"n":1},{"w":"2026-08-08","t":1.877,"n":1},{"w":"2026-08-01","t":null,"n":0}]}},{"type":"Feature","geometry":{"type":"Polygon","coordinates":[[[-80.361,40.478],[-80.145,40.613],[-80.148,40.674],[-80.068,40.674],[-79.786,40.671],[-79.693,40.67],[-79.773,40.582],[-79.765,40.549],[-79.702,40.525],[-79.705,40.426],[-79.762,40.393],[-79.807,40.237],[-79.871,40.197],[-79.958,40.214],[-79.914,40.252],[-80.182,40.332],[-80.361,40.478]]]},"properties":{"fips":"42003","name":"Allegheny","st":"PA","sites":4,"pop":998482,"trend":-1.464,"weeks":[{"w":"2026-09-19","t":null,"n":0},{"w":"2026-09-12","t":null,"n":0},{"w":"2026-09-05","t":-1.464,"n":4},{"w":"2026-08-29","t":-0.091,"n":4},{"w":"2026-08-22","t":1.355,"n":4},{"w":"2026-08-15","t":1.445,"n":4},{"w":"2026-08-08","t":0.091,"n":4},{"w":"2026-08-01","t":0.002,"n":4}]}},{"type":"Feature","geometry":{"type":"Polygon","coordinates":[[[-75.41,40.488],[-75.334,40.537],[-75.258,40.582],[-75.189,40.609],[-75.188,40.593],[-75.187,40.569],[-75.137,40.576],[-75.079,40.548],[-75.062,40.481],[-75.071,40.455],[-75.056,40.416],[-75.025,40.403],[-74.97,40.4],[-74.946,40.357],[-74.928,40.34],[-74.903,40.316],[-74.857,40.277],[-74.824,40.242],[-74.761,40.199],[-74.748,40.185],[-74.722,40.154],[-74.723,40.153],[-74.769,40.129],[-74.826,40.124],[-74.864,40.082],[-74.932,40.068],[-74.973,40.047],[-74.964,40.118],[-75.015,40.138],[-75.152,40.219],[-75.339,40.332],[-75.484,40.418],[-75.41,40.488]]]},"properties":{"fips":"42017","name":"Bucks","st":"PA","sites":1,"pop":55000,"trend":0.566,"weeks":[{"w":"2026-09-19","t":0.566,"n":1},{"w":"2026-09-12","t":0.118,"n":1},{"w":"2026-09-05","t":0.012,"n":1},{"w":"2026-08-29","t":-0.494,"n":1},{"w":"2026-08-22","t":-0.562,"n":1},{"w":"2026-08-15","t":0.747,"n":1},{"w":"2026-08-08","t":0.936,"n":1},{"w":"2026-08-01","t":2.0,"n":1}]}},{"type":"Feature","geometry":{"type":"Polygon","coordinates":[[[-80.166,41.001],[-80.098,41.071],[-80.082,41.085],[-80.0,41.172],[-79.886,41.172],[-79.695,41.173],[-79.689,41.169],[-79.693,40.67],[-79.693,40.67],[-79.786,40.671],[-80.068,40.674],[-80.148,40.674],[-80.152,40.724],[-80.159,40.855],[-80.166,41.001]]]},"properties":{"fips":"42019","name":"Butler","st":"PA","sites":1,"pop":45000,"trend":-0.13,"weeks":[{"w":"2026-09-19","t":-0.13,"n":1},{"w":"2026-09-12","t":0.098,"n":1},{"w":"2026-09-05","t":0.098,"n":1},{"w":"2026-08-29","t":0.205,"n":1},{"w":"2026-08-22","t":0.335,"n":1},{"w":"2026-08-15","t":0.1,"n":1},{"w":"2026-08-08","t":-0.178,"n":1},{"w":"2026-08-01","t":-0.024,"n":1}]}},{"type":"Feature","geometry":{"type":"Polygon","coordinates":[[[-78.377,40.754],[-78.288,40.85],[-78.249,40.855],[-78.168,40.961],[-78.078,40.959],[-78.056,41.004],[-78.112,41.114],[-78.038,41.154],[-77.898,41.253],[-77.893,41.178],[-77.799,41.182],[-77.742,41.108],[-77.622,41.091],[-77.514,40.97],[-77.507,40.963],[-77.34,40.987],[-77.144,41.044],[-77.279,40.91],[-77.364,40.847],[-77.653,40.745],[-77.681,40.73],[-77.825,40.744],[-77.944,40.692],[-78.085,40.731],[-78.117,40.739],[-78.146,40.742],[-78.36,40.733],[-78.377,40.754]]]},"properties":{"fips":"42027","name":"Centre","st":"PA","sites":1,"pop":90000,"trend":-0.129,"weeks":[{"w":"2026-09-19","t":null,"n":0},{"w":"2026-09-12","t":null,"n":0},{"w":"2026-09-05","t":null,"n":0},{"w":"2026-08-29","t":null,"n":0},{"w":"2026-08-22","t":null,"n":0},{"w":"2026-08-15","t":null,"n":0},{"w":"2026-08-08","t":null,"n":0},{"w":"2026-08-01","t":-0.129,"n":1}]}},{"type":"Feature","geometry":{"type":"Polygon","coordinates":[[[-76.102,39.724],[-75.992,39.869],[-75.995,39.952],[-75.936,40.037],[-75.943,40.109],[-75.873,40.137],[-75.697,40.242],[-75.599,40.238],[-75.526,40.149],[-75.361,40.066],[-75.404,40.027],[-75.598,39.874],[-75.594,39.835],[-75.663,39.821],[-75.717,39.792],[-75.753,39.758],[-75.774,39.722],[-75.789,39.722],[-76.136,39.722],[-76.102,39.724]]]},"properties":{"fips":"42029","name":"Chester","st":"PA","sites":2,"pop":24000,"trend":-0.04,"weeks":[{"w":"2026-09-19","t":-0.04,"n":2},{"w":"2026-09-12","t":2.0,"n":2},{"w":"2026-09-05","t":2.0,"n":2},{"w":"2026-08-29","t":-0.976,"n":2},{"w":"2026-08-22","t":-1.822,"n":2},{"w":"2026-08-15","t":0.932,"n":2},{"w":"2026-08-08","t":1.822,"n":2},{"w":"2026-08-01","t":0.804,"n":2}]}},{"type":"Feature","geometry":{"type":"Polygon","coordinates":[[[-77.615,40.199],[-77.36,40.314],[-77.421,40.255],[-77.205,40.287],[-76.974,40.31],[-76.915,40.328],[-76.924,40.289],[-76.859,40.226],[-76.903,40.225],[-76.906,40.166],[-77.029,40.148],[-77.137,40.07],[-77.177,40.037],[-77.404,39.994],[-77.471,39.944],[-77.454,39.972],[-77.532,40.049],[-77.615,40.199]]]},"properties":{"fips":"42041","name":"Cumberland","st":"PA","sites":1,"pop":25000,"trend":0.0,"weeks":[{"w":"2026-09-19","t":0.0,"n":1},{"w":"2026-09-12","t":0.0,"n":1},{"w":"2026-09-05","t":0.0,"n":1},{"w":"2026-08-29","t":0.0,"n":1},{"w":"2026-08-22","t":0.0,"n":1},{"w":"2026-08-15","t":-1.699,"n":1},{"w":"2026-08-08","t":-1.679,"n":1},{"w":"2026-08-01","t":1.699,"n":1}]}},{"type":"Feature","geometry":{"type":"Polygon","coordinates":[[[-76.949,40.469],[-76.992,40.568],[-76.949,40.628],[-76.919,40.604],[-76.702,40.658],[-76.535,40.555],[-76.678,40.475],[-76.566,40.197],[-76.698,40.156],[-76.722,40.12],[-76.753,40.176],[-76.801,40.2],[-76.825,40.202],[-76.839,40.222],[-76.859,40.226],[-76.924,40.289],[-76.915,40.328],[-77.021,40.366],[-76.949,40.469]]]},"properties":{"fips":"42043","name":"Dauphin","st":"PA","sites":1,"pop":125000,"trend":-1.773,"weeks":[{"w":"2026-09-19","t":-1.773,"n":1},{"w":"2026-09-12","t":-0.055,"n":1},{"w":"2026-09-05","t":0.025,"n":1},{"w":"2026-08-29","t":2.0,"n":1},{"w":"2026-08-22","t":2.0,"n":1},{"w":"2026-08-15","t":-1.912,"n":1},{"w":"2026-08-08","t":0.0,"n":1},{"w":"2026-08-01","t":1.912,"n":1}]}},{"type":"Feature","geometry":{"type":"Polygon","coordinates":[[[-75.598,39.874],[-75.404,40.027],[-75.361,40.066],[-75.349,40.053],[-75.311,40.02],[-75.276,39.977],[-75.235,39.937],[-75.263,39.877],[-75.211,39.867],[-75.221,39.861],[-75.293,39.849],[-75.342,39.846],[-75.41,39.805],[-75.415,39.802],[-75.481,39.829],[-75.57,39.839],[-75.58,39.837],[-75.593,39.835],[-75.594,39.835],[-75.598,39.874]]]},"properties":{"fips":"42045","name":"Delaware","st":"PA","sites":1,"pop":6800,"trend":0.473,"weeks":[{"w":"2026-09-19","t":0.473,"n":1},{"w":"2026-09-12","t":2.0,"n":1},{"w":"2026-09-05","t":2.0,"n":1},{"w":"2026-08-29","t":0.0,"n":1},{"w":"2026-08-22","t":0.0,"n":1},{"w":"2026-08-15","t":0.0,"n":1},{"w":"2026-08-08","t":0.0,"n":1},{"w":"2026-08-01","t":0.0,"n":1}]}},{"type":"Feature","geometry":{"type":"Polygon","coordinates":[[[-80.519,41.978],[-80.33,42.036],[-80.154,42.115],[-80.136,42.15],[-80.089,42.173],[-80.02,42.163],[-79.924,42.208],[-79.845,42.235],[-79.762,42.27],[-79.762,42.131],[-79.761,41.999],[-79.611,41.999],[-79.612,41.85],[-80.519,41.85],[-80.519,41.978]]]},"properties":{"fips":"42049","name":"Erie","st":"PA","sites":2,"pop":204295,"trend":-0.192,"weeks":[{"w":"2026-09-19","t":null,"n":0},{"w":"2026-09-12","t":-0.192,"n":2},{"w":"2026-09-05","t":1.958,"n":2},{"w":"2026-08-29","t":1.958,"n":2},{"w":"2026-08-22","t":1.958,"n":2},{"w":"2026-08-15","t":-1.534,"n":2},{"w":"2026-08-08","t":-1.534,"n":2},{"w":"2026-08-01","t":-1.631,"n":2}]}},{"type":"Feature","geometry":{"type":"Polygon","coordinates":[[[-78.099,39.722],[-78.003,39.827],[-77.921,40.0],[-77.864,40.062],[-77.738,40.237],[-77.703,40.264],[-77.672,40.29],[-77.603,40.228],[-77.615,40.199],[-77.532,40.049],[-77.454,39.972],[-77.471,39.944],[-77.459,39.72],[-77.469,39.72],[-77.469,39.72],[-77.769,39.722],[-78.076,39.722],[-78.099,39.722]]]},"properties":{"fips":"42055","name":"Franklin","st":"PA","sites":1,"pop":67000,"trend":1.824,"weeks":[{"w":"2026-09-19","t":1.824,"n":1},{"w":"2026-09-12","t":-1.711,"n":1},{"w":"2026-09-05","t":-1.711,"n":1},{"w":"2026-08-29","t":1.711,"n":1},{"w":"2026-08-22","t":-0.023,"n":1},{"w":"2026-08-15","t":0.0,"n":1},{"w":"2026-08-08","t":1.734,"n":1},{"w":"2026-08-01","t":0.0,"n":1}]}},{"type":"Feature","geometry":{"type":"Polygon","coordinates":[[[-79.45,40.53],[-79.215,40.776],[-79.215,40.911],[-78.805,40.906],[-78.806,40.743],[-78.802,40.725],[-78.817,40.703],[-78.974,40.395],[-79.017,40.42],[-79.101,40.369],[-79.156,40.412],[-79.374,40.454],[-79.454,40.484],[-79.45,40.53]]]},"properties":{"fips":"42063","name":"Indiana","st":"PA","sites":1,"pop":30000,"trend":-0.139,"weeks":[{"w":"2026-09-19","t":-0.139,"n":1},{"w":"2026-09-12","t":0.861,"n":1},{"w":"2026-09-05","t":2.0,"n":1},{"w":"2026-08-29","t":2.0,"n":1},{"w":"2026-08-22","t":0.0,"n":1},{"w":"2026-08-15","t":0.0,"n":1},{"w":"2026-08-08","t":0.0,"n":1},{"w":"2026-08-01","t":0.0,"n":1}]}},{"type":"Feature","geometry":{"type":"Polygon","coordinates":[[[-75.772,41.506],[-75.803,41.524],[-75.72,41.642],[-75.462,41.642],[-75.441,41.258],[-75.506,41.233],[-75.543,41.224],[-75.601,41.161],[-75.649,41.187],[-75.689,41.339],[-75.835,41.427],[-75.772,41.506]]]},"properties":{"fips":"42069","name":"Lackawanna","st":"PA","sites":1,"pop":15700,"trend":0.0,"weeks":[{"w":"2026-09-19","t":null,"n":0},{"w":"2026-09-12","t":0.0,"n":1},{"w":"2026-09-05","t":0.0,"n":1},{"w":"2026-08-29","t":0.0,"n":1},{"w":"2026-08-22","t":0.0,"n":1},{"w":"2026-08-15","t":0.0,"n":1},{"w":"2026-08-08","t":0.0,"n":1},{"w":"2026-08-01","t":0.0,"n":1}]}},{"type":"Feature","geometry":{"type":"Polygon","coordinates":[[[-76.698,40.156],[-76.566,40.197],[-76.308,40.255],[-76.151,40.316],[-76.092,40.278],[-75.873,40.137],[-75.943,40.109],[-75.936,40.037],[-75.995,39.952],[-75.992,39.869],[-76.102,39.724],[-76.136,39.722],[-76.233,39.722],[-76.233,39.722],[-76.24,39.722],[-76.474,39.947],[-76.517,40.018],[-76.535,40.051],[-76.645,40.058],[-76.664,40.063],[-76.722,40.12],[-76.698,40.156]]]},"properties":{"fips":"42071","name":"Lancaster","st":"PA","sites":1,"pop":125000,"trend":0.393,"weeks":[{"w":"2026-09-19","t":0.393,"n":1},{"w":"2026-09-12","t":-0.051,"n":1},{"w":"2026-09-05","t":-0.089,"n":1},{"w":"2026-08-29","t":0.265,"n":1},{"w":"2026-08-22","t":0.286,"n":1},{"w":"2026-08-15","t":0.168,"n":1},{"w":"2026-08-08","t":0.123,"n":1},{"w":"2026-08-01","t":2.0,"n":1}]}},{"type":"Feature","geometry":{"type":"Polygon","coordinates":[[[-76.678,40.475],[-76.535,40.555],[-76.44,40.496],[-76.206,40.361],[-76.151,40.316],[-76.308,40.255],[-76.566,40.197],[-76.678,40.475]]]},"properties":{"fips":"42075","name":"Lebanon","st":"PA","sites":1,"pop":5000,"trend":0.132,"weeks":[{"w":"2026-09-19","t":0.132,"n":1},{"w":"2026-09-12","t":0.354,"n":1},{"w":"2026-09-05","t":null,"n":0},{"w":"2026-08-29","t":null,"n":0},{"w":"2026-08-22","t":null,"n":0},{"w":"2026-08-15","t":null,"n":0},{"w":"2026-08-08","t":null,"n":0},{"w":"2026-08-01","t":null,"n":0}]}},{"type":"Feature","geometry":{"type":"Polygon","coordinates":[[[-75.808,40.707],[-75.758,40.735],[-75.695,40.77],[-75.609,40.787],[-75.481,40.656],[-75.387,40.633],[-75.404,40.581],[-75.334,40.537],[-75.41,40.488],[-75.484,40.418],[-75.53,40.447],[-75.891,40.677],[-75.808,40.707]]]},"properties":{"fips":"42077","name":"Lehigh","st":"PA","sites":1,"pop":200000,"trend":0.0,"weeks":[{"w":"2026-09-19","t":0.0,"n":1},{"w":"2026-09-12","t":0.0,"n":1},{"w":"2026-09-05","t":-1.705,"n":1},{"w":"2026-08-29","t":0.0,"n":1},{"w":"2026-08-22","t":1.705,"n":1},{"w":"2026-08-15","t":0.0,"n":1},{"w":"2026-08-08","t":0.0,"n":1},{"w":"2026-08-01","t":0.0,"n":1}]}},{"type":"Feature","geometry":{"type":"Polygon","coordinates":[[[-76.31,41.31],[-76.283,41.377],[-76.025,41.384],[-75.989,41.389],[-75.835,41.427],[-75.689,41.339],[-75.649,41.187],[-75.601,41.161],[-75.649,41.122],[-75.693,41.131],[-75.767,41.093],[-75.732,41.008],[-75.986,40.917],[-75.998,40.913],[-76.028,40.902],[-76.208,40.95],[-76.229,41.138],[-76.278,41.132],[-76.32,41.211],[-76.31,41.31]]]},"properties":{"fips":"42079","name":"Luzerne","st":"PA","sites":1,"pop":172000,"trend":0.0,"weeks":[{"w":"2026-09-19","t":0.0,"n":1},{"w":"2026-09-12","t":0.0,"n":1},{"w":"2026-09-05","t":-2.0,"n":1},{"w":"2026-08-29","t":-1.697,"n":1},{"w":"2026-08-22","t":2.0,"n":1},{"w":"2026-08-15","t":1.697,"n":1},{"w":"2026-08-08","t":0.0,"n":1},{"w":"2026-08-01","t":0.0,"n":1}]}},{"type":"Feature","geometry":{"type":"Polygon","coordinates":[[[-78.949,41.83],[-78.916,41.841],[-78.919,41.999],[-78.597,42.0],[-78.308,41.999],[-78.271,41.999],[-78.206,41.999],[-78.204,41.618],[-78.412,41.617],[-78.42,41.602],[-78.484,41.631],[-78.956,41.623],[-78.949,41.83]]]},"properties":{"fips":"42083","name":"McKean","st":"PA","sites":1,"pop":14194,"trend":1.919,"weeks":[{"w":"2026-09-19","t":1.919,"n":1},{"w":"2026-09-12","t":1.885,"n":1},{"w":"2026-09-05","t":0.0,"n":1},{"w":"2026-08-29","t":0.0,"n":1},{"w":"2026-08-22","t":0.0,"n":1},{"w":"2026-08-15","t":0.0,"n":1},{"w":"2026-08-08","t":0.0,"n":1},{"w":"2026-08-01","t":0.0,"n":1}]}},{"type":"Feature","geometry":{"type":"Polygon","coordinates":[[[-80.519,41.133],[-80.519,41.233],[-80.519,41.334],[-80.519,41.489],[-80.125,41.48],[-80.0,41.49],[-80.0,41.172],[-80.082,41.085],[-80.098,41.071],[-80.147,41.114],[-80.258,41.128],[-80.519,41.125],[-80.519,41.133]]]},"properties":{"fips":"42085","name":"Mercer","st":"PA","sites":3,"pop":42871,"trend":0.929,"weeks":[{"w":"2026-09-19","t":0.929,"n":2},{"w":"2026-09-12","t":0.0,"n":2},{"w":"2026-09-05","t":0.0,"n":2},{"w":"2026-08-29","t":0.0,"n":2},{"w":"2026-08-22","t":0.0,"n":2},{"w":"2026-08-15","t":0.0,"n":2},{"w":"2026-08-08","t":0.0,"n":3},{"w":"2026-08-01","t":0.0,"n":3}]}},{"type":"Feature","geometry":{"type":"Polygon","coordinates":[[[-75.601,41.161],[-75.543,41.224],[-75.506,41.233],[-75.359,41.239],[-75.13,41.252],[-75.157,41.15],[-74.992,41.093],[-75.015,41.061],[-75.052,41.033],[-75.071,41.019],[-75.133,40.98],[-75.123,40.965],[-75.284,40.866],[-75.474,40.815],[-75.518,40.878],[-75.575,40.951],[-75.496,40.987],[-75.649,41.122],[-75.601,41.161]]]},"properties":{"fips":"42089","name":"Monroe","st":"PA","sites":2,"pop":29000,"trend":0.276,"weeks":[{"w":"2026-09-19","t":0.276,"n":2},{"w":"2026-09-12","t":-1.244,"n":2},{"w":"2026-09-05","t":-1.724,"n":2},{"w":"2026-08-29","t":-0.078,"n":2},{"w":"2026-08-22","t":1.724,"n":2},{"w":"2026-08-15","t":1.588,"n":2},{"w":"2026-08-08","t":0.0,"n":2},{"w":"2026-08-01","t":0.0,"n":2}]}},{"type":"Feature","geometry":{"type":"Polygon","coordinates":[[[-75.697,40.242],[-75.56,40.41],[-75.53,40.447],[-75.484,40.418],[-75.339,40.332],[-75.152,40.219],[-75.015,40.138],[-75.109,40.046],[-75.139,40.063],[-75.224,40.093],[-75.264,40.054],[-75.206,40.012],[-75.206,40.012],[-75.206,40.011],[-75.207,40.011],[-75.208,40.01],[-75.211,40.009],[-75.25,39.99],[-75.276,39.977],[-75.311,40.02],[-75.349,40.053],[-75.361,40.066],[-75.526,40.149],[-75.599,40.238],[-75.697,40.242]]]},"properties":{"fips":"42091","name":"Montgomery","st":"PA","sites":7,"pop":141900,"trend":0.884,"weeks":[{"w":"2026-09-19","t":0.884,"n":4},{"w":"2026-09-12","t":-0.184,"n":6},{"w":"2026-09-05","t":-0.556,"n":6},{"w":"2026-08-29","t":0.268,"n":6},{"w":"2026-08-22","t":-0.27,"n":6},{"w":"2026-08-15","t":-0.17,"n":6},{"w":"2026-08-08","t":-0.098,"n":6},{"w":"2026-08-01","t":0.113,"n":6}]}},{"type":"Feature","geometry":{"type":"Polygon","coordinates":[[[-75.577,40.799],[-75.474,40.815],[-75.284,40.866],[-75.123,40.965],[-75.098,40.927],[-75.065,40.886],[-75.091,40.849],[-75.109,40.791],[-75.111,40.79],[-75.177,40.764],[-75.193,40.716],[-75.191,40.638],[-75.189,40.609],[-75.258,40.582],[-75.334,40.537],[-75.404,40.581],[-75.387,40.633],[-75.481,40.656],[-75.609,40.787],[-75.577,40.799]]]},"properties":{"fips":"42095","name":"Northampton","st":"PA","sites":1,"pop":55000,"trend":0.566,"weeks":[{"w":"2026-09-19","t":0.566,"n":1},{"w":"2026-09-12","t":0.118,"n":1},{"w":"2026-09-05","t":0.012,"n":1},{"w":"2026-08-29","t":-0.494,"n":1},{"w":"2026-08-22","t":-0.562,"n":1},{"w":"2026-08-15","t":0.747,"n":1},{"w":"2026-08-08","t":0.936,"n":1},{"w":"2026-08-01","t":2.0,"n":1}]}},{"type":"Feature","geometry":{"type":"Polygon","coordinates":[[[-75.25,39.99],[-75.211,40.009],[-75.208,40.01],[-75.207,40.011],[-75.206,40.011],[-75.206,40.012],[-75.206,40.012],[-75.264,40.054],[-75.224,40.093],[-75.139,40.063],[-75.109,40.046],[-75.015,40.138],[-74.964,40.118],[-74.973,40.047],[-74.99,40.037],[-75.059,39.993],[-75.06,39.992],[-75.119,39.965],[-75.132,39.951],[-75.136,39.947],[-75.135,39.922],[-75.133,39.896],[-75.141,39.894],[-75.183,39.882],[-75.211,39.867],[-75.263,39.877],[-75.235,39.937],[-75.276,39.977],[-75.25,39.99]]]},"properties":{"fips":"42101","name":"Philadelphia","st":"PA","sites":3,"pop":1812890,"trend":1.923,"weeks":[{"w":"2026-09-19","t":null,"n":0},{"w":"2026-09-12","t":null,"n":0},{"w":"2026-09-05","t":1.923,"n":1},{"w":"2026-08-29","t":1.893,"n":1},{"w":"2026-08-22","t":1.517,"n":2},{"w":"2026-08-15","t":0.537,"n":3},{"w":"2026-08-08","t":0.041,"n":3},{"w":"2026-08-01","t":-0.492,"n":3}]}},{"type":"Feature","geometry":{"type":"Polygon","coordinates":[[[-80.519,40.016],[-80.519,40.16],[-80.519,40.342],[-80.519,40.4],[-80.519,40.477],[-80.361,40.478],[-80.182,40.332],[-79.914,40.252],[-79.958,40.214],[-79.871,40.197],[-79.905,40.154],[-79.878,40.127],[-79.839,40.091],[-79.877,40.037],[-79.998,39.983],[-80.301,40.021],[-80.519,39.962],[-80.519,40.016]]]},"properties":{"fips":"42125","name":"Washington","st":"PA","sites":1,"pop":45000,"trend":0.0,"weeks":[{"w":"2026-09-19","t":null,"n":0},{"w":"2026-09-12","t":null,"n":0},{"w":"2026-09-05","t":0.0,"n":1},{"w":"2026-08-29","t":0.0,"n":1},{"w":"2026-08-22","t":0.0,"n":1},{"w":"2026-08-15","t":0.0,"n":1},{"w":"2026-08-08","t":0.0,"n":1},{"w":"2026-08-01","t":0.0,"n":1}]}},{"type":"Feature","geometry":{"type":"Polygon","coordinates":[[[-77.029,40.148],[-76.906,40.166],[-76.903,40.225],[-76.859,40.226],[-76.839,40.222],[-76.825,40.202],[-76.801,40.2],[-76.753,40.176],[-76.722,40.12],[-76.664,40.063],[-76.645,40.058],[-76.535,40.051],[-76.517,40.018],[-76.474,39.947],[-76.24,39.722],[-76.419,39.722],[-76.569,39.721],[-76.716,39.721],[-76.787,39.721],[-76.991,39.72],[-76.999,39.72],[-77.0,39.831],[-76.955,39.857],[-76.966,39.935],[-77.019,40.014],[-77.137,40.07],[-77.029,40.148]]]},"properties":{"fips":"42133","name":"York","st":"PA","sites":1,"pop":85000,"trend":1.788,"weeks":[{"w":"2026-09-19","t":1.788,"n":1},{"w":"2026-09-12","t":0.0,"n":1},{"w":"2026-09-05","t":0.0,"n":1},{"w":"2026-08-29","t":0.0,"n":1},{"w":"2026-08-22","t":0.0,"n":1},{"w":"2026-08-15","t":0.0,"n":1},{"w":"2026-08-08","t":0.0,"n":1},{"w":"2026-08-01","t":0.0,"n":1}]}},{"type":"Feature","geometry":{"type":"Polygon","coordinates":[[[-71.365,41.736],[-71.317,41.777],[-71.261,41.752],[-71.209,41.69],[-71.257,41.638],[-71.331,41.687],[-71.365,41.736]]]},"properties":{"fips":"44001","name":"Bristol","st":"RI","sites":2,"pop":32600,"trend":0.048,"weeks":[{"w":"2026-09-19","t":0.048,"n":2},{"w":"2026-09-12","t":0.172,"n":2},{"w":"2026-09-05","t":0.94,"n":2},{"w":"2026-08-29","t":0.986,"n":2},{"w":"2026-08-22","t":0.137,"n":2},{"w":"2026-08-15","t":-0.139,"n":2},{"w":"2026-08-08","t":1.294,"n":2},{"w":"2026-08-01","t":1.294,"n":2}]}},{"type":"Feature","geometry":{"type":"Polygon","coordinates":[[[-71.79,41.725],[-71.456,41.732],[-71.4,41.768],[-71.378,41.755],[-71.365,41.736],[-71.331,41.687],[-71.381,41.65],[-71.484,41.603],[-71.789,41.597],[-71.789,41.597],[-71.789,41.64],[-71.79,41.725],[-71.79,41.725]]]},"properties":{"fips":"44003","name":"Kent","st":"RI","sites":3,"pop":100224,"trend":0.45,"weeks":[{"w":"2026-09-19","t":0.45,"n":3},{"w":"2026-09-12","t":0.474,"n":3},{"w":"2026-09-05","t":0.364,"n":3},{"w":"2026-08-29","t":1.259,"n":3},{"w":"2026-08-22","t":1.382,"n":3},{"w":"2026-08-15","t":0.044,"n":3},{"w":"2026-08-08","t":-0.155,"n":3},{"w":"2026-08-01","t":1.179,"n":3}]}},{"type":"Feature","geometry":{"type":"Polygon","coordinates":[[[-71.408,41.478],[-71.381,41.65],[-71.331,41.687],[-71.257,41.638],[-71.209,41.69],[-71.201,41.682],[-71.196,41.675],[-71.133,41.66],[-71.137,41.603],[-71.121,41.497],[-71.14,41.486],[-71.193,41.458],[-71.213,41.467],[-71.24,41.479],[-71.246,41.481],[-71.286,41.488],[-71.313,41.451],[-71.351,41.451],[-71.389,41.461],[-71.417,41.456],[-71.408,41.478]]]},"properties":{"fips":"44005","name":"Newport","st":"RI","sites":2,"pop":43700,"trend":-0.011,"weeks":[{"w":"2026-09-19","t":null,"n":0},{"w":"2026-09-12","t":-0.011,"n":2},{"w":"2026-09-05","t":0.056,"n":2},{"w":"2026-08-29","t":0.322,"n":2},{"w":"2026-08-22","t":0.306,"n":2},{"w":"2026-08-15","t":1.759,"n":2},{"w":"2026-08-08","t":1.904,"n":2},{"w":"2026-08-01","t":-0.005,"n":2}]}},{"type":"Feature","geometry":{"type":"Polygon","coordinates":[[[-71.799,42.008],[-71.607,42.013],[-71.591,42.014],[-71.559,42.014],[-71.498,42.016],[-71.458,42.017],[-71.381,42.019],[-71.381,41.985],[-71.381,41.952],[-71.382,41.893],[-71.339,41.893],[-71.34,41.832],[-71.329,41.783],[-71.317,41.777],[-71.365,41.736],[-71.378,41.755],[-71.4,41.768],[-71.456,41.732],[-71.79,41.725],[-71.793,41.807],[-71.799,42.008]]]},"properties":{"fips":"44007","name":"Providence","st":"RI","sites":4,"pop":413000,"trend":0.075,"weeks":[{"w":"2026-09-19","t":0.075,"n":4},{"w":"2026-09-12","t":0.0,"n":4},{"w":"2026-09-05","t":0.24,"n":4},{"w":"2026-08-29","t":1.39,"n":4},{"w":"2026-08-22","t":1.276,"n":4},{"w":"2026-08-15","t":-0.025,"n":4},{"w":"2026-08-08","t":-0.375,"n":4},{"w":"2026-08-01","t":0.78,"n":4}]}},{"type":"Feature","geometry":{"type":"MultiPolygon","coordinates":[[[[-71.631,41.167],[-71.593,41.237],[-71.545,41.243],[-71.534,41.182],[-71.519,41.15],[-71.594,41.146],[-71.631,41.167]]],[[[-71.861,41.32],[-71.836,41.354],[-71.84,41.412],[-71.798,41.417],[-71.798,41.417],[-71.789,41.597],[-71.484,41.603],[-71.381,41.65],[-71.408,41.478],[-71.417,41.456],[-71.429,41.454],[-71.455,41.408],[-71.483,41.372],[-71.555,41.373],[-71.625,41.361],[-71.702,41.337],[-71.73,41.333],[-71.786,41.326],[-71.863,41.31],[-71.861,41.32]]]]},"properties":{"fips":"44009","name":"Washington","st":"RI","sites":2,"pop":21500,"trend":1.853,"weeks":[{"w":"2026-09-19","t":1.853,"n":1},{"w":"2026-09-12","t":-2.0,"n":2},{"w":"2026-09-05","t":0.953,"n":2},{"w":"2026-08-29","t":2.0,"n":2},{"w":"2026-08-22","t":1.535,"n":2},{"w":"2026-08-15","t":0.0,"n":2},{"w":"2026-08-08","t":0.0,"n":2},{"w":"2026-08-01","t":0.0,"n":2}]}},{"type":"Feature","geometry":{"type":"Polygon","coordinates":[[[-82.978,34.493],[-82.84,34.623],[-82.788,34.673],[-82.487,34.819],[-82.458,34.779],[-82.468,34.667],[-82.419,34.557],[-82.314,34.484],[-82.736,34.215],[-82.745,34.245],[-82.775,34.288],[-82.78,34.297],[-82.823,34.359],[-82.842,34.4],[-82.874,34.472],[-82.926,34.482],[-82.991,34.473],[-82.978,34.493]]]},"properties":{"fips":"45007","name":"Anderson","st":"SC","sites":2,"pop":52410,"trend":-0.209,"weeks":[{"w":"2026-09-19","t":-0.209,"n":2},{"w":"2026-09-12","t":0.097,"n":2},{"w":"2026-09-05","t":0.197,"n":2},{"w":"2026-08-29","t":0.157,"n":2},{"w":"2026-08-22","t":1.083,"n":2},{"w":"2026-08-15","t":1.093,"n":2},{"w":"2026-08-08","t":0.07,"n":2},{"w":"2026-08-01","t":-0.092,"n":2}]}},{"type":"Feature","geometry":{"type":"Polygon","coordinates":[[[-80.362,33.257],[-80.254,33.299],[-80.222,33.444],[-80.15,33.448],[-80.102,33.497],[-79.971,33.501],[-79.677,33.305],[-79.459,33.235],[-79.447,33.213],[-79.519,33.148],[-79.643,33.124],[-79.762,32.989],[-79.771,32.942],[-79.829,32.919],[-79.897,32.859],[-79.914,32.819],[-79.919,32.819],[-79.95,32.91],[-79.986,32.904],[-80.023,32.921],[-80.056,32.999],[-80.149,33.022],[-80.251,33.09],[-80.29,33.115],[-80.296,33.179],[-80.362,33.257]]]},"properties":{"fips":"45015","name":"Berkeley","st":"SC","sites":1,"pop":140000,"trend":-0.202,"weeks":[{"w":"2026-09-19","t":-0.202,"n":1},{"w":"2026-09-12","t":-0.035,"n":1},{"w":"2026-09-05","t":0.118,"n":1},{"w":"2026-08-29","t":0.305,"n":1},{"w":"2026-08-22","t":0.453,"n":1},{"w":"2026-08-15","t":0.418,"n":1},{"w":"2026-08-08","t":0.318,"n":1},{"w":"2026-08-01","t":0.302,"n":1}]}},{"type":"Feature","geometry":{"type":"Polygon","coordinates":[[[-80.401,32.858],[-80.292,32.849],[-80.173,32.821],[-80.148,32.819],[-80.186,32.861],[-80.097,32.887],[-80.101,32.946],[-80.141,32.98],[-80.176,33.01],[-80.149,33.022],[-80.056,32.999],[-80.023,32.921],[-79.986,32.904],[-79.95,32.91],[-79.919,32.819],[-79.914,32.819],[-79.897,32.859],[-79.829,32.919],[-79.771,32.942],[-79.762,32.989],[-79.643,33.124],[-79.519,33.148],[-79.447,33.213],[-79.351,33.154],[-79.269,33.137],[-79.274,33.12],[-79.292,33.11],[-79.33,33.09],[-79.339,33.05],[-79.36,33.007],[-79.423,33.015],[-79.483,33.001],[-79.522,33.035],[-79.581,33.006],[-79.607,32.972],[-79.57,32.927],[-79.601,32.898],[-79.695,32.85],[-79.726,32.806],[-79.818,32.766],[-79.868,32.735],[-79.885,32.684],[-79.968,32.64],[-80.001,32.606],[-80.077,32.603],[-80.148,32.578],[-80.19,32.547],[-80.246,32.531],[-80.249,32.529],[-80.338,32.479],[-80.403,32.472],[-80.408,32.523],[-80.412,32.534],[-80.41,32.537],[-80.419,32.543],[-80.422,32.547],[-80.422,32.553],[-80.42,32.558],[-80.418,32.56],[-80.41,32.564],[-80.406,32.568],[-80.401,32.57],[-80.395,32.57],[-80.393,32.575],[-80.398,32.582],[-80.4,32.588],[-80.4,32.596],[-80.398,32.6],[-80.395,32.606],[-80.389,32.613],[-80.389,32.616],[-80.393,32.618],[-80.396,32.617],[-80.407,32.61],[-80.415,32.605],[-80.419,32.603],[-80.426,32.604],[-80.424,32.605],[-80.427,32.609],[-80.429,32.614],[-80.429,32.624],[-80.389,32.653],[-80.454,32.74],[-80.401,32.858]]]},"properties":{"fips":"45019","name":"Charleston","st":"SC","sites":1,"pop":140000,"trend":-0.202,"weeks":[{"w":"2026-09-19","t":-0.202,"n":1},{"w":"2026-09-12","t":-0.035,"n":1},{"w":"2026-09-05","t":0.118,"n":1},{"w":"2026-08-29","t":0.305,"n":1},{"w":"2026-08-22","t":0.453,"n":1},{"w":"2026-08-15","t":0.418,"n":1},{"w":"2026-08-08","t":0.318,"n":1},{"w":"2026-08-01","t":0.302,"n":1}]}},{"type":"Feature","geometry":{"type":"Polygon","coordinates":[[[-80.79,33.181],[-80.503,33.334],[-80.485,33.28],[-80.362,33.257],[-80.296,33.179],[-80.29,33.115],[-80.251,33.09],[-80.149,33.022],[-80.176,33.01],[-80.141,32.98],[-80.101,32.946],[-80.097,32.887],[-80.186,32.861],[-80.148,32.819],[-80.173,32.821],[-80.292,32.849],[-80.401,32.858],[-80.419,32.967],[-80.391,33.044],[-80.532,33.07],[-80.622,33.066],[-80.71,33.156],[-80.79,33.181]]]},"properties":{"fips":"45035","name":"Dorchester","st":"SC","sites":1,"pop":140000,"trend":-0.202,"weeks":[{"w":"2026-09-19","t":-0.202,"n":1},{"w":"2026-09-12","t":-0.035,"n":1},{"w":"2026-09-05","t":0.118,"n":1},{"w":"2026-08-29","t":0.305,"n":1},{"w":"2026-08-22","t":0.453,"n":1},{"w":"2026-08-15","t":0.418,"n":1},{"w":"2026-08-08","t":0.318,"n":1},{"w":"2026-08-01","t":0.302,"n":1}]}},{"type":"Feature","geometry":{"type":"Polygon","coordinates":[[[-79.677,33.336],[-79.538,33.497],[-79.436,33.573],[-79.409,33.689],[-79.317,33.78],[-79.246,33.695],[-79.19,33.706],[-79.138,33.664],[-79.101,33.573],[-78.995,33.573],[-79.029,33.533],[-79.085,33.484],[-79.135,33.404],[-79.162,33.327],[-79.181,33.238],[-79.172,33.207],[-79.215,33.156],[-79.274,33.12],[-79.269,33.137],[-79.351,33.154],[-79.447,33.213],[-79.459,33.235],[-79.677,33.305],[-79.677,33.336]]]},"properties":{"fips":"45043","name":"Georgetown","st":"SC","sites":2,"pop":42000,"trend":0.588,"weeks":[{"w":"2026-09-19","t":0.588,"n":1},{"w":"2026-09-12","t":0.144,"n":2},{"w":"2026-09-05","t":-0.97,"n":2},{"w":"2026-08-29","t":0.089,"n":2},{"w":"2026-08-22","t":2.0,"n":2},{"w":"2026-08-15","t":0.872,"n":2},{"w":"2026-08-08","t":-1.186,"n":2},{"w":"2026-08-01","t":0.058,"n":2}]}},{"type":"Feature","geometry":{"type":"Polygon","coordinates":[[[-82.762,35.082],[-82.746,35.079],[-82.686,35.125],[-82.578,35.146],[-82.533,35.156],[-82.456,35.177],[-82.411,35.202],[-82.353,35.199],[-82.295,35.195],[-82.216,35.193],[-82.226,34.85],[-82.165,34.797],[-82.146,34.785],[-82.235,34.589],[-82.236,34.535],[-82.314,34.484],[-82.419,34.557],[-82.468,34.667],[-82.458,34.779],[-82.487,34.819],[-82.538,35.015],[-82.594,35.008],[-82.571,35.075],[-82.75,35.048],[-82.762,35.082]]]},"properties":{"fips":"45045","name":"Greenville","st":"SC","sites":1,"pop":30000,"trend":null,"weeks":[{"w":"2026-09-19","t":null,"n":0},{"w":"2026-09-12","t":null,"n":0},{"w":"2026-09-05","t":null,"n":0},{"w":"2026-08-29","t":null,"n":0},{"w":"2026-08-22","t":null,"n":0},{"w":"2026-08-15","t":null,"n":0},{"w":"2026-08-08","t":null,"n":0},{"w":"2026-08-01","t":null,"n":0}]}},{"type":"Feature","geometry":{"type":"Polygon","coordinates":[[[-82.334,34.343],[-82.246,34.41],[-82.169,34.33],[-82.084,34.299],[-81.945,34.203],[-81.897,34.146],[-81.87,34.135],[-81.99,33.997],[-82.008,33.962],[-82.047,33.953],[-82.045,33.983],[-82.2,33.979],[-82.244,34.018],[-82.306,33.972],[-82.327,34.064],[-82.269,34.107],[-82.248,34.221],[-82.334,34.343]]]},"properties":{"fips":"45047","name":"Greenwood","st":"SC","sites":2,"pop":60000,"trend":0.062,"weeks":[{"w":"2026-09-19","t":0.062,"n":1},{"w":"2026-09-12","t":0.215,"n":2},{"w":"2026-09-05","t":0.296,"n":2},{"w":"2026-08-29","t":0.307,"n":2},{"w":"2026-08-22","t":0.351,"n":2},{"w":"2026-08-15","t":0.283,"n":2},{"w":"2026-08-08","t":0.062,"n":2},{"w":"2026-08-01","t":0.426,"n":2}]}},{"type":"Feature","geometry":{"type":"Polygon","coordinates":[[[-81.413,32.744],[-81.339,32.768],[-81.262,32.839],[-81.237,32.94],[-81.082,33.027],[-80.987,32.901],[-80.9,32.833],[-80.826,32.704],[-80.87,32.661],[-80.902,32.622],[-81.015,32.753],[-81.284,32.547],[-81.329,32.561],[-81.387,32.599],[-81.397,32.606],[-81.394,32.653],[-81.413,32.739],[-81.413,32.744]]]},"properties":{"fips":"45049","name":"Hampton","st":"SC","sites":1,"pop":5000,"trend":-0.462,"weeks":[{"w":"2026-09-19","t":-0.462,"n":1},{"w":"2026-09-12","t":-0.277,"n":1},{"w":"2026-09-05","t":0.156,"n":1},{"w":"2026-08-29","t":0.397,"n":1},{"w":"2026-08-22","t":2.0,"n":1},{"w":"2026-08-15","t":2.0,"n":1},{"w":"2026-08-08","t":0.0,"n":1},{"w":"2026-08-01","t":0.0,"n":1}]}},{"type":"Feature","geometry":{"type":"Polygon","coordinates":[[[-79.339,33.97],[-79.302,34.032],[-79.248,34.057],[-79.208,34.154],[-79.127,34.235],[-79.128,34.254],[-79.086,34.295],[-79.071,34.299],[-79.071,34.299],[-79.071,34.299],[-78.812,34.081],[-78.651,33.945],[-78.616,33.916],[-78.541,33.851],[-78.672,33.818],[-78.773,33.769],[-78.863,33.706],[-78.938,33.64],[-78.995,33.573],[-79.101,33.573],[-79.138,33.664],[-79.19,33.706],[-79.26,33.815],[-79.256,33.872],[-79.312,33.945],[-79.339,33.97]]]},"properties":{"fips":"45051","name":"Horry","st":"SC","sites":5,"pop":286200,"trend":0.289,"weeks":[{"w":"2026-09-19","t":null,"n":0},{"w":"2026-09-12","t":0.289,"n":3},{"w":"2026-09-05","t":0.344,"n":4},{"w":"2026-08-29","t":0.363,"n":4},{"w":"2026-08-22","t":0.291,"n":4},{"w":"2026-08-15","t":0.289,"n":4},{"w":"2026-08-08","t":1.786,"n":5},{"w":"2026-08-01","t":0.19,"n":5}]}},{"type":"Feature","geometry":{"type":"Polygon","coordinates":[[[-81.284,32.547],[-81.015,32.753],[-80.902,32.622],[-80.87,32.661],[-80.837,32.609],[-80.819,32.464],[-80.841,32.385],[-80.935,32.3],[-81.006,32.307],[-81.016,32.244],[-80.867,32.078],[-80.886,32.035],[-80.943,32.058],[-81.007,32.101],[-81.038,32.084],[-81.113,32.113],[-81.119,32.177],[-81.148,32.227],[-81.154,32.238],[-81.128,32.276],[-81.133,32.335],[-81.173,32.385],[-81.195,32.411],[-81.195,32.465],[-81.275,32.544],[-81.284,32.547]]]},"properties":{"fips":"45053","name":"Jasper","st":"SC","sites":1,"pop":10000,"trend":-0.095,"weeks":[{"w":"2026-09-19","t":null,"n":0},{"w":"2026-09-12","t":-0.095,"n":1},{"w":"2026-09-05","t":-0.068,"n":1},{"w":"2026-08-29","t":0.342,"n":1},{"w":"2026-08-22","t":null,"n":0},{"w":"2026-08-15","t":null,"n":0},{"w":"2026-08-08","t":null,"n":0},{"w":"2026-08-01","t":null,"n":0}]}},{"type":"Feature","geometry":{"type":"Polygon","coordinates":[[[-80.879,34.458],[-80.743,34.54],[-80.74,34.48],[-80.528,34.504],[-80.551,34.56],[-80.408,34.615],[-80.329,34.501],[-80.286,34.394],[-80.289,34.366],[-80.289,34.364],[-80.353,34.303],[-80.437,34.285],[-80.48,34.169],[-80.58,34.1],[-80.619,34.109],[-80.616,34.1],[-80.693,34.081],[-80.87,34.182],[-80.826,34.269],[-80.77,34.377],[-80.879,34.458]]]},"properties":{"fips":"45055","name":"Kershaw","st":"SC","sites":1,"pop":8825,"trend":-2.0,"weeks":[{"w":"2026-09-19","t":-2.0,"n":1},{"w":"2026-09-12","t":-0.077,"n":1},{"w":"2026-09-05","t":0.44,"n":1},{"w":"2026-08-29","t":0.319,"n":1},{"w":"2026-08-22","t":0.064,"n":1},{"w":"2026-08-15","t":0.13,"n":1},{"w":"2026-08-08","t":1.936,"n":1},{"w":"2026-08-01","t":2.0,"n":1}]}},{"type":"Feature","geometry":{"type":"Polygon","coordinates":[[[-80.903,35.072],[-80.841,35.001],[-80.782,34.936],[-80.797,34.824],[-80.562,34.817],[-80.489,34.705],[-80.408,34.615],[-80.551,34.56],[-80.528,34.504],[-80.74,34.48],[-80.743,34.54],[-80.879,34.458],[-80.899,34.487],[-80.877,34.543],[-80.896,34.632],[-80.86,34.696],[-80.876,34.788],[-80.898,34.821],[-80.867,34.848],[-80.869,34.951],[-80.906,35.075],[-80.903,35.072]]]},"properties":{"fips":"45057","name":"Lancaster","st":"SC","sites":1,"pop":10000,"trend":0.207,"weeks":[{"w":"2026-09-19","t":0.207,"n":1},{"w":"2026-09-12","t":0.064,"n":1},{"w":"2026-09-05","t":-0.114,"n":1},{"w":"2026-08-29","t":0.17,"n":1},{"w":"2026-08-22","t":0.831,"n":1},{"w":"2026-08-15","t":0.643,"n":1},{"w":"2026-08-08","t":0.183,"n":1},{"w":"2026-08-01","t":2.0,"n":1}]}},{"type":"Feature","geometry":{"type":"Polygon","coordinates":[[[-81.566,33.892],[-81.472,34.077],[-81.394,34.071],[-81.437,34.13],[-81.339,34.198],[-81.276,34.097],[-81.139,34.068],[-81.052,33.998],[-81.012,33.88],[-81.059,33.747],[-81.014,33.781],[-80.925,33.757],[-81.043,33.707],[-81.087,33.695],[-81.187,33.653],[-81.415,33.732],[-81.571,33.877],[-81.566,33.892]]]},"properties":{"fips":"45063","name":"Lexington","st":"SC","sites":2,"pop":51399,"trend":-0.339,"weeks":[{"w":"2026-09-19","t":-0.339,"n":1},{"w":"2026-09-12","t":-1.588,"n":2},{"w":"2026-09-05","t":0.198,"n":1},{"w":"2026-08-29","t":0.193,"n":2},{"w":"2026-08-22","t":0.086,"n":1},{"w":"2026-08-15","t":0.569,"n":2},{"w":"2026-08-08","t":0.474,"n":2},{"w":"2026-08-01","t":-0.208,"n":2}]}},{"type":"Feature","geometry":{"type":"Polygon","coordinates":[[[-79.548,34.231],[-79.481,34.288],[-79.38,34.301],[-79.214,34.256],[-79.128,34.254],[-79.127,34.235],[-79.208,34.154],[-79.248,34.057],[-79.302,34.032],[-79.339,33.97],[-79.312,33.945],[-79.256,33.872],[-79.26,33.815],[-79.19,33.706],[-79.246,33.695],[-79.317,33.78],[-79.324,33.799],[-79.517,33.994],[-79.515,34.097],[-79.572,34.184],[-79.548,34.231]]]},"properties":{"fips":"45067","name":"Marion","st":"SC","sites":2,"pop":24000,"trend":-0.056,"weeks":[{"w":"2026-09-19","t":-0.056,"n":2},{"w":"2026-09-12","t":0.209,"n":2},{"w":"2026-09-05","t":0.68,"n":2},{"w":"2026-08-29","t":1.337,"n":2},{"w":"2026-08-22","t":1.434,"n":2},{"w":"2026-08-15","t":1.18,"n":2},{"w":"2026-08-08","t":-0.346,"n":2},{"w":"2026-08-01","t":-0.294,"n":2}]}},{"type":"Feature","geometry":{"type":"Polygon","coordinates":[[[-79.925,34.808],[-79.693,34.805],[-79.675,34.805],[-79.462,34.63],[-79.45,34.621],[-79.633,34.298],[-79.658,34.305],[-79.751,34.437],[-79.753,34.514],[-79.83,34.532],[-79.777,34.613],[-79.872,34.694],[-79.927,34.808],[-79.925,34.808]]]},"properties":{"fips":"45069","name":"Marlboro","st":"SC","sites":1,"pop":6427,"trend":-0.003,"weeks":[{"w":"2026-09-19","t":-0.003,"n":1},{"w":"2026-09-12","t":-2.0,"n":1},{"w":"2026-09-05","t":0.251,"n":1},{"w":"2026-08-29","t":2.0,"n":1},{"w":"2026-08-22","t":1.814,"n":1},{"w":"2026-08-15","t":0.0,"n":1},{"w":"2026-08-08","t":0.0,"n":1},{"w":"2026-08-01","t":0.0,"n":1}]}},{"type":"Feature","geometry":{"type":"Polygon","coordinates":[[[-83.353,34.729],[-83.32,34.76],[-83.324,34.79],[-83.285,34.823],[-83.253,34.853],[-83.201,34.885],[-83.141,34.925],[-83.124,34.955],[-83.109,35.001],[-83.108,35.001],[-83.008,35.027],[-82.898,35.056],[-82.944,34.988],[-82.903,34.935],[-82.9,34.741],[-82.856,34.725],[-82.84,34.623],[-82.978,34.493],[-82.991,34.473],[-82.995,34.472],[-83.048,34.493],[-83.051,34.495],[-83.097,34.532],[-83.103,34.537],[-83.155,34.588],[-83.221,34.61],[-83.278,34.645],[-83.339,34.682],[-83.34,34.686],[-83.35,34.717],[-83.353,34.729]]]},"properties":{"fips":"45073","name":"Oconee","st":"SC","sites":1,"pop":16500,"trend":-0.767,"weeks":[{"w":"2026-09-19","t":null,"n":0},{"w":"2026-09-12","t":-0.767,"n":1},{"w":"2026-09-05","t":0.092,"n":1},{"w":"2026-08-29","t":0.037,"n":1},{"w":"2026-08-22","t":2.0,"n":1},{"w":"2026-08-15","t":null,"n":0},{"w":"2026-08-08","t":null,"n":0},{"w":"2026-08-01","t":null,"n":0}]}},{"type":"Feature","geometry":{"type":"Polygon","coordinates":[[[-81.373,33.49],[-81.187,33.653],[-81.087,33.695],[-81.043,33.707],[-80.984,33.645],[-80.94,33.609],[-80.808,33.604],[-80.617,33.466],[-80.552,33.565],[-80.496,33.558],[-80.393,33.445],[-80.222,33.444],[-80.254,33.299],[-80.362,33.257],[-80.485,33.28],[-80.503,33.334],[-80.79,33.181],[-80.798,33.177],[-80.846,33.238],[-80.887,33.264],[-80.89,33.261],[-80.892,33.268],[-80.918,33.283],[-80.94,33.304],[-81.223,33.44],[-81.301,33.481],[-81.373,33.49]]]},"properties":{"fips":"45075","name":"Orangeburg","st":"SC","sites":1,"pop":11000,"trend":null,"weeks":[{"w":"2026-09-19","t":null,"n":0},{"w":"2026-09-12","t":null,"n":0},{"w":"2026-09-05","t":null,"n":0},{"w":"2026-08-29","t":null,"n":0},{"w":"2026-08-22","t":null,"n":0},{"w":"2026-08-15","t":null,"n":0},{"w":"2026-08-08","t":null,"n":0},{"w":"2026-08-01","t":null,"n":0}]}},{"type":"Feature","geometry":{"type":"Polygon","coordinates":[[[-82.944,34.988],[-82.898,35.056],[-82.897,35.056],[-82.783,35.086],[-82.762,35.082],[-82.75,35.048],[-82.571,35.075],[-82.594,35.008],[-82.538,35.015],[-82.487,34.819],[-82.788,34.673],[-82.84,34.623],[-82.856,34.725],[-82.9,34.741],[-82.903,34.935],[-82.944,34.988]]]},"properties":{"fips":"45077","name":"Pickens","st":"SC","sites":1,"pop":9000,"trend":0.21,"weeks":[{"w":"2026-09-19","t":null,"n":0},{"w":"2026-09-12","t":0.21,"n":1},{"w":"2026-09-05","t":1.097,"n":1},{"w":"2026-08-29","t":0.974,"n":1},{"w":"2026-08-22","t":0.14,"n":1},{"w":"2026-08-15","t":2.0,"n":1},{"w":"2026-08-08","t":2.0,"n":1},{"w":"2026-08-01","t":1.897,"n":1}]}},{"type":"Feature","geometry":{"type":"Polygon","coordinates":[[[-81.317,34.239],[-81.178,34.175],[-81.181,34.22],[-81.096,34.214],[-80.826,34.269],[-80.87,34.182],[-80.693,34.081],[-80.616,34.1],[-80.636,34.085],[-80.601,34.036],[-80.634,33.853],[-80.616,33.815],[-80.598,33.804],[-80.606,33.757],[-80.62,33.743],[-80.785,33.761],[-80.917,33.814],[-81.012,33.88],[-81.052,33.998],[-81.139,34.068],[-81.276,34.097],[-81.339,34.198],[-81.317,34.239]]]},"properties":{"fips":"45079","name":"Richland","st":"SC","sites":2,"pop":71399,"trend":-0.083,"weeks":[{"w":"2026-09-19","t":-0.083,"n":2},{"w":"2026-09-12","t":-0.12,"n":2},{"w":"2026-09-05","t":0.36,"n":2},{"w":"2026-08-29","t":0.393,"n":2},{"w":"2026-08-22","t":1.694,"n":2},{"w":"2026-08-15","t":2.0,"n":2},{"w":"2026-08-08","t":-1.361,"n":2},{"w":"2026-08-01","t":-1.976,"n":2}]}},{"type":"Feature","geometry":{"type":"Polygon","coordinates":[[[-82.216,35.193],[-82.048,35.19],[-82.04,35.189],[-81.969,35.187],[-81.874,35.184],[-81.806,35.056],[-81.755,34.93],[-81.714,34.913],[-81.783,34.837],[-81.852,34.595],[-81.863,34.58],[-82.005,34.662],[-82.146,34.785],[-82.165,34.797],[-82.226,34.85],[-82.216,35.193]]]},"properties":{"fips":"45083","name":"Spartanburg","st":"SC","sites":4,"pop":62700,"trend":0.0,"weeks":[{"w":"2026-09-19","t":0.0,"n":1},{"w":"2026-09-12","t":0.0,"n":1},{"w":"2026-09-05","t":0.0,"n":1},{"w":"2026-08-29","t":-1.859,"n":1},{"w":"2026-08-22","t":-1.859,"n":1},{"w":"2026-08-15","t":1.859,"n":1},{"w":"2026-08-08","t":1.859,"n":1},{"w":"2026-08-01","t":0.0,"n":1}]}},{"type":"Feature","geometry":{"type":"Polygon","coordinates":[[[-81.487,35.035],[-81.409,35.047],[-81.368,35.164],[-81.328,35.162],[-81.043,35.149],[-81.042,35.147],[-81.037,35.123],[-81.058,35.073],[-81.041,35.045],[-80.935,35.107],[-80.906,35.075],[-80.869,34.951],[-80.867,34.848],[-80.898,34.821],[-81.478,34.822],[-81.457,34.839],[-81.492,34.949],[-81.487,35.035]]]},"properties":{"fips":"45091","name":"York","st":"SC","sites":1,"pop":88000,"trend":-0.099,"weeks":[{"w":"2026-09-19","t":-0.099,"n":1},{"w":"2026-09-12","t":-0.012,"n":1},{"w":"2026-09-05","t":0.067,"n":1},{"w":"2026-08-29","t":0.222,"n":1},{"w":"2026-08-22","t":0.442,"n":1},{"w":"2026-08-15","t":0.554,"n":1},{"w":"2026-08-08","t":0.402,"n":1},{"w":"2026-08-01","t":0.016,"n":1}]}},{"type":"Feature","geometry":{"type":"Polygon","coordinates":[[[-98.706,44.634],[-97.978,44.632],[-97.856,44.631],[-97.853,44.544],[-97.854,44.195],[-98.332,44.197],[-98.7,44.197],[-98.706,44.634]]]},"properties":{"fips":"46005","name":"Beadle","st":"SD","sites":1,"pop":14000,"trend":0.0,"weeks":[{"w":"2026-09-19","t":null,"n":0},{"w":"2026-09-12","t":0.0,"n":1},{"w":"2026-09-05","t":0.0,"n":1},{"w":"2026-08-29","t":0.0,"n":1},{"w":"2026-08-22","t":0.0,"n":1},{"w":"2026-08-15","t":0.0,"n":1},{"w":"2026-08-08","t":0.0,"n":1},{"w":"2026-08-01","t":-1.684,"n":1}]}},{"type":"Feature","geometry":{"type":"Polygon","coordinates":[[[-100.526,44.547],[-99.676,44.548],[-99.664,44.539],[-99.664,44.218],[-99.696,44.172],[-99.61,44.149],[-99.612,44.104],[-99.769,44.136],[-99.884,44.13],[-99.938,44.195],[-99.892,44.242],[-100.085,44.308],[-100.365,44.356],[-100.386,44.44],[-100.58,44.462],[-100.526,44.547]]]},"properties":{"fips":"46065","name":"Hughes","st":"SD","sites":1,"pop":13788,"trend":2.0,"weeks":[{"w":"2026-09-19","t":2.0,"n":1},{"w":"2026-09-12","t":2.0,"n":1},{"w":"2026-09-05","t":0.0,"n":1},{"w":"2026-08-29","t":0.0,"n":1},{"w":"2026-08-22","t":0.0,"n":1},{"w":"2026-08-15","t":0.0,"n":1},{"w":"2026-08-08","t":0.0,"n":1},{"w":"2026-08-01","t":0.0,"n":1}]}},{"type":"Feature","geometry":{"type":"Polygon","coordinates":[[[-96.925,43.5],[-96.599,43.5],[-96.585,43.47],[-96.594,43.434],[-96.522,43.386],[-96.524,43.347],[-96.53,43.3],[-96.579,43.291],[-96.559,43.258],[-96.553,43.247],[-96.522,43.221],[-96.476,43.221],[-96.459,43.143],[-96.439,43.114],[-96.452,43.083],[-96.806,43.084],[-96.924,43.084],[-96.925,43.5]]]},"properties":{"fips":"46083","name":"Lincoln","st":"SD","sites":2,"pop":222000,"trend":-0.12,"weeks":[{"w":"2026-09-19","t":-0.12,"n":2},{"w":"2026-09-12","t":-0.165,"n":2},{"w":"2026-09-05","t":0.553,"n":2},{"w":"2026-08-29","t":0.766,"n":2},{"w":"2026-08-22","t":0.37,"n":2},{"w":"2026-08-15","t":0.224,"n":2},{"w":"2026-08-08","t":0.049,"n":2},{"w":"2026-08-01","t":0.127,"n":2}]}},{"type":"Feature","geometry":{"type":"Polygon","coordinates":[[[-97.129,43.848],[-96.889,43.848],[-96.453,43.85],[-96.453,43.552],[-96.453,43.5],[-96.599,43.5],[-96.925,43.5],[-97.129,43.5],[-97.129,43.848]]]},"properties":{"fips":"46099","name":"Minnehaha","st":"SD","sites":1,"pop":219000,"trend":-0.122,"weeks":[{"w":"2026-09-19","t":-0.122,"n":1},{"w":"2026-09-12","t":-0.167,"n":1},{"w":"2026-09-05","t":0.561,"n":1},{"w":"2026-08-29","t":0.804,"n":1},{"w":"2026-08-22","t":0.402,"n":1},{"w":"2026-08-15","t":0.2,"n":1},{"w":"2026-08-08","t":0.022,"n":1},{"w":"2026-08-01","t":0.129,"n":1}]}},{"type":"Feature","geometry":{"type":"Polygon","coordinates":[[[-96.806,43.084],[-96.452,43.083],[-96.458,43.068],[-96.512,43.04],[-96.493,43.005],[-96.52,42.978],[-96.5,42.959],[-96.542,42.923],[-96.54,42.909],[-96.538,42.878],[-96.578,42.828],[-96.622,42.779],[-96.625,42.725],[-96.592,42.688],[-96.527,42.641],[-96.48,42.561],[-96.477,42.556],[-96.493,42.517],[-96.477,42.51],[-96.446,42.491],[-96.501,42.483],[-96.525,42.51],[-96.611,42.506],[-96.628,42.527],[-96.659,42.566],[-96.709,42.604],[-96.698,42.659],[-96.778,42.663],[-96.802,42.699],[-96.807,42.701],[-96.806,43.084]]]},"properties":{"fips":"46127","name":"Union","st":"SD","sites":1,"pop":110000,"trend":0.0,"weeks":[{"w":"2026-09-19","t":0.0,"n":1},{"w":"2026-09-12","t":0.0,"n":1},{"w":"2026-09-05","t":0.0,"n":1},{"w":"2026-08-29","t":-1.632,"n":1},{"w":"2026-08-22","t":-2.0,"n":1},{"w":"2026-08-15","t":0.037,"n":1},{"w":"2026-08-08","t":2.0,"n":1},{"w":"2026-08-01","t":1.595,"n":1}]}},{"type":"Feature","geometry":{"type":"Polygon","coordinates":[[[-96.053,32.006],[-95.429,32.084],[-95.446,31.999],[-95.424,31.932],[-95.447,31.843],[-95.413,31.835],[-95.397,31.765],[-95.276,31.657],[-95.259,31.61],[-95.273,31.593],[-95.652,31.542],[-95.739,31.504],[-95.71,31.616],[-95.736,31.654],[-95.787,31.618],[-95.794,31.66],[-95.861,31.687],[-95.876,31.756],[-95.981,31.785],[-96.022,31.958],[-96.062,31.956],[-96.053,32.006]]]},"properties":{"fips":"48001","name":"Anderson","st":"TX","sites":1,"pop":19372,"trend":0.405,"weeks":[{"w":"2026-09-19","t":null,"n":0},{"w":"2026-09-12","t":0.405,"n":1},{"w":"2026-09-05","t":-0.199,"n":1},{"w":"2026-08-29","t":null,"n":0},{"w":"2026-08-22","t":null,"n":0},{"w":"2026-08-15","t":null,"n":0},{"w":"2026-08-08","t":null,"n":0},{"w":"2026-08-01","t":null,"n":0}]}},{"type":"Feature","geometry":{"type":"Polygon","coordinates":[[[-103.065,32.522],[-102.211,32.523],[-102.211,32.087],[-102.287,32.087],[-102.799,32.086],[-102.844,32.087],[-103.064,32.087],[-103.064,32.145],[-103.065,32.522]]]},"properties":{"fips":"48003","name":"Andrews","st":"TX","sites":1,"pop":13502,"trend":0.061,"weeks":[{"w":"2026-09-19","t":null,"n":0},{"w":"2026-09-12","t":0.061,"n":1},{"w":"2026-09-05","t":-0.463,"n":1},{"w":"2026-08-29","t":null,"n":0},{"w":"2026-08-22","t":null,"n":0},{"w":"2026-08-15","t":null,"n":0},{"w":"2026-08-08","t":null,"n":0},{"w":"2026-08-01","t":null,"n":0}]}},{"type":"Feature","geometry":{"type":"Polygon","coordinates":[[[-96.567,30.696],[-96.458,30.744],[-96.338,30.921],[-96.241,30.974],[-96.207,30.947],[-96.168,30.823],[-96.188,30.599],[-96.122,30.443],[-96.08,30.43],[-96.147,30.383],[-96.155,30.33],[-96.179,30.395],[-96.299,30.379],[-96.272,30.416],[-96.341,30.475],[-96.359,30.542],[-96.51,30.628],[-96.602,30.642],[-96.567,30.696]]]},"properties":{"fips":"48041","name":"Brazos","st":"TX","sites":1,"pop":58250,"trend":0.104,"weeks":[{"w":"2026-09-19","t":null,"n":0},{"w":"2026-09-12","t":0.104,"n":1},{"w":"2026-09-05","t":0.28,"n":1},{"w":"2026-08-29","t":null,"n":0},{"w":"2026-08-22","t":null,"n":0},{"w":"2026-08-15","t":null,"n":0},{"w":"2026-08-08","t":null,"n":0},{"w":"2026-08-01","t":null,"n":0}]}},{"type":"Feature","geometry":{"type":"Polygon","coordinates":[[[-96.842,33.086],[-96.838,33.263],[-96.834,33.405],[-96.385,33.398],[-96.384,33.341],[-96.295,33.352],[-96.297,32.982],[-96.467,32.982],[-96.517,32.983],[-96.613,32.984],[-96.803,32.987],[-96.844,32.987],[-96.842,33.086]]]},"properties":{"fips":"48085","name":"Collin","st":"TX","sites":1,"pop":370000,"trend":0.022,"weeks":[{"w":"2026-09-19","t":0.022,"n":1},{"w":"2026-09-12","t":-0.136,"n":1},{"w":"2026-09-05","t":0.042,"n":1},{"w":"2026-08-29","t":0.409,"n":1},{"w":"2026-08-22","t":0.265,"n":1},{"w":"2026-08-15","t":0.023,"n":1},{"w":"2026-08-08","t":0.365,"n":1},{"w":"2026-08-01","t":0.116,"n":1}]}},{"type":"Feature","geometry":{"type":"Polygon","coordinates":[[[-97.036,32.693],[-97.036,32.711],[-97.035,32.759],[-97.035,32.786],[-97.034,32.817],[-97.031,32.99],[-96.99,32.989],[-96.98,32.989],[-96.959,32.989],[-96.844,32.987],[-96.803,32.987],[-96.613,32.984],[-96.517,32.983],[-96.519,32.814],[-96.519,32.796],[-96.523,32.565],[-96.529,32.545],[-97.039,32.549],[-97.036,32.693]]]},"properties":{"fips":"48113","name":"Dallas","st":"TX","sites":3,"pop":4370000,"trend":0.097,"weeks":[{"w":"2026-09-19","t":0.097,"n":2},{"w":"2026-09-12","t":0.061,"n":2},{"w":"2026-09-05","t":0.228,"n":3},{"w":"2026-08-29","t":0.297,"n":2},{"w":"2026-08-22","t":0.177,"n":2},{"w":"2026-08-15","t":-0.024,"n":2},{"w":"2026-08-08","t":0.051,"n":2},{"w":"2026-08-01","t":0.075,"n":2}]}},{"type":"Feature","geometry":{"type":"Polygon","coordinates":[[[-97.393,33.184],[-97.383,33.43],[-96.944,33.416],[-96.854,33.414],[-96.834,33.405],[-96.838,33.263],[-96.842,33.086],[-96.844,32.987],[-96.959,32.989],[-96.98,32.989],[-96.99,32.989],[-97.031,32.99],[-97.184,32.991],[-97.356,32.992],[-97.398,32.992],[-97.393,33.184]]]},"properties":{"fips":"48121","name":"Denton","st":"TX","sites":3,"pop":348801,"trend":0.085,"weeks":[{"w":"2026-09-19","t":null,"n":0},{"w":"2026-09-12","t":0.085,"n":2},{"w":"2026-09-05","t":0.396,"n":3},{"w":"2026-08-29","t":null,"n":0},{"w":"2026-08-22","t":null,"n":0},{"w":"2026-08-15","t":null,"n":0},{"w":"2026-08-08","t":null,"n":0},{"w":"2026-08-01","t":null,"n":0}]}},{"type":"Feature","geometry":{"type":"Polygon","coordinates":[[[-96.089,29.602],[-96.025,29.603],[-96.033,29.728],[-95.971,29.729],[-95.826,29.789],[-95.751,29.746],[-95.688,29.711],[-95.687,29.71],[-95.653,29.691],[-95.622,29.674],[-95.571,29.649],[-95.446,29.591],[-95.424,29.58],[-95.443,29.51],[-95.463,29.439],[-95.55,29.438],[-95.58,29.34],[-95.626,29.293],[-95.753,29.325],[-95.848,29.263],[-95.947,29.333],[-95.973,29.411],[-96.06,29.473],[-96.045,29.562],[-96.089,29.602]]]},"properties":{"fips":"48157","name":"Fort Bend","st":"TX","sites":1,"pop":20920,"trend":null,"weeks":[{"w":"2026-09-19","t":null,"n":0},{"w":"2026-09-12","t":null,"n":0},{"w":"2026-09-05","t":null,"n":0},{"w":"2026-08-29","t":null,"n":0},{"w":"2026-08-22","t":null,"n":0},{"w":"2026-08-15","t":null,"n":0},{"w":"2026-08-08","t":null,"n":0},{"w":"2026-08-01","t":null,"n":0}]}},{"type":"Feature","geometry":{"type":"Polygon","coordinates":[[[-95.216,29.556],[-95.162,29.497],[-95.103,29.521],[-95.065,29.558],[-95.018,29.555],[-94.91,29.496],[-94.792,29.55],[-94.763,29.524],[-94.546,29.573],[-94.423,29.566],[-94.371,29.556],[-94.501,29.505],[-94.595,29.468],[-94.67,29.431],[-94.731,29.369],[-94.723,29.331],[-94.804,29.279],[-95.026,29.148],[-95.115,29.076],[-95.056,29.2],[-95.192,29.404],[-95.233,29.466],[-95.216,29.556]]]},"properties":{"fips":"48167","name":"Galveston","st":"TX","sites":3,"pop":245000,"trend":-0.03,"weeks":[{"w":"2026-09-19","t":-0.03,"n":3},{"w":"2026-09-12","t":0.008,"n":3},{"w":"2026-09-05","t":0.32,"n":3},{"w":"2026-08-29","t":0.329,"n":3},{"w":"2026-08-22","t":0.075,"n":3},{"w":"2026-08-15","t":0.157,"n":3},{"w":"2026-08-08","t":0.148,"n":3},{"w":"2026-08-01","t":0.267,"n":3}]}},{"type":"Feature","geometry":{"type":"Polygon","coordinates":[[[-94.733,30.49],[-94.538,30.491],[-94.546,30.527],[-94.072,30.526],[-94.119,30.426],[-94.083,30.342],[-94.118,30.242],[-94.091,30.205],[-94.116,30.16],[-94.176,30.188],[-94.275,30.17],[-94.293,30.118],[-94.445,30.113],[-94.596,30.112],[-94.733,30.49]]]},"properties":{"fips":"48199","name":"Hardin","st":"TX","sites":1,"pop":34000,"trend":null,"weeks":[{"w":"2026-09-19","t":null,"n":0},{"w":"2026-09-12","t":null,"n":0},{"w":"2026-09-05","t":null,"n":0},{"w":"2026-08-29","t":null,"n":0},{"w":"2026-08-22","t":null,"n":0},{"w":"2026-08-15","t":null,"n":0},{"w":"2026-08-08","t":null,"n":0},{"w":"2026-08-01","t":null,"n":0}]}},{"type":"Feature","geometry":{"type":"Polygon","coordinates":[[[-95.845,30.089],[-95.803,30.09],[-95.691,30.099],[-95.575,30.152],[-95.542,30.17],[-95.491,30.11],[-95.424,30.115],[-95.405,30.092],[-95.293,30.028],[-95.097,30.167],[-95.036,30.005],[-95.027,29.997],[-95.0,29.991],[-94.981,29.884],[-94.909,29.826],[-94.914,29.766],[-95.015,29.632],[-95.018,29.555],[-95.065,29.558],[-95.103,29.521],[-95.162,29.497],[-95.216,29.556],[-95.254,29.554],[-95.286,29.598],[-95.297,29.597],[-95.331,29.599],[-95.424,29.58],[-95.446,29.591],[-95.571,29.649],[-95.622,29.674],[-95.653,29.691],[-95.687,29.71],[-95.688,29.711],[-95.751,29.746],[-95.826,29.789],[-95.961,30.163],[-95.845,30.089]]]},"properties":{"fips":"48201","name":"Harris","st":"TX","sites":13,"pop":1490732,"trend":null,"weeks":[{"w":"2026-09-19","t":null,"n":0},{"w":"2026-09-12","t":null,"n":0},{"w":"2026-09-05","t":null,"n":0},{"w":"2026-08-29","t":null,"n":0},{"w":"2026-08-22","t":null,"n":0},{"w":"2026-08-15","t":null,"n":0},{"w":"2026-08-08","t":null,"n":0},{"w":"2026-08-01","t":null,"n":0}]}},{"type":"Feature","geometry":{"type":"Polygon","coordinates":[[[-98.173,30.356],[-97.858,30.131],[-97.813,30.099],[-97.781,30.076],[-97.709,30.023],[-97.713,30.021],[-97.899,29.858],[-97.875,29.858],[-97.944,29.807],[-97.999,29.752],[-98.015,29.801],[-98.031,29.849],[-98.121,29.913],[-98.298,30.038],[-98.173,30.356]]]},"properties":{"fips":"48209","name":"Hays","st":"TX","sites":2,"pop":98000,"trend":0.364,"weeks":[{"w":"2026-09-19","t":null,"n":0},{"w":"2026-09-12","t":0.364,"n":2},{"w":"2026-09-05","t":0.455,"n":2},{"w":"2026-08-29","t":null,"n":0},{"w":"2026-08-22","t":null,"n":0},{"w":"2026-08-15","t":null,"n":0},{"w":"2026-08-08","t":null,"n":0},{"w":"2026-08-01","t":null,"n":0}]}},{"type":"Feature","geometry":{"type":"Polygon","coordinates":[[[-96.452,32.359],[-96.196,32.355],[-96.076,32.358],[-95.449,32.355],[-95.489,32.232],[-95.479,32.147],[-95.46,32.136],[-95.429,32.084],[-96.053,32.006],[-96.055,32.013],[-96.105,32.075],[-96.147,32.212],[-96.197,32.207],[-96.383,32.329],[-96.451,32.345],[-96.452,32.359]]]},"properties":{"fips":"48213","name":"Henderson","st":"TX","sites":1,"pop":13503,"trend":-0.455,"weeks":[{"w":"2026-09-19","t":null,"n":0},{"w":"2026-09-12","t":-0.455,"n":1},{"w":"2026-09-05","t":-0.212,"n":1},{"w":"2026-08-29","t":null,"n":0},{"w":"2026-08-22","t":null,"n":0},{"w":"2026-08-15","t":null,"n":0},{"w":"2026-08-08","t":null,"n":0},{"w":"2026-08-01","t":null,"n":0}]}},{"type":"Feature","geometry":{"type":"Polygon","coordinates":[[[-98.593,26.243],[-98.492,26.445],[-98.321,26.783],[-97.985,26.781],[-97.985,26.616],[-97.957,26.612],[-98.004,26.449],[-97.862,26.434],[-97.862,26.348],[-97.862,26.12],[-97.862,26.058],[-97.871,26.058],[-97.944,26.06],[-98.011,26.064],[-98.039,26.041],[-98.091,26.059],[-98.149,26.056],[-98.197,26.056],[-98.205,26.059],[-98.249,26.073],[-98.303,26.11],[-98.308,26.113],[-98.387,26.158],[-98.443,26.199],[-98.503,26.215],[-98.576,26.235],[-98.593,26.243]]]},"properties":{"fips":"48215","name":"Hidalgo","st":"TX","sites":2,"pop":86782,"trend":-0.127,"weeks":[{"w":"2026-09-19","t":null,"n":0},{"w":"2026-09-12","t":-0.127,"n":2},{"w":"2026-09-05","t":0.341,"n":2},{"w":"2026-08-29","t":null,"n":0},{"w":"2026-08-22","t":null,"n":0},{"w":"2026-08-15","t":null,"n":0},{"w":"2026-08-08","t":null,"n":0},{"w":"2026-08-01","t":null,"n":0}]}},{"type":"Feature","geometry":{"type":"Polygon","coordinates":[[[-94.445,30.113],[-94.293,30.118],[-94.275,30.17],[-94.176,30.188],[-94.116,30.16],[-94.032,30.028],[-93.86,29.977],[-93.841,29.949],[-93.852,29.872],[-93.872,29.852],[-93.929,29.803],[-93.891,29.762],[-93.863,29.724],[-93.838,29.691],[-93.861,29.679],[-93.962,29.682],[-94.057,29.671],[-94.162,29.637],[-94.354,29.562],[-94.358,29.887],[-94.442,29.89],[-94.445,30.113]]]},"properties":{"fips":"48245","name":"Jefferson","st":"TX","sites":1,"pop":112193,"trend":0.018,"weeks":[{"w":"2026-09-19","t":null,"n":0},{"w":"2026-09-12","t":0.018,"n":1},{"w":"2026-09-05","t":-0.001,"n":1},{"w":"2026-08-29","t":null,"n":0},{"w":"2026-08-22","t":null,"n":0},{"w":"2026-08-15","t":null,"n":0},{"w":"2026-08-08","t":null,"n":0},{"w":"2026-08-01","t":null,"n":0}]}},{"type":"Feature","geometry":{"type":"Polygon","coordinates":[[[-96.523,32.565],[-96.519,32.796],[-96.519,32.814],[-96.297,32.814],[-96.297,32.842],[-96.077,32.838],[-96.076,32.358],[-96.196,32.355],[-96.452,32.359],[-96.435,32.389],[-96.529,32.545],[-96.523,32.565]]]},"properties":{"fips":"48257","name":"Kaufman","st":"TX","sites":1,"pop":370000,"trend":0.022,"weeks":[{"w":"2026-09-19","t":0.022,"n":1},{"w":"2026-09-12","t":-0.136,"n":1},{"w":"2026-09-05","t":0.042,"n":1},{"w":"2026-08-29","t":0.409,"n":1},{"w":"2026-08-22","t":0.265,"n":1},{"w":"2026-08-15","t":0.023,"n":1},{"w":"2026-08-08","t":0.365,"n":1},{"w":"2026-08-01","t":0.116,"n":1}]}},{"type":"Feature","geometry":{"type":"Polygon","coordinates":[[[-97.605,31.588],[-97.277,31.745],[-97.037,31.863],[-96.932,31.709],[-96.801,31.522],[-97.278,31.28],[-97.343,31.244],[-97.419,31.32],[-97.605,31.588]]]},"properties":{"fips":"48309","name":"McLennan","st":"TX","sites":1,"pop":203344,"trend":0.309,"weeks":[{"w":"2026-09-19","t":null,"n":0},{"w":"2026-09-12","t":0.309,"n":1},{"w":"2026-09-05","t":0.078,"n":1},{"w":"2026-08-29","t":null,"n":0},{"w":"2026-08-22","t":null,"n":0},{"w":"2026-08-15","t":null,"n":0},{"w":"2026-08-08","t":null,"n":0},{"w":"2026-08-01","t":null,"n":0}]}},{"type":"Feature","geometry":{"type":"Polygon","coordinates":[[[-95.83,30.63],[-95.599,30.509],[-95.359,30.504],[-95.308,30.406],[-95.204,30.352],[-95.226,30.32],[-95.166,30.345],[-95.097,30.167],[-95.293,30.028],[-95.405,30.092],[-95.424,30.115],[-95.491,30.11],[-95.542,30.17],[-95.575,30.152],[-95.691,30.099],[-95.803,30.09],[-95.804,30.246],[-95.83,30.63]]]},"properties":{"fips":"48339","name":"Montgomery","st":"TX","sites":1,"pop":52055,"trend":null,"weeks":[{"w":"2026-09-19","t":null,"n":0},{"w":"2026-09-12","t":null,"n":0},{"w":"2026-09-05","t":null,"n":0},{"w":"2026-08-29","t":null,"n":0},{"w":"2026-08-22","t":null,"n":0},{"w":"2026-08-15","t":null,"n":0},{"w":"2026-08-08","t":null,"n":0},{"w":"2026-08-01","t":null,"n":0}]}},{"type":"Feature","geometry":{"type":"Polygon","coordinates":[[[-97.544,32.994],[-97.398,32.992],[-97.356,32.992],[-97.184,32.991],[-97.031,32.99],[-97.034,32.817],[-97.035,32.786],[-97.035,32.759],[-97.036,32.711],[-97.036,32.693],[-97.039,32.549],[-97.087,32.549],[-97.315,32.553],[-97.349,32.553],[-97.386,32.554],[-97.551,32.555],[-97.544,32.994]]]},"properties":{"fips":"48439","name":"Tarrant","st":"TX","sites":1,"pop":1000000,"trend":0.119,"weeks":[{"w":"2026-09-19","t":null,"n":0},{"w":"2026-09-12","t":0.119,"n":1},{"w":"2026-09-05","t":-0.088,"n":1},{"w":"2026-08-29","t":null,"n":0},{"w":"2026-08-22","t":null,"n":0},{"w":"2026-08-15","t":null,"n":0},{"w":"2026-08-08","t":null,"n":0},{"w":"2026-08-01","t":null,"n":0}]}},{"type":"Feature","geometry":{"type":"Polygon","coordinates":[[[-100.147,32.523],[-99.631,32.521],[-99.63,32.515],[-99.631,32.081],[-99.714,32.082],[-100.152,32.083],[-100.147,32.523]]]},"properties":{"fips":"48441","name":"Taylor","st":"TX","sites":1,"pop":125000,"trend":0.351,"weeks":[{"w":"2026-09-19","t":null,"n":0},{"w":"2026-09-12","t":0.351,"n":1},{"w":"2026-09-05","t":0.6,"n":1},{"w":"2026-08-29","t":null,"n":0},{"w":"2026-08-22","t":null,"n":0},{"w":"2026-08-15","t":null,"n":0},{"w":"2026-08-08","t":null,"n":0},{"w":"2026-08-01","t":null,"n":0}]}},{"type":"Feature","geometry":{"type":"Polygon","coordinates":[[[-98.126,30.426],[-98.123,30.486],[-98.05,30.624],[-97.957,30.628],[-97.868,30.546],[-97.859,30.493],[-97.823,30.453],[-97.774,30.431],[-97.596,30.501],[-97.37,30.42],[-97.4,30.368],[-97.491,30.212],[-97.491,30.212],[-97.649,30.068],[-97.709,30.023],[-97.781,30.076],[-97.813,30.099],[-97.858,30.131],[-98.173,30.356],[-98.126,30.426]]]},"properties":{"fips":"48453","name":"Travis","st":"TX","sites":3,"pop":993588,"trend":0.246,"weeks":[{"w":"2026-09-19","t":null,"n":0},{"w":"2026-09-12","t":0.246,"n":3},{"w":"2026-09-05","t":0.08,"n":3},{"w":"2026-08-29","t":null,"n":0},{"w":"2026-08-22","t":null,"n":0},{"w":"2026-08-15","t":null,"n":0},{"w":"2026-08-08","t":null,"n":0},{"w":"2026-08-01","t":null,"n":0}]}},{"type":"Feature","geometry":{"type":"Polygon","coordinates":[[[-97.306,28.864],[-96.976,29.104],[-96.939,29.063],[-96.832,29.021],[-96.792,28.919],[-96.712,28.851],[-96.643,28.712],[-96.854,28.635],[-96.93,28.587],[-96.891,28.507],[-96.915,28.486],[-97.049,28.55],[-97.161,28.553],[-97.182,28.611],[-97.159,28.776],[-97.203,28.854],[-97.306,28.864]]]},"properties":{"fips":"48469","name":"Victoria","st":"TX","sites":1,"pop":65800,"trend":-0.019,"weeks":[{"w":"2026-09-19","t":null,"n":0},{"w":"2026-09-12","t":-0.019,"n":1},{"w":"2026-09-05","t":0.125,"n":1},{"w":"2026-08-29","t":null,"n":0},{"w":"2026-08-22","t":null,"n":0},{"w":"2026-08-15","t":null,"n":0},{"w":"2026-08-08","t":null,"n":0},{"w":"2026-08-01","t":null,"n":0}]}},{"type":"Feature","geometry":{"type":"Polygon","coordinates":[[[-100.198,28.197],[-100.114,28.198],[-99.394,28.205],[-99.394,28.197],[-99.389,28.03],[-98.803,28.057],[-98.798,27.354],[-98.798,27.268],[-98.955,27.269],[-99.334,27.273],[-99.371,27.319],[-99.461,27.262],[-99.463,27.268],[-99.488,27.295],[-99.53,27.306],[-99.488,27.412],[-99.495,27.452],[-99.498,27.5],[-99.528,27.499],[-99.53,27.58],[-99.557,27.614],[-99.625,27.635],[-99.705,27.655],[-99.759,27.717],[-99.802,27.742],[-99.845,27.779],[-99.878,27.824],[-99.904,27.875],[-99.917,27.918],[-99.932,27.968],[-99.985,27.991],[-100.029,28.073],[-100.075,28.125],[-100.174,28.179],[-100.198,28.197]]]},"properties":{"fips":"48479","name":"Webb","st":"TX","sites":1,"pop":30000,"trend":0.543,"weeks":[{"w":"2026-09-19","t":null,"n":0},{"w":"2026-09-12","t":0.543,"n":1},{"w":"2026-09-05","t":0.701,"n":1},{"w":"2026-08-29","t":0.503,"n":1},{"w":"2026-08-22","t":0.308,"n":1},{"w":"2026-08-15","t":-0.074,"n":1},{"w":"2026-08-08","t":-0.007,"n":1},{"w":"2026-08-01","t":0.239,"n":1}]}},{"type":"Feature","geometry":{"type":"Polygon","coordinates":[[[-114.042,41.0],[-114.041,41.208],[-114.04,41.492],[-114.04,41.754],[-114.042,41.994],[-113.818,41.989],[-113.497,41.993],[-113.249,41.996],[-113.001,41.998],[-113.0,41.998],[-112.648,42.0],[-112.265,42.001],[-112.159,41.999],[-112.009,41.795],[-112.043,41.71],[-111.981,41.534],[-111.946,41.553],[-111.873,41.485],[-111.885,41.426],[-111.958,41.434],[-111.963,41.365],[-112.029,41.337],[-112.238,41.337],[-112.494,41.077],[-112.799,41.0],[-114.042,41.0],[-114.042,41.0]]]},"properties":{"fips":"49003","name":"Box Elder","st":"UT","sites":2,"pop":33894,"trend":2.0,"weeks":[{"w":"2026-09-19","t":null,"n":0},{"w":"2026-09-12","t":2.0,"n":1},{"w":"2026-09-05","t":-1.252,"n":2},{"w":"2026-08-29","t":-2.0,"n":2},{"w":"2026-08-22","t":-1.949,"n":2},{"w":"2026-08-15","t":2.0,"n":2},{"w":"2026-08-08","t":0.71,"n":2},{"w":"2026-08-01","t":-2.0,"n":2}]}},{"type":"Feature","geometry":{"type":"Polygon","coordinates":[[[-112.11,41.998],[-112.109,41.998],[-111.751,41.999],[-111.508,42.0],[-111.508,42.0],[-111.471,41.928],[-111.508,41.853],[-111.461,41.817],[-111.402,41.654],[-111.511,41.423],[-111.667,41.429],[-111.761,41.369],[-111.885,41.426],[-111.873,41.485],[-111.946,41.553],[-111.981,41.534],[-112.043,41.71],[-112.009,41.795],[-112.159,41.999],[-112.11,41.998]]]},"properties":{"fips":"49005","name":"Cache","st":"UT","sites":2,"pop":103100,"trend":0.164,"weeks":[{"w":"2026-09-19","t":null,"n":0},{"w":"2026-09-12","t":0.164,"n":2},{"w":"2026-09-05","t":0.22,"n":2},{"w":"2026-08-29","t":0.196,"n":2},{"w":"2026-08-22","t":0.218,"n":2},{"w":"2026-08-15","t":0.013,"n":2},{"w":"2026-08-08","t":0.055,"n":2},{"w":"2026-08-01","t":0.434,"n":2}]}},{"type":"Feature","geometry":{"type":"Polygon","coordinates":[[[-111.247,39.813],[-110.858,39.813],[-109.977,39.806],[-109.883,39.806],[-109.962,39.726],[-110.038,39.567],[-110.024,39.469],[-110.024,39.469],[-111.081,39.467],[-111.085,39.522],[-111.132,39.614],[-111.159,39.596],[-111.247,39.704],[-111.247,39.813]]]},"properties":{"fips":"49007","name":"Carbon","st":"UT","sites":1,"pop":17312,"trend":0.526,"weeks":[{"w":"2026-09-19","t":null,"n":0},{"w":"2026-09-12","t":0.526,"n":1},{"w":"2026-09-05","t":0.098,"n":1},{"w":"2026-08-29","t":-0.097,"n":1},{"w":"2026-08-22","t":-0.324,"n":1},{"w":"2026-08-15","t":0.165,"n":1},{"w":"2026-08-08","t":0.391,"n":1},{"w":"2026-08-01","t":2.0,"n":1}]}},{"type":"Feature","geometry":{"type":"Polygon","coordinates":[[[-112.452,41.087],[-112.187,41.153],[-111.856,41.139],[-111.838,41.023],[-111.802,40.993],[-111.815,40.957],[-111.739,40.861],[-111.946,40.822],[-111.959,40.922],[-112.007,40.922],[-112.26,40.769],[-112.494,41.077],[-112.452,41.087]]]},"properties":{"fips":"49011","name":"Davis","st":"UT","sites":5,"pop":608936,"trend":0.238,"weeks":[{"w":"2026-09-19","t":null,"n":0},{"w":"2026-09-12","t":0.238,"n":5},{"w":"2026-09-05","t":0.238,"n":5},{"w":"2026-08-29","t":0.127,"n":5},{"w":"2026-08-22","t":0.038,"n":5},{"w":"2026-08-15","t":0.233,"n":5},{"w":"2026-08-08","t":0.861,"n":5},{"w":"2026-08-01","t":0.756,"n":5}]}},{"type":"Feature","geometry":{"type":"Polygon","coordinates":[[[-110.892,40.727],[-110.822,40.71],[-110.751,40.748],[-110.656,40.74],[-110.626,40.769],[-110.561,40.758],[-110.379,40.787],[-110.293,40.833],[-110.138,40.811],[-110.001,40.814],[-109.976,40.81],[-109.977,39.806],[-110.858,39.813],[-110.858,39.9],[-110.892,39.9],[-110.902,40.678],[-110.892,40.727]]]},"properties":{"fips":"49013","name":"Duchesne","st":"UT","sites":1,"pop":6790,"trend":-2.0,"weeks":[{"w":"2026-09-19","t":null,"n":0},{"w":"2026-09-12","t":-2.0,"n":1},{"w":"2026-09-05","t":0.0,"n":1},{"w":"2026-08-29","t":2.0,"n":1},{"w":"2026-08-22","t":0.0,"n":1},{"w":"2026-08-15","t":0.0,"n":1},{"w":"2026-08-08","t":null,"n":0},{"w":"2026-08-01","t":0.0,"n":1}]}},{"type":"Feature","geometry":{"type":"Polygon","coordinates":[[[-110.14,38.924],[-110.15,38.98],[-110.069,38.979],[-110.004,38.95],[-110.041,38.994],[-110.096,38.986],[-110.156,39.033],[-110.099,39.136],[-110.099,39.19],[-110.055,39.228],[-110.077,39.276],[-110.011,39.416],[-110.024,39.469],[-110.024,39.469],[-109.953,39.462],[-109.107,39.462],[-109.051,39.498],[-109.051,39.367],[-109.052,39.126],[-109.06,38.5],[-110.025,38.5],[-109.994,38.527],[-110.058,38.584],[-110.036,38.652],[-110.07,38.656],[-110.113,38.732],[-110.084,38.752],[-110.179,38.907],[-110.14,38.924]]]},"properties":{"fips":"49019","name":"Grand","st":"UT","sites":1,"pop":9896,"trend":0.025,"weeks":[{"w":"2026-09-19","t":null,"n":0},{"w":"2026-09-12","t":0.025,"n":1},{"w":"2026-09-05","t":0.099,"n":1},{"w":"2026-08-29","t":0.156,"n":1},{"w":"2026-08-22","t":0.237,"n":1},{"w":"2026-08-15","t":0.24,"n":1},{"w":"2026-08-08","t":-0.147,"n":1},{"w":"2026-08-01","t":-0.224,"n":1}]}},{"type":"Feature","geometry":{"type":"Polygon","coordinates":[[[-114.052,37.746],[-114.05,37.881],[-114.05,38.149],[-114.05,38.149],[-113.471,38.149],[-112.479,38.147],[-112.468,37.89],[-112.588,37.89],[-112.579,37.805],[-112.689,37.806],[-112.684,37.544],[-112.901,37.543],[-112.901,37.5],[-113.037,37.5],[-113.037,37.474],[-113.253,37.482],[-113.253,37.529],[-113.474,37.529],[-113.474,37.618],[-113.588,37.605],[-114.052,37.605],[-114.052,37.746]]]},"properties":{"fips":"49021","name":"Iron","st":"UT","sites":1,"pop":32451,"trend":-0.455,"weeks":[{"w":"2026-09-19","t":null,"n":0},{"w":"2026-09-12","t":-0.455,"n":1},{"w":"2026-09-05","t":-0.186,"n":1},{"w":"2026-08-29","t":0.358,"n":1},{"w":"2026-08-22","t":0.64,"n":1},{"w":"2026-08-15","t":0.3,"n":1},{"w":"2026-08-08","t":0.014,"n":1},{"w":"2026-08-01","t":0.149,"n":1}]}},{"type":"Feature","geometry":{"type":"Polygon","coordinates":[[[-112.26,40.769],[-112.007,40.922],[-111.959,40.922],[-111.946,40.822],[-111.739,40.861],[-111.664,40.85],[-111.641,40.799],[-111.649,40.773],[-111.606,40.713],[-111.604,40.667],[-111.553,40.609],[-111.594,40.577],[-111.606,40.565],[-111.913,40.453],[-111.982,40.414],[-112.173,40.467],[-112.175,40.604],[-112.196,40.629],[-112.202,40.706],[-112.26,40.769]]]},"properties":{"fips":"49035","name":"Salt Lake","st":"UT","sites":5,"pop":1164101,"trend":0.194,"weeks":[{"w":"2026-09-19","t":null,"n":0},{"w":"2026-09-12","t":0.194,"n":5},{"w":"2026-09-05","t":0.225,"n":5},{"w":"2026-08-29","t":0.186,"n":5},{"w":"2026-08-22","t":0.047,"n":5},{"w":"2026-08-15","t":0.234,"n":5},{"w":"2026-08-08","t":0.265,"n":5},{"w":"2026-08-01","t":0.035,"n":5}]}},{"type":"Feature","geometry":{"type":"Polygon","coordinates":[[[-111.413,37.001],[-111.315,37.012],[-111.269,37.054],[-111.247,37.022],[-111.178,37.103],[-111.058,37.099],[-110.958,37.124],[-110.9,37.176],[-110.874,37.287],[-110.837,37.299],[-110.87,37.349],[-110.778,37.323],[-110.736,37.345],[-110.699,37.431],[-110.746,37.453],[-110.672,37.477],[-110.646,37.541],[-110.563,37.638],[-110.502,37.65],[-110.487,37.704],[-110.428,37.779],[-110.405,37.88],[-110.215,37.893],[-110.202,37.947],[-110.137,38.005],[-110.077,37.999],[-110.009,38.11],[-109.928,38.152],[-109.887,38.19],[-109.932,38.284],[-110.015,38.365],[-110.045,38.453],[-110.025,38.5],[-109.06,38.5],[-109.06,38.275],[-109.042,38.165],[-109.042,38.153],[-109.043,37.881],[-109.044,37.485],[-109.045,36.999],[-109.495,36.999],[-110.001,36.998],[-110.47,36.998],[-110.751,37.003],[-111.066,37.002],[-111.278,37.0],[-111.406,37.001],[-111.413,37.001]]]},"properties":{"fips":"49037","name":"San Juan","st":"UT","sites":1,"pop":9896,"trend":0.025,"weeks":[{"w":"2026-09-19","t":null,"n":0},{"w":"2026-09-12","t":0.025,"n":1},{"w":"2026-09-05","t":0.099,"n":1},{"w":"2026-08-29","t":0.156,"n":1},{"w":"2026-08-22","t":0.237,"n":1},{"w":"2026-08-15","t":0.24,"n":1},{"w":"2026-08-08","t":-0.147,"n":1},{"w":"2026-08-01","t":-0.224,"n":1}]}},{"type":"Feature","geometry":{"type":"Polygon","coordinates":[[[-111.641,40.799],[-111.528,40.785],[-111.48,40.858],[-111.525,40.954],[-111.593,40.993],[-111.508,41.063],[-111.38,41.087],[-111.367,41.13],[-111.265,41.144],[-111.233,41.143],[-111.047,41.252],[-111.047,40.998],[-110.54,40.996],[-110.122,40.997],[-110.048,40.997],[-110.001,40.997],[-110.001,40.814],[-110.138,40.811],[-110.293,40.833],[-110.379,40.787],[-110.561,40.758],[-110.626,40.769],[-110.656,40.74],[-110.751,40.748],[-110.822,40.71],[-110.892,40.727],[-110.902,40.678],[-110.976,40.593],[-111.121,40.59],[-111.151,40.548],[-111.369,40.629],[-111.394,40.691],[-111.49,40.599],[-111.553,40.609],[-111.604,40.667],[-111.606,40.713],[-111.649,40.773],[-111.641,40.799]]]},"properties":{"fips":"49043","name":"Summit","st":"UT","sites":2,"pop":31834,"trend":0.317,"weeks":[{"w":"2026-09-19","t":null,"n":0},{"w":"2026-09-12","t":0.317,"n":2},{"w":"2026-09-05","t":0.578,"n":2},{"w":"2026-08-29","t":-0.385,"n":2},{"w":"2026-08-22","t":-0.631,"n":2},{"w":"2026-08-15","t":0.777,"n":2},{"w":"2026-08-08","t":0.725,"n":2},{"w":"2026-08-01","t":0.075,"n":2}]}},{"type":"Feature","geometry":{"type":"Polygon","coordinates":[[[-114.046,40.098],[-114.046,40.117],[-114.046,40.398],[-114.046,40.496],[-114.044,40.726],[-114.042,41.0],[-112.799,41.0],[-112.494,41.077],[-112.26,40.769],[-112.202,40.706],[-112.196,40.629],[-112.175,40.604],[-112.173,40.467],[-112.212,40.459],[-112.176,40.336],[-112.18,40.232],[-112.147,40.178],[-112.18,40.012],[-112.27,39.939],[-112.332,39.953],[-112.342,39.904],[-113.248,39.905],[-114.047,39.906],[-114.046,40.098]]]},"properties":{"fips":"49045","name":"Tooele","st":"UT","sites":1,"pop":36244,"trend":0.066,"weeks":[{"w":"2026-09-19","t":null,"n":0},{"w":"2026-09-12","t":0.066,"n":1},{"w":"2026-09-05","t":-0.066,"n":1},{"w":"2026-08-29","t":0.152,"n":1},{"w":"2026-08-22","t":0.293,"n":1},{"w":"2026-08-15","t":0.08,"n":1},{"w":"2026-08-08","t":-0.05,"n":1},{"w":"2026-08-01","t":2.0,"n":1}]}},{"type":"Feature","geometry":{"type":"Polygon","coordinates":[[[-110.038,39.567],[-109.962,39.726],[-109.883,39.806],[-109.977,39.806],[-109.976,40.81],[-109.87,40.764],[-109.525,40.826],[-109.484,40.74],[-109.394,40.791],[-109.394,40.858],[-109.203,40.858],[-109.163,40.786],[-109.161,40.684],[-109.048,40.663],[-109.048,40.654],[-109.051,40.223],[-109.051,40.181],[-109.051,39.875],[-109.051,39.66],[-109.051,39.498],[-109.107,39.462],[-109.953,39.462],[-110.024,39.469],[-110.038,39.567]]]},"properties":{"fips":"49047","name":"Uintah","st":"UT","sites":1,"pop":29513,"trend":0.346,"weeks":[{"w":"2026-09-19","t":null,"n":0},{"w":"2026-09-12","t":0.346,"n":1},{"w":"2026-09-05","t":0.226,"n":1},{"w":"2026-08-29","t":0.115,"n":1},{"w":"2026-08-22","t":-0.013,"n":1},{"w":"2026-08-15","t":-0.402,"n":1},{"w":"2026-08-08","t":2.0,"n":1},{"w":"2026-08-01","t":2.0,"n":1}]}},{"type":"Feature","geometry":{"type":"Polygon","coordinates":[[[-112.212,40.459],[-112.173,40.467],[-111.982,40.414],[-111.913,40.453],[-111.606,40.565],[-111.594,40.577],[-111.575,40.487],[-111.618,40.438],[-111.555,40.363],[-111.48,40.362],[-111.426,40.287],[-111.315,40.288],[-111.279,40.259],[-111.226,40.167],[-111.249,40.055],[-111.206,40.047],[-111.083,39.943],[-111.082,39.9],[-110.892,39.9],[-110.858,39.9],[-110.858,39.813],[-111.247,39.813],[-111.642,39.813],[-111.766,39.811],[-111.738,39.864],[-111.811,39.94],[-111.909,39.895],[-112.047,39.777],[-112.09,39.782],[-112.054,39.893],[-112.18,40.012],[-112.147,40.178],[-112.18,40.232],[-112.176,40.336],[-112.212,40.459]]]},"properties":{"fips":"49049","name":"Utah","st":"UT","sites":8,"pop":686015,"trend":0.177,"weeks":[{"w":"2026-09-19","t":null,"n":0},{"w":"2026-09-12","t":0.177,"n":8},{"w":"2026-09-05","t":0.115,"n":8},{"w":"2026-08-29","t":0.02,"n":8},{"w":"2026-08-22","t":0.191,"n":8},{"w":"2026-08-15","t":0.405,"n":8},{"w":"2026-08-08","t":0.345,"n":8},{"w":"2026-08-01","t":0.085,"n":8}]}},{"type":"Feature","geometry":{"type":"Polygon","coordinates":[[[-111.575,40.487],[-111.594,40.577],[-111.553,40.609],[-111.49,40.599],[-111.394,40.691],[-111.369,40.629],[-111.151,40.548],[-111.121,40.59],[-110.976,40.593],[-110.902,40.678],[-110.892,39.9],[-111.082,39.9],[-111.083,39.943],[-111.206,40.047],[-111.249,40.055],[-111.226,40.167],[-111.279,40.259],[-111.315,40.288],[-111.426,40.287],[-111.48,40.362],[-111.555,40.363],[-111.618,40.438],[-111.575,40.487]]]},"properties":{"fips":"49051","name":"Wasatch","st":"UT","sites":2,"pop":25742,"trend":0.472,"weeks":[{"w":"2026-09-19","t":null,"n":0},{"w":"2026-09-12","t":0.472,"n":2},{"w":"2026-09-05","t":0.193,"n":2},{"w":"2026-08-29","t":-0.382,"n":2},{"w":"2026-08-22","t":1.558,"n":2},{"w":"2026-08-15","t":1.68,"n":2},{"w":"2026-08-08","t":-0.977,"n":2},{"w":"2026-08-01","t":-1.47,"n":2}]}},{"type":"Feature","geometry":{"type":"Polygon","coordinates":[[[-114.052,37.605],[-113.588,37.605],[-113.474,37.618],[-113.474,37.529],[-113.253,37.529],[-113.253,37.482],[-113.037,37.474],[-113.037,37.5],[-112.901,37.5],[-112.899,37.0],[-112.966,37.0],[-113.966,37.0],[-114.051,37.0],[-114.052,37.088],[-114.052,37.285],[-114.053,37.492],[-114.052,37.605]]]},"properties":{"fips":"49053","name":"Washington","st":"UT","sites":2,"pop":117017,"trend":0.294,"weeks":[{"w":"2026-09-19","t":null,"n":0},{"w":"2026-09-12","t":0.294,"n":2},{"w":"2026-09-05","t":0.392,"n":2},{"w":"2026-08-29","t":0.113,"n":2},{"w":"2026-08-22","t":0.07,"n":2},{"w":"2026-08-15","t":0.51,"n":2},{"w":"2026-08-08","t":0.603,"n":2},{"w":"2026-08-01","t":-0.267,"n":2}]}},{"type":"Feature","geometry":{"type":"Polygon","coordinates":[[[-112.494,41.077],[-112.238,41.337],[-112.029,41.337],[-111.963,41.365],[-111.958,41.434],[-111.885,41.426],[-111.761,41.369],[-111.667,41.429],[-111.511,41.423],[-111.478,41.384],[-111.421,41.361],[-111.497,41.227],[-111.597,41.239],[-111.678,41.181],[-111.8,41.217],[-111.873,41.188],[-111.856,41.139],[-112.187,41.153],[-112.452,41.087],[-112.494,41.077]]]},"properties":{"fips":"49057","name":"Weber","st":"UT","sites":2,"pop":437550,"trend":0.251,"weeks":[{"w":"2026-09-19","t":null,"n":0},{"w":"2026-09-12","t":0.251,"n":2},{"w":"2026-09-05","t":0.249,"n":2},{"w":"2026-08-29","t":0.148,"n":2},{"w":"2026-08-22","t":-0.044,"n":2},{"w":"2026-08-15","t":0.179,"n":2},{"w":"2026-08-08","t":1.176,"n":2},{"w":"2026-08-01","t":1.09,"n":2}]}},{"type":"Feature","geometry":{"type":"Polygon","coordinates":[[[-73.416,44.099],[-73.4,44.153],[-73.395,44.167],[-73.35,44.23],[-73.317,44.258],[-73.317,44.264],[-72.976,44.295],[-72.965,44.231],[-72.952,44.161],[-72.917,44.072],[-72.742,44.03],[-72.791,43.962],[-72.865,43.862],[-72.877,43.903],[-72.98,43.883],[-72.96,43.826],[-73.017,43.805],[-73.03,43.847],[-73.219,43.837],[-73.206,43.767],[-73.361,43.753],[-73.351,43.77],[-73.383,43.808],[-73.39,43.817],[-73.374,43.876],[-73.408,43.93],[-73.411,43.976],[-73.406,44.011],[-73.437,44.043],[-73.416,44.099]]]},"properties":{"fips":"50001","name":"Addison","st":"VT","sites":1,"pop":9000,"trend":-2.0,"weeks":[{"w":"2026-09-19","t":-2.0,"n":1},{"w":"2026-09-12","t":-1.737,"n":1},{"w":"2026-09-05","t":-0.089,"n":1},{"w":"2026-08-29","t":1.869,"n":1},{"w":"2026-08-22","t":1.859,"n":1},{"w":"2026-08-15","t":-1.912,"n":1},{"w":"2026-08-08","t":-1.603,"n":1},{"w":"2026-08-01","t":0.311,"n":1}]}},{"type":"Feature","geometry":{"type":"Polygon","coordinates":[[[-73.364,44.564],[-73.262,44.598],[-73.229,44.723],[-73.038,44.651],[-72.924,44.633],[-72.834,44.557],[-72.81,44.547],[-72.838,44.459],[-72.805,44.452],[-72.84,44.403],[-72.826,44.359],[-72.861,44.367],[-72.906,44.281],[-72.895,44.278],[-72.922,44.223],[-72.952,44.161],[-72.965,44.231],[-72.976,44.295],[-73.317,44.264],[-73.324,44.31],[-73.335,44.357],[-73.321,44.383],[-73.294,44.441],[-73.313,44.507],[-73.348,44.546],[-73.364,44.564]]]},"properties":{"fips":"50007","name":"Chittenden","st":"VT","sites":1,"pop":25000,"trend":0.123,"weeks":[{"w":"2026-09-19","t":null,"n":0},{"w":"2026-09-12","t":0.123,"n":1},{"w":"2026-09-05","t":2.0,"n":1},{"w":"2026-08-29","t":2.0,"n":1},{"w":"2026-08-22","t":-1.679,"n":1},{"w":"2026-08-15","t":-1.977,"n":1},{"w":"2026-08-08","t":-0.114,"n":1},{"w":"2026-08-01","t":1.735,"n":1}]}},{"type":"Feature","geometry":{"type":"Polygon","coordinates":[[[-72.98,43.883],[-72.877,43.903],[-72.865,43.862],[-72.791,43.962],[-72.774,43.94],[-72.774,43.925],[-72.709,43.911],[-72.574,43.873],[-72.46,43.838],[-72.211,43.773],[-72.222,43.76],[-72.285,43.72],[-72.33,43.608],[-72.334,43.606],[-72.379,43.574],[-72.381,43.493],[-72.397,43.429],[-72.397,43.429],[-72.413,43.363],[-72.407,43.337],[-72.403,43.32],[-72.422,43.263],[-72.434,43.233],[-72.685,43.223],[-72.82,43.256],[-72.82,43.299],[-72.869,43.301],[-72.852,43.376],[-72.762,43.371],[-72.724,43.468],[-72.771,43.479],[-72.758,43.587],[-72.7,43.685],[-72.82,43.717],[-72.804,43.741],[-72.819,43.746],[-72.783,43.804],[-72.791,43.824],[-72.831,43.839],[-72.838,43.829],[-72.874,43.84],[-72.884,43.854],[-72.96,43.826],[-72.98,43.883]]]},"properties":{"fips":"50027","name":"Windsor","st":"VT","sites":1,"pop":6000,"trend":0.0,"weeks":[{"w":"2026-09-19","t":null,"n":0},{"w":"2026-09-12","t":0.0,"n":1},{"w":"2026-09-05","t":0.0,"n":1},{"w":"2026-08-29","t":0.0,"n":1},{"w":"2026-08-22","t":0.0,"n":1},{"w":"2026-08-15","t":0.0,"n":1},{"w":"2026-08-08","t":0.0,"n":1},{"w":"2026-08-01","t":0.0,"n":1}]}},{"type":"Feature","geometry":{"type":"Polygon","coordinates":[[[-78.781,38.081],[-78.749,38.207],[-78.655,38.261],[-78.663,38.278],[-78.369,38.184],[-78.342,38.177],[-78.209,38.131],[-78.254,38.063],[-78.307,38.006],[-78.491,37.797],[-78.498,37.763],[-78.644,37.733],[-78.669,37.725],[-78.683,37.782],[-78.839,38.047],[-78.781,38.081]],[[-78.519,38.011],[-78.502,38.011],[-78.455,38.022],[-78.448,38.057],[-78.472,38.071],[-78.508,38.056],[-78.519,38.011]]]},"properties":{"fips":"51003","name":"Albemarle","st":"VA","sites":1,"pop":118266,"trend":0.189,"weeks":[{"w":"2026-09-19","t":null,"n":0},{"w":"2026-09-12","t":0.189,"n":1},{"w":"2026-09-05","t":-0.059,"n":1},{"w":"2026-08-29","t":-0.059,"n":1},{"w":"2026-08-22","t":2.0,"n":1},{"w":"2026-08-15","t":2.0,"n":1},{"w":"2026-08-08","t":0.0,"n":1},{"w":"2026-08-01","t":0.0,"n":1}]}},{"type":"Feature","geometry":{"type":"Polygon","coordinates":[[[-80.29,37.686],[-80.258,37.721],[-80.219,37.783],[-80.2,37.828],[-80.132,37.889],[-80.056,37.952],[-79.935,37.954],[-79.887,37.893],[-79.75,37.885],[-79.693,37.844],[-79.648,37.875],[-79.606,37.862],[-79.674,37.763],[-79.817,37.801],[-79.918,37.702],[-80.021,37.647],[-80.146,37.596],[-80.224,37.624],[-80.292,37.684],[-80.29,37.686]],[[-79.993,37.748],[-79.967,37.757],[-79.98,37.781],[-79.967,37.803],[-79.987,37.814],[-80.0,37.773],[-79.993,37.748]]]},"properties":{"fips":"51005","name":"Alleghany","st":"VA","sites":2,"pop":19000,"trend":2.0,"weeks":[{"w":"2026-09-19","t":2.0,"n":1},{"w":"2026-09-12","t":1.579,"n":2},{"w":"2026-09-05","t":1.313,"n":2},{"w":"2026-08-29","t":0.0,"n":2},{"w":"2026-08-22","t":0.0,"n":2},{"w":"2026-08-15","t":0.0,"n":2},{"w":"2026-08-08","t":0.0,"n":2},{"w":"2026-08-01","t":0.0,"n":2}]}},{"type":"Feature","geometry":{"type":"Polygon","coordinates":[[[-79.345,37.661],[-79.232,37.813],[-79.172,37.803],[-79.138,37.814],[-79.071,37.778],[-79.067,37.72],[-78.986,37.696],[-78.9,37.547],[-78.869,37.542],[-78.95,37.503],[-79.022,37.429],[-79.068,37.386],[-79.085,37.395],[-79.12,37.398],[-79.186,37.466],[-79.342,37.518],[-79.437,37.617],[-79.345,37.661]]]},"properties":{"fips":"51009","name":"Amherst","st":"VA","sites":1,"pop":220000,"trend":2.0,"weeks":[{"w":"2026-09-19","t":null,"n":0},{"w":"2026-09-12","t":2.0,"n":1},{"w":"2026-09-05","t":2.0,"n":1},{"w":"2026-08-29","t":2.0,"n":1},{"w":"2026-08-22","t":0.0,"n":1},{"w":"2026-08-15","t":0.0,"n":1},{"w":"2026-08-08","t":0.0,"n":1},{"w":"2026-08-01","t":0.0,"n":1}]}},{"type":"Feature","geometry":{"type":"Polygon","coordinates":[[[-77.172,38.893],[-77.125,38.93],[-77.12,38.934],[-77.12,38.934],[-77.09,38.904],[-77.039,38.868],[-77.039,38.841],[-77.088,38.827],[-77.111,38.843],[-77.15,38.876],[-77.172,38.893]]]},"properties":{"fips":"51013","name":"Arlington","st":"VA","sites":2,"pop":1832965,"trend":-0.205,"weeks":[{"w":"2026-09-19","t":null,"n":0},{"w":"2026-09-12","t":-0.205,"n":2},{"w":"2026-09-05","t":0.407,"n":2},{"w":"2026-08-29","t":0.611,"n":2},{"w":"2026-08-22","t":0.45,"n":2},{"w":"2026-08-15","t":0.087,"n":2},{"w":"2026-08-08","t":0.045,"n":2},{"w":"2026-08-01","t":0.083,"n":2}]}},{"type":"Feature","geometry":{"type":"Polygon","coordinates":[[[-79.847,37.309],[-79.788,37.351],[-79.779,37.382],[-79.792,37.381],[-79.814,37.404],[-79.79,37.409],[-79.719,37.449],[-79.69,37.476],[-79.659,37.485],[-79.634,37.457],[-79.626,37.455],[-79.589,37.45],[-79.499,37.533],[-79.434,37.572],[-79.437,37.617],[-79.342,37.518],[-79.186,37.466],[-79.267,37.448],[-79.258,37.356],[-79.33,37.238],[-79.443,37.056],[-79.48,37.006],[-79.594,37.042],[-79.67,37.15],[-79.718,37.19],[-79.847,37.225],[-79.858,37.267],[-79.847,37.309]]]},"properties":{"fips":"51019","name":"Bedford","st":"VA","sites":2,"pop":520000,"trend":2.0,"weeks":[{"w":"2026-09-19","t":null,"n":0},{"w":"2026-09-12","t":2.0,"n":1},{"w":"2026-09-05","t":2.0,"n":2},{"w":"2026-08-29","t":2.0,"n":2},{"w":"2026-08-22","t":1.154,"n":2},{"w":"2026-08-15","t":0.0,"n":2},{"w":"2026-08-08","t":0.0,"n":2},{"w":"2026-08-01","t":0.0,"n":2}]}},{"type":"Feature","geometry":{"type":"Polygon","coordinates":[[[-81.437,37.01],[-81.271,37.092],[-81.328,37.139],[-81.225,37.235],[-81.113,37.278],[-80.996,37.3],[-80.981,37.301],[-81.014,37.275],[-80.855,37.147],[-80.931,37.115],[-80.913,37.073],[-81.114,37.023],[-81.225,37.048],[-81.379,36.952],[-81.437,37.01]]]},"properties":{"fips":"51021","name":"Bland","st":"VA","sites":1,"pop":300000,"trend":2.0,"weeks":[{"w":"2026-09-19","t":null,"n":0},{"w":"2026-09-12","t":null,"n":0},{"w":"2026-09-05","t":2.0,"n":1},{"w":"2026-08-29","t":2.0,"n":1},{"w":"2026-08-22","t":2.0,"n":1},{"w":"2026-08-15","t":0.0,"n":1},{"w":"2026-08-08","t":0.0,"n":1},{"w":"2026-08-01","t":0.0,"n":1}]}},{"type":"Feature","geometry":{"type":"Polygon","coordinates":[[[-80.074,37.422],[-79.969,37.544],[-80.021,37.647],[-79.918,37.702],[-79.817,37.801],[-79.674,37.763],[-79.684,37.662],[-79.499,37.533],[-79.589,37.45],[-79.626,37.455],[-79.634,37.457],[-79.659,37.485],[-79.69,37.476],[-79.719,37.449],[-79.79,37.409],[-79.814,37.404],[-79.792,37.381],[-79.779,37.382],[-79.788,37.351],[-79.847,37.309],[-79.865,37.328],[-79.946,37.363],[-80.063,37.408],[-80.074,37.422]]]},"properties":{"fips":"51023","name":"Botetourt","st":"VA","sites":1,"pop":300000,"trend":2.0,"weeks":[{"w":"2026-09-19","t":null,"n":0},{"w":"2026-09-12","t":null,"n":0},{"w":"2026-09-05","t":2.0,"n":1},{"w":"2026-08-29","t":2.0,"n":1},{"w":"2026-08-22","t":2.0,"n":1},{"w":"2026-08-15","t":0.0,"n":1},{"w":"2026-08-08","t":0.0,"n":1},{"w":"2026-08-01","t":0.0,"n":1}]}},{"type":"Feature","geometry":{"type":"Polygon","coordinates":[[[-79.443,37.056],[-79.33,37.238],[-79.258,37.356],[-79.215,37.333],[-79.085,37.395],[-79.068,37.386],[-79.022,37.429],[-78.922,37.246],[-78.824,37.205],[-78.905,37.022],[-78.972,37.05],[-79.092,37.061],[-79.195,37.056],[-79.217,37.119],[-79.341,37.137],[-79.443,37.056]]]},"properties":{"fips":"51031","name":"Campbell","st":"VA","sites":1,"pop":220000,"trend":2.0,"weeks":[{"w":"2026-09-19","t":null,"n":0},{"w":"2026-09-12","t":2.0,"n":1},{"w":"2026-09-05","t":2.0,"n":1},{"w":"2026-08-29","t":2.0,"n":1},{"w":"2026-08-22","t":0.0,"n":1},{"w":"2026-08-15","t":0.0,"n":1},{"w":"2026-08-08","t":0.0,"n":1},{"w":"2026-08-01","t":0.0,"n":1}]}},{"type":"Feature","geometry":{"type":"Polygon","coordinates":[[[-78.465,37.34],[-78.249,37.636],[-78.24,37.69],[-78.181,37.745],[-78.159,37.749],[-78.094,37.709],[-78.072,37.657],[-78.089,37.639],[-78.132,37.455],[-78.185,37.445],[-78.235,37.368],[-78.353,37.302],[-78.465,37.34]]]},"properties":{"fips":"51049","name":"Cumberland","st":"VA","sites":1,"pop":12390,"trend":0.0,"weeks":[{"w":"2026-09-19","t":null,"n":0},{"w":"2026-09-12","t":null,"n":0},{"w":"2026-09-05","t":null,"n":0},{"w":"2026-08-29","t":null,"n":0},{"w":"2026-08-22","t":0.0,"n":1},{"w":"2026-08-15","t":0.0,"n":1},{"w":"2026-08-08","t":-2.0,"n":1},{"w":"2026-08-01","t":-2.0,"n":1}]}},{"type":"Feature","geometry":{"type":"Polygon","coordinates":[[[-77.536,38.847],[-77.432,38.953],[-77.401,38.984],[-77.33,39.056],[-77.311,39.052],[-77.248,39.027],[-77.248,39.027],[-77.25,38.986],[-77.203,38.968],[-77.147,38.964],[-77.12,38.934],[-77.125,38.93],[-77.172,38.893],[-77.189,38.896],[-77.195,38.899],[-77.19,38.894],[-77.194,38.886],[-77.19,38.878],[-77.173,38.879],[-77.158,38.873],[-77.15,38.876],[-77.111,38.843],[-77.143,38.806],[-77.039,38.785],[-77.041,38.747],[-77.041,38.738],[-77.053,38.71],[-77.079,38.71],[-77.086,38.705],[-77.133,38.674],[-77.13,38.635],[-77.224,38.635],[-77.246,38.672],[-77.282,38.696],[-77.3,38.705],[-77.356,38.725],[-77.381,38.723],[-77.388,38.749],[-77.411,38.745],[-77.414,38.773],[-77.443,38.804],[-77.468,38.796],[-77.49,38.81],[-77.509,38.841],[-77.536,38.847]],[[-77.319,38.835],[-77.297,38.836],[-77.271,38.841],[-77.27,38.866],[-77.329,38.865],[-77.319,38.835]]]},"properties":{"fips":"51059","name":"Fairfax","st":"VA","sites":5,"pop":2648866,"trend":-0.451,"weeks":[{"w":"2026-09-19","t":null,"n":0},{"w":"2026-09-12","t":-0.451,"n":3},{"w":"2026-09-05","t":0.047,"n":5},{"w":"2026-08-29","t":0.818,"n":5},{"w":"2026-08-22","t":0.927,"n":5},{"w":"2026-08-15","t":0.43,"n":5},{"w":"2026-08-08","t":0.522,"n":5},{"w":"2026-08-01","t":0.095,"n":5}]}},{"type":"Feature","geometry":{"type":"Polygon","coordinates":[[[-78.062,38.892],[-78.004,38.979],[-77.962,39.014],[-77.655,38.943],[-77.716,38.839],[-77.68,38.778],[-77.625,38.696],[-77.531,38.557],[-77.634,38.467],[-77.635,38.41],[-77.736,38.413],[-77.814,38.53],[-77.877,38.585],[-77.91,38.697],[-77.935,38.696],[-77.996,38.71],[-78.032,38.794],[-78.131,38.865],[-78.062,38.892]]]},"properties":{"fips":"51061","name":"Fauquier","st":"VA","sites":1,"pop":350000,"trend":0.093,"weeks":[{"w":"2026-09-19","t":null,"n":0},{"w":"2026-09-12","t":null,"n":0},{"w":"2026-09-05","t":0.093,"n":1},{"w":"2026-08-29","t":2.0,"n":1},{"w":"2026-08-22","t":2.0,"n":1},{"w":"2026-08-15","t":0.14,"n":1},{"w":"2026-08-08","t":2.0,"n":1},{"w":"2026-08-01","t":2.0,"n":1}]}},{"type":"Feature","geometry":{"type":"Polygon","coordinates":[[[-80.135,36.965],[-80.129,37.123],[-80.083,37.161],[-79.962,37.138],[-79.847,37.225],[-79.718,37.19],[-79.67,37.15],[-79.594,37.042],[-79.641,36.856],[-79.669,36.828],[-79.741,36.807],[-79.999,36.831],[-80.041,36.794],[-80.067,36.842],[-80.235,36.872],[-80.135,36.965]]]},"properties":{"fips":"51067","name":"Franklin","st":"VA","sites":1,"pop":5000,"trend":0.232,"weeks":[{"w":"2026-09-19","t":null,"n":0},{"w":"2026-09-12","t":0.232,"n":1},{"w":"2026-09-05","t":2.0,"n":1},{"w":"2026-08-29","t":2.0,"n":1},{"w":"2026-08-22","t":2.0,"n":1},{"w":"2026-08-15","t":0.0,"n":1},{"w":"2026-08-08","t":0.0,"n":1},{"w":"2026-08-01","t":0.0,"n":1}]}},{"type":"Feature","geometry":{"type":"Polygon","coordinates":[[[-78.508,39.089],[-78.414,39.158],[-78.429,39.187],[-78.405,39.238],[-78.402,39.277],[-78.34,39.353],[-78.337,39.409],[-78.347,39.466],[-78.229,39.391],[-78.187,39.364],[-78.033,39.265],[-78.033,39.265],[-78.11,39.096],[-78.152,39.037],[-78.164,39.018],[-78.314,39.008],[-78.336,39.102],[-78.392,39.102],[-78.454,39.028],[-78.532,39.053],[-78.508,39.089]],[[-78.194,39.16],[-78.183,39.131],[-78.137,39.184],[-78.16,39.203],[-78.188,39.205],[-78.194,39.16]]]},"properties":{"fips":"51069","name":"Frederick","st":"VA","sites":2,"pop":76563,"trend":0.503,"weeks":[{"w":"2026-09-19","t":0.503,"n":1},{"w":"2026-09-12","t":0.681,"n":2},{"w":"2026-09-05","t":-0.183,"n":2},{"w":"2026-08-29","t":-0.3,"n":2},{"w":"2026-08-22","t":0.105,"n":2},{"w":"2026-08-15","t":1.567,"n":2},{"w":"2026-08-08","t":0.158,"n":2},{"w":"2026-08-01","t":-1.567,"n":2}]}},{"type":"Feature","geometry":{"type":"Polygon","coordinates":[[[-76.712,37.431],[-76.647,37.481],[-76.654,37.603],[-76.556,37.555],[-76.438,37.514],[-76.448,37.42],[-76.403,37.393],[-76.438,37.38],[-76.388,37.308],[-76.362,37.27],[-76.377,37.249],[-76.502,37.242],[-76.659,37.38],[-76.712,37.431]]]},"properties":{"fips":"51073","name":"Gloucester","st":"VA","sites":1,"pop":99112,"trend":0.0,"weeks":[{"w":"2026-09-19","t":null,"n":0},{"w":"2026-09-12","t":null,"n":0},{"w":"2026-09-05","t":0.0,"n":1},{"w":"2026-08-29","t":0.0,"n":1},{"w":"2026-08-22","t":0.0,"n":1},{"w":"2026-08-15","t":0.0,"n":1},{"w":"2026-08-08","t":0.0,"n":1},{"w":"2026-08-01","t":0.0,"n":1}]}},{"type":"Feature","geometry":{"type":"Polygon","coordinates":[[[-78.148,37.774],[-78.063,37.905],[-78.051,37.902],[-77.991,37.858],[-77.907,37.822],[-77.882,37.757],[-77.797,37.731],[-77.712,37.706],[-77.631,37.706],[-77.652,37.617],[-77.616,37.578],[-77.655,37.564],[-77.815,37.607],[-77.919,37.692],[-77.982,37.624],[-78.072,37.657],[-78.094,37.709],[-78.159,37.749],[-78.148,37.774]]]},"properties":{"fips":"51075","name":"Goochland","st":"VA","sites":1,"pop":225000,"trend":2.0,"weeks":[{"w":"2026-09-19","t":null,"n":0},{"w":"2026-09-12","t":null,"n":0},{"w":"2026-09-05","t":2.0,"n":1},{"w":"2026-08-29","t":0.0,"n":1},{"w":"2026-08-22","t":0.0,"n":1},{"w":"2026-08-15","t":0.0,"n":1},{"w":"2026-08-08","t":0.0,"n":1},{"w":"2026-08-01","t":0.0,"n":1}]}},{"type":"Feature","geometry":{"type":"Polygon","coordinates":[[[-77.616,37.578],[-77.652,37.617],[-77.631,37.706],[-77.446,37.684],[-77.407,37.613],[-77.391,37.598],[-77.241,37.538],[-77.221,37.533],[-77.177,37.491],[-77.224,37.38],[-77.25,37.382],[-77.28,37.352],[-77.419,37.421],[-77.421,37.448],[-77.386,37.535],[-77.438,37.599],[-77.438,37.599],[-77.444,37.602],[-77.448,37.602],[-77.448,37.603],[-77.455,37.602],[-77.454,37.597],[-77.466,37.597],[-77.466,37.599],[-77.469,37.599],[-77.471,37.598],[-77.477,37.599],[-77.478,37.599],[-77.477,37.598],[-77.479,37.593],[-77.479,37.591],[-77.479,37.588],[-77.478,37.588],[-77.477,37.586],[-77.474,37.582],[-77.474,37.581],[-77.472,37.579],[-77.482,37.573],[-77.491,37.58],[-77.494,37.582],[-77.5,37.575],[-77.513,37.583],[-77.514,37.582],[-77.516,37.582],[-77.516,37.582],[-77.523,37.586],[-77.531,37.592],[-77.532,37.592],[-77.595,37.556],[-77.655,37.564],[-77.616,37.578]]]},"properties":{"fips":"51087","name":"Henrico","st":"VA","sites":2,"pop":555000,"trend":2.0,"weeks":[{"w":"2026-09-19","t":null,"n":0},{"w":"2026-09-12","t":null,"n":0},{"w":"2026-09-05","t":2.0,"n":2},{"w":"2026-08-29","t":0.0,"n":2},{"w":"2026-08-22","t":0.0,"n":2},{"w":"2026-08-15","t":0.0,"n":2},{"w":"2026-08-08","t":0.0,"n":2},{"w":"2026-08-01","t":0.0,"n":2}]}},{"type":"Feature","geometry":{"type":"Polygon","coordinates":[[[-80.094,36.78],[-80.041,36.794],[-79.999,36.831],[-79.741,36.807],[-79.669,36.828],[-79.641,36.856],[-79.715,36.541],[-79.892,36.542],[-80.027,36.542],[-80.027,36.542],[-80.053,36.543],[-80.094,36.78]],[[-79.894,36.672],[-79.859,36.662],[-79.86,36.65],[-79.844,36.644],[-79.838,36.659],[-79.831,36.646],[-79.827,36.659],[-79.844,36.672],[-79.837,36.704],[-79.866,36.713],[-79.881,36.712],[-79.904,36.684],[-79.894,36.672]]]},"properties":{"fips":"51089","name":"Henry","st":"VA","sites":1,"pop":63000,"trend":0.118,"weeks":[{"w":"2026-09-19","t":null,"n":0},{"w":"2026-09-12","t":0.118,"n":1},{"w":"2026-09-05","t":0.053,"n":1},{"w":"2026-08-29","t":0.337,"n":1},{"w":"2026-08-22","t":0.607,"n":1},{"w":"2026-08-15","t":2.0,"n":1},{"w":"2026-08-08","t":2.0,"n":1},{"w":"2026-08-01","t":-1.596,"n":1}]}},{"type":"Feature","geometry":{"type":"Polygon","coordinates":[[[-76.925,36.708],[-76.818,36.882],[-76.85,36.996],[-76.698,37.059],[-76.642,37.154],[-76.646,37.125],[-76.445,36.942],[-76.534,36.916],[-76.691,36.796],[-76.898,36.644],[-76.91,36.648],[-76.918,36.662],[-76.912,36.673],[-76.925,36.684],[-76.912,36.698],[-76.926,36.699],[-76.925,36.708]]]},"properties":{"fips":"51093","name":"Isle of Wight","st":"VA","sites":1,"pop":197608,"trend":2.0,"weeks":[{"w":"2026-09-19","t":null,"n":0},{"w":"2026-09-12","t":null,"n":0},{"w":"2026-09-05","t":2.0,"n":1},{"w":"2026-08-29","t":0.0,"n":1},{"w":"2026-08-22","t":0.0,"n":1},{"w":"2026-08-15","t":0.0,"n":1},{"w":"2026-08-08","t":0.0,"n":1},{"w":"2026-08-01","t":0.0,"n":1}]}},{"type":"Feature","geometry":{"type":"Polygon","coordinates":[[[-76.892,37.433],[-76.742,37.467],[-76.712,37.431],[-76.659,37.38],[-76.756,37.354],[-76.728,37.306],[-76.741,37.273],[-76.665,37.251],[-76.68,37.266],[-76.601,37.238],[-76.591,37.213],[-76.578,37.187],[-76.642,37.154],[-76.66,37.204],[-76.76,37.177],[-76.798,37.214],[-76.883,37.223],[-76.874,37.365],[-76.904,37.378],[-76.892,37.433]]]},"properties":{"fips":"51095","name":"James City","st":"VA","sites":2,"pop":210602,"trend":2.0,"weeks":[{"w":"2026-09-19","t":null,"n":0},{"w":"2026-09-12","t":null,"n":0},{"w":"2026-09-05","t":2.0,"n":2},{"w":"2026-08-29","t":0.656,"n":2},{"w":"2026-08-22","t":0.0,"n":2},{"w":"2026-08-15","t":0.0,"n":2},{"w":"2026-08-08","t":0.0,"n":2},{"w":"2026-08-01","t":0.0,"n":2}]}},{"type":"Feature","geometry":{"type":"Polygon","coordinates":[[[-77.863,39.081],[-77.828,39.132],[-77.828,39.132],[-77.809,39.169],[-77.778,39.229],[-77.72,39.321],[-77.678,39.318],[-77.666,39.317],[-77.588,39.302],[-77.553,39.279],[-77.497,39.251],[-77.46,39.219],[-77.46,39.219],[-77.486,39.186],[-77.521,39.161],[-77.52,39.121],[-77.481,39.106],[-77.463,39.076],[-77.36,39.062],[-77.33,39.056],[-77.401,38.984],[-77.432,38.953],[-77.536,38.847],[-77.549,38.847],[-77.552,38.887],[-77.655,38.943],[-77.962,39.014],[-77.863,39.081]]]},"properties":{"fips":"51107","name":"Loudoun","st":"VA","sites":3,"pop":2250000,"trend":0.056,"weeks":[{"w":"2026-09-19","t":null,"n":0},{"w":"2026-09-12","t":0.056,"n":1},{"w":"2026-09-05","t":0.406,"n":3},{"w":"2026-08-29","t":0.869,"n":3},{"w":"2026-08-22","t":0.485,"n":3},{"w":"2026-08-15","t":-0.381,"n":3},{"w":"2026-08-08","t":0.614,"n":3},{"w":"2026-08-01","t":0.369,"n":3}]}},{"type":"Feature","geometry":{"type":"Polygon","coordinates":[[[-76.438,37.514],[-76.404,37.536],[-76.289,37.536],[-76.273,37.495],[-76.25,37.422],[-76.248,37.375],[-76.276,37.31],[-76.367,37.374],[-76.394,37.396],[-76.403,37.393],[-76.448,37.42],[-76.438,37.514]]]},"properties":{"fips":"51115","name":"Mathews","st":"VA","sites":1,"pop":99112,"trend":0.0,"weeks":[{"w":"2026-09-19","t":null,"n":0},{"w":"2026-09-12","t":null,"n":0},{"w":"2026-09-05","t":0.0,"n":1},{"w":"2026-08-29","t":0.0,"n":1},{"w":"2026-08-22","t":0.0,"n":1},{"w":"2026-08-15","t":0.0,"n":1},{"w":"2026-08-08","t":0.0,"n":1},{"w":"2026-08-01","t":0.0,"n":1}]}},{"type":"Feature","geometry":{"type":"Polygon","coordinates":[[[-80.607,37.245],[-80.501,37.276],[-80.431,37.316],[-80.325,37.369],[-80.262,37.342],[-80.19,37.233],[-80.178,37.113],[-80.348,37.022],[-80.52,37.011],[-80.544,36.985],[-80.543,37.048],[-80.58,37.09],[-80.556,37.1],[-80.555,37.118],[-80.53,37.111],[-80.533,37.118],[-80.509,37.136],[-80.511,37.148],[-80.525,37.148],[-80.526,37.136],[-80.531,37.132],[-80.53,37.134],[-80.516,37.202],[-80.586,37.183],[-80.607,37.245]]]},"properties":{"fips":"51121","name":"Montgomery","st":"VA","sites":2,"pop":122500,"trend":0.369,"weeks":[{"w":"2026-09-19","t":null,"n":0},{"w":"2026-09-12","t":0.369,"n":2},{"w":"2026-09-05","t":2.0,"n":2},{"w":"2026-08-29","t":2.0,"n":2},{"w":"2026-08-22","t":0.857,"n":2},{"w":"2026-08-15","t":0.0,"n":2},{"w":"2026-08-08","t":0.0,"n":2},{"w":"2026-08-01","t":0.0,"n":2}]}},{"type":"Feature","geometry":{"type":"Polygon","coordinates":[[[-77.241,37.538],[-77.14,37.592],[-77.124,37.627],[-76.981,37.567],[-76.858,37.58],[-76.878,37.531],[-76.792,37.518],[-76.742,37.467],[-76.892,37.433],[-76.904,37.378],[-76.904,37.404],[-77.096,37.44],[-77.177,37.491],[-77.221,37.533],[-77.241,37.538]]]},"properties":{"fips":"51127","name":"New Kent","st":"VA","sites":1,"pop":69059,"trend":2.0,"weeks":[{"w":"2026-09-19","t":null,"n":0},{"w":"2026-09-12","t":null,"n":0},{"w":"2026-09-05","t":2.0,"n":1},{"w":"2026-08-29","t":2.0,"n":1},{"w":"2026-08-22","t":0.0,"n":1},{"w":"2026-08-15","t":0.0,"n":1},{"w":"2026-08-08","t":0.0,"n":1},{"w":"2026-08-01","t":0.0,"n":1}]}},{"type":"Feature","geometry":{"type":"Polygon","coordinates":[[[-78.682,37.249],[-78.594,37.346],[-78.594,37.398],[-78.511,37.33],[-78.465,37.34],[-78.353,37.302],[-78.235,37.368],[-78.231,37.296],[-78.239,37.12],[-78.275,37.104],[-78.444,37.079],[-78.547,37.15],[-78.692,37.204],[-78.682,37.249]]]},"properties":{"fips":"51147","name":"Prince Edward","st":"VA","sites":1,"pop":12390,"trend":0.0,"weeks":[{"w":"2026-09-19","t":null,"n":0},{"w":"2026-09-12","t":null,"n":0},{"w":"2026-09-05","t":null,"n":0},{"w":"2026-08-29","t":null,"n":0},{"w":"2026-08-22","t":0.0,"n":1},{"w":"2026-08-15","t":0.0,"n":1},{"w":"2026-08-08","t":-2.0,"n":1},{"w":"2026-08-01","t":-2.0,"n":1}]}},{"type":"Feature","geometry":{"type":"Polygon","coordinates":[[[-77.716,38.839],[-77.655,38.943],[-77.552,38.887],[-77.549,38.847],[-77.536,38.847],[-77.509,38.841],[-77.49,38.81],[-77.468,38.796],[-77.443,38.804],[-77.414,38.773],[-77.411,38.745],[-77.388,38.749],[-77.381,38.723],[-77.356,38.725],[-77.3,38.705],[-77.282,38.696],[-77.246,38.672],[-77.224,38.635],[-77.247,38.635],[-77.295,38.562],[-77.299,38.548],[-77.313,38.502],[-77.487,38.592],[-77.531,38.557],[-77.625,38.696],[-77.68,38.778],[-77.716,38.839]],[[-77.524,38.718],[-77.471,38.728],[-77.459,38.772],[-77.441,38.75],[-77.419,38.77],[-77.445,38.77],[-77.473,38.788],[-77.476,38.781],[-77.524,38.718]]]},"properties":{"fips":"51153","name":"Prince William","st":"VA","sites":3,"pop":607901,"trend":0.265,"weeks":[{"w":"2026-09-19","t":null,"n":0},{"w":"2026-09-12","t":null,"n":0},{"w":"2026-09-05","t":0.265,"n":3},{"w":"2026-08-29","t":1.395,"n":3},{"w":"2026-08-22","t":1.395,"n":3},{"w":"2026-08-15","t":0.929,"n":3},{"w":"2026-08-08","t":1.454,"n":3},{"w":"2026-08-01","t":1.454,"n":3}]}},{"type":"Feature","geometry":{"type":"Polygon","coordinates":[[[-80.931,37.115],[-80.855,37.147],[-80.801,37.18],[-80.607,37.245],[-80.586,37.183],[-80.516,37.202],[-80.53,37.134],[-80.549,37.147],[-80.554,37.147],[-80.573,37.14],[-80.593,37.128],[-80.595,37.125],[-80.596,37.119],[-80.59,37.102],[-80.58,37.09],[-80.543,37.048],[-80.544,36.985],[-80.568,36.961],[-80.634,36.932],[-80.683,36.895],[-80.74,36.879],[-80.893,37.027],[-80.913,37.073],[-80.931,37.115]]]},"properties":{"fips":"51155","name":"Pulaski","st":"VA","sites":1,"pop":70000,"trend":-0.042,"weeks":[{"w":"2026-09-19","t":null,"n":0},{"w":"2026-09-12","t":-0.042,"n":1},{"w":"2026-09-05","t":2.0,"n":1},{"w":"2026-08-29","t":2.0,"n":1},{"w":"2026-08-22","t":0.0,"n":1},{"w":"2026-08-15","t":0.0,"n":1},{"w":"2026-08-08","t":0.0,"n":1},{"w":"2026-08-01","t":0.0,"n":1}]}},{"type":"Feature","geometry":{"type":"Polygon","coordinates":[[[-80.247,37.354],[-80.074,37.422],[-80.063,37.408],[-79.946,37.363],[-79.865,37.328],[-79.847,37.309],[-79.858,37.267],[-79.847,37.225],[-79.962,37.138],[-80.083,37.161],[-80.129,37.123],[-80.178,37.113],[-80.19,37.233],[-80.262,37.342],[-80.247,37.354]],[[-80.082,37.266],[-80.033,37.263],[-79.947,37.213],[-79.879,37.292],[-79.974,37.335],[-80.022,37.308],[-80.12,37.287],[-80.082,37.266]]]},"properties":{"fips":"51161","name":"Roanoke","st":"VA","sites":1,"pop":300000,"trend":2.0,"weeks":[{"w":"2026-09-19","t":null,"n":0},{"w":"2026-09-12","t":null,"n":0},{"w":"2026-09-05","t":2.0,"n":1},{"w":"2026-08-29","t":2.0,"n":1},{"w":"2026-08-22","t":2.0,"n":1},{"w":"2026-08-15","t":0.0,"n":1},{"w":"2026-08-08","t":0.0,"n":1},{"w":"2026-08-01","t":0.0,"n":1}]}},{"type":"Feature","geometry":{"type":"Polygon","coordinates":[[[-79.201,38.528],[-79.154,38.607],[-79.093,38.66],[-79.088,38.69],[-79.057,38.761],[-79.023,38.799],[-78.999,38.84],[-78.869,38.763],[-78.642,38.605],[-78.691,38.51],[-78.486,38.422],[-78.553,38.335],[-78.663,38.278],[-78.655,38.261],[-78.749,38.207],[-78.888,38.304],[-78.913,38.304],[-79.228,38.48],[-79.201,38.528]],[[-78.904,38.415],[-78.915,38.39],[-78.827,38.421],[-78.871,38.49],[-78.915,38.437],[-78.904,38.415]]]},"properties":{"fips":"51165","name":"Rockingham","st":"VA","sites":1,"pop":81000,"trend":2.0,"weeks":[{"w":"2026-09-19","t":null,"n":0},{"w":"2026-09-12","t":2.0,"n":1},{"w":"2026-09-05","t":2.0,"n":1},{"w":"2026-08-29","t":0.0,"n":1},{"w":"2026-08-22","t":0.0,"n":1},{"w":"2026-08-15","t":0.0,"n":1},{"w":"2026-08-08","t":0.0,"n":1},{"w":"2026-08-01","t":0.0,"n":1}]}},{"type":"Feature","geometry":{"type":"Polygon","coordinates":[[[-77.634,38.467],[-77.531,38.557],[-77.487,38.592],[-77.313,38.502],[-77.323,38.467],[-77.317,38.384],[-77.284,38.352],[-77.33,38.334],[-77.327,38.245],[-77.37,38.247],[-77.391,38.246],[-77.447,38.285],[-77.507,38.326],[-77.53,38.309],[-77.604,38.333],[-77.619,38.368],[-77.635,38.41],[-77.634,38.467]]]},"properties":{"fips":"51179","name":"Stafford","st":"VA","sites":2,"pop":136000,"trend":2.0,"weeks":[{"w":"2026-09-19","t":null,"n":0},{"w":"2026-09-12","t":null,"n":0},{"w":"2026-09-05","t":2.0,"n":2},{"w":"2026-08-29","t":-0.706,"n":2},{"w":"2026-08-22","t":-1.353,"n":2},{"w":"2026-08-15","t":1.353,"n":2},{"w":"2026-08-08","t":1.353,"n":2},{"w":"2026-08-01","t":1.353,"n":2}]}},{"type":"Feature","geometry":{"type":"Polygon","coordinates":[[[-82.332,36.709],[-82.104,36.798],[-82.079,36.855],[-81.946,36.865],[-81.837,36.929],[-81.7,36.789],[-81.625,36.646],[-81.606,36.638],[-81.647,36.612],[-81.827,36.615],[-81.923,36.616],[-81.934,36.594],[-82.146,36.595],[-82.106,36.63],[-82.103,36.646],[-82.131,36.677],[-82.114,36.638],[-82.18,36.627],[-82.243,36.595],[-82.294,36.595],[-82.308,36.62],[-82.332,36.709]]]},"properties":{"fips":"51191","name":"Washington","st":"VA","sites":1,"pop":7300,"trend":-0.063,"weeks":[{"w":"2026-09-19","t":null,"n":0},{"w":"2026-09-12","t":null,"n":0},{"w":"2026-09-05","t":-0.063,"n":1},{"w":"2026-08-29","t":2.0,"n":1},{"w":"2026-08-22","t":2.0,"n":1},{"w":"2026-08-15","t":0.0,"n":1},{"w":"2026-08-08","t":0.0,"n":1},{"w":"2026-08-01","t":0.0,"n":1}]}},{"type":"Feature","geometry":{"type":"Polygon","coordinates":[[[-76.756,37.354],[-76.659,37.38],[-76.502,37.242],[-76.377,37.249],[-76.394,37.225],[-76.347,37.19],[-76.413,37.156],[-76.396,37.107],[-76.4,37.096],[-76.438,37.094],[-76.565,37.221],[-76.591,37.213],[-76.601,37.238],[-76.68,37.266],[-76.682,37.293],[-76.728,37.306],[-76.756,37.354]]]},"properties":{"fips":"51199","name":"York","st":"VA","sites":3,"pop":309714,"trend":1.36,"weeks":[{"w":"2026-09-19","t":null,"n":0},{"w":"2026-09-12","t":null,"n":0},{"w":"2026-09-05","t":1.36,"n":3},{"w":"2026-08-29","t":0.446,"n":3},{"w":"2026-08-22","t":0.0,"n":3},{"w":"2026-08-15","t":0.0,"n":3},{"w":"2026-08-08","t":0.0,"n":3},{"w":"2026-08-01","t":0.0,"n":3}]}},{"type":"Feature","geometry":{"type":"Polygon","coordinates":[[[-77.111,38.843],[-77.088,38.827],[-77.039,38.841],[-77.039,38.792],[-77.039,38.785],[-77.143,38.806],[-77.111,38.843]]]},"properties":{"fips":"51510","name":"Alexandria","st":"VA","sites":2,"pop":532965,"trend":-1.971,"weeks":[{"w":"2026-09-19","t":null,"n":0},{"w":"2026-09-12","t":-1.971,"n":2},{"w":"2026-09-05","t":-0.252,"n":2},{"w":"2026-08-29","t":0.903,"n":2},{"w":"2026-08-22","t":2.0,"n":2},{"w":"2026-08-15","t":2.0,"n":2},{"w":"2026-08-08","t":1.126,"n":2},{"w":"2026-08-01","t":-1.126,"n":2}]}},{"type":"Feature","geometry":{"type":"Polygon","coordinates":[[[-78.508,38.056],[-78.472,38.071],[-78.448,38.057],[-78.455,38.022],[-78.502,38.011],[-78.519,38.011],[-78.508,38.056]]]},"properties":{"fips":"51540","name":"Charlottesville","st":"VA","sites":1,"pop":118266,"trend":0.189,"weeks":[{"w":"2026-09-19","t":null,"n":0},{"w":"2026-09-12","t":0.189,"n":1},{"w":"2026-09-05","t":-0.059,"n":1},{"w":"2026-08-29","t":-0.059,"n":1},{"w":"2026-08-22","t":2.0,"n":1},{"w":"2026-08-15","t":2.0,"n":1},{"w":"2026-08-08","t":0.0,"n":1},{"w":"2026-08-01","t":0.0,"n":1}]}},{"type":"Feature","geometry":{"type":"Polygon","coordinates":[[[-76.467,36.746],[-76.456,36.817],[-76.42,36.866],[-76.387,36.852],[-76.4,36.806],[-76.364,36.788],[-76.292,36.799],[-76.29,36.822],[-76.226,36.84],[-76.224,36.821],[-76.204,36.77],[-76.068,36.693],[-76.122,36.666],[-76.122,36.551],[-76.313,36.551],[-76.313,36.551],[-76.491,36.551],[-76.467,36.746]]]},"properties":{"fips":"51550","name":"Chesapeake","st":"VA","sites":3,"pop":920803,"trend":0.429,"weeks":[{"w":"2026-09-19","t":null,"n":0},{"w":"2026-09-12","t":null,"n":0},{"w":"2026-09-05","t":0.429,"n":3},{"w":"2026-08-29","t":0.0,"n":3},{"w":"2026-08-22","t":0.0,"n":3},{"w":"2026-08-15","t":0.0,"n":3},{"w":"2026-08-08","t":0.0,"n":3},{"w":"2026-08-01","t":0.0,"n":3}]}},{"type":"Feature","geometry":{"type":"Polygon","coordinates":[[[-77.329,38.865],[-77.27,38.866],[-77.271,38.841],[-77.297,38.836],[-77.319,38.835],[-77.329,38.865]]]},"properties":{"fips":"51600","name":"Fairfax","st":"VA","sites":1,"pop":350000,"trend":0.093,"weeks":[{"w":"2026-09-19","t":null,"n":0},{"w":"2026-09-12","t":null,"n":0},{"w":"2026-09-05","t":0.093,"n":1},{"w":"2026-08-29","t":2.0,"n":1},{"w":"2026-08-22","t":2.0,"n":1},{"w":"2026-08-15","t":0.14,"n":1},{"w":"2026-08-08","t":2.0,"n":1},{"w":"2026-08-01","t":2.0,"n":1}]}},{"type":"Feature","geometry":{"type":"Polygon","coordinates":[[[-77.195,38.899],[-77.189,38.896],[-77.172,38.893],[-77.15,38.876],[-77.158,38.873],[-77.173,38.879],[-77.19,38.878],[-77.194,38.886],[-77.19,38.894],[-77.195,38.899]]]},"properties":{"fips":"51610","name":"Falls Church","st":"VA","sites":1,"pop":232965,"trend":-2.0,"weeks":[{"w":"2026-09-19","t":null,"n":0},{"w":"2026-09-12","t":-2.0,"n":1},{"w":"2026-09-05","t":2.0,"n":1},{"w":"2026-08-29","t":2.0,"n":1},{"w":"2026-08-22","t":2.0,"n":1},{"w":"2026-08-15","t":2.0,"n":1},{"w":"2026-08-08","t":0.0,"n":1},{"w":"2026-08-01","t":0.0,"n":1}]}},{"type":"Feature","geometry":{"type":"Polygon","coordinates":[[[-76.438,37.094],[-76.4,37.096],[-76.396,37.107],[-76.384,37.112],[-76.293,37.114],[-76.271,37.085],[-76.284,37.053],[-76.304,37.001],[-76.297,36.994],[-76.342,36.925],[-76.384,36.951],[-76.442,37.019],[-76.438,37.094]]]},"properties":{"fips":"51650","name":"Hampton","st":"VA","sites":3,"pop":359152,"trend":0.788,"weeks":[{"w":"2026-09-19","t":null,"n":0},{"w":"2026-09-12","t":null,"n":0},{"w":"2026-09-05","t":0.788,"n":3},{"w":"2026-08-29","t":0.0,"n":3},{"w":"2026-08-22","t":0.0,"n":3},{"w":"2026-08-15","t":0.0,"n":3},{"w":"2026-08-08","t":0.0,"n":3},{"w":"2026-08-01","t":0.0,"n":3}]}},{"type":"Feature","geometry":{"type":"Polygon","coordinates":[[[-78.915,38.437],[-78.871,38.49],[-78.827,38.421],[-78.915,38.39],[-78.904,38.415],[-78.915,38.437]]]},"properties":{"fips":"51660","name":"Harrisonburg","st":"VA","sites":1,"pop":81000,"trend":2.0,"weeks":[{"w":"2026-09-19","t":null,"n":0},{"w":"2026-09-12","t":2.0,"n":1},{"w":"2026-09-05","t":2.0,"n":1},{"w":"2026-08-29","t":0.0,"n":1},{"w":"2026-08-22","t":0.0,"n":1},{"w":"2026-08-15","t":0.0,"n":1},{"w":"2026-08-08","t":0.0,"n":1},{"w":"2026-08-01","t":0.0,"n":1}]}},{"type":"Feature","geometry":{"type":"Polygon","coordinates":[[[-79.267,37.448],[-79.186,37.466],[-79.12,37.398],[-79.085,37.395],[-79.215,37.333],[-79.258,37.356],[-79.267,37.448]]]},"properties":{"fips":"51680","name":"Lynchburg","st":"VA","sites":1,"pop":220000,"trend":2.0,"weeks":[{"w":"2026-09-19","t":null,"n":0},{"w":"2026-09-12","t":2.0,"n":1},{"w":"2026-09-05","t":2.0,"n":1},{"w":"2026-08-29","t":2.0,"n":1},{"w":"2026-08-22","t":0.0,"n":1},{"w":"2026-08-15","t":0.0,"n":1},{"w":"2026-08-08","t":0.0,"n":1},{"w":"2026-08-01","t":0.0,"n":1}]}},{"type":"Feature","geometry":{"type":"Polygon","coordinates":[[[-77.476,38.781],[-77.459,38.772],[-77.471,38.728],[-77.524,38.718],[-77.476,38.781]]]},"properties":{"fips":"51683","name":"Manassas","st":"VA","sites":1,"pop":350000,"trend":0.093,"weeks":[{"w":"2026-09-19","t":null,"n":0},{"w":"2026-09-12","t":null,"n":0},{"w":"2026-09-05","t":0.093,"n":1},{"w":"2026-08-29","t":2.0,"n":1},{"w":"2026-08-22","t":2.0,"n":1},{"w":"2026-08-15","t":0.14,"n":1},{"w":"2026-08-08","t":2.0,"n":1},{"w":"2026-08-01","t":2.0,"n":1}]}},{"type":"Feature","geometry":{"type":"Polygon","coordinates":[[[-77.473,38.788],[-77.445,38.77],[-77.419,38.77],[-77.441,38.75],[-77.459,38.772],[-77.476,38.781],[-77.473,38.788]]]},"properties":{"fips":"51685","name":"Manassas Park","st":"VA","sites":1,"pop":350000,"trend":0.093,"weeks":[{"w":"2026-09-19","t":null,"n":0},{"w":"2026-09-12","t":null,"n":0},{"w":"2026-09-05","t":0.093,"n":1},{"w":"2026-08-29","t":2.0,"n":1},{"w":"2026-08-22","t":2.0,"n":1},{"w":"2026-08-15","t":0.14,"n":1},{"w":"2026-08-08","t":2.0,"n":1},{"w":"2026-08-01","t":2.0,"n":1}]}},{"type":"Feature","geometry":{"type":"Polygon","coordinates":[[[-79.904,36.684],[-79.881,36.712],[-79.866,36.713],[-79.837,36.704],[-79.844,36.672],[-79.827,36.659],[-79.831,36.646],[-79.838,36.659],[-79.844,36.644],[-79.86,36.65],[-79.859,36.662],[-79.894,36.672],[-79.904,36.684]]]},"properties":{"fips":"51690","name":"Martinsville","st":"VA","sites":1,"pop":63000,"trend":0.118,"weeks":[{"w":"2026-09-19","t":null,"n":0},{"w":"2026-09-12","t":0.118,"n":1},{"w":"2026-09-05","t":0.053,"n":1},{"w":"2026-08-29","t":0.337,"n":1},{"w":"2026-08-22","t":0.607,"n":1},{"w":"2026-08-15","t":2.0,"n":1},{"w":"2026-08-08","t":2.0,"n":1},{"w":"2026-08-01","t":-1.596,"n":1}]}},{"type":"Feature","geometry":{"type":"Polygon","coordinates":[[[-76.642,37.154],[-76.578,37.187],[-76.591,37.213],[-76.565,37.221],[-76.438,37.094],[-76.442,37.019],[-76.384,36.951],[-76.4,36.931],[-76.445,36.942],[-76.646,37.125],[-76.642,37.154]]]},"properties":{"fips":"51700","name":"Newport News","st":"VA","sites":4,"pop":428211,"trend":0.984,"weeks":[{"w":"2026-09-19","t":null,"n":0},{"w":"2026-09-12","t":null,"n":0},{"w":"2026-09-05","t":0.984,"n":4},{"w":"2026-08-29","t":0.323,"n":4},{"w":"2026-08-22","t":0.0,"n":4},{"w":"2026-08-15","t":0.0,"n":4},{"w":"2026-08-08","t":0.0,"n":4},{"w":"2026-08-01","t":0.0,"n":4}]}},{"type":"Feature","geometry":{"type":"Polygon","coordinates":[[[-76.342,36.925],[-76.297,36.994],[-76.281,36.978],[-76.268,36.965],[-76.19,36.931],[-76.177,36.929],[-76.193,36.877],[-76.197,36.828],[-76.226,36.84],[-76.29,36.822],[-76.337,36.875],[-76.333,36.896],[-76.342,36.925]]]},"properties":{"fips":"51710","name":"Norfolk","st":"VA","sites":2,"pop":270669,"trend":0.579,"weeks":[{"w":"2026-09-19","t":null,"n":0},{"w":"2026-09-12","t":null,"n":0},{"w":"2026-09-05","t":0.579,"n":2},{"w":"2026-08-29","t":0.0,"n":2},{"w":"2026-08-22","t":0.0,"n":2},{"w":"2026-08-15","t":0.0,"n":2},{"w":"2026-08-08","t":0.0,"n":2},{"w":"2026-08-01","t":0.0,"n":2}]}},{"type":"Feature","geometry":{"type":"Polygon","coordinates":[[[-77.447,37.223],[-77.417,37.233],[-77.415,37.234],[-77.414,37.234],[-77.413,37.234],[-77.41,37.234],[-77.409,37.234],[-77.408,37.235],[-77.406,37.236],[-77.405,37.236],[-77.404,37.237],[-77.403,37.236],[-77.384,37.239],[-77.377,37.245],[-77.33,37.197],[-77.399,37.171],[-77.423,37.165],[-77.447,37.223]]]},"properties":{"fips":"51730","name":"Petersburg","st":"VA","sites":1,"pop":33458,"trend":-0.835,"weeks":[{"w":"2026-09-19","t":-0.835,"n":1},{"w":"2026-09-12","t":0.091,"n":1},{"w":"2026-09-05","t":0.901,"n":1},{"w":"2026-08-29","t":2.0,"n":1},{"w":"2026-08-22","t":1.793,"n":1},{"w":"2026-08-15","t":-2.0,"n":1},{"w":"2026-08-08","t":-1.763,"n":1},{"w":"2026-08-01","t":0.14,"n":1}]}},{"type":"Feature","geometry":{"type":"Polygon","coordinates":[[[-76.413,37.156],[-76.347,37.19],[-76.343,37.187],[-76.311,37.138],[-76.293,37.114],[-76.384,37.112],[-76.396,37.107],[-76.413,37.156]]]},"properties":{"fips":"51735","name":"Poquoson","st":"VA","sites":1,"pop":99112,"trend":0.0,"weeks":[{"w":"2026-09-19","t":null,"n":0},{"w":"2026-09-12","t":null,"n":0},{"w":"2026-09-05","t":0.0,"n":1},{"w":"2026-08-29","t":0.0,"n":1},{"w":"2026-08-22","t":0.0,"n":1},{"w":"2026-08-15","t":0.0,"n":1},{"w":"2026-08-08","t":0.0,"n":1},{"w":"2026-08-01","t":0.0,"n":1}]}},{"type":"Feature","geometry":{"type":"Polygon","coordinates":[[[-76.4,36.931],[-76.384,36.951],[-76.342,36.925],[-76.333,36.896],[-76.337,36.875],[-76.29,36.822],[-76.292,36.799],[-76.364,36.788],[-76.4,36.806],[-76.387,36.852],[-76.42,36.866],[-76.4,36.931]]]},"properties":{"fips":"51740","name":"Portsmouth","st":"VA","sites":2,"pop":389955,"trend":1.013,"weeks":[{"w":"2026-09-19","t":null,"n":0},{"w":"2026-09-12","t":null,"n":0},{"w":"2026-09-05","t":1.013,"n":2},{"w":"2026-08-29","t":0.0,"n":2},{"w":"2026-08-22","t":0.0,"n":2},{"w":"2026-08-15","t":0.0,"n":2},{"w":"2026-08-08","t":0.0,"n":2},{"w":"2026-08-01","t":0.0,"n":2}]}},{"type":"Feature","geometry":{"type":"Polygon","coordinates":[[[-80.595,37.125],[-80.593,37.128],[-80.573,37.14],[-80.554,37.147],[-80.549,37.147],[-80.53,37.134],[-80.531,37.132],[-80.526,37.136],[-80.525,37.148],[-80.511,37.148],[-80.509,37.136],[-80.533,37.118],[-80.53,37.111],[-80.555,37.118],[-80.556,37.1],[-80.58,37.09],[-80.59,37.102],[-80.596,37.119],[-80.595,37.125]]]},"properties":{"fips":"51750","name":"Radford","st":"VA","sites":1,"pop":70000,"trend":-0.042,"weeks":[{"w":"2026-09-19","t":null,"n":0},{"w":"2026-09-12","t":-0.042,"n":1},{"w":"2026-09-05","t":2.0,"n":1},{"w":"2026-08-29","t":2.0,"n":1},{"w":"2026-08-22","t":0.0,"n":1},{"w":"2026-08-15","t":0.0,"n":1},{"w":"2026-08-08","t":0.0,"n":1},{"w":"2026-08-01","t":0.0,"n":1}]}},{"type":"Feature","geometry":{"type":"Polygon","coordinates":[[[-77.595,37.556],[-77.532,37.592],[-77.531,37.592],[-77.523,37.586],[-77.516,37.582],[-77.516,37.582],[-77.514,37.582],[-77.513,37.583],[-77.5,37.575],[-77.494,37.582],[-77.491,37.58],[-77.482,37.573],[-77.472,37.579],[-77.474,37.581],[-77.474,37.582],[-77.477,37.586],[-77.478,37.588],[-77.479,37.588],[-77.479,37.591],[-77.479,37.593],[-77.477,37.598],[-77.478,37.599],[-77.477,37.599],[-77.471,37.598],[-77.469,37.599],[-77.466,37.599],[-77.466,37.597],[-77.454,37.597],[-77.455,37.602],[-77.448,37.603],[-77.448,37.602],[-77.444,37.602],[-77.438,37.599],[-77.438,37.599],[-77.386,37.535],[-77.421,37.448],[-77.597,37.535],[-77.595,37.556]]]},"properties":{"fips":"51760","name":"Richmond","st":"VA","sites":1,"pop":225000,"trend":2.0,"weeks":[{"w":"2026-09-19","t":null,"n":0},{"w":"2026-09-12","t":null,"n":0},{"w":"2026-09-05","t":2.0,"n":1},{"w":"2026-08-29","t":0.0,"n":1},{"w":"2026-08-22","t":0.0,"n":1},{"w":"2026-08-15","t":0.0,"n":1},{"w":"2026-08-08","t":0.0,"n":1},{"w":"2026-08-01","t":0.0,"n":1}]}},{"type":"Feature","geometry":{"type":"Polygon","coordinates":[[[-80.022,37.308],[-79.974,37.335],[-79.879,37.292],[-79.947,37.213],[-80.033,37.263],[-80.022,37.308]]]},"properties":{"fips":"51770","name":"Roanoke","st":"VA","sites":1,"pop":300000,"trend":2.0,"weeks":[{"w":"2026-09-19","t":null,"n":0},{"w":"2026-09-12","t":null,"n":0},{"w":"2026-09-05","t":2.0,"n":1},{"w":"2026-08-29","t":2.0,"n":1},{"w":"2026-08-22","t":2.0,"n":1},{"w":"2026-08-15","t":0.0,"n":1},{"w":"2026-08-08","t":0.0,"n":1},{"w":"2026-08-01","t":0.0,"n":1}]}},{"type":"Feature","geometry":{"type":"Polygon","coordinates":[[[-80.12,37.287],[-80.022,37.308],[-80.033,37.263],[-80.082,37.266],[-80.12,37.287]]]},"properties":{"fips":"51775","name":"Salem","st":"VA","sites":1,"pop":300000,"trend":2.0,"weeks":[{"w":"2026-09-19","t":null,"n":0},{"w":"2026-09-12","t":null,"n":0},{"w":"2026-09-05","t":2.0,"n":1},{"w":"2026-08-29","t":2.0,"n":1},{"w":"2026-08-22","t":2.0,"n":1},{"w":"2026-08-15","t":0.0,"n":1},{"w":"2026-08-08","t":0.0,"n":1},{"w":"2026-08-01","t":0.0,"n":1}]}},{"type":"Feature","geometry":{"type":"Polygon","coordinates":[[[-76.931,36.56],[-76.898,36.644],[-76.691,36.796],[-76.534,36.916],[-76.445,36.942],[-76.4,36.931],[-76.42,36.866],[-76.456,36.817],[-76.467,36.746],[-76.491,36.551],[-76.542,36.551],[-76.738,36.551],[-76.916,36.546],[-76.931,36.56]]]},"properties":{"fips":"51800","name":"Suffolk","st":"VA","sites":1,"pop":197608,"trend":2.0,"weeks":[{"w":"2026-09-19","t":null,"n":0},{"w":"2026-09-12","t":null,"n":0},{"w":"2026-09-05","t":2.0,"n":1},{"w":"2026-08-29","t":0.0,"n":1},{"w":"2026-08-22","t":0.0,"n":1},{"w":"2026-08-15","t":0.0,"n":1},{"w":"2026-08-08","t":0.0,"n":1},{"w":"2026-08-01","t":0.0,"n":1}]}},{"type":"Feature","geometry":{"type":"Polygon","coordinates":[[[-76.226,36.84],[-76.197,36.828],[-76.193,36.877],[-76.177,36.929],[-76.088,36.909],[-76.043,36.928],[-75.996,36.922],[-75.962,36.8],[-75.922,36.692],[-75.891,36.631],[-75.867,36.551],[-76.027,36.551],[-76.122,36.551],[-76.122,36.666],[-76.068,36.693],[-76.204,36.77],[-76.224,36.821],[-76.226,36.84]]]},"properties":{"fips":"51810","name":"Virginia Beach","st":"VA","sites":2,"pop":723195,"trend":0.0,"weeks":[{"w":"2026-09-19","t":null,"n":0},{"w":"2026-09-12","t":null,"n":0},{"w":"2026-09-05","t":0.0,"n":2},{"w":"2026-08-29","t":0.0,"n":2},{"w":"2026-08-22","t":0.0,"n":2},{"w":"2026-08-15","t":0.0,"n":2},{"w":"2026-08-08","t":0.0,"n":2},{"w":"2026-08-01","t":0.0,"n":2}]}},{"type":"Feature","geometry":{"type":"Polygon","coordinates":[[[-76.728,37.306],[-76.682,37.293],[-76.68,37.266],[-76.665,37.251],[-76.741,37.273],[-76.728,37.306]]]},"properties":{"fips":"51830","name":"Williamsburg","st":"VA","sites":1,"pop":69059,"trend":2.0,"weeks":[{"w":"2026-09-19","t":null,"n":0},{"w":"2026-09-12","t":null,"n":0},{"w":"2026-09-05","t":2.0,"n":1},{"w":"2026-08-29","t":2.0,"n":1},{"w":"2026-08-22","t":0.0,"n":1},{"w":"2026-08-15","t":0.0,"n":1},{"w":"2026-08-08","t":0.0,"n":1},{"w":"2026-08-01","t":0.0,"n":1}]}},{"type":"Feature","geometry":{"type":"Polygon","coordinates":[[[-78.188,39.205],[-78.16,39.203],[-78.137,39.184],[-78.183,39.131],[-78.194,39.16],[-78.188,39.205]]]},"properties":{"fips":"51840","name":"Winchester","st":"VA","sites":1,"pop":60000,"trend":0.503,"weeks":[{"w":"2026-09-19","t":0.503,"n":1},{"w":"2026-09-12","t":0.317,"n":1},{"w":"2026-09-05","t":-0.234,"n":1},{"w":"2026-08-29","t":-0.383,"n":1},{"w":"2026-08-22","t":0.134,"n":1},{"w":"2026-08-15","t":2.0,"n":1},{"w":"2026-08-08","t":0.201,"n":1},{"w":"2026-08-01","t":-2.0,"n":1}]}},{"type":"Feature","geometry":{"type":"Polygon","coordinates":[[[-119.874,46.628],[-119.618,46.648],[-119.511,46.728],[-119.453,46.679],[-119.403,46.613],[-119.27,46.521],[-119.264,46.273],[-119.041,46.193],[-118.975,46.14],[-118.941,46.028],[-118.987,46.0],[-119.061,45.959],[-119.126,45.933],[-119.257,45.94],[-119.364,45.922],[-119.432,45.913],[-119.488,45.906],[-119.572,45.925],[-119.601,45.92],[-119.67,45.857],[-119.803,45.848],[-119.868,45.838],[-119.866,46.041],[-119.874,46.628]]]},"properties":{"fips":"53005","name":"Benton","st":"WA","sites":1,"pop":15000,"trend":0.279,"weeks":[{"w":"2026-09-19","t":null,"n":0},{"w":"2026-09-12","t":0.279,"n":1},{"w":"2026-09-05","t":0.098,"n":1},{"w":"2026-08-29","t":null,"n":0},{"w":"2026-08-22","t":null,"n":0},{"w":"2026-08-15","t":null,"n":0},{"w":"2026-08-08","t":null,"n":0},{"w":"2026-08-01","t":null,"n":0}]}},{"type":"Feature","geometry":{"type":"Polygon","coordinates":[[[-122.788,45.851],[-122.72,45.871],[-122.72,45.933],[-122.658,45.928],[-122.477,45.988],[-122.358,45.957],[-122.246,46.054],[-122.249,45.55],[-122.263,45.544],[-122.332,45.548],[-122.38,45.576],[-122.439,45.564],[-122.492,45.583],[-122.644,45.61],[-122.738,45.644],[-122.756,45.662],[-122.775,45.68],[-122.767,45.729],[-122.761,45.759],[-122.796,45.81],[-122.788,45.851]]]},"properties":{"fips":"53011","name":"Clark","st":"WA","sites":3,"pop":363240,"trend":-0.319,"weeks":[{"w":"2026-09-19","t":-0.319,"n":3},{"w":"2026-09-12","t":0.254,"n":3},{"w":"2026-09-05","t":0.282,"n":3},{"w":"2026-08-29","t":0.19,"n":3},{"w":"2026-08-22","t":-0.089,"n":3},{"w":"2026-08-15","t":0.167,"n":3},{"w":"2026-08-08","t":0.393,"n":3},{"w":"2026-08-01","t":0.044,"n":3}]}},{"type":"Feature","geometry":{"type":"Polygon","coordinates":[[[-119.453,46.679],[-119.369,46.678],[-119.369,46.738],[-118.359,46.737],[-118.21,46.739],[-118.249,46.734],[-118.216,46.589],[-118.229,46.593],[-118.472,46.597],[-118.616,46.505],[-118.634,46.414],[-118.746,46.36],[-118.767,46.298],[-118.861,46.252],[-119.023,46.217],[-119.041,46.193],[-119.264,46.273],[-119.27,46.521],[-119.403,46.613],[-119.453,46.679]]]},"properties":{"fips":"53021","name":"Franklin","st":"WA","sites":1,"pop":73000,"trend":0.046,"weeks":[{"w":"2026-09-19","t":null,"n":0},{"w":"2026-09-12","t":0.046,"n":1},{"w":"2026-09-05","t":-0.019,"n":1},{"w":"2026-08-29","t":0.037,"n":1},{"w":"2026-08-22","t":0.104,"n":1},{"w":"2026-08-15","t":0.208,"n":1},{"w":"2026-08-08","t":0.523,"n":1},{"w":"2026-08-01","t":0.221,"n":1}]}},{"type":"Feature","geometry":{"type":"Polygon","coordinates":[[[-120.002,47.126],[-120.007,47.22],[-120.005,47.32],[-119.919,47.364],[-119.876,47.437],[-119.533,47.441],[-119.533,47.528],[-119.405,47.613],[-119.32,47.627],[-119.299,47.728],[-119.212,47.801],[-119.212,47.888],[-119.126,47.917],[-119.104,47.962],[-118.982,47.962],[-118.974,47.943],[-118.98,47.262],[-118.983,46.911],[-119.369,46.913],[-119.369,46.738],[-119.369,46.678],[-119.453,46.679],[-119.511,46.728],[-119.618,46.648],[-119.874,46.628],[-119.904,46.638],[-119.973,46.737],[-119.927,46.798],[-119.966,46.944],[-120.043,47.073],[-120.002,47.126]]]},"properties":{"fips":"53025","name":"Grant","st":"WA","sites":1,"pop":8475,"trend":2.0,"weeks":[{"w":"2026-09-19","t":null,"n":0},{"w":"2026-09-12","t":2.0,"n":1},{"w":"2026-09-05","t":2.0,"n":1},{"w":"2026-08-29","t":0.194,"n":1},{"w":"2026-08-22","t":-2.0,"n":1},{"w":"2026-08-15","t":-2.0,"n":1},{"w":"2026-08-08","t":2.0,"n":1},{"w":"2026-08-01","t":null,"n":0}]}},{"type":"Feature","geometry":{"type":"Polygon","coordinates":[[[-122.753,48.26],[-122.707,48.315],[-122.667,48.412],[-122.587,48.417],[-122.459,48.298],[-122.393,48.237],[-122.418,48.171],[-122.35,48.08],[-122.333,47.933],[-122.398,47.862],[-122.43,47.828],[-122.502,47.93],[-122.574,47.951],[-122.547,47.967],[-122.543,47.996],[-122.607,48.031],[-122.598,48.111],[-122.633,48.163],[-122.712,48.194],[-122.753,48.26]]]},"properties":{"fips":"53029","name":"Island","st":"WA","sites":2,"pop":31305,"trend":0.537,"weeks":[{"w":"2026-09-19","t":null,"n":0},{"w":"2026-09-12","t":0.537,"n":2},{"w":"2026-09-05","t":2.0,"n":2},{"w":"2026-08-29","t":-0.332,"n":2},{"w":"2026-08-22","t":-1.52,"n":2},{"w":"2026-08-15","t":2.0,"n":2},{"w":"2026-08-08","t":1.09,"n":2},{"w":"2026-08-01","t":null,"n":0}]}},{"type":"Feature","geometry":{"type":"Polygon","coordinates":[[[-124.613,47.881],[-123.506,47.867],[-122.949,47.867],[-122.949,48.065],[-122.897,48.065],[-122.911,48.11],[-122.833,48.134],[-122.76,48.143],[-122.698,48.103],[-122.702,48.016],[-122.701,47.973],[-122.651,47.921],[-122.634,47.923],[-122.596,47.882],[-122.722,47.788],[-122.783,47.673],[-122.951,47.606],[-123.506,47.605],[-123.506,47.518],[-124.047,47.519],[-124.354,47.534],[-124.356,47.546],[-124.412,47.691],[-124.472,47.767],[-124.54,47.837],[-124.613,47.881]]]},"properties":{"fips":"53031","name":"Jefferson","st":"WA","sites":1,"pop":10000,"trend":2.0,"weeks":[{"w":"2026-09-19","t":null,"n":0},{"w":"2026-09-12","t":2.0,"n":1},{"w":"2026-09-05","t":-2.0,"n":1},{"w":"2026-08-29","t":-2.0,"n":1},{"w":"2026-08-22","t":2.0,"n":1},{"w":"2026-08-15","t":2.0,"n":1},{"w":"2026-08-08","t":-2.0,"n":1},{"w":"2026-08-01","t":null,"n":0}]}},{"type":"Feature","geometry":{"type":"Polygon","coordinates":[[[-122.537,47.403],[-122.445,47.543],[-122.438,47.778],[-122.327,47.778],[-122.271,47.777],[-122.244,47.777],[-121.119,47.78],[-121.066,47.714],[-121.122,47.685],[-121.114,47.597],[-121.172,47.59],[-121.411,47.425],[-121.464,47.354],[-121.427,47.289],[-121.341,47.281],[-121.365,47.225],[-121.298,47.149],[-121.38,47.087],[-121.38,47.087],[-121.582,47.119],[-121.631,47.154],[-121.796,47.173],[-121.938,47.139],[-122.095,47.195],[-122.144,47.258],[-122.229,47.258],[-122.331,47.257],[-122.335,47.257],[-122.354,47.276],[-122.437,47.334],[-122.51,47.32],[-122.538,47.337],[-122.537,47.403]]]},"properties":{"fips":"53033","name":"King","st":"WA","sites":3,"pop":1973000,"trend":0.059,"weeks":[{"w":"2026-09-19","t":null,"n":0},{"w":"2026-09-12","t":0.059,"n":3},{"w":"2026-09-05","t":0.303,"n":3},{"w":"2026-08-29","t":0.195,"n":3},{"w":"2026-08-22","t":0.263,"n":3},{"w":"2026-08-15","t":0.255,"n":3},{"w":"2026-08-08","t":0.125,"n":3},{"w":"2026-08-01","t":null,"n":0}]}},{"type":"Feature","geometry":{"type":"Polygon","coordinates":[[[-121.464,47.354],[-121.411,47.425],[-121.172,47.59],[-121.114,47.597],[-121.075,47.551],[-120.997,47.519],[-120.918,47.429],[-120.803,47.423],[-120.664,47.343],[-120.531,47.334],[-120.389,47.261],[-120.094,47.262],[-120.076,47.226],[-120.007,47.22],[-120.002,47.126],[-120.043,47.073],[-119.966,46.944],[-119.927,46.798],[-119.973,46.737],[-120.51,46.738],[-120.509,46.825],[-120.634,46.826],[-120.635,46.912],[-121.027,46.911],[-121.09,46.991],[-121.281,47.089],[-121.38,47.087],[-121.298,47.149],[-121.365,47.225],[-121.341,47.281],[-121.427,47.289],[-121.464,47.354]]]},"properties":{"fips":"53037","name":"Kittitas","st":"WA","sites":1,"pop":21761,"trend":2.0,"weeks":[{"w":"2026-09-19","t":null,"n":0},{"w":"2026-09-12","t":2.0,"n":1},{"w":"2026-09-05","t":2.0,"n":1},{"w":"2026-08-29","t":0.0,"n":1},{"w":"2026-08-22","t":0.0,"n":1},{"w":"2026-08-15","t":0.0,"n":1},{"w":"2026-08-08","t":0.0,"n":1},{"w":"2026-08-01","t":null,"n":0}]}},{"type":"Feature","geometry":{"type":"Polygon","coordinates":[[[-122.853,47.256],[-122.801,47.404],[-122.537,47.403],[-122.538,47.337],[-122.51,47.32],[-122.437,47.334],[-122.354,47.276],[-122.335,47.257],[-122.331,47.257],[-122.229,47.258],[-122.144,47.258],[-122.095,47.195],[-121.938,47.139],[-121.796,47.173],[-121.631,47.154],[-121.582,47.119],[-121.38,47.087],[-121.456,46.924],[-121.523,46.873],[-121.455,46.784],[-121.759,46.784],[-121.842,46.728],[-122.203,46.763],[-122.265,46.765],[-122.304,46.828],[-122.491,46.867],[-122.494,46.905],[-122.56,46.933],[-122.66,47.003],[-122.692,47.099],[-122.76,47.141],[-122.821,47.194],[-122.853,47.256]]]},"properties":{"fips":"53053","name":"Pierce","st":"WA","sites":3,"pop":1234855,"trend":0.115,"weeks":[{"w":"2026-09-19","t":null,"n":0},{"w":"2026-09-12","t":0.115,"n":3},{"w":"2026-09-05","t":0.208,"n":3},{"w":"2026-08-29","t":0.223,"n":3},{"w":"2026-08-22","t":0.194,"n":3},{"w":"2026-08-15","t":0.369,"n":3},{"w":"2026-08-08","t":0.327,"n":3},{"w":"2026-08-01","t":-0.102,"n":1}]}},{"type":"Feature","geometry":{"type":"Polygon","coordinates":[[[-122.689,48.477],[-122.65,48.53],[-122.643,48.588],[-122.671,48.645],[-122.608,48.626],[-122.566,48.63],[-122.501,48.645],[-122.216,48.646],[-121.564,48.642],[-120.908,48.641],[-120.908,48.657],[-120.752,48.657],[-120.788,48.625],[-120.689,48.576],[-120.702,48.532],[-120.824,48.545],[-121.05,48.485],[-121.072,48.318],[-121.002,48.296],[-121.578,48.299],[-122.201,48.298],[-122.459,48.298],[-122.587,48.417],[-122.667,48.412],[-122.665,48.416],[-122.689,48.477]]]},"properties":{"fips":"53057","name":"Skagit","st":"WA","sites":1,"pop":35600,"trend":0.343,"weeks":[{"w":"2026-09-19","t":0.343,"n":1},{"w":"2026-09-12","t":0.367,"n":1},{"w":"2026-09-05","t":0.325,"n":1},{"w":"2026-08-29","t":-0.031,"n":1},{"w":"2026-08-22","t":-0.153,"n":1},{"w":"2026-08-15","t":0.338,"n":1},{"w":"2026-08-08","t":0.23,"n":1},{"w":"2026-08-01","t":-0.039,"n":1}]}},{"type":"Feature","geometry":{"type":"Polygon","coordinates":[[[-122.459,48.298],[-122.201,48.298],[-121.578,48.299],[-121.002,48.296],[-120.907,48.163],[-121.016,48.075],[-121.153,48.04],[-121.118,47.997],[-121.181,47.899],[-121.071,47.827],[-121.119,47.78],[-122.244,47.777],[-122.271,47.777],[-122.327,47.778],[-122.438,47.778],[-122.43,47.828],[-122.398,47.862],[-122.333,47.933],[-122.35,48.08],[-122.418,48.171],[-122.393,48.237],[-122.459,48.298]]]},"properties":{"fips":"53061","name":"Snohomish","st":"WA","sites":6,"pop":1315575,"trend":0.236,"weeks":[{"w":"2026-09-19","t":0.236,"n":3},{"w":"2026-09-12","t":0.058,"n":6},{"w":"2026-09-05","t":0.362,"n":6},{"w":"2026-08-29","t":0.192,"n":6},{"w":"2026-08-22","t":0.337,"n":6},{"w":"2026-08-15","t":0.22,"n":6},{"w":"2026-08-08","t":0.205,"n":6},{"w":"2026-08-01","t":-0.6,"n":2}]}},{"type":"Feature","geometry":{"type":"Polygon","coordinates":[[[-117.821,47.826],[-117.698,47.856],[-117.535,47.794],[-117.537,48.048],[-117.437,48.047],[-117.041,48.045],[-117.041,47.977],[-117.042,47.735],[-117.04,47.366],[-117.04,47.259],[-117.824,47.26],[-117.821,47.826]]]},"properties":{"fips":"53063","name":"Spokane","st":"WA","sites":2,"pop":345000,"trend":0.123,"weeks":[{"w":"2026-09-19","t":0.123,"n":1},{"w":"2026-09-12","t":0.093,"n":2},{"w":"2026-09-05","t":0.154,"n":2},{"w":"2026-08-29","t":0.026,"n":1},{"w":"2026-08-22","t":1.297,"n":2},{"w":"2026-08-15","t":2.0,"n":1},{"w":"2026-08-08","t":2.0,"n":2},{"w":"2026-08-01","t":0.0,"n":1}]}},{"type":"Feature","geometry":{"type":"Polygon","coordinates":[[[-123.202,47.085],[-123.097,47.085],[-123.075,47.091],[-123.074,47.106],[-123.061,47.114],[-123.034,47.115],[-123.015,47.124],[-123.01,47.143],[-123.002,47.151],[-122.969,47.162],[-122.953,47.17],[-122.947,47.186],[-122.936,47.189],[-122.902,47.157],[-122.821,47.194],[-122.76,47.141],[-122.692,47.099],[-122.66,47.003],[-122.56,46.933],[-122.494,46.905],[-122.491,46.867],[-122.304,46.828],[-122.265,46.765],[-122.203,46.763],[-123.161,46.764],[-123.161,46.793],[-123.16,46.827],[-123.158,46.996],[-123.202,47.085]]]},"properties":{"fips":"53067","name":"Thurston","st":"WA","sites":1,"pop":119790,"trend":-0.004,"weeks":[{"w":"2026-09-19","t":null,"n":0},{"w":"2026-09-12","t":-0.004,"n":1},{"w":"2026-09-05","t":-0.123,"n":1},{"w":"2026-08-29","t":0.065,"n":1},{"w":"2026-08-22","t":0.494,"n":1},{"w":"2026-08-15","t":0.442,"n":1},{"w":"2026-08-08","t":0.014,"n":1},{"w":"2026-08-01","t":null,"n":0}]}},{"type":"Feature","geometry":{"type":"Polygon","coordinates":[[[-119.023,46.217],[-118.861,46.252],[-118.767,46.298],[-118.746,46.36],[-118.634,46.414],[-118.616,46.505],[-118.472,46.597],[-118.229,46.593],[-118.242,46.295],[-118.116,46.295],[-118.117,46.208],[-117.991,46.208],[-117.997,46.0],[-118.368,46.001],[-118.607,46.001],[-118.678,46.001],[-118.987,46.0],[-118.987,46.0],[-118.941,46.028],[-118.975,46.14],[-119.041,46.193],[-119.023,46.217]]]},"properties":{"fips":"53071","name":"Walla Walla","st":"WA","sites":1,"pop":33000,"trend":0.166,"weeks":[{"w":"2026-09-19","t":null,"n":0},{"w":"2026-09-12","t":0.166,"n":1},{"w":"2026-09-05","t":0.037,"n":1},{"w":"2026-08-29","t":0.128,"n":1},{"w":"2026-08-22","t":0.369,"n":1},{"w":"2026-08-15","t":null,"n":0},{"w":"2026-08-08","t":null,"n":0},{"w":"2026-08-01","t":null,"n":0}]}},{"type":"Feature","geometry":{"type":"Polygon","coordinates":[[[-118.249,46.734],[-118.21,46.739],[-118.016,46.785],[-117.959,46.915],[-117.961,47.261],[-117.824,47.26],[-117.04,47.259],[-117.04,47.155],[-117.04,47.127],[-117.04,46.542],[-117.04,46.472],[-117.037,46.426],[-117.209,46.424],[-117.228,46.462],[-117.254,46.545],[-117.383,46.615],[-117.465,46.7],[-117.598,46.673],[-117.741,46.695],[-117.852,46.625],[-117.882,46.592],[-118.165,46.555],[-118.216,46.589],[-118.249,46.734]]]},"properties":{"fips":"53075","name":"Whitman","st":"WA","sites":1,"pop":35812,"trend":0.979,"weeks":[{"w":"2026-09-19","t":null,"n":0},{"w":"2026-09-12","t":0.979,"n":1},{"w":"2026-09-05","t":0.898,"n":1},{"w":"2026-08-29","t":0.412,"n":1},{"w":"2026-08-22","t":0.168,"n":1},{"w":"2026-08-15","t":2.0,"n":1},{"w":"2026-08-08","t":2.0,"n":1},{"w":"2026-08-01","t":null,"n":0}]}},{"type":"Feature","geometry":{"type":"Polygon","coordinates":[[[-121.456,46.924],[-121.38,47.087],[-121.38,47.087],[-121.281,47.089],[-121.09,46.991],[-121.027,46.911],[-120.635,46.912],[-120.634,46.826],[-120.509,46.825],[-120.51,46.738],[-119.973,46.737],[-119.904,46.638],[-119.874,46.628],[-119.866,46.041],[-120.801,46.041],[-121.522,46.044],[-121.522,46.388],[-121.394,46.39],[-121.45,46.504],[-121.354,46.712],[-121.455,46.784],[-121.523,46.873],[-121.456,46.924]]]},"properties":{"fips":"53077","name":"Yakima","st":"WA","sites":1,"pop":117072,"trend":0.293,"weeks":[{"w":"2026-09-19","t":null,"n":0},{"w":"2026-09-12","t":0.293,"n":1},{"w":"2026-09-05","t":0.121,"n":1},{"w":"2026-08-29","t":-0.109,"n":1},{"w":"2026-08-22","t":-0.023,"n":1},{"w":"2026-08-15","t":0.419,"n":1},{"w":"2026-08-08","t":0.317,"n":1},{"w":"2026-08-01","t":null,"n":0}]}},{"type":"Feature","geometry":{"type":"Polygon","coordinates":[[[-81.933,38.025],[-81.953,38.119],[-81.879,38.137],[-81.833,38.21],[-81.644,38.221],[-81.516,38.112],[-81.457,37.987],[-81.572,37.928],[-81.514,37.791],[-81.577,37.763],[-81.608,37.789],[-81.722,37.81],[-81.786,37.936],[-81.98,37.986],[-81.933,38.025]]]},"properties":{"fips":"54005","name":"Boone","st":"WV","sites":1,"pop":4555,"trend":-0.178,"weeks":[{"w":"2026-09-19","t":null,"n":0},{"w":"2026-09-12","t":null,"n":0},{"w":"2026-09-05","t":null,"n":0},{"w":"2026-08-29","t":-0.178,"n":1},{"w":"2026-08-22","t":null,"n":0},{"w":"2026-08-15","t":2.0,"n":1},{"w":"2026-08-08","t":2.0,"n":1},{"w":"2026-08-01","t":0.0,"n":1}]}},{"type":"Feature","geometry":{"type":"Polygon","coordinates":[[[-82.447,38.427],[-82.382,38.435],[-82.324,38.449],[-82.304,38.496],[-82.293,38.56],[-82.282,38.58],[-82.274,38.594],[-82.219,38.592],[-82.055,38.475],[-82.047,38.374],[-82.221,38.31],[-82.265,38.229],[-82.286,38.321],[-82.344,38.305],[-82.509,38.415],[-82.447,38.427]]]},"properties":{"fips":"54011","name":"Cabell","st":"WV","sites":4,"pop":74250,"trend":0.0,"weeks":[{"w":"2026-09-19","t":null,"n":0},{"w":"2026-09-12","t":null,"n":0},{"w":"2026-09-05","t":0.0,"n":1},{"w":"2026-08-29","t":-0.189,"n":4},{"w":"2026-08-22","t":-0.189,"n":4},{"w":"2026-08-15","t":0.189,"n":4},{"w":"2026-08-08","t":0.189,"n":4},{"w":"2026-08-01","t":0.0,"n":4}]}},{"type":"Feature","geometry":{"type":"Polygon","coordinates":[[[-80.889,39.294],[-80.713,39.43],[-80.619,39.45],[-80.583,39.451],[-80.545,39.429],[-80.532,39.36],[-80.604,39.291],[-80.529,39.196],[-80.596,39.167],[-80.701,39.09],[-80.728,39.096],[-80.813,39.109],[-80.914,39.273],[-80.889,39.294]]]},"properties":{"fips":"54017","name":"Doddridge","st":"WV","sites":1,"pop":564,"trend":null,"weeks":[{"w":"2026-09-19","t":null,"n":0},{"w":"2026-09-12","t":null,"n":0},{"w":"2026-09-05","t":null,"n":0},{"w":"2026-08-29","t":null,"n":0},{"w":"2026-08-22","t":null,"n":0},{"w":"2026-08-15","t":null,"n":0},{"w":"2026-08-08","t":null,"n":0},{"w":"2026-08-01","t":null,"n":0}]}},{"type":"Feature","geometry":{"type":"Polygon","coordinates":[[[-81.381,37.969],[-81.329,38.182],[-81.232,38.264],[-81.07,38.21],[-80.969,38.216],[-80.882,38.103],[-80.77,37.985],[-80.811,37.949],[-80.749,37.865],[-80.806,37.869],[-80.945,37.819],[-81.073,37.876],[-81.295,37.889],[-81.347,37.977],[-81.381,37.969]]]},"properties":{"fips":"54019","name":"Fayette","st":"WV","sites":1,"pop":2626,"trend":-1.835,"weeks":[{"w":"2026-09-19","t":null,"n":0},{"w":"2026-09-12","t":null,"n":0},{"w":"2026-09-05","t":null,"n":0},{"w":"2026-08-29","t":null,"n":0},{"w":"2026-08-22","t":-1.835,"n":1},{"w":"2026-08-15","t":1.835,"n":1},{"w":"2026-08-08","t":1.835,"n":1},{"w":"2026-08-01","t":0.0,"n":1}]}},{"type":"Feature","geometry":{"type":"Polygon","coordinates":[[[-80.532,39.36],[-80.545,39.429],[-80.494,39.47],[-80.282,39.435],[-80.197,39.393],[-80.2,39.271],[-80.166,39.242],[-80.225,39.171],[-80.227,39.113],[-80.3,39.104],[-80.536,39.148],[-80.596,39.167],[-80.529,39.196],[-80.604,39.291],[-80.532,39.36]]]},"properties":{"fips":"54033","name":"Harrison","st":"WV","sites":1,"pop":26498,"trend":2.0,"weeks":[{"w":"2026-09-19","t":null,"n":0},{"w":"2026-09-12","t":null,"n":0},{"w":"2026-09-05","t":2.0,"n":1},{"w":"2026-08-29","t":1.867,"n":1},{"w":"2026-08-22","t":0.0,"n":1},{"w":"2026-08-15","t":0.0,"n":1},{"w":"2026-08-08","t":0.0,"n":1},{"w":"2026-08-01","t":0.0,"n":1}]}},{"type":"Feature","geometry":{"type":"Polygon","coordinates":[[[-78.035,39.278],[-77.988,39.32],[-77.967,39.367],[-77.931,39.381],[-77.847,39.447],[-77.811,39.501],[-77.798,39.476],[-77.74,39.402],[-77.746,39.353],[-77.72,39.321],[-77.778,39.229],[-77.809,39.169],[-77.828,39.132],[-77.828,39.132],[-78.033,39.264],[-78.033,39.265],[-78.033,39.265],[-78.035,39.278]]]},"properties":{"fips":"54037","name":"Jefferson","st":"WV","sites":1,"pop":17000,"trend":-0.326,"weeks":[{"w":"2026-09-19","t":null,"n":0},{"w":"2026-09-12","t":null,"n":0},{"w":"2026-09-05","t":null,"n":0},{"w":"2026-08-29","t":-0.326,"n":1},{"w":"2026-08-22","t":null,"n":0},{"w":"2026-08-15","t":null,"n":0},{"w":"2026-08-08","t":null,"n":0},{"w":"2026-08-01","t":null,"n":0}]}},{"type":"Feature","geometry":{"type":"Polygon","coordinates":[[[-81.9,38.399],[-81.723,38.468],[-81.751,38.591],[-81.696,38.626],[-81.633,38.555],[-81.522,38.613],[-81.472,38.546],[-81.194,38.528],[-81.284,38.472],[-81.231,38.264],[-81.232,38.264],[-81.329,38.182],[-81.381,37.969],[-81.439,37.968],[-81.457,37.987],[-81.516,38.112],[-81.644,38.221],[-81.833,38.21],[-81.813,38.311],[-81.915,38.326],[-81.9,38.399]]]},"properties":{"fips":"54039","name":"Kanawha","st":"WV","sites":2,"pop":58500,"trend":0.0,"weeks":[{"w":"2026-09-19","t":null,"n":0},{"w":"2026-09-12","t":null,"n":0},{"w":"2026-09-05","t":0.0,"n":1},{"w":"2026-08-29","t":0.0,"n":1},{"w":"2026-08-22","t":0.0,"n":2},{"w":"2026-08-15","t":0.0,"n":2},{"w":"2026-08-08","t":0.0,"n":2},{"w":"2026-08-01","t":0.0,"n":2}]}},{"type":"Feature","geometry":{"type":"Polygon","coordinates":[[[-80.728,39.096],[-80.701,39.09],[-80.596,39.167],[-80.536,39.148],[-80.3,39.104],[-80.317,38.959],[-80.387,38.875],[-80.41,38.768],[-80.393,38.728],[-80.457,38.739],[-80.474,38.833],[-80.583,38.859],[-80.606,38.904],[-80.717,39.008],[-80.728,39.096]]]},"properties":{"fips":"54041","name":"Lewis","st":"WV","sites":1,"pop":10364,"trend":null,"weeks":[{"w":"2026-09-19","t":null,"n":0},{"w":"2026-09-12","t":null,"n":0},{"w":"2026-09-05","t":null,"n":0},{"w":"2026-08-29","t":null,"n":0},{"w":"2026-08-22","t":null,"n":0},{"w":"2026-08-15","t":null,"n":0},{"w":"2026-08-08","t":null,"n":0},{"w":"2026-08-01","t":null,"n":0}]}},{"type":"Feature","geometry":{"type":"Polygon","coordinates":[[[-80.498,39.563],[-80.433,39.639],[-80.396,39.637],[-80.347,39.612],[-80.154,39.61],[-79.939,39.452],[-80.087,39.386],[-80.197,39.393],[-80.282,39.435],[-80.494,39.47],[-80.498,39.563]]]},"properties":{"fips":"54049","name":"Marion","st":"WV","sites":2,"pop":1701,"trend":0.0,"weeks":[{"w":"2026-09-19","t":null,"n":0},{"w":"2026-09-12","t":null,"n":0},{"w":"2026-09-05","t":null,"n":0},{"w":"2026-08-29","t":null,"n":0},{"w":"2026-08-22","t":null,"n":0},{"w":"2026-08-15","t":null,"n":0},{"w":"2026-08-08","t":null,"n":0},{"w":"2026-08-01","t":0.0,"n":1}]}},{"type":"Feature","geometry":{"type":"Polygon","coordinates":[[[-80.87,39.764],[-80.825,39.801],[-80.824,39.847],[-80.823,39.85],[-80.803,39.919],[-80.764,39.95],[-80.74,39.971],[-80.738,40.034],[-80.519,40.016],[-80.519,39.962],[-80.519,39.721],[-80.836,39.719],[-80.87,39.764]]]},"properties":{"fips":"54051","name":"Marshall","st":"WV","sites":1,"pop":12000,"trend":0.07,"weeks":[{"w":"2026-09-19","t":null,"n":0},{"w":"2026-09-12","t":null,"n":0},{"w":"2026-09-05","t":null,"n":0},{"w":"2026-08-29","t":null,"n":0},{"w":"2026-08-22","t":null,"n":0},{"w":"2026-08-15","t":0.07,"n":1},{"w":"2026-08-08","t":1.75,"n":1},{"w":"2026-08-01","t":0.019,"n":1}]}},{"type":"Feature","geometry":{"type":"Polygon","coordinates":[[[-82.175,38.608],[-82.186,38.66],[-82.202,38.76],[-82.209,38.803],[-82.162,38.825],[-82.135,38.906],[-82.099,38.961],[-82.089,38.976],[-82.042,39.018],[-82.007,39.03],[-81.942,38.993],[-81.898,38.93],[-81.911,38.876],[-81.791,38.733],[-81.773,38.681],[-81.956,38.657],[-82.065,38.608],[-82.055,38.475],[-82.219,38.592],[-82.175,38.608]]]},"properties":{"fips":"54053","name":"Mason","st":"WV","sites":1,"pop":5515,"trend":null,"weeks":[{"w":"2026-09-19","t":null,"n":0},{"w":"2026-09-12","t":null,"n":0},{"w":"2026-09-05","t":null,"n":0},{"w":"2026-08-29","t":null,"n":0},{"w":"2026-08-22","t":null,"n":0},{"w":"2026-08-15","t":null,"n":0},{"w":"2026-08-08","t":null,"n":0},{"w":"2026-08-01","t":null,"n":0}]}},{"type":"Feature","geometry":{"type":"Polygon","coordinates":[[[-79.166,39.401],[-79.091,39.472],[-79.067,39.473],[-79.036,39.473],[-78.957,39.44],[-78.943,39.48],[-78.851,39.554],[-78.771,39.638],[-78.739,39.61],[-78.707,39.556],[-78.655,39.544],[-78.767,39.447],[-78.851,39.331],[-78.98,39.238],[-79.134,39.313],[-79.262,39.326],[-79.166,39.401]]]},"properties":{"fips":"54057","name":"Mineral","st":"WV","sites":1,"pop":8168,"trend":0.0,"weeks":[{"w":"2026-09-19","t":null,"n":0},{"w":"2026-09-12","t":null,"n":0},{"w":"2026-09-05","t":null,"n":0},{"w":"2026-08-29","t":null,"n":0},{"w":"2026-08-22","t":null,"n":0},{"w":"2026-08-15","t":0.0,"n":1},{"w":"2026-08-08","t":null,"n":0},{"w":"2026-08-01","t":null,"n":0}]}},{"type":"Feature","geometry":{"type":"Polygon","coordinates":[[[-80.421,39.721],[-80.076,39.721],[-79.916,39.721],[-79.764,39.721],[-79.789,39.624],[-79.9,39.482],[-79.895,39.436],[-79.939,39.452],[-80.154,39.61],[-80.347,39.612],[-80.396,39.637],[-80.407,39.718],[-80.421,39.721]]]},"properties":{"fips":"54061","name":"Monongalia","st":"WV","sites":1,"pop":48328,"trend":0.888,"weeks":[{"w":"2026-09-19","t":null,"n":0},{"w":"2026-09-12","t":null,"n":0},{"w":"2026-09-05","t":0.888,"n":1},{"w":"2026-08-29","t":0.923,"n":1},{"w":"2026-08-22","t":0.129,"n":1},{"w":"2026-08-15","t":2.0,"n":1},{"w":"2026-08-08","t":2.0,"n":1},{"w":"2026-08-01","t":0.0,"n":1}]}},{"type":"Feature","geometry":{"type":"Polygon","coordinates":[[[-81.231,38.264],[-80.911,38.415],[-80.817,38.479],[-80.881,38.507],[-80.785,38.558],[-80.651,38.527],[-80.678,38.503],[-80.626,38.354],[-80.437,38.267],[-80.712,38.079],[-80.882,38.103],[-80.969,38.216],[-81.07,38.21],[-81.232,38.264],[-81.231,38.264]]]},"properties":{"fips":"54067","name":"Nicholas","st":"WV","sites":2,"pop":7991,"trend":2.0,"weeks":[{"w":"2026-09-19","t":null,"n":0},{"w":"2026-09-12","t":null,"n":0},{"w":"2026-09-05","t":null,"n":0},{"w":"2026-08-29","t":null,"n":0},{"w":"2026-08-22","t":null,"n":0},{"w":"2026-08-15","t":null,"n":0},{"w":"2026-08-08","t":2.0,"n":1},{"w":"2026-08-01","t":1.841,"n":1}]}},{"type":"Feature","geometry":{"type":"Polygon","coordinates":[[[-80.737,40.08],[-80.706,40.152],[-80.703,40.157],[-80.684,40.187],[-80.664,40.179],[-80.519,40.16],[-80.519,40.016],[-80.738,40.034],[-80.737,40.08]]]},"properties":{"fips":"54069","name":"Ohio","st":"WV","sites":1,"pop":50000,"trend":0.0,"weeks":[{"w":"2026-09-19","t":null,"n":0},{"w":"2026-09-12","t":null,"n":0},{"w":"2026-09-05","t":null,"n":0},{"w":"2026-08-29","t":0.0,"n":1},{"w":"2026-08-22","t":0.0,"n":1},{"w":"2026-08-15","t":0.0,"n":1},{"w":"2026-08-08","t":0.0,"n":1},{"w":"2026-08-01","t":0.0,"n":1}]}},{"type":"Feature","geometry":{"type":"Polygon","coordinates":[[[-81.37,39.349],[-81.348,39.346],[-81.249,39.39],[-81.186,39.431],[-81.129,39.449],[-81.121,39.458],[-81.03,39.468],[-81.008,39.351],[-81.221,39.308],[-81.239,39.268],[-81.364,39.321],[-81.37,39.349]]]},"properties":{"fips":"54073","name":"Pleasants","st":"WV","sites":1,"pop":2892,"trend":null,"weeks":[{"w":"2026-09-19","t":null,"n":0},{"w":"2026-09-12","t":null,"n":0},{"w":"2026-09-05","t":null,"n":0},{"w":"2026-08-29","t":null,"n":0},{"w":"2026-08-22","t":null,"n":0},{"w":"2026-08-15","t":null,"n":0},{"w":"2026-08-08","t":null,"n":0},{"w":"2026-08-01","t":null,"n":0}]}},{"type":"Feature","geometry":{"type":"Polygon","coordinates":[[[-79.9,39.482],[-79.789,39.624],[-79.764,39.721],[-79.477,39.721],[-79.482,39.532],[-79.484,39.344],[-79.487,39.206],[-79.487,39.195],[-79.687,39.271],[-79.81,39.231],[-79.872,39.295],[-79.896,39.3],[-79.895,39.436],[-79.9,39.482]]]},"properties":{"fips":"54077","name":"Preston","st":"WV","sites":1,"pop":700,"trend":-1.951,"weeks":[{"w":"2026-09-19","t":null,"n":0},{"w":"2026-09-12","t":null,"n":0},{"w":"2026-09-05","t":-1.951,"n":1},{"w":"2026-08-29","t":null,"n":0},{"w":"2026-08-22","t":null,"n":0},{"w":"2026-08-15","t":null,"n":0},{"w":"2026-08-08","t":null,"n":0},{"w":"2026-08-01","t":0.0,"n":1}]}},{"type":"Feature","geometry":{"type":"Polygon","coordinates":[[[-82.065,38.608],[-81.956,38.657],[-81.773,38.681],[-81.74,38.675],[-81.696,38.626],[-81.751,38.591],[-81.723,38.468],[-81.9,38.399],[-81.915,38.326],[-81.997,38.267],[-82.049,38.29],[-82.047,38.374],[-82.055,38.475],[-82.065,38.608]]]},"properties":{"fips":"54079","name":"Putnam","st":"WV","sites":1,"pop":4900,"trend":0.0,"weeks":[{"w":"2026-09-19","t":null,"n":0},{"w":"2026-09-12","t":null,"n":0},{"w":"2026-09-05","t":null,"n":0},{"w":"2026-08-29","t":null,"n":0},{"w":"2026-08-22","t":0.0,"n":1},{"w":"2026-08-15","t":-2.0,"n":1},{"w":"2026-08-08","t":-2.0,"n":1},{"w":"2026-08-01","t":2.0,"n":1}]}},{"type":"Feature","geometry":{"type":"Polygon","coordinates":[[[-80.237,38.744],[-80.126,38.746],[-80.085,38.947],[-79.896,38.973],[-79.825,39.116],[-79.786,39.037],[-79.509,38.975],[-79.358,38.965],[-79.35,38.958],[-79.375,38.921],[-79.52,38.892],[-79.51,38.781],[-79.627,38.664],[-79.739,38.68],[-79.777,38.74],[-79.863,38.551],[-80.029,38.459],[-80.117,38.474],[-80.246,38.388],[-80.184,38.525],[-80.28,38.695],[-80.237,38.744]]]},"properties":{"fips":"54083","name":"Randolph","st":"WV","sites":1,"pop":13156,"trend":0.0,"weeks":[{"w":"2026-09-19","t":null,"n":0},{"w":"2026-09-12","t":null,"n":0},{"w":"2026-09-05","t":0.0,"n":1},{"w":"2026-08-29","t":null,"n":0},{"w":"2026-08-22","t":null,"n":0},{"w":"2026-08-15","t":null,"n":0},{"w":"2026-08-08","t":null,"n":0},{"w":"2026-08-01","t":0.0,"n":1}]}},{"type":"Feature","geometry":{"type":"Polygon","coordinates":[[[-80.197,39.393],[-80.087,39.386],[-79.939,39.452],[-79.895,39.436],[-79.896,39.3],[-80.023,39.248],[-80.166,39.242],[-80.2,39.271],[-80.197,39.393]]]},"properties":{"fips":"54091","name":"Taylor","st":"WV","sites":1,"pop":6071,"trend":0.0,"weeks":[{"w":"2026-09-19","t":null,"n":0},{"w":"2026-09-12","t":0.0,"n":1},{"w":"2026-09-05","t":-1.855,"n":1},{"w":"2026-08-29","t":null,"n":0},{"w":"2026-08-22","t":null,"n":0},{"w":"2026-08-15","t":null,"n":0},{"w":"2026-08-08","t":null,"n":0},{"w":"2026-08-01","t":null,"n":0}]}},{"type":"Feature","geometry":{"type":"Polygon","coordinates":[[[-82.599,38.201],[-82.585,38.241],[-82.582,38.249],[-82.572,38.316],[-82.598,38.345],[-82.596,38.381],[-82.594,38.422],[-82.561,38.404],[-82.509,38.415],[-82.344,38.305],[-82.286,38.321],[-82.265,38.229],[-82.283,38.142],[-82.192,38.046],[-82.306,37.944],[-82.404,37.863],[-82.398,37.843],[-82.419,37.872],[-82.488,37.917],[-82.479,37.939],[-82.465,37.977],[-82.549,38.063],[-82.626,38.135],[-82.599,38.201]]]},"properties":{"fips":"54099","name":"Wayne","st":"WV","sites":1,"pop":56000,"trend":0.0,"weeks":[{"w":"2026-09-19","t":null,"n":0},{"w":"2026-09-12","t":null,"n":0},{"w":"2026-09-05","t":0.0,"n":1},{"w":"2026-08-29","t":0.0,"n":1},{"w":"2026-08-22","t":0.0,"n":1},{"w":"2026-08-15","t":0.0,"n":1},{"w":"2026-08-08","t":0.0,"n":1},{"w":"2026-08-01","t":0.0,"n":1}]}},{"type":"Feature","geometry":{"type":"Polygon","coordinates":[[[-81.753,39.185],[-81.721,39.211],[-81.712,39.219],[-81.678,39.274],[-81.614,39.275],[-81.565,39.276],[-81.56,39.331],[-81.503,39.373],[-81.456,39.409],[-81.413,39.395],[-81.394,39.352],[-81.37,39.349],[-81.364,39.321],[-81.239,39.268],[-81.259,39.267],[-81.298,39.186],[-81.425,39.136],[-81.581,39.026],[-81.721,39.084],[-81.75,39.104],[-81.743,39.107],[-81.752,39.181],[-81.753,39.185]]]},"properties":{"fips":"54107","name":"Wood","st":"WV","sites":1,"pop":48050,"trend":2.0,"weeks":[{"w":"2026-09-19","t":null,"n":0},{"w":"2026-09-12","t":null,"n":0},{"w":"2026-09-05","t":2.0,"n":1},{"w":"2026-08-29","t":2.0,"n":1},{"w":"2026-08-22","t":0.0,"n":1},{"w":"2026-08-15","t":0.0,"n":1},{"w":"2026-08-08","t":-1.977,"n":1},{"w":"2026-08-01","t":-1.977,"n":1}]}},{"type":"Feature","geometry":{"type":"MultiPolygon","coordinates":[[[[-90.777,47.024],[-90.74,47.036],[-90.65,47.055],[-90.561,47.037],[-90.545,47.017],[-90.512,46.961],[-90.524,46.936],[-90.549,46.915],[-90.637,46.907],[-90.679,46.956],[-90.712,46.985],[-90.768,47.002],[-90.777,47.024]]],[[[-90.925,46.587],[-90.898,46.583],[-90.829,46.616],[-90.795,46.625],[-90.755,46.646],[-90.737,46.692],[-90.663,46.645],[-90.566,46.585],[-90.549,46.586],[-90.552,46.241],[-90.426,46.24],[-90.426,46.154],[-90.303,46.155],[-90.302,45.981],[-90.677,45.982],[-90.925,45.981],[-90.925,46.155],[-90.925,46.587]]]]},"properties":{"fips":"55003","name":"Ashland","st":"WI","sites":1,"pop":8200,"trend":-2.0,"weeks":[{"w":"2026-09-19","t":-2.0,"n":1},{"w":"2026-09-12","t":2.0,"n":1},{"w":"2026-09-05","t":2.0,"n":1},{"w":"2026-08-29","t":0.0,"n":1},{"w":"2026-08-22","t":0.0,"n":1},{"w":"2026-08-15","t":0.0,"n":1},{"w":"2026-08-08","t":0.0,"n":1},{"w":"2026-08-01","t":0.0,"n":1}]}},{"type":"Feature","geometry":{"type":"Polygon","coordinates":[[[-88.252,44.667],[-88.243,44.68],[-88.22,44.672],[-87.998,44.678],[-88.002,44.664],[-87.999,44.609],[-88.041,44.573],[-88.006,44.539],[-87.944,44.53],[-87.899,44.574],[-87.867,44.608],[-87.775,44.639],[-87.761,44.654],[-87.766,44.327],[-87.888,44.328],[-87.888,44.24],[-88.043,44.241],[-88.193,44.242],[-88.19,44.587],[-88.245,44.585],[-88.252,44.667]]]},"properties":{"fips":"55009","name":"Brown","st":"WI","sites":2,"pop":232000,"trend":1.629,"weeks":[{"w":"2026-09-19","t":null,"n":0},{"w":"2026-09-12","t":1.629,"n":2},{"w":"2026-09-05","t":1.987,"n":2},{"w":"2026-08-29","t":1.629,"n":2},{"w":"2026-08-22","t":0.0,"n":2},{"w":"2026-08-15","t":0.0,"n":2},{"w":"2026-08-08","t":0.0,"n":2},{"w":"2026-08-01","t":0.0,"n":2}]}},{"type":"Feature","geometry":{"type":"Polygon","coordinates":[[[-88.404,44.244],[-88.193,44.242],[-88.043,44.241],[-88.042,43.892],[-88.162,43.892],[-88.162,43.938],[-88.404,43.938],[-88.404,44.244]]]},"properties":{"fips":"55015","name":"Calumet","st":"WI","sites":1,"pop":72810,"trend":-1.833,"weeks":[{"w":"2026-09-19","t":null,"n":0},{"w":"2026-09-12","t":-1.833,"n":1},{"w":"2026-09-05","t":1.833,"n":1},{"w":"2026-08-29","t":1.833,"n":1},{"w":"2026-08-22","t":0.0,"n":1},{"w":"2026-08-15","t":0.0,"n":1},{"w":"2026-08-08","t":0.0,"n":1},{"w":"2026-08-01","t":0.0,"n":1}]}},{"type":"Feature","geometry":{"type":"Polygon","coordinates":[[[-91.666,45.208],[-91.542,45.207],[-91.541,45.292],[-90.925,45.292],[-90.923,45.031],[-90.923,44.944],[-90.922,44.857],[-91.65,44.856],[-91.651,45.03],[-91.666,45.121],[-91.666,45.208]]]},"properties":{"fips":"55017","name":"Chippewa","st":"WI","sites":1,"pop":77714,"trend":0.0,"weeks":[{"w":"2026-09-19","t":null,"n":0},{"w":"2026-09-12","t":null,"n":0},{"w":"2026-09-05","t":null,"n":0},{"w":"2026-08-29","t":0.0,"n":1},{"w":"2026-08-22","t":0.0,"n":1},{"w":"2026-08-15","t":0.0,"n":1},{"w":"2026-08-08","t":0.0,"n":1},{"w":"2026-08-01","t":0.0,"n":1}]}},{"type":"Feature","geometry":{"type":"Polygon","coordinates":[[[-89.785,43.641],[-89.6,43.643],[-89.245,43.643],[-89.127,43.632],[-89.007,43.633],[-89.006,43.459],[-89.009,43.285],[-89.363,43.281],[-89.72,43.293],[-89.678,43.361],[-89.601,43.381],[-89.599,43.558],[-89.732,43.572],[-89.786,43.641],[-89.785,43.641]]]},"properties":{"fips":"55021","name":"Columbia","st":"WI","sites":2,"pop":14100,"trend":2.0,"weeks":[{"w":"2026-09-19","t":2.0,"n":1},{"w":"2026-09-12","t":1.56,"n":2},{"w":"2026-09-05","t":0.0,"n":2},{"w":"2026-08-29","t":0.0,"n":2},{"w":"2026-08-22","t":0.0,"n":2},{"w":"2026-08-15","t":0.0,"n":2},{"w":"2026-08-08","t":0.0,"n":2},{"w":"2026-08-01","t":0.0,"n":2}]}},{"type":"Feature","geometry":{"type":"Polygon","coordinates":[[[-89.838,43.206],[-89.732,43.252],[-89.72,43.293],[-89.363,43.281],[-89.009,43.285],[-89.009,43.198],[-89.014,42.848],[-89.369,42.845],[-89.382,42.856],[-89.838,42.857],[-89.838,43.206]]]},"properties":{"fips":"55025","name":"Dane","st":"WI","sites":2,"pop":402572,"trend":-0.168,"weeks":[{"w":"2026-09-19","t":-0.168,"n":2},{"w":"2026-09-12","t":2.0,"n":2},{"w":"2026-09-05","t":2.0,"n":2},{"w":"2026-08-29","t":0.0,"n":2},{"w":"2026-08-22","t":0.0,"n":2},{"w":"2026-08-15","t":0.0,"n":2},{"w":"2026-08-08","t":0.0,"n":2},{"w":"2026-08-01","t":0.0,"n":2}]}},{"type":"Feature","geometry":{"type":"Polygon","coordinates":[[[-89.009,43.285],[-89.006,43.459],[-89.007,43.633],[-88.886,43.634],[-88.401,43.631],[-88.4,43.544],[-88.418,43.37],[-88.418,43.195],[-88.536,43.196],[-89.009,43.198],[-89.009,43.285]]]},"properties":{"fips":"55027","name":"Dodge","st":"WI","sites":2,"pop":39660,"trend":2.0,"weeks":[{"w":"2026-09-19","t":null,"n":0},{"w":"2026-09-12","t":2.0,"n":1},{"w":"2026-09-05","t":2.0,"n":1},{"w":"2026-08-29","t":0.0,"n":1},{"w":"2026-08-22","t":0.0,"n":1},{"w":"2026-08-15","t":0.0,"n":1},{"w":"2026-08-08","t":0.0,"n":2},{"w":"2026-08-01","t":0.0,"n":2}]}},{"type":"Feature","geometry":{"type":"Polygon","coordinates":[[[-92.294,46.244],[-92.293,46.417],[-92.292,46.496],[-92.292,46.663],[-92.205,46.665],[-92.183,46.695],[-92.143,46.732],[-92.1,46.734],[-92.051,46.711],[-92.015,46.706],[-91.962,46.683],[-91.887,46.69],[-91.82,46.69],[-91.646,46.735],[-91.574,46.757],[-91.551,46.757],[-91.552,46.748],[-91.551,46.157],[-92.05,46.158],[-92.294,46.157],[-92.294,46.244]]]},"properties":{"fips":"55031","name":"Douglas","st":"WI","sites":1,"pop":28000,"trend":-2.0,"weeks":[{"w":"2026-09-19","t":-2.0,"n":1},{"w":"2026-09-12","t":2.0,"n":1},{"w":"2026-09-05","t":2.0,"n":1},{"w":"2026-08-29","t":0.0,"n":1},{"w":"2026-08-22","t":0.0,"n":1},{"w":"2026-08-15","t":0.0,"n":1},{"w":"2026-08-08","t":0.0,"n":1},{"w":"2026-08-01","t":0.0,"n":1}]}},{"type":"Feature","geometry":{"type":"Polygon","coordinates":[[[-92.156,45.21],[-91.666,45.208],[-91.666,45.121],[-91.651,45.03],[-91.65,44.856],[-91.65,44.684],[-92.135,44.684],[-92.136,44.858],[-92.136,45.121],[-92.156,45.21]]]},"properties":{"fips":"55033","name":"Dunn","st":"WI","sites":1,"pop":16000,"trend":null,"weeks":[{"w":"2026-09-19","t":null,"n":0},{"w":"2026-09-12","t":null,"n":0},{"w":"2026-09-05","t":null,"n":0},{"w":"2026-08-29","t":null,"n":0},{"w":"2026-08-22","t":null,"n":0},{"w":"2026-08-15","t":null,"n":0},{"w":"2026-08-08","t":null,"n":0},{"w":"2026-08-01","t":null,"n":0}]}},{"type":"Feature","geometry":{"type":"Polygon","coordinates":[[[-91.65,44.856],[-90.922,44.857],[-90.922,44.596],[-91.044,44.597],[-91.166,44.597],[-91.529,44.596],[-91.65,44.597],[-91.65,44.684],[-91.65,44.856]]]},"properties":{"fips":"55035","name":"Eau Claire","st":"WI","sites":1,"pop":77714,"trend":0.0,"weeks":[{"w":"2026-09-19","t":null,"n":0},{"w":"2026-09-12","t":null,"n":0},{"w":"2026-09-05","t":null,"n":0},{"w":"2026-08-29","t":0.0,"n":1},{"w":"2026-08-22","t":0.0,"n":1},{"w":"2026-08-15","t":0.0,"n":1},{"w":"2026-08-08","t":0.0,"n":1},{"w":"2026-08-01","t":0.0,"n":1}]}},{"type":"Feature","geometry":{"type":"Polygon","coordinates":[[[-88.886,43.895],[-88.403,43.893],[-88.404,43.938],[-88.162,43.938],[-88.162,43.892],[-88.161,43.543],[-88.4,43.544],[-88.401,43.631],[-88.886,43.634],[-88.886,43.895]]]},"properties":{"fips":"55039","name":"Fond du Lac","st":"WI","sites":1,"pop":65000,"trend":0.084,"weeks":[{"w":"2026-09-19","t":0.084,"n":1},{"w":"2026-09-12","t":2.0,"n":1},{"w":"2026-09-05","t":2.0,"n":1},{"w":"2026-08-29","t":0.0,"n":1},{"w":"2026-08-22","t":0.0,"n":1},{"w":"2026-08-15","t":0.0,"n":1},{"w":"2026-08-08","t":0.0,"n":1},{"w":"2026-08-01","t":0.0,"n":1}]}},{"type":"Feature","geometry":{"type":"Polygon","coordinates":[[[-91.159,42.987],[-91.062,42.993],[-90.94,43.062],[-90.846,43.078],[-90.667,43.172],[-90.545,43.211],[-90.43,43.201],[-90.427,42.813],[-90.426,42.507],[-90.437,42.507],[-90.643,42.508],[-90.673,42.577],[-90.701,42.626],[-90.744,42.646],[-90.852,42.665],[-90.897,42.674],[-90.942,42.684],[-91.017,42.72],[-91.071,42.776],[-91.099,42.864],[-91.138,42.904],[-91.156,42.976],[-91.159,42.987]]]},"properties":{"fips":"55043","name":"Grant","st":"WI","sites":1,"pop":4264,"trend":2.0,"weeks":[{"w":"2026-09-19","t":2.0,"n":1},{"w":"2026-09-12","t":2.0,"n":1},{"w":"2026-09-05","t":1.881,"n":1},{"w":"2026-08-29","t":0.0,"n":1},{"w":"2026-08-22","t":0.0,"n":1},{"w":"2026-08-15","t":0.0,"n":1},{"w":"2026-08-08","t":0.0,"n":1},{"w":"2026-08-01","t":0.0,"n":1}]}},{"type":"Feature","geometry":{"type":"Polygon","coordinates":[[[-89.838,42.857],[-89.382,42.856],[-89.369,42.845],[-89.366,42.5],[-89.401,42.5],[-89.493,42.502],[-89.838,42.505],[-89.838,42.814],[-89.838,42.857]]]},"properties":{"fips":"55045","name":"Green","st":"WI","sites":1,"pop":11000,"trend":-1.774,"weeks":[{"w":"2026-09-19","t":-1.774,"n":1},{"w":"2026-09-12","t":1.774,"n":1},{"w":"2026-09-05","t":1.774,"n":1},{"w":"2026-08-29","t":0.0,"n":1},{"w":"2026-08-22","t":0.0,"n":1},{"w":"2026-08-15","t":0.0,"n":1},{"w":"2026-08-08","t":0.0,"n":1},{"w":"2026-08-01","t":0.0,"n":1}]}},{"type":"Feature","geometry":{"type":"Polygon","coordinates":[[[-91.166,44.597],[-91.044,44.597],[-90.922,44.596],[-90.923,44.51],[-90.802,44.51],[-90.802,44.422],[-90.559,44.422],[-90.316,44.425],[-90.318,44.266],[-90.313,44.249],[-90.313,44.155],[-90.436,44.161],[-90.553,44.16],[-90.905,44.158],[-90.977,44.13],[-90.973,44.071],[-91.136,44.071],[-91.152,44.08],[-91.166,44.247],[-91.166,44.597]]]},"properties":{"fips":"55053","name":"Jackson","st":"WI","sites":1,"pop":5000,"trend":2.0,"weeks":[{"w":"2026-09-19","t":null,"n":0},{"w":"2026-09-12","t":2.0,"n":1},{"w":"2026-09-05","t":0.0,"n":1},{"w":"2026-08-29","t":0.0,"n":1},{"w":"2026-08-22","t":0.0,"n":1},{"w":"2026-08-15","t":0.0,"n":1},{"w":"2026-08-08","t":0.0,"n":1},{"w":"2026-08-01","t":0.0,"n":1}]}},{"type":"Feature","geometry":{"type":"Polygon","coordinates":[[[-89.009,43.198],[-88.536,43.196],[-88.542,43.019],[-88.542,42.843],[-88.698,42.843],[-88.777,42.843],[-88.919,42.846],[-89.014,42.848],[-89.009,43.198]]]},"properties":{"fips":"55055","name":"Jefferson","st":"WI","sites":2,"pop":45660,"trend":2.0,"weeks":[{"w":"2026-09-19","t":2.0,"n":1},{"w":"2026-09-12","t":2.0,"n":2},{"w":"2026-09-05","t":2.0,"n":2},{"w":"2026-08-29","t":0.0,"n":2},{"w":"2026-08-22","t":0.0,"n":2},{"w":"2026-08-15","t":0.0,"n":2},{"w":"2026-08-08","t":0.0,"n":2},{"w":"2026-08-01","t":0.0,"n":2}]}},{"type":"Feature","geometry":{"type":"Polygon","coordinates":[[[-90.313,43.981],[-90.313,44.155],[-90.313,44.249],[-90.081,44.249],[-89.903,44.249],[-89.923,44.152],[-89.97,44.167],[-90.026,44.092],[-89.981,43.906],[-89.865,43.783],[-89.787,43.667],[-89.785,43.641],[-89.786,43.641],[-90.312,43.641],[-90.312,43.731],[-90.313,43.981],[-90.313,43.981]]]},"properties":{"fips":"55057","name":"Juneau","st":"WI","sites":1,"pop":4400,"trend":-2.0,"weeks":[{"w":"2026-09-19","t":-2.0,"n":1},{"w":"2026-09-12","t":2.0,"n":1},{"w":"2026-09-05","t":2.0,"n":1},{"w":"2026-08-29","t":0.0,"n":1},{"w":"2026-08-22","t":0.0,"n":1},{"w":"2026-08-15","t":0.0,"n":1},{"w":"2026-08-08","t":0.0,"n":1},{"w":"2026-08-01","t":0.0,"n":1}]}},{"type":"Feature","geometry":{"type":"Polygon","coordinates":[[[-88.306,42.611],[-88.188,42.611],[-88.188,42.67],[-87.802,42.668],[-87.815,42.644],[-87.813,42.579],[-87.8,42.492],[-87.898,42.493],[-88.199,42.496],[-88.217,42.496],[-88.305,42.496],[-88.306,42.611]]]},"properties":{"fips":"55059","name":"Kenosha","st":"WI","sites":1,"pop":122000,"trend":0.041,"weeks":[{"w":"2026-09-19","t":0.041,"n":1},{"w":"2026-09-12","t":2.0,"n":1},{"w":"2026-09-05","t":2.0,"n":1},{"w":"2026-08-29","t":0.0,"n":1},{"w":"2026-08-22","t":0.0,"n":1},{"w":"2026-08-15","t":0.0,"n":1},{"w":"2026-08-08","t":0.0,"n":1},{"w":"2026-08-01","t":0.0,"n":1}]}},{"type":"Feature","geometry":{"type":"Polygon","coordinates":[[[-87.761,44.654],[-87.748,44.667],[-87.738,44.677],[-87.375,44.676],[-87.402,44.631],[-87.447,44.586],[-87.499,44.461],[-87.543,44.328],[-87.766,44.327],[-87.761,44.654]]]},"properties":{"fips":"55061","name":"Kewaunee","st":"WI","sites":1,"pop":189000,"trend":2.0,"weeks":[{"w":"2026-09-19","t":null,"n":0},{"w":"2026-09-12","t":2.0,"n":1},{"w":"2026-09-05","t":2.0,"n":1},{"w":"2026-08-29","t":2.0,"n":1},{"w":"2026-08-22","t":0.0,"n":1},{"w":"2026-08-15","t":0.0,"n":1},{"w":"2026-08-08","t":0.0,"n":1},{"w":"2026-08-01","t":0.0,"n":1}]}},{"type":"Feature","geometry":{"type":"Polygon","coordinates":[[[-91.424,43.984],[-91.322,43.984],[-91.316,44.061],[-91.152,44.08],[-91.136,44.071],[-90.973,44.071],[-90.913,44.072],[-90.911,43.725],[-91.257,43.726],[-91.244,43.773],[-91.288,43.847],[-91.291,43.853],[-91.357,43.917],[-91.424,43.984]]]},"properties":{"fips":"55063","name":"La Crosse","st":"WI","sites":1,"pop":85000,"trend":-0.343,"weeks":[{"w":"2026-09-19","t":-0.343,"n":1},{"w":"2026-09-12","t":2.0,"n":1},{"w":"2026-09-05","t":-0.23,"n":1},{"w":"2026-08-29","t":0.0,"n":1},{"w":"2026-08-22","t":2.0,"n":1},{"w":"2026-08-15","t":0.0,"n":1},{"w":"2026-08-08","t":0.0,"n":1},{"w":"2026-08-01","t":0.0,"n":1}]}},{"type":"Feature","geometry":{"type":"Polygon","coordinates":[[[-90.042,45.382],[-90.043,45.555],[-89.428,45.555],[-89.425,45.467],[-89.426,45.119],[-90.044,45.12],[-90.042,45.382]]]},"properties":{"fips":"55069","name":"Lincoln","st":"WI","sites":1,"pop":9700,"trend":1.843,"weeks":[{"w":"2026-09-19","t":null,"n":0},{"w":"2026-09-12","t":1.843,"n":1},{"w":"2026-09-05","t":0.0,"n":1},{"w":"2026-08-29","t":0.0,"n":1},{"w":"2026-08-22","t":0.0,"n":1},{"w":"2026-08-15","t":0.0,"n":1},{"w":"2026-08-08","t":0.0,"n":1},{"w":"2026-08-01","t":0.0,"n":1}]}},{"type":"Feature","geometry":{"type":"Polygon","coordinates":[[[-88.043,44.241],[-87.888,44.24],[-87.888,44.328],[-87.766,44.327],[-87.543,44.328],[-87.545,44.321],[-87.522,44.26],[-87.507,44.211],[-87.54,44.16],[-87.601,44.132],[-87.655,44.082],[-87.699,43.966],[-87.729,43.892],[-88.042,43.892],[-88.043,44.241]]]},"properties":{"fips":"55071","name":"Manitowoc","st":"WI","sites":1,"pop":34500,"trend":0.282,"weeks":[{"w":"2026-09-19","t":0.282,"n":1},{"w":"2026-09-12","t":2.0,"n":1},{"w":"2026-09-05","t":1.784,"n":1},{"w":"2026-08-29","t":0.0,"n":1},{"w":"2026-08-22","t":0.0,"n":1},{"w":"2026-08-15","t":0.0,"n":1},{"w":"2026-08-08","t":0.0,"n":1},{"w":"2026-08-01","t":0.0,"n":1}]}},{"type":"Feature","geometry":{"type":"Polygon","coordinates":[[[-90.315,45.034],[-90.198,45.034],[-90.198,45.121],[-90.044,45.12],[-89.426,45.119],[-89.224,45.119],[-89.224,45.029],[-89.224,44.681],[-89.845,44.685],[-89.964,44.685],[-90.316,44.685],[-90.315,45.034]]]},"properties":{"fips":"55073","name":"Marathon","st":"WI","sites":2,"pop":61650,"trend":0.509,"weeks":[{"w":"2026-09-19","t":0.509,"n":2},{"w":"2026-09-12","t":1.374,"n":2},{"w":"2026-09-05","t":0.748,"n":2},{"w":"2026-08-29","t":-0.626,"n":2},{"w":"2026-08-22","t":0.026,"n":2},{"w":"2026-08-15","t":0.626,"n":2},{"w":"2026-08-08","t":0.626,"n":2},{"w":"2026-08-01","t":0.0,"n":2}]}},{"type":"Feature","geometry":{"type":"Polygon","coordinates":[[[-88.425,45.722],[-88.059,45.713],[-88.057,45.785],[-88.049,45.783],[-87.996,45.795],[-87.967,45.764],[-87.88,45.755],[-87.833,45.723],[-87.805,45.704],[-87.781,45.674],[-87.825,45.653],[-87.778,45.609],[-87.787,45.575],[-87.804,45.525],[-87.806,45.473],[-87.847,45.444],[-87.857,45.393],[-87.863,45.353],[-87.8,45.354],[-87.751,45.355],[-87.707,45.384],[-87.657,45.369],[-87.667,45.316],[-87.711,45.245],[-87.742,45.197],[-87.695,45.151],[-87.648,45.106],[-87.59,45.095],[-87.626,45.045],[-87.63,44.977],[-87.696,44.974],[-87.763,44.963],[-87.944,44.993],[-88.121,45.024],[-88.119,45.11],[-88.189,45.112],[-88.186,45.198],[-88.309,45.202],[-88.306,45.375],[-88.428,45.377],[-88.425,45.722]]]},"properties":{"fips":"55075","name":"Marinette","st":"WI","sites":2,"pop":14500,"trend":0.393,"weeks":[{"w":"2026-09-19","t":0.393,"n":2},{"w":"2026-09-12","t":2.0,"n":1},{"w":"2026-09-05","t":1.824,"n":2},{"w":"2026-08-29","t":0.0,"n":1},{"w":"2026-08-22","t":1.517,"n":2},{"w":"2026-08-15","t":0.0,"n":2},{"w":"2026-08-08","t":0.0,"n":2},{"w":"2026-08-01","t":0.0,"n":2}]}},{"type":"Feature","geometry":{"type":"Polygon","coordinates":[[[-88.069,42.952],[-88.069,42.959],[-88.066,43.104],[-88.066,43.121],[-88.066,43.125],[-88.063,43.192],[-87.959,43.192],[-87.925,43.192],[-87.897,43.192],[-87.9,43.126],[-87.87,43.064],[-87.896,43.016],[-87.843,42.944],[-87.835,42.857],[-87.827,42.849],[-87.821,42.842],[-88.07,42.843],[-88.069,42.952]]]},"properties":{"fips":"55079","name":"Milwaukee","st":"WI","sites":2,"pop":1085941,"trend":-1.134,"weeks":[{"w":"2026-09-19","t":-1.134,"n":2},{"w":"2026-09-12","t":1.134,"n":2},{"w":"2026-09-05","t":1.134,"n":2},{"w":"2026-08-29","t":1.134,"n":2},{"w":"2026-08-22","t":0.0,"n":2},{"w":"2026-08-15","t":0.0,"n":2},{"w":"2026-08-08","t":0.0,"n":2},{"w":"2026-08-01","t":0.0,"n":2}]}},{"type":"Feature","geometry":{"type":"Polygon","coordinates":[[[-88.737,44.591],[-88.606,44.591],[-88.245,44.585],[-88.19,44.587],[-88.193,44.242],[-88.404,44.244],[-88.525,44.244],[-88.74,44.243],[-88.737,44.591]]]},"properties":{"fips":"55087","name":"Outagamie","st":"WI","sites":1,"pop":72810,"trend":-1.833,"weeks":[{"w":"2026-09-19","t":null,"n":0},{"w":"2026-09-12","t":-1.833,"n":1},{"w":"2026-09-05","t":1.833,"n":1},{"w":"2026-08-29","t":1.833,"n":1},{"w":"2026-08-22","t":0.0,"n":1},{"w":"2026-08-15","t":0.0,"n":1},{"w":"2026-08-08","t":0.0,"n":1},{"w":"2026-08-01","t":0.0,"n":1}]}},{"type":"Feature","geometry":{"type":"Polygon","coordinates":[[[-88.062,43.367],[-88.04,43.368],[-88.041,43.542],[-87.791,43.543],[-87.793,43.493],[-87.841,43.421],[-87.889,43.308],[-87.896,43.197],[-87.897,43.192],[-87.925,43.192],[-87.959,43.192],[-88.063,43.192],[-88.062,43.367]]]},"properties":{"fips":"55089","name":"Ozaukee","st":"WI","sites":2,"pop":1085941,"trend":-1.134,"weeks":[{"w":"2026-09-19","t":-1.134,"n":2},{"w":"2026-09-12","t":1.134,"n":2},{"w":"2026-09-05","t":1.134,"n":2},{"w":"2026-08-29","t":1.134,"n":2},{"w":"2026-08-22","t":0.0,"n":2},{"w":"2026-08-15","t":0.0,"n":2},{"w":"2026-08-08","t":0.0,"n":2},{"w":"2026-08-01","t":0.0,"n":2}]}},{"type":"Feature","geometry":{"type":"Polygon","coordinates":[[[-92.805,44.768],[-92.769,44.854],[-92.767,44.862],[-92.767,44.862],[-92.136,44.858],[-92.135,44.684],[-92.135,44.54],[-92.317,44.539],[-92.362,44.559],[-92.399,44.558],[-92.549,44.578],[-92.618,44.613],[-92.696,44.689],[-92.732,44.715],[-92.792,44.759],[-92.805,44.768]]]},"properties":{"fips":"55093","name":"Pierce","st":"WI","sites":1,"pop":15900,"trend":2.0,"weeks":[{"w":"2026-09-19","t":2.0,"n":1},{"w":"2026-09-12","t":2.0,"n":1},{"w":"2026-09-05","t":0.0,"n":1},{"w":"2026-08-29","t":0.0,"n":1},{"w":"2026-08-22","t":0.0,"n":1},{"w":"2026-08-15","t":0.0,"n":1},{"w":"2026-08-08","t":0.0,"n":1},{"w":"2026-08-01","t":0.0,"n":1}]}},{"type":"Feature","geometry":{"type":"Polygon","coordinates":[[[-89.845,44.685],[-89.224,44.681],[-89.225,44.243],[-89.598,44.246],[-89.725,44.248],[-89.727,44.511],[-89.845,44.512],[-89.845,44.685]]]},"properties":{"fips":"55097","name":"Portage","st":"WI","sites":1,"pop":27000,"trend":0.181,"weeks":[{"w":"2026-09-19","t":null,"n":0},{"w":"2026-09-12","t":0.181,"n":1},{"w":"2026-09-05","t":2.0,"n":1},{"w":"2026-08-29","t":2.0,"n":1},{"w":"2026-08-22","t":0.0,"n":1},{"w":"2026-08-15","t":0.0,"n":1},{"w":"2026-08-08","t":2.0,"n":1},{"w":"2026-08-01","t":0.0,"n":1}]}},{"type":"Feature","geometry":{"type":"Polygon","coordinates":[[[-88.306,42.842],[-88.07,42.843],[-87.821,42.842],[-87.767,42.785],[-87.785,42.701],[-87.802,42.668],[-88.188,42.67],[-88.188,42.611],[-88.306,42.611],[-88.306,42.842]]]},"properties":{"fips":"55101","name":"Racine","st":"WI","sites":2,"pop":754934,"trend":-1.317,"weeks":[{"w":"2026-09-19","t":-1.317,"n":2},{"w":"2026-09-12","t":2.0,"n":2},{"w":"2026-09-05","t":2.0,"n":2},{"w":"2026-08-29","t":1.632,"n":2},{"w":"2026-08-22","t":0.0,"n":2},{"w":"2026-08-15","t":0.0,"n":2},{"w":"2026-08-08","t":0.0,"n":2},{"w":"2026-08-01","t":0.0,"n":2}]}},{"type":"Feature","geometry":{"type":"Polygon","coordinates":[[[-89.369,42.845],[-89.014,42.848],[-88.919,42.846],[-88.777,42.843],[-88.777,42.834],[-88.777,42.494],[-88.94,42.495],[-88.993,42.496],[-89.043,42.496],[-89.366,42.5],[-89.369,42.845]]]},"properties":{"fips":"55105","name":"Rock","st":"WI","sites":1,"pop":63500,"trend":1.926,"weeks":[{"w":"2026-09-19","t":null,"n":0},{"w":"2026-09-12","t":1.926,"n":1},{"w":"2026-09-05","t":2.0,"n":1},{"w":"2026-08-29","t":0.0,"n":1},{"w":"2026-08-22","t":0.0,"n":1},{"w":"2026-08-15","t":0.0,"n":1},{"w":"2026-08-08","t":0.0,"n":1},{"w":"2026-08-01","t":0.0,"n":1}]}},{"type":"Feature","geometry":{"type":"Polygon","coordinates":[[[-92.803,45.065],[-92.741,45.113],[-92.744,45.124],[-92.767,45.195],[-92.766,45.21],[-92.156,45.21],[-92.136,45.121],[-92.136,44.858],[-92.767,44.862],[-92.751,44.942],[-92.762,45.022],[-92.803,45.065]]]},"properties":{"fips":"55109","name":"St. Croix","st":"WI","sites":2,"pop":35580,"trend":2.0,"weeks":[{"w":"2026-09-19","t":2.0,"n":1},{"w":"2026-09-12","t":2.0,"n":2},{"w":"2026-09-05","t":1.106,"n":2},{"w":"2026-08-29","t":0.0,"n":2},{"w":"2026-08-22","t":0.0,"n":2},{"w":"2026-08-15","t":0.0,"n":2},{"w":"2026-08-08","t":0.0,"n":2},{"w":"2026-08-01","t":0.0,"n":2}]}},{"type":"Feature","geometry":{"type":"Polygon","coordinates":[[[-90.312,43.641],[-89.786,43.641],[-89.732,43.572],[-89.599,43.558],[-89.601,43.381],[-89.678,43.361],[-89.72,43.293],[-89.732,43.252],[-89.838,43.206],[-90.0,43.195],[-90.059,43.145],[-90.194,43.164],[-90.192,43.38],[-90.192,43.555],[-90.311,43.554],[-90.312,43.641]]]},"properties":{"fips":"55111","name":"Sauk","st":"WI","sites":1,"pop":13000,"trend":-2.0,"weeks":[{"w":"2026-09-19","t":-2.0,"n":1},{"w":"2026-09-12","t":-0.468,"n":1},{"w":"2026-09-05","t":2.0,"n":1},{"w":"2026-08-29","t":2.0,"n":1},{"w":"2026-08-22","t":0.0,"n":1},{"w":"2026-08-15","t":0.0,"n":1},{"w":"2026-08-08","t":0.0,"n":1},{"w":"2026-08-01","t":0.0,"n":1}]}},{"type":"Feature","geometry":{"type":"Polygon","coordinates":[[[-88.162,43.892],[-88.042,43.892],[-87.729,43.892],[-87.736,43.874],[-87.726,43.81],[-87.7,43.767],[-87.708,43.723],[-87.706,43.68],[-87.79,43.563],[-87.791,43.543],[-88.041,43.542],[-88.161,43.543],[-88.162,43.892]]]},"properties":{"fips":"55117","name":"Sheboygan","st":"WI","sites":1,"pop":70000,"trend":2.0,"weeks":[{"w":"2026-09-19","t":2.0,"n":1},{"w":"2026-09-12","t":2.0,"n":1},{"w":"2026-09-05","t":2.0,"n":1},{"w":"2026-08-29","t":0.0,"n":1},{"w":"2026-08-22","t":0.0,"n":1},{"w":"2026-08-15","t":0.0,"n":1},{"w":"2026-08-08","t":0.0,"n":1},{"w":"2026-08-01","t":0.0,"n":1}]}},{"type":"Feature","geometry":{"type":"Polygon","coordinates":[[[-91.257,43.726],[-90.911,43.725],[-90.312,43.731],[-90.312,43.641],[-90.311,43.554],[-90.672,43.553],[-90.669,43.423],[-91.183,43.423],[-91.211,43.419],[-91.232,43.451],[-91.218,43.501],[-91.233,43.565],[-91.253,43.6],[-91.273,43.667],[-91.257,43.726]]]},"properties":{"fips":"55123","name":"Vernon","st":"WI","sites":1,"pop":4400,"trend":0.0,"weeks":[{"w":"2026-09-19","t":null,"n":0},{"w":"2026-09-12","t":null,"n":0},{"w":"2026-09-05","t":0.0,"n":1},{"w":"2026-08-29","t":0.0,"n":1},{"w":"2026-08-22","t":0.0,"n":1},{"w":"2026-08-15","t":0.0,"n":1},{"w":"2026-08-08","t":0.0,"n":1},{"w":"2026-08-01","t":0.0,"n":1}]}},{"type":"Feature","geometry":{"type":"Polygon","coordinates":[[[-88.777,42.843],[-88.698,42.843],[-88.542,42.843],[-88.306,42.842],[-88.306,42.611],[-88.305,42.496],[-88.507,42.495],[-88.707,42.494],[-88.707,42.494],[-88.777,42.494],[-88.777,42.834],[-88.777,42.843]]]},"properties":{"fips":"55127","name":"Walworth","st":"WI","sites":1,"pop":30000,"trend":2.0,"weeks":[{"w":"2026-09-19","t":2.0,"n":1},{"w":"2026-09-12","t":2.0,"n":1},{"w":"2026-09-05","t":1.776,"n":1},{"w":"2026-08-29","t":0.0,"n":1},{"w":"2026-08-22","t":0.0,"n":1},{"w":"2026-08-15","t":0.0,"n":1},{"w":"2026-08-08","t":0.0,"n":1},{"w":"2026-08-01","t":0.0,"n":1}]}},{"type":"Feature","geometry":{"type":"Polygon","coordinates":[[[-88.418,43.37],[-88.4,43.544],[-88.161,43.543],[-88.041,43.542],[-88.04,43.368],[-88.062,43.367],[-88.063,43.192],[-88.418,43.195],[-88.418,43.37]]]},"properties":{"fips":"55131","name":"Washington","st":"WI","sites":2,"pop":631934,"trend":-2.0,"weeks":[{"w":"2026-09-19","t":-2.0,"n":1},{"w":"2026-09-12","t":2.0,"n":1},{"w":"2026-09-05","t":2.0,"n":1},{"w":"2026-08-29","t":2.0,"n":1},{"w":"2026-08-22","t":0.0,"n":1},{"w":"2026-08-15","t":0.0,"n":1},{"w":"2026-08-08","t":0.0,"n":2},{"w":"2026-08-01","t":0.0,"n":2}]}},{"type":"Feature","geometry":{"type":"Polygon","coordinates":[[[-88.542,43.019],[-88.536,43.196],[-88.418,43.195],[-88.063,43.192],[-88.066,43.125],[-88.066,43.121],[-88.066,43.104],[-88.069,42.959],[-88.069,42.952],[-88.07,42.843],[-88.306,42.842],[-88.542,42.843],[-88.542,43.019]]]},"properties":{"fips":"55133","name":"Waukesha","st":"WI","sites":3,"pop":688934,"trend":-1.747,"weeks":[{"w":"2026-09-19","t":-1.747,"n":3},{"w":"2026-09-12","t":2.0,"n":3},{"w":"2026-09-05","t":2.0,"n":3},{"w":"2026-08-29","t":1.788,"n":3},{"w":"2026-08-22","t":0.0,"n":3},{"w":"2026-08-15","t":0.0,"n":3},{"w":"2026-08-08","t":0.0,"n":3},{"w":"2026-08-01","t":0.0,"n":3}]}},{"type":"Feature","geometry":{"type":"Polygon","coordinates":[[[-89.224,44.681],[-88.605,44.678],[-88.606,44.591],[-88.737,44.591],[-88.74,44.243],[-88.766,44.243],[-88.887,44.243],[-89.225,44.243],[-89.224,44.681]]]},"properties":{"fips":"55135","name":"Waupaca","st":"WI","sites":2,"pop":12500,"trend":0.586,"weeks":[{"w":"2026-09-19","t":0.586,"n":2},{"w":"2026-09-12","t":2.0,"n":2},{"w":"2026-09-05","t":1.28,"n":2},{"w":"2026-08-29","t":0.0,"n":2},{"w":"2026-08-22","t":0.0,"n":2},{"w":"2026-08-15","t":0.0,"n":2},{"w":"2026-08-08","t":0.0,"n":2},{"w":"2026-08-01","t":0.0,"n":2}]}},{"type":"Feature","geometry":{"type":"Polygon","coordinates":[[[-88.887,44.243],[-88.766,44.243],[-88.74,44.243],[-88.525,44.244],[-88.404,44.244],[-88.404,43.938],[-88.403,43.893],[-88.886,43.895],[-88.886,43.983],[-88.887,44.243]]]},"properties":{"fips":"55139","name":"Winnebago","st":"WI","sites":2,"pop":151110,"trend":2.0,"weeks":[{"w":"2026-09-19","t":2.0,"n":1},{"w":"2026-09-12","t":0.153,"n":2},{"w":"2026-09-05","t":1.92,"n":2},{"w":"2026-08-29","t":0.883,"n":2},{"w":"2026-08-22","t":0.0,"n":2},{"w":"2026-08-15","t":0.0,"n":2},{"w":"2026-08-08","t":0.0,"n":2},{"w":"2026-08-01","t":0.0,"n":2}]}},{"type":"Feature","geometry":{"type":"Polygon","coordinates":[[[-90.316,44.425],[-90.316,44.685],[-89.964,44.685],[-89.845,44.685],[-89.845,44.512],[-89.727,44.511],[-89.725,44.248],[-89.903,44.249],[-90.081,44.249],[-90.313,44.249],[-90.318,44.266],[-90.316,44.425]]]},"properties":{"fips":"55141","name":"Wood","st":"WI","sites":1,"pop":19300,"trend":1.785,"weeks":[{"w":"2026-09-19","t":1.785,"n":1},{"w":"2026-09-12","t":0.0,"n":1},{"w":"2026-09-05","t":-2.0,"n":1},{"w":"2026-08-29","t":-2.0,"n":1},{"w":"2026-08-22","t":0.082,"n":1},{"w":"2026-08-15","t":2.0,"n":1},{"w":"2026-08-08","t":2.0,"n":1},{"w":"2026-08-01","t":0.0,"n":1}]}},{"type":"Feature","geometry":{"type":"Polygon","coordinates":[[[-106.323,41.395],[-106.068,41.395],[-106.075,42.087],[-106.073,42.433],[-105.556,42.431],[-105.576,42.377],[-105.614,42.304],[-105.526,42.289],[-105.376,42.29],[-105.333,42.431],[-105.284,42.431],[-105.272,41.742],[-105.278,41.657],[-105.277,40.998],[-105.277,40.998],[-106.191,40.998],[-106.218,40.998],[-106.321,40.998],[-106.323,41.395]]]},"properties":{"fips":"56001","name":"Albany","st":"WY","sites":1,"pop":32363,"trend":-1.947,"weeks":[{"w":"2026-09-19","t":null,"n":0},{"w":"2026-09-12","t":null,"n":0},{"w":"2026-09-05","t":-1.947,"n":1},{"w":"2026-08-29","t":1.947,"n":1},{"w":"2026-08-22","t":-0.09,"n":1},{"w":"2026-08-15","t":-2.0,"n":1},{"w":"2026-08-08","t":-2.0,"n":1},{"w":"2026-08-01","t":0.023,"n":1}]}},{"type":"Feature","geometry":{"type":"Polygon","coordinates":[[[-107.93,41.66],[-107.51,41.657],[-107.522,42.088],[-107.523,42.262],[-107.523,42.434],[-106.655,42.431],[-106.076,42.433],[-106.073,42.433],[-106.075,42.087],[-106.068,41.395],[-106.323,41.395],[-106.321,40.998],[-106.86,41.001],[-107.318,41.003],[-107.367,41.003],[-107.918,41.001],[-107.93,41.399],[-107.93,41.66]]]},"properties":{"fips":"56007","name":"Carbon","st":"WY","sites":1,"pop":8298,"trend":0.0,"weeks":[{"w":"2026-09-19","t":null,"n":0},{"w":"2026-09-12","t":null,"n":0},{"w":"2026-09-05","t":null,"n":0},{"w":"2026-08-29","t":0.0,"n":1},{"w":"2026-08-22","t":0.0,"n":1},{"w":"2026-08-15","t":0.0,"n":1},{"w":"2026-08-08","t":0.0,"n":1},{"w":"2026-08-01","t":0.0,"n":1}]}},{"type":"Feature","geometry":{"type":"Polygon","coordinates":[[[-105.278,41.657],[-104.653,41.653],[-104.653,41.565],[-104.053,41.564],[-104.052,41.393],[-104.052,41.393],[-104.052,41.278],[-104.053,41.114],[-104.053,41.001],[-104.497,41.002],[-104.855,40.998],[-104.943,40.998],[-105.277,40.998],[-105.278,41.657]]]},"properties":{"fips":"56021","name":"Laramie","st":"WY","sites":1,"pop":74600,"trend":0.31,"weeks":[{"w":"2026-09-19","t":0.31,"n":1},{"w":"2026-09-12","t":0.012,"n":1},{"w":"2026-09-05","t":-0.231,"n":1},{"w":"2026-08-29","t":-0.057,"n":1},{"w":"2026-08-22","t":2.0,"n":1},{"w":"2026-08-15","t":2.0,"n":1},{"w":"2026-08-08","t":0.0,"n":1},{"w":"2026-08-01","t":0.0,"n":1}]}},{"type":"Feature","geometry":{"type":"Polygon","coordinates":[[[-107.912,45.002],[-107.351,45.001],[-106.889,44.996],[-106.264,44.994],[-106.264,44.994],[-106.025,44.998],[-106.01,44.564],[-106.407,44.562],[-106.429,44.557],[-107.37,44.56],[-107.616,44.701],[-107.751,44.723],[-107.832,44.79],[-107.882,44.985],[-107.912,45.002]]]},"properties":{"fips":"56033","name":"Sheridan","st":"WY","sites":1,"pop":19000,"trend":2.0,"weeks":[{"w":"2026-09-19","t":null,"n":0},{"w":"2026-09-12","t":2.0,"n":1},{"w":"2026-09-05","t":2.0,"n":1},{"w":"2026-08-29","t":0.0,"n":1},{"w":"2026-08-22","t":0.0,"n":1},{"w":"2026-08-15","t":0.0,"n":1},{"w":"2026-08-08","t":0.0,"n":1},{"w":"2026-08-01","t":0.0,"n":1}]}},{"type":"Feature","geometry":{"type":"Polygon","coordinates":[[[-110.054,42.271],[-109.497,42.263],[-109.044,42.264],[-108.756,42.263],[-107.639,42.261],[-107.523,42.262],[-107.522,42.088],[-107.51,41.657],[-107.93,41.66],[-107.93,41.399],[-107.918,41.001],[-108.251,41.0],[-109.05,41.001],[-109.251,41.001],[-109.715,40.998],[-110.001,40.997],[-110.048,40.997],[-110.048,41.578],[-110.054,42.271]]]},"properties":{"fips":"56037","name":"Sweetwater","st":"WY","sites":2,"pop":44000,"trend":-1.941,"weeks":[{"w":"2026-09-19","t":null,"n":0},{"w":"2026-09-12","t":-1.941,"n":1},{"w":"2026-09-05","t":2.0,"n":1},{"w":"2026-08-29","t":1.455,"n":2},{"w":"2026-08-22","t":0.0,"n":2},{"w":"2026-08-15","t":0.0,"n":2},{"w":"2026-08-08","t":0.0,"n":2},{"w":"2026-08-01","t":0.0,"n":2}]}},{"type":"Feature","geometry":{"type":"Polygon","coordinates":[[[-111.055,44.666],[-110.668,44.666],[-110.668,44.583],[-110.375,44.583],[-110.295,44.547],[-110.277,44.516],[-110.297,44.431],[-110.228,44.374],[-110.19,44.3],[-110.151,44.292],[-110.111,44.199],[-110.119,44.133],[-110.053,44.133],[-110.053,44.008],[-110.052,43.465],[-110.057,43.378],[-110.344,43.378],[-110.344,43.291],[-110.578,43.292],[-110.579,43.235],[-110.814,43.235],[-110.814,43.314],[-111.045,43.316],[-111.045,43.501],[-111.046,43.688],[-111.047,43.908],[-111.047,43.983],[-111.048,44.115],[-111.049,44.375],[-111.049,44.474],[-111.055,44.625],[-111.055,44.666]]]},"properties":{"fips":"56039","name":"Teton","st":"WY","sites":1,"pop":13000,"trend":-0.028,"weeks":[{"w":"2026-09-19","t":null,"n":0},{"w":"2026-09-12","t":-0.028,"n":1},{"w":"2026-09-05","t":-0.147,"n":1},{"w":"2026-08-29","t":-0.016,"n":1},{"w":"2026-08-22","t":0.11,"n":1},{"w":"2026-08-15","t":0.226,"n":1},{"w":"2026-08-08","t":0.115,"n":1},{"w":"2026-08-01","t":0.191,"n":1}]}}]}